Arguments: ./macsim 
src/macsim.cc:122: (I=0  C=0):  initialize knobs
number of cores : 16
src/macsim.cc:541: (I=0  C=0):  initialize simulation
src/macsim.cc:321: (I=0  C=0):  initialize cores (0/0/16)
src/memory.cc:1570: (I=0  C=0):  Memory system(l2_decoupled_network) has been initialized.
src/network_simple.cc:90: (I=0  C=0):  TOTAL_ROUTER:35 CPU:0 GPU:16 L3:1 LLC:12 MC:6
enabling bug detector
src/macsim.cc:754: (I=0  C=0):  Initializing new noc

src/macsim.cc:842: (I=0  C=0):  Clock LCM           : 2
src/macsim.cc:843: (I=0  C=0):  CPU clock frequency : 2 GHz
src/macsim.cc:844: (I=0  C=0):  GPU clock frequency : 2 GHz
src/macsim.cc:845: (I=0  C=0):  LLC clock frequency : 2 GHz
src/macsim.cc:846: (I=0  C=0):  NOC clock frequency : 2 GHz
src/macsim.cc:847: (I=0  C=0):  MC  clock frequency : 2 GHz
src/process_manager.cc:426: (I=0  C=0):  setup_process:0 /home/cory/ExpressGNN/traces/macsim/Kernel6545/trace.txt current_index:0 (1)
trace:/home/cory/ExpressGNN/traces/macsim/Kernel6545/trace.txt is opened 
trace type: nvbit end
src/process_manager.cc:541: (I=0  C=0):  thread_count: 1344
src/process_manager.cc:542: (I=0  C=0):  max blocks per core: 8
**Core 03 Thread 81 Finished:   insts:5           cycles:1358       (1357)  seconds:1     -- 0.00 IPC (0.00 IPC) --  N/A  KHz (0.01 KHz) 
**Core 03 Thread 82 Finished:   insts:5           cycles:1362       (1361)  seconds:1     -- 0.00 IPC (0.00 IPC) --  N/A  KHz (0.01 KHz) 
**Core 03 Thread 85 Finished:   insts:5           cycles:1366       (1365)  seconds:1     -- 0.00 IPC (0.00 IPC) --  N/A  KHz (0.01 KHz) 
**Core 03 Thread 84 Finished:   insts:5           cycles:1366       (1365)  seconds:1     -- 0.00 IPC (0.00 IPC) --  N/A  KHz (0.01 KHz) 
**Core 03 Thread 87 Finished:   insts:5           cycles:1370       (1369)  seconds:1     -- 0.00 IPC (0.00 IPC) --  N/A  KHz (0.01 KHz) 
**Core 03 Thread 86 Finished:   insts:5           cycles:1370       (1369)  seconds:1     -- 0.00 IPC (0.00 IPC) --  N/A  KHz (0.01 KHz) 
**Core 03 Thread 89 Finished:   insts:5           cycles:1374       (1373)  seconds:1     -- 0.00 IPC (0.00 IPC) --  N/A  KHz (0.01 KHz) 
**Core 03 Thread 88 Finished:   insts:5           cycles:1374       (1373)  seconds:1     -- 0.00 IPC (0.00 IPC) --  N/A  KHz (0.01 KHz) 
**Core 03 Thread 91 Finished:   insts:5           cycles:1378       (1377)  seconds:1     -- 0.00 IPC (0.00 IPC) --  N/A  KHz (0.01 KHz) 
**Core 03 Thread 90 Finished:   insts:5           cycles:1378       (1377)  seconds:1     -- 0.00 IPC (0.00 IPC) --  N/A  KHz (0.01 KHz) 
**Core 03 Thread 93 Finished:   insts:5           cycles:1382       (1381)  seconds:1     -- 0.00 IPC (0.00 IPC) --  N/A  KHz (0.01 KHz) 
**Core 03 Thread 92 Finished:   insts:5           cycles:1382       (1381)  seconds:1     -- 0.00 IPC (0.00 IPC) --  N/A  KHz (0.01 KHz) 
**Core 03 Thread 95 Finished:   insts:5           cycles:1386       (1385)  seconds:1     -- 0.00 IPC (0.00 IPC) --  N/A  KHz (0.01 KHz) 
**Core 03 Thread 94 Finished:   insts:5           cycles:1386       (1385)  seconds:1     -- 0.00 IPC (0.00 IPC) --  N/A  KHz (0.01 KHz) 
**Core 04 Thread 55 Finished:   insts:19          cycles:4499       (4498)  seconds:3     -- 0.00 IPC (0.00 IPC) --  N/A  KHz (0.01 KHz) 
**Core 04 Thread 68 Finished:   insts:19          cycles:4509       (4508)  seconds:3     -- 0.00 IPC (0.00 IPC) --  N/A  KHz (0.01 KHz) 
**Core 04 Thread 02 Finished:   insts:19          cycles:4524       (4523)  seconds:3     -- 0.00 IPC (0.00 IPC) --  N/A  KHz (0.01 KHz) 
**Core 04 Thread 65 Finished:   insts:19          cycles:4540       (4539)  seconds:3     -- 0.00 IPC (0.00 IPC) --  N/A  KHz (0.01 KHz) 
**Core 04 Thread 09 Finished:   insts:19          cycles:4553       (4552)  seconds:3     -- 0.00 IPC (0.00 IPC) --  N/A  KHz (0.01 KHz) 
**Core 04 Thread 70 Finished:   insts:19          cycles:4573       (4572)  seconds:3     -- 0.00 IPC (0.00 IPC) --  N/A  KHz (0.01 KHz) 
**Core 04 Thread 30 Finished:   insts:19          cycles:4577       (4576)  seconds:3     -- 0.00 IPC (0.00 IPC) --  N/A  KHz (0.01 KHz) 
**Core 04 Thread 32 Finished:   insts:19          cycles:4581       (4580)  seconds:3     -- 0.00 IPC (0.00 IPC) --  N/A  KHz (0.01 KHz) 
**Core 04 Thread 48 Finished:   insts:19          cycles:4588       (4587)  seconds:3     -- 0.00 IPC (0.00 IPC) --  N/A  KHz (0.01 KHz) 
**Core 04 Thread 74 Finished:   insts:19          cycles:4605       (4604)  seconds:3     -- 0.00 IPC (0.00 IPC) --  N/A  KHz (0.01 KHz) 
**Core 04 Thread 34 Finished:   insts:19          cycles:4605       (4604)  seconds:3     -- 0.00 IPC (0.00 IPC) --  N/A  KHz (0.01 KHz) 
**Core 04 Thread 52 Finished:   insts:19          cycles:4620       (4619)  seconds:3     -- 0.00 IPC (0.00 IPC) --  N/A  KHz (0.01 KHz) 
**Core 04 Thread 37 Finished:   insts:19          cycles:4634       (4633)  seconds:3     -- 0.00 IPC (0.00 IPC) --  N/A  KHz (0.01 KHz) 
**Core 04 Thread 00 Finished:   insts:19          cycles:4636       (4635)  seconds:3     -- 0.00 IPC (0.00 IPC) --  N/A  KHz (0.01 KHz) 
**Core 04 Thread 75 Finished:   insts:19          cycles:4637       (4636)  seconds:3     -- 0.00 IPC (0.00 IPC) --  N/A  KHz (0.01 KHz) 
**Core 04 Thread 54 Finished:   insts:19          cycles:4653       (4652)  seconds:3     -- 0.00 IPC (0.00 IPC) --  N/A  KHz (0.01 KHz) 
**Core 04 Thread 41 Finished:   insts:19          cycles:4663       (4662)  seconds:3     -- 0.00 IPC (0.00 IPC) --  N/A  KHz (0.01 KHz) 
**Core 04 Thread 18 Finished:   insts:19          cycles:4665       (4664)  seconds:3     -- 0.00 IPC (0.00 IPC) --  N/A  KHz (0.01 KHz) 
**Core 04 Thread 06 Finished:   insts:19          cycles:4665       (4664)  seconds:3     -- 0.00 IPC (0.00 IPC) --  N/A  KHz (0.01 KHz) 
**Core 04 Thread 77 Finished:   insts:19          cycles:4668       (4667)  seconds:3     -- 0.00 IPC (0.00 IPC) --  N/A  KHz (0.01 KHz) 
**Core 04 Thread 49 Finished:   insts:19          cycles:4687       (4686)  seconds:3     -- 0.00 IPC (0.00 IPC) --  N/A  KHz (0.01 KHz) 
**Core 04 Thread 20 Finished:   insts:19          cycles:4693       (4692)  seconds:3     -- 0.00 IPC (0.00 IPC) --  N/A  KHz (0.01 KHz) 
**Core 04 Thread 01 Finished:   insts:19          cycles:4696       (4695)  seconds:3     -- 0.00 IPC (0.00 IPC) --  N/A  KHz (0.01 KHz) 
**Core 04 Thread 79 Finished:   insts:19          cycles:4701       (4700)  seconds:3     -- 0.00 IPC (0.00 IPC) --  N/A  KHz (0.01 KHz) 
**Core 04 Thread 42 Finished:   insts:19          cycles:4706       (4705)  seconds:3     -- 0.00 IPC (0.00 IPC) --  N/A  KHz (0.01 KHz) 
**Core 04 Thread 56 Finished:   insts:19          cycles:4716       (4715)  seconds:3     -- 0.00 IPC (0.00 IPC) --  N/A  KHz (0.01 KHz) 
**Core 04 Thread 03 Finished:   insts:19          cycles:4718       (4717)  seconds:3     -- 0.00 IPC (0.00 IPC) --  N/A  KHz (0.01 KHz) 
**Core 04 Thread 22 Finished:   insts:19          cycles:4720       (4719)  seconds:3     -- 0.00 IPC (0.00 IPC) --  N/A  KHz (0.01 KHz) 
**Core 04 Thread 66 Finished:   insts:19          cycles:4732       (4731)  seconds:3     -- 0.00 IPC (0.00 IPC) --  N/A  KHz (0.01 KHz) 
**Core 04 Thread 39 Finished:   insts:19          cycles:4735       (4734)  seconds:3     -- 0.00 IPC (0.00 IPC) --  N/A  KHz (0.01 KHz) 
**Core 04 Thread 58 Finished:   insts:19          cycles:4747       (4746)  seconds:3     -- 0.00 IPC (0.00 IPC) --  N/A  KHz (0.01 KHz) 
**Core 04 Thread 05 Finished:   insts:19          cycles:4747       (4746)  seconds:3     -- 0.00 IPC (0.00 IPC) --  N/A  KHz (0.01 KHz) 
**Core 04 Thread 19 Finished:   insts:19          cycles:4751       (4750)  seconds:3     -- 0.00 IPC (0.00 IPC) --  N/A  KHz (0.01 KHz) 
**Core 04 Thread 46 Finished:   insts:19          cycles:4764       (4763)  seconds:3     -- 0.00 IPC (0.00 IPC) --  N/A  KHz (0.01 KHz) 
**Core 04 Thread 72 Finished:   insts:19          cycles:4765       (4764)  seconds:3     -- 0.00 IPC (0.00 IPC) --  N/A  KHz (0.01 KHz) 
**Core 04 Thread 07 Finished:   insts:19          cycles:4776       (4775)  seconds:3     -- 0.00 IPC (0.00 IPC) --  N/A  KHz (0.01 KHz) 
**Core 04 Thread 24 Finished:   insts:19          cycles:4777       (4776)  seconds:3     -- 0.00 IPC (0.00 IPC) --  N/A  KHz (0.01 KHz) 
**Core 04 Thread 53 Finished:   insts:19          cycles:4780       (4779)  seconds:3     -- 0.00 IPC (0.00 IPC) --  N/A  KHz (0.01 KHz) 
**Core 04 Thread 43 Finished:   insts:19          cycles:4791       (4790)  seconds:3     -- 0.00 IPC (0.00 IPC) --  N/A  KHz (0.01 KHz) 
**Core 04 Thread 76 Finished:   insts:19          cycles:4796       (4795)  seconds:3     -- 0.00 IPC (0.00 IPC) --  N/A  KHz (0.01 KHz) 
**Core 04 Thread 26 Finished:   insts:19          cycles:4804       (4803)  seconds:3     -- 0.00 IPC (0.00 IPC) --  N/A  KHz (0.01 KHz) 
**Core 04 Thread 12 Finished:   insts:19          cycles:4805       (4804)  seconds:3     -- 0.00 IPC (0.00 IPC) --  N/A  KHz (0.01 KHz) 
**Core 04 Thread 60 Finished:   insts:19          cycles:4811       (4810)  seconds:3     -- 0.00 IPC (0.00 IPC) --  N/A  KHz (0.01 KHz) 
**Core 04 Thread 67 Finished:   insts:19          cycles:4829       (4828)  seconds:3     -- 0.00 IPC (0.00 IPC) --  N/A  KHz (0.01 KHz) 
**Core 04 Thread 14 Finished:   insts:19          cycles:4832       (4831)  seconds:3     -- 0.00 IPC (0.00 IPC) --  N/A  KHz (0.01 KHz) 
**Core 04 Thread 33 Finished:   insts:19          cycles:4832       (4831)  seconds:3     -- 0.00 IPC (0.00 IPC) --  N/A  KHz (0.01 KHz) 
**Core 04 Thread 23 Finished:   insts:19          cycles:4833       (4832)  seconds:3     -- 0.00 IPC (0.00 IPC) --  N/A  KHz (0.01 KHz) 
**Core 04 Thread 62 Finished:   insts:19          cycles:4844       (4843)  seconds:3     -- 0.00 IPC (0.00 IPC) --  N/A  KHz (0.01 KHz) 
**Core 04 Thread 11 Finished:   insts:19          cycles:4857       (4856)  seconds:3     -- 0.00 IPC (0.00 IPC) --  N/A  KHz (0.01 KHz) 
**Core 04 Thread 25 Finished:   insts:19          cycles:4861       (4860)  seconds:3     -- 0.00 IPC (0.00 IPC) --  N/A  KHz (0.01 KHz) 
**Core 04 Thread 35 Finished:   insts:19          cycles:4862       (4861)  seconds:3     -- 0.00 IPC (0.00 IPC) --  N/A  KHz (0.01 KHz) 
**Core 04 Thread 69 Finished:   insts:19          cycles:4864       (4863)  seconds:3     -- 0.00 IPC (0.00 IPC) --  N/A  KHz (0.01 KHz) 
**Core 04 Thread 57 Finished:   insts:19          cycles:4875       (4874)  seconds:3     -- 0.00 IPC (0.00 IPC) --  N/A  KHz (0.01 KHz) 
**Core 04 Thread 13 Finished:   insts:19          cycles:4886       (4885)  seconds:3     -- 0.00 IPC (0.00 IPC) --  N/A  KHz (0.01 KHz) 
**Core 04 Thread 36 Finished:   insts:19          cycles:4888       (4887)  seconds:3     -- 0.00 IPC (0.00 IPC) --  N/A  KHz (0.01 KHz) 
**Core 04 Thread 78 Finished:   insts:19          cycles:4893       (4892)  seconds:3     -- 0.00 IPC (0.00 IPC) --  N/A  KHz (0.01 KHz) 
**Core 04 Thread 28 Finished:   insts:19          cycles:4893       (4892)  seconds:3     -- 0.00 IPC (0.00 IPC) --  N/A  KHz (0.01 KHz) 
**Core 04 Thread 59 Finished:   insts:19          cycles:4908       (4907)  seconds:3     -- 0.00 IPC (0.00 IPC) --  N/A  KHz (0.01 KHz) 
**Core 04 Thread 38 Finished:   insts:19          cycles:4916       (4915)  seconds:3     -- 0.00 IPC (0.00 IPC) --  N/A  KHz (0.01 KHz) 
**Core 04 Thread 27 Finished:   insts:19          cycles:4917       (4916)  seconds:3     -- 0.00 IPC (0.00 IPC) --  N/A  KHz (0.01 KHz) 
**Core 04 Thread 15 Finished:   insts:19          cycles:4918       (4917)  seconds:3     -- 0.00 IPC (0.00 IPC) --  N/A  KHz (0.01 KHz) 
**Core 04 Thread 71 Finished:   insts:19          cycles:4925       (4924)  seconds:3     -- 0.00 IPC (0.00 IPC) --  N/A  KHz (0.01 KHz) 
**Core 04 Thread 61 Finished:   insts:19          cycles:4939       (4938)  seconds:3     -- 0.00 IPC (0.00 IPC) --  N/A  KHz (0.01 KHz) 
**Core 04 Thread 04 Finished:   insts:19          cycles:4943       (4942)  seconds:3     -- 0.00 IPC (0.00 IPC) --  N/A  KHz (0.01 KHz) 
**Core 04 Thread 40 Finished:   insts:19          cycles:4943       (4942)  seconds:3     -- 0.00 IPC (0.00 IPC) --  N/A  KHz (0.01 KHz) 
**Core 04 Thread 31 Finished:   insts:19          cycles:4944       (4943)  seconds:3     -- 0.00 IPC (0.00 IPC) --  N/A  KHz (0.01 KHz) 
**Core 04 Thread 73 Finished:   insts:19          cycles:4957       (4956)  seconds:3     -- 0.00 IPC (0.00 IPC) --  N/A  KHz (0.01 KHz) 
**Core 04 Thread 63 Finished:   insts:19          cycles:4972       (4971)  seconds:3     -- 0.00 IPC (0.00 IPC) --  N/A  KHz (0.01 KHz) 
**Core 04 Thread 44 Finished:   insts:19          cycles:4972       (4971)  seconds:3     -- 0.00 IPC (0.00 IPC) --  N/A  KHz (0.01 KHz) 
**Core 04 Thread 16 Finished:   insts:19          cycles:4973       (4972)  seconds:3     -- 0.00 IPC (0.00 IPC) --  N/A  KHz (0.01 KHz) 
**Core 04 Thread 08 Finished:   insts:19          cycles:4976       (4975)  seconds:3     -- 0.00 IPC (0.00 IPC) --  N/A  KHz (0.01 KHz) 
**Core 04 Thread 64 Finished:   insts:19          cycles:4988       (4987)  seconds:3     -- 0.00 IPC (0.00 IPC) --  N/A  KHz (0.01 KHz) 
**Core 04 Thread 10 Finished:   insts:19          cycles:4997       (4996)  seconds:3     -- 0.00 IPC (0.00 IPC) --  N/A  KHz (0.01 KHz) 
**Core 04 Thread 17 Finished:   insts:19          cycles:5000       (4999)  seconds:3     -- 0.00 IPC (0.00 IPC) --  N/A  KHz (0.01 KHz) 
**Core 04 Thread 45 Finished:   insts:19          cycles:5000       (4999)  seconds:3     -- 0.00 IPC (0.00 IPC) --  N/A  KHz (0.01 KHz) 
**Core 04 Thread 50 Finished:   insts:19          cycles:5001       (5000)  seconds:3     -- 0.00 IPC (0.00 IPC) --  N/A  KHz (0.01 KHz) 
**Core 05 Thread 78 Finished:   insts:19          cycles:5020       (5019)  seconds:3     -- 0.00 IPC (0.00 IPC) --  N/A  KHz (0.01 KHz) 
**Core 04 Thread 47 Finished:   insts:19          cycles:5027       (5026)  seconds:3     -- 0.00 IPC (0.00 IPC) --  N/A  KHz (0.01 KHz) 
**Core 04 Thread 51 Finished:   insts:19          cycles:5028       (5027)  seconds:3     -- 0.00 IPC (0.00 IPC) --  N/A  KHz (0.01 KHz) 
**Core 05 Thread 13 Finished:   insts:19          cycles:5028       (5027)  seconds:3     -- 0.00 IPC (0.00 IPC) --  N/A  KHz (0.01 KHz) 
**Core 04 Thread 21 Finished:   insts:19          cycles:5033       (5032)  seconds:3     -- 0.00 IPC (0.00 IPC) --  N/A  KHz (0.01 KHz) 
**Core 04 Thread 29 Finished:   insts:19          cycles:5056       (5055)  seconds:3     -- 0.00 IPC (0.00 IPC) --  N/A  KHz (0.01 KHz) 
**Core 04 Core_Total  Finished:   insts:1520        cycles:5056       (5055) seconds:3     -- 0.30 IPC (0.30 IPC) --  N/A  KHz (0.51 KHz)
**Core 06 Thread 10 Finished:   insts:19          cycles:5124       (5123)  seconds:3     -- 0.00 IPC (0.00 IPC) --  N/A  KHz (0.01 KHz) 
**Core 05 Thread 47 Finished:   insts:19          cycles:5301       (5300)  seconds:3     -- 0.00 IPC (0.00 IPC) --  N/A  KHz (0.01 KHz) 
**Core 14 Thread 70 Finished:   insts:19          cycles:5346       (5345)  seconds:2     -- 0.00 IPC (0.00 IPC) --  N/A  KHz (0.01 KHz) 
**Core 14 Thread 78 Finished:   insts:19          cycles:5374       (5373)  seconds:2     -- 0.00 IPC (0.00 IPC) --  N/A  KHz (0.01 KHz) 
**Core 14 Thread 12 Finished:   insts:19          cycles:5380       (5379)  seconds:2     -- 0.00 IPC (0.00 IPC) --  N/A  KHz (0.01 KHz) 
**Core 14 Thread 04 Finished:   insts:19          cycles:5416       (5415)  seconds:2     -- 0.00 IPC (0.00 IPC) --  N/A  KHz (0.01 KHz) 
**Core 14 Thread 29 Finished:   insts:19          cycles:5437       (5436)  seconds:2     -- 0.00 IPC (0.00 IPC) --  N/A  KHz (0.01 KHz) 
**Core 06 Thread 41 Finished:   insts:19          cycles:5576       (5575)  seconds:3     -- 0.00 IPC (0.00 IPC) --  N/A  KHz (0.01 KHz) 
**Core 03 Thread 63 Finished:   insts:19          cycles:5611       (5610)  seconds:3     -- 0.00 IPC (0.00 IPC) --  N/A  KHz (0.01 KHz) 
**Core 03 Thread 14 Finished:   insts:19          cycles:5631       (5630)  seconds:3     -- 0.00 IPC (0.00 IPC) --  N/A  KHz (0.01 KHz) 
**Core 08 Thread 17 Finished:   insts:19          cycles:5641       (5640)  seconds:2     -- 0.00 IPC (0.00 IPC) --  N/A  KHz (0.01 KHz) 
**Core 03 Thread 48 Finished:   insts:19          cycles:5644       (5643)  seconds:3     -- 0.00 IPC (0.00 IPC) --  N/A  KHz (0.01 KHz) 
**Core 03 Thread 18 Finished:   insts:19          cycles:5655       (5654)  seconds:3     -- 0.00 IPC (0.00 IPC) --  N/A  KHz (0.01 KHz) 
**Core 03 Thread 05 Finished:   insts:19          cycles:5660       (5659)  seconds:3     -- 0.00 IPC (0.00 IPC) --  N/A  KHz (0.01 KHz) 
**Core 15 Thread 66 Finished:   insts:19          cycles:5673       (5672)  seconds:2     -- 0.00 IPC (0.00 IPC) --  N/A  KHz (0.01 KHz) 
**Core 03 Thread 38 Finished:   insts:19          cycles:5682       (5681)  seconds:3     -- 0.00 IPC (0.00 IPC) --  N/A  KHz (0.01 KHz) 
**Core 03 Thread 20 Finished:   insts:19          cycles:5683       (5682)  seconds:3     -- 0.00 IPC (0.00 IPC) --  N/A  KHz (0.01 KHz) 
**Core 08 Thread 10 Finished:   insts:19          cycles:5687       (5686)  seconds:2     -- 0.00 IPC (0.00 IPC) --  N/A  KHz (0.01 KHz) 
**Core 15 Thread 73 Finished:   insts:19          cycles:5701       (5700)  seconds:2     -- 0.00 IPC (0.00 IPC) --  N/A  KHz (0.01 KHz) 
**Core 03 Thread 09 Finished:   insts:19          cycles:5703       (5702)  seconds:3     -- 0.00 IPC (0.00 IPC) --  N/A  KHz (0.01 KHz) 
**Core 03 Thread 42 Finished:   insts:19          cycles:5713       (5712)  seconds:3     -- 0.00 IPC (0.00 IPC) --  N/A  KHz (0.01 KHz) 
**Core 15 Thread 01 Finished:   insts:19          cycles:5713       (5712)  seconds:2     -- 0.00 IPC (0.00 IPC) --  N/A  KHz (0.01 KHz) 
**Core 08 Thread 67 Finished:   insts:19          cycles:5716       (5715)  seconds:2     -- 0.00 IPC (0.00 IPC) --  N/A  KHz (0.01 KHz) 
**Core 03 Thread 52 Finished:   insts:19          cycles:5716       (5715)  seconds:3     -- 0.00 IPC (0.00 IPC) --  N/A  KHz (0.01 KHz) 
**Core 15 Thread 79 Finished:   insts:19          cycles:5717       (5716)  seconds:2     -- 0.00 IPC (0.00 IPC) --  N/A  KHz (0.01 KHz) 
**Core 09 Thread 03 Finished:   insts:19          cycles:5719       (5718)  seconds:2     -- 0.00 IPC (0.00 IPC) --  N/A  KHz (0.01 KHz) 
**Core 15 Thread 21 Finished:   insts:19          cycles:5729       (5728)  seconds:2     -- 0.00 IPC (0.00 IPC) --  N/A  KHz (0.01 KHz) 
**Core 15 Thread 75 Finished:   insts:19          cycles:5732       (5731)  seconds:2     -- 0.00 IPC (0.00 IPC) --  N/A  KHz (0.01 KHz) 
**Core 03 Thread 15 Finished:   insts:19          cycles:5735       (5734)  seconds:3     -- 0.00 IPC (0.00 IPC) --  N/A  KHz (0.01 KHz) 
**Core 03 Thread 23 Finished:   insts:19          cycles:5740       (5739)  seconds:3     -- 0.00 IPC (0.00 IPC) --  N/A  KHz (0.01 KHz) 
**Core 06 Thread 68 Finished:   insts:19          cycles:5740       (5739)  seconds:3     -- 0.00 IPC (0.00 IPC) --  N/A  KHz (0.01 KHz) 
**Core 06 Thread 47 Finished:   insts:19          cycles:5743       (5742)  seconds:3     -- 0.00 IPC (0.00 IPC) --  N/A  KHz (0.01 KHz) 
**Core 03 Thread 35 Finished:   insts:19          cycles:5747       (5746)  seconds:3     -- 0.00 IPC (0.00 IPC) --  N/A  KHz (0.01 KHz) 
**Core 03 Thread 58 Finished:   insts:19          cycles:5748       (5747)  seconds:3     -- 0.00 IPC (0.00 IPC) --  N/A  KHz (0.01 KHz) 
**Core 09 Thread 15 Finished:   insts:19          cycles:5751       (5750)  seconds:2     -- 0.00 IPC (0.00 IPC) --  N/A  KHz (0.01 KHz) 
**Core 15 Thread 70 Finished:   insts:19          cycles:5760       (5759)  seconds:2     -- 0.00 IPC (0.00 IPC) --  N/A  KHz (0.01 KHz) 
**Core 15 Thread 18 Finished:   insts:19          cycles:5761       (5760)  seconds:2     -- 0.00 IPC (0.00 IPC) --  N/A  KHz (0.01 KHz) 
**Core 08 Thread 72 Finished:   insts:19          cycles:5764       (5763)  seconds:2     -- 0.00 IPC (0.00 IPC) --  N/A  KHz (0.01 KHz) 
**Core 06 Thread 04 Finished:   insts:19          cycles:5767       (5766)  seconds:3     -- 0.00 IPC (0.00 IPC) --  N/A  KHz (0.01 KHz) 
**Core 15 Thread 12 Finished:   insts:19          cycles:5768       (5767)  seconds:2     -- 0.00 IPC (0.00 IPC) --  N/A  KHz (0.01 KHz) 
**Core 03 Thread 39 Finished:   insts:19          cycles:5777       (5776)  seconds:3     -- 0.00 IPC (0.00 IPC) --  N/A  KHz (0.01 KHz) 
**Core 03 Thread 49 Finished:   insts:19          cycles:5778       (5777)  seconds:3     -- 0.00 IPC (0.00 IPC) --  N/A  KHz (0.01 KHz) 
**Core 09 Thread 01 Finished:   insts:19          cycles:5782       (5781)  seconds:2     -- 0.00 IPC (0.00 IPC) --  N/A  KHz (0.01 KHz) 
**Core 09 Thread 16 Finished:   insts:19          cycles:5783       (5782)  seconds:2     -- 0.00 IPC (0.00 IPC) --  N/A  KHz (0.01 KHz) 
**Core 03 Thread 72 Finished:   insts:19          cycles:5789       (5788)  seconds:3     -- 0.00 IPC (0.00 IPC) --  N/A  KHz (0.01 KHz) 
**Core 15 Thread 24 Finished:   insts:19          cycles:5793       (5792)  seconds:2     -- 0.00 IPC (0.00 IPC) --  N/A  KHz (0.01 KHz) 
**Core 00 Thread 90 Finished:   insts:19          cycles:5796       (5795)  seconds:3     -- 0.00 IPC (0.00 IPC) --  N/A  KHz (0.01 KHz) 
**Core 06 Thread 09 Finished:   insts:19          cycles:5799       (5798)  seconds:3     -- 0.00 IPC (0.00 IPC) --  N/A  KHz (0.01 KHz) 
**Core 03 Thread 22 Finished:   insts:19          cycles:5803       (5802)  seconds:3     -- 0.00 IPC (0.00 IPC) --  N/A  KHz (0.01 KHz) 
**Core 09 Thread 45 Finished:   insts:19          cycles:5804       (5803)  seconds:2     -- 0.00 IPC (0.00 IPC) --  N/A  KHz (0.01 KHz) 
**Core 09 Thread 71 Finished:   insts:19          cycles:5805       (5804)  seconds:2     -- 0.00 IPC (0.00 IPC) --  N/A  KHz (0.01 KHz) 
**Core 03 Thread 45 Finished:   insts:19          cycles:5810       (5809)  seconds:3     -- 0.00 IPC (0.00 IPC) --  N/A  KHz (0.01 KHz) 
**Core 03 Thread 53 Finished:   insts:19          cycles:5811       (5810)  seconds:3     -- 0.00 IPC (0.00 IPC) --  N/A  KHz (0.01 KHz) 
**Core 00 Thread 11 Finished:   insts:19          cycles:5813       (5812)  seconds:3     -- 0.00 IPC (0.00 IPC) --  N/A  KHz (0.01 KHz) 
**Core 09 Thread 05 Finished:   insts:19          cycles:5814       (5813)  seconds:2     -- 0.00 IPC (0.00 IPC) --  N/A  KHz (0.01 KHz) 
**Core 09 Thread 18 Finished:   insts:19          cycles:5819       (5818)  seconds:2     -- 0.00 IPC (0.00 IPC) --  N/A  KHz (0.01 KHz) 
**Core 03 Thread 67 Finished:   insts:19          cycles:5821       (5820)  seconds:3     -- 0.00 IPC (0.00 IPC) --  N/A  KHz (0.01 KHz) 
**Core 09 Thread 28 Finished:   insts:19          cycles:5824       (5823)  seconds:2     -- 0.00 IPC (0.00 IPC) --  N/A  KHz (0.01 KHz) 
**Core 03 Thread 00 Finished:   insts:19          cycles:5831       (5830)  seconds:3     -- 0.00 IPC (0.00 IPC) --  N/A  KHz (0.01 KHz) 
**Core 09 Thread 33 Finished:   insts:19          cycles:5832       (5831)  seconds:2     -- 0.00 IPC (0.00 IPC) --  N/A  KHz (0.01 KHz) 
**Core 03 Thread 24 Finished:   insts:19          cycles:5835       (5834)  seconds:3     -- 0.00 IPC (0.00 IPC) --  N/A  KHz (0.01 KHz) 
**Core 03 Thread 32 Finished:   insts:19          cycles:5837       (5836)  seconds:3     -- 0.00 IPC (0.00 IPC) --  N/A  KHz (0.01 KHz) 
**Core 08 Thread 73 Finished:   insts:19          cycles:5837       (5836)  seconds:2     -- 0.00 IPC (0.00 IPC) --  N/A  KHz (0.01 KHz) 
**Core 09 Thread 07 Finished:   insts:19          cycles:5846       (5845)  seconds:2     -- 0.00 IPC (0.00 IPC) --  N/A  KHz (0.01 KHz) 
**Core 03 Thread 54 Finished:   insts:19          cycles:5847       (5846)  seconds:3     -- 0.00 IPC (0.00 IPC) --  N/A  KHz (0.01 KHz) 
**Core 09 Thread 20 Finished:   insts:19          cycles:5851       (5850)  seconds:2     -- 0.00 IPC (0.00 IPC) --  N/A  KHz (0.01 KHz) 
**Core 09 Thread 29 Finished:   insts:19          cycles:5852       (5851)  seconds:2     -- 0.00 IPC (0.00 IPC) --  N/A  KHz (0.01 KHz) 
**Core 09 Thread 39 Finished:   insts:19          cycles:5861       (5860)  seconds:2     -- 0.00 IPC (0.00 IPC) --  N/A  KHz (0.01 KHz) 
**Core 03 Thread 01 Finished:   insts:19          cycles:5863       (5862)  seconds:3     -- 0.00 IPC (0.00 IPC) --  N/A  KHz (0.01 KHz) 
**Core 03 Thread 34 Finished:   insts:19          cycles:5865       (5864)  seconds:3     -- 0.00 IPC (0.00 IPC) --  N/A  KHz (0.01 KHz) 
**Core 06 Thread 76 Finished:   insts:19          cycles:5865       (5864)  seconds:3     -- 0.00 IPC (0.00 IPC) --  N/A  KHz (0.01 KHz) 
**Core 03 Thread 17 Finished:   insts:19          cycles:5867       (5866)  seconds:3     -- 0.00 IPC (0.00 IPC) --  N/A  KHz (0.01 KHz) 
**Core 09 Thread 09 Finished:   insts:19          cycles:5878       (5877)  seconds:2     -- 0.00 IPC (0.00 IPC) --  N/A  KHz (0.01 KHz) 
**Core 03 Thread 60 Finished:   insts:19          cycles:5879       (5878)  seconds:3     -- 0.00 IPC (0.00 IPC) --  N/A  KHz (0.01 KHz) 
**Core 06 Thread 16 Finished:   insts:19          cycles:5883       (5882)  seconds:3     -- 0.00 IPC (0.00 IPC) --  N/A  KHz (0.01 KHz) 
**Core 09 Thread 34 Finished:   insts:19          cycles:5887       (5886)  seconds:2     -- 0.00 IPC (0.00 IPC) --  N/A  KHz (0.01 KHz) 
**Core 03 Thread 36 Finished:   insts:19          cycles:5893       (5892)  seconds:3     -- 0.00 IPC (0.00 IPC) --  N/A  KHz (0.01 KHz) 
**Core 03 Thread 11 Finished:   insts:19          cycles:5894       (5893)  seconds:3     -- 0.00 IPC (0.00 IPC) --  N/A  KHz (0.01 KHz) 
**Core 00 Thread 16 Finished:   insts:19          cycles:5899       (5898)  seconds:3     -- 0.00 IPC (0.00 IPC) --  N/A  KHz (0.01 KHz) 
**Core 08 Thread 76 Finished:   insts:19          cycles:5902       (5901)  seconds:2     -- 0.00 IPC (0.00 IPC) --  N/A  KHz (0.01 KHz) 
**Core 09 Thread 13 Finished:   insts:19          cycles:5910       (5909)  seconds:2     -- 0.00 IPC (0.00 IPC) --  N/A  KHz (0.01 KHz) 
**Core 03 Thread 57 Finished:   insts:19          cycles:5911       (5910)  seconds:3     -- 0.00 IPC (0.00 IPC) --  N/A  KHz (0.01 KHz) 
**Core 09 Thread 23 Finished:   insts:19          cycles:5915       (5914)  seconds:2     -- 0.00 IPC (0.00 IPC) --  N/A  KHz (0.01 KHz) 
**Core 06 Thread 39 Finished:   insts:19          cycles:5916       (5915)  seconds:3     -- 0.00 IPC (0.00 IPC) --  N/A  KHz (0.01 KHz) 
**Core 03 Thread 40 Finished:   insts:19          cycles:5922       (5921)  seconds:3     -- 0.00 IPC (0.00 IPC) --  N/A  KHz (0.01 KHz) 
**Core 03 Thread 04 Finished:   insts:19          cycles:5926       (5925)  seconds:3     -- 0.00 IPC (0.00 IPC) --  N/A  KHz (0.01 KHz) 
**Core 03 Thread 21 Finished:   insts:19          cycles:5931       (5930)  seconds:3     -- 0.00 IPC (0.00 IPC) --  N/A  KHz (0.01 KHz) 
**Core 09 Thread 31 Finished:   insts:19          cycles:5933       (5932)  seconds:2     -- 0.00 IPC (0.00 IPC) --  N/A  KHz (0.01 KHz) 
**Core 08 Thread 78 Finished:   insts:19          cycles:5934       (5933)  seconds:2     -- 0.00 IPC (0.00 IPC) --  N/A  KHz (0.01 KHz) 
**Core 08 Thread 04 Finished:   insts:19          cycles:5942       (5941)  seconds:2     -- 0.00 IPC (0.00 IPC) --  N/A  KHz (0.01 KHz) 
**Core 09 Thread 43 Finished:   insts:19          cycles:5943       (5942)  seconds:2     -- 0.00 IPC (0.00 IPC) --  N/A  KHz (0.01 KHz) 
**Core 03 Thread 59 Finished:   insts:19          cycles:5943       (5942)  seconds:3     -- 0.00 IPC (0.00 IPC) --  N/A  KHz (0.01 KHz) 
**Core 09 Thread 26 Finished:   insts:19          cycles:5947       (5946)  seconds:2     -- 0.00 IPC (0.00 IPC) --  N/A  KHz (0.01 KHz) 
**Core 03 Thread 33 Finished:   insts:19          cycles:5949       (5948)  seconds:3     -- 0.00 IPC (0.00 IPC) --  N/A  KHz (0.01 KHz) 
**Core 03 Thread 12 Finished:   insts:19          cycles:5958       (5957)  seconds:3     -- 0.00 IPC (0.00 IPC) --  N/A  KHz (0.01 KHz) 
**Core 09 Thread 30 Finished:   insts:19          cycles:5961       (5960)  seconds:2     -- 0.00 IPC (0.00 IPC) --  N/A  KHz (0.01 KHz) 
**Core 03 Thread 25 Finished:   insts:19          cycles:5963       (5962)  seconds:3     -- 0.00 IPC (0.00 IPC) --  N/A  KHz (0.01 KHz) 
**Core 03 Thread 76 Finished:   insts:19          cycles:5966       (5965)  seconds:3     -- 0.00 IPC (0.00 IPC) --  N/A  KHz (0.01 KHz) 
**Core 06 Thread 42 Finished:   insts:19          cycles:5971       (5970)  seconds:3     -- 0.00 IPC (0.00 IPC) --  N/A  KHz (0.01 KHz) 
**Core 08 Thread 06 Finished:   insts:19          cycles:5974       (5973)  seconds:2     -- 0.00 IPC (0.00 IPC) --  N/A  KHz (0.01 KHz) 
**Core 03 Thread 61 Finished:   insts:19          cycles:5975       (5974)  seconds:3     -- 0.00 IPC (0.00 IPC) --  N/A  KHz (0.01 KHz) 
**Core 03 Thread 37 Finished:   insts:19          cycles:5979       (5978)  seconds:3     -- 0.00 IPC (0.00 IPC) --  N/A  KHz (0.01 KHz) 
**Core 09 Thread 25 Finished:   insts:19          cycles:5979       (5978)  seconds:2     -- 0.00 IPC (0.00 IPC) --  N/A  KHz (0.01 KHz) 
**Core 03 Thread 03 Finished:   insts:19          cycles:5990       (5989)  seconds:3     -- 0.00 IPC (0.00 IPC) --  N/A  KHz (0.01 KHz) 
**Core 03 Thread 27 Finished:   insts:19          cycles:5995       (5994)  seconds:3     -- 0.00 IPC (0.00 IPC) --  N/A  KHz (0.01 KHz) 
**Core 09 Thread 64 Finished:   insts:19          cycles:5998       (5997)  seconds:2     -- 0.00 IPC (0.00 IPC) --  N/A  KHz (0.01 KHz) 
**Core 09 Thread 32 Finished:   insts:19          cycles:5999       (5998)  seconds:2     -- 0.00 IPC (0.00 IPC) --  N/A  KHz (0.01 KHz) 
**Core 03 Thread 83 Finished:   insts:19          cycles:6003       (6002)  seconds:3     -- 0.00 IPC (0.00 IPC) --  N/A  KHz (0.01 KHz) 
**Core 03 Thread 43 Finished:   insts:19          cycles:6005       (6004)  seconds:3     -- 0.00 IPC (0.00 IPC) --  N/A  KHz (0.01 KHz) 
**Core 08 Thread 07 Finished:   insts:19          cycles:6006       (6005)  seconds:2     -- 0.00 IPC (0.00 IPC) --  N/A  KHz (0.01 KHz) 
**Core 03 Thread 50 Finished:   insts:19          cycles:6007       (6006)  seconds:3     -- 0.00 IPC (0.00 IPC) --  N/A  KHz (0.01 KHz) 
**Core 08 Thread 26 Finished:   insts:19          cycles:6011       (6010)  seconds:2     -- 0.00 IPC (0.00 IPC) --  N/A  KHz (0.01 KHz) 
**Core 03 Thread 07 Finished:   insts:19          cycles:6022       (6021)  seconds:3     -- 0.00 IPC (0.00 IPC) --  N/A  KHz (0.01 KHz) 
**Core 03 Thread 16 Finished:   insts:19          cycles:6027       (6026)  seconds:3     -- 0.00 IPC (0.00 IPC) --  N/A  KHz (0.01 KHz) 
**Core 09 Thread 37 Finished:   insts:19          cycles:6027       (6026)  seconds:2     -- 0.00 IPC (0.00 IPC) --  N/A  KHz (0.01 KHz) 
**Core 09 Thread 65 Finished:   insts:19          cycles:6030       (6029)  seconds:2     -- 0.00 IPC (0.00 IPC) --  N/A  KHz (0.01 KHz) 
**Core 03 Thread 47 Finished:   insts:19          cycles:6033       (6032)  seconds:3     -- 0.00 IPC (0.00 IPC) --  N/A  KHz (0.01 KHz) 
**Core 08 Thread 09 Finished:   insts:19          cycles:6038       (6037)  seconds:2     -- 0.00 IPC (0.00 IPC) --  N/A  KHz (0.01 KHz) 
**Core 03 Thread 51 Finished:   insts:19          cycles:6039       (6038)  seconds:3     -- 0.00 IPC (0.00 IPC) --  N/A  KHz (0.01 KHz) 
**Core 08 Thread 25 Finished:   insts:19          cycles:6043       (6042)  seconds:2     -- 0.00 IPC (0.00 IPC) --  N/A  KHz (0.01 KHz) 
**Core 14 Thread 17 Finished:   insts:19          cycles:6051       (6050)  seconds:2     -- 0.00 IPC (0.00 IPC) --  N/A  KHz (0.01 KHz) 
**Core 09 Thread 36 Finished:   insts:19          cycles:6055       (6054)  seconds:2     -- 0.00 IPC (0.00 IPC) --  N/A  KHz (0.01 KHz) 
**Core 03 Thread 13 Finished:   insts:19          cycles:6055       (6054)  seconds:3     -- 0.00 IPC (0.00 IPC) --  N/A  KHz (0.01 KHz) 
**Core 03 Thread 80 Finished:   insts:20          cycles:6056       (6055)  seconds:3     -- 0.00 IPC (0.00 IPC) --  N/A  KHz (0.01 KHz) 
**Core 03 Thread 26 Finished:   insts:19          cycles:6059       (6058)  seconds:3     -- 0.00 IPC (0.00 IPC) --  N/A  KHz (0.01 KHz) 
**Core 09 Thread 66 Finished:   insts:19          cycles:6062       (6061)  seconds:2     -- 0.00 IPC (0.00 IPC) --  N/A  KHz (0.01 KHz) 
**Core 00 Thread 38 Finished:   insts:19          cycles:6065       (6064)  seconds:3     -- 0.00 IPC (0.00 IPC) --  N/A  KHz (0.01 KHz) 
**Core 09 Thread 04 Finished:   insts:19          cycles:6070       (6069)  seconds:2     -- 0.00 IPC (0.00 IPC) --  N/A  KHz (0.01 KHz) 
**Core 03 Thread 55 Finished:   insts:19          cycles:6071       (6070)  seconds:3     -- 0.00 IPC (0.00 IPC) --  N/A  KHz (0.01 KHz) 
**Core 03 Thread 28 Finished:   insts:19          cycles:6075       (6074)  seconds:3     -- 0.00 IPC (0.00 IPC) --  N/A  KHz (0.01 KHz) 
**Core 09 Thread 38 Finished:   insts:19          cycles:6083       (6082)  seconds:2     -- 0.00 IPC (0.00 IPC) --  N/A  KHz (0.01 KHz) 
**Core 03 Thread 02 Finished:   insts:19          cycles:6087       (6086)  seconds:3     -- 0.00 IPC (0.00 IPC) --  N/A  KHz (0.01 KHz) 
**Core 03 Thread 19 Finished:   insts:19          cycles:6091       (6090)  seconds:3     -- 0.00 IPC (0.00 IPC) --  N/A  KHz (0.01 KHz) 
**Core 00 Thread 40 Finished:   insts:19          cycles:6093       (6092)  seconds:3     -- 0.00 IPC (0.00 IPC) --  N/A  KHz (0.01 KHz) 
**Core 09 Thread 69 Finished:   insts:19          cycles:6094       (6093)  seconds:2     -- 0.00 IPC (0.00 IPC) --  N/A  KHz (0.01 KHz) 
**Core 09 Thread 11 Finished:   insts:19          cycles:6103       (6102)  seconds:2     -- 0.00 IPC (0.00 IPC) --  N/A  KHz (0.01 KHz) 
**Core 03 Thread 56 Finished:   insts:19          cycles:6103       (6102)  seconds:3     -- 0.00 IPC (0.00 IPC) --  N/A  KHz (0.01 KHz) 
**Core 03 Thread 29 Finished:   insts:19          cycles:6107       (6106)  seconds:3     -- 0.00 IPC (0.00 IPC) --  N/A  KHz (0.01 KHz) 
**Core 09 Thread 41 Finished:   insts:19          cycles:6111       (6110)  seconds:2     -- 0.00 IPC (0.00 IPC) --  N/A  KHz (0.01 KHz) 
**Core 03 Thread 06 Finished:   insts:19          cycles:6118       (6117)  seconds:3     -- 0.00 IPC (0.00 IPC) --  N/A  KHz (0.01 KHz) 
**Core 03 Thread 44 Finished:   insts:19          cycles:6121       (6120)  seconds:3     -- 0.00 IPC (0.00 IPC) --  N/A  KHz (0.01 KHz) 
**Core 09 Thread 72 Finished:   insts:19          cycles:6127       (6126)  seconds:2     -- 0.00 IPC (0.00 IPC) --  N/A  KHz (0.01 KHz) 
**Core 03 Thread 62 Finished:   insts:19          cycles:6131       (6130)  seconds:3     -- 0.00 IPC (0.00 IPC) --  N/A  KHz (0.01 KHz) 
**Core 08 Thread 27 Finished:   insts:19          cycles:6135       (6134)  seconds:2     -- 0.00 IPC (0.00 IPC) --  N/A  KHz (0.01 KHz) 
**Core 09 Thread 10 Finished:   insts:19          cycles:6135       (6134)  seconds:2     -- 0.00 IPC (0.00 IPC) --  N/A  KHz (0.01 KHz) 
**Core 09 Thread 40 Finished:   insts:19          cycles:6139       (6138)  seconds:2     -- 0.00 IPC (0.00 IPC) --  N/A  KHz (0.01 KHz) 
**Core 01 Thread 00 Finished:   insts:19          cycles:6147       (6146)  seconds:3     -- 0.00 IPC (0.00 IPC) --  N/A  KHz (0.01 KHz) 
**Core 03 Thread 41 Finished:   insts:19          cycles:6149       (6148)  seconds:3     -- 0.00 IPC (0.00 IPC) --  N/A  KHz (0.01 KHz) 
**Core 03 Thread 08 Finished:   insts:19          cycles:6150       (6149)  seconds:3     -- 0.00 IPC (0.00 IPC) --  N/A  KHz (0.01 KHz) 
**Core 09 Thread 75 Finished:   insts:19          cycles:6158       (6157)  seconds:2     -- 0.00 IPC (0.00 IPC) --  N/A  KHz (0.01 KHz) 
**Core 09 Thread 21 Finished:   insts:19          cycles:6164       (6163)  seconds:2     -- 0.00 IPC (0.00 IPC) --  N/A  KHz (0.01 KHz) 
**Core 09 Thread 12 Finished:   insts:19          cycles:6166       (6165)  seconds:2     -- 0.00 IPC (0.00 IPC) --  N/A  KHz (0.01 KHz) 
**Core 09 Thread 44 Finished:   insts:19          cycles:6167       (6166)  seconds:2     -- 0.00 IPC (0.00 IPC) --  N/A  KHz (0.01 KHz) 
**Core 03 Thread 46 Finished:   insts:19          cycles:6177       (6176)  seconds:3     -- 0.00 IPC (0.00 IPC) --  N/A  KHz (0.01 KHz) 
**Core 03 Thread 10 Finished:   insts:19          cycles:6183       (6182)  seconds:3     -- 0.00 IPC (0.00 IPC) --  N/A  KHz (0.01 KHz) 
**Core 01 Thread 22 Finished:   insts:19          cycles:6184       (6183)  seconds:3     -- 0.00 IPC (0.00 IPC) --  N/A  KHz (0.01 KHz) 
**Core 09 Thread 74 Finished:   insts:19          cycles:6192       (6191)  seconds:2     -- 0.00 IPC (0.00 IPC) --  N/A  KHz (0.01 KHz) 
**Core 09 Thread 47 Finished:   insts:19          cycles:6196       (6195)  seconds:2     -- 0.00 IPC (0.00 IPC) --  N/A  KHz (0.01 KHz) 
**Core 08 Thread 15 Finished:   insts:19          cycles:6198       (6197)  seconds:2     -- 0.00 IPC (0.00 IPC) --  N/A  KHz (0.01 KHz) 
**Core 03 Thread 30 Finished:   insts:19          cycles:6199       (6198)  seconds:3     -- 0.00 IPC (0.00 IPC) --  N/A  KHz (0.01 KHz) 
**Core 01 Thread 32 Finished:   insts:19          cycles:6205       (6204)  seconds:3     -- 0.00 IPC (0.00 IPC) --  N/A  KHz (0.01 KHz) 
**Core 01 Thread 15 Finished:   insts:19          cycles:6214       (6213)  seconds:3     -- 0.00 IPC (0.00 IPC) --  N/A  KHz (0.01 KHz) 
**Core 03 Thread 78 Finished:   insts:19          cycles:6222       (6221)  seconds:3     -- 0.00 IPC (0.00 IPC) --  N/A  KHz (0.01 KHz) 
**Core 08 Thread 35 Finished:   insts:19          cycles:6223       (6222)  seconds:2     -- 0.00 IPC (0.00 IPC) --  N/A  KHz (0.01 KHz) 
**Core 09 Thread 22 Finished:   insts:19          cycles:6228       (6227)  seconds:2     -- 0.00 IPC (0.00 IPC) --  N/A  KHz (0.01 KHz) 
**Core 01 Thread 39 Finished:   insts:19          cycles:6235       (6234)  seconds:3     -- 0.00 IPC (0.00 IPC) --  N/A  KHz (0.01 KHz) 
**Core 01 Thread 63 Finished:   insts:19          cycles:6247       (6246)  seconds:3     -- 0.00 IPC (0.00 IPC) --  N/A  KHz (0.01 KHz) 
**Core 01 Thread 28 Finished:   insts:19          cycles:6247       (6246)  seconds:3     -- 0.00 IPC (0.00 IPC) --  N/A  KHz (0.01 KHz) 
**Core 03 Thread 77 Finished:   insts:19          cycles:6254       (6253)  seconds:3     -- 0.00 IPC (0.00 IPC) --  N/A  KHz (0.01 KHz) 
**Core 01 Thread 41 Finished:   insts:19          cycles:6261       (6260)  seconds:3     -- 0.00 IPC (0.00 IPC) --  N/A  KHz (0.01 KHz) 
**Core 09 Thread 24 Finished:   insts:19          cycles:6263       (6262)  seconds:2     -- 0.00 IPC (0.00 IPC) --  N/A  KHz (0.01 KHz) 
**Core 01 Thread 60 Finished:   insts:19          cycles:6275       (6274)  seconds:3     -- 0.00 IPC (0.00 IPC) --  N/A  KHz (0.01 KHz) 
**Core 03 Thread 79 Finished:   insts:19          cycles:6283       (6282)  seconds:3     -- 0.00 IPC (0.00 IPC) --  N/A  KHz (0.01 KHz) 
**Core 01 Thread 81 Finished:   insts:19          cycles:6288       (6287)  seconds:3     -- 0.00 IPC (0.00 IPC) --  N/A  KHz (0.01 KHz) 
**Core 01 Thread 43 Finished:   insts:19          cycles:6289       (6288)  seconds:3     -- 0.00 IPC (0.00 IPC) --  N/A  KHz (0.01 KHz) 
**Core 08 Thread 46 Finished:   insts:19          cycles:6293       (6292)  seconds:2     -- 0.00 IPC (0.00 IPC) --  N/A  KHz (0.01 KHz) 
**Core 03 Thread 31 Finished:   insts:19          cycles:6293       (6292)  seconds:3     -- 0.00 IPC (0.00 IPC) --  N/A  KHz (0.01 KHz) 
**Core 01 Thread 62 Finished:   insts:19          cycles:6303       (6302)  seconds:3     -- 0.00 IPC (0.00 IPC) --  N/A  KHz (0.01 KHz) 
**Core 03 Thread 68 Finished:   insts:19          cycles:6303       (6302)  seconds:3     -- 0.00 IPC (0.00 IPC) --  N/A  KHz (0.01 KHz) 
**Core 14 Thread 65 Finished:   insts:19          cycles:6312       (6311)  seconds:2     -- 0.00 IPC (0.00 IPC) --  N/A  KHz (0.01 KHz) 
**Core 01 Thread 40 Finished:   insts:19          cycles:6317       (6316)  seconds:3     -- 0.00 IPC (0.00 IPC) --  N/A  KHz (0.01 KHz) 
**Core 08 Thread 31 Finished:   insts:19          cycles:6319       (6318)  seconds:2     -- 0.00 IPC (0.00 IPC) --  N/A  KHz (0.01 KHz) 
**Core 07 Thread 72 Finished:   insts:19          cycles:6320       (6319)  seconds:2     -- 0.00 IPC (0.00 IPC) --  N/A  KHz (0.01 KHz) 
**Core 01 Thread 03 Finished:   insts:19          cycles:6324       (6323)  seconds:3     -- 0.00 IPC (0.00 IPC) --  N/A  KHz (0.01 KHz) 
**Core 01 Thread 80 Finished:   insts:19          cycles:6328       (6327)  seconds:3     -- 0.00 IPC (0.00 IPC) --  N/A  KHz (0.01 KHz) 
**Core 02 Thread 60 Finished:   insts:19          cycles:6331       (6330)  seconds:3     -- 0.00 IPC (0.00 IPC) --  N/A  KHz (0.01 KHz) 
**Core 03 Thread 70 Finished:   insts:19          cycles:6337       (6336)  seconds:3     -- 0.00 IPC (0.00 IPC) --  N/A  KHz (0.01 KHz) 
**Core 14 Thread 68 Finished:   insts:19          cycles:6343       (6342)  seconds:2     -- 0.00 IPC (0.00 IPC) --  N/A  KHz (0.01 KHz) 
**Core 01 Thread 12 Finished:   insts:19          cycles:6344       (6343)  seconds:3     -- 0.00 IPC (0.00 IPC) --  N/A  KHz (0.01 KHz) 
**Core 01 Thread 45 Finished:   insts:19          cycles:6345       (6344)  seconds:3     -- 0.00 IPC (0.00 IPC) --  N/A  KHz (0.01 KHz) 
**Core 07 Thread 27 Finished:   insts:19          cycles:6347       (6346)  seconds:2     -- 0.00 IPC (0.00 IPC) --  N/A  KHz (0.01 KHz) 
**Core 07 Thread 65 Finished:   insts:19          cycles:6351       (6350)  seconds:2     -- 0.00 IPC (0.00 IPC) --  N/A  KHz (0.01 KHz) 
**Core 01 Thread 08 Finished:   insts:19          cycles:6352       (6351)  seconds:3     -- 0.00 IPC (0.00 IPC) --  N/A  KHz (0.01 KHz) 
**Core 01 Thread 84 Finished:   insts:19          cycles:6359       (6358)  seconds:3     -- 0.00 IPC (0.00 IPC) --  N/A  KHz (0.01 KHz) 
**Core 06 Thread 53 Finished:   insts:19          cycles:6359       (6358)  seconds:3     -- 0.00 IPC (0.00 IPC) --  N/A  KHz (0.01 KHz) 
**Core 14 Thread 00 Finished:   insts:19          cycles:6364       (6363)  seconds:2     -- 0.00 IPC (0.00 IPC) --  N/A  KHz (0.01 KHz) 
**Core 03 Thread 65 Finished:   insts:19          cycles:6367       (6366)  seconds:3     -- 0.00 IPC (0.00 IPC) --  N/A  KHz (0.01 KHz) 
**Core 01 Thread 47 Finished:   insts:19          cycles:6375       (6374)  seconds:3     -- 0.00 IPC (0.00 IPC) --  N/A  KHz (0.01 KHz) 
**Core 14 Thread 72 Finished:   insts:19          cycles:6376       (6375)  seconds:2     -- 0.00 IPC (0.00 IPC) --  N/A  KHz (0.01 KHz) 
**Core 07 Thread 18 Finished:   insts:19          cycles:6381       (6380)  seconds:2     -- 0.00 IPC (0.00 IPC) --  N/A  KHz (0.01 KHz) 
**Core 01 Thread 09 Finished:   insts:19          cycles:6384       (6383)  seconds:3     -- 0.00 IPC (0.00 IPC) --  N/A  KHz (0.01 KHz) 
**Core 02 Thread 54 Finished:   insts:19          cycles:6388       (6387)  seconds:3     -- 0.00 IPC (0.00 IPC) --  N/A  KHz (0.01 KHz) 
**Core 01 Thread 86 Finished:   insts:19          cycles:6392       (6391)  seconds:3     -- 0.00 IPC (0.00 IPC) --  N/A  KHz (0.01 KHz) 
**Core 03 Thread 74 Finished:   insts:19          cycles:6396       (6395)  seconds:3     -- 0.00 IPC (0.00 IPC) --  N/A  KHz (0.01 KHz) 
**Core 01 Thread 21 Finished:   insts:19          cycles:6401       (6400)  seconds:3     -- 0.00 IPC (0.00 IPC) --  N/A  KHz (0.01 KHz) 
**Core 14 Thread 26 Finished:   insts:19          cycles:6401       (6400)  seconds:2     -- 0.00 IPC (0.00 IPC) --  N/A  KHz (0.01 KHz) 
**Core 12 Thread 56 Finished:   insts:19          cycles:6408       (6407)  seconds:2     -- 0.00 IPC (0.00 IPC) --  N/A  KHz (0.01 KHz) 
**Core 14 Thread 74 Finished:   insts:19          cycles:6408       (6407)  seconds:2     -- 0.00 IPC (0.00 IPC) --  N/A  KHz (0.01 KHz) 
**Core 01 Thread 42 Finished:   insts:19          cycles:6416       (6415)  seconds:3     -- 0.00 IPC (0.00 IPC) --  N/A  KHz (0.01 KHz) 
**Core 01 Thread 23 Finished:   insts:19          cycles:6424       (6423)  seconds:3     -- 0.00 IPC (0.00 IPC) --  N/A  KHz (0.01 KHz) 
**Core 03 Thread 75 Finished:   insts:19          cycles:6424       (6423)  seconds:3     -- 0.00 IPC (0.00 IPC) --  N/A  KHz (0.01 KHz) 
**Core 01 Thread 91 Finished:   insts:19          cycles:6425       (6424)  seconds:3     -- 0.00 IPC (0.00 IPC) --  N/A  KHz (0.01 KHz) 
**Core 06 Thread 52 Finished:   insts:19          cycles:6425       (6424)  seconds:3     -- 0.00 IPC (0.00 IPC) --  N/A  KHz (0.01 KHz) 
**Core 14 Thread 23 Finished:   insts:19          cycles:6433       (6432)  seconds:2     -- 0.00 IPC (0.00 IPC) --  N/A  KHz (0.01 KHz) 
**Core 14 Thread 76 Finished:   insts:19          cycles:6439       (6438)  seconds:2     -- 0.00 IPC (0.00 IPC) --  N/A  KHz (0.01 KHz) 
**Core 12 Thread 10 Finished:   insts:19          cycles:6440       (6439)  seconds:2     -- 0.00 IPC (0.00 IPC) --  N/A  KHz (0.01 KHz) 
**Core 01 Thread 44 Finished:   insts:19          cycles:6448       (6447)  seconds:3     -- 0.00 IPC (0.00 IPC) --  N/A  KHz (0.01 KHz) 
**Core 01 Thread 24 Finished:   insts:19          cycles:6452       (6451)  seconds:3     -- 0.00 IPC (0.00 IPC) --  N/A  KHz (0.01 KHz) 
**Core 06 Thread 54 Finished:   insts:19          cycles:6453       (6452)  seconds:3     -- 0.00 IPC (0.00 IPC) --  N/A  KHz (0.01 KHz) 
**Core 03 Thread 64 Finished:   insts:19          cycles:6453       (6452)  seconds:3     -- 0.00 IPC (0.00 IPC) --  N/A  KHz (0.01 KHz) 
**Core 01 Thread 90 Finished:   insts:19          cycles:6456       (6455)  seconds:3     -- 0.00 IPC (0.00 IPC) --  N/A  KHz (0.01 KHz) 
**Core 14 Thread 31 Finished:   insts:19          cycles:6464       (6463)  seconds:2     -- 0.00 IPC (0.00 IPC) --  N/A  KHz (0.01 KHz) 
**Core 12 Thread 01 Finished:   insts:19          cycles:6468       (6467)  seconds:2     -- 0.00 IPC (0.00 IPC) --  N/A  KHz (0.01 KHz) 
**Core 14 Thread 08 Finished:   insts:19          cycles:6481       (6480)  seconds:2     -- 0.00 IPC (0.00 IPC) --  N/A  KHz (0.01 KHz) 
**Core 01 Thread 61 Finished:   insts:19          cycles:6484       (6483)  seconds:3     -- 0.00 IPC (0.00 IPC) --  N/A  KHz (0.01 KHz) 
**Core 01 Thread 46 Finished:   insts:19          cycles:6484       (6483)  seconds:3     -- 0.00 IPC (0.00 IPC) --  N/A  KHz (0.01 KHz) 
**Core 03 Thread 66 Finished:   insts:19          cycles:6485       (6484)  seconds:3     -- 0.00 IPC (0.00 IPC) --  N/A  KHz (0.01 KHz) 
**Core 02 Thread 91 Finished:   insts:19          cycles:6488       (6487)  seconds:3     -- 0.00 IPC (0.00 IPC) --  N/A  KHz (0.01 KHz) 
**Core 12 Thread 05 Finished:   insts:19          cycles:6496       (6495)  seconds:2     -- 0.00 IPC (0.00 IPC) --  N/A  KHz (0.01 KHz) 
**Core 05 Thread 65 Finished:   insts:19          cycles:6498       (6497)  seconds:3     -- 0.00 IPC (0.00 IPC) --  N/A  KHz (0.01 KHz) 
**Core 14 Thread 09 Finished:   insts:19          cycles:6508       (6507)  seconds:2     -- 0.00 IPC (0.00 IPC) --  N/A  KHz (0.01 KHz) 
**Core 02 Thread 37 Finished:   insts:19          cycles:6509       (6508)  seconds:3     -- 0.00 IPC (0.00 IPC) --  N/A  KHz (0.01 KHz) 
**Core 06 Thread 55 Finished:   insts:19          cycles:6513       (6512)  seconds:3     -- 0.00 IPC (0.00 IPC) --  N/A  KHz (0.01 KHz) 
**Core 13 Thread 21 Finished:   insts:19          cycles:6517       (6516)  seconds:2     -- 0.00 IPC (0.00 IPC) --  N/A  KHz (0.01 KHz) 
**Core 03 Thread 69 Finished:   insts:19          cycles:6523       (6522)  seconds:3     -- 0.00 IPC (0.00 IPC) --  N/A  KHz (0.01 KHz) 
**Core 01 Thread 82 Finished:   insts:19          cycles:6524       (6523)  seconds:3     -- 0.00 IPC (0.00 IPC) --  N/A  KHz (0.01 KHz) 
**Core 01 Thread 02 Finished:   insts:19          cycles:6525       (6524)  seconds:3     -- 0.00 IPC (0.00 IPC) --  N/A  KHz (0.01 KHz) 
**Core 05 Thread 71 Finished:   insts:19          cycles:6529       (6528)  seconds:3     -- 0.00 IPC (0.00 IPC) --  N/A  KHz (0.01 KHz) 
**Core 14 Thread 64 Finished:   insts:19          cycles:6532       (6531)  seconds:2     -- 0.00 IPC (0.00 IPC) --  N/A  KHz (0.01 KHz) 
**Core 05 Thread 00 Finished:   insts:19          cycles:6536       (6535)  seconds:3     -- 0.00 IPC (0.00 IPC) --  N/A  KHz (0.01 KHz) 
**Core 05 Thread 53 Finished:   insts:19          cycles:6537       (6536)  seconds:3     -- 0.00 IPC (0.00 IPC) --  N/A  KHz (0.01 KHz) 
**Core 12 Thread 19 Finished:   insts:19          cycles:6548       (6547)  seconds:2     -- 0.00 IPC (0.00 IPC) --  N/A  KHz (0.01 KHz) 
**Core 01 Thread 33 Finished:   insts:19          cycles:6548       (6547)  seconds:3     -- 0.00 IPC (0.00 IPC) --  N/A  KHz (0.01 KHz) 
**Core 03 Thread 71 Finished:   insts:19          cycles:6549       (6548)  seconds:3     -- 0.00 IPC (0.00 IPC) --  N/A  KHz (0.01 KHz) 
**Core 01 Thread 85 Finished:   insts:19          cycles:6553       (6552)  seconds:3     -- 0.00 IPC (0.00 IPC) --  N/A  KHz (0.01 KHz) 
**Core 01 Thread 05 Finished:   insts:19          cycles:6553       (6552)  seconds:3     -- 0.00 IPC (0.00 IPC) --  N/A  KHz (0.01 KHz) 
**Core 05 Thread 73 Finished:   insts:19          cycles:6560       (6559)  seconds:3     -- 0.00 IPC (0.00 IPC) --  N/A  KHz (0.01 KHz) 
**Core 14 Thread 69 Finished:   insts:19          cycles:6563       (6562)  seconds:2     -- 0.00 IPC (0.00 IPC) --  N/A  KHz (0.01 KHz) 
**Core 01 Thread 35 Finished:   insts:19          cycles:6564       (6563)  seconds:3     -- 0.00 IPC (0.00 IPC) --  N/A  KHz (0.01 KHz) 
**Core 05 Thread 04 Finished:   insts:19          cycles:6565       (6564)  seconds:3     -- 0.00 IPC (0.00 IPC) --  N/A  KHz (0.01 KHz) 
**Core 02 Thread 58 Finished:   insts:19          cycles:6565       (6564)  seconds:3     -- 0.00 IPC (0.00 IPC) --  N/A  KHz (0.01 KHz) 
**Core 13 Thread 26 Finished:   insts:19          cycles:6572       (6571)  seconds:2     -- 0.00 IPC (0.00 IPC) --  N/A  KHz (0.01 KHz) 
**Core 01 Thread 06 Finished:   insts:19          cycles:6572       (6571)  seconds:3     -- 0.00 IPC (0.00 IPC) --  N/A  KHz (0.01 KHz) 
**Core 05 Thread 19 Finished:   insts:19          cycles:6573       (6572)  seconds:3     -- 0.00 IPC (0.00 IPC) --  N/A  KHz (0.01 KHz) 
**Core 03 Thread 73 Finished:   insts:19          cycles:6577       (6576)  seconds:3     -- 0.00 IPC (0.00 IPC) --  N/A  KHz (0.01 KHz) 
**Core 03 Core_Total  Finished:   insts:1629        cycles:6577       (6576) seconds:3     -- 0.25 IPC (0.25 IPC) --  N/A  KHz (0.54 KHz)
**Core 01 Thread 87 Finished:   insts:19          cycles:6580       (6579)  seconds:3     -- 0.00 IPC (0.00 IPC) --  N/A  KHz (0.01 KHz) 
**Core 14 Thread 01 Finished:   insts:19          cycles:6588       (6587)  seconds:2     -- 0.00 IPC (0.00 IPC) --  N/A  KHz (0.01 KHz) 
**Core 05 Thread 05 Finished:   insts:19          cycles:6592       (6591)  seconds:3     -- 0.00 IPC (0.00 IPC) --  N/A  KHz (0.01 KHz) 
**Core 01 Thread 36 Finished:   insts:19          cycles:6593       (6592)  seconds:3     -- 0.00 IPC (0.00 IPC) --  N/A  KHz (0.01 KHz) 
**Core 02 Thread 62 Finished:   insts:19          cycles:6593       (6592)  seconds:3     -- 0.00 IPC (0.00 IPC) --  N/A  KHz (0.01 KHz) 
**Core 05 Thread 75 Finished:   insts:19          cycles:6594       (6593)  seconds:3     -- 0.00 IPC (0.00 IPC) --  N/A  KHz (0.01 KHz) 
**Core 14 Thread 73 Finished:   insts:19          cycles:6596       (6595)  seconds:2     -- 0.00 IPC (0.00 IPC) --  N/A  KHz (0.01 KHz) 
**Core 12 Thread 20 Finished:   insts:19          cycles:6599       (6598)  seconds:2     -- 0.00 IPC (0.00 IPC) --  N/A  KHz (0.01 KHz) 
**Core 01 Thread 07 Finished:   insts:19          cycles:6600       (6599)  seconds:3     -- 0.00 IPC (0.00 IPC) --  N/A  KHz (0.01 KHz) 
**Core 05 Thread 23 Finished:   insts:19          cycles:6604       (6603)  seconds:3     -- 0.00 IPC (0.00 IPC) --  N/A  KHz (0.01 KHz) 
**Core 01 Thread 71 Finished:   insts:19          cycles:6608       (6607)  seconds:3     -- 0.00 IPC (0.00 IPC) --  N/A  KHz (0.01 KHz) 
**Core 14 Thread 16 Finished:   insts:19          cycles:6608       (6607)  seconds:2     -- 0.00 IPC (0.00 IPC) --  N/A  KHz (0.01 KHz) 
**Core 01 Thread 92 Finished:   insts:19          cycles:6613       (6612)  seconds:3     -- 0.00 IPC (0.00 IPC) --  N/A  KHz (0.01 KHz) 
**Core 05 Thread 10 Finished:   insts:19          cycles:6620       (6619)  seconds:3     -- 0.00 IPC (0.00 IPC) --  N/A  KHz (0.01 KHz) 
**Core 14 Thread 02 Finished:   insts:19          cycles:6621       (6620)  seconds:2     -- 0.00 IPC (0.00 IPC) --  N/A  KHz (0.01 KHz) 
**Core 06 Thread 56 Finished:   insts:19          cycles:6621       (6620)  seconds:3     -- 0.00 IPC (0.00 IPC) --  N/A  KHz (0.01 KHz) 
**Core 01 Thread 37 Finished:   insts:19          cycles:6624       (6623)  seconds:3     -- 0.00 IPC (0.00 IPC) --  N/A  KHz (0.01 KHz) 
**Core 06 Thread 64 Finished:   insts:19          cycles:6624       (6623)  seconds:3     -- 0.00 IPC (0.00 IPC) --  N/A  KHz (0.01 KHz) 
**Core 10 Thread 21 Finished:   insts:19          cycles:6627       (6626)  seconds:2     -- 0.00 IPC (0.00 IPC) --  N/A  KHz (0.01 KHz) 
**Core 14 Thread 77 Finished:   insts:19          cycles:6627       (6626)  seconds:2     -- 0.00 IPC (0.00 IPC) --  N/A  KHz (0.01 KHz) 
**Core 05 Thread 45 Finished:   insts:19          cycles:6628       (6627)  seconds:3     -- 0.00 IPC (0.00 IPC) --  N/A  KHz (0.01 KHz) 
**Core 01 Thread 10 Finished:   insts:19          cycles:6628       (6627)  seconds:3     -- 0.00 IPC (0.00 IPC) --  N/A  KHz (0.01 KHz) 
**Core 05 Thread 28 Finished:   insts:19          cycles:6636       (6635)  seconds:3     -- 0.00 IPC (0.00 IPC) --  N/A  KHz (0.01 KHz) 
**Core 01 Thread 76 Finished:   insts:19          cycles:6640       (6639)  seconds:3     -- 0.00 IPC (0.00 IPC) --  N/A  KHz (0.01 KHz) 
**Core 14 Thread 18 Finished:   insts:19          cycles:6640       (6639)  seconds:2     -- 0.00 IPC (0.00 IPC) --  N/A  KHz (0.01 KHz) 
**Core 09 Thread 77 Finished:   insts:19          cycles:6642       (6641)  seconds:2     -- 0.00 IPC (0.00 IPC) --  N/A  KHz (0.01 KHz) 
**Core 01 Thread 93 Finished:   insts:19          cycles:6643       (6642)  seconds:3     -- 0.00 IPC (0.00 IPC) --  N/A  KHz (0.01 KHz) 
**Core 05 Thread 15 Finished:   insts:19          cycles:6647       (6646)  seconds:3     -- 0.00 IPC (0.00 IPC) --  N/A  KHz (0.01 KHz) 
**Core 05 Thread 54 Finished:   insts:19          cycles:6648       (6647)  seconds:3     -- 0.00 IPC (0.00 IPC) --  N/A  KHz (0.01 KHz) 
**Core 14 Thread 05 Finished:   insts:19          cycles:6652       (6651)  seconds:2     -- 0.00 IPC (0.00 IPC) --  N/A  KHz (0.01 KHz) 
**Core 01 Thread 11 Finished:   insts:19          cycles:6655       (6654)  seconds:3     -- 0.00 IPC (0.00 IPC) --  N/A  KHz (0.01 KHz) 
**Core 01 Thread 38 Finished:   insts:19          cycles:6656       (6655)  seconds:3     -- 0.00 IPC (0.00 IPC) --  N/A  KHz (0.01 KHz) 
**Core 06 Thread 65 Finished:   insts:19          cycles:6656       (6655)  seconds:3     -- 0.00 IPC (0.00 IPC) --  N/A  KHz (0.01 KHz) 
**Core 12 Thread 34 Finished:   insts:19          cycles:6658       (6657)  seconds:2     -- 0.00 IPC (0.00 IPC) --  N/A  KHz (0.01 KHz) 
**Core 14 Thread 66 Finished:   insts:19          cycles:6659       (6658)  seconds:2     -- 0.00 IPC (0.00 IPC) --  N/A  KHz (0.01 KHz) 
**Core 13 Thread 52 Finished:   insts:19          cycles:6664       (6663)  seconds:2     -- 0.00 IPC (0.00 IPC) --  N/A  KHz (0.01 KHz) 
**Core 06 Thread 18 Finished:   insts:19          cycles:6668       (6667)  seconds:3     -- 0.00 IPC (0.00 IPC) --  N/A  KHz (0.01 KHz) 
**Core 12 Thread 13 Finished:   insts:19          cycles:6670       (6669)  seconds:2     -- 0.00 IPC (0.00 IPC) --  N/A  KHz (0.01 KHz) 
**Core 01 Thread 69 Finished:   insts:19          cycles:6672       (6671)  seconds:3     -- 0.00 IPC (0.00 IPC) --  N/A  KHz (0.01 KHz) 
**Core 14 Thread 20 Finished:   insts:19          cycles:6672       (6671)  seconds:2     -- 0.00 IPC (0.00 IPC) --  N/A  KHz (0.01 KHz) 
**Core 06 Thread 34 Finished:   insts:19          cycles:6674       (6673)  seconds:3     -- 0.00 IPC (0.00 IPC) --  N/A  KHz (0.01 KHz) 
**Core 09 Thread 79 Finished:   insts:19          cycles:6674       (6673)  seconds:2     -- 0.00 IPC (0.00 IPC) --  N/A  KHz (0.01 KHz) 
**Core 01 Thread 95 Finished:   insts:19          cycles:6675       (6674)  seconds:3     -- 0.00 IPC (0.00 IPC) --  N/A  KHz (0.01 KHz) 
**Core 06 Thread 57 Finished:   insts:19          cycles:6680       (6679)  seconds:3     -- 0.00 IPC (0.00 IPC) --  N/A  KHz (0.01 KHz) 
**Core 14 Thread 06 Finished:   insts:19          cycles:6684       (6683)  seconds:2     -- 0.00 IPC (0.00 IPC) --  N/A  KHz (0.01 KHz) 
**Core 05 Thread 12 Finished:   insts:19          cycles:6685       (6684)  seconds:3     -- 0.00 IPC (0.00 IPC) --  N/A  KHz (0.01 KHz) 
**Core 02 Thread 32 Finished:   insts:19          cycles:6688       (6687)  seconds:3     -- 0.00 IPC (0.00 IPC) --  N/A  KHz (0.01 KHz) 
**Core 06 Thread 69 Finished:   insts:19          cycles:6688       (6687)  seconds:3     -- 0.00 IPC (0.00 IPC) --  N/A  KHz (0.01 KHz) 
**Core 12 Thread 38 Finished:   insts:19          cycles:6690       (6689)  seconds:2     -- 0.00 IPC (0.00 IPC) --  N/A  KHz (0.01 KHz) 
**Core 14 Thread 67 Finished:   insts:19          cycles:6691       (6690)  seconds:2     -- 0.00 IPC (0.00 IPC) --  N/A  KHz (0.01 KHz) 
**Core 06 Thread 17 Finished:   insts:19          cycles:6700       (6699)  seconds:3     -- 0.00 IPC (0.00 IPC) --  N/A  KHz (0.01 KHz) 
**Core 01 Thread 73 Finished:   insts:19          cycles:6704       (6703)  seconds:3     -- 0.00 IPC (0.00 IPC) --  N/A  KHz (0.01 KHz) 
**Core 14 Thread 21 Finished:   insts:19          cycles:6704       (6703)  seconds:2     -- 0.00 IPC (0.00 IPC) --  N/A  KHz (0.01 KHz) 
**Core 06 Thread 33 Finished:   insts:19          cycles:6706       (6705)  seconds:3     -- 0.00 IPC (0.00 IPC) --  N/A  KHz (0.01 KHz) 
**Core 12 Thread 67 Finished:   insts:19          cycles:6707       (6706)  seconds:2     -- 0.00 IPC (0.00 IPC) --  N/A  KHz (0.01 KHz) 
**Core 02 Thread 84 Finished:   insts:19          cycles:6707       (6706)  seconds:3     -- 0.00 IPC (0.00 IPC) --  N/A  KHz (0.01 KHz) 
**Core 05 Thread 49 Finished:   insts:19          cycles:6708       (6707)  seconds:3     -- 0.00 IPC (0.00 IPC) --  N/A  KHz (0.01 KHz) 
**Core 01 Thread 13 Finished:   insts:19          cycles:6713       (6712)  seconds:3     -- 0.00 IPC (0.00 IPC) --  N/A  KHz (0.01 KHz) 
**Core 12 Thread 24 Finished:   insts:19          cycles:6714       (6713)  seconds:2     -- 0.00 IPC (0.00 IPC) --  N/A  KHz (0.01 KHz) 
**Core 14 Thread 10 Finished:   insts:19          cycles:6716       (6715)  seconds:2     -- 0.00 IPC (0.00 IPC) --  N/A  KHz (0.01 KHz) 
**Core 02 Thread 41 Finished:   insts:19          cycles:6720       (6719)  seconds:3     -- 0.00 IPC (0.00 IPC) --  N/A  KHz (0.01 KHz) 
**Core 06 Thread 70 Finished:   insts:19          cycles:6720       (6719)  seconds:3     -- 0.00 IPC (0.00 IPC) --  N/A  KHz (0.01 KHz) 
**Core 12 Thread 42 Finished:   insts:19          cycles:6724       (6723)  seconds:2     -- 0.00 IPC (0.00 IPC) --  N/A  KHz (0.01 KHz) 
**Core 14 Thread 71 Finished:   insts:19          cycles:6725       (6724)  seconds:2     -- 0.00 IPC (0.00 IPC) --  N/A  KHz (0.01 KHz) 
**Core 06 Thread 19 Finished:   insts:19          cycles:6732       (6731)  seconds:3     -- 0.00 IPC (0.00 IPC) --  N/A  KHz (0.01 KHz) 
**Core 05 Thread 51 Finished:   insts:19          cycles:6736       (6735)  seconds:3     -- 0.00 IPC (0.00 IPC) --  N/A  KHz (0.01 KHz) 
**Core 14 Thread 25 Finished:   insts:19          cycles:6736       (6735)  seconds:2     -- 0.00 IPC (0.00 IPC) --  N/A  KHz (0.01 KHz) 
**Core 06 Thread 35 Finished:   insts:19          cycles:6738       (6737)  seconds:3     -- 0.00 IPC (0.00 IPC) --  N/A  KHz (0.01 KHz) 
**Core 12 Thread 74 Finished:   insts:19          cycles:6739       (6738)  seconds:2     -- 0.00 IPC (0.00 IPC) --  N/A  KHz (0.01 KHz) 
**Core 01 Thread 70 Finished:   insts:19          cycles:6739       (6738)  seconds:3     -- 0.00 IPC (0.00 IPC) --  N/A  KHz (0.01 KHz) 
**Core 02 Thread 87 Finished:   insts:19          cycles:6740       (6739)  seconds:3     -- 0.00 IPC (0.00 IPC) --  N/A  KHz (0.01 KHz) 
**Core 02 Thread 01 Finished:   insts:19          cycles:6741       (6740)  seconds:3     -- 0.00 IPC (0.00 IPC) --  N/A  KHz (0.01 KHz) 
**Core 14 Thread 14 Finished:   insts:19          cycles:6748       (6747)  seconds:2     -- 0.00 IPC (0.00 IPC) --  N/A  KHz (0.01 KHz) 
**Core 02 Thread 44 Finished:   insts:19          cycles:6752       (6751)  seconds:3     -- 0.00 IPC (0.00 IPC) --  N/A  KHz (0.01 KHz) 
**Core 06 Thread 71 Finished:   insts:19          cycles:6752       (6751)  seconds:3     -- 0.00 IPC (0.00 IPC) --  N/A  KHz (0.01 KHz) 
**Core 12 Thread 44 Finished:   insts:19          cycles:6755       (6754)  seconds:2     -- 0.00 IPC (0.00 IPC) --  N/A  KHz (0.01 KHz) 
**Core 14 Thread 75 Finished:   insts:19          cycles:6757       (6756)  seconds:2     -- 0.00 IPC (0.00 IPC) --  N/A  KHz (0.01 KHz) 
**Core 10 Thread 10 Finished:   insts:19          cycles:6759       (6758)  seconds:2     -- 0.00 IPC (0.00 IPC) --  N/A  KHz (0.01 KHz) 
**Core 05 Thread 48 Finished:   insts:19          cycles:6764       (6763)  seconds:3     -- 0.00 IPC (0.00 IPC) --  N/A  KHz (0.01 KHz) 
**Core 06 Thread 22 Finished:   insts:19          cycles:6764       (6763)  seconds:3     -- 0.00 IPC (0.00 IPC) --  N/A  KHz (0.01 KHz) 
**Core 01 Thread 72 Finished:   insts:19          cycles:6768       (6767)  seconds:3     -- 0.00 IPC (0.00 IPC) --  N/A  KHz (0.01 KHz) 
**Core 14 Thread 28 Finished:   insts:19          cycles:6768       (6767)  seconds:2     -- 0.00 IPC (0.00 IPC) --  N/A  KHz (0.01 KHz) 
**Core 06 Thread 36 Finished:   insts:19          cycles:6770       (6769)  seconds:3     -- 0.00 IPC (0.00 IPC) --  N/A  KHz (0.01 KHz) 
**Core 10 Thread 75 Finished:   insts:19          cycles:6771       (6770)  seconds:2     -- 0.00 IPC (0.00 IPC) --  N/A  KHz (0.01 KHz) 
**Core 02 Thread 89 Finished:   insts:19          cycles:6771       (6770)  seconds:3     -- 0.00 IPC (0.00 IPC) --  N/A  KHz (0.01 KHz) 
**Core 02 Thread 00 Finished:   insts:19          cycles:6773       (6772)  seconds:3     -- 0.00 IPC (0.00 IPC) --  N/A  KHz (0.01 KHz) 
**Core 01 Thread 01 Finished:   insts:19          cycles:6779       (6778)  seconds:3     -- 0.00 IPC (0.00 IPC) --  N/A  KHz (0.01 KHz) 
**Core 02 Thread 19 Finished:   insts:19          cycles:6780       (6779)  seconds:3     -- 0.00 IPC (0.00 IPC) --  N/A  KHz (0.01 KHz) 
**Core 05 Thread 37 Finished:   insts:19          cycles:6784       (6783)  seconds:3     -- 0.00 IPC (0.00 IPC) --  N/A  KHz (0.01 KHz) 
**Core 06 Thread 78 Finished:   insts:19          cycles:6784       (6783)  seconds:3     -- 0.00 IPC (0.00 IPC) --  N/A  KHz (0.01 KHz) 
**Core 12 Thread 45 Finished:   insts:19          cycles:6787       (6786)  seconds:2     -- 0.00 IPC (0.00 IPC) --  N/A  KHz (0.01 KHz) 
**Core 14 Thread 79 Finished:   insts:19          cycles:6788       (6787)  seconds:2     -- 0.00 IPC (0.00 IPC) --  N/A  KHz (0.01 KHz) 
**Core 07 Thread 14 Finished:   insts:19          cycles:6789       (6788)  seconds:2     -- 0.00 IPC (0.00 IPC) --  N/A  KHz (0.01 KHz) 
**Core 05 Thread 55 Finished:   insts:19          cycles:6792       (6791)  seconds:3     -- 0.00 IPC (0.00 IPC) --  N/A  KHz (0.01 KHz) 
**Core 06 Thread 21 Finished:   insts:19          cycles:6796       (6795)  seconds:3     -- 0.00 IPC (0.00 IPC) --  N/A  KHz (0.01 KHz) 
**Core 01 Thread 78 Finished:   insts:19          cycles:6800       (6799)  seconds:3     -- 0.00 IPC (0.00 IPC) --  N/A  KHz (0.01 KHz) 
**Core 14 Thread 30 Finished:   insts:19          cycles:6800       (6799)  seconds:2     -- 0.00 IPC (0.00 IPC) --  N/A  KHz (0.01 KHz) 
**Core 06 Thread 45 Finished:   insts:19          cycles:6802       (6801)  seconds:3     -- 0.00 IPC (0.00 IPC) --  N/A  KHz (0.01 KHz) 
**Core 12 Thread 66 Finished:   insts:19          cycles:6803       (6802)  seconds:2     -- 0.00 IPC (0.00 IPC) --  N/A  KHz (0.01 KHz) 
**Core 02 Thread 82 Finished:   insts:19          cycles:6803       (6802)  seconds:3     -- 0.00 IPC (0.00 IPC) --  N/A  KHz (0.01 KHz) 
**Core 02 Thread 03 Finished:   insts:19          cycles:6805       (6804)  seconds:3     -- 0.00 IPC (0.00 IPC) --  N/A  KHz (0.01 KHz) 
**Core 01 Thread 04 Finished:   insts:19          cycles:6807       (6806)  seconds:3     -- 0.00 IPC (0.00 IPC) --  N/A  KHz (0.01 KHz) 
**Core 10 Thread 22 Finished:   insts:19          cycles:6808       (6807)  seconds:2     -- 0.00 IPC (0.00 IPC) --  N/A  KHz (0.01 KHz) 
**Core 13 Thread 53 Finished:   insts:19          cycles:6808       (6807)  seconds:2     -- 0.00 IPC (0.00 IPC) --  N/A  KHz (0.01 KHz) 
**Core 02 Thread 21 Finished:   insts:19          cycles:6812       (6811)  seconds:3     -- 0.00 IPC (0.00 IPC) --  N/A  KHz (0.01 KHz) 
**Core 05 Thread 36 Finished:   insts:19          cycles:6816       (6815)  seconds:3     -- 0.00 IPC (0.00 IPC) --  N/A  KHz (0.01 KHz) 
**Core 06 Thread 77 Finished:   insts:19          cycles:6816       (6815)  seconds:3     -- 0.00 IPC (0.00 IPC) --  N/A  KHz (0.01 KHz) 
**Core 12 Thread 03 Finished:   insts:19          cycles:6821       (6820)  seconds:2     -- 0.00 IPC (0.00 IPC) --  N/A  KHz (0.01 KHz) 
**Core 05 Thread 52 Finished:   insts:19          cycles:6824       (6823)  seconds:3     -- 0.00 IPC (0.00 IPC) --  N/A  KHz (0.01 KHz) 
**Core 06 Thread 25 Finished:   insts:19          cycles:6828       (6827)  seconds:3     -- 0.00 IPC (0.00 IPC) --  N/A  KHz (0.01 KHz) 
**Core 06 Thread 46 Finished:   insts:19          cycles:6830       (6829)  seconds:3     -- 0.00 IPC (0.00 IPC) --  N/A  KHz (0.01 KHz) 
**Core 02 Thread 88 Finished:   insts:19          cycles:6831       (6830)  seconds:3     -- 0.00 IPC (0.00 IPC) --  N/A  KHz (0.01 KHz) 
**Core 14 Thread 52 Finished:   insts:19          cycles:6832       (6831)  seconds:2     -- 0.00 IPC (0.00 IPC) --  N/A  KHz (0.01 KHz) 
**Core 14 Thread 19 Finished:   insts:19          cycles:6832       (6831)  seconds:2     -- 0.00 IPC (0.00 IPC) --  N/A  KHz (0.01 KHz) 
**Core 12 Thread 68 Finished:   insts:19          cycles:6835       (6834)  seconds:2     -- 0.00 IPC (0.00 IPC) --  N/A  KHz (0.01 KHz) 
**Core 12 Thread 17 Finished:   insts:19          cycles:6836       (6835)  seconds:2     -- 0.00 IPC (0.00 IPC) --  N/A  KHz (0.01 KHz) 
**Core 06 Thread 00 Finished:   insts:19          cycles:6837       (6836)  seconds:3     -- 0.00 IPC (0.00 IPC) --  N/A  KHz (0.01 KHz) 
**Core 02 Thread 24 Finished:   insts:19          cycles:6844       (6843)  seconds:3     -- 0.00 IPC (0.00 IPC) --  N/A  KHz (0.01 KHz) 
**Core 12 Thread 32 Finished:   insts:19          cycles:6846       (6845)  seconds:2     -- 0.00 IPC (0.00 IPC) --  N/A  KHz (0.01 KHz) 
**Core 02 Thread 39 Finished:   insts:19          cycles:6848       (6847)  seconds:3     -- 0.00 IPC (0.00 IPC) --  N/A  KHz (0.01 KHz) 
**Core 06 Thread 79 Finished:   insts:19          cycles:6848       (6847)  seconds:3     -- 0.00 IPC (0.00 IPC) --  N/A  KHz (0.01 KHz) 
**Core 02 Thread 49 Finished:   insts:19          cycles:6852       (6851)  seconds:3     -- 0.00 IPC (0.00 IPC) --  N/A  KHz (0.01 KHz) 
**Core 12 Thread 04 Finished:   insts:19          cycles:6853       (6852)  seconds:2     -- 0.00 IPC (0.00 IPC) --  N/A  KHz (0.01 KHz) 
**Core 02 Thread 94 Finished:   insts:19          cycles:6859       (6858)  seconds:3     -- 0.00 IPC (0.00 IPC) --  N/A  KHz (0.01 KHz) 
**Core 06 Thread 27 Finished:   insts:19          cycles:6860       (6859)  seconds:3     -- 0.00 IPC (0.00 IPC) --  N/A  KHz (0.01 KHz) 
**Core 07 Thread 45 Finished:   insts:19          cycles:6863       (6862)  seconds:2     -- 0.00 IPC (0.00 IPC) --  N/A  KHz (0.01 KHz) 
**Core 12 Thread 18 Finished:   insts:19          cycles:6864       (6863)  seconds:2     -- 0.00 IPC (0.00 IPC) --  N/A  KHz (0.01 KHz) 
**Core 14 Thread 22 Finished:   insts:19          cycles:6864       (6863)  seconds:2     -- 0.00 IPC (0.00 IPC) --  N/A  KHz (0.01 KHz) 
**Core 02 Thread 66 Finished:   insts:19          cycles:6867       (6866)  seconds:3     -- 0.00 IPC (0.00 IPC) --  N/A  KHz (0.01 KHz) 
**Core 12 Thread 72 Finished:   insts:19          cycles:6868       (6867)  seconds:2     -- 0.00 IPC (0.00 IPC) --  N/A  KHz (0.01 KHz) 
**Core 02 Thread 07 Finished:   insts:19          cycles:6871       (6870)  seconds:3     -- 0.00 IPC (0.00 IPC) --  N/A  KHz (0.01 KHz) 
**Core 14 Thread 03 Finished:   insts:19          cycles:6876       (6875)  seconds:2     -- 0.00 IPC (0.00 IPC) --  N/A  KHz (0.01 KHz) 
**Core 13 Thread 36 Finished:   insts:19          cycles:6878       (6877)  seconds:2     -- 0.00 IPC (0.00 IPC) --  N/A  KHz (0.01 KHz) 
**Core 02 Thread 51 Finished:   insts:19          cycles:6880       (6879)  seconds:3     -- 0.00 IPC (0.00 IPC) --  N/A  KHz (0.01 KHz) 
**Core 02 Thread 36 Finished:   insts:19          cycles:6880       (6879)  seconds:3     -- 0.00 IPC (0.00 IPC) --  N/A  KHz (0.01 KHz) 
**Core 06 Thread 66 Finished:   insts:19          cycles:6881       (6880)  seconds:3     -- 0.00 IPC (0.00 IPC) --  N/A  KHz (0.01 KHz) 
**Core 12 Thread 06 Finished:   insts:19          cycles:6885       (6884)  seconds:2     -- 0.00 IPC (0.00 IPC) --  N/A  KHz (0.01 KHz) 
**Core 02 Thread 93 Finished:   insts:19          cycles:6888       (6887)  seconds:3     -- 0.00 IPC (0.00 IPC) --  N/A  KHz (0.01 KHz) 
**Core 12 Thread 25 Finished:   insts:19          cycles:6892       (6891)  seconds:2     -- 0.00 IPC (0.00 IPC) --  N/A  KHz (0.01 KHz) 
**Core 06 Thread 29 Finished:   insts:19          cycles:6894       (6893)  seconds:3     -- 0.00 IPC (0.00 IPC) --  N/A  KHz (0.01 KHz) 
**Core 06 Thread 37 Finished:   insts:19          cycles:6895       (6894)  seconds:3     -- 0.00 IPC (0.00 IPC) --  N/A  KHz (0.01 KHz) 
**Core 12 Thread 53 Finished:   insts:19          cycles:6896       (6895)  seconds:2     -- 0.00 IPC (0.00 IPC) --  N/A  KHz (0.01 KHz) 
**Core 14 Thread 24 Finished:   insts:19          cycles:6896       (6895)  seconds:2     -- 0.00 IPC (0.00 IPC) --  N/A  KHz (0.01 KHz) 
**Core 14 Thread 54 Finished:   insts:19          cycles:6899       (6898)  seconds:2     -- 0.00 IPC (0.00 IPC) --  N/A  KHz (0.01 KHz) 
**Core 12 Thread 73 Finished:   insts:19          cycles:6900       (6899)  seconds:2     -- 0.00 IPC (0.00 IPC) --  N/A  KHz (0.01 KHz) 
**Core 06 Thread 02 Finished:   insts:19          cycles:6904       (6903)  seconds:3     -- 0.00 IPC (0.00 IPC) --  N/A  KHz (0.01 KHz) 
**Core 14 Thread 07 Finished:   insts:19          cycles:6908       (6907)  seconds:2     -- 0.00 IPC (0.00 IPC) --  N/A  KHz (0.01 KHz) 
**Core 12 Thread 36 Finished:   insts:19          cycles:6911       (6910)  seconds:2     -- 0.00 IPC (0.00 IPC) --  N/A  KHz (0.01 KHz) 
**Core 02 Thread 45 Finished:   insts:19          cycles:6913       (6912)  seconds:3     -- 0.00 IPC (0.00 IPC) --  N/A  KHz (0.01 KHz) 
**Core 06 Thread 58 Finished:   insts:19          cycles:6913       (6912)  seconds:3     -- 0.00 IPC (0.00 IPC) --  N/A  KHz (0.01 KHz) 
**Core 06 Thread 67 Finished:   insts:19          cycles:6915       (6914)  seconds:3     -- 0.00 IPC (0.00 IPC) --  N/A  KHz (0.01 KHz) 
**Core 02 Thread 95 Finished:   insts:19          cycles:6916       (6915)  seconds:3     -- 0.00 IPC (0.00 IPC) --  N/A  KHz (0.01 KHz) 
**Core 12 Thread 11 Finished:   insts:19          cycles:6917       (6916)  seconds:2     -- 0.00 IPC (0.00 IPC) --  N/A  KHz (0.01 KHz) 
**Core 06 Thread 31 Finished:   insts:19          cycles:6924       (6923)  seconds:3     -- 0.00 IPC (0.00 IPC) --  N/A  KHz (0.01 KHz) 
**Core 06 Thread 32 Finished:   insts:19          cycles:6926       (6925)  seconds:3     -- 0.00 IPC (0.00 IPC) --  N/A  KHz (0.01 KHz) 
**Core 12 Thread 54 Finished:   insts:19          cycles:6928       (6927)  seconds:2     -- 0.00 IPC (0.00 IPC) --  N/A  KHz (0.01 KHz) 
**Core 14 Thread 27 Finished:   insts:19          cycles:6928       (6927)  seconds:2     -- 0.00 IPC (0.00 IPC) --  N/A  KHz (0.01 KHz) 
**Core 12 Thread 76 Finished:   insts:19          cycles:6932       (6931)  seconds:2     -- 0.00 IPC (0.00 IPC) --  N/A  KHz (0.01 KHz) 
**Core 01 Thread 68 Finished:   insts:19          cycles:6932       (6931)  seconds:3     -- 0.00 IPC (0.00 IPC) --  N/A  KHz (0.01 KHz) 
**Core 06 Thread 01 Finished:   insts:19          cycles:6935       (6934)  seconds:3     -- 0.00 IPC (0.00 IPC) --  N/A  KHz (0.01 KHz) 
**Core 02 Thread 26 Finished:   insts:19          cycles:6940       (6939)  seconds:3     -- 0.00 IPC (0.00 IPC) --  N/A  KHz (0.01 KHz) 
**Core 12 Thread 37 Finished:   insts:19          cycles:6943       (6942)  seconds:2     -- 0.00 IPC (0.00 IPC) --  N/A  KHz (0.01 KHz) 
**Core 01 Thread 83 Finished:   insts:19          cycles:6944       (6943)  seconds:3     -- 0.00 IPC (0.00 IPC) --  N/A  KHz (0.01 KHz) 
**Core 02 Thread 48 Finished:   insts:19          cycles:6945       (6944)  seconds:3     -- 0.00 IPC (0.00 IPC) --  N/A  KHz (0.01 KHz) 
**Core 02 Thread 38 Finished:   insts:19          cycles:6945       (6944)  seconds:3     -- 0.00 IPC (0.00 IPC) --  N/A  KHz (0.01 KHz) 
**Core 06 Thread 72 Finished:   insts:19          cycles:6946       (6945)  seconds:3     -- 0.00 IPC (0.00 IPC) --  N/A  KHz (0.01 KHz) 
**Core 12 Thread 15 Finished:   insts:19          cycles:6949       (6948)  seconds:2     -- 0.00 IPC (0.00 IPC) --  N/A  KHz (0.01 KHz) 
**Core 06 Thread 20 Finished:   insts:19          cycles:6956       (6955)  seconds:3     -- 0.00 IPC (0.00 IPC) --  N/A  KHz (0.01 KHz) 
**Core 10 Thread 37 Finished:   insts:19          cycles:6958       (6957)  seconds:2     -- 0.00 IPC (0.00 IPC) --  N/A  KHz (0.01 KHz) 
**Core 12 Thread 16 Finished:   insts:19          cycles:6960       (6959)  seconds:2     -- 0.00 IPC (0.00 IPC) --  N/A  KHz (0.01 KHz) 
**Core 13 Thread 31 Finished:   insts:19          cycles:6960       (6959)  seconds:2     -- 0.00 IPC (0.00 IPC) --  N/A  KHz (0.01 KHz) 
**Core 12 Thread 55 Finished:   insts:19          cycles:6964       (6963)  seconds:2     -- 0.00 IPC (0.00 IPC) --  N/A  KHz (0.01 KHz) 
**Core 01 Thread 74 Finished:   insts:19          cycles:6964       (6963)  seconds:3     -- 0.00 IPC (0.00 IPC) --  N/A  KHz (0.01 KHz) 
**Core 12 Thread 75 Finished:   insts:19          cycles:6965       (6964)  seconds:2     -- 0.00 IPC (0.00 IPC) --  N/A  KHz (0.01 KHz) 
**Core 02 Thread 08 Finished:   insts:19          cycles:6967       (6966)  seconds:3     -- 0.00 IPC (0.00 IPC) --  N/A  KHz (0.01 KHz) 
**Core 01 Thread 88 Finished:   insts:19          cycles:6971       (6970)  seconds:3     -- 0.00 IPC (0.00 IPC) --  N/A  KHz (0.01 KHz) 
**Core 14 Thread 11 Finished:   insts:19          cycles:6972       (6971)  seconds:2     -- 0.00 IPC (0.00 IPC) --  N/A  KHz (0.01 KHz) 
**Core 12 Thread 40 Finished:   insts:19          cycles:6974       (6973)  seconds:2     -- 0.00 IPC (0.00 IPC) --  N/A  KHz (0.01 KHz) 
**Core 02 Thread 55 Finished:   insts:19          cycles:6976       (6975)  seconds:3     -- 0.00 IPC (0.00 IPC) --  N/A  KHz (0.01 KHz) 
**Core 02 Thread 47 Finished:   insts:19          cycles:6976       (6975)  seconds:3     -- 0.00 IPC (0.00 IPC) --  N/A  KHz (0.01 KHz) 
**Core 07 Thread 68 Finished:   insts:19          cycles:6977       (6976)  seconds:2     -- 0.00 IPC (0.00 IPC) --  N/A  KHz (0.01 KHz) 
**Core 12 Thread 00 Finished:   insts:19          cycles:6981       (6980)  seconds:2     -- 0.00 IPC (0.00 IPC) --  N/A  KHz (0.01 KHz) 
**Core 12 Thread 21 Finished:   insts:19          cycles:6988       (6987)  seconds:2     -- 0.00 IPC (0.00 IPC) --  N/A  KHz (0.01 KHz) 
**Core 06 Thread 23 Finished:   insts:19          cycles:6988       (6987)  seconds:3     -- 0.00 IPC (0.00 IPC) --  N/A  KHz (0.01 KHz) 
**Core 06 Thread 38 Finished:   insts:19          cycles:6990       (6989)  seconds:3     -- 0.00 IPC (0.00 IPC) --  N/A  KHz (0.01 KHz) 
**Core 12 Thread 60 Finished:   insts:19          cycles:6992       (6991)  seconds:2     -- 0.00 IPC (0.00 IPC) --  N/A  KHz (0.01 KHz) 
**Core 14 Thread 53 Finished:   insts:19          cycles:6992       (6991)  seconds:2     -- 0.00 IPC (0.00 IPC) --  N/A  KHz (0.01 KHz) 
**Core 12 Thread 79 Finished:   insts:19          cycles:6995       (6994)  seconds:2     -- 0.00 IPC (0.00 IPC) --  N/A  KHz (0.01 KHz) 
**Core 06 Thread 05 Finished:   insts:19          cycles:6997       (6996)  seconds:3     -- 0.00 IPC (0.00 IPC) --  N/A  KHz (0.01 KHz) 
**Core 01 Thread 94 Finished:   insts:19          cycles:7000       (6999)  seconds:3     -- 0.00 IPC (0.00 IPC) --  N/A  KHz (0.01 KHz) 
**Core 14 Thread 13 Finished:   insts:19          cycles:7004       (7003)  seconds:2     -- 0.00 IPC (0.00 IPC) --  N/A  KHz (0.01 KHz) 
**Core 02 Thread 42 Finished:   insts:19          cycles:7004       (7003)  seconds:3     -- 0.00 IPC (0.00 IPC) --  N/A  KHz (0.01 KHz) 
**Core 02 Thread 50 Finished:   insts:19          cycles:7008       (7007)  seconds:3     -- 0.00 IPC (0.00 IPC) --  N/A  KHz (0.01 KHz) 
**Core 12 Thread 39 Finished:   insts:19          cycles:7008       (7007)  seconds:2     -- 0.00 IPC (0.00 IPC) --  N/A  KHz (0.01 KHz) 
**Core 06 Thread 74 Finished:   insts:19          cycles:7009       (7008)  seconds:3     -- 0.00 IPC (0.00 IPC) --  N/A  KHz (0.01 KHz) 
**Core 12 Thread 02 Finished:   insts:19          cycles:7015       (7014)  seconds:2     -- 0.00 IPC (0.00 IPC) --  N/A  KHz (0.01 KHz) 
**Core 12 Thread 23 Finished:   insts:19          cycles:7016       (7015)  seconds:2     -- 0.00 IPC (0.00 IPC) --  N/A  KHz (0.01 KHz) 
**Core 06 Thread 24 Finished:   insts:19          cycles:7020       (7019)  seconds:3     -- 0.00 IPC (0.00 IPC) --  N/A  KHz (0.01 KHz) 
**Core 06 Thread 43 Finished:   insts:19          cycles:7022       (7021)  seconds:3     -- 0.00 IPC (0.00 IPC) --  N/A  KHz (0.01 KHz) 
**Core 01 Thread 77 Finished:   insts:19          cycles:7025       (7024)  seconds:3     -- 0.00 IPC (0.00 IPC) --  N/A  KHz (0.01 KHz) 
**Core 12 Thread 61 Finished:   insts:19          cycles:7025       (7024)  seconds:2     -- 0.00 IPC (0.00 IPC) --  N/A  KHz (0.01 KHz) 
**Core 12 Thread 69 Finished:   insts:19          cycles:7027       (7026)  seconds:2     -- 0.00 IPC (0.00 IPC) --  N/A  KHz (0.01 KHz) 
**Core 01 Thread 89 Finished:   insts:19          cycles:7027       (7026)  seconds:3     -- 0.00 IPC (0.00 IPC) --  N/A  KHz (0.01 KHz) 
**Core 02 Thread 10 Finished:   insts:19          cycles:7029       (7028)  seconds:3     -- 0.00 IPC (0.00 IPC) --  N/A  KHz (0.01 KHz) 
**Core 01 Thread 34 Finished:   insts:19          cycles:7032       (7031)  seconds:3     -- 0.00 IPC (0.00 IPC) --  N/A  KHz (0.01 KHz) 
**Core 14 Thread 15 Finished:   insts:19          cycles:7036       (7035)  seconds:2     -- 0.00 IPC (0.00 IPC) --  N/A  KHz (0.01 KHz) 
**Core 12 Thread 41 Finished:   insts:19          cycles:7039       (7038)  seconds:2     -- 0.00 IPC (0.00 IPC) --  N/A  KHz (0.01 KHz) 
**Core 02 Thread 52 Finished:   insts:19          cycles:7040       (7039)  seconds:3     -- 0.00 IPC (0.00 IPC) --  N/A  KHz (0.01 KHz) 
**Core 07 Thread 70 Finished:   insts:19          cycles:7041       (7040)  seconds:2     -- 0.00 IPC (0.00 IPC) --  N/A  KHz (0.01 KHz) 
**Core 12 Thread 22 Finished:   insts:19          cycles:7044       (7043)  seconds:2     -- 0.00 IPC (0.00 IPC) --  N/A  KHz (0.01 KHz) 
**Core 12 Thread 09 Finished:   insts:19          cycles:7047       (7046)  seconds:2     -- 0.00 IPC (0.00 IPC) --  N/A  KHz (0.01 KHz) 
**Core 06 Thread 26 Finished:   insts:19          cycles:7052       (7051)  seconds:3     -- 0.00 IPC (0.00 IPC) --  N/A  KHz (0.01 KHz) 
**Core 06 Thread 40 Finished:   insts:19          cycles:7054       (7053)  seconds:3     -- 0.00 IPC (0.00 IPC) --  N/A  KHz (0.01 KHz) 
**Core 02 Thread 80 Finished:   insts:19          cycles:7055       (7054)  seconds:3     -- 0.00 IPC (0.00 IPC) --  N/A  KHz (0.01 KHz) 
**Core 12 Thread 52 Finished:   insts:19          cycles:7056       (7055)  seconds:2     -- 0.00 IPC (0.00 IPC) --  N/A  KHz (0.01 KHz) 
**Core 14 Thread 55 Finished:   insts:19          cycles:7056       (7055)  seconds:2     -- 0.00 IPC (0.00 IPC) --  N/A  KHz (0.01 KHz) 
**Core 12 Thread 78 Finished:   insts:19          cycles:7059       (7058)  seconds:2     -- 0.00 IPC (0.00 IPC) --  N/A  KHz (0.01 KHz) 
**Core 02 Thread 35 Finished:   insts:19          cycles:7060       (7059)  seconds:3     -- 0.00 IPC (0.00 IPC) --  N/A  KHz (0.01 KHz) 
**Core 02 Thread 12 Finished:   insts:19          cycles:7061       (7060)  seconds:3     -- 0.00 IPC (0.00 IPC) --  N/A  KHz (0.01 KHz) 
**Core 02 Thread 27 Finished:   insts:19          cycles:7068       (7067)  seconds:3     -- 0.00 IPC (0.00 IPC) --  N/A  KHz (0.01 KHz) 
**Core 12 Thread 47 Finished:   insts:19          cycles:7070       (7069)  seconds:2     -- 0.00 IPC (0.00 IPC) --  N/A  KHz (0.01 KHz) 
**Core 15 Thread 64 Finished:   insts:19          cycles:7071       (7070)  seconds:2     -- 0.00 IPC (0.00 IPC) --  N/A  KHz (0.01 KHz) 
**Core 02 Thread 59 Finished:   insts:19          cycles:7072       (7071)  seconds:3     -- 0.00 IPC (0.00 IPC) --  N/A  KHz (0.01 KHz) 
**Core 12 Thread 26 Finished:   insts:19          cycles:7072       (7071)  seconds:2     -- 0.00 IPC (0.00 IPC) --  N/A  KHz (0.01 KHz) 
**Core 05 Thread 64 Finished:   insts:19          cycles:7075       (7074)  seconds:3     -- 0.00 IPC (0.00 IPC) --  N/A  KHz (0.01 KHz) 
**Core 12 Thread 12 Finished:   insts:19          cycles:7079       (7078)  seconds:2     -- 0.00 IPC (0.00 IPC) --  N/A  KHz (0.01 KHz) 
**Core 06 Thread 28 Finished:   insts:19          cycles:7084       (7083)  seconds:3     -- 0.00 IPC (0.00 IPC) --  N/A  KHz (0.01 KHz) 
**Core 10 Thread 41 Finished:   insts:19          cycles:7086       (7085)  seconds:2     -- 0.00 IPC (0.00 IPC) --  N/A  KHz (0.01 KHz) 
**Core 02 Thread 81 Finished:   insts:19          cycles:7087       (7086)  seconds:3     -- 0.00 IPC (0.00 IPC) --  N/A  KHz (0.01 KHz) 
**Core 05 Thread 33 Finished:   insts:19          cycles:7088       (7087)  seconds:3     -- 0.00 IPC (0.00 IPC) --  N/A  KHz (0.01 KHz) 
**Core 08 Thread 52 Finished:   insts:19          cycles:7088       (7087)  seconds:2     -- 0.00 IPC (0.00 IPC) --  N/A  KHz (0.01 KHz) 
**Core 14 Thread 56 Finished:   insts:19          cycles:7089       (7088)  seconds:2     -- 0.00 IPC (0.00 IPC) --  N/A  KHz (0.01 KHz) 
**Core 12 Thread 64 Finished:   insts:19          cycles:7090       (7089)  seconds:2     -- 0.00 IPC (0.00 IPC) --  N/A  KHz (0.01 KHz) 
**Core 02 Thread 15 Finished:   insts:19          cycles:7093       (7092)  seconds:3     -- 0.00 IPC (0.00 IPC) --  N/A  KHz (0.01 KHz) 
**Core 12 Thread 29 Finished:   insts:19          cycles:7100       (7099)  seconds:2     -- 0.00 IPC (0.00 IPC) --  N/A  KHz (0.01 KHz) 
**Core 01 Thread 26 Finished:   insts:19          cycles:7100       (7099)  seconds:3     -- 0.00 IPC (0.00 IPC) --  N/A  KHz (0.01 KHz) 
**Core 12 Thread 33 Finished:   insts:19          cycles:7102       (7101)  seconds:2     -- 0.00 IPC (0.00 IPC) --  N/A  KHz (0.01 KHz) 
**Core 15 Thread 68 Finished:   insts:19          cycles:7103       (7102)  seconds:2     -- 0.00 IPC (0.00 IPC) --  N/A  KHz (0.01 KHz) 
**Core 02 Thread 56 Finished:   insts:19          cycles:7104       (7103)  seconds:3     -- 0.00 IPC (0.00 IPC) --  N/A  KHz (0.01 KHz) 
**Core 06 Thread 75 Finished:   insts:19          cycles:7104       (7103)  seconds:3     -- 0.00 IPC (0.00 IPC) --  N/A  KHz (0.01 KHz) 
**Core 12 Thread 14 Finished:   insts:19          cycles:7109       (7108)  seconds:2     -- 0.00 IPC (0.00 IPC) --  N/A  KHz (0.01 KHz) 
**Core 05 Thread 32 Finished:   insts:19          cycles:7116       (7115)  seconds:3     -- 0.00 IPC (0.00 IPC) --  N/A  KHz (0.01 KHz) 
**Core 06 Thread 30 Finished:   insts:19          cycles:7116       (7115)  seconds:3     -- 0.00 IPC (0.00 IPC) --  N/A  KHz (0.01 KHz) 
**Core 06 Thread 44 Finished:   insts:19          cycles:7119       (7118)  seconds:3     -- 0.00 IPC (0.00 IPC) --  N/A  KHz (0.01 KHz) 
**Core 02 Thread 83 Finished:   insts:19          cycles:7120       (7119)  seconds:3     -- 0.00 IPC (0.00 IPC) --  N/A  KHz (0.01 KHz) 
**Core 12 Thread 57 Finished:   insts:19          cycles:7121       (7120)  seconds:2     -- 0.00 IPC (0.00 IPC) --  N/A  KHz (0.01 KHz) 
**Core 14 Thread 58 Finished:   insts:19          cycles:7121       (7120)  seconds:2     -- 0.00 IPC (0.00 IPC) --  N/A  KHz (0.01 KHz) 
**Core 12 Thread 65 Finished:   insts:19          cycles:7123       (7122)  seconds:2     -- 0.00 IPC (0.00 IPC) --  N/A  KHz (0.01 KHz) 
**Core 06 Thread 12 Finished:   insts:19          cycles:7125       (7124)  seconds:3     -- 0.00 IPC (0.00 IPC) --  N/A  KHz (0.01 KHz) 
**Core 12 Thread 27 Finished:   insts:19          cycles:7128       (7127)  seconds:2     -- 0.00 IPC (0.00 IPC) --  N/A  KHz (0.01 KHz) 
**Core 15 Thread 16 Finished:   insts:19          cycles:7132       (7131)  seconds:2     -- 0.00 IPC (0.00 IPC) --  N/A  KHz (0.01 KHz) 
**Core 01 Thread 27 Finished:   insts:19          cycles:7132       (7131)  seconds:3     -- 0.00 IPC (0.00 IPC) --  N/A  KHz (0.01 KHz) 
**Core 12 Thread 35 Finished:   insts:19          cycles:7134       (7133)  seconds:2     -- 0.00 IPC (0.00 IPC) --  N/A  KHz (0.01 KHz) 
**Core 15 Thread 71 Finished:   insts:19          cycles:7135       (7134)  seconds:2     -- 0.00 IPC (0.00 IPC) --  N/A  KHz (0.01 KHz) 
**Core 02 Thread 63 Finished:   insts:19          cycles:7136       (7135)  seconds:3     -- 0.00 IPC (0.00 IPC) --  N/A  KHz (0.01 KHz) 
**Core 05 Thread 66 Finished:   insts:19          cycles:7136       (7135)  seconds:3     -- 0.00 IPC (0.00 IPC) --  N/A  KHz (0.01 KHz) 
**Core 12 Thread 07 Finished:   insts:19          cycles:7143       (7142)  seconds:2     -- 0.00 IPC (0.00 IPC) --  N/A  KHz (0.01 KHz) 
**Core 05 Thread 16 Finished:   insts:19          cycles:7148       (7147)  seconds:3     -- 0.00 IPC (0.00 IPC) --  N/A  KHz (0.01 KHz) 
**Core 05 Thread 35 Finished:   insts:19          cycles:7148       (7147)  seconds:3     -- 0.00 IPC (0.00 IPC) --  N/A  KHz (0.01 KHz) 
**Core 07 Thread 34 Finished:   insts:19          cycles:7150       (7149)  seconds:2     -- 0.00 IPC (0.00 IPC) --  N/A  KHz (0.01 KHz) 
**Core 02 Thread 85 Finished:   insts:19          cycles:7151       (7150)  seconds:3     -- 0.00 IPC (0.00 IPC) --  N/A  KHz (0.01 KHz) 
**Core 02 Thread 69 Finished:   insts:19          cycles:7152       (7151)  seconds:3     -- 0.00 IPC (0.00 IPC) --  N/A  KHz (0.01 KHz) 
**Core 12 Thread 58 Finished:   insts:19          cycles:7152       (7151)  seconds:2     -- 0.00 IPC (0.00 IPC) --  N/A  KHz (0.01 KHz) 
**Core 12 Thread 70 Finished:   insts:19          cycles:7154       (7153)  seconds:2     -- 0.00 IPC (0.00 IPC) --  N/A  KHz (0.01 KHz) 
**Core 12 Thread 28 Finished:   insts:19          cycles:7156       (7155)  seconds:2     -- 0.00 IPC (0.00 IPC) --  N/A  KHz (0.01 KHz) 
**Core 06 Thread 07 Finished:   insts:19          cycles:7157       (7156)  seconds:3     -- 0.00 IPC (0.00 IPC) --  N/A  KHz (0.01 KHz) 
**Core 15 Thread 17 Finished:   insts:19          cycles:7164       (7163)  seconds:2     -- 0.00 IPC (0.00 IPC) --  N/A  KHz (0.01 KHz) 
**Core 01 Thread 29 Finished:   insts:19          cycles:7164       (7163)  seconds:3     -- 0.00 IPC (0.00 IPC) --  N/A  KHz (0.01 KHz) 
**Core 12 Thread 46 Finished:   insts:19          cycles:7166       (7165)  seconds:2     -- 0.00 IPC (0.00 IPC) --  N/A  KHz (0.01 KHz) 
**Core 05 Thread 67 Finished:   insts:19          cycles:7168       (7167)  seconds:3     -- 0.00 IPC (0.00 IPC) --  N/A  KHz (0.01 KHz) 
**Core 06 Thread 59 Finished:   insts:19          cycles:7168       (7167)  seconds:3     -- 0.00 IPC (0.00 IPC) --  N/A  KHz (0.01 KHz) 
**Core 12 Thread 08 Finished:   insts:19          cycles:7173       (7172)  seconds:2     -- 0.00 IPC (0.00 IPC) --  N/A  KHz (0.01 KHz) 
**Core 02 Thread 90 Finished:   insts:19          cycles:7179       (7178)  seconds:3     -- 0.00 IPC (0.00 IPC) --  N/A  KHz (0.01 KHz) 
**Core 05 Thread 39 Finished:   insts:19          cycles:7180       (7179)  seconds:3     -- 0.00 IPC (0.00 IPC) --  N/A  KHz (0.01 KHz) 
**Core 07 Thread 16 Finished:   insts:19          cycles:7180       (7179)  seconds:2     -- 0.00 IPC (0.00 IPC) --  N/A  KHz (0.01 KHz) 
**Core 07 Thread 35 Finished:   insts:19          cycles:7182       (7181)  seconds:2     -- 0.00 IPC (0.00 IPC) --  N/A  KHz (0.01 KHz) 
**Core 12 Thread 59 Finished:   insts:19          cycles:7184       (7183)  seconds:2     -- 0.00 IPC (0.00 IPC) --  N/A  KHz (0.01 KHz) 
**Core 12 Thread 30 Finished:   insts:19          cycles:7184       (7183)  seconds:2     -- 0.00 IPC (0.00 IPC) --  N/A  KHz (0.01 KHz) 
**Core 12 Thread 71 Finished:   insts:19          cycles:7187       (7186)  seconds:2     -- 0.00 IPC (0.00 IPC) --  N/A  KHz (0.01 KHz) 
**Core 02 Thread 71 Finished:   insts:19          cycles:7187       (7186)  seconds:3     -- 0.00 IPC (0.00 IPC) --  N/A  KHz (0.01 KHz) 
**Core 06 Thread 11 Finished:   insts:19          cycles:7190       (7189)  seconds:3     -- 0.00 IPC (0.00 IPC) --  N/A  KHz (0.01 KHz) 
**Core 13 Thread 79 Finished:   insts:19          cycles:7195       (7194)  seconds:2     -- 0.00 IPC (0.00 IPC) --  N/A  KHz (0.01 KHz) 
**Core 15 Thread 19 Finished:   insts:19          cycles:7196       (7195)  seconds:2     -- 0.00 IPC (0.00 IPC) --  N/A  KHz (0.01 KHz) 
**Core 01 Thread 30 Finished:   insts:19          cycles:7196       (7195)  seconds:3     -- 0.00 IPC (0.00 IPC) --  N/A  KHz (0.01 KHz) 
**Core 12 Thread 43 Finished:   insts:19          cycles:7199       (7198)  seconds:2     -- 0.00 IPC (0.00 IPC) --  N/A  KHz (0.01 KHz) 
**Core 05 Thread 56 Finished:   insts:19          cycles:7200       (7199)  seconds:3     -- 0.00 IPC (0.00 IPC) --  N/A  KHz (0.01 KHz) 
**Core 07 Thread 75 Finished:   insts:19          cycles:7200       (7199)  seconds:2     -- 0.00 IPC (0.00 IPC) --  N/A  KHz (0.01 KHz) 
**Core 08 Thread 00 Finished:   insts:19          cycles:7205       (7204)  seconds:2     -- 0.00 IPC (0.00 IPC) --  N/A  KHz (0.01 KHz) 
**Core 15 Thread 76 Finished:   insts:19          cycles:7211       (7210)  seconds:2     -- 0.00 IPC (0.00 IPC) --  N/A  KHz (0.01 KHz) 
**Core 05 Thread 34 Finished:   insts:19          cycles:7212       (7211)  seconds:3     -- 0.00 IPC (0.00 IPC) --  N/A  KHz (0.01 KHz) 
**Core 10 Thread 26 Finished:   insts:19          cycles:7212       (7211)  seconds:2     -- 0.00 IPC (0.00 IPC) --  N/A  KHz (0.01 KHz) 
**Core 07 Thread 20 Finished:   insts:19          cycles:7213       (7212)  seconds:2     -- 0.00 IPC (0.00 IPC) --  N/A  KHz (0.01 KHz) 
**Core 07 Thread 38 Finished:   insts:19          cycles:7214       (7213)  seconds:2     -- 0.00 IPC (0.00 IPC) --  N/A  KHz (0.01 KHz) 
**Core 02 Thread 74 Finished:   insts:19          cycles:7216       (7215)  seconds:3     -- 0.00 IPC (0.00 IPC) --  N/A  KHz (0.01 KHz) 
**Core 08 Thread 53 Finished:   insts:19          cycles:7216       (7215)  seconds:2     -- 0.00 IPC (0.00 IPC) --  N/A  KHz (0.01 KHz) 
**Core 12 Thread 77 Finished:   insts:19          cycles:7218       (7217)  seconds:2     -- 0.00 IPC (0.00 IPC) --  N/A  KHz (0.01 KHz) 
**Core 02 Thread 14 Finished:   insts:19          cycles:7221       (7220)  seconds:3     -- 0.00 IPC (0.00 IPC) --  N/A  KHz (0.01 KHz) 
**Core 13 Thread 76 Finished:   insts:19          cycles:7227       (7226)  seconds:2     -- 0.00 IPC (0.00 IPC) --  N/A  KHz (0.01 KHz) 
**Core 15 Thread 22 Finished:   insts:19          cycles:7228       (7227)  seconds:2     -- 0.00 IPC (0.00 IPC) --  N/A  KHz (0.01 KHz) 
**Core 01 Thread 16 Finished:   insts:19          cycles:7228       (7227)  seconds:3     -- 0.00 IPC (0.00 IPC) --  N/A  KHz (0.01 KHz) 
**Core 05 Thread 57 Finished:   insts:19          cycles:7232       (7231)  seconds:3     -- 0.00 IPC (0.00 IPC) --  N/A  KHz (0.01 KHz) 
**Core 07 Thread 76 Finished:   insts:19          cycles:7232       (7231)  seconds:2     -- 0.00 IPC (0.00 IPC) --  N/A  KHz (0.01 KHz) 
**Core 08 Thread 02 Finished:   insts:19          cycles:7237       (7236)  seconds:2     -- 0.00 IPC (0.00 IPC) --  N/A  KHz (0.01 KHz) 
**Core 12 Thread 31 Finished:   insts:19          cycles:7240       (7239)  seconds:2     -- 0.00 IPC (0.00 IPC) --  N/A  KHz (0.01 KHz) 
**Core 15 Thread 78 Finished:   insts:19          cycles:7243       (7242)  seconds:2     -- 0.00 IPC (0.00 IPC) --  N/A  KHz (0.01 KHz) 
**Core 07 Thread 40 Finished:   insts:19          cycles:7243       (7242)  seconds:2     -- 0.00 IPC (0.00 IPC) --  N/A  KHz (0.01 KHz) 
**Core 05 Thread 17 Finished:   insts:19          cycles:7244       (7243)  seconds:3     -- 0.00 IPC (0.00 IPC) --  N/A  KHz (0.01 KHz) 
**Core 05 Thread 38 Finished:   insts:19          cycles:7244       (7243)  seconds:3     -- 0.00 IPC (0.00 IPC) --  N/A  KHz (0.01 KHz) 
**Core 13 Thread 56 Finished:   insts:19          cycles:7248       (7247)  seconds:2     -- 0.00 IPC (0.00 IPC) --  N/A  KHz (0.01 KHz) 
**Core 14 Thread 59 Finished:   insts:19          cycles:7248       (7247)  seconds:2     -- 0.00 IPC (0.00 IPC) --  N/A  KHz (0.01 KHz) 
**Core 13 Thread 64 Finished:   insts:19          cycles:7251       (7250)  seconds:2     -- 0.00 IPC (0.00 IPC) --  N/A  KHz (0.01 KHz) 
**Core 06 Thread 15 Finished:   insts:19          cycles:7253       (7252)  seconds:3     -- 0.00 IPC (0.00 IPC) --  N/A  KHz (0.01 KHz) 
**Core 15 Thread 65 Finished:   insts:19          cycles:7259       (7258)  seconds:2     -- 0.00 IPC (0.00 IPC) --  N/A  KHz (0.01 KHz) 
**Core 15 Thread 23 Finished:   insts:19          cycles:7260       (7259)  seconds:2     -- 0.00 IPC (0.00 IPC) --  N/A  KHz (0.01 KHz) 
**Core 02 Thread 18 Finished:   insts:19          cycles:7260       (7259)  seconds:3     -- 0.00 IPC (0.00 IPC) --  N/A  KHz (0.01 KHz) 
**Core 05 Thread 69 Finished:   insts:19          cycles:7264       (7263)  seconds:3     -- 0.00 IPC (0.00 IPC) --  N/A  KHz (0.01 KHz) 
**Core 05 Thread 58 Finished:   insts:19          cycles:7264       (7263)  seconds:3     -- 0.00 IPC (0.00 IPC) --  N/A  KHz (0.01 KHz) 
**Core 13 Thread 16 Finished:   insts:19          cycles:7268       (7267)  seconds:2     -- 0.00 IPC (0.00 IPC) --  N/A  KHz (0.01 KHz) 
**Core 08 Thread 03 Finished:   insts:19          cycles:7269       (7268)  seconds:2     -- 0.00 IPC (0.00 IPC) --  N/A  KHz (0.01 KHz) 
**Core 05 Thread 46 Finished:   insts:19          cycles:7270       (7269)  seconds:3     -- 0.00 IPC (0.00 IPC) --  N/A  KHz (0.01 KHz) 
**Core 02 Thread 92 Finished:   insts:19          cycles:7275       (7274)  seconds:3     -- 0.00 IPC (0.00 IPC) --  N/A  KHz (0.01 KHz) 
**Core 05 Thread 41 Finished:   insts:19          cycles:7276       (7275)  seconds:3     -- 0.00 IPC (0.00 IPC) --  N/A  KHz (0.01 KHz) 
**Core 07 Thread 22 Finished:   insts:19          cycles:7276       (7275)  seconds:2     -- 0.00 IPC (0.00 IPC) --  N/A  KHz (0.01 KHz) 
**Core 13 Thread 57 Finished:   insts:19          cycles:7280       (7279)  seconds:2     -- 0.00 IPC (0.00 IPC) --  N/A  KHz (0.01 KHz) 
**Core 14 Thread 60 Finished:   insts:19          cycles:7280       (7279)  seconds:2     -- 0.00 IPC (0.00 IPC) --  N/A  KHz (0.01 KHz) 
**Core 13 Thread 65 Finished:   insts:19          cycles:7284       (7283)  seconds:2     -- 0.00 IPC (0.00 IPC) --  N/A  KHz (0.01 KHz) 
**Core 06 Thread 03 Finished:   insts:19          cycles:7285       (7284)  seconds:3     -- 0.00 IPC (0.00 IPC) --  N/A  KHz (0.01 KHz) 
**Core 13 Thread 33 Finished:   insts:19          cycles:7287       (7286)  seconds:2     -- 0.00 IPC (0.00 IPC) --  N/A  KHz (0.01 KHz) 
**Core 15 Thread 67 Finished:   insts:19          cycles:7291       (7290)  seconds:2     -- 0.00 IPC (0.00 IPC) --  N/A  KHz (0.01 KHz) 
**Core 15 Thread 26 Finished:   insts:19          cycles:7292       (7291)  seconds:2     -- 0.00 IPC (0.00 IPC) --  N/A  KHz (0.01 KHz) 
**Core 02 Thread 20 Finished:   insts:19          cycles:7292       (7291)  seconds:3     -- 0.00 IPC (0.00 IPC) --  N/A  KHz (0.01 KHz) 
**Core 06 Thread 60 Finished:   insts:19          cycles:7296       (7295)  seconds:3     -- 0.00 IPC (0.00 IPC) --  N/A  KHz (0.01 KHz) 
**Core 13 Thread 24 Finished:   insts:19          cycles:7296       (7295)  seconds:2     -- 0.00 IPC (0.00 IPC) --  N/A  KHz (0.01 KHz) 
**Core 07 Thread 77 Finished:   insts:19          cycles:7297       (7296)  seconds:2     -- 0.00 IPC (0.00 IPC) --  N/A  KHz (0.01 KHz) 
**Core 08 Thread 08 Finished:   insts:19          cycles:7301       (7300)  seconds:2     -- 0.00 IPC (0.00 IPC) --  N/A  KHz (0.01 KHz) 
**Core 05 Thread 44 Finished:   insts:19          cycles:7303       (7302)  seconds:3     -- 0.00 IPC (0.00 IPC) --  N/A  KHz (0.01 KHz) 
**Core 02 Thread 86 Finished:   insts:19          cycles:7307       (7306)  seconds:3     -- 0.00 IPC (0.00 IPC) --  N/A  KHz (0.01 KHz) 
**Core 02 Thread 40 Finished:   insts:19          cycles:7308       (7307)  seconds:3     -- 0.00 IPC (0.00 IPC) --  N/A  KHz (0.01 KHz) 
**Core 05 Thread 20 Finished:   insts:19          cycles:7308       (7307)  seconds:3     -- 0.00 IPC (0.00 IPC) --  N/A  KHz (0.01 KHz) 
**Core 14 Thread 43 Finished:   insts:19          cycles:7310       (7309)  seconds:2     -- 0.00 IPC (0.00 IPC) --  N/A  KHz (0.01 KHz) 
**Core 13 Thread 58 Finished:   insts:19          cycles:7312       (7311)  seconds:2     -- 0.00 IPC (0.00 IPC) --  N/A  KHz (0.01 KHz) 
**Core 14 Thread 57 Finished:   insts:19          cycles:7312       (7311)  seconds:2     -- 0.00 IPC (0.00 IPC) --  N/A  KHz (0.01 KHz) 
**Core 13 Thread 67 Finished:   insts:19          cycles:7314       (7313)  seconds:2     -- 0.00 IPC (0.00 IPC) --  N/A  KHz (0.01 KHz) 
**Core 06 Thread 06 Finished:   insts:19          cycles:7317       (7316)  seconds:3     -- 0.00 IPC (0.00 IPC) --  N/A  KHz (0.01 KHz) 
**Core 13 Thread 38 Finished:   insts:19          cycles:7319       (7318)  seconds:2     -- 0.00 IPC (0.00 IPC) --  N/A  KHz (0.01 KHz) 
**Core 15 Thread 69 Finished:   insts:19          cycles:7323       (7322)  seconds:2     -- 0.00 IPC (0.00 IPC) --  N/A  KHz (0.01 KHz) 
**Core 13 Thread 27 Finished:   insts:19          cycles:7324       (7323)  seconds:2     -- 0.00 IPC (0.00 IPC) --  N/A  KHz (0.01 KHz) 
**Core 02 Thread 23 Finished:   insts:19          cycles:7324       (7323)  seconds:3     -- 0.00 IPC (0.00 IPC) --  N/A  KHz (0.01 KHz) 
**Core 15 Thread 27 Finished:   insts:19          cycles:7327       (7326)  seconds:2     -- 0.00 IPC (0.00 IPC) --  N/A  KHz (0.01 KHz) 
**Core 05 Thread 70 Finished:   insts:19          cycles:7328       (7327)  seconds:3     -- 0.00 IPC (0.00 IPC) --  N/A  KHz (0.01 KHz) 
**Core 05 Thread 50 Finished:   insts:19          cycles:7328       (7327)  seconds:3     -- 0.00 IPC (0.00 IPC) --  N/A  KHz (0.01 KHz) 
**Core 13 Thread 01 Finished:   insts:19          cycles:7333       (7332)  seconds:2     -- 0.00 IPC (0.00 IPC) --  N/A  KHz (0.01 KHz) 
**Core 08 Thread 33 Finished:   insts:19          cycles:7335       (7334)  seconds:2     -- 0.00 IPC (0.00 IPC) --  N/A  KHz (0.01 KHz) 
**Core 14 Thread 36 Finished:   insts:19          cycles:7339       (7338)  seconds:2     -- 0.00 IPC (0.00 IPC) --  N/A  KHz (0.01 KHz) 
**Core 15 Thread 77 Finished:   insts:19          cycles:7340       (7339)  seconds:2     -- 0.00 IPC (0.00 IPC) --  N/A  KHz (0.01 KHz) 
**Core 05 Thread 21 Finished:   insts:19          cycles:7340       (7339)  seconds:3     -- 0.00 IPC (0.00 IPC) --  N/A  KHz (0.01 KHz) 
**Core 05 Thread 43 Finished:   insts:19          cycles:7341       (7340)  seconds:3     -- 0.00 IPC (0.00 IPC) --  N/A  KHz (0.01 KHz) 
**Core 02 Thread 68 Finished:   insts:19          cycles:7344       (7343)  seconds:3     -- 0.00 IPC (0.00 IPC) --  N/A  KHz (0.01 KHz) 
**Core 13 Thread 59 Finished:   insts:19          cycles:7344       (7343)  seconds:2     -- 0.00 IPC (0.00 IPC) --  N/A  KHz (0.01 KHz) 
**Core 13 Thread 69 Finished:   insts:19          cycles:7347       (7346)  seconds:2     -- 0.00 IPC (0.00 IPC) --  N/A  KHz (0.01 KHz) 
**Core 06 Thread 08 Finished:   insts:19          cycles:7349       (7348)  seconds:3     -- 0.00 IPC (0.00 IPC) --  N/A  KHz (0.01 KHz) 
**Core 13 Thread 42 Finished:   insts:19          cycles:7351       (7350)  seconds:2     -- 0.00 IPC (0.00 IPC) --  N/A  KHz (0.01 KHz) 
**Core 15 Thread 72 Finished:   insts:19          cycles:7355       (7354)  seconds:2     -- 0.00 IPC (0.00 IPC) --  N/A  KHz (0.01 KHz) 
**Core 15 Thread 25 Finished:   insts:19          cycles:7356       (7355)  seconds:2     -- 0.00 IPC (0.00 IPC) --  N/A  KHz (0.01 KHz) 
**Core 01 Thread 25 Finished:   insts:19          cycles:7356       (7355)  seconds:3     -- 0.00 IPC (0.00 IPC) --  N/A  KHz (0.01 KHz) 
**Core 06 Thread 61 Finished:   insts:19          cycles:7360       (7359)  seconds:3     -- 0.00 IPC (0.00 IPC) --  N/A  KHz (0.01 KHz) 
**Core 07 Thread 79 Finished:   insts:19          cycles:7360       (7359)  seconds:2     -- 0.00 IPC (0.00 IPC) --  N/A  KHz (0.01 KHz) 
**Core 08 Thread 12 Finished:   insts:19          cycles:7365       (7364)  seconds:2     -- 0.00 IPC (0.00 IPC) --  N/A  KHz (0.01 KHz) 
**Core 15 Thread 33 Finished:   insts:19          cycles:7366       (7365)  seconds:2     -- 0.00 IPC (0.00 IPC) --  N/A  KHz (0.01 KHz) 
**Core 08 Thread 32 Finished:   insts:19          cycles:7367       (7366)  seconds:2     -- 0.00 IPC (0.00 IPC) --  N/A  KHz (0.01 KHz) 
**Core 05 Thread 22 Finished:   insts:19          cycles:7372       (7371)  seconds:3     -- 0.00 IPC (0.00 IPC) --  N/A  KHz (0.01 KHz) 
**Core 05 Thread 40 Finished:   insts:19          cycles:7372       (7371)  seconds:3     -- 0.00 IPC (0.00 IPC) --  N/A  KHz (0.01 KHz) 
**Core 02 Thread 70 Finished:   insts:19          cycles:7376       (7375)  seconds:3     -- 0.00 IPC (0.00 IPC) --  N/A  KHz (0.01 KHz) 
**Core 08 Thread 56 Finished:   insts:19          cycles:7376       (7375)  seconds:2     -- 0.00 IPC (0.00 IPC) --  N/A  KHz (0.01 KHz) 
**Core 11 Thread 70 Finished:   insts:19          cycles:7378       (7377)  seconds:2     -- 0.00 IPC (0.00 IPC) --  N/A  KHz (0.01 KHz) 
**Core 06 Thread 13 Finished:   insts:19          cycles:7381       (7380)  seconds:3     -- 0.00 IPC (0.00 IPC) --  N/A  KHz (0.01 KHz) 
**Core 13 Thread 39 Finished:   insts:19          cycles:7383       (7382)  seconds:2     -- 0.00 IPC (0.00 IPC) --  N/A  KHz (0.01 KHz) 
**Core 15 Thread 74 Finished:   insts:19          cycles:7383       (7382)  seconds:2     -- 0.00 IPC (0.00 IPC) --  N/A  KHz (0.01 KHz) 
**Core 15 Thread 20 Finished:   insts:19          cycles:7388       (7387)  seconds:2     -- 0.00 IPC (0.00 IPC) --  N/A  KHz (0.01 KHz) 
**Core 01 Thread 20 Finished:   insts:19          cycles:7388       (7387)  seconds:3     -- 0.00 IPC (0.00 IPC) --  N/A  KHz (0.01 KHz) 
**Core 05 Thread 72 Finished:   insts:19          cycles:7392       (7391)  seconds:3     -- 0.00 IPC (0.00 IPC) --  N/A  KHz (0.01 KHz) 
**Core 05 Thread 59 Finished:   insts:19          cycles:7392       (7391)  seconds:3     -- 0.00 IPC (0.00 IPC) --  N/A  KHz (0.01 KHz) 
**Core 15 Thread 39 Finished:   insts:19          cycles:7394       (7393)  seconds:2     -- 0.00 IPC (0.00 IPC) --  N/A  KHz (0.01 KHz) 
**Core 08 Thread 13 Finished:   insts:19          cycles:7397       (7396)  seconds:2     -- 0.00 IPC (0.00 IPC) --  N/A  KHz (0.01 KHz) 
**Core 08 Thread 37 Finished:   insts:19          cycles:7399       (7398)  seconds:2     -- 0.00 IPC (0.00 IPC) --  N/A  KHz (0.01 KHz) 
**Core 05 Thread 42 Finished:   insts:19          cycles:7404       (7403)  seconds:3     -- 0.00 IPC (0.00 IPC) --  N/A  KHz (0.01 KHz) 
**Core 07 Thread 30 Finished:   insts:19          cycles:7404       (7403)  seconds:2     -- 0.00 IPC (0.00 IPC) --  N/A  KHz (0.01 KHz) 
**Core 02 Thread 65 Finished:   insts:19          cycles:7408       (7407)  seconds:3     -- 0.00 IPC (0.00 IPC) --  N/A  KHz (0.01 KHz) 
**Core 08 Thread 57 Finished:   insts:19          cycles:7408       (7407)  seconds:2     -- 0.00 IPC (0.00 IPC) --  N/A  KHz (0.01 KHz) 
**Core 11 Thread 65 Finished:   insts:19          cycles:7410       (7409)  seconds:2     -- 0.00 IPC (0.00 IPC) --  N/A  KHz (0.01 KHz) 
**Core 13 Thread 77 Finished:   insts:19          cycles:7411       (7410)  seconds:2     -- 0.00 IPC (0.00 IPC) --  N/A  KHz (0.01 KHz) 
**Core 06 Thread 14 Finished:   insts:19          cycles:7413       (7412)  seconds:3     -- 0.00 IPC (0.00 IPC) --  N/A  KHz (0.01 KHz) 
**Core 13 Thread 20 Finished:   insts:19          cycles:7415       (7414)  seconds:2     -- 0.00 IPC (0.00 IPC) --  N/A  KHz (0.01 KHz) 
**Core 13 Thread 41 Finished:   insts:19          cycles:7415       (7414)  seconds:2     -- 0.00 IPC (0.00 IPC) --  N/A  KHz (0.01 KHz) 
**Core 13 Thread 28 Finished:   insts:19          cycles:7420       (7419)  seconds:2     -- 0.00 IPC (0.00 IPC) --  N/A  KHz (0.01 KHz) 
**Core 01 Thread 31 Finished:   insts:19          cycles:7420       (7419)  seconds:3     -- 0.00 IPC (0.00 IPC) --  N/A  KHz (0.01 KHz) 
**Core 15 Thread 43 Finished:   insts:19          cycles:7422       (7421)  seconds:2     -- 0.00 IPC (0.00 IPC) --  N/A  KHz (0.01 KHz) 
**Core 05 Thread 76 Finished:   insts:19          cycles:7424       (7423)  seconds:3     -- 0.00 IPC (0.00 IPC) --  N/A  KHz (0.01 KHz) 
**Core 05 Thread 60 Finished:   insts:19          cycles:7424       (7423)  seconds:3     -- 0.00 IPC (0.00 IPC) --  N/A  KHz (0.01 KHz) 
**Core 08 Thread 14 Finished:   insts:19          cycles:7429       (7428)  seconds:2     -- 0.00 IPC (0.00 IPC) --  N/A  KHz (0.01 KHz) 
**Core 08 Thread 34 Finished:   insts:19          cycles:7431       (7430)  seconds:2     -- 0.00 IPC (0.00 IPC) --  N/A  KHz (0.01 KHz) 
**Core 02 Thread 43 Finished:   insts:19          cycles:7436       (7435)  seconds:3     -- 0.00 IPC (0.00 IPC) --  N/A  KHz (0.01 KHz) 
**Core 05 Thread 29 Finished:   insts:19          cycles:7436       (7435)  seconds:3     -- 0.00 IPC (0.00 IPC) --  N/A  KHz (0.01 KHz) 
**Core 02 Thread 76 Finished:   insts:19          cycles:7440       (7439)  seconds:3     -- 0.00 IPC (0.00 IPC) --  N/A  KHz (0.01 KHz) 
**Core 08 Thread 55 Finished:   insts:19          cycles:7440       (7439)  seconds:2     -- 0.00 IPC (0.00 IPC) --  N/A  KHz (0.01 KHz) 
**Core 13 Thread 68 Finished:   insts:19          cycles:7442       (7441)  seconds:2     -- 0.00 IPC (0.00 IPC) --  N/A  KHz (0.01 KHz) 
**Core 13 Thread 17 Finished:   insts:19          cycles:7443       (7442)  seconds:2     -- 0.00 IPC (0.00 IPC) --  N/A  KHz (0.01 KHz) 
**Core 07 Thread 00 Finished:   insts:19          cycles:7445       (7444)  seconds:2     -- 0.00 IPC (0.00 IPC) --  N/A  KHz (0.01 KHz) 
**Core 13 Thread 43 Finished:   insts:19          cycles:7447       (7446)  seconds:2     -- 0.00 IPC (0.00 IPC) --  N/A  KHz (0.01 KHz) 
**Core 15 Thread 38 Finished:   insts:19          cycles:7450       (7449)  seconds:2     -- 0.00 IPC (0.00 IPC) --  N/A  KHz (0.01 KHz) 
**Core 13 Thread 30 Finished:   insts:19          cycles:7452       (7451)  seconds:2     -- 0.00 IPC (0.00 IPC) --  N/A  KHz (0.01 KHz) 
**Core 02 Thread 29 Finished:   insts:19          cycles:7452       (7451)  seconds:3     -- 0.00 IPC (0.00 IPC) --  N/A  KHz (0.01 KHz) 
**Core 02 Thread 53 Finished:   insts:19          cycles:7456       (7455)  seconds:3     -- 0.00 IPC (0.00 IPC) --  N/A  KHz (0.01 KHz) 
**Core 05 Thread 77 Finished:   insts:19          cycles:7456       (7455)  seconds:3     -- 0.00 IPC (0.00 IPC) --  N/A  KHz (0.01 KHz) 
**Core 13 Thread 04 Finished:   insts:19          cycles:7461       (7460)  seconds:2     -- 0.00 IPC (0.00 IPC) --  N/A  KHz (0.01 KHz) 
**Core 08 Thread 36 Finished:   insts:19          cycles:7463       (7462)  seconds:2     -- 0.00 IPC (0.00 IPC) --  N/A  KHz (0.01 KHz) 
**Core 02 Thread 46 Finished:   insts:19          cycles:7468       (7467)  seconds:3     -- 0.00 IPC (0.00 IPC) --  N/A  KHz (0.01 KHz) 
**Core 05 Thread 30 Finished:   insts:19          cycles:7468       (7467)  seconds:3     -- 0.00 IPC (0.00 IPC) --  N/A  KHz (0.01 KHz) 
**Core 08 Thread 54 Finished:   insts:19          cycles:7472       (7471)  seconds:2     -- 0.00 IPC (0.00 IPC) --  N/A  KHz (0.01 KHz) 
**Core 13 Thread 25 Finished:   insts:19          cycles:7472       (7471)  seconds:2     -- 0.00 IPC (0.00 IPC) --  N/A  KHz (0.01 KHz) 
**Core 02 Thread 75 Finished:   insts:19          cycles:7473       (7472)  seconds:3     -- 0.00 IPC (0.00 IPC) --  N/A  KHz (0.01 KHz) 
**Core 13 Thread 71 Finished:   insts:19          cycles:7474       (7473)  seconds:2     -- 0.00 IPC (0.00 IPC) --  N/A  KHz (0.01 KHz) 
**Core 07 Thread 04 Finished:   insts:19          cycles:7477       (7476)  seconds:2     -- 0.00 IPC (0.00 IPC) --  N/A  KHz (0.01 KHz) 
**Core 15 Thread 45 Finished:   insts:19          cycles:7478       (7477)  seconds:2     -- 0.00 IPC (0.00 IPC) --  N/A  KHz (0.01 KHz) 
**Core 13 Thread 32 Finished:   insts:19          cycles:7479       (7478)  seconds:2     -- 0.00 IPC (0.00 IPC) --  N/A  KHz (0.01 KHz) 
**Core 13 Thread 29 Finished:   insts:19          cycles:7484       (7483)  seconds:2     -- 0.00 IPC (0.00 IPC) --  N/A  KHz (0.01 KHz) 
**Core 02 Thread 30 Finished:   insts:19          cycles:7484       (7483)  seconds:3     -- 0.00 IPC (0.00 IPC) --  N/A  KHz (0.01 KHz) 
**Core 05 Thread 79 Finished:   insts:19          cycles:7488       (7487)  seconds:3     -- 0.00 IPC (0.00 IPC) --  N/A  KHz (0.01 KHz) 
**Core 05 Thread 61 Finished:   insts:19          cycles:7488       (7487)  seconds:3     -- 0.00 IPC (0.00 IPC) --  N/A  KHz (0.01 KHz) 
**Core 08 Thread 41 Finished:   insts:19          cycles:7495       (7494)  seconds:2     -- 0.00 IPC (0.00 IPC) --  N/A  KHz (0.01 KHz) 
**Core 13 Thread 08 Finished:   insts:19          cycles:7495       (7494)  seconds:2     -- 0.00 IPC (0.00 IPC) --  N/A  KHz (0.01 KHz) 
**Core 13 Thread 18 Finished:   insts:19          cycles:7499       (7498)  seconds:2     -- 0.00 IPC (0.00 IPC) --  N/A  KHz (0.01 KHz) 
**Core 15 Thread 28 Finished:   insts:19          cycles:7500       (7499)  seconds:2     -- 0.00 IPC (0.00 IPC) --  N/A  KHz (0.01 KHz) 
**Core 05 Thread 25 Finished:   insts:19          cycles:7500       (7499)  seconds:3     -- 0.00 IPC (0.00 IPC) --  N/A  KHz (0.01 KHz) 
**Core 08 Thread 58 Finished:   insts:19          cycles:7504       (7503)  seconds:2     -- 0.00 IPC (0.00 IPC) --  N/A  KHz (0.01 KHz) 
**Core 13 Thread 78 Finished:   insts:19          cycles:7504       (7503)  seconds:2     -- 0.00 IPC (0.00 IPC) --  N/A  KHz (0.01 KHz) 
**Core 02 Thread 78 Finished:   insts:19          cycles:7505       (7504)  seconds:3     -- 0.00 IPC (0.00 IPC) --  N/A  KHz (0.01 KHz) 
**Core 13 Thread 72 Finished:   insts:19          cycles:7507       (7506)  seconds:2     -- 0.00 IPC (0.00 IPC) --  N/A  KHz (0.01 KHz) 
**Core 15 Thread 46 Finished:   insts:19          cycles:7507       (7506)  seconds:2     -- 0.00 IPC (0.00 IPC) --  N/A  KHz (0.01 KHz) 
**Core 07 Thread 08 Finished:   insts:19          cycles:7509       (7508)  seconds:2     -- 0.00 IPC (0.00 IPC) --  N/A  KHz (0.01 KHz) 
**Core 13 Thread 34 Finished:   insts:19          cycles:7511       (7510)  seconds:2     -- 0.00 IPC (0.00 IPC) --  N/A  KHz (0.01 KHz) 
**Core 01 Thread 17 Finished:   insts:19          cycles:7516       (7515)  seconds:3     -- 0.00 IPC (0.00 IPC) --  N/A  KHz (0.01 KHz) 
**Core 02 Thread 57 Finished:   insts:19          cycles:7520       (7519)  seconds:3     -- 0.00 IPC (0.00 IPC) --  N/A  KHz (0.01 KHz) 
**Core 05 Thread 68 Finished:   insts:19          cycles:7520       (7519)  seconds:3     -- 0.00 IPC (0.00 IPC) --  N/A  KHz (0.01 KHz) 
**Core 08 Thread 01 Finished:   insts:19          cycles:7527       (7526)  seconds:2     -- 0.00 IPC (0.00 IPC) --  N/A  KHz (0.01 KHz) 
**Core 10 Thread 31 Finished:   insts:19          cycles:7527       (7526)  seconds:2     -- 0.00 IPC (0.00 IPC) --  N/A  KHz (0.01 KHz) 
**Core 08 Thread 43 Finished:   insts:19          cycles:7528       (7527)  seconds:2     -- 0.00 IPC (0.00 IPC) --  N/A  KHz (0.01 KHz) 
**Core 15 Thread 30 Finished:   insts:19          cycles:7528       (7527)  seconds:2     -- 0.00 IPC (0.00 IPC) --  N/A  KHz (0.01 KHz) 
**Core 05 Thread 18 Finished:   insts:19          cycles:7532       (7531)  seconds:3     -- 0.00 IPC (0.00 IPC) --  N/A  KHz (0.01 KHz) 
**Core 00 Thread 51 Finished:   insts:19          cycles:7535       (7534)  seconds:3     -- 0.00 IPC (0.00 IPC) --  N/A  KHz (0.01 KHz) 
**Core 02 Thread 77 Finished:   insts:19          cycles:7537       (7536)  seconds:3     -- 0.00 IPC (0.00 IPC) --  N/A  KHz (0.01 KHz) 
**Core 13 Thread 54 Finished:   insts:19          cycles:7537       (7536)  seconds:2     -- 0.00 IPC (0.00 IPC) --  N/A  KHz (0.01 KHz) 
**Core 13 Thread 75 Finished:   insts:19          cycles:7538       (7537)  seconds:2     -- 0.00 IPC (0.00 IPC) --  N/A  KHz (0.01 KHz) 
**Core 02 Thread 04 Finished:   insts:19          cycles:7541       (7540)  seconds:3     -- 0.00 IPC (0.00 IPC) --  N/A  KHz (0.01 KHz) 
**Core 13 Thread 35 Finished:   insts:19          cycles:7543       (7542)  seconds:2     -- 0.00 IPC (0.00 IPC) --  N/A  KHz (0.01 KHz) 
**Core 01 Thread 18 Finished:   insts:19          cycles:7548       (7547)  seconds:3     -- 0.00 IPC (0.00 IPC) --  N/A  KHz (0.01 KHz) 
**Core 02 Thread 61 Finished:   insts:19          cycles:7552       (7551)  seconds:3     -- 0.00 IPC (0.00 IPC) --  N/A  KHz (0.01 KHz) 
**Core 05 Thread 74 Finished:   insts:19          cycles:7552       (7551)  seconds:3     -- 0.00 IPC (0.00 IPC) --  N/A  KHz (0.01 KHz) 
**Core 10 Thread 16 Finished:   insts:19          cycles:7555       (7554)  seconds:2     -- 0.00 IPC (0.00 IPC) --  N/A  KHz (0.01 KHz) 
**Core 15 Thread 31 Finished:   insts:19          cycles:7556       (7555)  seconds:2     -- 0.00 IPC (0.00 IPC) --  N/A  KHz (0.01 KHz) 
**Core 08 Thread 05 Finished:   insts:19          cycles:7557       (7556)  seconds:2     -- 0.00 IPC (0.00 IPC) --  N/A  KHz (0.01 KHz) 
**Core 08 Thread 38 Finished:   insts:19          cycles:7559       (7558)  seconds:2     -- 0.00 IPC (0.00 IPC) --  N/A  KHz (0.01 KHz) 
**Core 00 Thread 61 Finished:   insts:19          cycles:7563       (7562)  seconds:3     -- 0.00 IPC (0.00 IPC) --  N/A  KHz (0.01 KHz) 
**Core 05 Thread 24 Finished:   insts:19          cycles:7564       (7563)  seconds:3     -- 0.00 IPC (0.00 IPC) --  N/A  KHz (0.01 KHz) 
**Core 08 Thread 59 Finished:   insts:19          cycles:7568       (7567)  seconds:2     -- 0.00 IPC (0.00 IPC) --  N/A  KHz (0.01 KHz) 
**Core 14 Thread 61 Finished:   insts:19          cycles:7568       (7567)  seconds:2     -- 0.00 IPC (0.00 IPC) --  N/A  KHz (0.01 KHz) 
**Core 13 Thread 74 Finished:   insts:19          cycles:7570       (7569)  seconds:2     -- 0.00 IPC (0.00 IPC) --  N/A  KHz (0.01 KHz) 
**Core 02 Thread 05 Finished:   insts:19          cycles:7573       (7572)  seconds:3     -- 0.00 IPC (0.00 IPC) --  N/A  KHz (0.01 KHz) 
**Core 13 Thread 40 Finished:   insts:19          cycles:7575       (7574)  seconds:2     -- 0.00 IPC (0.00 IPC) --  N/A  KHz (0.01 KHz) 
**Core 01 Thread 19 Finished:   insts:19          cycles:7580       (7579)  seconds:3     -- 0.00 IPC (0.00 IPC) --  N/A  KHz (0.01 KHz) 
**Core 10 Thread 18 Finished:   insts:19          cycles:7583       (7582)  seconds:2     -- 0.00 IPC (0.00 IPC) --  N/A  KHz (0.01 KHz) 
**Core 02 Thread 33 Finished:   insts:19          cycles:7584       (7583)  seconds:3     -- 0.00 IPC (0.00 IPC) --  N/A  KHz (0.01 KHz) 
**Core 05 Thread 63 Finished:   insts:19          cycles:7584       (7583)  seconds:3     -- 0.00 IPC (0.00 IPC) --  N/A  KHz (0.01 KHz) 
**Core 06 Thread 73 Finished:   insts:19          cycles:7585       (7584)  seconds:3     -- 0.00 IPC (0.00 IPC) --  N/A  KHz (0.01 KHz) 
**Core 08 Thread 11 Finished:   insts:19          cycles:7589       (7588)  seconds:2     -- 0.00 IPC (0.00 IPC) --  N/A  KHz (0.01 KHz) 
**Core 00 Thread 48 Finished:   insts:19          cycles:7590       (7589)  seconds:3     -- 0.00 IPC (0.00 IPC) --  N/A  KHz (0.01 KHz) 
**Core 08 Thread 40 Finished:   insts:19          cycles:7591       (7590)  seconds:2     -- 0.00 IPC (0.00 IPC) --  N/A  KHz (0.01 KHz) 
**Core 05 Thread 26 Finished:   insts:19          cycles:7596       (7595)  seconds:3     -- 0.00 IPC (0.00 IPC) --  N/A  KHz (0.01 KHz) 
**Core 02 Thread 79 Finished:   insts:19          cycles:7600       (7599)  seconds:3     -- 0.00 IPC (0.00 IPC) --  N/A  KHz (0.01 KHz) 
**Core 12 Thread 62 Finished:   insts:19          cycles:7600       (7599)  seconds:2     -- 0.00 IPC (0.00 IPC) --  N/A  KHz (0.01 KHz) 
**Core 13 Thread 66 Finished:   insts:19          cycles:7603       (7602)  seconds:2     -- 0.00 IPC (0.00 IPC) --  N/A  KHz (0.01 KHz) 
**Core 13 Thread 37 Finished:   insts:19          cycles:7607       (7606)  seconds:2     -- 0.00 IPC (0.00 IPC) --  N/A  KHz (0.01 KHz) 
**Core 05 Thread 02 Finished:   insts:19          cycles:7607       (7606)  seconds:3     -- 0.00 IPC (0.00 IPC) --  N/A  KHz (0.01 KHz) 
**Core 10 Thread 19 Finished:   insts:19          cycles:7611       (7610)  seconds:2     -- 0.00 IPC (0.00 IPC) --  N/A  KHz (0.01 KHz) 
**Core 15 Thread 00 Finished:   insts:19          cycles:7612       (7611)  seconds:2     -- 0.00 IPC (0.00 IPC) --  N/A  KHz (0.01 KHz) 
**Core 02 Thread 34 Finished:   insts:19          cycles:7612       (7611)  seconds:3     -- 0.00 IPC (0.00 IPC) --  N/A  KHz (0.01 KHz) 
**Core 05 Thread 62 Finished:   insts:19          cycles:7616       (7615)  seconds:3     -- 0.00 IPC (0.00 IPC) --  N/A  KHz (0.01 KHz) 
**Core 08 Thread 64 Finished:   insts:19          cycles:7616       (7615)  seconds:2     -- 0.00 IPC (0.00 IPC) --  N/A  KHz (0.01 KHz) 
**Core 00 Thread 54 Finished:   insts:19          cycles:7619       (7618)  seconds:3     -- 0.00 IPC (0.00 IPC) --  N/A  KHz (0.01 KHz) 
**Core 11 Thread 10 Finished:   insts:19          cycles:7621       (7620)  seconds:2     -- 0.00 IPC (0.00 IPC) --  N/A  KHz (0.01 KHz) 
**Core 08 Thread 45 Finished:   insts:19          cycles:7623       (7622)  seconds:2     -- 0.00 IPC (0.00 IPC) --  N/A  KHz (0.01 KHz) 
**Core 05 Thread 27 Finished:   insts:19          cycles:7628       (7627)  seconds:3     -- 0.00 IPC (0.00 IPC) --  N/A  KHz (0.01 KHz) 
**Core 08 Thread 60 Finished:   insts:19          cycles:7632       (7631)  seconds:2     -- 0.00 IPC (0.00 IPC) --  N/A  KHz (0.01 KHz) 
**Core 15 Thread 52 Finished:   insts:19          cycles:7632       (7631)  seconds:2     -- 0.00 IPC (0.00 IPC) --  N/A  KHz (0.01 KHz) 
**Core 10 Thread 67 Finished:   insts:19          cycles:7636       (7635)  seconds:2     -- 0.00 IPC (0.00 IPC) --  N/A  KHz (0.01 KHz) 
**Core 02 Thread 09 Finished:   insts:19          cycles:7637       (7636)  seconds:3     -- 0.00 IPC (0.00 IPC) --  N/A  KHz (0.01 KHz) 
**Core 10 Thread 28 Finished:   insts:19          cycles:7639       (7638)  seconds:2     -- 0.00 IPC (0.00 IPC) --  N/A  KHz (0.01 KHz) 
**Core 15 Thread 29 Finished:   insts:19          cycles:7640       (7639)  seconds:2     -- 0.00 IPC (0.00 IPC) --  N/A  KHz (0.01 KHz) 
**Core 00 Thread 85 Finished:   insts:19          cycles:7643       (7642)  seconds:3     -- 0.00 IPC (0.00 IPC) --  N/A  KHz (0.01 KHz) 
**Core 15 Thread 02 Finished:   insts:19          cycles:7644       (7643)  seconds:2     -- 0.00 IPC (0.00 IPC) --  N/A  KHz (0.01 KHz) 
**Core 00 Thread 56 Finished:   insts:19          cycles:7646       (7645)  seconds:3     -- 0.00 IPC (0.00 IPC) --  N/A  KHz (0.01 KHz) 
**Core 06 Thread 62 Finished:   insts:19          cycles:7648       (7647)  seconds:3     -- 0.00 IPC (0.00 IPC) --  N/A  KHz (0.01 KHz) 
**Core 08 Thread 68 Finished:   insts:19          cycles:7649       (7648)  seconds:2     -- 0.00 IPC (0.00 IPC) --  N/A  KHz (0.01 KHz) 
**Core 11 Thread 46 Finished:   insts:19          cycles:7651       (7650)  seconds:2     -- 0.00 IPC (0.00 IPC) --  N/A  KHz (0.01 KHz) 
**Core 13 Thread 02 Finished:   insts:19          cycles:7653       (7652)  seconds:2     -- 0.00 IPC (0.00 IPC) --  N/A  KHz (0.01 KHz) 
**Core 05 Thread 31 Finished:   insts:19          cycles:7660       (7659)  seconds:3     -- 0.00 IPC (0.00 IPC) --  N/A  KHz (0.01 KHz) 
**Core 10 Thread 69 Finished:   insts:19          cycles:7662       (7661)  seconds:2     -- 0.00 IPC (0.00 IPC) --  N/A  KHz (0.01 KHz) 
**Core 01 Thread 75 Finished:   insts:19          cycles:7664       (7663)  seconds:3     -- 0.00 IPC (0.00 IPC) --  N/A  KHz (0.01 KHz) 
**Core 08 Thread 61 Finished:   insts:19          cycles:7664       (7663)  seconds:2     -- 0.00 IPC (0.00 IPC) --  N/A  KHz (0.01 KHz) 
**Core 08 Thread 47 Finished:   insts:19          cycles:7667       (7666)  seconds:2     -- 0.00 IPC (0.00 IPC) --  N/A  KHz (0.01 KHz) 
**Core 13 Thread 22 Finished:   insts:19          cycles:7667       (7666)  seconds:2     -- 0.00 IPC (0.00 IPC) --  N/A  KHz (0.01 KHz) 
**Core 05 Thread 01 Finished:   insts:19          cycles:7671       (7670)  seconds:3     -- 0.00 IPC (0.00 IPC) --  N/A  KHz (0.01 KHz) 
**Core 01 Thread 53 Finished:   insts:19          cycles:7674       (7673)  seconds:3     -- 0.00 IPC (0.00 IPC) --  N/A  KHz (0.01 KHz) 
**Core 15 Thread 04 Finished:   insts:19          cycles:7676       (7675)  seconds:2     -- 0.00 IPC (0.00 IPC) --  N/A  KHz (0.01 KHz) 
**Core 06 Thread 63 Finished:   insts:19          cycles:7680       (7679)  seconds:3     -- 0.00 IPC (0.00 IPC) --  N/A  KHz (0.01 KHz) 
**Core 08 Thread 70 Finished:   insts:19          cycles:7680       (7679)  seconds:2     -- 0.00 IPC (0.00 IPC) --  N/A  KHz (0.01 KHz) 
**Core 00 Thread 07 Finished:   insts:19          cycles:7683       (7682)  seconds:3     -- 0.00 IPC (0.00 IPC) --  N/A  KHz (0.01 KHz) 
**Core 13 Thread 06 Finished:   insts:19          cycles:7685       (7684)  seconds:2     -- 0.00 IPC (0.00 IPC) --  N/A  KHz (0.01 KHz) 
**Core 13 Thread 70 Finished:   insts:19          cycles:7691       (7690)  seconds:2     -- 0.00 IPC (0.00 IPC) --  N/A  KHz (0.01 KHz) 
**Core 08 Thread 16 Finished:   insts:19          cycles:7692       (7691)  seconds:2     -- 0.00 IPC (0.00 IPC) --  N/A  KHz (0.01 KHz) 
**Core 13 Thread 23 Finished:   insts:19          cycles:7695       (7694)  seconds:2     -- 0.00 IPC (0.00 IPC) --  N/A  KHz (0.01 KHz) 
**Core 08 Thread 42 Finished:   insts:19          cycles:7696       (7695)  seconds:2     -- 0.00 IPC (0.00 IPC) --  N/A  KHz (0.01 KHz) 
**Core 12 Thread 63 Finished:   insts:19          cycles:7696       (7695)  seconds:2     -- 0.00 IPC (0.00 IPC) --  N/A  KHz (0.01 KHz) 
**Core 01 Thread 79 Finished:   insts:19          cycles:7697       (7696)  seconds:3     -- 0.00 IPC (0.00 IPC) --  N/A  KHz (0.01 KHz) 
**Core 01 Thread 57 Finished:   insts:19          cycles:7703       (7702)  seconds:3     -- 0.00 IPC (0.00 IPC) --  N/A  KHz (0.01 KHz) 
**Core 05 Thread 06 Finished:   insts:19          cycles:7704       (7703)  seconds:3     -- 0.00 IPC (0.00 IPC) --  N/A  KHz (0.01 KHz) 
**Core 15 Thread 05 Finished:   insts:19          cycles:7708       (7707)  seconds:2     -- 0.00 IPC (0.00 IPC) --  N/A  KHz (0.01 KHz) 
**Core 00 Thread 14 Finished:   insts:19          cycles:7712       (7711)  seconds:3     -- 0.00 IPC (0.00 IPC) --  N/A  KHz (0.01 KHz) 
**Core 07 Thread 52 Finished:   insts:19          cycles:7712       (7711)  seconds:2     -- 0.00 IPC (0.00 IPC) --  N/A  KHz (0.01 KHz) 
**Core 08 Thread 74 Finished:   insts:19          cycles:7713       (7712)  seconds:2     -- 0.00 IPC (0.00 IPC) --  N/A  KHz (0.01 KHz) 
**Core 13 Thread 07 Finished:   insts:19          cycles:7717       (7716)  seconds:2     -- 0.00 IPC (0.00 IPC) --  N/A  KHz (0.01 KHz) 
**Core 10 Thread 73 Finished:   insts:19          cycles:7718       (7717)  seconds:2     -- 0.00 IPC (0.00 IPC) --  N/A  KHz (0.01 KHz) 
**Core 13 Thread 19 Finished:   insts:19          cycles:7723       (7722)  seconds:2     -- 0.00 IPC (0.00 IPC) --  N/A  KHz (0.01 KHz) 
**Core 08 Thread 18 Finished:   insts:19          cycles:7724       (7723)  seconds:2     -- 0.00 IPC (0.00 IPC) --  N/A  KHz (0.01 KHz) 
**Core 10 Thread 47 Finished:   insts:19          cycles:7724       (7723)  seconds:2     -- 0.00 IPC (0.00 IPC) --  N/A  KHz (0.01 KHz) 
**Core 13 Thread 55 Finished:   insts:19          cycles:7728       (7727)  seconds:2     -- 0.00 IPC (0.00 IPC) --  N/A  KHz (0.01 KHz) 
**Core 14 Thread 62 Finished:   insts:19          cycles:7728       (7727)  seconds:2     -- 0.00 IPC (0.00 IPC) --  N/A  KHz (0.01 KHz) 
**Core 01 Thread 59 Finished:   insts:19          cycles:7731       (7730)  seconds:3     -- 0.00 IPC (0.00 IPC) --  N/A  KHz (0.01 KHz) 
**Core 00 Thread 32 Finished:   insts:19          cycles:7732       (7731)  seconds:3     -- 0.00 IPC (0.00 IPC) --  N/A  KHz (0.01 KHz) 
**Core 02 Thread 13 Finished:   insts:19          cycles:7735       (7734)  seconds:3     -- 0.00 IPC (0.00 IPC) --  N/A  KHz (0.01 KHz) 
**Core 15 Thread 07 Finished:   insts:19          cycles:7740       (7739)  seconds:2     -- 0.00 IPC (0.00 IPC) --  N/A  KHz (0.01 KHz) 
**Core 07 Thread 53 Finished:   insts:19          cycles:7744       (7743)  seconds:2     -- 0.00 IPC (0.00 IPC) --  N/A  KHz (0.01 KHz) 
**Core 08 Thread 79 Finished:   insts:19          cycles:7744       (7743)  seconds:2     -- 0.00 IPC (0.00 IPC) --  N/A  KHz (0.01 KHz) 
**Core 10 Thread 78 Finished:   insts:19          cycles:7746       (7745)  seconds:2     -- 0.00 IPC (0.00 IPC) --  N/A  KHz (0.01 KHz) 
**Core 13 Thread 09 Finished:   insts:19          cycles:7749       (7748)  seconds:2     -- 0.00 IPC (0.00 IPC) --  N/A  KHz (0.01 KHz) 
**Core 08 Thread 44 Finished:   insts:19          cycles:7751       (7750)  seconds:2     -- 0.00 IPC (0.00 IPC) --  N/A  KHz (0.01 KHz) 
**Core 11 Thread 23 Finished:   insts:19          cycles:7751       (7750)  seconds:2     -- 0.00 IPC (0.00 IPC) --  N/A  KHz (0.01 KHz) 
**Core 08 Thread 21 Finished:   insts:19          cycles:7756       (7755)  seconds:2     -- 0.00 IPC (0.00 IPC) --  N/A  KHz (0.01 KHz) 
**Core 01 Thread 49 Finished:   insts:19          cycles:7758       (7757)  seconds:3     -- 0.00 IPC (0.00 IPC) --  N/A  KHz (0.01 KHz) 
**Core 00 Thread 34 Finished:   insts:19          cycles:7759       (7758)  seconds:3     -- 0.00 IPC (0.00 IPC) --  N/A  KHz (0.01 KHz) 
**Core 08 Thread 62 Finished:   insts:19          cycles:7760       (7759)  seconds:2     -- 0.00 IPC (0.00 IPC) --  N/A  KHz (0.01 KHz) 
**Core 15 Thread 53 Finished:   insts:19          cycles:7760       (7759)  seconds:2     -- 0.00 IPC (0.00 IPC) --  N/A  KHz (0.01 KHz) 
**Core 05 Thread 07 Finished:   insts:19          cycles:7765       (7764)  seconds:3     -- 0.00 IPC (0.00 IPC) --  N/A  KHz (0.01 KHz) 
**Core 15 Thread 06 Finished:   insts:19          cycles:7772       (7771)  seconds:2     -- 0.00 IPC (0.00 IPC) --  N/A  KHz (0.01 KHz) 
**Core 10 Thread 79 Finished:   insts:19          cycles:7774       (7773)  seconds:2     -- 0.00 IPC (0.00 IPC) --  N/A  KHz (0.01 KHz) 
**Core 07 Thread 54 Finished:   insts:19          cycles:7776       (7775)  seconds:2     -- 0.00 IPC (0.00 IPC) --  N/A  KHz (0.01 KHz) 
**Core 08 Thread 65 Finished:   insts:19          cycles:7776       (7775)  seconds:2     -- 0.00 IPC (0.00 IPC) --  N/A  KHz (0.01 KHz) 
**Core 08 Thread 39 Finished:   insts:19          cycles:7779       (7778)  seconds:2     -- 0.00 IPC (0.00 IPC) --  N/A  KHz (0.01 KHz) 
**Core 13 Thread 10 Finished:   insts:19          cycles:7781       (7780)  seconds:2     -- 0.00 IPC (0.00 IPC) --  N/A  KHz (0.01 KHz) 
**Core 01 Thread 55 Finished:   insts:19          cycles:7786       (7785)  seconds:3     -- 0.00 IPC (0.00 IPC) --  N/A  KHz (0.01 KHz) 
**Core 00 Thread 36 Finished:   insts:19          cycles:7787       (7786)  seconds:3     -- 0.00 IPC (0.00 IPC) --  N/A  KHz (0.01 KHz) 
**Core 08 Thread 20 Finished:   insts:19          cycles:7788       (7787)  seconds:2     -- 0.00 IPC (0.00 IPC) --  N/A  KHz (0.01 KHz) 
**Core 02 Thread 64 Finished:   insts:19          cycles:7792       (7791)  seconds:3     -- 0.00 IPC (0.00 IPC) --  N/A  KHz (0.01 KHz) 
**Core 08 Thread 63 Finished:   insts:19          cycles:7792       (7791)  seconds:2     -- 0.00 IPC (0.00 IPC) --  N/A  KHz (0.01 KHz) 
**Core 05 Thread 09 Finished:   insts:19          cycles:7797       (7796)  seconds:3     -- 0.00 IPC (0.00 IPC) --  N/A  KHz (0.01 KHz) 
**Core 13 Thread 73 Finished:   insts:19          cycles:7802       (7801)  seconds:2     -- 0.00 IPC (0.00 IPC) --  N/A  KHz (0.01 KHz) 
**Core 15 Thread 09 Finished:   insts:19          cycles:7804       (7803)  seconds:2     -- 0.00 IPC (0.00 IPC) --  N/A  KHz (0.01 KHz) 
**Core 11 Thread 39 Finished:   insts:19          cycles:7807       (7806)  seconds:2     -- 0.00 IPC (0.00 IPC) --  N/A  KHz (0.01 KHz) 
**Core 07 Thread 55 Finished:   insts:19          cycles:7808       (7807)  seconds:2     -- 0.00 IPC (0.00 IPC) --  N/A  KHz (0.01 KHz) 
**Core 08 Thread 66 Finished:   insts:19          cycles:7808       (7807)  seconds:2     -- 0.00 IPC (0.00 IPC) --  N/A  KHz (0.01 KHz) 
**Core 13 Thread 11 Finished:   insts:19          cycles:7813       (7812)  seconds:2     -- 0.00 IPC (0.00 IPC) --  N/A  KHz (0.01 KHz) 
**Core 01 Thread 48 Finished:   insts:19          cycles:7814       (7813)  seconds:3     -- 0.00 IPC (0.00 IPC) --  N/A  KHz (0.01 KHz) 
**Core 00 Thread 42 Finished:   insts:19          cycles:7815       (7814)  seconds:3     -- 0.00 IPC (0.00 IPC) --  N/A  KHz (0.01 KHz) 
**Core 08 Thread 22 Finished:   insts:19          cycles:7820       (7819)  seconds:2     -- 0.00 IPC (0.00 IPC) --  N/A  KHz (0.01 KHz) 
**Core 02 Thread 67 Finished:   insts:19          cycles:7824       (7823)  seconds:3     -- 0.00 IPC (0.00 IPC) --  N/A  KHz (0.01 KHz) 
**Core 09 Thread 53 Finished:   insts:19          cycles:7824       (7823)  seconds:2     -- 0.00 IPC (0.00 IPC) --  N/A  KHz (0.01 KHz) 
**Core 05 Thread 11 Finished:   insts:19          cycles:7829       (7828)  seconds:3     -- 0.00 IPC (0.00 IPC) --  N/A  KHz (0.01 KHz) 
**Core 11 Thread 41 Finished:   insts:19          cycles:7835       (7834)  seconds:2     -- 0.00 IPC (0.00 IPC) --  N/A  KHz (0.01 KHz) 
**Core 02 Thread 16 Finished:   insts:19          cycles:7836       (7835)  seconds:3     -- 0.00 IPC (0.00 IPC) --  N/A  KHz (0.01 KHz) 
**Core 07 Thread 57 Finished:   insts:19          cycles:7840       (7839)  seconds:2     -- 0.00 IPC (0.00 IPC) --  N/A  KHz (0.01 KHz) 
**Core 08 Thread 69 Finished:   insts:19          cycles:7840       (7839)  seconds:2     -- 0.00 IPC (0.00 IPC) --  N/A  KHz (0.01 KHz) 
**Core 01 Thread 50 Finished:   insts:19          cycles:7842       (7841)  seconds:3     -- 0.00 IPC (0.00 IPC) --  N/A  KHz (0.01 KHz) 
**Core 11 Thread 75 Finished:   insts:19          cycles:7843       (7842)  seconds:2     -- 0.00 IPC (0.00 IPC) --  N/A  KHz (0.01 KHz) 
**Core 00 Thread 44 Finished:   insts:19          cycles:7843       (7842)  seconds:3     -- 0.00 IPC (0.00 IPC) --  N/A  KHz (0.01 KHz) 
**Core 10 Thread 00 Finished:   insts:19          cycles:7845       (7844)  seconds:2     -- 0.00 IPC (0.00 IPC) --  N/A  KHz (0.01 KHz) 
**Core 00 Thread 83 Finished:   insts:19          cycles:7851       (7850)  seconds:3     -- 0.00 IPC (0.00 IPC) --  N/A  KHz (0.01 KHz) 
**Core 08 Thread 29 Finished:   insts:19          cycles:7852       (7851)  seconds:2     -- 0.00 IPC (0.00 IPC) --  N/A  KHz (0.01 KHz) 
**Core 07 Thread 60 Finished:   insts:19          cycles:7856       (7855)  seconds:2     -- 0.00 IPC (0.00 IPC) --  N/A  KHz (0.01 KHz) 
**Core 14 Thread 63 Finished:   insts:19          cycles:7856       (7855)  seconds:2     -- 0.00 IPC (0.00 IPC) --  N/A  KHz (0.01 KHz) 
**Core 01 Thread 14 Finished:   insts:19          cycles:7861       (7860)  seconds:3     -- 0.00 IPC (0.00 IPC) --  N/A  KHz (0.01 KHz) 
**Core 10 Thread 35 Finished:   insts:19          cycles:7863       (7862)  seconds:2     -- 0.00 IPC (0.00 IPC) --  N/A  KHz (0.01 KHz) 
**Core 15 Thread 13 Finished:   insts:19          cycles:7868       (7867)  seconds:2     -- 0.00 IPC (0.00 IPC) --  N/A  KHz (0.01 KHz) 
**Core 01 Thread 52 Finished:   insts:19          cycles:7870       (7869)  seconds:3     -- 0.00 IPC (0.00 IPC) --  N/A  KHz (0.01 KHz) 
**Core 00 Thread 46 Finished:   insts:19          cycles:7871       (7870)  seconds:3     -- 0.00 IPC (0.00 IPC) --  N/A  KHz (0.01 KHz) 
**Core 11 Thread 76 Finished:   insts:19          cycles:7871       (7870)  seconds:2     -- 0.00 IPC (0.00 IPC) --  N/A  KHz (0.01 KHz) 
**Core 07 Thread 58 Finished:   insts:19          cycles:7872       (7871)  seconds:2     -- 0.00 IPC (0.00 IPC) --  N/A  KHz (0.01 KHz) 
**Core 08 Thread 71 Finished:   insts:19          cycles:7872       (7871)  seconds:2     -- 0.00 IPC (0.00 IPC) --  N/A  KHz (0.01 KHz) 
**Core 10 Thread 05 Finished:   insts:19          cycles:7877       (7876)  seconds:2     -- 0.00 IPC (0.00 IPC) --  N/A  KHz (0.01 KHz) 
**Core 00 Thread 84 Finished:   insts:19          cycles:7879       (7878)  seconds:3     -- 0.00 IPC (0.00 IPC) --  N/A  KHz (0.01 KHz) 
**Core 00 Thread 01 Finished:   insts:19          cycles:7884       (7883)  seconds:3     -- 0.00 IPC (0.00 IPC) --  N/A  KHz (0.01 KHz) 
**Core 08 Thread 24 Finished:   insts:19          cycles:7884       (7883)  seconds:2     -- 0.00 IPC (0.00 IPC) --  N/A  KHz (0.01 KHz) 
**Core 02 Thread 72 Finished:   insts:19          cycles:7888       (7887)  seconds:3     -- 0.00 IPC (0.00 IPC) --  N/A  KHz (0.01 KHz) 
**Core 09 Thread 54 Finished:   insts:19          cycles:7888       (7887)  seconds:2     -- 0.00 IPC (0.00 IPC) --  N/A  KHz (0.01 KHz) 
**Core 10 Thread 36 Finished:   insts:19          cycles:7891       (7890)  seconds:2     -- 0.00 IPC (0.00 IPC) --  N/A  KHz (0.01 KHz) 
**Core 05 Thread 03 Finished:   insts:19          cycles:7893       (7892)  seconds:3     -- 0.00 IPC (0.00 IPC) --  N/A  KHz (0.01 KHz) 
**Core 01 Thread 51 Finished:   insts:19          cycles:7898       (7897)  seconds:3     -- 0.00 IPC (0.00 IPC) --  N/A  KHz (0.01 KHz) 
**Core 00 Thread 43 Finished:   insts:19          cycles:7899       (7898)  seconds:3     -- 0.00 IPC (0.00 IPC) --  N/A  KHz (0.01 KHz) 
**Core 02 Thread 17 Finished:   insts:19          cycles:7900       (7899)  seconds:3     -- 0.00 IPC (0.00 IPC) --  N/A  KHz (0.01 KHz) 
**Core 07 Thread 59 Finished:   insts:19          cycles:7904       (7903)  seconds:2     -- 0.00 IPC (0.00 IPC) --  N/A  KHz (0.01 KHz) 
**Core 08 Thread 75 Finished:   insts:19          cycles:7904       (7903)  seconds:2     -- 0.00 IPC (0.00 IPC) --  N/A  KHz (0.01 KHz) 
**Core 00 Thread 87 Finished:   insts:19          cycles:7907       (7906)  seconds:3     -- 0.00 IPC (0.00 IPC) --  N/A  KHz (0.01 KHz) 
**Core 11 Thread 19 Finished:   insts:19          cycles:7908       (7907)  seconds:2     -- 0.00 IPC (0.00 IPC) --  N/A  KHz (0.01 KHz) 
**Core 10 Thread 04 Finished:   insts:19          cycles:7909       (7908)  seconds:2     -- 0.00 IPC (0.00 IPC) --  N/A  KHz (0.01 KHz) 
**Core 00 Thread 02 Finished:   insts:19          cycles:7912       (7911)  seconds:3     -- 0.00 IPC (0.00 IPC) --  N/A  KHz (0.01 KHz) 
**Core 08 Thread 30 Finished:   insts:19          cycles:7916       (7915)  seconds:2     -- 0.00 IPC (0.00 IPC) --  N/A  KHz (0.01 KHz) 
**Core 10 Thread 40 Finished:   insts:19          cycles:7919       (7918)  seconds:2     -- 0.00 IPC (0.00 IPC) --  N/A  KHz (0.01 KHz) 
**Core 02 Thread 73 Finished:   insts:19          cycles:7920       (7919)  seconds:3     -- 0.00 IPC (0.00 IPC) --  N/A  KHz (0.01 KHz) 
**Core 09 Thread 55 Finished:   insts:19          cycles:7920       (7919)  seconds:2     -- 0.00 IPC (0.00 IPC) --  N/A  KHz (0.01 KHz) 
**Core 05 Thread 08 Finished:   insts:19          cycles:7925       (7924)  seconds:3     -- 0.00 IPC (0.00 IPC) --  N/A  KHz (0.01 KHz) 
**Core 01 Thread 54 Finished:   insts:19          cycles:7926       (7925)  seconds:3     -- 0.00 IPC (0.00 IPC) --  N/A  KHz (0.01 KHz) 
**Core 00 Thread 45 Finished:   insts:19          cycles:7927       (7926)  seconds:3     -- 0.00 IPC (0.00 IPC) --  N/A  KHz (0.01 KHz) 
**Core 15 Thread 15 Finished:   insts:19          cycles:7932       (7931)  seconds:2     -- 0.00 IPC (0.00 IPC) --  N/A  KHz (0.01 KHz) 
**Core 00 Thread 93 Finished:   insts:19          cycles:7935       (7934)  seconds:3     -- 0.00 IPC (0.00 IPC) --  N/A  KHz (0.01 KHz) 
**Core 07 Thread 56 Finished:   insts:19          cycles:7936       (7935)  seconds:2     -- 0.00 IPC (0.00 IPC) --  N/A  KHz (0.01 KHz) 
**Core 08 Thread 77 Finished:   insts:19          cycles:7936       (7935)  seconds:2     -- 0.00 IPC (0.00 IPC) --  N/A  KHz (0.01 KHz) 
**Core 11 Thread 29 Finished:   insts:19          cycles:7937       (7936)  seconds:2     -- 0.00 IPC (0.00 IPC) --  N/A  KHz (0.01 KHz) 
**Core 00 Thread 03 Finished:   insts:19          cycles:7940       (7939)  seconds:3     -- 0.00 IPC (0.00 IPC) --  N/A  KHz (0.01 KHz) 
**Core 10 Thread 09 Finished:   insts:19          cycles:7941       (7940)  seconds:2     -- 0.00 IPC (0.00 IPC) --  N/A  KHz (0.01 KHz) 
**Core 09 Thread 76 Finished:   insts:19          cycles:7944       (7943)  seconds:2     -- 0.00 IPC (0.00 IPC) --  N/A  KHz (0.01 KHz) 
**Core 10 Thread 42 Finished:   insts:19          cycles:7947       (7946)  seconds:2     -- 0.00 IPC (0.00 IPC) --  N/A  KHz (0.01 KHz) 
**Core 08 Thread 28 Finished:   insts:19          cycles:7948       (7947)  seconds:2     -- 0.00 IPC (0.00 IPC) --  N/A  KHz (0.01 KHz) 
**Core 07 Thread 61 Finished:   insts:19          cycles:7952       (7951)  seconds:2     -- 0.00 IPC (0.00 IPC) --  N/A  KHz (0.01 KHz) 
**Core 15 Thread 55 Finished:   insts:19          cycles:7952       (7951)  seconds:2     -- 0.00 IPC (0.00 IPC) --  N/A  KHz (0.01 KHz) 
**Core 14 Thread 35 Finished:   insts:19          cycles:7955       (7954)  seconds:2     -- 0.00 IPC (0.00 IPC) --  N/A  KHz (0.01 KHz) 
**Core 00 Thread 47 Finished:   insts:19          cycles:7955       (7954)  seconds:3     -- 0.00 IPC (0.00 IPC) --  N/A  KHz (0.01 KHz) 
**Core 05 Thread 14 Finished:   insts:19          cycles:7957       (7956)  seconds:3     -- 0.00 IPC (0.00 IPC) --  N/A  KHz (0.01 KHz) 
**Core 05 Core_Total  Finished:   insts:1520        cycles:7957       (7956) seconds:3     -- 0.19 IPC (0.19 IPC) --  N/A  KHz (0.51 KHz)
**Core 11 Thread 44 Finished:   insts:19          cycles:7963       (7962)  seconds:2     -- 0.00 IPC (0.00 IPC) --  N/A  KHz (0.01 KHz) 
**Core 02 Thread 22 Finished:   insts:19          cycles:7964       (7963)  seconds:3     -- 0.00 IPC (0.00 IPC) --  N/A  KHz (0.01 KHz) 
**Core 11 Thread 31 Finished:   insts:19          cycles:7964       (7963)  seconds:2     -- 0.00 IPC (0.00 IPC) --  N/A  KHz (0.01 KHz) 
**Core 00 Thread 05 Finished:   insts:19          cycles:7968       (7967)  seconds:3     -- 0.00 IPC (0.00 IPC) --  N/A  KHz (0.01 KHz) 
**Core 07 Thread 66 Finished:   insts:19          cycles:7968       (7967)  seconds:2     -- 0.00 IPC (0.00 IPC) --  N/A  KHz (0.01 KHz) 
**Core 09 Thread 78 Finished:   insts:19          cycles:7972       (7971)  seconds:2     -- 0.00 IPC (0.00 IPC) --  N/A  KHz (0.01 KHz) 
**Core 10 Thread 11 Finished:   insts:19          cycles:7973       (7972)  seconds:2     -- 0.00 IPC (0.00 IPC) --  N/A  KHz (0.01 KHz) 
**Core 10 Thread 43 Finished:   insts:19          cycles:7979       (7978)  seconds:2     -- 0.00 IPC (0.00 IPC) --  N/A  KHz (0.01 KHz) 
**Core 08 Thread 19 Finished:   insts:19          cycles:7980       (7979)  seconds:2     -- 0.00 IPC (0.00 IPC) --  N/A  KHz (0.01 KHz) 
**Core 09 Thread 56 Finished:   insts:19          cycles:7980       (7979)  seconds:2     -- 0.00 IPC (0.00 IPC) --  N/A  KHz (0.01 KHz) 
**Core 14 Thread 34 Finished:   insts:19          cycles:7982       (7981)  seconds:2     -- 0.00 IPC (0.00 IPC) --  N/A  KHz (0.01 KHz) 
**Core 00 Thread 80 Finished:   insts:19          cycles:7983       (7982)  seconds:3     -- 0.00 IPC (0.00 IPC) --  N/A  KHz (0.01 KHz) 
**Core 00 Thread 37 Finished:   insts:19          cycles:7983       (7982)  seconds:3     -- 0.00 IPC (0.00 IPC) --  N/A  KHz (0.01 KHz) 
**Core 15 Thread 57 Finished:   insts:19          cycles:7984       (7983)  seconds:2     -- 0.00 IPC (0.00 IPC) --  N/A  KHz (0.01 KHz) 
**Core 02 Thread 02 Finished:   insts:19          cycles:7989       (7988)  seconds:3     -- 0.00 IPC (0.00 IPC) --  N/A  KHz (0.01 KHz) 
**Core 11 Thread 47 Finished:   insts:19          cycles:7995       (7994)  seconds:2     -- 0.00 IPC (0.00 IPC) --  N/A  KHz (0.01 KHz) 
**Core 00 Thread 06 Finished:   insts:19          cycles:7996       (7995)  seconds:3     -- 0.00 IPC (0.00 IPC) --  N/A  KHz (0.01 KHz) 
**Core 02 Thread 25 Finished:   insts:19          cycles:7996       (7995)  seconds:3     -- 0.00 IPC (0.00 IPC) --  N/A  KHz (0.01 KHz) 
**Core 07 Thread 69 Finished:   insts:19          cycles:8000       (7999)  seconds:2     -- 0.00 IPC (0.00 IPC) --  N/A  KHz (0.01 KHz) 
**Core 13 Thread 00 Finished:   insts:19          cycles:8005       (8004)  seconds:2     -- 0.00 IPC (0.00 IPC) --  N/A  KHz (0.01 KHz) 
**Core 09 Thread 52 Finished:   insts:19          cycles:8008       (8007)  seconds:2     -- 0.00 IPC (0.00 IPC) --  N/A  KHz (0.01 KHz) 
**Core 01 Thread 56 Finished:   insts:19          cycles:8010       (8009)  seconds:3     -- 0.00 IPC (0.00 IPC) --  N/A  KHz (0.01 KHz) 
**Core 00 Thread 39 Finished:   insts:19          cycles:8011       (8010)  seconds:3     -- 0.00 IPC (0.00 IPC) --  N/A  KHz (0.01 KHz) 
**Core 10 Thread 46 Finished:   insts:19          cycles:8011       (8010)  seconds:2     -- 0.00 IPC (0.00 IPC) --  N/A  KHz (0.01 KHz) 
**Core 00 Thread 81 Finished:   insts:19          cycles:8012       (8011)  seconds:3     -- 0.00 IPC (0.00 IPC) --  N/A  KHz (0.01 KHz) 
**Core 08 Thread 23 Finished:   insts:19          cycles:8012       (8011)  seconds:2     -- 0.00 IPC (0.00 IPC) --  N/A  KHz (0.01 KHz) 
**Core 15 Thread 58 Finished:   insts:19          cycles:8016       (8015)  seconds:2     -- 0.00 IPC (0.00 IPC) --  N/A  KHz (0.01 KHz) 
**Core 02 Thread 06 Finished:   insts:19          cycles:8021       (8020)  seconds:3     -- 0.00 IPC (0.00 IPC) --  N/A  KHz (0.01 KHz) 
**Core 00 Thread 08 Finished:   insts:19          cycles:8024       (8023)  seconds:3     -- 0.00 IPC (0.00 IPC) --  N/A  KHz (0.01 KHz) 
**Core 02 Thread 28 Finished:   insts:19          cycles:8028       (8027)  seconds:3     -- 0.00 IPC (0.00 IPC) --  N/A  KHz (0.01 KHz) 
**Core 07 Thread 71 Finished:   insts:19          cycles:8032       (8031)  seconds:2     -- 0.00 IPC (0.00 IPC) --  N/A  KHz (0.01 KHz) 
**Core 09 Thread 57 Finished:   insts:19          cycles:8036       (8035)  seconds:2     -- 0.00 IPC (0.00 IPC) --  N/A  KHz (0.01 KHz) 
**Core 10 Thread 15 Finished:   insts:19          cycles:8037       (8036)  seconds:2     -- 0.00 IPC (0.00 IPC) --  N/A  KHz (0.01 KHz) 
**Core 14 Thread 38 Finished:   insts:19          cycles:8038       (8037)  seconds:2     -- 0.00 IPC (0.00 IPC) --  N/A  KHz (0.01 KHz) 
**Core 07 Thread 36 Finished:   insts:19          cycles:8039       (8038)  seconds:2     -- 0.00 IPC (0.00 IPC) --  N/A  KHz (0.01 KHz) 
**Core 00 Thread 41 Finished:   insts:19          cycles:8039       (8038)  seconds:3     -- 0.00 IPC (0.00 IPC) --  N/A  KHz (0.01 KHz) 
**Core 00 Thread 82 Finished:   insts:19          cycles:8040       (8039)  seconds:3     -- 0.00 IPC (0.00 IPC) --  N/A  KHz (0.01 KHz) 
**Core 07 Thread 17 Finished:   insts:19          cycles:8044       (8043)  seconds:2     -- 0.00 IPC (0.00 IPC) --  N/A  KHz (0.01 KHz) 
**Core 15 Thread 59 Finished:   insts:19          cycles:8048       (8047)  seconds:2     -- 0.00 IPC (0.00 IPC) --  N/A  KHz (0.01 KHz) 
**Core 00 Thread 10 Finished:   insts:19          cycles:8052       (8051)  seconds:3     -- 0.00 IPC (0.00 IPC) --  N/A  KHz (0.01 KHz) 
**Core 02 Thread 11 Finished:   insts:19          cycles:8053       (8052)  seconds:3     -- 0.00 IPC (0.00 IPC) --  N/A  KHz (0.01 KHz) 
**Core 02 Thread 31 Finished:   insts:19          cycles:8060       (8059)  seconds:3     -- 0.00 IPC (0.00 IPC) --  N/A  KHz (0.01 KHz) 
**Core 02 Core_Total  Finished:   insts:1824        cycles:8060       (8059) seconds:3     -- 0.23 IPC (0.23 IPC) --  N/A  KHz (0.61 KHz)
**Core 07 Thread 74 Finished:   insts:19          cycles:8064       (8063)  seconds:2     -- 0.00 IPC (0.00 IPC) --  N/A  KHz (0.01 KHz) 
**Core 09 Thread 58 Finished:   insts:19          cycles:8064       (8063)  seconds:2     -- 0.00 IPC (0.00 IPC) --  N/A  KHz (0.01 KHz) 
**Core 01 Thread 58 Finished:   insts:19          cycles:8066       (8065)  seconds:3     -- 0.00 IPC (0.00 IPC) --  N/A  KHz (0.01 KHz) 
**Core 07 Thread 33 Finished:   insts:19          cycles:8067       (8066)  seconds:2     -- 0.00 IPC (0.00 IPC) --  N/A  KHz (0.01 KHz) 
**Core 00 Thread 88 Finished:   insts:19          cycles:8067       (8066)  seconds:3     -- 0.00 IPC (0.00 IPC) --  N/A  KHz (0.01 KHz) 
**Core 13 Thread 03 Finished:   insts:19          cycles:8069       (8068)  seconds:2     -- 0.00 IPC (0.00 IPC) --  N/A  KHz (0.01 KHz) 
**Core 07 Thread 19 Finished:   insts:19          cycles:8076       (8075)  seconds:2     -- 0.00 IPC (0.00 IPC) --  N/A  KHz (0.01 KHz) 
**Core 00 Thread 12 Finished:   insts:19          cycles:8080       (8079)  seconds:3     -- 0.00 IPC (0.00 IPC) --  N/A  KHz (0.01 KHz) 
**Core 13 Thread 60 Finished:   insts:19          cycles:8080       (8079)  seconds:2     -- 0.00 IPC (0.00 IPC) --  N/A  KHz (0.01 KHz) 
**Core 07 Thread 01 Finished:   insts:19          cycles:8085       (8084)  seconds:2     -- 0.00 IPC (0.00 IPC) --  N/A  KHz (0.01 KHz) 
**Core 15 Thread 03 Finished:   insts:19          cycles:8092       (8091)  seconds:2     -- 0.00 IPC (0.00 IPC) --  N/A  KHz (0.01 KHz) 
**Core 07 Thread 62 Finished:   insts:19          cycles:8092       (8091)  seconds:2     -- 0.00 IPC (0.00 IPC) --  N/A  KHz (0.01 KHz) 
**Core 14 Thread 39 Finished:   insts:19          cycles:8094       (8093)  seconds:2     -- 0.00 IPC (0.00 IPC) --  N/A  KHz (0.01 KHz) 
**Core 07 Thread 44 Finished:   insts:19          cycles:8095       (8094)  seconds:2     -- 0.00 IPC (0.00 IPC) --  N/A  KHz (0.01 KHz) 
**Core 07 Thread 78 Finished:   insts:19          cycles:8096       (8095)  seconds:2     -- 0.00 IPC (0.00 IPC) --  N/A  KHz (0.01 KHz) 
**Core 00 Thread 89 Finished:   insts:19          cycles:8099       (8098)  seconds:3     -- 0.00 IPC (0.00 IPC) --  N/A  KHz (0.01 KHz) 
**Core 13 Thread 05 Finished:   insts:19          cycles:8101       (8100)  seconds:2     -- 0.00 IPC (0.00 IPC) --  N/A  KHz (0.01 KHz) 
**Core 00 Thread 15 Finished:   insts:19          cycles:8108       (8107)  seconds:3     -- 0.00 IPC (0.00 IPC) --  N/A  KHz (0.01 KHz) 
**Core 07 Thread 24 Finished:   insts:19          cycles:8108       (8107)  seconds:2     -- 0.00 IPC (0.00 IPC) --  N/A  KHz (0.01 KHz) 
**Core 13 Thread 61 Finished:   insts:19          cycles:8112       (8111)  seconds:2     -- 0.00 IPC (0.00 IPC) --  N/A  KHz (0.01 KHz) 
**Core 07 Thread 03 Finished:   insts:19          cycles:8117       (8116)  seconds:2     -- 0.00 IPC (0.00 IPC) --  N/A  KHz (0.01 KHz) 
**Core 09 Thread 59 Finished:   insts:19          cycles:8120       (8119)  seconds:2     -- 0.00 IPC (0.00 IPC) --  N/A  KHz (0.01 KHz) 
**Core 14 Thread 40 Finished:   insts:19          cycles:8122       (8121)  seconds:2     -- 0.00 IPC (0.00 IPC) --  N/A  KHz (0.01 KHz) 
**Core 07 Thread 43 Finished:   insts:19          cycles:8123       (8122)  seconds:2     -- 0.00 IPC (0.00 IPC) --  N/A  KHz (0.01 KHz) 
**Core 15 Thread 08 Finished:   insts:19          cycles:8124       (8123)  seconds:2     -- 0.00 IPC (0.00 IPC) --  N/A  KHz (0.01 KHz) 
**Core 00 Thread 91 Finished:   insts:19          cycles:8127       (8126)  seconds:3     -- 0.00 IPC (0.00 IPC) --  N/A  KHz (0.01 KHz) 
**Core 07 Thread 64 Finished:   insts:19          cycles:8128       (8127)  seconds:2     -- 0.00 IPC (0.00 IPC) --  N/A  KHz (0.01 KHz) 
**Core 07 Thread 12 Finished:   insts:19          cycles:8133       (8132)  seconds:2     -- 0.00 IPC (0.00 IPC) --  N/A  KHz (0.01 KHz) 
**Core 07 Thread 25 Finished:   insts:19          cycles:8140       (8139)  seconds:2     -- 0.00 IPC (0.00 IPC) --  N/A  KHz (0.01 KHz) 
**Core 15 Thread 54 Finished:   insts:19          cycles:8144       (8143)  seconds:2     -- 0.00 IPC (0.00 IPC) --  N/A  KHz (0.01 KHz) 
**Core 09 Thread 60 Finished:   insts:19          cycles:8148       (8147)  seconds:2     -- 0.00 IPC (0.00 IPC) --  N/A  KHz (0.01 KHz) 
**Core 07 Thread 02 Finished:   insts:19          cycles:8149       (8148)  seconds:2     -- 0.00 IPC (0.00 IPC) --  N/A  KHz (0.01 KHz) 
**Core 14 Thread 42 Finished:   insts:19          cycles:8150       (8149)  seconds:2     -- 0.00 IPC (0.00 IPC) --  N/A  KHz (0.01 KHz) 
**Core 00 Thread 00 Finished:   insts:19          cycles:8151       (8150)  seconds:3     -- 0.00 IPC (0.00 IPC) --  N/A  KHz (0.01 KHz) 
**Core 07 Thread 47 Finished:   insts:19          cycles:8152       (8151)  seconds:2     -- 0.00 IPC (0.00 IPC) --  N/A  KHz (0.01 KHz) 
**Core 00 Thread 92 Finished:   insts:19          cycles:8155       (8154)  seconds:3     -- 0.00 IPC (0.00 IPC) --  N/A  KHz (0.01 KHz) 
**Core 15 Thread 10 Finished:   insts:19          cycles:8156       (8155)  seconds:2     -- 0.00 IPC (0.00 IPC) --  N/A  KHz (0.01 KHz) 
**Core 07 Thread 67 Finished:   insts:19          cycles:8160       (8159)  seconds:2     -- 0.00 IPC (0.00 IPC) --  N/A  KHz (0.01 KHz) 
**Core 07 Thread 13 Finished:   insts:19          cycles:8165       (8164)  seconds:2     -- 0.00 IPC (0.00 IPC) --  N/A  KHz (0.01 KHz) 
**Core 07 Thread 28 Finished:   insts:19          cycles:8172       (8171)  seconds:2     -- 0.00 IPC (0.00 IPC) --  N/A  KHz (0.01 KHz) 
**Core 09 Thread 61 Finished:   insts:19          cycles:8176       (8175)  seconds:2     -- 0.00 IPC (0.00 IPC) --  N/A  KHz (0.01 KHz) 
**Core 15 Thread 56 Finished:   insts:19          cycles:8176       (8175)  seconds:2     -- 0.00 IPC (0.00 IPC) --  N/A  KHz (0.01 KHz) 
**Core 14 Thread 47 Finished:   insts:19          cycles:8179       (8178)  seconds:2     -- 0.00 IPC (0.00 IPC) --  N/A  KHz (0.01 KHz) 
**Core 07 Thread 32 Finished:   insts:19          cycles:8180       (8179)  seconds:2     -- 0.00 IPC (0.00 IPC) --  N/A  KHz (0.01 KHz) 
**Core 00 Thread 04 Finished:   insts:19          cycles:8180       (8179)  seconds:3     -- 0.00 IPC (0.00 IPC) --  N/A  KHz (0.01 KHz) 
**Core 07 Thread 06 Finished:   insts:19          cycles:8181       (8180)  seconds:2     -- 0.00 IPC (0.00 IPC) --  N/A  KHz (0.01 KHz) 
**Core 00 Thread 94 Finished:   insts:19          cycles:8184       (8183)  seconds:3     -- 0.00 IPC (0.00 IPC) --  N/A  KHz (0.01 KHz) 
**Core 15 Thread 14 Finished:   insts:19          cycles:8188       (8187)  seconds:2     -- 0.00 IPC (0.00 IPC) --  N/A  KHz (0.01 KHz) 
**Core 07 Thread 73 Finished:   insts:19          cycles:8192       (8191)  seconds:2     -- 0.00 IPC (0.00 IPC) --  N/A  KHz (0.01 KHz) 
**Core 07 Thread 15 Finished:   insts:19          cycles:8197       (8196)  seconds:2     -- 0.00 IPC (0.00 IPC) --  N/A  KHz (0.01 KHz) 
**Core 07 Thread 21 Finished:   insts:19          cycles:8204       (8203)  seconds:2     -- 0.00 IPC (0.00 IPC) --  N/A  KHz (0.01 KHz) 
**Core 11 Thread 53 Finished:   insts:19          cycles:8204       (8203)  seconds:2     -- 0.00 IPC (0.00 IPC) --  N/A  KHz (0.01 KHz) 
**Core 14 Thread 44 Finished:   insts:19          cycles:8207       (8206)  seconds:2     -- 0.00 IPC (0.00 IPC) --  N/A  KHz (0.01 KHz) 
**Core 00 Thread 09 Finished:   insts:19          cycles:8208       (8207)  seconds:3     -- 0.00 IPC (0.00 IPC) --  N/A  KHz (0.01 KHz) 
**Core 07 Thread 37 Finished:   insts:19          cycles:8208       (8207)  seconds:2     -- 0.00 IPC (0.00 IPC) --  N/A  KHz (0.01 KHz) 
**Core 13 Thread 62 Finished:   insts:19          cycles:8209       (8208)  seconds:2     -- 0.00 IPC (0.00 IPC) --  N/A  KHz (0.01 KHz) 
**Core 00 Thread 95 Finished:   insts:19          cycles:8212       (8211)  seconds:3     -- 0.00 IPC (0.00 IPC) --  N/A  KHz (0.01 KHz) 
**Core 07 Thread 05 Finished:   insts:19          cycles:8213       (8212)  seconds:2     -- 0.00 IPC (0.00 IPC) --  N/A  KHz (0.01 KHz) 
**Core 00 Thread 33 Finished:   insts:19          cycles:8219       (8218)  seconds:3     -- 0.00 IPC (0.00 IPC) --  N/A  KHz (0.01 KHz) 
**Core 15 Thread 11 Finished:   insts:19          cycles:8220       (8219)  seconds:2     -- 0.00 IPC (0.00 IPC) --  N/A  KHz (0.01 KHz) 
**Core 09 Thread 68 Finished:   insts:19          cycles:8224       (8223)  seconds:2     -- 0.00 IPC (0.00 IPC) --  N/A  KHz (0.01 KHz) 
**Core 11 Thread 00 Finished:   insts:19          cycles:8231       (8230)  seconds:2     -- 0.00 IPC (0.00 IPC) --  N/A  KHz (0.01 KHz) 
**Core 11 Thread 52 Finished:   insts:19          cycles:8232       (8231)  seconds:2     -- 0.00 IPC (0.00 IPC) --  N/A  KHz (0.01 KHz) 
**Core 14 Thread 46 Finished:   insts:19          cycles:8234       (8233)  seconds:2     -- 0.00 IPC (0.00 IPC) --  N/A  KHz (0.01 KHz) 
**Core 00 Thread 13 Finished:   insts:19          cycles:8235       (8234)  seconds:3     -- 0.00 IPC (0.00 IPC) --  N/A  KHz (0.01 KHz) 
**Core 07 Thread 39 Finished:   insts:19          cycles:8235       (8234)  seconds:2     -- 0.00 IPC (0.00 IPC) --  N/A  KHz (0.01 KHz) 
**Core 07 Thread 26 Finished:   insts:19          cycles:8236       (8235)  seconds:2     -- 0.00 IPC (0.00 IPC) --  N/A  KHz (0.01 KHz) 
**Core 00 Thread 86 Finished:   insts:19          cycles:8239       (8238)  seconds:3     -- 0.00 IPC (0.00 IPC) --  N/A  KHz (0.01 KHz) 
**Core 13 Thread 63 Finished:   insts:19          cycles:8240       (8239)  seconds:2     -- 0.00 IPC (0.00 IPC) --  N/A  KHz (0.01 KHz) 
**Core 07 Thread 10 Finished:   insts:19          cycles:8245       (8244)  seconds:2     -- 0.00 IPC (0.00 IPC) --  N/A  KHz (0.01 KHz) 
**Core 00 Thread 35 Finished:   insts:19          cycles:8247       (8246)  seconds:3     -- 0.00 IPC (0.00 IPC) --  N/A  KHz (0.01 KHz) 
**Core 13 Thread 12 Finished:   insts:19          cycles:8252       (8251)  seconds:2     -- 0.00 IPC (0.00 IPC) --  N/A  KHz (0.01 KHz) 
**Core 09 Thread 70 Finished:   insts:19          cycles:8256       (8255)  seconds:2     -- 0.00 IPC (0.00 IPC) --  N/A  KHz (0.01 KHz) 
**Core 07 Thread 63 Finished:   insts:19          cycles:8260       (8259)  seconds:2     -- 0.00 IPC (0.00 IPC) --  N/A  KHz (0.01 KHz) 
**Core 11 Thread 02 Finished:   insts:19          cycles:8263       (8262)  seconds:2     -- 0.00 IPC (0.00 IPC) --  N/A  KHz (0.01 KHz) 
**Core 14 Thread 33 Finished:   insts:19          cycles:8263       (8262)  seconds:2     -- 0.00 IPC (0.00 IPC) --  N/A  KHz (0.01 KHz) 
**Core 07 Thread 41 Finished:   insts:19          cycles:8264       (8263)  seconds:2     -- 0.00 IPC (0.00 IPC) --  N/A  KHz (0.01 KHz) 
**Core 07 Thread 23 Finished:   insts:19          cycles:8268       (8267)  seconds:2     -- 0.00 IPC (0.00 IPC) --  N/A  KHz (0.01 KHz) 
**Core 15 Thread 60 Finished:   insts:19          cycles:8272       (8271)  seconds:2     -- 0.00 IPC (0.00 IPC) --  N/A  KHz (0.01 KHz) 
**Core 07 Thread 07 Finished:   insts:19          cycles:8277       (8276)  seconds:2     -- 0.00 IPC (0.00 IPC) --  N/A  KHz (0.01 KHz) 
**Core 13 Thread 13 Finished:   insts:19          cycles:8284       (8283)  seconds:2     -- 0.00 IPC (0.00 IPC) --  N/A  KHz (0.01 KHz) 
**Core 09 Thread 73 Finished:   insts:19          cycles:8288       (8287)  seconds:2     -- 0.00 IPC (0.00 IPC) --  N/A  KHz (0.01 KHz) 
**Core 11 Thread 54 Finished:   insts:19          cycles:8288       (8287)  seconds:2     -- 0.00 IPC (0.00 IPC) --  N/A  KHz (0.01 KHz) 
**Core 14 Thread 37 Finished:   insts:19          cycles:8291       (8290)  seconds:2     -- 0.00 IPC (0.00 IPC) --  N/A  KHz (0.01 KHz) 
**Core 07 Thread 42 Finished:   insts:19          cycles:8292       (8291)  seconds:2     -- 0.00 IPC (0.00 IPC) --  N/A  KHz (0.01 KHz) 
**Core 11 Thread 01 Finished:   insts:19          cycles:8293       (8292)  seconds:2     -- 0.00 IPC (0.00 IPC) --  N/A  KHz (0.01 KHz) 
**Core 07 Thread 29 Finished:   insts:19          cycles:8300       (8299)  seconds:2     -- 0.00 IPC (0.00 IPC) --  N/A  KHz (0.01 KHz) 
**Core 15 Thread 61 Finished:   insts:19          cycles:8304       (8303)  seconds:2     -- 0.00 IPC (0.00 IPC) --  N/A  KHz (0.01 KHz) 
**Core 07 Thread 09 Finished:   insts:19          cycles:8309       (8308)  seconds:2     -- 0.00 IPC (0.00 IPC) --  N/A  KHz (0.01 KHz) 
**Core 13 Thread 14 Finished:   insts:19          cycles:8316       (8315)  seconds:2     -- 0.00 IPC (0.00 IPC) --  N/A  KHz (0.01 KHz) 
**Core 09 Thread 62 Finished:   insts:19          cycles:8316       (8315)  seconds:2     -- 0.00 IPC (0.00 IPC) --  N/A  KHz (0.01 KHz) 
**Core 14 Thread 41 Finished:   insts:19          cycles:8318       (8317)  seconds:2     -- 0.00 IPC (0.00 IPC) --  N/A  KHz (0.01 KHz) 
**Core 07 Thread 46 Finished:   insts:19          cycles:8319       (8318)  seconds:2     -- 0.00 IPC (0.00 IPC) --  N/A  KHz (0.01 KHz) 
**Core 09 Thread 67 Finished:   insts:19          cycles:8320       (8319)  seconds:2     -- 0.00 IPC (0.00 IPC) --  N/A  KHz (0.01 KHz) 
**Core 11 Thread 04 Finished:   insts:19          cycles:8325       (8324)  seconds:2     -- 0.00 IPC (0.00 IPC) --  N/A  KHz (0.01 KHz) 
**Core 07 Thread 31 Finished:   insts:19          cycles:8332       (8331)  seconds:2     -- 0.00 IPC (0.00 IPC) --  N/A  KHz (0.01 KHz) 
**Core 15 Thread 62 Finished:   insts:19          cycles:8336       (8335)  seconds:2     -- 0.00 IPC (0.00 IPC) --  N/A  KHz (0.01 KHz) 
**Core 07 Thread 11 Finished:   insts:19          cycles:8341       (8340)  seconds:2     -- 0.00 IPC (0.00 IPC) --  N/A  KHz (0.01 KHz) 
**Core 11 Thread 55 Finished:   insts:19          cycles:8344       (8343)  seconds:2     -- 0.00 IPC (0.00 IPC) --  N/A  KHz (0.01 KHz) 
**Core 14 Thread 32 Finished:   insts:19          cycles:8346       (8345)  seconds:2     -- 0.00 IPC (0.00 IPC) --  N/A  KHz (0.01 KHz) 
**Core 11 Thread 34 Finished:   insts:19          cycles:8347       (8346)  seconds:2     -- 0.00 IPC (0.00 IPC) --  N/A  KHz (0.01 KHz) 
**Core 13 Thread 15 Finished:   insts:19          cycles:8348       (8347)  seconds:2     -- 0.00 IPC (0.00 IPC) --  N/A  KHz (0.01 KHz) 
**Core 11 Thread 05 Finished:   insts:19          cycles:8357       (8356)  seconds:2     -- 0.00 IPC (0.00 IPC) --  N/A  KHz (0.01 KHz) 
**Core 15 Thread 63 Finished:   insts:19          cycles:8364       (8363)  seconds:2     -- 0.00 IPC (0.00 IPC) --  N/A  KHz (0.01 KHz) 
**Core 09 Thread 17 Finished:   insts:19          cycles:8364       (8363)  seconds:2     -- 0.00 IPC (0.00 IPC) --  N/A  KHz (0.01 KHz) 
**Core 11 Thread 67 Finished:   insts:19          cycles:8367       (8366)  seconds:2     -- 0.00 IPC (0.00 IPC) --  N/A  KHz (0.01 KHz) 
**Core 09 Thread 63 Finished:   insts:19          cycles:8372       (8371)  seconds:2     -- 0.00 IPC (0.00 IPC) --  N/A  KHz (0.01 KHz) 
**Core 14 Thread 45 Finished:   insts:19          cycles:8374       (8373)  seconds:2     -- 0.00 IPC (0.00 IPC) --  N/A  KHz (0.01 KHz) 
**Core 11 Thread 37 Finished:   insts:19          cycles:8375       (8374)  seconds:2     -- 0.00 IPC (0.00 IPC) --  N/A  KHz (0.01 KHz) 
**Core 00 Thread 21 Finished:   insts:19          cycles:8380       (8379)  seconds:3     -- 0.00 IPC (0.00 IPC) --  N/A  KHz (0.01 KHz) 
**Core 11 Thread 07 Finished:   insts:19          cycles:8385       (8384)  seconds:2     -- 0.00 IPC (0.00 IPC) --  N/A  KHz (0.01 KHz) 
**Core 00 Thread 66 Finished:   insts:19          cycles:8392       (8391)  seconds:3     -- 0.00 IPC (0.00 IPC) --  N/A  KHz (0.01 KHz) 
**Core 10 Thread 65 Finished:   insts:19          cycles:8395       (8394)  seconds:2     -- 0.00 IPC (0.00 IPC) --  N/A  KHz (0.01 KHz) 
**Core 09 Thread 19 Finished:   insts:19          cycles:8396       (8395)  seconds:2     -- 0.00 IPC (0.00 IPC) --  N/A  KHz (0.01 KHz) 
**Core 10 Thread 52 Finished:   insts:19          cycles:8400       (8399)  seconds:2     -- 0.00 IPC (0.00 IPC) --  N/A  KHz (0.01 KHz) 
**Core 13 Thread 44 Finished:   insts:19          cycles:8402       (8401)  seconds:2     -- 0.00 IPC (0.00 IPC) --  N/A  KHz (0.01 KHz) 
**Core 11 Thread 42 Finished:   insts:19          cycles:8403       (8402)  seconds:2     -- 0.00 IPC (0.00 IPC) --  N/A  KHz (0.01 KHz) 
**Core 00 Thread 20 Finished:   insts:19          cycles:8412       (8411)  seconds:3     -- 0.00 IPC (0.00 IPC) --  N/A  KHz (0.01 KHz) 
**Core 11 Thread 09 Finished:   insts:19          cycles:8413       (8412)  seconds:2     -- 0.00 IPC (0.00 IPC) --  N/A  KHz (0.01 KHz) 
**Core 11 Thread 16 Finished:   insts:19          cycles:8416       (8415)  seconds:2     -- 0.00 IPC (0.00 IPC) --  N/A  KHz (0.01 KHz) 
**Core 00 Thread 69 Finished:   insts:19          cycles:8420       (8419)  seconds:3     -- 0.00 IPC (0.00 IPC) --  N/A  KHz (0.01 KHz) 
**Core 11 Thread 71 Finished:   insts:19          cycles:8423       (8422)  seconds:2     -- 0.00 IPC (0.00 IPC) --  N/A  KHz (0.01 KHz) 
**Core 09 Thread 27 Finished:   insts:19          cycles:8428       (8427)  seconds:2     -- 0.00 IPC (0.00 IPC) --  N/A  KHz (0.01 KHz) 
**Core 10 Thread 53 Finished:   insts:19          cycles:8428       (8427)  seconds:2     -- 0.00 IPC (0.00 IPC) --  N/A  KHz (0.01 KHz) 
**Core 15 Thread 32 Finished:   insts:19          cycles:8430       (8429)  seconds:2     -- 0.00 IPC (0.00 IPC) --  N/A  KHz (0.01 KHz) 
**Core 11 Thread 43 Finished:   insts:19          cycles:8431       (8430)  seconds:2     -- 0.00 IPC (0.00 IPC) --  N/A  KHz (0.01 KHz) 
**Core 11 Thread 13 Finished:   insts:19          cycles:8441       (8440)  seconds:2     -- 0.00 IPC (0.00 IPC) --  N/A  KHz (0.01 KHz) 
**Core 00 Thread 25 Finished:   insts:19          cycles:8444       (8443)  seconds:3     -- 0.00 IPC (0.00 IPC) --  N/A  KHz (0.01 KHz) 
**Core 11 Thread 21 Finished:   insts:19          cycles:8444       (8443)  seconds:2     -- 0.00 IPC (0.00 IPC) --  N/A  KHz (0.01 KHz) 
**Core 00 Thread 64 Finished:   insts:19          cycles:8448       (8447)  seconds:3     -- 0.00 IPC (0.00 IPC) --  N/A  KHz (0.01 KHz) 
**Core 10 Thread 66 Finished:   insts:19          cycles:8451       (8450)  seconds:2     -- 0.00 IPC (0.00 IPC) --  N/A  KHz (0.01 KHz) 
**Core 11 Thread 45 Finished:   insts:19          cycles:8452       (8451)  seconds:2     -- 0.00 IPC (0.00 IPC) --  N/A  KHz (0.01 KHz) 
**Core 10 Thread 55 Finished:   insts:19          cycles:8456       (8455)  seconds:2     -- 0.00 IPC (0.00 IPC) --  N/A  KHz (0.01 KHz) 
**Core 15 Thread 35 Finished:   insts:19          cycles:8458       (8457)  seconds:2     -- 0.00 IPC (0.00 IPC) --  N/A  KHz (0.01 KHz) 
**Core 09 Thread 42 Finished:   insts:19          cycles:8468       (8467)  seconds:2     -- 0.00 IPC (0.00 IPC) --  N/A  KHz (0.01 KHz) 
**Core 11 Thread 15 Finished:   insts:19          cycles:8469       (8468)  seconds:2     -- 0.00 IPC (0.00 IPC) --  N/A  KHz (0.01 KHz) 
**Core 11 Thread 18 Finished:   insts:19          cycles:8472       (8471)  seconds:2     -- 0.00 IPC (0.00 IPC) --  N/A  KHz (0.01 KHz) 
**Core 00 Thread 17 Finished:   insts:19          cycles:8472       (8471)  seconds:3     -- 0.00 IPC (0.00 IPC) --  N/A  KHz (0.01 KHz) 
**Core 00 Thread 68 Finished:   insts:19          cycles:8476       (8475)  seconds:3     -- 0.00 IPC (0.00 IPC) --  N/A  KHz (0.01 KHz) 
**Core 10 Thread 68 Finished:   insts:19          cycles:8479       (8478)  seconds:2     -- 0.00 IPC (0.00 IPC) --  N/A  KHz (0.01 KHz) 
**Core 11 Thread 58 Finished:   insts:19          cycles:8484       (8483)  seconds:2     -- 0.00 IPC (0.00 IPC) --  N/A  KHz (0.01 KHz) 
**Core 15 Thread 36 Finished:   insts:19          cycles:8486       (8485)  seconds:2     -- 0.00 IPC (0.00 IPC) --  N/A  KHz (0.01 KHz) 
**Core 09 Thread 35 Finished:   insts:19          cycles:8496       (8495)  seconds:2     -- 0.00 IPC (0.00 IPC) --  N/A  KHz (0.01 KHz) 
**Core 09 Thread 00 Finished:   insts:19          cycles:8497       (8496)  seconds:2     -- 0.00 IPC (0.00 IPC) --  N/A  KHz (0.01 KHz) 
**Core 11 Thread 25 Finished:   insts:19          cycles:8500       (8499)  seconds:2     -- 0.00 IPC (0.00 IPC) --  N/A  KHz (0.01 KHz) 
**Core 00 Thread 18 Finished:   insts:19          cycles:8500       (8499)  seconds:3     -- 0.00 IPC (0.00 IPC) --  N/A  KHz (0.01 KHz) 
**Core 00 Thread 70 Finished:   insts:19          cycles:8504       (8503)  seconds:3     -- 0.00 IPC (0.00 IPC) --  N/A  KHz (0.01 KHz) 
**Core 11 Thread 72 Finished:   insts:19          cycles:8507       (8506)  seconds:2     -- 0.00 IPC (0.00 IPC) --  N/A  KHz (0.01 KHz) 
**Core 10 Thread 56 Finished:   insts:19          cycles:8512       (8511)  seconds:2     -- 0.00 IPC (0.00 IPC) --  N/A  KHz (0.01 KHz) 
**Core 15 Thread 37 Finished:   insts:19          cycles:8514       (8513)  seconds:2     -- 0.00 IPC (0.00 IPC) --  N/A  KHz (0.01 KHz) 
**Core 09 Thread 46 Finished:   insts:19          cycles:8524       (8523)  seconds:2     -- 0.00 IPC (0.00 IPC) --  N/A  KHz (0.01 KHz) 
**Core 09 Thread 02 Finished:   insts:19          cycles:8525       (8524)  seconds:2     -- 0.00 IPC (0.00 IPC) --  N/A  KHz (0.01 KHz) 
**Core 00 Thread 23 Finished:   insts:19          cycles:8528       (8527)  seconds:3     -- 0.00 IPC (0.00 IPC) --  N/A  KHz (0.01 KHz) 
**Core 11 Thread 27 Finished:   insts:19          cycles:8528       (8527)  seconds:2     -- 0.00 IPC (0.00 IPC) --  N/A  KHz (0.01 KHz) 
**Core 00 Thread 71 Finished:   insts:19          cycles:8532       (8531)  seconds:3     -- 0.00 IPC (0.00 IPC) --  N/A  KHz (0.01 KHz) 
**Core 10 Thread 70 Finished:   insts:19          cycles:8535       (8534)  seconds:2     -- 0.00 IPC (0.00 IPC) --  N/A  KHz (0.01 KHz) 
**Core 11 Thread 59 Finished:   insts:19          cycles:8540       (8539)  seconds:2     -- 0.00 IPC (0.00 IPC) --  N/A  KHz (0.01 KHz) 
**Core 15 Thread 41 Finished:   insts:19          cycles:8542       (8541)  seconds:2     -- 0.00 IPC (0.00 IPC) --  N/A  KHz (0.01 KHz) 
**Core 11 Thread 33 Finished:   insts:19          cycles:8552       (8551)  seconds:2     -- 0.00 IPC (0.00 IPC) --  N/A  KHz (0.01 KHz) 
**Core 09 Thread 06 Finished:   insts:19          cycles:8553       (8552)  seconds:2     -- 0.00 IPC (0.00 IPC) --  N/A  KHz (0.01 KHz) 
**Core 00 Thread 22 Finished:   insts:19          cycles:8556       (8555)  seconds:3     -- 0.00 IPC (0.00 IPC) --  N/A  KHz (0.01 KHz) 
**Core 10 Thread 17 Finished:   insts:19          cycles:8556       (8555)  seconds:2     -- 0.00 IPC (0.00 IPC) --  N/A  KHz (0.01 KHz) 
**Core 00 Thread 72 Finished:   insts:19          cycles:8560       (8559)  seconds:3     -- 0.00 IPC (0.00 IPC) --  N/A  KHz (0.01 KHz) 
**Core 10 Thread 71 Finished:   insts:19          cycles:8563       (8562)  seconds:2     -- 0.00 IPC (0.00 IPC) --  N/A  KHz (0.01 KHz) 
**Core 10 Thread 57 Finished:   insts:19          cycles:8568       (8567)  seconds:2     -- 0.00 IPC (0.00 IPC) --  N/A  KHz (0.01 KHz) 
**Core 15 Thread 40 Finished:   insts:19          cycles:8570       (8569)  seconds:2     -- 0.00 IPC (0.00 IPC) --  N/A  KHz (0.01 KHz) 
**Core 11 Thread 32 Finished:   insts:19          cycles:8580       (8579)  seconds:2     -- 0.00 IPC (0.00 IPC) --  N/A  KHz (0.01 KHz) 
**Core 09 Thread 08 Finished:   insts:19          cycles:8581       (8580)  seconds:2     -- 0.00 IPC (0.00 IPC) --  N/A  KHz (0.01 KHz) 
**Core 11 Thread 24 Finished:   insts:19          cycles:8584       (8583)  seconds:2     -- 0.00 IPC (0.00 IPC) --  N/A  KHz (0.01 KHz) 
**Core 00 Thread 27 Finished:   insts:19          cycles:8584       (8583)  seconds:3     -- 0.00 IPC (0.00 IPC) --  N/A  KHz (0.01 KHz) 
**Core 00 Thread 74 Finished:   insts:19          cycles:8588       (8587)  seconds:3     -- 0.00 IPC (0.00 IPC) --  N/A  KHz (0.01 KHz) 
**Core 11 Thread 77 Finished:   insts:19          cycles:8591       (8590)  seconds:2     -- 0.00 IPC (0.00 IPC) --  N/A  KHz (0.01 KHz) 
**Core 11 Thread 56 Finished:   insts:19          cycles:8596       (8595)  seconds:2     -- 0.00 IPC (0.00 IPC) --  N/A  KHz (0.01 KHz) 
**Core 15 Thread 44 Finished:   insts:19          cycles:8598       (8597)  seconds:2     -- 0.00 IPC (0.00 IPC) --  N/A  KHz (0.01 KHz) 
**Core 10 Thread 32 Finished:   insts:19          cycles:8608       (8607)  seconds:2     -- 0.00 IPC (0.00 IPC) --  N/A  KHz (0.01 KHz) 
**Core 09 Thread 14 Finished:   insts:19          cycles:8609       (8608)  seconds:2     -- 0.00 IPC (0.00 IPC) --  N/A  KHz (0.01 KHz) 
**Core 11 Thread 28 Finished:   insts:19          cycles:8612       (8611)  seconds:2     -- 0.00 IPC (0.00 IPC) --  N/A  KHz (0.01 KHz) 
**Core 00 Thread 29 Finished:   insts:19          cycles:8612       (8611)  seconds:3     -- 0.00 IPC (0.00 IPC) --  N/A  KHz (0.01 KHz) 
**Core 00 Thread 65 Finished:   insts:19          cycles:8616       (8615)  seconds:3     -- 0.00 IPC (0.00 IPC) --  N/A  KHz (0.01 KHz) 
**Core 10 Thread 64 Finished:   insts:19          cycles:8619       (8618)  seconds:2     -- 0.00 IPC (0.00 IPC) --  N/A  KHz (0.01 KHz) 
**Core 10 Thread 58 Finished:   insts:19          cycles:8624       (8623)  seconds:2     -- 0.00 IPC (0.00 IPC) --  N/A  KHz (0.01 KHz) 
**Core 15 Thread 34 Finished:   insts:19          cycles:8626       (8625)  seconds:2     -- 0.00 IPC (0.00 IPC) --  N/A  KHz (0.01 KHz) 
**Core 11 Thread 36 Finished:   insts:19          cycles:8636       (8635)  seconds:2     -- 0.00 IPC (0.00 IPC) --  N/A  KHz (0.01 KHz) 
**Core 11 Thread 06 Finished:   insts:19          cycles:8637       (8636)  seconds:2     -- 0.00 IPC (0.00 IPC) --  N/A  KHz (0.01 KHz) 
**Core 00 Thread 26 Finished:   insts:19          cycles:8640       (8639)  seconds:3     -- 0.00 IPC (0.00 IPC) --  N/A  KHz (0.01 KHz) 
**Core 10 Thread 24 Finished:   insts:19          cycles:8640       (8639)  seconds:2     -- 0.00 IPC (0.00 IPC) --  N/A  KHz (0.01 KHz) 
**Core 00 Thread 67 Finished:   insts:19          cycles:8644       (8643)  seconds:3     -- 0.00 IPC (0.00 IPC) --  N/A  KHz (0.01 KHz) 
**Core 10 Thread 72 Finished:   insts:19          cycles:8647       (8646)  seconds:2     -- 0.00 IPC (0.00 IPC) --  N/A  KHz (0.01 KHz) 
**Core 11 Thread 57 Finished:   insts:19          cycles:8652       (8651)  seconds:2     -- 0.00 IPC (0.00 IPC) --  N/A  KHz (0.01 KHz) 
**Core 15 Thread 42 Finished:   insts:19          cycles:8654       (8653)  seconds:2     -- 0.00 IPC (0.00 IPC) --  N/A  KHz (0.01 KHz) 
**Core 10 Thread 39 Finished:   insts:19          cycles:8664       (8663)  seconds:2     -- 0.00 IPC (0.00 IPC) --  N/A  KHz (0.01 KHz) 
**Core 11 Thread 08 Finished:   insts:19          cycles:8665       (8664)  seconds:2     -- 0.00 IPC (0.00 IPC) --  N/A  KHz (0.01 KHz) 
**Core 06 Thread 48 Finished:   insts:19          cycles:8668       (8667)  seconds:3     -- 0.00 IPC (0.00 IPC) --  N/A  KHz (0.01 KHz) 
**Core 11 Thread 30 Finished:   insts:19          cycles:8668       (8667)  seconds:2     -- 0.00 IPC (0.00 IPC) --  N/A  KHz (0.01 KHz) 
**Core 00 Thread 28 Finished:   insts:19          cycles:8669       (8668)  seconds:3     -- 0.00 IPC (0.00 IPC) --  N/A  KHz (0.01 KHz) 
**Core 00 Thread 75 Finished:   insts:19          cycles:8672       (8671)  seconds:3     -- 0.00 IPC (0.00 IPC) --  N/A  KHz (0.01 KHz) 
**Core 10 Thread 74 Finished:   insts:19          cycles:8675       (8674)  seconds:2     -- 0.00 IPC (0.00 IPC) --  N/A  KHz (0.01 KHz) 
**Core 13 Thread 46 Finished:   insts:19          cycles:8682       (8681)  seconds:2     -- 0.00 IPC (0.00 IPC) --  N/A  KHz (0.01 KHz) 
**Core 10 Thread 54 Finished:   insts:19          cycles:8684       (8683)  seconds:2     -- 0.00 IPC (0.00 IPC) --  N/A  KHz (0.01 KHz) 
**Core 10 Thread 38 Finished:   insts:19          cycles:8692       (8691)  seconds:2     -- 0.00 IPC (0.00 IPC) --  N/A  KHz (0.01 KHz) 
**Core 11 Thread 12 Finished:   insts:19          cycles:8693       (8692)  seconds:2     -- 0.00 IPC (0.00 IPC) --  N/A  KHz (0.01 KHz) 
**Core 10 Thread 30 Finished:   insts:19          cycles:8696       (8695)  seconds:2     -- 0.00 IPC (0.00 IPC) --  N/A  KHz (0.01 KHz) 
**Core 00 Thread 30 Finished:   insts:19          cycles:8696       (8695)  seconds:3     -- 0.00 IPC (0.00 IPC) --  N/A  KHz (0.01 KHz) 
**Core 00 Thread 73 Finished:   insts:19          cycles:8700       (8699)  seconds:3     -- 0.00 IPC (0.00 IPC) --  N/A  KHz (0.01 KHz) 
**Core 06 Thread 50 Finished:   insts:19          cycles:8700       (8699)  seconds:3     -- 0.00 IPC (0.00 IPC) --  N/A  KHz (0.01 KHz) 
**Core 10 Thread 76 Finished:   insts:19          cycles:8703       (8702)  seconds:2     -- 0.00 IPC (0.00 IPC) --  N/A  KHz (0.01 KHz) 
**Core 13 Thread 45 Finished:   insts:19          cycles:8710       (8709)  seconds:2     -- 0.00 IPC (0.00 IPC) --  N/A  KHz (0.01 KHz) 
**Core 10 Thread 59 Finished:   insts:19          cycles:8716       (8715)  seconds:2     -- 0.00 IPC (0.00 IPC) --  N/A  KHz (0.01 KHz) 
**Core 11 Thread 40 Finished:   insts:19          cycles:8720       (8719)  seconds:2     -- 0.00 IPC (0.00 IPC) --  N/A  KHz (0.01 KHz) 
**Core 11 Thread 11 Finished:   insts:19          cycles:8721       (8720)  seconds:2     -- 0.00 IPC (0.00 IPC) --  N/A  KHz (0.01 KHz) 
**Core 10 Thread 27 Finished:   insts:19          cycles:8724       (8723)  seconds:2     -- 0.00 IPC (0.00 IPC) --  N/A  KHz (0.01 KHz) 
**Core 00 Thread 19 Finished:   insts:19          cycles:8724       (8723)  seconds:3     -- 0.00 IPC (0.00 IPC) --  N/A  KHz (0.01 KHz) 
**Core 00 Thread 76 Finished:   insts:19          cycles:8728       (8727)  seconds:3     -- 0.00 IPC (0.00 IPC) --  N/A  KHz (0.01 KHz) 
**Core 10 Thread 77 Finished:   insts:19          cycles:8731       (8730)  seconds:2     -- 0.00 IPC (0.00 IPC) --  N/A  KHz (0.01 KHz) 
**Core 06 Thread 49 Finished:   insts:19          cycles:8732       (8731)  seconds:3     -- 0.00 IPC (0.00 IPC) --  N/A  KHz (0.01 KHz) 
**Core 13 Thread 47 Finished:   insts:19          cycles:8738       (8737)  seconds:2     -- 0.00 IPC (0.00 IPC) --  N/A  KHz (0.01 KHz) 
**Core 10 Thread 44 Finished:   insts:19          cycles:8748       (8747)  seconds:2     -- 0.00 IPC (0.00 IPC) --  N/A  KHz (0.01 KHz) 
**Core 11 Thread 60 Finished:   insts:19          cycles:8748       (8747)  seconds:2     -- 0.00 IPC (0.00 IPC) --  N/A  KHz (0.01 KHz) 
**Core 11 Thread 14 Finished:   insts:19          cycles:8749       (8748)  seconds:2     -- 0.00 IPC (0.00 IPC) --  N/A  KHz (0.01 KHz) 
**Core 00 Thread 24 Finished:   insts:19          cycles:8752       (8751)  seconds:3     -- 0.00 IPC (0.00 IPC) --  N/A  KHz (0.01 KHz) 
**Core 10 Thread 20 Finished:   insts:19          cycles:8752       (8751)  seconds:2     -- 0.00 IPC (0.00 IPC) --  N/A  KHz (0.01 KHz) 
**Core 00 Thread 77 Finished:   insts:19          cycles:8756       (8755)  seconds:3     -- 0.00 IPC (0.00 IPC) --  N/A  KHz (0.01 KHz) 
**Core 11 Thread 64 Finished:   insts:19          cycles:8759       (8758)  seconds:2     -- 0.00 IPC (0.00 IPC) --  N/A  KHz (0.01 KHz) 
**Core 06 Thread 51 Finished:   insts:19          cycles:8764       (8763)  seconds:3     -- 0.00 IPC (0.00 IPC) --  N/A  KHz (0.01 KHz) 
**Core 06 Core_Total  Finished:   insts:1520        cycles:8764       (8763) seconds:3     -- 0.17 IPC (0.17 IPC) --  N/A  KHz (0.51 KHz)
**Core 15 Thread 47 Finished:   insts:19          cycles:8766       (8765)  seconds:2     -- 0.00 IPC (0.00 IPC) --  N/A  KHz (0.01 KHz) 
**Core 10 Thread 45 Finished:   insts:19          cycles:8776       (8775)  seconds:2     -- 0.00 IPC (0.00 IPC) --  N/A  KHz (0.01 KHz) 
**Core 10 Thread 02 Finished:   insts:19          cycles:8777       (8776)  seconds:2     -- 0.00 IPC (0.00 IPC) --  N/A  KHz (0.01 KHz) 
**Core 00 Thread 31 Finished:   insts:19          cycles:8780       (8779)  seconds:3     -- 0.00 IPC (0.00 IPC) --  N/A  KHz (0.01 KHz) 
**Core 10 Thread 23 Finished:   insts:19          cycles:8780       (8779)  seconds:2     -- 0.00 IPC (0.00 IPC) --  N/A  KHz (0.01 KHz) 
**Core 10 Thread 60 Finished:   insts:19          cycles:8781       (8780)  seconds:2     -- 0.00 IPC (0.00 IPC) --  N/A  KHz (0.01 KHz) 
**Core 00 Thread 78 Finished:   insts:19          cycles:8784       (8783)  seconds:3     -- 0.00 IPC (0.00 IPC) --  N/A  KHz (0.01 KHz) 
**Core 11 Thread 66 Finished:   insts:19          cycles:8787       (8786)  seconds:2     -- 0.00 IPC (0.00 IPC) --  N/A  KHz (0.01 KHz) 
**Core 00 Thread 50 Finished:   insts:19          cycles:8794       (8793)  seconds:3     -- 0.00 IPC (0.00 IPC) --  N/A  KHz (0.01 KHz) 
**Core 10 Thread 34 Finished:   insts:19          cycles:8804       (8803)  seconds:2     -- 0.00 IPC (0.00 IPC) --  N/A  KHz (0.01 KHz) 
**Core 10 Thread 01 Finished:   insts:19          cycles:8805       (8804)  seconds:2     -- 0.00 IPC (0.00 IPC) --  N/A  KHz (0.01 KHz) 
**Core 10 Thread 25 Finished:   insts:19          cycles:8808       (8807)  seconds:2     -- 0.00 IPC (0.00 IPC) --  N/A  KHz (0.01 KHz) 
**Core 11 Thread 61 Finished:   insts:19          cycles:8808       (8807)  seconds:2     -- 0.00 IPC (0.00 IPC) --  N/A  KHz (0.01 KHz) 
**Core 00 Thread 79 Finished:   insts:19          cycles:8812       (8811)  seconds:3     -- 0.00 IPC (0.00 IPC) --  N/A  KHz (0.01 KHz) 
**Core 11 Thread 68 Finished:   insts:19          cycles:8815       (8814)  seconds:2     -- 0.00 IPC (0.00 IPC) --  N/A  KHz (0.01 KHz) 
**Core 00 Thread 49 Finished:   insts:19          cycles:8822       (8821)  seconds:3     -- 0.00 IPC (0.00 IPC) --  N/A  KHz (0.01 KHz) 
**Core 10 Thread 33 Finished:   insts:19          cycles:8832       (8831)  seconds:2     -- 0.00 IPC (0.00 IPC) --  N/A  KHz (0.01 KHz) 
**Core 10 Thread 03 Finished:   insts:19          cycles:8833       (8832)  seconds:2     -- 0.00 IPC (0.00 IPC) --  N/A  KHz (0.01 KHz) 
**Core 10 Thread 61 Finished:   insts:19          cycles:8836       (8835)  seconds:2     -- 0.00 IPC (0.00 IPC) --  N/A  KHz (0.01 KHz) 
**Core 10 Thread 29 Finished:   insts:19          cycles:8836       (8835)  seconds:2     -- 0.00 IPC (0.00 IPC) --  N/A  KHz (0.01 KHz) 
**Core 01 Thread 64 Finished:   insts:19          cycles:8840       (8839)  seconds:3     -- 0.00 IPC (0.00 IPC) --  N/A  KHz (0.01 KHz) 
**Core 11 Thread 69 Finished:   insts:19          cycles:8843       (8842)  seconds:2     -- 0.00 IPC (0.00 IPC) --  N/A  KHz (0.01 KHz) 
**Core 00 Thread 60 Finished:   insts:19          cycles:8850       (8849)  seconds:3     -- 0.00 IPC (0.00 IPC) --  N/A  KHz (0.01 KHz) 
**Core 11 Thread 35 Finished:   insts:19          cycles:8860       (8859)  seconds:2     -- 0.00 IPC (0.00 IPC) --  N/A  KHz (0.01 KHz) 
**Core 10 Thread 06 Finished:   insts:19          cycles:8861       (8860)  seconds:2     -- 0.00 IPC (0.00 IPC) --  N/A  KHz (0.01 KHz) 
**Core 11 Thread 62 Finished:   insts:19          cycles:8864       (8863)  seconds:2     -- 0.00 IPC (0.00 IPC) --  N/A  KHz (0.01 KHz) 
**Core 11 Thread 20 Finished:   insts:19          cycles:8864       (8863)  seconds:2     -- 0.00 IPC (0.00 IPC) --  N/A  KHz (0.01 KHz) 
**Core 01 Thread 65 Finished:   insts:19          cycles:8868       (8867)  seconds:3     -- 0.00 IPC (0.00 IPC) --  N/A  KHz (0.01 KHz) 
**Core 11 Thread 73 Finished:   insts:19          cycles:8871       (8870)  seconds:2     -- 0.00 IPC (0.00 IPC) --  N/A  KHz (0.01 KHz) 
**Core 00 Thread 53 Finished:   insts:19          cycles:8878       (8877)  seconds:3     -- 0.00 IPC (0.00 IPC) --  N/A  KHz (0.01 KHz) 
**Core 11 Thread 38 Finished:   insts:19          cycles:8888       (8887)  seconds:2     -- 0.00 IPC (0.00 IPC) --  N/A  KHz (0.01 KHz) 
**Core 10 Thread 08 Finished:   insts:19          cycles:8889       (8888)  seconds:2     -- 0.00 IPC (0.00 IPC) --  N/A  KHz (0.01 KHz) 
**Core 10 Thread 62 Finished:   insts:19          cycles:8892       (8891)  seconds:2     -- 0.00 IPC (0.00 IPC) --  N/A  KHz (0.01 KHz) 
**Core 11 Thread 22 Finished:   insts:19          cycles:8892       (8891)  seconds:2     -- 0.00 IPC (0.00 IPC) --  N/A  KHz (0.01 KHz) 
**Core 01 Thread 67 Finished:   insts:19          cycles:8896       (8895)  seconds:3     -- 0.00 IPC (0.00 IPC) --  N/A  KHz (0.01 KHz) 
**Core 11 Thread 74 Finished:   insts:19          cycles:8899       (8898)  seconds:2     -- 0.00 IPC (0.00 IPC) --  N/A  KHz (0.01 KHz) 
**Core 00 Thread 57 Finished:   insts:19          cycles:8906       (8905)  seconds:3     -- 0.00 IPC (0.00 IPC) --  N/A  KHz (0.01 KHz) 
**Core 10 Thread 13 Finished:   insts:19          cycles:8917       (8916)  seconds:2     -- 0.00 IPC (0.00 IPC) --  N/A  KHz (0.01 KHz) 
**Core 11 Thread 63 Finished:   insts:19          cycles:8920       (8919)  seconds:2     -- 0.00 IPC (0.00 IPC) --  N/A  KHz (0.01 KHz) 
**Core 11 Thread 17 Finished:   insts:19          cycles:8920       (8919)  seconds:2     -- 0.00 IPC (0.00 IPC) --  N/A  KHz (0.01 KHz) 
**Core 01 Thread 66 Finished:   insts:19          cycles:8924       (8923)  seconds:3     -- 0.00 IPC (0.00 IPC) --  N/A  KHz (0.01 KHz) 
**Core 01 Core_Total  Finished:   insts:1824        cycles:8924       (8923) seconds:3     -- 0.20 IPC (0.20 IPC) --  N/A  KHz (0.61 KHz)
**Core 11 Thread 79 Finished:   insts:19          cycles:8927       (8926)  seconds:2     -- 0.00 IPC (0.00 IPC) --  N/A  KHz (0.01 KHz) 
**Core 00 Thread 59 Finished:   insts:19          cycles:8934       (8933)  seconds:3     -- 0.00 IPC (0.00 IPC) --  N/A  KHz (0.01 KHz) 
**Core 10 Thread 14 Finished:   insts:19          cycles:8945       (8944)  seconds:2     -- 0.00 IPC (0.00 IPC) --  N/A  KHz (0.01 KHz) 
**Core 10 Thread 63 Finished:   insts:19          cycles:8948       (8947)  seconds:2     -- 0.00 IPC (0.00 IPC) --  N/A  KHz (0.01 KHz) 
**Core 11 Thread 26 Finished:   insts:19          cycles:8948       (8947)  seconds:2     -- 0.00 IPC (0.00 IPC) --  N/A  KHz (0.01 KHz) 
**Core 14 Thread 48 Finished:   insts:19          cycles:8952       (8951)  seconds:2     -- 0.00 IPC (0.00 IPC) --  N/A  KHz (0.01 KHz) 
**Core 11 Thread 78 Finished:   insts:19          cycles:8955       (8954)  seconds:2     -- 0.00 IPC (0.00 IPC) --  N/A  KHz (0.01 KHz) 
**Core 00 Thread 63 Finished:   insts:19          cycles:8962       (8961)  seconds:3     -- 0.00 IPC (0.00 IPC) --  N/A  KHz (0.01 KHz) 
**Core 10 Thread 07 Finished:   insts:19          cycles:8973       (8972)  seconds:2     -- 0.00 IPC (0.00 IPC) --  N/A  KHz (0.01 KHz) 
**Core 08 Thread 48 Finished:   insts:19          cycles:8976       (8975)  seconds:2     -- 0.00 IPC (0.00 IPC) --  N/A  KHz (0.01 KHz) 
**Core 14 Thread 49 Finished:   insts:19          cycles:8980       (8979)  seconds:2     -- 0.00 IPC (0.00 IPC) --  N/A  KHz (0.01 KHz) 
**Core 00 Thread 52 Finished:   insts:19          cycles:8990       (8989)  seconds:3     -- 0.00 IPC (0.00 IPC) --  N/A  KHz (0.01 KHz) 
**Core 10 Thread 12 Finished:   insts:19          cycles:9001       (9000)  seconds:2     -- 0.00 IPC (0.00 IPC) --  N/A  KHz (0.01 KHz) 
**Core 08 Thread 49 Finished:   insts:19          cycles:9004       (9003)  seconds:2     -- 0.00 IPC (0.00 IPC) --  N/A  KHz (0.01 KHz) 
**Core 14 Thread 50 Finished:   insts:19          cycles:9008       (9007)  seconds:2     -- 0.00 IPC (0.00 IPC) --  N/A  KHz (0.01 KHz) 
**Core 00 Thread 58 Finished:   insts:19          cycles:9018       (9017)  seconds:3     -- 0.00 IPC (0.00 IPC) --  N/A  KHz (0.01 KHz) 
**Core 11 Thread 03 Finished:   insts:19          cycles:9029       (9028)  seconds:2     -- 0.00 IPC (0.00 IPC) --  N/A  KHz (0.01 KHz) 
**Core 09 Thread 48 Finished:   insts:19          cycles:9032       (9031)  seconds:2     -- 0.00 IPC (0.00 IPC) --  N/A  KHz (0.01 KHz) 
**Core 14 Thread 51 Finished:   insts:19          cycles:9036       (9035)  seconds:2     -- 0.00 IPC (0.00 IPC) --  N/A  KHz (0.01 KHz) 
**Core 14 Core_Total  Finished:   insts:1520        cycles:9036       (9035) seconds:2     -- 0.17 IPC (0.17 IPC) --  N/A  KHz (0.76 KHz)
**Core 00 Thread 62 Finished:   insts:19          cycles:9046       (9045)  seconds:3     -- 0.00 IPC (0.00 IPC) --  N/A  KHz (0.01 KHz) 
**Core 07 Thread 48 Finished:   insts:19          cycles:9048       (9047)  seconds:2     -- 0.00 IPC (0.00 IPC) --  N/A  KHz (0.01 KHz) 
**Core 08 Thread 50 Finished:   insts:19          cycles:9064       (9063)  seconds:2     -- 0.00 IPC (0.00 IPC) --  N/A  KHz (0.01 KHz) 
**Core 15 Thread 48 Finished:   insts:19          cycles:9064       (9063)  seconds:2     -- 0.00 IPC (0.00 IPC) --  N/A  KHz (0.01 KHz) 
**Core 00 Thread 55 Finished:   insts:19          cycles:9074       (9073)  seconds:3     -- 0.00 IPC (0.00 IPC) --  N/A  KHz (0.01 KHz) 
**Core 00 Core_Total  Finished:   insts:1824        cycles:9074       (9073) seconds:3     -- 0.20 IPC (0.20 IPC) --  N/A  KHz (0.61 KHz)
**Core 07 Thread 49 Finished:   insts:19          cycles:9080       (9079)  seconds:2     -- 0.00 IPC (0.00 IPC) --  N/A  KHz (0.01 KHz) 
**Core 15 Thread 49 Finished:   insts:19          cycles:9092       (9091)  seconds:2     -- 0.00 IPC (0.00 IPC) --  N/A  KHz (0.01 KHz) 
**Core 12 Thread 48 Finished:   insts:19          cycles:9096       (9095)  seconds:2     -- 0.00 IPC (0.00 IPC) --  N/A  KHz (0.01 KHz) 
**Core 07 Thread 50 Finished:   insts:19          cycles:9112       (9111)  seconds:2     -- 0.00 IPC (0.00 IPC) --  N/A  KHz (0.01 KHz) 
**Core 15 Thread 50 Finished:   insts:19          cycles:9120       (9119)  seconds:2     -- 0.00 IPC (0.00 IPC) --  N/A  KHz (0.01 KHz) 
**Core 09 Thread 49 Finished:   insts:19          cycles:9128       (9127)  seconds:2     -- 0.00 IPC (0.00 IPC) --  N/A  KHz (0.01 KHz) 
**Core 07 Thread 51 Finished:   insts:19          cycles:9144       (9143)  seconds:2     -- 0.00 IPC (0.00 IPC) --  N/A  KHz (0.01 KHz) 
**Core 07 Core_Total  Finished:   insts:1520        cycles:9144       (9143) seconds:2     -- 0.17 IPC (0.17 IPC) --  N/A  KHz (0.76 KHz)
**Core 15 Thread 51 Finished:   insts:19          cycles:9148       (9147)  seconds:2     -- 0.00 IPC (0.00 IPC) --  N/A  KHz (0.01 KHz) 
**Core 15 Core_Total  Finished:   insts:1520        cycles:9148       (9147) seconds:2     -- 0.17 IPC (0.17 IPC) --  N/A  KHz (0.76 KHz)
**Core 12 Thread 49 Finished:   insts:19          cycles:9160       (9159)  seconds:2     -- 0.00 IPC (0.00 IPC) --  N/A  KHz (0.01 KHz) 
**Core 09 Thread 50 Finished:   insts:19          cycles:9188       (9187)  seconds:2     -- 0.00 IPC (0.00 IPC) --  N/A  KHz (0.01 KHz) 
**Core 12 Thread 50 Finished:   insts:19          cycles:9216       (9215)  seconds:2     -- 0.00 IPC (0.00 IPC) --  N/A  KHz (0.01 KHz) 
**Core 08 Thread 51 Finished:   insts:19          cycles:9244       (9243)  seconds:2     -- 0.00 IPC (0.00 IPC) --  N/A  KHz (0.01 KHz) 
**Core 08 Core_Total  Finished:   insts:1520        cycles:9244       (9243) seconds:2     -- 0.16 IPC (0.16 IPC) --  N/A  KHz (0.76 KHz)
**Core 12 Thread 51 Finished:   insts:19          cycles:9272       (9271)  seconds:2     -- 0.00 IPC (0.00 IPC) --  N/A  KHz (0.01 KHz) 
**Core 12 Core_Total  Finished:   insts:1520        cycles:9272       (9271) seconds:2     -- 0.16 IPC (0.16 IPC) --  N/A  KHz (0.76 KHz)
**Core 09 Thread 51 Finished:   insts:19          cycles:9300       (9299)  seconds:2     -- 0.00 IPC (0.00 IPC) --  N/A  KHz (0.01 KHz) 
**Core 09 Core_Total  Finished:   insts:1520        cycles:9300       (9299) seconds:2     -- 0.16 IPC (0.16 IPC) --  N/A  KHz (0.76 KHz)
**Core 13 Thread 49 Finished:   insts:19          cycles:9328       (9327)  seconds:2     -- 0.00 IPC (0.00 IPC) --  N/A  KHz (0.01 KHz) 
**Core 13 Thread 48 Finished:   insts:19          cycles:9356       (9355)  seconds:2     -- 0.00 IPC (0.00 IPC) --  N/A  KHz (0.01 KHz) 
**Core 13 Thread 50 Finished:   insts:19          cycles:9384       (9383)  seconds:2     -- 0.00 IPC (0.00 IPC) --  N/A  KHz (0.01 KHz) 
**Core 13 Thread 51 Finished:   insts:19          cycles:9412       (9411)  seconds:2     -- 0.00 IPC (0.00 IPC) --  N/A  KHz (0.01 KHz) 
**Core 13 Core_Total  Finished:   insts:1520        cycles:9412       (9411) seconds:2     -- 0.16 IPC (0.16 IPC) --  N/A  KHz (0.76 KHz)
**Core 10 Thread 48 Finished:   insts:19          cycles:9440       (9439)  seconds:2     -- 0.00 IPC (0.00 IPC) --  N/A  KHz (0.01 KHz) 
**Core 10 Thread 49 Finished:   insts:19          cycles:9468       (9467)  seconds:2     -- 0.00 IPC (0.00 IPC) --  N/A  KHz (0.01 KHz) 
**Core 10 Thread 50 Finished:   insts:19          cycles:9496       (9495)  seconds:2     -- 0.00 IPC (0.00 IPC) --  N/A  KHz (0.01 KHz) 
**Core 10 Thread 51 Finished:   insts:19          cycles:9524       (9523)  seconds:2     -- 0.00 IPC (0.00 IPC) --  N/A  KHz (0.01 KHz) 
**Core 10 Core_Total  Finished:   insts:1520        cycles:9524       (9523) seconds:2     -- 0.16 IPC (0.16 IPC) --  N/A  KHz (0.76 KHz)
**Core 11 Thread 48 Finished:   insts:19          cycles:9552       (9551)  seconds:2     -- 0.00 IPC (0.00 IPC) --  N/A  KHz (0.01 KHz) 
**Core 11 Thread 49 Finished:   insts:19          cycles:9580       (9579)  seconds:2     -- 0.00 IPC (0.00 IPC) --  N/A  KHz (0.01 KHz) 
**Core 11 Thread 50 Finished:   insts:19          cycles:9608       (9607)  seconds:2     -- 0.00 IPC (0.00 IPC) --  N/A  KHz (0.01 KHz) 
**Core 11 Thread 51 Finished:   insts:19          cycles:9636       (9635)  seconds:2     -- 0.00 IPC (0.00 IPC) --  N/A  KHz (0.01 KHz) 
src/retire.cc:563: (I=19  C=9635):  ----- application 0 terminated (/home/cory/ExpressGNN/traces/macsim/Kernel6545/trace.txt,0) at 9635
**Core 11 Core_Total  Finished:   insts:1520        cycles:9636       (9635) seconds:2     -- 0.16 IPC (0.16 IPC) --  N/A  KHz (0.76 KHz)
src/macsim.cc:624: (I=19  C=9636):  finalize simulation
src/macsim.cc:628: (I=19  C=9636):  elapsed time:2.8 seconds
Done
