####################################################################################################
Interval
####################################################################################################
Cumulative:         Cycles:                  20000     Instructions:                  1200
DISPATCHED_INST                                           1697195                       1697195

DISPATCH_WAIT                                           519982450                       306.378

NUM_NO_FETCH_CYCLES                                           111                           111

AVG_CORE_IDLE_CYCLE                                       2550515                       2550515

REEXEC_NUM                                                      0                             0

INV_MATCH_NUM                                                   0                             0

EARLY_PERM_NUM                                                  0                             0

PERM_MATCH_NUM                                                  0                             0

RETIRE_SPECLD_NUM                                               0                             0

RETIRE_SPECST_NUM                                               0                             0

FENCE_HEAD_ROB_WAIT                                             0                             0

NUM_SAMPLES_CORE_0                                         123998                        123998

NUM_ACTIVE_BLOCKS_CORE_0                                   989968                       7.98374

NUM_ACTIVE_THREADS_CORE_0                                 3661932                       29.5322

NUM_SCHED_IDLE_CYCLE_CORE_0                                     0                             0

NUM_NO_SCHED_CYCLE_CORE_0                                   23739                         23739

CORE_DISPATCHED_INST_CORE_0                                 18224                         18224

CORE_DISPATCH_WAIT_CORE_0                                 5140897                       282.095

CORE_CYCLES_CORE_0                                              0                             0

CORE_SCHED_THREADS_CORE_0                                       0                           NaN

CORE_NUM_NO_FETCH_CYCLES_CORE_0                                 1                             1

CORE_NUM_NO_FETCH_CYCLES_WITH_READY_THREADS_CORE_0                   0                             0

CORE_NUM_FETCH_CYCLES_CORE_0                                    0                             0

CORE_FETCH_DELTA_CORE_0                                         0                           NaN

CORE_NUM_RETIRE_CYCLES_CORE_0                                   0                             0

CORE_RETIRE_DELTA_CORE_0                                        0                           NaN

FENCE_PREF_REQ_CORE_0                                           0                             0

FENCE_WAITING_CORE_0                                            0                             0

DYN_FENCE_NUM_CORE_0                                            0                             0

WB_ORDERING_STALL_CORE_0                                        0                             0

WB_FULL_CORE_0                                                  0                             0

FENCE_TOT_CYCLES_CORE_0                                         0                             0

FENCE_EXEC_CYCLES_CORE_0                                        0                             0

STORE_RES_CORE_0                                                0                             0

STORE_NUM_CORE_0                                                0                             0

STORE_WB_FREE_CORE_0                                            0                             0

SCHED_FAILED_REASON_SUCCESS_CORE_0                          18224                       11.4261%
SCHED_FAILED_OPERANDS_NOT_READY_CORE_0                     141271                       88.5739%
SCHED_FAILED_NO_AVAILABLE_PORTS_CORE_0                          0                             0%
SCHED_FAILED_NO_MEM_REQ_SLOTS_CORE_0                            0                             0%
SCHED_FAILED_NO_AVAILABLE_SIMD_UNIT_CORE_0                      0                             0%
SCHED_FAILED_FENCE_ACTIVE_CORE_0                                0                             0%
SCHED_FAILED_MEM_MANAGEMENT_CORE_0                              0                             0%
                                                           159495                           100%

NUM_SAMPLES_CORE_1                                         115693                        115693

NUM_ACTIVE_BLOCKS_CORE_1                                   908160                       7.84974

NUM_ACTIVE_THREADS_CORE_1                                 3414866                       29.5166

NUM_SCHED_IDLE_CYCLE_CORE_1                                     0                             0

NUM_NO_SCHED_CYCLE_CORE_1                                   21026                         21026

CORE_DISPATCHED_INST_CORE_1                                 19296                         19296

CORE_DISPATCH_WAIT_CORE_1                                 4674723                       242.264

CORE_CYCLES_CORE_1                                              0                             0

CORE_SCHED_THREADS_CORE_1                                       0                           NaN

CORE_NUM_NO_FETCH_CYCLES_CORE_1                                 1                             1

CORE_NUM_NO_FETCH_CYCLES_WITH_READY_THREADS_CORE_1                   0                             0

CORE_NUM_FETCH_CYCLES_CORE_1                                    0                             0

CORE_FETCH_DELTA_CORE_1                                         0                           NaN

CORE_NUM_RETIRE_CYCLES_CORE_1                                   0                             0

CORE_RETIRE_DELTA_CORE_1                                        0                           NaN

FENCE_PREF_REQ_CORE_1                                           0                             0

FENCE_WAITING_CORE_1                                            0                             0

DYN_FENCE_NUM_CORE_1                                            0                             0

WB_ORDERING_STALL_CORE_1                                        0                             0

WB_FULL_CORE_1                                                  0                             0

FENCE_TOT_CYCLES_CORE_1                                         0                             0

FENCE_EXEC_CYCLES_CORE_1                                        0                             0

STORE_RES_CORE_1                                                0                             0

STORE_NUM_CORE_1                                                0                             0

STORE_WB_FREE_CORE_1                                            0                             0

SCHED_FAILED_REASON_SUCCESS_CORE_1                          19296                       11.8687%
SCHED_FAILED_OPERANDS_NOT_READY_CORE_1                     143283                       88.1313%
SCHED_FAILED_NO_AVAILABLE_PORTS_CORE_1                          0                             0%
SCHED_FAILED_NO_MEM_REQ_SLOTS_CORE_1                            0                             0%
SCHED_FAILED_NO_AVAILABLE_SIMD_UNIT_CORE_1                      0                             0%
SCHED_FAILED_FENCE_ACTIVE_CORE_1                                0                             0%
SCHED_FAILED_MEM_MANAGEMENT_CORE_1                              0                             0%
                                                           162579                           100%

NUM_SAMPLES_CORE_2                                         126724                        126724

NUM_ACTIVE_BLOCKS_CORE_2                                  1005114                       7.93152

NUM_ACTIVE_THREADS_CORE_2                                 3689025                       29.1107

NUM_SCHED_IDLE_CYCLE_CORE_2                                     0                             0

NUM_NO_SCHED_CYCLE_CORE_2                                   24420                         24420

CORE_DISPATCHED_INST_CORE_2                                 16080                         16080

CORE_DISPATCH_WAIT_CORE_2                                 5349904                       332.705

CORE_CYCLES_CORE_2                                              0                             0

CORE_SCHED_THREADS_CORE_2                                       0                           NaN

CORE_NUM_NO_FETCH_CYCLES_CORE_2                                 1                             1

CORE_NUM_NO_FETCH_CYCLES_WITH_READY_THREADS_CORE_2                   0                             0

CORE_NUM_FETCH_CYCLES_CORE_2                                    0                             0

CORE_FETCH_DELTA_CORE_2                                         0                           NaN

CORE_NUM_RETIRE_CYCLES_CORE_2                                   0                             0

CORE_RETIRE_DELTA_CORE_2                                        0                           NaN

FENCE_PREF_REQ_CORE_2                                           0                             0

FENCE_WAITING_CORE_2                                            0                             0

DYN_FENCE_NUM_CORE_2                                            0                             0

WB_ORDERING_STALL_CORE_2                                        0                             0

WB_FULL_CORE_2                                                  0                             0

FENCE_TOT_CYCLES_CORE_2                                         0                             0

FENCE_EXEC_CYCLES_CORE_2                                        0                             0

STORE_RES_CORE_2                                                0                             0

STORE_NUM_CORE_2                                                0                             0

STORE_WB_FREE_CORE_2                                            0                             0

SCHED_FAILED_REASON_SUCCESS_CORE_2                          16080                       10.8118%
SCHED_FAILED_OPERANDS_NOT_READY_CORE_2                     132646                       89.1882%
SCHED_FAILED_NO_AVAILABLE_PORTS_CORE_2                          0                             0%
SCHED_FAILED_NO_MEM_REQ_SLOTS_CORE_2                            0                             0%
SCHED_FAILED_NO_AVAILABLE_SIMD_UNIT_CORE_2                      0                             0%
SCHED_FAILED_FENCE_ACTIVE_CORE_2                                0                             0%
SCHED_FAILED_MEM_MANAGEMENT_CORE_2                              0                             0%
                                                           148726                           100%

NUM_SAMPLES_CORE_3                                         124772                        124772

NUM_ACTIVE_BLOCKS_CORE_3                                   990846                       7.94125

NUM_ACTIVE_THREADS_CORE_3                                 3651754                       29.2674

NUM_SCHED_IDLE_CYCLE_CORE_3                                     0                             0

NUM_NO_SCHED_CYCLE_CORE_3                                   19516                         19516

CORE_DISPATCHED_INST_CORE_3                                 24656                         24656

CORE_DISPATCH_WAIT_CORE_3                                 4994286                       202.559

CORE_CYCLES_CORE_3                                              0                             0

CORE_SCHED_THREADS_CORE_3                                       0                           NaN

CORE_NUM_NO_FETCH_CYCLES_CORE_3                                 1                             1

CORE_NUM_NO_FETCH_CYCLES_WITH_READY_THREADS_CORE_3                   0                             0

CORE_NUM_FETCH_CYCLES_CORE_3                                    0                             0

CORE_FETCH_DELTA_CORE_3                                         0                           NaN

CORE_NUM_RETIRE_CYCLES_CORE_3                                   0                             0

CORE_RETIRE_DELTA_CORE_3                                        0                           NaN

FENCE_PREF_REQ_CORE_3                                           0                             0

FENCE_WAITING_CORE_3                                            0                             0

DYN_FENCE_NUM_CORE_3                                            0                             0

WB_ORDERING_STALL_CORE_3                                        0                             0

WB_FULL_CORE_3                                                  0                             0

FENCE_TOT_CYCLES_CORE_3                                         0                             0

FENCE_EXEC_CYCLES_CORE_3                                        0                             0

STORE_RES_CORE_3                                                0                             0

STORE_NUM_CORE_3                                                0                             0

STORE_WB_FREE_CORE_3                                            0                             0

SCHED_FAILED_REASON_SUCCESS_CORE_3                          24656                       16.8752%
SCHED_FAILED_OPERANDS_NOT_READY_CORE_3                     121452                       83.1248%
SCHED_FAILED_NO_AVAILABLE_PORTS_CORE_3                          0                             0%
SCHED_FAILED_NO_MEM_REQ_SLOTS_CORE_3                            0                             0%
SCHED_FAILED_NO_AVAILABLE_SIMD_UNIT_CORE_3                      0                             0%
SCHED_FAILED_FENCE_ACTIVE_CORE_3                                0                             0%
SCHED_FAILED_MEM_MANAGEMENT_CORE_3                              0                             0%
                                                           146108                           100%

NUM_SAMPLES_CORE_4                                         125372                        125372

NUM_ACTIVE_BLOCKS_CORE_4                                   974934                       7.77633

NUM_ACTIVE_THREADS_CORE_4                                 3498195                       27.9025

NUM_SCHED_IDLE_CYCLE_CORE_4                                     0                             0

NUM_NO_SCHED_CYCLE_CORE_4                                   23283                         23283

CORE_DISPATCHED_INST_CORE_4                                 15544                         15544

CORE_DISPATCH_WAIT_CORE_4                                 5027091                        323.41

CORE_CYCLES_CORE_4                                              0                             0

CORE_SCHED_THREADS_CORE_4                                       0                           NaN

CORE_NUM_NO_FETCH_CYCLES_CORE_4                                 1                             1

CORE_NUM_NO_FETCH_CYCLES_WITH_READY_THREADS_CORE_4                   0                             0

CORE_NUM_FETCH_CYCLES_CORE_4                                    0                             0

CORE_FETCH_DELTA_CORE_4                                         0                           NaN

CORE_NUM_RETIRE_CYCLES_CORE_4                                   0                             0

CORE_RETIRE_DELTA_CORE_4                                        0                           NaN

FENCE_PREF_REQ_CORE_4                                           0                             0

FENCE_WAITING_CORE_4                                            0                             0

DYN_FENCE_NUM_CORE_4                                            0                             0

WB_ORDERING_STALL_CORE_4                                        0                             0

WB_FULL_CORE_4                                                  0                             0

FENCE_TOT_CYCLES_CORE_4                                         0                             0

FENCE_EXEC_CYCLES_CORE_4                                        0                             0

STORE_RES_CORE_4                                                0                             0

STORE_NUM_CORE_4                                                0                             0

STORE_WB_FREE_CORE_4                                            0                             0

SCHED_FAILED_REASON_SUCCESS_CORE_4                          15544                       9.12715%
SCHED_FAILED_OPERANDS_NOT_READY_CORE_4                     154761                       90.8728%
SCHED_FAILED_NO_AVAILABLE_PORTS_CORE_4                          0                             0%
SCHED_FAILED_NO_MEM_REQ_SLOTS_CORE_4                            0                             0%
SCHED_FAILED_NO_AVAILABLE_SIMD_UNIT_CORE_4                      0                             0%
SCHED_FAILED_FENCE_ACTIVE_CORE_4                                0                             0%
SCHED_FAILED_MEM_MANAGEMENT_CORE_4                              0                             0%
                                                           170305                           100%

NUM_SAMPLES_CORE_5                                         126875                        126875

NUM_ACTIVE_BLOCKS_CORE_5                                  1005971                       7.92884

NUM_ACTIVE_THREADS_CORE_5                                 3799865                       29.9497

NUM_SCHED_IDLE_CYCLE_CORE_5                                     0                             0

NUM_NO_SCHED_CYCLE_CORE_5                                   22395                         22395

CORE_DISPATCHED_INST_CORE_5                                 17688                         17688

CORE_DISPATCH_WAIT_CORE_5                                 5347347                       302.315

CORE_CYCLES_CORE_5                                              0                             0

CORE_SCHED_THREADS_CORE_5                                       0                           NaN

CORE_NUM_NO_FETCH_CYCLES_CORE_5                                 1                             1

CORE_NUM_NO_FETCH_CYCLES_WITH_READY_THREADS_CORE_5                   0                             0

CORE_NUM_FETCH_CYCLES_CORE_5                                    0                             0

CORE_FETCH_DELTA_CORE_5                                         0                           NaN

CORE_NUM_RETIRE_CYCLES_CORE_5                                   0                             0

CORE_RETIRE_DELTA_CORE_5                                        0                           NaN

FENCE_PREF_REQ_CORE_5                                           0                             0

FENCE_WAITING_CORE_5                                            0                             0

DYN_FENCE_NUM_CORE_5                                            0                             0

WB_ORDERING_STALL_CORE_5                                        0                             0

WB_FULL_CORE_5                                                  0                             0

FENCE_TOT_CYCLES_CORE_5                                         0                             0

FENCE_EXEC_CYCLES_CORE_5                                        0                             0

STORE_RES_CORE_5                                                0                             0

STORE_NUM_CORE_5                                                0                             0

STORE_WB_FREE_CORE_5                                            0                             0

SCHED_FAILED_REASON_SUCCESS_CORE_5                          17688                       12.7857%
SCHED_FAILED_OPERANDS_NOT_READY_CORE_5                     120654                       87.2143%
SCHED_FAILED_NO_AVAILABLE_PORTS_CORE_5                          0                             0%
SCHED_FAILED_NO_MEM_REQ_SLOTS_CORE_5                            0                             0%
SCHED_FAILED_NO_AVAILABLE_SIMD_UNIT_CORE_5                      0                             0%
SCHED_FAILED_FENCE_ACTIVE_CORE_5                                0                             0%
SCHED_FAILED_MEM_MANAGEMENT_CORE_5                              0                             0%
                                                           138342                           100%

NUM_SAMPLES_CORE_6                                         110157                        110157

NUM_ACTIVE_BLOCKS_CORE_6                                   872091                        7.9168

NUM_ACTIVE_THREADS_CORE_6                                 3288001                       29.8483

NUM_SCHED_IDLE_CYCLE_CORE_6                                     0                             0

NUM_NO_SCHED_CYCLE_CORE_6                                   21227                         21227

CORE_DISPATCHED_INST_CORE_6                                 16080                         16080

CORE_DISPATCH_WAIT_CORE_6                                 4387162                       272.833

CORE_CYCLES_CORE_6                                              0                             0

CORE_SCHED_THREADS_CORE_6                                       0                           NaN

CORE_NUM_NO_FETCH_CYCLES_CORE_6                                 1                             1

CORE_NUM_NO_FETCH_CYCLES_WITH_READY_THREADS_CORE_6                   0                             0

CORE_NUM_FETCH_CYCLES_CORE_6                                    0                             0

CORE_FETCH_DELTA_CORE_6                                         0                           NaN

CORE_NUM_RETIRE_CYCLES_CORE_6                                   0                             0

CORE_RETIRE_DELTA_CORE_6                                        0                           NaN

FENCE_PREF_REQ_CORE_6                                           0                             0

FENCE_WAITING_CORE_6                                            0                             0

DYN_FENCE_NUM_CORE_6                                            0                             0

WB_ORDERING_STALL_CORE_6                                        0                             0

WB_FULL_CORE_6                                                  0                             0

FENCE_TOT_CYCLES_CORE_6                                         0                             0

FENCE_EXEC_CYCLES_CORE_6                                        0                             0

STORE_RES_CORE_6                                                0                             0

STORE_NUM_CORE_6                                                0                             0

STORE_WB_FREE_CORE_6                                            0                             0

SCHED_FAILED_REASON_SUCCESS_CORE_6                          16080                       12.5054%
SCHED_FAILED_OPERANDS_NOT_READY_CORE_6                     112504                       87.4946%
SCHED_FAILED_NO_AVAILABLE_PORTS_CORE_6                          0                             0%
SCHED_FAILED_NO_MEM_REQ_SLOTS_CORE_6                            0                             0%
SCHED_FAILED_NO_AVAILABLE_SIMD_UNIT_CORE_6                      0                             0%
SCHED_FAILED_FENCE_ACTIVE_CORE_6                                0                             0%
SCHED_FAILED_MEM_MANAGEMENT_CORE_6                              0                             0%
                                                           128584                           100%

NUM_SAMPLES_CORE_7                                         128654                        128654

NUM_ACTIVE_BLOCKS_CORE_7                                  1025874                        7.9739

NUM_ACTIVE_THREADS_CORE_7                                 3493036                       27.1506

NUM_SCHED_IDLE_CYCLE_CORE_7                                     0                             0

NUM_NO_SCHED_CYCLE_CORE_7                                   24017                         24017

CORE_DISPATCHED_INST_CORE_7                                 17688                         17688

CORE_DISPATCH_WAIT_CORE_7                                 5343111                       302.075

CORE_CYCLES_CORE_7                                              0                             0

CORE_SCHED_THREADS_CORE_7                                       0                           NaN

CORE_NUM_NO_FETCH_CYCLES_CORE_7                                 1                             1

CORE_NUM_NO_FETCH_CYCLES_WITH_READY_THREADS_CORE_7                   0                             0

CORE_NUM_FETCH_CYCLES_CORE_7                                    0                             0

CORE_FETCH_DELTA_CORE_7                                         0                           NaN

CORE_NUM_RETIRE_CYCLES_CORE_7                                   0                             0

CORE_RETIRE_DELTA_CORE_7                                        0                           NaN

FENCE_PREF_REQ_CORE_7                                           0                             0

FENCE_WAITING_CORE_7                                            0                             0

DYN_FENCE_NUM_CORE_7                                            0                             0

WB_ORDERING_STALL_CORE_7                                        0                             0

WB_FULL_CORE_7                                                  0                             0

FENCE_TOT_CYCLES_CORE_7                                         0                             0

FENCE_EXEC_CYCLES_CORE_7                                        0                             0

STORE_RES_CORE_7                                                0                             0

STORE_NUM_CORE_7                                                0                             0

STORE_WB_FREE_CORE_7                                            0                             0

SCHED_FAILED_REASON_SUCCESS_CORE_7                          17688                       12.2877%
SCHED_FAILED_OPERANDS_NOT_READY_CORE_7                     126261                       87.7123%
SCHED_FAILED_NO_AVAILABLE_PORTS_CORE_7                          0                             0%
SCHED_FAILED_NO_MEM_REQ_SLOTS_CORE_7                            0                             0%
SCHED_FAILED_NO_AVAILABLE_SIMD_UNIT_CORE_7                      0                             0%
SCHED_FAILED_FENCE_ACTIVE_CORE_7                                0                             0%
SCHED_FAILED_MEM_MANAGEMENT_CORE_7                              0                             0%
                                                           143949                           100%

NUM_SAMPLES_CORE_8                                         115540                        115540

NUM_ACTIVE_BLOCKS_CORE_8                                   895651                       7.75187

NUM_ACTIVE_THREADS_CORE_8                                 3090094                       26.7448

NUM_SCHED_IDLE_CYCLE_CORE_8                                     0                             0

NUM_NO_SCHED_CYCLE_CORE_8                                   20817                         20817

CORE_DISPATCHED_INST_CORE_8                                 16616                         16616

CORE_DISPATCH_WAIT_CORE_8                                 4156037                       250.123

CORE_CYCLES_CORE_8                                              0                             0

CORE_SCHED_THREADS_CORE_8                                       0                           NaN

CORE_NUM_NO_FETCH_CYCLES_CORE_8                                 1                             1

CORE_NUM_NO_FETCH_CYCLES_WITH_READY_THREADS_CORE_8                   0                             0

CORE_NUM_FETCH_CYCLES_CORE_8                                    0                             0

CORE_FETCH_DELTA_CORE_8                                         0                           NaN

CORE_NUM_RETIRE_CYCLES_CORE_8                                   0                             0

CORE_RETIRE_DELTA_CORE_8                                        0                           NaN

FENCE_PREF_REQ_CORE_8                                           0                             0

FENCE_WAITING_CORE_8                                            0                             0

DYN_FENCE_NUM_CORE_8                                            0                             0

WB_ORDERING_STALL_CORE_8                                        0                             0

WB_FULL_CORE_8                                                  0                             0

FENCE_TOT_CYCLES_CORE_8                                         0                             0

FENCE_EXEC_CYCLES_CORE_8                                        0                             0

STORE_RES_CORE_8                                                0                             0

STORE_NUM_CORE_8                                                0                             0

STORE_WB_FREE_CORE_8                                            0                             0

SCHED_FAILED_REASON_SUCCESS_CORE_8                          16616                       13.8158%
SCHED_FAILED_OPERANDS_NOT_READY_CORE_8                     103652                       86.1842%
SCHED_FAILED_NO_AVAILABLE_PORTS_CORE_8                          0                             0%
SCHED_FAILED_NO_MEM_REQ_SLOTS_CORE_8                            0                             0%
SCHED_FAILED_NO_AVAILABLE_SIMD_UNIT_CORE_8                      0                             0%
SCHED_FAILED_FENCE_ACTIVE_CORE_8                                0                             0%
SCHED_FAILED_MEM_MANAGEMENT_CORE_8                              0                             0%
                                                           120268                           100%

NUM_SAMPLES_CORE_9                                         124406                        124406

NUM_ACTIVE_BLOCKS_CORE_9                                   958345                       7.70337

NUM_ACTIVE_THREADS_CORE_9                                 3628192                       29.1641

NUM_SCHED_IDLE_CYCLE_CORE_9                                     0                             0

NUM_NO_SCHED_CYCLE_CORE_9                                   24987                         24987

CORE_DISPATCHED_INST_CORE_9                                 11792                         11792

CORE_DISPATCH_WAIT_CORE_9                                 4986345                       422.858

CORE_CYCLES_CORE_9                                              0                             0

CORE_SCHED_THREADS_CORE_9                                       0                           NaN

CORE_NUM_NO_FETCH_CYCLES_CORE_9                                 1                             1

CORE_NUM_NO_FETCH_CYCLES_WITH_READY_THREADS_CORE_9                   0                             0

CORE_NUM_FETCH_CYCLES_CORE_9                                    0                             0

CORE_FETCH_DELTA_CORE_9                                         0                           NaN

CORE_NUM_RETIRE_CYCLES_CORE_9                                   0                             0

CORE_RETIRE_DELTA_CORE_9                                        0                           NaN

FENCE_PREF_REQ_CORE_9                                           0                             0

FENCE_WAITING_CORE_9                                            0                             0

DYN_FENCE_NUM_CORE_9                                            0                             0

WB_ORDERING_STALL_CORE_9                                        0                             0

WB_FULL_CORE_9                                                  0                             0

FENCE_TOT_CYCLES_CORE_9                                         0                             0

FENCE_EXEC_CYCLES_CORE_9                                        0                             0

STORE_RES_CORE_9                                                0                             0

STORE_NUM_CORE_9                                                0                             0

STORE_WB_FREE_CORE_9                                            0                             0

SCHED_FAILED_REASON_SUCCESS_CORE_9                          11792                       8.26476%
SCHED_FAILED_OPERANDS_NOT_READY_CORE_9                     130886                       91.7352%
SCHED_FAILED_NO_AVAILABLE_PORTS_CORE_9                          0                             0%
SCHED_FAILED_NO_MEM_REQ_SLOTS_CORE_9                            0                             0%
SCHED_FAILED_NO_AVAILABLE_SIMD_UNIT_CORE_9                      0                             0%
SCHED_FAILED_FENCE_ACTIVE_CORE_9                                0                             0%
SCHED_FAILED_MEM_MANAGEMENT_CORE_9                              0                             0%
                                                           142678                           100%

NUM_SAMPLES_CORE_10                                        128079                        128079

NUM_ACTIVE_BLOCKS_CORE_10                                 1014986                       7.92469

NUM_ACTIVE_THREADS_CORE_10                                3808852                       29.7383

NUM_SCHED_IDLE_CYCLE_CORE_10                                    0                             0

NUM_NO_SCHED_CYCLE_CORE_10                                  25305                         25305

CORE_DISPATCHED_INST_CORE_10                                16080                         16080

CORE_DISPATCH_WAIT_CORE_10                                5154377                       320.546

CORE_CYCLES_CORE_10                                             0                             0

CORE_SCHED_THREADS_CORE_10                                      0                           NaN

CORE_NUM_NO_FETCH_CYCLES_CORE_10                                1                             1

CORE_NUM_NO_FETCH_CYCLES_WITH_READY_THREADS_CORE_10                   0                             0

CORE_NUM_FETCH_CYCLES_CORE_10                                   0                             0

CORE_FETCH_DELTA_CORE_10                                        0                           NaN

CORE_NUM_RETIRE_CYCLES_CORE_10                                  0                             0

CORE_RETIRE_DELTA_CORE_10                                       0                           NaN

FENCE_PREF_REQ_CORE_10                                          0                             0

FENCE_WAITING_CORE_10                                           0                             0

DYN_FENCE_NUM_CORE_10                                           0                             0

WB_ORDERING_STALL_CORE_10                                       0                             0

WB_FULL_CORE_10                                                 0                             0

FENCE_TOT_CYCLES_CORE_10                                        0                             0

FENCE_EXEC_CYCLES_CORE_10                                       0                             0

STORE_RES_CORE_10                                               0                             0

STORE_NUM_CORE_10                                               0                             0

STORE_WB_FREE_CORE_10                                           0                             0

SCHED_FAILED_REASON_SUCCESS_CORE_10                         16080                       9.49603%
SCHED_FAILED_OPERANDS_NOT_READY_CORE_10                    153254                        90.504%
SCHED_FAILED_NO_AVAILABLE_PORTS_CORE_10                         0                             0%
SCHED_FAILED_NO_MEM_REQ_SLOTS_CORE_10                           0                             0%
SCHED_FAILED_NO_AVAILABLE_SIMD_UNIT_CORE_10                     0                             0%
SCHED_FAILED_FENCE_ACTIVE_CORE_10                               0                             0%
SCHED_FAILED_MEM_MANAGEMENT_CORE_10                             0                             0%
                                                           169334                           100%

NUM_SAMPLES_CORE_11                                        127791                        127791

NUM_ACTIVE_BLOCKS_CORE_11                                 1001127                        7.8341

NUM_ACTIVE_THREADS_CORE_11                                3820740                       29.8983

NUM_SCHED_IDLE_CYCLE_CORE_11                                    0                             0

NUM_NO_SCHED_CYCLE_CORE_11                                  23049                         23049

CORE_DISPATCHED_INST_CORE_11                                20368                         20368

CORE_DISPATCH_WAIT_CORE_11                                5094440                        250.12

CORE_CYCLES_CORE_11                                             0                             0

CORE_SCHED_THREADS_CORE_11                                      0                           NaN

CORE_NUM_NO_FETCH_CYCLES_CORE_11                                1                             1

CORE_NUM_NO_FETCH_CYCLES_WITH_READY_THREADS_CORE_11                   0                             0

CORE_NUM_FETCH_CYCLES_CORE_11                                   0                             0

CORE_FETCH_DELTA_CORE_11                                        0                           NaN

CORE_NUM_RETIRE_CYCLES_CORE_11                                  0                             0

CORE_RETIRE_DELTA_CORE_11                                       0                           NaN

FENCE_PREF_REQ_CORE_11                                          0                             0

FENCE_WAITING_CORE_11                                           0                             0

DYN_FENCE_NUM_CORE_11                                           0                             0

WB_ORDERING_STALL_CORE_11                                       0                             0

WB_FULL_CORE_11                                                 0                             0

FENCE_TOT_CYCLES_CORE_11                                        0                             0

FENCE_EXEC_CYCLES_CORE_11                                       0                             0

STORE_RES_CORE_11                                               0                             0

STORE_NUM_CORE_11                                               0                             0

STORE_WB_FREE_CORE_11                                           0                             0

SCHED_FAILED_REASON_SUCCESS_CORE_11                         20368                       11.3298%
SCHED_FAILED_OPERANDS_NOT_READY_CORE_11                    159405                       88.6702%
SCHED_FAILED_NO_AVAILABLE_PORTS_CORE_11                         0                             0%
SCHED_FAILED_NO_MEM_REQ_SLOTS_CORE_11                           0                             0%
SCHED_FAILED_NO_AVAILABLE_SIMD_UNIT_CORE_11                     0                             0%
SCHED_FAILED_FENCE_ACTIVE_CORE_11                               0                             0%
SCHED_FAILED_MEM_MANAGEMENT_CORE_11                             0                             0%
                                                           179773                           100%

NUM_SAMPLES_CORE_12                                        125369                        125369

NUM_ACTIVE_BLOCKS_CORE_12                                  944960                       7.53743

NUM_ACTIVE_THREADS_CORE_12                                3533622                       28.1858

NUM_SCHED_IDLE_CYCLE_CORE_12                                    0                             0

NUM_NO_SCHED_CYCLE_CORE_12                                  23532                         23532

CORE_DISPATCHED_INST_CORE_12                                16080                         16080

CORE_DISPATCH_WAIT_CORE_12                                4921809                       306.083

CORE_CYCLES_CORE_12                                             0                             0

CORE_SCHED_THREADS_CORE_12                                      0                           NaN

CORE_NUM_NO_FETCH_CYCLES_CORE_12                                1                             1

CORE_NUM_NO_FETCH_CYCLES_WITH_READY_THREADS_CORE_12                   0                             0

CORE_NUM_FETCH_CYCLES_CORE_12                                   0                             0

CORE_FETCH_DELTA_CORE_12                                        0                           NaN

CORE_NUM_RETIRE_CYCLES_CORE_12                                  0                             0

CORE_RETIRE_DELTA_CORE_12                                       0                           NaN

FENCE_PREF_REQ_CORE_12                                          0                             0

FENCE_WAITING_CORE_12                                           0                             0

DYN_FENCE_NUM_CORE_12                                           0                             0

WB_ORDERING_STALL_CORE_12                                       0                             0

WB_FULL_CORE_12                                                 0                             0

FENCE_TOT_CYCLES_CORE_12                                        0                             0

FENCE_EXEC_CYCLES_CORE_12                                       0                             0

STORE_RES_CORE_12                                               0                             0

STORE_NUM_CORE_12                                               0                             0

STORE_WB_FREE_CORE_12                                           0                             0

SCHED_FAILED_REASON_SUCCESS_CORE_12                         16080                       10.6953%
SCHED_FAILED_OPERANDS_NOT_READY_CORE_12                    134267                       89.3047%
SCHED_FAILED_NO_AVAILABLE_PORTS_CORE_12                         0                             0%
SCHED_FAILED_NO_MEM_REQ_SLOTS_CORE_12                           0                             0%
SCHED_FAILED_NO_AVAILABLE_SIMD_UNIT_CORE_12                     0                             0%
SCHED_FAILED_FENCE_ACTIVE_CORE_12                               0                             0%
SCHED_FAILED_MEM_MANAGEMENT_CORE_12                             0                             0%
                                                           150347                           100%

NUM_SAMPLES_CORE_13                                        127128                        127128

NUM_ACTIVE_BLOCKS_CORE_13                                 1003838                       7.89628

NUM_ACTIVE_THREADS_CORE_13                                3717541                       29.2425

NUM_SCHED_IDLE_CYCLE_CORE_13                                    0                             0

NUM_NO_SCHED_CYCLE_CORE_13                                  24442                         24442

CORE_DISPATCHED_INST_CORE_13                                18224                         18224

CORE_DISPATCH_WAIT_CORE_13                                5081130                       278.815

CORE_CYCLES_CORE_13                                             0                             0

CORE_SCHED_THREADS_CORE_13                                      0                           NaN

CORE_NUM_NO_FETCH_CYCLES_CORE_13                                1                             1

CORE_NUM_NO_FETCH_CYCLES_WITH_READY_THREADS_CORE_13                   0                             0

CORE_NUM_FETCH_CYCLES_CORE_13                                   0                             0

CORE_FETCH_DELTA_CORE_13                                        0                           NaN

CORE_NUM_RETIRE_CYCLES_CORE_13                                  0                             0

CORE_RETIRE_DELTA_CORE_13                                       0                           NaN

FENCE_PREF_REQ_CORE_13                                          0                             0

FENCE_WAITING_CORE_13                                           0                             0

DYN_FENCE_NUM_CORE_13                                           0                             0

WB_ORDERING_STALL_CORE_13                                       0                             0

WB_FULL_CORE_13                                                 0                             0

FENCE_TOT_CYCLES_CORE_13                                        0                             0

FENCE_EXEC_CYCLES_CORE_13                                       0                             0

STORE_RES_CORE_13                                               0                             0

STORE_NUM_CORE_13                                               0                             0

STORE_WB_FREE_CORE_13                                           0                             0

SCHED_FAILED_REASON_SUCCESS_CORE_13                         18224                       7.97403%
SCHED_FAILED_OPERANDS_NOT_READY_CORE_13                    210318                        92.026%
SCHED_FAILED_NO_AVAILABLE_PORTS_CORE_13                         0                             0%
SCHED_FAILED_NO_MEM_REQ_SLOTS_CORE_13                           0                             0%
SCHED_FAILED_NO_AVAILABLE_SIMD_UNIT_CORE_13                     0                             0%
SCHED_FAILED_FENCE_ACTIVE_CORE_13                               0                             0%
SCHED_FAILED_MEM_MANAGEMENT_CORE_13                             0                             0%
                                                           228542                           100%

NUM_SAMPLES_CORE_14                                        128426                        128426

NUM_ACTIVE_BLOCKS_CORE_14                                 1020932                       7.94957

NUM_ACTIVE_THREADS_CORE_14                                3597145                       28.0095

NUM_SCHED_IDLE_CYCLE_CORE_14                                    0                             0

NUM_NO_SCHED_CYCLE_CORE_14                                  26037                         26037

CORE_DISPATCHED_INST_CORE_14                                15544                         15544

CORE_DISPATCH_WAIT_CORE_14                                5284580                       339.976

CORE_CYCLES_CORE_14                                             0                             0

CORE_SCHED_THREADS_CORE_14                                      0                           NaN

CORE_NUM_NO_FETCH_CYCLES_CORE_14                                1                             1

CORE_NUM_NO_FETCH_CYCLES_WITH_READY_THREADS_CORE_14                   0                             0

CORE_NUM_FETCH_CYCLES_CORE_14                                   0                             0

CORE_FETCH_DELTA_CORE_14                                        0                           NaN

CORE_NUM_RETIRE_CYCLES_CORE_14                                  0                             0

CORE_RETIRE_DELTA_CORE_14                                       0                           NaN

FENCE_PREF_REQ_CORE_14                                          0                             0

FENCE_WAITING_CORE_14                                           0                             0

DYN_FENCE_NUM_CORE_14                                           0                             0

WB_ORDERING_STALL_CORE_14                                       0                             0

WB_FULL_CORE_14                                                 0                             0

FENCE_TOT_CYCLES_CORE_14                                        0                             0

FENCE_EXEC_CYCLES_CORE_14                                       0                             0

STORE_RES_CORE_14                                               0                             0

STORE_NUM_CORE_14                                               0                             0

STORE_WB_FREE_CORE_14                                           0                             0

SCHED_FAILED_REASON_SUCCESS_CORE_14                         15544                       9.92631%
SCHED_FAILED_OPERANDS_NOT_READY_CORE_14                    141050                       90.0737%
SCHED_FAILED_NO_AVAILABLE_PORTS_CORE_14                         0                             0%
SCHED_FAILED_NO_MEM_REQ_SLOTS_CORE_14                           0                             0%
SCHED_FAILED_NO_AVAILABLE_SIMD_UNIT_CORE_14                     0                             0%
SCHED_FAILED_FENCE_ACTIVE_CORE_14                               0                             0%
SCHED_FAILED_MEM_MANAGEMENT_CORE_14                             0                             0%
                                                           156594                           100%

NUM_SAMPLES_CORE_15                                        115318                        115318

NUM_ACTIVE_BLOCKS_CORE_15                                  876657                       7.60208

NUM_ACTIVE_THREADS_CORE_15                                3329915                       28.8759

NUM_SCHED_IDLE_CYCLE_CORE_15                                    0                             0

NUM_NO_SCHED_CYCLE_CORE_15                                  19412                         19412

CORE_DISPATCHED_INST_CORE_15                                21976                         21976

CORE_DISPATCH_WAIT_CORE_15                                4200541                       191.142

CORE_CYCLES_CORE_15                                             0                             0

CORE_SCHED_THREADS_CORE_15                                      0                           NaN

CORE_NUM_NO_FETCH_CYCLES_CORE_15                                1                             1

CORE_NUM_NO_FETCH_CYCLES_WITH_READY_THREADS_CORE_15                   0                             0

CORE_NUM_FETCH_CYCLES_CORE_15                                   0                             0

CORE_FETCH_DELTA_CORE_15                                        0                           NaN

CORE_NUM_RETIRE_CYCLES_CORE_15                                  0                             0

CORE_RETIRE_DELTA_CORE_15                                       0                           NaN

FENCE_PREF_REQ_CORE_15                                          0                             0

FENCE_WAITING_CORE_15                                           0                             0

DYN_FENCE_NUM_CORE_15                                           0                             0

WB_ORDERING_STALL_CORE_15                                       0                             0

WB_FULL_CORE_15                                                 0                             0

FENCE_TOT_CYCLES_CORE_15                                        0                             0

FENCE_EXEC_CYCLES_CORE_15                                       0                             0

STORE_RES_CORE_15                                               0                             0

STORE_NUM_CORE_15                                               0                             0

STORE_WB_FREE_CORE_15                                           0                             0

SCHED_FAILED_REASON_SUCCESS_CORE_15                         21976                       15.5877%
SCHED_FAILED_OPERANDS_NOT_READY_CORE_15                    119007                       84.4123%
SCHED_FAILED_NO_AVAILABLE_PORTS_CORE_15                         0                             0%
SCHED_FAILED_NO_MEM_REQ_SLOTS_CORE_15                           0                             0%
SCHED_FAILED_NO_AVAILABLE_SIMD_UNIT_CORE_15                     0                             0%
SCHED_FAILED_FENCE_ACTIVE_CORE_15                               0                             0%
SCHED_FAILED_MEM_MANAGEMENT_CORE_15                             0                             0%
                                                           140983                           100%

NUM_SAMPLES_CORE_16                                        124100                        124100

NUM_ACTIVE_BLOCKS_CORE_16                                  984729                       7.93496

NUM_ACTIVE_THREADS_CORE_16                                3794739                       30.5781

NUM_SCHED_IDLE_CYCLE_CORE_16                                    0                             0

NUM_NO_SCHED_CYCLE_CORE_16                                  25133                         25133

CORE_DISPATCHED_INST_CORE_16                                14472                         14472

CORE_DISPATCH_WAIT_CORE_16                                5122877                       353.985

CORE_CYCLES_CORE_16                                             0                             0

CORE_SCHED_THREADS_CORE_16                                      0                           NaN

CORE_NUM_NO_FETCH_CYCLES_CORE_16                                1                             1

CORE_NUM_NO_FETCH_CYCLES_WITH_READY_THREADS_CORE_16                   0                             0

CORE_NUM_FETCH_CYCLES_CORE_16                                   0                             0

CORE_FETCH_DELTA_CORE_16                                        0                           NaN

CORE_NUM_RETIRE_CYCLES_CORE_16                                  0                             0

CORE_RETIRE_DELTA_CORE_16                                       0                           NaN

FENCE_PREF_REQ_CORE_16                                          0                             0

FENCE_WAITING_CORE_16                                           0                             0

DYN_FENCE_NUM_CORE_16                                           0                             0

WB_ORDERING_STALL_CORE_16                                       0                             0

WB_FULL_CORE_16                                                 0                             0

FENCE_TOT_CYCLES_CORE_16                                        0                             0

FENCE_EXEC_CYCLES_CORE_16                                       0                             0

STORE_RES_CORE_16                                               0                             0

STORE_NUM_CORE_16                                               0                             0

STORE_WB_FREE_CORE_16                                           0                             0

SCHED_FAILED_REASON_SUCCESS_CORE_16                         14472                       10.2136%
SCHED_FAILED_OPERANDS_NOT_READY_CORE_16                    127222                       89.7864%
SCHED_FAILED_NO_AVAILABLE_PORTS_CORE_16                         0                             0%
SCHED_FAILED_NO_MEM_REQ_SLOTS_CORE_16                           0                             0%
SCHED_FAILED_NO_AVAILABLE_SIMD_UNIT_CORE_16                     0                             0%
SCHED_FAILED_FENCE_ACTIVE_CORE_16                               0                             0%
SCHED_FAILED_MEM_MANAGEMENT_CORE_16                             0                             0%
                                                           141694                           100%

NUM_SAMPLES_CORE_17                                        127385                        127385

NUM_ACTIVE_BLOCKS_CORE_17                                  987817                       7.75458

NUM_ACTIVE_THREADS_CORE_17                                3799695                       29.8284

NUM_SCHED_IDLE_CYCLE_CORE_17                                    0                             0

NUM_NO_SCHED_CYCLE_CORE_17                                  26329                         26329

CORE_DISPATCHED_INST_CORE_17                                11792                         11792

CORE_DISPATCH_WAIT_CORE_17                                5326579                       451.711

CORE_CYCLES_CORE_17                                             0                             0

CORE_SCHED_THREADS_CORE_17                                      0                           NaN

CORE_NUM_NO_FETCH_CYCLES_CORE_17                                1                             1

CORE_NUM_NO_FETCH_CYCLES_WITH_READY_THREADS_CORE_17                   0                             0

CORE_NUM_FETCH_CYCLES_CORE_17                                   0                             0

CORE_FETCH_DELTA_CORE_17                                        0                           NaN

CORE_NUM_RETIRE_CYCLES_CORE_17                                  0                             0

CORE_RETIRE_DELTA_CORE_17                                       0                           NaN

FENCE_PREF_REQ_CORE_17                                          0                             0

FENCE_WAITING_CORE_17                                           0                             0

DYN_FENCE_NUM_CORE_17                                           0                             0

WB_ORDERING_STALL_CORE_17                                       0                             0

WB_FULL_CORE_17                                                 0                             0

FENCE_TOT_CYCLES_CORE_17                                        0                             0

FENCE_EXEC_CYCLES_CORE_17                                       0                             0

STORE_RES_CORE_17                                               0                             0

STORE_NUM_CORE_17                                               0                             0

STORE_WB_FREE_CORE_17                                           0                             0

SCHED_FAILED_REASON_SUCCESS_CORE_17                         11792                       8.25545%
SCHED_FAILED_OPERANDS_NOT_READY_CORE_17                    131047                       91.7446%
SCHED_FAILED_NO_AVAILABLE_PORTS_CORE_17                         0                             0%
SCHED_FAILED_NO_MEM_REQ_SLOTS_CORE_17                           0                             0%
SCHED_FAILED_NO_AVAILABLE_SIMD_UNIT_CORE_17                     0                             0%
SCHED_FAILED_FENCE_ACTIVE_CORE_17                               0                             0%
SCHED_FAILED_MEM_MANAGEMENT_CORE_17                             0                             0%
                                                           142839                           100%

NUM_SAMPLES_CORE_18                                        116904                        116904

NUM_ACTIVE_BLOCKS_CORE_18                                  929275                       7.94904

NUM_ACTIVE_THREADS_CORE_18                                3545400                       30.3274

NUM_SCHED_IDLE_CYCLE_CORE_18                                    0                             0

NUM_NO_SCHED_CYCLE_CORE_18                                  20326                         20326

CORE_DISPATCHED_INST_CORE_18                                20368                         20368

CORE_DISPATCH_WAIT_CORE_18                                4565731                       224.162

CORE_CYCLES_CORE_18                                             0                             0

CORE_SCHED_THREADS_CORE_18                                      0                           NaN

CORE_NUM_NO_FETCH_CYCLES_CORE_18                                1                             1

CORE_NUM_NO_FETCH_CYCLES_WITH_READY_THREADS_CORE_18                   0                             0

CORE_NUM_FETCH_CYCLES_CORE_18                                   0                             0

CORE_FETCH_DELTA_CORE_18                                        0                           NaN

CORE_NUM_RETIRE_CYCLES_CORE_18                                  0                             0

CORE_RETIRE_DELTA_CORE_18                                       0                           NaN

FENCE_PREF_REQ_CORE_18                                          0                             0

FENCE_WAITING_CORE_18                                           0                             0

DYN_FENCE_NUM_CORE_18                                           0                             0

WB_ORDERING_STALL_CORE_18                                       0                             0

WB_FULL_CORE_18                                                 0                             0

FENCE_TOT_CYCLES_CORE_18                                        0                             0

FENCE_EXEC_CYCLES_CORE_18                                       0                             0

STORE_RES_CORE_18                                               0                             0

STORE_NUM_CORE_18                                               0                             0

STORE_WB_FREE_CORE_18                                           0                             0

SCHED_FAILED_REASON_SUCCESS_CORE_18                         20368                       11.4128%
SCHED_FAILED_OPERANDS_NOT_READY_CORE_18                    158098                       88.5872%
SCHED_FAILED_NO_AVAILABLE_PORTS_CORE_18                         0                             0%
SCHED_FAILED_NO_MEM_REQ_SLOTS_CORE_18                           0                             0%
SCHED_FAILED_NO_AVAILABLE_SIMD_UNIT_CORE_18                     0                             0%
SCHED_FAILED_FENCE_ACTIVE_CORE_18                               0                             0%
SCHED_FAILED_MEM_MANAGEMENT_CORE_18                             0                             0%
                                                           178466                           100%

NUM_SAMPLES_CORE_19                                        128431                        128431

NUM_ACTIVE_BLOCKS_CORE_19                                 1015564                       7.90747

NUM_ACTIVE_THREADS_CORE_19                                3604654                       28.0669

NUM_SCHED_IDLE_CYCLE_CORE_19                                    0                             0

NUM_NO_SCHED_CYCLE_CORE_19                                  25206                         25206

CORE_DISPATCHED_INST_CORE_19                                13936                         13936

CORE_DISPATCH_WAIT_CORE_19                                5403457                       387.734

CORE_CYCLES_CORE_19                                             0                             0

CORE_SCHED_THREADS_CORE_19                                      0                           NaN

CORE_NUM_NO_FETCH_CYCLES_CORE_19                                1                             1

CORE_NUM_NO_FETCH_CYCLES_WITH_READY_THREADS_CORE_19                   0                             0

CORE_NUM_FETCH_CYCLES_CORE_19                                   0                             0

CORE_FETCH_DELTA_CORE_19                                        0                           NaN

CORE_NUM_RETIRE_CYCLES_CORE_19                                  0                             0

CORE_RETIRE_DELTA_CORE_19                                       0                           NaN

FENCE_PREF_REQ_CORE_19                                          0                             0

FENCE_WAITING_CORE_19                                           0                             0

DYN_FENCE_NUM_CORE_19                                           0                             0

WB_ORDERING_STALL_CORE_19                                       0                             0

WB_FULL_CORE_19                                                 0                             0

FENCE_TOT_CYCLES_CORE_19                                        0                             0

FENCE_EXEC_CYCLES_CORE_19                                       0                             0

STORE_RES_CORE_19                                               0                             0

STORE_NUM_CORE_19                                               0                             0

STORE_WB_FREE_CORE_19                                           0                             0

SCHED_FAILED_REASON_SUCCESS_CORE_19                         13936                       9.01686%
SCHED_FAILED_OPERANDS_NOT_READY_CORE_19                    140619                       90.9831%
SCHED_FAILED_NO_AVAILABLE_PORTS_CORE_19                         0                             0%
SCHED_FAILED_NO_MEM_REQ_SLOTS_CORE_19                           0                             0%
SCHED_FAILED_NO_AVAILABLE_SIMD_UNIT_CORE_19                     0                             0%
SCHED_FAILED_FENCE_ACTIVE_CORE_19                               0                             0%
SCHED_FAILED_MEM_MANAGEMENT_CORE_19                             0                             0%
                                                           154555                           100%

NUM_SAMPLES_CORE_20                                        125235                        125235

NUM_ACTIVE_BLOCKS_CORE_20                                  987454                       7.88481

NUM_ACTIVE_THREADS_CORE_20                                3519102                          28.1

NUM_SCHED_IDLE_CYCLE_CORE_20                                    0                             0

NUM_NO_SCHED_CYCLE_CORE_20                                  25924                         25924

CORE_DISPATCHED_INST_CORE_20                                13936                         13936

CORE_DISPATCH_WAIT_CORE_20                                5144316                       369.139

CORE_CYCLES_CORE_20                                             0                             0

CORE_SCHED_THREADS_CORE_20                                      0                           NaN

CORE_NUM_NO_FETCH_CYCLES_CORE_20                                1                             1

CORE_NUM_NO_FETCH_CYCLES_WITH_READY_THREADS_CORE_20                   0                             0

CORE_NUM_FETCH_CYCLES_CORE_20                                   0                             0

CORE_FETCH_DELTA_CORE_20                                        0                           NaN

CORE_NUM_RETIRE_CYCLES_CORE_20                                  0                             0

CORE_RETIRE_DELTA_CORE_20                                       0                           NaN

FENCE_PREF_REQ_CORE_20                                          0                             0

FENCE_WAITING_CORE_20                                           0                             0

DYN_FENCE_NUM_CORE_20                                           0                             0

WB_ORDERING_STALL_CORE_20                                       0                             0

WB_FULL_CORE_20                                                 0                             0

FENCE_TOT_CYCLES_CORE_20                                        0                             0

FENCE_EXEC_CYCLES_CORE_20                                       0                             0

STORE_RES_CORE_20                                               0                             0

STORE_NUM_CORE_20                                               0                             0

STORE_WB_FREE_CORE_20                                           0                             0

SCHED_FAILED_REASON_SUCCESS_CORE_20                         13936                       9.36735%
SCHED_FAILED_OPERANDS_NOT_READY_CORE_20                    134836                       90.6326%
SCHED_FAILED_NO_AVAILABLE_PORTS_CORE_20                         0                             0%
SCHED_FAILED_NO_MEM_REQ_SLOTS_CORE_20                           0                             0%
SCHED_FAILED_NO_AVAILABLE_SIMD_UNIT_CORE_20                     0                             0%
SCHED_FAILED_FENCE_ACTIVE_CORE_20                               0                             0%
SCHED_FAILED_MEM_MANAGEMENT_CORE_20                             0                             0%
                                                           148772                           100%

NUM_SAMPLES_CORE_21                                        125394                        125394

NUM_ACTIVE_BLOCKS_CORE_21                                  914120                       7.28998

NUM_ACTIVE_THREADS_CORE_21                                3373111                       26.9001

NUM_SCHED_IDLE_CYCLE_CORE_21                                    0                             0

NUM_NO_SCHED_CYCLE_CORE_21                                  22838                         22838

CORE_DISPATCHED_INST_CORE_21                                18224                         18224

CORE_DISPATCH_WAIT_CORE_21                                4787287                       262.691

CORE_CYCLES_CORE_21                                             0                             0

CORE_SCHED_THREADS_CORE_21                                      0                           NaN

CORE_NUM_NO_FETCH_CYCLES_CORE_21                                1                             1

CORE_NUM_NO_FETCH_CYCLES_WITH_READY_THREADS_CORE_21                   0                             0

CORE_NUM_FETCH_CYCLES_CORE_21                                   0                             0

CORE_FETCH_DELTA_CORE_21                                        0                           NaN

CORE_NUM_RETIRE_CYCLES_CORE_21                                  0                             0

CORE_RETIRE_DELTA_CORE_21                                       0                           NaN

FENCE_PREF_REQ_CORE_21                                          0                             0

FENCE_WAITING_CORE_21                                           0                             0

DYN_FENCE_NUM_CORE_21                                           0                             0

WB_ORDERING_STALL_CORE_21                                       0                             0

WB_FULL_CORE_21                                                 0                             0

FENCE_TOT_CYCLES_CORE_21                                        0                             0

FENCE_EXEC_CYCLES_CORE_21                                       0                             0

STORE_RES_CORE_21                                               0                             0

STORE_NUM_CORE_21                                               0                             0

STORE_WB_FREE_CORE_21                                           0                             0

SCHED_FAILED_REASON_SUCCESS_CORE_21                         18224                       12.7774%
SCHED_FAILED_OPERANDS_NOT_READY_CORE_21                    124403                       87.2226%
SCHED_FAILED_NO_AVAILABLE_PORTS_CORE_21                         0                             0%
SCHED_FAILED_NO_MEM_REQ_SLOTS_CORE_21                           0                             0%
SCHED_FAILED_NO_AVAILABLE_SIMD_UNIT_CORE_21                     0                             0%
SCHED_FAILED_FENCE_ACTIVE_CORE_21                               0                             0%
SCHED_FAILED_MEM_MANAGEMENT_CORE_21                             0                             0%
                                                           142627                           100%

NUM_SAMPLES_CORE_22                                        120002                        120002

NUM_ACTIVE_BLOCKS_CORE_22                                  949552                        7.9128

NUM_ACTIVE_THREADS_CORE_22                                3501809                       29.1813

NUM_SCHED_IDLE_CYCLE_CORE_22                                    0                             0

NUM_NO_SCHED_CYCLE_CORE_22                                  24544                         24544

CORE_DISPATCHED_INST_CORE_22                                11792                         11792

CORE_DISPATCH_WAIT_CORE_22                                4420736                       374.893

CORE_CYCLES_CORE_22                                             0                             0

CORE_SCHED_THREADS_CORE_22                                      0                           NaN

CORE_NUM_NO_FETCH_CYCLES_CORE_22                                1                             1

CORE_NUM_NO_FETCH_CYCLES_WITH_READY_THREADS_CORE_22                   0                             0

CORE_NUM_FETCH_CYCLES_CORE_22                                   0                             0

CORE_FETCH_DELTA_CORE_22                                        0                           NaN

CORE_NUM_RETIRE_CYCLES_CORE_22                                  0                             0

CORE_RETIRE_DELTA_CORE_22                                       0                           NaN

FENCE_PREF_REQ_CORE_22                                          0                             0

FENCE_WAITING_CORE_22                                           0                             0

DYN_FENCE_NUM_CORE_22                                           0                             0

WB_ORDERING_STALL_CORE_22                                       0                             0

WB_FULL_CORE_22                                                 0                             0

FENCE_TOT_CYCLES_CORE_22                                        0                             0

FENCE_EXEC_CYCLES_CORE_22                                       0                             0

STORE_RES_CORE_22                                               0                             0

STORE_NUM_CORE_22                                               0                             0

STORE_WB_FREE_CORE_22                                           0                             0

SCHED_FAILED_REASON_SUCCESS_CORE_22                         11792                       8.41486%
SCHED_FAILED_OPERANDS_NOT_READY_CORE_22                    128341                       91.5851%
SCHED_FAILED_NO_AVAILABLE_PORTS_CORE_22                         0                             0%
SCHED_FAILED_NO_MEM_REQ_SLOTS_CORE_22                           0                             0%
SCHED_FAILED_NO_AVAILABLE_SIMD_UNIT_CORE_22                     0                             0%
SCHED_FAILED_FENCE_ACTIVE_CORE_22                               0                             0%
SCHED_FAILED_MEM_MANAGEMENT_CORE_22                             0                             0%
                                                           140133                           100%

NUM_SAMPLES_CORE_23                                        122943                        122943

NUM_ACTIVE_BLOCKS_CORE_23                                  902246                       7.33873

NUM_ACTIVE_THREADS_CORE_23                                3204111                       26.0618

NUM_SCHED_IDLE_CYCLE_CORE_23                                    0                             0

NUM_NO_SCHED_CYCLE_CORE_23                                  25122                         25122

CORE_DISPATCHED_INST_CORE_23                                14472                         14472

CORE_DISPATCH_WAIT_CORE_23                                4588274                       317.045

CORE_CYCLES_CORE_23                                             0                             0

CORE_SCHED_THREADS_CORE_23                                      0                           NaN

CORE_NUM_NO_FETCH_CYCLES_CORE_23                                1                             1

CORE_NUM_NO_FETCH_CYCLES_WITH_READY_THREADS_CORE_23                   0                             0

CORE_NUM_FETCH_CYCLES_CORE_23                                   0                             0

CORE_FETCH_DELTA_CORE_23                                        0                           NaN

CORE_NUM_RETIRE_CYCLES_CORE_23                                  0                             0

CORE_RETIRE_DELTA_CORE_23                                       0                           NaN

FENCE_PREF_REQ_CORE_23                                          0                             0

FENCE_WAITING_CORE_23                                           0                             0

DYN_FENCE_NUM_CORE_23                                           0                             0

WB_ORDERING_STALL_CORE_23                                       0                             0

WB_FULL_CORE_23                                                 0                             0

FENCE_TOT_CYCLES_CORE_23                                        0                             0

FENCE_EXEC_CYCLES_CORE_23                                       0                             0

STORE_RES_CORE_23                                               0                             0

STORE_NUM_CORE_23                                               0                             0

STORE_WB_FREE_CORE_23                                           0                             0

SCHED_FAILED_REASON_SUCCESS_CORE_23                         14472                       10.4177%
SCHED_FAILED_OPERANDS_NOT_READY_CORE_23                    124445                       89.5823%
SCHED_FAILED_NO_AVAILABLE_PORTS_CORE_23                         0                             0%
SCHED_FAILED_NO_MEM_REQ_SLOTS_CORE_23                           0                             0%
SCHED_FAILED_NO_AVAILABLE_SIMD_UNIT_CORE_23                     0                             0%
SCHED_FAILED_FENCE_ACTIVE_CORE_23                               0                             0%
SCHED_FAILED_MEM_MANAGEMENT_CORE_23                             0                             0%
                                                           138917                           100%

NUM_SAMPLES_CORE_24                                        122598                        122598

NUM_ACTIVE_BLOCKS_CORE_24                                  898221                       7.32656

NUM_ACTIVE_THREADS_CORE_24                                3368153                       27.4731

NUM_SCHED_IDLE_CYCLE_CORE_24                                    0                             0

NUM_NO_SCHED_CYCLE_CORE_24                                  26663                         26663

CORE_DISPATCHED_INST_CORE_24                                 8576                          8576

CORE_DISPATCH_WAIT_CORE_24                                4177501                       487.115

CORE_CYCLES_CORE_24                                             0                             0

CORE_SCHED_THREADS_CORE_24                                      0                           NaN

CORE_NUM_NO_FETCH_CYCLES_CORE_24                                1                             1

CORE_NUM_NO_FETCH_CYCLES_WITH_READY_THREADS_CORE_24                   0                             0

CORE_NUM_FETCH_CYCLES_CORE_24                                   0                             0

CORE_FETCH_DELTA_CORE_24                                        0                           NaN

CORE_NUM_RETIRE_CYCLES_CORE_24                                  0                             0

CORE_RETIRE_DELTA_CORE_24                                       0                           NaN

FENCE_PREF_REQ_CORE_24                                          0                             0

FENCE_WAITING_CORE_24                                           0                             0

DYN_FENCE_NUM_CORE_24                                           0                             0

WB_ORDERING_STALL_CORE_24                                       0                             0

WB_FULL_CORE_24                                                 0                             0

FENCE_TOT_CYCLES_CORE_24                                        0                             0

FENCE_EXEC_CYCLES_CORE_24                                       0                             0

STORE_RES_CORE_24                                               0                             0

STORE_NUM_CORE_24                                               0                             0

STORE_WB_FREE_CORE_24                                           0                             0

SCHED_FAILED_REASON_SUCCESS_CORE_24                          8576                       7.38903%
SCHED_FAILED_OPERANDS_NOT_READY_CORE_24                    107488                        92.611%
SCHED_FAILED_NO_AVAILABLE_PORTS_CORE_24                         0                             0%
SCHED_FAILED_NO_MEM_REQ_SLOTS_CORE_24                           0                             0%
SCHED_FAILED_NO_AVAILABLE_SIMD_UNIT_CORE_24                     0                             0%
SCHED_FAILED_FENCE_ACTIVE_CORE_24                               0                             0%
SCHED_FAILED_MEM_MANAGEMENT_CORE_24                             0                             0%
                                                           116064                           100%

NUM_SAMPLES_CORE_25                                        122294                        122294

NUM_ACTIVE_BLOCKS_CORE_25                                  953299                       7.79514

NUM_ACTIVE_THREADS_CORE_25                                3448554                       28.1989

NUM_SCHED_IDLE_CYCLE_CORE_25                                    0                             0

NUM_NO_SCHED_CYCLE_CORE_25                                  23610                         23610

CORE_DISPATCHED_INST_CORE_25                                17688                         17688

CORE_DISPATCH_WAIT_CORE_25                                4853996                       274.423

CORE_CYCLES_CORE_25                                             0                             0

CORE_SCHED_THREADS_CORE_25                                      0                           NaN

CORE_NUM_NO_FETCH_CYCLES_CORE_25                                1                             1

CORE_NUM_NO_FETCH_CYCLES_WITH_READY_THREADS_CORE_25                   0                             0

CORE_NUM_FETCH_CYCLES_CORE_25                                   0                             0

CORE_FETCH_DELTA_CORE_25                                        0                           NaN

CORE_NUM_RETIRE_CYCLES_CORE_25                                  0                             0

CORE_RETIRE_DELTA_CORE_25                                       0                           NaN

FENCE_PREF_REQ_CORE_25                                          0                             0

FENCE_WAITING_CORE_25                                           0                             0

DYN_FENCE_NUM_CORE_25                                           0                             0

WB_ORDERING_STALL_CORE_25                                       0                             0

WB_FULL_CORE_25                                                 0                             0

FENCE_TOT_CYCLES_CORE_25                                        0                             0

FENCE_EXEC_CYCLES_CORE_25                                       0                             0

STORE_RES_CORE_25                                               0                             0

STORE_NUM_CORE_25                                               0                             0

STORE_WB_FREE_CORE_25                                           0                             0

SCHED_FAILED_REASON_SUCCESS_CORE_25                         17688                       11.5624%
SCHED_FAILED_OPERANDS_NOT_READY_CORE_25                    135291                       88.4376%
SCHED_FAILED_NO_AVAILABLE_PORTS_CORE_25                         0                             0%
SCHED_FAILED_NO_MEM_REQ_SLOTS_CORE_25                           0                             0%
SCHED_FAILED_NO_AVAILABLE_SIMD_UNIT_CORE_25                     0                             0%
SCHED_FAILED_FENCE_ACTIVE_CORE_25                               0                             0%
SCHED_FAILED_MEM_MANAGEMENT_CORE_25                             0                             0%
                                                           152979                           100%

NUM_SAMPLES_CORE_26                                        112778                        112778

NUM_ACTIVE_BLOCKS_CORE_26                                  892532                       7.91406

NUM_ACTIVE_THREADS_CORE_26                                3179760                       28.1949

NUM_SCHED_IDLE_CYCLE_CORE_26                                    0                             0

NUM_NO_SCHED_CYCLE_CORE_26                                  21479                         21479

CORE_DISPATCHED_INST_CORE_26                                13936                         13936

CORE_DISPATCH_WAIT_CORE_26                                4650420                       333.698

CORE_CYCLES_CORE_26                                             0                             0

CORE_SCHED_THREADS_CORE_26                                      0                           NaN

CORE_NUM_NO_FETCH_CYCLES_CORE_26                                1                             1

CORE_NUM_NO_FETCH_CYCLES_WITH_READY_THREADS_CORE_26                   0                             0

CORE_NUM_FETCH_CYCLES_CORE_26                                   0                             0

CORE_FETCH_DELTA_CORE_26                                        0                           NaN

CORE_NUM_RETIRE_CYCLES_CORE_26                                  0                             0

CORE_RETIRE_DELTA_CORE_26                                       0                           NaN

FENCE_PREF_REQ_CORE_26                                          0                             0

FENCE_WAITING_CORE_26                                           0                             0

DYN_FENCE_NUM_CORE_26                                           0                             0

WB_ORDERING_STALL_CORE_26                                       0                             0

WB_FULL_CORE_26                                                 0                             0

FENCE_TOT_CYCLES_CORE_26                                        0                             0

FENCE_EXEC_CYCLES_CORE_26                                       0                             0

STORE_RES_CORE_26                                               0                             0

STORE_NUM_CORE_26                                               0                             0

STORE_WB_FREE_CORE_26                                           0                             0

SCHED_FAILED_REASON_SUCCESS_CORE_26                         13936                       11.5105%
SCHED_FAILED_OPERANDS_NOT_READY_CORE_26                    107136                       88.4895%
SCHED_FAILED_NO_AVAILABLE_PORTS_CORE_26                         0                             0%
SCHED_FAILED_NO_MEM_REQ_SLOTS_CORE_26                           0                             0%
SCHED_FAILED_NO_AVAILABLE_SIMD_UNIT_CORE_26                     0                             0%
SCHED_FAILED_FENCE_ACTIVE_CORE_26                               0                             0%
SCHED_FAILED_MEM_MANAGEMENT_CORE_26                             0                             0%
                                                           121072                           100%

NUM_SAMPLES_CORE_27                                        125832                        125832

NUM_ACTIVE_BLOCKS_CORE_27                                  970111                       7.70957

NUM_ACTIVE_THREADS_CORE_27                                3615190                       28.7303

NUM_SCHED_IDLE_CYCLE_CORE_27                                    0                             0

NUM_NO_SCHED_CYCLE_CORE_27                                  26308                         26308

CORE_DISPATCHED_INST_CORE_27                                 9648                          9648

CORE_DISPATCH_WAIT_CORE_27                                5169686                        535.83

CORE_CYCLES_CORE_27                                             0                             0

CORE_SCHED_THREADS_CORE_27                                      0                           NaN

CORE_NUM_NO_FETCH_CYCLES_CORE_27                                1                             1

CORE_NUM_NO_FETCH_CYCLES_WITH_READY_THREADS_CORE_27                   0                             0

CORE_NUM_FETCH_CYCLES_CORE_27                                   0                             0

CORE_FETCH_DELTA_CORE_27                                        0                           NaN

CORE_NUM_RETIRE_CYCLES_CORE_27                                  0                             0

CORE_RETIRE_DELTA_CORE_27                                       0                           NaN

FENCE_PREF_REQ_CORE_27                                          0                             0

FENCE_WAITING_CORE_27                                           0                             0

DYN_FENCE_NUM_CORE_27                                           0                             0

WB_ORDERING_STALL_CORE_27                                       0                             0

WB_FULL_CORE_27                                                 0                             0

FENCE_TOT_CYCLES_CORE_27                                        0                             0

FENCE_EXEC_CYCLES_CORE_27                                       0                             0

STORE_RES_CORE_27                                               0                             0

STORE_NUM_CORE_27                                               0                             0

STORE_WB_FREE_CORE_27                                           0                             0

SCHED_FAILED_REASON_SUCCESS_CORE_27                          9648                       6.23457%
SCHED_FAILED_OPERANDS_NOT_READY_CORE_27                    145102                       93.7654%
SCHED_FAILED_NO_AVAILABLE_PORTS_CORE_27                         0                             0%
SCHED_FAILED_NO_MEM_REQ_SLOTS_CORE_27                           0                             0%
SCHED_FAILED_NO_AVAILABLE_SIMD_UNIT_CORE_27                     0                             0%
SCHED_FAILED_FENCE_ACTIVE_CORE_27                               0                             0%
SCHED_FAILED_MEM_MANAGEMENT_CORE_27                             0                             0%
                                                           154750                           100%

NUM_SAMPLES_CORE_28                                        119773                        119773

NUM_ACTIVE_BLOCKS_CORE_28                                  926834                       7.73826

NUM_ACTIVE_THREADS_CORE_28                                3459782                       28.8862

NUM_SCHED_IDLE_CYCLE_CORE_28                                    0                             0

NUM_NO_SCHED_CYCLE_CORE_28                                  21868                         21868

CORE_DISPATCHED_INST_CORE_28                                13936                         13936

CORE_DISPATCH_WAIT_CORE_28                                4952497                       355.374

CORE_CYCLES_CORE_28                                             0                             0

CORE_SCHED_THREADS_CORE_28                                      0                           NaN

CORE_NUM_NO_FETCH_CYCLES_CORE_28                                1                             1

CORE_NUM_NO_FETCH_CYCLES_WITH_READY_THREADS_CORE_28                   0                             0

CORE_NUM_FETCH_CYCLES_CORE_28                                   0                             0

CORE_FETCH_DELTA_CORE_28                                        0                           NaN

CORE_NUM_RETIRE_CYCLES_CORE_28                                  0                             0

CORE_RETIRE_DELTA_CORE_28                                       0                           NaN

FENCE_PREF_REQ_CORE_28                                          0                             0

FENCE_WAITING_CORE_28                                           0                             0

DYN_FENCE_NUM_CORE_28                                           0                             0

WB_ORDERING_STALL_CORE_28                                       0                             0

WB_FULL_CORE_28                                                 0                             0

FENCE_TOT_CYCLES_CORE_28                                        0                             0

FENCE_EXEC_CYCLES_CORE_28                                       0                             0

STORE_RES_CORE_28                                               0                             0

STORE_NUM_CORE_28                                               0                             0

STORE_WB_FREE_CORE_28                                           0                             0

SCHED_FAILED_REASON_SUCCESS_CORE_28                         13936                        11.381%
SCHED_FAILED_OPERANDS_NOT_READY_CORE_28                    108514                        88.619%
SCHED_FAILED_NO_AVAILABLE_PORTS_CORE_28                         0                             0%
SCHED_FAILED_NO_MEM_REQ_SLOTS_CORE_28                           0                             0%
SCHED_FAILED_NO_AVAILABLE_SIMD_UNIT_CORE_28                     0                             0%
SCHED_FAILED_FENCE_ACTIVE_CORE_28                               0                             0%
SCHED_FAILED_MEM_MANAGEMENT_CORE_28                             0                             0%
                                                           122450                           100%

NUM_SAMPLES_CORE_29                                        111154                        111154

NUM_ACTIVE_BLOCKS_CORE_29                                  882068                       7.93555

NUM_ACTIVE_THREADS_CORE_29                                3336572                       30.0176

NUM_SCHED_IDLE_CYCLE_CORE_29                                    0                             0

NUM_NO_SCHED_CYCLE_CORE_29                                  18633                         18633

CORE_DISPATCHED_INST_CORE_29                                20368                         20368

CORE_DISPATCH_WAIT_CORE_29                                4419467                       216.981

CORE_CYCLES_CORE_29                                             0                             0

CORE_SCHED_THREADS_CORE_29                                      0                           NaN

CORE_NUM_NO_FETCH_CYCLES_CORE_29                                1                             1

CORE_NUM_NO_FETCH_CYCLES_WITH_READY_THREADS_CORE_29                   0                             0

CORE_NUM_FETCH_CYCLES_CORE_29                                   0                             0

CORE_FETCH_DELTA_CORE_29                                        0                           NaN

CORE_NUM_RETIRE_CYCLES_CORE_29                                  0                             0

CORE_RETIRE_DELTA_CORE_29                                       0                           NaN

FENCE_PREF_REQ_CORE_29                                          0                             0

FENCE_WAITING_CORE_29                                           0                             0

DYN_FENCE_NUM_CORE_29                                           0                             0

WB_ORDERING_STALL_CORE_29                                       0                             0

WB_FULL_CORE_29                                                 0                             0

FENCE_TOT_CYCLES_CORE_29                                        0                             0

FENCE_EXEC_CYCLES_CORE_29                                       0                             0

STORE_RES_CORE_29                                               0                             0

STORE_NUM_CORE_29                                               0                             0

STORE_WB_FREE_CORE_29                                           0                             0

SCHED_FAILED_REASON_SUCCESS_CORE_29                         20368                       16.8022%
SCHED_FAILED_OPERANDS_NOT_READY_CORE_29                    100854                       83.1978%
SCHED_FAILED_NO_AVAILABLE_PORTS_CORE_29                         0                             0%
SCHED_FAILED_NO_MEM_REQ_SLOTS_CORE_29                           0                             0%
SCHED_FAILED_NO_AVAILABLE_SIMD_UNIT_CORE_29                     0                             0%
SCHED_FAILED_FENCE_ACTIVE_CORE_29                               0                             0%
SCHED_FAILED_MEM_MANAGEMENT_CORE_29                             0                             0%
                                                           121222                           100%

NUM_SAMPLES_CORE_30                                        126049                        126049

NUM_ACTIVE_BLOCKS_CORE_30                                  967049                       7.67201

NUM_ACTIVE_THREADS_CORE_30                                3504697                       27.8042

NUM_SCHED_IDLE_CYCLE_CORE_30                                    0                             0

NUM_NO_SCHED_CYCLE_CORE_30                                  19810                         19810

CORE_DISPATCHED_INST_CORE_30                                21440                         21440

CORE_DISPATCH_WAIT_CORE_30                                4880427                       227.632

CORE_CYCLES_CORE_30                                             0                             0

CORE_SCHED_THREADS_CORE_30                                      0                           NaN

CORE_NUM_NO_FETCH_CYCLES_CORE_30                                1                             1

CORE_NUM_NO_FETCH_CYCLES_WITH_READY_THREADS_CORE_30                   0                             0

CORE_NUM_FETCH_CYCLES_CORE_30                                   0                             0

CORE_FETCH_DELTA_CORE_30                                        0                           NaN

CORE_NUM_RETIRE_CYCLES_CORE_30                                  0                             0

CORE_RETIRE_DELTA_CORE_30                                       0                           NaN

FENCE_PREF_REQ_CORE_30                                          0                             0

FENCE_WAITING_CORE_30                                           0                             0

DYN_FENCE_NUM_CORE_30                                           0                             0

WB_ORDERING_STALL_CORE_30                                       0                             0

WB_FULL_CORE_30                                                 0                             0

FENCE_TOT_CYCLES_CORE_30                                        0                             0

FENCE_EXEC_CYCLES_CORE_30                                       0                             0

STORE_RES_CORE_30                                               0                             0

STORE_NUM_CORE_30                                               0                             0

STORE_WB_FREE_CORE_30                                           0                             0

SCHED_FAILED_REASON_SUCCESS_CORE_30                         21440                       13.5366%
SCHED_FAILED_OPERANDS_NOT_READY_CORE_30                    136945                       86.4634%
SCHED_FAILED_NO_AVAILABLE_PORTS_CORE_30                         0                             0%
SCHED_FAILED_NO_MEM_REQ_SLOTS_CORE_30                           0                             0%
SCHED_FAILED_NO_AVAILABLE_SIMD_UNIT_CORE_30                     0                             0%
SCHED_FAILED_FENCE_ACTIVE_CORE_30                               0                             0%
SCHED_FAILED_MEM_MANAGEMENT_CORE_30                             0                             0%
                                                           158385                           100%

NUM_SAMPLES_CORE_31                                        126579                        126579

NUM_ACTIVE_BLOCKS_CORE_31                                 1005456                       7.94331

NUM_ACTIVE_THREADS_CORE_31                                3937723                       31.1088

NUM_SCHED_IDLE_CYCLE_CORE_31                                    0                             0

NUM_NO_SCHED_CYCLE_CORE_31                                  24051                         24051

CORE_DISPATCHED_INST_CORE_31                                16080                         16080

CORE_DISPATCH_WAIT_CORE_31                                5215400                       324.341

CORE_CYCLES_CORE_31                                             0                             0

CORE_SCHED_THREADS_CORE_31                                      0                           NaN

CORE_NUM_NO_FETCH_CYCLES_CORE_31                                1                             1

CORE_NUM_NO_FETCH_CYCLES_WITH_READY_THREADS_CORE_31                   0                             0

CORE_NUM_FETCH_CYCLES_CORE_31                                   0                             0

CORE_FETCH_DELTA_CORE_31                                        0                           NaN

CORE_NUM_RETIRE_CYCLES_CORE_31                                  0                             0

CORE_RETIRE_DELTA_CORE_31                                       0                           NaN

FENCE_PREF_REQ_CORE_31                                          0                             0

FENCE_WAITING_CORE_31                                           0                             0

DYN_FENCE_NUM_CORE_31                                           0                             0

WB_ORDERING_STALL_CORE_31                                       0                             0

WB_FULL_CORE_31                                                 0                             0

FENCE_TOT_CYCLES_CORE_31                                        0                             0

FENCE_EXEC_CYCLES_CORE_31                                       0                             0

STORE_RES_CORE_31                                               0                             0

STORE_NUM_CORE_31                                               0                             0

STORE_WB_FREE_CORE_31                                           0                             0

SCHED_FAILED_REASON_SUCCESS_CORE_31                         16080                       9.22383%
SCHED_FAILED_OPERANDS_NOT_READY_CORE_31                    158251                       90.7762%
SCHED_FAILED_NO_AVAILABLE_PORTS_CORE_31                         0                             0%
SCHED_FAILED_NO_MEM_REQ_SLOTS_CORE_31                           0                             0%
SCHED_FAILED_NO_AVAILABLE_SIMD_UNIT_CORE_31                     0                             0%
SCHED_FAILED_FENCE_ACTIVE_CORE_31                               0                             0%
SCHED_FAILED_MEM_MANAGEMENT_CORE_31                             0                             0%
                                                           174331                           100%

NUM_SAMPLES_CORE_32                                        120081                        120081

NUM_ACTIVE_BLOCKS_CORE_32                                  952959                       7.93597

NUM_ACTIVE_THREADS_CORE_32                                3533465                       29.4257

NUM_SCHED_IDLE_CYCLE_CORE_32                                    0                             0

NUM_NO_SCHED_CYCLE_CORE_32                                  24374                         24374

CORE_DISPATCHED_INST_CORE_32                                11792                         11792

CORE_DISPATCH_WAIT_CORE_32                                4893032                       414.945

CORE_CYCLES_CORE_32                                             0                             0

CORE_SCHED_THREADS_CORE_32                                      0                           NaN

CORE_NUM_NO_FETCH_CYCLES_CORE_32                                1                             1

CORE_NUM_NO_FETCH_CYCLES_WITH_READY_THREADS_CORE_32                   0                             0

CORE_NUM_FETCH_CYCLES_CORE_32                                   0                             0

CORE_FETCH_DELTA_CORE_32                                        0                           NaN

CORE_NUM_RETIRE_CYCLES_CORE_32                                  0                             0

CORE_RETIRE_DELTA_CORE_32                                       0                           NaN

FENCE_PREF_REQ_CORE_32                                          0                             0

FENCE_WAITING_CORE_32                                           0                             0

DYN_FENCE_NUM_CORE_32                                           0                             0

WB_ORDERING_STALL_CORE_32                                       0                             0

WB_FULL_CORE_32                                                 0                             0

FENCE_TOT_CYCLES_CORE_32                                        0                             0

FENCE_EXEC_CYCLES_CORE_32                                       0                             0

STORE_RES_CORE_32                                               0                             0

STORE_NUM_CORE_32                                               0                             0

STORE_WB_FREE_CORE_32                                           0                             0

SCHED_FAILED_REASON_SUCCESS_CORE_32                         11792                       9.53297%
SCHED_FAILED_OPERANDS_NOT_READY_CORE_32                    111905                        90.467%
SCHED_FAILED_NO_AVAILABLE_PORTS_CORE_32                         0                             0%
SCHED_FAILED_NO_MEM_REQ_SLOTS_CORE_32                           0                             0%
SCHED_FAILED_NO_AVAILABLE_SIMD_UNIT_CORE_32                     0                             0%
SCHED_FAILED_FENCE_ACTIVE_CORE_32                               0                             0%
SCHED_FAILED_MEM_MANAGEMENT_CORE_32                             0                             0%
                                                           123697                           100%

NUM_SAMPLES_CORE_33                                        125936                        125936

NUM_ACTIVE_BLOCKS_CORE_33                                  992445                       7.88055

NUM_ACTIVE_THREADS_CORE_33                                3836081                       30.4606

NUM_SCHED_IDLE_CYCLE_CORE_33                                    0                             0

NUM_NO_SCHED_CYCLE_CORE_33                                  24113                         24113

CORE_DISPATCHED_INST_CORE_33                                17286                         17286

CORE_DISPATCH_WAIT_CORE_33                                5074965                       293.588

CORE_CYCLES_CORE_33                                             0                             0

CORE_SCHED_THREADS_CORE_33                                      0                           NaN

CORE_NUM_NO_FETCH_CYCLES_CORE_33                                1                             1

CORE_NUM_NO_FETCH_CYCLES_WITH_READY_THREADS_CORE_33                   0                             0

CORE_NUM_FETCH_CYCLES_CORE_33                                   0                             0

CORE_FETCH_DELTA_CORE_33                                        0                           NaN

CORE_NUM_RETIRE_CYCLES_CORE_33                                  0                             0

CORE_RETIRE_DELTA_CORE_33                                       0                           NaN

FENCE_PREF_REQ_CORE_33                                          0                             0

FENCE_WAITING_CORE_33                                           0                             0

DYN_FENCE_NUM_CORE_33                                           0                             0

WB_ORDERING_STALL_CORE_33                                       0                             0

WB_FULL_CORE_33                                                 0                             0

FENCE_TOT_CYCLES_CORE_33                                        0                             0

FENCE_EXEC_CYCLES_CORE_33                                       0                             0

STORE_RES_CORE_33                                               0                             0

STORE_NUM_CORE_33                                               0                             0

STORE_WB_FREE_CORE_33                                           0                             0

SCHED_FAILED_REASON_SUCCESS_CORE_33                         17286                       11.3996%
SCHED_FAILED_OPERANDS_NOT_READY_CORE_33                    134351                       88.6004%
SCHED_FAILED_NO_AVAILABLE_PORTS_CORE_33                         0                             0%
SCHED_FAILED_NO_MEM_REQ_SLOTS_CORE_33                           0                             0%
SCHED_FAILED_NO_AVAILABLE_SIMD_UNIT_CORE_33                     0                             0%
SCHED_FAILED_FENCE_ACTIVE_CORE_33                               0                             0%
SCHED_FAILED_MEM_MANAGEMENT_CORE_33                             0                             0%
                                                           151637                           100%

NUM_SAMPLES_CORE_34                                        125618                        125618

NUM_ACTIVE_BLOCKS_CORE_34                                  926632                       7.37659

NUM_ACTIVE_THREADS_CORE_34                                3594818                       28.6171

NUM_SCHED_IDLE_CYCLE_CORE_34                                    0                             0

NUM_NO_SCHED_CYCLE_CORE_34                                  26708                         26708

CORE_DISPATCHED_INST_CORE_34                                 8576                          8576

CORE_DISPATCH_WAIT_CORE_34                                4866518                       567.458

CORE_CYCLES_CORE_34                                             0                             0

CORE_SCHED_THREADS_CORE_34                                      0                           NaN

CORE_NUM_NO_FETCH_CYCLES_CORE_34                                1                             1

CORE_NUM_NO_FETCH_CYCLES_WITH_READY_THREADS_CORE_34                   0                             0

CORE_NUM_FETCH_CYCLES_CORE_34                                   0                             0

CORE_FETCH_DELTA_CORE_34                                        0                           NaN

CORE_NUM_RETIRE_CYCLES_CORE_34                                  0                             0

CORE_RETIRE_DELTA_CORE_34                                       0                           NaN

FENCE_PREF_REQ_CORE_34                                          0                             0

FENCE_WAITING_CORE_34                                           0                             0

DYN_FENCE_NUM_CORE_34                                           0                             0

WB_ORDERING_STALL_CORE_34                                       0                             0

WB_FULL_CORE_34                                                 0                             0

FENCE_TOT_CYCLES_CORE_34                                        0                             0

FENCE_EXEC_CYCLES_CORE_34                                       0                             0

STORE_RES_CORE_34                                               0                             0

STORE_NUM_CORE_34                                               0                             0

STORE_WB_FREE_CORE_34                                           0                             0

SCHED_FAILED_REASON_SUCCESS_CORE_34                          8576                       4.77641%
SCHED_FAILED_OPERANDS_NOT_READY_CORE_34                    170973                       95.2236%
SCHED_FAILED_NO_AVAILABLE_PORTS_CORE_34                         0                             0%
SCHED_FAILED_NO_MEM_REQ_SLOTS_CORE_34                           0                             0%
SCHED_FAILED_NO_AVAILABLE_SIMD_UNIT_CORE_34                     0                             0%
SCHED_FAILED_FENCE_ACTIVE_CORE_34                               0                             0%
SCHED_FAILED_MEM_MANAGEMENT_CORE_34                             0                             0%
                                                           179549                           100%

NUM_SAMPLES_CORE_35                                        110549                        110549

NUM_ACTIVE_BLOCKS_CORE_35                                  876652                       7.92999

NUM_ACTIVE_THREADS_CORE_35                                3416795                       30.9075

NUM_SCHED_IDLE_CYCLE_CORE_35                                    0                             0

NUM_NO_SCHED_CYCLE_CORE_35                                  20401                         20401

CORE_DISPATCHED_INST_CORE_35                                19296                         19296

CORE_DISPATCH_WAIT_CORE_35                                4184906                       216.879

CORE_CYCLES_CORE_35                                             0                             0

CORE_SCHED_THREADS_CORE_35                                      0                           NaN

CORE_NUM_NO_FETCH_CYCLES_CORE_35                                2                             2

CORE_NUM_NO_FETCH_CYCLES_WITH_READY_THREADS_CORE_35                   0                             0

CORE_NUM_FETCH_CYCLES_CORE_35                                   0                             0

CORE_FETCH_DELTA_CORE_35                                        0                           NaN

CORE_NUM_RETIRE_CYCLES_CORE_35                                  0                             0

CORE_RETIRE_DELTA_CORE_35                                       0                           NaN

FENCE_PREF_REQ_CORE_35                                          0                             0

FENCE_WAITING_CORE_35                                           0                             0

DYN_FENCE_NUM_CORE_35                                           0                             0

WB_ORDERING_STALL_CORE_35                                       0                             0

WB_FULL_CORE_35                                                 0                             0

FENCE_TOT_CYCLES_CORE_35                                        0                             0

FENCE_EXEC_CYCLES_CORE_35                                       0                             0

STORE_RES_CORE_35                                               0                             0

STORE_NUM_CORE_35                                               0                             0

STORE_WB_FREE_CORE_35                                           0                             0

SCHED_FAILED_REASON_SUCCESS_CORE_35                         19296                       14.5058%
SCHED_FAILED_OPERANDS_NOT_READY_CORE_35                    113727                       85.4942%
SCHED_FAILED_NO_AVAILABLE_PORTS_CORE_35                         0                             0%
SCHED_FAILED_NO_MEM_REQ_SLOTS_CORE_35                           0                             0%
SCHED_FAILED_NO_AVAILABLE_SIMD_UNIT_CORE_35                     0                             0%
SCHED_FAILED_FENCE_ACTIVE_CORE_35                               0                             0%
SCHED_FAILED_MEM_MANAGEMENT_CORE_35                             0                             0%
                                                           133023                           100%

NUM_SAMPLES_CORE_36                                        124101                        124101

NUM_ACTIVE_BLOCKS_CORE_36                                  930796                       7.50031

NUM_ACTIVE_THREADS_CORE_36                                3399950                       27.3966

NUM_SCHED_IDLE_CYCLE_CORE_36                                    0                             0

NUM_NO_SCHED_CYCLE_CORE_36                                  27688                         27688

CORE_DISPATCHED_INST_CORE_36                                 8576                          8576

CORE_DISPATCH_WAIT_CORE_36                                4914664                       573.072

CORE_CYCLES_CORE_36                                             0                             0

CORE_SCHED_THREADS_CORE_36                                      0                           NaN

CORE_NUM_NO_FETCH_CYCLES_CORE_36                                1                             1

CORE_NUM_NO_FETCH_CYCLES_WITH_READY_THREADS_CORE_36                   0                             0

CORE_NUM_FETCH_CYCLES_CORE_36                                   0                             0

CORE_FETCH_DELTA_CORE_36                                        0                           NaN

CORE_NUM_RETIRE_CYCLES_CORE_36                                  0                             0

CORE_RETIRE_DELTA_CORE_36                                       0                           NaN

FENCE_PREF_REQ_CORE_36                                          0                             0

FENCE_WAITING_CORE_36                                           0                             0

DYN_FENCE_NUM_CORE_36                                           0                             0

WB_ORDERING_STALL_CORE_36                                       0                             0

WB_FULL_CORE_36                                                 0                             0

FENCE_TOT_CYCLES_CORE_36                                        0                             0

FENCE_EXEC_CYCLES_CORE_36                                       0                             0

STORE_RES_CORE_36                                               0                             0

STORE_NUM_CORE_36                                               0                             0

STORE_WB_FREE_CORE_36                                           0                             0

SCHED_FAILED_REASON_SUCCESS_CORE_36                          8576                        6.9268%
SCHED_FAILED_OPERANDS_NOT_READY_CORE_36                    115233                       93.0732%
SCHED_FAILED_NO_AVAILABLE_PORTS_CORE_36                         0                             0%
SCHED_FAILED_NO_MEM_REQ_SLOTS_CORE_36                           0                             0%
SCHED_FAILED_NO_AVAILABLE_SIMD_UNIT_CORE_36                     0                             0%
SCHED_FAILED_FENCE_ACTIVE_CORE_36                               0                             0%
SCHED_FAILED_MEM_MANAGEMENT_CORE_36                             0                             0%
                                                           123809                           100%

NUM_SAMPLES_CORE_37                                        126683                        126683

NUM_ACTIVE_BLOCKS_CORE_37                                 1008693                       7.96234

NUM_ACTIVE_THREADS_CORE_37                                3864622                       30.5062

NUM_SCHED_IDLE_CYCLE_CORE_37                                    0                             0

NUM_NO_SCHED_CYCLE_CORE_37                                  21169                         21169

CORE_DISPATCHED_INST_CORE_37                                27872                         27872

CORE_DISPATCH_WAIT_CORE_37                                4805909                       172.428

CORE_CYCLES_CORE_37                                             0                             0

CORE_SCHED_THREADS_CORE_37                                      0                           NaN

CORE_NUM_NO_FETCH_CYCLES_CORE_37                                1                             1

CORE_NUM_NO_FETCH_CYCLES_WITH_READY_THREADS_CORE_37                   0                             0

CORE_NUM_FETCH_CYCLES_CORE_37                                   0                             0

CORE_FETCH_DELTA_CORE_37                                        0                           NaN

CORE_NUM_RETIRE_CYCLES_CORE_37                                  0                             0

CORE_RETIRE_DELTA_CORE_37                                       0                           NaN

FENCE_PREF_REQ_CORE_37                                          0                             0

FENCE_WAITING_CORE_37                                           0                             0

DYN_FENCE_NUM_CORE_37                                           0                             0

WB_ORDERING_STALL_CORE_37                                       0                             0

WB_FULL_CORE_37                                                 0                             0

FENCE_TOT_CYCLES_CORE_37                                        0                             0

FENCE_EXEC_CYCLES_CORE_37                                       0                             0

STORE_RES_CORE_37                                               0                             0

STORE_NUM_CORE_37                                               0                             0

STORE_WB_FREE_CORE_37                                           0                             0

SCHED_FAILED_REASON_SUCCESS_CORE_37                         27872                       14.7636%
SCHED_FAILED_OPERANDS_NOT_READY_CORE_37                    160916                       85.2364%
SCHED_FAILED_NO_AVAILABLE_PORTS_CORE_37                         0                             0%
SCHED_FAILED_NO_MEM_REQ_SLOTS_CORE_37                           0                             0%
SCHED_FAILED_NO_AVAILABLE_SIMD_UNIT_CORE_37                     0                             0%
SCHED_FAILED_FENCE_ACTIVE_CORE_37                               0                             0%
SCHED_FAILED_MEM_MANAGEMENT_CORE_37                             0                             0%
                                                           188788                           100%

NUM_SAMPLES_CORE_38                                        121674                        121674

NUM_ACTIVE_BLOCKS_CORE_38                                  959279                       7.88401

NUM_ACTIVE_THREADS_CORE_38                                3419362                       28.1027

NUM_SCHED_IDLE_CYCLE_CORE_38                                    0                             0

NUM_NO_SCHED_CYCLE_CORE_38                                  24709                         24709

CORE_DISPATCHED_INST_CORE_38                                13400                         13400

CORE_DISPATCH_WAIT_CORE_38                                4992777                       372.595

CORE_CYCLES_CORE_38                                             0                             0

CORE_SCHED_THREADS_CORE_38                                      0                           NaN

CORE_NUM_NO_FETCH_CYCLES_CORE_38                                1                             1

CORE_NUM_NO_FETCH_CYCLES_WITH_READY_THREADS_CORE_38                   0                             0

CORE_NUM_FETCH_CYCLES_CORE_38                                   0                             0

CORE_FETCH_DELTA_CORE_38                                        0                           NaN

CORE_NUM_RETIRE_CYCLES_CORE_38                                  0                             0

CORE_RETIRE_DELTA_CORE_38                                       0                           NaN

FENCE_PREF_REQ_CORE_38                                          0                             0

FENCE_WAITING_CORE_38                                           0                             0

DYN_FENCE_NUM_CORE_38                                           0                             0

WB_ORDERING_STALL_CORE_38                                       0                             0

WB_FULL_CORE_38                                                 0                             0

FENCE_TOT_CYCLES_CORE_38                                        0                             0

FENCE_EXEC_CYCLES_CORE_38                                       0                             0

STORE_RES_CORE_38                                               0                             0

STORE_NUM_CORE_38                                               0                             0

STORE_WB_FREE_CORE_38                                           0                             0

SCHED_FAILED_REASON_SUCCESS_CORE_38                         13400                       9.63225%
SCHED_FAILED_OPERANDS_NOT_READY_CORE_38                    125716                       90.3678%
SCHED_FAILED_NO_AVAILABLE_PORTS_CORE_38                         0                             0%
SCHED_FAILED_NO_MEM_REQ_SLOTS_CORE_38                           0                             0%
SCHED_FAILED_NO_AVAILABLE_SIMD_UNIT_CORE_38                     0                             0%
SCHED_FAILED_FENCE_ACTIVE_CORE_38                               0                             0%
SCHED_FAILED_MEM_MANAGEMENT_CORE_38                             0                             0%
                                                           139116                           100%

NUM_SAMPLES_CORE_39                                        125343                        125343

NUM_ACTIVE_BLOCKS_CORE_39                                  926786                         7.394

NUM_ACTIVE_THREADS_CORE_39                                3233909                       25.8005

NUM_SCHED_IDLE_CYCLE_CORE_39                                    0                             0

NUM_NO_SCHED_CYCLE_CORE_39                                  22860                         22860

CORE_DISPATCHED_INST_CORE_39                                20368                         20368

CORE_DISPATCH_WAIT_CORE_39                                4607272                       226.201

CORE_CYCLES_CORE_39                                             0                             0

CORE_SCHED_THREADS_CORE_39                                      0                           NaN

CORE_NUM_NO_FETCH_CYCLES_CORE_39                                1                             1

CORE_NUM_NO_FETCH_CYCLES_WITH_READY_THREADS_CORE_39                   0                             0

CORE_NUM_FETCH_CYCLES_CORE_39                                   0                             0

CORE_FETCH_DELTA_CORE_39                                        0                           NaN

CORE_NUM_RETIRE_CYCLES_CORE_39                                  0                             0

CORE_RETIRE_DELTA_CORE_39                                       0                           NaN

FENCE_PREF_REQ_CORE_39                                          0                             0

FENCE_WAITING_CORE_39                                           0                             0

DYN_FENCE_NUM_CORE_39                                           0                             0

WB_ORDERING_STALL_CORE_39                                       0                             0

WB_FULL_CORE_39                                                 0                             0

FENCE_TOT_CYCLES_CORE_39                                        0                             0

FENCE_EXEC_CYCLES_CORE_39                                       0                             0

STORE_RES_CORE_39                                               0                             0

STORE_NUM_CORE_39                                               0                             0

STORE_WB_FREE_CORE_39                                           0                             0

SCHED_FAILED_REASON_SUCCESS_CORE_39                         20368                       12.1431%
SCHED_FAILED_OPERANDS_NOT_READY_CORE_39                    147365                       87.8569%
SCHED_FAILED_NO_AVAILABLE_PORTS_CORE_39                         0                             0%
SCHED_FAILED_NO_MEM_REQ_SLOTS_CORE_39                           0                             0%
SCHED_FAILED_NO_AVAILABLE_SIMD_UNIT_CORE_39                     0                             0%
SCHED_FAILED_FENCE_ACTIVE_CORE_39                               0                             0%
SCHED_FAILED_MEM_MANAGEMENT_CORE_39                             0                             0%
                                                           167733                           100%

NUM_SAMPLES_CORE_40                                        112948                        112948

NUM_ACTIVE_BLOCKS_CORE_40                                  891305                       7.89129

NUM_ACTIVE_THREADS_CORE_40                                3324414                       29.4331

NUM_SCHED_IDLE_CYCLE_CORE_40                                    0                             0

NUM_NO_SCHED_CYCLE_CORE_40                                  21665                         21665

CORE_DISPATCHED_INST_CORE_40                                15008                         15008

CORE_DISPATCH_WAIT_CORE_40                                4538684                       302.418

CORE_CYCLES_CORE_40                                             0                             0

CORE_SCHED_THREADS_CORE_40                                      0                           NaN

CORE_NUM_NO_FETCH_CYCLES_CORE_40                                1                             1

CORE_NUM_NO_FETCH_CYCLES_WITH_READY_THREADS_CORE_40                   0                             0

CORE_NUM_FETCH_CYCLES_CORE_40                                   0                             0

CORE_FETCH_DELTA_CORE_40                                        0                           NaN

CORE_NUM_RETIRE_CYCLES_CORE_40                                  0                             0

CORE_RETIRE_DELTA_CORE_40                                       0                           NaN

FENCE_PREF_REQ_CORE_40                                          0                             0

FENCE_WAITING_CORE_40                                           0                             0

DYN_FENCE_NUM_CORE_40                                           0                             0

WB_ORDERING_STALL_CORE_40                                       0                             0

WB_FULL_CORE_40                                                 0                             0

FENCE_TOT_CYCLES_CORE_40                                        0                             0

FENCE_EXEC_CYCLES_CORE_40                                       0                             0

STORE_RES_CORE_40                                               0                             0

STORE_NUM_CORE_40                                               0                             0

STORE_WB_FREE_CORE_40                                           0                             0

SCHED_FAILED_REASON_SUCCESS_CORE_40                         15008                       13.0237%
SCHED_FAILED_OPERANDS_NOT_READY_CORE_40                    100228                       86.9763%
SCHED_FAILED_NO_AVAILABLE_PORTS_CORE_40                         0                             0%
SCHED_FAILED_NO_MEM_REQ_SLOTS_CORE_40                           0                             0%
SCHED_FAILED_NO_AVAILABLE_SIMD_UNIT_CORE_40                     0                             0%
SCHED_FAILED_FENCE_ACTIVE_CORE_40                               0                             0%
SCHED_FAILED_MEM_MANAGEMENT_CORE_40                             0                             0%
                                                           115236                           100%

NUM_SAMPLES_CORE_41                                        115789                        115789

NUM_ACTIVE_BLOCKS_CORE_41                                  912948                       7.88458

NUM_ACTIVE_THREADS_CORE_41                                3497268                       30.2038

NUM_SCHED_IDLE_CYCLE_CORE_41                                    0                             0

NUM_NO_SCHED_CYCLE_CORE_41                                  22987                         22987

CORE_DISPATCHED_INST_CORE_41                                17152                         17152

CORE_DISPATCH_WAIT_CORE_41                                4460952                       260.083

CORE_CYCLES_CORE_41                                             0                             0

CORE_SCHED_THREADS_CORE_41                                      0                           NaN

CORE_NUM_NO_FETCH_CYCLES_CORE_41                                1                             1

CORE_NUM_NO_FETCH_CYCLES_WITH_READY_THREADS_CORE_41                   0                             0

CORE_NUM_FETCH_CYCLES_CORE_41                                   0                             0

CORE_FETCH_DELTA_CORE_41                                        0                           NaN

CORE_NUM_RETIRE_CYCLES_CORE_41                                  0                             0

CORE_RETIRE_DELTA_CORE_41                                       0                           NaN

FENCE_PREF_REQ_CORE_41                                          0                             0

FENCE_WAITING_CORE_41                                           0                             0

DYN_FENCE_NUM_CORE_41                                           0                             0

WB_ORDERING_STALL_CORE_41                                       0                             0

WB_FULL_CORE_41                                                 0                             0

FENCE_TOT_CYCLES_CORE_41                                        0                             0

FENCE_EXEC_CYCLES_CORE_41                                       0                             0

STORE_RES_CORE_41                                               0                             0

STORE_NUM_CORE_41                                               0                             0

STORE_WB_FREE_CORE_41                                           0                             0

SCHED_FAILED_REASON_SUCCESS_CORE_41                         17152                       13.0613%
SCHED_FAILED_OPERANDS_NOT_READY_CORE_41                    114167                       86.9387%
SCHED_FAILED_NO_AVAILABLE_PORTS_CORE_41                         0                             0%
SCHED_FAILED_NO_MEM_REQ_SLOTS_CORE_41                           0                             0%
SCHED_FAILED_NO_AVAILABLE_SIMD_UNIT_CORE_41                     0                             0%
SCHED_FAILED_FENCE_ACTIVE_CORE_41                               0                             0%
SCHED_FAILED_MEM_MANAGEMENT_CORE_41                             0                             0%
                                                           131319                           100%

NUM_SAMPLES_CORE_42                                        116832                        116832

NUM_ACTIVE_BLOCKS_CORE_42                                  927735                       7.94076

NUM_ACTIVE_THREADS_CORE_42                                3436687                       29.4156

NUM_SCHED_IDLE_CYCLE_CORE_42                                    0                             0

NUM_NO_SCHED_CYCLE_CORE_42                                  24952                         24952

CORE_DISPATCHED_INST_CORE_42                                11256                         11256

CORE_DISPATCH_WAIT_CORE_42                                4755518                       422.487

CORE_CYCLES_CORE_42                                             0                             0

CORE_SCHED_THREADS_CORE_42                                      0                           NaN

CORE_NUM_NO_FETCH_CYCLES_CORE_42                                1                             1

CORE_NUM_NO_FETCH_CYCLES_WITH_READY_THREADS_CORE_42                   0                             0

CORE_NUM_FETCH_CYCLES_CORE_42                                   0                             0

CORE_FETCH_DELTA_CORE_42                                        0                           NaN

CORE_NUM_RETIRE_CYCLES_CORE_42                                  0                             0

CORE_RETIRE_DELTA_CORE_42                                       0                           NaN

FENCE_PREF_REQ_CORE_42                                          0                             0

FENCE_WAITING_CORE_42                                           0                             0

DYN_FENCE_NUM_CORE_42                                           0                             0

WB_ORDERING_STALL_CORE_42                                       0                             0

WB_FULL_CORE_42                                                 0                             0

FENCE_TOT_CYCLES_CORE_42                                        0                             0

FENCE_EXEC_CYCLES_CORE_42                                       0                             0

STORE_RES_CORE_42                                               0                             0

STORE_NUM_CORE_42                                               0                             0

STORE_WB_FREE_CORE_42                                           0                             0

SCHED_FAILED_REASON_SUCCESS_CORE_42                         11256                       7.57454%
SCHED_FAILED_OPERANDS_NOT_READY_CORE_42                    137347                       92.4255%
SCHED_FAILED_NO_AVAILABLE_PORTS_CORE_42                         0                             0%
SCHED_FAILED_NO_MEM_REQ_SLOTS_CORE_42                           0                             0%
SCHED_FAILED_NO_AVAILABLE_SIMD_UNIT_CORE_42                     0                             0%
SCHED_FAILED_FENCE_ACTIVE_CORE_42                               0                             0%
SCHED_FAILED_MEM_MANAGEMENT_CORE_42                             0                             0%
                                                           148603                           100%

NUM_SAMPLES_CORE_43                                        126303                        126303

NUM_ACTIVE_BLOCKS_CORE_43                                 1006024                       7.96516

NUM_ACTIVE_THREADS_CORE_43                                3740826                       29.6179

NUM_SCHED_IDLE_CYCLE_CORE_43                                    0                             0

NUM_NO_SCHED_CYCLE_CORE_43                                  21901                         21901

CORE_DISPATCHED_INST_CORE_43                                24120                         24120

CORE_DISPATCH_WAIT_CORE_43                                4906448                       203.418

CORE_CYCLES_CORE_43                                             0                             0

CORE_SCHED_THREADS_CORE_43                                      0                           NaN

CORE_NUM_NO_FETCH_CYCLES_CORE_43                                1                             1

CORE_NUM_NO_FETCH_CYCLES_WITH_READY_THREADS_CORE_43                   0                             0

CORE_NUM_FETCH_CYCLES_CORE_43                                   0                             0

CORE_FETCH_DELTA_CORE_43                                        0                           NaN

CORE_NUM_RETIRE_CYCLES_CORE_43                                  0                             0

CORE_RETIRE_DELTA_CORE_43                                       0                           NaN

FENCE_PREF_REQ_CORE_43                                          0                             0

FENCE_WAITING_CORE_43                                           0                             0

DYN_FENCE_NUM_CORE_43                                           0                             0

WB_ORDERING_STALL_CORE_43                                       0                             0

WB_FULL_CORE_43                                                 0                             0

FENCE_TOT_CYCLES_CORE_43                                        0                             0

FENCE_EXEC_CYCLES_CORE_43                                       0                             0

STORE_RES_CORE_43                                               0                             0

STORE_NUM_CORE_43                                               0                             0

STORE_WB_FREE_CORE_43                                           0                             0

SCHED_FAILED_REASON_SUCCESS_CORE_43                         24120                       14.8287%
SCHED_FAILED_OPERANDS_NOT_READY_CORE_43                    138538                       85.1713%
SCHED_FAILED_NO_AVAILABLE_PORTS_CORE_43                         0                             0%
SCHED_FAILED_NO_MEM_REQ_SLOTS_CORE_43                           0                             0%
SCHED_FAILED_NO_AVAILABLE_SIMD_UNIT_CORE_43                     0                             0%
SCHED_FAILED_FENCE_ACTIVE_CORE_43                               0                             0%
SCHED_FAILED_MEM_MANAGEMENT_CORE_43                             0                             0%
                                                           162658                           100%

NUM_SAMPLES_CORE_44                                        125199                        125199

NUM_ACTIVE_BLOCKS_CORE_44                                  963262                       7.69385

NUM_ACTIVE_THREADS_CORE_44                                3508756                       28.0254

NUM_SCHED_IDLE_CYCLE_CORE_44                                    0                             0

NUM_NO_SCHED_CYCLE_CORE_44                                  25046                         25046

CORE_DISPATCHED_INST_CORE_44                                16080                         16080

CORE_DISPATCH_WAIT_CORE_44                                4794651                       298.175

CORE_CYCLES_CORE_44                                             0                             0

CORE_SCHED_THREADS_CORE_44                                      0                           NaN

CORE_NUM_NO_FETCH_CYCLES_CORE_44                                1                             1

CORE_NUM_NO_FETCH_CYCLES_WITH_READY_THREADS_CORE_44                   0                             0

CORE_NUM_FETCH_CYCLES_CORE_44                                   0                             0

CORE_FETCH_DELTA_CORE_44                                        0                           NaN

CORE_NUM_RETIRE_CYCLES_CORE_44                                  0                             0

CORE_RETIRE_DELTA_CORE_44                                       0                           NaN

FENCE_PREF_REQ_CORE_44                                          0                             0

FENCE_WAITING_CORE_44                                           0                             0

DYN_FENCE_NUM_CORE_44                                           0                             0

WB_ORDERING_STALL_CORE_44                                       0                             0

WB_FULL_CORE_44                                                 0                             0

FENCE_TOT_CYCLES_CORE_44                                        0                             0

FENCE_EXEC_CYCLES_CORE_44                                       0                             0

STORE_RES_CORE_44                                               0                             0

STORE_NUM_CORE_44                                               0                             0

STORE_WB_FREE_CORE_44                                           0                             0

SCHED_FAILED_REASON_SUCCESS_CORE_44                         16080                       9.56147%
SCHED_FAILED_OPERANDS_NOT_READY_CORE_44                    152095                       90.4385%
SCHED_FAILED_NO_AVAILABLE_PORTS_CORE_44                         0                             0%
SCHED_FAILED_NO_MEM_REQ_SLOTS_CORE_44                           0                             0%
SCHED_FAILED_NO_AVAILABLE_SIMD_UNIT_CORE_44                     0                             0%
SCHED_FAILED_FENCE_ACTIVE_CORE_44                               0                             0%
SCHED_FAILED_MEM_MANAGEMENT_CORE_44                             0                             0%
                                                           168175                           100%

NUM_SAMPLES_CORE_45                                        127334                        127334

NUM_ACTIVE_BLOCKS_CORE_45                                 1011074                       7.94033

NUM_ACTIVE_THREADS_CORE_45                                3876630                       30.4446

NUM_SCHED_IDLE_CYCLE_CORE_45                                    0                             0

NUM_NO_SCHED_CYCLE_CORE_45                                  23686                         23686

CORE_DISPATCHED_INST_CORE_45                                18760                         18760

CORE_DISPATCH_WAIT_CORE_45                                5123146                       273.089

CORE_CYCLES_CORE_45                                             0                             0

CORE_SCHED_THREADS_CORE_45                                      0                           NaN

CORE_NUM_NO_FETCH_CYCLES_CORE_45                                1                             1

CORE_NUM_NO_FETCH_CYCLES_WITH_READY_THREADS_CORE_45                   0                             0

CORE_NUM_FETCH_CYCLES_CORE_45                                   0                             0

CORE_FETCH_DELTA_CORE_45                                        0                           NaN

CORE_NUM_RETIRE_CYCLES_CORE_45                                  0                             0

CORE_RETIRE_DELTA_CORE_45                                       0                           NaN

FENCE_PREF_REQ_CORE_45                                          0                             0

FENCE_WAITING_CORE_45                                           0                             0

DYN_FENCE_NUM_CORE_45                                           0                             0

WB_ORDERING_STALL_CORE_45                                       0                             0

WB_FULL_CORE_45                                                 0                             0

FENCE_TOT_CYCLES_CORE_45                                        0                             0

FENCE_EXEC_CYCLES_CORE_45                                       0                             0

STORE_RES_CORE_45                                               0                             0

STORE_NUM_CORE_45                                               0                             0

STORE_WB_FREE_CORE_45                                           0                             0

SCHED_FAILED_REASON_SUCCESS_CORE_45                         18760                       12.8137%
SCHED_FAILED_OPERANDS_NOT_READY_CORE_45                    127646                       87.1863%
SCHED_FAILED_NO_AVAILABLE_PORTS_CORE_45                         0                             0%
SCHED_FAILED_NO_MEM_REQ_SLOTS_CORE_45                           0                             0%
SCHED_FAILED_NO_AVAILABLE_SIMD_UNIT_CORE_45                     0                             0%
SCHED_FAILED_FENCE_ACTIVE_CORE_45                               0                             0%
SCHED_FAILED_MEM_MANAGEMENT_CORE_45                             0                             0%
                                                           146406                           100%

NUM_SAMPLES_CORE_46                                        124928                        124928

NUM_ACTIVE_BLOCKS_CORE_46                                  988891                       7.91569

NUM_ACTIVE_THREADS_CORE_46                                3523345                        28.203

NUM_SCHED_IDLE_CYCLE_CORE_46                                    0                             0

NUM_NO_SCHED_CYCLE_CORE_46                                  24212                         24212

CORE_DISPATCHED_INST_CORE_46                                14472                         14472

CORE_DISPATCH_WAIT_CORE_46                                5152965                       356.064

CORE_CYCLES_CORE_46                                             0                             0

CORE_SCHED_THREADS_CORE_46                                      0                           NaN

CORE_NUM_NO_FETCH_CYCLES_CORE_46                                1                             1

CORE_NUM_NO_FETCH_CYCLES_WITH_READY_THREADS_CORE_46                   0                             0

CORE_NUM_FETCH_CYCLES_CORE_46                                   0                             0

CORE_FETCH_DELTA_CORE_46                                        0                           NaN

CORE_NUM_RETIRE_CYCLES_CORE_46                                  0                             0

CORE_RETIRE_DELTA_CORE_46                                       0                           NaN

FENCE_PREF_REQ_CORE_46                                          0                             0

FENCE_WAITING_CORE_46                                           0                             0

DYN_FENCE_NUM_CORE_46                                           0                             0

WB_ORDERING_STALL_CORE_46                                       0                             0

WB_FULL_CORE_46                                                 0                             0

FENCE_TOT_CYCLES_CORE_46                                        0                             0

FENCE_EXEC_CYCLES_CORE_46                                       0                             0

STORE_RES_CORE_46                                               0                             0

STORE_NUM_CORE_46                                               0                             0

STORE_WB_FREE_CORE_46                                           0                             0

SCHED_FAILED_REASON_SUCCESS_CORE_46                         14472                       9.85663%
SCHED_FAILED_OPERANDS_NOT_READY_CORE_46                    132353                       90.1434%
SCHED_FAILED_NO_AVAILABLE_PORTS_CORE_46                         0                             0%
SCHED_FAILED_NO_MEM_REQ_SLOTS_CORE_46                           0                             0%
SCHED_FAILED_NO_AVAILABLE_SIMD_UNIT_CORE_46                     0                             0%
SCHED_FAILED_FENCE_ACTIVE_CORE_46                               0                             0%
SCHED_FAILED_MEM_MANAGEMENT_CORE_46                             0                             0%
                                                           146825                           100%

NUM_SAMPLES_CORE_47                                        125649                        125649

NUM_ACTIVE_BLOCKS_CORE_47                                  952063                       7.57716

NUM_ACTIVE_THREADS_CORE_47                                3367908                       26.8041

NUM_SCHED_IDLE_CYCLE_CORE_47                                    0                             0

NUM_NO_SCHED_CYCLE_CORE_47                                  25537                         25537

CORE_DISPATCHED_INST_CORE_47                                12998                         12998

CORE_DISPATCH_WAIT_CORE_47                                4773924                       367.281

CORE_CYCLES_CORE_47                                             0                             0

CORE_SCHED_THREADS_CORE_47                                      0                           NaN

CORE_NUM_NO_FETCH_CYCLES_CORE_47                                1                             1

CORE_NUM_NO_FETCH_CYCLES_WITH_READY_THREADS_CORE_47                   0                             0

CORE_NUM_FETCH_CYCLES_CORE_47                                   0                             0

CORE_FETCH_DELTA_CORE_47                                        0                           NaN

CORE_NUM_RETIRE_CYCLES_CORE_47                                  0                             0

CORE_RETIRE_DELTA_CORE_47                                       0                           NaN

FENCE_PREF_REQ_CORE_47                                          0                             0

FENCE_WAITING_CORE_47                                           0                             0

DYN_FENCE_NUM_CORE_47                                           0                             0

WB_ORDERING_STALL_CORE_47                                       0                             0

WB_FULL_CORE_47                                                 0                             0

FENCE_TOT_CYCLES_CORE_47                                        0                             0

FENCE_EXEC_CYCLES_CORE_47                                       0                             0

STORE_RES_CORE_47                                               0                             0

STORE_NUM_CORE_47                                               0                             0

STORE_WB_FREE_CORE_47                                           0                             0

SCHED_FAILED_REASON_SUCCESS_CORE_47                         12998                       7.92459%
SCHED_FAILED_OPERANDS_NOT_READY_CORE_47                    151023                       92.0754%
SCHED_FAILED_NO_AVAILABLE_PORTS_CORE_47                         0                             0%
SCHED_FAILED_NO_MEM_REQ_SLOTS_CORE_47                           0                             0%
SCHED_FAILED_NO_AVAILABLE_SIMD_UNIT_CORE_47                     0                             0%
SCHED_FAILED_FENCE_ACTIVE_CORE_47                               0                             0%
SCHED_FAILED_MEM_MANAGEMENT_CORE_47                             0                             0%
                                                           164021                           100%

NUM_SAMPLES_CORE_48                                        116216                        116216

NUM_ACTIVE_BLOCKS_CORE_48                                  893484                       7.68813

NUM_ACTIVE_THREADS_CORE_48                                3358177                        28.896

NUM_SCHED_IDLE_CYCLE_CORE_48                                    0                             0

NUM_NO_SCHED_CYCLE_CORE_48                                  18222                         18222

CORE_DISPATCHED_INST_CORE_48                                28408                         28408

CORE_DISPATCH_WAIT_CORE_48                                4084534                       143.781

CORE_CYCLES_CORE_48                                             0                             0

CORE_SCHED_THREADS_CORE_48                                      0                           NaN

CORE_NUM_NO_FETCH_CYCLES_CORE_48                                1                             1

CORE_NUM_NO_FETCH_CYCLES_WITH_READY_THREADS_CORE_48                   0                             0

CORE_NUM_FETCH_CYCLES_CORE_48                                   0                             0

CORE_FETCH_DELTA_CORE_48                                        0                           NaN

CORE_NUM_RETIRE_CYCLES_CORE_48                                  0                             0

CORE_RETIRE_DELTA_CORE_48                                       0                           NaN

FENCE_PREF_REQ_CORE_48                                          0                             0

FENCE_WAITING_CORE_48                                           0                             0

DYN_FENCE_NUM_CORE_48                                           0                             0

WB_ORDERING_STALL_CORE_48                                       0                             0

WB_FULL_CORE_48                                                 0                             0

FENCE_TOT_CYCLES_CORE_48                                        0                             0

FENCE_EXEC_CYCLES_CORE_48                                       0                             0

STORE_RES_CORE_48                                               0                             0

STORE_NUM_CORE_48                                               0                             0

STORE_WB_FREE_CORE_48                                           0                             0

SCHED_FAILED_REASON_SUCCESS_CORE_48                         28408                        18.245%
SCHED_FAILED_OPERANDS_NOT_READY_CORE_48                    127295                        81.755%
SCHED_FAILED_NO_AVAILABLE_PORTS_CORE_48                         0                             0%
SCHED_FAILED_NO_MEM_REQ_SLOTS_CORE_48                           0                             0%
SCHED_FAILED_NO_AVAILABLE_SIMD_UNIT_CORE_48                     0                             0%
SCHED_FAILED_FENCE_ACTIVE_CORE_48                               0                             0%
SCHED_FAILED_MEM_MANAGEMENT_CORE_48                             0                             0%
                                                           155703                           100%

NUM_SAMPLES_CORE_49                                        116234                        116234

NUM_ACTIVE_BLOCKS_CORE_49                                  920691                       7.92101

NUM_ACTIVE_THREADS_CORE_49                                3498136                       30.0956

NUM_SCHED_IDLE_CYCLE_CORE_49                                    0                             0

NUM_NO_SCHED_CYCLE_CORE_49                                  22333                         22333

CORE_DISPATCHED_INST_CORE_49                                16616                         16616

CORE_DISPATCH_WAIT_CORE_49                                4572045                       275.159

CORE_CYCLES_CORE_49                                             0                             0

CORE_SCHED_THREADS_CORE_49                                      0                           NaN

CORE_NUM_NO_FETCH_CYCLES_CORE_49                                1                             1

CORE_NUM_NO_FETCH_CYCLES_WITH_READY_THREADS_CORE_49                   0                             0

CORE_NUM_FETCH_CYCLES_CORE_49                                   0                             0

CORE_FETCH_DELTA_CORE_49                                        0                           NaN

CORE_NUM_RETIRE_CYCLES_CORE_49                                  0                             0

CORE_RETIRE_DELTA_CORE_49                                       0                           NaN

FENCE_PREF_REQ_CORE_49                                          0                             0

FENCE_WAITING_CORE_49                                           0                             0

DYN_FENCE_NUM_CORE_49                                           0                             0

WB_ORDERING_STALL_CORE_49                                       0                             0

WB_FULL_CORE_49                                                 0                             0

FENCE_TOT_CYCLES_CORE_49                                        0                             0

FENCE_EXEC_CYCLES_CORE_49                                       0                             0

STORE_RES_CORE_49                                               0                             0

STORE_NUM_CORE_49                                               0                             0

STORE_WB_FREE_CORE_49                                           0                             0

SCHED_FAILED_REASON_SUCCESS_CORE_49                         16616                       7.53068%
SCHED_FAILED_OPERANDS_NOT_READY_CORE_49                    204028                       92.4693%
SCHED_FAILED_NO_AVAILABLE_PORTS_CORE_49                         0                             0%
SCHED_FAILED_NO_MEM_REQ_SLOTS_CORE_49                           0                             0%
SCHED_FAILED_NO_AVAILABLE_SIMD_UNIT_CORE_49                     0                             0%
SCHED_FAILED_FENCE_ACTIVE_CORE_49                               0                             0%
SCHED_FAILED_MEM_MANAGEMENT_CORE_49                             0                             0%
                                                           220644                           100%

NUM_SAMPLES_CORE_50                                        125313                        125313

NUM_ACTIVE_BLOCKS_CORE_50                                  914917                       7.30105

NUM_ACTIVE_THREADS_CORE_50                                3458355                       27.5977

NUM_SCHED_IDLE_CYCLE_CORE_50                                    0                             0

NUM_NO_SCHED_CYCLE_CORE_50                                  24551                         24551

CORE_DISPATCHED_INST_CORE_50                                12328                         12328

CORE_DISPATCH_WAIT_CORE_50                                4755983                       385.787

CORE_CYCLES_CORE_50                                             0                             0

CORE_SCHED_THREADS_CORE_50                                      0                           NaN

CORE_NUM_NO_FETCH_CYCLES_CORE_50                                1                             1

CORE_NUM_NO_FETCH_CYCLES_WITH_READY_THREADS_CORE_50                   0                             0

CORE_NUM_FETCH_CYCLES_CORE_50                                   0                             0

CORE_FETCH_DELTA_CORE_50                                        0                           NaN

CORE_NUM_RETIRE_CYCLES_CORE_50                                  0                             0

CORE_RETIRE_DELTA_CORE_50                                       0                           NaN

FENCE_PREF_REQ_CORE_50                                          0                             0

FENCE_WAITING_CORE_50                                           0                             0

DYN_FENCE_NUM_CORE_50                                           0                             0

WB_ORDERING_STALL_CORE_50                                       0                             0

WB_FULL_CORE_50                                                 0                             0

FENCE_TOT_CYCLES_CORE_50                                        0                             0

FENCE_EXEC_CYCLES_CORE_50                                       0                             0

STORE_RES_CORE_50                                               0                             0

STORE_NUM_CORE_50                                               0                             0

STORE_WB_FREE_CORE_50                                           0                             0

SCHED_FAILED_REASON_SUCCESS_CORE_50                         12328                       7.59034%
SCHED_FAILED_OPERANDS_NOT_READY_CORE_50                    150089                       92.4097%
SCHED_FAILED_NO_AVAILABLE_PORTS_CORE_50                         0                             0%
SCHED_FAILED_NO_MEM_REQ_SLOTS_CORE_50                           0                             0%
SCHED_FAILED_NO_AVAILABLE_SIMD_UNIT_CORE_50                     0                             0%
SCHED_FAILED_FENCE_ACTIVE_CORE_50                               0                             0%
SCHED_FAILED_MEM_MANAGEMENT_CORE_50                             0                             0%
                                                           162417                           100%

NUM_SAMPLES_CORE_51                                        113663                        113663

NUM_ACTIVE_BLOCKS_CORE_51                                  894315                       7.86813

NUM_ACTIVE_THREADS_CORE_51                                3243214                       28.5336

NUM_SCHED_IDLE_CYCLE_CORE_51                                    0                             0

NUM_NO_SCHED_CYCLE_CORE_51                                  21783                         21783

CORE_DISPATCHED_INST_CORE_51                                16080                         16080

CORE_DISPATCH_WAIT_CORE_51                                4417353                       274.711

CORE_CYCLES_CORE_51                                             0                             0

CORE_SCHED_THREADS_CORE_51                                      0                           NaN

CORE_NUM_NO_FETCH_CYCLES_CORE_51                                1                             1

CORE_NUM_NO_FETCH_CYCLES_WITH_READY_THREADS_CORE_51                   0                             0

CORE_NUM_FETCH_CYCLES_CORE_51                                   0                             0

CORE_FETCH_DELTA_CORE_51                                        0                           NaN

CORE_NUM_RETIRE_CYCLES_CORE_51                                  0                             0

CORE_RETIRE_DELTA_CORE_51                                       0                           NaN

FENCE_PREF_REQ_CORE_51                                          0                             0

FENCE_WAITING_CORE_51                                           0                             0

DYN_FENCE_NUM_CORE_51                                           0                             0

WB_ORDERING_STALL_CORE_51                                       0                             0

WB_FULL_CORE_51                                                 0                             0

FENCE_TOT_CYCLES_CORE_51                                        0                             0

FENCE_EXEC_CYCLES_CORE_51                                       0                             0

STORE_RES_CORE_51                                               0                             0

STORE_NUM_CORE_51                                               0                             0

STORE_WB_FREE_CORE_51                                           0                             0

SCHED_FAILED_REASON_SUCCESS_CORE_51                         16080                       12.2379%
SCHED_FAILED_OPERANDS_NOT_READY_CORE_51                    115315                       87.7621%
SCHED_FAILED_NO_AVAILABLE_PORTS_CORE_51                         0                             0%
SCHED_FAILED_NO_MEM_REQ_SLOTS_CORE_51                           0                             0%
SCHED_FAILED_NO_AVAILABLE_SIMD_UNIT_CORE_51                     0                             0%
SCHED_FAILED_FENCE_ACTIVE_CORE_51                               0                             0%
SCHED_FAILED_MEM_MANAGEMENT_CORE_51                             0                             0%
                                                           131395                           100%

NUM_SAMPLES_CORE_52                                        123383                        123383

NUM_ACTIVE_BLOCKS_CORE_52                                  978179                       7.92799

NUM_ACTIVE_THREADS_CORE_52                                3616833                       29.3139

NUM_SCHED_IDLE_CYCLE_CORE_52                                    0                             0

NUM_NO_SCHED_CYCLE_CORE_52                                  23963                         23963

CORE_DISPATCHED_INST_CORE_52                                11792                         11792

CORE_DISPATCH_WAIT_CORE_52                                5006216                       424.543

CORE_CYCLES_CORE_52                                             0                             0

CORE_SCHED_THREADS_CORE_52                                      0                           NaN

CORE_NUM_NO_FETCH_CYCLES_CORE_52                                1                             1

CORE_NUM_NO_FETCH_CYCLES_WITH_READY_THREADS_CORE_52                   0                             0

CORE_NUM_FETCH_CYCLES_CORE_52                                   0                             0

CORE_FETCH_DELTA_CORE_52                                        0                           NaN

CORE_NUM_RETIRE_CYCLES_CORE_52                                  0                             0

CORE_RETIRE_DELTA_CORE_52                                       0                           NaN

FENCE_PREF_REQ_CORE_52                                          0                             0

FENCE_WAITING_CORE_52                                           0                             0

DYN_FENCE_NUM_CORE_52                                           0                             0

WB_ORDERING_STALL_CORE_52                                       0                             0

WB_FULL_CORE_52                                                 0                             0

FENCE_TOT_CYCLES_CORE_52                                        0                             0

FENCE_EXEC_CYCLES_CORE_52                                       0                             0

STORE_RES_CORE_52                                               0                             0

STORE_NUM_CORE_52                                               0                             0

STORE_WB_FREE_CORE_52                                           0                             0

SCHED_FAILED_REASON_SUCCESS_CORE_52                         11792                       9.23219%
SCHED_FAILED_OPERANDS_NOT_READY_CORE_52                    115935                       90.7678%
SCHED_FAILED_NO_AVAILABLE_PORTS_CORE_52                         0                             0%
SCHED_FAILED_NO_MEM_REQ_SLOTS_CORE_52                           0                             0%
SCHED_FAILED_NO_AVAILABLE_SIMD_UNIT_CORE_52                     0                             0%
SCHED_FAILED_FENCE_ACTIVE_CORE_52                               0                             0%
SCHED_FAILED_MEM_MANAGEMENT_CORE_52                             0                             0%
                                                           127727                           100%

NUM_SAMPLES_CORE_53                                        125314                        125314

NUM_ACTIVE_BLOCKS_CORE_53                                  975154                       7.78168

NUM_ACTIVE_THREADS_CORE_53                                3604426                       28.7632

NUM_SCHED_IDLE_CYCLE_CORE_53                                    0                             0

NUM_NO_SCHED_CYCLE_CORE_53                                  24889                         24889

CORE_DISPATCHED_INST_CORE_53                                16080                         16080

CORE_DISPATCH_WAIT_CORE_53                                4911024                       305.412

CORE_CYCLES_CORE_53                                             0                             0

CORE_SCHED_THREADS_CORE_53                                      0                           NaN

CORE_NUM_NO_FETCH_CYCLES_CORE_53                                1                             1

CORE_NUM_NO_FETCH_CYCLES_WITH_READY_THREADS_CORE_53                   0                             0

CORE_NUM_FETCH_CYCLES_CORE_53                                   0                             0

CORE_FETCH_DELTA_CORE_53                                        0                           NaN

CORE_NUM_RETIRE_CYCLES_CORE_53                                  0                             0

CORE_RETIRE_DELTA_CORE_53                                       0                           NaN

FENCE_PREF_REQ_CORE_53                                          0                             0

FENCE_WAITING_CORE_53                                           0                             0

DYN_FENCE_NUM_CORE_53                                           0                             0

WB_ORDERING_STALL_CORE_53                                       0                             0

WB_FULL_CORE_53                                                 0                             0

FENCE_TOT_CYCLES_CORE_53                                        0                             0

FENCE_EXEC_CYCLES_CORE_53                                       0                             0

STORE_RES_CORE_53                                               0                             0

STORE_NUM_CORE_53                                               0                             0

STORE_WB_FREE_CORE_53                                           0                             0

SCHED_FAILED_REASON_SUCCESS_CORE_53                         16080                       9.50366%
SCHED_FAILED_OPERANDS_NOT_READY_CORE_53                    153118                       90.4963%
SCHED_FAILED_NO_AVAILABLE_PORTS_CORE_53                         0                             0%
SCHED_FAILED_NO_MEM_REQ_SLOTS_CORE_53                           0                             0%
SCHED_FAILED_NO_AVAILABLE_SIMD_UNIT_CORE_53                     0                             0%
SCHED_FAILED_FENCE_ACTIVE_CORE_53                               0                             0%
SCHED_FAILED_MEM_MANAGEMENT_CORE_53                             0                             0%
                                                           169198                           100%

NUM_SAMPLES_CORE_54                                        126234                        126234

NUM_ACTIVE_BLOCKS_CORE_54                                  964975                       7.64434

NUM_ACTIVE_THREADS_CORE_54                                3622377                       28.6957

NUM_SCHED_IDLE_CYCLE_CORE_54                                    0                             0

NUM_NO_SCHED_CYCLE_CORE_54                                  22273                         22273

CORE_DISPATCHED_INST_CORE_54                                20904                         20904

CORE_DISPATCH_WAIT_CORE_54                                4923420                       235.525

CORE_CYCLES_CORE_54                                             0                             0

CORE_SCHED_THREADS_CORE_54                                      0                           NaN

CORE_NUM_NO_FETCH_CYCLES_CORE_54                                1                             1

CORE_NUM_NO_FETCH_CYCLES_WITH_READY_THREADS_CORE_54                   0                             0

CORE_NUM_FETCH_CYCLES_CORE_54                                   0                             0

CORE_FETCH_DELTA_CORE_54                                        0                           NaN

CORE_NUM_RETIRE_CYCLES_CORE_54                                  0                             0

CORE_RETIRE_DELTA_CORE_54                                       0                           NaN

FENCE_PREF_REQ_CORE_54                                          0                             0

FENCE_WAITING_CORE_54                                           0                             0

DYN_FENCE_NUM_CORE_54                                           0                             0

WB_ORDERING_STALL_CORE_54                                       0                             0

WB_FULL_CORE_54                                                 0                             0

FENCE_TOT_CYCLES_CORE_54                                        0                             0

FENCE_EXEC_CYCLES_CORE_54                                       0                             0

STORE_RES_CORE_54                                               0                             0

STORE_NUM_CORE_54                                               0                             0

STORE_WB_FREE_CORE_54                                           0                             0

SCHED_FAILED_REASON_SUCCESS_CORE_54                         20904                       14.1064%
SCHED_FAILED_OPERANDS_NOT_READY_CORE_54                    127284                       85.8936%
SCHED_FAILED_NO_AVAILABLE_PORTS_CORE_54                         0                             0%
SCHED_FAILED_NO_MEM_REQ_SLOTS_CORE_54                           0                             0%
SCHED_FAILED_NO_AVAILABLE_SIMD_UNIT_CORE_54                     0                             0%
SCHED_FAILED_FENCE_ACTIVE_CORE_54                               0                             0%
SCHED_FAILED_MEM_MANAGEMENT_CORE_54                             0                             0%
                                                           148188                           100%

NUM_SAMPLES_CORE_55                                        127251                        127251

NUM_ACTIVE_BLOCKS_CORE_55                                  984882                       7.73968

NUM_ACTIVE_THREADS_CORE_55                                3332724                       26.1902

NUM_SCHED_IDLE_CYCLE_CORE_55                                    0                             0

NUM_NO_SCHED_CYCLE_CORE_55                                  26194                         26194

CORE_DISPATCHED_INST_CORE_55                                12864                         12864

CORE_DISPATCH_WAIT_CORE_55                                5300710                       412.058

CORE_CYCLES_CORE_55                                             0                             0

CORE_SCHED_THREADS_CORE_55                                      0                           NaN

CORE_NUM_NO_FETCH_CYCLES_CORE_55                                1                             1

CORE_NUM_NO_FETCH_CYCLES_WITH_READY_THREADS_CORE_55                   0                             0

CORE_NUM_FETCH_CYCLES_CORE_55                                   0                             0

CORE_FETCH_DELTA_CORE_55                                        0                           NaN

CORE_NUM_RETIRE_CYCLES_CORE_55                                  0                             0

CORE_RETIRE_DELTA_CORE_55                                       0                           NaN

FENCE_PREF_REQ_CORE_55                                          0                             0

FENCE_WAITING_CORE_55                                           0                             0

DYN_FENCE_NUM_CORE_55                                           0                             0

WB_ORDERING_STALL_CORE_55                                       0                             0

WB_FULL_CORE_55                                                 0                             0

FENCE_TOT_CYCLES_CORE_55                                        0                             0

FENCE_EXEC_CYCLES_CORE_55                                       0                             0

STORE_RES_CORE_55                                               0                             0

STORE_NUM_CORE_55                                               0                             0

STORE_WB_FREE_CORE_55                                           0                             0

SCHED_FAILED_REASON_SUCCESS_CORE_55                         12864                       9.55415%
SCHED_FAILED_OPERANDS_NOT_READY_CORE_55                    121779                       90.4458%
SCHED_FAILED_NO_AVAILABLE_PORTS_CORE_55                         0                             0%
SCHED_FAILED_NO_MEM_REQ_SLOTS_CORE_55                           0                             0%
SCHED_FAILED_NO_AVAILABLE_SIMD_UNIT_CORE_55                     0                             0%
SCHED_FAILED_FENCE_ACTIVE_CORE_55                               0                             0%
SCHED_FAILED_MEM_MANAGEMENT_CORE_55                             0                             0%
                                                           134643                           100%

NUM_SAMPLES_CORE_56                                        125614                        125614

NUM_ACTIVE_BLOCKS_CORE_56                                  940704                       7.48885

NUM_ACTIVE_THREADS_CORE_56                                3446202                       27.4349

NUM_SCHED_IDLE_CYCLE_CORE_56                                    0                             0

NUM_NO_SCHED_CYCLE_CORE_56                                  25171                         25171

CORE_DISPATCHED_INST_CORE_56                                15008                         15008

CORE_DISPATCH_WAIT_CORE_56                                4410573                       293.881

CORE_CYCLES_CORE_56                                             0                             0

CORE_SCHED_THREADS_CORE_56                                      0                           NaN

CORE_NUM_NO_FETCH_CYCLES_CORE_56                                1                             1

CORE_NUM_NO_FETCH_CYCLES_WITH_READY_THREADS_CORE_56                   0                             0

CORE_NUM_FETCH_CYCLES_CORE_56                                   0                             0

CORE_FETCH_DELTA_CORE_56                                        0                           NaN

CORE_NUM_RETIRE_CYCLES_CORE_56                                  0                             0

CORE_RETIRE_DELTA_CORE_56                                       0                           NaN

FENCE_PREF_REQ_CORE_56                                          0                             0

FENCE_WAITING_CORE_56                                           0                             0

DYN_FENCE_NUM_CORE_56                                           0                             0

WB_ORDERING_STALL_CORE_56                                       0                             0

WB_FULL_CORE_56                                                 0                             0

FENCE_TOT_CYCLES_CORE_56                                        0                             0

FENCE_EXEC_CYCLES_CORE_56                                       0                             0

STORE_RES_CORE_56                                               0                             0

STORE_NUM_CORE_56                                               0                             0

STORE_WB_FREE_CORE_56                                           0                             0

SCHED_FAILED_REASON_SUCCESS_CORE_56                         15008                       8.34473%
SCHED_FAILED_OPERANDS_NOT_READY_CORE_56                    164842                       91.6553%
SCHED_FAILED_NO_AVAILABLE_PORTS_CORE_56                         0                             0%
SCHED_FAILED_NO_MEM_REQ_SLOTS_CORE_56                           0                             0%
SCHED_FAILED_NO_AVAILABLE_SIMD_UNIT_CORE_56                     0                             0%
SCHED_FAILED_FENCE_ACTIVE_CORE_56                               0                             0%
SCHED_FAILED_MEM_MANAGEMENT_CORE_56                             0                             0%
                                                           179850                           100%

NUM_SAMPLES_CORE_57                                        114661                        114661

NUM_ACTIVE_BLOCKS_CORE_57                                  876429                       7.64365

NUM_ACTIVE_THREADS_CORE_57                                3246791                       28.3164

NUM_SCHED_IDLE_CYCLE_CORE_57                                    0                             0

NUM_NO_SCHED_CYCLE_CORE_57                                  19841                         19841

CORE_DISPATCHED_INST_CORE_57                                22512                         22512

CORE_DISPATCH_WAIT_CORE_57                                4186572                       185.971

CORE_CYCLES_CORE_57                                             0                             0

CORE_SCHED_THREADS_CORE_57                                      0                           NaN

CORE_NUM_NO_FETCH_CYCLES_CORE_57                                1                             1

CORE_NUM_NO_FETCH_CYCLES_WITH_READY_THREADS_CORE_57                   0                             0

CORE_NUM_FETCH_CYCLES_CORE_57                                   0                             0

CORE_FETCH_DELTA_CORE_57                                        0                           NaN

CORE_NUM_RETIRE_CYCLES_CORE_57                                  0                             0

CORE_RETIRE_DELTA_CORE_57                                       0                           NaN

FENCE_PREF_REQ_CORE_57                                          0                             0

FENCE_WAITING_CORE_57                                           0                             0

DYN_FENCE_NUM_CORE_57                                           0                             0

WB_ORDERING_STALL_CORE_57                                       0                             0

WB_FULL_CORE_57                                                 0                             0

FENCE_TOT_CYCLES_CORE_57                                        0                             0

FENCE_EXEC_CYCLES_CORE_57                                       0                             0

STORE_RES_CORE_57                                               0                             0

STORE_NUM_CORE_57                                               0                             0

STORE_WB_FREE_CORE_57                                           0                             0

SCHED_FAILED_REASON_SUCCESS_CORE_57                         22512                        16.343%
SCHED_FAILED_OPERANDS_NOT_READY_CORE_57                    115235                        83.657%
SCHED_FAILED_NO_AVAILABLE_PORTS_CORE_57                         0                             0%
SCHED_FAILED_NO_MEM_REQ_SLOTS_CORE_57                           0                             0%
SCHED_FAILED_NO_AVAILABLE_SIMD_UNIT_CORE_57                     0                             0%
SCHED_FAILED_FENCE_ACTIVE_CORE_57                               0                             0%
SCHED_FAILED_MEM_MANAGEMENT_CORE_57                             0                             0%
                                                           137747                           100%

NUM_SAMPLES_CORE_58                                        125941                        125941

NUM_ACTIVE_BLOCKS_CORE_58                                  963837                       7.65308

NUM_ACTIVE_THREADS_CORE_58                                3533964                       28.0605

NUM_SCHED_IDLE_CYCLE_CORE_58                                    0                             0

NUM_NO_SCHED_CYCLE_CORE_58                                  25724                         25724

CORE_DISPATCHED_INST_CORE_58                                13936                         13936

CORE_DISPATCH_WAIT_CORE_58                                5020787                       360.275

CORE_CYCLES_CORE_58                                             0                             0

CORE_SCHED_THREADS_CORE_58                                      0                           NaN

CORE_NUM_NO_FETCH_CYCLES_CORE_58                                1                             1

CORE_NUM_NO_FETCH_CYCLES_WITH_READY_THREADS_CORE_58                   0                             0

CORE_NUM_FETCH_CYCLES_CORE_58                                   0                             0

CORE_FETCH_DELTA_CORE_58                                        0                           NaN

CORE_NUM_RETIRE_CYCLES_CORE_58                                  0                             0

CORE_RETIRE_DELTA_CORE_58                                       0                           NaN

FENCE_PREF_REQ_CORE_58                                          0                             0

FENCE_WAITING_CORE_58                                           0                             0

DYN_FENCE_NUM_CORE_58                                           0                             0

WB_ORDERING_STALL_CORE_58                                       0                             0

WB_FULL_CORE_58                                                 0                             0

FENCE_TOT_CYCLES_CORE_58                                        0                             0

FENCE_EXEC_CYCLES_CORE_58                                       0                             0

STORE_RES_CORE_58                                               0                             0

STORE_NUM_CORE_58                                               0                             0

STORE_WB_FREE_CORE_58                                           0                             0

SCHED_FAILED_REASON_SUCCESS_CORE_58                         13936                       9.22096%
SCHED_FAILED_OPERANDS_NOT_READY_CORE_58                    137198                        90.779%
SCHED_FAILED_NO_AVAILABLE_PORTS_CORE_58                         0                             0%
SCHED_FAILED_NO_MEM_REQ_SLOTS_CORE_58                           0                             0%
SCHED_FAILED_NO_AVAILABLE_SIMD_UNIT_CORE_58                     0                             0%
SCHED_FAILED_FENCE_ACTIVE_CORE_58                               0                             0%
SCHED_FAILED_MEM_MANAGEMENT_CORE_58                             0                             0%
                                                           151134                           100%

NUM_SAMPLES_CORE_59                                        115818                        115818

NUM_ACTIVE_BLOCKS_CORE_59                                  919789                       7.94168

NUM_ACTIVE_THREADS_CORE_59                                3385927                       29.2349

NUM_SCHED_IDLE_CYCLE_CORE_59                                    0                             0

NUM_NO_SCHED_CYCLE_CORE_59                                  22485                         22485

CORE_DISPATCHED_INST_CORE_59                                17688                         17688

CORE_DISPATCH_WAIT_CORE_59                                4476952                       253.107

CORE_CYCLES_CORE_59                                             0                             0

CORE_SCHED_THREADS_CORE_59                                      0                           NaN

CORE_NUM_NO_FETCH_CYCLES_CORE_59                                1                             1

CORE_NUM_NO_FETCH_CYCLES_WITH_READY_THREADS_CORE_59                   0                             0

CORE_NUM_FETCH_CYCLES_CORE_59                                   0                             0

CORE_FETCH_DELTA_CORE_59                                        0                           NaN

CORE_NUM_RETIRE_CYCLES_CORE_59                                  0                             0

CORE_RETIRE_DELTA_CORE_59                                       0                           NaN

FENCE_PREF_REQ_CORE_59                                          0                             0

FENCE_WAITING_CORE_59                                           0                             0

DYN_FENCE_NUM_CORE_59                                           0                             0

WB_ORDERING_STALL_CORE_59                                       0                             0

WB_FULL_CORE_59                                                 0                             0

FENCE_TOT_CYCLES_CORE_59                                        0                             0

FENCE_EXEC_CYCLES_CORE_59                                       0                             0

STORE_RES_CORE_59                                               0                             0

STORE_NUM_CORE_59                                               0                             0

STORE_WB_FREE_CORE_59                                           0                             0

SCHED_FAILED_REASON_SUCCESS_CORE_59                         17688                        11.583%
SCHED_FAILED_OPERANDS_NOT_READY_CORE_59                    135018                        88.417%
SCHED_FAILED_NO_AVAILABLE_PORTS_CORE_59                         0                             0%
SCHED_FAILED_NO_MEM_REQ_SLOTS_CORE_59                           0                             0%
SCHED_FAILED_NO_AVAILABLE_SIMD_UNIT_CORE_59                     0                             0%
SCHED_FAILED_FENCE_ACTIVE_CORE_59                               0                             0%
SCHED_FAILED_MEM_MANAGEMENT_CORE_59                             0                             0%
                                                           152706                           100%

NUM_SAMPLES_CORE_60                                        124819                        124819

NUM_ACTIVE_BLOCKS_CORE_60                                  899647                       7.20761

NUM_ACTIVE_THREADS_CORE_60                                3122357                       25.0151

NUM_SCHED_IDLE_CYCLE_CORE_60                                    0                             0

NUM_NO_SCHED_CYCLE_CORE_60                                  26391                         26391

CORE_DISPATCHED_INST_CORE_60                                11256                         11256

CORE_DISPATCH_WAIT_CORE_60                                4582020                       407.074

CORE_CYCLES_CORE_60                                             0                             0

CORE_SCHED_THREADS_CORE_60                                      0                           NaN

CORE_NUM_NO_FETCH_CYCLES_CORE_60                                1                             1

CORE_NUM_NO_FETCH_CYCLES_WITH_READY_THREADS_CORE_60                   0                             0

CORE_NUM_FETCH_CYCLES_CORE_60                                   0                             0

CORE_FETCH_DELTA_CORE_60                                        0                           NaN

CORE_NUM_RETIRE_CYCLES_CORE_60                                  0                             0

CORE_RETIRE_DELTA_CORE_60                                       0                           NaN

FENCE_PREF_REQ_CORE_60                                          0                             0

FENCE_WAITING_CORE_60                                           0                             0

DYN_FENCE_NUM_CORE_60                                           0                             0

WB_ORDERING_STALL_CORE_60                                       0                             0

WB_FULL_CORE_60                                                 0                             0

FENCE_TOT_CYCLES_CORE_60                                        0                             0

FENCE_EXEC_CYCLES_CORE_60                                       0                             0

STORE_RES_CORE_60                                               0                             0

STORE_NUM_CORE_60                                               0                             0

STORE_WB_FREE_CORE_60                                           0                             0

SCHED_FAILED_REASON_SUCCESS_CORE_60                         11256                       6.84339%
SCHED_FAILED_OPERANDS_NOT_READY_CORE_60                    153224                       93.1566%
SCHED_FAILED_NO_AVAILABLE_PORTS_CORE_60                         0                             0%
SCHED_FAILED_NO_MEM_REQ_SLOTS_CORE_60                           0                             0%
SCHED_FAILED_NO_AVAILABLE_SIMD_UNIT_CORE_60                     0                             0%
SCHED_FAILED_FENCE_ACTIVE_CORE_60                               0                             0%
SCHED_FAILED_MEM_MANAGEMENT_CORE_60                             0                             0%
                                                           164480                           100%

NUM_SAMPLES_CORE_61                                        121124                        121124

NUM_ACTIVE_BLOCKS_CORE_61                                  965444                       7.97071

NUM_ACTIVE_THREADS_CORE_61                                3539945                       29.2258

NUM_SCHED_IDLE_CYCLE_CORE_61                                    0                             0

NUM_NO_SCHED_CYCLE_CORE_61                                  18552                         18552

CORE_DISPATCHED_INST_CORE_61                                17688                         17688

CORE_DISPATCH_WAIT_CORE_61                                5003303                       282.864

CORE_CYCLES_CORE_61                                             0                             0

CORE_SCHED_THREADS_CORE_61                                      0                           NaN

CORE_NUM_NO_FETCH_CYCLES_CORE_61                                1                             1

CORE_NUM_NO_FETCH_CYCLES_WITH_READY_THREADS_CORE_61                   0                             0

CORE_NUM_FETCH_CYCLES_CORE_61                                   0                             0

CORE_FETCH_DELTA_CORE_61                                        0                           NaN

CORE_NUM_RETIRE_CYCLES_CORE_61                                  0                             0

CORE_RETIRE_DELTA_CORE_61                                       0                           NaN

FENCE_PREF_REQ_CORE_61                                          0                             0

FENCE_WAITING_CORE_61                                           0                             0

DYN_FENCE_NUM_CORE_61                                           0                             0

WB_ORDERING_STALL_CORE_61                                       0                             0

WB_FULL_CORE_61                                                 0                             0

FENCE_TOT_CYCLES_CORE_61                                        0                             0

FENCE_EXEC_CYCLES_CORE_61                                       0                             0

STORE_RES_CORE_61                                               0                             0

STORE_NUM_CORE_61                                               0                             0

STORE_WB_FREE_CORE_61                                           0                             0

SCHED_FAILED_REASON_SUCCESS_CORE_61                         17688                       12.8651%
SCHED_FAILED_OPERANDS_NOT_READY_CORE_61                    119800                       87.1349%
SCHED_FAILED_NO_AVAILABLE_PORTS_CORE_61                         0                             0%
SCHED_FAILED_NO_MEM_REQ_SLOTS_CORE_61                           0                             0%
SCHED_FAILED_NO_AVAILABLE_SIMD_UNIT_CORE_61                     0                             0%
SCHED_FAILED_FENCE_ACTIVE_CORE_61                               0                             0%
SCHED_FAILED_MEM_MANAGEMENT_CORE_61                             0                             0%
                                                           137488                           100%

NUM_SAMPLES_CORE_62                                        123146                        123146

NUM_ACTIVE_BLOCKS_CORE_62                                  979435                       7.95345

NUM_ACTIVE_THREADS_CORE_62                                3569015                        28.982

NUM_SCHED_IDLE_CYCLE_CORE_62                                    0                             0

NUM_NO_SCHED_CYCLE_CORE_62                                  22508                         22508

CORE_DISPATCHED_INST_CORE_62                                19296                         19296

CORE_DISPATCH_WAIT_CORE_62                                4842888                       250.979

CORE_CYCLES_CORE_62                                             0                             0

CORE_SCHED_THREADS_CORE_62                                      0                           NaN

CORE_NUM_NO_FETCH_CYCLES_CORE_62                                1                             1

CORE_NUM_NO_FETCH_CYCLES_WITH_READY_THREADS_CORE_62                   0                             0

CORE_NUM_FETCH_CYCLES_CORE_62                                   0                             0

CORE_FETCH_DELTA_CORE_62                                        0                           NaN

CORE_NUM_RETIRE_CYCLES_CORE_62                                  0                             0

CORE_RETIRE_DELTA_CORE_62                                       0                           NaN

FENCE_PREF_REQ_CORE_62                                          0                             0

FENCE_WAITING_CORE_62                                           0                             0

DYN_FENCE_NUM_CORE_62                                           0                             0

WB_ORDERING_STALL_CORE_62                                       0                             0

WB_FULL_CORE_62                                                 0                             0

FENCE_TOT_CYCLES_CORE_62                                        0                             0

FENCE_EXEC_CYCLES_CORE_62                                       0                             0

STORE_RES_CORE_62                                               0                             0

STORE_NUM_CORE_62                                               0                             0

STORE_WB_FREE_CORE_62                                           0                             0

SCHED_FAILED_REASON_SUCCESS_CORE_62                         19296                       12.3558%
SCHED_FAILED_OPERANDS_NOT_READY_CORE_62                    136874                       87.6442%
SCHED_FAILED_NO_AVAILABLE_PORTS_CORE_62                         0                             0%
SCHED_FAILED_NO_MEM_REQ_SLOTS_CORE_62                           0                             0%
SCHED_FAILED_NO_AVAILABLE_SIMD_UNIT_CORE_62                     0                             0%
SCHED_FAILED_FENCE_ACTIVE_CORE_62                               0                             0%
SCHED_FAILED_MEM_MANAGEMENT_CORE_62                             0                             0%
                                                           156170                           100%

NUM_SAMPLES_CORE_63                                        113781                        113781

NUM_ACTIVE_BLOCKS_CORE_63                                  895361                       7.86916

NUM_ACTIVE_THREADS_CORE_63                                3231300                       28.3993

NUM_SCHED_IDLE_CYCLE_CORE_63                                    0                             0

NUM_NO_SCHED_CYCLE_CORE_63                                  19745                         19745

CORE_DISPATCHED_INST_CORE_63                                23718                         23718

CORE_DISPATCH_WAIT_CORE_63                                4119421                       173.683

CORE_CYCLES_CORE_63                                             0                             0

CORE_SCHED_THREADS_CORE_63                                      0                           NaN

CORE_NUM_NO_FETCH_CYCLES_CORE_63                                1                             1

CORE_NUM_NO_FETCH_CYCLES_WITH_READY_THREADS_CORE_63                   0                             0

CORE_NUM_FETCH_CYCLES_CORE_63                                   0                             0

CORE_FETCH_DELTA_CORE_63                                        0                           NaN

CORE_NUM_RETIRE_CYCLES_CORE_63                                  0                             0

CORE_RETIRE_DELTA_CORE_63                                       0                           NaN

FENCE_PREF_REQ_CORE_63                                          0                             0

FENCE_WAITING_CORE_63                                           0                             0

DYN_FENCE_NUM_CORE_63                                           0                             0

WB_ORDERING_STALL_CORE_63                                       0                             0

WB_FULL_CORE_63                                                 0                             0

FENCE_TOT_CYCLES_CORE_63                                        0                             0

FENCE_EXEC_CYCLES_CORE_63                                       0                             0

STORE_RES_CORE_63                                               0                             0

STORE_NUM_CORE_63                                               0                             0

STORE_WB_FREE_CORE_63                                           0                             0

SCHED_FAILED_REASON_SUCCESS_CORE_63                         23718                       17.7843%
SCHED_FAILED_OPERANDS_NOT_READY_CORE_63                    109647                       82.2157%
SCHED_FAILED_NO_AVAILABLE_PORTS_CORE_63                         0                             0%
SCHED_FAILED_NO_MEM_REQ_SLOTS_CORE_63                           0                             0%
SCHED_FAILED_NO_AVAILABLE_SIMD_UNIT_CORE_63                     0                             0%
SCHED_FAILED_FENCE_ACTIVE_CORE_63                               0                             0%
SCHED_FAILED_MEM_MANAGEMENT_CORE_63                             0                             0%
                                                           133365                           100%

NUM_SAMPLES_CORE_64                                        117412                        117412

NUM_ACTIVE_BLOCKS_CORE_64                                  931433                       7.93303

NUM_ACTIVE_THREADS_CORE_64                                3402510                       28.9792

NUM_SCHED_IDLE_CYCLE_CORE_64                                    0                             0

NUM_NO_SCHED_CYCLE_CORE_64                                  24096                         24096

CORE_DISPATCHED_INST_CORE_64                                12462                         12462

CORE_DISPATCH_WAIT_CORE_64                                4679077                       375.468

CORE_CYCLES_CORE_64                                             0                             0

CORE_SCHED_THREADS_CORE_64                                      0                           NaN

CORE_NUM_NO_FETCH_CYCLES_CORE_64                                1                             1

CORE_NUM_NO_FETCH_CYCLES_WITH_READY_THREADS_CORE_64                   0                             0

CORE_NUM_FETCH_CYCLES_CORE_64                                   0                             0

CORE_FETCH_DELTA_CORE_64                                        0                           NaN

CORE_NUM_RETIRE_CYCLES_CORE_64                                  0                             0

CORE_RETIRE_DELTA_CORE_64                                       0                           NaN

FENCE_PREF_REQ_CORE_64                                          0                             0

FENCE_WAITING_CORE_64                                           0                             0

DYN_FENCE_NUM_CORE_64                                           0                             0

WB_ORDERING_STALL_CORE_64                                       0                             0

WB_FULL_CORE_64                                                 0                             0

FENCE_TOT_CYCLES_CORE_64                                        0                             0

FENCE_EXEC_CYCLES_CORE_64                                       0                             0

STORE_RES_CORE_64                                               0                             0

STORE_NUM_CORE_64                                               0                             0

STORE_WB_FREE_CORE_64                                           0                             0

SCHED_FAILED_REASON_SUCCESS_CORE_64                         12462                       11.3094%
SCHED_FAILED_OPERANDS_NOT_READY_CORE_64                     97730                       88.6907%
SCHED_FAILED_NO_AVAILABLE_PORTS_CORE_64                         0                             0%
SCHED_FAILED_NO_MEM_REQ_SLOTS_CORE_64                           0                             0%
SCHED_FAILED_NO_AVAILABLE_SIMD_UNIT_CORE_64                     0                             0%
SCHED_FAILED_FENCE_ACTIVE_CORE_64                               0                             0%
SCHED_FAILED_MEM_MANAGEMENT_CORE_64                             0                             0%
                                                           110192                           100%

NUM_SAMPLES_CORE_65                                        125921                        125921

NUM_ACTIVE_BLOCKS_CORE_65                                  971452                       7.71477

NUM_ACTIVE_THREADS_CORE_65                                3775898                       29.9862

NUM_SCHED_IDLE_CYCLE_CORE_65                                    0                             0

NUM_NO_SCHED_CYCLE_CORE_65                                  27821                         27821

CORE_DISPATCHED_INST_CORE_65                                 8576                          8576

CORE_DISPATCH_WAIT_CORE_65                                3880911                       452.532

CORE_CYCLES_CORE_65                                             0                             0

CORE_SCHED_THREADS_CORE_65                                      0                           NaN

CORE_NUM_NO_FETCH_CYCLES_CORE_65                                1                             1

CORE_NUM_NO_FETCH_CYCLES_WITH_READY_THREADS_CORE_65                   0                             0

CORE_NUM_FETCH_CYCLES_CORE_65                                   0                             0

CORE_FETCH_DELTA_CORE_65                                        0                           NaN

CORE_NUM_RETIRE_CYCLES_CORE_65                                  0                             0

CORE_RETIRE_DELTA_CORE_65                                       0                           NaN

FENCE_PREF_REQ_CORE_65                                          0                             0

FENCE_WAITING_CORE_65                                           0                             0

DYN_FENCE_NUM_CORE_65                                           0                             0

WB_ORDERING_STALL_CORE_65                                       0                             0

WB_FULL_CORE_65                                                 0                             0

FENCE_TOT_CYCLES_CORE_65                                        0                             0

FENCE_EXEC_CYCLES_CORE_65                                       0                             0

STORE_RES_CORE_65                                               0                             0

STORE_NUM_CORE_65                                               0                             0

STORE_WB_FREE_CORE_65                                           0                             0

SCHED_FAILED_REASON_SUCCESS_CORE_65                          8576                       7.90925%
SCHED_FAILED_OPERANDS_NOT_READY_CORE_65                     99854                       92.0908%
SCHED_FAILED_NO_AVAILABLE_PORTS_CORE_65                         0                             0%
SCHED_FAILED_NO_MEM_REQ_SLOTS_CORE_65                           0                             0%
SCHED_FAILED_NO_AVAILABLE_SIMD_UNIT_CORE_65                     0                             0%
SCHED_FAILED_FENCE_ACTIVE_CORE_65                               0                             0%
SCHED_FAILED_MEM_MANAGEMENT_CORE_65                             0                             0%
                                                           108430                           100%

NUM_SAMPLES_CORE_66                                        125861                        125861

NUM_ACTIVE_BLOCKS_CORE_66                                  974948                       7.74623

NUM_ACTIVE_THREADS_CORE_66                                3643057                       28.9451

NUM_SCHED_IDLE_CYCLE_CORE_66                                    0                             0

NUM_NO_SCHED_CYCLE_CORE_66                                  24844                         24844

CORE_DISPATCHED_INST_CORE_66                                16080                         16080

CORE_DISPATCH_WAIT_CORE_66                                5003219                       311.145

CORE_CYCLES_CORE_66                                             0                             0

CORE_SCHED_THREADS_CORE_66                                      0                           NaN

CORE_NUM_NO_FETCH_CYCLES_CORE_66                                1                             1

CORE_NUM_NO_FETCH_CYCLES_WITH_READY_THREADS_CORE_66                   0                             0

CORE_NUM_FETCH_CYCLES_CORE_66                                   0                             0

CORE_FETCH_DELTA_CORE_66                                        0                           NaN

CORE_NUM_RETIRE_CYCLES_CORE_66                                  0                             0

CORE_RETIRE_DELTA_CORE_66                                       0                           NaN

FENCE_PREF_REQ_CORE_66                                          0                             0

FENCE_WAITING_CORE_66                                           0                             0

DYN_FENCE_NUM_CORE_66                                           0                             0

WB_ORDERING_STALL_CORE_66                                       0                             0

WB_FULL_CORE_66                                                 0                             0

FENCE_TOT_CYCLES_CORE_66                                        0                             0

FENCE_EXEC_CYCLES_CORE_66                                       0                             0

STORE_RES_CORE_66                                               0                             0

STORE_NUM_CORE_66                                               0                             0

STORE_WB_FREE_CORE_66                                           0                             0

SCHED_FAILED_REASON_SUCCESS_CORE_66                         16080                       13.4964%
SCHED_FAILED_OPERANDS_NOT_READY_CORE_66                    103063                       86.5036%
SCHED_FAILED_NO_AVAILABLE_PORTS_CORE_66                         0                             0%
SCHED_FAILED_NO_MEM_REQ_SLOTS_CORE_66                           0                             0%
SCHED_FAILED_NO_AVAILABLE_SIMD_UNIT_CORE_66                     0                             0%
SCHED_FAILED_FENCE_ACTIVE_CORE_66                               0                             0%
SCHED_FAILED_MEM_MANAGEMENT_CORE_66                             0                             0%
                                                           119143                           100%

NUM_SAMPLES_CORE_67                                        113761                        113761

NUM_ACTIVE_BLOCKS_CORE_67                                  899535                       7.90724

NUM_ACTIVE_THREADS_CORE_67                                3247886                       28.5501

NUM_SCHED_IDLE_CYCLE_CORE_67                                    0                             0

NUM_NO_SCHED_CYCLE_CORE_67                                  19844                         19844

CORE_DISPATCHED_INST_CORE_67                                18760                         18760

CORE_DISPATCH_WAIT_CORE_67                                4576086                       243.928

CORE_CYCLES_CORE_67                                             0                             0

CORE_SCHED_THREADS_CORE_67                                      0                           NaN

CORE_NUM_NO_FETCH_CYCLES_CORE_67                                1                             1

CORE_NUM_NO_FETCH_CYCLES_WITH_READY_THREADS_CORE_67                   0                             0

CORE_NUM_FETCH_CYCLES_CORE_67                                   0                             0

CORE_FETCH_DELTA_CORE_67                                        0                           NaN

CORE_NUM_RETIRE_CYCLES_CORE_67                                  0                             0

CORE_RETIRE_DELTA_CORE_67                                       0                           NaN

FENCE_PREF_REQ_CORE_67                                          0                             0

FENCE_WAITING_CORE_67                                           0                             0

DYN_FENCE_NUM_CORE_67                                           0                             0

WB_ORDERING_STALL_CORE_67                                       0                             0

WB_FULL_CORE_67                                                 0                             0

FENCE_TOT_CYCLES_CORE_67                                        0                             0

FENCE_EXEC_CYCLES_CORE_67                                       0                             0

STORE_RES_CORE_67                                               0                             0

STORE_NUM_CORE_67                                               0                             0

STORE_WB_FREE_CORE_67                                           0                             0

SCHED_FAILED_REASON_SUCCESS_CORE_67                         18760                       14.9598%
SCHED_FAILED_OPERANDS_NOT_READY_CORE_67                    106643                       85.0402%
SCHED_FAILED_NO_AVAILABLE_PORTS_CORE_67                         0                             0%
SCHED_FAILED_NO_MEM_REQ_SLOTS_CORE_67                           0                             0%
SCHED_FAILED_NO_AVAILABLE_SIMD_UNIT_CORE_67                     0                             0%
SCHED_FAILED_FENCE_ACTIVE_CORE_67                               0                             0%
SCHED_FAILED_MEM_MANAGEMENT_CORE_67                             0                             0%
                                                           125403                           100%

NUM_SAMPLES_CORE_68                                        125639                        125639

NUM_ACTIVE_BLOCKS_CORE_68                                  939385                       7.47686

NUM_ACTIVE_THREADS_CORE_68                                3288170                       26.1716

NUM_SCHED_IDLE_CYCLE_CORE_68                                    0                             0

NUM_NO_SCHED_CYCLE_CORE_68                                  26716                         26716

CORE_DISPATCHED_INST_CORE_68                                11256                         11256

CORE_DISPATCH_WAIT_CORE_68                                4749719                       421.972

CORE_CYCLES_CORE_68                                             0                             0

CORE_SCHED_THREADS_CORE_68                                      0                           NaN

CORE_NUM_NO_FETCH_CYCLES_CORE_68                                1                             1

CORE_NUM_NO_FETCH_CYCLES_WITH_READY_THREADS_CORE_68                   0                             0

CORE_NUM_FETCH_CYCLES_CORE_68                                   0                             0

CORE_FETCH_DELTA_CORE_68                                        0                           NaN

CORE_NUM_RETIRE_CYCLES_CORE_68                                  0                             0

CORE_RETIRE_DELTA_CORE_68                                       0                           NaN

FENCE_PREF_REQ_CORE_68                                          0                             0

FENCE_WAITING_CORE_68                                           0                             0

DYN_FENCE_NUM_CORE_68                                           0                             0

WB_ORDERING_STALL_CORE_68                                       0                             0

WB_FULL_CORE_68                                                 0                             0

FENCE_TOT_CYCLES_CORE_68                                        0                             0

FENCE_EXEC_CYCLES_CORE_68                                       0                             0

STORE_RES_CORE_68                                               0                             0

STORE_NUM_CORE_68                                               0                             0

STORE_WB_FREE_CORE_68                                           0                             0

SCHED_FAILED_REASON_SUCCESS_CORE_68                         11256                       6.04618%
SCHED_FAILED_OPERANDS_NOT_READY_CORE_68                    174911                       93.9538%
SCHED_FAILED_NO_AVAILABLE_PORTS_CORE_68                         0                             0%
SCHED_FAILED_NO_MEM_REQ_SLOTS_CORE_68                           0                             0%
SCHED_FAILED_NO_AVAILABLE_SIMD_UNIT_CORE_68                     0                             0%
SCHED_FAILED_FENCE_ACTIVE_CORE_68                               0                             0%
SCHED_FAILED_MEM_MANAGEMENT_CORE_68                             0                             0%
                                                           186167                           100%

NUM_SAMPLES_CORE_69                                        125650                        125650

NUM_ACTIVE_BLOCKS_CORE_69                                  958001                       7.62436

NUM_ACTIVE_THREADS_CORE_69                                3626684                       28.8634

NUM_SCHED_IDLE_CYCLE_CORE_69                                    0                             0

NUM_NO_SCHED_CYCLE_CORE_69                                  25361                         25361

CORE_DISPATCHED_INST_CORE_69                                12328                         12328

CORE_DISPATCH_WAIT_CORE_69                                4903385                       397.744

CORE_CYCLES_CORE_69                                             0                             0

CORE_SCHED_THREADS_CORE_69                                      0                           NaN

CORE_NUM_NO_FETCH_CYCLES_CORE_69                                1                             1

CORE_NUM_NO_FETCH_CYCLES_WITH_READY_THREADS_CORE_69                   0                             0

CORE_NUM_FETCH_CYCLES_CORE_69                                   0                             0

CORE_FETCH_DELTA_CORE_69                                        0                           NaN

CORE_NUM_RETIRE_CYCLES_CORE_69                                  0                             0

CORE_RETIRE_DELTA_CORE_69                                       0                           NaN

FENCE_PREF_REQ_CORE_69                                          0                             0

FENCE_WAITING_CORE_69                                           0                             0

DYN_FENCE_NUM_CORE_69                                           0                             0

WB_ORDERING_STALL_CORE_69                                       0                             0

WB_FULL_CORE_69                                                 0                             0

FENCE_TOT_CYCLES_CORE_69                                        0                             0

FENCE_EXEC_CYCLES_CORE_69                                       0                             0

STORE_RES_CORE_69                                               0                             0

STORE_NUM_CORE_69                                               0                             0

STORE_WB_FREE_CORE_69                                           0                             0

SCHED_FAILED_REASON_SUCCESS_CORE_69                         12328                       8.48481%
SCHED_FAILED_OPERANDS_NOT_READY_CORE_69                    132967                       91.5152%
SCHED_FAILED_NO_AVAILABLE_PORTS_CORE_69                         0                             0%
SCHED_FAILED_NO_MEM_REQ_SLOTS_CORE_69                           0                             0%
SCHED_FAILED_NO_AVAILABLE_SIMD_UNIT_CORE_69                     0                             0%
SCHED_FAILED_FENCE_ACTIVE_CORE_69                               0                             0%
SCHED_FAILED_MEM_MANAGEMENT_CORE_69                             0                             0%
                                                           145295                           100%

NUM_SAMPLES_CORE_70                                        116205                        116205

NUM_ACTIVE_BLOCKS_CORE_70                                  913506                       7.86116

NUM_ACTIVE_THREADS_CORE_70                                3178412                       27.3518

NUM_SCHED_IDLE_CYCLE_CORE_70                                    0                             0

NUM_NO_SCHED_CYCLE_CORE_70                                  23343                         23343

CORE_DISPATCHED_INST_CORE_70                                12462                         12462

CORE_DISPATCH_WAIT_CORE_70                                4833644                       387.871

CORE_CYCLES_CORE_70                                             0                             0

CORE_SCHED_THREADS_CORE_70                                      0                           NaN

CORE_NUM_NO_FETCH_CYCLES_CORE_70                                1                             1

CORE_NUM_NO_FETCH_CYCLES_WITH_READY_THREADS_CORE_70                   0                             0

CORE_NUM_FETCH_CYCLES_CORE_70                                   0                             0

CORE_FETCH_DELTA_CORE_70                                        0                           NaN

CORE_NUM_RETIRE_CYCLES_CORE_70                                  0                             0

CORE_RETIRE_DELTA_CORE_70                                       0                           NaN

FENCE_PREF_REQ_CORE_70                                          0                             0

FENCE_WAITING_CORE_70                                           0                             0

DYN_FENCE_NUM_CORE_70                                           0                             0

WB_ORDERING_STALL_CORE_70                                       0                             0

WB_FULL_CORE_70                                                 0                             0

FENCE_TOT_CYCLES_CORE_70                                        0                             0

FENCE_EXEC_CYCLES_CORE_70                                       0                             0

STORE_RES_CORE_70                                               0                             0

STORE_NUM_CORE_70                                               0                             0

STORE_WB_FREE_CORE_70                                           0                             0

SCHED_FAILED_REASON_SUCCESS_CORE_70                         12462                       9.82033%
SCHED_FAILED_OPERANDS_NOT_READY_CORE_70                    114438                       90.1797%
SCHED_FAILED_NO_AVAILABLE_PORTS_CORE_70                         0                             0%
SCHED_FAILED_NO_MEM_REQ_SLOTS_CORE_70                           0                             0%
SCHED_FAILED_NO_AVAILABLE_SIMD_UNIT_CORE_70                     0                             0%
SCHED_FAILED_FENCE_ACTIVE_CORE_70                               0                             0%
SCHED_FAILED_MEM_MANAGEMENT_CORE_70                             0                             0%
                                                           126900                           100%

NUM_SAMPLES_CORE_71                                        113727                        113727

NUM_ACTIVE_BLOCKS_CORE_71                                  876268                       7.70501

NUM_ACTIVE_THREADS_CORE_71                                3437969                         30.23

NUM_SCHED_IDLE_CYCLE_CORE_71                                    0                             0

NUM_NO_SCHED_CYCLE_CORE_71                                  19746                         19746

CORE_DISPATCHED_INST_CORE_71                                15544                         15544

CORE_DISPATCH_WAIT_CORE_71                                4663829                        300.04

CORE_CYCLES_CORE_71                                             0                             0

CORE_SCHED_THREADS_CORE_71                                      0                           NaN

CORE_NUM_NO_FETCH_CYCLES_CORE_71                                1                             1

CORE_NUM_NO_FETCH_CYCLES_WITH_READY_THREADS_CORE_71                   0                             0

CORE_NUM_FETCH_CYCLES_CORE_71                                   0                             0

CORE_FETCH_DELTA_CORE_71                                        0                           NaN

CORE_NUM_RETIRE_CYCLES_CORE_71                                  0                             0

CORE_RETIRE_DELTA_CORE_71                                       0                           NaN

FENCE_PREF_REQ_CORE_71                                          0                             0

FENCE_WAITING_CORE_71                                           0                             0

DYN_FENCE_NUM_CORE_71                                           0                             0

WB_ORDERING_STALL_CORE_71                                       0                             0

WB_FULL_CORE_71                                                 0                             0

FENCE_TOT_CYCLES_CORE_71                                        0                             0

FENCE_EXEC_CYCLES_CORE_71                                       0                             0

STORE_RES_CORE_71                                               0                             0

STORE_NUM_CORE_71                                               0                             0

STORE_WB_FREE_CORE_71                                           0                             0

SCHED_FAILED_REASON_SUCCESS_CORE_71                         15544                       11.3856%
SCHED_FAILED_OPERANDS_NOT_READY_CORE_71                    120979                       88.6144%
SCHED_FAILED_NO_AVAILABLE_PORTS_CORE_71                         0                             0%
SCHED_FAILED_NO_MEM_REQ_SLOTS_CORE_71                           0                             0%
SCHED_FAILED_NO_AVAILABLE_SIMD_UNIT_CORE_71                     0                             0%
SCHED_FAILED_FENCE_ACTIVE_CORE_71                               0                             0%
SCHED_FAILED_MEM_MANAGEMENT_CORE_71                             0                             0%
                                                           136523                           100%

NUM_SAMPLES_CORE_72                                        116870                        116870

NUM_ACTIVE_BLOCKS_CORE_72                                  922287                       7.89156

NUM_ACTIVE_THREADS_CORE_72                                3422356                       29.2834

NUM_SCHED_IDLE_CYCLE_CORE_72                                    0                             0

NUM_NO_SCHED_CYCLE_CORE_72                                  23819                         23819

CORE_DISPATCHED_INST_CORE_72                                12864                         12864

CORE_DISPATCH_WAIT_CORE_72                                4927925                       383.079

CORE_CYCLES_CORE_72                                             0                             0

CORE_SCHED_THREADS_CORE_72                                      0                           NaN

CORE_NUM_NO_FETCH_CYCLES_CORE_72                                1                             1

CORE_NUM_NO_FETCH_CYCLES_WITH_READY_THREADS_CORE_72                   0                             0

CORE_NUM_FETCH_CYCLES_CORE_72                                   0                             0

CORE_FETCH_DELTA_CORE_72                                        0                           NaN

CORE_NUM_RETIRE_CYCLES_CORE_72                                  0                             0

CORE_RETIRE_DELTA_CORE_72                                       0                           NaN

FENCE_PREF_REQ_CORE_72                                          0                             0

FENCE_WAITING_CORE_72                                           0                             0

DYN_FENCE_NUM_CORE_72                                           0                             0

WB_ORDERING_STALL_CORE_72                                       0                             0

WB_FULL_CORE_72                                                 0                             0

FENCE_TOT_CYCLES_CORE_72                                        0                             0

FENCE_EXEC_CYCLES_CORE_72                                       0                             0

STORE_RES_CORE_72                                               0                             0

STORE_NUM_CORE_72                                               0                             0

STORE_WB_FREE_CORE_72                                           0                             0

SCHED_FAILED_REASON_SUCCESS_CORE_72                         12864                       9.08661%
SCHED_FAILED_OPERANDS_NOT_READY_CORE_72                    128707                       90.9134%
SCHED_FAILED_NO_AVAILABLE_PORTS_CORE_72                         0                             0%
SCHED_FAILED_NO_MEM_REQ_SLOTS_CORE_72                           0                             0%
SCHED_FAILED_NO_AVAILABLE_SIMD_UNIT_CORE_72                     0                             0%
SCHED_FAILED_FENCE_ACTIVE_CORE_72                               0                             0%
SCHED_FAILED_MEM_MANAGEMENT_CORE_72                             0                             0%
                                                           141571                           100%

NUM_SAMPLES_CORE_73                                        126665                        126665

NUM_ACTIVE_BLOCKS_CORE_73                                 1002636                       7.91565

NUM_ACTIVE_THREADS_CORE_73                                3604728                       28.4588

NUM_SCHED_IDLE_CYCLE_CORE_73                                    0                             0

NUM_NO_SCHED_CYCLE_CORE_73                                  24033                         24033

CORE_DISPATCHED_INST_CORE_73                                18224                         18224

CORE_DISPATCH_WAIT_CORE_73                                4074872                       223.599

CORE_CYCLES_CORE_73                                             0                             0

CORE_SCHED_THREADS_CORE_73                                      0                           NaN

CORE_NUM_NO_FETCH_CYCLES_CORE_73                                1                             1

CORE_NUM_NO_FETCH_CYCLES_WITH_READY_THREADS_CORE_73                   0                             0

CORE_NUM_FETCH_CYCLES_CORE_73                                   0                             0

CORE_FETCH_DELTA_CORE_73                                        0                           NaN

CORE_NUM_RETIRE_CYCLES_CORE_73                                  0                             0

CORE_RETIRE_DELTA_CORE_73                                       0                           NaN

FENCE_PREF_REQ_CORE_73                                          0                             0

FENCE_WAITING_CORE_73                                           0                             0

DYN_FENCE_NUM_CORE_73                                           0                             0

WB_ORDERING_STALL_CORE_73                                       0                             0

WB_FULL_CORE_73                                                 0                             0

FENCE_TOT_CYCLES_CORE_73                                        0                             0

FENCE_EXEC_CYCLES_CORE_73                                       0                             0

STORE_RES_CORE_73                                               0                             0

STORE_NUM_CORE_73                                               0                             0

STORE_WB_FREE_CORE_73                                           0                             0

SCHED_FAILED_REASON_SUCCESS_CORE_73                         18224                       15.2375%
SCHED_FAILED_OPERANDS_NOT_READY_CORE_73                    101376                       84.7625%
SCHED_FAILED_NO_AVAILABLE_PORTS_CORE_73                         0                             0%
SCHED_FAILED_NO_MEM_REQ_SLOTS_CORE_73                           0                             0%
SCHED_FAILED_NO_AVAILABLE_SIMD_UNIT_CORE_73                     0                             0%
SCHED_FAILED_FENCE_ACTIVE_CORE_73                               0                             0%
SCHED_FAILED_MEM_MANAGEMENT_CORE_73                             0                             0%
                                                           119600                           100%

NUM_SAMPLES_CORE_74                                        125540                        125540

NUM_ACTIVE_BLOCKS_CORE_74                                  992615                       7.90676

NUM_ACTIVE_THREADS_CORE_74                                3780328                       30.1125

NUM_SCHED_IDLE_CYCLE_CORE_74                                    0                             0

NUM_NO_SCHED_CYCLE_CORE_74                                  25691                         25691

CORE_DISPATCHED_INST_CORE_74                                13400                         13400

CORE_DISPATCH_WAIT_CORE_74                                5321732                       397.144

CORE_CYCLES_CORE_74                                             0                             0

CORE_SCHED_THREADS_CORE_74                                      0                           NaN

CORE_NUM_NO_FETCH_CYCLES_CORE_74                                1                             1

CORE_NUM_NO_FETCH_CYCLES_WITH_READY_THREADS_CORE_74                   0                             0

CORE_NUM_FETCH_CYCLES_CORE_74                                   0                             0

CORE_FETCH_DELTA_CORE_74                                        0                           NaN

CORE_NUM_RETIRE_CYCLES_CORE_74                                  0                             0

CORE_RETIRE_DELTA_CORE_74                                       0                           NaN

FENCE_PREF_REQ_CORE_74                                          0                             0

FENCE_WAITING_CORE_74                                           0                             0

DYN_FENCE_NUM_CORE_74                                           0                             0

WB_ORDERING_STALL_CORE_74                                       0                             0

WB_FULL_CORE_74                                                 0                             0

FENCE_TOT_CYCLES_CORE_74                                        0                             0

FENCE_EXEC_CYCLES_CORE_74                                       0                             0

STORE_RES_CORE_74                                               0                             0

STORE_NUM_CORE_74                                               0                             0

STORE_WB_FREE_CORE_74                                           0                             0

SCHED_FAILED_REASON_SUCCESS_CORE_74                         13400                       8.27994%
SCHED_FAILED_OPERANDS_NOT_READY_CORE_74                    148437                       91.7201%
SCHED_FAILED_NO_AVAILABLE_PORTS_CORE_74                         0                             0%
SCHED_FAILED_NO_MEM_REQ_SLOTS_CORE_74                           0                             0%
SCHED_FAILED_NO_AVAILABLE_SIMD_UNIT_CORE_74                     0                             0%
SCHED_FAILED_FENCE_ACTIVE_CORE_74                               0                             0%
SCHED_FAILED_MEM_MANAGEMENT_CORE_74                             0                             0%
                                                           161837                           100%

NUM_SAMPLES_CORE_75                                        127220                        127220

NUM_ACTIVE_BLOCKS_CORE_75                                  996587                       7.83357

NUM_ACTIVE_THREADS_CORE_75                                3767377                       29.6131

NUM_SCHED_IDLE_CYCLE_CORE_75                                    0                             0

NUM_NO_SCHED_CYCLE_CORE_75                                  24822                         24822

CORE_DISPATCHED_INST_CORE_75                                18224                         18224

CORE_DISPATCH_WAIT_CORE_75                                4814599                        264.19

CORE_CYCLES_CORE_75                                             0                             0

CORE_SCHED_THREADS_CORE_75                                      0                           NaN

CORE_NUM_NO_FETCH_CYCLES_CORE_75                                1                             1

CORE_NUM_NO_FETCH_CYCLES_WITH_READY_THREADS_CORE_75                   0                             0

CORE_NUM_FETCH_CYCLES_CORE_75                                   0                             0

CORE_FETCH_DELTA_CORE_75                                        0                           NaN

CORE_NUM_RETIRE_CYCLES_CORE_75                                  0                             0

CORE_RETIRE_DELTA_CORE_75                                       0                           NaN

FENCE_PREF_REQ_CORE_75                                          0                             0

FENCE_WAITING_CORE_75                                           0                             0

DYN_FENCE_NUM_CORE_75                                           0                             0

WB_ORDERING_STALL_CORE_75                                       0                             0

WB_FULL_CORE_75                                                 0                             0

FENCE_TOT_CYCLES_CORE_75                                        0                             0

FENCE_EXEC_CYCLES_CORE_75                                       0                             0

STORE_RES_CORE_75                                               0                             0

STORE_NUM_CORE_75                                               0                             0

STORE_WB_FREE_CORE_75                                           0                             0

SCHED_FAILED_REASON_SUCCESS_CORE_75                         18224                       13.6963%
SCHED_FAILED_OPERANDS_NOT_READY_CORE_75                    114834                       86.3037%
SCHED_FAILED_NO_AVAILABLE_PORTS_CORE_75                         0                             0%
SCHED_FAILED_NO_MEM_REQ_SLOTS_CORE_75                           0                             0%
SCHED_FAILED_NO_AVAILABLE_SIMD_UNIT_CORE_75                     0                             0%
SCHED_FAILED_FENCE_ACTIVE_CORE_75                               0                             0%
SCHED_FAILED_MEM_MANAGEMENT_CORE_75                             0                             0%
                                                           133058                           100%

NUM_SAMPLES_CORE_76                                        124136                        124136

NUM_ACTIVE_BLOCKS_CORE_76                                  987399                       7.95417

NUM_ACTIVE_THREADS_CORE_76                                3512898                       28.2988

NUM_SCHED_IDLE_CYCLE_CORE_76                                    0                             0

NUM_NO_SCHED_CYCLE_CORE_76                                  23603                         23603

CORE_DISPATCHED_INST_CORE_76                                20368                         20368

CORE_DISPATCH_WAIT_CORE_76                                4957189                       243.381

CORE_CYCLES_CORE_76                                             0                             0

CORE_SCHED_THREADS_CORE_76                                      0                           NaN

CORE_NUM_NO_FETCH_CYCLES_CORE_76                                1                             1

CORE_NUM_NO_FETCH_CYCLES_WITH_READY_THREADS_CORE_76                   0                             0

CORE_NUM_FETCH_CYCLES_CORE_76                                   0                             0

CORE_FETCH_DELTA_CORE_76                                        0                           NaN

CORE_NUM_RETIRE_CYCLES_CORE_76                                  0                             0

CORE_RETIRE_DELTA_CORE_76                                       0                           NaN

FENCE_PREF_REQ_CORE_76                                          0                             0

FENCE_WAITING_CORE_76                                           0                             0

DYN_FENCE_NUM_CORE_76                                           0                             0

WB_ORDERING_STALL_CORE_76                                       0                             0

WB_FULL_CORE_76                                                 0                             0

FENCE_TOT_CYCLES_CORE_76                                        0                             0

FENCE_EXEC_CYCLES_CORE_76                                       0                             0

STORE_RES_CORE_76                                               0                             0

STORE_NUM_CORE_76                                               0                             0

STORE_WB_FREE_CORE_76                                           0                             0

SCHED_FAILED_REASON_SUCCESS_CORE_76                         20368                       12.6571%
SCHED_FAILED_OPERANDS_NOT_READY_CORE_76                    140553                       87.3429%
SCHED_FAILED_NO_AVAILABLE_PORTS_CORE_76                         0                             0%
SCHED_FAILED_NO_MEM_REQ_SLOTS_CORE_76                           0                             0%
SCHED_FAILED_NO_AVAILABLE_SIMD_UNIT_CORE_76                     0                             0%
SCHED_FAILED_FENCE_ACTIVE_CORE_76                               0                             0%
SCHED_FAILED_MEM_MANAGEMENT_CORE_76                             0                             0%
                                                           160921                           100%

NUM_SAMPLES_CORE_77                                        116989                        116989

NUM_ACTIVE_BLOCKS_CORE_77                                  921667                       7.87824

NUM_ACTIVE_THREADS_CORE_77                                3425706                       29.2823

NUM_SCHED_IDLE_CYCLE_CORE_77                                    0                             0

NUM_NO_SCHED_CYCLE_CORE_77                                  24237                         24237

CORE_DISPATCHED_INST_CORE_77                                12864                         12864

CORE_DISPATCH_WAIT_CORE_77                                4845655                       376.683

CORE_CYCLES_CORE_77                                             0                             0

CORE_SCHED_THREADS_CORE_77                                      0                           NaN

CORE_NUM_NO_FETCH_CYCLES_CORE_77                                1                             1

CORE_NUM_NO_FETCH_CYCLES_WITH_READY_THREADS_CORE_77                   0                             0

CORE_NUM_FETCH_CYCLES_CORE_77                                   0                             0

CORE_FETCH_DELTA_CORE_77                                        0                           NaN

CORE_NUM_RETIRE_CYCLES_CORE_77                                  0                             0

CORE_RETIRE_DELTA_CORE_77                                       0                           NaN

FENCE_PREF_REQ_CORE_77                                          0                             0

FENCE_WAITING_CORE_77                                           0                             0

DYN_FENCE_NUM_CORE_77                                           0                             0

WB_ORDERING_STALL_CORE_77                                       0                             0

WB_FULL_CORE_77                                                 0                             0

FENCE_TOT_CYCLES_CORE_77                                        0                             0

FENCE_EXEC_CYCLES_CORE_77                                       0                             0

STORE_RES_CORE_77                                               0                             0

STORE_NUM_CORE_77                                               0                             0

STORE_WB_FREE_CORE_77                                           0                             0

SCHED_FAILED_REASON_SUCCESS_CORE_77                         12864                       9.38629%
SCHED_FAILED_OPERANDS_NOT_READY_CORE_77                    124187                       90.6137%
SCHED_FAILED_NO_AVAILABLE_PORTS_CORE_77                         0                             0%
SCHED_FAILED_NO_MEM_REQ_SLOTS_CORE_77                           0                             0%
SCHED_FAILED_NO_AVAILABLE_SIMD_UNIT_CORE_77                     0                             0%
SCHED_FAILED_FENCE_ACTIVE_CORE_77                               0                             0%
SCHED_FAILED_MEM_MANAGEMENT_CORE_77                             0                             0%
                                                           137051                           100%

NUM_SAMPLES_CORE_78                                        123216                        123216

NUM_ACTIVE_BLOCKS_CORE_78                                  911684                       7.39907

NUM_ACTIVE_THREADS_CORE_78                                3650113                       29.6237

NUM_SCHED_IDLE_CYCLE_CORE_78                                    0                             0

NUM_NO_SCHED_CYCLE_CORE_78                                  25889                         25889

CORE_DISPATCHED_INST_CORE_78                                12462                         12462

CORE_DISPATCH_WAIT_CORE_78                                4721139                       378.843

CORE_CYCLES_CORE_78                                             0                             0

CORE_SCHED_THREADS_CORE_78                                      0                           NaN

CORE_NUM_NO_FETCH_CYCLES_CORE_78                                1                             1

CORE_NUM_NO_FETCH_CYCLES_WITH_READY_THREADS_CORE_78                   0                             0

CORE_NUM_FETCH_CYCLES_CORE_78                                   0                             0

CORE_FETCH_DELTA_CORE_78                                        0                           NaN

CORE_NUM_RETIRE_CYCLES_CORE_78                                  0                             0

CORE_RETIRE_DELTA_CORE_78                                       0                           NaN

FENCE_PREF_REQ_CORE_78                                          0                             0

FENCE_WAITING_CORE_78                                           0                             0

DYN_FENCE_NUM_CORE_78                                           0                             0

WB_ORDERING_STALL_CORE_78                                       0                             0

WB_FULL_CORE_78                                                 0                             0

FENCE_TOT_CYCLES_CORE_78                                        0                             0

FENCE_EXEC_CYCLES_CORE_78                                       0                             0

STORE_RES_CORE_78                                               0                             0

STORE_NUM_CORE_78                                               0                             0

STORE_WB_FREE_CORE_78                                           0                             0

SCHED_FAILED_REASON_SUCCESS_CORE_78                         12462                        7.4744%
SCHED_FAILED_OPERANDS_NOT_READY_CORE_78                    154267                       92.5256%
SCHED_FAILED_NO_AVAILABLE_PORTS_CORE_78                         0                             0%
SCHED_FAILED_NO_MEM_REQ_SLOTS_CORE_78                           0                             0%
SCHED_FAILED_NO_AVAILABLE_SIMD_UNIT_CORE_78                     0                             0%
SCHED_FAILED_FENCE_ACTIVE_CORE_78                               0                             0%
SCHED_FAILED_MEM_MANAGEMENT_CORE_78                             0                             0%
                                                           166729                           100%

NUM_SAMPLES_CORE_79                                        125811                        125811

NUM_ACTIVE_BLOCKS_CORE_79                                  999685                       7.94593

NUM_ACTIVE_THREADS_CORE_79                                3940326                       31.3194

NUM_SCHED_IDLE_CYCLE_CORE_79                                    0                             0

NUM_NO_SCHED_CYCLE_CORE_79                                  23777                         23777

CORE_DISPATCHED_INST_CORE_79                                19296                         19296

CORE_DISPATCH_WAIT_CORE_79                                5119146                       265.296

CORE_CYCLES_CORE_79                                             0                             0

CORE_SCHED_THREADS_CORE_79                                      0                           NaN

CORE_NUM_NO_FETCH_CYCLES_CORE_79                                1                             1

CORE_NUM_NO_FETCH_CYCLES_WITH_READY_THREADS_CORE_79                   0                             0

CORE_NUM_FETCH_CYCLES_CORE_79                                   0                             0

CORE_FETCH_DELTA_CORE_79                                        0                           NaN

CORE_NUM_RETIRE_CYCLES_CORE_79                                  0                             0

CORE_RETIRE_DELTA_CORE_79                                       0                           NaN

FENCE_PREF_REQ_CORE_79                                          0                             0

FENCE_WAITING_CORE_79                                           0                             0

DYN_FENCE_NUM_CORE_79                                           0                             0

WB_ORDERING_STALL_CORE_79                                       0                             0

WB_FULL_CORE_79                                                 0                             0

FENCE_TOT_CYCLES_CORE_79                                        0                             0

FENCE_EXEC_CYCLES_CORE_79                                       0                             0

STORE_RES_CORE_79                                               0                             0

STORE_NUM_CORE_79                                               0                             0

STORE_WB_FREE_CORE_79                                           0                             0

SCHED_FAILED_REASON_SUCCESS_CORE_79                         19296                       11.9771%
SCHED_FAILED_OPERANDS_NOT_READY_CORE_79                    141811                       88.0229%
SCHED_FAILED_NO_AVAILABLE_PORTS_CORE_79                         0                             0%
SCHED_FAILED_NO_MEM_REQ_SLOTS_CORE_79                           0                             0%
SCHED_FAILED_NO_AVAILABLE_SIMD_UNIT_CORE_79                     0                             0%
SCHED_FAILED_FENCE_ACTIVE_CORE_79                               0                             0%
SCHED_FAILED_MEM_MANAGEMENT_CORE_79                             0                             0%
                                                           161107                           100%

NUM_SAMPLES_CORE_80                                        123553                        123553

NUM_ACTIVE_BLOCKS_CORE_80                                  937200                       7.58541

NUM_ACTIVE_THREADS_CORE_80                                3614033                       29.2509

NUM_SCHED_IDLE_CYCLE_CORE_80                                    0                             0

NUM_NO_SCHED_CYCLE_CORE_80                                  26294                         26294

CORE_DISPATCHED_INST_CORE_80                                11256                         11256

CORE_DISPATCH_WAIT_CORE_80                                4957808                       440.459

CORE_CYCLES_CORE_80                                             0                             0

CORE_SCHED_THREADS_CORE_80                                      0                           NaN

CORE_NUM_NO_FETCH_CYCLES_CORE_80                                1                             1

CORE_NUM_NO_FETCH_CYCLES_WITH_READY_THREADS_CORE_80                   0                             0

CORE_NUM_FETCH_CYCLES_CORE_80                                   0                             0

CORE_FETCH_DELTA_CORE_80                                        0                           NaN

CORE_NUM_RETIRE_CYCLES_CORE_80                                  0                             0

CORE_RETIRE_DELTA_CORE_80                                       0                           NaN

FENCE_PREF_REQ_CORE_80                                          0                             0

FENCE_WAITING_CORE_80                                           0                             0

DYN_FENCE_NUM_CORE_80                                           0                             0

WB_ORDERING_STALL_CORE_80                                       0                             0

WB_FULL_CORE_80                                                 0                             0

FENCE_TOT_CYCLES_CORE_80                                        0                             0

FENCE_EXEC_CYCLES_CORE_80                                       0                             0

STORE_RES_CORE_80                                               0                             0

STORE_NUM_CORE_80                                               0                             0

STORE_WB_FREE_CORE_80                                           0                             0

SCHED_FAILED_REASON_SUCCESS_CORE_80                         11256                       6.88217%
SCHED_FAILED_OPERANDS_NOT_READY_CORE_80                    152297                       93.1178%
SCHED_FAILED_NO_AVAILABLE_PORTS_CORE_80                         0                             0%
SCHED_FAILED_NO_MEM_REQ_SLOTS_CORE_80                           0                             0%
SCHED_FAILED_NO_AVAILABLE_SIMD_UNIT_CORE_80                     0                             0%
SCHED_FAILED_FENCE_ACTIVE_CORE_80                               0                             0%
SCHED_FAILED_MEM_MANAGEMENT_CORE_80                             0                             0%
                                                           163553                           100%

NUM_SAMPLES_CORE_81                                        120784                        120784

NUM_ACTIVE_BLOCKS_CORE_81                                  944814                       7.82234

NUM_ACTIVE_THREADS_CORE_81                                3472650                       28.7509

NUM_SCHED_IDLE_CYCLE_CORE_81                                    0                             0

NUM_NO_SCHED_CYCLE_CORE_81                                  23490                         23490

CORE_DISPATCHED_INST_CORE_81                                14472                         14472

CORE_DISPATCH_WAIT_CORE_81                                4989397                       344.762

CORE_CYCLES_CORE_81                                             0                             0

CORE_SCHED_THREADS_CORE_81                                      0                           NaN

CORE_NUM_NO_FETCH_CYCLES_CORE_81                                1                             1

CORE_NUM_NO_FETCH_CYCLES_WITH_READY_THREADS_CORE_81                   0                             0

CORE_NUM_FETCH_CYCLES_CORE_81                                   0                             0

CORE_FETCH_DELTA_CORE_81                                        0                           NaN

CORE_NUM_RETIRE_CYCLES_CORE_81                                  0                             0

CORE_RETIRE_DELTA_CORE_81                                       0                           NaN

FENCE_PREF_REQ_CORE_81                                          0                             0

FENCE_WAITING_CORE_81                                           0                             0

DYN_FENCE_NUM_CORE_81                                           0                             0

WB_ORDERING_STALL_CORE_81                                       0                             0

WB_FULL_CORE_81                                                 0                             0

FENCE_TOT_CYCLES_CORE_81                                        0                             0

FENCE_EXEC_CYCLES_CORE_81                                       0                             0

STORE_RES_CORE_81                                               0                             0

STORE_NUM_CORE_81                                               0                             0

STORE_WB_FREE_CORE_81                                           0                             0

SCHED_FAILED_REASON_SUCCESS_CORE_81                         14472                       8.03496%
SCHED_FAILED_OPERANDS_NOT_READY_CORE_81                    165641                        91.965%
SCHED_FAILED_NO_AVAILABLE_PORTS_CORE_81                         0                             0%
SCHED_FAILED_NO_MEM_REQ_SLOTS_CORE_81                           0                             0%
SCHED_FAILED_NO_AVAILABLE_SIMD_UNIT_CORE_81                     0                             0%
SCHED_FAILED_FENCE_ACTIVE_CORE_81                               0                             0%
SCHED_FAILED_MEM_MANAGEMENT_CORE_81                             0                             0%
                                                           180113                           100%

NUM_SAMPLES_CORE_82                                        114788                        114788

NUM_ACTIVE_BLOCKS_CORE_82                                  890614                       7.75877

NUM_ACTIVE_THREADS_CORE_82                                3521781                       30.6807

NUM_SCHED_IDLE_CYCLE_CORE_82                                    0                             0

NUM_NO_SCHED_CYCLE_CORE_82                                  23483                         23483

CORE_DISPATCHED_INST_CORE_82                                12864                         12864

CORE_DISPATCH_WAIT_CORE_82                                4674994                       363.417

CORE_CYCLES_CORE_82                                             0                             0

CORE_SCHED_THREADS_CORE_82                                      0                           NaN

CORE_NUM_NO_FETCH_CYCLES_CORE_82                                1                             1

CORE_NUM_NO_FETCH_CYCLES_WITH_READY_THREADS_CORE_82                   0                             0

CORE_NUM_FETCH_CYCLES_CORE_82                                   0                             0

CORE_FETCH_DELTA_CORE_82                                        0                           NaN

CORE_NUM_RETIRE_CYCLES_CORE_82                                  0                             0

CORE_RETIRE_DELTA_CORE_82                                       0                           NaN

FENCE_PREF_REQ_CORE_82                                          0                             0

FENCE_WAITING_CORE_82                                           0                             0

DYN_FENCE_NUM_CORE_82                                           0                             0

WB_ORDERING_STALL_CORE_82                                       0                             0

WB_FULL_CORE_82                                                 0                             0

FENCE_TOT_CYCLES_CORE_82                                        0                             0

FENCE_EXEC_CYCLES_CORE_82                                       0                             0

STORE_RES_CORE_82                                               0                             0

STORE_NUM_CORE_82                                               0                             0

STORE_WB_FREE_CORE_82                                           0                             0

SCHED_FAILED_REASON_SUCCESS_CORE_82                         12864                       7.70244%
SCHED_FAILED_OPERANDS_NOT_READY_CORE_82                    154148                       92.2976%
SCHED_FAILED_NO_AVAILABLE_PORTS_CORE_82                         0                             0%
SCHED_FAILED_NO_MEM_REQ_SLOTS_CORE_82                           0                             0%
SCHED_FAILED_NO_AVAILABLE_SIMD_UNIT_CORE_82                     0                             0%
SCHED_FAILED_FENCE_ACTIVE_CORE_82                               0                             0%
SCHED_FAILED_MEM_MANAGEMENT_CORE_82                             0                             0%
                                                           167012                           100%

NUM_SAMPLES_CORE_83                                        122265                        122265

NUM_ACTIVE_BLOCKS_CORE_83                                  909586                       7.43946

NUM_ACTIVE_THREADS_CORE_83                                3534363                       28.9074

NUM_SCHED_IDLE_CYCLE_CORE_83                                    0                             0

NUM_NO_SCHED_CYCLE_CORE_83                                  25014                         25014

CORE_DISPATCHED_INST_CORE_83                                13936                         13936

CORE_DISPATCH_WAIT_CORE_83                                4658087                       334.249

CORE_CYCLES_CORE_83                                             0                             0

CORE_SCHED_THREADS_CORE_83                                      0                           NaN

CORE_NUM_NO_FETCH_CYCLES_CORE_83                                1                             1

CORE_NUM_NO_FETCH_CYCLES_WITH_READY_THREADS_CORE_83                   0                             0

CORE_NUM_FETCH_CYCLES_CORE_83                                   0                             0

CORE_FETCH_DELTA_CORE_83                                        0                           NaN

CORE_NUM_RETIRE_CYCLES_CORE_83                                  0                             0

CORE_RETIRE_DELTA_CORE_83                                       0                           NaN

FENCE_PREF_REQ_CORE_83                                          0                             0

FENCE_WAITING_CORE_83                                           0                             0

DYN_FENCE_NUM_CORE_83                                           0                             0

WB_ORDERING_STALL_CORE_83                                       0                             0

WB_FULL_CORE_83                                                 0                             0

FENCE_TOT_CYCLES_CORE_83                                        0                             0

FENCE_EXEC_CYCLES_CORE_83                                       0                             0

STORE_RES_CORE_83                                               0                             0

STORE_NUM_CORE_83                                               0                             0

STORE_WB_FREE_CORE_83                                           0                             0

SCHED_FAILED_REASON_SUCCESS_CORE_83                         13936                       9.42513%
SCHED_FAILED_OPERANDS_NOT_READY_CORE_83                    133924                       90.5749%
SCHED_FAILED_NO_AVAILABLE_PORTS_CORE_83                         0                             0%
SCHED_FAILED_NO_MEM_REQ_SLOTS_CORE_83                           0                             0%
SCHED_FAILED_NO_AVAILABLE_SIMD_UNIT_CORE_83                     0                             0%
SCHED_FAILED_FENCE_ACTIVE_CORE_83                               0                             0%
SCHED_FAILED_MEM_MANAGEMENT_CORE_83                             0                             0%
                                                           147860                           100%

NUM_SAMPLES_CORE_84                                        123719                        123719

NUM_ACTIVE_BLOCKS_CORE_84                                  912756                       7.37765

NUM_ACTIVE_THREADS_CORE_84                                3424401                       27.6789

NUM_SCHED_IDLE_CYCLE_CORE_84                                    0                             0

NUM_NO_SCHED_CYCLE_CORE_84                                  23778                         23778

CORE_DISPATCHED_INST_CORE_84                                18760                         18760

CORE_DISPATCH_WAIT_CORE_84                                4538486                       241.924

CORE_CYCLES_CORE_84                                             0                             0

CORE_SCHED_THREADS_CORE_84                                      0                           NaN

CORE_NUM_NO_FETCH_CYCLES_CORE_84                                1                             1

CORE_NUM_NO_FETCH_CYCLES_WITH_READY_THREADS_CORE_84                   0                             0

CORE_NUM_FETCH_CYCLES_CORE_84                                   0                             0

CORE_FETCH_DELTA_CORE_84                                        0                           NaN

CORE_NUM_RETIRE_CYCLES_CORE_84                                  0                             0

CORE_RETIRE_DELTA_CORE_84                                       0                           NaN

FENCE_PREF_REQ_CORE_84                                          0                             0

FENCE_WAITING_CORE_84                                           0                             0

DYN_FENCE_NUM_CORE_84                                           0                             0

WB_ORDERING_STALL_CORE_84                                       0                             0

WB_FULL_CORE_84                                                 0                             0

FENCE_TOT_CYCLES_CORE_84                                        0                             0

FENCE_EXEC_CYCLES_CORE_84                                       0                             0

STORE_RES_CORE_84                                               0                             0

STORE_NUM_CORE_84                                               0                             0

STORE_WB_FREE_CORE_84                                           0                             0

SCHED_FAILED_REASON_SUCCESS_CORE_84                         18760                       10.9468%
SCHED_FAILED_OPERANDS_NOT_READY_CORE_84                    152614                       89.0532%
SCHED_FAILED_NO_AVAILABLE_PORTS_CORE_84                         0                             0%
SCHED_FAILED_NO_MEM_REQ_SLOTS_CORE_84                           0                             0%
SCHED_FAILED_NO_AVAILABLE_SIMD_UNIT_CORE_84                     0                             0%
SCHED_FAILED_FENCE_ACTIVE_CORE_84                               0                             0%
SCHED_FAILED_MEM_MANAGEMENT_CORE_84                             0                             0%
                                                           171374                           100%

NUM_SAMPLES_CORE_85                                        126563                        126563

NUM_ACTIVE_BLOCKS_CORE_85                                  992027                       7.83821

NUM_ACTIVE_THREADS_CORE_85                                3761300                       29.7188

NUM_SCHED_IDLE_CYCLE_CORE_85                                    0                             0

NUM_NO_SCHED_CYCLE_CORE_85                                  26595                         26595

CORE_DISPATCHED_INST_CORE_85                                11792                         11792

CORE_DISPATCH_WAIT_CORE_85                                5351030                       453.785

CORE_CYCLES_CORE_85                                             0                             0

CORE_SCHED_THREADS_CORE_85                                      0                           NaN

CORE_NUM_NO_FETCH_CYCLES_CORE_85                                1                             1

CORE_NUM_NO_FETCH_CYCLES_WITH_READY_THREADS_CORE_85                   0                             0

CORE_NUM_FETCH_CYCLES_CORE_85                                   0                             0

CORE_FETCH_DELTA_CORE_85                                        0                           NaN

CORE_NUM_RETIRE_CYCLES_CORE_85                                  0                             0

CORE_RETIRE_DELTA_CORE_85                                       0                           NaN

FENCE_PREF_REQ_CORE_85                                          0                             0

FENCE_WAITING_CORE_85                                           0                             0

DYN_FENCE_NUM_CORE_85                                           0                             0

WB_ORDERING_STALL_CORE_85                                       0                             0

WB_FULL_CORE_85                                                 0                             0

FENCE_TOT_CYCLES_CORE_85                                        0                             0

FENCE_EXEC_CYCLES_CORE_85                                       0                             0

STORE_RES_CORE_85                                               0                             0

STORE_NUM_CORE_85                                               0                             0

STORE_WB_FREE_CORE_85                                           0                             0

SCHED_FAILED_REASON_SUCCESS_CORE_85                         11792                       7.86133%
SCHED_FAILED_OPERANDS_NOT_READY_CORE_85                    138208                       92.1387%
SCHED_FAILED_NO_AVAILABLE_PORTS_CORE_85                         0                             0%
SCHED_FAILED_NO_MEM_REQ_SLOTS_CORE_85                           0                             0%
SCHED_FAILED_NO_AVAILABLE_SIMD_UNIT_CORE_85                     0                             0%
SCHED_FAILED_FENCE_ACTIVE_CORE_85                               0                             0%
SCHED_FAILED_MEM_MANAGEMENT_CORE_85                             0                             0%
                                                           150000                           100%

NUM_SAMPLES_CORE_86                                        115947                        115947

NUM_ACTIVE_BLOCKS_CORE_86                                  915568                       7.89644

NUM_ACTIVE_THREADS_CORE_86                                3541574                       30.5448

NUM_SCHED_IDLE_CYCLE_CORE_86                                    0                             0

NUM_NO_SCHED_CYCLE_CORE_86                                  25253                         25253

CORE_DISPATCHED_INST_CORE_86                                 8040                          8040

CORE_DISPATCH_WAIT_CORE_86                                4919279                       611.851

CORE_CYCLES_CORE_86                                             0                             0

CORE_SCHED_THREADS_CORE_86                                      0                           NaN

CORE_NUM_NO_FETCH_CYCLES_CORE_86                                1                             1

CORE_NUM_NO_FETCH_CYCLES_WITH_READY_THREADS_CORE_86                   0                             0

CORE_NUM_FETCH_CYCLES_CORE_86                                   0                             0

CORE_FETCH_DELTA_CORE_86                                        0                           NaN

CORE_NUM_RETIRE_CYCLES_CORE_86                                  0                             0

CORE_RETIRE_DELTA_CORE_86                                       0                           NaN

FENCE_PREF_REQ_CORE_86                                          0                             0

FENCE_WAITING_CORE_86                                           0                             0

DYN_FENCE_NUM_CORE_86                                           0                             0

WB_ORDERING_STALL_CORE_86                                       0                             0

WB_FULL_CORE_86                                                 0                             0

FENCE_TOT_CYCLES_CORE_86                                        0                             0

FENCE_EXEC_CYCLES_CORE_86                                       0                             0

STORE_RES_CORE_86                                               0                             0

STORE_NUM_CORE_86                                               0                             0

STORE_WB_FREE_CORE_86                                           0                             0

SCHED_FAILED_REASON_SUCCESS_CORE_86                          8040                       5.23796%
SCHED_FAILED_OPERANDS_NOT_READY_CORE_86                    145455                        94.762%
SCHED_FAILED_NO_AVAILABLE_PORTS_CORE_86                         0                             0%
SCHED_FAILED_NO_MEM_REQ_SLOTS_CORE_86                           0                             0%
SCHED_FAILED_NO_AVAILABLE_SIMD_UNIT_CORE_86                     0                             0%
SCHED_FAILED_FENCE_ACTIVE_CORE_86                               0                             0%
SCHED_FAILED_MEM_MANAGEMENT_CORE_86                             0                             0%
                                                           153495                           100%

NUM_SAMPLES_CORE_87                                        125018                        125018

NUM_ACTIVE_BLOCKS_CORE_87                                  900221                       7.20073

NUM_ACTIVE_THREADS_CORE_87                                3373737                        26.986

NUM_SCHED_IDLE_CYCLE_CORE_87                                    0                             0

NUM_NO_SCHED_CYCLE_CORE_87                                  27837                         27837

CORE_DISPATCHED_INST_CORE_87                                 8040                          8040

CORE_DISPATCH_WAIT_CORE_87                                4770716                       593.373

CORE_CYCLES_CORE_87                                             0                             0

CORE_SCHED_THREADS_CORE_87                                      0                           NaN

CORE_NUM_NO_FETCH_CYCLES_CORE_87                                1                             1

CORE_NUM_NO_FETCH_CYCLES_WITH_READY_THREADS_CORE_87                   0                             0

CORE_NUM_FETCH_CYCLES_CORE_87                                   0                             0

CORE_FETCH_DELTA_CORE_87                                        0                           NaN

CORE_NUM_RETIRE_CYCLES_CORE_87                                  0                             0

CORE_RETIRE_DELTA_CORE_87                                       0                           NaN

FENCE_PREF_REQ_CORE_87                                          0                             0

FENCE_WAITING_CORE_87                                           0                             0

DYN_FENCE_NUM_CORE_87                                           0                             0

WB_ORDERING_STALL_CORE_87                                       0                             0

WB_FULL_CORE_87                                                 0                             0

FENCE_TOT_CYCLES_CORE_87                                        0                             0

FENCE_EXEC_CYCLES_CORE_87                                       0                             0

STORE_RES_CORE_87                                               0                             0

STORE_NUM_CORE_87                                               0                             0

STORE_WB_FREE_CORE_87                                           0                             0

SCHED_FAILED_REASON_SUCCESS_CORE_87                          8040                       5.69679%
SCHED_FAILED_OPERANDS_NOT_READY_CORE_87                    133092                       94.3032%
SCHED_FAILED_NO_AVAILABLE_PORTS_CORE_87                         0                             0%
SCHED_FAILED_NO_MEM_REQ_SLOTS_CORE_87                           0                             0%
SCHED_FAILED_NO_AVAILABLE_SIMD_UNIT_CORE_87                     0                             0%
SCHED_FAILED_FENCE_ACTIVE_CORE_87                               0                             0%
SCHED_FAILED_MEM_MANAGEMENT_CORE_87                             0                             0%
                                                           141132                           100%

NUM_SAMPLES_CORE_88                                        119815                        119815

NUM_ACTIVE_BLOCKS_CORE_88                                  941483                       7.85781

NUM_ACTIVE_THREADS_CORE_88                                3405196                       28.4204

NUM_SCHED_IDLE_CYCLE_CORE_88                                    0                             0

NUM_NO_SCHED_CYCLE_CORE_88                                  20900                         20900

CORE_DISPATCHED_INST_CORE_88                                18760                         18760

CORE_DISPATCH_WAIT_CORE_88                                4789463                       255.302

CORE_CYCLES_CORE_88                                             0                             0

CORE_SCHED_THREADS_CORE_88                                      0                           NaN

CORE_NUM_NO_FETCH_CYCLES_CORE_88                                1                             1

CORE_NUM_NO_FETCH_CYCLES_WITH_READY_THREADS_CORE_88                   0                             0

CORE_NUM_FETCH_CYCLES_CORE_88                                   0                             0

CORE_FETCH_DELTA_CORE_88                                        0                           NaN

CORE_NUM_RETIRE_CYCLES_CORE_88                                  0                             0

CORE_RETIRE_DELTA_CORE_88                                       0                           NaN

FENCE_PREF_REQ_CORE_88                                          0                             0

FENCE_WAITING_CORE_88                                           0                             0

DYN_FENCE_NUM_CORE_88                                           0                             0

WB_ORDERING_STALL_CORE_88                                       0                             0

WB_FULL_CORE_88                                                 0                             0

FENCE_TOT_CYCLES_CORE_88                                        0                             0

FENCE_EXEC_CYCLES_CORE_88                                       0                             0

STORE_RES_CORE_88                                               0                             0

STORE_NUM_CORE_88                                               0                             0

STORE_WB_FREE_CORE_88                                           0                             0

SCHED_FAILED_REASON_SUCCESS_CORE_88                         18760                       12.1652%
SCHED_FAILED_OPERANDS_NOT_READY_CORE_88                    135450                       87.8348%
SCHED_FAILED_NO_AVAILABLE_PORTS_CORE_88                         0                             0%
SCHED_FAILED_NO_MEM_REQ_SLOTS_CORE_88                           0                             0%
SCHED_FAILED_NO_AVAILABLE_SIMD_UNIT_CORE_88                     0                             0%
SCHED_FAILED_FENCE_ACTIVE_CORE_88                               0                             0%
SCHED_FAILED_MEM_MANAGEMENT_CORE_88                             0                             0%
                                                           154210                           100%

NUM_SAMPLES_CORE_89                                        124870                        124870

NUM_ACTIVE_BLOCKS_CORE_89                                  977569                       7.82869

NUM_ACTIVE_THREADS_CORE_89                                3882012                       31.0884

NUM_SCHED_IDLE_CYCLE_CORE_89                                    0                             0

NUM_NO_SCHED_CYCLE_CORE_89                                  25461                         25461

CORE_DISPATCHED_INST_CORE_89                                12328                         12328

CORE_DISPATCH_WAIT_CORE_89                                5108995                       414.422

CORE_CYCLES_CORE_89                                             0                             0

CORE_SCHED_THREADS_CORE_89                                      0                           NaN

CORE_NUM_NO_FETCH_CYCLES_CORE_89                                1                             1

CORE_NUM_NO_FETCH_CYCLES_WITH_READY_THREADS_CORE_89                   0                             0

CORE_NUM_FETCH_CYCLES_CORE_89                                   0                             0

CORE_FETCH_DELTA_CORE_89                                        0                           NaN

CORE_NUM_RETIRE_CYCLES_CORE_89                                  0                             0

CORE_RETIRE_DELTA_CORE_89                                       0                           NaN

FENCE_PREF_REQ_CORE_89                                          0                             0

FENCE_WAITING_CORE_89                                           0                             0

DYN_FENCE_NUM_CORE_89                                           0                             0

WB_ORDERING_STALL_CORE_89                                       0                             0

WB_FULL_CORE_89                                                 0                             0

FENCE_TOT_CYCLES_CORE_89                                        0                             0

FENCE_EXEC_CYCLES_CORE_89                                       0                             0

STORE_RES_CORE_89                                               0                             0

STORE_NUM_CORE_89                                               0                             0

STORE_WB_FREE_CORE_89                                           0                             0

SCHED_FAILED_REASON_SUCCESS_CORE_89                         12328                       7.54444%
SCHED_FAILED_OPERANDS_NOT_READY_CORE_89                    151077                       92.4556%
SCHED_FAILED_NO_AVAILABLE_PORTS_CORE_89                         0                             0%
SCHED_FAILED_NO_MEM_REQ_SLOTS_CORE_89                           0                             0%
SCHED_FAILED_NO_AVAILABLE_SIMD_UNIT_CORE_89                     0                             0%
SCHED_FAILED_FENCE_ACTIVE_CORE_89                               0                             0%
SCHED_FAILED_MEM_MANAGEMENT_CORE_89                             0                             0%
                                                           163405                           100%

NUM_SAMPLES_CORE_90                                        125179                        125179

NUM_ACTIVE_BLOCKS_CORE_90                                  989674                       7.90607

NUM_ACTIVE_THREADS_CORE_90                                3938533                       31.4632

NUM_SCHED_IDLE_CYCLE_CORE_90                                    0                             0

NUM_NO_SCHED_CYCLE_CORE_90                                  27368                         27368

CORE_DISPATCHED_INST_CORE_90                                 9648                          9648

CORE_DISPATCH_WAIT_CORE_90                                5265556                       545.767

CORE_CYCLES_CORE_90                                             0                             0

CORE_SCHED_THREADS_CORE_90                                      0                           NaN

CORE_NUM_NO_FETCH_CYCLES_CORE_90                                1                             1

CORE_NUM_NO_FETCH_CYCLES_WITH_READY_THREADS_CORE_90                   0                             0

CORE_NUM_FETCH_CYCLES_CORE_90                                   0                             0

CORE_FETCH_DELTA_CORE_90                                        0                           NaN

CORE_NUM_RETIRE_CYCLES_CORE_90                                  0                             0

CORE_RETIRE_DELTA_CORE_90                                       0                           NaN

FENCE_PREF_REQ_CORE_90                                          0                             0

FENCE_WAITING_CORE_90                                           0                             0

DYN_FENCE_NUM_CORE_90                                           0                             0

WB_ORDERING_STALL_CORE_90                                       0                             0

WB_FULL_CORE_90                                                 0                             0

FENCE_TOT_CYCLES_CORE_90                                        0                             0

FENCE_EXEC_CYCLES_CORE_90                                       0                             0

STORE_RES_CORE_90                                               0                             0

STORE_NUM_CORE_90                                               0                             0

STORE_WB_FREE_CORE_90                                           0                             0

SCHED_FAILED_REASON_SUCCESS_CORE_90                          9648                       4.91327%
SCHED_FAILED_OPERANDS_NOT_READY_CORE_90                    186718                       95.0867%
SCHED_FAILED_NO_AVAILABLE_PORTS_CORE_90                         0                             0%
SCHED_FAILED_NO_MEM_REQ_SLOTS_CORE_90                           0                             0%
SCHED_FAILED_NO_AVAILABLE_SIMD_UNIT_CORE_90                     0                             0%
SCHED_FAILED_FENCE_ACTIVE_CORE_90                               0                             0%
SCHED_FAILED_MEM_MANAGEMENT_CORE_90                             0                             0%
                                                           196366                           100%

NUM_SAMPLES_CORE_91                                        122564                        122564

NUM_ACTIVE_BLOCKS_CORE_91                                  945139                       7.71139

NUM_ACTIVE_THREADS_CORE_91                                3487823                       28.4572

NUM_SCHED_IDLE_CYCLE_CORE_91                                    0                             0

NUM_NO_SCHED_CYCLE_CORE_91                                  25925                         25925

CORE_DISPATCHED_INST_CORE_91                                10184                         10184

CORE_DISPATCH_WAIT_CORE_91                                5203477                       510.946

CORE_CYCLES_CORE_91                                             0                             0

CORE_SCHED_THREADS_CORE_91                                      0                           NaN

CORE_NUM_NO_FETCH_CYCLES_CORE_91                                1                             1

CORE_NUM_NO_FETCH_CYCLES_WITH_READY_THREADS_CORE_91                   0                             0

CORE_NUM_FETCH_CYCLES_CORE_91                                   0                             0

CORE_FETCH_DELTA_CORE_91                                        0                           NaN

CORE_NUM_RETIRE_CYCLES_CORE_91                                  0                             0

CORE_RETIRE_DELTA_CORE_91                                       0                           NaN

FENCE_PREF_REQ_CORE_91                                          0                             0

FENCE_WAITING_CORE_91                                           0                             0

DYN_FENCE_NUM_CORE_91                                           0                             0

WB_ORDERING_STALL_CORE_91                                       0                             0

WB_FULL_CORE_91                                                 0                             0

FENCE_TOT_CYCLES_CORE_91                                        0                             0

FENCE_EXEC_CYCLES_CORE_91                                       0                             0

STORE_RES_CORE_91                                               0                             0

STORE_NUM_CORE_91                                               0                             0

STORE_WB_FREE_CORE_91                                           0                             0

SCHED_FAILED_REASON_SUCCESS_CORE_91                         10184                       7.25785%
SCHED_FAILED_OPERANDS_NOT_READY_CORE_91                    130133                       92.7421%
SCHED_FAILED_NO_AVAILABLE_PORTS_CORE_91                         0                             0%
SCHED_FAILED_NO_MEM_REQ_SLOTS_CORE_91                           0                             0%
SCHED_FAILED_NO_AVAILABLE_SIMD_UNIT_CORE_91                     0                             0%
SCHED_FAILED_FENCE_ACTIVE_CORE_91                               0                             0%
SCHED_FAILED_MEM_MANAGEMENT_CORE_91                             0                             0%
                                                           140317                           100%

NUM_SAMPLES_CORE_92                                        117011                        117011

NUM_ACTIVE_BLOCKS_CORE_92                                  927962                       7.93055

NUM_ACTIVE_THREADS_CORE_92                                3526327                       30.1367

NUM_SCHED_IDLE_CYCLE_CORE_92                                    0                             0

NUM_NO_SCHED_CYCLE_CORE_92                                  20822                         20822

CORE_DISPATCHED_INST_CORE_92                                20368                         20368

CORE_DISPATCH_WAIT_CORE_92                                4722705                       231.869

CORE_CYCLES_CORE_92                                             0                             0

CORE_SCHED_THREADS_CORE_92                                      0                           NaN

CORE_NUM_NO_FETCH_CYCLES_CORE_92                                1                             1

CORE_NUM_NO_FETCH_CYCLES_WITH_READY_THREADS_CORE_92                   0                             0

CORE_NUM_FETCH_CYCLES_CORE_92                                   0                             0

CORE_FETCH_DELTA_CORE_92                                        0                           NaN

CORE_NUM_RETIRE_CYCLES_CORE_92                                  0                             0

CORE_RETIRE_DELTA_CORE_92                                       0                           NaN

FENCE_PREF_REQ_CORE_92                                          0                             0

FENCE_WAITING_CORE_92                                           0                             0

DYN_FENCE_NUM_CORE_92                                           0                             0

WB_ORDERING_STALL_CORE_92                                       0                             0

WB_FULL_CORE_92                                                 0                             0

FENCE_TOT_CYCLES_CORE_92                                        0                             0

FENCE_EXEC_CYCLES_CORE_92                                       0                             0

STORE_RES_CORE_92                                               0                             0

STORE_NUM_CORE_92                                               0                             0

STORE_WB_FREE_CORE_92                                           0                             0

SCHED_FAILED_REASON_SUCCESS_CORE_92                         20368                       12.7789%
SCHED_FAILED_OPERANDS_NOT_READY_CORE_92                    139020                       87.2211%
SCHED_FAILED_NO_AVAILABLE_PORTS_CORE_92                         0                             0%
SCHED_FAILED_NO_MEM_REQ_SLOTS_CORE_92                           0                             0%
SCHED_FAILED_NO_AVAILABLE_SIMD_UNIT_CORE_92                     0                             0%
SCHED_FAILED_FENCE_ACTIVE_CORE_92                               0                             0%
SCHED_FAILED_MEM_MANAGEMENT_CORE_92                             0                             0%
                                                           159388                           100%

NUM_SAMPLES_CORE_93                                        125587                        125587

NUM_ACTIVE_BLOCKS_CORE_93                                  964726                       7.68173

NUM_ACTIVE_THREADS_CORE_93                                3587283                       28.5641

NUM_SCHED_IDLE_CYCLE_CORE_93                                    0                             0

NUM_NO_SCHED_CYCLE_CORE_93                                  23712                         23712

CORE_DISPATCHED_INST_CORE_93                                18760                         18760

CORE_DISPATCH_WAIT_CORE_93                                4979799                       265.448

CORE_CYCLES_CORE_93                                             0                             0

CORE_SCHED_THREADS_CORE_93                                      0                           NaN

CORE_NUM_NO_FETCH_CYCLES_CORE_93                                1                             1

CORE_NUM_NO_FETCH_CYCLES_WITH_READY_THREADS_CORE_93                   0                             0

CORE_NUM_FETCH_CYCLES_CORE_93                                   0                             0

CORE_FETCH_DELTA_CORE_93                                        0                           NaN

CORE_NUM_RETIRE_CYCLES_CORE_93                                  0                             0

CORE_RETIRE_DELTA_CORE_93                                       0                           NaN

FENCE_PREF_REQ_CORE_93                                          0                             0

FENCE_WAITING_CORE_93                                           0                             0

DYN_FENCE_NUM_CORE_93                                           0                             0

WB_ORDERING_STALL_CORE_93                                       0                             0

WB_FULL_CORE_93                                                 0                             0

FENCE_TOT_CYCLES_CORE_93                                        0                             0

FENCE_EXEC_CYCLES_CORE_93                                       0                             0

STORE_RES_CORE_93                                               0                             0

STORE_NUM_CORE_93                                               0                             0

STORE_WB_FREE_CORE_93                                           0                             0

SCHED_FAILED_REASON_SUCCESS_CORE_93                         18760                       10.3381%
SCHED_FAILED_OPERANDS_NOT_READY_CORE_93                    162704                       89.6619%
SCHED_FAILED_NO_AVAILABLE_PORTS_CORE_93                         0                             0%
SCHED_FAILED_NO_MEM_REQ_SLOTS_CORE_93                           0                             0%
SCHED_FAILED_NO_AVAILABLE_SIMD_UNIT_CORE_93                     0                             0%
SCHED_FAILED_FENCE_ACTIVE_CORE_93                               0                             0%
SCHED_FAILED_MEM_MANAGEMENT_CORE_93                             0                             0%
                                                           181464                           100%

NUM_SAMPLES_CORE_94                                        118960                        118960

NUM_ACTIVE_BLOCKS_CORE_94                                  935745                       7.86605

NUM_ACTIVE_THREADS_CORE_94                                3414104                       28.6996

NUM_SCHED_IDLE_CYCLE_CORE_94                                    0                             0

NUM_NO_SCHED_CYCLE_CORE_94                                  24391                         24391

CORE_DISPATCHED_INST_CORE_94                                12328                         12328

CORE_DISPATCH_WAIT_CORE_94                                4768310                       386.787

CORE_CYCLES_CORE_94                                             0                             0

CORE_SCHED_THREADS_CORE_94                                      0                           NaN

CORE_NUM_NO_FETCH_CYCLES_CORE_94                                3                             3

CORE_NUM_NO_FETCH_CYCLES_WITH_READY_THREADS_CORE_94                   0                             0

CORE_NUM_FETCH_CYCLES_CORE_94                                   0                             0

CORE_FETCH_DELTA_CORE_94                                        0                           NaN

CORE_NUM_RETIRE_CYCLES_CORE_94                                  0                             0

CORE_RETIRE_DELTA_CORE_94                                       0                           NaN

FENCE_PREF_REQ_CORE_94                                          0                             0

FENCE_WAITING_CORE_94                                           0                             0

DYN_FENCE_NUM_CORE_94                                           0                             0

WB_ORDERING_STALL_CORE_94                                       0                             0

WB_FULL_CORE_94                                                 0                             0

FENCE_TOT_CYCLES_CORE_94                                        0                             0

FENCE_EXEC_CYCLES_CORE_94                                       0                             0

STORE_RES_CORE_94                                               0                             0

STORE_NUM_CORE_94                                               0                             0

STORE_WB_FREE_CORE_94                                           0                             0

SCHED_FAILED_REASON_SUCCESS_CORE_94                         12328                       7.08856%
SCHED_FAILED_OPERANDS_NOT_READY_CORE_94                    161586                       92.9114%
SCHED_FAILED_NO_AVAILABLE_PORTS_CORE_94                         0                             0%
SCHED_FAILED_NO_MEM_REQ_SLOTS_CORE_94                           0                             0%
SCHED_FAILED_NO_AVAILABLE_SIMD_UNIT_CORE_94                     0                             0%
SCHED_FAILED_FENCE_ACTIVE_CORE_94                               0                             0%
SCHED_FAILED_MEM_MANAGEMENT_CORE_94                             0                             0%
                                                           173914                           100%

NUM_SAMPLES_CORE_95                                        125769                        125769

NUM_ACTIVE_BLOCKS_CORE_95                                  966599                       7.68551

NUM_ACTIVE_THREADS_CORE_95                                3830887                       30.4597

NUM_SCHED_IDLE_CYCLE_CORE_95                                    0                             0

NUM_NO_SCHED_CYCLE_CORE_95                                  26405                         26405

CORE_DISPATCHED_INST_CORE_95                                12864                         12864

CORE_DISPATCH_WAIT_CORE_95                                5150848                       400.408

CORE_CYCLES_CORE_95                                             0                             0

CORE_SCHED_THREADS_CORE_95                                      0                           NaN

CORE_NUM_NO_FETCH_CYCLES_CORE_95                                1                             1

CORE_NUM_NO_FETCH_CYCLES_WITH_READY_THREADS_CORE_95                   0                             0

CORE_NUM_FETCH_CYCLES_CORE_95                                   0                             0

CORE_FETCH_DELTA_CORE_95                                        0                           NaN

CORE_NUM_RETIRE_CYCLES_CORE_95                                  0                             0

CORE_RETIRE_DELTA_CORE_95                                       0                           NaN

FENCE_PREF_REQ_CORE_95                                          0                             0

FENCE_WAITING_CORE_95                                           0                             0

DYN_FENCE_NUM_CORE_95                                           0                             0

WB_ORDERING_STALL_CORE_95                                       0                             0

WB_FULL_CORE_95                                                 0                             0

FENCE_TOT_CYCLES_CORE_95                                        0                             0

FENCE_EXEC_CYCLES_CORE_95                                       0                             0

STORE_RES_CORE_95                                               0                             0

STORE_NUM_CORE_95                                               0                             0

STORE_WB_FREE_CORE_95                                           0                             0

SCHED_FAILED_REASON_SUCCESS_CORE_95                         12864                       7.73374%
SCHED_FAILED_OPERANDS_NOT_READY_CORE_95                    153472                       92.2663%
SCHED_FAILED_NO_AVAILABLE_PORTS_CORE_95                         0                             0%
SCHED_FAILED_NO_MEM_REQ_SLOTS_CORE_95                           0                             0%
SCHED_FAILED_NO_AVAILABLE_SIMD_UNIT_CORE_95                     0                             0%
SCHED_FAILED_FENCE_ACTIVE_CORE_95                               0                             0%
SCHED_FAILED_MEM_MANAGEMENT_CORE_95                             0                             0%
                                                           166336                           100%

NUM_SAMPLES_CORE_96                                        119737                        119737

NUM_ACTIVE_BLOCKS_CORE_96                                  899377                       7.51127

NUM_ACTIVE_THREADS_CORE_96                                3481175                       29.0735

NUM_SCHED_IDLE_CYCLE_CORE_96                                    0                             0

NUM_NO_SCHED_CYCLE_CORE_96                                  22493                         22493

CORE_DISPATCHED_INST_CORE_96                                12145                         12145

CORE_DISPATCH_WAIT_CORE_96                                4793470                       394.687

CORE_CYCLES_CORE_96                                             0                             0

CORE_SCHED_THREADS_CORE_96                                      0                           NaN

CORE_NUM_NO_FETCH_CYCLES_CORE_96                                1                             1

CORE_NUM_NO_FETCH_CYCLES_WITH_READY_THREADS_CORE_96                   0                             0

CORE_NUM_FETCH_CYCLES_CORE_96                                   0                             0

CORE_FETCH_DELTA_CORE_96                                        0                           NaN

CORE_NUM_RETIRE_CYCLES_CORE_96                                  0                             0

CORE_RETIRE_DELTA_CORE_96                                       0                           NaN

FENCE_PREF_REQ_CORE_96                                          0                             0

FENCE_WAITING_CORE_96                                           0                             0

DYN_FENCE_NUM_CORE_96                                           0                             0

WB_ORDERING_STALL_CORE_96                                       0                             0

WB_FULL_CORE_96                                                 0                             0

FENCE_TOT_CYCLES_CORE_96                                        0                             0

FENCE_EXEC_CYCLES_CORE_96                                       0                             0

STORE_RES_CORE_96                                               0                             0

STORE_NUM_CORE_96                                               0                             0

STORE_WB_FREE_CORE_96                                           0                             0

SCHED_FAILED_REASON_SUCCESS_CORE_96                         12145                       7.98861%
SCHED_FAILED_OPERANDS_NOT_READY_CORE_96                    139884                       92.0114%
SCHED_FAILED_NO_AVAILABLE_PORTS_CORE_96                         0                             0%
SCHED_FAILED_NO_MEM_REQ_SLOTS_CORE_96                           0                             0%
SCHED_FAILED_NO_AVAILABLE_SIMD_UNIT_CORE_96                     0                             0%
SCHED_FAILED_FENCE_ACTIVE_CORE_96                               0                             0%
SCHED_FAILED_MEM_MANAGEMENT_CORE_96                             0                             0%
                                                           152029                           100%

NUM_SAMPLES_CORE_97                                        122202                        122202

NUM_ACTIVE_BLOCKS_CORE_97                                  951410                       7.78555

NUM_ACTIVE_THREADS_CORE_97                                3444578                       28.1876

NUM_SCHED_IDLE_CYCLE_CORE_97                                    0                             0

NUM_NO_SCHED_CYCLE_CORE_97                                  22297                         22297

CORE_DISPATCHED_INST_CORE_97                                19296                         19296

CORE_DISPATCH_WAIT_CORE_97                                4826881                       250.149

CORE_CYCLES_CORE_97                                             0                             0

CORE_SCHED_THREADS_CORE_97                                      0                           NaN

CORE_NUM_NO_FETCH_CYCLES_CORE_97                                1                             1

CORE_NUM_NO_FETCH_CYCLES_WITH_READY_THREADS_CORE_97                   0                             0

CORE_NUM_FETCH_CYCLES_CORE_97                                   0                             0

CORE_FETCH_DELTA_CORE_97                                        0                           NaN

CORE_NUM_RETIRE_CYCLES_CORE_97                                  0                             0

CORE_RETIRE_DELTA_CORE_97                                       0                           NaN

FENCE_PREF_REQ_CORE_97                                          0                             0

FENCE_WAITING_CORE_97                                           0                             0

DYN_FENCE_NUM_CORE_97                                           0                             0

WB_ORDERING_STALL_CORE_97                                       0                             0

WB_FULL_CORE_97                                                 0                             0

FENCE_TOT_CYCLES_CORE_97                                        0                             0

FENCE_EXEC_CYCLES_CORE_97                                       0                             0

STORE_RES_CORE_97                                               0                             0

STORE_NUM_CORE_97                                               0                             0

STORE_WB_FREE_CORE_97                                           0                             0

SCHED_FAILED_REASON_SUCCESS_CORE_97                         19296                        14.125%
SCHED_FAILED_OPERANDS_NOT_READY_CORE_97                    117313                        85.875%
SCHED_FAILED_NO_AVAILABLE_PORTS_CORE_97                         0                             0%
SCHED_FAILED_NO_MEM_REQ_SLOTS_CORE_97                           0                             0%
SCHED_FAILED_NO_AVAILABLE_SIMD_UNIT_CORE_97                     0                             0%
SCHED_FAILED_FENCE_ACTIVE_CORE_97                               0                             0%
SCHED_FAILED_MEM_MANAGEMENT_CORE_97                             0                             0%
                                                           136609                           100%

NUM_SAMPLES_CORE_98                                        122326                        122326

NUM_ACTIVE_BLOCKS_CORE_98                                  970267                       7.93181

NUM_ACTIVE_THREADS_CORE_98                                3541419                       28.9507

NUM_SCHED_IDLE_CYCLE_CORE_98                                    0                             0

NUM_NO_SCHED_CYCLE_CORE_98                                  21196                         21196

CORE_DISPATCHED_INST_CORE_98                                20368                         20368

CORE_DISPATCH_WAIT_CORE_98                                4968306                       243.927

CORE_CYCLES_CORE_98                                             0                             0

CORE_SCHED_THREADS_CORE_98                                      0                           NaN

CORE_NUM_NO_FETCH_CYCLES_CORE_98                                1                             1

CORE_NUM_NO_FETCH_CYCLES_WITH_READY_THREADS_CORE_98                   0                             0

CORE_NUM_FETCH_CYCLES_CORE_98                                   0                             0

CORE_FETCH_DELTA_CORE_98                                        0                           NaN

CORE_NUM_RETIRE_CYCLES_CORE_98                                  0                             0

CORE_RETIRE_DELTA_CORE_98                                       0                           NaN

FENCE_PREF_REQ_CORE_98                                          0                             0

FENCE_WAITING_CORE_98                                           0                             0

DYN_FENCE_NUM_CORE_98                                           0                             0

WB_ORDERING_STALL_CORE_98                                       0                             0

WB_FULL_CORE_98                                                 0                             0

FENCE_TOT_CYCLES_CORE_98                                        0                             0

FENCE_EXEC_CYCLES_CORE_98                                       0                             0

STORE_RES_CORE_98                                               0                             0

STORE_NUM_CORE_98                                               0                             0

STORE_WB_FREE_CORE_98                                           0                             0

SCHED_FAILED_REASON_SUCCESS_CORE_98                         20368                       13.8659%
SCHED_FAILED_OPERANDS_NOT_READY_CORE_98                    126525                       86.1341%
SCHED_FAILED_NO_AVAILABLE_PORTS_CORE_98                         0                             0%
SCHED_FAILED_NO_MEM_REQ_SLOTS_CORE_98                           0                             0%
SCHED_FAILED_NO_AVAILABLE_SIMD_UNIT_CORE_98                     0                             0%
SCHED_FAILED_FENCE_ACTIVE_CORE_98                               0                             0%
SCHED_FAILED_MEM_MANAGEMENT_CORE_98                             0                             0%
                                                           146893                           100%

NUM_SAMPLES_CORE_99                                        126688                        126688

NUM_ACTIVE_BLOCKS_CORE_99                                 1003767                       7.92314

NUM_ACTIVE_THREADS_CORE_99                                3652284                        28.829

NUM_SCHED_IDLE_CYCLE_CORE_99                                    0                             0

NUM_NO_SCHED_CYCLE_CORE_99                                  25972                         25972

CORE_DISPATCHED_INST_CORE_99                                13400                         13400

CORE_DISPATCH_WAIT_CORE_99                                3976578                        296.76

CORE_CYCLES_CORE_99                                             0                             0

CORE_SCHED_THREADS_CORE_99                                      0                           NaN

CORE_NUM_NO_FETCH_CYCLES_CORE_99                                1                             1

CORE_NUM_NO_FETCH_CYCLES_WITH_READY_THREADS_CORE_99                   0                             0

CORE_NUM_FETCH_CYCLES_CORE_99                                   0                             0

CORE_FETCH_DELTA_CORE_99                                        0                           NaN

CORE_NUM_RETIRE_CYCLES_CORE_99                                  0                             0

CORE_RETIRE_DELTA_CORE_99                                       0                           NaN

FENCE_PREF_REQ_CORE_99                                          0                             0

FENCE_WAITING_CORE_99                                           0                             0

DYN_FENCE_NUM_CORE_99                                           0                             0

WB_ORDERING_STALL_CORE_99                                       0                             0

WB_FULL_CORE_99                                                 0                             0

FENCE_TOT_CYCLES_CORE_99                                        0                             0

FENCE_EXEC_CYCLES_CORE_99                                       0                             0

STORE_RES_CORE_99                                               0                             0

STORE_NUM_CORE_99                                               0                             0

STORE_WB_FREE_CORE_99                                           0                             0

SCHED_FAILED_REASON_SUCCESS_CORE_99                         13400                       9.90875%
SCHED_FAILED_OPERANDS_NOT_READY_CORE_99                    121834                       90.0912%
SCHED_FAILED_NO_AVAILABLE_PORTS_CORE_99                         0                             0%
SCHED_FAILED_NO_MEM_REQ_SLOTS_CORE_99                           0                             0%
SCHED_FAILED_NO_AVAILABLE_SIMD_UNIT_CORE_99                     0                             0%
SCHED_FAILED_FENCE_ACTIVE_CORE_99                               0                             0%
SCHED_FAILED_MEM_MANAGEMENT_CORE_99                             0                             0%
                                                           135234                           100%

NUM_SAMPLES_CORE_100                                       115671                        115671

NUM_ACTIVE_BLOCKS_CORE_100                                 900981                       7.78917

NUM_ACTIVE_THREADS_CORE_100                               3221739                       27.8526

NUM_SCHED_IDLE_CYCLE_CORE_100                                   0                             0

NUM_NO_SCHED_CYCLE_CORE_100                                 19697                         19697

CORE_DISPATCHED_INST_CORE_100                               19832                         19832

CORE_DISPATCH_WAIT_CORE_100                               4562727                       230.069

CORE_CYCLES_CORE_100                                            0                             0

CORE_SCHED_THREADS_CORE_100                                     0                           NaN

CORE_NUM_NO_FETCH_CYCLES_CORE_100                               1                             1

CORE_NUM_NO_FETCH_CYCLES_WITH_READY_THREADS_CORE_100                   0                             0

CORE_NUM_FETCH_CYCLES_CORE_100                                  0                             0

CORE_FETCH_DELTA_CORE_100                                       0                           NaN

CORE_NUM_RETIRE_CYCLES_CORE_100                                 0                             0

CORE_RETIRE_DELTA_CORE_100                                      0                           NaN

FENCE_PREF_REQ_CORE_100                                         0                             0

FENCE_WAITING_CORE_100                                          0                             0

DYN_FENCE_NUM_CORE_100                                          0                             0

WB_ORDERING_STALL_CORE_100                                      0                             0

WB_FULL_CORE_100                                                0                             0

FENCE_TOT_CYCLES_CORE_100                                       0                             0

FENCE_EXEC_CYCLES_CORE_100                                      0                             0

STORE_RES_CORE_100                                              0                             0

STORE_NUM_CORE_100                                              0                             0

STORE_WB_FREE_CORE_100                                          0                             0

SCHED_FAILED_REASON_SUCCESS_CORE_100                        19832                       13.7751%
SCHED_FAILED_OPERANDS_NOT_READY_CORE_100                   124138                       86.2249%
SCHED_FAILED_NO_AVAILABLE_PORTS_CORE_100                        0                             0%
SCHED_FAILED_NO_MEM_REQ_SLOTS_CORE_100                          0                             0%
SCHED_FAILED_NO_AVAILABLE_SIMD_UNIT_CORE_100                    0                             0%
SCHED_FAILED_FENCE_ACTIVE_CORE_100                              0                             0%
SCHED_FAILED_MEM_MANAGEMENT_CORE_100                            0                             0%
                                                           143970                           100%

NUM_SAMPLES_CORE_101                                       125090                        125090

NUM_ACTIVE_BLOCKS_CORE_101                                 973338                        7.7811

NUM_ACTIVE_THREADS_CORE_101                               3857686                       30.8393

NUM_SCHED_IDLE_CYCLE_CORE_101                                   0                             0

NUM_NO_SCHED_CYCLE_CORE_101                                 24482                         24482

CORE_DISPATCHED_INST_CORE_101                               16616                         16616

CORE_DISPATCH_WAIT_CORE_101                               4880085                       293.698

CORE_CYCLES_CORE_101                                            0                             0

CORE_SCHED_THREADS_CORE_101                                     0                           NaN

CORE_NUM_NO_FETCH_CYCLES_CORE_101                               1                             1

CORE_NUM_NO_FETCH_CYCLES_WITH_READY_THREADS_CORE_101                   0                             0

CORE_NUM_FETCH_CYCLES_CORE_101                                  0                             0

CORE_FETCH_DELTA_CORE_101                                       0                           NaN

CORE_NUM_RETIRE_CYCLES_CORE_101                                 0                             0

CORE_RETIRE_DELTA_CORE_101                                      0                           NaN

FENCE_PREF_REQ_CORE_101                                         0                             0

FENCE_WAITING_CORE_101                                          0                             0

DYN_FENCE_NUM_CORE_101                                          0                             0

WB_ORDERING_STALL_CORE_101                                      0                             0

WB_FULL_CORE_101                                                0                             0

FENCE_TOT_CYCLES_CORE_101                                       0                             0

FENCE_EXEC_CYCLES_CORE_101                                      0                             0

STORE_RES_CORE_101                                              0                             0

STORE_NUM_CORE_101                                              0                             0

STORE_WB_FREE_CORE_101                                          0                             0

SCHED_FAILED_REASON_SUCCESS_CORE_101                        16616                       10.2051%
SCHED_FAILED_OPERANDS_NOT_READY_CORE_101                   146205                       89.7949%
SCHED_FAILED_NO_AVAILABLE_PORTS_CORE_101                        0                             0%
SCHED_FAILED_NO_MEM_REQ_SLOTS_CORE_101                          0                             0%
SCHED_FAILED_NO_AVAILABLE_SIMD_UNIT_CORE_101                    0                             0%
SCHED_FAILED_FENCE_ACTIVE_CORE_101                              0                             0%
SCHED_FAILED_MEM_MANAGEMENT_CORE_101                            0                             0%
                                                           162821                           100%

NUM_SAMPLES_CORE_102                                       128460                        128460

NUM_ACTIVE_BLOCKS_CORE_102                                1023433                       7.96694

NUM_ACTIVE_THREADS_CORE_102                               3990463                       31.0639

NUM_SCHED_IDLE_CYCLE_CORE_102                                   0                             0

NUM_NO_SCHED_CYCLE_CORE_102                                 25210                         25210

CORE_DISPATCHED_INST_CORE_102                               16080                         16080

CORE_DISPATCH_WAIT_CORE_102                               5278879                       328.288

CORE_CYCLES_CORE_102                                            0                             0

CORE_SCHED_THREADS_CORE_102                                     0                           NaN

CORE_NUM_NO_FETCH_CYCLES_CORE_102                               1                             1

CORE_NUM_NO_FETCH_CYCLES_WITH_READY_THREADS_CORE_102                   0                             0

CORE_NUM_FETCH_CYCLES_CORE_102                                  0                             0

CORE_FETCH_DELTA_CORE_102                                       0                           NaN

CORE_NUM_RETIRE_CYCLES_CORE_102                                 0                             0

CORE_RETIRE_DELTA_CORE_102                                      0                           NaN

FENCE_PREF_REQ_CORE_102                                         0                             0

FENCE_WAITING_CORE_102                                          0                             0

DYN_FENCE_NUM_CORE_102                                          0                             0

WB_ORDERING_STALL_CORE_102                                      0                             0

WB_FULL_CORE_102                                                0                             0

FENCE_TOT_CYCLES_CORE_102                                       0                             0

FENCE_EXEC_CYCLES_CORE_102                                      0                             0

STORE_RES_CORE_102                                              0                             0

STORE_NUM_CORE_102                                              0                             0

STORE_WB_FREE_CORE_102                                          0                             0

SCHED_FAILED_REASON_SUCCESS_CORE_102                        16080                       9.93598%
SCHED_FAILED_OPERANDS_NOT_READY_CORE_102                   145756                        90.064%
SCHED_FAILED_NO_AVAILABLE_PORTS_CORE_102                        0                             0%
SCHED_FAILED_NO_MEM_REQ_SLOTS_CORE_102                          0                             0%
SCHED_FAILED_NO_AVAILABLE_SIMD_UNIT_CORE_102                    0                             0%
SCHED_FAILED_FENCE_ACTIVE_CORE_102                              0                             0%
SCHED_FAILED_MEM_MANAGEMENT_CORE_102                            0                             0%
                                                           161836                           100%

NUM_SAMPLES_CORE_103                                       112137                        112137

NUM_ACTIVE_BLOCKS_CORE_103                                 882050                       7.86582

NUM_ACTIVE_THREADS_CORE_103                               3450457                         30.77

NUM_SCHED_IDLE_CYCLE_CORE_103                                   0                             0

NUM_NO_SCHED_CYCLE_CORE_103                                 22240                         22240

CORE_DISPATCHED_INST_CORE_103                               16080                         16080

CORE_DISPATCH_WAIT_CORE_103                               4374172                       272.026

CORE_CYCLES_CORE_103                                            0                             0

CORE_SCHED_THREADS_CORE_103                                     0                           NaN

CORE_NUM_NO_FETCH_CYCLES_CORE_103                               1                             1

CORE_NUM_NO_FETCH_CYCLES_WITH_READY_THREADS_CORE_103                   0                             0

CORE_NUM_FETCH_CYCLES_CORE_103                                  0                             0

CORE_FETCH_DELTA_CORE_103                                       0                           NaN

CORE_NUM_RETIRE_CYCLES_CORE_103                                 0                             0

CORE_RETIRE_DELTA_CORE_103                                      0                           NaN

FENCE_PREF_REQ_CORE_103                                         0                             0

FENCE_WAITING_CORE_103                                          0                             0

DYN_FENCE_NUM_CORE_103                                          0                             0

WB_ORDERING_STALL_CORE_103                                      0                             0

WB_FULL_CORE_103                                                0                             0

FENCE_TOT_CYCLES_CORE_103                                       0                             0

FENCE_EXEC_CYCLES_CORE_103                                      0                             0

STORE_RES_CORE_103                                              0                             0

STORE_NUM_CORE_103                                              0                             0

STORE_WB_FREE_CORE_103                                          0                             0

SCHED_FAILED_REASON_SUCCESS_CORE_103                        16080                       12.3338%
SCHED_FAILED_OPERANDS_NOT_READY_CORE_103                   114293                       87.6662%
SCHED_FAILED_NO_AVAILABLE_PORTS_CORE_103                        0                             0%
SCHED_FAILED_NO_MEM_REQ_SLOTS_CORE_103                          0                             0%
SCHED_FAILED_NO_AVAILABLE_SIMD_UNIT_CORE_103                    0                             0%
SCHED_FAILED_FENCE_ACTIVE_CORE_103                              0                             0%
SCHED_FAILED_MEM_MANAGEMENT_CORE_103                            0                             0%
                                                           130373                           100%

NUM_SAMPLES_CORE_104                                       125555                        125555

NUM_ACTIVE_BLOCKS_CORE_104                                 912182                        7.2652

NUM_ACTIVE_THREADS_CORE_104                               3472827                       27.6598

NUM_SCHED_IDLE_CYCLE_CORE_104                                   0                             0

NUM_NO_SCHED_CYCLE_CORE_104                                 20571                         20571

CORE_DISPATCHED_INST_CORE_104                               21976                         21976

CORE_DISPATCH_WAIT_CORE_104                               4540181                       206.597

CORE_CYCLES_CORE_104                                            0                             0

CORE_SCHED_THREADS_CORE_104                                     0                           NaN

CORE_NUM_NO_FETCH_CYCLES_CORE_104                               1                             1

CORE_NUM_NO_FETCH_CYCLES_WITH_READY_THREADS_CORE_104                   0                             0

CORE_NUM_FETCH_CYCLES_CORE_104                                  0                             0

CORE_FETCH_DELTA_CORE_104                                       0                           NaN

CORE_NUM_RETIRE_CYCLES_CORE_104                                 0                             0

CORE_RETIRE_DELTA_CORE_104                                      0                           NaN

FENCE_PREF_REQ_CORE_104                                         0                             0

FENCE_WAITING_CORE_104                                          0                             0

DYN_FENCE_NUM_CORE_104                                          0                             0

WB_ORDERING_STALL_CORE_104                                      0                             0

WB_FULL_CORE_104                                                0                             0

FENCE_TOT_CYCLES_CORE_104                                       0                             0

FENCE_EXEC_CYCLES_CORE_104                                      0                             0

STORE_RES_CORE_104                                              0                             0

STORE_NUM_CORE_104                                              0                             0

STORE_WB_FREE_CORE_104                                          0                             0

SCHED_FAILED_REASON_SUCCESS_CORE_104                        21976                       14.9486%
SCHED_FAILED_OPERANDS_NOT_READY_CORE_104                   125034                       85.0514%
SCHED_FAILED_NO_AVAILABLE_PORTS_CORE_104                        0                             0%
SCHED_FAILED_NO_MEM_REQ_SLOTS_CORE_104                          0                             0%
SCHED_FAILED_NO_AVAILABLE_SIMD_UNIT_CORE_104                    0                             0%
SCHED_FAILED_FENCE_ACTIVE_CORE_104                              0                             0%
SCHED_FAILED_MEM_MANAGEMENT_CORE_104                            0                             0%
                                                           147010                           100%

NUM_SAMPLES_CORE_105                                       125703                        125703

NUM_ACTIVE_BLOCKS_CORE_105                                 994090                       7.90824

NUM_ACTIVE_THREADS_CORE_105                               3934026                       31.2962

NUM_SCHED_IDLE_CYCLE_CORE_105                                   0                             0

NUM_NO_SCHED_CYCLE_CORE_105                                 27961                         27961

CORE_DISPATCHED_INST_CORE_105                                8576                          8576

CORE_DISPATCH_WAIT_CORE_105                               5231134                       609.974

CORE_CYCLES_CORE_105                                            0                             0

CORE_SCHED_THREADS_CORE_105                                     0                           NaN

CORE_NUM_NO_FETCH_CYCLES_CORE_105                               1                             1

CORE_NUM_NO_FETCH_CYCLES_WITH_READY_THREADS_CORE_105                   0                             0

CORE_NUM_FETCH_CYCLES_CORE_105                                  0                             0

CORE_FETCH_DELTA_CORE_105                                       0                           NaN

CORE_NUM_RETIRE_CYCLES_CORE_105                                 0                             0

CORE_RETIRE_DELTA_CORE_105                                      0                           NaN

FENCE_PREF_REQ_CORE_105                                         0                             0

FENCE_WAITING_CORE_105                                          0                             0

DYN_FENCE_NUM_CORE_105                                          0                             0

WB_ORDERING_STALL_CORE_105                                      0                             0

WB_FULL_CORE_105                                                0                             0

FENCE_TOT_CYCLES_CORE_105                                       0                             0

FENCE_EXEC_CYCLES_CORE_105                                      0                             0

STORE_RES_CORE_105                                              0                             0

STORE_NUM_CORE_105                                              0                             0

STORE_WB_FREE_CORE_105                                          0                             0

SCHED_FAILED_REASON_SUCCESS_CORE_105                         8576                       5.55318%
SCHED_FAILED_OPERANDS_NOT_READY_CORE_105                   145858                       94.4468%
SCHED_FAILED_NO_AVAILABLE_PORTS_CORE_105                        0                             0%
SCHED_FAILED_NO_MEM_REQ_SLOTS_CORE_105                          0                             0%
SCHED_FAILED_NO_AVAILABLE_SIMD_UNIT_CORE_105                    0                             0%
SCHED_FAILED_FENCE_ACTIVE_CORE_105                              0                             0%
SCHED_FAILED_MEM_MANAGEMENT_CORE_105                            0                             0%
                                                           154434                           100%

NUM_SAMPLES_CORE_106                                       117610                        117610

NUM_ACTIVE_BLOCKS_CORE_106                                 931674                       7.92172

NUM_ACTIVE_THREADS_CORE_106                               3668513                       31.1922

NUM_SCHED_IDLE_CYCLE_CORE_106                                   0                             0

NUM_NO_SCHED_CYCLE_CORE_106                                 23342                         23342

CORE_DISPATCHED_INST_CORE_106                               12328                         12328

CORE_DISPATCH_WAIT_CORE_106                               4715080                       382.469

CORE_CYCLES_CORE_106                                            0                             0

CORE_SCHED_THREADS_CORE_106                                     0                           NaN

CORE_NUM_NO_FETCH_CYCLES_CORE_106                               1                             1

CORE_NUM_NO_FETCH_CYCLES_WITH_READY_THREADS_CORE_106                   0                             0

CORE_NUM_FETCH_CYCLES_CORE_106                                  0                             0

CORE_FETCH_DELTA_CORE_106                                       0                           NaN

CORE_NUM_RETIRE_CYCLES_CORE_106                                 0                             0

CORE_RETIRE_DELTA_CORE_106                                      0                           NaN

FENCE_PREF_REQ_CORE_106                                         0                             0

FENCE_WAITING_CORE_106                                          0                             0

DYN_FENCE_NUM_CORE_106                                          0                             0

WB_ORDERING_STALL_CORE_106                                      0                             0

WB_FULL_CORE_106                                                0                             0

FENCE_TOT_CYCLES_CORE_106                                       0                             0

FENCE_EXEC_CYCLES_CORE_106                                      0                             0

STORE_RES_CORE_106                                              0                             0

STORE_NUM_CORE_106                                              0                             0

STORE_WB_FREE_CORE_106                                          0                             0

SCHED_FAILED_REASON_SUCCESS_CORE_106                        12328                       8.98411%
SCHED_FAILED_OPERANDS_NOT_READY_CORE_106                   124892                       91.0159%
SCHED_FAILED_NO_AVAILABLE_PORTS_CORE_106                        0                             0%
SCHED_FAILED_NO_MEM_REQ_SLOTS_CORE_106                          0                             0%
SCHED_FAILED_NO_AVAILABLE_SIMD_UNIT_CORE_106                    0                             0%
SCHED_FAILED_FENCE_ACTIVE_CORE_106                              0                             0%
SCHED_FAILED_MEM_MANAGEMENT_CORE_106                            0                             0%
                                                           137220                           100%

NUM_SAMPLES_CORE_107                                       113302                        113302

NUM_ACTIVE_BLOCKS_CORE_107                                 898996                       7.93451

NUM_ACTIVE_THREADS_CORE_107                               3512635                       31.0024

NUM_SCHED_IDLE_CYCLE_CORE_107                                   0                             0

NUM_NO_SCHED_CYCLE_CORE_107                                 19003                         19003

CORE_DISPATCHED_INST_CORE_107                               15142                         15142

CORE_DISPATCH_WAIT_CORE_107                               4631317                       305.859

CORE_CYCLES_CORE_107                                            0                             0

CORE_SCHED_THREADS_CORE_107                                     0                           NaN

CORE_NUM_NO_FETCH_CYCLES_CORE_107                               1                             1

CORE_NUM_NO_FETCH_CYCLES_WITH_READY_THREADS_CORE_107                   0                             0

CORE_NUM_FETCH_CYCLES_CORE_107                                  0                             0

CORE_FETCH_DELTA_CORE_107                                       0                           NaN

CORE_NUM_RETIRE_CYCLES_CORE_107                                 0                             0

CORE_RETIRE_DELTA_CORE_107                                      0                           NaN

FENCE_PREF_REQ_CORE_107                                         0                             0

FENCE_WAITING_CORE_107                                          0                             0

DYN_FENCE_NUM_CORE_107                                          0                             0

WB_ORDERING_STALL_CORE_107                                      0                             0

WB_FULL_CORE_107                                                0                             0

FENCE_TOT_CYCLES_CORE_107                                       0                             0

FENCE_EXEC_CYCLES_CORE_107                                      0                             0

STORE_RES_CORE_107                                              0                             0

STORE_NUM_CORE_107                                              0                             0

STORE_WB_FREE_CORE_107                                          0                             0

SCHED_FAILED_REASON_SUCCESS_CORE_107                        15142                        12.518%
SCHED_FAILED_OPERANDS_NOT_READY_CORE_107                   105820                        87.482%
SCHED_FAILED_NO_AVAILABLE_PORTS_CORE_107                        0                             0%
SCHED_FAILED_NO_MEM_REQ_SLOTS_CORE_107                          0                             0%
SCHED_FAILED_NO_AVAILABLE_SIMD_UNIT_CORE_107                    0                             0%
SCHED_FAILED_FENCE_ACTIVE_CORE_107                              0                             0%
SCHED_FAILED_MEM_MANAGEMENT_CORE_107                            0                             0%
                                                           120962                           100%

