*** begin of the data structure *** 
core_id:1 thread_id:0
opcode: NVBIT_IMAD
num_read_regs: 2
num_dest_regs: 1
src0: 255
src1: 255
dst0: 1
is_fp: 0
cf_type: NOT_CF
is_load: 0
inst_size: 16
inst_addr: 7f4eecacbf00
active_mask: ffffffff
br_taken_mask: 0
br_target_addr: 7f4eecacbf10
reconv_inst_addr/mem_addr: 0
mem_addr/reconv_inst_addr: 0
mem_access_size/barrier_id: 4
num_barrier_threads: 0
addr_space/fence_level: GPU_ADDR_SP_INVALID
barrier_id/mem_access_size: 4
fence_level/addr_space: GPU_FENCE_INVALID
*** end of the data structure *** 

*** begin of the data structure *** 
core_id:1 thread_id:1
opcode: NVBIT_IMAD
num_read_regs: 2
num_dest_regs: 1
src0: 255
src1: 255
dst0: 1
is_fp: 0
cf_type: NOT_CF
is_load: 0
inst_size: 16
inst_addr: 7f4eecacbf00
active_mask: ffffffff
br_taken_mask: 0
br_target_addr: 7f4eecacbf10
reconv_inst_addr/mem_addr: 0
mem_addr/reconv_inst_addr: 0
mem_access_size/barrier_id: 4
num_barrier_threads: 0
addr_space/fence_level: GPU_ADDR_SP_INVALID
barrier_id/mem_access_size: 4
fence_level/addr_space: GPU_FENCE_INVALID
*** end of the data structure *** 

*** begin of the data structure *** 
core_id:1 thread_id:2
opcode: NVBIT_IMAD
num_read_regs: 2
num_dest_regs: 1
src0: 255
src1: 255
dst0: 1
is_fp: 0
cf_type: NOT_CF
is_load: 0
inst_size: 16
inst_addr: 7f4eecacbf00
active_mask: ffffffff
br_taken_mask: 0
br_target_addr: 7f4eecacbf10
reconv_inst_addr/mem_addr: 0
mem_addr/reconv_inst_addr: 0
mem_access_size/barrier_id: 4
num_barrier_threads: 0
addr_space/fence_level: GPU_ADDR_SP_INVALID
barrier_id/mem_access_size: 4
fence_level/addr_space: GPU_FENCE_INVALID
*** end of the data structure *** 

*** begin of the data structure *** 
core_id:1 thread_id:3
opcode: NVBIT_IMAD
num_read_regs: 2
num_dest_regs: 1
src0: 255
src1: 255
dst0: 1
is_fp: 0
cf_type: NOT_CF
is_load: 0
inst_size: 16
inst_addr: 7f4eecacbf00
active_mask: ffffffff
br_taken_mask: 0
br_target_addr: 7f4eecacbf10
reconv_inst_addr/mem_addr: 0
mem_addr/reconv_inst_addr: 0
mem_access_size/barrier_id: 4
num_barrier_threads: 0
addr_space/fence_level: GPU_ADDR_SP_INVALID
barrier_id/mem_access_size: 4
fence_level/addr_space: GPU_FENCE_INVALID
*** end of the data structure *** 

*** begin of the data structure *** 
core_id:2 thread_id:0
opcode: NVBIT_IMAD
num_read_regs: 2
num_dest_regs: 1
src0: 255
src1: 255
dst0: 1
is_fp: 0
cf_type: NOT_CF
is_load: 0
inst_size: 16
inst_addr: 7f4eecacbf00
active_mask: ffffffff
br_taken_mask: 0
br_target_addr: 7f4eecacbf10
reconv_inst_addr/mem_addr: 0
mem_addr/reconv_inst_addr: 0
mem_access_size/barrier_id: 4
num_barrier_threads: 0
addr_space/fence_level: GPU_ADDR_SP_INVALID
barrier_id/mem_access_size: 4
fence_level/addr_space: GPU_FENCE_INVALID
*** end of the data structure *** 

*** begin of the data structure *** 
core_id:2 thread_id:1
opcode: NVBIT_IMAD
num_read_regs: 2
num_dest_regs: 1
src0: 255
src1: 255
dst0: 1
is_fp: 0
cf_type: NOT_CF
is_load: 0
inst_size: 16
inst_addr: 7f4eecacbf00
active_mask: ffffffff
br_taken_mask: 0
br_target_addr: 7f4eecacbf10
reconv_inst_addr/mem_addr: 0
mem_addr/reconv_inst_addr: 0
mem_access_size/barrier_id: 4
num_barrier_threads: 0
addr_space/fence_level: GPU_ADDR_SP_INVALID
barrier_id/mem_access_size: 4
fence_level/addr_space: GPU_FENCE_INVALID
*** end of the data structure *** 

*** begin of the data structure *** 
core_id:2 thread_id:2
opcode: NVBIT_IMAD
num_read_regs: 2
num_dest_regs: 1
src0: 255
src1: 255
dst0: 1
is_fp: 0
cf_type: NOT_CF
is_load: 0
inst_size: 16
inst_addr: 7f4eecacbf00
active_mask: ffffffff
br_taken_mask: 0
br_target_addr: 7f4eecacbf10
reconv_inst_addr/mem_addr: 0
mem_addr/reconv_inst_addr: 0
mem_access_size/barrier_id: 4
num_barrier_threads: 0
addr_space/fence_level: GPU_ADDR_SP_INVALID
barrier_id/mem_access_size: 4
fence_level/addr_space: GPU_FENCE_INVALID
*** end of the data structure *** 

*** begin of the data structure *** 
core_id:2 thread_id:3
opcode: NVBIT_IMAD
num_read_regs: 2
num_dest_regs: 1
src0: 255
src1: 255
dst0: 1
is_fp: 0
cf_type: NOT_CF
is_load: 0
inst_size: 16
inst_addr: 7f4eecacbf00
active_mask: ffffffff
br_taken_mask: 0
br_target_addr: 7f4eecacbf10
reconv_inst_addr/mem_addr: 0
mem_addr/reconv_inst_addr: 0
mem_access_size/barrier_id: 4
num_barrier_threads: 0
addr_space/fence_level: GPU_ADDR_SP_INVALID
barrier_id/mem_access_size: 4
fence_level/addr_space: GPU_FENCE_INVALID
*** end of the data structure *** 

*** begin of the data structure *** 
core_id:3 thread_id:0
opcode: NVBIT_IMAD
num_read_regs: 2
num_dest_regs: 1
src0: 255
src1: 255
dst0: 1
is_fp: 0
cf_type: NOT_CF
is_load: 0
inst_size: 16
inst_addr: 7f4eecacbf00
active_mask: ffffffff
br_taken_mask: 0
br_target_addr: 7f4eecacbf10
reconv_inst_addr/mem_addr: 0
mem_addr/reconv_inst_addr: 0
mem_access_size/barrier_id: 4
num_barrier_threads: 0
addr_space/fence_level: GPU_ADDR_SP_INVALID
barrier_id/mem_access_size: 4
fence_level/addr_space: GPU_FENCE_INVALID
*** end of the data structure *** 

*** begin of the data structure *** 
core_id:3 thread_id:1
opcode: NVBIT_IMAD
num_read_regs: 2
num_dest_regs: 1
src0: 255
src1: 255
dst0: 1
is_fp: 0
cf_type: NOT_CF
is_load: 0
inst_size: 16
inst_addr: 7f4eecacbf00
active_mask: ffffffff
br_taken_mask: 0
br_target_addr: 7f4eecacbf10
reconv_inst_addr/mem_addr: 0
mem_addr/reconv_inst_addr: 0
mem_access_size/barrier_id: 4
num_barrier_threads: 0
addr_space/fence_level: GPU_ADDR_SP_INVALID
barrier_id/mem_access_size: 4
fence_level/addr_space: GPU_FENCE_INVALID
*** end of the data structure *** 

*** begin of the data structure *** 
core_id:3 thread_id:2
opcode: NVBIT_IMAD
num_read_regs: 2
num_dest_regs: 1
src0: 255
src1: 255
dst0: 1
is_fp: 0
cf_type: NOT_CF
is_load: 0
inst_size: 16
inst_addr: 7f4eecacbf00
active_mask: ffffffff
br_taken_mask: 0
br_target_addr: 7f4eecacbf10
reconv_inst_addr/mem_addr: 0
mem_addr/reconv_inst_addr: 0
mem_access_size/barrier_id: 4
num_barrier_threads: 0
addr_space/fence_level: GPU_ADDR_SP_INVALID
barrier_id/mem_access_size: 4
fence_level/addr_space: GPU_FENCE_INVALID
*** end of the data structure *** 

*** begin of the data structure *** 
core_id:3 thread_id:3
opcode: NVBIT_IMAD
num_read_regs: 2
num_dest_regs: 1
src0: 255
src1: 255
dst0: 1
is_fp: 0
cf_type: NOT_CF
is_load: 0
inst_size: 16
inst_addr: 7f4eecacbf00
active_mask: ffffffff
br_taken_mask: 0
br_target_addr: 7f4eecacbf10
reconv_inst_addr/mem_addr: 0
mem_addr/reconv_inst_addr: 0
mem_access_size/barrier_id: 4
num_barrier_threads: 0
addr_space/fence_level: GPU_ADDR_SP_INVALID
barrier_id/mem_access_size: 4
fence_level/addr_space: GPU_FENCE_INVALID
*** end of the data structure *** 

*** begin of the data structure *** 
core_id:4 thread_id:0
opcode: NVBIT_IMAD
num_read_regs: 2
num_dest_regs: 1
src0: 255
src1: 255
dst0: 1
is_fp: 0
cf_type: NOT_CF
is_load: 0
inst_size: 16
inst_addr: 7f4eecacbf00
active_mask: ffffffff
br_taken_mask: 0
br_target_addr: 7f4eecacbf10
reconv_inst_addr/mem_addr: 0
mem_addr/reconv_inst_addr: 0
mem_access_size/barrier_id: 4
num_barrier_threads: 0
addr_space/fence_level: GPU_ADDR_SP_INVALID
barrier_id/mem_access_size: 4
fence_level/addr_space: GPU_FENCE_INVALID
*** end of the data structure *** 

*** begin of the data structure *** 
core_id:4 thread_id:1
opcode: NVBIT_IMAD
num_read_regs: 2
num_dest_regs: 1
src0: 255
src1: 255
dst0: 1
is_fp: 0
cf_type: NOT_CF
is_load: 0
inst_size: 16
inst_addr: 7f4eecacbf00
active_mask: ffffffff
br_taken_mask: 0
br_target_addr: 7f4eecacbf10
reconv_inst_addr/mem_addr: 0
mem_addr/reconv_inst_addr: 0
mem_access_size/barrier_id: 4
num_barrier_threads: 0
addr_space/fence_level: GPU_ADDR_SP_INVALID
barrier_id/mem_access_size: 4
fence_level/addr_space: GPU_FENCE_INVALID
*** end of the data structure *** 

*** begin of the data structure *** 
core_id:4 thread_id:2
opcode: NVBIT_IMAD
num_read_regs: 2
num_dest_regs: 1
src0: 255
src1: 255
dst0: 1
is_fp: 0
cf_type: NOT_CF
is_load: 0
inst_size: 16
inst_addr: 7f4eecacbf00
active_mask: ffffffff
br_taken_mask: 0
br_target_addr: 7f4eecacbf10
reconv_inst_addr/mem_addr: 0
mem_addr/reconv_inst_addr: 0
mem_access_size/barrier_id: 4
num_barrier_threads: 0
addr_space/fence_level: GPU_ADDR_SP_INVALID
barrier_id/mem_access_size: 4
fence_level/addr_space: GPU_FENCE_INVALID
*** end of the data structure *** 

*** begin of the data structure *** 
core_id:4 thread_id:3
opcode: NVBIT_IMAD
num_read_regs: 2
num_dest_regs: 1
src0: 255
src1: 255
dst0: 1
is_fp: 0
cf_type: NOT_CF
is_load: 0
inst_size: 16
inst_addr: 7f4eecacbf00
active_mask: ffffffff
br_taken_mask: 0
br_target_addr: 7f4eecacbf10
reconv_inst_addr/mem_addr: 0
mem_addr/reconv_inst_addr: 0
mem_access_size/barrier_id: 4
num_barrier_threads: 0
addr_space/fence_level: GPU_ADDR_SP_INVALID
barrier_id/mem_access_size: 4
fence_level/addr_space: GPU_FENCE_INVALID
*** end of the data structure *** 

*** begin of the data structure *** 
core_id:5 thread_id:0
opcode: NVBIT_IMAD
num_read_regs: 2
num_dest_regs: 1
src0: 255
src1: 255
dst0: 1
is_fp: 0
cf_type: NOT_CF
is_load: 0
inst_size: 16
inst_addr: 7f4eecacbf00
active_mask: ffffffff
br_taken_mask: 0
br_target_addr: 7f4eecacbf10
reconv_inst_addr/mem_addr: 0
mem_addr/reconv_inst_addr: 0
mem_access_size/barrier_id: 4
num_barrier_threads: 0
addr_space/fence_level: GPU_ADDR_SP_INVALID
barrier_id/mem_access_size: 4
fence_level/addr_space: GPU_FENCE_INVALID
*** end of the data structure *** 

*** begin of the data structure *** 
core_id:5 thread_id:1
opcode: NVBIT_IMAD
num_read_regs: 2
num_dest_regs: 1
src0: 255
src1: 255
dst0: 1
is_fp: 0
cf_type: NOT_CF
is_load: 0
inst_size: 16
inst_addr: 7f4eecacbf00
active_mask: ffffffff
br_taken_mask: 0
br_target_addr: 7f4eecacbf10
reconv_inst_addr/mem_addr: 0
mem_addr/reconv_inst_addr: 0
mem_access_size/barrier_id: 4
num_barrier_threads: 0
addr_space/fence_level: GPU_ADDR_SP_INVALID
barrier_id/mem_access_size: 4
fence_level/addr_space: GPU_FENCE_INVALID
*** end of the data structure *** 

*** begin of the data structure *** 
core_id:5 thread_id:2
opcode: NVBIT_IMAD
num_read_regs: 2
num_dest_regs: 1
src0: 255
src1: 255
dst0: 1
is_fp: 0
cf_type: NOT_CF
is_load: 0
inst_size: 16
inst_addr: 7f4eecacbf00
active_mask: ffffffff
br_taken_mask: 0
br_target_addr: 7f4eecacbf10
reconv_inst_addr/mem_addr: 0
mem_addr/reconv_inst_addr: 0
mem_access_size/barrier_id: 4
num_barrier_threads: 0
addr_space/fence_level: GPU_ADDR_SP_INVALID
barrier_id/mem_access_size: 4
fence_level/addr_space: GPU_FENCE_INVALID
*** end of the data structure *** 

*** begin of the data structure *** 
core_id:5 thread_id:3
opcode: NVBIT_IMAD
num_read_regs: 2
num_dest_regs: 1
src0: 255
src1: 255
dst0: 1
is_fp: 0
cf_type: NOT_CF
is_load: 0
inst_size: 16
inst_addr: 7f4eecacbf00
active_mask: ffffffff
br_taken_mask: 0
br_target_addr: 7f4eecacbf10
reconv_inst_addr/mem_addr: 0
mem_addr/reconv_inst_addr: 0
mem_access_size/barrier_id: 4
num_barrier_threads: 0
addr_space/fence_level: GPU_ADDR_SP_INVALID
barrier_id/mem_access_size: 4
fence_level/addr_space: GPU_FENCE_INVALID
*** end of the data structure *** 

*** begin of the data structure *** 
core_id:6 thread_id:0
opcode: NVBIT_IMAD
num_read_regs: 2
num_dest_regs: 1
src0: 255
src1: 255
dst0: 1
is_fp: 0
cf_type: NOT_CF
is_load: 0
inst_size: 16
inst_addr: 7f4eecacbf00
active_mask: ffffffff
br_taken_mask: 0
br_target_addr: 7f4eecacbf10
reconv_inst_addr/mem_addr: 0
mem_addr/reconv_inst_addr: 0
mem_access_size/barrier_id: 4
num_barrier_threads: 0
addr_space/fence_level: GPU_ADDR_SP_INVALID
barrier_id/mem_access_size: 4
fence_level/addr_space: GPU_FENCE_INVALID
*** end of the data structure *** 

*** begin of the data structure *** 
core_id:6 thread_id:1
opcode: NVBIT_IMAD
num_read_regs: 2
num_dest_regs: 1
src0: 255
src1: 255
dst0: 1
is_fp: 0
cf_type: NOT_CF
is_load: 0
inst_size: 16
inst_addr: 7f4eecacbf00
active_mask: ffffffff
br_taken_mask: 0
br_target_addr: 7f4eecacbf10
reconv_inst_addr/mem_addr: 0
mem_addr/reconv_inst_addr: 0
mem_access_size/barrier_id: 4
num_barrier_threads: 0
addr_space/fence_level: GPU_ADDR_SP_INVALID
barrier_id/mem_access_size: 4
fence_level/addr_space: GPU_FENCE_INVALID
*** end of the data structure *** 

*** begin of the data structure *** 
core_id:6 thread_id:2
opcode: NVBIT_IMAD
num_read_regs: 2
num_dest_regs: 1
src0: 255
src1: 255
dst0: 1
is_fp: 0
cf_type: NOT_CF
is_load: 0
inst_size: 16
inst_addr: 7f4eecacbf00
active_mask: ffffffff
br_taken_mask: 0
br_target_addr: 7f4eecacbf10
reconv_inst_addr/mem_addr: 0
mem_addr/reconv_inst_addr: 0
mem_access_size/barrier_id: 4
num_barrier_threads: 0
addr_space/fence_level: GPU_ADDR_SP_INVALID
barrier_id/mem_access_size: 4
fence_level/addr_space: GPU_FENCE_INVALID
*** end of the data structure *** 

*** begin of the data structure *** 
core_id:6 thread_id:3
opcode: NVBIT_IMAD
num_read_regs: 2
num_dest_regs: 1
src0: 255
src1: 255
dst0: 1
is_fp: 0
cf_type: NOT_CF
is_load: 0
inst_size: 16
inst_addr: 7f4eecacbf00
active_mask: ffffffff
br_taken_mask: 0
br_target_addr: 7f4eecacbf10
reconv_inst_addr/mem_addr: 0
mem_addr/reconv_inst_addr: 0
mem_access_size/barrier_id: 4
num_barrier_threads: 0
addr_space/fence_level: GPU_ADDR_SP_INVALID
barrier_id/mem_access_size: 4
fence_level/addr_space: GPU_FENCE_INVALID
*** end of the data structure *** 

*** begin of the data structure *** 
core_id:7 thread_id:0
opcode: NVBIT_IMAD
num_read_regs: 2
num_dest_regs: 1
src0: 255
src1: 255
dst0: 1
is_fp: 0
cf_type: NOT_CF
is_load: 0
inst_size: 16
inst_addr: 7f4eecacbf00
active_mask: ffffffff
br_taken_mask: 0
br_target_addr: 7f4eecacbf10
reconv_inst_addr/mem_addr: 0
mem_addr/reconv_inst_addr: 0
mem_access_size/barrier_id: 4
num_barrier_threads: 0
addr_space/fence_level: GPU_ADDR_SP_INVALID
barrier_id/mem_access_size: 4
fence_level/addr_space: GPU_FENCE_INVALID
*** end of the data structure *** 

*** begin of the data structure *** 
core_id:7 thread_id:1
opcode: NVBIT_IMAD
num_read_regs: 2
num_dest_regs: 1
src0: 255
src1: 255
dst0: 1
is_fp: 0
cf_type: NOT_CF
is_load: 0
inst_size: 16
inst_addr: 7f4eecacbf00
active_mask: ffffffff
br_taken_mask: 0
br_target_addr: 7f4eecacbf10
reconv_inst_addr/mem_addr: 0
mem_addr/reconv_inst_addr: 0
mem_access_size/barrier_id: 4
num_barrier_threads: 0
addr_space/fence_level: GPU_ADDR_SP_INVALID
barrier_id/mem_access_size: 4
fence_level/addr_space: GPU_FENCE_INVALID
*** end of the data structure *** 

*** begin of the data structure *** 
core_id:7 thread_id:2
opcode: NVBIT_IMAD
num_read_regs: 2
num_dest_regs: 1
src0: 255
src1: 255
dst0: 1
is_fp: 0
cf_type: NOT_CF
is_load: 0
inst_size: 16
inst_addr: 7f4eecacbf00
active_mask: ffffffff
br_taken_mask: 0
br_target_addr: 7f4eecacbf10
reconv_inst_addr/mem_addr: 0
mem_addr/reconv_inst_addr: 0
mem_access_size/barrier_id: 4
num_barrier_threads: 0
addr_space/fence_level: GPU_ADDR_SP_INVALID
barrier_id/mem_access_size: 4
fence_level/addr_space: GPU_FENCE_INVALID
*** end of the data structure *** 

*** begin of the data structure *** 
core_id:7 thread_id:3
opcode: NVBIT_IMAD
num_read_regs: 2
num_dest_regs: 1
src0: 255
src1: 255
dst0: 1
is_fp: 0
cf_type: NOT_CF
is_load: 0
inst_size: 16
inst_addr: 7f4eecacbf00
active_mask: ffffffff
br_taken_mask: 0
br_target_addr: 7f4eecacbf10
reconv_inst_addr/mem_addr: 0
mem_addr/reconv_inst_addr: 0
mem_access_size/barrier_id: 4
num_barrier_threads: 0
addr_space/fence_level: GPU_ADDR_SP_INVALID
barrier_id/mem_access_size: 4
fence_level/addr_space: GPU_FENCE_INVALID
*** end of the data structure *** 

*** begin of the data structure *** 
core_id:8 thread_id:0
opcode: NVBIT_IMAD
num_read_regs: 2
num_dest_regs: 1
src0: 255
src1: 255
dst0: 1
is_fp: 0
cf_type: NOT_CF
is_load: 0
inst_size: 16
inst_addr: 7f4eecacbf00
active_mask: ffffffff
br_taken_mask: 0
br_target_addr: 7f4eecacbf10
reconv_inst_addr/mem_addr: 0
mem_addr/reconv_inst_addr: 0
mem_access_size/barrier_id: 4
num_barrier_threads: 0
addr_space/fence_level: GPU_ADDR_SP_INVALID
barrier_id/mem_access_size: 4
fence_level/addr_space: GPU_FENCE_INVALID
*** end of the data structure *** 

*** begin of the data structure *** 
core_id:8 thread_id:1
opcode: NVBIT_IMAD
num_read_regs: 2
num_dest_regs: 1
src0: 255
src1: 255
dst0: 1
is_fp: 0
cf_type: NOT_CF
is_load: 0
inst_size: 16
inst_addr: 7f4eecacbf00
active_mask: ffffffff
br_taken_mask: 0
br_target_addr: 7f4eecacbf10
reconv_inst_addr/mem_addr: 0
mem_addr/reconv_inst_addr: 0
mem_access_size/barrier_id: 4
num_barrier_threads: 0
addr_space/fence_level: GPU_ADDR_SP_INVALID
barrier_id/mem_access_size: 4
fence_level/addr_space: GPU_FENCE_INVALID
*** end of the data structure *** 

*** begin of the data structure *** 
core_id:8 thread_id:2
opcode: NVBIT_IMAD
num_read_regs: 2
num_dest_regs: 1
src0: 255
src1: 255
dst0: 1
is_fp: 0
cf_type: NOT_CF
is_load: 0
inst_size: 16
inst_addr: 7f4eecacbf00
active_mask: ffffffff
br_taken_mask: 0
br_target_addr: 7f4eecacbf10
reconv_inst_addr/mem_addr: 0
mem_addr/reconv_inst_addr: 0
mem_access_size/barrier_id: 4
num_barrier_threads: 0
addr_space/fence_level: GPU_ADDR_SP_INVALID
barrier_id/mem_access_size: 4
fence_level/addr_space: GPU_FENCE_INVALID
*** end of the data structure *** 

*** begin of the data structure *** 
core_id:8 thread_id:3
opcode: NVBIT_IMAD
num_read_regs: 2
num_dest_regs: 1
src0: 255
src1: 255
dst0: 1
is_fp: 0
cf_type: NOT_CF
is_load: 0
inst_size: 16
inst_addr: 7f4eecacbf00
active_mask: ffffffff
br_taken_mask: 0
br_target_addr: 7f4eecacbf10
reconv_inst_addr/mem_addr: 0
mem_addr/reconv_inst_addr: 0
mem_access_size/barrier_id: 4
num_barrier_threads: 0
addr_space/fence_level: GPU_ADDR_SP_INVALID
barrier_id/mem_access_size: 4
fence_level/addr_space: GPU_FENCE_INVALID
*** end of the data structure *** 

*** begin of the data structure *** 
core_id:9 thread_id:0
opcode: NVBIT_IMAD
num_read_regs: 2
num_dest_regs: 1
src0: 255
src1: 255
dst0: 1
is_fp: 0
cf_type: NOT_CF
is_load: 0
inst_size: 16
inst_addr: 7f4eecacbf00
active_mask: ffffffff
br_taken_mask: 0
br_target_addr: 7f4eecacbf10
reconv_inst_addr/mem_addr: 0
mem_addr/reconv_inst_addr: 0
mem_access_size/barrier_id: 4
num_barrier_threads: 0
addr_space/fence_level: GPU_ADDR_SP_INVALID
barrier_id/mem_access_size: 4
fence_level/addr_space: GPU_FENCE_INVALID
*** end of the data structure *** 

*** begin of the data structure *** 
core_id:9 thread_id:1
opcode: NVBIT_IMAD
num_read_regs: 2
num_dest_regs: 1
src0: 255
src1: 255
dst0: 1
is_fp: 0
cf_type: NOT_CF
is_load: 0
inst_size: 16
inst_addr: 7f4eecacbf00
active_mask: ffffffff
br_taken_mask: 0
br_target_addr: 7f4eecacbf10
reconv_inst_addr/mem_addr: 0
mem_addr/reconv_inst_addr: 0
mem_access_size/barrier_id: 4
num_barrier_threads: 0
addr_space/fence_level: GPU_ADDR_SP_INVALID
barrier_id/mem_access_size: 4
fence_level/addr_space: GPU_FENCE_INVALID
*** end of the data structure *** 

*** begin of the data structure *** 
core_id:9 thread_id:2
opcode: NVBIT_IMAD
num_read_regs: 2
num_dest_regs: 1
src0: 255
src1: 255
dst0: 1
is_fp: 0
cf_type: NOT_CF
is_load: 0
inst_size: 16
inst_addr: 7f4eecacbf00
active_mask: ffffffff
br_taken_mask: 0
br_target_addr: 7f4eecacbf10
reconv_inst_addr/mem_addr: 0
mem_addr/reconv_inst_addr: 0
mem_access_size/barrier_id: 4
num_barrier_threads: 0
addr_space/fence_level: GPU_ADDR_SP_INVALID
barrier_id/mem_access_size: 4
fence_level/addr_space: GPU_FENCE_INVALID
*** end of the data structure *** 

*** begin of the data structure *** 
core_id:9 thread_id:3
opcode: NVBIT_IMAD
num_read_regs: 2
num_dest_regs: 1
src0: 255
src1: 255
dst0: 1
is_fp: 0
cf_type: NOT_CF
is_load: 0
inst_size: 16
inst_addr: 7f4eecacbf00
active_mask: ffffffff
br_taken_mask: 0
br_target_addr: 7f4eecacbf10
reconv_inst_addr/mem_addr: 0
mem_addr/reconv_inst_addr: 0
mem_access_size/barrier_id: 4
num_barrier_threads: 0
addr_space/fence_level: GPU_ADDR_SP_INVALID
barrier_id/mem_access_size: 4
fence_level/addr_space: GPU_FENCE_INVALID
*** end of the data structure *** 

*** begin of the data structure *** 
core_id:10 thread_id:0
opcode: NVBIT_IMAD
num_read_regs: 2
num_dest_regs: 1
src0: 255
src1: 255
dst0: 1
is_fp: 0
cf_type: NOT_CF
is_load: 0
inst_size: 16
inst_addr: 7f4eecacbf00
active_mask: ffffffff
br_taken_mask: 0
br_target_addr: 7f4eecacbf10
reconv_inst_addr/mem_addr: 0
mem_addr/reconv_inst_addr: 0
mem_access_size/barrier_id: 4
num_barrier_threads: 0
addr_space/fence_level: GPU_ADDR_SP_INVALID
barrier_id/mem_access_size: 4
fence_level/addr_space: GPU_FENCE_INVALID
*** end of the data structure *** 

*** begin of the data structure *** 
core_id:10 thread_id:1
opcode: NVBIT_IMAD
num_read_regs: 2
num_dest_regs: 1
src0: 255
src1: 255
dst0: 1
is_fp: 0
cf_type: NOT_CF
is_load: 0
inst_size: 16
inst_addr: 7f4eecacbf00
active_mask: ffffffff
br_taken_mask: 0
br_target_addr: 7f4eecacbf10
reconv_inst_addr/mem_addr: 0
mem_addr/reconv_inst_addr: 0
mem_access_size/barrier_id: 4
num_barrier_threads: 0
addr_space/fence_level: GPU_ADDR_SP_INVALID
barrier_id/mem_access_size: 4
fence_level/addr_space: GPU_FENCE_INVALID
*** end of the data structure *** 

*** begin of the data structure *** 
core_id:10 thread_id:2
opcode: NVBIT_IMAD
num_read_regs: 2
num_dest_regs: 1
src0: 255
src1: 255
dst0: 1
is_fp: 0
cf_type: NOT_CF
is_load: 0
inst_size: 16
inst_addr: 7f4eecacbf00
active_mask: ffffffff
br_taken_mask: 0
br_target_addr: 7f4eecacbf10
reconv_inst_addr/mem_addr: 0
mem_addr/reconv_inst_addr: 0
mem_access_size/barrier_id: 4
num_barrier_threads: 0
addr_space/fence_level: GPU_ADDR_SP_INVALID
barrier_id/mem_access_size: 4
fence_level/addr_space: GPU_FENCE_INVALID
*** end of the data structure *** 

*** begin of the data structure *** 
core_id:10 thread_id:3
opcode: NVBIT_IMAD
num_read_regs: 2
num_dest_regs: 1
src0: 255
src1: 255
dst0: 1
is_fp: 0
cf_type: NOT_CF
is_load: 0
inst_size: 16
inst_addr: 7f4eecacbf00
active_mask: ffffffff
br_taken_mask: 0
br_target_addr: 7f4eecacbf10
reconv_inst_addr/mem_addr: 0
mem_addr/reconv_inst_addr: 0
mem_access_size/barrier_id: 4
num_barrier_threads: 0
addr_space/fence_level: GPU_ADDR_SP_INVALID
barrier_id/mem_access_size: 4
fence_level/addr_space: GPU_FENCE_INVALID
*** end of the data structure *** 

*** begin of the data structure *** 
core_id:11 thread_id:0
opcode: NVBIT_IMAD
num_read_regs: 2
num_dest_regs: 1
src0: 255
src1: 255
dst0: 1
is_fp: 0
cf_type: NOT_CF
is_load: 0
inst_size: 16
inst_addr: 7f4eecacbf00
active_mask: ffffffff
br_taken_mask: 0
br_target_addr: 7f4eecacbf10
reconv_inst_addr/mem_addr: 0
mem_addr/reconv_inst_addr: 0
mem_access_size/barrier_id: 4
num_barrier_threads: 0
addr_space/fence_level: GPU_ADDR_SP_INVALID
barrier_id/mem_access_size: 4
fence_level/addr_space: GPU_FENCE_INVALID
*** end of the data structure *** 

*** begin of the data structure *** 
core_id:11 thread_id:1
opcode: NVBIT_IMAD
num_read_regs: 2
num_dest_regs: 1
src0: 255
src1: 255
dst0: 1
is_fp: 0
cf_type: NOT_CF
is_load: 0
inst_size: 16
inst_addr: 7f4eecacbf00
active_mask: ffffffff
br_taken_mask: 0
br_target_addr: 7f4eecacbf10
reconv_inst_addr/mem_addr: 0
mem_addr/reconv_inst_addr: 0
mem_access_size/barrier_id: 4
num_barrier_threads: 0
addr_space/fence_level: GPU_ADDR_SP_INVALID
barrier_id/mem_access_size: 4
fence_level/addr_space: GPU_FENCE_INVALID
*** end of the data structure *** 

*** begin of the data structure *** 
core_id:11 thread_id:2
opcode: NVBIT_IMAD
num_read_regs: 2
num_dest_regs: 1
src0: 255
src1: 255
dst0: 1
is_fp: 0
cf_type: NOT_CF
is_load: 0
inst_size: 16
inst_addr: 7f4eecacbf00
active_mask: ffffffff
br_taken_mask: 0
br_target_addr: 7f4eecacbf10
reconv_inst_addr/mem_addr: 0
mem_addr/reconv_inst_addr: 0
mem_access_size/barrier_id: 4
num_barrier_threads: 0
addr_space/fence_level: GPU_ADDR_SP_INVALID
barrier_id/mem_access_size: 4
fence_level/addr_space: GPU_FENCE_INVALID
*** end of the data structure *** 

*** begin of the data structure *** 
core_id:11 thread_id:3
opcode: NVBIT_IMAD
num_read_regs: 2
num_dest_regs: 1
src0: 255
src1: 255
dst0: 1
is_fp: 0
cf_type: NOT_CF
is_load: 0
inst_size: 16
inst_addr: 7f4eecacbf00
active_mask: ffffffff
br_taken_mask: 0
br_target_addr: 7f4eecacbf10
reconv_inst_addr/mem_addr: 0
mem_addr/reconv_inst_addr: 0
mem_access_size/barrier_id: 4
num_barrier_threads: 0
addr_space/fence_level: GPU_ADDR_SP_INVALID
barrier_id/mem_access_size: 4
fence_level/addr_space: GPU_FENCE_INVALID
*** end of the data structure *** 

*** begin of the data structure *** 
core_id:12 thread_id:0
opcode: NVBIT_IMAD
num_read_regs: 2
num_dest_regs: 1
src0: 255
src1: 255
dst0: 1
is_fp: 0
cf_type: NOT_CF
is_load: 0
inst_size: 16
inst_addr: 7f4eecacbf00
active_mask: ffffffff
br_taken_mask: 0
br_target_addr: 7f4eecacbf10
reconv_inst_addr/mem_addr: 0
mem_addr/reconv_inst_addr: 0
mem_access_size/barrier_id: 4
num_barrier_threads: 0
addr_space/fence_level: GPU_ADDR_SP_INVALID
barrier_id/mem_access_size: 4
fence_level/addr_space: GPU_FENCE_INVALID
*** end of the data structure *** 

*** begin of the data structure *** 
core_id:12 thread_id:1
opcode: NVBIT_IMAD
num_read_regs: 2
num_dest_regs: 1
src0: 255
src1: 255
dst0: 1
is_fp: 0
cf_type: NOT_CF
is_load: 0
inst_size: 16
inst_addr: 7f4eecacbf00
active_mask: ffffffff
br_taken_mask: 0
br_target_addr: 7f4eecacbf10
reconv_inst_addr/mem_addr: 0
mem_addr/reconv_inst_addr: 0
mem_access_size/barrier_id: 4
num_barrier_threads: 0
addr_space/fence_level: GPU_ADDR_SP_INVALID
barrier_id/mem_access_size: 4
fence_level/addr_space: GPU_FENCE_INVALID
*** end of the data structure *** 

*** begin of the data structure *** 
core_id:12 thread_id:2
opcode: NVBIT_IMAD
num_read_regs: 2
num_dest_regs: 1
src0: 255
src1: 255
dst0: 1
is_fp: 0
cf_type: NOT_CF
is_load: 0
inst_size: 16
inst_addr: 7f4eecacbf00
active_mask: ffffffff
br_taken_mask: 0
br_target_addr: 7f4eecacbf10
reconv_inst_addr/mem_addr: 0
mem_addr/reconv_inst_addr: 0
mem_access_size/barrier_id: 4
num_barrier_threads: 0
addr_space/fence_level: GPU_ADDR_SP_INVALID
barrier_id/mem_access_size: 4
fence_level/addr_space: GPU_FENCE_INVALID
*** end of the data structure *** 

*** begin of the data structure *** 
core_id:12 thread_id:3
opcode: NVBIT_IMAD
num_read_regs: 2
num_dest_regs: 1
src0: 255
src1: 255
dst0: 1
is_fp: 0
cf_type: NOT_CF
is_load: 0
inst_size: 16
inst_addr: 7f4eecacbf00
active_mask: ffffffff
br_taken_mask: 0
br_target_addr: 7f4eecacbf10
reconv_inst_addr/mem_addr: 0
mem_addr/reconv_inst_addr: 0
mem_access_size/barrier_id: 4
num_barrier_threads: 0
addr_space/fence_level: GPU_ADDR_SP_INVALID
barrier_id/mem_access_size: 4
fence_level/addr_space: GPU_FENCE_INVALID
*** end of the data structure *** 

*** begin of the data structure *** 
core_id:13 thread_id:0
opcode: NVBIT_IMAD
num_read_regs: 2
num_dest_regs: 1
src0: 255
src1: 255
dst0: 1
is_fp: 0
cf_type: NOT_CF
is_load: 0
inst_size: 16
inst_addr: 7f4eecacbf00
active_mask: ffffffff
br_taken_mask: 0
br_target_addr: 7f4eecacbf10
reconv_inst_addr/mem_addr: 0
mem_addr/reconv_inst_addr: 0
mem_access_size/barrier_id: 4
num_barrier_threads: 0
addr_space/fence_level: GPU_ADDR_SP_INVALID
barrier_id/mem_access_size: 4
fence_level/addr_space: GPU_FENCE_INVALID
*** end of the data structure *** 

*** begin of the data structure *** 
core_id:13 thread_id:1
opcode: NVBIT_IMAD
num_read_regs: 2
num_dest_regs: 1
src0: 255
src1: 255
dst0: 1
is_fp: 0
cf_type: NOT_CF
is_load: 0
inst_size: 16
inst_addr: 7f4eecacbf00
active_mask: ffffffff
br_taken_mask: 0
br_target_addr: 7f4eecacbf10
reconv_inst_addr/mem_addr: 0
mem_addr/reconv_inst_addr: 0
mem_access_size/barrier_id: 4
num_barrier_threads: 0
addr_space/fence_level: GPU_ADDR_SP_INVALID
barrier_id/mem_access_size: 4
fence_level/addr_space: GPU_FENCE_INVALID
*** end of the data structure *** 

*** begin of the data structure *** 
core_id:13 thread_id:2
opcode: NVBIT_IMAD
num_read_regs: 2
num_dest_regs: 1
src0: 255
src1: 255
dst0: 1
is_fp: 0
cf_type: NOT_CF
is_load: 0
inst_size: 16
inst_addr: 7f4eecacbf00
active_mask: ffffffff
br_taken_mask: 0
br_target_addr: 7f4eecacbf10
reconv_inst_addr/mem_addr: 0
mem_addr/reconv_inst_addr: 0
mem_access_size/barrier_id: 4
num_barrier_threads: 0
addr_space/fence_level: GPU_ADDR_SP_INVALID
barrier_id/mem_access_size: 4
fence_level/addr_space: GPU_FENCE_INVALID
*** end of the data structure *** 

*** begin of the data structure *** 
core_id:13 thread_id:3
opcode: NVBIT_IMAD
num_read_regs: 2
num_dest_regs: 1
src0: 255
src1: 255
dst0: 1
is_fp: 0
cf_type: NOT_CF
is_load: 0
inst_size: 16
inst_addr: 7f4eecacbf00
active_mask: ffffffff
br_taken_mask: 0
br_target_addr: 7f4eecacbf10
reconv_inst_addr/mem_addr: 0
mem_addr/reconv_inst_addr: 0
mem_access_size/barrier_id: 4
num_barrier_threads: 0
addr_space/fence_level: GPU_ADDR_SP_INVALID
barrier_id/mem_access_size: 4
fence_level/addr_space: GPU_FENCE_INVALID
*** end of the data structure *** 

*** begin of the data structure *** 
core_id:14 thread_id:0
opcode: NVBIT_IMAD
num_read_regs: 2
num_dest_regs: 1
src0: 255
src1: 255
dst0: 1
is_fp: 0
cf_type: NOT_CF
is_load: 0
inst_size: 16
inst_addr: 7f4eecacbf00
active_mask: ffffffff
br_taken_mask: 0
br_target_addr: 7f4eecacbf10
reconv_inst_addr/mem_addr: 0
mem_addr/reconv_inst_addr: 0
mem_access_size/barrier_id: 4
num_barrier_threads: 0
addr_space/fence_level: GPU_ADDR_SP_INVALID
barrier_id/mem_access_size: 4
fence_level/addr_space: GPU_FENCE_INVALID
*** end of the data structure *** 

*** begin of the data structure *** 
core_id:14 thread_id:1
opcode: NVBIT_IMAD
num_read_regs: 2
num_dest_regs: 1
src0: 255
src1: 255
dst0: 1
is_fp: 0
cf_type: NOT_CF
is_load: 0
inst_size: 16
inst_addr: 7f4eecacbf00
active_mask: ffffffff
br_taken_mask: 0
br_target_addr: 7f4eecacbf10
reconv_inst_addr/mem_addr: 0
mem_addr/reconv_inst_addr: 0
mem_access_size/barrier_id: 4
num_barrier_threads: 0
addr_space/fence_level: GPU_ADDR_SP_INVALID
barrier_id/mem_access_size: 4
fence_level/addr_space: GPU_FENCE_INVALID
*** end of the data structure *** 

*** begin of the data structure *** 
core_id:14 thread_id:2
opcode: NVBIT_IMAD
num_read_regs: 2
num_dest_regs: 1
src0: 255
src1: 255
dst0: 1
is_fp: 0
cf_type: NOT_CF
is_load: 0
inst_size: 16
inst_addr: 7f4eecacbf00
active_mask: ffffffff
br_taken_mask: 0
br_target_addr: 7f4eecacbf10
reconv_inst_addr/mem_addr: 0
mem_addr/reconv_inst_addr: 0
mem_access_size/barrier_id: 4
num_barrier_threads: 0
addr_space/fence_level: GPU_ADDR_SP_INVALID
barrier_id/mem_access_size: 4
fence_level/addr_space: GPU_FENCE_INVALID
*** end of the data structure *** 

*** begin of the data structure *** 
core_id:14 thread_id:3
opcode: NVBIT_IMAD
num_read_regs: 2
num_dest_regs: 1
src0: 255
src1: 255
dst0: 1
is_fp: 0
cf_type: NOT_CF
is_load: 0
inst_size: 16
inst_addr: 7f4eecacbf00
active_mask: ffffffff
br_taken_mask: 0
br_target_addr: 7f4eecacbf10
reconv_inst_addr/mem_addr: 0
mem_addr/reconv_inst_addr: 0
mem_access_size/barrier_id: 4
num_barrier_threads: 0
addr_space/fence_level: GPU_ADDR_SP_INVALID
barrier_id/mem_access_size: 4
fence_level/addr_space: GPU_FENCE_INVALID
*** end of the data structure *** 

*** begin of the data structure *** 
core_id:15 thread_id:0
opcode: NVBIT_IMAD
num_read_regs: 2
num_dest_regs: 1
src0: 255
src1: 255
dst0: 1
is_fp: 0
cf_type: NOT_CF
is_load: 0
inst_size: 16
inst_addr: 7f4eecacbf00
active_mask: ffffffff
br_taken_mask: 0
br_target_addr: 7f4eecacbf10
reconv_inst_addr/mem_addr: 0
mem_addr/reconv_inst_addr: 0
mem_access_size/barrier_id: 4
num_barrier_threads: 0
addr_space/fence_level: GPU_ADDR_SP_INVALID
barrier_id/mem_access_size: 4
fence_level/addr_space: GPU_FENCE_INVALID
*** end of the data structure *** 

*** begin of the data structure *** 
core_id:15 thread_id:1
opcode: NVBIT_IMAD
num_read_regs: 2
num_dest_regs: 1
src0: 255
src1: 255
dst0: 1
is_fp: 0
cf_type: NOT_CF
is_load: 0
inst_size: 16
inst_addr: 7f4eecacbf00
active_mask: ffffffff
br_taken_mask: 0
br_target_addr: 7f4eecacbf10
reconv_inst_addr/mem_addr: 0
mem_addr/reconv_inst_addr: 0
mem_access_size/barrier_id: 4
num_barrier_threads: 0
addr_space/fence_level: GPU_ADDR_SP_INVALID
barrier_id/mem_access_size: 4
fence_level/addr_space: GPU_FENCE_INVALID
*** end of the data structure *** 

*** begin of the data structure *** 
core_id:15 thread_id:2
opcode: NVBIT_IMAD
num_read_regs: 2
num_dest_regs: 1
src0: 255
src1: 255
dst0: 1
is_fp: 0
cf_type: NOT_CF
is_load: 0
inst_size: 16
inst_addr: 7f4eecacbf00
active_mask: ffffffff
br_taken_mask: 0
br_target_addr: 7f4eecacbf10
reconv_inst_addr/mem_addr: 0
mem_addr/reconv_inst_addr: 0
mem_access_size/barrier_id: 4
num_barrier_threads: 0
addr_space/fence_level: GPU_ADDR_SP_INVALID
barrier_id/mem_access_size: 4
fence_level/addr_space: GPU_FENCE_INVALID
*** end of the data structure *** 

*** begin of the data structure *** 
core_id:15 thread_id:3
opcode: NVBIT_IMAD
num_read_regs: 2
num_dest_regs: 1
src0: 255
src1: 255
dst0: 1
is_fp: 0
cf_type: NOT_CF
is_load: 0
inst_size: 16
inst_addr: 7f4eecacbf00
active_mask: ffffffff
br_taken_mask: 0
br_target_addr: 7f4eecacbf10
reconv_inst_addr/mem_addr: 0
mem_addr/reconv_inst_addr: 0
mem_access_size/barrier_id: 4
num_barrier_threads: 0
addr_space/fence_level: GPU_ADDR_SP_INVALID
barrier_id/mem_access_size: 4
fence_level/addr_space: GPU_FENCE_INVALID
*** end of the data structure *** 

*** begin of the data structure *** 
core_id:16 thread_id:0
opcode: NVBIT_IMAD
num_read_regs: 2
num_dest_regs: 1
src0: 255
src1: 255
dst0: 1
is_fp: 0
cf_type: NOT_CF
is_load: 0
inst_size: 16
inst_addr: 7f4eecacbf00
active_mask: ffffffff
br_taken_mask: 0
br_target_addr: 7f4eecacbf10
reconv_inst_addr/mem_addr: 0
mem_addr/reconv_inst_addr: 0
mem_access_size/barrier_id: 4
num_barrier_threads: 0
addr_space/fence_level: GPU_ADDR_SP_INVALID
barrier_id/mem_access_size: 4
fence_level/addr_space: GPU_FENCE_INVALID
*** end of the data structure *** 

*** begin of the data structure *** 
core_id:16 thread_id:1
opcode: NVBIT_IMAD
num_read_regs: 2
num_dest_regs: 1
src0: 255
src1: 255
dst0: 1
is_fp: 0
cf_type: NOT_CF
is_load: 0
inst_size: 16
inst_addr: 7f4eecacbf00
active_mask: ffffffff
br_taken_mask: 0
br_target_addr: 7f4eecacbf10
reconv_inst_addr/mem_addr: 0
mem_addr/reconv_inst_addr: 0
mem_access_size/barrier_id: 4
num_barrier_threads: 0
addr_space/fence_level: GPU_ADDR_SP_INVALID
barrier_id/mem_access_size: 4
fence_level/addr_space: GPU_FENCE_INVALID
*** end of the data structure *** 

*** begin of the data structure *** 
core_id:16 thread_id:2
opcode: NVBIT_IMAD
num_read_regs: 2
num_dest_regs: 1
src0: 255
src1: 255
dst0: 1
is_fp: 0
cf_type: NOT_CF
is_load: 0
inst_size: 16
inst_addr: 7f4eecacbf00
active_mask: ffffffff
br_taken_mask: 0
br_target_addr: 7f4eecacbf10
reconv_inst_addr/mem_addr: 0
mem_addr/reconv_inst_addr: 0
mem_access_size/barrier_id: 4
num_barrier_threads: 0
addr_space/fence_level: GPU_ADDR_SP_INVALID
barrier_id/mem_access_size: 4
fence_level/addr_space: GPU_FENCE_INVALID
*** end of the data structure *** 

*** begin of the data structure *** 
core_id:16 thread_id:3
opcode: NVBIT_IMAD
num_read_regs: 2
num_dest_regs: 1
src0: 255
src1: 255
dst0: 1
is_fp: 0
cf_type: NOT_CF
is_load: 0
inst_size: 16
inst_addr: 7f4eecacbf00
active_mask: ffffffff
br_taken_mask: 0
br_target_addr: 7f4eecacbf10
reconv_inst_addr/mem_addr: 0
mem_addr/reconv_inst_addr: 0
mem_access_size/barrier_id: 4
num_barrier_threads: 0
addr_space/fence_level: GPU_ADDR_SP_INVALID
barrier_id/mem_access_size: 4
fence_level/addr_space: GPU_FENCE_INVALID
*** end of the data structure *** 

*** begin of the data structure *** 
core_id:17 thread_id:0
opcode: NVBIT_IMAD
num_read_regs: 2
num_dest_regs: 1
src0: 255
src1: 255
dst0: 1
is_fp: 0
cf_type: NOT_CF
is_load: 0
inst_size: 16
inst_addr: 7f4eecacbf00
active_mask: ffffffff
br_taken_mask: 0
br_target_addr: 7f4eecacbf10
reconv_inst_addr/mem_addr: 0
mem_addr/reconv_inst_addr: 0
mem_access_size/barrier_id: 4
num_barrier_threads: 0
addr_space/fence_level: GPU_ADDR_SP_INVALID
barrier_id/mem_access_size: 4
fence_level/addr_space: GPU_FENCE_INVALID
*** end of the data structure *** 

*** begin of the data structure *** 
core_id:17 thread_id:1
opcode: NVBIT_IMAD
num_read_regs: 2
num_dest_regs: 1
src0: 255
src1: 255
dst0: 1
is_fp: 0
cf_type: NOT_CF
is_load: 0
inst_size: 16
inst_addr: 7f4eecacbf00
active_mask: ffffffff
br_taken_mask: 0
br_target_addr: 7f4eecacbf10
reconv_inst_addr/mem_addr: 0
mem_addr/reconv_inst_addr: 0
mem_access_size/barrier_id: 4
num_barrier_threads: 0
addr_space/fence_level: GPU_ADDR_SP_INVALID
barrier_id/mem_access_size: 4
fence_level/addr_space: GPU_FENCE_INVALID
*** end of the data structure *** 

*** begin of the data structure *** 
core_id:17 thread_id:2
opcode: NVBIT_IMAD
num_read_regs: 2
num_dest_regs: 1
src0: 255
src1: 255
dst0: 1
is_fp: 0
cf_type: NOT_CF
is_load: 0
inst_size: 16
inst_addr: 7f4eecacbf00
active_mask: ffffffff
br_taken_mask: 0
br_target_addr: 7f4eecacbf10
reconv_inst_addr/mem_addr: 0
mem_addr/reconv_inst_addr: 0
mem_access_size/barrier_id: 4
num_barrier_threads: 0
addr_space/fence_level: GPU_ADDR_SP_INVALID
barrier_id/mem_access_size: 4
fence_level/addr_space: GPU_FENCE_INVALID
*** end of the data structure *** 

*** begin of the data structure *** 
core_id:17 thread_id:3
opcode: NVBIT_IMAD
num_read_regs: 2
num_dest_regs: 1
src0: 255
src1: 255
dst0: 1
is_fp: 0
cf_type: NOT_CF
is_load: 0
inst_size: 16
inst_addr: 7f4eecacbf00
active_mask: ffffffff
br_taken_mask: 0
br_target_addr: 7f4eecacbf10
reconv_inst_addr/mem_addr: 0
mem_addr/reconv_inst_addr: 0
mem_access_size/barrier_id: 4
num_barrier_threads: 0
addr_space/fence_level: GPU_ADDR_SP_INVALID
barrier_id/mem_access_size: 4
fence_level/addr_space: GPU_FENCE_INVALID
*** end of the data structure *** 

*** begin of the data structure *** 
core_id:18 thread_id:0
opcode: NVBIT_IMAD
num_read_regs: 2
num_dest_regs: 1
src0: 255
src1: 255
dst0: 1
is_fp: 0
cf_type: NOT_CF
is_load: 0
inst_size: 16
inst_addr: 7f4eecacbf00
active_mask: ffffffff
br_taken_mask: 0
br_target_addr: 7f4eecacbf10
reconv_inst_addr/mem_addr: 0
mem_addr/reconv_inst_addr: 0
mem_access_size/barrier_id: 4
num_barrier_threads: 0
addr_space/fence_level: GPU_ADDR_SP_INVALID
barrier_id/mem_access_size: 4
fence_level/addr_space: GPU_FENCE_INVALID
*** end of the data structure *** 

*** begin of the data structure *** 
core_id:18 thread_id:1
opcode: NVBIT_IMAD
num_read_regs: 2
num_dest_regs: 1
src0: 255
src1: 255
dst0: 1
is_fp: 0
cf_type: NOT_CF
is_load: 0
inst_size: 16
inst_addr: 7f4eecacbf00
active_mask: ffffffff
br_taken_mask: 0
br_target_addr: 7f4eecacbf10
reconv_inst_addr/mem_addr: 0
mem_addr/reconv_inst_addr: 0
mem_access_size/barrier_id: 4
num_barrier_threads: 0
addr_space/fence_level: GPU_ADDR_SP_INVALID
barrier_id/mem_access_size: 4
fence_level/addr_space: GPU_FENCE_INVALID
*** end of the data structure *** 

*** begin of the data structure *** 
core_id:18 thread_id:2
opcode: NVBIT_IMAD
num_read_regs: 2
num_dest_regs: 1
src0: 255
src1: 255
dst0: 1
is_fp: 0
cf_type: NOT_CF
is_load: 0
inst_size: 16
inst_addr: 7f4eecacbf00
active_mask: ffffffff
br_taken_mask: 0
br_target_addr: 7f4eecacbf10
reconv_inst_addr/mem_addr: 0
mem_addr/reconv_inst_addr: 0
mem_access_size/barrier_id: 4
num_barrier_threads: 0
addr_space/fence_level: GPU_ADDR_SP_INVALID
barrier_id/mem_access_size: 4
fence_level/addr_space: GPU_FENCE_INVALID
*** end of the data structure *** 

*** begin of the data structure *** 
core_id:18 thread_id:3
opcode: NVBIT_IMAD
num_read_regs: 2
num_dest_regs: 1
src0: 255
src1: 255
dst0: 1
is_fp: 0
cf_type: NOT_CF
is_load: 0
inst_size: 16
inst_addr: 7f4eecacbf00
active_mask: ffffffff
br_taken_mask: 0
br_target_addr: 7f4eecacbf10
reconv_inst_addr/mem_addr: 0
mem_addr/reconv_inst_addr: 0
mem_access_size/barrier_id: 4
num_barrier_threads: 0
addr_space/fence_level: GPU_ADDR_SP_INVALID
barrier_id/mem_access_size: 4
fence_level/addr_space: GPU_FENCE_INVALID
*** end of the data structure *** 

*** begin of the data structure *** 
core_id:19 thread_id:0
opcode: NVBIT_IMAD
num_read_regs: 2
num_dest_regs: 1
src0: 255
src1: 255
dst0: 1
is_fp: 0
cf_type: NOT_CF
is_load: 0
inst_size: 16
inst_addr: 7f4eecacbf00
active_mask: ffffffff
br_taken_mask: 0
br_target_addr: 7f4eecacbf10
reconv_inst_addr/mem_addr: 0
mem_addr/reconv_inst_addr: 0
mem_access_size/barrier_id: 4
num_barrier_threads: 0
addr_space/fence_level: GPU_ADDR_SP_INVALID
barrier_id/mem_access_size: 4
fence_level/addr_space: GPU_FENCE_INVALID
*** end of the data structure *** 

*** begin of the data structure *** 
core_id:19 thread_id:1
opcode: NVBIT_IMAD
num_read_regs: 2
num_dest_regs: 1
src0: 255
src1: 255
dst0: 1
is_fp: 0
cf_type: NOT_CF
is_load: 0
inst_size: 16
inst_addr: 7f4eecacbf00
active_mask: ffffffff
br_taken_mask: 0
br_target_addr: 7f4eecacbf10
reconv_inst_addr/mem_addr: 0
mem_addr/reconv_inst_addr: 0
mem_access_size/barrier_id: 4
num_barrier_threads: 0
addr_space/fence_level: GPU_ADDR_SP_INVALID
barrier_id/mem_access_size: 4
fence_level/addr_space: GPU_FENCE_INVALID
*** end of the data structure *** 

*** begin of the data structure *** 
core_id:19 thread_id:2
opcode: NVBIT_IMAD
num_read_regs: 2
num_dest_regs: 1
src0: 255
src1: 255
dst0: 1
is_fp: 0
cf_type: NOT_CF
is_load: 0
inst_size: 16
inst_addr: 7f4eecacbf00
active_mask: ffffffff
br_taken_mask: 0
br_target_addr: 7f4eecacbf10
reconv_inst_addr/mem_addr: 0
mem_addr/reconv_inst_addr: 0
mem_access_size/barrier_id: 4
num_barrier_threads: 0
addr_space/fence_level: GPU_ADDR_SP_INVALID
barrier_id/mem_access_size: 4
fence_level/addr_space: GPU_FENCE_INVALID
*** end of the data structure *** 

*** begin of the data structure *** 
core_id:19 thread_id:3
opcode: NVBIT_IMAD
num_read_regs: 2
num_dest_regs: 1
src0: 255
src1: 255
dst0: 1
is_fp: 0
cf_type: NOT_CF
is_load: 0
inst_size: 16
inst_addr: 7f4eecacbf00
active_mask: ffffffff
br_taken_mask: 0
br_target_addr: 7f4eecacbf10
reconv_inst_addr/mem_addr: 0
mem_addr/reconv_inst_addr: 0
mem_access_size/barrier_id: 4
num_barrier_threads: 0
addr_space/fence_level: GPU_ADDR_SP_INVALID
barrier_id/mem_access_size: 4
fence_level/addr_space: GPU_FENCE_INVALID
*** end of the data structure *** 

*** begin of the data structure *** 
core_id:20 thread_id:0
opcode: NVBIT_IMAD
num_read_regs: 2
num_dest_regs: 1
src0: 255
src1: 255
dst0: 1
is_fp: 0
cf_type: NOT_CF
is_load: 0
inst_size: 16
inst_addr: 7f4eecacbf00
active_mask: ffffffff
br_taken_mask: 0
br_target_addr: 7f4eecacbf10
reconv_inst_addr/mem_addr: 0
mem_addr/reconv_inst_addr: 0
mem_access_size/barrier_id: 4
num_barrier_threads: 0
addr_space/fence_level: GPU_ADDR_SP_INVALID
barrier_id/mem_access_size: 4
fence_level/addr_space: GPU_FENCE_INVALID
*** end of the data structure *** 

*** begin of the data structure *** 
core_id:20 thread_id:1
opcode: NVBIT_IMAD
num_read_regs: 2
num_dest_regs: 1
src0: 255
src1: 255
dst0: 1
is_fp: 0
cf_type: NOT_CF
is_load: 0
inst_size: 16
inst_addr: 7f4eecacbf00
active_mask: ffffffff
br_taken_mask: 0
br_target_addr: 7f4eecacbf10
reconv_inst_addr/mem_addr: 0
mem_addr/reconv_inst_addr: 0
mem_access_size/barrier_id: 4
num_barrier_threads: 0
addr_space/fence_level: GPU_ADDR_SP_INVALID
barrier_id/mem_access_size: 4
fence_level/addr_space: GPU_FENCE_INVALID
*** end of the data structure *** 

*** begin of the data structure *** 
core_id:20 thread_id:2
opcode: NVBIT_IMAD
num_read_regs: 2
num_dest_regs: 1
src0: 255
src1: 255
dst0: 1
is_fp: 0
cf_type: NOT_CF
is_load: 0
inst_size: 16
inst_addr: 7f4eecacbf00
active_mask: ffffffff
br_taken_mask: 0
br_target_addr: 7f4eecacbf10
reconv_inst_addr/mem_addr: 0
mem_addr/reconv_inst_addr: 0
mem_access_size/barrier_id: 4
num_barrier_threads: 0
addr_space/fence_level: GPU_ADDR_SP_INVALID
barrier_id/mem_access_size: 4
fence_level/addr_space: GPU_FENCE_INVALID
*** end of the data structure *** 

*** begin of the data structure *** 
core_id:20 thread_id:3
opcode: NVBIT_IMAD
num_read_regs: 2
num_dest_regs: 1
src0: 255
src1: 255
dst0: 1
is_fp: 0
cf_type: NOT_CF
is_load: 0
inst_size: 16
inst_addr: 7f4eecacbf00
active_mask: ffffffff
br_taken_mask: 0
br_target_addr: 7f4eecacbf10
reconv_inst_addr/mem_addr: 0
mem_addr/reconv_inst_addr: 0
mem_access_size/barrier_id: 4
num_barrier_threads: 0
addr_space/fence_level: GPU_ADDR_SP_INVALID
barrier_id/mem_access_size: 4
fence_level/addr_space: GPU_FENCE_INVALID
*** end of the data structure *** 

*** begin of the data structure *** 
core_id:21 thread_id:0
opcode: NVBIT_IMAD
num_read_regs: 2
num_dest_regs: 1
src0: 255
src1: 255
dst0: 1
is_fp: 0
cf_type: NOT_CF
is_load: 0
inst_size: 16
inst_addr: 7f4eecacbf00
active_mask: ffffffff
br_taken_mask: 0
br_target_addr: 7f4eecacbf10
reconv_inst_addr/mem_addr: 0
mem_addr/reconv_inst_addr: 0
mem_access_size/barrier_id: 4
num_barrier_threads: 0
addr_space/fence_level: GPU_ADDR_SP_INVALID
barrier_id/mem_access_size: 4
fence_level/addr_space: GPU_FENCE_INVALID
*** end of the data structure *** 

*** begin of the data structure *** 
core_id:21 thread_id:1
opcode: NVBIT_IMAD
num_read_regs: 2
num_dest_regs: 1
src0: 255
src1: 255
dst0: 1
is_fp: 0
cf_type: NOT_CF
is_load: 0
inst_size: 16
inst_addr: 7f4eecacbf00
active_mask: ffffffff
br_taken_mask: 0
br_target_addr: 7f4eecacbf10
reconv_inst_addr/mem_addr: 0
mem_addr/reconv_inst_addr: 0
mem_access_size/barrier_id: 4
num_barrier_threads: 0
addr_space/fence_level: GPU_ADDR_SP_INVALID
barrier_id/mem_access_size: 4
fence_level/addr_space: GPU_FENCE_INVALID
*** end of the data structure *** 

*** begin of the data structure *** 
core_id:21 thread_id:2
opcode: NVBIT_IMAD
num_read_regs: 2
num_dest_regs: 1
src0: 255
src1: 255
dst0: 1
is_fp: 0
cf_type: NOT_CF
is_load: 0
inst_size: 16
inst_addr: 7f4eecacbf00
active_mask: ffffffff
br_taken_mask: 0
br_target_addr: 7f4eecacbf10
reconv_inst_addr/mem_addr: 0
mem_addr/reconv_inst_addr: 0
mem_access_size/barrier_id: 4
num_barrier_threads: 0
addr_space/fence_level: GPU_ADDR_SP_INVALID
barrier_id/mem_access_size: 4
fence_level/addr_space: GPU_FENCE_INVALID
*** end of the data structure *** 

*** begin of the data structure *** 
core_id:21 thread_id:3
opcode: NVBIT_IMAD
num_read_regs: 2
num_dest_regs: 1
src0: 255
src1: 255
dst0: 1
is_fp: 0
cf_type: NOT_CF
is_load: 0
inst_size: 16
inst_addr: 7f4eecacbf00
active_mask: ffffffff
br_taken_mask: 0
br_target_addr: 7f4eecacbf10
reconv_inst_addr/mem_addr: 0
mem_addr/reconv_inst_addr: 0
mem_access_size/barrier_id: 4
num_barrier_threads: 0
addr_space/fence_level: GPU_ADDR_SP_INVALID
barrier_id/mem_access_size: 4
fence_level/addr_space: GPU_FENCE_INVALID
*** end of the data structure *** 

*** begin of the data structure *** 
core_id:22 thread_id:0
opcode: NVBIT_IMAD
num_read_regs: 2
num_dest_regs: 1
src0: 255
src1: 255
dst0: 1
is_fp: 0
cf_type: NOT_CF
is_load: 0
inst_size: 16
inst_addr: 7f4eecacbf00
active_mask: ffffffff
br_taken_mask: 0
br_target_addr: 7f4eecacbf10
reconv_inst_addr/mem_addr: 0
mem_addr/reconv_inst_addr: 0
mem_access_size/barrier_id: 4
num_barrier_threads: 0
addr_space/fence_level: GPU_ADDR_SP_INVALID
barrier_id/mem_access_size: 4
fence_level/addr_space: GPU_FENCE_INVALID
*** end of the data structure *** 

*** begin of the data structure *** 
core_id:22 thread_id:1
opcode: NVBIT_IMAD
num_read_regs: 2
num_dest_regs: 1
src0: 255
src1: 255
dst0: 1
is_fp: 0
cf_type: NOT_CF
is_load: 0
inst_size: 16
inst_addr: 7f4eecacbf00
active_mask: ffffffff
br_taken_mask: 0
br_target_addr: 7f4eecacbf10
reconv_inst_addr/mem_addr: 0
mem_addr/reconv_inst_addr: 0
mem_access_size/barrier_id: 4
num_barrier_threads: 0
addr_space/fence_level: GPU_ADDR_SP_INVALID
barrier_id/mem_access_size: 4
fence_level/addr_space: GPU_FENCE_INVALID
*** end of the data structure *** 

*** begin of the data structure *** 
core_id:22 thread_id:2
opcode: NVBIT_IMAD
num_read_regs: 2
num_dest_regs: 1
src0: 255
src1: 255
dst0: 1
is_fp: 0
cf_type: NOT_CF
is_load: 0
inst_size: 16
inst_addr: 7f4eecacbf00
active_mask: ffffffff
br_taken_mask: 0
br_target_addr: 7f4eecacbf10
reconv_inst_addr/mem_addr: 0
mem_addr/reconv_inst_addr: 0
mem_access_size/barrier_id: 4
num_barrier_threads: 0
addr_space/fence_level: GPU_ADDR_SP_INVALID
barrier_id/mem_access_size: 4
fence_level/addr_space: GPU_FENCE_INVALID
*** end of the data structure *** 

*** begin of the data structure *** 
core_id:22 thread_id:3
opcode: NVBIT_IMAD
num_read_regs: 2
num_dest_regs: 1
src0: 255
src1: 255
dst0: 1
is_fp: 0
cf_type: NOT_CF
is_load: 0
inst_size: 16
inst_addr: 7f4eecacbf00
active_mask: ffffffff
br_taken_mask: 0
br_target_addr: 7f4eecacbf10
reconv_inst_addr/mem_addr: 0
mem_addr/reconv_inst_addr: 0
mem_access_size/barrier_id: 4
num_barrier_threads: 0
addr_space/fence_level: GPU_ADDR_SP_INVALID
barrier_id/mem_access_size: 4
fence_level/addr_space: GPU_FENCE_INVALID
*** end of the data structure *** 

*** begin of the data structure *** 
core_id:23 thread_id:0
opcode: NVBIT_IMAD
num_read_regs: 2
num_dest_regs: 1
src0: 255
src1: 255
dst0: 1
is_fp: 0
cf_type: NOT_CF
is_load: 0
inst_size: 16
inst_addr: 7f4eecacbf00
active_mask: ffffffff
br_taken_mask: 0
br_target_addr: 7f4eecacbf10
reconv_inst_addr/mem_addr: 0
mem_addr/reconv_inst_addr: 0
mem_access_size/barrier_id: 4
num_barrier_threads: 0
addr_space/fence_level: GPU_ADDR_SP_INVALID
barrier_id/mem_access_size: 4
fence_level/addr_space: GPU_FENCE_INVALID
*** end of the data structure *** 

*** begin of the data structure *** 
core_id:23 thread_id:1
opcode: NVBIT_IMAD
num_read_regs: 2
num_dest_regs: 1
src0: 255
src1: 255
dst0: 1
is_fp: 0
cf_type: NOT_CF
is_load: 0
inst_size: 16
inst_addr: 7f4eecacbf00
active_mask: ffffffff
br_taken_mask: 0
br_target_addr: 7f4eecacbf10
reconv_inst_addr/mem_addr: 0
mem_addr/reconv_inst_addr: 0
mem_access_size/barrier_id: 4
num_barrier_threads: 0
addr_space/fence_level: GPU_ADDR_SP_INVALID
barrier_id/mem_access_size: 4
fence_level/addr_space: GPU_FENCE_INVALID
*** end of the data structure *** 

*** begin of the data structure *** 
core_id:23 thread_id:2
opcode: NVBIT_IMAD
num_read_regs: 2
num_dest_regs: 1
src0: 255
src1: 255
dst0: 1
is_fp: 0
cf_type: NOT_CF
is_load: 0
inst_size: 16
inst_addr: 7f4eecacbf00
active_mask: ffffffff
br_taken_mask: 0
br_target_addr: 7f4eecacbf10
reconv_inst_addr/mem_addr: 0
mem_addr/reconv_inst_addr: 0
mem_access_size/barrier_id: 4
num_barrier_threads: 0
addr_space/fence_level: GPU_ADDR_SP_INVALID
barrier_id/mem_access_size: 4
fence_level/addr_space: GPU_FENCE_INVALID
*** end of the data structure *** 

*** begin of the data structure *** 
core_id:23 thread_id:3
opcode: NVBIT_IMAD
num_read_regs: 2
num_dest_regs: 1
src0: 255
src1: 255
dst0: 1
is_fp: 0
cf_type: NOT_CF
is_load: 0
inst_size: 16
inst_addr: 7f4eecacbf00
active_mask: ffffffff
br_taken_mask: 0
br_target_addr: 7f4eecacbf10
reconv_inst_addr/mem_addr: 0
mem_addr/reconv_inst_addr: 0
mem_access_size/barrier_id: 4
num_barrier_threads: 0
addr_space/fence_level: GPU_ADDR_SP_INVALID
barrier_id/mem_access_size: 4
fence_level/addr_space: GPU_FENCE_INVALID
*** end of the data structure *** 

*** begin of the data structure *** 
core_id:24 thread_id:0
opcode: NVBIT_IMAD
num_read_regs: 2
num_dest_regs: 1
src0: 255
src1: 255
dst0: 1
is_fp: 0
cf_type: NOT_CF
is_load: 0
inst_size: 16
inst_addr: 7f4eecacbf00
active_mask: ffffffff
br_taken_mask: 0
br_target_addr: 7f4eecacbf10
reconv_inst_addr/mem_addr: 0
mem_addr/reconv_inst_addr: 0
mem_access_size/barrier_id: 4
num_barrier_threads: 0
addr_space/fence_level: GPU_ADDR_SP_INVALID
barrier_id/mem_access_size: 4
fence_level/addr_space: GPU_FENCE_INVALID
*** end of the data structure *** 

*** begin of the data structure *** 
core_id:24 thread_id:1
opcode: NVBIT_IMAD
num_read_regs: 2
num_dest_regs: 1
src0: 255
src1: 255
dst0: 1
is_fp: 0
cf_type: NOT_CF
is_load: 0
inst_size: 16
inst_addr: 7f4eecacbf00
active_mask: ffffffff
br_taken_mask: 0
br_target_addr: 7f4eecacbf10
reconv_inst_addr/mem_addr: 0
mem_addr/reconv_inst_addr: 0
mem_access_size/barrier_id: 4
num_barrier_threads: 0
addr_space/fence_level: GPU_ADDR_SP_INVALID
barrier_id/mem_access_size: 4
fence_level/addr_space: GPU_FENCE_INVALID
*** end of the data structure *** 

*** begin of the data structure *** 
core_id:24 thread_id:2
opcode: NVBIT_IMAD
num_read_regs: 2
num_dest_regs: 1
src0: 255
src1: 255
dst0: 1
is_fp: 0
cf_type: NOT_CF
is_load: 0
inst_size: 16
inst_addr: 7f4eecacbf00
active_mask: ffffffff
br_taken_mask: 0
br_target_addr: 7f4eecacbf10
reconv_inst_addr/mem_addr: 0
mem_addr/reconv_inst_addr: 0
mem_access_size/barrier_id: 4
num_barrier_threads: 0
addr_space/fence_level: GPU_ADDR_SP_INVALID
barrier_id/mem_access_size: 4
fence_level/addr_space: GPU_FENCE_INVALID
*** end of the data structure *** 

*** begin of the data structure *** 
core_id:24 thread_id:3
opcode: NVBIT_IMAD
num_read_regs: 2
num_dest_regs: 1
src0: 255
src1: 255
dst0: 1
is_fp: 0
cf_type: NOT_CF
is_load: 0
inst_size: 16
inst_addr: 7f4eecacbf00
active_mask: ffffffff
br_taken_mask: 0
br_target_addr: 7f4eecacbf10
reconv_inst_addr/mem_addr: 0
mem_addr/reconv_inst_addr: 0
mem_access_size/barrier_id: 4
num_barrier_threads: 0
addr_space/fence_level: GPU_ADDR_SP_INVALID
barrier_id/mem_access_size: 4
fence_level/addr_space: GPU_FENCE_INVALID
*** end of the data structure *** 

*** begin of the data structure *** 
core_id:25 thread_id:0
opcode: NVBIT_IMAD
num_read_regs: 2
num_dest_regs: 1
src0: 255
src1: 255
dst0: 1
is_fp: 0
cf_type: NOT_CF
is_load: 0
inst_size: 16
inst_addr: 7f4eecacbf00
active_mask: ffffffff
br_taken_mask: 0
br_target_addr: 7f4eecacbf10
reconv_inst_addr/mem_addr: 0
mem_addr/reconv_inst_addr: 0
mem_access_size/barrier_id: 4
num_barrier_threads: 0
addr_space/fence_level: GPU_ADDR_SP_INVALID
barrier_id/mem_access_size: 4
fence_level/addr_space: GPU_FENCE_INVALID
*** end of the data structure *** 

*** begin of the data structure *** 
core_id:25 thread_id:1
opcode: NVBIT_IMAD
num_read_regs: 2
num_dest_regs: 1
src0: 255
src1: 255
dst0: 1
is_fp: 0
cf_type: NOT_CF
is_load: 0
inst_size: 16
inst_addr: 7f4eecacbf00
active_mask: ffffffff
br_taken_mask: 0
br_target_addr: 7f4eecacbf10
reconv_inst_addr/mem_addr: 0
mem_addr/reconv_inst_addr: 0
mem_access_size/barrier_id: 4
num_barrier_threads: 0
addr_space/fence_level: GPU_ADDR_SP_INVALID
barrier_id/mem_access_size: 4
fence_level/addr_space: GPU_FENCE_INVALID
*** end of the data structure *** 

*** begin of the data structure *** 
core_id:25 thread_id:2
opcode: NVBIT_IMAD
num_read_regs: 2
num_dest_regs: 1
src0: 255
src1: 255
dst0: 1
is_fp: 0
cf_type: NOT_CF
is_load: 0
inst_size: 16
inst_addr: 7f4eecacbf00
active_mask: ffffffff
br_taken_mask: 0
br_target_addr: 7f4eecacbf10
reconv_inst_addr/mem_addr: 0
mem_addr/reconv_inst_addr: 0
mem_access_size/barrier_id: 4
num_barrier_threads: 0
addr_space/fence_level: GPU_ADDR_SP_INVALID
barrier_id/mem_access_size: 4
fence_level/addr_space: GPU_FENCE_INVALID
*** end of the data structure *** 

*** begin of the data structure *** 
core_id:25 thread_id:3
opcode: NVBIT_IMAD
num_read_regs: 2
num_dest_regs: 1
src0: 255
src1: 255
dst0: 1
is_fp: 0
cf_type: NOT_CF
is_load: 0
inst_size: 16
inst_addr: 7f4eecacbf00
active_mask: ffffffff
br_taken_mask: 0
br_target_addr: 7f4eecacbf10
reconv_inst_addr/mem_addr: 0
mem_addr/reconv_inst_addr: 0
mem_access_size/barrier_id: 4
num_barrier_threads: 0
addr_space/fence_level: GPU_ADDR_SP_INVALID
barrier_id/mem_access_size: 4
fence_level/addr_space: GPU_FENCE_INVALID
*** end of the data structure *** 

*** begin of the data structure *** 
core_id:26 thread_id:0
opcode: NVBIT_IMAD
num_read_regs: 2
num_dest_regs: 1
src0: 255
src1: 255
dst0: 1
is_fp: 0
cf_type: NOT_CF
is_load: 0
inst_size: 16
inst_addr: 7f4eecacbf00
active_mask: ffffffff
br_taken_mask: 0
br_target_addr: 7f4eecacbf10
reconv_inst_addr/mem_addr: 0
mem_addr/reconv_inst_addr: 0
mem_access_size/barrier_id: 4
num_barrier_threads: 0
addr_space/fence_level: GPU_ADDR_SP_INVALID
barrier_id/mem_access_size: 4
fence_level/addr_space: GPU_FENCE_INVALID
*** end of the data structure *** 

*** begin of the data structure *** 
core_id:26 thread_id:1
opcode: NVBIT_IMAD
num_read_regs: 2
num_dest_regs: 1
src0: 255
src1: 255
dst0: 1
is_fp: 0
cf_type: NOT_CF
is_load: 0
inst_size: 16
inst_addr: 7f4eecacbf00
active_mask: ffffffff
br_taken_mask: 0
br_target_addr: 7f4eecacbf10
reconv_inst_addr/mem_addr: 0
mem_addr/reconv_inst_addr: 0
mem_access_size/barrier_id: 4
num_barrier_threads: 0
addr_space/fence_level: GPU_ADDR_SP_INVALID
barrier_id/mem_access_size: 4
fence_level/addr_space: GPU_FENCE_INVALID
*** end of the data structure *** 

*** begin of the data structure *** 
core_id:26 thread_id:2
opcode: NVBIT_IMAD
num_read_regs: 2
num_dest_regs: 1
src0: 255
src1: 255
dst0: 1
is_fp: 0
cf_type: NOT_CF
is_load: 0
inst_size: 16
inst_addr: 7f4eecacbf00
active_mask: ffffffff
br_taken_mask: 0
br_target_addr: 7f4eecacbf10
reconv_inst_addr/mem_addr: 0
mem_addr/reconv_inst_addr: 0
mem_access_size/barrier_id: 4
num_barrier_threads: 0
addr_space/fence_level: GPU_ADDR_SP_INVALID
barrier_id/mem_access_size: 4
fence_level/addr_space: GPU_FENCE_INVALID
*** end of the data structure *** 

*** begin of the data structure *** 
core_id:26 thread_id:3
opcode: NVBIT_IMAD
num_read_regs: 2
num_dest_regs: 1
src0: 255
src1: 255
dst0: 1
is_fp: 0
cf_type: NOT_CF
is_load: 0
inst_size: 16
inst_addr: 7f4eecacbf00
active_mask: ffffffff
br_taken_mask: 0
br_target_addr: 7f4eecacbf10
reconv_inst_addr/mem_addr: 0
mem_addr/reconv_inst_addr: 0
mem_access_size/barrier_id: 4
num_barrier_threads: 0
addr_space/fence_level: GPU_ADDR_SP_INVALID
barrier_id/mem_access_size: 4
fence_level/addr_space: GPU_FENCE_INVALID
*** end of the data structure *** 

*** begin of the data structure *** 
core_id:27 thread_id:0
opcode: NVBIT_IMAD
num_read_regs: 2
num_dest_regs: 1
src0: 255
src1: 255
dst0: 1
is_fp: 0
cf_type: NOT_CF
is_load: 0
inst_size: 16
inst_addr: 7f4eecacbf00
active_mask: ffffffff
br_taken_mask: 0
br_target_addr: 7f4eecacbf10
reconv_inst_addr/mem_addr: 0
mem_addr/reconv_inst_addr: 0
mem_access_size/barrier_id: 4
num_barrier_threads: 0
addr_space/fence_level: GPU_ADDR_SP_INVALID
barrier_id/mem_access_size: 4
fence_level/addr_space: GPU_FENCE_INVALID
*** end of the data structure *** 

*** begin of the data structure *** 
core_id:27 thread_id:1
opcode: NVBIT_IMAD
num_read_regs: 2
num_dest_regs: 1
src0: 255
src1: 255
dst0: 1
is_fp: 0
cf_type: NOT_CF
is_load: 0
inst_size: 16
inst_addr: 7f4eecacbf00
active_mask: ffffffff
br_taken_mask: 0
br_target_addr: 7f4eecacbf10
reconv_inst_addr/mem_addr: 0
mem_addr/reconv_inst_addr: 0
mem_access_size/barrier_id: 4
num_barrier_threads: 0
addr_space/fence_level: GPU_ADDR_SP_INVALID
barrier_id/mem_access_size: 4
fence_level/addr_space: GPU_FENCE_INVALID
*** end of the data structure *** 

*** begin of the data structure *** 
core_id:27 thread_id:2
opcode: NVBIT_IMAD
num_read_regs: 2
num_dest_regs: 1
src0: 255
src1: 255
dst0: 1
is_fp: 0
cf_type: NOT_CF
is_load: 0
inst_size: 16
inst_addr: 7f4eecacbf00
active_mask: ffffffff
br_taken_mask: 0
br_target_addr: 7f4eecacbf10
reconv_inst_addr/mem_addr: 0
mem_addr/reconv_inst_addr: 0
mem_access_size/barrier_id: 4
num_barrier_threads: 0
addr_space/fence_level: GPU_ADDR_SP_INVALID
barrier_id/mem_access_size: 4
fence_level/addr_space: GPU_FENCE_INVALID
*** end of the data structure *** 

*** begin of the data structure *** 
core_id:27 thread_id:3
opcode: NVBIT_IMAD
num_read_regs: 2
num_dest_regs: 1
src0: 255
src1: 255
dst0: 1
is_fp: 0
cf_type: NOT_CF
is_load: 0
inst_size: 16
inst_addr: 7f4eecacbf00
active_mask: ffffffff
br_taken_mask: 0
br_target_addr: 7f4eecacbf10
reconv_inst_addr/mem_addr: 0
mem_addr/reconv_inst_addr: 0
mem_access_size/barrier_id: 4
num_barrier_threads: 0
addr_space/fence_level: GPU_ADDR_SP_INVALID
barrier_id/mem_access_size: 4
fence_level/addr_space: GPU_FENCE_INVALID
*** end of the data structure *** 

*** begin of the data structure *** 
core_id:28 thread_id:0
opcode: NVBIT_IMAD
num_read_regs: 2
num_dest_regs: 1
src0: 255
src1: 255
dst0: 1
is_fp: 0
cf_type: NOT_CF
is_load: 0
inst_size: 16
inst_addr: 7f4eecacbf00
active_mask: ffffffff
br_taken_mask: 0
br_target_addr: 7f4eecacbf10
reconv_inst_addr/mem_addr: 0
mem_addr/reconv_inst_addr: 0
mem_access_size/barrier_id: 4
num_barrier_threads: 0
addr_space/fence_level: GPU_ADDR_SP_INVALID
barrier_id/mem_access_size: 4
fence_level/addr_space: GPU_FENCE_INVALID
*** end of the data structure *** 

*** begin of the data structure *** 
core_id:28 thread_id:1
opcode: NVBIT_IMAD
num_read_regs: 2
num_dest_regs: 1
src0: 255
src1: 255
dst0: 1
is_fp: 0
cf_type: NOT_CF
is_load: 0
inst_size: 16
inst_addr: 7f4eecacbf00
active_mask: ffffffff
br_taken_mask: 0
br_target_addr: 7f4eecacbf10
reconv_inst_addr/mem_addr: 0
mem_addr/reconv_inst_addr: 0
mem_access_size/barrier_id: 4
num_barrier_threads: 0
addr_space/fence_level: GPU_ADDR_SP_INVALID
barrier_id/mem_access_size: 4
fence_level/addr_space: GPU_FENCE_INVALID
*** end of the data structure *** 

*** begin of the data structure *** 
core_id:28 thread_id:2
opcode: NVBIT_IMAD
num_read_regs: 2
num_dest_regs: 1
src0: 255
src1: 255
dst0: 1
is_fp: 0
cf_type: NOT_CF
is_load: 0
inst_size: 16
inst_addr: 7f4eecacbf00
active_mask: ffffffff
br_taken_mask: 0
br_target_addr: 7f4eecacbf10
reconv_inst_addr/mem_addr: 0
mem_addr/reconv_inst_addr: 0
mem_access_size/barrier_id: 4
num_barrier_threads: 0
addr_space/fence_level: GPU_ADDR_SP_INVALID
barrier_id/mem_access_size: 4
fence_level/addr_space: GPU_FENCE_INVALID
*** end of the data structure *** 

*** begin of the data structure *** 
core_id:28 thread_id:3
opcode: NVBIT_IMAD
num_read_regs: 2
num_dest_regs: 1
src0: 255
src1: 255
dst0: 1
is_fp: 0
cf_type: NOT_CF
is_load: 0
inst_size: 16
inst_addr: 7f4eecacbf00
active_mask: ffffffff
br_taken_mask: 0
br_target_addr: 7f4eecacbf10
reconv_inst_addr/mem_addr: 0
mem_addr/reconv_inst_addr: 0
mem_access_size/barrier_id: 4
num_barrier_threads: 0
addr_space/fence_level: GPU_ADDR_SP_INVALID
barrier_id/mem_access_size: 4
fence_level/addr_space: GPU_FENCE_INVALID
*** end of the data structure *** 

*** begin of the data structure *** 
core_id:29 thread_id:0
opcode: NVBIT_IMAD
num_read_regs: 2
num_dest_regs: 1
src0: 255
src1: 255
dst0: 1
is_fp: 0
cf_type: NOT_CF
is_load: 0
inst_size: 16
inst_addr: 7f4eecacbf00
active_mask: ffffffff
br_taken_mask: 0
br_target_addr: 7f4eecacbf10
reconv_inst_addr/mem_addr: 0
mem_addr/reconv_inst_addr: 0
mem_access_size/barrier_id: 4
num_barrier_threads: 0
addr_space/fence_level: GPU_ADDR_SP_INVALID
barrier_id/mem_access_size: 4
fence_level/addr_space: GPU_FENCE_INVALID
*** end of the data structure *** 

*** begin of the data structure *** 
core_id:29 thread_id:1
opcode: NVBIT_IMAD
num_read_regs: 2
num_dest_regs: 1
src0: 255
src1: 255
dst0: 1
is_fp: 0
cf_type: NOT_CF
is_load: 0
inst_size: 16
inst_addr: 7f4eecacbf00
active_mask: ffffffff
br_taken_mask: 0
br_target_addr: 7f4eecacbf10
reconv_inst_addr/mem_addr: 0
mem_addr/reconv_inst_addr: 0
mem_access_size/barrier_id: 4
num_barrier_threads: 0
addr_space/fence_level: GPU_ADDR_SP_INVALID
barrier_id/mem_access_size: 4
fence_level/addr_space: GPU_FENCE_INVALID
*** end of the data structure *** 

*** begin of the data structure *** 
core_id:29 thread_id:2
opcode: NVBIT_IMAD
num_read_regs: 2
num_dest_regs: 1
src0: 255
src1: 255
dst0: 1
is_fp: 0
cf_type: NOT_CF
is_load: 0
inst_size: 16
inst_addr: 7f4eecacbf00
active_mask: ffffffff
br_taken_mask: 0
br_target_addr: 7f4eecacbf10
reconv_inst_addr/mem_addr: 0
mem_addr/reconv_inst_addr: 0
mem_access_size/barrier_id: 4
num_barrier_threads: 0
addr_space/fence_level: GPU_ADDR_SP_INVALID
barrier_id/mem_access_size: 4
fence_level/addr_space: GPU_FENCE_INVALID
*** end of the data structure *** 

*** begin of the data structure *** 
core_id:29 thread_id:3
opcode: NVBIT_IMAD
num_read_regs: 2
num_dest_regs: 1
src0: 255
src1: 255
dst0: 1
is_fp: 0
cf_type: NOT_CF
is_load: 0
inst_size: 16
inst_addr: 7f4eecacbf00
active_mask: ffffffff
br_taken_mask: 0
br_target_addr: 7f4eecacbf10
reconv_inst_addr/mem_addr: 0
mem_addr/reconv_inst_addr: 0
mem_access_size/barrier_id: 4
num_barrier_threads: 0
addr_space/fence_level: GPU_ADDR_SP_INVALID
barrier_id/mem_access_size: 4
fence_level/addr_space: GPU_FENCE_INVALID
*** end of the data structure *** 

*** begin of the data structure *** 
core_id:30 thread_id:0
opcode: NVBIT_IMAD
num_read_regs: 2
num_dest_regs: 1
src0: 255
src1: 255
dst0: 1
is_fp: 0
cf_type: NOT_CF
is_load: 0
inst_size: 16
inst_addr: 7f4eecacbf00
active_mask: ffffffff
br_taken_mask: 0
br_target_addr: 7f4eecacbf10
reconv_inst_addr/mem_addr: 0
mem_addr/reconv_inst_addr: 0
mem_access_size/barrier_id: 4
num_barrier_threads: 0
addr_space/fence_level: GPU_ADDR_SP_INVALID
barrier_id/mem_access_size: 4
fence_level/addr_space: GPU_FENCE_INVALID
*** end of the data structure *** 

*** begin of the data structure *** 
core_id:30 thread_id:1
opcode: NVBIT_IMAD
num_read_regs: 2
num_dest_regs: 1
src0: 255
src1: 255
dst0: 1
is_fp: 0
cf_type: NOT_CF
is_load: 0
inst_size: 16
inst_addr: 7f4eecacbf00
active_mask: ffffffff
br_taken_mask: 0
br_target_addr: 7f4eecacbf10
reconv_inst_addr/mem_addr: 0
mem_addr/reconv_inst_addr: 0
mem_access_size/barrier_id: 4
num_barrier_threads: 0
addr_space/fence_level: GPU_ADDR_SP_INVALID
barrier_id/mem_access_size: 4
fence_level/addr_space: GPU_FENCE_INVALID
*** end of the data structure *** 

*** begin of the data structure *** 
core_id:30 thread_id:2
opcode: NVBIT_IMAD
num_read_regs: 2
num_dest_regs: 1
src0: 255
src1: 255
dst0: 1
is_fp: 0
cf_type: NOT_CF
is_load: 0
inst_size: 16
inst_addr: 7f4eecacbf00
active_mask: ffffffff
br_taken_mask: 0
br_target_addr: 7f4eecacbf10
reconv_inst_addr/mem_addr: 0
mem_addr/reconv_inst_addr: 0
mem_access_size/barrier_id: 4
num_barrier_threads: 0
addr_space/fence_level: GPU_ADDR_SP_INVALID
barrier_id/mem_access_size: 4
fence_level/addr_space: GPU_FENCE_INVALID
*** end of the data structure *** 

*** begin of the data structure *** 
core_id:30 thread_id:3
opcode: NVBIT_IMAD
num_read_regs: 2
num_dest_regs: 1
src0: 255
src1: 255
dst0: 1
is_fp: 0
cf_type: NOT_CF
is_load: 0
inst_size: 16
inst_addr: 7f4eecacbf00
active_mask: ffffffff
br_taken_mask: 0
br_target_addr: 7f4eecacbf10
reconv_inst_addr/mem_addr: 0
mem_addr/reconv_inst_addr: 0
mem_access_size/barrier_id: 4
num_barrier_threads: 0
addr_space/fence_level: GPU_ADDR_SP_INVALID
barrier_id/mem_access_size: 4
fence_level/addr_space: GPU_FENCE_INVALID
*** end of the data structure *** 

*** begin of the data structure *** 
core_id:31 thread_id:0
opcode: NVBIT_IMAD
num_read_regs: 2
num_dest_regs: 1
src0: 255
src1: 255
dst0: 1
is_fp: 0
cf_type: NOT_CF
is_load: 0
inst_size: 16
inst_addr: 7f4eecacbf00
active_mask: ffffffff
br_taken_mask: 0
br_target_addr: 7f4eecacbf10
reconv_inst_addr/mem_addr: 0
mem_addr/reconv_inst_addr: 0
mem_access_size/barrier_id: 4
num_barrier_threads: 0
addr_space/fence_level: GPU_ADDR_SP_INVALID
barrier_id/mem_access_size: 4
fence_level/addr_space: GPU_FENCE_INVALID
*** end of the data structure *** 

*** begin of the data structure *** 
core_id:31 thread_id:1
opcode: NVBIT_IMAD
num_read_regs: 2
num_dest_regs: 1
src0: 255
src1: 255
dst0: 1
is_fp: 0
cf_type: NOT_CF
is_load: 0
inst_size: 16
inst_addr: 7f4eecacbf00
active_mask: ffffffff
br_taken_mask: 0
br_target_addr: 7f4eecacbf10
reconv_inst_addr/mem_addr: 0
mem_addr/reconv_inst_addr: 0
mem_access_size/barrier_id: 4
num_barrier_threads: 0
addr_space/fence_level: GPU_ADDR_SP_INVALID
barrier_id/mem_access_size: 4
fence_level/addr_space: GPU_FENCE_INVALID
*** end of the data structure *** 

*** begin of the data structure *** 
core_id:31 thread_id:2
opcode: NVBIT_IMAD
num_read_regs: 2
num_dest_regs: 1
src0: 255
src1: 255
dst0: 1
is_fp: 0
cf_type: NOT_CF
is_load: 0
inst_size: 16
inst_addr: 7f4eecacbf00
active_mask: ffffffff
br_taken_mask: 0
br_target_addr: 7f4eecacbf10
reconv_inst_addr/mem_addr: 0
mem_addr/reconv_inst_addr: 0
mem_access_size/barrier_id: 4
num_barrier_threads: 0
addr_space/fence_level: GPU_ADDR_SP_INVALID
barrier_id/mem_access_size: 4
fence_level/addr_space: GPU_FENCE_INVALID
*** end of the data structure *** 

*** begin of the data structure *** 
core_id:31 thread_id:3
opcode: NVBIT_IMAD
num_read_regs: 2
num_dest_regs: 1
src0: 255
src1: 255
dst0: 1
is_fp: 0
cf_type: NOT_CF
is_load: 0
inst_size: 16
inst_addr: 7f4eecacbf00
active_mask: ffffffff
br_taken_mask: 0
br_target_addr: 7f4eecacbf10
reconv_inst_addr/mem_addr: 0
mem_addr/reconv_inst_addr: 0
mem_access_size/barrier_id: 4
num_barrier_threads: 0
addr_space/fence_level: GPU_ADDR_SP_INVALID
barrier_id/mem_access_size: 4
fence_level/addr_space: GPU_FENCE_INVALID
*** end of the data structure *** 

*** begin of the data structure *** 
core_id:32 thread_id:0
opcode: NVBIT_IMAD
num_read_regs: 2
num_dest_regs: 1
src0: 255
src1: 255
dst0: 1
is_fp: 0
cf_type: NOT_CF
is_load: 0
inst_size: 16
inst_addr: 7f4eecacbf00
active_mask: ffffffff
br_taken_mask: 0
br_target_addr: 7f4eecacbf10
reconv_inst_addr/mem_addr: 0
mem_addr/reconv_inst_addr: 0
mem_access_size/barrier_id: 4
num_barrier_threads: 0
addr_space/fence_level: GPU_ADDR_SP_INVALID
barrier_id/mem_access_size: 4
fence_level/addr_space: GPU_FENCE_INVALID
*** end of the data structure *** 

*** begin of the data structure *** 
core_id:32 thread_id:1
opcode: NVBIT_IMAD
num_read_regs: 2
num_dest_regs: 1
src0: 255
src1: 255
dst0: 1
is_fp: 0
cf_type: NOT_CF
is_load: 0
inst_size: 16
inst_addr: 7f4eecacbf00
active_mask: ffffffff
br_taken_mask: 0
br_target_addr: 7f4eecacbf10
reconv_inst_addr/mem_addr: 0
mem_addr/reconv_inst_addr: 0
mem_access_size/barrier_id: 4
num_barrier_threads: 0
addr_space/fence_level: GPU_ADDR_SP_INVALID
barrier_id/mem_access_size: 4
fence_level/addr_space: GPU_FENCE_INVALID
*** end of the data structure *** 

*** begin of the data structure *** 
core_id:32 thread_id:2
opcode: NVBIT_IMAD
num_read_regs: 2
num_dest_regs: 1
src0: 255
src1: 255
dst0: 1
is_fp: 0
cf_type: NOT_CF
is_load: 0
inst_size: 16
inst_addr: 7f4eecacbf00
active_mask: ffffffff
br_taken_mask: 0
br_target_addr: 7f4eecacbf10
reconv_inst_addr/mem_addr: 0
mem_addr/reconv_inst_addr: 0
mem_access_size/barrier_id: 4
num_barrier_threads: 0
addr_space/fence_level: GPU_ADDR_SP_INVALID
barrier_id/mem_access_size: 4
fence_level/addr_space: GPU_FENCE_INVALID
*** end of the data structure *** 

*** begin of the data structure *** 
core_id:32 thread_id:3
opcode: NVBIT_IMAD
num_read_regs: 2
num_dest_regs: 1
src0: 255
src1: 255
dst0: 1
is_fp: 0
cf_type: NOT_CF
is_load: 0
inst_size: 16
inst_addr: 7f4eecacbf00
active_mask: ffffffff
br_taken_mask: 0
br_target_addr: 7f4eecacbf10
reconv_inst_addr/mem_addr: 0
mem_addr/reconv_inst_addr: 0
mem_access_size/barrier_id: 4
num_barrier_threads: 0
addr_space/fence_level: GPU_ADDR_SP_INVALID
barrier_id/mem_access_size: 4
fence_level/addr_space: GPU_FENCE_INVALID
*** end of the data structure *** 

*** begin of the data structure *** 
core_id:33 thread_id:0
opcode: NVBIT_IMAD
num_read_regs: 2
num_dest_regs: 1
src0: 255
src1: 255
dst0: 1
is_fp: 0
cf_type: NOT_CF
is_load: 0
inst_size: 16
inst_addr: 7f4eecacbf00
active_mask: ffffffff
br_taken_mask: 0
br_target_addr: 7f4eecacbf10
reconv_inst_addr/mem_addr: 0
mem_addr/reconv_inst_addr: 0
mem_access_size/barrier_id: 4
num_barrier_threads: 0
addr_space/fence_level: GPU_ADDR_SP_INVALID
barrier_id/mem_access_size: 4
fence_level/addr_space: GPU_FENCE_INVALID
*** end of the data structure *** 

*** begin of the data structure *** 
core_id:33 thread_id:1
opcode: NVBIT_IMAD
num_read_regs: 2
num_dest_regs: 1
src0: 255
src1: 255
dst0: 1
is_fp: 0
cf_type: NOT_CF
is_load: 0
inst_size: 16
inst_addr: 7f4eecacbf00
active_mask: ffffffff
br_taken_mask: 0
br_target_addr: 7f4eecacbf10
reconv_inst_addr/mem_addr: 0
mem_addr/reconv_inst_addr: 0
mem_access_size/barrier_id: 4
num_barrier_threads: 0
addr_space/fence_level: GPU_ADDR_SP_INVALID
barrier_id/mem_access_size: 4
fence_level/addr_space: GPU_FENCE_INVALID
*** end of the data structure *** 

*** begin of the data structure *** 
core_id:33 thread_id:2
opcode: NVBIT_IMAD
num_read_regs: 2
num_dest_regs: 1
src0: 255
src1: 255
dst0: 1
is_fp: 0
cf_type: NOT_CF
is_load: 0
inst_size: 16
inst_addr: 7f4eecacbf00
active_mask: ffffffff
br_taken_mask: 0
br_target_addr: 7f4eecacbf10
reconv_inst_addr/mem_addr: 0
mem_addr/reconv_inst_addr: 0
mem_access_size/barrier_id: 4
num_barrier_threads: 0
addr_space/fence_level: GPU_ADDR_SP_INVALID
barrier_id/mem_access_size: 4
fence_level/addr_space: GPU_FENCE_INVALID
*** end of the data structure *** 

*** begin of the data structure *** 
core_id:33 thread_id:3
opcode: NVBIT_IMAD
num_read_regs: 2
num_dest_regs: 1
src0: 255
src1: 255
dst0: 1
is_fp: 0
cf_type: NOT_CF
is_load: 0
inst_size: 16
inst_addr: 7f4eecacbf00
active_mask: ffffffff
br_taken_mask: 0
br_target_addr: 7f4eecacbf10
reconv_inst_addr/mem_addr: 0
mem_addr/reconv_inst_addr: 0
mem_access_size/barrier_id: 4
num_barrier_threads: 0
addr_space/fence_level: GPU_ADDR_SP_INVALID
barrier_id/mem_access_size: 4
fence_level/addr_space: GPU_FENCE_INVALID
*** end of the data structure *** 

*** begin of the data structure *** 
core_id:34 thread_id:0
opcode: NVBIT_IMAD
num_read_regs: 2
num_dest_regs: 1
src0: 255
src1: 255
dst0: 1
is_fp: 0
cf_type: NOT_CF
is_load: 0
inst_size: 16
inst_addr: 7f4eecacbf00
active_mask: ffffffff
br_taken_mask: 0
br_target_addr: 7f4eecacbf10
reconv_inst_addr/mem_addr: 0
mem_addr/reconv_inst_addr: 0
mem_access_size/barrier_id: 4
num_barrier_threads: 0
addr_space/fence_level: GPU_ADDR_SP_INVALID
barrier_id/mem_access_size: 4
fence_level/addr_space: GPU_FENCE_INVALID
*** end of the data structure *** 

*** begin of the data structure *** 
core_id:34 thread_id:1
opcode: NVBIT_IMAD
num_read_regs: 2
num_dest_regs: 1
src0: 255
src1: 255
dst0: 1
is_fp: 0
cf_type: NOT_CF
is_load: 0
inst_size: 16
inst_addr: 7f4eecacbf00
active_mask: ffffffff
br_taken_mask: 0
br_target_addr: 7f4eecacbf10
reconv_inst_addr/mem_addr: 0
mem_addr/reconv_inst_addr: 0
mem_access_size/barrier_id: 4
num_barrier_threads: 0
addr_space/fence_level: GPU_ADDR_SP_INVALID
barrier_id/mem_access_size: 4
fence_level/addr_space: GPU_FENCE_INVALID
*** end of the data structure *** 

*** begin of the data structure *** 
core_id:34 thread_id:2
opcode: NVBIT_IMAD
num_read_regs: 2
num_dest_regs: 1
src0: 255
src1: 255
dst0: 1
is_fp: 0
cf_type: NOT_CF
is_load: 0
inst_size: 16
inst_addr: 7f4eecacbf00
active_mask: ffffffff
br_taken_mask: 0
br_target_addr: 7f4eecacbf10
reconv_inst_addr/mem_addr: 0
mem_addr/reconv_inst_addr: 0
mem_access_size/barrier_id: 4
num_barrier_threads: 0
addr_space/fence_level: GPU_ADDR_SP_INVALID
barrier_id/mem_access_size: 4
fence_level/addr_space: GPU_FENCE_INVALID
*** end of the data structure *** 

*** begin of the data structure *** 
core_id:34 thread_id:3
opcode: NVBIT_IMAD
num_read_regs: 2
num_dest_regs: 1
src0: 255
src1: 255
dst0: 1
is_fp: 0
cf_type: NOT_CF
is_load: 0
inst_size: 16
inst_addr: 7f4eecacbf00
active_mask: ffffffff
br_taken_mask: 0
br_target_addr: 7f4eecacbf10
reconv_inst_addr/mem_addr: 0
mem_addr/reconv_inst_addr: 0
mem_access_size/barrier_id: 4
num_barrier_threads: 0
addr_space/fence_level: GPU_ADDR_SP_INVALID
barrier_id/mem_access_size: 4
fence_level/addr_space: GPU_FENCE_INVALID
*** end of the data structure *** 

*** begin of the data structure *** 
core_id:35 thread_id:0
opcode: NVBIT_IMAD
num_read_regs: 2
num_dest_regs: 1
src0: 255
src1: 255
dst0: 1
is_fp: 0
cf_type: NOT_CF
is_load: 0
inst_size: 16
inst_addr: 7f4eecacbf00
active_mask: ffffffff
br_taken_mask: 0
br_target_addr: 7f4eecacbf10
reconv_inst_addr/mem_addr: 0
mem_addr/reconv_inst_addr: 0
mem_access_size/barrier_id: 4
num_barrier_threads: 0
addr_space/fence_level: GPU_ADDR_SP_INVALID
barrier_id/mem_access_size: 4
fence_level/addr_space: GPU_FENCE_INVALID
*** end of the data structure *** 

*** begin of the data structure *** 
core_id:35 thread_id:1
opcode: NVBIT_IMAD
num_read_regs: 2
num_dest_regs: 1
src0: 255
src1: 255
dst0: 1
is_fp: 0
cf_type: NOT_CF
is_load: 0
inst_size: 16
inst_addr: 7f4eecacbf00
active_mask: ffffffff
br_taken_mask: 0
br_target_addr: 7f4eecacbf10
reconv_inst_addr/mem_addr: 0
mem_addr/reconv_inst_addr: 0
mem_access_size/barrier_id: 4
num_barrier_threads: 0
addr_space/fence_level: GPU_ADDR_SP_INVALID
barrier_id/mem_access_size: 4
fence_level/addr_space: GPU_FENCE_INVALID
*** end of the data structure *** 

*** begin of the data structure *** 
core_id:35 thread_id:2
opcode: NVBIT_IMAD
num_read_regs: 2
num_dest_regs: 1
src0: 255
src1: 255
dst0: 1
is_fp: 0
cf_type: NOT_CF
is_load: 0
inst_size: 16
inst_addr: 7f4eecacbf00
active_mask: ffffffff
br_taken_mask: 0
br_target_addr: 7f4eecacbf10
reconv_inst_addr/mem_addr: 0
mem_addr/reconv_inst_addr: 0
mem_access_size/barrier_id: 4
num_barrier_threads: 0
addr_space/fence_level: GPU_ADDR_SP_INVALID
barrier_id/mem_access_size: 4
fence_level/addr_space: GPU_FENCE_INVALID
*** end of the data structure *** 

*** begin of the data structure *** 
core_id:35 thread_id:3
opcode: NVBIT_IMAD
num_read_regs: 2
num_dest_regs: 1
src0: 255
src1: 255
dst0: 1
is_fp: 0
cf_type: NOT_CF
is_load: 0
inst_size: 16
inst_addr: 7f4eecacbf00
active_mask: ffffffff
br_taken_mask: 0
br_target_addr: 7f4eecacbf10
reconv_inst_addr/mem_addr: 0
mem_addr/reconv_inst_addr: 0
mem_access_size/barrier_id: 4
num_barrier_threads: 0
addr_space/fence_level: GPU_ADDR_SP_INVALID
barrier_id/mem_access_size: 4
fence_level/addr_space: GPU_FENCE_INVALID
*** end of the data structure *** 

*** begin of the data structure *** 
core_id:36 thread_id:0
opcode: NVBIT_IMAD
num_read_regs: 2
num_dest_regs: 1
src0: 255
src1: 255
dst0: 1
is_fp: 0
cf_type: NOT_CF
is_load: 0
inst_size: 16
inst_addr: 7f4eecacbf00
active_mask: ffffffff
br_taken_mask: 0
br_target_addr: 7f4eecacbf10
reconv_inst_addr/mem_addr: 0
mem_addr/reconv_inst_addr: 0
mem_access_size/barrier_id: 4
num_barrier_threads: 0
addr_space/fence_level: GPU_ADDR_SP_INVALID
barrier_id/mem_access_size: 4
fence_level/addr_space: GPU_FENCE_INVALID
*** end of the data structure *** 

*** begin of the data structure *** 
core_id:36 thread_id:1
opcode: NVBIT_IMAD
num_read_regs: 2
num_dest_regs: 1
src0: 255
src1: 255
dst0: 1
is_fp: 0
cf_type: NOT_CF
is_load: 0
inst_size: 16
inst_addr: 7f4eecacbf00
active_mask: ffffffff
br_taken_mask: 0
br_target_addr: 7f4eecacbf10
reconv_inst_addr/mem_addr: 0
mem_addr/reconv_inst_addr: 0
mem_access_size/barrier_id: 4
num_barrier_threads: 0
addr_space/fence_level: GPU_ADDR_SP_INVALID
barrier_id/mem_access_size: 4
fence_level/addr_space: GPU_FENCE_INVALID
*** end of the data structure *** 

*** begin of the data structure *** 
core_id:36 thread_id:2
opcode: NVBIT_IMAD
num_read_regs: 2
num_dest_regs: 1
src0: 255
src1: 255
dst0: 1
is_fp: 0
cf_type: NOT_CF
is_load: 0
inst_size: 16
inst_addr: 7f4eecacbf00
active_mask: ffffffff
br_taken_mask: 0
br_target_addr: 7f4eecacbf10
reconv_inst_addr/mem_addr: 0
mem_addr/reconv_inst_addr: 0
mem_access_size/barrier_id: 4
num_barrier_threads: 0
addr_space/fence_level: GPU_ADDR_SP_INVALID
barrier_id/mem_access_size: 4
fence_level/addr_space: GPU_FENCE_INVALID
*** end of the data structure *** 

*** begin of the data structure *** 
core_id:36 thread_id:3
opcode: NVBIT_IMAD
num_read_regs: 2
num_dest_regs: 1
src0: 255
src1: 255
dst0: 1
is_fp: 0
cf_type: NOT_CF
is_load: 0
inst_size: 16
inst_addr: 7f4eecacbf00
active_mask: ffffffff
br_taken_mask: 0
br_target_addr: 7f4eecacbf10
reconv_inst_addr/mem_addr: 0
mem_addr/reconv_inst_addr: 0
mem_access_size/barrier_id: 4
num_barrier_threads: 0
addr_space/fence_level: GPU_ADDR_SP_INVALID
barrier_id/mem_access_size: 4
fence_level/addr_space: GPU_FENCE_INVALID
*** end of the data structure *** 

*** begin of the data structure *** 
core_id:37 thread_id:0
opcode: NVBIT_IMAD
num_read_regs: 2
num_dest_regs: 1
src0: 255
src1: 255
dst0: 1
is_fp: 0
cf_type: NOT_CF
is_load: 0
inst_size: 16
inst_addr: 7f4eecacbf00
active_mask: ffffffff
br_taken_mask: 0
br_target_addr: 7f4eecacbf10
reconv_inst_addr/mem_addr: 0
mem_addr/reconv_inst_addr: 0
mem_access_size/barrier_id: 4
num_barrier_threads: 0
addr_space/fence_level: GPU_ADDR_SP_INVALID
barrier_id/mem_access_size: 4
fence_level/addr_space: GPU_FENCE_INVALID
*** end of the data structure *** 

*** begin of the data structure *** 
core_id:37 thread_id:1
opcode: NVBIT_IMAD
num_read_regs: 2
num_dest_regs: 1
src0: 255
src1: 255
dst0: 1
is_fp: 0
cf_type: NOT_CF
is_load: 0
inst_size: 16
inst_addr: 7f4eecacbf00
active_mask: ffffffff
br_taken_mask: 0
br_target_addr: 7f4eecacbf10
reconv_inst_addr/mem_addr: 0
mem_addr/reconv_inst_addr: 0
mem_access_size/barrier_id: 4
num_barrier_threads: 0
addr_space/fence_level: GPU_ADDR_SP_INVALID
barrier_id/mem_access_size: 4
fence_level/addr_space: GPU_FENCE_INVALID
*** end of the data structure *** 

*** begin of the data structure *** 
core_id:37 thread_id:2
opcode: NVBIT_IMAD
num_read_regs: 2
num_dest_regs: 1
src0: 255
src1: 255
dst0: 1
is_fp: 0
cf_type: NOT_CF
is_load: 0
inst_size: 16
inst_addr: 7f4eecacbf00
active_mask: ffffffff
br_taken_mask: 0
br_target_addr: 7f4eecacbf10
reconv_inst_addr/mem_addr: 0
mem_addr/reconv_inst_addr: 0
mem_access_size/barrier_id: 4
num_barrier_threads: 0
addr_space/fence_level: GPU_ADDR_SP_INVALID
barrier_id/mem_access_size: 4
fence_level/addr_space: GPU_FENCE_INVALID
*** end of the data structure *** 

*** begin of the data structure *** 
core_id:37 thread_id:3
opcode: NVBIT_IMAD
num_read_regs: 2
num_dest_regs: 1
src0: 255
src1: 255
dst0: 1
is_fp: 0
cf_type: NOT_CF
is_load: 0
inst_size: 16
inst_addr: 7f4eecacbf00
active_mask: ffffffff
br_taken_mask: 0
br_target_addr: 7f4eecacbf10
reconv_inst_addr/mem_addr: 0
mem_addr/reconv_inst_addr: 0
mem_access_size/barrier_id: 4
num_barrier_threads: 0
addr_space/fence_level: GPU_ADDR_SP_INVALID
barrier_id/mem_access_size: 4
fence_level/addr_space: GPU_FENCE_INVALID
*** end of the data structure *** 

*** begin of the data structure *** 
core_id:38 thread_id:0
opcode: NVBIT_IMAD
num_read_regs: 2
num_dest_regs: 1
src0: 255
src1: 255
dst0: 1
is_fp: 0
cf_type: NOT_CF
is_load: 0
inst_size: 16
inst_addr: 7f4eecacbf00
active_mask: ffffffff
br_taken_mask: 0
br_target_addr: 7f4eecacbf10
reconv_inst_addr/mem_addr: 0
mem_addr/reconv_inst_addr: 0
mem_access_size/barrier_id: 4
num_barrier_threads: 0
addr_space/fence_level: GPU_ADDR_SP_INVALID
barrier_id/mem_access_size: 4
fence_level/addr_space: GPU_FENCE_INVALID
*** end of the data structure *** 

*** begin of the data structure *** 
core_id:38 thread_id:1
opcode: NVBIT_IMAD
num_read_regs: 2
num_dest_regs: 1
src0: 255
src1: 255
dst0: 1
is_fp: 0
cf_type: NOT_CF
is_load: 0
inst_size: 16
inst_addr: 7f4eecacbf00
active_mask: ffffffff
br_taken_mask: 0
br_target_addr: 7f4eecacbf10
reconv_inst_addr/mem_addr: 0
mem_addr/reconv_inst_addr: 0
mem_access_size/barrier_id: 4
num_barrier_threads: 0
addr_space/fence_level: GPU_ADDR_SP_INVALID
barrier_id/mem_access_size: 4
fence_level/addr_space: GPU_FENCE_INVALID
*** end of the data structure *** 

*** begin of the data structure *** 
core_id:38 thread_id:2
opcode: NVBIT_IMAD
num_read_regs: 2
num_dest_regs: 1
src0: 255
src1: 255
dst0: 1
is_fp: 0
cf_type: NOT_CF
is_load: 0
inst_size: 16
inst_addr: 7f4eecacbf00
active_mask: ffffffff
br_taken_mask: 0
br_target_addr: 7f4eecacbf10
reconv_inst_addr/mem_addr: 0
mem_addr/reconv_inst_addr: 0
mem_access_size/barrier_id: 4
num_barrier_threads: 0
addr_space/fence_level: GPU_ADDR_SP_INVALID
barrier_id/mem_access_size: 4
fence_level/addr_space: GPU_FENCE_INVALID
*** end of the data structure *** 

*** begin of the data structure *** 
core_id:38 thread_id:3
opcode: NVBIT_IMAD
num_read_regs: 2
num_dest_regs: 1
src0: 255
src1: 255
dst0: 1
is_fp: 0
cf_type: NOT_CF
is_load: 0
inst_size: 16
inst_addr: 7f4eecacbf00
active_mask: ffffffff
br_taken_mask: 0
br_target_addr: 7f4eecacbf10
reconv_inst_addr/mem_addr: 0
mem_addr/reconv_inst_addr: 0
mem_access_size/barrier_id: 4
num_barrier_threads: 0
addr_space/fence_level: GPU_ADDR_SP_INVALID
barrier_id/mem_access_size: 4
fence_level/addr_space: GPU_FENCE_INVALID
*** end of the data structure *** 

*** begin of the data structure *** 
core_id:39 thread_id:0
opcode: NVBIT_IMAD
num_read_regs: 2
num_dest_regs: 1
src0: 255
src1: 255
dst0: 1
is_fp: 0
cf_type: NOT_CF
is_load: 0
inst_size: 16
inst_addr: 7f4eecacbf00
active_mask: ffffffff
br_taken_mask: 0
br_target_addr: 7f4eecacbf10
reconv_inst_addr/mem_addr: 0
mem_addr/reconv_inst_addr: 0
mem_access_size/barrier_id: 4
num_barrier_threads: 0
addr_space/fence_level: GPU_ADDR_SP_INVALID
barrier_id/mem_access_size: 4
fence_level/addr_space: GPU_FENCE_INVALID
*** end of the data structure *** 

*** begin of the data structure *** 
core_id:39 thread_id:1
opcode: NVBIT_IMAD
num_read_regs: 2
num_dest_regs: 1
src0: 255
src1: 255
dst0: 1
is_fp: 0
cf_type: NOT_CF
is_load: 0
inst_size: 16
inst_addr: 7f4eecacbf00
active_mask: ffffffff
br_taken_mask: 0
br_target_addr: 7f4eecacbf10
reconv_inst_addr/mem_addr: 0
mem_addr/reconv_inst_addr: 0
mem_access_size/barrier_id: 4
num_barrier_threads: 0
addr_space/fence_level: GPU_ADDR_SP_INVALID
barrier_id/mem_access_size: 4
fence_level/addr_space: GPU_FENCE_INVALID
*** end of the data structure *** 

*** begin of the data structure *** 
core_id:39 thread_id:2
opcode: NVBIT_IMAD
num_read_regs: 2
num_dest_regs: 1
src0: 255
src1: 255
dst0: 1
is_fp: 0
cf_type: NOT_CF
is_load: 0
inst_size: 16
inst_addr: 7f4eecacbf00
active_mask: ffffffff
br_taken_mask: 0
br_target_addr: 7f4eecacbf10
reconv_inst_addr/mem_addr: 0
mem_addr/reconv_inst_addr: 0
mem_access_size/barrier_id: 4
num_barrier_threads: 0
addr_space/fence_level: GPU_ADDR_SP_INVALID
barrier_id/mem_access_size: 4
fence_level/addr_space: GPU_FENCE_INVALID
*** end of the data structure *** 

*** begin of the data structure *** 
core_id:39 thread_id:3
opcode: NVBIT_IMAD
num_read_regs: 2
num_dest_regs: 1
src0: 255
src1: 255
dst0: 1
is_fp: 0
cf_type: NOT_CF
is_load: 0
inst_size: 16
inst_addr: 7f4eecacbf00
active_mask: ffffffff
br_taken_mask: 0
br_target_addr: 7f4eecacbf10
reconv_inst_addr/mem_addr: 0
mem_addr/reconv_inst_addr: 0
mem_access_size/barrier_id: 4
num_barrier_threads: 0
addr_space/fence_level: GPU_ADDR_SP_INVALID
barrier_id/mem_access_size: 4
fence_level/addr_space: GPU_FENCE_INVALID
*** end of the data structure *** 

*** begin of the data structure *** 
core_id:40 thread_id:0
opcode: NVBIT_IMAD
num_read_regs: 2
num_dest_regs: 1
src0: 255
src1: 255
dst0: 1
is_fp: 0
cf_type: NOT_CF
is_load: 0
inst_size: 16
inst_addr: 7f4eecacbf00
active_mask: ffffffff
br_taken_mask: 0
br_target_addr: 7f4eecacbf10
reconv_inst_addr/mem_addr: 0
mem_addr/reconv_inst_addr: 0
mem_access_size/barrier_id: 4
num_barrier_threads: 0
addr_space/fence_level: GPU_ADDR_SP_INVALID
barrier_id/mem_access_size: 4
fence_level/addr_space: GPU_FENCE_INVALID
*** end of the data structure *** 

*** begin of the data structure *** 
core_id:40 thread_id:1
opcode: NVBIT_IMAD
num_read_regs: 2
num_dest_regs: 1
src0: 255
src1: 255
dst0: 1
is_fp: 0
cf_type: NOT_CF
is_load: 0
inst_size: 16
inst_addr: 7f4eecacbf00
active_mask: ffffffff
br_taken_mask: 0
br_target_addr: 7f4eecacbf10
reconv_inst_addr/mem_addr: 0
mem_addr/reconv_inst_addr: 0
mem_access_size/barrier_id: 4
num_barrier_threads: 0
addr_space/fence_level: GPU_ADDR_SP_INVALID
barrier_id/mem_access_size: 4
fence_level/addr_space: GPU_FENCE_INVALID
*** end of the data structure *** 

*** begin of the data structure *** 
core_id:40 thread_id:2
opcode: NVBIT_IMAD
num_read_regs: 2
num_dest_regs: 1
src0: 255
src1: 255
dst0: 1
is_fp: 0
cf_type: NOT_CF
is_load: 0
inst_size: 16
inst_addr: 7f4eecacbf00
active_mask: ffffffff
br_taken_mask: 0
br_target_addr: 7f4eecacbf10
reconv_inst_addr/mem_addr: 0
mem_addr/reconv_inst_addr: 0
mem_access_size/barrier_id: 4
num_barrier_threads: 0
addr_space/fence_level: GPU_ADDR_SP_INVALID
barrier_id/mem_access_size: 4
fence_level/addr_space: GPU_FENCE_INVALID
*** end of the data structure *** 

*** begin of the data structure *** 
core_id:40 thread_id:3
opcode: NVBIT_IMAD
num_read_regs: 2
num_dest_regs: 1
src0: 255
src1: 255
dst0: 1
is_fp: 0
cf_type: NOT_CF
is_load: 0
inst_size: 16
inst_addr: 7f4eecacbf00
active_mask: ffffffff
br_taken_mask: 0
br_target_addr: 7f4eecacbf10
reconv_inst_addr/mem_addr: 0
mem_addr/reconv_inst_addr: 0
mem_access_size/barrier_id: 4
num_barrier_threads: 0
addr_space/fence_level: GPU_ADDR_SP_INVALID
barrier_id/mem_access_size: 4
fence_level/addr_space: GPU_FENCE_INVALID
*** end of the data structure *** 

*** begin of the data structure *** 
core_id:41 thread_id:0
opcode: NVBIT_IMAD
num_read_regs: 2
num_dest_regs: 1
src0: 255
src1: 255
dst0: 1
is_fp: 0
cf_type: NOT_CF
is_load: 0
inst_size: 16
inst_addr: 7f4eecacbf00
active_mask: ffffffff
br_taken_mask: 0
br_target_addr: 7f4eecacbf10
reconv_inst_addr/mem_addr: 0
mem_addr/reconv_inst_addr: 0
mem_access_size/barrier_id: 4
num_barrier_threads: 0
addr_space/fence_level: GPU_ADDR_SP_INVALID
barrier_id/mem_access_size: 4
fence_level/addr_space: GPU_FENCE_INVALID
*** end of the data structure *** 

*** begin of the data structure *** 
core_id:41 thread_id:1
opcode: NVBIT_IMAD
num_read_regs: 2
num_dest_regs: 1
src0: 255
src1: 255
dst0: 1
is_fp: 0
cf_type: NOT_CF
is_load: 0
inst_size: 16
inst_addr: 7f4eecacbf00
active_mask: ffffffff
br_taken_mask: 0
br_target_addr: 7f4eecacbf10
reconv_inst_addr/mem_addr: 0
mem_addr/reconv_inst_addr: 0
mem_access_size/barrier_id: 4
num_barrier_threads: 0
addr_space/fence_level: GPU_ADDR_SP_INVALID
barrier_id/mem_access_size: 4
fence_level/addr_space: GPU_FENCE_INVALID
*** end of the data structure *** 

*** begin of the data structure *** 
core_id:41 thread_id:2
opcode: NVBIT_IMAD
num_read_regs: 2
num_dest_regs: 1
src0: 255
src1: 255
dst0: 1
is_fp: 0
cf_type: NOT_CF
is_load: 0
inst_size: 16
inst_addr: 7f4eecacbf00
active_mask: ffffffff
br_taken_mask: 0
br_target_addr: 7f4eecacbf10
reconv_inst_addr/mem_addr: 0
mem_addr/reconv_inst_addr: 0
mem_access_size/barrier_id: 4
num_barrier_threads: 0
addr_space/fence_level: GPU_ADDR_SP_INVALID
barrier_id/mem_access_size: 4
fence_level/addr_space: GPU_FENCE_INVALID
*** end of the data structure *** 

*** begin of the data structure *** 
core_id:41 thread_id:3
opcode: NVBIT_IMAD
num_read_regs: 2
num_dest_regs: 1
src0: 255
src1: 255
dst0: 1
is_fp: 0
cf_type: NOT_CF
is_load: 0
inst_size: 16
inst_addr: 7f4eecacbf00
active_mask: ffffffff
br_taken_mask: 0
br_target_addr: 7f4eecacbf10
reconv_inst_addr/mem_addr: 0
mem_addr/reconv_inst_addr: 0
mem_access_size/barrier_id: 4
num_barrier_threads: 0
addr_space/fence_level: GPU_ADDR_SP_INVALID
barrier_id/mem_access_size: 4
fence_level/addr_space: GPU_FENCE_INVALID
*** end of the data structure *** 

*** begin of the data structure *** 
core_id:42 thread_id:0
opcode: NVBIT_IMAD
num_read_regs: 2
num_dest_regs: 1
src0: 255
src1: 255
dst0: 1
is_fp: 0
cf_type: NOT_CF
is_load: 0
inst_size: 16
inst_addr: 7f4eecacbf00
active_mask: ffffffff
br_taken_mask: 0
br_target_addr: 7f4eecacbf10
reconv_inst_addr/mem_addr: 0
mem_addr/reconv_inst_addr: 0
mem_access_size/barrier_id: 4
num_barrier_threads: 0
addr_space/fence_level: GPU_ADDR_SP_INVALID
barrier_id/mem_access_size: 4
fence_level/addr_space: GPU_FENCE_INVALID
*** end of the data structure *** 

*** begin of the data structure *** 
core_id:42 thread_id:1
opcode: NVBIT_IMAD
num_read_regs: 2
num_dest_regs: 1
src0: 255
src1: 255
dst0: 1
is_fp: 0
cf_type: NOT_CF
is_load: 0
inst_size: 16
inst_addr: 7f4eecacbf00
active_mask: ffffffff
br_taken_mask: 0
br_target_addr: 7f4eecacbf10
reconv_inst_addr/mem_addr: 0
mem_addr/reconv_inst_addr: 0
mem_access_size/barrier_id: 4
num_barrier_threads: 0
addr_space/fence_level: GPU_ADDR_SP_INVALID
barrier_id/mem_access_size: 4
fence_level/addr_space: GPU_FENCE_INVALID
*** end of the data structure *** 

*** begin of the data structure *** 
core_id:42 thread_id:2
opcode: NVBIT_IMAD
num_read_regs: 2
num_dest_regs: 1
src0: 255
src1: 255
dst0: 1
is_fp: 0
cf_type: NOT_CF
is_load: 0
inst_size: 16
inst_addr: 7f4eecacbf00
active_mask: ffffffff
br_taken_mask: 0
br_target_addr: 7f4eecacbf10
reconv_inst_addr/mem_addr: 0
mem_addr/reconv_inst_addr: 0
mem_access_size/barrier_id: 4
num_barrier_threads: 0
addr_space/fence_level: GPU_ADDR_SP_INVALID
barrier_id/mem_access_size: 4
fence_level/addr_space: GPU_FENCE_INVALID
*** end of the data structure *** 

*** begin of the data structure *** 
core_id:42 thread_id:3
opcode: NVBIT_IMAD
num_read_regs: 2
num_dest_regs: 1
src0: 255
src1: 255
dst0: 1
is_fp: 0
cf_type: NOT_CF
is_load: 0
inst_size: 16
inst_addr: 7f4eecacbf00
active_mask: ffffffff
br_taken_mask: 0
br_target_addr: 7f4eecacbf10
reconv_inst_addr/mem_addr: 0
mem_addr/reconv_inst_addr: 0
mem_access_size/barrier_id: 4
num_barrier_threads: 0
addr_space/fence_level: GPU_ADDR_SP_INVALID
barrier_id/mem_access_size: 4
fence_level/addr_space: GPU_FENCE_INVALID
*** end of the data structure *** 

*** begin of the data structure *** 
core_id:43 thread_id:0
opcode: NVBIT_IMAD
num_read_regs: 2
num_dest_regs: 1
src0: 255
src1: 255
dst0: 1
is_fp: 0
cf_type: NOT_CF
is_load: 0
inst_size: 16
inst_addr: 7f4eecacbf00
active_mask: ffffffff
br_taken_mask: 0
br_target_addr: 7f4eecacbf10
reconv_inst_addr/mem_addr: 0
mem_addr/reconv_inst_addr: 0
mem_access_size/barrier_id: 4
num_barrier_threads: 0
addr_space/fence_level: GPU_ADDR_SP_INVALID
barrier_id/mem_access_size: 4
fence_level/addr_space: GPU_FENCE_INVALID
*** end of the data structure *** 

*** begin of the data structure *** 
core_id:43 thread_id:1
opcode: NVBIT_IMAD
num_read_regs: 2
num_dest_regs: 1
src0: 255
src1: 255
dst0: 1
is_fp: 0
cf_type: NOT_CF
is_load: 0
inst_size: 16
inst_addr: 7f4eecacbf00
active_mask: ffffffff
br_taken_mask: 0
br_target_addr: 7f4eecacbf10
reconv_inst_addr/mem_addr: 0
mem_addr/reconv_inst_addr: 0
mem_access_size/barrier_id: 4
num_barrier_threads: 0
addr_space/fence_level: GPU_ADDR_SP_INVALID
barrier_id/mem_access_size: 4
fence_level/addr_space: GPU_FENCE_INVALID
*** end of the data structure *** 

*** begin of the data structure *** 
core_id:43 thread_id:2
opcode: NVBIT_IMAD
num_read_regs: 2
num_dest_regs: 1
src0: 255
src1: 255
dst0: 1
is_fp: 0
cf_type: NOT_CF
is_load: 0
inst_size: 16
inst_addr: 7f4eecacbf00
active_mask: ffffffff
br_taken_mask: 0
br_target_addr: 7f4eecacbf10
reconv_inst_addr/mem_addr: 0
mem_addr/reconv_inst_addr: 0
mem_access_size/barrier_id: 4
num_barrier_threads: 0
addr_space/fence_level: GPU_ADDR_SP_INVALID
barrier_id/mem_access_size: 4
fence_level/addr_space: GPU_FENCE_INVALID
*** end of the data structure *** 

*** begin of the data structure *** 
core_id:43 thread_id:3
opcode: NVBIT_IMAD
num_read_regs: 2
num_dest_regs: 1
src0: 255
src1: 255
dst0: 1
is_fp: 0
cf_type: NOT_CF
is_load: 0
inst_size: 16
inst_addr: 7f4eecacbf00
active_mask: ffffffff
br_taken_mask: 0
br_target_addr: 7f4eecacbf10
reconv_inst_addr/mem_addr: 0
mem_addr/reconv_inst_addr: 0
mem_access_size/barrier_id: 4
num_barrier_threads: 0
addr_space/fence_level: GPU_ADDR_SP_INVALID
barrier_id/mem_access_size: 4
fence_level/addr_space: GPU_FENCE_INVALID
*** end of the data structure *** 

*** begin of the data structure *** 
core_id:44 thread_id:0
opcode: NVBIT_IMAD
num_read_regs: 2
num_dest_regs: 1
src0: 255
src1: 255
dst0: 1
is_fp: 0
cf_type: NOT_CF
is_load: 0
inst_size: 16
inst_addr: 7f4eecacbf00
active_mask: ffffffff
br_taken_mask: 0
br_target_addr: 7f4eecacbf10
reconv_inst_addr/mem_addr: 0
mem_addr/reconv_inst_addr: 0
mem_access_size/barrier_id: 4
num_barrier_threads: 0
addr_space/fence_level: GPU_ADDR_SP_INVALID
barrier_id/mem_access_size: 4
fence_level/addr_space: GPU_FENCE_INVALID
*** end of the data structure *** 

*** begin of the data structure *** 
core_id:44 thread_id:1
opcode: NVBIT_IMAD
num_read_regs: 2
num_dest_regs: 1
src0: 255
src1: 255
dst0: 1
is_fp: 0
cf_type: NOT_CF
is_load: 0
inst_size: 16
inst_addr: 7f4eecacbf00
active_mask: ffffffff
br_taken_mask: 0
br_target_addr: 7f4eecacbf10
reconv_inst_addr/mem_addr: 0
mem_addr/reconv_inst_addr: 0
mem_access_size/barrier_id: 4
num_barrier_threads: 0
addr_space/fence_level: GPU_ADDR_SP_INVALID
barrier_id/mem_access_size: 4
fence_level/addr_space: GPU_FENCE_INVALID
*** end of the data structure *** 

*** begin of the data structure *** 
core_id:44 thread_id:2
opcode: NVBIT_IMAD
num_read_regs: 2
num_dest_regs: 1
src0: 255
src1: 255
dst0: 1
is_fp: 0
cf_type: NOT_CF
is_load: 0
inst_size: 16
inst_addr: 7f4eecacbf00
active_mask: ffffffff
br_taken_mask: 0
br_target_addr: 7f4eecacbf10
reconv_inst_addr/mem_addr: 0
mem_addr/reconv_inst_addr: 0
mem_access_size/barrier_id: 4
num_barrier_threads: 0
addr_space/fence_level: GPU_ADDR_SP_INVALID
barrier_id/mem_access_size: 4
fence_level/addr_space: GPU_FENCE_INVALID
*** end of the data structure *** 

*** begin of the data structure *** 
core_id:44 thread_id:3
opcode: NVBIT_IMAD
num_read_regs: 2
num_dest_regs: 1
src0: 255
src1: 255
dst0: 1
is_fp: 0
cf_type: NOT_CF
is_load: 0
inst_size: 16
inst_addr: 7f4eecacbf00
active_mask: ffffffff
br_taken_mask: 0
br_target_addr: 7f4eecacbf10
reconv_inst_addr/mem_addr: 0
mem_addr/reconv_inst_addr: 0
mem_access_size/barrier_id: 4
num_barrier_threads: 0
addr_space/fence_level: GPU_ADDR_SP_INVALID
barrier_id/mem_access_size: 4
fence_level/addr_space: GPU_FENCE_INVALID
*** end of the data structure *** 

*** begin of the data structure *** 
core_id:45 thread_id:0
opcode: NVBIT_IMAD
num_read_regs: 2
num_dest_regs: 1
src0: 255
src1: 255
dst0: 1
is_fp: 0
cf_type: NOT_CF
is_load: 0
inst_size: 16
inst_addr: 7f4eecacbf00
active_mask: ffffffff
br_taken_mask: 0
br_target_addr: 7f4eecacbf10
reconv_inst_addr/mem_addr: 0
mem_addr/reconv_inst_addr: 0
mem_access_size/barrier_id: 4
num_barrier_threads: 0
addr_space/fence_level: GPU_ADDR_SP_INVALID
barrier_id/mem_access_size: 4
fence_level/addr_space: GPU_FENCE_INVALID
*** end of the data structure *** 

*** begin of the data structure *** 
core_id:45 thread_id:1
opcode: NVBIT_IMAD
num_read_regs: 2
num_dest_regs: 1
src0: 255
src1: 255
dst0: 1
is_fp: 0
cf_type: NOT_CF
is_load: 0
inst_size: 16
inst_addr: 7f4eecacbf00
active_mask: ffffffff
br_taken_mask: 0
br_target_addr: 7f4eecacbf10
reconv_inst_addr/mem_addr: 0
mem_addr/reconv_inst_addr: 0
mem_access_size/barrier_id: 4
num_barrier_threads: 0
addr_space/fence_level: GPU_ADDR_SP_INVALID
barrier_id/mem_access_size: 4
fence_level/addr_space: GPU_FENCE_INVALID
*** end of the data structure *** 

*** begin of the data structure *** 
core_id:45 thread_id:2
opcode: NVBIT_IMAD
num_read_regs: 2
num_dest_regs: 1
src0: 255
src1: 255
dst0: 1
is_fp: 0
cf_type: NOT_CF
is_load: 0
inst_size: 16
inst_addr: 7f4eecacbf00
active_mask: ffffffff
br_taken_mask: 0
br_target_addr: 7f4eecacbf10
reconv_inst_addr/mem_addr: 0
mem_addr/reconv_inst_addr: 0
mem_access_size/barrier_id: 4
num_barrier_threads: 0
addr_space/fence_level: GPU_ADDR_SP_INVALID
barrier_id/mem_access_size: 4
fence_level/addr_space: GPU_FENCE_INVALID
*** end of the data structure *** 

*** begin of the data structure *** 
core_id:45 thread_id:3
opcode: NVBIT_IMAD
num_read_regs: 2
num_dest_regs: 1
src0: 255
src1: 255
dst0: 1
is_fp: 0
cf_type: NOT_CF
is_load: 0
inst_size: 16
inst_addr: 7f4eecacbf00
active_mask: ffffffff
br_taken_mask: 0
br_target_addr: 7f4eecacbf10
reconv_inst_addr/mem_addr: 0
mem_addr/reconv_inst_addr: 0
mem_access_size/barrier_id: 4
num_barrier_threads: 0
addr_space/fence_level: GPU_ADDR_SP_INVALID
barrier_id/mem_access_size: 4
fence_level/addr_space: GPU_FENCE_INVALID
*** end of the data structure *** 

*** begin of the data structure *** 
core_id:46 thread_id:0
opcode: NVBIT_IMAD
num_read_regs: 2
num_dest_regs: 1
src0: 255
src1: 255
dst0: 1
is_fp: 0
cf_type: NOT_CF
is_load: 0
inst_size: 16
inst_addr: 7f4eecacbf00
active_mask: ffffffff
br_taken_mask: 0
br_target_addr: 7f4eecacbf10
reconv_inst_addr/mem_addr: 0
mem_addr/reconv_inst_addr: 0
mem_access_size/barrier_id: 4
num_barrier_threads: 0
addr_space/fence_level: GPU_ADDR_SP_INVALID
barrier_id/mem_access_size: 4
fence_level/addr_space: GPU_FENCE_INVALID
*** end of the data structure *** 

*** begin of the data structure *** 
core_id:46 thread_id:1
opcode: NVBIT_IMAD
num_read_regs: 2
num_dest_regs: 1
src0: 255
src1: 255
dst0: 1
is_fp: 0
cf_type: NOT_CF
is_load: 0
inst_size: 16
inst_addr: 7f4eecacbf00
active_mask: ffffffff
br_taken_mask: 0
br_target_addr: 7f4eecacbf10
reconv_inst_addr/mem_addr: 0
mem_addr/reconv_inst_addr: 0
mem_access_size/barrier_id: 4
num_barrier_threads: 0
addr_space/fence_level: GPU_ADDR_SP_INVALID
barrier_id/mem_access_size: 4
fence_level/addr_space: GPU_FENCE_INVALID
*** end of the data structure *** 

*** begin of the data structure *** 
core_id:46 thread_id:2
opcode: NVBIT_IMAD
num_read_regs: 2
num_dest_regs: 1
src0: 255
src1: 255
dst0: 1
is_fp: 0
cf_type: NOT_CF
is_load: 0
inst_size: 16
inst_addr: 7f4eecacbf00
active_mask: ffffffff
br_taken_mask: 0
br_target_addr: 7f4eecacbf10
reconv_inst_addr/mem_addr: 0
mem_addr/reconv_inst_addr: 0
mem_access_size/barrier_id: 4
num_barrier_threads: 0
addr_space/fence_level: GPU_ADDR_SP_INVALID
barrier_id/mem_access_size: 4
fence_level/addr_space: GPU_FENCE_INVALID
*** end of the data structure *** 

*** begin of the data structure *** 
core_id:46 thread_id:3
opcode: NVBIT_IMAD
num_read_regs: 2
num_dest_regs: 1
src0: 255
src1: 255
dst0: 1
is_fp: 0
cf_type: NOT_CF
is_load: 0
inst_size: 16
inst_addr: 7f4eecacbf00
active_mask: ffffffff
br_taken_mask: 0
br_target_addr: 7f4eecacbf10
reconv_inst_addr/mem_addr: 0
mem_addr/reconv_inst_addr: 0
mem_access_size/barrier_id: 4
num_barrier_threads: 0
addr_space/fence_level: GPU_ADDR_SP_INVALID
barrier_id/mem_access_size: 4
fence_level/addr_space: GPU_FENCE_INVALID
*** end of the data structure *** 

*** begin of the data structure *** 
core_id:47 thread_id:0
opcode: NVBIT_IMAD
num_read_regs: 2
num_dest_regs: 1
src0: 255
src1: 255
dst0: 1
is_fp: 0
cf_type: NOT_CF
is_load: 0
inst_size: 16
inst_addr: 7f4eecacbf00
active_mask: ffffffff
br_taken_mask: 0
br_target_addr: 7f4eecacbf10
reconv_inst_addr/mem_addr: 0
mem_addr/reconv_inst_addr: 0
mem_access_size/barrier_id: 4
num_barrier_threads: 0
addr_space/fence_level: GPU_ADDR_SP_INVALID
barrier_id/mem_access_size: 4
fence_level/addr_space: GPU_FENCE_INVALID
*** end of the data structure *** 

*** begin of the data structure *** 
core_id:47 thread_id:1
opcode: NVBIT_IMAD
num_read_regs: 2
num_dest_regs: 1
src0: 255
src1: 255
dst0: 1
is_fp: 0
cf_type: NOT_CF
is_load: 0
inst_size: 16
inst_addr: 7f4eecacbf00
active_mask: ffffffff
br_taken_mask: 0
br_target_addr: 7f4eecacbf10
reconv_inst_addr/mem_addr: 0
mem_addr/reconv_inst_addr: 0
mem_access_size/barrier_id: 4
num_barrier_threads: 0
addr_space/fence_level: GPU_ADDR_SP_INVALID
barrier_id/mem_access_size: 4
fence_level/addr_space: GPU_FENCE_INVALID
*** end of the data structure *** 

*** begin of the data structure *** 
core_id:47 thread_id:2
opcode: NVBIT_IMAD
num_read_regs: 2
num_dest_regs: 1
src0: 255
src1: 255
dst0: 1
is_fp: 0
cf_type: NOT_CF
is_load: 0
inst_size: 16
inst_addr: 7f4eecacbf00
active_mask: ffffffff
br_taken_mask: 0
br_target_addr: 7f4eecacbf10
reconv_inst_addr/mem_addr: 0
mem_addr/reconv_inst_addr: 0
mem_access_size/barrier_id: 4
num_barrier_threads: 0
addr_space/fence_level: GPU_ADDR_SP_INVALID
barrier_id/mem_access_size: 4
fence_level/addr_space: GPU_FENCE_INVALID
*** end of the data structure *** 

*** begin of the data structure *** 
core_id:47 thread_id:3
opcode: NVBIT_IMAD
num_read_regs: 2
num_dest_regs: 1
src0: 255
src1: 255
dst0: 1
is_fp: 0
cf_type: NOT_CF
is_load: 0
inst_size: 16
inst_addr: 7f4eecacbf00
active_mask: ffffffff
br_taken_mask: 0
br_target_addr: 7f4eecacbf10
reconv_inst_addr/mem_addr: 0
mem_addr/reconv_inst_addr: 0
mem_access_size/barrier_id: 4
num_barrier_threads: 0
addr_space/fence_level: GPU_ADDR_SP_INVALID
barrier_id/mem_access_size: 4
fence_level/addr_space: GPU_FENCE_INVALID
*** end of the data structure *** 

*** begin of the data structure *** 
core_id:48 thread_id:0
opcode: NVBIT_IMAD
num_read_regs: 2
num_dest_regs: 1
src0: 255
src1: 255
dst0: 1
is_fp: 0
cf_type: NOT_CF
is_load: 0
inst_size: 16
inst_addr: 7f4eecacbf00
active_mask: ffffffff
br_taken_mask: 0
br_target_addr: 7f4eecacbf10
reconv_inst_addr/mem_addr: 0
mem_addr/reconv_inst_addr: 0
mem_access_size/barrier_id: 4
num_barrier_threads: 0
addr_space/fence_level: GPU_ADDR_SP_INVALID
barrier_id/mem_access_size: 4
fence_level/addr_space: GPU_FENCE_INVALID
*** end of the data structure *** 

*** begin of the data structure *** 
core_id:48 thread_id:1
opcode: NVBIT_IMAD
num_read_regs: 2
num_dest_regs: 1
src0: 255
src1: 255
dst0: 1
is_fp: 0
cf_type: NOT_CF
is_load: 0
inst_size: 16
inst_addr: 7f4eecacbf00
active_mask: ffffffff
br_taken_mask: 0
br_target_addr: 7f4eecacbf10
reconv_inst_addr/mem_addr: 0
mem_addr/reconv_inst_addr: 0
mem_access_size/barrier_id: 4
num_barrier_threads: 0
addr_space/fence_level: GPU_ADDR_SP_INVALID
barrier_id/mem_access_size: 4
fence_level/addr_space: GPU_FENCE_INVALID
*** end of the data structure *** 

*** begin of the data structure *** 
core_id:48 thread_id:2
opcode: NVBIT_IMAD
num_read_regs: 2
num_dest_regs: 1
src0: 255
src1: 255
dst0: 1
is_fp: 0
cf_type: NOT_CF
is_load: 0
inst_size: 16
inst_addr: 7f4eecacbf00
active_mask: ffffffff
br_taken_mask: 0
br_target_addr: 7f4eecacbf10
reconv_inst_addr/mem_addr: 0
mem_addr/reconv_inst_addr: 0
mem_access_size/barrier_id: 4
num_barrier_threads: 0
addr_space/fence_level: GPU_ADDR_SP_INVALID
barrier_id/mem_access_size: 4
fence_level/addr_space: GPU_FENCE_INVALID
*** end of the data structure *** 

*** begin of the data structure *** 
core_id:48 thread_id:3
opcode: NVBIT_IMAD
num_read_regs: 2
num_dest_regs: 1
src0: 255
src1: 255
dst0: 1
is_fp: 0
cf_type: NOT_CF
is_load: 0
inst_size: 16
inst_addr: 7f4eecacbf00
active_mask: ffffffff
br_taken_mask: 0
br_target_addr: 7f4eecacbf10
reconv_inst_addr/mem_addr: 0
mem_addr/reconv_inst_addr: 0
mem_access_size/barrier_id: 4
num_barrier_threads: 0
addr_space/fence_level: GPU_ADDR_SP_INVALID
barrier_id/mem_access_size: 4
fence_level/addr_space: GPU_FENCE_INVALID
*** end of the data structure *** 

*** begin of the data structure *** 
core_id:49 thread_id:0
opcode: NVBIT_IMAD
num_read_regs: 2
num_dest_regs: 1
src0: 255
src1: 255
dst0: 1
is_fp: 0
cf_type: NOT_CF
is_load: 0
inst_size: 16
inst_addr: 7f4eecacbf00
active_mask: ffffffff
br_taken_mask: 0
br_target_addr: 7f4eecacbf10
reconv_inst_addr/mem_addr: 0
mem_addr/reconv_inst_addr: 0
mem_access_size/barrier_id: 4
num_barrier_threads: 0
addr_space/fence_level: GPU_ADDR_SP_INVALID
barrier_id/mem_access_size: 4
fence_level/addr_space: GPU_FENCE_INVALID
*** end of the data structure *** 

*** begin of the data structure *** 
core_id:49 thread_id:1
opcode: NVBIT_IMAD
num_read_regs: 2
num_dest_regs: 1
src0: 255
src1: 255
dst0: 1
is_fp: 0
cf_type: NOT_CF
is_load: 0
inst_size: 16
inst_addr: 7f4eecacbf00
active_mask: ffffffff
br_taken_mask: 0
br_target_addr: 7f4eecacbf10
reconv_inst_addr/mem_addr: 0
mem_addr/reconv_inst_addr: 0
mem_access_size/barrier_id: 4
num_barrier_threads: 0
addr_space/fence_level: GPU_ADDR_SP_INVALID
barrier_id/mem_access_size: 4
fence_level/addr_space: GPU_FENCE_INVALID
*** end of the data structure *** 

*** begin of the data structure *** 
core_id:49 thread_id:2
opcode: NVBIT_IMAD
num_read_regs: 2
num_dest_regs: 1
src0: 255
src1: 255
dst0: 1
is_fp: 0
cf_type: NOT_CF
is_load: 0
inst_size: 16
inst_addr: 7f4eecacbf00
active_mask: ffffffff
br_taken_mask: 0
br_target_addr: 7f4eecacbf10
reconv_inst_addr/mem_addr: 0
mem_addr/reconv_inst_addr: 0
mem_access_size/barrier_id: 4
num_barrier_threads: 0
addr_space/fence_level: GPU_ADDR_SP_INVALID
barrier_id/mem_access_size: 4
fence_level/addr_space: GPU_FENCE_INVALID
*** end of the data structure *** 

*** begin of the data structure *** 
core_id:49 thread_id:3
opcode: NVBIT_IMAD
num_read_regs: 2
num_dest_regs: 1
src0: 255
src1: 255
dst0: 1
is_fp: 0
cf_type: NOT_CF
is_load: 0
inst_size: 16
inst_addr: 7f4eecacbf00
active_mask: ffffffff
br_taken_mask: 0
br_target_addr: 7f4eecacbf10
reconv_inst_addr/mem_addr: 0
mem_addr/reconv_inst_addr: 0
mem_access_size/barrier_id: 4
num_barrier_threads: 0
addr_space/fence_level: GPU_ADDR_SP_INVALID
barrier_id/mem_access_size: 4
fence_level/addr_space: GPU_FENCE_INVALID
*** end of the data structure *** 

*** begin of the data structure *** 
core_id:50 thread_id:0
opcode: NVBIT_IMAD
num_read_regs: 2
num_dest_regs: 1
src0: 255
src1: 255
dst0: 1
is_fp: 0
cf_type: NOT_CF
is_load: 0
inst_size: 16
inst_addr: 7f4eecacbf00
active_mask: ffffffff
br_taken_mask: 0
br_target_addr: 7f4eecacbf10
reconv_inst_addr/mem_addr: 0
mem_addr/reconv_inst_addr: 0
mem_access_size/barrier_id: 4
num_barrier_threads: 0
addr_space/fence_level: GPU_ADDR_SP_INVALID
barrier_id/mem_access_size: 4
fence_level/addr_space: GPU_FENCE_INVALID
*** end of the data structure *** 

*** begin of the data structure *** 
core_id:50 thread_id:1
opcode: NVBIT_IMAD
num_read_regs: 2
num_dest_regs: 1
src0: 255
src1: 255
dst0: 1
is_fp: 0
cf_type: NOT_CF
is_load: 0
inst_size: 16
inst_addr: 7f4eecacbf00
active_mask: ffffffff
br_taken_mask: 0
br_target_addr: 7f4eecacbf10
reconv_inst_addr/mem_addr: 0
mem_addr/reconv_inst_addr: 0
mem_access_size/barrier_id: 4
num_barrier_threads: 0
addr_space/fence_level: GPU_ADDR_SP_INVALID
barrier_id/mem_access_size: 4
fence_level/addr_space: GPU_FENCE_INVALID
*** end of the data structure *** 

*** begin of the data structure *** 
core_id:50 thread_id:2
opcode: NVBIT_IMAD
num_read_regs: 2
num_dest_regs: 1
src0: 255
src1: 255
dst0: 1
is_fp: 0
cf_type: NOT_CF
is_load: 0
inst_size: 16
inst_addr: 7f4eecacbf00
active_mask: ffffffff
br_taken_mask: 0
br_target_addr: 7f4eecacbf10
reconv_inst_addr/mem_addr: 0
mem_addr/reconv_inst_addr: 0
mem_access_size/barrier_id: 4
num_barrier_threads: 0
addr_space/fence_level: GPU_ADDR_SP_INVALID
barrier_id/mem_access_size: 4
fence_level/addr_space: GPU_FENCE_INVALID
*** end of the data structure *** 

*** begin of the data structure *** 
core_id:50 thread_id:3
opcode: NVBIT_IMAD
num_read_regs: 2
num_dest_regs: 1
src0: 255
src1: 255
dst0: 1
is_fp: 0
cf_type: NOT_CF
is_load: 0
inst_size: 16
inst_addr: 7f4eecacbf00
active_mask: ffffffff
br_taken_mask: 0
br_target_addr: 7f4eecacbf10
reconv_inst_addr/mem_addr: 0
mem_addr/reconv_inst_addr: 0
mem_access_size/barrier_id: 4
num_barrier_threads: 0
addr_space/fence_level: GPU_ADDR_SP_INVALID
barrier_id/mem_access_size: 4
fence_level/addr_space: GPU_FENCE_INVALID
*** end of the data structure *** 

*** begin of the data structure *** 
core_id:51 thread_id:0
opcode: NVBIT_IMAD
num_read_regs: 2
num_dest_regs: 1
src0: 255
src1: 255
dst0: 1
is_fp: 0
cf_type: NOT_CF
is_load: 0
inst_size: 16
inst_addr: 7f4eecacbf00
active_mask: ffffffff
br_taken_mask: 0
br_target_addr: 7f4eecacbf10
reconv_inst_addr/mem_addr: 0
mem_addr/reconv_inst_addr: 0
mem_access_size/barrier_id: 4
num_barrier_threads: 0
addr_space/fence_level: GPU_ADDR_SP_INVALID
barrier_id/mem_access_size: 4
fence_level/addr_space: GPU_FENCE_INVALID
*** end of the data structure *** 

*** begin of the data structure *** 
core_id:51 thread_id:1
opcode: NVBIT_IMAD
num_read_regs: 2
num_dest_regs: 1
src0: 255
src1: 255
dst0: 1
is_fp: 0
cf_type: NOT_CF
is_load: 0
inst_size: 16
inst_addr: 7f4eecacbf00
active_mask: ffffffff
br_taken_mask: 0
br_target_addr: 7f4eecacbf10
reconv_inst_addr/mem_addr: 0
mem_addr/reconv_inst_addr: 0
mem_access_size/barrier_id: 4
num_barrier_threads: 0
addr_space/fence_level: GPU_ADDR_SP_INVALID
barrier_id/mem_access_size: 4
fence_level/addr_space: GPU_FENCE_INVALID
*** end of the data structure *** 

*** begin of the data structure *** 
core_id:51 thread_id:2
opcode: NVBIT_IMAD
num_read_regs: 2
num_dest_regs: 1
src0: 255
src1: 255
dst0: 1
is_fp: 0
cf_type: NOT_CF
is_load: 0
inst_size: 16
inst_addr: 7f4eecacbf00
active_mask: ffffffff
br_taken_mask: 0
br_target_addr: 7f4eecacbf10
reconv_inst_addr/mem_addr: 0
mem_addr/reconv_inst_addr: 0
mem_access_size/barrier_id: 4
num_barrier_threads: 0
addr_space/fence_level: GPU_ADDR_SP_INVALID
barrier_id/mem_access_size: 4
fence_level/addr_space: GPU_FENCE_INVALID
*** end of the data structure *** 

*** begin of the data structure *** 
core_id:51 thread_id:3
opcode: NVBIT_IMAD
num_read_regs: 2
num_dest_regs: 1
src0: 255
src1: 255
dst0: 1
is_fp: 0
cf_type: NOT_CF
is_load: 0
inst_size: 16
inst_addr: 7f4eecacbf00
active_mask: ffffffff
br_taken_mask: 0
br_target_addr: 7f4eecacbf10
reconv_inst_addr/mem_addr: 0
mem_addr/reconv_inst_addr: 0
mem_access_size/barrier_id: 4
num_barrier_threads: 0
addr_space/fence_level: GPU_ADDR_SP_INVALID
barrier_id/mem_access_size: 4
fence_level/addr_space: GPU_FENCE_INVALID
*** end of the data structure *** 

*** begin of the data structure *** 
core_id:52 thread_id:0
opcode: NVBIT_IMAD
num_read_regs: 2
num_dest_regs: 1
src0: 255
src1: 255
dst0: 1
is_fp: 0
cf_type: NOT_CF
is_load: 0
inst_size: 16
inst_addr: 7f4eecacbf00
active_mask: ffffffff
br_taken_mask: 0
br_target_addr: 7f4eecacbf10
reconv_inst_addr/mem_addr: 0
mem_addr/reconv_inst_addr: 0
mem_access_size/barrier_id: 4
num_barrier_threads: 0
addr_space/fence_level: GPU_ADDR_SP_INVALID
barrier_id/mem_access_size: 4
fence_level/addr_space: GPU_FENCE_INVALID
*** end of the data structure *** 

*** begin of the data structure *** 
core_id:52 thread_id:1
opcode: NVBIT_IMAD
num_read_regs: 2
num_dest_regs: 1
src0: 255
src1: 255
dst0: 1
is_fp: 0
cf_type: NOT_CF
is_load: 0
inst_size: 16
inst_addr: 7f4eecacbf00
active_mask: ffffffff
br_taken_mask: 0
br_target_addr: 7f4eecacbf10
reconv_inst_addr/mem_addr: 0
mem_addr/reconv_inst_addr: 0
mem_access_size/barrier_id: 4
num_barrier_threads: 0
addr_space/fence_level: GPU_ADDR_SP_INVALID
barrier_id/mem_access_size: 4
fence_level/addr_space: GPU_FENCE_INVALID
*** end of the data structure *** 

*** begin of the data structure *** 
core_id:52 thread_id:2
opcode: NVBIT_IMAD
num_read_regs: 2
num_dest_regs: 1
src0: 255
src1: 255
dst0: 1
is_fp: 0
cf_type: NOT_CF
is_load: 0
inst_size: 16
inst_addr: 7f4eecacbf00
active_mask: ffffffff
br_taken_mask: 0
br_target_addr: 7f4eecacbf10
reconv_inst_addr/mem_addr: 0
mem_addr/reconv_inst_addr: 0
mem_access_size/barrier_id: 4
num_barrier_threads: 0
addr_space/fence_level: GPU_ADDR_SP_INVALID
barrier_id/mem_access_size: 4
fence_level/addr_space: GPU_FENCE_INVALID
*** end of the data structure *** 

*** begin of the data structure *** 
core_id:52 thread_id:3
opcode: NVBIT_IMAD
num_read_regs: 2
num_dest_regs: 1
src0: 255
src1: 255
dst0: 1
is_fp: 0
cf_type: NOT_CF
is_load: 0
inst_size: 16
inst_addr: 7f4eecacbf00
active_mask: ffffffff
br_taken_mask: 0
br_target_addr: 7f4eecacbf10
reconv_inst_addr/mem_addr: 0
mem_addr/reconv_inst_addr: 0
mem_access_size/barrier_id: 4
num_barrier_threads: 0
addr_space/fence_level: GPU_ADDR_SP_INVALID
barrier_id/mem_access_size: 4
fence_level/addr_space: GPU_FENCE_INVALID
*** end of the data structure *** 

*** begin of the data structure *** 
core_id:53 thread_id:0
opcode: NVBIT_IMAD
num_read_regs: 2
num_dest_regs: 1
src0: 255
src1: 255
dst0: 1
is_fp: 0
cf_type: NOT_CF
is_load: 0
inst_size: 16
inst_addr: 7f4eecacbf00
active_mask: ffffffff
br_taken_mask: 0
br_target_addr: 7f4eecacbf10
reconv_inst_addr/mem_addr: 0
mem_addr/reconv_inst_addr: 0
mem_access_size/barrier_id: 4
num_barrier_threads: 0
addr_space/fence_level: GPU_ADDR_SP_INVALID
barrier_id/mem_access_size: 4
fence_level/addr_space: GPU_FENCE_INVALID
*** end of the data structure *** 

*** begin of the data structure *** 
core_id:53 thread_id:1
opcode: NVBIT_IMAD
num_read_regs: 2
num_dest_regs: 1
src0: 255
src1: 255
dst0: 1
is_fp: 0
cf_type: NOT_CF
is_load: 0
inst_size: 16
inst_addr: 7f4eecacbf00
active_mask: ffffffff
br_taken_mask: 0
br_target_addr: 7f4eecacbf10
reconv_inst_addr/mem_addr: 0
mem_addr/reconv_inst_addr: 0
mem_access_size/barrier_id: 4
num_barrier_threads: 0
addr_space/fence_level: GPU_ADDR_SP_INVALID
barrier_id/mem_access_size: 4
fence_level/addr_space: GPU_FENCE_INVALID
*** end of the data structure *** 

*** begin of the data structure *** 
core_id:53 thread_id:2
opcode: NVBIT_IMAD
num_read_regs: 2
num_dest_regs: 1
src0: 255
src1: 255
dst0: 1
is_fp: 0
cf_type: NOT_CF
is_load: 0
inst_size: 16
inst_addr: 7f4eecacbf00
active_mask: ffffffff
br_taken_mask: 0
br_target_addr: 7f4eecacbf10
reconv_inst_addr/mem_addr: 0
mem_addr/reconv_inst_addr: 0
mem_access_size/barrier_id: 4
num_barrier_threads: 0
addr_space/fence_level: GPU_ADDR_SP_INVALID
barrier_id/mem_access_size: 4
fence_level/addr_space: GPU_FENCE_INVALID
*** end of the data structure *** 

*** begin of the data structure *** 
core_id:53 thread_id:3
opcode: NVBIT_IMAD
num_read_regs: 2
num_dest_regs: 1
src0: 255
src1: 255
dst0: 1
is_fp: 0
cf_type: NOT_CF
is_load: 0
inst_size: 16
inst_addr: 7f4eecacbf00
active_mask: ffffffff
br_taken_mask: 0
br_target_addr: 7f4eecacbf10
reconv_inst_addr/mem_addr: 0
mem_addr/reconv_inst_addr: 0
mem_access_size/barrier_id: 4
num_barrier_threads: 0
addr_space/fence_level: GPU_ADDR_SP_INVALID
barrier_id/mem_access_size: 4
fence_level/addr_space: GPU_FENCE_INVALID
*** end of the data structure *** 

*** begin of the data structure *** 
core_id:54 thread_id:0
opcode: NVBIT_IMAD
num_read_regs: 2
num_dest_regs: 1
src0: 255
src1: 255
dst0: 1
is_fp: 0
cf_type: NOT_CF
is_load: 0
inst_size: 16
inst_addr: 7f4eecacbf00
active_mask: ffffffff
br_taken_mask: 0
br_target_addr: 7f4eecacbf10
reconv_inst_addr/mem_addr: 0
mem_addr/reconv_inst_addr: 0
mem_access_size/barrier_id: 4
num_barrier_threads: 0
addr_space/fence_level: GPU_ADDR_SP_INVALID
barrier_id/mem_access_size: 4
fence_level/addr_space: GPU_FENCE_INVALID
*** end of the data structure *** 

*** begin of the data structure *** 
core_id:54 thread_id:1
opcode: NVBIT_IMAD
num_read_regs: 2
num_dest_regs: 1
src0: 255
src1: 255
dst0: 1
is_fp: 0
cf_type: NOT_CF
is_load: 0
inst_size: 16
inst_addr: 7f4eecacbf00
active_mask: ffffffff
br_taken_mask: 0
br_target_addr: 7f4eecacbf10
reconv_inst_addr/mem_addr: 0
mem_addr/reconv_inst_addr: 0
mem_access_size/barrier_id: 4
num_barrier_threads: 0
addr_space/fence_level: GPU_ADDR_SP_INVALID
barrier_id/mem_access_size: 4
fence_level/addr_space: GPU_FENCE_INVALID
*** end of the data structure *** 

*** begin of the data structure *** 
core_id:54 thread_id:2
opcode: NVBIT_IMAD
num_read_regs: 2
num_dest_regs: 1
src0: 255
src1: 255
dst0: 1
is_fp: 0
cf_type: NOT_CF
is_load: 0
inst_size: 16
inst_addr: 7f4eecacbf00
active_mask: ffffffff
br_taken_mask: 0
br_target_addr: 7f4eecacbf10
reconv_inst_addr/mem_addr: 0
mem_addr/reconv_inst_addr: 0
mem_access_size/barrier_id: 4
num_barrier_threads: 0
addr_space/fence_level: GPU_ADDR_SP_INVALID
barrier_id/mem_access_size: 4
fence_level/addr_space: GPU_FENCE_INVALID
*** end of the data structure *** 

*** begin of the data structure *** 
core_id:54 thread_id:3
opcode: NVBIT_IMAD
num_read_regs: 2
num_dest_regs: 1
src0: 255
src1: 255
dst0: 1
is_fp: 0
cf_type: NOT_CF
is_load: 0
inst_size: 16
inst_addr: 7f4eecacbf00
active_mask: ffffffff
br_taken_mask: 0
br_target_addr: 7f4eecacbf10
reconv_inst_addr/mem_addr: 0
mem_addr/reconv_inst_addr: 0
mem_access_size/barrier_id: 4
num_barrier_threads: 0
addr_space/fence_level: GPU_ADDR_SP_INVALID
barrier_id/mem_access_size: 4
fence_level/addr_space: GPU_FENCE_INVALID
*** end of the data structure *** 

*** begin of the data structure *** 
core_id:55 thread_id:0
opcode: NVBIT_IMAD
num_read_regs: 2
num_dest_regs: 1
src0: 255
src1: 255
dst0: 1
is_fp: 0
cf_type: NOT_CF
is_load: 0
inst_size: 16
inst_addr: 7f4eecacbf00
active_mask: ffffffff
br_taken_mask: 0
br_target_addr: 7f4eecacbf10
reconv_inst_addr/mem_addr: 0
mem_addr/reconv_inst_addr: 0
mem_access_size/barrier_id: 4
num_barrier_threads: 0
addr_space/fence_level: GPU_ADDR_SP_INVALID
barrier_id/mem_access_size: 4
fence_level/addr_space: GPU_FENCE_INVALID
*** end of the data structure *** 

*** begin of the data structure *** 
core_id:55 thread_id:1
opcode: NVBIT_IMAD
num_read_regs: 2
num_dest_regs: 1
src0: 255
src1: 255
dst0: 1
is_fp: 0
cf_type: NOT_CF
is_load: 0
inst_size: 16
inst_addr: 7f4eecacbf00
active_mask: ffffffff
br_taken_mask: 0
br_target_addr: 7f4eecacbf10
reconv_inst_addr/mem_addr: 0
mem_addr/reconv_inst_addr: 0
mem_access_size/barrier_id: 4
num_barrier_threads: 0
addr_space/fence_level: GPU_ADDR_SP_INVALID
barrier_id/mem_access_size: 4
fence_level/addr_space: GPU_FENCE_INVALID
*** end of the data structure *** 

*** begin of the data structure *** 
core_id:55 thread_id:2
opcode: NVBIT_IMAD
num_read_regs: 2
num_dest_regs: 1
src0: 255
src1: 255
dst0: 1
is_fp: 0
cf_type: NOT_CF
is_load: 0
inst_size: 16
inst_addr: 7f4eecacbf00
active_mask: ffffffff
br_taken_mask: 0
br_target_addr: 7f4eecacbf10
reconv_inst_addr/mem_addr: 0
mem_addr/reconv_inst_addr: 0
mem_access_size/barrier_id: 4
num_barrier_threads: 0
addr_space/fence_level: GPU_ADDR_SP_INVALID
barrier_id/mem_access_size: 4
fence_level/addr_space: GPU_FENCE_INVALID
*** end of the data structure *** 

*** begin of the data structure *** 
core_id:55 thread_id:3
opcode: NVBIT_IMAD
num_read_regs: 2
num_dest_regs: 1
src0: 255
src1: 255
dst0: 1
is_fp: 0
cf_type: NOT_CF
is_load: 0
inst_size: 16
inst_addr: 7f4eecacbf00
active_mask: ffffffff
br_taken_mask: 0
br_target_addr: 7f4eecacbf10
reconv_inst_addr/mem_addr: 0
mem_addr/reconv_inst_addr: 0
mem_access_size/barrier_id: 4
num_barrier_threads: 0
addr_space/fence_level: GPU_ADDR_SP_INVALID
barrier_id/mem_access_size: 4
fence_level/addr_space: GPU_FENCE_INVALID
*** end of the data structure *** 

*** begin of the data structure *** 
core_id:56 thread_id:0
opcode: NVBIT_IMAD
num_read_regs: 2
num_dest_regs: 1
src0: 255
src1: 255
dst0: 1
is_fp: 0
cf_type: NOT_CF
is_load: 0
inst_size: 16
inst_addr: 7f4eecacbf00
active_mask: ffffffff
br_taken_mask: 0
br_target_addr: 7f4eecacbf10
reconv_inst_addr/mem_addr: 0
mem_addr/reconv_inst_addr: 0
mem_access_size/barrier_id: 4
num_barrier_threads: 0
addr_space/fence_level: GPU_ADDR_SP_INVALID
barrier_id/mem_access_size: 4
fence_level/addr_space: GPU_FENCE_INVALID
*** end of the data structure *** 

*** begin of the data structure *** 
core_id:56 thread_id:1
opcode: NVBIT_IMAD
num_read_regs: 2
num_dest_regs: 1
src0: 255
src1: 255
dst0: 1
is_fp: 0
cf_type: NOT_CF
is_load: 0
inst_size: 16
inst_addr: 7f4eecacbf00
active_mask: ffffffff
br_taken_mask: 0
br_target_addr: 7f4eecacbf10
reconv_inst_addr/mem_addr: 0
mem_addr/reconv_inst_addr: 0
mem_access_size/barrier_id: 4
num_barrier_threads: 0
addr_space/fence_level: GPU_ADDR_SP_INVALID
barrier_id/mem_access_size: 4
fence_level/addr_space: GPU_FENCE_INVALID
*** end of the data structure *** 

*** begin of the data structure *** 
core_id:56 thread_id:2
opcode: NVBIT_IMAD
num_read_regs: 2
num_dest_regs: 1
src0: 255
src1: 255
dst0: 1
is_fp: 0
cf_type: NOT_CF
is_load: 0
inst_size: 16
inst_addr: 7f4eecacbf00
active_mask: ffffffff
br_taken_mask: 0
br_target_addr: 7f4eecacbf10
reconv_inst_addr/mem_addr: 0
mem_addr/reconv_inst_addr: 0
mem_access_size/barrier_id: 4
num_barrier_threads: 0
addr_space/fence_level: GPU_ADDR_SP_INVALID
barrier_id/mem_access_size: 4
fence_level/addr_space: GPU_FENCE_INVALID
*** end of the data structure *** 

*** begin of the data structure *** 
core_id:56 thread_id:3
opcode: NVBIT_IMAD
num_read_regs: 2
num_dest_regs: 1
src0: 255
src1: 255
dst0: 1
is_fp: 0
cf_type: NOT_CF
is_load: 0
inst_size: 16
inst_addr: 7f4eecacbf00
active_mask: ffffffff
br_taken_mask: 0
br_target_addr: 7f4eecacbf10
reconv_inst_addr/mem_addr: 0
mem_addr/reconv_inst_addr: 0
mem_access_size/barrier_id: 4
num_barrier_threads: 0
addr_space/fence_level: GPU_ADDR_SP_INVALID
barrier_id/mem_access_size: 4
fence_level/addr_space: GPU_FENCE_INVALID
*** end of the data structure *** 

*** begin of the data structure *** 
core_id:57 thread_id:0
opcode: NVBIT_IMAD
num_read_regs: 2
num_dest_regs: 1
src0: 255
src1: 255
dst0: 1
is_fp: 0
cf_type: NOT_CF
is_load: 0
inst_size: 16
inst_addr: 7f4eecacbf00
active_mask: ffffffff
br_taken_mask: 0
br_target_addr: 7f4eecacbf10
reconv_inst_addr/mem_addr: 0
mem_addr/reconv_inst_addr: 0
mem_access_size/barrier_id: 4
num_barrier_threads: 0
addr_space/fence_level: GPU_ADDR_SP_INVALID
barrier_id/mem_access_size: 4
fence_level/addr_space: GPU_FENCE_INVALID
*** end of the data structure *** 

*** begin of the data structure *** 
core_id:57 thread_id:1
opcode: NVBIT_IMAD
num_read_regs: 2
num_dest_regs: 1
src0: 255
src1: 255
dst0: 1
is_fp: 0
cf_type: NOT_CF
is_load: 0
inst_size: 16
inst_addr: 7f4eecacbf00
active_mask: ffffffff
br_taken_mask: 0
br_target_addr: 7f4eecacbf10
reconv_inst_addr/mem_addr: 0
mem_addr/reconv_inst_addr: 0
mem_access_size/barrier_id: 4
num_barrier_threads: 0
addr_space/fence_level: GPU_ADDR_SP_INVALID
barrier_id/mem_access_size: 4
fence_level/addr_space: GPU_FENCE_INVALID
*** end of the data structure *** 

*** begin of the data structure *** 
core_id:57 thread_id:2
opcode: NVBIT_IMAD
num_read_regs: 2
num_dest_regs: 1
src0: 255
src1: 255
dst0: 1
is_fp: 0
cf_type: NOT_CF
is_load: 0
inst_size: 16
inst_addr: 7f4eecacbf00
active_mask: ffffffff
br_taken_mask: 0
br_target_addr: 7f4eecacbf10
reconv_inst_addr/mem_addr: 0
mem_addr/reconv_inst_addr: 0
mem_access_size/barrier_id: 4
num_barrier_threads: 0
addr_space/fence_level: GPU_ADDR_SP_INVALID
barrier_id/mem_access_size: 4
fence_level/addr_space: GPU_FENCE_INVALID
*** end of the data structure *** 

*** begin of the data structure *** 
core_id:57 thread_id:3
opcode: NVBIT_IMAD
num_read_regs: 2
num_dest_regs: 1
src0: 255
src1: 255
dst0: 1
is_fp: 0
cf_type: NOT_CF
is_load: 0
inst_size: 16
inst_addr: 7f4eecacbf00
active_mask: ffffffff
br_taken_mask: 0
br_target_addr: 7f4eecacbf10
reconv_inst_addr/mem_addr: 0
mem_addr/reconv_inst_addr: 0
mem_access_size/barrier_id: 4
num_barrier_threads: 0
addr_space/fence_level: GPU_ADDR_SP_INVALID
barrier_id/mem_access_size: 4
fence_level/addr_space: GPU_FENCE_INVALID
*** end of the data structure *** 

*** begin of the data structure *** 
core_id:58 thread_id:0
opcode: NVBIT_IMAD
num_read_regs: 2
num_dest_regs: 1
src0: 255
src1: 255
dst0: 1
is_fp: 0
cf_type: NOT_CF
is_load: 0
inst_size: 16
inst_addr: 7f4eecacbf00
active_mask: ffffffff
br_taken_mask: 0
br_target_addr: 7f4eecacbf10
reconv_inst_addr/mem_addr: 0
mem_addr/reconv_inst_addr: 0
mem_access_size/barrier_id: 4
num_barrier_threads: 0
addr_space/fence_level: GPU_ADDR_SP_INVALID
barrier_id/mem_access_size: 4
fence_level/addr_space: GPU_FENCE_INVALID
*** end of the data structure *** 

*** begin of the data structure *** 
core_id:58 thread_id:1
opcode: NVBIT_IMAD
num_read_regs: 2
num_dest_regs: 1
src0: 255
src1: 255
dst0: 1
is_fp: 0
cf_type: NOT_CF
is_load: 0
inst_size: 16
inst_addr: 7f4eecacbf00
active_mask: ffffffff
br_taken_mask: 0
br_target_addr: 7f4eecacbf10
reconv_inst_addr/mem_addr: 0
mem_addr/reconv_inst_addr: 0
mem_access_size/barrier_id: 4
num_barrier_threads: 0
addr_space/fence_level: GPU_ADDR_SP_INVALID
barrier_id/mem_access_size: 4
fence_level/addr_space: GPU_FENCE_INVALID
*** end of the data structure *** 

*** begin of the data structure *** 
core_id:58 thread_id:2
opcode: NVBIT_IMAD
num_read_regs: 2
num_dest_regs: 1
src0: 255
src1: 255
dst0: 1
is_fp: 0
cf_type: NOT_CF
is_load: 0
inst_size: 16
inst_addr: 7f4eecacbf00
active_mask: ffffffff
br_taken_mask: 0
br_target_addr: 7f4eecacbf10
reconv_inst_addr/mem_addr: 0
mem_addr/reconv_inst_addr: 0
mem_access_size/barrier_id: 4
num_barrier_threads: 0
addr_space/fence_level: GPU_ADDR_SP_INVALID
barrier_id/mem_access_size: 4
fence_level/addr_space: GPU_FENCE_INVALID
*** end of the data structure *** 

*** begin of the data structure *** 
core_id:58 thread_id:3
opcode: NVBIT_IMAD
num_read_regs: 2
num_dest_regs: 1
src0: 255
src1: 255
dst0: 1
is_fp: 0
cf_type: NOT_CF
is_load: 0
inst_size: 16
inst_addr: 7f4eecacbf00
active_mask: ffffffff
br_taken_mask: 0
br_target_addr: 7f4eecacbf10
reconv_inst_addr/mem_addr: 0
mem_addr/reconv_inst_addr: 0
mem_access_size/barrier_id: 4
num_barrier_threads: 0
addr_space/fence_level: GPU_ADDR_SP_INVALID
barrier_id/mem_access_size: 4
fence_level/addr_space: GPU_FENCE_INVALID
*** end of the data structure *** 

*** begin of the data structure *** 
core_id:59 thread_id:0
opcode: NVBIT_IMAD
num_read_regs: 2
num_dest_regs: 1
src0: 255
src1: 255
dst0: 1
is_fp: 0
cf_type: NOT_CF
is_load: 0
inst_size: 16
inst_addr: 7f4eecacbf00
active_mask: ffffffff
br_taken_mask: 0
br_target_addr: 7f4eecacbf10
reconv_inst_addr/mem_addr: 0
mem_addr/reconv_inst_addr: 0
mem_access_size/barrier_id: 4
num_barrier_threads: 0
addr_space/fence_level: GPU_ADDR_SP_INVALID
barrier_id/mem_access_size: 4
fence_level/addr_space: GPU_FENCE_INVALID
*** end of the data structure *** 

*** begin of the data structure *** 
core_id:59 thread_id:1
opcode: NVBIT_IMAD
num_read_regs: 2
num_dest_regs: 1
src0: 255
src1: 255
dst0: 1
is_fp: 0
cf_type: NOT_CF
is_load: 0
inst_size: 16
inst_addr: 7f4eecacbf00
active_mask: ffffffff
br_taken_mask: 0
br_target_addr: 7f4eecacbf10
reconv_inst_addr/mem_addr: 0
mem_addr/reconv_inst_addr: 0
mem_access_size/barrier_id: 4
num_barrier_threads: 0
addr_space/fence_level: GPU_ADDR_SP_INVALID
barrier_id/mem_access_size: 4
fence_level/addr_space: GPU_FENCE_INVALID
*** end of the data structure *** 

*** begin of the data structure *** 
core_id:59 thread_id:2
opcode: NVBIT_IMAD
num_read_regs: 2
num_dest_regs: 1
src0: 255
src1: 255
dst0: 1
is_fp: 0
cf_type: NOT_CF
is_load: 0
inst_size: 16
inst_addr: 7f4eecacbf00
active_mask: ffffffff
br_taken_mask: 0
br_target_addr: 7f4eecacbf10
reconv_inst_addr/mem_addr: 0
mem_addr/reconv_inst_addr: 0
mem_access_size/barrier_id: 4
num_barrier_threads: 0
addr_space/fence_level: GPU_ADDR_SP_INVALID
barrier_id/mem_access_size: 4
fence_level/addr_space: GPU_FENCE_INVALID
*** end of the data structure *** 

*** begin of the data structure *** 
core_id:59 thread_id:3
opcode: NVBIT_IMAD
num_read_regs: 2
num_dest_regs: 1
src0: 255
src1: 255
dst0: 1
is_fp: 0
cf_type: NOT_CF
is_load: 0
inst_size: 16
inst_addr: 7f4eecacbf00
active_mask: ffffffff
br_taken_mask: 0
br_target_addr: 7f4eecacbf10
reconv_inst_addr/mem_addr: 0
mem_addr/reconv_inst_addr: 0
mem_access_size/barrier_id: 4
num_barrier_threads: 0
addr_space/fence_level: GPU_ADDR_SP_INVALID
barrier_id/mem_access_size: 4
fence_level/addr_space: GPU_FENCE_INVALID
*** end of the data structure *** 

*** begin of the data structure *** 
core_id:60 thread_id:0
opcode: NVBIT_IMAD
num_read_regs: 2
num_dest_regs: 1
src0: 255
src1: 255
dst0: 1
is_fp: 0
cf_type: NOT_CF
is_load: 0
inst_size: 16
inst_addr: 7f4eecacbf00
active_mask: ffffffff
br_taken_mask: 0
br_target_addr: 7f4eecacbf10
reconv_inst_addr/mem_addr: 0
mem_addr/reconv_inst_addr: 0
mem_access_size/barrier_id: 4
num_barrier_threads: 0
addr_space/fence_level: GPU_ADDR_SP_INVALID
barrier_id/mem_access_size: 4
fence_level/addr_space: GPU_FENCE_INVALID
*** end of the data structure *** 

*** begin of the data structure *** 
core_id:60 thread_id:1
opcode: NVBIT_IMAD
num_read_regs: 2
num_dest_regs: 1
src0: 255
src1: 255
dst0: 1
is_fp: 0
cf_type: NOT_CF
is_load: 0
inst_size: 16
inst_addr: 7f4eecacbf00
active_mask: ffffffff
br_taken_mask: 0
br_target_addr: 7f4eecacbf10
reconv_inst_addr/mem_addr: 0
mem_addr/reconv_inst_addr: 0
mem_access_size/barrier_id: 4
num_barrier_threads: 0
addr_space/fence_level: GPU_ADDR_SP_INVALID
barrier_id/mem_access_size: 4
fence_level/addr_space: GPU_FENCE_INVALID
*** end of the data structure *** 

*** begin of the data structure *** 
core_id:60 thread_id:2
opcode: NVBIT_IMAD
num_read_regs: 2
num_dest_regs: 1
src0: 255
src1: 255
dst0: 1
is_fp: 0
cf_type: NOT_CF
is_load: 0
inst_size: 16
inst_addr: 7f4eecacbf00
active_mask: ffffffff
br_taken_mask: 0
br_target_addr: 7f4eecacbf10
reconv_inst_addr/mem_addr: 0
mem_addr/reconv_inst_addr: 0
mem_access_size/barrier_id: 4
num_barrier_threads: 0
addr_space/fence_level: GPU_ADDR_SP_INVALID
barrier_id/mem_access_size: 4
fence_level/addr_space: GPU_FENCE_INVALID
*** end of the data structure *** 

*** begin of the data structure *** 
core_id:60 thread_id:3
opcode: NVBIT_IMAD
num_read_regs: 2
num_dest_regs: 1
src0: 255
src1: 255
dst0: 1
is_fp: 0
cf_type: NOT_CF
is_load: 0
inst_size: 16
inst_addr: 7f4eecacbf00
active_mask: ffffffff
br_taken_mask: 0
br_target_addr: 7f4eecacbf10
reconv_inst_addr/mem_addr: 0
mem_addr/reconv_inst_addr: 0
mem_access_size/barrier_id: 4
num_barrier_threads: 0
addr_space/fence_level: GPU_ADDR_SP_INVALID
barrier_id/mem_access_size: 4
fence_level/addr_space: GPU_FENCE_INVALID
*** end of the data structure *** 

*** begin of the data structure *** 
core_id:61 thread_id:0
opcode: NVBIT_IMAD
num_read_regs: 2
num_dest_regs: 1
src0: 255
src1: 255
dst0: 1
is_fp: 0
cf_type: NOT_CF
is_load: 0
inst_size: 16
inst_addr: 7f4eecacbf00
active_mask: ffffffff
br_taken_mask: 0
br_target_addr: 7f4eecacbf10
reconv_inst_addr/mem_addr: 0
mem_addr/reconv_inst_addr: 0
mem_access_size/barrier_id: 4
num_barrier_threads: 0
addr_space/fence_level: GPU_ADDR_SP_INVALID
barrier_id/mem_access_size: 4
fence_level/addr_space: GPU_FENCE_INVALID
*** end of the data structure *** 

*** begin of the data structure *** 
core_id:61 thread_id:1
opcode: NVBIT_IMAD
num_read_regs: 2
num_dest_regs: 1
src0: 255
src1: 255
dst0: 1
is_fp: 0
cf_type: NOT_CF
is_load: 0
inst_size: 16
inst_addr: 7f4eecacbf00
active_mask: ffffffff
br_taken_mask: 0
br_target_addr: 7f4eecacbf10
reconv_inst_addr/mem_addr: 0
mem_addr/reconv_inst_addr: 0
mem_access_size/barrier_id: 4
num_barrier_threads: 0
addr_space/fence_level: GPU_ADDR_SP_INVALID
barrier_id/mem_access_size: 4
fence_level/addr_space: GPU_FENCE_INVALID
*** end of the data structure *** 

*** begin of the data structure *** 
core_id:61 thread_id:2
opcode: NVBIT_IMAD
num_read_regs: 2
num_dest_regs: 1
src0: 255
src1: 255
dst0: 1
is_fp: 0
cf_type: NOT_CF
is_load: 0
inst_size: 16
inst_addr: 7f4eecacbf00
active_mask: ffffffff
br_taken_mask: 0
br_target_addr: 7f4eecacbf10
reconv_inst_addr/mem_addr: 0
mem_addr/reconv_inst_addr: 0
mem_access_size/barrier_id: 4
num_barrier_threads: 0
addr_space/fence_level: GPU_ADDR_SP_INVALID
barrier_id/mem_access_size: 4
fence_level/addr_space: GPU_FENCE_INVALID
*** end of the data structure *** 

*** begin of the data structure *** 
core_id:61 thread_id:3
opcode: NVBIT_IMAD
num_read_regs: 2
num_dest_regs: 1
src0: 255
src1: 255
dst0: 1
is_fp: 0
cf_type: NOT_CF
is_load: 0
inst_size: 16
inst_addr: 7f4eecacbf00
active_mask: ffffffff
br_taken_mask: 0
br_target_addr: 7f4eecacbf10
reconv_inst_addr/mem_addr: 0
mem_addr/reconv_inst_addr: 0
mem_access_size/barrier_id: 4
num_barrier_threads: 0
addr_space/fence_level: GPU_ADDR_SP_INVALID
barrier_id/mem_access_size: 4
fence_level/addr_space: GPU_FENCE_INVALID
*** end of the data structure *** 

*** begin of the data structure *** 
core_id:62 thread_id:0
opcode: NVBIT_IMAD
num_read_regs: 2
num_dest_regs: 1
src0: 255
src1: 255
dst0: 1
is_fp: 0
cf_type: NOT_CF
is_load: 0
inst_size: 16
inst_addr: 7f4eecacbf00
active_mask: ffffffff
br_taken_mask: 0
br_target_addr: 7f4eecacbf10
reconv_inst_addr/mem_addr: 0
mem_addr/reconv_inst_addr: 0
mem_access_size/barrier_id: 4
num_barrier_threads: 0
addr_space/fence_level: GPU_ADDR_SP_INVALID
barrier_id/mem_access_size: 4
fence_level/addr_space: GPU_FENCE_INVALID
*** end of the data structure *** 

*** begin of the data structure *** 
core_id:62 thread_id:1
opcode: NVBIT_IMAD
num_read_regs: 2
num_dest_regs: 1
src0: 255
src1: 255
dst0: 1
is_fp: 0
cf_type: NOT_CF
is_load: 0
inst_size: 16
inst_addr: 7f4eecacbf00
active_mask: ffffffff
br_taken_mask: 0
br_target_addr: 7f4eecacbf10
reconv_inst_addr/mem_addr: 0
mem_addr/reconv_inst_addr: 0
mem_access_size/barrier_id: 4
num_barrier_threads: 0
addr_space/fence_level: GPU_ADDR_SP_INVALID
barrier_id/mem_access_size: 4
fence_level/addr_space: GPU_FENCE_INVALID
*** end of the data structure *** 

*** begin of the data structure *** 
core_id:62 thread_id:2
opcode: NVBIT_IMAD
num_read_regs: 2
num_dest_regs: 1
src0: 255
src1: 255
dst0: 1
is_fp: 0
cf_type: NOT_CF
is_load: 0
inst_size: 16
inst_addr: 7f4eecacbf00
active_mask: ffffffff
br_taken_mask: 0
br_target_addr: 7f4eecacbf10
reconv_inst_addr/mem_addr: 0
mem_addr/reconv_inst_addr: 0
mem_access_size/barrier_id: 4
num_barrier_threads: 0
addr_space/fence_level: GPU_ADDR_SP_INVALID
barrier_id/mem_access_size: 4
fence_level/addr_space: GPU_FENCE_INVALID
*** end of the data structure *** 

*** begin of the data structure *** 
core_id:62 thread_id:3
opcode: NVBIT_IMAD
num_read_regs: 2
num_dest_regs: 1
src0: 255
src1: 255
dst0: 1
is_fp: 0
cf_type: NOT_CF
is_load: 0
inst_size: 16
inst_addr: 7f4eecacbf00
active_mask: ffffffff
br_taken_mask: 0
br_target_addr: 7f4eecacbf10
reconv_inst_addr/mem_addr: 0
mem_addr/reconv_inst_addr: 0
mem_access_size/barrier_id: 4
num_barrier_threads: 0
addr_space/fence_level: GPU_ADDR_SP_INVALID
barrier_id/mem_access_size: 4
fence_level/addr_space: GPU_FENCE_INVALID
*** end of the data structure *** 

*** begin of the data structure *** 
core_id:63 thread_id:0
opcode: NVBIT_IMAD
num_read_regs: 2
num_dest_regs: 1
src0: 255
src1: 255
dst0: 1
is_fp: 0
cf_type: NOT_CF
is_load: 0
inst_size: 16
inst_addr: 7f4eecacbf00
active_mask: ffffffff
br_taken_mask: 0
br_target_addr: 7f4eecacbf10
reconv_inst_addr/mem_addr: 0
mem_addr/reconv_inst_addr: 0
mem_access_size/barrier_id: 4
num_barrier_threads: 0
addr_space/fence_level: GPU_ADDR_SP_INVALID
barrier_id/mem_access_size: 4
fence_level/addr_space: GPU_FENCE_INVALID
*** end of the data structure *** 

*** begin of the data structure *** 
core_id:63 thread_id:1
opcode: NVBIT_IMAD
num_read_regs: 2
num_dest_regs: 1
src0: 255
src1: 255
dst0: 1
is_fp: 0
cf_type: NOT_CF
is_load: 0
inst_size: 16
inst_addr: 7f4eecacbf00
active_mask: ffffffff
br_taken_mask: 0
br_target_addr: 7f4eecacbf10
reconv_inst_addr/mem_addr: 0
mem_addr/reconv_inst_addr: 0
mem_access_size/barrier_id: 4
num_barrier_threads: 0
addr_space/fence_level: GPU_ADDR_SP_INVALID
barrier_id/mem_access_size: 4
fence_level/addr_space: GPU_FENCE_INVALID
*** end of the data structure *** 

*** begin of the data structure *** 
core_id:63 thread_id:2
opcode: NVBIT_IMAD
num_read_regs: 2
num_dest_regs: 1
src0: 255
src1: 255
dst0: 1
is_fp: 0
cf_type: NOT_CF
is_load: 0
inst_size: 16
inst_addr: 7f4eecacbf00
active_mask: ffffffff
br_taken_mask: 0
br_target_addr: 7f4eecacbf10
reconv_inst_addr/mem_addr: 0
mem_addr/reconv_inst_addr: 0
mem_access_size/barrier_id: 4
num_barrier_threads: 0
addr_space/fence_level: GPU_ADDR_SP_INVALID
barrier_id/mem_access_size: 4
fence_level/addr_space: GPU_FENCE_INVALID
*** end of the data structure *** 

*** begin of the data structure *** 
core_id:63 thread_id:3
opcode: NVBIT_IMAD
num_read_regs: 2
num_dest_regs: 1
src0: 255
src1: 255
dst0: 1
is_fp: 0
cf_type: NOT_CF
is_load: 0
inst_size: 16
inst_addr: 7f4eecacbf00
active_mask: ffffffff
br_taken_mask: 0
br_target_addr: 7f4eecacbf10
reconv_inst_addr/mem_addr: 0
mem_addr/reconv_inst_addr: 0
mem_access_size/barrier_id: 4
num_barrier_threads: 0
addr_space/fence_level: GPU_ADDR_SP_INVALID
barrier_id/mem_access_size: 4
fence_level/addr_space: GPU_FENCE_INVALID
*** end of the data structure *** 

*** begin of the data structure *** 
core_id:64 thread_id:0
opcode: NVBIT_IMAD
num_read_regs: 2
num_dest_regs: 1
src0: 255
src1: 255
dst0: 1
is_fp: 0
cf_type: NOT_CF
is_load: 0
inst_size: 16
inst_addr: 7f4eecacbf00
active_mask: ffffffff
br_taken_mask: 0
br_target_addr: 7f4eecacbf10
reconv_inst_addr/mem_addr: 0
mem_addr/reconv_inst_addr: 0
mem_access_size/barrier_id: 4
num_barrier_threads: 0
addr_space/fence_level: GPU_ADDR_SP_INVALID
barrier_id/mem_access_size: 4
fence_level/addr_space: GPU_FENCE_INVALID
*** end of the data structure *** 

*** begin of the data structure *** 
core_id:64 thread_id:1
opcode: NVBIT_IMAD
num_read_regs: 2
num_dest_regs: 1
src0: 255
src1: 255
dst0: 1
is_fp: 0
cf_type: NOT_CF
is_load: 0
inst_size: 16
inst_addr: 7f4eecacbf00
active_mask: ffffffff
br_taken_mask: 0
br_target_addr: 7f4eecacbf10
reconv_inst_addr/mem_addr: 0
mem_addr/reconv_inst_addr: 0
mem_access_size/barrier_id: 4
num_barrier_threads: 0
addr_space/fence_level: GPU_ADDR_SP_INVALID
barrier_id/mem_access_size: 4
fence_level/addr_space: GPU_FENCE_INVALID
*** end of the data structure *** 

*** begin of the data structure *** 
core_id:64 thread_id:2
opcode: NVBIT_IMAD
num_read_regs: 2
num_dest_regs: 1
src0: 255
src1: 255
dst0: 1
is_fp: 0
cf_type: NOT_CF
is_load: 0
inst_size: 16
inst_addr: 7f4eecacbf00
active_mask: ffffffff
br_taken_mask: 0
br_target_addr: 7f4eecacbf10
reconv_inst_addr/mem_addr: 0
mem_addr/reconv_inst_addr: 0
mem_access_size/barrier_id: 4
num_barrier_threads: 0
addr_space/fence_level: GPU_ADDR_SP_INVALID
barrier_id/mem_access_size: 4
fence_level/addr_space: GPU_FENCE_INVALID
*** end of the data structure *** 

*** begin of the data structure *** 
core_id:64 thread_id:3
opcode: NVBIT_IMAD
num_read_regs: 2
num_dest_regs: 1
src0: 255
src1: 255
dst0: 1
is_fp: 0
cf_type: NOT_CF
is_load: 0
inst_size: 16
inst_addr: 7f4eecacbf00
active_mask: ffffffff
br_taken_mask: 0
br_target_addr: 7f4eecacbf10
reconv_inst_addr/mem_addr: 0
mem_addr/reconv_inst_addr: 0
mem_access_size/barrier_id: 4
num_barrier_threads: 0
addr_space/fence_level: GPU_ADDR_SP_INVALID
barrier_id/mem_access_size: 4
fence_level/addr_space: GPU_FENCE_INVALID
*** end of the data structure *** 

*** begin of the data structure *** 
core_id:65 thread_id:0
opcode: NVBIT_IMAD
num_read_regs: 2
num_dest_regs: 1
src0: 255
src1: 255
dst0: 1
is_fp: 0
cf_type: NOT_CF
is_load: 0
inst_size: 16
inst_addr: 7f4eecacbf00
active_mask: ffffffff
br_taken_mask: 0
br_target_addr: 7f4eecacbf10
reconv_inst_addr/mem_addr: 0
mem_addr/reconv_inst_addr: 0
mem_access_size/barrier_id: 4
num_barrier_threads: 0
addr_space/fence_level: GPU_ADDR_SP_INVALID
barrier_id/mem_access_size: 4
fence_level/addr_space: GPU_FENCE_INVALID
*** end of the data structure *** 

*** begin of the data structure *** 
core_id:65 thread_id:1
opcode: NVBIT_IMAD
num_read_regs: 2
num_dest_regs: 1
src0: 255
src1: 255
dst0: 1
is_fp: 0
cf_type: NOT_CF
is_load: 0
inst_size: 16
inst_addr: 7f4eecacbf00
active_mask: ffffffff
br_taken_mask: 0
br_target_addr: 7f4eecacbf10
reconv_inst_addr/mem_addr: 0
mem_addr/reconv_inst_addr: 0
mem_access_size/barrier_id: 4
num_barrier_threads: 0
addr_space/fence_level: GPU_ADDR_SP_INVALID
barrier_id/mem_access_size: 4
fence_level/addr_space: GPU_FENCE_INVALID
*** end of the data structure *** 

*** begin of the data structure *** 
core_id:65 thread_id:2
opcode: NVBIT_IMAD
num_read_regs: 2
num_dest_regs: 1
src0: 255
src1: 255
dst0: 1
is_fp: 0
cf_type: NOT_CF
is_load: 0
inst_size: 16
inst_addr: 7f4eecacbf00
active_mask: ffffffff
br_taken_mask: 0
br_target_addr: 7f4eecacbf10
reconv_inst_addr/mem_addr: 0
mem_addr/reconv_inst_addr: 0
mem_access_size/barrier_id: 4
num_barrier_threads: 0
addr_space/fence_level: GPU_ADDR_SP_INVALID
barrier_id/mem_access_size: 4
fence_level/addr_space: GPU_FENCE_INVALID
*** end of the data structure *** 

*** begin of the data structure *** 
core_id:65 thread_id:3
opcode: NVBIT_IMAD
num_read_regs: 2
num_dest_regs: 1
src0: 255
src1: 255
dst0: 1
is_fp: 0
cf_type: NOT_CF
is_load: 0
inst_size: 16
inst_addr: 7f4eecacbf00
active_mask: ffffffff
br_taken_mask: 0
br_target_addr: 7f4eecacbf10
reconv_inst_addr/mem_addr: 0
mem_addr/reconv_inst_addr: 0
mem_access_size/barrier_id: 4
num_barrier_threads: 0
addr_space/fence_level: GPU_ADDR_SP_INVALID
barrier_id/mem_access_size: 4
fence_level/addr_space: GPU_FENCE_INVALID
*** end of the data structure *** 

*** begin of the data structure *** 
core_id:66 thread_id:0
opcode: NVBIT_IMAD
num_read_regs: 2
num_dest_regs: 1
src0: 255
src1: 255
dst0: 1
is_fp: 0
cf_type: NOT_CF
is_load: 0
inst_size: 16
inst_addr: 7f4eecacbf00
active_mask: ffffffff
br_taken_mask: 0
br_target_addr: 7f4eecacbf10
reconv_inst_addr/mem_addr: 0
mem_addr/reconv_inst_addr: 0
mem_access_size/barrier_id: 4
num_barrier_threads: 0
addr_space/fence_level: GPU_ADDR_SP_INVALID
barrier_id/mem_access_size: 4
fence_level/addr_space: GPU_FENCE_INVALID
*** end of the data structure *** 

*** begin of the data structure *** 
core_id:66 thread_id:1
opcode: NVBIT_IMAD
num_read_regs: 2
num_dest_regs: 1
src0: 255
src1: 255
dst0: 1
is_fp: 0
cf_type: NOT_CF
is_load: 0
inst_size: 16
inst_addr: 7f4eecacbf00
active_mask: ffffffff
br_taken_mask: 0
br_target_addr: 7f4eecacbf10
reconv_inst_addr/mem_addr: 0
mem_addr/reconv_inst_addr: 0
mem_access_size/barrier_id: 4
num_barrier_threads: 0
addr_space/fence_level: GPU_ADDR_SP_INVALID
barrier_id/mem_access_size: 4
fence_level/addr_space: GPU_FENCE_INVALID
*** end of the data structure *** 

*** begin of the data structure *** 
core_id:66 thread_id:2
opcode: NVBIT_IMAD
num_read_regs: 2
num_dest_regs: 1
src0: 255
src1: 255
dst0: 1
is_fp: 0
cf_type: NOT_CF
is_load: 0
inst_size: 16
inst_addr: 7f4eecacbf00
active_mask: ffffffff
br_taken_mask: 0
br_target_addr: 7f4eecacbf10
reconv_inst_addr/mem_addr: 0
mem_addr/reconv_inst_addr: 0
mem_access_size/barrier_id: 4
num_barrier_threads: 0
addr_space/fence_level: GPU_ADDR_SP_INVALID
barrier_id/mem_access_size: 4
fence_level/addr_space: GPU_FENCE_INVALID
*** end of the data structure *** 

*** begin of the data structure *** 
core_id:66 thread_id:3
opcode: NVBIT_IMAD
num_read_regs: 2
num_dest_regs: 1
src0: 255
src1: 255
dst0: 1
is_fp: 0
cf_type: NOT_CF
is_load: 0
inst_size: 16
inst_addr: 7f4eecacbf00
active_mask: ffffffff
br_taken_mask: 0
br_target_addr: 7f4eecacbf10
reconv_inst_addr/mem_addr: 0
mem_addr/reconv_inst_addr: 0
mem_access_size/barrier_id: 4
num_barrier_threads: 0
addr_space/fence_level: GPU_ADDR_SP_INVALID
barrier_id/mem_access_size: 4
fence_level/addr_space: GPU_FENCE_INVALID
*** end of the data structure *** 

*** begin of the data structure *** 
core_id:67 thread_id:0
opcode: NVBIT_IMAD
num_read_regs: 2
num_dest_regs: 1
src0: 255
src1: 255
dst0: 1
is_fp: 0
cf_type: NOT_CF
is_load: 0
inst_size: 16
inst_addr: 7f4eecacbf00
active_mask: ffffffff
br_taken_mask: 0
br_target_addr: 7f4eecacbf10
reconv_inst_addr/mem_addr: 0
mem_addr/reconv_inst_addr: 0
mem_access_size/barrier_id: 4
num_barrier_threads: 0
addr_space/fence_level: GPU_ADDR_SP_INVALID
barrier_id/mem_access_size: 4
fence_level/addr_space: GPU_FENCE_INVALID
*** end of the data structure *** 

*** begin of the data structure *** 
core_id:67 thread_id:1
opcode: NVBIT_IMAD
num_read_regs: 2
num_dest_regs: 1
src0: 255
src1: 255
dst0: 1
is_fp: 0
cf_type: NOT_CF
is_load: 0
inst_size: 16
inst_addr: 7f4eecacbf00
active_mask: ffffffff
br_taken_mask: 0
br_target_addr: 7f4eecacbf10
reconv_inst_addr/mem_addr: 0
mem_addr/reconv_inst_addr: 0
mem_access_size/barrier_id: 4
num_barrier_threads: 0
addr_space/fence_level: GPU_ADDR_SP_INVALID
barrier_id/mem_access_size: 4
fence_level/addr_space: GPU_FENCE_INVALID
*** end of the data structure *** 

*** begin of the data structure *** 
core_id:67 thread_id:2
opcode: NVBIT_IMAD
num_read_regs: 2
num_dest_regs: 1
src0: 255
src1: 255
dst0: 1
is_fp: 0
cf_type: NOT_CF
is_load: 0
inst_size: 16
inst_addr: 7f4eecacbf00
active_mask: ffffffff
br_taken_mask: 0
br_target_addr: 7f4eecacbf10
reconv_inst_addr/mem_addr: 0
mem_addr/reconv_inst_addr: 0
mem_access_size/barrier_id: 4
num_barrier_threads: 0
addr_space/fence_level: GPU_ADDR_SP_INVALID
barrier_id/mem_access_size: 4
fence_level/addr_space: GPU_FENCE_INVALID
*** end of the data structure *** 

*** begin of the data structure *** 
core_id:67 thread_id:3
opcode: NVBIT_IMAD
num_read_regs: 2
num_dest_regs: 1
src0: 255
src1: 255
dst0: 1
is_fp: 0
cf_type: NOT_CF
is_load: 0
inst_size: 16
inst_addr: 7f4eecacbf00
active_mask: ffffffff
br_taken_mask: 0
br_target_addr: 7f4eecacbf10
reconv_inst_addr/mem_addr: 0
mem_addr/reconv_inst_addr: 0
mem_access_size/barrier_id: 4
num_barrier_threads: 0
addr_space/fence_level: GPU_ADDR_SP_INVALID
barrier_id/mem_access_size: 4
fence_level/addr_space: GPU_FENCE_INVALID
*** end of the data structure *** 

*** begin of the data structure *** 
core_id:68 thread_id:0
opcode: NVBIT_IMAD
num_read_regs: 2
num_dest_regs: 1
src0: 255
src1: 255
dst0: 1
is_fp: 0
cf_type: NOT_CF
is_load: 0
inst_size: 16
inst_addr: 7f4eecacbf00
active_mask: ffffffff
br_taken_mask: 0
br_target_addr: 7f4eecacbf10
reconv_inst_addr/mem_addr: 0
mem_addr/reconv_inst_addr: 0
mem_access_size/barrier_id: 4
num_barrier_threads: 0
addr_space/fence_level: GPU_ADDR_SP_INVALID
barrier_id/mem_access_size: 4
fence_level/addr_space: GPU_FENCE_INVALID
*** end of the data structure *** 

*** begin of the data structure *** 
core_id:68 thread_id:1
opcode: NVBIT_IMAD
num_read_regs: 2
num_dest_regs: 1
src0: 255
src1: 255
dst0: 1
is_fp: 0
cf_type: NOT_CF
is_load: 0
inst_size: 16
inst_addr: 7f4eecacbf00
active_mask: ffffffff
br_taken_mask: 0
br_target_addr: 7f4eecacbf10
reconv_inst_addr/mem_addr: 0
mem_addr/reconv_inst_addr: 0
mem_access_size/barrier_id: 4
num_barrier_threads: 0
addr_space/fence_level: GPU_ADDR_SP_INVALID
barrier_id/mem_access_size: 4
fence_level/addr_space: GPU_FENCE_INVALID
*** end of the data structure *** 

*** begin of the data structure *** 
core_id:68 thread_id:2
opcode: NVBIT_IMAD
num_read_regs: 2
num_dest_regs: 1
src0: 255
src1: 255
dst0: 1
is_fp: 0
cf_type: NOT_CF
is_load: 0
inst_size: 16
inst_addr: 7f4eecacbf00
active_mask: ffffffff
br_taken_mask: 0
br_target_addr: 7f4eecacbf10
reconv_inst_addr/mem_addr: 0
mem_addr/reconv_inst_addr: 0
mem_access_size/barrier_id: 4
num_barrier_threads: 0
addr_space/fence_level: GPU_ADDR_SP_INVALID
barrier_id/mem_access_size: 4
fence_level/addr_space: GPU_FENCE_INVALID
*** end of the data structure *** 

*** begin of the data structure *** 
core_id:68 thread_id:3
opcode: NVBIT_IMAD
num_read_regs: 2
num_dest_regs: 1
src0: 255
src1: 255
dst0: 1
is_fp: 0
cf_type: NOT_CF
is_load: 0
inst_size: 16
inst_addr: 7f4eecacbf00
active_mask: ffffffff
br_taken_mask: 0
br_target_addr: 7f4eecacbf10
reconv_inst_addr/mem_addr: 0
mem_addr/reconv_inst_addr: 0
mem_access_size/barrier_id: 4
num_barrier_threads: 0
addr_space/fence_level: GPU_ADDR_SP_INVALID
barrier_id/mem_access_size: 4
fence_level/addr_space: GPU_FENCE_INVALID
*** end of the data structure *** 

*** begin of the data structure *** 
core_id:69 thread_id:0
opcode: NVBIT_IMAD
num_read_regs: 2
num_dest_regs: 1
src0: 255
src1: 255
dst0: 1
is_fp: 0
cf_type: NOT_CF
is_load: 0
inst_size: 16
inst_addr: 7f4eecacbf00
active_mask: ffffffff
br_taken_mask: 0
br_target_addr: 7f4eecacbf10
reconv_inst_addr/mem_addr: 0
mem_addr/reconv_inst_addr: 0
mem_access_size/barrier_id: 4
num_barrier_threads: 0
addr_space/fence_level: GPU_ADDR_SP_INVALID
barrier_id/mem_access_size: 4
fence_level/addr_space: GPU_FENCE_INVALID
*** end of the data structure *** 

*** begin of the data structure *** 
core_id:69 thread_id:1
opcode: NVBIT_IMAD
num_read_regs: 2
num_dest_regs: 1
src0: 255
src1: 255
dst0: 1
is_fp: 0
cf_type: NOT_CF
is_load: 0
inst_size: 16
inst_addr: 7f4eecacbf00
active_mask: ffffffff
br_taken_mask: 0
br_target_addr: 7f4eecacbf10
reconv_inst_addr/mem_addr: 0
mem_addr/reconv_inst_addr: 0
mem_access_size/barrier_id: 4
num_barrier_threads: 0
addr_space/fence_level: GPU_ADDR_SP_INVALID
barrier_id/mem_access_size: 4
fence_level/addr_space: GPU_FENCE_INVALID
*** end of the data structure *** 

*** begin of the data structure *** 
core_id:69 thread_id:2
opcode: NVBIT_IMAD
num_read_regs: 2
num_dest_regs: 1
src0: 255
src1: 255
dst0: 1
is_fp: 0
cf_type: NOT_CF
is_load: 0
inst_size: 16
inst_addr: 7f4eecacbf00
active_mask: ffffffff
br_taken_mask: 0
br_target_addr: 7f4eecacbf10
reconv_inst_addr/mem_addr: 0
mem_addr/reconv_inst_addr: 0
mem_access_size/barrier_id: 4
num_barrier_threads: 0
addr_space/fence_level: GPU_ADDR_SP_INVALID
barrier_id/mem_access_size: 4
fence_level/addr_space: GPU_FENCE_INVALID
*** end of the data structure *** 

*** begin of the data structure *** 
core_id:69 thread_id:3
opcode: NVBIT_IMAD
num_read_regs: 2
num_dest_regs: 1
src0: 255
src1: 255
dst0: 1
is_fp: 0
cf_type: NOT_CF
is_load: 0
inst_size: 16
inst_addr: 7f4eecacbf00
active_mask: ffffffff
br_taken_mask: 0
br_target_addr: 7f4eecacbf10
reconv_inst_addr/mem_addr: 0
mem_addr/reconv_inst_addr: 0
mem_access_size/barrier_id: 4
num_barrier_threads: 0
addr_space/fence_level: GPU_ADDR_SP_INVALID
barrier_id/mem_access_size: 4
fence_level/addr_space: GPU_FENCE_INVALID
*** end of the data structure *** 

*** begin of the data structure *** 
core_id:70 thread_id:0
opcode: NVBIT_IMAD
num_read_regs: 2
num_dest_regs: 1
src0: 255
src1: 255
dst0: 1
is_fp: 0
cf_type: NOT_CF
is_load: 0
inst_size: 16
inst_addr: 7f4eecacbf00
active_mask: ffffffff
br_taken_mask: 0
br_target_addr: 7f4eecacbf10
reconv_inst_addr/mem_addr: 0
mem_addr/reconv_inst_addr: 0
mem_access_size/barrier_id: 4
num_barrier_threads: 0
addr_space/fence_level: GPU_ADDR_SP_INVALID
barrier_id/mem_access_size: 4
fence_level/addr_space: GPU_FENCE_INVALID
*** end of the data structure *** 

*** begin of the data structure *** 
core_id:70 thread_id:1
opcode: NVBIT_IMAD
num_read_regs: 2
num_dest_regs: 1
src0: 255
src1: 255
dst0: 1
is_fp: 0
cf_type: NOT_CF
is_load: 0
inst_size: 16
inst_addr: 7f4eecacbf00
active_mask: ffffffff
br_taken_mask: 0
br_target_addr: 7f4eecacbf10
reconv_inst_addr/mem_addr: 0
mem_addr/reconv_inst_addr: 0
mem_access_size/barrier_id: 4
num_barrier_threads: 0
addr_space/fence_level: GPU_ADDR_SP_INVALID
barrier_id/mem_access_size: 4
fence_level/addr_space: GPU_FENCE_INVALID
*** end of the data structure *** 

*** begin of the data structure *** 
core_id:70 thread_id:2
opcode: NVBIT_IMAD
num_read_regs: 2
num_dest_regs: 1
src0: 255
src1: 255
dst0: 1
is_fp: 0
cf_type: NOT_CF
is_load: 0
inst_size: 16
inst_addr: 7f4eecacbf00
active_mask: ffffffff
br_taken_mask: 0
br_target_addr: 7f4eecacbf10
reconv_inst_addr/mem_addr: 0
mem_addr/reconv_inst_addr: 0
mem_access_size/barrier_id: 4
num_barrier_threads: 0
addr_space/fence_level: GPU_ADDR_SP_INVALID
barrier_id/mem_access_size: 4
fence_level/addr_space: GPU_FENCE_INVALID
*** end of the data structure *** 

*** begin of the data structure *** 
core_id:70 thread_id:3
opcode: NVBIT_IMAD
num_read_regs: 2
num_dest_regs: 1
src0: 255
src1: 255
dst0: 1
is_fp: 0
cf_type: NOT_CF
is_load: 0
inst_size: 16
inst_addr: 7f4eecacbf00
active_mask: ffffffff
br_taken_mask: 0
br_target_addr: 7f4eecacbf10
reconv_inst_addr/mem_addr: 0
mem_addr/reconv_inst_addr: 0
mem_access_size/barrier_id: 4
num_barrier_threads: 0
addr_space/fence_level: GPU_ADDR_SP_INVALID
barrier_id/mem_access_size: 4
fence_level/addr_space: GPU_FENCE_INVALID
*** end of the data structure *** 

*** begin of the data structure *** 
core_id:71 thread_id:0
opcode: NVBIT_IMAD
num_read_regs: 2
num_dest_regs: 1
src0: 255
src1: 255
dst0: 1
is_fp: 0
cf_type: NOT_CF
is_load: 0
inst_size: 16
inst_addr: 7f4eecacbf00
active_mask: ffffffff
br_taken_mask: 0
br_target_addr: 7f4eecacbf10
reconv_inst_addr/mem_addr: 0
mem_addr/reconv_inst_addr: 0
mem_access_size/barrier_id: 4
num_barrier_threads: 0
addr_space/fence_level: GPU_ADDR_SP_INVALID
barrier_id/mem_access_size: 4
fence_level/addr_space: GPU_FENCE_INVALID
*** end of the data structure *** 

*** begin of the data structure *** 
core_id:71 thread_id:1
opcode: NVBIT_IMAD
num_read_regs: 2
num_dest_regs: 1
src0: 255
src1: 255
dst0: 1
is_fp: 0
cf_type: NOT_CF
is_load: 0
inst_size: 16
inst_addr: 7f4eecacbf00
active_mask: ffffffff
br_taken_mask: 0
br_target_addr: 7f4eecacbf10
reconv_inst_addr/mem_addr: 0
mem_addr/reconv_inst_addr: 0
mem_access_size/barrier_id: 4
num_barrier_threads: 0
addr_space/fence_level: GPU_ADDR_SP_INVALID
barrier_id/mem_access_size: 4
fence_level/addr_space: GPU_FENCE_INVALID
*** end of the data structure *** 

*** begin of the data structure *** 
core_id:71 thread_id:2
opcode: NVBIT_IMAD
num_read_regs: 2
num_dest_regs: 1
src0: 255
src1: 255
dst0: 1
is_fp: 0
cf_type: NOT_CF
is_load: 0
inst_size: 16
inst_addr: 7f4eecacbf00
active_mask: ffffffff
br_taken_mask: 0
br_target_addr: 7f4eecacbf10
reconv_inst_addr/mem_addr: 0
mem_addr/reconv_inst_addr: 0
mem_access_size/barrier_id: 4
num_barrier_threads: 0
addr_space/fence_level: GPU_ADDR_SP_INVALID
barrier_id/mem_access_size: 4
fence_level/addr_space: GPU_FENCE_INVALID
*** end of the data structure *** 

*** begin of the data structure *** 
core_id:71 thread_id:3
opcode: NVBIT_IMAD
num_read_regs: 2
num_dest_regs: 1
src0: 255
src1: 255
dst0: 1
is_fp: 0
cf_type: NOT_CF
is_load: 0
inst_size: 16
inst_addr: 7f4eecacbf00
active_mask: ffffffff
br_taken_mask: 0
br_target_addr: 7f4eecacbf10
reconv_inst_addr/mem_addr: 0
mem_addr/reconv_inst_addr: 0
mem_access_size/barrier_id: 4
num_barrier_threads: 0
addr_space/fence_level: GPU_ADDR_SP_INVALID
barrier_id/mem_access_size: 4
fence_level/addr_space: GPU_FENCE_INVALID
*** end of the data structure *** 

*** begin of the data structure *** 
core_id:72 thread_id:0
opcode: NVBIT_IMAD
num_read_regs: 2
num_dest_regs: 1
src0: 255
src1: 255
dst0: 1
is_fp: 0
cf_type: NOT_CF
is_load: 0
inst_size: 16
inst_addr: 7f4eecacbf00
active_mask: ffffffff
br_taken_mask: 0
br_target_addr: 7f4eecacbf10
reconv_inst_addr/mem_addr: 0
mem_addr/reconv_inst_addr: 0
mem_access_size/barrier_id: 4
num_barrier_threads: 0
addr_space/fence_level: GPU_ADDR_SP_INVALID
barrier_id/mem_access_size: 4
fence_level/addr_space: GPU_FENCE_INVALID
*** end of the data structure *** 

*** begin of the data structure *** 
core_id:72 thread_id:1
opcode: NVBIT_IMAD
num_read_regs: 2
num_dest_regs: 1
src0: 255
src1: 255
dst0: 1
is_fp: 0
cf_type: NOT_CF
is_load: 0
inst_size: 16
inst_addr: 7f4eecacbf00
active_mask: ffffffff
br_taken_mask: 0
br_target_addr: 7f4eecacbf10
reconv_inst_addr/mem_addr: 0
mem_addr/reconv_inst_addr: 0
mem_access_size/barrier_id: 4
num_barrier_threads: 0
addr_space/fence_level: GPU_ADDR_SP_INVALID
barrier_id/mem_access_size: 4
fence_level/addr_space: GPU_FENCE_INVALID
*** end of the data structure *** 

*** begin of the data structure *** 
core_id:72 thread_id:2
opcode: NVBIT_IMAD
num_read_regs: 2
num_dest_regs: 1
src0: 255
src1: 255
dst0: 1
is_fp: 0
cf_type: NOT_CF
is_load: 0
inst_size: 16
inst_addr: 7f4eecacbf00
active_mask: ffffffff
br_taken_mask: 0
br_target_addr: 7f4eecacbf10
reconv_inst_addr/mem_addr: 0
mem_addr/reconv_inst_addr: 0
mem_access_size/barrier_id: 4
num_barrier_threads: 0
addr_space/fence_level: GPU_ADDR_SP_INVALID
barrier_id/mem_access_size: 4
fence_level/addr_space: GPU_FENCE_INVALID
*** end of the data structure *** 

*** begin of the data structure *** 
core_id:72 thread_id:3
opcode: NVBIT_IMAD
num_read_regs: 2
num_dest_regs: 1
src0: 255
src1: 255
dst0: 1
is_fp: 0
cf_type: NOT_CF
is_load: 0
inst_size: 16
inst_addr: 7f4eecacbf00
active_mask: ffffffff
br_taken_mask: 0
br_target_addr: 7f4eecacbf10
reconv_inst_addr/mem_addr: 0
mem_addr/reconv_inst_addr: 0
mem_access_size/barrier_id: 4
num_barrier_threads: 0
addr_space/fence_level: GPU_ADDR_SP_INVALID
barrier_id/mem_access_size: 4
fence_level/addr_space: GPU_FENCE_INVALID
*** end of the data structure *** 

*** begin of the data structure *** 
core_id:73 thread_id:0
opcode: NVBIT_IMAD
num_read_regs: 2
num_dest_regs: 1
src0: 255
src1: 255
dst0: 1
is_fp: 0
cf_type: NOT_CF
is_load: 0
inst_size: 16
inst_addr: 7f4eecacbf00
active_mask: ffffffff
br_taken_mask: 0
br_target_addr: 7f4eecacbf10
reconv_inst_addr/mem_addr: 0
mem_addr/reconv_inst_addr: 0
mem_access_size/barrier_id: 4
num_barrier_threads: 0
addr_space/fence_level: GPU_ADDR_SP_INVALID
barrier_id/mem_access_size: 4
fence_level/addr_space: GPU_FENCE_INVALID
*** end of the data structure *** 

*** begin of the data structure *** 
core_id:73 thread_id:1
opcode: NVBIT_IMAD
num_read_regs: 2
num_dest_regs: 1
src0: 255
src1: 255
dst0: 1
is_fp: 0
cf_type: NOT_CF
is_load: 0
inst_size: 16
inst_addr: 7f4eecacbf00
active_mask: ffffffff
br_taken_mask: 0
br_target_addr: 7f4eecacbf10
reconv_inst_addr/mem_addr: 0
mem_addr/reconv_inst_addr: 0
mem_access_size/barrier_id: 4
num_barrier_threads: 0
addr_space/fence_level: GPU_ADDR_SP_INVALID
barrier_id/mem_access_size: 4
fence_level/addr_space: GPU_FENCE_INVALID
*** end of the data structure *** 

*** begin of the data structure *** 
core_id:73 thread_id:2
opcode: NVBIT_IMAD
num_read_regs: 2
num_dest_regs: 1
src0: 255
src1: 255
dst0: 1
is_fp: 0
cf_type: NOT_CF
is_load: 0
inst_size: 16
inst_addr: 7f4eecacbf00
active_mask: ffffffff
br_taken_mask: 0
br_target_addr: 7f4eecacbf10
reconv_inst_addr/mem_addr: 0
mem_addr/reconv_inst_addr: 0
mem_access_size/barrier_id: 4
num_barrier_threads: 0
addr_space/fence_level: GPU_ADDR_SP_INVALID
barrier_id/mem_access_size: 4
fence_level/addr_space: GPU_FENCE_INVALID
*** end of the data structure *** 

*** begin of the data structure *** 
core_id:73 thread_id:3
opcode: NVBIT_IMAD
num_read_regs: 2
num_dest_regs: 1
src0: 255
src1: 255
dst0: 1
is_fp: 0
cf_type: NOT_CF
is_load: 0
inst_size: 16
inst_addr: 7f4eecacbf00
active_mask: ffffffff
br_taken_mask: 0
br_target_addr: 7f4eecacbf10
reconv_inst_addr/mem_addr: 0
mem_addr/reconv_inst_addr: 0
mem_access_size/barrier_id: 4
num_barrier_threads: 0
addr_space/fence_level: GPU_ADDR_SP_INVALID
barrier_id/mem_access_size: 4
fence_level/addr_space: GPU_FENCE_INVALID
*** end of the data structure *** 

*** begin of the data structure *** 
core_id:74 thread_id:0
opcode: NVBIT_IMAD
num_read_regs: 2
num_dest_regs: 1
src0: 255
src1: 255
dst0: 1
is_fp: 0
cf_type: NOT_CF
is_load: 0
inst_size: 16
inst_addr: 7f4eecacbf00
active_mask: ffffffff
br_taken_mask: 0
br_target_addr: 7f4eecacbf10
reconv_inst_addr/mem_addr: 0
mem_addr/reconv_inst_addr: 0
mem_access_size/barrier_id: 4
num_barrier_threads: 0
addr_space/fence_level: GPU_ADDR_SP_INVALID
barrier_id/mem_access_size: 4
fence_level/addr_space: GPU_FENCE_INVALID
*** end of the data structure *** 

*** begin of the data structure *** 
core_id:74 thread_id:1
opcode: NVBIT_IMAD
num_read_regs: 2
num_dest_regs: 1
src0: 255
src1: 255
dst0: 1
is_fp: 0
cf_type: NOT_CF
is_load: 0
inst_size: 16
inst_addr: 7f4eecacbf00
active_mask: ffffffff
br_taken_mask: 0
br_target_addr: 7f4eecacbf10
reconv_inst_addr/mem_addr: 0
mem_addr/reconv_inst_addr: 0
mem_access_size/barrier_id: 4
num_barrier_threads: 0
addr_space/fence_level: GPU_ADDR_SP_INVALID
barrier_id/mem_access_size: 4
fence_level/addr_space: GPU_FENCE_INVALID
*** end of the data structure *** 

*** begin of the data structure *** 
core_id:74 thread_id:2
opcode: NVBIT_IMAD
num_read_regs: 2
num_dest_regs: 1
src0: 255
src1: 255
dst0: 1
is_fp: 0
cf_type: NOT_CF
is_load: 0
inst_size: 16
inst_addr: 7f4eecacbf00
active_mask: ffffffff
br_taken_mask: 0
br_target_addr: 7f4eecacbf10
reconv_inst_addr/mem_addr: 0
mem_addr/reconv_inst_addr: 0
mem_access_size/barrier_id: 4
num_barrier_threads: 0
addr_space/fence_level: GPU_ADDR_SP_INVALID
barrier_id/mem_access_size: 4
fence_level/addr_space: GPU_FENCE_INVALID
*** end of the data structure *** 

*** begin of the data structure *** 
core_id:74 thread_id:3
opcode: NVBIT_IMAD
num_read_regs: 2
num_dest_regs: 1
src0: 255
src1: 255
dst0: 1
is_fp: 0
cf_type: NOT_CF
is_load: 0
inst_size: 16
inst_addr: 7f4eecacbf00
active_mask: ffffffff
br_taken_mask: 0
br_target_addr: 7f4eecacbf10
reconv_inst_addr/mem_addr: 0
mem_addr/reconv_inst_addr: 0
mem_access_size/barrier_id: 4
num_barrier_threads: 0
addr_space/fence_level: GPU_ADDR_SP_INVALID
barrier_id/mem_access_size: 4
fence_level/addr_space: GPU_FENCE_INVALID
*** end of the data structure *** 

*** begin of the data structure *** 
core_id:75 thread_id:0
opcode: NVBIT_IMAD
num_read_regs: 2
num_dest_regs: 1
src0: 255
src1: 255
dst0: 1
is_fp: 0
cf_type: NOT_CF
is_load: 0
inst_size: 16
inst_addr: 7f4eecacbf00
active_mask: ffffffff
br_taken_mask: 0
br_target_addr: 7f4eecacbf10
reconv_inst_addr/mem_addr: 0
mem_addr/reconv_inst_addr: 0
mem_access_size/barrier_id: 4
num_barrier_threads: 0
addr_space/fence_level: GPU_ADDR_SP_INVALID
barrier_id/mem_access_size: 4
fence_level/addr_space: GPU_FENCE_INVALID
*** end of the data structure *** 

*** begin of the data structure *** 
core_id:75 thread_id:1
opcode: NVBIT_IMAD
num_read_regs: 2
num_dest_regs: 1
src0: 255
src1: 255
dst0: 1
is_fp: 0
cf_type: NOT_CF
is_load: 0
inst_size: 16
inst_addr: 7f4eecacbf00
active_mask: ffffffff
br_taken_mask: 0
br_target_addr: 7f4eecacbf10
reconv_inst_addr/mem_addr: 0
mem_addr/reconv_inst_addr: 0
mem_access_size/barrier_id: 4
num_barrier_threads: 0
addr_space/fence_level: GPU_ADDR_SP_INVALID
barrier_id/mem_access_size: 4
fence_level/addr_space: GPU_FENCE_INVALID
*** end of the data structure *** 

*** begin of the data structure *** 
core_id:75 thread_id:2
opcode: NVBIT_IMAD
num_read_regs: 2
num_dest_regs: 1
src0: 255
src1: 255
dst0: 1
is_fp: 0
cf_type: NOT_CF
is_load: 0
inst_size: 16
inst_addr: 7f4eecacbf00
active_mask: ffffffff
br_taken_mask: 0
br_target_addr: 7f4eecacbf10
reconv_inst_addr/mem_addr: 0
mem_addr/reconv_inst_addr: 0
mem_access_size/barrier_id: 4
num_barrier_threads: 0
addr_space/fence_level: GPU_ADDR_SP_INVALID
barrier_id/mem_access_size: 4
fence_level/addr_space: GPU_FENCE_INVALID
*** end of the data structure *** 

*** begin of the data structure *** 
core_id:75 thread_id:3
opcode: NVBIT_IMAD
num_read_regs: 2
num_dest_regs: 1
src0: 255
src1: 255
dst0: 1
is_fp: 0
cf_type: NOT_CF
is_load: 0
inst_size: 16
inst_addr: 7f4eecacbf00
active_mask: ffffffff
br_taken_mask: 0
br_target_addr: 7f4eecacbf10
reconv_inst_addr/mem_addr: 0
mem_addr/reconv_inst_addr: 0
mem_access_size/barrier_id: 4
num_barrier_threads: 0
addr_space/fence_level: GPU_ADDR_SP_INVALID
barrier_id/mem_access_size: 4
fence_level/addr_space: GPU_FENCE_INVALID
*** end of the data structure *** 

*** begin of the data structure *** 
core_id:76 thread_id:0
opcode: NVBIT_IMAD
num_read_regs: 2
num_dest_regs: 1
src0: 255
src1: 255
dst0: 1
is_fp: 0
cf_type: NOT_CF
is_load: 0
inst_size: 16
inst_addr: 7f4eecacbf00
active_mask: ffffffff
br_taken_mask: 0
br_target_addr: 7f4eecacbf10
reconv_inst_addr/mem_addr: 0
mem_addr/reconv_inst_addr: 0
mem_access_size/barrier_id: 4
num_barrier_threads: 0
addr_space/fence_level: GPU_ADDR_SP_INVALID
barrier_id/mem_access_size: 4
fence_level/addr_space: GPU_FENCE_INVALID
*** end of the data structure *** 

*** begin of the data structure *** 
core_id:76 thread_id:1
opcode: NVBIT_IMAD
num_read_regs: 2
num_dest_regs: 1
src0: 255
src1: 255
dst0: 1
is_fp: 0
cf_type: NOT_CF
is_load: 0
inst_size: 16
inst_addr: 7f4eecacbf00
active_mask: ffffffff
br_taken_mask: 0
br_target_addr: 7f4eecacbf10
reconv_inst_addr/mem_addr: 0
mem_addr/reconv_inst_addr: 0
mem_access_size/barrier_id: 4
num_barrier_threads: 0
addr_space/fence_level: GPU_ADDR_SP_INVALID
barrier_id/mem_access_size: 4
fence_level/addr_space: GPU_FENCE_INVALID
*** end of the data structure *** 

*** begin of the data structure *** 
core_id:76 thread_id:2
opcode: NVBIT_IMAD
num_read_regs: 2
num_dest_regs: 1
src0: 255
src1: 255
dst0: 1
is_fp: 0
cf_type: NOT_CF
is_load: 0
inst_size: 16
inst_addr: 7f4eecacbf00
active_mask: ffffffff
br_taken_mask: 0
br_target_addr: 7f4eecacbf10
reconv_inst_addr/mem_addr: 0
mem_addr/reconv_inst_addr: 0
mem_access_size/barrier_id: 4
num_barrier_threads: 0
addr_space/fence_level: GPU_ADDR_SP_INVALID
barrier_id/mem_access_size: 4
fence_level/addr_space: GPU_FENCE_INVALID
*** end of the data structure *** 

*** begin of the data structure *** 
core_id:76 thread_id:3
opcode: NVBIT_IMAD
num_read_regs: 2
num_dest_regs: 1
src0: 255
src1: 255
dst0: 1
is_fp: 0
cf_type: NOT_CF
is_load: 0
inst_size: 16
inst_addr: 7f4eecacbf00
active_mask: ffffffff
br_taken_mask: 0
br_target_addr: 7f4eecacbf10
reconv_inst_addr/mem_addr: 0
mem_addr/reconv_inst_addr: 0
mem_access_size/barrier_id: 4
num_barrier_threads: 0
addr_space/fence_level: GPU_ADDR_SP_INVALID
barrier_id/mem_access_size: 4
fence_level/addr_space: GPU_FENCE_INVALID
*** end of the data structure *** 

*** begin of the data structure *** 
core_id:77 thread_id:0
opcode: NVBIT_IMAD
num_read_regs: 2
num_dest_regs: 1
src0: 255
src1: 255
dst0: 1
is_fp: 0
cf_type: NOT_CF
is_load: 0
inst_size: 16
inst_addr: 7f4eecacbf00
active_mask: ffffffff
br_taken_mask: 0
br_target_addr: 7f4eecacbf10
reconv_inst_addr/mem_addr: 0
mem_addr/reconv_inst_addr: 0
mem_access_size/barrier_id: 4
num_barrier_threads: 0
addr_space/fence_level: GPU_ADDR_SP_INVALID
barrier_id/mem_access_size: 4
fence_level/addr_space: GPU_FENCE_INVALID
*** end of the data structure *** 

*** begin of the data structure *** 
core_id:77 thread_id:1
opcode: NVBIT_IMAD
num_read_regs: 2
num_dest_regs: 1
src0: 255
src1: 255
dst0: 1
is_fp: 0
cf_type: NOT_CF
is_load: 0
inst_size: 16
inst_addr: 7f4eecacbf00
active_mask: ffffffff
br_taken_mask: 0
br_target_addr: 7f4eecacbf10
reconv_inst_addr/mem_addr: 0
mem_addr/reconv_inst_addr: 0
mem_access_size/barrier_id: 4
num_barrier_threads: 0
addr_space/fence_level: GPU_ADDR_SP_INVALID
barrier_id/mem_access_size: 4
fence_level/addr_space: GPU_FENCE_INVALID
*** end of the data structure *** 

*** begin of the data structure *** 
core_id:77 thread_id:2
opcode: NVBIT_IMAD
num_read_regs: 2
num_dest_regs: 1
src0: 255
src1: 255
dst0: 1
is_fp: 0
cf_type: NOT_CF
is_load: 0
inst_size: 16
inst_addr: 7f4eecacbf00
active_mask: ffffffff
br_taken_mask: 0
br_target_addr: 7f4eecacbf10
reconv_inst_addr/mem_addr: 0
mem_addr/reconv_inst_addr: 0
mem_access_size/barrier_id: 4
num_barrier_threads: 0
addr_space/fence_level: GPU_ADDR_SP_INVALID
barrier_id/mem_access_size: 4
fence_level/addr_space: GPU_FENCE_INVALID
*** end of the data structure *** 

*** begin of the data structure *** 
core_id:77 thread_id:3
opcode: NVBIT_IMAD
num_read_regs: 2
num_dest_regs: 1
src0: 255
src1: 255
dst0: 1
is_fp: 0
cf_type: NOT_CF
is_load: 0
inst_size: 16
inst_addr: 7f4eecacbf00
active_mask: ffffffff
br_taken_mask: 0
br_target_addr: 7f4eecacbf10
reconv_inst_addr/mem_addr: 0
mem_addr/reconv_inst_addr: 0
mem_access_size/barrier_id: 4
num_barrier_threads: 0
addr_space/fence_level: GPU_ADDR_SP_INVALID
barrier_id/mem_access_size: 4
fence_level/addr_space: GPU_FENCE_INVALID
*** end of the data structure *** 

*** begin of the data structure *** 
core_id:78 thread_id:0
opcode: NVBIT_IMAD
num_read_regs: 2
num_dest_regs: 1
src0: 255
src1: 255
dst0: 1
is_fp: 0
cf_type: NOT_CF
is_load: 0
inst_size: 16
inst_addr: 7f4eecacbf00
active_mask: ffffffff
br_taken_mask: 0
br_target_addr: 7f4eecacbf10
reconv_inst_addr/mem_addr: 0
mem_addr/reconv_inst_addr: 0
mem_access_size/barrier_id: 4
num_barrier_threads: 0
addr_space/fence_level: GPU_ADDR_SP_INVALID
barrier_id/mem_access_size: 4
fence_level/addr_space: GPU_FENCE_INVALID
*** end of the data structure *** 

*** begin of the data structure *** 
core_id:78 thread_id:1
opcode: NVBIT_IMAD
num_read_regs: 2
num_dest_regs: 1
src0: 255
src1: 255
dst0: 1
is_fp: 0
cf_type: NOT_CF
is_load: 0
inst_size: 16
inst_addr: 7f4eecacbf00
active_mask: ffffffff
br_taken_mask: 0
br_target_addr: 7f4eecacbf10
reconv_inst_addr/mem_addr: 0
mem_addr/reconv_inst_addr: 0
mem_access_size/barrier_id: 4
num_barrier_threads: 0
addr_space/fence_level: GPU_ADDR_SP_INVALID
barrier_id/mem_access_size: 4
fence_level/addr_space: GPU_FENCE_INVALID
*** end of the data structure *** 

*** begin of the data structure *** 
core_id:78 thread_id:2
opcode: NVBIT_IMAD
num_read_regs: 2
num_dest_regs: 1
src0: 255
src1: 255
dst0: 1
is_fp: 0
cf_type: NOT_CF
is_load: 0
inst_size: 16
inst_addr: 7f4eecacbf00
active_mask: ffffffff
br_taken_mask: 0
br_target_addr: 7f4eecacbf10
reconv_inst_addr/mem_addr: 0
mem_addr/reconv_inst_addr: 0
mem_access_size/barrier_id: 4
num_barrier_threads: 0
addr_space/fence_level: GPU_ADDR_SP_INVALID
barrier_id/mem_access_size: 4
fence_level/addr_space: GPU_FENCE_INVALID
*** end of the data structure *** 

*** begin of the data structure *** 
core_id:78 thread_id:3
opcode: NVBIT_IMAD
num_read_regs: 2
num_dest_regs: 1
src0: 255
src1: 255
dst0: 1
is_fp: 0
cf_type: NOT_CF
is_load: 0
inst_size: 16
inst_addr: 7f4eecacbf00
active_mask: ffffffff
br_taken_mask: 0
br_target_addr: 7f4eecacbf10
reconv_inst_addr/mem_addr: 0
mem_addr/reconv_inst_addr: 0
mem_access_size/barrier_id: 4
num_barrier_threads: 0
addr_space/fence_level: GPU_ADDR_SP_INVALID
barrier_id/mem_access_size: 4
fence_level/addr_space: GPU_FENCE_INVALID
*** end of the data structure *** 

*** begin of the data structure *** 
core_id:79 thread_id:0
opcode: NVBIT_IMAD
num_read_regs: 2
num_dest_regs: 1
src0: 255
src1: 255
dst0: 1
is_fp: 0
cf_type: NOT_CF
is_load: 0
inst_size: 16
inst_addr: 7f4eecacbf00
active_mask: ffffffff
br_taken_mask: 0
br_target_addr: 7f4eecacbf10
reconv_inst_addr/mem_addr: 0
mem_addr/reconv_inst_addr: 0
mem_access_size/barrier_id: 4
num_barrier_threads: 0
addr_space/fence_level: GPU_ADDR_SP_INVALID
barrier_id/mem_access_size: 4
fence_level/addr_space: GPU_FENCE_INVALID
*** end of the data structure *** 

*** begin of the data structure *** 
core_id:79 thread_id:1
opcode: NVBIT_IMAD
num_read_regs: 2
num_dest_regs: 1
src0: 255
src1: 255
dst0: 1
is_fp: 0
cf_type: NOT_CF
is_load: 0
inst_size: 16
inst_addr: 7f4eecacbf00
active_mask: ffffffff
br_taken_mask: 0
br_target_addr: 7f4eecacbf10
reconv_inst_addr/mem_addr: 0
mem_addr/reconv_inst_addr: 0
mem_access_size/barrier_id: 4
num_barrier_threads: 0
addr_space/fence_level: GPU_ADDR_SP_INVALID
barrier_id/mem_access_size: 4
fence_level/addr_space: GPU_FENCE_INVALID
*** end of the data structure *** 

*** begin of the data structure *** 
core_id:79 thread_id:2
opcode: NVBIT_IMAD
num_read_regs: 2
num_dest_regs: 1
src0: 255
src1: 255
dst0: 1
is_fp: 0
cf_type: NOT_CF
is_load: 0
inst_size: 16
inst_addr: 7f4eecacbf00
active_mask: ffffffff
br_taken_mask: 0
br_target_addr: 7f4eecacbf10
reconv_inst_addr/mem_addr: 0
mem_addr/reconv_inst_addr: 0
mem_access_size/barrier_id: 4
num_barrier_threads: 0
addr_space/fence_level: GPU_ADDR_SP_INVALID
barrier_id/mem_access_size: 4
fence_level/addr_space: GPU_FENCE_INVALID
*** end of the data structure *** 

*** begin of the data structure *** 
core_id:79 thread_id:3
opcode: NVBIT_IMAD
num_read_regs: 2
num_dest_regs: 1
src0: 255
src1: 255
dst0: 1
is_fp: 0
cf_type: NOT_CF
is_load: 0
inst_size: 16
inst_addr: 7f4eecacbf00
active_mask: ffffffff
br_taken_mask: 0
br_target_addr: 7f4eecacbf10
reconv_inst_addr/mem_addr: 0
mem_addr/reconv_inst_addr: 0
mem_access_size/barrier_id: 4
num_barrier_threads: 0
addr_space/fence_level: GPU_ADDR_SP_INVALID
barrier_id/mem_access_size: 4
fence_level/addr_space: GPU_FENCE_INVALID
*** end of the data structure *** 

*** begin of the data structure *** 
core_id:80 thread_id:0
opcode: NVBIT_IMAD
num_read_regs: 2
num_dest_regs: 1
src0: 255
src1: 255
dst0: 1
is_fp: 0
cf_type: NOT_CF
is_load: 0
inst_size: 16
inst_addr: 7f4eecacbf00
active_mask: ffffffff
br_taken_mask: 0
br_target_addr: 7f4eecacbf10
reconv_inst_addr/mem_addr: 0
mem_addr/reconv_inst_addr: 0
mem_access_size/barrier_id: 4
num_barrier_threads: 0
addr_space/fence_level: GPU_ADDR_SP_INVALID
barrier_id/mem_access_size: 4
fence_level/addr_space: GPU_FENCE_INVALID
*** end of the data structure *** 

*** begin of the data structure *** 
core_id:80 thread_id:1
opcode: NVBIT_IMAD
num_read_regs: 2
num_dest_regs: 1
src0: 255
src1: 255
dst0: 1
is_fp: 0
cf_type: NOT_CF
is_load: 0
inst_size: 16
inst_addr: 7f4eecacbf00
active_mask: ffffffff
br_taken_mask: 0
br_target_addr: 7f4eecacbf10
reconv_inst_addr/mem_addr: 0
mem_addr/reconv_inst_addr: 0
mem_access_size/barrier_id: 4
num_barrier_threads: 0
addr_space/fence_level: GPU_ADDR_SP_INVALID
barrier_id/mem_access_size: 4
fence_level/addr_space: GPU_FENCE_INVALID
*** end of the data structure *** 

*** begin of the data structure *** 
core_id:80 thread_id:2
opcode: NVBIT_IMAD
num_read_regs: 2
num_dest_regs: 1
src0: 255
src1: 255
dst0: 1
is_fp: 0
cf_type: NOT_CF
is_load: 0
inst_size: 16
inst_addr: 7f4eecacbf00
active_mask: ffffffff
br_taken_mask: 0
br_target_addr: 7f4eecacbf10
reconv_inst_addr/mem_addr: 0
mem_addr/reconv_inst_addr: 0
mem_access_size/barrier_id: 4
num_barrier_threads: 0
addr_space/fence_level: GPU_ADDR_SP_INVALID
barrier_id/mem_access_size: 4
fence_level/addr_space: GPU_FENCE_INVALID
*** end of the data structure *** 

*** begin of the data structure *** 
core_id:80 thread_id:3
opcode: NVBIT_IMAD
num_read_regs: 2
num_dest_regs: 1
src0: 255
src1: 255
dst0: 1
is_fp: 0
cf_type: NOT_CF
is_load: 0
inst_size: 16
inst_addr: 7f4eecacbf00
active_mask: ffffffff
br_taken_mask: 0
br_target_addr: 7f4eecacbf10
reconv_inst_addr/mem_addr: 0
mem_addr/reconv_inst_addr: 0
mem_access_size/barrier_id: 4
num_barrier_threads: 0
addr_space/fence_level: GPU_ADDR_SP_INVALID
barrier_id/mem_access_size: 4
fence_level/addr_space: GPU_FENCE_INVALID
*** end of the data structure *** 

*** begin of the data structure *** 
core_id:81 thread_id:0
opcode: NVBIT_IMAD
num_read_regs: 2
num_dest_regs: 1
src0: 255
src1: 255
dst0: 1
is_fp: 0
cf_type: NOT_CF
is_load: 0
inst_size: 16
inst_addr: 7f4eecacbf00
active_mask: ffffffff
br_taken_mask: 0
br_target_addr: 7f4eecacbf10
reconv_inst_addr/mem_addr: 0
mem_addr/reconv_inst_addr: 0
mem_access_size/barrier_id: 4
num_barrier_threads: 0
addr_space/fence_level: GPU_ADDR_SP_INVALID
barrier_id/mem_access_size: 4
fence_level/addr_space: GPU_FENCE_INVALID
*** end of the data structure *** 

*** begin of the data structure *** 
core_id:81 thread_id:1
opcode: NVBIT_IMAD
num_read_regs: 2
num_dest_regs: 1
src0: 255
src1: 255
dst0: 1
is_fp: 0
cf_type: NOT_CF
is_load: 0
inst_size: 16
inst_addr: 7f4eecacbf00
active_mask: ffffffff
br_taken_mask: 0
br_target_addr: 7f4eecacbf10
reconv_inst_addr/mem_addr: 0
mem_addr/reconv_inst_addr: 0
mem_access_size/barrier_id: 4
num_barrier_threads: 0
addr_space/fence_level: GPU_ADDR_SP_INVALID
barrier_id/mem_access_size: 4
fence_level/addr_space: GPU_FENCE_INVALID
*** end of the data structure *** 

*** begin of the data structure *** 
core_id:81 thread_id:2
opcode: NVBIT_IMAD
num_read_regs: 2
num_dest_regs: 1
src0: 255
src1: 255
dst0: 1
is_fp: 0
cf_type: NOT_CF
is_load: 0
inst_size: 16
inst_addr: 7f4eecacbf00
active_mask: ffffffff
br_taken_mask: 0
br_target_addr: 7f4eecacbf10
reconv_inst_addr/mem_addr: 0
mem_addr/reconv_inst_addr: 0
mem_access_size/barrier_id: 4
num_barrier_threads: 0
addr_space/fence_level: GPU_ADDR_SP_INVALID
barrier_id/mem_access_size: 4
fence_level/addr_space: GPU_FENCE_INVALID
*** end of the data structure *** 

*** begin of the data structure *** 
core_id:81 thread_id:3
opcode: NVBIT_IMAD
num_read_regs: 2
num_dest_regs: 1
src0: 255
src1: 255
dst0: 1
is_fp: 0
cf_type: NOT_CF
is_load: 0
inst_size: 16
inst_addr: 7f4eecacbf00
active_mask: ffffffff
br_taken_mask: 0
br_target_addr: 7f4eecacbf10
reconv_inst_addr/mem_addr: 0
mem_addr/reconv_inst_addr: 0
mem_access_size/barrier_id: 4
num_barrier_threads: 0
addr_space/fence_level: GPU_ADDR_SP_INVALID
barrier_id/mem_access_size: 4
fence_level/addr_space: GPU_FENCE_INVALID
*** end of the data structure *** 

*** begin of the data structure *** 
core_id:82 thread_id:0
opcode: NVBIT_IMAD
num_read_regs: 2
num_dest_regs: 1
src0: 255
src1: 255
dst0: 1
is_fp: 0
cf_type: NOT_CF
is_load: 0
inst_size: 16
inst_addr: 7f4eecacbf00
active_mask: ffffffff
br_taken_mask: 0
br_target_addr: 7f4eecacbf10
reconv_inst_addr/mem_addr: 0
mem_addr/reconv_inst_addr: 0
mem_access_size/barrier_id: 4
num_barrier_threads: 0
addr_space/fence_level: GPU_ADDR_SP_INVALID
barrier_id/mem_access_size: 4
fence_level/addr_space: GPU_FENCE_INVALID
*** end of the data structure *** 

*** begin of the data structure *** 
core_id:82 thread_id:1
opcode: NVBIT_IMAD
num_read_regs: 2
num_dest_regs: 1
src0: 255
src1: 255
dst0: 1
is_fp: 0
cf_type: NOT_CF
is_load: 0
inst_size: 16
inst_addr: 7f4eecacbf00
active_mask: ffffffff
br_taken_mask: 0
br_target_addr: 7f4eecacbf10
reconv_inst_addr/mem_addr: 0
mem_addr/reconv_inst_addr: 0
mem_access_size/barrier_id: 4
num_barrier_threads: 0
addr_space/fence_level: GPU_ADDR_SP_INVALID
barrier_id/mem_access_size: 4
fence_level/addr_space: GPU_FENCE_INVALID
*** end of the data structure *** 

*** begin of the data structure *** 
core_id:82 thread_id:2
opcode: NVBIT_IMAD
num_read_regs: 2
num_dest_regs: 1
src0: 255
src1: 255
dst0: 1
is_fp: 0
cf_type: NOT_CF
is_load: 0
inst_size: 16
inst_addr: 7f4eecacbf00
active_mask: ffffffff
br_taken_mask: 0
br_target_addr: 7f4eecacbf10
reconv_inst_addr/mem_addr: 0
mem_addr/reconv_inst_addr: 0
mem_access_size/barrier_id: 4
num_barrier_threads: 0
addr_space/fence_level: GPU_ADDR_SP_INVALID
barrier_id/mem_access_size: 4
fence_level/addr_space: GPU_FENCE_INVALID
*** end of the data structure *** 

*** begin of the data structure *** 
core_id:82 thread_id:3
opcode: NVBIT_IMAD
num_read_regs: 2
num_dest_regs: 1
src0: 255
src1: 255
dst0: 1
is_fp: 0
cf_type: NOT_CF
is_load: 0
inst_size: 16
inst_addr: 7f4eecacbf00
active_mask: ffffffff
br_taken_mask: 0
br_target_addr: 7f4eecacbf10
reconv_inst_addr/mem_addr: 0
mem_addr/reconv_inst_addr: 0
mem_access_size/barrier_id: 4
num_barrier_threads: 0
addr_space/fence_level: GPU_ADDR_SP_INVALID
barrier_id/mem_access_size: 4
fence_level/addr_space: GPU_FENCE_INVALID
*** end of the data structure *** 

*** begin of the data structure *** 
core_id:83 thread_id:0
opcode: NVBIT_IMAD
num_read_regs: 2
num_dest_regs: 1
src0: 255
src1: 255
dst0: 1
is_fp: 0
cf_type: NOT_CF
is_load: 0
inst_size: 16
inst_addr: 7f4eecacbf00
active_mask: ffffffff
br_taken_mask: 0
br_target_addr: 7f4eecacbf10
reconv_inst_addr/mem_addr: 0
mem_addr/reconv_inst_addr: 0
mem_access_size/barrier_id: 4
num_barrier_threads: 0
addr_space/fence_level: GPU_ADDR_SP_INVALID
barrier_id/mem_access_size: 4
fence_level/addr_space: GPU_FENCE_INVALID
*** end of the data structure *** 

*** begin of the data structure *** 
core_id:83 thread_id:1
opcode: NVBIT_IMAD
num_read_regs: 2
num_dest_regs: 1
src0: 255
src1: 255
dst0: 1
is_fp: 0
cf_type: NOT_CF
is_load: 0
inst_size: 16
inst_addr: 7f4eecacbf00
active_mask: ffffffff
br_taken_mask: 0
br_target_addr: 7f4eecacbf10
reconv_inst_addr/mem_addr: 0
mem_addr/reconv_inst_addr: 0
mem_access_size/barrier_id: 4
num_barrier_threads: 0
addr_space/fence_level: GPU_ADDR_SP_INVALID
barrier_id/mem_access_size: 4
fence_level/addr_space: GPU_FENCE_INVALID
*** end of the data structure *** 

*** begin of the data structure *** 
core_id:83 thread_id:2
opcode: NVBIT_IMAD
num_read_regs: 2
num_dest_regs: 1
src0: 255
src1: 255
dst0: 1
is_fp: 0
cf_type: NOT_CF
is_load: 0
inst_size: 16
inst_addr: 7f4eecacbf00
active_mask: ffffffff
br_taken_mask: 0
br_target_addr: 7f4eecacbf10
reconv_inst_addr/mem_addr: 0
mem_addr/reconv_inst_addr: 0
mem_access_size/barrier_id: 4
num_barrier_threads: 0
addr_space/fence_level: GPU_ADDR_SP_INVALID
barrier_id/mem_access_size: 4
fence_level/addr_space: GPU_FENCE_INVALID
*** end of the data structure *** 

*** begin of the data structure *** 
core_id:83 thread_id:3
opcode: NVBIT_IMAD
num_read_regs: 2
num_dest_regs: 1
src0: 255
src1: 255
dst0: 1
is_fp: 0
cf_type: NOT_CF
is_load: 0
inst_size: 16
inst_addr: 7f4eecacbf00
active_mask: ffffffff
br_taken_mask: 0
br_target_addr: 7f4eecacbf10
reconv_inst_addr/mem_addr: 0
mem_addr/reconv_inst_addr: 0
mem_access_size/barrier_id: 4
num_barrier_threads: 0
addr_space/fence_level: GPU_ADDR_SP_INVALID
barrier_id/mem_access_size: 4
fence_level/addr_space: GPU_FENCE_INVALID
*** end of the data structure *** 

*** begin of the data structure *** 
core_id:84 thread_id:0
opcode: NVBIT_IMAD
num_read_regs: 2
num_dest_regs: 1
src0: 255
src1: 255
dst0: 1
is_fp: 0
cf_type: NOT_CF
is_load: 0
inst_size: 16
inst_addr: 7f4eecacbf00
active_mask: ffffffff
br_taken_mask: 0
br_target_addr: 7f4eecacbf10
reconv_inst_addr/mem_addr: 0
mem_addr/reconv_inst_addr: 0
mem_access_size/barrier_id: 4
num_barrier_threads: 0
addr_space/fence_level: GPU_ADDR_SP_INVALID
barrier_id/mem_access_size: 4
fence_level/addr_space: GPU_FENCE_INVALID
*** end of the data structure *** 

*** begin of the data structure *** 
core_id:84 thread_id:1
opcode: NVBIT_IMAD
num_read_regs: 2
num_dest_regs: 1
src0: 255
src1: 255
dst0: 1
is_fp: 0
cf_type: NOT_CF
is_load: 0
inst_size: 16
inst_addr: 7f4eecacbf00
active_mask: ffffffff
br_taken_mask: 0
br_target_addr: 7f4eecacbf10
reconv_inst_addr/mem_addr: 0
mem_addr/reconv_inst_addr: 0
mem_access_size/barrier_id: 4
num_barrier_threads: 0
addr_space/fence_level: GPU_ADDR_SP_INVALID
barrier_id/mem_access_size: 4
fence_level/addr_space: GPU_FENCE_INVALID
*** end of the data structure *** 

*** begin of the data structure *** 
core_id:84 thread_id:2
opcode: NVBIT_IMAD
num_read_regs: 2
num_dest_regs: 1
src0: 255
src1: 255
dst0: 1
is_fp: 0
cf_type: NOT_CF
is_load: 0
inst_size: 16
inst_addr: 7f4eecacbf00
active_mask: ffffffff
br_taken_mask: 0
br_target_addr: 7f4eecacbf10
reconv_inst_addr/mem_addr: 0
mem_addr/reconv_inst_addr: 0
mem_access_size/barrier_id: 4
num_barrier_threads: 0
addr_space/fence_level: GPU_ADDR_SP_INVALID
barrier_id/mem_access_size: 4
fence_level/addr_space: GPU_FENCE_INVALID
*** end of the data structure *** 

*** begin of the data structure *** 
core_id:84 thread_id:3
opcode: NVBIT_IMAD
num_read_regs: 2
num_dest_regs: 1
src0: 255
src1: 255
dst0: 1
is_fp: 0
cf_type: NOT_CF
is_load: 0
inst_size: 16
inst_addr: 7f4eecacbf00
active_mask: ffffffff
br_taken_mask: 0
br_target_addr: 7f4eecacbf10
reconv_inst_addr/mem_addr: 0
mem_addr/reconv_inst_addr: 0
mem_access_size/barrier_id: 4
num_barrier_threads: 0
addr_space/fence_level: GPU_ADDR_SP_INVALID
barrier_id/mem_access_size: 4
fence_level/addr_space: GPU_FENCE_INVALID
*** end of the data structure *** 

*** begin of the data structure *** 
core_id:85 thread_id:0
opcode: NVBIT_IMAD
num_read_regs: 2
num_dest_regs: 1
src0: 255
src1: 255
dst0: 1
is_fp: 0
cf_type: NOT_CF
is_load: 0
inst_size: 16
inst_addr: 7f4eecacbf00
active_mask: ffffffff
br_taken_mask: 0
br_target_addr: 7f4eecacbf10
reconv_inst_addr/mem_addr: 0
mem_addr/reconv_inst_addr: 0
mem_access_size/barrier_id: 4
num_barrier_threads: 0
addr_space/fence_level: GPU_ADDR_SP_INVALID
barrier_id/mem_access_size: 4
fence_level/addr_space: GPU_FENCE_INVALID
*** end of the data structure *** 

*** begin of the data structure *** 
core_id:85 thread_id:1
opcode: NVBIT_IMAD
num_read_regs: 2
num_dest_regs: 1
src0: 255
src1: 255
dst0: 1
is_fp: 0
cf_type: NOT_CF
is_load: 0
inst_size: 16
inst_addr: 7f4eecacbf00
active_mask: ffffffff
br_taken_mask: 0
br_target_addr: 7f4eecacbf10
reconv_inst_addr/mem_addr: 0
mem_addr/reconv_inst_addr: 0
mem_access_size/barrier_id: 4
num_barrier_threads: 0
addr_space/fence_level: GPU_ADDR_SP_INVALID
barrier_id/mem_access_size: 4
fence_level/addr_space: GPU_FENCE_INVALID
*** end of the data structure *** 

*** begin of the data structure *** 
core_id:85 thread_id:2
opcode: NVBIT_IMAD
num_read_regs: 2
num_dest_regs: 1
src0: 255
src1: 255
dst0: 1
is_fp: 0
cf_type: NOT_CF
is_load: 0
inst_size: 16
inst_addr: 7f4eecacbf00
active_mask: ffffffff
br_taken_mask: 0
br_target_addr: 7f4eecacbf10
reconv_inst_addr/mem_addr: 0
mem_addr/reconv_inst_addr: 0
mem_access_size/barrier_id: 4
num_barrier_threads: 0
addr_space/fence_level: GPU_ADDR_SP_INVALID
barrier_id/mem_access_size: 4
fence_level/addr_space: GPU_FENCE_INVALID
*** end of the data structure *** 

*** begin of the data structure *** 
core_id:85 thread_id:3
opcode: NVBIT_IMAD
num_read_regs: 2
num_dest_regs: 1
src0: 255
src1: 255
dst0: 1
is_fp: 0
cf_type: NOT_CF
is_load: 0
inst_size: 16
inst_addr: 7f4eecacbf00
active_mask: ffffffff
br_taken_mask: 0
br_target_addr: 7f4eecacbf10
reconv_inst_addr/mem_addr: 0
mem_addr/reconv_inst_addr: 0
mem_access_size/barrier_id: 4
num_barrier_threads: 0
addr_space/fence_level: GPU_ADDR_SP_INVALID
barrier_id/mem_access_size: 4
fence_level/addr_space: GPU_FENCE_INVALID
*** end of the data structure *** 

*** begin of the data structure *** 
core_id:86 thread_id:0
opcode: NVBIT_IMAD
num_read_regs: 2
num_dest_regs: 1
src0: 255
src1: 255
dst0: 1
is_fp: 0
cf_type: NOT_CF
is_load: 0
inst_size: 16
inst_addr: 7f4eecacbf00
active_mask: ffffffff
br_taken_mask: 0
br_target_addr: 7f4eecacbf10
reconv_inst_addr/mem_addr: 0
mem_addr/reconv_inst_addr: 0
mem_access_size/barrier_id: 4
num_barrier_threads: 0
addr_space/fence_level: GPU_ADDR_SP_INVALID
barrier_id/mem_access_size: 4
fence_level/addr_space: GPU_FENCE_INVALID
*** end of the data structure *** 

*** begin of the data structure *** 
core_id:86 thread_id:1
opcode: NVBIT_IMAD
num_read_regs: 2
num_dest_regs: 1
src0: 255
src1: 255
dst0: 1
is_fp: 0
cf_type: NOT_CF
is_load: 0
inst_size: 16
inst_addr: 7f4eecacbf00
active_mask: ffffffff
br_taken_mask: 0
br_target_addr: 7f4eecacbf10
reconv_inst_addr/mem_addr: 0
mem_addr/reconv_inst_addr: 0
mem_access_size/barrier_id: 4
num_barrier_threads: 0
addr_space/fence_level: GPU_ADDR_SP_INVALID
barrier_id/mem_access_size: 4
fence_level/addr_space: GPU_FENCE_INVALID
*** end of the data structure *** 

*** begin of the data structure *** 
core_id:86 thread_id:2
opcode: NVBIT_IMAD
num_read_regs: 2
num_dest_regs: 1
src0: 255
src1: 255
dst0: 1
is_fp: 0
cf_type: NOT_CF
is_load: 0
inst_size: 16
inst_addr: 7f4eecacbf00
active_mask: ffffffff
br_taken_mask: 0
br_target_addr: 7f4eecacbf10
reconv_inst_addr/mem_addr: 0
mem_addr/reconv_inst_addr: 0
mem_access_size/barrier_id: 4
num_barrier_threads: 0
addr_space/fence_level: GPU_ADDR_SP_INVALID
barrier_id/mem_access_size: 4
fence_level/addr_space: GPU_FENCE_INVALID
*** end of the data structure *** 

*** begin of the data structure *** 
core_id:86 thread_id:3
opcode: NVBIT_IMAD
num_read_regs: 2
num_dest_regs: 1
src0: 255
src1: 255
dst0: 1
is_fp: 0
cf_type: NOT_CF
is_load: 0
inst_size: 16
inst_addr: 7f4eecacbf00
active_mask: ffffffff
br_taken_mask: 0
br_target_addr: 7f4eecacbf10
reconv_inst_addr/mem_addr: 0
mem_addr/reconv_inst_addr: 0
mem_access_size/barrier_id: 4
num_barrier_threads: 0
addr_space/fence_level: GPU_ADDR_SP_INVALID
barrier_id/mem_access_size: 4
fence_level/addr_space: GPU_FENCE_INVALID
*** end of the data structure *** 

*** begin of the data structure *** 
core_id:87 thread_id:0
opcode: NVBIT_IMAD
num_read_regs: 2
num_dest_regs: 1
src0: 255
src1: 255
dst0: 1
is_fp: 0
cf_type: NOT_CF
is_load: 0
inst_size: 16
inst_addr: 7f4eecacbf00
active_mask: ffffffff
br_taken_mask: 0
br_target_addr: 7f4eecacbf10
reconv_inst_addr/mem_addr: 0
mem_addr/reconv_inst_addr: 0
mem_access_size/barrier_id: 4
num_barrier_threads: 0
addr_space/fence_level: GPU_ADDR_SP_INVALID
barrier_id/mem_access_size: 4
fence_level/addr_space: GPU_FENCE_INVALID
*** end of the data structure *** 

*** begin of the data structure *** 
core_id:87 thread_id:1
opcode: NVBIT_IMAD
num_read_regs: 2
num_dest_regs: 1
src0: 255
src1: 255
dst0: 1
is_fp: 0
cf_type: NOT_CF
is_load: 0
inst_size: 16
inst_addr: 7f4eecacbf00
active_mask: ffffffff
br_taken_mask: 0
br_target_addr: 7f4eecacbf10
reconv_inst_addr/mem_addr: 0
mem_addr/reconv_inst_addr: 0
mem_access_size/barrier_id: 4
num_barrier_threads: 0
addr_space/fence_level: GPU_ADDR_SP_INVALID
barrier_id/mem_access_size: 4
fence_level/addr_space: GPU_FENCE_INVALID
*** end of the data structure *** 

*** begin of the data structure *** 
core_id:87 thread_id:2
opcode: NVBIT_IMAD
num_read_regs: 2
num_dest_regs: 1
src0: 255
src1: 255
dst0: 1
is_fp: 0
cf_type: NOT_CF
is_load: 0
inst_size: 16
inst_addr: 7f4eecacbf00
active_mask: ffffffff
br_taken_mask: 0
br_target_addr: 7f4eecacbf10
reconv_inst_addr/mem_addr: 0
mem_addr/reconv_inst_addr: 0
mem_access_size/barrier_id: 4
num_barrier_threads: 0
addr_space/fence_level: GPU_ADDR_SP_INVALID
barrier_id/mem_access_size: 4
fence_level/addr_space: GPU_FENCE_INVALID
*** end of the data structure *** 

*** begin of the data structure *** 
core_id:87 thread_id:3
opcode: NVBIT_IMAD
num_read_regs: 2
num_dest_regs: 1
src0: 255
src1: 255
dst0: 1
is_fp: 0
cf_type: NOT_CF
is_load: 0
inst_size: 16
inst_addr: 7f4eecacbf00
active_mask: ffffffff
br_taken_mask: 0
br_target_addr: 7f4eecacbf10
reconv_inst_addr/mem_addr: 0
mem_addr/reconv_inst_addr: 0
mem_access_size/barrier_id: 4
num_barrier_threads: 0
addr_space/fence_level: GPU_ADDR_SP_INVALID
barrier_id/mem_access_size: 4
fence_level/addr_space: GPU_FENCE_INVALID
*** end of the data structure *** 

*** begin of the data structure *** 
core_id:88 thread_id:0
opcode: NVBIT_IMAD
num_read_regs: 2
num_dest_regs: 1
src0: 255
src1: 255
dst0: 1
is_fp: 0
cf_type: NOT_CF
is_load: 0
inst_size: 16
inst_addr: 7f4eecacbf00
active_mask: ffffffff
br_taken_mask: 0
br_target_addr: 7f4eecacbf10
reconv_inst_addr/mem_addr: 0
mem_addr/reconv_inst_addr: 0
mem_access_size/barrier_id: 4
num_barrier_threads: 0
addr_space/fence_level: GPU_ADDR_SP_INVALID
barrier_id/mem_access_size: 4
fence_level/addr_space: GPU_FENCE_INVALID
*** end of the data structure *** 

*** begin of the data structure *** 
core_id:88 thread_id:1
opcode: NVBIT_IMAD
num_read_regs: 2
num_dest_regs: 1
src0: 255
src1: 255
dst0: 1
is_fp: 0
cf_type: NOT_CF
is_load: 0
inst_size: 16
inst_addr: 7f4eecacbf00
active_mask: ffffffff
br_taken_mask: 0
br_target_addr: 7f4eecacbf10
reconv_inst_addr/mem_addr: 0
mem_addr/reconv_inst_addr: 0
mem_access_size/barrier_id: 4
num_barrier_threads: 0
addr_space/fence_level: GPU_ADDR_SP_INVALID
barrier_id/mem_access_size: 4
fence_level/addr_space: GPU_FENCE_INVALID
*** end of the data structure *** 

*** begin of the data structure *** 
core_id:88 thread_id:2
opcode: NVBIT_IMAD
num_read_regs: 2
num_dest_regs: 1
src0: 255
src1: 255
dst0: 1
is_fp: 0
cf_type: NOT_CF
is_load: 0
inst_size: 16
inst_addr: 7f4eecacbf00
active_mask: ffffffff
br_taken_mask: 0
br_target_addr: 7f4eecacbf10
reconv_inst_addr/mem_addr: 0
mem_addr/reconv_inst_addr: 0
mem_access_size/barrier_id: 4
num_barrier_threads: 0
addr_space/fence_level: GPU_ADDR_SP_INVALID
barrier_id/mem_access_size: 4
fence_level/addr_space: GPU_FENCE_INVALID
*** end of the data structure *** 

*** begin of the data structure *** 
core_id:88 thread_id:3
opcode: NVBIT_IMAD
num_read_regs: 2
num_dest_regs: 1
src0: 255
src1: 255
dst0: 1
is_fp: 0
cf_type: NOT_CF
is_load: 0
inst_size: 16
inst_addr: 7f4eecacbf00
active_mask: ffffffff
br_taken_mask: 0
br_target_addr: 7f4eecacbf10
reconv_inst_addr/mem_addr: 0
mem_addr/reconv_inst_addr: 0
mem_access_size/barrier_id: 4
num_barrier_threads: 0
addr_space/fence_level: GPU_ADDR_SP_INVALID
barrier_id/mem_access_size: 4
fence_level/addr_space: GPU_FENCE_INVALID
*** end of the data structure *** 

*** begin of the data structure *** 
core_id:89 thread_id:0
opcode: NVBIT_IMAD
num_read_regs: 2
num_dest_regs: 1
src0: 255
src1: 255
dst0: 1
is_fp: 0
cf_type: NOT_CF
is_load: 0
inst_size: 16
inst_addr: 7f4eecacbf00
active_mask: ffffffff
br_taken_mask: 0
br_target_addr: 7f4eecacbf10
reconv_inst_addr/mem_addr: 0
mem_addr/reconv_inst_addr: 0
mem_access_size/barrier_id: 4
num_barrier_threads: 0
addr_space/fence_level: GPU_ADDR_SP_INVALID
barrier_id/mem_access_size: 4
fence_level/addr_space: GPU_FENCE_INVALID
*** end of the data structure *** 

*** begin of the data structure *** 
core_id:89 thread_id:1
opcode: NVBIT_IMAD
num_read_regs: 2
num_dest_regs: 1
src0: 255
src1: 255
dst0: 1
is_fp: 0
cf_type: NOT_CF
is_load: 0
inst_size: 16
inst_addr: 7f4eecacbf00
active_mask: ffffffff
br_taken_mask: 0
br_target_addr: 7f4eecacbf10
reconv_inst_addr/mem_addr: 0
mem_addr/reconv_inst_addr: 0
mem_access_size/barrier_id: 4
num_barrier_threads: 0
addr_space/fence_level: GPU_ADDR_SP_INVALID
barrier_id/mem_access_size: 4
fence_level/addr_space: GPU_FENCE_INVALID
*** end of the data structure *** 

*** begin of the data structure *** 
core_id:89 thread_id:2
opcode: NVBIT_IMAD
num_read_regs: 2
num_dest_regs: 1
src0: 255
src1: 255
dst0: 1
is_fp: 0
cf_type: NOT_CF
is_load: 0
inst_size: 16
inst_addr: 7f4eecacbf00
active_mask: ffffffff
br_taken_mask: 0
br_target_addr: 7f4eecacbf10
reconv_inst_addr/mem_addr: 0
mem_addr/reconv_inst_addr: 0
mem_access_size/barrier_id: 4
num_barrier_threads: 0
addr_space/fence_level: GPU_ADDR_SP_INVALID
barrier_id/mem_access_size: 4
fence_level/addr_space: GPU_FENCE_INVALID
*** end of the data structure *** 

*** begin of the data structure *** 
core_id:89 thread_id:3
opcode: NVBIT_IMAD
num_read_regs: 2
num_dest_regs: 1
src0: 255
src1: 255
dst0: 1
is_fp: 0
cf_type: NOT_CF
is_load: 0
inst_size: 16
inst_addr: 7f4eecacbf00
active_mask: ffffffff
br_taken_mask: 0
br_target_addr: 7f4eecacbf10
reconv_inst_addr/mem_addr: 0
mem_addr/reconv_inst_addr: 0
mem_access_size/barrier_id: 4
num_barrier_threads: 0
addr_space/fence_level: GPU_ADDR_SP_INVALID
barrier_id/mem_access_size: 4
fence_level/addr_space: GPU_FENCE_INVALID
*** end of the data structure *** 

*** begin of the data structure *** 
core_id:90 thread_id:0
opcode: NVBIT_IMAD
num_read_regs: 2
num_dest_regs: 1
src0: 255
src1: 255
dst0: 1
is_fp: 0
cf_type: NOT_CF
is_load: 0
inst_size: 16
inst_addr: 7f4eecacbf00
active_mask: ffffffff
br_taken_mask: 0
br_target_addr: 7f4eecacbf10
reconv_inst_addr/mem_addr: 0
mem_addr/reconv_inst_addr: 0
mem_access_size/barrier_id: 4
num_barrier_threads: 0
addr_space/fence_level: GPU_ADDR_SP_INVALID
barrier_id/mem_access_size: 4
fence_level/addr_space: GPU_FENCE_INVALID
*** end of the data structure *** 

*** begin of the data structure *** 
core_id:90 thread_id:1
opcode: NVBIT_IMAD
num_read_regs: 2
num_dest_regs: 1
src0: 255
src1: 255
dst0: 1
is_fp: 0
cf_type: NOT_CF
is_load: 0
inst_size: 16
inst_addr: 7f4eecacbf00
active_mask: ffffffff
br_taken_mask: 0
br_target_addr: 7f4eecacbf10
reconv_inst_addr/mem_addr: 0
mem_addr/reconv_inst_addr: 0
mem_access_size/barrier_id: 4
num_barrier_threads: 0
addr_space/fence_level: GPU_ADDR_SP_INVALID
barrier_id/mem_access_size: 4
fence_level/addr_space: GPU_FENCE_INVALID
*** end of the data structure *** 

*** begin of the data structure *** 
core_id:90 thread_id:2
opcode: NVBIT_IMAD
num_read_regs: 2
num_dest_regs: 1
src0: 255
src1: 255
dst0: 1
is_fp: 0
cf_type: NOT_CF
is_load: 0
inst_size: 16
inst_addr: 7f4eecacbf00
active_mask: ffffffff
br_taken_mask: 0
br_target_addr: 7f4eecacbf10
reconv_inst_addr/mem_addr: 0
mem_addr/reconv_inst_addr: 0
mem_access_size/barrier_id: 4
num_barrier_threads: 0
addr_space/fence_level: GPU_ADDR_SP_INVALID
barrier_id/mem_access_size: 4
fence_level/addr_space: GPU_FENCE_INVALID
*** end of the data structure *** 

*** begin of the data structure *** 
core_id:90 thread_id:3
opcode: NVBIT_IMAD
num_read_regs: 2
num_dest_regs: 1
src0: 255
src1: 255
dst0: 1
is_fp: 0
cf_type: NOT_CF
is_load: 0
inst_size: 16
inst_addr: 7f4eecacbf00
active_mask: ffffffff
br_taken_mask: 0
br_target_addr: 7f4eecacbf10
reconv_inst_addr/mem_addr: 0
mem_addr/reconv_inst_addr: 0
mem_access_size/barrier_id: 4
num_barrier_threads: 0
addr_space/fence_level: GPU_ADDR_SP_INVALID
barrier_id/mem_access_size: 4
fence_level/addr_space: GPU_FENCE_INVALID
*** end of the data structure *** 

*** begin of the data structure *** 
core_id:91 thread_id:0
opcode: NVBIT_IMAD
num_read_regs: 2
num_dest_regs: 1
src0: 255
src1: 255
dst0: 1
is_fp: 0
cf_type: NOT_CF
is_load: 0
inst_size: 16
inst_addr: 7f4eecacbf00
active_mask: ffffffff
br_taken_mask: 0
br_target_addr: 7f4eecacbf10
reconv_inst_addr/mem_addr: 0
mem_addr/reconv_inst_addr: 0
mem_access_size/barrier_id: 4
num_barrier_threads: 0
addr_space/fence_level: GPU_ADDR_SP_INVALID
barrier_id/mem_access_size: 4
fence_level/addr_space: GPU_FENCE_INVALID
*** end of the data structure *** 

*** begin of the data structure *** 
core_id:91 thread_id:1
opcode: NVBIT_IMAD
num_read_regs: 2
num_dest_regs: 1
src0: 255
src1: 255
dst0: 1
is_fp: 0
cf_type: NOT_CF
is_load: 0
inst_size: 16
inst_addr: 7f4eecacbf00
active_mask: ffffffff
br_taken_mask: 0
br_target_addr: 7f4eecacbf10
reconv_inst_addr/mem_addr: 0
mem_addr/reconv_inst_addr: 0
mem_access_size/barrier_id: 4
num_barrier_threads: 0
addr_space/fence_level: GPU_ADDR_SP_INVALID
barrier_id/mem_access_size: 4
fence_level/addr_space: GPU_FENCE_INVALID
*** end of the data structure *** 

*** begin of the data structure *** 
core_id:91 thread_id:2
opcode: NVBIT_IMAD
num_read_regs: 2
num_dest_regs: 1
src0: 255
src1: 255
dst0: 1
is_fp: 0
cf_type: NOT_CF
is_load: 0
inst_size: 16
inst_addr: 7f4eecacbf00
active_mask: ffffffff
br_taken_mask: 0
br_target_addr: 7f4eecacbf10
reconv_inst_addr/mem_addr: 0
mem_addr/reconv_inst_addr: 0
mem_access_size/barrier_id: 4
num_barrier_threads: 0
addr_space/fence_level: GPU_ADDR_SP_INVALID
barrier_id/mem_access_size: 4
fence_level/addr_space: GPU_FENCE_INVALID
*** end of the data structure *** 

*** begin of the data structure *** 
core_id:91 thread_id:3
opcode: NVBIT_IMAD
num_read_regs: 2
num_dest_regs: 1
src0: 255
src1: 255
dst0: 1
is_fp: 0
cf_type: NOT_CF
is_load: 0
inst_size: 16
inst_addr: 7f4eecacbf00
active_mask: ffffffff
br_taken_mask: 0
br_target_addr: 7f4eecacbf10
reconv_inst_addr/mem_addr: 0
mem_addr/reconv_inst_addr: 0
mem_access_size/barrier_id: 4
num_barrier_threads: 0
addr_space/fence_level: GPU_ADDR_SP_INVALID
barrier_id/mem_access_size: 4
fence_level/addr_space: GPU_FENCE_INVALID
*** end of the data structure *** 

*** begin of the data structure *** 
core_id:92 thread_id:0
opcode: NVBIT_IMAD
num_read_regs: 2
num_dest_regs: 1
src0: 255
src1: 255
dst0: 1
is_fp: 0
cf_type: NOT_CF
is_load: 0
inst_size: 16
inst_addr: 7f4eecacbf00
active_mask: ffffffff
br_taken_mask: 0
br_target_addr: 7f4eecacbf10
reconv_inst_addr/mem_addr: 0
mem_addr/reconv_inst_addr: 0
mem_access_size/barrier_id: 4
num_barrier_threads: 0
addr_space/fence_level: GPU_ADDR_SP_INVALID
barrier_id/mem_access_size: 4
fence_level/addr_space: GPU_FENCE_INVALID
*** end of the data structure *** 

*** begin of the data structure *** 
core_id:92 thread_id:1
opcode: NVBIT_IMAD
num_read_regs: 2
num_dest_regs: 1
src0: 255
src1: 255
dst0: 1
is_fp: 0
cf_type: NOT_CF
is_load: 0
inst_size: 16
inst_addr: 7f4eecacbf00
active_mask: ffffffff
br_taken_mask: 0
br_target_addr: 7f4eecacbf10
reconv_inst_addr/mem_addr: 0
mem_addr/reconv_inst_addr: 0
mem_access_size/barrier_id: 4
num_barrier_threads: 0
addr_space/fence_level: GPU_ADDR_SP_INVALID
barrier_id/mem_access_size: 4
fence_level/addr_space: GPU_FENCE_INVALID
*** end of the data structure *** 

*** begin of the data structure *** 
core_id:92 thread_id:2
opcode: NVBIT_IMAD
num_read_regs: 2
num_dest_regs: 1
src0: 255
src1: 255
dst0: 1
is_fp: 0
cf_type: NOT_CF
is_load: 0
inst_size: 16
inst_addr: 7f4eecacbf00
active_mask: ffffffff
br_taken_mask: 0
br_target_addr: 7f4eecacbf10
reconv_inst_addr/mem_addr: 0
mem_addr/reconv_inst_addr: 0
mem_access_size/barrier_id: 4
num_barrier_threads: 0
addr_space/fence_level: GPU_ADDR_SP_INVALID
barrier_id/mem_access_size: 4
fence_level/addr_space: GPU_FENCE_INVALID
*** end of the data structure *** 

*** begin of the data structure *** 
core_id:92 thread_id:3
opcode: NVBIT_IMAD
num_read_regs: 2
num_dest_regs: 1
src0: 255
src1: 255
dst0: 1
is_fp: 0
cf_type: NOT_CF
is_load: 0
inst_size: 16
inst_addr: 7f4eecacbf00
active_mask: ffffffff
br_taken_mask: 0
br_target_addr: 7f4eecacbf10
reconv_inst_addr/mem_addr: 0
mem_addr/reconv_inst_addr: 0
mem_access_size/barrier_id: 4
num_barrier_threads: 0
addr_space/fence_level: GPU_ADDR_SP_INVALID
barrier_id/mem_access_size: 4
fence_level/addr_space: GPU_FENCE_INVALID
*** end of the data structure *** 

*** begin of the data structure *** 
core_id:93 thread_id:0
opcode: NVBIT_IMAD
num_read_regs: 2
num_dest_regs: 1
src0: 255
src1: 255
dst0: 1
is_fp: 0
cf_type: NOT_CF
is_load: 0
inst_size: 16
inst_addr: 7f4eecacbf00
active_mask: ffffffff
br_taken_mask: 0
br_target_addr: 7f4eecacbf10
reconv_inst_addr/mem_addr: 0
mem_addr/reconv_inst_addr: 0
mem_access_size/barrier_id: 4
num_barrier_threads: 0
addr_space/fence_level: GPU_ADDR_SP_INVALID
barrier_id/mem_access_size: 4
fence_level/addr_space: GPU_FENCE_INVALID
*** end of the data structure *** 

*** begin of the data structure *** 
core_id:93 thread_id:1
opcode: NVBIT_IMAD
num_read_regs: 2
num_dest_regs: 1
src0: 255
src1: 255
dst0: 1
is_fp: 0
cf_type: NOT_CF
is_load: 0
inst_size: 16
inst_addr: 7f4eecacbf00
active_mask: ffffffff
br_taken_mask: 0
br_target_addr: 7f4eecacbf10
reconv_inst_addr/mem_addr: 0
mem_addr/reconv_inst_addr: 0
mem_access_size/barrier_id: 4
num_barrier_threads: 0
addr_space/fence_level: GPU_ADDR_SP_INVALID
barrier_id/mem_access_size: 4
fence_level/addr_space: GPU_FENCE_INVALID
*** end of the data structure *** 

*** begin of the data structure *** 
core_id:93 thread_id:2
opcode: NVBIT_IMAD
num_read_regs: 2
num_dest_regs: 1
src0: 255
src1: 255
dst0: 1
is_fp: 0
cf_type: NOT_CF
is_load: 0
inst_size: 16
inst_addr: 7f4eecacbf00
active_mask: ffffffff
br_taken_mask: 0
br_target_addr: 7f4eecacbf10
reconv_inst_addr/mem_addr: 0
mem_addr/reconv_inst_addr: 0
mem_access_size/barrier_id: 4
num_barrier_threads: 0
addr_space/fence_level: GPU_ADDR_SP_INVALID
barrier_id/mem_access_size: 4
fence_level/addr_space: GPU_FENCE_INVALID
*** end of the data structure *** 

*** begin of the data structure *** 
core_id:93 thread_id:3
opcode: NVBIT_IMAD
num_read_regs: 2
num_dest_regs: 1
src0: 255
src1: 255
dst0: 1
is_fp: 0
cf_type: NOT_CF
is_load: 0
inst_size: 16
inst_addr: 7f4eecacbf00
active_mask: ffffffff
br_taken_mask: 0
br_target_addr: 7f4eecacbf10
reconv_inst_addr/mem_addr: 0
mem_addr/reconv_inst_addr: 0
mem_access_size/barrier_id: 4
num_barrier_threads: 0
addr_space/fence_level: GPU_ADDR_SP_INVALID
barrier_id/mem_access_size: 4
fence_level/addr_space: GPU_FENCE_INVALID
*** end of the data structure *** 

*** begin of the data structure *** 
core_id:94 thread_id:0
opcode: NVBIT_IMAD
num_read_regs: 2
num_dest_regs: 1
src0: 255
src1: 255
dst0: 1
is_fp: 0
cf_type: NOT_CF
is_load: 0
inst_size: 16
inst_addr: 7f4eecacbf00
active_mask: ffffffff
br_taken_mask: 0
br_target_addr: 7f4eecacbf10
reconv_inst_addr/mem_addr: 0
mem_addr/reconv_inst_addr: 0
mem_access_size/barrier_id: 4
num_barrier_threads: 0
addr_space/fence_level: GPU_ADDR_SP_INVALID
barrier_id/mem_access_size: 4
fence_level/addr_space: GPU_FENCE_INVALID
*** end of the data structure *** 

*** begin of the data structure *** 
core_id:94 thread_id:1
opcode: NVBIT_IMAD
num_read_regs: 2
num_dest_regs: 1
src0: 255
src1: 255
dst0: 1
is_fp: 0
cf_type: NOT_CF
is_load: 0
inst_size: 16
inst_addr: 7f4eecacbf00
active_mask: ffffffff
br_taken_mask: 0
br_target_addr: 7f4eecacbf10
reconv_inst_addr/mem_addr: 0
mem_addr/reconv_inst_addr: 0
mem_access_size/barrier_id: 4
num_barrier_threads: 0
addr_space/fence_level: GPU_ADDR_SP_INVALID
barrier_id/mem_access_size: 4
fence_level/addr_space: GPU_FENCE_INVALID
*** end of the data structure *** 

*** begin of the data structure *** 
core_id:94 thread_id:2
opcode: NVBIT_IMAD
num_read_regs: 2
num_dest_regs: 1
src0: 255
src1: 255
dst0: 1
is_fp: 0
cf_type: NOT_CF
is_load: 0
inst_size: 16
inst_addr: 7f4eecacbf00
active_mask: ffffffff
br_taken_mask: 0
br_target_addr: 7f4eecacbf10
reconv_inst_addr/mem_addr: 0
mem_addr/reconv_inst_addr: 0
mem_access_size/barrier_id: 4
num_barrier_threads: 0
addr_space/fence_level: GPU_ADDR_SP_INVALID
barrier_id/mem_access_size: 4
fence_level/addr_space: GPU_FENCE_INVALID
*** end of the data structure *** 

*** begin of the data structure *** 
core_id:94 thread_id:3
opcode: NVBIT_IMAD
num_read_regs: 2
num_dest_regs: 1
src0: 255
src1: 255
dst0: 1
is_fp: 0
cf_type: NOT_CF
is_load: 0
inst_size: 16
inst_addr: 7f4eecacbf00
active_mask: ffffffff
br_taken_mask: 0
br_target_addr: 7f4eecacbf10
reconv_inst_addr/mem_addr: 0
mem_addr/reconv_inst_addr: 0
mem_access_size/barrier_id: 4
num_barrier_threads: 0
addr_space/fence_level: GPU_ADDR_SP_INVALID
barrier_id/mem_access_size: 4
fence_level/addr_space: GPU_FENCE_INVALID
*** end of the data structure *** 

*** begin of the data structure *** 
core_id:95 thread_id:0
opcode: NVBIT_IMAD
num_read_regs: 2
num_dest_regs: 1
src0: 255
src1: 255
dst0: 1
is_fp: 0
cf_type: NOT_CF
is_load: 0
inst_size: 16
inst_addr: 7f4eecacbf00
active_mask: ffffffff
br_taken_mask: 0
br_target_addr: 7f4eecacbf10
reconv_inst_addr/mem_addr: 0
mem_addr/reconv_inst_addr: 0
mem_access_size/barrier_id: 4
num_barrier_threads: 0
addr_space/fence_level: GPU_ADDR_SP_INVALID
barrier_id/mem_access_size: 4
fence_level/addr_space: GPU_FENCE_INVALID
*** end of the data structure *** 

*** begin of the data structure *** 
core_id:95 thread_id:1
opcode: NVBIT_IMAD
num_read_regs: 2
num_dest_regs: 1
src0: 255
src1: 255
dst0: 1
is_fp: 0
cf_type: NOT_CF
is_load: 0
inst_size: 16
inst_addr: 7f4eecacbf00
active_mask: ffffffff
br_taken_mask: 0
br_target_addr: 7f4eecacbf10
reconv_inst_addr/mem_addr: 0
mem_addr/reconv_inst_addr: 0
mem_access_size/barrier_id: 4
num_barrier_threads: 0
addr_space/fence_level: GPU_ADDR_SP_INVALID
barrier_id/mem_access_size: 4
fence_level/addr_space: GPU_FENCE_INVALID
*** end of the data structure *** 

*** begin of the data structure *** 
core_id:95 thread_id:2
opcode: NVBIT_IMAD
num_read_regs: 2
num_dest_regs: 1
src0: 255
src1: 255
dst0: 1
is_fp: 0
cf_type: NOT_CF
is_load: 0
inst_size: 16
inst_addr: 7f4eecacbf00
active_mask: ffffffff
br_taken_mask: 0
br_target_addr: 7f4eecacbf10
reconv_inst_addr/mem_addr: 0
mem_addr/reconv_inst_addr: 0
mem_access_size/barrier_id: 4
num_barrier_threads: 0
addr_space/fence_level: GPU_ADDR_SP_INVALID
barrier_id/mem_access_size: 4
fence_level/addr_space: GPU_FENCE_INVALID
*** end of the data structure *** 

*** begin of the data structure *** 
core_id:95 thread_id:3
opcode: NVBIT_IMAD
num_read_regs: 2
num_dest_regs: 1
src0: 255
src1: 255
dst0: 1
is_fp: 0
cf_type: NOT_CF
is_load: 0
inst_size: 16
inst_addr: 7f4eecacbf00
active_mask: ffffffff
br_taken_mask: 0
br_target_addr: 7f4eecacbf10
reconv_inst_addr/mem_addr: 0
mem_addr/reconv_inst_addr: 0
mem_access_size/barrier_id: 4
num_barrier_threads: 0
addr_space/fence_level: GPU_ADDR_SP_INVALID
barrier_id/mem_access_size: 4
fence_level/addr_space: GPU_FENCE_INVALID
*** end of the data structure *** 

*** begin of the data structure *** 
core_id:96 thread_id:0
opcode: NVBIT_IMAD
num_read_regs: 2
num_dest_regs: 1
src0: 255
src1: 255
dst0: 1
is_fp: 0
cf_type: NOT_CF
is_load: 0
inst_size: 16
inst_addr: 7f4eecacbf00
active_mask: ffffffff
br_taken_mask: 0
br_target_addr: 7f4eecacbf10
reconv_inst_addr/mem_addr: 0
mem_addr/reconv_inst_addr: 0
mem_access_size/barrier_id: 4
num_barrier_threads: 0
addr_space/fence_level: GPU_ADDR_SP_INVALID
barrier_id/mem_access_size: 4
fence_level/addr_space: GPU_FENCE_INVALID
*** end of the data structure *** 

*** begin of the data structure *** 
core_id:96 thread_id:1
opcode: NVBIT_IMAD
num_read_regs: 2
num_dest_regs: 1
src0: 255
src1: 255
dst0: 1
is_fp: 0
cf_type: NOT_CF
is_load: 0
inst_size: 16
inst_addr: 7f4eecacbf00
active_mask: ffffffff
br_taken_mask: 0
br_target_addr: 7f4eecacbf10
reconv_inst_addr/mem_addr: 0
mem_addr/reconv_inst_addr: 0
mem_access_size/barrier_id: 4
num_barrier_threads: 0
addr_space/fence_level: GPU_ADDR_SP_INVALID
barrier_id/mem_access_size: 4
fence_level/addr_space: GPU_FENCE_INVALID
*** end of the data structure *** 

*** begin of the data structure *** 
core_id:96 thread_id:2
opcode: NVBIT_IMAD
num_read_regs: 2
num_dest_regs: 1
src0: 255
src1: 255
dst0: 1
is_fp: 0
cf_type: NOT_CF
is_load: 0
inst_size: 16
inst_addr: 7f4eecacbf00
active_mask: ffffffff
br_taken_mask: 0
br_target_addr: 7f4eecacbf10
reconv_inst_addr/mem_addr: 0
mem_addr/reconv_inst_addr: 0
mem_access_size/barrier_id: 4
num_barrier_threads: 0
addr_space/fence_level: GPU_ADDR_SP_INVALID
barrier_id/mem_access_size: 4
fence_level/addr_space: GPU_FENCE_INVALID
*** end of the data structure *** 

*** begin of the data structure *** 
core_id:96 thread_id:3
opcode: NVBIT_IMAD
num_read_regs: 2
num_dest_regs: 1
src0: 255
src1: 255
dst0: 1
is_fp: 0
cf_type: NOT_CF
is_load: 0
inst_size: 16
inst_addr: 7f4eecacbf00
active_mask: ffffffff
br_taken_mask: 0
br_target_addr: 7f4eecacbf10
reconv_inst_addr/mem_addr: 0
mem_addr/reconv_inst_addr: 0
mem_access_size/barrier_id: 4
num_barrier_threads: 0
addr_space/fence_level: GPU_ADDR_SP_INVALID
barrier_id/mem_access_size: 4
fence_level/addr_space: GPU_FENCE_INVALID
*** end of the data structure *** 

*** begin of the data structure *** 
core_id:97 thread_id:0
opcode: NVBIT_IMAD
num_read_regs: 2
num_dest_regs: 1
src0: 255
src1: 255
dst0: 1
is_fp: 0
cf_type: NOT_CF
is_load: 0
inst_size: 16
inst_addr: 7f4eecacbf00
active_mask: ffffffff
br_taken_mask: 0
br_target_addr: 7f4eecacbf10
reconv_inst_addr/mem_addr: 0
mem_addr/reconv_inst_addr: 0
mem_access_size/barrier_id: 4
num_barrier_threads: 0
addr_space/fence_level: GPU_ADDR_SP_INVALID
barrier_id/mem_access_size: 4
fence_level/addr_space: GPU_FENCE_INVALID
*** end of the data structure *** 

*** begin of the data structure *** 
core_id:97 thread_id:1
opcode: NVBIT_IMAD
num_read_regs: 2
num_dest_regs: 1
src0: 255
src1: 255
dst0: 1
is_fp: 0
cf_type: NOT_CF
is_load: 0
inst_size: 16
inst_addr: 7f4eecacbf00
active_mask: ffffffff
br_taken_mask: 0
br_target_addr: 7f4eecacbf10
reconv_inst_addr/mem_addr: 0
mem_addr/reconv_inst_addr: 0
mem_access_size/barrier_id: 4
num_barrier_threads: 0
addr_space/fence_level: GPU_ADDR_SP_INVALID
barrier_id/mem_access_size: 4
fence_level/addr_space: GPU_FENCE_INVALID
*** end of the data structure *** 

*** begin of the data structure *** 
core_id:97 thread_id:2
opcode: NVBIT_IMAD
num_read_regs: 2
num_dest_regs: 1
src0: 255
src1: 255
dst0: 1
is_fp: 0
cf_type: NOT_CF
is_load: 0
inst_size: 16
inst_addr: 7f4eecacbf00
active_mask: ffffffff
br_taken_mask: 0
br_target_addr: 7f4eecacbf10
reconv_inst_addr/mem_addr: 0
mem_addr/reconv_inst_addr: 0
mem_access_size/barrier_id: 4
num_barrier_threads: 0
addr_space/fence_level: GPU_ADDR_SP_INVALID
barrier_id/mem_access_size: 4
fence_level/addr_space: GPU_FENCE_INVALID
*** end of the data structure *** 

*** begin of the data structure *** 
core_id:97 thread_id:3
opcode: NVBIT_IMAD
num_read_regs: 2
num_dest_regs: 1
src0: 255
src1: 255
dst0: 1
is_fp: 0
cf_type: NOT_CF
is_load: 0
inst_size: 16
inst_addr: 7f4eecacbf00
active_mask: ffffffff
br_taken_mask: 0
br_target_addr: 7f4eecacbf10
reconv_inst_addr/mem_addr: 0
mem_addr/reconv_inst_addr: 0
mem_access_size/barrier_id: 4
num_barrier_threads: 0
addr_space/fence_level: GPU_ADDR_SP_INVALID
barrier_id/mem_access_size: 4
fence_level/addr_space: GPU_FENCE_INVALID
*** end of the data structure *** 

*** begin of the data structure *** 
core_id:98 thread_id:0
opcode: NVBIT_IMAD
num_read_regs: 2
num_dest_regs: 1
src0: 255
src1: 255
dst0: 1
is_fp: 0
cf_type: NOT_CF
is_load: 0
inst_size: 16
inst_addr: 7f4eecacbf00
active_mask: ffffffff
br_taken_mask: 0
br_target_addr: 7f4eecacbf10
reconv_inst_addr/mem_addr: 0
mem_addr/reconv_inst_addr: 0
mem_access_size/barrier_id: 4
num_barrier_threads: 0
addr_space/fence_level: GPU_ADDR_SP_INVALID
barrier_id/mem_access_size: 4
fence_level/addr_space: GPU_FENCE_INVALID
*** end of the data structure *** 

*** begin of the data structure *** 
core_id:98 thread_id:1
opcode: NVBIT_IMAD
num_read_regs: 2
num_dest_regs: 1
src0: 255
src1: 255
dst0: 1
is_fp: 0
cf_type: NOT_CF
is_load: 0
inst_size: 16
inst_addr: 7f4eecacbf00
active_mask: ffffffff
br_taken_mask: 0
br_target_addr: 7f4eecacbf10
reconv_inst_addr/mem_addr: 0
mem_addr/reconv_inst_addr: 0
mem_access_size/barrier_id: 4
num_barrier_threads: 0
addr_space/fence_level: GPU_ADDR_SP_INVALID
barrier_id/mem_access_size: 4
fence_level/addr_space: GPU_FENCE_INVALID
*** end of the data structure *** 

*** begin of the data structure *** 
core_id:98 thread_id:2
opcode: NVBIT_IMAD
num_read_regs: 2
num_dest_regs: 1
src0: 255
src1: 255
dst0: 1
is_fp: 0
cf_type: NOT_CF
is_load: 0
inst_size: 16
inst_addr: 7f4eecacbf00
active_mask: ffffffff
br_taken_mask: 0
br_target_addr: 7f4eecacbf10
reconv_inst_addr/mem_addr: 0
mem_addr/reconv_inst_addr: 0
mem_access_size/barrier_id: 4
num_barrier_threads: 0
addr_space/fence_level: GPU_ADDR_SP_INVALID
barrier_id/mem_access_size: 4
fence_level/addr_space: GPU_FENCE_INVALID
*** end of the data structure *** 

*** begin of the data structure *** 
core_id:98 thread_id:3
opcode: NVBIT_IMAD
num_read_regs: 2
num_dest_regs: 1
src0: 255
src1: 255
dst0: 1
is_fp: 0
cf_type: NOT_CF
is_load: 0
inst_size: 16
inst_addr: 7f4eecacbf00
active_mask: ffffffff
br_taken_mask: 0
br_target_addr: 7f4eecacbf10
reconv_inst_addr/mem_addr: 0
mem_addr/reconv_inst_addr: 0
mem_access_size/barrier_id: 4
num_barrier_threads: 0
addr_space/fence_level: GPU_ADDR_SP_INVALID
barrier_id/mem_access_size: 4
fence_level/addr_space: GPU_FENCE_INVALID
*** end of the data structure *** 

*** begin of the data structure *** 
core_id:99 thread_id:0
opcode: NVBIT_IMAD
num_read_regs: 2
num_dest_regs: 1
src0: 255
src1: 255
dst0: 1
is_fp: 0
cf_type: NOT_CF
is_load: 0
inst_size: 16
inst_addr: 7f4eecacbf00
active_mask: ffffffff
br_taken_mask: 0
br_target_addr: 7f4eecacbf10
reconv_inst_addr/mem_addr: 0
mem_addr/reconv_inst_addr: 0
mem_access_size/barrier_id: 4
num_barrier_threads: 0
addr_space/fence_level: GPU_ADDR_SP_INVALID
barrier_id/mem_access_size: 4
fence_level/addr_space: GPU_FENCE_INVALID
*** end of the data structure *** 

*** begin of the data structure *** 
core_id:99 thread_id:1
opcode: NVBIT_IMAD
num_read_regs: 2
num_dest_regs: 1
src0: 255
src1: 255
dst0: 1
is_fp: 0
cf_type: NOT_CF
is_load: 0
inst_size: 16
inst_addr: 7f4eecacbf00
active_mask: ffffffff
br_taken_mask: 0
br_target_addr: 7f4eecacbf10
reconv_inst_addr/mem_addr: 0
mem_addr/reconv_inst_addr: 0
mem_access_size/barrier_id: 4
num_barrier_threads: 0
addr_space/fence_level: GPU_ADDR_SP_INVALID
barrier_id/mem_access_size: 4
fence_level/addr_space: GPU_FENCE_INVALID
*** end of the data structure *** 

*** begin of the data structure *** 
core_id:99 thread_id:2
opcode: NVBIT_IMAD
num_read_regs: 2
num_dest_regs: 1
src0: 255
src1: 255
dst0: 1
is_fp: 0
cf_type: NOT_CF
is_load: 0
inst_size: 16
inst_addr: 7f4eecacbf00
active_mask: ffffffff
br_taken_mask: 0
br_target_addr: 7f4eecacbf10
reconv_inst_addr/mem_addr: 0
mem_addr/reconv_inst_addr: 0
mem_access_size/barrier_id: 4
num_barrier_threads: 0
addr_space/fence_level: GPU_ADDR_SP_INVALID
barrier_id/mem_access_size: 4
fence_level/addr_space: GPU_FENCE_INVALID
*** end of the data structure *** 

*** begin of the data structure *** 
core_id:99 thread_id:3
opcode: NVBIT_IMAD
num_read_regs: 2
num_dest_regs: 1
src0: 255
src1: 255
dst0: 1
is_fp: 0
cf_type: NOT_CF
is_load: 0
inst_size: 16
inst_addr: 7f4eecacbf00
active_mask: ffffffff
br_taken_mask: 0
br_target_addr: 7f4eecacbf10
reconv_inst_addr/mem_addr: 0
mem_addr/reconv_inst_addr: 0
mem_access_size/barrier_id: 4
num_barrier_threads: 0
addr_space/fence_level: GPU_ADDR_SP_INVALID
barrier_id/mem_access_size: 4
fence_level/addr_space: GPU_FENCE_INVALID
*** end of the data structure *** 

*** begin of the data structure *** 
core_id:100 thread_id:0
opcode: NVBIT_IMAD
num_read_regs: 2
num_dest_regs: 1
src0: 255
src1: 255
dst0: 1
is_fp: 0
cf_type: NOT_CF
is_load: 0
inst_size: 16
inst_addr: 7f4eecacbf00
active_mask: ffffffff
br_taken_mask: 0
br_target_addr: 7f4eecacbf10
reconv_inst_addr/mem_addr: 0
mem_addr/reconv_inst_addr: 0
mem_access_size/barrier_id: 4
num_barrier_threads: 0
addr_space/fence_level: GPU_ADDR_SP_INVALID
barrier_id/mem_access_size: 4
fence_level/addr_space: GPU_FENCE_INVALID
*** end of the data structure *** 

*** begin of the data structure *** 
core_id:100 thread_id:1
opcode: NVBIT_IMAD
num_read_regs: 2
num_dest_regs: 1
src0: 255
src1: 255
dst0: 1
is_fp: 0
cf_type: NOT_CF
is_load: 0
inst_size: 16
inst_addr: 7f4eecacbf00
active_mask: ffffffff
br_taken_mask: 0
br_target_addr: 7f4eecacbf10
reconv_inst_addr/mem_addr: 0
mem_addr/reconv_inst_addr: 0
mem_access_size/barrier_id: 4
num_barrier_threads: 0
addr_space/fence_level: GPU_ADDR_SP_INVALID
barrier_id/mem_access_size: 4
fence_level/addr_space: GPU_FENCE_INVALID
*** end of the data structure *** 

*** begin of the data structure *** 
core_id:100 thread_id:2
opcode: NVBIT_IMAD
num_read_regs: 2
num_dest_regs: 1
src0: 255
src1: 255
dst0: 1
is_fp: 0
cf_type: NOT_CF
is_load: 0
inst_size: 16
inst_addr: 7f4eecacbf00
active_mask: ffffffff
br_taken_mask: 0
br_target_addr: 7f4eecacbf10
reconv_inst_addr/mem_addr: 0
mem_addr/reconv_inst_addr: 0
mem_access_size/barrier_id: 4
num_barrier_threads: 0
addr_space/fence_level: GPU_ADDR_SP_INVALID
barrier_id/mem_access_size: 4
fence_level/addr_space: GPU_FENCE_INVALID
*** end of the data structure *** 

*** begin of the data structure *** 
core_id:100 thread_id:3
opcode: NVBIT_IMAD
num_read_regs: 2
num_dest_regs: 1
src0: 255
src1: 255
dst0: 1
is_fp: 0
cf_type: NOT_CF
is_load: 0
inst_size: 16
inst_addr: 7f4eecacbf00
active_mask: ffffffff
br_taken_mask: 0
br_target_addr: 7f4eecacbf10
reconv_inst_addr/mem_addr: 0
mem_addr/reconv_inst_addr: 0
mem_access_size/barrier_id: 4
num_barrier_threads: 0
addr_space/fence_level: GPU_ADDR_SP_INVALID
barrier_id/mem_access_size: 4
fence_level/addr_space: GPU_FENCE_INVALID
*** end of the data structure *** 

*** begin of the data structure *** 
core_id:101 thread_id:0
opcode: NVBIT_IMAD
num_read_regs: 2
num_dest_regs: 1
src0: 255
src1: 255
dst0: 1
is_fp: 0
cf_type: NOT_CF
is_load: 0
inst_size: 16
inst_addr: 7f4eecacbf00
active_mask: ffffffff
br_taken_mask: 0
br_target_addr: 7f4eecacbf10
reconv_inst_addr/mem_addr: 0
mem_addr/reconv_inst_addr: 0
mem_access_size/barrier_id: 4
num_barrier_threads: 0
addr_space/fence_level: GPU_ADDR_SP_INVALID
barrier_id/mem_access_size: 4
fence_level/addr_space: GPU_FENCE_INVALID
*** end of the data structure *** 

*** begin of the data structure *** 
core_id:101 thread_id:1
opcode: NVBIT_IMAD
num_read_regs: 2
num_dest_regs: 1
src0: 255
src1: 255
dst0: 1
is_fp: 0
cf_type: NOT_CF
is_load: 0
inst_size: 16
inst_addr: 7f4eecacbf00
active_mask: ffffffff
br_taken_mask: 0
br_target_addr: 7f4eecacbf10
reconv_inst_addr/mem_addr: 0
mem_addr/reconv_inst_addr: 0
mem_access_size/barrier_id: 4
num_barrier_threads: 0
addr_space/fence_level: GPU_ADDR_SP_INVALID
barrier_id/mem_access_size: 4
fence_level/addr_space: GPU_FENCE_INVALID
*** end of the data structure *** 

*** begin of the data structure *** 
core_id:101 thread_id:2
opcode: NVBIT_IMAD
num_read_regs: 2
num_dest_regs: 1
src0: 255
src1: 255
dst0: 1
is_fp: 0
cf_type: NOT_CF
is_load: 0
inst_size: 16
inst_addr: 7f4eecacbf00
active_mask: ffffffff
br_taken_mask: 0
br_target_addr: 7f4eecacbf10
reconv_inst_addr/mem_addr: 0
mem_addr/reconv_inst_addr: 0
mem_access_size/barrier_id: 4
num_barrier_threads: 0
addr_space/fence_level: GPU_ADDR_SP_INVALID
barrier_id/mem_access_size: 4
fence_level/addr_space: GPU_FENCE_INVALID
*** end of the data structure *** 

*** begin of the data structure *** 
core_id:101 thread_id:3
opcode: NVBIT_IMAD
num_read_regs: 2
num_dest_regs: 1
src0: 255
src1: 255
dst0: 1
is_fp: 0
cf_type: NOT_CF
is_load: 0
inst_size: 16
inst_addr: 7f4eecacbf00
active_mask: ffffffff
br_taken_mask: 0
br_target_addr: 7f4eecacbf10
reconv_inst_addr/mem_addr: 0
mem_addr/reconv_inst_addr: 0
mem_access_size/barrier_id: 4
num_barrier_threads: 0
addr_space/fence_level: GPU_ADDR_SP_INVALID
barrier_id/mem_access_size: 4
fence_level/addr_space: GPU_FENCE_INVALID
*** end of the data structure *** 

*** begin of the data structure *** 
core_id:102 thread_id:0
opcode: NVBIT_IMAD
num_read_regs: 2
num_dest_regs: 1
src0: 255
src1: 255
dst0: 1
is_fp: 0
cf_type: NOT_CF
is_load: 0
inst_size: 16
inst_addr: 7f4eecacbf00
active_mask: ffffffff
br_taken_mask: 0
br_target_addr: 7f4eecacbf10
reconv_inst_addr/mem_addr: 0
mem_addr/reconv_inst_addr: 0
mem_access_size/barrier_id: 4
num_barrier_threads: 0
addr_space/fence_level: GPU_ADDR_SP_INVALID
barrier_id/mem_access_size: 4
fence_level/addr_space: GPU_FENCE_INVALID
*** end of the data structure *** 

*** begin of the data structure *** 
core_id:102 thread_id:1
opcode: NVBIT_IMAD
num_read_regs: 2
num_dest_regs: 1
src0: 255
src1: 255
dst0: 1
is_fp: 0
cf_type: NOT_CF
is_load: 0
inst_size: 16
inst_addr: 7f4eecacbf00
active_mask: ffffffff
br_taken_mask: 0
br_target_addr: 7f4eecacbf10
reconv_inst_addr/mem_addr: 0
mem_addr/reconv_inst_addr: 0
mem_access_size/barrier_id: 4
num_barrier_threads: 0
addr_space/fence_level: GPU_ADDR_SP_INVALID
barrier_id/mem_access_size: 4
fence_level/addr_space: GPU_FENCE_INVALID
*** end of the data structure *** 

*** begin of the data structure *** 
core_id:102 thread_id:2
opcode: NVBIT_IMAD
num_read_regs: 2
num_dest_regs: 1
src0: 255
src1: 255
dst0: 1
is_fp: 0
cf_type: NOT_CF
is_load: 0
inst_size: 16
inst_addr: 7f4eecacbf00
active_mask: ffffffff
br_taken_mask: 0
br_target_addr: 7f4eecacbf10
reconv_inst_addr/mem_addr: 0
mem_addr/reconv_inst_addr: 0
mem_access_size/barrier_id: 4
num_barrier_threads: 0
addr_space/fence_level: GPU_ADDR_SP_INVALID
barrier_id/mem_access_size: 4
fence_level/addr_space: GPU_FENCE_INVALID
*** end of the data structure *** 

*** begin of the data structure *** 
core_id:102 thread_id:3
opcode: NVBIT_IMAD
num_read_regs: 2
num_dest_regs: 1
src0: 255
src1: 255
dst0: 1
is_fp: 0
cf_type: NOT_CF
is_load: 0
inst_size: 16
inst_addr: 7f4eecacbf00
active_mask: ffffffff
br_taken_mask: 0
br_target_addr: 7f4eecacbf10
reconv_inst_addr/mem_addr: 0
mem_addr/reconv_inst_addr: 0
mem_access_size/barrier_id: 4
num_barrier_threads: 0
addr_space/fence_level: GPU_ADDR_SP_INVALID
barrier_id/mem_access_size: 4
fence_level/addr_space: GPU_FENCE_INVALID
*** end of the data structure *** 

*** begin of the data structure *** 
core_id:103 thread_id:0
opcode: NVBIT_IMAD
num_read_regs: 2
num_dest_regs: 1
src0: 255
src1: 255
dst0: 1
is_fp: 0
cf_type: NOT_CF
is_load: 0
inst_size: 16
inst_addr: 7f4eecacbf00
active_mask: ffffffff
br_taken_mask: 0
br_target_addr: 7f4eecacbf10
reconv_inst_addr/mem_addr: 0
mem_addr/reconv_inst_addr: 0
mem_access_size/barrier_id: 4
num_barrier_threads: 0
addr_space/fence_level: GPU_ADDR_SP_INVALID
barrier_id/mem_access_size: 4
fence_level/addr_space: GPU_FENCE_INVALID
*** end of the data structure *** 

*** begin of the data structure *** 
core_id:103 thread_id:1
opcode: NVBIT_IMAD
num_read_regs: 2
num_dest_regs: 1
src0: 255
src1: 255
dst0: 1
is_fp: 0
cf_type: NOT_CF
is_load: 0
inst_size: 16
inst_addr: 7f4eecacbf00
active_mask: ffffffff
br_taken_mask: 0
br_target_addr: 7f4eecacbf10
reconv_inst_addr/mem_addr: 0
mem_addr/reconv_inst_addr: 0
mem_access_size/barrier_id: 4
num_barrier_threads: 0
addr_space/fence_level: GPU_ADDR_SP_INVALID
barrier_id/mem_access_size: 4
fence_level/addr_space: GPU_FENCE_INVALID
*** end of the data structure *** 

*** begin of the data structure *** 
core_id:103 thread_id:2
opcode: NVBIT_IMAD
num_read_regs: 2
num_dest_regs: 1
src0: 255
src1: 255
dst0: 1
is_fp: 0
cf_type: NOT_CF
is_load: 0
inst_size: 16
inst_addr: 7f4eecacbf00
active_mask: ffffffff
br_taken_mask: 0
br_target_addr: 7f4eecacbf10
reconv_inst_addr/mem_addr: 0
mem_addr/reconv_inst_addr: 0
mem_access_size/barrier_id: 4
num_barrier_threads: 0
addr_space/fence_level: GPU_ADDR_SP_INVALID
barrier_id/mem_access_size: 4
fence_level/addr_space: GPU_FENCE_INVALID
*** end of the data structure *** 

*** begin of the data structure *** 
core_id:103 thread_id:3
opcode: NVBIT_IMAD
num_read_regs: 2
num_dest_regs: 1
src0: 255
src1: 255
dst0: 1
is_fp: 0
cf_type: NOT_CF
is_load: 0
inst_size: 16
inst_addr: 7f4eecacbf00
active_mask: ffffffff
br_taken_mask: 0
br_target_addr: 7f4eecacbf10
reconv_inst_addr/mem_addr: 0
mem_addr/reconv_inst_addr: 0
mem_access_size/barrier_id: 4
num_barrier_threads: 0
addr_space/fence_level: GPU_ADDR_SP_INVALID
barrier_id/mem_access_size: 4
fence_level/addr_space: GPU_FENCE_INVALID
*** end of the data structure *** 

*** begin of the data structure *** 
core_id:104 thread_id:0
opcode: NVBIT_IMAD
num_read_regs: 2
num_dest_regs: 1
src0: 255
src1: 255
dst0: 1
is_fp: 0
cf_type: NOT_CF
is_load: 0
inst_size: 16
inst_addr: 7f4eecacbf00
active_mask: ffffffff
br_taken_mask: 0
br_target_addr: 7f4eecacbf10
reconv_inst_addr/mem_addr: 0
mem_addr/reconv_inst_addr: 0
mem_access_size/barrier_id: 4
num_barrier_threads: 0
addr_space/fence_level: GPU_ADDR_SP_INVALID
barrier_id/mem_access_size: 4
fence_level/addr_space: GPU_FENCE_INVALID
*** end of the data structure *** 

*** begin of the data structure *** 
core_id:104 thread_id:1
opcode: NVBIT_IMAD
num_read_regs: 2
num_dest_regs: 1
src0: 255
src1: 255
dst0: 1
is_fp: 0
cf_type: NOT_CF
is_load: 0
inst_size: 16
inst_addr: 7f4eecacbf00
active_mask: ffffffff
br_taken_mask: 0
br_target_addr: 7f4eecacbf10
reconv_inst_addr/mem_addr: 0
mem_addr/reconv_inst_addr: 0
mem_access_size/barrier_id: 4
num_barrier_threads: 0
addr_space/fence_level: GPU_ADDR_SP_INVALID
barrier_id/mem_access_size: 4
fence_level/addr_space: GPU_FENCE_INVALID
*** end of the data structure *** 

*** begin of the data structure *** 
core_id:104 thread_id:2
opcode: NVBIT_IMAD
num_read_regs: 2
num_dest_regs: 1
src0: 255
src1: 255
dst0: 1
is_fp: 0
cf_type: NOT_CF
is_load: 0
inst_size: 16
inst_addr: 7f4eecacbf00
active_mask: ffffffff
br_taken_mask: 0
br_target_addr: 7f4eecacbf10
reconv_inst_addr/mem_addr: 0
mem_addr/reconv_inst_addr: 0
mem_access_size/barrier_id: 4
num_barrier_threads: 0
addr_space/fence_level: GPU_ADDR_SP_INVALID
barrier_id/mem_access_size: 4
fence_level/addr_space: GPU_FENCE_INVALID
*** end of the data structure *** 

*** begin of the data structure *** 
core_id:104 thread_id:3
opcode: NVBIT_IMAD
num_read_regs: 2
num_dest_regs: 1
src0: 255
src1: 255
dst0: 1
is_fp: 0
cf_type: NOT_CF
is_load: 0
inst_size: 16
inst_addr: 7f4eecacbf00
active_mask: ffffffff
br_taken_mask: 0
br_target_addr: 7f4eecacbf10
reconv_inst_addr/mem_addr: 0
mem_addr/reconv_inst_addr: 0
mem_access_size/barrier_id: 4
num_barrier_threads: 0
addr_space/fence_level: GPU_ADDR_SP_INVALID
barrier_id/mem_access_size: 4
fence_level/addr_space: GPU_FENCE_INVALID
*** end of the data structure *** 

*** begin of the data structure *** 
core_id:105 thread_id:0
opcode: NVBIT_IMAD
num_read_regs: 2
num_dest_regs: 1
src0: 255
src1: 255
dst0: 1
is_fp: 0
cf_type: NOT_CF
is_load: 0
inst_size: 16
inst_addr: 7f4eecacbf00
active_mask: ffffffff
br_taken_mask: 0
br_target_addr: 7f4eecacbf10
reconv_inst_addr/mem_addr: 0
mem_addr/reconv_inst_addr: 0
mem_access_size/barrier_id: 4
num_barrier_threads: 0
addr_space/fence_level: GPU_ADDR_SP_INVALID
barrier_id/mem_access_size: 4
fence_level/addr_space: GPU_FENCE_INVALID
*** end of the data structure *** 

*** begin of the data structure *** 
core_id:105 thread_id:1
opcode: NVBIT_IMAD
num_read_regs: 2
num_dest_regs: 1
src0: 255
src1: 255
dst0: 1
is_fp: 0
cf_type: NOT_CF
is_load: 0
inst_size: 16
inst_addr: 7f4eecacbf00
active_mask: ffffffff
br_taken_mask: 0
br_target_addr: 7f4eecacbf10
reconv_inst_addr/mem_addr: 0
mem_addr/reconv_inst_addr: 0
mem_access_size/barrier_id: 4
num_barrier_threads: 0
addr_space/fence_level: GPU_ADDR_SP_INVALID
barrier_id/mem_access_size: 4
fence_level/addr_space: GPU_FENCE_INVALID
*** end of the data structure *** 

*** begin of the data structure *** 
core_id:105 thread_id:2
opcode: NVBIT_IMAD
num_read_regs: 2
num_dest_regs: 1
src0: 255
src1: 255
dst0: 1
is_fp: 0
cf_type: NOT_CF
is_load: 0
inst_size: 16
inst_addr: 7f4eecacbf00
active_mask: ffffffff
br_taken_mask: 0
br_target_addr: 7f4eecacbf10
reconv_inst_addr/mem_addr: 0
mem_addr/reconv_inst_addr: 0
mem_access_size/barrier_id: 4
num_barrier_threads: 0
addr_space/fence_level: GPU_ADDR_SP_INVALID
barrier_id/mem_access_size: 4
fence_level/addr_space: GPU_FENCE_INVALID
*** end of the data structure *** 

*** begin of the data structure *** 
core_id:105 thread_id:3
opcode: NVBIT_IMAD
num_read_regs: 2
num_dest_regs: 1
src0: 255
src1: 255
dst0: 1
is_fp: 0
cf_type: NOT_CF
is_load: 0
inst_size: 16
inst_addr: 7f4eecacbf00
active_mask: ffffffff
br_taken_mask: 0
br_target_addr: 7f4eecacbf10
reconv_inst_addr/mem_addr: 0
mem_addr/reconv_inst_addr: 0
mem_access_size/barrier_id: 4
num_barrier_threads: 0
addr_space/fence_level: GPU_ADDR_SP_INVALID
barrier_id/mem_access_size: 4
fence_level/addr_space: GPU_FENCE_INVALID
*** end of the data structure *** 

*** begin of the data structure *** 
core_id:106 thread_id:0
opcode: NVBIT_IMAD
num_read_regs: 2
num_dest_regs: 1
src0: 255
src1: 255
dst0: 1
is_fp: 0
cf_type: NOT_CF
is_load: 0
inst_size: 16
inst_addr: 7f4eecacbf00
active_mask: ffffffff
br_taken_mask: 0
br_target_addr: 7f4eecacbf10
reconv_inst_addr/mem_addr: 0
mem_addr/reconv_inst_addr: 0
mem_access_size/barrier_id: 4
num_barrier_threads: 0
addr_space/fence_level: GPU_ADDR_SP_INVALID
barrier_id/mem_access_size: 4
fence_level/addr_space: GPU_FENCE_INVALID
*** end of the data structure *** 

*** begin of the data structure *** 
core_id:106 thread_id:1
opcode: NVBIT_IMAD
num_read_regs: 2
num_dest_regs: 1
src0: 255
src1: 255
dst0: 1
is_fp: 0
cf_type: NOT_CF
is_load: 0
inst_size: 16
inst_addr: 7f4eecacbf00
active_mask: ffffffff
br_taken_mask: 0
br_target_addr: 7f4eecacbf10
reconv_inst_addr/mem_addr: 0
mem_addr/reconv_inst_addr: 0
mem_access_size/barrier_id: 4
num_barrier_threads: 0
addr_space/fence_level: GPU_ADDR_SP_INVALID
barrier_id/mem_access_size: 4
fence_level/addr_space: GPU_FENCE_INVALID
*** end of the data structure *** 

*** begin of the data structure *** 
core_id:106 thread_id:2
opcode: NVBIT_IMAD
num_read_regs: 2
num_dest_regs: 1
src0: 255
src1: 255
dst0: 1
is_fp: 0
cf_type: NOT_CF
is_load: 0
inst_size: 16
inst_addr: 7f4eecacbf00
active_mask: ffffffff
br_taken_mask: 0
br_target_addr: 7f4eecacbf10
reconv_inst_addr/mem_addr: 0
mem_addr/reconv_inst_addr: 0
mem_access_size/barrier_id: 4
num_barrier_threads: 0
addr_space/fence_level: GPU_ADDR_SP_INVALID
barrier_id/mem_access_size: 4
fence_level/addr_space: GPU_FENCE_INVALID
*** end of the data structure *** 

*** begin of the data structure *** 
core_id:106 thread_id:3
opcode: NVBIT_IMAD
num_read_regs: 2
num_dest_regs: 1
src0: 255
src1: 255
dst0: 1
is_fp: 0
cf_type: NOT_CF
is_load: 0
inst_size: 16
inst_addr: 7f4eecacbf00
active_mask: ffffffff
br_taken_mask: 0
br_target_addr: 7f4eecacbf10
reconv_inst_addr/mem_addr: 0
mem_addr/reconv_inst_addr: 0
mem_access_size/barrier_id: 4
num_barrier_threads: 0
addr_space/fence_level: GPU_ADDR_SP_INVALID
barrier_id/mem_access_size: 4
fence_level/addr_space: GPU_FENCE_INVALID
*** end of the data structure *** 

*** begin of the data structure *** 
core_id:107 thread_id:0
opcode: NVBIT_IMAD
num_read_regs: 2
num_dest_regs: 1
src0: 255
src1: 255
dst0: 1
is_fp: 0
cf_type: NOT_CF
is_load: 0
inst_size: 16
inst_addr: 7f4eecacbf00
active_mask: ffffffff
br_taken_mask: 0
br_target_addr: 7f4eecacbf10
reconv_inst_addr/mem_addr: 0
mem_addr/reconv_inst_addr: 0
mem_access_size/barrier_id: 4
num_barrier_threads: 0
addr_space/fence_level: GPU_ADDR_SP_INVALID
barrier_id/mem_access_size: 4
fence_level/addr_space: GPU_FENCE_INVALID
*** end of the data structure *** 

*** begin of the data structure *** 
core_id:107 thread_id:1
opcode: NVBIT_IMAD
num_read_regs: 2
num_dest_regs: 1
src0: 255
src1: 255
dst0: 1
is_fp: 0
cf_type: NOT_CF
is_load: 0
inst_size: 16
inst_addr: 7f4eecacbf00
active_mask: ffffffff
br_taken_mask: 0
br_target_addr: 7f4eecacbf10
reconv_inst_addr/mem_addr: 0
mem_addr/reconv_inst_addr: 0
mem_access_size/barrier_id: 4
num_barrier_threads: 0
addr_space/fence_level: GPU_ADDR_SP_INVALID
barrier_id/mem_access_size: 4
fence_level/addr_space: GPU_FENCE_INVALID
*** end of the data structure *** 

*** begin of the data structure *** 
core_id:107 thread_id:2
opcode: NVBIT_IMAD
num_read_regs: 2
num_dest_regs: 1
src0: 255
src1: 255
dst0: 1
is_fp: 0
cf_type: NOT_CF
is_load: 0
inst_size: 16
inst_addr: 7f4eecacbf00
active_mask: ffffffff
br_taken_mask: 0
br_target_addr: 7f4eecacbf10
reconv_inst_addr/mem_addr: 0
mem_addr/reconv_inst_addr: 0
mem_access_size/barrier_id: 4
num_barrier_threads: 0
addr_space/fence_level: GPU_ADDR_SP_INVALID
barrier_id/mem_access_size: 4
fence_level/addr_space: GPU_FENCE_INVALID
*** end of the data structure *** 

*** begin of the data structure *** 
core_id:107 thread_id:3
opcode: NVBIT_IMAD
num_read_regs: 2
num_dest_regs: 1
src0: 255
src1: 255
dst0: 1
is_fp: 0
cf_type: NOT_CF
is_load: 0
inst_size: 16
inst_addr: 7f4eecacbf00
active_mask: ffffffff
br_taken_mask: 0
br_target_addr: 7f4eecacbf10
reconv_inst_addr/mem_addr: 0
mem_addr/reconv_inst_addr: 0
mem_access_size/barrier_id: 4
num_barrier_threads: 0
addr_space/fence_level: GPU_ADDR_SP_INVALID
barrier_id/mem_access_size: 4
fence_level/addr_space: GPU_FENCE_INVALID
*** end of the data structure *** 

*** begin of the data structure *** 
core_id:0 thread_id:0
opcode: NVBIT_IMAD
num_read_regs: 2
num_dest_regs: 1
src0: 255
src1: 255
dst0: 1
is_fp: 0
cf_type: NOT_CF
is_load: 0
inst_size: 16
inst_addr: 7f4eecacbf00
active_mask: ffffffff
br_taken_mask: 0
br_target_addr: 7f4eecacbf10
reconv_inst_addr/mem_addr: 0
mem_addr/reconv_inst_addr: 0
mem_access_size/barrier_id: 4
num_barrier_threads: 0
addr_space/fence_level: GPU_ADDR_SP_INVALID
barrier_id/mem_access_size: 4
fence_level/addr_space: GPU_FENCE_INVALID
*** end of the data structure *** 

*** begin of the data structure *** 
core_id:0 thread_id:1
opcode: NVBIT_IMAD
num_read_regs: 2
num_dest_regs: 1
src0: 255
src1: 255
dst0: 1
is_fp: 0
cf_type: NOT_CF
is_load: 0
inst_size: 16
inst_addr: 7f4eecacbf00
active_mask: ffffffff
br_taken_mask: 0
br_target_addr: 7f4eecacbf10
reconv_inst_addr/mem_addr: 0
mem_addr/reconv_inst_addr: 0
mem_access_size/barrier_id: 4
num_barrier_threads: 0
addr_space/fence_level: GPU_ADDR_SP_INVALID
barrier_id/mem_access_size: 4
fence_level/addr_space: GPU_FENCE_INVALID
*** end of the data structure *** 

*** begin of the data structure *** 
core_id:0 thread_id:2
opcode: NVBIT_IMAD
num_read_regs: 2
num_dest_regs: 1
src0: 255
src1: 255
dst0: 1
is_fp: 0
cf_type: NOT_CF
is_load: 0
inst_size: 16
inst_addr: 7f4eecacbf00
active_mask: ffffffff
br_taken_mask: 0
br_target_addr: 7f4eecacbf10
reconv_inst_addr/mem_addr: 0
mem_addr/reconv_inst_addr: 0
mem_access_size/barrier_id: 4
num_barrier_threads: 0
addr_space/fence_level: GPU_ADDR_SP_INVALID
barrier_id/mem_access_size: 4
fence_level/addr_space: GPU_FENCE_INVALID
*** end of the data structure *** 

*** begin of the data structure *** 
core_id:0 thread_id:3
opcode: NVBIT_IMAD
num_read_regs: 2
num_dest_regs: 1
src0: 255
src1: 255
dst0: 1
is_fp: 0
cf_type: NOT_CF
is_load: 0
inst_size: 16
inst_addr: 7f4eecacbf00
active_mask: ffffffff
br_taken_mask: 0
br_target_addr: 7f4eecacbf10
reconv_inst_addr/mem_addr: 0
mem_addr/reconv_inst_addr: 0
mem_access_size/barrier_id: 4
num_barrier_threads: 0
addr_space/fence_level: GPU_ADDR_SP_INVALID
barrier_id/mem_access_size: 4
fence_level/addr_space: GPU_FENCE_INVALID
*** end of the data structure *** 

*** begin of the data structure *** 
core_id:5 thread_id:4
opcode: NVBIT_IMAD
num_read_regs: 2
num_dest_regs: 1
src0: 255
src1: 255
dst0: 1
is_fp: 0
cf_type: NOT_CF
is_load: 0
inst_size: 16
inst_addr: 7f4eecacbf00
active_mask: ffffffff
br_taken_mask: 0
br_target_addr: 7f4eecacbf10
reconv_inst_addr/mem_addr: 0
mem_addr/reconv_inst_addr: 0
mem_access_size/barrier_id: 4
num_barrier_threads: 0
addr_space/fence_level: GPU_ADDR_SP_INVALID
barrier_id/mem_access_size: 4
fence_level/addr_space: GPU_FENCE_INVALID
*** end of the data structure *** 

*** begin of the data structure *** 
core_id:5 thread_id:5
opcode: NVBIT_IMAD
num_read_regs: 2
num_dest_regs: 1
src0: 255
src1: 255
dst0: 1
is_fp: 0
cf_type: NOT_CF
is_load: 0
inst_size: 16
inst_addr: 7f4eecacbf00
active_mask: ffffffff
br_taken_mask: 0
br_target_addr: 7f4eecacbf10
reconv_inst_addr/mem_addr: 0
mem_addr/reconv_inst_addr: 0
mem_access_size/barrier_id: 4
num_barrier_threads: 0
addr_space/fence_level: GPU_ADDR_SP_INVALID
barrier_id/mem_access_size: 4
fence_level/addr_space: GPU_FENCE_INVALID
*** end of the data structure *** 

*** begin of the data structure *** 
core_id:5 thread_id:6
opcode: NVBIT_IMAD
num_read_regs: 2
num_dest_regs: 1
src0: 255
src1: 255
dst0: 1
is_fp: 0
cf_type: NOT_CF
is_load: 0
inst_size: 16
inst_addr: 7f4eecacbf00
active_mask: ffffffff
br_taken_mask: 0
br_target_addr: 7f4eecacbf10
reconv_inst_addr/mem_addr: 0
mem_addr/reconv_inst_addr: 0
mem_access_size/barrier_id: 4
num_barrier_threads: 0
addr_space/fence_level: GPU_ADDR_SP_INVALID
barrier_id/mem_access_size: 4
fence_level/addr_space: GPU_FENCE_INVALID
*** end of the data structure *** 

*** begin of the data structure *** 
core_id:5 thread_id:7
opcode: NVBIT_IMAD
num_read_regs: 2
num_dest_regs: 1
src0: 255
src1: 255
dst0: 1
is_fp: 0
cf_type: NOT_CF
is_load: 0
inst_size: 16
inst_addr: 7f4eecacbf00
active_mask: ffffffff
br_taken_mask: 0
br_target_addr: 7f4eecacbf10
reconv_inst_addr/mem_addr: 0
mem_addr/reconv_inst_addr: 0
mem_access_size/barrier_id: 4
num_barrier_threads: 0
addr_space/fence_level: GPU_ADDR_SP_INVALID
barrier_id/mem_access_size: 4
fence_level/addr_space: GPU_FENCE_INVALID
*** end of the data structure *** 

*** begin of the data structure *** 
core_id:6 thread_id:4
opcode: NVBIT_IMAD
num_read_regs: 2
num_dest_regs: 1
src0: 255
src1: 255
dst0: 1
is_fp: 0
cf_type: NOT_CF
is_load: 0
inst_size: 16
inst_addr: 7f4eecacbf00
active_mask: ffffffff
br_taken_mask: 0
br_target_addr: 7f4eecacbf10
reconv_inst_addr/mem_addr: 0
mem_addr/reconv_inst_addr: 0
mem_access_size/barrier_id: 4
num_barrier_threads: 0
addr_space/fence_level: GPU_ADDR_SP_INVALID
barrier_id/mem_access_size: 4
fence_level/addr_space: GPU_FENCE_INVALID
*** end of the data structure *** 

*** begin of the data structure *** 
core_id:6 thread_id:5
opcode: NVBIT_IMAD
num_read_regs: 2
num_dest_regs: 1
src0: 255
src1: 255
dst0: 1
is_fp: 0
cf_type: NOT_CF
is_load: 0
inst_size: 16
inst_addr: 7f4eecacbf00
active_mask: ffffffff
br_taken_mask: 0
br_target_addr: 7f4eecacbf10
reconv_inst_addr/mem_addr: 0
mem_addr/reconv_inst_addr: 0
mem_access_size/barrier_id: 4
num_barrier_threads: 0
addr_space/fence_level: GPU_ADDR_SP_INVALID
barrier_id/mem_access_size: 4
fence_level/addr_space: GPU_FENCE_INVALID
*** end of the data structure *** 

*** begin of the data structure *** 
core_id:6 thread_id:6
opcode: NVBIT_IMAD
num_read_regs: 2
num_dest_regs: 1
src0: 255
src1: 255
dst0: 1
is_fp: 0
cf_type: NOT_CF
is_load: 0
inst_size: 16
inst_addr: 7f4eecacbf00
active_mask: ffffffff
br_taken_mask: 0
br_target_addr: 7f4eecacbf10
reconv_inst_addr/mem_addr: 0
mem_addr/reconv_inst_addr: 0
mem_access_size/barrier_id: 4
num_barrier_threads: 0
addr_space/fence_level: GPU_ADDR_SP_INVALID
barrier_id/mem_access_size: 4
fence_level/addr_space: GPU_FENCE_INVALID
*** end of the data structure *** 

*** begin of the data structure *** 
core_id:6 thread_id:7
opcode: NVBIT_IMAD
num_read_regs: 2
num_dest_regs: 1
src0: 255
src1: 255
dst0: 1
is_fp: 0
cf_type: NOT_CF
is_load: 0
inst_size: 16
inst_addr: 7f4eecacbf00
active_mask: ffffffff
br_taken_mask: 0
br_target_addr: 7f4eecacbf10
reconv_inst_addr/mem_addr: 0
mem_addr/reconv_inst_addr: 0
mem_access_size/barrier_id: 4
num_barrier_threads: 0
addr_space/fence_level: GPU_ADDR_SP_INVALID
barrier_id/mem_access_size: 4
fence_level/addr_space: GPU_FENCE_INVALID
*** end of the data structure *** 

*** begin of the data structure *** 
core_id:7 thread_id:4
opcode: NVBIT_IMAD
num_read_regs: 2
num_dest_regs: 1
src0: 255
src1: 255
dst0: 1
is_fp: 0
cf_type: NOT_CF
is_load: 0
inst_size: 16
inst_addr: 7f4eecacbf00
active_mask: ffffffff
br_taken_mask: 0
br_target_addr: 7f4eecacbf10
reconv_inst_addr/mem_addr: 0
mem_addr/reconv_inst_addr: 0
mem_access_size/barrier_id: 4
num_barrier_threads: 0
addr_space/fence_level: GPU_ADDR_SP_INVALID
barrier_id/mem_access_size: 4
fence_level/addr_space: GPU_FENCE_INVALID
*** end of the data structure *** 

*** begin of the data structure *** 
core_id:7 thread_id:5
opcode: NVBIT_IMAD
num_read_regs: 2
num_dest_regs: 1
src0: 255
src1: 255
dst0: 1
is_fp: 0
cf_type: NOT_CF
is_load: 0
inst_size: 16
inst_addr: 7f4eecacbf00
active_mask: ffffffff
br_taken_mask: 0
br_target_addr: 7f4eecacbf10
reconv_inst_addr/mem_addr: 0
mem_addr/reconv_inst_addr: 0
mem_access_size/barrier_id: 4
num_barrier_threads: 0
addr_space/fence_level: GPU_ADDR_SP_INVALID
barrier_id/mem_access_size: 4
fence_level/addr_space: GPU_FENCE_INVALID
*** end of the data structure *** 

*** begin of the data structure *** 
core_id:7 thread_id:6
opcode: NVBIT_IMAD
num_read_regs: 2
num_dest_regs: 1
src0: 255
src1: 255
dst0: 1
is_fp: 0
cf_type: NOT_CF
is_load: 0
inst_size: 16
inst_addr: 7f4eecacbf00
active_mask: ffffffff
br_taken_mask: 0
br_target_addr: 7f4eecacbf10
reconv_inst_addr/mem_addr: 0
mem_addr/reconv_inst_addr: 0
mem_access_size/barrier_id: 4
num_barrier_threads: 0
addr_space/fence_level: GPU_ADDR_SP_INVALID
barrier_id/mem_access_size: 4
fence_level/addr_space: GPU_FENCE_INVALID
*** end of the data structure *** 

*** begin of the data structure *** 
core_id:7 thread_id:7
opcode: NVBIT_IMAD
num_read_regs: 2
num_dest_regs: 1
src0: 255
src1: 255
dst0: 1
is_fp: 0
cf_type: NOT_CF
is_load: 0
inst_size: 16
inst_addr: 7f4eecacbf00
active_mask: ffffffff
br_taken_mask: 0
br_target_addr: 7f4eecacbf10
reconv_inst_addr/mem_addr: 0
mem_addr/reconv_inst_addr: 0
mem_access_size/barrier_id: 4
num_barrier_threads: 0
addr_space/fence_level: GPU_ADDR_SP_INVALID
barrier_id/mem_access_size: 4
fence_level/addr_space: GPU_FENCE_INVALID
*** end of the data structure *** 

*** begin of the data structure *** 
core_id:8 thread_id:4
opcode: NVBIT_IMAD
num_read_regs: 2
num_dest_regs: 1
src0: 255
src1: 255
dst0: 1
is_fp: 0
cf_type: NOT_CF
is_load: 0
inst_size: 16
inst_addr: 7f4eecacbf00
active_mask: ffffffff
br_taken_mask: 0
br_target_addr: 7f4eecacbf10
reconv_inst_addr/mem_addr: 0
mem_addr/reconv_inst_addr: 0
mem_access_size/barrier_id: 4
num_barrier_threads: 0
addr_space/fence_level: GPU_ADDR_SP_INVALID
barrier_id/mem_access_size: 4
fence_level/addr_space: GPU_FENCE_INVALID
*** end of the data structure *** 

*** begin of the data structure *** 
core_id:8 thread_id:5
opcode: NVBIT_IMAD
num_read_regs: 2
num_dest_regs: 1
src0: 255
src1: 255
dst0: 1
is_fp: 0
cf_type: NOT_CF
is_load: 0
inst_size: 16
inst_addr: 7f4eecacbf00
active_mask: ffffffff
br_taken_mask: 0
br_target_addr: 7f4eecacbf10
reconv_inst_addr/mem_addr: 0
mem_addr/reconv_inst_addr: 0
mem_access_size/barrier_id: 4
num_barrier_threads: 0
addr_space/fence_level: GPU_ADDR_SP_INVALID
barrier_id/mem_access_size: 4
fence_level/addr_space: GPU_FENCE_INVALID
*** end of the data structure *** 

*** begin of the data structure *** 
core_id:8 thread_id:6
opcode: NVBIT_IMAD
num_read_regs: 2
num_dest_regs: 1
src0: 255
src1: 255
dst0: 1
is_fp: 0
cf_type: NOT_CF
is_load: 0
inst_size: 16
inst_addr: 7f4eecacbf00
active_mask: ffffffff
br_taken_mask: 0
br_target_addr: 7f4eecacbf10
reconv_inst_addr/mem_addr: 0
mem_addr/reconv_inst_addr: 0
mem_access_size/barrier_id: 4
num_barrier_threads: 0
addr_space/fence_level: GPU_ADDR_SP_INVALID
barrier_id/mem_access_size: 4
fence_level/addr_space: GPU_FENCE_INVALID
*** end of the data structure *** 

*** begin of the data structure *** 
core_id:8 thread_id:7
opcode: NVBIT_IMAD
num_read_regs: 2
num_dest_regs: 1
src0: 255
src1: 255
dst0: 1
is_fp: 0
cf_type: NOT_CF
is_load: 0
inst_size: 16
inst_addr: 7f4eecacbf00
active_mask: ffffffff
br_taken_mask: 0
br_target_addr: 7f4eecacbf10
reconv_inst_addr/mem_addr: 0
mem_addr/reconv_inst_addr: 0
mem_access_size/barrier_id: 4
num_barrier_threads: 0
addr_space/fence_level: GPU_ADDR_SP_INVALID
barrier_id/mem_access_size: 4
fence_level/addr_space: GPU_FENCE_INVALID
*** end of the data structure *** 

*** begin of the data structure *** 
core_id:9 thread_id:4
opcode: NVBIT_IMAD
num_read_regs: 2
num_dest_regs: 1
src0: 255
src1: 255
dst0: 1
is_fp: 0
cf_type: NOT_CF
is_load: 0
inst_size: 16
inst_addr: 7f4eecacbf00
active_mask: ffffffff
br_taken_mask: 0
br_target_addr: 7f4eecacbf10
reconv_inst_addr/mem_addr: 0
mem_addr/reconv_inst_addr: 0
mem_access_size/barrier_id: 4
num_barrier_threads: 0
addr_space/fence_level: GPU_ADDR_SP_INVALID
barrier_id/mem_access_size: 4
fence_level/addr_space: GPU_FENCE_INVALID
*** end of the data structure *** 

*** begin of the data structure *** 
core_id:9 thread_id:5
opcode: NVBIT_IMAD
num_read_regs: 2
num_dest_regs: 1
src0: 255
src1: 255
dst0: 1
is_fp: 0
cf_type: NOT_CF
is_load: 0
inst_size: 16
inst_addr: 7f4eecacbf00
active_mask: ffffffff
br_taken_mask: 0
br_target_addr: 7f4eecacbf10
reconv_inst_addr/mem_addr: 0
mem_addr/reconv_inst_addr: 0
mem_access_size/barrier_id: 4
num_barrier_threads: 0
addr_space/fence_level: GPU_ADDR_SP_INVALID
barrier_id/mem_access_size: 4
fence_level/addr_space: GPU_FENCE_INVALID
*** end of the data structure *** 

*** begin of the data structure *** 
core_id:9 thread_id:6
opcode: NVBIT_IMAD
num_read_regs: 2
num_dest_regs: 1
src0: 255
src1: 255
dst0: 1
is_fp: 0
cf_type: NOT_CF
is_load: 0
inst_size: 16
inst_addr: 7f4eecacbf00
active_mask: ffffffff
br_taken_mask: 0
br_target_addr: 7f4eecacbf10
reconv_inst_addr/mem_addr: 0
mem_addr/reconv_inst_addr: 0
mem_access_size/barrier_id: 4
num_barrier_threads: 0
addr_space/fence_level: GPU_ADDR_SP_INVALID
barrier_id/mem_access_size: 4
fence_level/addr_space: GPU_FENCE_INVALID
*** end of the data structure *** 

*** begin of the data structure *** 
core_id:9 thread_id:7
opcode: NVBIT_IMAD
num_read_regs: 2
num_dest_regs: 1
src0: 255
src1: 255
dst0: 1
is_fp: 0
cf_type: NOT_CF
is_load: 0
inst_size: 16
inst_addr: 7f4eecacbf00
active_mask: ffffffff
br_taken_mask: 0
br_target_addr: 7f4eecacbf10
reconv_inst_addr/mem_addr: 0
mem_addr/reconv_inst_addr: 0
mem_access_size/barrier_id: 4
num_barrier_threads: 0
addr_space/fence_level: GPU_ADDR_SP_INVALID
barrier_id/mem_access_size: 4
fence_level/addr_space: GPU_FENCE_INVALID
*** end of the data structure *** 

*** begin of the data structure *** 
core_id:10 thread_id:4
opcode: NVBIT_IMAD
num_read_regs: 2
num_dest_regs: 1
src0: 255
src1: 255
dst0: 1
is_fp: 0
cf_type: NOT_CF
is_load: 0
inst_size: 16
inst_addr: 7f4eecacbf00
active_mask: ffffffff
br_taken_mask: 0
br_target_addr: 7f4eecacbf10
reconv_inst_addr/mem_addr: 0
mem_addr/reconv_inst_addr: 0
mem_access_size/barrier_id: 4
num_barrier_threads: 0
addr_space/fence_level: GPU_ADDR_SP_INVALID
barrier_id/mem_access_size: 4
fence_level/addr_space: GPU_FENCE_INVALID
*** end of the data structure *** 

*** begin of the data structure *** 
core_id:10 thread_id:5
opcode: NVBIT_IMAD
num_read_regs: 2
num_dest_regs: 1
src0: 255
src1: 255
dst0: 1
is_fp: 0
cf_type: NOT_CF
is_load: 0
inst_size: 16
inst_addr: 7f4eecacbf00
active_mask: ffffffff
br_taken_mask: 0
br_target_addr: 7f4eecacbf10
reconv_inst_addr/mem_addr: 0
mem_addr/reconv_inst_addr: 0
mem_access_size/barrier_id: 4
num_barrier_threads: 0
addr_space/fence_level: GPU_ADDR_SP_INVALID
barrier_id/mem_access_size: 4
fence_level/addr_space: GPU_FENCE_INVALID
*** end of the data structure *** 

*** begin of the data structure *** 
core_id:10 thread_id:6
opcode: NVBIT_IMAD
num_read_regs: 2
num_dest_regs: 1
src0: 255
src1: 255
dst0: 1
is_fp: 0
cf_type: NOT_CF
is_load: 0
inst_size: 16
inst_addr: 7f4eecacbf00
active_mask: ffffffff
br_taken_mask: 0
br_target_addr: 7f4eecacbf10
reconv_inst_addr/mem_addr: 0
mem_addr/reconv_inst_addr: 0
mem_access_size/barrier_id: 4
num_barrier_threads: 0
addr_space/fence_level: GPU_ADDR_SP_INVALID
barrier_id/mem_access_size: 4
fence_level/addr_space: GPU_FENCE_INVALID
*** end of the data structure *** 

*** begin of the data structure *** 
core_id:10 thread_id:7
opcode: NVBIT_IMAD
num_read_regs: 2
num_dest_regs: 1
src0: 255
src1: 255
dst0: 1
is_fp: 0
cf_type: NOT_CF
is_load: 0
inst_size: 16
inst_addr: 7f4eecacbf00
active_mask: ffffffff
br_taken_mask: 0
br_target_addr: 7f4eecacbf10
reconv_inst_addr/mem_addr: 0
mem_addr/reconv_inst_addr: 0
mem_access_size/barrier_id: 4
num_barrier_threads: 0
addr_space/fence_level: GPU_ADDR_SP_INVALID
barrier_id/mem_access_size: 4
fence_level/addr_space: GPU_FENCE_INVALID
*** end of the data structure *** 

*** begin of the data structure *** 
core_id:11 thread_id:4
opcode: NVBIT_IMAD
num_read_regs: 2
num_dest_regs: 1
src0: 255
src1: 255
dst0: 1
is_fp: 0
cf_type: NOT_CF
is_load: 0
inst_size: 16
inst_addr: 7f4eecacbf00
active_mask: ffffffff
br_taken_mask: 0
br_target_addr: 7f4eecacbf10
reconv_inst_addr/mem_addr: 0
mem_addr/reconv_inst_addr: 0
mem_access_size/barrier_id: 4
num_barrier_threads: 0
addr_space/fence_level: GPU_ADDR_SP_INVALID
barrier_id/mem_access_size: 4
fence_level/addr_space: GPU_FENCE_INVALID
*** end of the data structure *** 

*** begin of the data structure *** 
core_id:11 thread_id:5
opcode: NVBIT_IMAD
num_read_regs: 2
num_dest_regs: 1
src0: 255
src1: 255
dst0: 1
is_fp: 0
cf_type: NOT_CF
is_load: 0
inst_size: 16
inst_addr: 7f4eecacbf00
active_mask: ffffffff
br_taken_mask: 0
br_target_addr: 7f4eecacbf10
reconv_inst_addr/mem_addr: 0
mem_addr/reconv_inst_addr: 0
mem_access_size/barrier_id: 4
num_barrier_threads: 0
addr_space/fence_level: GPU_ADDR_SP_INVALID
barrier_id/mem_access_size: 4
fence_level/addr_space: GPU_FENCE_INVALID
*** end of the data structure *** 

*** begin of the data structure *** 
core_id:11 thread_id:6
opcode: NVBIT_IMAD
num_read_regs: 2
num_dest_regs: 1
src0: 255
src1: 255
dst0: 1
is_fp: 0
cf_type: NOT_CF
is_load: 0
inst_size: 16
inst_addr: 7f4eecacbf00
active_mask: ffffffff
br_taken_mask: 0
br_target_addr: 7f4eecacbf10
reconv_inst_addr/mem_addr: 0
mem_addr/reconv_inst_addr: 0
mem_access_size/barrier_id: 4
num_barrier_threads: 0
addr_space/fence_level: GPU_ADDR_SP_INVALID
barrier_id/mem_access_size: 4
fence_level/addr_space: GPU_FENCE_INVALID
*** end of the data structure *** 

*** begin of the data structure *** 
core_id:11 thread_id:7
opcode: NVBIT_IMAD
num_read_regs: 2
num_dest_regs: 1
src0: 255
src1: 255
dst0: 1
is_fp: 0
cf_type: NOT_CF
is_load: 0
inst_size: 16
inst_addr: 7f4eecacbf00
active_mask: ffffffff
br_taken_mask: 0
br_target_addr: 7f4eecacbf10
reconv_inst_addr/mem_addr: 0
mem_addr/reconv_inst_addr: 0
mem_access_size/barrier_id: 4
num_barrier_threads: 0
addr_space/fence_level: GPU_ADDR_SP_INVALID
barrier_id/mem_access_size: 4
fence_level/addr_space: GPU_FENCE_INVALID
*** end of the data structure *** 

*** begin of the data structure *** 
core_id:12 thread_id:4
opcode: NVBIT_IMAD
num_read_regs: 2
num_dest_regs: 1
src0: 255
src1: 255
dst0: 1
is_fp: 0
cf_type: NOT_CF
is_load: 0
inst_size: 16
inst_addr: 7f4eecacbf00
active_mask: ffffffff
br_taken_mask: 0
br_target_addr: 7f4eecacbf10
reconv_inst_addr/mem_addr: 0
mem_addr/reconv_inst_addr: 0
mem_access_size/barrier_id: 4
num_barrier_threads: 0
addr_space/fence_level: GPU_ADDR_SP_INVALID
barrier_id/mem_access_size: 4
fence_level/addr_space: GPU_FENCE_INVALID
*** end of the data structure *** 

*** begin of the data structure *** 
core_id:12 thread_id:5
opcode: NVBIT_IMAD
num_read_regs: 2
num_dest_regs: 1
src0: 255
src1: 255
dst0: 1
is_fp: 0
cf_type: NOT_CF
is_load: 0
inst_size: 16
inst_addr: 7f4eecacbf00
active_mask: ffffffff
br_taken_mask: 0
br_target_addr: 7f4eecacbf10
reconv_inst_addr/mem_addr: 0
mem_addr/reconv_inst_addr: 0
mem_access_size/barrier_id: 4
num_barrier_threads: 0
addr_space/fence_level: GPU_ADDR_SP_INVALID
barrier_id/mem_access_size: 4
fence_level/addr_space: GPU_FENCE_INVALID
*** end of the data structure *** 

*** begin of the data structure *** 
core_id:12 thread_id:6
opcode: NVBIT_IMAD
num_read_regs: 2
num_dest_regs: 1
src0: 255
src1: 255
dst0: 1
is_fp: 0
cf_type: NOT_CF
is_load: 0
inst_size: 16
inst_addr: 7f4eecacbf00
active_mask: ffffffff
br_taken_mask: 0
br_target_addr: 7f4eecacbf10
reconv_inst_addr/mem_addr: 0
mem_addr/reconv_inst_addr: 0
mem_access_size/barrier_id: 4
num_barrier_threads: 0
addr_space/fence_level: GPU_ADDR_SP_INVALID
barrier_id/mem_access_size: 4
fence_level/addr_space: GPU_FENCE_INVALID
*** end of the data structure *** 

*** begin of the data structure *** 
core_id:12 thread_id:7
opcode: NVBIT_IMAD
num_read_regs: 2
num_dest_regs: 1
src0: 255
src1: 255
dst0: 1
is_fp: 0
cf_type: NOT_CF
is_load: 0
inst_size: 16
inst_addr: 7f4eecacbf00
active_mask: ffffffff
br_taken_mask: 0
br_target_addr: 7f4eecacbf10
reconv_inst_addr/mem_addr: 0
mem_addr/reconv_inst_addr: 0
mem_access_size/barrier_id: 4
num_barrier_threads: 0
addr_space/fence_level: GPU_ADDR_SP_INVALID
barrier_id/mem_access_size: 4
fence_level/addr_space: GPU_FENCE_INVALID
*** end of the data structure *** 

*** begin of the data structure *** 
core_id:13 thread_id:4
opcode: NVBIT_IMAD
num_read_regs: 2
num_dest_regs: 1
src0: 255
src1: 255
dst0: 1
is_fp: 0
cf_type: NOT_CF
is_load: 0
inst_size: 16
inst_addr: 7f4eecacbf00
active_mask: ffffffff
br_taken_mask: 0
br_target_addr: 7f4eecacbf10
reconv_inst_addr/mem_addr: 0
mem_addr/reconv_inst_addr: 0
mem_access_size/barrier_id: 4
num_barrier_threads: 0
addr_space/fence_level: GPU_ADDR_SP_INVALID
barrier_id/mem_access_size: 4
fence_level/addr_space: GPU_FENCE_INVALID
*** end of the data structure *** 

*** begin of the data structure *** 
core_id:13 thread_id:5
opcode: NVBIT_IMAD
num_read_regs: 2
num_dest_regs: 1
src0: 255
src1: 255
dst0: 1
is_fp: 0
cf_type: NOT_CF
is_load: 0
inst_size: 16
inst_addr: 7f4eecacbf00
active_mask: ffffffff
br_taken_mask: 0
br_target_addr: 7f4eecacbf10
reconv_inst_addr/mem_addr: 0
mem_addr/reconv_inst_addr: 0
mem_access_size/barrier_id: 4
num_barrier_threads: 0
addr_space/fence_level: GPU_ADDR_SP_INVALID
barrier_id/mem_access_size: 4
fence_level/addr_space: GPU_FENCE_INVALID
*** end of the data structure *** 

*** begin of the data structure *** 
core_id:13 thread_id:6
opcode: NVBIT_IMAD
num_read_regs: 2
num_dest_regs: 1
src0: 255
src1: 255
dst0: 1
is_fp: 0
cf_type: NOT_CF
is_load: 0
inst_size: 16
inst_addr: 7f4eecacbf00
active_mask: ffffffff
br_taken_mask: 0
br_target_addr: 7f4eecacbf10
reconv_inst_addr/mem_addr: 0
mem_addr/reconv_inst_addr: 0
mem_access_size/barrier_id: 4
num_barrier_threads: 0
addr_space/fence_level: GPU_ADDR_SP_INVALID
barrier_id/mem_access_size: 4
fence_level/addr_space: GPU_FENCE_INVALID
*** end of the data structure *** 

*** begin of the data structure *** 
core_id:13 thread_id:7
opcode: NVBIT_IMAD
num_read_regs: 2
num_dest_regs: 1
src0: 255
src1: 255
dst0: 1
is_fp: 0
cf_type: NOT_CF
is_load: 0
inst_size: 16
inst_addr: 7f4eecacbf00
active_mask: ffffffff
br_taken_mask: 0
br_target_addr: 7f4eecacbf10
reconv_inst_addr/mem_addr: 0
mem_addr/reconv_inst_addr: 0
mem_access_size/barrier_id: 4
num_barrier_threads: 0
addr_space/fence_level: GPU_ADDR_SP_INVALID
barrier_id/mem_access_size: 4
fence_level/addr_space: GPU_FENCE_INVALID
*** end of the data structure *** 

*** begin of the data structure *** 
core_id:14 thread_id:4
opcode: NVBIT_IMAD
num_read_regs: 2
num_dest_regs: 1
src0: 255
src1: 255
dst0: 1
is_fp: 0
cf_type: NOT_CF
is_load: 0
inst_size: 16
inst_addr: 7f4eecacbf00
active_mask: ffffffff
br_taken_mask: 0
br_target_addr: 7f4eecacbf10
reconv_inst_addr/mem_addr: 0
mem_addr/reconv_inst_addr: 0
mem_access_size/barrier_id: 4
num_barrier_threads: 0
addr_space/fence_level: GPU_ADDR_SP_INVALID
barrier_id/mem_access_size: 4
fence_level/addr_space: GPU_FENCE_INVALID
*** end of the data structure *** 

*** begin of the data structure *** 
core_id:14 thread_id:5
opcode: NVBIT_IMAD
num_read_regs: 2
num_dest_regs: 1
src0: 255
src1: 255
dst0: 1
is_fp: 0
cf_type: NOT_CF
is_load: 0
inst_size: 16
inst_addr: 7f4eecacbf00
active_mask: ffffffff
br_taken_mask: 0
br_target_addr: 7f4eecacbf10
reconv_inst_addr/mem_addr: 0
mem_addr/reconv_inst_addr: 0
mem_access_size/barrier_id: 4
num_barrier_threads: 0
addr_space/fence_level: GPU_ADDR_SP_INVALID
barrier_id/mem_access_size: 4
fence_level/addr_space: GPU_FENCE_INVALID
*** end of the data structure *** 

*** begin of the data structure *** 
core_id:14 thread_id:6
opcode: NVBIT_IMAD
num_read_regs: 2
num_dest_regs: 1
src0: 255
src1: 255
dst0: 1
is_fp: 0
cf_type: NOT_CF
is_load: 0
inst_size: 16
inst_addr: 7f4eecacbf00
active_mask: ffffffff
br_taken_mask: 0
br_target_addr: 7f4eecacbf10
reconv_inst_addr/mem_addr: 0
mem_addr/reconv_inst_addr: 0
mem_access_size/barrier_id: 4
num_barrier_threads: 0
addr_space/fence_level: GPU_ADDR_SP_INVALID
barrier_id/mem_access_size: 4
fence_level/addr_space: GPU_FENCE_INVALID
*** end of the data structure *** 

*** begin of the data structure *** 
core_id:14 thread_id:7
opcode: NVBIT_IMAD
num_read_regs: 2
num_dest_regs: 1
src0: 255
src1: 255
dst0: 1
is_fp: 0
cf_type: NOT_CF
is_load: 0
inst_size: 16
inst_addr: 7f4eecacbf00
active_mask: ffffffff
br_taken_mask: 0
br_target_addr: 7f4eecacbf10
reconv_inst_addr/mem_addr: 0
mem_addr/reconv_inst_addr: 0
mem_access_size/barrier_id: 4
num_barrier_threads: 0
addr_space/fence_level: GPU_ADDR_SP_INVALID
barrier_id/mem_access_size: 4
fence_level/addr_space: GPU_FENCE_INVALID
*** end of the data structure *** 

*** begin of the data structure *** 
core_id:15 thread_id:4
opcode: NVBIT_IMAD
num_read_regs: 2
num_dest_regs: 1
src0: 255
src1: 255
dst0: 1
is_fp: 0
cf_type: NOT_CF
is_load: 0
inst_size: 16
inst_addr: 7f4eecacbf00
active_mask: ffffffff
br_taken_mask: 0
br_target_addr: 7f4eecacbf10
reconv_inst_addr/mem_addr: 0
mem_addr/reconv_inst_addr: 0
mem_access_size/barrier_id: 4
num_barrier_threads: 0
addr_space/fence_level: GPU_ADDR_SP_INVALID
barrier_id/mem_access_size: 4
fence_level/addr_space: GPU_FENCE_INVALID
*** end of the data structure *** 

*** begin of the data structure *** 
core_id:15 thread_id:5
opcode: NVBIT_IMAD
num_read_regs: 2
num_dest_regs: 1
src0: 255
src1: 255
dst0: 1
is_fp: 0
cf_type: NOT_CF
is_load: 0
inst_size: 16
inst_addr: 7f4eecacbf00
active_mask: ffffffff
br_taken_mask: 0
br_target_addr: 7f4eecacbf10
reconv_inst_addr/mem_addr: 0
mem_addr/reconv_inst_addr: 0
mem_access_size/barrier_id: 4
num_barrier_threads: 0
addr_space/fence_level: GPU_ADDR_SP_INVALID
barrier_id/mem_access_size: 4
fence_level/addr_space: GPU_FENCE_INVALID
*** end of the data structure *** 

*** begin of the data structure *** 
core_id:15 thread_id:6
opcode: NVBIT_IMAD
num_read_regs: 2
num_dest_regs: 1
src0: 255
src1: 255
dst0: 1
is_fp: 0
cf_type: NOT_CF
is_load: 0
inst_size: 16
inst_addr: 7f4eecacbf00
active_mask: ffffffff
br_taken_mask: 0
br_target_addr: 7f4eecacbf10
reconv_inst_addr/mem_addr: 0
mem_addr/reconv_inst_addr: 0
mem_access_size/barrier_id: 4
num_barrier_threads: 0
addr_space/fence_level: GPU_ADDR_SP_INVALID
barrier_id/mem_access_size: 4
fence_level/addr_space: GPU_FENCE_INVALID
*** end of the data structure *** 

*** begin of the data structure *** 
core_id:15 thread_id:7
opcode: NVBIT_IMAD
num_read_regs: 2
num_dest_regs: 1
src0: 255
src1: 255
dst0: 1
is_fp: 0
cf_type: NOT_CF
is_load: 0
inst_size: 16
inst_addr: 7f4eecacbf00
active_mask: ffffffff
br_taken_mask: 0
br_target_addr: 7f4eecacbf10
reconv_inst_addr/mem_addr: 0
mem_addr/reconv_inst_addr: 0
mem_access_size/barrier_id: 4
num_barrier_threads: 0
addr_space/fence_level: GPU_ADDR_SP_INVALID
barrier_id/mem_access_size: 4
fence_level/addr_space: GPU_FENCE_INVALID
*** end of the data structure *** 

*** begin of the data structure *** 
core_id:16 thread_id:4
opcode: NVBIT_IMAD
num_read_regs: 2
num_dest_regs: 1
src0: 255
src1: 255
dst0: 1
is_fp: 0
cf_type: NOT_CF
is_load: 0
inst_size: 16
inst_addr: 7f4eecacbf00
active_mask: ffffffff
br_taken_mask: 0
br_target_addr: 7f4eecacbf10
reconv_inst_addr/mem_addr: 0
mem_addr/reconv_inst_addr: 0
mem_access_size/barrier_id: 4
num_barrier_threads: 0
addr_space/fence_level: GPU_ADDR_SP_INVALID
barrier_id/mem_access_size: 4
fence_level/addr_space: GPU_FENCE_INVALID
*** end of the data structure *** 

*** begin of the data structure *** 
core_id:16 thread_id:5
opcode: NVBIT_IMAD
num_read_regs: 2
num_dest_regs: 1
src0: 255
src1: 255
dst0: 1
is_fp: 0
cf_type: NOT_CF
is_load: 0
inst_size: 16
inst_addr: 7f4eecacbf00
active_mask: ffffffff
br_taken_mask: 0
br_target_addr: 7f4eecacbf10
reconv_inst_addr/mem_addr: 0
mem_addr/reconv_inst_addr: 0
mem_access_size/barrier_id: 4
num_barrier_threads: 0
addr_space/fence_level: GPU_ADDR_SP_INVALID
barrier_id/mem_access_size: 4
fence_level/addr_space: GPU_FENCE_INVALID
*** end of the data structure *** 

*** begin of the data structure *** 
core_id:16 thread_id:6
opcode: NVBIT_IMAD
num_read_regs: 2
num_dest_regs: 1
src0: 255
src1: 255
dst0: 1
is_fp: 0
cf_type: NOT_CF
is_load: 0
inst_size: 16
inst_addr: 7f4eecacbf00
active_mask: ffffffff
br_taken_mask: 0
br_target_addr: 7f4eecacbf10
reconv_inst_addr/mem_addr: 0
mem_addr/reconv_inst_addr: 0
mem_access_size/barrier_id: 4
num_barrier_threads: 0
addr_space/fence_level: GPU_ADDR_SP_INVALID
barrier_id/mem_access_size: 4
fence_level/addr_space: GPU_FENCE_INVALID
*** end of the data structure *** 

*** begin of the data structure *** 
core_id:16 thread_id:7
opcode: NVBIT_IMAD
num_read_regs: 2
num_dest_regs: 1
src0: 255
src1: 255
dst0: 1
is_fp: 0
cf_type: NOT_CF
is_load: 0
inst_size: 16
inst_addr: 7f4eecacbf00
active_mask: ffffffff
br_taken_mask: 0
br_target_addr: 7f4eecacbf10
reconv_inst_addr/mem_addr: 0
mem_addr/reconv_inst_addr: 0
mem_access_size/barrier_id: 4
num_barrier_threads: 0
addr_space/fence_level: GPU_ADDR_SP_INVALID
barrier_id/mem_access_size: 4
fence_level/addr_space: GPU_FENCE_INVALID
*** end of the data structure *** 

*** begin of the data structure *** 
core_id:17 thread_id:4
opcode: NVBIT_IMAD
num_read_regs: 2
num_dest_regs: 1
src0: 255
src1: 255
dst0: 1
is_fp: 0
cf_type: NOT_CF
is_load: 0
inst_size: 16
inst_addr: 7f4eecacbf00
active_mask: ffffffff
br_taken_mask: 0
br_target_addr: 7f4eecacbf10
reconv_inst_addr/mem_addr: 0
mem_addr/reconv_inst_addr: 0
mem_access_size/barrier_id: 4
num_barrier_threads: 0
addr_space/fence_level: GPU_ADDR_SP_INVALID
barrier_id/mem_access_size: 4
fence_level/addr_space: GPU_FENCE_INVALID
*** end of the data structure *** 

*** begin of the data structure *** 
core_id:17 thread_id:5
opcode: NVBIT_IMAD
num_read_regs: 2
num_dest_regs: 1
src0: 255
src1: 255
dst0: 1
is_fp: 0
cf_type: NOT_CF
is_load: 0
inst_size: 16
inst_addr: 7f4eecacbf00
active_mask: ffffffff
br_taken_mask: 0
br_target_addr: 7f4eecacbf10
reconv_inst_addr/mem_addr: 0
mem_addr/reconv_inst_addr: 0
mem_access_size/barrier_id: 4
num_barrier_threads: 0
addr_space/fence_level: GPU_ADDR_SP_INVALID
barrier_id/mem_access_size: 4
fence_level/addr_space: GPU_FENCE_INVALID
*** end of the data structure *** 

*** begin of the data structure *** 
core_id:17 thread_id:6
opcode: NVBIT_IMAD
num_read_regs: 2
num_dest_regs: 1
src0: 255
src1: 255
dst0: 1
is_fp: 0
cf_type: NOT_CF
is_load: 0
inst_size: 16
inst_addr: 7f4eecacbf00
active_mask: ffffffff
br_taken_mask: 0
br_target_addr: 7f4eecacbf10
reconv_inst_addr/mem_addr: 0
mem_addr/reconv_inst_addr: 0
mem_access_size/barrier_id: 4
num_barrier_threads: 0
addr_space/fence_level: GPU_ADDR_SP_INVALID
barrier_id/mem_access_size: 4
fence_level/addr_space: GPU_FENCE_INVALID
*** end of the data structure *** 

*** begin of the data structure *** 
core_id:17 thread_id:7
opcode: NVBIT_IMAD
num_read_regs: 2
num_dest_regs: 1
src0: 255
src1: 255
dst0: 1
is_fp: 0
cf_type: NOT_CF
is_load: 0
inst_size: 16
inst_addr: 7f4eecacbf00
active_mask: ffffffff
br_taken_mask: 0
br_target_addr: 7f4eecacbf10
reconv_inst_addr/mem_addr: 0
mem_addr/reconv_inst_addr: 0
mem_access_size/barrier_id: 4
num_barrier_threads: 0
addr_space/fence_level: GPU_ADDR_SP_INVALID
barrier_id/mem_access_size: 4
fence_level/addr_space: GPU_FENCE_INVALID
*** end of the data structure *** 

*** begin of the data structure *** 
core_id:18 thread_id:4
opcode: NVBIT_IMAD
num_read_regs: 2
num_dest_regs: 1
src0: 255
src1: 255
dst0: 1
is_fp: 0
cf_type: NOT_CF
is_load: 0
inst_size: 16
inst_addr: 7f4eecacbf00
active_mask: ffffffff
br_taken_mask: 0
br_target_addr: 7f4eecacbf10
reconv_inst_addr/mem_addr: 0
mem_addr/reconv_inst_addr: 0
mem_access_size/barrier_id: 4
num_barrier_threads: 0
addr_space/fence_level: GPU_ADDR_SP_INVALID
barrier_id/mem_access_size: 4
fence_level/addr_space: GPU_FENCE_INVALID
*** end of the data structure *** 

*** begin of the data structure *** 
core_id:18 thread_id:5
opcode: NVBIT_IMAD
num_read_regs: 2
num_dest_regs: 1
src0: 255
src1: 255
dst0: 1
is_fp: 0
cf_type: NOT_CF
is_load: 0
inst_size: 16
inst_addr: 7f4eecacbf00
active_mask: ffffffff
br_taken_mask: 0
br_target_addr: 7f4eecacbf10
reconv_inst_addr/mem_addr: 0
mem_addr/reconv_inst_addr: 0
mem_access_size/barrier_id: 4
num_barrier_threads: 0
addr_space/fence_level: GPU_ADDR_SP_INVALID
barrier_id/mem_access_size: 4
fence_level/addr_space: GPU_FENCE_INVALID
*** end of the data structure *** 

*** begin of the data structure *** 
core_id:18 thread_id:6
opcode: NVBIT_IMAD
num_read_regs: 2
num_dest_regs: 1
src0: 255
src1: 255
dst0: 1
is_fp: 0
cf_type: NOT_CF
is_load: 0
inst_size: 16
inst_addr: 7f4eecacbf00
active_mask: ffffffff
br_taken_mask: 0
br_target_addr: 7f4eecacbf10
reconv_inst_addr/mem_addr: 0
mem_addr/reconv_inst_addr: 0
mem_access_size/barrier_id: 4
num_barrier_threads: 0
addr_space/fence_level: GPU_ADDR_SP_INVALID
barrier_id/mem_access_size: 4
fence_level/addr_space: GPU_FENCE_INVALID
*** end of the data structure *** 

*** begin of the data structure *** 
core_id:18 thread_id:7
opcode: NVBIT_IMAD
num_read_regs: 2
num_dest_regs: 1
src0: 255
src1: 255
dst0: 1
is_fp: 0
cf_type: NOT_CF
is_load: 0
inst_size: 16
inst_addr: 7f4eecacbf00
active_mask: ffffffff
br_taken_mask: 0
br_target_addr: 7f4eecacbf10
reconv_inst_addr/mem_addr: 0
mem_addr/reconv_inst_addr: 0
mem_access_size/barrier_id: 4
num_barrier_threads: 0
addr_space/fence_level: GPU_ADDR_SP_INVALID
barrier_id/mem_access_size: 4
fence_level/addr_space: GPU_FENCE_INVALID
*** end of the data structure *** 

*** begin of the data structure *** 
core_id:19 thread_id:4
opcode: NVBIT_IMAD
num_read_regs: 2
num_dest_regs: 1
src0: 255
src1: 255
dst0: 1
is_fp: 0
cf_type: NOT_CF
is_load: 0
inst_size: 16
inst_addr: 7f4eecacbf00
active_mask: ffffffff
br_taken_mask: 0
br_target_addr: 7f4eecacbf10
reconv_inst_addr/mem_addr: 0
mem_addr/reconv_inst_addr: 0
mem_access_size/barrier_id: 4
num_barrier_threads: 0
addr_space/fence_level: GPU_ADDR_SP_INVALID
barrier_id/mem_access_size: 4
fence_level/addr_space: GPU_FENCE_INVALID
*** end of the data structure *** 

*** begin of the data structure *** 
core_id:19 thread_id:5
opcode: NVBIT_IMAD
num_read_regs: 2
num_dest_regs: 1
src0: 255
src1: 255
dst0: 1
is_fp: 0
cf_type: NOT_CF
is_load: 0
inst_size: 16
inst_addr: 7f4eecacbf00
active_mask: ffffffff
br_taken_mask: 0
br_target_addr: 7f4eecacbf10
reconv_inst_addr/mem_addr: 0
mem_addr/reconv_inst_addr: 0
mem_access_size/barrier_id: 4
num_barrier_threads: 0
addr_space/fence_level: GPU_ADDR_SP_INVALID
barrier_id/mem_access_size: 4
fence_level/addr_space: GPU_FENCE_INVALID
*** end of the data structure *** 

*** begin of the data structure *** 
core_id:19 thread_id:6
opcode: NVBIT_IMAD
num_read_regs: 2
num_dest_regs: 1
src0: 255
src1: 255
dst0: 1
is_fp: 0
cf_type: NOT_CF
is_load: 0
inst_size: 16
inst_addr: 7f4eecacbf00
active_mask: ffffffff
br_taken_mask: 0
br_target_addr: 7f4eecacbf10
reconv_inst_addr/mem_addr: 0
mem_addr/reconv_inst_addr: 0
mem_access_size/barrier_id: 4
num_barrier_threads: 0
addr_space/fence_level: GPU_ADDR_SP_INVALID
barrier_id/mem_access_size: 4
fence_level/addr_space: GPU_FENCE_INVALID
*** end of the data structure *** 

*** begin of the data structure *** 
core_id:19 thread_id:7
opcode: NVBIT_IMAD
num_read_regs: 2
num_dest_regs: 1
src0: 255
src1: 255
dst0: 1
is_fp: 0
cf_type: NOT_CF
is_load: 0
inst_size: 16
inst_addr: 7f4eecacbf00
active_mask: ffffffff
br_taken_mask: 0
br_target_addr: 7f4eecacbf10
reconv_inst_addr/mem_addr: 0
mem_addr/reconv_inst_addr: 0
mem_access_size/barrier_id: 4
num_barrier_threads: 0
addr_space/fence_level: GPU_ADDR_SP_INVALID
barrier_id/mem_access_size: 4
fence_level/addr_space: GPU_FENCE_INVALID
*** end of the data structure *** 

*** begin of the data structure *** 
core_id:20 thread_id:4
opcode: NVBIT_IMAD
num_read_regs: 2
num_dest_regs: 1
src0: 255
src1: 255
dst0: 1
is_fp: 0
cf_type: NOT_CF
is_load: 0
inst_size: 16
inst_addr: 7f4eecacbf00
active_mask: ffffffff
br_taken_mask: 0
br_target_addr: 7f4eecacbf10
reconv_inst_addr/mem_addr: 0
mem_addr/reconv_inst_addr: 0
mem_access_size/barrier_id: 4
num_barrier_threads: 0
addr_space/fence_level: GPU_ADDR_SP_INVALID
barrier_id/mem_access_size: 4
fence_level/addr_space: GPU_FENCE_INVALID
*** end of the data structure *** 

*** begin of the data structure *** 
core_id:20 thread_id:5
opcode: NVBIT_IMAD
num_read_regs: 2
num_dest_regs: 1
src0: 255
src1: 255
dst0: 1
is_fp: 0
cf_type: NOT_CF
is_load: 0
inst_size: 16
inst_addr: 7f4eecacbf00
active_mask: ffffffff
br_taken_mask: 0
br_target_addr: 7f4eecacbf10
reconv_inst_addr/mem_addr: 0
mem_addr/reconv_inst_addr: 0
mem_access_size/barrier_id: 4
num_barrier_threads: 0
addr_space/fence_level: GPU_ADDR_SP_INVALID
barrier_id/mem_access_size: 4
fence_level/addr_space: GPU_FENCE_INVALID
*** end of the data structure *** 

*** begin of the data structure *** 
core_id:20 thread_id:6
opcode: NVBIT_IMAD
num_read_regs: 2
num_dest_regs: 1
src0: 255
src1: 255
dst0: 1
is_fp: 0
cf_type: NOT_CF
is_load: 0
inst_size: 16
inst_addr: 7f4eecacbf00
active_mask: ffffffff
br_taken_mask: 0
br_target_addr: 7f4eecacbf10
reconv_inst_addr/mem_addr: 0
mem_addr/reconv_inst_addr: 0
mem_access_size/barrier_id: 4
num_barrier_threads: 0
addr_space/fence_level: GPU_ADDR_SP_INVALID
barrier_id/mem_access_size: 4
fence_level/addr_space: GPU_FENCE_INVALID
*** end of the data structure *** 

*** begin of the data structure *** 
core_id:20 thread_id:7
opcode: NVBIT_IMAD
num_read_regs: 2
num_dest_regs: 1
src0: 255
src1: 255
dst0: 1
is_fp: 0
cf_type: NOT_CF
is_load: 0
inst_size: 16
inst_addr: 7f4eecacbf00
active_mask: ffffffff
br_taken_mask: 0
br_target_addr: 7f4eecacbf10
reconv_inst_addr/mem_addr: 0
mem_addr/reconv_inst_addr: 0
mem_access_size/barrier_id: 4
num_barrier_threads: 0
addr_space/fence_level: GPU_ADDR_SP_INVALID
barrier_id/mem_access_size: 4
fence_level/addr_space: GPU_FENCE_INVALID
*** end of the data structure *** 

*** begin of the data structure *** 
core_id:21 thread_id:4
opcode: NVBIT_IMAD
num_read_regs: 2
num_dest_regs: 1
src0: 255
src1: 255
dst0: 1
is_fp: 0
cf_type: NOT_CF
is_load: 0
inst_size: 16
inst_addr: 7f4eecacbf00
active_mask: ffffffff
br_taken_mask: 0
br_target_addr: 7f4eecacbf10
reconv_inst_addr/mem_addr: 0
mem_addr/reconv_inst_addr: 0
mem_access_size/barrier_id: 4
num_barrier_threads: 0
addr_space/fence_level: GPU_ADDR_SP_INVALID
barrier_id/mem_access_size: 4
fence_level/addr_space: GPU_FENCE_INVALID
*** end of the data structure *** 

*** begin of the data structure *** 
core_id:21 thread_id:5
opcode: NVBIT_IMAD
num_read_regs: 2
num_dest_regs: 1
src0: 255
src1: 255
dst0: 1
is_fp: 0
cf_type: NOT_CF
is_load: 0
inst_size: 16
inst_addr: 7f4eecacbf00
active_mask: ffffffff
br_taken_mask: 0
br_target_addr: 7f4eecacbf10
reconv_inst_addr/mem_addr: 0
mem_addr/reconv_inst_addr: 0
mem_access_size/barrier_id: 4
num_barrier_threads: 0
addr_space/fence_level: GPU_ADDR_SP_INVALID
barrier_id/mem_access_size: 4
fence_level/addr_space: GPU_FENCE_INVALID
*** end of the data structure *** 

*** begin of the data structure *** 
core_id:21 thread_id:6
opcode: NVBIT_IMAD
num_read_regs: 2
num_dest_regs: 1
src0: 255
src1: 255
dst0: 1
is_fp: 0
cf_type: NOT_CF
is_load: 0
inst_size: 16
inst_addr: 7f4eecacbf00
active_mask: ffffffff
br_taken_mask: 0
br_target_addr: 7f4eecacbf10
reconv_inst_addr/mem_addr: 0
mem_addr/reconv_inst_addr: 0
mem_access_size/barrier_id: 4
num_barrier_threads: 0
addr_space/fence_level: GPU_ADDR_SP_INVALID
barrier_id/mem_access_size: 4
fence_level/addr_space: GPU_FENCE_INVALID
*** end of the data structure *** 

*** begin of the data structure *** 
core_id:21 thread_id:7
opcode: NVBIT_IMAD
num_read_regs: 2
num_dest_regs: 1
src0: 255
src1: 255
dst0: 1
is_fp: 0
cf_type: NOT_CF
is_load: 0
inst_size: 16
inst_addr: 7f4eecacbf00
active_mask: ffffffff
br_taken_mask: 0
br_target_addr: 7f4eecacbf10
reconv_inst_addr/mem_addr: 0
mem_addr/reconv_inst_addr: 0
mem_access_size/barrier_id: 4
num_barrier_threads: 0
addr_space/fence_level: GPU_ADDR_SP_INVALID
barrier_id/mem_access_size: 4
fence_level/addr_space: GPU_FENCE_INVALID
*** end of the data structure *** 

*** begin of the data structure *** 
core_id:22 thread_id:4
opcode: NVBIT_IMAD
num_read_regs: 2
num_dest_regs: 1
src0: 255
src1: 255
dst0: 1
is_fp: 0
cf_type: NOT_CF
is_load: 0
inst_size: 16
inst_addr: 7f4eecacbf00
active_mask: ffffffff
br_taken_mask: 0
br_target_addr: 7f4eecacbf10
reconv_inst_addr/mem_addr: 0
mem_addr/reconv_inst_addr: 0
mem_access_size/barrier_id: 4
num_barrier_threads: 0
addr_space/fence_level: GPU_ADDR_SP_INVALID
barrier_id/mem_access_size: 4
fence_level/addr_space: GPU_FENCE_INVALID
*** end of the data structure *** 

*** begin of the data structure *** 
core_id:22 thread_id:5
opcode: NVBIT_IMAD
num_read_regs: 2
num_dest_regs: 1
src0: 255
src1: 255
dst0: 1
is_fp: 0
cf_type: NOT_CF
is_load: 0
inst_size: 16
inst_addr: 7f4eecacbf00
active_mask: ffffffff
br_taken_mask: 0
br_target_addr: 7f4eecacbf10
reconv_inst_addr/mem_addr: 0
mem_addr/reconv_inst_addr: 0
mem_access_size/barrier_id: 4
num_barrier_threads: 0
addr_space/fence_level: GPU_ADDR_SP_INVALID
barrier_id/mem_access_size: 4
fence_level/addr_space: GPU_FENCE_INVALID
*** end of the data structure *** 

*** begin of the data structure *** 
core_id:22 thread_id:6
opcode: NVBIT_IMAD
num_read_regs: 2
num_dest_regs: 1
src0: 255
src1: 255
dst0: 1
is_fp: 0
cf_type: NOT_CF
is_load: 0
inst_size: 16
inst_addr: 7f4eecacbf00
active_mask: ffffffff
br_taken_mask: 0
br_target_addr: 7f4eecacbf10
reconv_inst_addr/mem_addr: 0
mem_addr/reconv_inst_addr: 0
mem_access_size/barrier_id: 4
num_barrier_threads: 0
addr_space/fence_level: GPU_ADDR_SP_INVALID
barrier_id/mem_access_size: 4
fence_level/addr_space: GPU_FENCE_INVALID
*** end of the data structure *** 

*** begin of the data structure *** 
core_id:22 thread_id:7
opcode: NVBIT_IMAD
num_read_regs: 2
num_dest_regs: 1
src0: 255
src1: 255
dst0: 1
is_fp: 0
cf_type: NOT_CF
is_load: 0
inst_size: 16
inst_addr: 7f4eecacbf00
active_mask: ffffffff
br_taken_mask: 0
br_target_addr: 7f4eecacbf10
reconv_inst_addr/mem_addr: 0
mem_addr/reconv_inst_addr: 0
mem_access_size/barrier_id: 4
num_barrier_threads: 0
addr_space/fence_level: GPU_ADDR_SP_INVALID
barrier_id/mem_access_size: 4
fence_level/addr_space: GPU_FENCE_INVALID
*** end of the data structure *** 

*** begin of the data structure *** 
core_id:23 thread_id:4
opcode: NVBIT_IMAD
num_read_regs: 2
num_dest_regs: 1
src0: 255
src1: 255
dst0: 1
is_fp: 0
cf_type: NOT_CF
is_load: 0
inst_size: 16
inst_addr: 7f4eecacbf00
active_mask: ffffffff
br_taken_mask: 0
br_target_addr: 7f4eecacbf10
reconv_inst_addr/mem_addr: 0
mem_addr/reconv_inst_addr: 0
mem_access_size/barrier_id: 4
num_barrier_threads: 0
addr_space/fence_level: GPU_ADDR_SP_INVALID
barrier_id/mem_access_size: 4
fence_level/addr_space: GPU_FENCE_INVALID
*** end of the data structure *** 

*** begin of the data structure *** 
core_id:23 thread_id:5
opcode: NVBIT_IMAD
num_read_regs: 2
num_dest_regs: 1
src0: 255
src1: 255
dst0: 1
is_fp: 0
cf_type: NOT_CF
is_load: 0
inst_size: 16
inst_addr: 7f4eecacbf00
active_mask: ffffffff
br_taken_mask: 0
br_target_addr: 7f4eecacbf10
reconv_inst_addr/mem_addr: 0
mem_addr/reconv_inst_addr: 0
mem_access_size/barrier_id: 4
num_barrier_threads: 0
addr_space/fence_level: GPU_ADDR_SP_INVALID
barrier_id/mem_access_size: 4
fence_level/addr_space: GPU_FENCE_INVALID
*** end of the data structure *** 

*** begin of the data structure *** 
core_id:23 thread_id:6
opcode: NVBIT_IMAD
num_read_regs: 2
num_dest_regs: 1
src0: 255
src1: 255
dst0: 1
is_fp: 0
cf_type: NOT_CF
is_load: 0
inst_size: 16
inst_addr: 7f4eecacbf00
active_mask: ffffffff
br_taken_mask: 0
br_target_addr: 7f4eecacbf10
reconv_inst_addr/mem_addr: 0
mem_addr/reconv_inst_addr: 0
mem_access_size/barrier_id: 4
num_barrier_threads: 0
addr_space/fence_level: GPU_ADDR_SP_INVALID
barrier_id/mem_access_size: 4
fence_level/addr_space: GPU_FENCE_INVALID
*** end of the data structure *** 

*** begin of the data structure *** 
core_id:23 thread_id:7
opcode: NVBIT_IMAD
num_read_regs: 2
num_dest_regs: 1
src0: 255
src1: 255
dst0: 1
is_fp: 0
cf_type: NOT_CF
is_load: 0
inst_size: 16
inst_addr: 7f4eecacbf00
active_mask: ffffffff
br_taken_mask: 0
br_target_addr: 7f4eecacbf10
reconv_inst_addr/mem_addr: 0
mem_addr/reconv_inst_addr: 0
mem_access_size/barrier_id: 4
num_barrier_threads: 0
addr_space/fence_level: GPU_ADDR_SP_INVALID
barrier_id/mem_access_size: 4
fence_level/addr_space: GPU_FENCE_INVALID
*** end of the data structure *** 

*** begin of the data structure *** 
core_id:24 thread_id:4
opcode: NVBIT_IMAD
num_read_regs: 2
num_dest_regs: 1
src0: 255
src1: 255
dst0: 1
is_fp: 0
cf_type: NOT_CF
is_load: 0
inst_size: 16
inst_addr: 7f4eecacbf00
active_mask: ffffffff
br_taken_mask: 0
br_target_addr: 7f4eecacbf10
reconv_inst_addr/mem_addr: 0
mem_addr/reconv_inst_addr: 0
mem_access_size/barrier_id: 4
num_barrier_threads: 0
addr_space/fence_level: GPU_ADDR_SP_INVALID
barrier_id/mem_access_size: 4
fence_level/addr_space: GPU_FENCE_INVALID
*** end of the data structure *** 

*** begin of the data structure *** 
core_id:24 thread_id:5
opcode: NVBIT_IMAD
num_read_regs: 2
num_dest_regs: 1
src0: 255
src1: 255
dst0: 1
is_fp: 0
cf_type: NOT_CF
is_load: 0
inst_size: 16
inst_addr: 7f4eecacbf00
active_mask: ffffffff
br_taken_mask: 0
br_target_addr: 7f4eecacbf10
reconv_inst_addr/mem_addr: 0
mem_addr/reconv_inst_addr: 0
mem_access_size/barrier_id: 4
num_barrier_threads: 0
addr_space/fence_level: GPU_ADDR_SP_INVALID
barrier_id/mem_access_size: 4
fence_level/addr_space: GPU_FENCE_INVALID
*** end of the data structure *** 

*** begin of the data structure *** 
core_id:24 thread_id:6
opcode: NVBIT_IMAD
num_read_regs: 2
num_dest_regs: 1
src0: 255
src1: 255
dst0: 1
is_fp: 0
cf_type: NOT_CF
is_load: 0
inst_size: 16
inst_addr: 7f4eecacbf00
active_mask: ffffffff
br_taken_mask: 0
br_target_addr: 7f4eecacbf10
reconv_inst_addr/mem_addr: 0
mem_addr/reconv_inst_addr: 0
mem_access_size/barrier_id: 4
num_barrier_threads: 0
addr_space/fence_level: GPU_ADDR_SP_INVALID
barrier_id/mem_access_size: 4
fence_level/addr_space: GPU_FENCE_INVALID
*** end of the data structure *** 

*** begin of the data structure *** 
core_id:24 thread_id:7
opcode: NVBIT_IMAD
num_read_regs: 2
num_dest_regs: 1
src0: 255
src1: 255
dst0: 1
is_fp: 0
cf_type: NOT_CF
is_load: 0
inst_size: 16
inst_addr: 7f4eecacbf00
active_mask: ffffffff
br_taken_mask: 0
br_target_addr: 7f4eecacbf10
reconv_inst_addr/mem_addr: 0
mem_addr/reconv_inst_addr: 0
mem_access_size/barrier_id: 4
num_barrier_threads: 0
addr_space/fence_level: GPU_ADDR_SP_INVALID
barrier_id/mem_access_size: 4
fence_level/addr_space: GPU_FENCE_INVALID
*** end of the data structure *** 

*** begin of the data structure *** 
core_id:25 thread_id:4
opcode: NVBIT_IMAD
num_read_regs: 2
num_dest_regs: 1
src0: 255
src1: 255
dst0: 1
is_fp: 0
cf_type: NOT_CF
is_load: 0
inst_size: 16
inst_addr: 7f4eecacbf00
active_mask: ffffffff
br_taken_mask: 0
br_target_addr: 7f4eecacbf10
reconv_inst_addr/mem_addr: 0
mem_addr/reconv_inst_addr: 0
mem_access_size/barrier_id: 4
num_barrier_threads: 0
addr_space/fence_level: GPU_ADDR_SP_INVALID
barrier_id/mem_access_size: 4
fence_level/addr_space: GPU_FENCE_INVALID
*** end of the data structure *** 

*** begin of the data structure *** 
core_id:25 thread_id:5
opcode: NVBIT_IMAD
num_read_regs: 2
num_dest_regs: 1
src0: 255
src1: 255
dst0: 1
is_fp: 0
cf_type: NOT_CF
is_load: 0
inst_size: 16
inst_addr: 7f4eecacbf00
active_mask: ffffffff
br_taken_mask: 0
br_target_addr: 7f4eecacbf10
reconv_inst_addr/mem_addr: 0
mem_addr/reconv_inst_addr: 0
mem_access_size/barrier_id: 4
num_barrier_threads: 0
addr_space/fence_level: GPU_ADDR_SP_INVALID
barrier_id/mem_access_size: 4
fence_level/addr_space: GPU_FENCE_INVALID
*** end of the data structure *** 

*** begin of the data structure *** 
core_id:25 thread_id:6
opcode: NVBIT_IMAD
num_read_regs: 2
num_dest_regs: 1
src0: 255
src1: 255
dst0: 1
is_fp: 0
cf_type: NOT_CF
is_load: 0
inst_size: 16
inst_addr: 7f4eecacbf00
active_mask: ffffffff
br_taken_mask: 0
br_target_addr: 7f4eecacbf10
reconv_inst_addr/mem_addr: 0
mem_addr/reconv_inst_addr: 0
mem_access_size/barrier_id: 4
num_barrier_threads: 0
addr_space/fence_level: GPU_ADDR_SP_INVALID
barrier_id/mem_access_size: 4
fence_level/addr_space: GPU_FENCE_INVALID
*** end of the data structure *** 

*** begin of the data structure *** 
core_id:25 thread_id:7
opcode: NVBIT_IMAD
num_read_regs: 2
num_dest_regs: 1
src0: 255
src1: 255
dst0: 1
is_fp: 0
cf_type: NOT_CF
is_load: 0
inst_size: 16
inst_addr: 7f4eecacbf00
active_mask: ffffffff
br_taken_mask: 0
br_target_addr: 7f4eecacbf10
reconv_inst_addr/mem_addr: 0
mem_addr/reconv_inst_addr: 0
mem_access_size/barrier_id: 4
num_barrier_threads: 0
addr_space/fence_level: GPU_ADDR_SP_INVALID
barrier_id/mem_access_size: 4
fence_level/addr_space: GPU_FENCE_INVALID
*** end of the data structure *** 

*** begin of the data structure *** 
core_id:26 thread_id:4
opcode: NVBIT_IMAD
num_read_regs: 2
num_dest_regs: 1
src0: 255
src1: 255
dst0: 1
is_fp: 0
cf_type: NOT_CF
is_load: 0
inst_size: 16
inst_addr: 7f4eecacbf00
active_mask: ffffffff
br_taken_mask: 0
br_target_addr: 7f4eecacbf10
reconv_inst_addr/mem_addr: 0
mem_addr/reconv_inst_addr: 0
mem_access_size/barrier_id: 4
num_barrier_threads: 0
addr_space/fence_level: GPU_ADDR_SP_INVALID
barrier_id/mem_access_size: 4
fence_level/addr_space: GPU_FENCE_INVALID
*** end of the data structure *** 

*** begin of the data structure *** 
core_id:26 thread_id:5
opcode: NVBIT_IMAD
num_read_regs: 2
num_dest_regs: 1
src0: 255
src1: 255
dst0: 1
is_fp: 0
cf_type: NOT_CF
is_load: 0
inst_size: 16
inst_addr: 7f4eecacbf00
active_mask: ffffffff
br_taken_mask: 0
br_target_addr: 7f4eecacbf10
reconv_inst_addr/mem_addr: 0
mem_addr/reconv_inst_addr: 0
mem_access_size/barrier_id: 4
num_barrier_threads: 0
addr_space/fence_level: GPU_ADDR_SP_INVALID
barrier_id/mem_access_size: 4
fence_level/addr_space: GPU_FENCE_INVALID
*** end of the data structure *** 

*** begin of the data structure *** 
core_id:26 thread_id:6
opcode: NVBIT_IMAD
num_read_regs: 2
num_dest_regs: 1
src0: 255
src1: 255
dst0: 1
is_fp: 0
cf_type: NOT_CF
is_load: 0
inst_size: 16
inst_addr: 7f4eecacbf00
active_mask: ffffffff
br_taken_mask: 0
br_target_addr: 7f4eecacbf10
reconv_inst_addr/mem_addr: 0
mem_addr/reconv_inst_addr: 0
mem_access_size/barrier_id: 4
num_barrier_threads: 0
addr_space/fence_level: GPU_ADDR_SP_INVALID
barrier_id/mem_access_size: 4
fence_level/addr_space: GPU_FENCE_INVALID
*** end of the data structure *** 

*** begin of the data structure *** 
core_id:26 thread_id:7
opcode: NVBIT_IMAD
num_read_regs: 2
num_dest_regs: 1
src0: 255
src1: 255
dst0: 1
is_fp: 0
cf_type: NOT_CF
is_load: 0
inst_size: 16
inst_addr: 7f4eecacbf00
active_mask: ffffffff
br_taken_mask: 0
br_target_addr: 7f4eecacbf10
reconv_inst_addr/mem_addr: 0
mem_addr/reconv_inst_addr: 0
mem_access_size/barrier_id: 4
num_barrier_threads: 0
addr_space/fence_level: GPU_ADDR_SP_INVALID
barrier_id/mem_access_size: 4
fence_level/addr_space: GPU_FENCE_INVALID
*** end of the data structure *** 

*** begin of the data structure *** 
core_id:27 thread_id:4
opcode: NVBIT_IMAD
num_read_regs: 2
num_dest_regs: 1
src0: 255
src1: 255
dst0: 1
is_fp: 0
cf_type: NOT_CF
is_load: 0
inst_size: 16
inst_addr: 7f4eecacbf00
active_mask: ffffffff
br_taken_mask: 0
br_target_addr: 7f4eecacbf10
reconv_inst_addr/mem_addr: 0
mem_addr/reconv_inst_addr: 0
mem_access_size/barrier_id: 4
num_barrier_threads: 0
addr_space/fence_level: GPU_ADDR_SP_INVALID
barrier_id/mem_access_size: 4
fence_level/addr_space: GPU_FENCE_INVALID
*** end of the data structure *** 

*** begin of the data structure *** 
core_id:27 thread_id:5
opcode: NVBIT_IMAD
num_read_regs: 2
num_dest_regs: 1
src0: 255
src1: 255
dst0: 1
is_fp: 0
cf_type: NOT_CF
is_load: 0
inst_size: 16
inst_addr: 7f4eecacbf00
active_mask: ffffffff
br_taken_mask: 0
br_target_addr: 7f4eecacbf10
reconv_inst_addr/mem_addr: 0
mem_addr/reconv_inst_addr: 0
mem_access_size/barrier_id: 4
num_barrier_threads: 0
addr_space/fence_level: GPU_ADDR_SP_INVALID
barrier_id/mem_access_size: 4
fence_level/addr_space: GPU_FENCE_INVALID
*** end of the data structure *** 

*** begin of the data structure *** 
core_id:27 thread_id:6
opcode: NVBIT_IMAD
num_read_regs: 2
num_dest_regs: 1
src0: 255
src1: 255
dst0: 1
is_fp: 0
cf_type: NOT_CF
is_load: 0
inst_size: 16
inst_addr: 7f4eecacbf00
active_mask: ffffffff
br_taken_mask: 0
br_target_addr: 7f4eecacbf10
reconv_inst_addr/mem_addr: 0
mem_addr/reconv_inst_addr: 0
mem_access_size/barrier_id: 4
num_barrier_threads: 0
addr_space/fence_level: GPU_ADDR_SP_INVALID
barrier_id/mem_access_size: 4
fence_level/addr_space: GPU_FENCE_INVALID
*** end of the data structure *** 

*** begin of the data structure *** 
core_id:27 thread_id:7
opcode: NVBIT_IMAD
num_read_regs: 2
num_dest_regs: 1
src0: 255
src1: 255
dst0: 1
is_fp: 0
cf_type: NOT_CF
is_load: 0
inst_size: 16
inst_addr: 7f4eecacbf00
active_mask: ffffffff
br_taken_mask: 0
br_target_addr: 7f4eecacbf10
reconv_inst_addr/mem_addr: 0
mem_addr/reconv_inst_addr: 0
mem_access_size/barrier_id: 4
num_barrier_threads: 0
addr_space/fence_level: GPU_ADDR_SP_INVALID
barrier_id/mem_access_size: 4
fence_level/addr_space: GPU_FENCE_INVALID
*** end of the data structure *** 

*** begin of the data structure *** 
core_id:28 thread_id:4
opcode: NVBIT_IMAD
num_read_regs: 2
num_dest_regs: 1
src0: 255
src1: 255
dst0: 1
is_fp: 0
cf_type: NOT_CF
is_load: 0
inst_size: 16
inst_addr: 7f4eecacbf00
active_mask: ffffffff
br_taken_mask: 0
br_target_addr: 7f4eecacbf10
reconv_inst_addr/mem_addr: 0
mem_addr/reconv_inst_addr: 0
mem_access_size/barrier_id: 4
num_barrier_threads: 0
addr_space/fence_level: GPU_ADDR_SP_INVALID
barrier_id/mem_access_size: 4
fence_level/addr_space: GPU_FENCE_INVALID
*** end of the data structure *** 

*** begin of the data structure *** 
core_id:28 thread_id:5
opcode: NVBIT_IMAD
num_read_regs: 2
num_dest_regs: 1
src0: 255
src1: 255
dst0: 1
is_fp: 0
cf_type: NOT_CF
is_load: 0
inst_size: 16
inst_addr: 7f4eecacbf00
active_mask: ffffffff
br_taken_mask: 0
br_target_addr: 7f4eecacbf10
reconv_inst_addr/mem_addr: 0
mem_addr/reconv_inst_addr: 0
mem_access_size/barrier_id: 4
num_barrier_threads: 0
addr_space/fence_level: GPU_ADDR_SP_INVALID
barrier_id/mem_access_size: 4
fence_level/addr_space: GPU_FENCE_INVALID
*** end of the data structure *** 

*** begin of the data structure *** 
core_id:28 thread_id:6
opcode: NVBIT_IMAD
num_read_regs: 2
num_dest_regs: 1
src0: 255
src1: 255
dst0: 1
is_fp: 0
cf_type: NOT_CF
is_load: 0
inst_size: 16
inst_addr: 7f4eecacbf00
active_mask: ffffffff
br_taken_mask: 0
br_target_addr: 7f4eecacbf10
reconv_inst_addr/mem_addr: 0
mem_addr/reconv_inst_addr: 0
mem_access_size/barrier_id: 4
num_barrier_threads: 0
addr_space/fence_level: GPU_ADDR_SP_INVALID
barrier_id/mem_access_size: 4
fence_level/addr_space: GPU_FENCE_INVALID
*** end of the data structure *** 

*** begin of the data structure *** 
core_id:28 thread_id:7
opcode: NVBIT_IMAD
num_read_regs: 2
num_dest_regs: 1
src0: 255
src1: 255
dst0: 1
is_fp: 0
cf_type: NOT_CF
is_load: 0
inst_size: 16
inst_addr: 7f4eecacbf00
active_mask: ffffffff
br_taken_mask: 0
br_target_addr: 7f4eecacbf10
reconv_inst_addr/mem_addr: 0
mem_addr/reconv_inst_addr: 0
mem_access_size/barrier_id: 4
num_barrier_threads: 0
addr_space/fence_level: GPU_ADDR_SP_INVALID
barrier_id/mem_access_size: 4
fence_level/addr_space: GPU_FENCE_INVALID
*** end of the data structure *** 

*** begin of the data structure *** 
core_id:29 thread_id:4
opcode: NVBIT_IMAD
num_read_regs: 2
num_dest_regs: 1
src0: 255
src1: 255
dst0: 1
is_fp: 0
cf_type: NOT_CF
is_load: 0
inst_size: 16
inst_addr: 7f4eecacbf00
active_mask: ffffffff
br_taken_mask: 0
br_target_addr: 7f4eecacbf10
reconv_inst_addr/mem_addr: 0
mem_addr/reconv_inst_addr: 0
mem_access_size/barrier_id: 4
num_barrier_threads: 0
addr_space/fence_level: GPU_ADDR_SP_INVALID
barrier_id/mem_access_size: 4
fence_level/addr_space: GPU_FENCE_INVALID
*** end of the data structure *** 

*** begin of the data structure *** 
core_id:29 thread_id:5
opcode: NVBIT_IMAD
num_read_regs: 2
num_dest_regs: 1
src0: 255
src1: 255
dst0: 1
is_fp: 0
cf_type: NOT_CF
is_load: 0
inst_size: 16
inst_addr: 7f4eecacbf00
active_mask: ffffffff
br_taken_mask: 0
br_target_addr: 7f4eecacbf10
reconv_inst_addr/mem_addr: 0
mem_addr/reconv_inst_addr: 0
mem_access_size/barrier_id: 4
num_barrier_threads: 0
addr_space/fence_level: GPU_ADDR_SP_INVALID
barrier_id/mem_access_size: 4
fence_level/addr_space: GPU_FENCE_INVALID
*** end of the data structure *** 

*** begin of the data structure *** 
core_id:29 thread_id:6
opcode: NVBIT_IMAD
num_read_regs: 2
num_dest_regs: 1
src0: 255
src1: 255
dst0: 1
is_fp: 0
cf_type: NOT_CF
is_load: 0
inst_size: 16
inst_addr: 7f4eecacbf00
active_mask: ffffffff
br_taken_mask: 0
br_target_addr: 7f4eecacbf10
reconv_inst_addr/mem_addr: 0
mem_addr/reconv_inst_addr: 0
mem_access_size/barrier_id: 4
num_barrier_threads: 0
addr_space/fence_level: GPU_ADDR_SP_INVALID
barrier_id/mem_access_size: 4
fence_level/addr_space: GPU_FENCE_INVALID
*** end of the data structure *** 

*** begin of the data structure *** 
core_id:29 thread_id:7
opcode: NVBIT_IMAD
num_read_regs: 2
num_dest_regs: 1
src0: 255
src1: 255
dst0: 1
is_fp: 0
cf_type: NOT_CF
is_load: 0
inst_size: 16
inst_addr: 7f4eecacbf00
active_mask: ffffffff
br_taken_mask: 0
br_target_addr: 7f4eecacbf10
reconv_inst_addr/mem_addr: 0
mem_addr/reconv_inst_addr: 0
mem_access_size/barrier_id: 4
num_barrier_threads: 0
addr_space/fence_level: GPU_ADDR_SP_INVALID
barrier_id/mem_access_size: 4
fence_level/addr_space: GPU_FENCE_INVALID
*** end of the data structure *** 

*** begin of the data structure *** 
core_id:30 thread_id:4
opcode: NVBIT_IMAD
num_read_regs: 2
num_dest_regs: 1
src0: 255
src1: 255
dst0: 1
is_fp: 0
cf_type: NOT_CF
is_load: 0
inst_size: 16
inst_addr: 7f4eecacbf00
active_mask: ffffffff
br_taken_mask: 0
br_target_addr: 7f4eecacbf10
reconv_inst_addr/mem_addr: 0
mem_addr/reconv_inst_addr: 0
mem_access_size/barrier_id: 4
num_barrier_threads: 0
addr_space/fence_level: GPU_ADDR_SP_INVALID
barrier_id/mem_access_size: 4
fence_level/addr_space: GPU_FENCE_INVALID
*** end of the data structure *** 

*** begin of the data structure *** 
core_id:30 thread_id:5
opcode: NVBIT_IMAD
num_read_regs: 2
num_dest_regs: 1
src0: 255
src1: 255
dst0: 1
is_fp: 0
cf_type: NOT_CF
is_load: 0
inst_size: 16
inst_addr: 7f4eecacbf00
active_mask: ffffffff
br_taken_mask: 0
br_target_addr: 7f4eecacbf10
reconv_inst_addr/mem_addr: 0
mem_addr/reconv_inst_addr: 0
mem_access_size/barrier_id: 4
num_barrier_threads: 0
addr_space/fence_level: GPU_ADDR_SP_INVALID
barrier_id/mem_access_size: 4
fence_level/addr_space: GPU_FENCE_INVALID
*** end of the data structure *** 

*** begin of the data structure *** 
core_id:30 thread_id:6
opcode: NVBIT_IMAD
num_read_regs: 2
num_dest_regs: 1
src0: 255
src1: 255
dst0: 1
is_fp: 0
cf_type: NOT_CF
is_load: 0
inst_size: 16
inst_addr: 7f4eecacbf00
active_mask: ffffffff
br_taken_mask: 0
br_target_addr: 7f4eecacbf10
reconv_inst_addr/mem_addr: 0
mem_addr/reconv_inst_addr: 0
mem_access_size/barrier_id: 4
num_barrier_threads: 0
addr_space/fence_level: GPU_ADDR_SP_INVALID
barrier_id/mem_access_size: 4
fence_level/addr_space: GPU_FENCE_INVALID
*** end of the data structure *** 

*** begin of the data structure *** 
core_id:30 thread_id:7
opcode: NVBIT_IMAD
num_read_regs: 2
num_dest_regs: 1
src0: 255
src1: 255
dst0: 1
is_fp: 0
cf_type: NOT_CF
is_load: 0
inst_size: 16
inst_addr: 7f4eecacbf00
active_mask: ffffffff
br_taken_mask: 0
br_target_addr: 7f4eecacbf10
reconv_inst_addr/mem_addr: 0
mem_addr/reconv_inst_addr: 0
mem_access_size/barrier_id: 4
num_barrier_threads: 0
addr_space/fence_level: GPU_ADDR_SP_INVALID
barrier_id/mem_access_size: 4
fence_level/addr_space: GPU_FENCE_INVALID
*** end of the data structure *** 

*** begin of the data structure *** 
core_id:31 thread_id:4
opcode: NVBIT_IMAD
num_read_regs: 2
num_dest_regs: 1
src0: 255
src1: 255
dst0: 1
is_fp: 0
cf_type: NOT_CF
is_load: 0
inst_size: 16
inst_addr: 7f4eecacbf00
active_mask: ffffffff
br_taken_mask: 0
br_target_addr: 7f4eecacbf10
reconv_inst_addr/mem_addr: 0
mem_addr/reconv_inst_addr: 0
mem_access_size/barrier_id: 4
num_barrier_threads: 0
addr_space/fence_level: GPU_ADDR_SP_INVALID
barrier_id/mem_access_size: 4
fence_level/addr_space: GPU_FENCE_INVALID
*** end of the data structure *** 

*** begin of the data structure *** 
core_id:31 thread_id:5
opcode: NVBIT_IMAD
num_read_regs: 2
num_dest_regs: 1
src0: 255
src1: 255
dst0: 1
is_fp: 0
cf_type: NOT_CF
is_load: 0
inst_size: 16
inst_addr: 7f4eecacbf00
active_mask: ffffffff
br_taken_mask: 0
br_target_addr: 7f4eecacbf10
reconv_inst_addr/mem_addr: 0
mem_addr/reconv_inst_addr: 0
mem_access_size/barrier_id: 4
num_barrier_threads: 0
addr_space/fence_level: GPU_ADDR_SP_INVALID
barrier_id/mem_access_size: 4
fence_level/addr_space: GPU_FENCE_INVALID
*** end of the data structure *** 

*** begin of the data structure *** 
core_id:31 thread_id:6
opcode: NVBIT_IMAD
num_read_regs: 2
num_dest_regs: 1
src0: 255
src1: 255
dst0: 1
is_fp: 0
cf_type: NOT_CF
is_load: 0
inst_size: 16
inst_addr: 7f4eecacbf00
active_mask: ffffffff
br_taken_mask: 0
br_target_addr: 7f4eecacbf10
reconv_inst_addr/mem_addr: 0
mem_addr/reconv_inst_addr: 0
mem_access_size/barrier_id: 4
num_barrier_threads: 0
addr_space/fence_level: GPU_ADDR_SP_INVALID
barrier_id/mem_access_size: 4
fence_level/addr_space: GPU_FENCE_INVALID
*** end of the data structure *** 

*** begin of the data structure *** 
core_id:31 thread_id:7
opcode: NVBIT_IMAD
num_read_regs: 2
num_dest_regs: 1
src0: 255
src1: 255
dst0: 1
is_fp: 0
cf_type: NOT_CF
is_load: 0
inst_size: 16
inst_addr: 7f4eecacbf00
active_mask: ffffffff
br_taken_mask: 0
br_target_addr: 7f4eecacbf10
reconv_inst_addr/mem_addr: 0
mem_addr/reconv_inst_addr: 0
mem_access_size/barrier_id: 4
num_barrier_threads: 0
addr_space/fence_level: GPU_ADDR_SP_INVALID
barrier_id/mem_access_size: 4
fence_level/addr_space: GPU_FENCE_INVALID
*** end of the data structure *** 

*** begin of the data structure *** 
core_id:32 thread_id:4
opcode: NVBIT_IMAD
num_read_regs: 2
num_dest_regs: 1
src0: 255
src1: 255
dst0: 1
is_fp: 0
cf_type: NOT_CF
is_load: 0
inst_size: 16
inst_addr: 7f4eecacbf00
active_mask: ffffffff
br_taken_mask: 0
br_target_addr: 7f4eecacbf10
reconv_inst_addr/mem_addr: 0
mem_addr/reconv_inst_addr: 0
mem_access_size/barrier_id: 4
num_barrier_threads: 0
addr_space/fence_level: GPU_ADDR_SP_INVALID
barrier_id/mem_access_size: 4
fence_level/addr_space: GPU_FENCE_INVALID
*** end of the data structure *** 

*** begin of the data structure *** 
core_id:32 thread_id:5
opcode: NVBIT_IMAD
num_read_regs: 2
num_dest_regs: 1
src0: 255
src1: 255
dst0: 1
is_fp: 0
cf_type: NOT_CF
is_load: 0
inst_size: 16
inst_addr: 7f4eecacbf00
active_mask: ffffffff
br_taken_mask: 0
br_target_addr: 7f4eecacbf10
reconv_inst_addr/mem_addr: 0
mem_addr/reconv_inst_addr: 0
mem_access_size/barrier_id: 4
num_barrier_threads: 0
addr_space/fence_level: GPU_ADDR_SP_INVALID
barrier_id/mem_access_size: 4
fence_level/addr_space: GPU_FENCE_INVALID
*** end of the data structure *** 

*** begin of the data structure *** 
core_id:32 thread_id:6
opcode: NVBIT_IMAD
num_read_regs: 2
num_dest_regs: 1
src0: 255
src1: 255
dst0: 1
is_fp: 0
cf_type: NOT_CF
is_load: 0
inst_size: 16
inst_addr: 7f4eecacbf00
active_mask: ffffffff
br_taken_mask: 0
br_target_addr: 7f4eecacbf10
reconv_inst_addr/mem_addr: 0
mem_addr/reconv_inst_addr: 0
mem_access_size/barrier_id: 4
num_barrier_threads: 0
addr_space/fence_level: GPU_ADDR_SP_INVALID
barrier_id/mem_access_size: 4
fence_level/addr_space: GPU_FENCE_INVALID
*** end of the data structure *** 

*** begin of the data structure *** 
core_id:32 thread_id:7
opcode: NVBIT_IMAD
num_read_regs: 2
num_dest_regs: 1
src0: 255
src1: 255
dst0: 1
is_fp: 0
cf_type: NOT_CF
is_load: 0
inst_size: 16
inst_addr: 7f4eecacbf00
active_mask: ffffffff
br_taken_mask: 0
br_target_addr: 7f4eecacbf10
reconv_inst_addr/mem_addr: 0
mem_addr/reconv_inst_addr: 0
mem_access_size/barrier_id: 4
num_barrier_threads: 0
addr_space/fence_level: GPU_ADDR_SP_INVALID
barrier_id/mem_access_size: 4
fence_level/addr_space: GPU_FENCE_INVALID
*** end of the data structure *** 

*** begin of the data structure *** 
core_id:33 thread_id:4
opcode: NVBIT_IMAD
num_read_regs: 2
num_dest_regs: 1
src0: 255
src1: 255
dst0: 1
is_fp: 0
cf_type: NOT_CF
is_load: 0
inst_size: 16
inst_addr: 7f4eecacbf00
active_mask: ffffffff
br_taken_mask: 0
br_target_addr: 7f4eecacbf10
reconv_inst_addr/mem_addr: 0
mem_addr/reconv_inst_addr: 0
mem_access_size/barrier_id: 4
num_barrier_threads: 0
addr_space/fence_level: GPU_ADDR_SP_INVALID
barrier_id/mem_access_size: 4
fence_level/addr_space: GPU_FENCE_INVALID
*** end of the data structure *** 

*** begin of the data structure *** 
core_id:33 thread_id:5
opcode: NVBIT_IMAD
num_read_regs: 2
num_dest_regs: 1
src0: 255
src1: 255
dst0: 1
is_fp: 0
cf_type: NOT_CF
is_load: 0
inst_size: 16
inst_addr: 7f4eecacbf00
active_mask: ffffffff
br_taken_mask: 0
br_target_addr: 7f4eecacbf10
reconv_inst_addr/mem_addr: 0
mem_addr/reconv_inst_addr: 0
mem_access_size/barrier_id: 4
num_barrier_threads: 0
addr_space/fence_level: GPU_ADDR_SP_INVALID
barrier_id/mem_access_size: 4
fence_level/addr_space: GPU_FENCE_INVALID
*** end of the data structure *** 

*** begin of the data structure *** 
core_id:33 thread_id:6
opcode: NVBIT_IMAD
num_read_regs: 2
num_dest_regs: 1
src0: 255
src1: 255
dst0: 1
is_fp: 0
cf_type: NOT_CF
is_load: 0
inst_size: 16
inst_addr: 7f4eecacbf00
active_mask: ffffffff
br_taken_mask: 0
br_target_addr: 7f4eecacbf10
reconv_inst_addr/mem_addr: 0
mem_addr/reconv_inst_addr: 0
mem_access_size/barrier_id: 4
num_barrier_threads: 0
addr_space/fence_level: GPU_ADDR_SP_INVALID
barrier_id/mem_access_size: 4
fence_level/addr_space: GPU_FENCE_INVALID
*** end of the data structure *** 

*** begin of the data structure *** 
core_id:33 thread_id:7
opcode: NVBIT_IMAD
num_read_regs: 2
num_dest_regs: 1
src0: 255
src1: 255
dst0: 1
is_fp: 0
cf_type: NOT_CF
is_load: 0
inst_size: 16
inst_addr: 7f4eecacbf00
active_mask: ffffffff
br_taken_mask: 0
br_target_addr: 7f4eecacbf10
reconv_inst_addr/mem_addr: 0
mem_addr/reconv_inst_addr: 0
mem_access_size/barrier_id: 4
num_barrier_threads: 0
addr_space/fence_level: GPU_ADDR_SP_INVALID
barrier_id/mem_access_size: 4
fence_level/addr_space: GPU_FENCE_INVALID
*** end of the data structure *** 

*** begin of the data structure *** 
core_id:34 thread_id:4
opcode: NVBIT_IMAD
num_read_regs: 2
num_dest_regs: 1
src0: 255
src1: 255
dst0: 1
is_fp: 0
cf_type: NOT_CF
is_load: 0
inst_size: 16
inst_addr: 7f4eecacbf00
active_mask: ffffffff
br_taken_mask: 0
br_target_addr: 7f4eecacbf10
reconv_inst_addr/mem_addr: 0
mem_addr/reconv_inst_addr: 0
mem_access_size/barrier_id: 4
num_barrier_threads: 0
addr_space/fence_level: GPU_ADDR_SP_INVALID
barrier_id/mem_access_size: 4
fence_level/addr_space: GPU_FENCE_INVALID
*** end of the data structure *** 

*** begin of the data structure *** 
core_id:34 thread_id:5
opcode: NVBIT_IMAD
num_read_regs: 2
num_dest_regs: 1
src0: 255
src1: 255
dst0: 1
is_fp: 0
cf_type: NOT_CF
is_load: 0
inst_size: 16
inst_addr: 7f4eecacbf00
active_mask: ffffffff
br_taken_mask: 0
br_target_addr: 7f4eecacbf10
reconv_inst_addr/mem_addr: 0
mem_addr/reconv_inst_addr: 0
mem_access_size/barrier_id: 4
num_barrier_threads: 0
addr_space/fence_level: GPU_ADDR_SP_INVALID
barrier_id/mem_access_size: 4
fence_level/addr_space: GPU_FENCE_INVALID
*** end of the data structure *** 

*** begin of the data structure *** 
core_id:34 thread_id:6
opcode: NVBIT_IMAD
num_read_regs: 2
num_dest_regs: 1
src0: 255
src1: 255
dst0: 1
is_fp: 0
cf_type: NOT_CF
is_load: 0
inst_size: 16
inst_addr: 7f4eecacbf00
active_mask: ffffffff
br_taken_mask: 0
br_target_addr: 7f4eecacbf10
reconv_inst_addr/mem_addr: 0
mem_addr/reconv_inst_addr: 0
mem_access_size/barrier_id: 4
num_barrier_threads: 0
addr_space/fence_level: GPU_ADDR_SP_INVALID
barrier_id/mem_access_size: 4
fence_level/addr_space: GPU_FENCE_INVALID
*** end of the data structure *** 

*** begin of the data structure *** 
core_id:34 thread_id:7
opcode: NVBIT_IMAD
num_read_regs: 2
num_dest_regs: 1
src0: 255
src1: 255
dst0: 1
is_fp: 0
cf_type: NOT_CF
is_load: 0
inst_size: 16
inst_addr: 7f4eecacbf00
active_mask: ffffffff
br_taken_mask: 0
br_target_addr: 7f4eecacbf10
reconv_inst_addr/mem_addr: 0
mem_addr/reconv_inst_addr: 0
mem_access_size/barrier_id: 4
num_barrier_threads: 0
addr_space/fence_level: GPU_ADDR_SP_INVALID
barrier_id/mem_access_size: 4
fence_level/addr_space: GPU_FENCE_INVALID
*** end of the data structure *** 

*** begin of the data structure *** 
core_id:35 thread_id:4
opcode: NVBIT_IMAD
num_read_regs: 2
num_dest_regs: 1
src0: 255
src1: 255
dst0: 1
is_fp: 0
cf_type: NOT_CF
is_load: 0
inst_size: 16
inst_addr: 7f4eecacbf00
active_mask: ffffffff
br_taken_mask: 0
br_target_addr: 7f4eecacbf10
reconv_inst_addr/mem_addr: 0
mem_addr/reconv_inst_addr: 0
mem_access_size/barrier_id: 4
num_barrier_threads: 0
addr_space/fence_level: GPU_ADDR_SP_INVALID
barrier_id/mem_access_size: 4
fence_level/addr_space: GPU_FENCE_INVALID
*** end of the data structure *** 

*** begin of the data structure *** 
core_id:35 thread_id:5
opcode: NVBIT_IMAD
num_read_regs: 2
num_dest_regs: 1
src0: 255
src1: 255
dst0: 1
is_fp: 0
cf_type: NOT_CF
is_load: 0
inst_size: 16
inst_addr: 7f4eecacbf00
active_mask: ffffffff
br_taken_mask: 0
br_target_addr: 7f4eecacbf10
reconv_inst_addr/mem_addr: 0
mem_addr/reconv_inst_addr: 0
mem_access_size/barrier_id: 4
num_barrier_threads: 0
addr_space/fence_level: GPU_ADDR_SP_INVALID
barrier_id/mem_access_size: 4
fence_level/addr_space: GPU_FENCE_INVALID
*** end of the data structure *** 

*** begin of the data structure *** 
core_id:35 thread_id:6
opcode: NVBIT_IMAD
num_read_regs: 2
num_dest_regs: 1
src0: 255
src1: 255
dst0: 1
is_fp: 0
cf_type: NOT_CF
is_load: 0
inst_size: 16
inst_addr: 7f4eecacbf00
active_mask: ffffffff
br_taken_mask: 0
br_target_addr: 7f4eecacbf10
reconv_inst_addr/mem_addr: 0
mem_addr/reconv_inst_addr: 0
mem_access_size/barrier_id: 4
num_barrier_threads: 0
addr_space/fence_level: GPU_ADDR_SP_INVALID
barrier_id/mem_access_size: 4
fence_level/addr_space: GPU_FENCE_INVALID
*** end of the data structure *** 

*** begin of the data structure *** 
core_id:35 thread_id:7
opcode: NVBIT_IMAD
num_read_regs: 2
num_dest_regs: 1
src0: 255
src1: 255
dst0: 1
is_fp: 0
cf_type: NOT_CF
is_load: 0
inst_size: 16
inst_addr: 7f4eecacbf00
active_mask: ffffffff
br_taken_mask: 0
br_target_addr: 7f4eecacbf10
reconv_inst_addr/mem_addr: 0
mem_addr/reconv_inst_addr: 0
mem_access_size/barrier_id: 4
num_barrier_threads: 0
addr_space/fence_level: GPU_ADDR_SP_INVALID
barrier_id/mem_access_size: 4
fence_level/addr_space: GPU_FENCE_INVALID
*** end of the data structure *** 

*** begin of the data structure *** 
core_id:36 thread_id:4
opcode: NVBIT_IMAD
num_read_regs: 2
num_dest_regs: 1
src0: 255
src1: 255
dst0: 1
is_fp: 0
cf_type: NOT_CF
is_load: 0
inst_size: 16
inst_addr: 7f4eecacbf00
active_mask: ffffffff
br_taken_mask: 0
br_target_addr: 7f4eecacbf10
reconv_inst_addr/mem_addr: 0
mem_addr/reconv_inst_addr: 0
mem_access_size/barrier_id: 4
num_barrier_threads: 0
addr_space/fence_level: GPU_ADDR_SP_INVALID
barrier_id/mem_access_size: 4
fence_level/addr_space: GPU_FENCE_INVALID
*** end of the data structure *** 

*** begin of the data structure *** 
core_id:36 thread_id:5
opcode: NVBIT_IMAD
num_read_regs: 2
num_dest_regs: 1
src0: 255
src1: 255
dst0: 1
is_fp: 0
cf_type: NOT_CF
is_load: 0
inst_size: 16
inst_addr: 7f4eecacbf00
active_mask: ffffffff
br_taken_mask: 0
br_target_addr: 7f4eecacbf10
reconv_inst_addr/mem_addr: 0
mem_addr/reconv_inst_addr: 0
mem_access_size/barrier_id: 4
num_barrier_threads: 0
addr_space/fence_level: GPU_ADDR_SP_INVALID
barrier_id/mem_access_size: 4
fence_level/addr_space: GPU_FENCE_INVALID
*** end of the data structure *** 

*** begin of the data structure *** 
core_id:36 thread_id:6
opcode: NVBIT_IMAD
num_read_regs: 2
num_dest_regs: 1
src0: 255
src1: 255
dst0: 1
is_fp: 0
cf_type: NOT_CF
is_load: 0
inst_size: 16
inst_addr: 7f4eecacbf00
active_mask: ffffffff
br_taken_mask: 0
br_target_addr: 7f4eecacbf10
reconv_inst_addr/mem_addr: 0
mem_addr/reconv_inst_addr: 0
mem_access_size/barrier_id: 4
num_barrier_threads: 0
addr_space/fence_level: GPU_ADDR_SP_INVALID
barrier_id/mem_access_size: 4
fence_level/addr_space: GPU_FENCE_INVALID
*** end of the data structure *** 

*** begin of the data structure *** 
core_id:36 thread_id:7
opcode: NVBIT_IMAD
num_read_regs: 2
num_dest_regs: 1
src0: 255
src1: 255
dst0: 1
is_fp: 0
cf_type: NOT_CF
is_load: 0
inst_size: 16
inst_addr: 7f4eecacbf00
active_mask: ffffffff
br_taken_mask: 0
br_target_addr: 7f4eecacbf10
reconv_inst_addr/mem_addr: 0
mem_addr/reconv_inst_addr: 0
mem_access_size/barrier_id: 4
num_barrier_threads: 0
addr_space/fence_level: GPU_ADDR_SP_INVALID
barrier_id/mem_access_size: 4
fence_level/addr_space: GPU_FENCE_INVALID
*** end of the data structure *** 

*** begin of the data structure *** 
core_id:37 thread_id:4
opcode: NVBIT_IMAD
num_read_regs: 2
num_dest_regs: 1
src0: 255
src1: 255
dst0: 1
is_fp: 0
cf_type: NOT_CF
is_load: 0
inst_size: 16
inst_addr: 7f4eecacbf00
active_mask: ffffffff
br_taken_mask: 0
br_target_addr: 7f4eecacbf10
reconv_inst_addr/mem_addr: 0
mem_addr/reconv_inst_addr: 0
mem_access_size/barrier_id: 4
num_barrier_threads: 0
addr_space/fence_level: GPU_ADDR_SP_INVALID
barrier_id/mem_access_size: 4
fence_level/addr_space: GPU_FENCE_INVALID
*** end of the data structure *** 

*** begin of the data structure *** 
core_id:37 thread_id:5
opcode: NVBIT_IMAD
num_read_regs: 2
num_dest_regs: 1
src0: 255
src1: 255
dst0: 1
is_fp: 0
cf_type: NOT_CF
is_load: 0
inst_size: 16
inst_addr: 7f4eecacbf00
active_mask: ffffffff
br_taken_mask: 0
br_target_addr: 7f4eecacbf10
reconv_inst_addr/mem_addr: 0
mem_addr/reconv_inst_addr: 0
mem_access_size/barrier_id: 4
num_barrier_threads: 0
addr_space/fence_level: GPU_ADDR_SP_INVALID
barrier_id/mem_access_size: 4
fence_level/addr_space: GPU_FENCE_INVALID
*** end of the data structure *** 

*** begin of the data structure *** 
core_id:37 thread_id:6
opcode: NVBIT_IMAD
num_read_regs: 2
num_dest_regs: 1
src0: 255
src1: 255
dst0: 1
is_fp: 0
cf_type: NOT_CF
is_load: 0
inst_size: 16
inst_addr: 7f4eecacbf00
active_mask: ffffffff
br_taken_mask: 0
br_target_addr: 7f4eecacbf10
reconv_inst_addr/mem_addr: 0
mem_addr/reconv_inst_addr: 0
mem_access_size/barrier_id: 4
num_barrier_threads: 0
addr_space/fence_level: GPU_ADDR_SP_INVALID
barrier_id/mem_access_size: 4
fence_level/addr_space: GPU_FENCE_INVALID
*** end of the data structure *** 

*** begin of the data structure *** 
core_id:37 thread_id:7
opcode: NVBIT_IMAD
num_read_regs: 2
num_dest_regs: 1
src0: 255
src1: 255
dst0: 1
is_fp: 0
cf_type: NOT_CF
is_load: 0
inst_size: 16
inst_addr: 7f4eecacbf00
active_mask: ffffffff
br_taken_mask: 0
br_target_addr: 7f4eecacbf10
reconv_inst_addr/mem_addr: 0
mem_addr/reconv_inst_addr: 0
mem_access_size/barrier_id: 4
num_barrier_threads: 0
addr_space/fence_level: GPU_ADDR_SP_INVALID
barrier_id/mem_access_size: 4
fence_level/addr_space: GPU_FENCE_INVALID
*** end of the data structure *** 

*** begin of the data structure *** 
core_id:38 thread_id:4
opcode: NVBIT_IMAD
num_read_regs: 2
num_dest_regs: 1
src0: 255
src1: 255
dst0: 1
is_fp: 0
cf_type: NOT_CF
is_load: 0
inst_size: 16
inst_addr: 7f4eecacbf00
active_mask: ffffffff
br_taken_mask: 0
br_target_addr: 7f4eecacbf10
reconv_inst_addr/mem_addr: 0
mem_addr/reconv_inst_addr: 0
mem_access_size/barrier_id: 4
num_barrier_threads: 0
addr_space/fence_level: GPU_ADDR_SP_INVALID
barrier_id/mem_access_size: 4
fence_level/addr_space: GPU_FENCE_INVALID
*** end of the data structure *** 

*** begin of the data structure *** 
core_id:38 thread_id:5
opcode: NVBIT_IMAD
num_read_regs: 2
num_dest_regs: 1
src0: 255
src1: 255
dst0: 1
is_fp: 0
cf_type: NOT_CF
is_load: 0
inst_size: 16
inst_addr: 7f4eecacbf00
active_mask: ffffffff
br_taken_mask: 0
br_target_addr: 7f4eecacbf10
reconv_inst_addr/mem_addr: 0
mem_addr/reconv_inst_addr: 0
mem_access_size/barrier_id: 4
num_barrier_threads: 0
addr_space/fence_level: GPU_ADDR_SP_INVALID
barrier_id/mem_access_size: 4
fence_level/addr_space: GPU_FENCE_INVALID
*** end of the data structure *** 

*** begin of the data structure *** 
core_id:38 thread_id:6
opcode: NVBIT_IMAD
num_read_regs: 2
num_dest_regs: 1
src0: 255
src1: 255
dst0: 1
is_fp: 0
cf_type: NOT_CF
is_load: 0
inst_size: 16
inst_addr: 7f4eecacbf00
active_mask: ffffffff
br_taken_mask: 0
br_target_addr: 7f4eecacbf10
reconv_inst_addr/mem_addr: 0
mem_addr/reconv_inst_addr: 0
mem_access_size/barrier_id: 4
num_barrier_threads: 0
addr_space/fence_level: GPU_ADDR_SP_INVALID
barrier_id/mem_access_size: 4
fence_level/addr_space: GPU_FENCE_INVALID
*** end of the data structure *** 

*** begin of the data structure *** 
core_id:38 thread_id:7
opcode: NVBIT_IMAD
num_read_regs: 2
num_dest_regs: 1
src0: 255
src1: 255
dst0: 1
is_fp: 0
cf_type: NOT_CF
is_load: 0
inst_size: 16
inst_addr: 7f4eecacbf00
active_mask: ffffffff
br_taken_mask: 0
br_target_addr: 7f4eecacbf10
reconv_inst_addr/mem_addr: 0
mem_addr/reconv_inst_addr: 0
mem_access_size/barrier_id: 4
num_barrier_threads: 0
addr_space/fence_level: GPU_ADDR_SP_INVALID
barrier_id/mem_access_size: 4
fence_level/addr_space: GPU_FENCE_INVALID
*** end of the data structure *** 

*** begin of the data structure *** 
core_id:39 thread_id:4
opcode: NVBIT_IMAD
num_read_regs: 2
num_dest_regs: 1
src0: 255
src1: 255
dst0: 1
is_fp: 0
cf_type: NOT_CF
is_load: 0
inst_size: 16
inst_addr: 7f4eecacbf00
active_mask: ffffffff
br_taken_mask: 0
br_target_addr: 7f4eecacbf10
reconv_inst_addr/mem_addr: 0
mem_addr/reconv_inst_addr: 0
mem_access_size/barrier_id: 4
num_barrier_threads: 0
addr_space/fence_level: GPU_ADDR_SP_INVALID
barrier_id/mem_access_size: 4
fence_level/addr_space: GPU_FENCE_INVALID
*** end of the data structure *** 

*** begin of the data structure *** 
core_id:39 thread_id:5
opcode: NVBIT_IMAD
num_read_regs: 2
num_dest_regs: 1
src0: 255
src1: 255
dst0: 1
is_fp: 0
cf_type: NOT_CF
is_load: 0
inst_size: 16
inst_addr: 7f4eecacbf00
active_mask: ffffffff
br_taken_mask: 0
br_target_addr: 7f4eecacbf10
reconv_inst_addr/mem_addr: 0
mem_addr/reconv_inst_addr: 0
mem_access_size/barrier_id: 4
num_barrier_threads: 0
addr_space/fence_level: GPU_ADDR_SP_INVALID
barrier_id/mem_access_size: 4
fence_level/addr_space: GPU_FENCE_INVALID
*** end of the data structure *** 

*** begin of the data structure *** 
core_id:39 thread_id:6
opcode: NVBIT_IMAD
num_read_regs: 2
num_dest_regs: 1
src0: 255
src1: 255
dst0: 1
is_fp: 0
cf_type: NOT_CF
is_load: 0
inst_size: 16
inst_addr: 7f4eecacbf00
active_mask: ffffffff
br_taken_mask: 0
br_target_addr: 7f4eecacbf10
reconv_inst_addr/mem_addr: 0
mem_addr/reconv_inst_addr: 0
mem_access_size/barrier_id: 4
num_barrier_threads: 0
addr_space/fence_level: GPU_ADDR_SP_INVALID
barrier_id/mem_access_size: 4
fence_level/addr_space: GPU_FENCE_INVALID
*** end of the data structure *** 

*** begin of the data structure *** 
core_id:39 thread_id:7
opcode: NVBIT_IMAD
num_read_regs: 2
num_dest_regs: 1
src0: 255
src1: 255
dst0: 1
is_fp: 0
cf_type: NOT_CF
is_load: 0
inst_size: 16
inst_addr: 7f4eecacbf00
active_mask: ffffffff
br_taken_mask: 0
br_target_addr: 7f4eecacbf10
reconv_inst_addr/mem_addr: 0
mem_addr/reconv_inst_addr: 0
mem_access_size/barrier_id: 4
num_barrier_threads: 0
addr_space/fence_level: GPU_ADDR_SP_INVALID
barrier_id/mem_access_size: 4
fence_level/addr_space: GPU_FENCE_INVALID
*** end of the data structure *** 

*** begin of the data structure *** 
core_id:40 thread_id:4
opcode: NVBIT_IMAD
num_read_regs: 2
num_dest_regs: 1
src0: 255
src1: 255
dst0: 1
is_fp: 0
cf_type: NOT_CF
is_load: 0
inst_size: 16
inst_addr: 7f4eecacbf00
active_mask: ffffffff
br_taken_mask: 0
br_target_addr: 7f4eecacbf10
reconv_inst_addr/mem_addr: 0
mem_addr/reconv_inst_addr: 0
mem_access_size/barrier_id: 4
num_barrier_threads: 0
addr_space/fence_level: GPU_ADDR_SP_INVALID
barrier_id/mem_access_size: 4
fence_level/addr_space: GPU_FENCE_INVALID
*** end of the data structure *** 

*** begin of the data structure *** 
core_id:40 thread_id:5
opcode: NVBIT_IMAD
num_read_regs: 2
num_dest_regs: 1
src0: 255
src1: 255
dst0: 1
is_fp: 0
cf_type: NOT_CF
is_load: 0
inst_size: 16
inst_addr: 7f4eecacbf00
active_mask: ffffffff
br_taken_mask: 0
br_target_addr: 7f4eecacbf10
reconv_inst_addr/mem_addr: 0
mem_addr/reconv_inst_addr: 0
mem_access_size/barrier_id: 4
num_barrier_threads: 0
addr_space/fence_level: GPU_ADDR_SP_INVALID
barrier_id/mem_access_size: 4
fence_level/addr_space: GPU_FENCE_INVALID
*** end of the data structure *** 

*** begin of the data structure *** 
core_id:40 thread_id:6
opcode: NVBIT_IMAD
num_read_regs: 2
num_dest_regs: 1
src0: 255
src1: 255
dst0: 1
is_fp: 0
cf_type: NOT_CF
is_load: 0
inst_size: 16
inst_addr: 7f4eecacbf00
active_mask: ffffffff
br_taken_mask: 0
br_target_addr: 7f4eecacbf10
reconv_inst_addr/mem_addr: 0
mem_addr/reconv_inst_addr: 0
mem_access_size/barrier_id: 4
num_barrier_threads: 0
addr_space/fence_level: GPU_ADDR_SP_INVALID
barrier_id/mem_access_size: 4
fence_level/addr_space: GPU_FENCE_INVALID
*** end of the data structure *** 

*** begin of the data structure *** 
core_id:40 thread_id:7
opcode: NVBIT_IMAD
num_read_regs: 2
num_dest_regs: 1
src0: 255
src1: 255
dst0: 1
is_fp: 0
cf_type: NOT_CF
is_load: 0
inst_size: 16
inst_addr: 7f4eecacbf00
active_mask: ffffffff
br_taken_mask: 0
br_target_addr: 7f4eecacbf10
reconv_inst_addr/mem_addr: 0
mem_addr/reconv_inst_addr: 0
mem_access_size/barrier_id: 4
num_barrier_threads: 0
addr_space/fence_level: GPU_ADDR_SP_INVALID
barrier_id/mem_access_size: 4
fence_level/addr_space: GPU_FENCE_INVALID
*** end of the data structure *** 

*** begin of the data structure *** 
core_id:41 thread_id:4
opcode: NVBIT_IMAD
num_read_regs: 2
num_dest_regs: 1
src0: 255
src1: 255
dst0: 1
is_fp: 0
cf_type: NOT_CF
is_load: 0
inst_size: 16
inst_addr: 7f4eecacbf00
active_mask: ffffffff
br_taken_mask: 0
br_target_addr: 7f4eecacbf10
reconv_inst_addr/mem_addr: 0
mem_addr/reconv_inst_addr: 0
mem_access_size/barrier_id: 4
num_barrier_threads: 0
addr_space/fence_level: GPU_ADDR_SP_INVALID
barrier_id/mem_access_size: 4
fence_level/addr_space: GPU_FENCE_INVALID
*** end of the data structure *** 

*** begin of the data structure *** 
core_id:41 thread_id:5
opcode: NVBIT_IMAD
num_read_regs: 2
num_dest_regs: 1
src0: 255
src1: 255
dst0: 1
is_fp: 0
cf_type: NOT_CF
is_load: 0
inst_size: 16
inst_addr: 7f4eecacbf00
active_mask: ffffffff
br_taken_mask: 0
br_target_addr: 7f4eecacbf10
reconv_inst_addr/mem_addr: 0
mem_addr/reconv_inst_addr: 0
mem_access_size/barrier_id: 4
num_barrier_threads: 0
addr_space/fence_level: GPU_ADDR_SP_INVALID
barrier_id/mem_access_size: 4
fence_level/addr_space: GPU_FENCE_INVALID
*** end of the data structure *** 

*** begin of the data structure *** 
core_id:41 thread_id:6
opcode: NVBIT_IMAD
num_read_regs: 2
num_dest_regs: 1
src0: 255
src1: 255
dst0: 1
is_fp: 0
cf_type: NOT_CF
is_load: 0
inst_size: 16
inst_addr: 7f4eecacbf00
active_mask: ffffffff
br_taken_mask: 0
br_target_addr: 7f4eecacbf10
reconv_inst_addr/mem_addr: 0
mem_addr/reconv_inst_addr: 0
mem_access_size/barrier_id: 4
num_barrier_threads: 0
addr_space/fence_level: GPU_ADDR_SP_INVALID
barrier_id/mem_access_size: 4
fence_level/addr_space: GPU_FENCE_INVALID
*** end of the data structure *** 

*** begin of the data structure *** 
core_id:41 thread_id:7
opcode: NVBIT_IMAD
num_read_regs: 2
num_dest_regs: 1
src0: 255
src1: 255
dst0: 1
is_fp: 0
cf_type: NOT_CF
is_load: 0
inst_size: 16
inst_addr: 7f4eecacbf00
active_mask: ffffffff
br_taken_mask: 0
br_target_addr: 7f4eecacbf10
reconv_inst_addr/mem_addr: 0
mem_addr/reconv_inst_addr: 0
mem_access_size/barrier_id: 4
num_barrier_threads: 0
addr_space/fence_level: GPU_ADDR_SP_INVALID
barrier_id/mem_access_size: 4
fence_level/addr_space: GPU_FENCE_INVALID
*** end of the data structure *** 

*** begin of the data structure *** 
core_id:42 thread_id:4
opcode: NVBIT_IMAD
num_read_regs: 2
num_dest_regs: 1
src0: 255
src1: 255
dst0: 1
is_fp: 0
cf_type: NOT_CF
is_load: 0
inst_size: 16
inst_addr: 7f4eecacbf00
active_mask: ffffffff
br_taken_mask: 0
br_target_addr: 7f4eecacbf10
reconv_inst_addr/mem_addr: 0
mem_addr/reconv_inst_addr: 0
mem_access_size/barrier_id: 4
num_barrier_threads: 0
addr_space/fence_level: GPU_ADDR_SP_INVALID
barrier_id/mem_access_size: 4
fence_level/addr_space: GPU_FENCE_INVALID
*** end of the data structure *** 

*** begin of the data structure *** 
core_id:42 thread_id:5
opcode: NVBIT_IMAD
num_read_regs: 2
num_dest_regs: 1
src0: 255
src1: 255
dst0: 1
is_fp: 0
cf_type: NOT_CF
is_load: 0
inst_size: 16
inst_addr: 7f4eecacbf00
active_mask: ffffffff
br_taken_mask: 0
br_target_addr: 7f4eecacbf10
reconv_inst_addr/mem_addr: 0
mem_addr/reconv_inst_addr: 0
mem_access_size/barrier_id: 4
num_barrier_threads: 0
addr_space/fence_level: GPU_ADDR_SP_INVALID
barrier_id/mem_access_size: 4
fence_level/addr_space: GPU_FENCE_INVALID
*** end of the data structure *** 

*** begin of the data structure *** 
core_id:42 thread_id:6
opcode: NVBIT_IMAD
num_read_regs: 2
num_dest_regs: 1
src0: 255
src1: 255
dst0: 1
is_fp: 0
cf_type: NOT_CF
is_load: 0
inst_size: 16
inst_addr: 7f4eecacbf00
active_mask: ffffffff
br_taken_mask: 0
br_target_addr: 7f4eecacbf10
reconv_inst_addr/mem_addr: 0
mem_addr/reconv_inst_addr: 0
mem_access_size/barrier_id: 4
num_barrier_threads: 0
addr_space/fence_level: GPU_ADDR_SP_INVALID
barrier_id/mem_access_size: 4
fence_level/addr_space: GPU_FENCE_INVALID
*** end of the data structure *** 

*** begin of the data structure *** 
core_id:42 thread_id:7
opcode: NVBIT_IMAD
num_read_regs: 2
num_dest_regs: 1
src0: 255
src1: 255
dst0: 1
is_fp: 0
cf_type: NOT_CF
is_load: 0
inst_size: 16
inst_addr: 7f4eecacbf00
active_mask: ffffffff
br_taken_mask: 0
br_target_addr: 7f4eecacbf10
reconv_inst_addr/mem_addr: 0
mem_addr/reconv_inst_addr: 0
mem_access_size/barrier_id: 4
num_barrier_threads: 0
addr_space/fence_level: GPU_ADDR_SP_INVALID
barrier_id/mem_access_size: 4
fence_level/addr_space: GPU_FENCE_INVALID
*** end of the data structure *** 

*** begin of the data structure *** 
core_id:43 thread_id:4
opcode: NVBIT_IMAD
num_read_regs: 2
num_dest_regs: 1
src0: 255
src1: 255
dst0: 1
is_fp: 0
cf_type: NOT_CF
is_load: 0
inst_size: 16
inst_addr: 7f4eecacbf00
active_mask: ffffffff
br_taken_mask: 0
br_target_addr: 7f4eecacbf10
reconv_inst_addr/mem_addr: 0
mem_addr/reconv_inst_addr: 0
mem_access_size/barrier_id: 4
num_barrier_threads: 0
addr_space/fence_level: GPU_ADDR_SP_INVALID
barrier_id/mem_access_size: 4
fence_level/addr_space: GPU_FENCE_INVALID
*** end of the data structure *** 

*** begin of the data structure *** 
core_id:43 thread_id:5
opcode: NVBIT_IMAD
num_read_regs: 2
num_dest_regs: 1
src0: 255
src1: 255
dst0: 1
is_fp: 0
cf_type: NOT_CF
is_load: 0
inst_size: 16
inst_addr: 7f4eecacbf00
active_mask: ffffffff
br_taken_mask: 0
br_target_addr: 7f4eecacbf10
reconv_inst_addr/mem_addr: 0
mem_addr/reconv_inst_addr: 0
mem_access_size/barrier_id: 4
num_barrier_threads: 0
addr_space/fence_level: GPU_ADDR_SP_INVALID
barrier_id/mem_access_size: 4
fence_level/addr_space: GPU_FENCE_INVALID
*** end of the data structure *** 

*** begin of the data structure *** 
core_id:43 thread_id:6
opcode: NVBIT_IMAD
num_read_regs: 2
num_dest_regs: 1
src0: 255
src1: 255
dst0: 1
is_fp: 0
cf_type: NOT_CF
is_load: 0
inst_size: 16
inst_addr: 7f4eecacbf00
active_mask: ffffffff
br_taken_mask: 0
br_target_addr: 7f4eecacbf10
reconv_inst_addr/mem_addr: 0
mem_addr/reconv_inst_addr: 0
mem_access_size/barrier_id: 4
num_barrier_threads: 0
addr_space/fence_level: GPU_ADDR_SP_INVALID
barrier_id/mem_access_size: 4
fence_level/addr_space: GPU_FENCE_INVALID
*** end of the data structure *** 

*** begin of the data structure *** 
core_id:43 thread_id:7
opcode: NVBIT_IMAD
num_read_regs: 2
num_dest_regs: 1
src0: 255
src1: 255
dst0: 1
is_fp: 0
cf_type: NOT_CF
is_load: 0
inst_size: 16
inst_addr: 7f4eecacbf00
active_mask: ffffffff
br_taken_mask: 0
br_target_addr: 7f4eecacbf10
reconv_inst_addr/mem_addr: 0
mem_addr/reconv_inst_addr: 0
mem_access_size/barrier_id: 4
num_barrier_threads: 0
addr_space/fence_level: GPU_ADDR_SP_INVALID
barrier_id/mem_access_size: 4
fence_level/addr_space: GPU_FENCE_INVALID
*** end of the data structure *** 

*** begin of the data structure *** 
core_id:44 thread_id:4
opcode: NVBIT_IMAD
num_read_regs: 2
num_dest_regs: 1
src0: 255
src1: 255
dst0: 1
is_fp: 0
cf_type: NOT_CF
is_load: 0
inst_size: 16
inst_addr: 7f4eecacbf00
active_mask: ffffffff
br_taken_mask: 0
br_target_addr: 7f4eecacbf10
reconv_inst_addr/mem_addr: 0
mem_addr/reconv_inst_addr: 0
mem_access_size/barrier_id: 4
num_barrier_threads: 0
addr_space/fence_level: GPU_ADDR_SP_INVALID
barrier_id/mem_access_size: 4
fence_level/addr_space: GPU_FENCE_INVALID
*** end of the data structure *** 

*** begin of the data structure *** 
core_id:44 thread_id:5
opcode: NVBIT_IMAD
num_read_regs: 2
num_dest_regs: 1
src0: 255
src1: 255
dst0: 1
is_fp: 0
cf_type: NOT_CF
is_load: 0
inst_size: 16
inst_addr: 7f4eecacbf00
active_mask: ffffffff
br_taken_mask: 0
br_target_addr: 7f4eecacbf10
reconv_inst_addr/mem_addr: 0
mem_addr/reconv_inst_addr: 0
mem_access_size/barrier_id: 4
num_barrier_threads: 0
addr_space/fence_level: GPU_ADDR_SP_INVALID
barrier_id/mem_access_size: 4
fence_level/addr_space: GPU_FENCE_INVALID
*** end of the data structure *** 

*** begin of the data structure *** 
core_id:44 thread_id:6
opcode: NVBIT_IMAD
num_read_regs: 2
num_dest_regs: 1
src0: 255
src1: 255
dst0: 1
is_fp: 0
cf_type: NOT_CF
is_load: 0
inst_size: 16
inst_addr: 7f4eecacbf00
active_mask: ffffffff
br_taken_mask: 0
br_target_addr: 7f4eecacbf10
reconv_inst_addr/mem_addr: 0
mem_addr/reconv_inst_addr: 0
mem_access_size/barrier_id: 4
num_barrier_threads: 0
addr_space/fence_level: GPU_ADDR_SP_INVALID
barrier_id/mem_access_size: 4
fence_level/addr_space: GPU_FENCE_INVALID
*** end of the data structure *** 

*** begin of the data structure *** 
core_id:44 thread_id:7
opcode: NVBIT_IMAD
num_read_regs: 2
num_dest_regs: 1
src0: 255
src1: 255
dst0: 1
is_fp: 0
cf_type: NOT_CF
is_load: 0
inst_size: 16
inst_addr: 7f4eecacbf00
active_mask: ffffffff
br_taken_mask: 0
br_target_addr: 7f4eecacbf10
reconv_inst_addr/mem_addr: 0
mem_addr/reconv_inst_addr: 0
mem_access_size/barrier_id: 4
num_barrier_threads: 0
addr_space/fence_level: GPU_ADDR_SP_INVALID
barrier_id/mem_access_size: 4
fence_level/addr_space: GPU_FENCE_INVALID
*** end of the data structure *** 

*** begin of the data structure *** 
core_id:45 thread_id:4
opcode: NVBIT_IMAD
num_read_regs: 2
num_dest_regs: 1
src0: 255
src1: 255
dst0: 1
is_fp: 0
cf_type: NOT_CF
is_load: 0
inst_size: 16
inst_addr: 7f4eecacbf00
active_mask: ffffffff
br_taken_mask: 0
br_target_addr: 7f4eecacbf10
reconv_inst_addr/mem_addr: 0
mem_addr/reconv_inst_addr: 0
mem_access_size/barrier_id: 4
num_barrier_threads: 0
addr_space/fence_level: GPU_ADDR_SP_INVALID
barrier_id/mem_access_size: 4
fence_level/addr_space: GPU_FENCE_INVALID
*** end of the data structure *** 

*** begin of the data structure *** 
core_id:45 thread_id:5
opcode: NVBIT_IMAD
num_read_regs: 2
num_dest_regs: 1
src0: 255
src1: 255
dst0: 1
is_fp: 0
cf_type: NOT_CF
is_load: 0
inst_size: 16
inst_addr: 7f4eecacbf00
active_mask: ffffffff
br_taken_mask: 0
br_target_addr: 7f4eecacbf10
reconv_inst_addr/mem_addr: 0
mem_addr/reconv_inst_addr: 0
mem_access_size/barrier_id: 4
num_barrier_threads: 0
addr_space/fence_level: GPU_ADDR_SP_INVALID
barrier_id/mem_access_size: 4
fence_level/addr_space: GPU_FENCE_INVALID
*** end of the data structure *** 

*** begin of the data structure *** 
core_id:45 thread_id:6
opcode: NVBIT_IMAD
num_read_regs: 2
num_dest_regs: 1
src0: 255
src1: 255
dst0: 1
is_fp: 0
cf_type: NOT_CF
is_load: 0
inst_size: 16
inst_addr: 7f4eecacbf00
active_mask: ffffffff
br_taken_mask: 0
br_target_addr: 7f4eecacbf10
reconv_inst_addr/mem_addr: 0
mem_addr/reconv_inst_addr: 0
mem_access_size/barrier_id: 4
num_barrier_threads: 0
addr_space/fence_level: GPU_ADDR_SP_INVALID
barrier_id/mem_access_size: 4
fence_level/addr_space: GPU_FENCE_INVALID
*** end of the data structure *** 

*** begin of the data structure *** 
core_id:45 thread_id:7
opcode: NVBIT_IMAD
num_read_regs: 2
num_dest_regs: 1
src0: 255
src1: 255
dst0: 1
is_fp: 0
cf_type: NOT_CF
is_load: 0
inst_size: 16
inst_addr: 7f4eecacbf00
active_mask: ffffffff
br_taken_mask: 0
br_target_addr: 7f4eecacbf10
reconv_inst_addr/mem_addr: 0
mem_addr/reconv_inst_addr: 0
mem_access_size/barrier_id: 4
num_barrier_threads: 0
addr_space/fence_level: GPU_ADDR_SP_INVALID
barrier_id/mem_access_size: 4
fence_level/addr_space: GPU_FENCE_INVALID
*** end of the data structure *** 

*** begin of the data structure *** 
core_id:46 thread_id:4
opcode: NVBIT_IMAD
num_read_regs: 2
num_dest_regs: 1
src0: 255
src1: 255
dst0: 1
is_fp: 0
cf_type: NOT_CF
is_load: 0
inst_size: 16
inst_addr: 7f4eecacbf00
active_mask: ffffffff
br_taken_mask: 0
br_target_addr: 7f4eecacbf10
reconv_inst_addr/mem_addr: 0
mem_addr/reconv_inst_addr: 0
mem_access_size/barrier_id: 4
num_barrier_threads: 0
addr_space/fence_level: GPU_ADDR_SP_INVALID
barrier_id/mem_access_size: 4
fence_level/addr_space: GPU_FENCE_INVALID
*** end of the data structure *** 

*** begin of the data structure *** 
core_id:46 thread_id:5
opcode: NVBIT_IMAD
num_read_regs: 2
num_dest_regs: 1
src0: 255
src1: 255
dst0: 1
is_fp: 0
cf_type: NOT_CF
is_load: 0
inst_size: 16
inst_addr: 7f4eecacbf00
active_mask: ffffffff
br_taken_mask: 0
br_target_addr: 7f4eecacbf10
reconv_inst_addr/mem_addr: 0
mem_addr/reconv_inst_addr: 0
mem_access_size/barrier_id: 4
num_barrier_threads: 0
addr_space/fence_level: GPU_ADDR_SP_INVALID
barrier_id/mem_access_size: 4
fence_level/addr_space: GPU_FENCE_INVALID
*** end of the data structure *** 

*** begin of the data structure *** 
core_id:46 thread_id:6
opcode: NVBIT_IMAD
num_read_regs: 2
num_dest_regs: 1
src0: 255
src1: 255
dst0: 1
is_fp: 0
cf_type: NOT_CF
is_load: 0
inst_size: 16
inst_addr: 7f4eecacbf00
active_mask: ffffffff
br_taken_mask: 0
br_target_addr: 7f4eecacbf10
reconv_inst_addr/mem_addr: 0
mem_addr/reconv_inst_addr: 0
mem_access_size/barrier_id: 4
num_barrier_threads: 0
addr_space/fence_level: GPU_ADDR_SP_INVALID
barrier_id/mem_access_size: 4
fence_level/addr_space: GPU_FENCE_INVALID
*** end of the data structure *** 

*** begin of the data structure *** 
core_id:46 thread_id:7
opcode: NVBIT_IMAD
num_read_regs: 2
num_dest_regs: 1
src0: 255
src1: 255
dst0: 1
is_fp: 0
cf_type: NOT_CF
is_load: 0
inst_size: 16
inst_addr: 7f4eecacbf00
active_mask: ffffffff
br_taken_mask: 0
br_target_addr: 7f4eecacbf10
reconv_inst_addr/mem_addr: 0
mem_addr/reconv_inst_addr: 0
mem_access_size/barrier_id: 4
num_barrier_threads: 0
addr_space/fence_level: GPU_ADDR_SP_INVALID
barrier_id/mem_access_size: 4
fence_level/addr_space: GPU_FENCE_INVALID
*** end of the data structure *** 

*** begin of the data structure *** 
core_id:47 thread_id:4
opcode: NVBIT_IMAD
num_read_regs: 2
num_dest_regs: 1
src0: 255
src1: 255
dst0: 1
is_fp: 0
cf_type: NOT_CF
is_load: 0
inst_size: 16
inst_addr: 7f4eecacbf00
active_mask: ffffffff
br_taken_mask: 0
br_target_addr: 7f4eecacbf10
reconv_inst_addr/mem_addr: 0
mem_addr/reconv_inst_addr: 0
mem_access_size/barrier_id: 4
num_barrier_threads: 0
addr_space/fence_level: GPU_ADDR_SP_INVALID
barrier_id/mem_access_size: 4
fence_level/addr_space: GPU_FENCE_INVALID
*** end of the data structure *** 

*** begin of the data structure *** 
core_id:47 thread_id:5
opcode: NVBIT_IMAD
num_read_regs: 2
num_dest_regs: 1
src0: 255
src1: 255
dst0: 1
is_fp: 0
cf_type: NOT_CF
is_load: 0
inst_size: 16
inst_addr: 7f4eecacbf00
active_mask: ffffffff
br_taken_mask: 0
br_target_addr: 7f4eecacbf10
reconv_inst_addr/mem_addr: 0
mem_addr/reconv_inst_addr: 0
mem_access_size/barrier_id: 4
num_barrier_threads: 0
addr_space/fence_level: GPU_ADDR_SP_INVALID
barrier_id/mem_access_size: 4
fence_level/addr_space: GPU_FENCE_INVALID
*** end of the data structure *** 

*** begin of the data structure *** 
core_id:47 thread_id:6
opcode: NVBIT_IMAD
num_read_regs: 2
num_dest_regs: 1
src0: 255
src1: 255
dst0: 1
is_fp: 0
cf_type: NOT_CF
is_load: 0
inst_size: 16
inst_addr: 7f4eecacbf00
active_mask: ffffffff
br_taken_mask: 0
br_target_addr: 7f4eecacbf10
reconv_inst_addr/mem_addr: 0
mem_addr/reconv_inst_addr: 0
mem_access_size/barrier_id: 4
num_barrier_threads: 0
addr_space/fence_level: GPU_ADDR_SP_INVALID
barrier_id/mem_access_size: 4
fence_level/addr_space: GPU_FENCE_INVALID
*** end of the data structure *** 

*** begin of the data structure *** 
core_id:47 thread_id:7
opcode: NVBIT_IMAD
num_read_regs: 2
num_dest_regs: 1
src0: 255
src1: 255
dst0: 1
is_fp: 0
cf_type: NOT_CF
is_load: 0
inst_size: 16
inst_addr: 7f4eecacbf00
active_mask: ffffffff
br_taken_mask: 0
br_target_addr: 7f4eecacbf10
reconv_inst_addr/mem_addr: 0
mem_addr/reconv_inst_addr: 0
mem_access_size/barrier_id: 4
num_barrier_threads: 0
addr_space/fence_level: GPU_ADDR_SP_INVALID
barrier_id/mem_access_size: 4
fence_level/addr_space: GPU_FENCE_INVALID
*** end of the data structure *** 

*** begin of the data structure *** 
core_id:48 thread_id:4
opcode: NVBIT_IMAD
num_read_regs: 2
num_dest_regs: 1
src0: 255
src1: 255
dst0: 1
is_fp: 0
cf_type: NOT_CF
is_load: 0
inst_size: 16
inst_addr: 7f4eecacbf00
active_mask: ffffffff
br_taken_mask: 0
br_target_addr: 7f4eecacbf10
reconv_inst_addr/mem_addr: 0
mem_addr/reconv_inst_addr: 0
mem_access_size/barrier_id: 4
num_barrier_threads: 0
addr_space/fence_level: GPU_ADDR_SP_INVALID
barrier_id/mem_access_size: 4
fence_level/addr_space: GPU_FENCE_INVALID
*** end of the data structure *** 

*** begin of the data structure *** 
core_id:48 thread_id:5
opcode: NVBIT_IMAD
num_read_regs: 2
num_dest_regs: 1
src0: 255
src1: 255
dst0: 1
is_fp: 0
cf_type: NOT_CF
is_load: 0
inst_size: 16
inst_addr: 7f4eecacbf00
active_mask: ffffffff
br_taken_mask: 0
br_target_addr: 7f4eecacbf10
reconv_inst_addr/mem_addr: 0
mem_addr/reconv_inst_addr: 0
mem_access_size/barrier_id: 4
num_barrier_threads: 0
addr_space/fence_level: GPU_ADDR_SP_INVALID
barrier_id/mem_access_size: 4
fence_level/addr_space: GPU_FENCE_INVALID
*** end of the data structure *** 

*** begin of the data structure *** 
core_id:48 thread_id:6
opcode: NVBIT_IMAD
num_read_regs: 2
num_dest_regs: 1
src0: 255
src1: 255
dst0: 1
is_fp: 0
cf_type: NOT_CF
is_load: 0
inst_size: 16
inst_addr: 7f4eecacbf00
active_mask: ffffffff
br_taken_mask: 0
br_target_addr: 7f4eecacbf10
reconv_inst_addr/mem_addr: 0
mem_addr/reconv_inst_addr: 0
mem_access_size/barrier_id: 4
num_barrier_threads: 0
addr_space/fence_level: GPU_ADDR_SP_INVALID
barrier_id/mem_access_size: 4
fence_level/addr_space: GPU_FENCE_INVALID
*** end of the data structure *** 

*** begin of the data structure *** 
core_id:48 thread_id:7
opcode: NVBIT_IMAD
num_read_regs: 2
num_dest_regs: 1
src0: 255
src1: 255
dst0: 1
is_fp: 0
cf_type: NOT_CF
is_load: 0
inst_size: 16
inst_addr: 7f4eecacbf00
active_mask: ffffffff
br_taken_mask: 0
br_target_addr: 7f4eecacbf10
reconv_inst_addr/mem_addr: 0
mem_addr/reconv_inst_addr: 0
mem_access_size/barrier_id: 4
num_barrier_threads: 0
addr_space/fence_level: GPU_ADDR_SP_INVALID
barrier_id/mem_access_size: 4
fence_level/addr_space: GPU_FENCE_INVALID
*** end of the data structure *** 

*** begin of the data structure *** 
core_id:49 thread_id:4
opcode: NVBIT_IMAD
num_read_regs: 2
num_dest_regs: 1
src0: 255
src1: 255
dst0: 1
is_fp: 0
cf_type: NOT_CF
is_load: 0
inst_size: 16
inst_addr: 7f4eecacbf00
active_mask: ffffffff
br_taken_mask: 0
br_target_addr: 7f4eecacbf10
reconv_inst_addr/mem_addr: 0
mem_addr/reconv_inst_addr: 0
mem_access_size/barrier_id: 4
num_barrier_threads: 0
addr_space/fence_level: GPU_ADDR_SP_INVALID
barrier_id/mem_access_size: 4
fence_level/addr_space: GPU_FENCE_INVALID
*** end of the data structure *** 

*** begin of the data structure *** 
core_id:49 thread_id:5
opcode: NVBIT_IMAD
num_read_regs: 2
num_dest_regs: 1
src0: 255
src1: 255
dst0: 1
is_fp: 0
cf_type: NOT_CF
is_load: 0
inst_size: 16
inst_addr: 7f4eecacbf00
active_mask: ffffffff
br_taken_mask: 0
br_target_addr: 7f4eecacbf10
reconv_inst_addr/mem_addr: 0
mem_addr/reconv_inst_addr: 0
mem_access_size/barrier_id: 4
num_barrier_threads: 0
addr_space/fence_level: GPU_ADDR_SP_INVALID
barrier_id/mem_access_size: 4
fence_level/addr_space: GPU_FENCE_INVALID
*** end of the data structure *** 

*** begin of the data structure *** 
core_id:49 thread_id:6
opcode: NVBIT_IMAD
num_read_regs: 2
num_dest_regs: 1
src0: 255
src1: 255
dst0: 1
is_fp: 0
cf_type: NOT_CF
is_load: 0
inst_size: 16
inst_addr: 7f4eecacbf00
active_mask: ffffffff
br_taken_mask: 0
br_target_addr: 7f4eecacbf10
reconv_inst_addr/mem_addr: 0
mem_addr/reconv_inst_addr: 0
mem_access_size/barrier_id: 4
num_barrier_threads: 0
addr_space/fence_level: GPU_ADDR_SP_INVALID
barrier_id/mem_access_size: 4
fence_level/addr_space: GPU_FENCE_INVALID
*** end of the data structure *** 

*** begin of the data structure *** 
core_id:49 thread_id:7
opcode: NVBIT_IMAD
num_read_regs: 2
num_dest_regs: 1
src0: 255
src1: 255
dst0: 1
is_fp: 0
cf_type: NOT_CF
is_load: 0
inst_size: 16
inst_addr: 7f4eecacbf00
active_mask: ffffffff
br_taken_mask: 0
br_target_addr: 7f4eecacbf10
reconv_inst_addr/mem_addr: 0
mem_addr/reconv_inst_addr: 0
mem_access_size/barrier_id: 4
num_barrier_threads: 0
addr_space/fence_level: GPU_ADDR_SP_INVALID
barrier_id/mem_access_size: 4
fence_level/addr_space: GPU_FENCE_INVALID
*** end of the data structure *** 

*** begin of the data structure *** 
core_id:50 thread_id:4
opcode: NVBIT_IMAD
num_read_regs: 2
num_dest_regs: 1
src0: 255
src1: 255
dst0: 1
is_fp: 0
cf_type: NOT_CF
is_load: 0
inst_size: 16
inst_addr: 7f4eecacbf00
active_mask: ffffffff
br_taken_mask: 0
br_target_addr: 7f4eecacbf10
reconv_inst_addr/mem_addr: 0
mem_addr/reconv_inst_addr: 0
mem_access_size/barrier_id: 4
num_barrier_threads: 0
addr_space/fence_level: GPU_ADDR_SP_INVALID
barrier_id/mem_access_size: 4
fence_level/addr_space: GPU_FENCE_INVALID
*** end of the data structure *** 

*** begin of the data structure *** 
core_id:50 thread_id:5
opcode: NVBIT_IMAD
num_read_regs: 2
num_dest_regs: 1
src0: 255
src1: 255
dst0: 1
is_fp: 0
cf_type: NOT_CF
is_load: 0
inst_size: 16
inst_addr: 7f4eecacbf00
active_mask: ffffffff
br_taken_mask: 0
br_target_addr: 7f4eecacbf10
reconv_inst_addr/mem_addr: 0
mem_addr/reconv_inst_addr: 0
mem_access_size/barrier_id: 4
num_barrier_threads: 0
addr_space/fence_level: GPU_ADDR_SP_INVALID
barrier_id/mem_access_size: 4
fence_level/addr_space: GPU_FENCE_INVALID
*** end of the data structure *** 

*** begin of the data structure *** 
core_id:50 thread_id:6
opcode: NVBIT_IMAD
num_read_regs: 2
num_dest_regs: 1
src0: 255
src1: 255
dst0: 1
is_fp: 0
cf_type: NOT_CF
is_load: 0
inst_size: 16
inst_addr: 7f4eecacbf00
active_mask: ffffffff
br_taken_mask: 0
br_target_addr: 7f4eecacbf10
reconv_inst_addr/mem_addr: 0
mem_addr/reconv_inst_addr: 0
mem_access_size/barrier_id: 4
num_barrier_threads: 0
addr_space/fence_level: GPU_ADDR_SP_INVALID
barrier_id/mem_access_size: 4
fence_level/addr_space: GPU_FENCE_INVALID
*** end of the data structure *** 

*** begin of the data structure *** 
core_id:50 thread_id:7
opcode: NVBIT_IMAD
num_read_regs: 2
num_dest_regs: 1
src0: 255
src1: 255
dst0: 1
is_fp: 0
cf_type: NOT_CF
is_load: 0
inst_size: 16
inst_addr: 7f4eecacbf00
active_mask: ffffffff
br_taken_mask: 0
br_target_addr: 7f4eecacbf10
reconv_inst_addr/mem_addr: 0
mem_addr/reconv_inst_addr: 0
mem_access_size/barrier_id: 4
num_barrier_threads: 0
addr_space/fence_level: GPU_ADDR_SP_INVALID
barrier_id/mem_access_size: 4
fence_level/addr_space: GPU_FENCE_INVALID
*** end of the data structure *** 

*** begin of the data structure *** 
core_id:51 thread_id:4
opcode: NVBIT_IMAD
num_read_regs: 2
num_dest_regs: 1
src0: 255
src1: 255
dst0: 1
is_fp: 0
cf_type: NOT_CF
is_load: 0
inst_size: 16
inst_addr: 7f4eecacbf00
active_mask: ffffffff
br_taken_mask: 0
br_target_addr: 7f4eecacbf10
reconv_inst_addr/mem_addr: 0
mem_addr/reconv_inst_addr: 0
mem_access_size/barrier_id: 4
num_barrier_threads: 0
addr_space/fence_level: GPU_ADDR_SP_INVALID
barrier_id/mem_access_size: 4
fence_level/addr_space: GPU_FENCE_INVALID
*** end of the data structure *** 

*** begin of the data structure *** 
core_id:51 thread_id:5
opcode: NVBIT_IMAD
num_read_regs: 2
num_dest_regs: 1
src0: 255
src1: 255
dst0: 1
is_fp: 0
cf_type: NOT_CF
is_load: 0
inst_size: 16
inst_addr: 7f4eecacbf00
active_mask: ffffffff
br_taken_mask: 0
br_target_addr: 7f4eecacbf10
reconv_inst_addr/mem_addr: 0
mem_addr/reconv_inst_addr: 0
mem_access_size/barrier_id: 4
num_barrier_threads: 0
addr_space/fence_level: GPU_ADDR_SP_INVALID
barrier_id/mem_access_size: 4
fence_level/addr_space: GPU_FENCE_INVALID
*** end of the data structure *** 

*** begin of the data structure *** 
core_id:51 thread_id:6
opcode: NVBIT_IMAD
num_read_regs: 2
num_dest_regs: 1
src0: 255
src1: 255
dst0: 1
is_fp: 0
cf_type: NOT_CF
is_load: 0
inst_size: 16
inst_addr: 7f4eecacbf00
active_mask: ffffffff
br_taken_mask: 0
br_target_addr: 7f4eecacbf10
reconv_inst_addr/mem_addr: 0
mem_addr/reconv_inst_addr: 0
mem_access_size/barrier_id: 4
num_barrier_threads: 0
addr_space/fence_level: GPU_ADDR_SP_INVALID
barrier_id/mem_access_size: 4
fence_level/addr_space: GPU_FENCE_INVALID
*** end of the data structure *** 

*** begin of the data structure *** 
core_id:51 thread_id:7
opcode: NVBIT_IMAD
num_read_regs: 2
num_dest_regs: 1
src0: 255
src1: 255
dst0: 1
is_fp: 0
cf_type: NOT_CF
is_load: 0
inst_size: 16
inst_addr: 7f4eecacbf00
active_mask: ffffffff
br_taken_mask: 0
br_target_addr: 7f4eecacbf10
reconv_inst_addr/mem_addr: 0
mem_addr/reconv_inst_addr: 0
mem_access_size/barrier_id: 4
num_barrier_threads: 0
addr_space/fence_level: GPU_ADDR_SP_INVALID
barrier_id/mem_access_size: 4
fence_level/addr_space: GPU_FENCE_INVALID
*** end of the data structure *** 

*** begin of the data structure *** 
core_id:52 thread_id:4
opcode: NVBIT_IMAD
num_read_regs: 2
num_dest_regs: 1
src0: 255
src1: 255
dst0: 1
is_fp: 0
cf_type: NOT_CF
is_load: 0
inst_size: 16
inst_addr: 7f4eecacbf00
active_mask: ffffffff
br_taken_mask: 0
br_target_addr: 7f4eecacbf10
reconv_inst_addr/mem_addr: 0
mem_addr/reconv_inst_addr: 0
mem_access_size/barrier_id: 4
num_barrier_threads: 0
addr_space/fence_level: GPU_ADDR_SP_INVALID
barrier_id/mem_access_size: 4
fence_level/addr_space: GPU_FENCE_INVALID
*** end of the data structure *** 

*** begin of the data structure *** 
core_id:52 thread_id:5
opcode: NVBIT_IMAD
num_read_regs: 2
num_dest_regs: 1
src0: 255
src1: 255
dst0: 1
is_fp: 0
cf_type: NOT_CF
is_load: 0
inst_size: 16
inst_addr: 7f4eecacbf00
active_mask: ffffffff
br_taken_mask: 0
br_target_addr: 7f4eecacbf10
reconv_inst_addr/mem_addr: 0
mem_addr/reconv_inst_addr: 0
mem_access_size/barrier_id: 4
num_barrier_threads: 0
addr_space/fence_level: GPU_ADDR_SP_INVALID
barrier_id/mem_access_size: 4
fence_level/addr_space: GPU_FENCE_INVALID
*** end of the data structure *** 

*** begin of the data structure *** 
core_id:52 thread_id:6
opcode: NVBIT_IMAD
num_read_regs: 2
num_dest_regs: 1
src0: 255
src1: 255
dst0: 1
is_fp: 0
cf_type: NOT_CF
is_load: 0
inst_size: 16
inst_addr: 7f4eecacbf00
active_mask: ffffffff
br_taken_mask: 0
br_target_addr: 7f4eecacbf10
reconv_inst_addr/mem_addr: 0
mem_addr/reconv_inst_addr: 0
mem_access_size/barrier_id: 4
num_barrier_threads: 0
addr_space/fence_level: GPU_ADDR_SP_INVALID
barrier_id/mem_access_size: 4
fence_level/addr_space: GPU_FENCE_INVALID
*** end of the data structure *** 

*** begin of the data structure *** 
core_id:52 thread_id:7
opcode: NVBIT_IMAD
num_read_regs: 2
num_dest_regs: 1
src0: 255
src1: 255
dst0: 1
is_fp: 0
cf_type: NOT_CF
is_load: 0
inst_size: 16
inst_addr: 7f4eecacbf00
active_mask: ffffffff
br_taken_mask: 0
br_target_addr: 7f4eecacbf10
reconv_inst_addr/mem_addr: 0
mem_addr/reconv_inst_addr: 0
mem_access_size/barrier_id: 4
num_barrier_threads: 0
addr_space/fence_level: GPU_ADDR_SP_INVALID
barrier_id/mem_access_size: 4
fence_level/addr_space: GPU_FENCE_INVALID
*** end of the data structure *** 

*** begin of the data structure *** 
core_id:53 thread_id:4
opcode: NVBIT_IMAD
num_read_regs: 2
num_dest_regs: 1
src0: 255
src1: 255
dst0: 1
is_fp: 0
cf_type: NOT_CF
is_load: 0
inst_size: 16
inst_addr: 7f4eecacbf00
active_mask: ffffffff
br_taken_mask: 0
br_target_addr: 7f4eecacbf10
reconv_inst_addr/mem_addr: 0
mem_addr/reconv_inst_addr: 0
mem_access_size/barrier_id: 4
num_barrier_threads: 0
addr_space/fence_level: GPU_ADDR_SP_INVALID
barrier_id/mem_access_size: 4
fence_level/addr_space: GPU_FENCE_INVALID
*** end of the data structure *** 

*** begin of the data structure *** 
core_id:53 thread_id:5
opcode: NVBIT_IMAD
num_read_regs: 2
num_dest_regs: 1
src0: 255
src1: 255
dst0: 1
is_fp: 0
cf_type: NOT_CF
is_load: 0
inst_size: 16
inst_addr: 7f4eecacbf00
active_mask: ffffffff
br_taken_mask: 0
br_target_addr: 7f4eecacbf10
reconv_inst_addr/mem_addr: 0
mem_addr/reconv_inst_addr: 0
mem_access_size/barrier_id: 4
num_barrier_threads: 0
addr_space/fence_level: GPU_ADDR_SP_INVALID
barrier_id/mem_access_size: 4
fence_level/addr_space: GPU_FENCE_INVALID
*** end of the data structure *** 

*** begin of the data structure *** 
core_id:53 thread_id:6
opcode: NVBIT_IMAD
num_read_regs: 2
num_dest_regs: 1
src0: 255
src1: 255
dst0: 1
is_fp: 0
cf_type: NOT_CF
is_load: 0
inst_size: 16
inst_addr: 7f4eecacbf00
active_mask: ffffffff
br_taken_mask: 0
br_target_addr: 7f4eecacbf10
reconv_inst_addr/mem_addr: 0
mem_addr/reconv_inst_addr: 0
mem_access_size/barrier_id: 4
num_barrier_threads: 0
addr_space/fence_level: GPU_ADDR_SP_INVALID
barrier_id/mem_access_size: 4
fence_level/addr_space: GPU_FENCE_INVALID
*** end of the data structure *** 

*** begin of the data structure *** 
core_id:53 thread_id:7
opcode: NVBIT_IMAD
num_read_regs: 2
num_dest_regs: 1
src0: 255
src1: 255
dst0: 1
is_fp: 0
cf_type: NOT_CF
is_load: 0
inst_size: 16
inst_addr: 7f4eecacbf00
active_mask: ffffffff
br_taken_mask: 0
br_target_addr: 7f4eecacbf10
reconv_inst_addr/mem_addr: 0
mem_addr/reconv_inst_addr: 0
mem_access_size/barrier_id: 4
num_barrier_threads: 0
addr_space/fence_level: GPU_ADDR_SP_INVALID
barrier_id/mem_access_size: 4
fence_level/addr_space: GPU_FENCE_INVALID
*** end of the data structure *** 

*** begin of the data structure *** 
core_id:54 thread_id:4
opcode: NVBIT_IMAD
num_read_regs: 2
num_dest_regs: 1
src0: 255
src1: 255
dst0: 1
is_fp: 0
cf_type: NOT_CF
is_load: 0
inst_size: 16
inst_addr: 7f4eecacbf00
active_mask: ffffffff
br_taken_mask: 0
br_target_addr: 7f4eecacbf10
reconv_inst_addr/mem_addr: 0
mem_addr/reconv_inst_addr: 0
mem_access_size/barrier_id: 4
num_barrier_threads: 0
addr_space/fence_level: GPU_ADDR_SP_INVALID
barrier_id/mem_access_size: 4
fence_level/addr_space: GPU_FENCE_INVALID
*** end of the data structure *** 

*** begin of the data structure *** 
core_id:54 thread_id:5
opcode: NVBIT_IMAD
num_read_regs: 2
num_dest_regs: 1
src0: 255
src1: 255
dst0: 1
is_fp: 0
cf_type: NOT_CF
is_load: 0
inst_size: 16
inst_addr: 7f4eecacbf00
active_mask: ffffffff
br_taken_mask: 0
br_target_addr: 7f4eecacbf10
reconv_inst_addr/mem_addr: 0
mem_addr/reconv_inst_addr: 0
mem_access_size/barrier_id: 4
num_barrier_threads: 0
addr_space/fence_level: GPU_ADDR_SP_INVALID
barrier_id/mem_access_size: 4
fence_level/addr_space: GPU_FENCE_INVALID
*** end of the data structure *** 

*** begin of the data structure *** 
core_id:54 thread_id:6
opcode: NVBIT_IMAD
num_read_regs: 2
num_dest_regs: 1
src0: 255
src1: 255
dst0: 1
is_fp: 0
cf_type: NOT_CF
is_load: 0
inst_size: 16
inst_addr: 7f4eecacbf00
active_mask: ffffffff
br_taken_mask: 0
br_target_addr: 7f4eecacbf10
reconv_inst_addr/mem_addr: 0
mem_addr/reconv_inst_addr: 0
mem_access_size/barrier_id: 4
num_barrier_threads: 0
addr_space/fence_level: GPU_ADDR_SP_INVALID
barrier_id/mem_access_size: 4
fence_level/addr_space: GPU_FENCE_INVALID
*** end of the data structure *** 

*** begin of the data structure *** 
core_id:54 thread_id:7
opcode: NVBIT_IMAD
num_read_regs: 2
num_dest_regs: 1
src0: 255
src1: 255
dst0: 1
is_fp: 0
cf_type: NOT_CF
is_load: 0
inst_size: 16
inst_addr: 7f4eecacbf00
active_mask: ffffffff
br_taken_mask: 0
br_target_addr: 7f4eecacbf10
reconv_inst_addr/mem_addr: 0
mem_addr/reconv_inst_addr: 0
mem_access_size/barrier_id: 4
num_barrier_threads: 0
addr_space/fence_level: GPU_ADDR_SP_INVALID
barrier_id/mem_access_size: 4
fence_level/addr_space: GPU_FENCE_INVALID
*** end of the data structure *** 

*** begin of the data structure *** 
core_id:55 thread_id:4
opcode: NVBIT_IMAD
num_read_regs: 2
num_dest_regs: 1
src0: 255
src1: 255
dst0: 1
is_fp: 0
cf_type: NOT_CF
is_load: 0
inst_size: 16
inst_addr: 7f4eecacbf00
active_mask: ffffffff
br_taken_mask: 0
br_target_addr: 7f4eecacbf10
reconv_inst_addr/mem_addr: 0
mem_addr/reconv_inst_addr: 0
mem_access_size/barrier_id: 4
num_barrier_threads: 0
addr_space/fence_level: GPU_ADDR_SP_INVALID
barrier_id/mem_access_size: 4
fence_level/addr_space: GPU_FENCE_INVALID
*** end of the data structure *** 

*** begin of the data structure *** 
core_id:55 thread_id:5
opcode: NVBIT_IMAD
num_read_regs: 2
num_dest_regs: 1
src0: 255
src1: 255
dst0: 1
is_fp: 0
cf_type: NOT_CF
is_load: 0
inst_size: 16
inst_addr: 7f4eecacbf00
active_mask: ffffffff
br_taken_mask: 0
br_target_addr: 7f4eecacbf10
reconv_inst_addr/mem_addr: 0
mem_addr/reconv_inst_addr: 0
mem_access_size/barrier_id: 4
num_barrier_threads: 0
addr_space/fence_level: GPU_ADDR_SP_INVALID
barrier_id/mem_access_size: 4
fence_level/addr_space: GPU_FENCE_INVALID
*** end of the data structure *** 

*** begin of the data structure *** 
core_id:55 thread_id:6
opcode: NVBIT_IMAD
num_read_regs: 2
num_dest_regs: 1
src0: 255
src1: 255
dst0: 1
is_fp: 0
cf_type: NOT_CF
is_load: 0
inst_size: 16
inst_addr: 7f4eecacbf00
active_mask: ffffffff
br_taken_mask: 0
br_target_addr: 7f4eecacbf10
reconv_inst_addr/mem_addr: 0
mem_addr/reconv_inst_addr: 0
mem_access_size/barrier_id: 4
num_barrier_threads: 0
addr_space/fence_level: GPU_ADDR_SP_INVALID
barrier_id/mem_access_size: 4
fence_level/addr_space: GPU_FENCE_INVALID
*** end of the data structure *** 

*** begin of the data structure *** 
core_id:55 thread_id:7
opcode: NVBIT_IMAD
num_read_regs: 2
num_dest_regs: 1
src0: 255
src1: 255
dst0: 1
is_fp: 0
cf_type: NOT_CF
is_load: 0
inst_size: 16
inst_addr: 7f4eecacbf00
active_mask: ffffffff
br_taken_mask: 0
br_target_addr: 7f4eecacbf10
reconv_inst_addr/mem_addr: 0
mem_addr/reconv_inst_addr: 0
mem_access_size/barrier_id: 4
num_barrier_threads: 0
addr_space/fence_level: GPU_ADDR_SP_INVALID
barrier_id/mem_access_size: 4
fence_level/addr_space: GPU_FENCE_INVALID
*** end of the data structure *** 

*** begin of the data structure *** 
core_id:56 thread_id:4
opcode: NVBIT_IMAD
num_read_regs: 2
num_dest_regs: 1
src0: 255
src1: 255
dst0: 1
is_fp: 0
cf_type: NOT_CF
is_load: 0
inst_size: 16
inst_addr: 7f4eecacbf00
active_mask: ffffffff
br_taken_mask: 0
br_target_addr: 7f4eecacbf10
reconv_inst_addr/mem_addr: 0
mem_addr/reconv_inst_addr: 0
mem_access_size/barrier_id: 4
num_barrier_threads: 0
addr_space/fence_level: GPU_ADDR_SP_INVALID
barrier_id/mem_access_size: 4
fence_level/addr_space: GPU_FENCE_INVALID
*** end of the data structure *** 

*** begin of the data structure *** 
core_id:56 thread_id:5
opcode: NVBIT_IMAD
num_read_regs: 2
num_dest_regs: 1
src0: 255
src1: 255
dst0: 1
is_fp: 0
cf_type: NOT_CF
is_load: 0
inst_size: 16
inst_addr: 7f4eecacbf00
active_mask: ffffffff
br_taken_mask: 0
br_target_addr: 7f4eecacbf10
reconv_inst_addr/mem_addr: 0
mem_addr/reconv_inst_addr: 0
mem_access_size/barrier_id: 4
num_barrier_threads: 0
addr_space/fence_level: GPU_ADDR_SP_INVALID
barrier_id/mem_access_size: 4
fence_level/addr_space: GPU_FENCE_INVALID
*** end of the data structure *** 

*** begin of the data structure *** 
core_id:56 thread_id:6
opcode: NVBIT_IMAD
num_read_regs: 2
num_dest_regs: 1
src0: 255
src1: 255
dst0: 1
is_fp: 0
cf_type: NOT_CF
is_load: 0
inst_size: 16
inst_addr: 7f4eecacbf00
active_mask: ffffffff
br_taken_mask: 0
br_target_addr: 7f4eecacbf10
reconv_inst_addr/mem_addr: 0
mem_addr/reconv_inst_addr: 0
mem_access_size/barrier_id: 4
num_barrier_threads: 0
addr_space/fence_level: GPU_ADDR_SP_INVALID
barrier_id/mem_access_size: 4
fence_level/addr_space: GPU_FENCE_INVALID
*** end of the data structure *** 

*** begin of the data structure *** 
core_id:56 thread_id:7
opcode: NVBIT_IMAD
num_read_regs: 2
num_dest_regs: 1
src0: 255
src1: 255
dst0: 1
is_fp: 0
cf_type: NOT_CF
is_load: 0
inst_size: 16
inst_addr: 7f4eecacbf00
active_mask: ffffffff
br_taken_mask: 0
br_target_addr: 7f4eecacbf10
reconv_inst_addr/mem_addr: 0
mem_addr/reconv_inst_addr: 0
mem_access_size/barrier_id: 4
num_barrier_threads: 0
addr_space/fence_level: GPU_ADDR_SP_INVALID
barrier_id/mem_access_size: 4
fence_level/addr_space: GPU_FENCE_INVALID
*** end of the data structure *** 

*** begin of the data structure *** 
core_id:57 thread_id:4
opcode: NVBIT_IMAD
num_read_regs: 2
num_dest_regs: 1
src0: 255
src1: 255
dst0: 1
is_fp: 0
cf_type: NOT_CF
is_load: 0
inst_size: 16
inst_addr: 7f4eecacbf00
active_mask: ffffffff
br_taken_mask: 0
br_target_addr: 7f4eecacbf10
reconv_inst_addr/mem_addr: 0
mem_addr/reconv_inst_addr: 0
mem_access_size/barrier_id: 4
num_barrier_threads: 0
addr_space/fence_level: GPU_ADDR_SP_INVALID
barrier_id/mem_access_size: 4
fence_level/addr_space: GPU_FENCE_INVALID
*** end of the data structure *** 

*** begin of the data structure *** 
core_id:57 thread_id:5
opcode: NVBIT_IMAD
num_read_regs: 2
num_dest_regs: 1
src0: 255
src1: 255
dst0: 1
is_fp: 0
cf_type: NOT_CF
is_load: 0
inst_size: 16
inst_addr: 7f4eecacbf00
active_mask: ffffffff
br_taken_mask: 0
br_target_addr: 7f4eecacbf10
reconv_inst_addr/mem_addr: 0
mem_addr/reconv_inst_addr: 0
mem_access_size/barrier_id: 4
num_barrier_threads: 0
addr_space/fence_level: GPU_ADDR_SP_INVALID
barrier_id/mem_access_size: 4
fence_level/addr_space: GPU_FENCE_INVALID
*** end of the data structure *** 

*** begin of the data structure *** 
core_id:57 thread_id:6
opcode: NVBIT_IMAD
num_read_regs: 2
num_dest_regs: 1
src0: 255
src1: 255
dst0: 1
is_fp: 0
cf_type: NOT_CF
is_load: 0
inst_size: 16
inst_addr: 7f4eecacbf00
active_mask: ffffffff
br_taken_mask: 0
br_target_addr: 7f4eecacbf10
reconv_inst_addr/mem_addr: 0
mem_addr/reconv_inst_addr: 0
mem_access_size/barrier_id: 4
num_barrier_threads: 0
addr_space/fence_level: GPU_ADDR_SP_INVALID
barrier_id/mem_access_size: 4
fence_level/addr_space: GPU_FENCE_INVALID
*** end of the data structure *** 

*** begin of the data structure *** 
core_id:57 thread_id:7
opcode: NVBIT_IMAD
num_read_regs: 2
num_dest_regs: 1
src0: 255
src1: 255
dst0: 1
is_fp: 0
cf_type: NOT_CF
is_load: 0
inst_size: 16
inst_addr: 7f4eecacbf00
active_mask: ffffffff
br_taken_mask: 0
br_target_addr: 7f4eecacbf10
reconv_inst_addr/mem_addr: 0
mem_addr/reconv_inst_addr: 0
mem_access_size/barrier_id: 4
num_barrier_threads: 0
addr_space/fence_level: GPU_ADDR_SP_INVALID
barrier_id/mem_access_size: 4
fence_level/addr_space: GPU_FENCE_INVALID
*** end of the data structure *** 

*** begin of the data structure *** 
core_id:58 thread_id:4
opcode: NVBIT_IMAD
num_read_regs: 2
num_dest_regs: 1
src0: 255
src1: 255
dst0: 1
is_fp: 0
cf_type: NOT_CF
is_load: 0
inst_size: 16
inst_addr: 7f4eecacbf00
active_mask: ffffffff
br_taken_mask: 0
br_target_addr: 7f4eecacbf10
reconv_inst_addr/mem_addr: 0
mem_addr/reconv_inst_addr: 0
mem_access_size/barrier_id: 4
num_barrier_threads: 0
addr_space/fence_level: GPU_ADDR_SP_INVALID
barrier_id/mem_access_size: 4
fence_level/addr_space: GPU_FENCE_INVALID
*** end of the data structure *** 

*** begin of the data structure *** 
core_id:58 thread_id:5
opcode: NVBIT_IMAD
num_read_regs: 2
num_dest_regs: 1
src0: 255
src1: 255
dst0: 1
is_fp: 0
cf_type: NOT_CF
is_load: 0
inst_size: 16
inst_addr: 7f4eecacbf00
active_mask: ffffffff
br_taken_mask: 0
br_target_addr: 7f4eecacbf10
reconv_inst_addr/mem_addr: 0
mem_addr/reconv_inst_addr: 0
mem_access_size/barrier_id: 4
num_barrier_threads: 0
addr_space/fence_level: GPU_ADDR_SP_INVALID
barrier_id/mem_access_size: 4
fence_level/addr_space: GPU_FENCE_INVALID
*** end of the data structure *** 

*** begin of the data structure *** 
core_id:58 thread_id:6
opcode: NVBIT_IMAD
num_read_regs: 2
num_dest_regs: 1
src0: 255
src1: 255
dst0: 1
is_fp: 0
cf_type: NOT_CF
is_load: 0
inst_size: 16
inst_addr: 7f4eecacbf00
active_mask: ffffffff
br_taken_mask: 0
br_target_addr: 7f4eecacbf10
reconv_inst_addr/mem_addr: 0
mem_addr/reconv_inst_addr: 0
mem_access_size/barrier_id: 4
num_barrier_threads: 0
addr_space/fence_level: GPU_ADDR_SP_INVALID
barrier_id/mem_access_size: 4
fence_level/addr_space: GPU_FENCE_INVALID
*** end of the data structure *** 

*** begin of the data structure *** 
core_id:58 thread_id:7
opcode: NVBIT_IMAD
num_read_regs: 2
num_dest_regs: 1
src0: 255
src1: 255
dst0: 1
is_fp: 0
cf_type: NOT_CF
is_load: 0
inst_size: 16
inst_addr: 7f4eecacbf00
active_mask: ffffffff
br_taken_mask: 0
br_target_addr: 7f4eecacbf10
reconv_inst_addr/mem_addr: 0
mem_addr/reconv_inst_addr: 0
mem_access_size/barrier_id: 4
num_barrier_threads: 0
addr_space/fence_level: GPU_ADDR_SP_INVALID
barrier_id/mem_access_size: 4
fence_level/addr_space: GPU_FENCE_INVALID
*** end of the data structure *** 

*** begin of the data structure *** 
core_id:59 thread_id:4
opcode: NVBIT_IMAD
num_read_regs: 2
num_dest_regs: 1
src0: 255
src1: 255
dst0: 1
is_fp: 0
cf_type: NOT_CF
is_load: 0
inst_size: 16
inst_addr: 7f4eecacbf00
active_mask: ffffffff
br_taken_mask: 0
br_target_addr: 7f4eecacbf10
reconv_inst_addr/mem_addr: 0
mem_addr/reconv_inst_addr: 0
mem_access_size/barrier_id: 4
num_barrier_threads: 0
addr_space/fence_level: GPU_ADDR_SP_INVALID
barrier_id/mem_access_size: 4
fence_level/addr_space: GPU_FENCE_INVALID
*** end of the data structure *** 

*** begin of the data structure *** 
core_id:59 thread_id:5
opcode: NVBIT_IMAD
num_read_regs: 2
num_dest_regs: 1
src0: 255
src1: 255
dst0: 1
is_fp: 0
cf_type: NOT_CF
is_load: 0
inst_size: 16
inst_addr: 7f4eecacbf00
active_mask: ffffffff
br_taken_mask: 0
br_target_addr: 7f4eecacbf10
reconv_inst_addr/mem_addr: 0
mem_addr/reconv_inst_addr: 0
mem_access_size/barrier_id: 4
num_barrier_threads: 0
addr_space/fence_level: GPU_ADDR_SP_INVALID
barrier_id/mem_access_size: 4
fence_level/addr_space: GPU_FENCE_INVALID
*** end of the data structure *** 

*** begin of the data structure *** 
core_id:59 thread_id:6
opcode: NVBIT_IMAD
num_read_regs: 2
num_dest_regs: 1
src0: 255
src1: 255
dst0: 1
is_fp: 0
cf_type: NOT_CF
is_load: 0
inst_size: 16
inst_addr: 7f4eecacbf00
active_mask: ffffffff
br_taken_mask: 0
br_target_addr: 7f4eecacbf10
reconv_inst_addr/mem_addr: 0
mem_addr/reconv_inst_addr: 0
mem_access_size/barrier_id: 4
num_barrier_threads: 0
addr_space/fence_level: GPU_ADDR_SP_INVALID
barrier_id/mem_access_size: 4
fence_level/addr_space: GPU_FENCE_INVALID
*** end of the data structure *** 

*** begin of the data structure *** 
core_id:59 thread_id:7
opcode: NVBIT_IMAD
num_read_regs: 2
num_dest_regs: 1
src0: 255
src1: 255
dst0: 1
is_fp: 0
cf_type: NOT_CF
is_load: 0
inst_size: 16
inst_addr: 7f4eecacbf00
active_mask: ffffffff
br_taken_mask: 0
br_target_addr: 7f4eecacbf10
reconv_inst_addr/mem_addr: 0
mem_addr/reconv_inst_addr: 0
mem_access_size/barrier_id: 4
num_barrier_threads: 0
addr_space/fence_level: GPU_ADDR_SP_INVALID
barrier_id/mem_access_size: 4
fence_level/addr_space: GPU_FENCE_INVALID
*** end of the data structure *** 

*** begin of the data structure *** 
core_id:60 thread_id:4
opcode: NVBIT_IMAD
num_read_regs: 2
num_dest_regs: 1
src0: 255
src1: 255
dst0: 1
is_fp: 0
cf_type: NOT_CF
is_load: 0
inst_size: 16
inst_addr: 7f4eecacbf00
active_mask: ffffffff
br_taken_mask: 0
br_target_addr: 7f4eecacbf10
reconv_inst_addr/mem_addr: 0
mem_addr/reconv_inst_addr: 0
mem_access_size/barrier_id: 4
num_barrier_threads: 0
addr_space/fence_level: GPU_ADDR_SP_INVALID
barrier_id/mem_access_size: 4
fence_level/addr_space: GPU_FENCE_INVALID
*** end of the data structure *** 

*** begin of the data structure *** 
core_id:60 thread_id:5
opcode: NVBIT_IMAD
num_read_regs: 2
num_dest_regs: 1
src0: 255
src1: 255
dst0: 1
is_fp: 0
cf_type: NOT_CF
is_load: 0
inst_size: 16
inst_addr: 7f4eecacbf00
active_mask: ffffffff
br_taken_mask: 0
br_target_addr: 7f4eecacbf10
reconv_inst_addr/mem_addr: 0
mem_addr/reconv_inst_addr: 0
mem_access_size/barrier_id: 4
num_barrier_threads: 0
addr_space/fence_level: GPU_ADDR_SP_INVALID
barrier_id/mem_access_size: 4
fence_level/addr_space: GPU_FENCE_INVALID
*** end of the data structure *** 

*** begin of the data structure *** 
core_id:60 thread_id:6
opcode: NVBIT_IMAD
num_read_regs: 2
num_dest_regs: 1
src0: 255
src1: 255
dst0: 1
is_fp: 0
cf_type: NOT_CF
is_load: 0
inst_size: 16
inst_addr: 7f4eecacbf00
active_mask: ffffffff
br_taken_mask: 0
br_target_addr: 7f4eecacbf10
reconv_inst_addr/mem_addr: 0
mem_addr/reconv_inst_addr: 0
mem_access_size/barrier_id: 4
num_barrier_threads: 0
addr_space/fence_level: GPU_ADDR_SP_INVALID
barrier_id/mem_access_size: 4
fence_level/addr_space: GPU_FENCE_INVALID
*** end of the data structure *** 

*** begin of the data structure *** 
core_id:60 thread_id:7
opcode: NVBIT_IMAD
num_read_regs: 2
num_dest_regs: 1
src0: 255
src1: 255
dst0: 1
is_fp: 0
cf_type: NOT_CF
is_load: 0
inst_size: 16
inst_addr: 7f4eecacbf00
active_mask: ffffffff
br_taken_mask: 0
br_target_addr: 7f4eecacbf10
reconv_inst_addr/mem_addr: 0
mem_addr/reconv_inst_addr: 0
mem_access_size/barrier_id: 4
num_barrier_threads: 0
addr_space/fence_level: GPU_ADDR_SP_INVALID
barrier_id/mem_access_size: 4
fence_level/addr_space: GPU_FENCE_INVALID
*** end of the data structure *** 

*** begin of the data structure *** 
core_id:61 thread_id:4
opcode: NVBIT_IMAD
num_read_regs: 2
num_dest_regs: 1
src0: 255
src1: 255
dst0: 1
is_fp: 0
cf_type: NOT_CF
is_load: 0
inst_size: 16
inst_addr: 7f4eecacbf00
active_mask: ffffffff
br_taken_mask: 0
br_target_addr: 7f4eecacbf10
reconv_inst_addr/mem_addr: 0
mem_addr/reconv_inst_addr: 0
mem_access_size/barrier_id: 4
num_barrier_threads: 0
addr_space/fence_level: GPU_ADDR_SP_INVALID
barrier_id/mem_access_size: 4
fence_level/addr_space: GPU_FENCE_INVALID
*** end of the data structure *** 

*** begin of the data structure *** 
core_id:61 thread_id:5
opcode: NVBIT_IMAD
num_read_regs: 2
num_dest_regs: 1
src0: 255
src1: 255
dst0: 1
is_fp: 0
cf_type: NOT_CF
is_load: 0
inst_size: 16
inst_addr: 7f4eecacbf00
active_mask: ffffffff
br_taken_mask: 0
br_target_addr: 7f4eecacbf10
reconv_inst_addr/mem_addr: 0
mem_addr/reconv_inst_addr: 0
mem_access_size/barrier_id: 4
num_barrier_threads: 0
addr_space/fence_level: GPU_ADDR_SP_INVALID
barrier_id/mem_access_size: 4
fence_level/addr_space: GPU_FENCE_INVALID
*** end of the data structure *** 

*** begin of the data structure *** 
core_id:61 thread_id:6
opcode: NVBIT_IMAD
num_read_regs: 2
num_dest_regs: 1
src0: 255
src1: 255
dst0: 1
is_fp: 0
cf_type: NOT_CF
is_load: 0
inst_size: 16
inst_addr: 7f4eecacbf00
active_mask: ffffffff
br_taken_mask: 0
br_target_addr: 7f4eecacbf10
reconv_inst_addr/mem_addr: 0
mem_addr/reconv_inst_addr: 0
mem_access_size/barrier_id: 4
num_barrier_threads: 0
addr_space/fence_level: GPU_ADDR_SP_INVALID
barrier_id/mem_access_size: 4
fence_level/addr_space: GPU_FENCE_INVALID
*** end of the data structure *** 

*** begin of the data structure *** 
core_id:61 thread_id:7
opcode: NVBIT_IMAD
num_read_regs: 2
num_dest_regs: 1
src0: 255
src1: 255
dst0: 1
is_fp: 0
cf_type: NOT_CF
is_load: 0
inst_size: 16
inst_addr: 7f4eecacbf00
active_mask: ffffffff
br_taken_mask: 0
br_target_addr: 7f4eecacbf10
reconv_inst_addr/mem_addr: 0
mem_addr/reconv_inst_addr: 0
mem_access_size/barrier_id: 4
num_barrier_threads: 0
addr_space/fence_level: GPU_ADDR_SP_INVALID
barrier_id/mem_access_size: 4
fence_level/addr_space: GPU_FENCE_INVALID
*** end of the data structure *** 

*** begin of the data structure *** 
core_id:62 thread_id:4
opcode: NVBIT_IMAD
num_read_regs: 2
num_dest_regs: 1
src0: 255
src1: 255
dst0: 1
is_fp: 0
cf_type: NOT_CF
is_load: 0
inst_size: 16
inst_addr: 7f4eecacbf00
active_mask: ffffffff
br_taken_mask: 0
br_target_addr: 7f4eecacbf10
reconv_inst_addr/mem_addr: 0
mem_addr/reconv_inst_addr: 0
mem_access_size/barrier_id: 4
num_barrier_threads: 0
addr_space/fence_level: GPU_ADDR_SP_INVALID
barrier_id/mem_access_size: 4
fence_level/addr_space: GPU_FENCE_INVALID
*** end of the data structure *** 

*** begin of the data structure *** 
core_id:62 thread_id:5
opcode: NVBIT_IMAD
num_read_regs: 2
num_dest_regs: 1
src0: 255
src1: 255
dst0: 1
is_fp: 0
cf_type: NOT_CF
is_load: 0
inst_size: 16
inst_addr: 7f4eecacbf00
active_mask: ffffffff
br_taken_mask: 0
br_target_addr: 7f4eecacbf10
reconv_inst_addr/mem_addr: 0
mem_addr/reconv_inst_addr: 0
mem_access_size/barrier_id: 4
num_barrier_threads: 0
addr_space/fence_level: GPU_ADDR_SP_INVALID
barrier_id/mem_access_size: 4
fence_level/addr_space: GPU_FENCE_INVALID
*** end of the data structure *** 

*** begin of the data structure *** 
core_id:62 thread_id:6
opcode: NVBIT_IMAD
num_read_regs: 2
num_dest_regs: 1
src0: 255
src1: 255
dst0: 1
is_fp: 0
cf_type: NOT_CF
is_load: 0
inst_size: 16
inst_addr: 7f4eecacbf00
active_mask: ffffffff
br_taken_mask: 0
br_target_addr: 7f4eecacbf10
reconv_inst_addr/mem_addr: 0
mem_addr/reconv_inst_addr: 0
mem_access_size/barrier_id: 4
num_barrier_threads: 0
addr_space/fence_level: GPU_ADDR_SP_INVALID
barrier_id/mem_access_size: 4
fence_level/addr_space: GPU_FENCE_INVALID
*** end of the data structure *** 

*** begin of the data structure *** 
core_id:62 thread_id:7
opcode: NVBIT_IMAD
num_read_regs: 2
num_dest_regs: 1
src0: 255
src1: 255
dst0: 1
is_fp: 0
cf_type: NOT_CF
is_load: 0
inst_size: 16
inst_addr: 7f4eecacbf00
active_mask: ffffffff
br_taken_mask: 0
br_target_addr: 7f4eecacbf10
reconv_inst_addr/mem_addr: 0
mem_addr/reconv_inst_addr: 0
mem_access_size/barrier_id: 4
num_barrier_threads: 0
addr_space/fence_level: GPU_ADDR_SP_INVALID
barrier_id/mem_access_size: 4
fence_level/addr_space: GPU_FENCE_INVALID
*** end of the data structure *** 

*** begin of the data structure *** 
core_id:63 thread_id:4
opcode: NVBIT_IMAD
num_read_regs: 2
num_dest_regs: 1
src0: 255
src1: 255
dst0: 1
is_fp: 0
cf_type: NOT_CF
is_load: 0
inst_size: 16
inst_addr: 7f4eecacbf00
active_mask: ffffffff
br_taken_mask: 0
br_target_addr: 7f4eecacbf10
reconv_inst_addr/mem_addr: 0
mem_addr/reconv_inst_addr: 0
mem_access_size/barrier_id: 4
num_barrier_threads: 0
addr_space/fence_level: GPU_ADDR_SP_INVALID
barrier_id/mem_access_size: 4
fence_level/addr_space: GPU_FENCE_INVALID
*** end of the data structure *** 

*** begin of the data structure *** 
core_id:63 thread_id:5
opcode: NVBIT_IMAD
num_read_regs: 2
num_dest_regs: 1
src0: 255
src1: 255
dst0: 1
is_fp: 0
cf_type: NOT_CF
is_load: 0
inst_size: 16
inst_addr: 7f4eecacbf00
active_mask: ffffffff
br_taken_mask: 0
br_target_addr: 7f4eecacbf10
reconv_inst_addr/mem_addr: 0
mem_addr/reconv_inst_addr: 0
mem_access_size/barrier_id: 4
num_barrier_threads: 0
addr_space/fence_level: GPU_ADDR_SP_INVALID
barrier_id/mem_access_size: 4
fence_level/addr_space: GPU_FENCE_INVALID
*** end of the data structure *** 

*** begin of the data structure *** 
core_id:63 thread_id:6
opcode: NVBIT_IMAD
num_read_regs: 2
num_dest_regs: 1
src0: 255
src1: 255
dst0: 1
is_fp: 0
cf_type: NOT_CF
is_load: 0
inst_size: 16
inst_addr: 7f4eecacbf00
active_mask: ffffffff
br_taken_mask: 0
br_target_addr: 7f4eecacbf10
reconv_inst_addr/mem_addr: 0
mem_addr/reconv_inst_addr: 0
mem_access_size/barrier_id: 4
num_barrier_threads: 0
addr_space/fence_level: GPU_ADDR_SP_INVALID
barrier_id/mem_access_size: 4
fence_level/addr_space: GPU_FENCE_INVALID
*** end of the data structure *** 

*** begin of the data structure *** 
core_id:63 thread_id:7
opcode: NVBIT_IMAD
num_read_regs: 2
num_dest_regs: 1
src0: 255
src1: 255
dst0: 1
is_fp: 0
cf_type: NOT_CF
is_load: 0
inst_size: 16
inst_addr: 7f4eecacbf00
active_mask: ffffffff
br_taken_mask: 0
br_target_addr: 7f4eecacbf10
reconv_inst_addr/mem_addr: 0
mem_addr/reconv_inst_addr: 0
mem_access_size/barrier_id: 4
num_barrier_threads: 0
addr_space/fence_level: GPU_ADDR_SP_INVALID
barrier_id/mem_access_size: 4
fence_level/addr_space: GPU_FENCE_INVALID
*** end of the data structure *** 

*** begin of the data structure *** 
core_id:64 thread_id:4
opcode: NVBIT_IMAD
num_read_regs: 2
num_dest_regs: 1
src0: 255
src1: 255
dst0: 1
is_fp: 0
cf_type: NOT_CF
is_load: 0
inst_size: 16
inst_addr: 7f4eecacbf00
active_mask: ffffffff
br_taken_mask: 0
br_target_addr: 7f4eecacbf10
reconv_inst_addr/mem_addr: 0
mem_addr/reconv_inst_addr: 0
mem_access_size/barrier_id: 4
num_barrier_threads: 0
addr_space/fence_level: GPU_ADDR_SP_INVALID
barrier_id/mem_access_size: 4
fence_level/addr_space: GPU_FENCE_INVALID
*** end of the data structure *** 

*** begin of the data structure *** 
core_id:64 thread_id:5
opcode: NVBIT_IMAD
num_read_regs: 2
num_dest_regs: 1
src0: 255
src1: 255
dst0: 1
is_fp: 0
cf_type: NOT_CF
is_load: 0
inst_size: 16
inst_addr: 7f4eecacbf00
active_mask: ffffffff
br_taken_mask: 0
br_target_addr: 7f4eecacbf10
reconv_inst_addr/mem_addr: 0
mem_addr/reconv_inst_addr: 0
mem_access_size/barrier_id: 4
num_barrier_threads: 0
addr_space/fence_level: GPU_ADDR_SP_INVALID
barrier_id/mem_access_size: 4
fence_level/addr_space: GPU_FENCE_INVALID
*** end of the data structure *** 

*** begin of the data structure *** 
core_id:64 thread_id:6
opcode: NVBIT_IMAD
num_read_regs: 2
num_dest_regs: 1
src0: 255
src1: 255
dst0: 1
is_fp: 0
cf_type: NOT_CF
is_load: 0
inst_size: 16
inst_addr: 7f4eecacbf00
active_mask: ffffffff
br_taken_mask: 0
br_target_addr: 7f4eecacbf10
reconv_inst_addr/mem_addr: 0
mem_addr/reconv_inst_addr: 0
mem_access_size/barrier_id: 4
num_barrier_threads: 0
addr_space/fence_level: GPU_ADDR_SP_INVALID
barrier_id/mem_access_size: 4
fence_level/addr_space: GPU_FENCE_INVALID
*** end of the data structure *** 

*** begin of the data structure *** 
core_id:64 thread_id:7
opcode: NVBIT_IMAD
num_read_regs: 2
num_dest_regs: 1
src0: 255
src1: 255
dst0: 1
is_fp: 0
cf_type: NOT_CF
is_load: 0
inst_size: 16
inst_addr: 7f4eecacbf00
active_mask: ffffffff
br_taken_mask: 0
br_target_addr: 7f4eecacbf10
reconv_inst_addr/mem_addr: 0
mem_addr/reconv_inst_addr: 0
mem_access_size/barrier_id: 4
num_barrier_threads: 0
addr_space/fence_level: GPU_ADDR_SP_INVALID
barrier_id/mem_access_size: 4
fence_level/addr_space: GPU_FENCE_INVALID
*** end of the data structure *** 

*** begin of the data structure *** 
core_id:65 thread_id:4
opcode: NVBIT_IMAD
num_read_regs: 2
num_dest_regs: 1
src0: 255
src1: 255
dst0: 1
is_fp: 0
cf_type: NOT_CF
is_load: 0
inst_size: 16
inst_addr: 7f4eecacbf00
active_mask: ffffffff
br_taken_mask: 0
br_target_addr: 7f4eecacbf10
reconv_inst_addr/mem_addr: 0
mem_addr/reconv_inst_addr: 0
mem_access_size/barrier_id: 4
num_barrier_threads: 0
addr_space/fence_level: GPU_ADDR_SP_INVALID
barrier_id/mem_access_size: 4
fence_level/addr_space: GPU_FENCE_INVALID
*** end of the data structure *** 

*** begin of the data structure *** 
core_id:65 thread_id:5
opcode: NVBIT_IMAD
num_read_regs: 2
num_dest_regs: 1
src0: 255
src1: 255
dst0: 1
is_fp: 0
cf_type: NOT_CF
is_load: 0
inst_size: 16
inst_addr: 7f4eecacbf00
active_mask: ffffffff
br_taken_mask: 0
br_target_addr: 7f4eecacbf10
reconv_inst_addr/mem_addr: 0
mem_addr/reconv_inst_addr: 0
mem_access_size/barrier_id: 4
num_barrier_threads: 0
addr_space/fence_level: GPU_ADDR_SP_INVALID
barrier_id/mem_access_size: 4
fence_level/addr_space: GPU_FENCE_INVALID
*** end of the data structure *** 

*** begin of the data structure *** 
core_id:65 thread_id:6
opcode: NVBIT_IMAD
num_read_regs: 2
num_dest_regs: 1
src0: 255
src1: 255
dst0: 1
is_fp: 0
cf_type: NOT_CF
is_load: 0
inst_size: 16
inst_addr: 7f4eecacbf00
active_mask: ffffffff
br_taken_mask: 0
br_target_addr: 7f4eecacbf10
reconv_inst_addr/mem_addr: 0
mem_addr/reconv_inst_addr: 0
mem_access_size/barrier_id: 4
num_barrier_threads: 0
addr_space/fence_level: GPU_ADDR_SP_INVALID
barrier_id/mem_access_size: 4
fence_level/addr_space: GPU_FENCE_INVALID
*** end of the data structure *** 

*** begin of the data structure *** 
core_id:65 thread_id:7
opcode: NVBIT_IMAD
num_read_regs: 2
num_dest_regs: 1
src0: 255
src1: 255
dst0: 1
is_fp: 0
cf_type: NOT_CF
is_load: 0
inst_size: 16
inst_addr: 7f4eecacbf00
active_mask: ffffffff
br_taken_mask: 0
br_target_addr: 7f4eecacbf10
reconv_inst_addr/mem_addr: 0
mem_addr/reconv_inst_addr: 0
mem_access_size/barrier_id: 4
num_barrier_threads: 0
addr_space/fence_level: GPU_ADDR_SP_INVALID
barrier_id/mem_access_size: 4
fence_level/addr_space: GPU_FENCE_INVALID
*** end of the data structure *** 

*** begin of the data structure *** 
core_id:66 thread_id:4
opcode: NVBIT_IMAD
num_read_regs: 2
num_dest_regs: 1
src0: 255
src1: 255
dst0: 1
is_fp: 0
cf_type: NOT_CF
is_load: 0
inst_size: 16
inst_addr: 7f4eecacbf00
active_mask: ffffffff
br_taken_mask: 0
br_target_addr: 7f4eecacbf10
reconv_inst_addr/mem_addr: 0
mem_addr/reconv_inst_addr: 0
mem_access_size/barrier_id: 4
num_barrier_threads: 0
addr_space/fence_level: GPU_ADDR_SP_INVALID
barrier_id/mem_access_size: 4
fence_level/addr_space: GPU_FENCE_INVALID
*** end of the data structure *** 

*** begin of the data structure *** 
core_id:66 thread_id:5
opcode: NVBIT_IMAD
num_read_regs: 2
num_dest_regs: 1
src0: 255
src1: 255
dst0: 1
is_fp: 0
cf_type: NOT_CF
is_load: 0
inst_size: 16
inst_addr: 7f4eecacbf00
active_mask: ffffffff
br_taken_mask: 0
br_target_addr: 7f4eecacbf10
reconv_inst_addr/mem_addr: 0
mem_addr/reconv_inst_addr: 0
mem_access_size/barrier_id: 4
num_barrier_threads: 0
addr_space/fence_level: GPU_ADDR_SP_INVALID
barrier_id/mem_access_size: 4
fence_level/addr_space: GPU_FENCE_INVALID
*** end of the data structure *** 

*** begin of the data structure *** 
core_id:66 thread_id:6
opcode: NVBIT_IMAD
num_read_regs: 2
num_dest_regs: 1
src0: 255
src1: 255
dst0: 1
is_fp: 0
cf_type: NOT_CF
is_load: 0
inst_size: 16
inst_addr: 7f4eecacbf00
active_mask: ffffffff
br_taken_mask: 0
br_target_addr: 7f4eecacbf10
reconv_inst_addr/mem_addr: 0
mem_addr/reconv_inst_addr: 0
mem_access_size/barrier_id: 4
num_barrier_threads: 0
addr_space/fence_level: GPU_ADDR_SP_INVALID
barrier_id/mem_access_size: 4
fence_level/addr_space: GPU_FENCE_INVALID
*** end of the data structure *** 

*** begin of the data structure *** 
core_id:66 thread_id:7
opcode: NVBIT_IMAD
num_read_regs: 2
num_dest_regs: 1
src0: 255
src1: 255
dst0: 1
is_fp: 0
cf_type: NOT_CF
is_load: 0
inst_size: 16
inst_addr: 7f4eecacbf00
active_mask: ffffffff
br_taken_mask: 0
br_target_addr: 7f4eecacbf10
reconv_inst_addr/mem_addr: 0
mem_addr/reconv_inst_addr: 0
mem_access_size/barrier_id: 4
num_barrier_threads: 0
addr_space/fence_level: GPU_ADDR_SP_INVALID
barrier_id/mem_access_size: 4
fence_level/addr_space: GPU_FENCE_INVALID
*** end of the data structure *** 

*** begin of the data structure *** 
core_id:67 thread_id:4
opcode: NVBIT_IMAD
num_read_regs: 2
num_dest_regs: 1
src0: 255
src1: 255
dst0: 1
is_fp: 0
cf_type: NOT_CF
is_load: 0
inst_size: 16
inst_addr: 7f4eecacbf00
active_mask: ffffffff
br_taken_mask: 0
br_target_addr: 7f4eecacbf10
reconv_inst_addr/mem_addr: 0
mem_addr/reconv_inst_addr: 0
mem_access_size/barrier_id: 4
num_barrier_threads: 0
addr_space/fence_level: GPU_ADDR_SP_INVALID
barrier_id/mem_access_size: 4
fence_level/addr_space: GPU_FENCE_INVALID
*** end of the data structure *** 

*** begin of the data structure *** 
core_id:67 thread_id:5
opcode: NVBIT_IMAD
num_read_regs: 2
num_dest_regs: 1
src0: 255
src1: 255
dst0: 1
is_fp: 0
cf_type: NOT_CF
is_load: 0
inst_size: 16
inst_addr: 7f4eecacbf00
active_mask: ffffffff
br_taken_mask: 0
br_target_addr: 7f4eecacbf10
reconv_inst_addr/mem_addr: 0
mem_addr/reconv_inst_addr: 0
mem_access_size/barrier_id: 4
num_barrier_threads: 0
addr_space/fence_level: GPU_ADDR_SP_INVALID
barrier_id/mem_access_size: 4
fence_level/addr_space: GPU_FENCE_INVALID
*** end of the data structure *** 

*** begin of the data structure *** 
core_id:67 thread_id:6
opcode: NVBIT_IMAD
num_read_regs: 2
num_dest_regs: 1
src0: 255
src1: 255
dst0: 1
is_fp: 0
cf_type: NOT_CF
is_load: 0
inst_size: 16
inst_addr: 7f4eecacbf00
active_mask: ffffffff
br_taken_mask: 0
br_target_addr: 7f4eecacbf10
reconv_inst_addr/mem_addr: 0
mem_addr/reconv_inst_addr: 0
mem_access_size/barrier_id: 4
num_barrier_threads: 0
addr_space/fence_level: GPU_ADDR_SP_INVALID
barrier_id/mem_access_size: 4
fence_level/addr_space: GPU_FENCE_INVALID
*** end of the data structure *** 

*** begin of the data structure *** 
core_id:67 thread_id:7
opcode: NVBIT_IMAD
num_read_regs: 2
num_dest_regs: 1
src0: 255
src1: 255
dst0: 1
is_fp: 0
cf_type: NOT_CF
is_load: 0
inst_size: 16
inst_addr: 7f4eecacbf00
active_mask: ffffffff
br_taken_mask: 0
br_target_addr: 7f4eecacbf10
reconv_inst_addr/mem_addr: 0
mem_addr/reconv_inst_addr: 0
mem_access_size/barrier_id: 4
num_barrier_threads: 0
addr_space/fence_level: GPU_ADDR_SP_INVALID
barrier_id/mem_access_size: 4
fence_level/addr_space: GPU_FENCE_INVALID
*** end of the data structure *** 

*** begin of the data structure *** 
core_id:68 thread_id:4
opcode: NVBIT_IMAD
num_read_regs: 2
num_dest_regs: 1
src0: 255
src1: 255
dst0: 1
is_fp: 0
cf_type: NOT_CF
is_load: 0
inst_size: 16
inst_addr: 7f4eecacbf00
active_mask: ffffffff
br_taken_mask: 0
br_target_addr: 7f4eecacbf10
reconv_inst_addr/mem_addr: 0
mem_addr/reconv_inst_addr: 0
mem_access_size/barrier_id: 4
num_barrier_threads: 0
addr_space/fence_level: GPU_ADDR_SP_INVALID
barrier_id/mem_access_size: 4
fence_level/addr_space: GPU_FENCE_INVALID
*** end of the data structure *** 

*** begin of the data structure *** 
core_id:68 thread_id:5
opcode: NVBIT_IMAD
num_read_regs: 2
num_dest_regs: 1
src0: 255
src1: 255
dst0: 1
is_fp: 0
cf_type: NOT_CF
is_load: 0
inst_size: 16
inst_addr: 7f4eecacbf00
active_mask: ffffffff
br_taken_mask: 0
br_target_addr: 7f4eecacbf10
reconv_inst_addr/mem_addr: 0
mem_addr/reconv_inst_addr: 0
mem_access_size/barrier_id: 4
num_barrier_threads: 0
addr_space/fence_level: GPU_ADDR_SP_INVALID
barrier_id/mem_access_size: 4
fence_level/addr_space: GPU_FENCE_INVALID
*** end of the data structure *** 

*** begin of the data structure *** 
core_id:68 thread_id:6
opcode: NVBIT_IMAD
num_read_regs: 2
num_dest_regs: 1
src0: 255
src1: 255
dst0: 1
is_fp: 0
cf_type: NOT_CF
is_load: 0
inst_size: 16
inst_addr: 7f4eecacbf00
active_mask: ffffffff
br_taken_mask: 0
br_target_addr: 7f4eecacbf10
reconv_inst_addr/mem_addr: 0
mem_addr/reconv_inst_addr: 0
mem_access_size/barrier_id: 4
num_barrier_threads: 0
addr_space/fence_level: GPU_ADDR_SP_INVALID
barrier_id/mem_access_size: 4
fence_level/addr_space: GPU_FENCE_INVALID
*** end of the data structure *** 

*** begin of the data structure *** 
core_id:68 thread_id:7
opcode: NVBIT_IMAD
num_read_regs: 2
num_dest_regs: 1
src0: 255
src1: 255
dst0: 1
is_fp: 0
cf_type: NOT_CF
is_load: 0
inst_size: 16
inst_addr: 7f4eecacbf00
active_mask: ffffffff
br_taken_mask: 0
br_target_addr: 7f4eecacbf10
reconv_inst_addr/mem_addr: 0
mem_addr/reconv_inst_addr: 0
mem_access_size/barrier_id: 4
num_barrier_threads: 0
addr_space/fence_level: GPU_ADDR_SP_INVALID
barrier_id/mem_access_size: 4
fence_level/addr_space: GPU_FENCE_INVALID
*** end of the data structure *** 

*** begin of the data structure *** 
core_id:69 thread_id:4
opcode: NVBIT_IMAD
num_read_regs: 2
num_dest_regs: 1
src0: 255
src1: 255
dst0: 1
is_fp: 0
cf_type: NOT_CF
is_load: 0
inst_size: 16
inst_addr: 7f4eecacbf00
active_mask: ffffffff
br_taken_mask: 0
br_target_addr: 7f4eecacbf10
reconv_inst_addr/mem_addr: 0
mem_addr/reconv_inst_addr: 0
mem_access_size/barrier_id: 4
num_barrier_threads: 0
addr_space/fence_level: GPU_ADDR_SP_INVALID
barrier_id/mem_access_size: 4
fence_level/addr_space: GPU_FENCE_INVALID
*** end of the data structure *** 

*** begin of the data structure *** 
core_id:69 thread_id:5
opcode: NVBIT_IMAD
num_read_regs: 2
num_dest_regs: 1
src0: 255
src1: 255
dst0: 1
is_fp: 0
cf_type: NOT_CF
is_load: 0
inst_size: 16
inst_addr: 7f4eecacbf00
active_mask: ffffffff
br_taken_mask: 0
br_target_addr: 7f4eecacbf10
reconv_inst_addr/mem_addr: 0
mem_addr/reconv_inst_addr: 0
mem_access_size/barrier_id: 4
num_barrier_threads: 0
addr_space/fence_level: GPU_ADDR_SP_INVALID
barrier_id/mem_access_size: 4
fence_level/addr_space: GPU_FENCE_INVALID
*** end of the data structure *** 

*** begin of the data structure *** 
core_id:69 thread_id:6
opcode: NVBIT_IMAD
num_read_regs: 2
num_dest_regs: 1
src0: 255
src1: 255
dst0: 1
is_fp: 0
cf_type: NOT_CF
is_load: 0
inst_size: 16
inst_addr: 7f4eecacbf00
active_mask: ffffffff
br_taken_mask: 0
br_target_addr: 7f4eecacbf10
reconv_inst_addr/mem_addr: 0
mem_addr/reconv_inst_addr: 0
mem_access_size/barrier_id: 4
num_barrier_threads: 0
addr_space/fence_level: GPU_ADDR_SP_INVALID
barrier_id/mem_access_size: 4
fence_level/addr_space: GPU_FENCE_INVALID
*** end of the data structure *** 

*** begin of the data structure *** 
core_id:69 thread_id:7
opcode: NVBIT_IMAD
num_read_regs: 2
num_dest_regs: 1
src0: 255
src1: 255
dst0: 1
is_fp: 0
cf_type: NOT_CF
is_load: 0
inst_size: 16
inst_addr: 7f4eecacbf00
active_mask: ffffffff
br_taken_mask: 0
br_target_addr: 7f4eecacbf10
reconv_inst_addr/mem_addr: 0
mem_addr/reconv_inst_addr: 0
mem_access_size/barrier_id: 4
num_barrier_threads: 0
addr_space/fence_level: GPU_ADDR_SP_INVALID
barrier_id/mem_access_size: 4
fence_level/addr_space: GPU_FENCE_INVALID
*** end of the data structure *** 

*** begin of the data structure *** 
core_id:70 thread_id:4
opcode: NVBIT_IMAD
num_read_regs: 2
num_dest_regs: 1
src0: 255
src1: 255
dst0: 1
is_fp: 0
cf_type: NOT_CF
is_load: 0
inst_size: 16
inst_addr: 7f4eecacbf00
active_mask: ffffffff
br_taken_mask: 0
br_target_addr: 7f4eecacbf10
reconv_inst_addr/mem_addr: 0
mem_addr/reconv_inst_addr: 0
mem_access_size/barrier_id: 4
num_barrier_threads: 0
addr_space/fence_level: GPU_ADDR_SP_INVALID
barrier_id/mem_access_size: 4
fence_level/addr_space: GPU_FENCE_INVALID
*** end of the data structure *** 

*** begin of the data structure *** 
core_id:70 thread_id:5
opcode: NVBIT_IMAD
num_read_regs: 2
num_dest_regs: 1
src0: 255
src1: 255
dst0: 1
is_fp: 0
cf_type: NOT_CF
is_load: 0
inst_size: 16
inst_addr: 7f4eecacbf00
active_mask: ffffffff
br_taken_mask: 0
br_target_addr: 7f4eecacbf10
reconv_inst_addr/mem_addr: 0
mem_addr/reconv_inst_addr: 0
mem_access_size/barrier_id: 4
num_barrier_threads: 0
addr_space/fence_level: GPU_ADDR_SP_INVALID
barrier_id/mem_access_size: 4
fence_level/addr_space: GPU_FENCE_INVALID
*** end of the data structure *** 

*** begin of the data structure *** 
core_id:70 thread_id:6
opcode: NVBIT_IMAD
num_read_regs: 2
num_dest_regs: 1
src0: 255
src1: 255
dst0: 1
is_fp: 0
cf_type: NOT_CF
is_load: 0
inst_size: 16
inst_addr: 7f4eecacbf00
active_mask: ffffffff
br_taken_mask: 0
br_target_addr: 7f4eecacbf10
reconv_inst_addr/mem_addr: 0
mem_addr/reconv_inst_addr: 0
mem_access_size/barrier_id: 4
num_barrier_threads: 0
addr_space/fence_level: GPU_ADDR_SP_INVALID
barrier_id/mem_access_size: 4
fence_level/addr_space: GPU_FENCE_INVALID
*** end of the data structure *** 

*** begin of the data structure *** 
core_id:70 thread_id:7
opcode: NVBIT_IMAD
num_read_regs: 2
num_dest_regs: 1
src0: 255
src1: 255
dst0: 1
is_fp: 0
cf_type: NOT_CF
is_load: 0
inst_size: 16
inst_addr: 7f4eecacbf00
active_mask: ffffffff
br_taken_mask: 0
br_target_addr: 7f4eecacbf10
reconv_inst_addr/mem_addr: 0
mem_addr/reconv_inst_addr: 0
mem_access_size/barrier_id: 4
num_barrier_threads: 0
addr_space/fence_level: GPU_ADDR_SP_INVALID
barrier_id/mem_access_size: 4
fence_level/addr_space: GPU_FENCE_INVALID
*** end of the data structure *** 

*** begin of the data structure *** 
core_id:71 thread_id:4
opcode: NVBIT_IMAD
num_read_regs: 2
num_dest_regs: 1
src0: 255
src1: 255
dst0: 1
is_fp: 0
cf_type: NOT_CF
is_load: 0
inst_size: 16
inst_addr: 7f4eecacbf00
active_mask: ffffffff
br_taken_mask: 0
br_target_addr: 7f4eecacbf10
reconv_inst_addr/mem_addr: 0
mem_addr/reconv_inst_addr: 0
mem_access_size/barrier_id: 4
num_barrier_threads: 0
addr_space/fence_level: GPU_ADDR_SP_INVALID
barrier_id/mem_access_size: 4
fence_level/addr_space: GPU_FENCE_INVALID
*** end of the data structure *** 

*** begin of the data structure *** 
core_id:71 thread_id:5
opcode: NVBIT_IMAD
num_read_regs: 2
num_dest_regs: 1
src0: 255
src1: 255
dst0: 1
is_fp: 0
cf_type: NOT_CF
is_load: 0
inst_size: 16
inst_addr: 7f4eecacbf00
active_mask: ffffffff
br_taken_mask: 0
br_target_addr: 7f4eecacbf10
reconv_inst_addr/mem_addr: 0
mem_addr/reconv_inst_addr: 0
mem_access_size/barrier_id: 4
num_barrier_threads: 0
addr_space/fence_level: GPU_ADDR_SP_INVALID
barrier_id/mem_access_size: 4
fence_level/addr_space: GPU_FENCE_INVALID
*** end of the data structure *** 

*** begin of the data structure *** 
core_id:71 thread_id:6
opcode: NVBIT_IMAD
num_read_regs: 2
num_dest_regs: 1
src0: 255
src1: 255
dst0: 1
is_fp: 0
cf_type: NOT_CF
is_load: 0
inst_size: 16
inst_addr: 7f4eecacbf00
active_mask: ffffffff
br_taken_mask: 0
br_target_addr: 7f4eecacbf10
reconv_inst_addr/mem_addr: 0
mem_addr/reconv_inst_addr: 0
mem_access_size/barrier_id: 4
num_barrier_threads: 0
addr_space/fence_level: GPU_ADDR_SP_INVALID
barrier_id/mem_access_size: 4
fence_level/addr_space: GPU_FENCE_INVALID
*** end of the data structure *** 

*** begin of the data structure *** 
core_id:71 thread_id:7
opcode: NVBIT_IMAD
num_read_regs: 2
num_dest_regs: 1
src0: 255
src1: 255
dst0: 1
is_fp: 0
cf_type: NOT_CF
is_load: 0
inst_size: 16
inst_addr: 7f4eecacbf00
active_mask: ffffffff
br_taken_mask: 0
br_target_addr: 7f4eecacbf10
reconv_inst_addr/mem_addr: 0
mem_addr/reconv_inst_addr: 0
mem_access_size/barrier_id: 4
num_barrier_threads: 0
addr_space/fence_level: GPU_ADDR_SP_INVALID
barrier_id/mem_access_size: 4
fence_level/addr_space: GPU_FENCE_INVALID
*** end of the data structure *** 

*** begin of the data structure *** 
core_id:72 thread_id:4
opcode: NVBIT_IMAD
num_read_regs: 2
num_dest_regs: 1
src0: 255
src1: 255
dst0: 1
is_fp: 0
cf_type: NOT_CF
is_load: 0
inst_size: 16
inst_addr: 7f4eecacbf00
active_mask: ffffffff
br_taken_mask: 0
br_target_addr: 7f4eecacbf10
reconv_inst_addr/mem_addr: 0
mem_addr/reconv_inst_addr: 0
mem_access_size/barrier_id: 4
num_barrier_threads: 0
addr_space/fence_level: GPU_ADDR_SP_INVALID
barrier_id/mem_access_size: 4
fence_level/addr_space: GPU_FENCE_INVALID
*** end of the data structure *** 

*** begin of the data structure *** 
core_id:72 thread_id:5
opcode: NVBIT_IMAD
num_read_regs: 2
num_dest_regs: 1
src0: 255
src1: 255
dst0: 1
is_fp: 0
cf_type: NOT_CF
is_load: 0
inst_size: 16
inst_addr: 7f4eecacbf00
active_mask: ffffffff
br_taken_mask: 0
br_target_addr: 7f4eecacbf10
reconv_inst_addr/mem_addr: 0
mem_addr/reconv_inst_addr: 0
mem_access_size/barrier_id: 4
num_barrier_threads: 0
addr_space/fence_level: GPU_ADDR_SP_INVALID
barrier_id/mem_access_size: 4
fence_level/addr_space: GPU_FENCE_INVALID
*** end of the data structure *** 

*** begin of the data structure *** 
core_id:72 thread_id:6
opcode: NVBIT_IMAD
num_read_regs: 2
num_dest_regs: 1
src0: 255
src1: 255
dst0: 1
is_fp: 0
cf_type: NOT_CF
is_load: 0
inst_size: 16
inst_addr: 7f4eecacbf00
active_mask: ffffffff
br_taken_mask: 0
br_target_addr: 7f4eecacbf10
reconv_inst_addr/mem_addr: 0
mem_addr/reconv_inst_addr: 0
mem_access_size/barrier_id: 4
num_barrier_threads: 0
addr_space/fence_level: GPU_ADDR_SP_INVALID
barrier_id/mem_access_size: 4
fence_level/addr_space: GPU_FENCE_INVALID
*** end of the data structure *** 

*** begin of the data structure *** 
core_id:72 thread_id:7
opcode: NVBIT_IMAD
num_read_regs: 2
num_dest_regs: 1
src0: 255
src1: 255
dst0: 1
is_fp: 0
cf_type: NOT_CF
is_load: 0
inst_size: 16
inst_addr: 7f4eecacbf00
active_mask: ffffffff
br_taken_mask: 0
br_target_addr: 7f4eecacbf10
reconv_inst_addr/mem_addr: 0
mem_addr/reconv_inst_addr: 0
mem_access_size/barrier_id: 4
num_barrier_threads: 0
addr_space/fence_level: GPU_ADDR_SP_INVALID
barrier_id/mem_access_size: 4
fence_level/addr_space: GPU_FENCE_INVALID
*** end of the data structure *** 

*** begin of the data structure *** 
core_id:73 thread_id:4
opcode: NVBIT_IMAD
num_read_regs: 2
num_dest_regs: 1
src0: 255
src1: 255
dst0: 1
is_fp: 0
cf_type: NOT_CF
is_load: 0
inst_size: 16
inst_addr: 7f4eecacbf00
active_mask: ffffffff
br_taken_mask: 0
br_target_addr: 7f4eecacbf10
reconv_inst_addr/mem_addr: 0
mem_addr/reconv_inst_addr: 0
mem_access_size/barrier_id: 4
num_barrier_threads: 0
addr_space/fence_level: GPU_ADDR_SP_INVALID
barrier_id/mem_access_size: 4
fence_level/addr_space: GPU_FENCE_INVALID
*** end of the data structure *** 

*** begin of the data structure *** 
core_id:73 thread_id:5
opcode: NVBIT_IMAD
num_read_regs: 2
num_dest_regs: 1
src0: 255
src1: 255
dst0: 1
is_fp: 0
cf_type: NOT_CF
is_load: 0
inst_size: 16
inst_addr: 7f4eecacbf00
active_mask: ffffffff
br_taken_mask: 0
br_target_addr: 7f4eecacbf10
reconv_inst_addr/mem_addr: 0
mem_addr/reconv_inst_addr: 0
mem_access_size/barrier_id: 4
num_barrier_threads: 0
addr_space/fence_level: GPU_ADDR_SP_INVALID
barrier_id/mem_access_size: 4
fence_level/addr_space: GPU_FENCE_INVALID
*** end of the data structure *** 

*** begin of the data structure *** 
core_id:73 thread_id:6
opcode: NVBIT_IMAD
num_read_regs: 2
num_dest_regs: 1
src0: 255
src1: 255
dst0: 1
is_fp: 0
cf_type: NOT_CF
is_load: 0
inst_size: 16
inst_addr: 7f4eecacbf00
active_mask: ffffffff
br_taken_mask: 0
br_target_addr: 7f4eecacbf10
reconv_inst_addr/mem_addr: 0
mem_addr/reconv_inst_addr: 0
mem_access_size/barrier_id: 4
num_barrier_threads: 0
addr_space/fence_level: GPU_ADDR_SP_INVALID
barrier_id/mem_access_size: 4
fence_level/addr_space: GPU_FENCE_INVALID
*** end of the data structure *** 

*** begin of the data structure *** 
core_id:73 thread_id:7
opcode: NVBIT_IMAD
num_read_regs: 2
num_dest_regs: 1
src0: 255
src1: 255
dst0: 1
is_fp: 0
cf_type: NOT_CF
is_load: 0
inst_size: 16
inst_addr: 7f4eecacbf00
active_mask: ffffffff
br_taken_mask: 0
br_target_addr: 7f4eecacbf10
reconv_inst_addr/mem_addr: 0
mem_addr/reconv_inst_addr: 0
mem_access_size/barrier_id: 4
num_barrier_threads: 0
addr_space/fence_level: GPU_ADDR_SP_INVALID
barrier_id/mem_access_size: 4
fence_level/addr_space: GPU_FENCE_INVALID
*** end of the data structure *** 

*** begin of the data structure *** 
core_id:74 thread_id:4
opcode: NVBIT_IMAD
num_read_regs: 2
num_dest_regs: 1
src0: 255
src1: 255
dst0: 1
is_fp: 0
cf_type: NOT_CF
is_load: 0
inst_size: 16
inst_addr: 7f4eecacbf00
active_mask: ffffffff
br_taken_mask: 0
br_target_addr: 7f4eecacbf10
reconv_inst_addr/mem_addr: 0
mem_addr/reconv_inst_addr: 0
mem_access_size/barrier_id: 4
num_barrier_threads: 0
addr_space/fence_level: GPU_ADDR_SP_INVALID
barrier_id/mem_access_size: 4
fence_level/addr_space: GPU_FENCE_INVALID
*** end of the data structure *** 

*** begin of the data structure *** 
core_id:74 thread_id:5
opcode: NVBIT_IMAD
num_read_regs: 2
num_dest_regs: 1
src0: 255
src1: 255
dst0: 1
is_fp: 0
cf_type: NOT_CF
is_load: 0
inst_size: 16
inst_addr: 7f4eecacbf00
active_mask: ffffffff
br_taken_mask: 0
br_target_addr: 7f4eecacbf10
reconv_inst_addr/mem_addr: 0
mem_addr/reconv_inst_addr: 0
mem_access_size/barrier_id: 4
num_barrier_threads: 0
addr_space/fence_level: GPU_ADDR_SP_INVALID
barrier_id/mem_access_size: 4
fence_level/addr_space: GPU_FENCE_INVALID
*** end of the data structure *** 

*** begin of the data structure *** 
core_id:74 thread_id:6
opcode: NVBIT_IMAD
num_read_regs: 2
num_dest_regs: 1
src0: 255
src1: 255
dst0: 1
is_fp: 0
cf_type: NOT_CF
is_load: 0
inst_size: 16
inst_addr: 7f4eecacbf00
active_mask: ffffffff
br_taken_mask: 0
br_target_addr: 7f4eecacbf10
reconv_inst_addr/mem_addr: 0
mem_addr/reconv_inst_addr: 0
mem_access_size/barrier_id: 4
num_barrier_threads: 0
addr_space/fence_level: GPU_ADDR_SP_INVALID
barrier_id/mem_access_size: 4
fence_level/addr_space: GPU_FENCE_INVALID
*** end of the data structure *** 

*** begin of the data structure *** 
core_id:74 thread_id:7
opcode: NVBIT_IMAD
num_read_regs: 2
num_dest_regs: 1
src0: 255
src1: 255
dst0: 1
is_fp: 0
cf_type: NOT_CF
is_load: 0
inst_size: 16
inst_addr: 7f4eecacbf00
active_mask: ffffffff
br_taken_mask: 0
br_target_addr: 7f4eecacbf10
reconv_inst_addr/mem_addr: 0
mem_addr/reconv_inst_addr: 0
mem_access_size/barrier_id: 4
num_barrier_threads: 0
addr_space/fence_level: GPU_ADDR_SP_INVALID
barrier_id/mem_access_size: 4
fence_level/addr_space: GPU_FENCE_INVALID
*** end of the data structure *** 

*** begin of the data structure *** 
core_id:75 thread_id:4
opcode: NVBIT_IMAD
num_read_regs: 2
num_dest_regs: 1
src0: 255
src1: 255
dst0: 1
is_fp: 0
cf_type: NOT_CF
is_load: 0
inst_size: 16
inst_addr: 7f4eecacbf00
active_mask: ffffffff
br_taken_mask: 0
br_target_addr: 7f4eecacbf10
reconv_inst_addr/mem_addr: 0
mem_addr/reconv_inst_addr: 0
mem_access_size/barrier_id: 4
num_barrier_threads: 0
addr_space/fence_level: GPU_ADDR_SP_INVALID
barrier_id/mem_access_size: 4
fence_level/addr_space: GPU_FENCE_INVALID
*** end of the data structure *** 

*** begin of the data structure *** 
core_id:75 thread_id:5
opcode: NVBIT_IMAD
num_read_regs: 2
num_dest_regs: 1
src0: 255
src1: 255
dst0: 1
is_fp: 0
cf_type: NOT_CF
is_load: 0
inst_size: 16
inst_addr: 7f4eecacbf00
active_mask: ffffffff
br_taken_mask: 0
br_target_addr: 7f4eecacbf10
reconv_inst_addr/mem_addr: 0
mem_addr/reconv_inst_addr: 0
mem_access_size/barrier_id: 4
num_barrier_threads: 0
addr_space/fence_level: GPU_ADDR_SP_INVALID
barrier_id/mem_access_size: 4
fence_level/addr_space: GPU_FENCE_INVALID
*** end of the data structure *** 

*** begin of the data structure *** 
core_id:75 thread_id:6
opcode: NVBIT_IMAD
num_read_regs: 2
num_dest_regs: 1
src0: 255
src1: 255
dst0: 1
is_fp: 0
cf_type: NOT_CF
is_load: 0
inst_size: 16
inst_addr: 7f4eecacbf00
active_mask: ffffffff
br_taken_mask: 0
br_target_addr: 7f4eecacbf10
reconv_inst_addr/mem_addr: 0
mem_addr/reconv_inst_addr: 0
mem_access_size/barrier_id: 4
num_barrier_threads: 0
addr_space/fence_level: GPU_ADDR_SP_INVALID
barrier_id/mem_access_size: 4
fence_level/addr_space: GPU_FENCE_INVALID
*** end of the data structure *** 

*** begin of the data structure *** 
core_id:75 thread_id:7
opcode: NVBIT_IMAD
num_read_regs: 2
num_dest_regs: 1
src0: 255
src1: 255
dst0: 1
is_fp: 0
cf_type: NOT_CF
is_load: 0
inst_size: 16
inst_addr: 7f4eecacbf00
active_mask: ffffffff
br_taken_mask: 0
br_target_addr: 7f4eecacbf10
reconv_inst_addr/mem_addr: 0
mem_addr/reconv_inst_addr: 0
mem_access_size/barrier_id: 4
num_barrier_threads: 0
addr_space/fence_level: GPU_ADDR_SP_INVALID
barrier_id/mem_access_size: 4
fence_level/addr_space: GPU_FENCE_INVALID
*** end of the data structure *** 

*** begin of the data structure *** 
core_id:76 thread_id:4
opcode: NVBIT_IMAD
num_read_regs: 2
num_dest_regs: 1
src0: 255
src1: 255
dst0: 1
is_fp: 0
cf_type: NOT_CF
is_load: 0
inst_size: 16
inst_addr: 7f4eecacbf00
active_mask: ffffffff
br_taken_mask: 0
br_target_addr: 7f4eecacbf10
reconv_inst_addr/mem_addr: 0
mem_addr/reconv_inst_addr: 0
mem_access_size/barrier_id: 4
num_barrier_threads: 0
addr_space/fence_level: GPU_ADDR_SP_INVALID
barrier_id/mem_access_size: 4
fence_level/addr_space: GPU_FENCE_INVALID
*** end of the data structure *** 

*** begin of the data structure *** 
core_id:76 thread_id:5
opcode: NVBIT_IMAD
num_read_regs: 2
num_dest_regs: 1
src0: 255
src1: 255
dst0: 1
is_fp: 0
cf_type: NOT_CF
is_load: 0
inst_size: 16
inst_addr: 7f4eecacbf00
active_mask: ffffffff
br_taken_mask: 0
br_target_addr: 7f4eecacbf10
reconv_inst_addr/mem_addr: 0
mem_addr/reconv_inst_addr: 0
mem_access_size/barrier_id: 4
num_barrier_threads: 0
addr_space/fence_level: GPU_ADDR_SP_INVALID
barrier_id/mem_access_size: 4
fence_level/addr_space: GPU_FENCE_INVALID
*** end of the data structure *** 

*** begin of the data structure *** 
core_id:76 thread_id:6
opcode: NVBIT_IMAD
num_read_regs: 2
num_dest_regs: 1
src0: 255
src1: 255
dst0: 1
is_fp: 0
cf_type: NOT_CF
is_load: 0
inst_size: 16
inst_addr: 7f4eecacbf00
active_mask: ffffffff
br_taken_mask: 0
br_target_addr: 7f4eecacbf10
reconv_inst_addr/mem_addr: 0
mem_addr/reconv_inst_addr: 0
mem_access_size/barrier_id: 4
num_barrier_threads: 0
addr_space/fence_level: GPU_ADDR_SP_INVALID
barrier_id/mem_access_size: 4
fence_level/addr_space: GPU_FENCE_INVALID
*** end of the data structure *** 

*** begin of the data structure *** 
core_id:76 thread_id:7
opcode: NVBIT_IMAD
num_read_regs: 2
num_dest_regs: 1
src0: 255
src1: 255
dst0: 1
is_fp: 0
cf_type: NOT_CF
is_load: 0
inst_size: 16
inst_addr: 7f4eecacbf00
active_mask: ffffffff
br_taken_mask: 0
br_target_addr: 7f4eecacbf10
reconv_inst_addr/mem_addr: 0
mem_addr/reconv_inst_addr: 0
mem_access_size/barrier_id: 4
num_barrier_threads: 0
addr_space/fence_level: GPU_ADDR_SP_INVALID
barrier_id/mem_access_size: 4
fence_level/addr_space: GPU_FENCE_INVALID
*** end of the data structure *** 

*** begin of the data structure *** 
core_id:77 thread_id:4
opcode: NVBIT_IMAD
num_read_regs: 2
num_dest_regs: 1
src0: 255
src1: 255
dst0: 1
is_fp: 0
cf_type: NOT_CF
is_load: 0
inst_size: 16
inst_addr: 7f4eecacbf00
active_mask: ffffffff
br_taken_mask: 0
br_target_addr: 7f4eecacbf10
reconv_inst_addr/mem_addr: 0
mem_addr/reconv_inst_addr: 0
mem_access_size/barrier_id: 4
num_barrier_threads: 0
addr_space/fence_level: GPU_ADDR_SP_INVALID
barrier_id/mem_access_size: 4
fence_level/addr_space: GPU_FENCE_INVALID
*** end of the data structure *** 

*** begin of the data structure *** 
core_id:77 thread_id:5
opcode: NVBIT_IMAD
num_read_regs: 2
num_dest_regs: 1
src0: 255
src1: 255
dst0: 1
is_fp: 0
cf_type: NOT_CF
is_load: 0
inst_size: 16
inst_addr: 7f4eecacbf00
active_mask: ffffffff
br_taken_mask: 0
br_target_addr: 7f4eecacbf10
reconv_inst_addr/mem_addr: 0
mem_addr/reconv_inst_addr: 0
mem_access_size/barrier_id: 4
num_barrier_threads: 0
addr_space/fence_level: GPU_ADDR_SP_INVALID
barrier_id/mem_access_size: 4
fence_level/addr_space: GPU_FENCE_INVALID
*** end of the data structure *** 

*** begin of the data structure *** 
core_id:77 thread_id:6
opcode: NVBIT_IMAD
num_read_regs: 2
num_dest_regs: 1
src0: 255
src1: 255
dst0: 1
is_fp: 0
cf_type: NOT_CF
is_load: 0
inst_size: 16
inst_addr: 7f4eecacbf00
active_mask: ffffffff
br_taken_mask: 0
br_target_addr: 7f4eecacbf10
reconv_inst_addr/mem_addr: 0
mem_addr/reconv_inst_addr: 0
mem_access_size/barrier_id: 4
num_barrier_threads: 0
addr_space/fence_level: GPU_ADDR_SP_INVALID
barrier_id/mem_access_size: 4
fence_level/addr_space: GPU_FENCE_INVALID
*** end of the data structure *** 

*** begin of the data structure *** 
core_id:77 thread_id:7
opcode: NVBIT_IMAD
num_read_regs: 2
num_dest_regs: 1
src0: 255
src1: 255
dst0: 1
is_fp: 0
cf_type: NOT_CF
is_load: 0
inst_size: 16
inst_addr: 7f4eecacbf00
active_mask: ffffffff
br_taken_mask: 0
br_target_addr: 7f4eecacbf10
reconv_inst_addr/mem_addr: 0
mem_addr/reconv_inst_addr: 0
mem_access_size/barrier_id: 4
num_barrier_threads: 0
addr_space/fence_level: GPU_ADDR_SP_INVALID
barrier_id/mem_access_size: 4
fence_level/addr_space: GPU_FENCE_INVALID
*** end of the data structure *** 

*** begin of the data structure *** 
core_id:78 thread_id:4
opcode: NVBIT_IMAD
num_read_regs: 2
num_dest_regs: 1
src0: 255
src1: 255
dst0: 1
is_fp: 0
cf_type: NOT_CF
is_load: 0
inst_size: 16
inst_addr: 7f4eecacbf00
active_mask: ffffffff
br_taken_mask: 0
br_target_addr: 7f4eecacbf10
reconv_inst_addr/mem_addr: 0
mem_addr/reconv_inst_addr: 0
mem_access_size/barrier_id: 4
num_barrier_threads: 0
addr_space/fence_level: GPU_ADDR_SP_INVALID
barrier_id/mem_access_size: 4
fence_level/addr_space: GPU_FENCE_INVALID
*** end of the data structure *** 

*** begin of the data structure *** 
core_id:78 thread_id:5
opcode: NVBIT_IMAD
num_read_regs: 2
num_dest_regs: 1
src0: 255
src1: 255
dst0: 1
is_fp: 0
cf_type: NOT_CF
is_load: 0
inst_size: 16
inst_addr: 7f4eecacbf00
active_mask: ffffffff
br_taken_mask: 0
br_target_addr: 7f4eecacbf10
reconv_inst_addr/mem_addr: 0
mem_addr/reconv_inst_addr: 0
mem_access_size/barrier_id: 4
num_barrier_threads: 0
addr_space/fence_level: GPU_ADDR_SP_INVALID
barrier_id/mem_access_size: 4
fence_level/addr_space: GPU_FENCE_INVALID
*** end of the data structure *** 

*** begin of the data structure *** 
core_id:78 thread_id:6
opcode: NVBIT_IMAD
num_read_regs: 2
num_dest_regs: 1
src0: 255
src1: 255
dst0: 1
is_fp: 0
cf_type: NOT_CF
is_load: 0
inst_size: 16
inst_addr: 7f4eecacbf00
active_mask: ffffffff
br_taken_mask: 0
br_target_addr: 7f4eecacbf10
reconv_inst_addr/mem_addr: 0
mem_addr/reconv_inst_addr: 0
mem_access_size/barrier_id: 4
num_barrier_threads: 0
addr_space/fence_level: GPU_ADDR_SP_INVALID
barrier_id/mem_access_size: 4
fence_level/addr_space: GPU_FENCE_INVALID
*** end of the data structure *** 

*** begin of the data structure *** 
core_id:78 thread_id:7
opcode: NVBIT_IMAD
num_read_regs: 2
num_dest_regs: 1
src0: 255
src1: 255
dst0: 1
is_fp: 0
cf_type: NOT_CF
is_load: 0
inst_size: 16
inst_addr: 7f4eecacbf00
active_mask: ffffffff
br_taken_mask: 0
br_target_addr: 7f4eecacbf10
reconv_inst_addr/mem_addr: 0
mem_addr/reconv_inst_addr: 0
mem_access_size/barrier_id: 4
num_barrier_threads: 0
addr_space/fence_level: GPU_ADDR_SP_INVALID
barrier_id/mem_access_size: 4
fence_level/addr_space: GPU_FENCE_INVALID
*** end of the data structure *** 

*** begin of the data structure *** 
core_id:79 thread_id:4
opcode: NVBIT_IMAD
num_read_regs: 2
num_dest_regs: 1
src0: 255
src1: 255
dst0: 1
is_fp: 0
cf_type: NOT_CF
is_load: 0
inst_size: 16
inst_addr: 7f4eecacbf00
active_mask: ffffffff
br_taken_mask: 0
br_target_addr: 7f4eecacbf10
reconv_inst_addr/mem_addr: 0
mem_addr/reconv_inst_addr: 0
mem_access_size/barrier_id: 4
num_barrier_threads: 0
addr_space/fence_level: GPU_ADDR_SP_INVALID
barrier_id/mem_access_size: 4
fence_level/addr_space: GPU_FENCE_INVALID
*** end of the data structure *** 

*** begin of the data structure *** 
core_id:79 thread_id:5
opcode: NVBIT_IMAD
num_read_regs: 2
num_dest_regs: 1
src0: 255
src1: 255
dst0: 1
is_fp: 0
cf_type: NOT_CF
is_load: 0
inst_size: 16
inst_addr: 7f4eecacbf00
active_mask: ffffffff
br_taken_mask: 0
br_target_addr: 7f4eecacbf10
reconv_inst_addr/mem_addr: 0
mem_addr/reconv_inst_addr: 0
mem_access_size/barrier_id: 4
num_barrier_threads: 0
addr_space/fence_level: GPU_ADDR_SP_INVALID
barrier_id/mem_access_size: 4
fence_level/addr_space: GPU_FENCE_INVALID
*** end of the data structure *** 

*** begin of the data structure *** 
core_id:79 thread_id:6
opcode: NVBIT_IMAD
num_read_regs: 2
num_dest_regs: 1
src0: 255
src1: 255
dst0: 1
is_fp: 0
cf_type: NOT_CF
is_load: 0
inst_size: 16
inst_addr: 7f4eecacbf00
active_mask: ffffffff
br_taken_mask: 0
br_target_addr: 7f4eecacbf10
reconv_inst_addr/mem_addr: 0
mem_addr/reconv_inst_addr: 0
mem_access_size/barrier_id: 4
num_barrier_threads: 0
addr_space/fence_level: GPU_ADDR_SP_INVALID
barrier_id/mem_access_size: 4
fence_level/addr_space: GPU_FENCE_INVALID
*** end of the data structure *** 

*** begin of the data structure *** 
core_id:79 thread_id:7
opcode: NVBIT_IMAD
num_read_regs: 2
num_dest_regs: 1
src0: 255
src1: 255
dst0: 1
is_fp: 0
cf_type: NOT_CF
is_load: 0
inst_size: 16
inst_addr: 7f4eecacbf00
active_mask: ffffffff
br_taken_mask: 0
br_target_addr: 7f4eecacbf10
reconv_inst_addr/mem_addr: 0
mem_addr/reconv_inst_addr: 0
mem_access_size/barrier_id: 4
num_barrier_threads: 0
addr_space/fence_level: GPU_ADDR_SP_INVALID
barrier_id/mem_access_size: 4
fence_level/addr_space: GPU_FENCE_INVALID
*** end of the data structure *** 

*** begin of the data structure *** 
core_id:80 thread_id:4
opcode: NVBIT_IMAD
num_read_regs: 2
num_dest_regs: 1
src0: 255
src1: 255
dst0: 1
is_fp: 0
cf_type: NOT_CF
is_load: 0
inst_size: 16
inst_addr: 7f4eecacbf00
active_mask: ffffffff
br_taken_mask: 0
br_target_addr: 7f4eecacbf10
reconv_inst_addr/mem_addr: 0
mem_addr/reconv_inst_addr: 0
mem_access_size/barrier_id: 4
num_barrier_threads: 0
addr_space/fence_level: GPU_ADDR_SP_INVALID
barrier_id/mem_access_size: 4
fence_level/addr_space: GPU_FENCE_INVALID
*** end of the data structure *** 

*** begin of the data structure *** 
core_id:80 thread_id:5
opcode: NVBIT_IMAD
num_read_regs: 2
num_dest_regs: 1
src0: 255
src1: 255
dst0: 1
is_fp: 0
cf_type: NOT_CF
is_load: 0
inst_size: 16
inst_addr: 7f4eecacbf00
active_mask: ffffffff
br_taken_mask: 0
br_target_addr: 7f4eecacbf10
reconv_inst_addr/mem_addr: 0
mem_addr/reconv_inst_addr: 0
mem_access_size/barrier_id: 4
num_barrier_threads: 0
addr_space/fence_level: GPU_ADDR_SP_INVALID
barrier_id/mem_access_size: 4
fence_level/addr_space: GPU_FENCE_INVALID
*** end of the data structure *** 

*** begin of the data structure *** 
core_id:80 thread_id:6
opcode: NVBIT_IMAD
num_read_regs: 2
num_dest_regs: 1
src0: 255
src1: 255
dst0: 1
is_fp: 0
cf_type: NOT_CF
is_load: 0
inst_size: 16
inst_addr: 7f4eecacbf00
active_mask: ffffffff
br_taken_mask: 0
br_target_addr: 7f4eecacbf10
reconv_inst_addr/mem_addr: 0
mem_addr/reconv_inst_addr: 0
mem_access_size/barrier_id: 4
num_barrier_threads: 0
addr_space/fence_level: GPU_ADDR_SP_INVALID
barrier_id/mem_access_size: 4
fence_level/addr_space: GPU_FENCE_INVALID
*** end of the data structure *** 

*** begin of the data structure *** 
core_id:80 thread_id:7
opcode: NVBIT_IMAD
num_read_regs: 2
num_dest_regs: 1
src0: 255
src1: 255
dst0: 1
is_fp: 0
cf_type: NOT_CF
is_load: 0
inst_size: 16
inst_addr: 7f4eecacbf00
active_mask: ffffffff
br_taken_mask: 0
br_target_addr: 7f4eecacbf10
reconv_inst_addr/mem_addr: 0
mem_addr/reconv_inst_addr: 0
mem_access_size/barrier_id: 4
num_barrier_threads: 0
addr_space/fence_level: GPU_ADDR_SP_INVALID
barrier_id/mem_access_size: 4
fence_level/addr_space: GPU_FENCE_INVALID
*** end of the data structure *** 

*** begin of the data structure *** 
core_id:81 thread_id:4
opcode: NVBIT_IMAD
num_read_regs: 2
num_dest_regs: 1
src0: 255
src1: 255
dst0: 1
is_fp: 0
cf_type: NOT_CF
is_load: 0
inst_size: 16
inst_addr: 7f4eecacbf00
active_mask: ffffffff
br_taken_mask: 0
br_target_addr: 7f4eecacbf10
reconv_inst_addr/mem_addr: 0
mem_addr/reconv_inst_addr: 0
mem_access_size/barrier_id: 4
num_barrier_threads: 0
addr_space/fence_level: GPU_ADDR_SP_INVALID
barrier_id/mem_access_size: 4
fence_level/addr_space: GPU_FENCE_INVALID
*** end of the data structure *** 

*** begin of the data structure *** 
core_id:81 thread_id:5
opcode: NVBIT_IMAD
num_read_regs: 2
num_dest_regs: 1
src0: 255
src1: 255
dst0: 1
is_fp: 0
cf_type: NOT_CF
is_load: 0
inst_size: 16
inst_addr: 7f4eecacbf00
active_mask: ffffffff
br_taken_mask: 0
br_target_addr: 7f4eecacbf10
reconv_inst_addr/mem_addr: 0
mem_addr/reconv_inst_addr: 0
mem_access_size/barrier_id: 4
num_barrier_threads: 0
addr_space/fence_level: GPU_ADDR_SP_INVALID
barrier_id/mem_access_size: 4
fence_level/addr_space: GPU_FENCE_INVALID
*** end of the data structure *** 

*** begin of the data structure *** 
core_id:81 thread_id:6
opcode: NVBIT_IMAD
num_read_regs: 2
num_dest_regs: 1
src0: 255
src1: 255
dst0: 1
is_fp: 0
cf_type: NOT_CF
is_load: 0
inst_size: 16
inst_addr: 7f4eecacbf00
active_mask: ffffffff
br_taken_mask: 0
br_target_addr: 7f4eecacbf10
reconv_inst_addr/mem_addr: 0
mem_addr/reconv_inst_addr: 0
mem_access_size/barrier_id: 4
num_barrier_threads: 0
addr_space/fence_level: GPU_ADDR_SP_INVALID
barrier_id/mem_access_size: 4
fence_level/addr_space: GPU_FENCE_INVALID
*** end of the data structure *** 

*** begin of the data structure *** 
core_id:81 thread_id:7
opcode: NVBIT_IMAD
num_read_regs: 2
num_dest_regs: 1
src0: 255
src1: 255
dst0: 1
is_fp: 0
cf_type: NOT_CF
is_load: 0
inst_size: 16
inst_addr: 7f4eecacbf00
active_mask: ffffffff
br_taken_mask: 0
br_target_addr: 7f4eecacbf10
reconv_inst_addr/mem_addr: 0
mem_addr/reconv_inst_addr: 0
mem_access_size/barrier_id: 4
num_barrier_threads: 0
addr_space/fence_level: GPU_ADDR_SP_INVALID
barrier_id/mem_access_size: 4
fence_level/addr_space: GPU_FENCE_INVALID
*** end of the data structure *** 

*** begin of the data structure *** 
core_id:82 thread_id:4
opcode: NVBIT_IMAD
num_read_regs: 2
num_dest_regs: 1
src0: 255
src1: 255
dst0: 1
is_fp: 0
cf_type: NOT_CF
is_load: 0
inst_size: 16
inst_addr: 7f4eecacbf00
active_mask: ffffffff
br_taken_mask: 0
br_target_addr: 7f4eecacbf10
reconv_inst_addr/mem_addr: 0
mem_addr/reconv_inst_addr: 0
mem_access_size/barrier_id: 4
num_barrier_threads: 0
addr_space/fence_level: GPU_ADDR_SP_INVALID
barrier_id/mem_access_size: 4
fence_level/addr_space: GPU_FENCE_INVALID
*** end of the data structure *** 

*** begin of the data structure *** 
core_id:82 thread_id:5
opcode: NVBIT_IMAD
num_read_regs: 2
num_dest_regs: 1
src0: 255
src1: 255
dst0: 1
is_fp: 0
cf_type: NOT_CF
is_load: 0
inst_size: 16
inst_addr: 7f4eecacbf00
active_mask: ffffffff
br_taken_mask: 0
br_target_addr: 7f4eecacbf10
reconv_inst_addr/mem_addr: 0
mem_addr/reconv_inst_addr: 0
mem_access_size/barrier_id: 4
num_barrier_threads: 0
addr_space/fence_level: GPU_ADDR_SP_INVALID
barrier_id/mem_access_size: 4
fence_level/addr_space: GPU_FENCE_INVALID
*** end of the data structure *** 

*** begin of the data structure *** 
core_id:82 thread_id:6
opcode: NVBIT_IMAD
num_read_regs: 2
num_dest_regs: 1
src0: 255
src1: 255
dst0: 1
is_fp: 0
cf_type: NOT_CF
is_load: 0
inst_size: 16
inst_addr: 7f4eecacbf00
active_mask: ffffffff
br_taken_mask: 0
br_target_addr: 7f4eecacbf10
reconv_inst_addr/mem_addr: 0
mem_addr/reconv_inst_addr: 0
mem_access_size/barrier_id: 4
num_barrier_threads: 0
addr_space/fence_level: GPU_ADDR_SP_INVALID
barrier_id/mem_access_size: 4
fence_level/addr_space: GPU_FENCE_INVALID
*** end of the data structure *** 

*** begin of the data structure *** 
core_id:82 thread_id:7
opcode: NVBIT_IMAD
num_read_regs: 2
num_dest_regs: 1
src0: 255
src1: 255
dst0: 1
is_fp: 0
cf_type: NOT_CF
is_load: 0
inst_size: 16
inst_addr: 7f4eecacbf00
active_mask: ffffffff
br_taken_mask: 0
br_target_addr: 7f4eecacbf10
reconv_inst_addr/mem_addr: 0
mem_addr/reconv_inst_addr: 0
mem_access_size/barrier_id: 4
num_barrier_threads: 0
addr_space/fence_level: GPU_ADDR_SP_INVALID
barrier_id/mem_access_size: 4
fence_level/addr_space: GPU_FENCE_INVALID
*** end of the data structure *** 

*** begin of the data structure *** 
core_id:83 thread_id:4
opcode: NVBIT_IMAD
num_read_regs: 2
num_dest_regs: 1
src0: 255
src1: 255
dst0: 1
is_fp: 0
cf_type: NOT_CF
is_load: 0
inst_size: 16
inst_addr: 7f4eecacbf00
active_mask: ffffffff
br_taken_mask: 0
br_target_addr: 7f4eecacbf10
reconv_inst_addr/mem_addr: 0
mem_addr/reconv_inst_addr: 0
mem_access_size/barrier_id: 4
num_barrier_threads: 0
addr_space/fence_level: GPU_ADDR_SP_INVALID
barrier_id/mem_access_size: 4
fence_level/addr_space: GPU_FENCE_INVALID
*** end of the data structure *** 

*** begin of the data structure *** 
core_id:83 thread_id:5
opcode: NVBIT_IMAD
num_read_regs: 2
num_dest_regs: 1
src0: 255
src1: 255
dst0: 1
is_fp: 0
cf_type: NOT_CF
is_load: 0
inst_size: 16
inst_addr: 7f4eecacbf00
active_mask: ffffffff
br_taken_mask: 0
br_target_addr: 7f4eecacbf10
reconv_inst_addr/mem_addr: 0
mem_addr/reconv_inst_addr: 0
mem_access_size/barrier_id: 4
num_barrier_threads: 0
addr_space/fence_level: GPU_ADDR_SP_INVALID
barrier_id/mem_access_size: 4
fence_level/addr_space: GPU_FENCE_INVALID
*** end of the data structure *** 

*** begin of the data structure *** 
core_id:83 thread_id:6
opcode: NVBIT_IMAD
num_read_regs: 2
num_dest_regs: 1
src0: 255
src1: 255
dst0: 1
is_fp: 0
cf_type: NOT_CF
is_load: 0
inst_size: 16
inst_addr: 7f4eecacbf00
active_mask: ffffffff
br_taken_mask: 0
br_target_addr: 7f4eecacbf10
reconv_inst_addr/mem_addr: 0
mem_addr/reconv_inst_addr: 0
mem_access_size/barrier_id: 4
num_barrier_threads: 0
addr_space/fence_level: GPU_ADDR_SP_INVALID
barrier_id/mem_access_size: 4
fence_level/addr_space: GPU_FENCE_INVALID
*** end of the data structure *** 

*** begin of the data structure *** 
core_id:83 thread_id:7
opcode: NVBIT_IMAD
num_read_regs: 2
num_dest_regs: 1
src0: 255
src1: 255
dst0: 1
is_fp: 0
cf_type: NOT_CF
is_load: 0
inst_size: 16
inst_addr: 7f4eecacbf00
active_mask: ffffffff
br_taken_mask: 0
br_target_addr: 7f4eecacbf10
reconv_inst_addr/mem_addr: 0
mem_addr/reconv_inst_addr: 0
mem_access_size/barrier_id: 4
num_barrier_threads: 0
addr_space/fence_level: GPU_ADDR_SP_INVALID
barrier_id/mem_access_size: 4
fence_level/addr_space: GPU_FENCE_INVALID
*** end of the data structure *** 

*** begin of the data structure *** 
core_id:84 thread_id:4
opcode: NVBIT_IMAD
num_read_regs: 2
num_dest_regs: 1
src0: 255
src1: 255
dst0: 1
is_fp: 0
cf_type: NOT_CF
is_load: 0
inst_size: 16
inst_addr: 7f4eecacbf00
active_mask: ffffffff
br_taken_mask: 0
br_target_addr: 7f4eecacbf10
reconv_inst_addr/mem_addr: 0
mem_addr/reconv_inst_addr: 0
mem_access_size/barrier_id: 4
num_barrier_threads: 0
addr_space/fence_level: GPU_ADDR_SP_INVALID
barrier_id/mem_access_size: 4
fence_level/addr_space: GPU_FENCE_INVALID
*** end of the data structure *** 

*** begin of the data structure *** 
core_id:84 thread_id:5
opcode: NVBIT_IMAD
num_read_regs: 2
num_dest_regs: 1
src0: 255
src1: 255
dst0: 1
is_fp: 0
cf_type: NOT_CF
is_load: 0
inst_size: 16
inst_addr: 7f4eecacbf00
active_mask: ffffffff
br_taken_mask: 0
br_target_addr: 7f4eecacbf10
reconv_inst_addr/mem_addr: 0
mem_addr/reconv_inst_addr: 0
mem_access_size/barrier_id: 4
num_barrier_threads: 0
addr_space/fence_level: GPU_ADDR_SP_INVALID
barrier_id/mem_access_size: 4
fence_level/addr_space: GPU_FENCE_INVALID
*** end of the data structure *** 

*** begin of the data structure *** 
core_id:84 thread_id:6
opcode: NVBIT_IMAD
num_read_regs: 2
num_dest_regs: 1
src0: 255
src1: 255
dst0: 1
is_fp: 0
cf_type: NOT_CF
is_load: 0
inst_size: 16
inst_addr: 7f4eecacbf00
active_mask: ffffffff
br_taken_mask: 0
br_target_addr: 7f4eecacbf10
reconv_inst_addr/mem_addr: 0
mem_addr/reconv_inst_addr: 0
mem_access_size/barrier_id: 4
num_barrier_threads: 0
addr_space/fence_level: GPU_ADDR_SP_INVALID
barrier_id/mem_access_size: 4
fence_level/addr_space: GPU_FENCE_INVALID
*** end of the data structure *** 

*** begin of the data structure *** 
core_id:84 thread_id:7
opcode: NVBIT_IMAD
num_read_regs: 2
num_dest_regs: 1
src0: 255
src1: 255
dst0: 1
is_fp: 0
cf_type: NOT_CF
is_load: 0
inst_size: 16
inst_addr: 7f4eecacbf00
active_mask: ffffffff
br_taken_mask: 0
br_target_addr: 7f4eecacbf10
reconv_inst_addr/mem_addr: 0
mem_addr/reconv_inst_addr: 0
mem_access_size/barrier_id: 4
num_barrier_threads: 0
addr_space/fence_level: GPU_ADDR_SP_INVALID
barrier_id/mem_access_size: 4
fence_level/addr_space: GPU_FENCE_INVALID
*** end of the data structure *** 

*** begin of the data structure *** 
core_id:85 thread_id:4
opcode: NVBIT_IMAD
num_read_regs: 2
num_dest_regs: 1
src0: 255
src1: 255
dst0: 1
is_fp: 0
cf_type: NOT_CF
is_load: 0
inst_size: 16
inst_addr: 7f4eecacbf00
active_mask: ffffffff
br_taken_mask: 0
br_target_addr: 7f4eecacbf10
reconv_inst_addr/mem_addr: 0
mem_addr/reconv_inst_addr: 0
mem_access_size/barrier_id: 4
num_barrier_threads: 0
addr_space/fence_level: GPU_ADDR_SP_INVALID
barrier_id/mem_access_size: 4
fence_level/addr_space: GPU_FENCE_INVALID
*** end of the data structure *** 

*** begin of the data structure *** 
core_id:85 thread_id:5
opcode: NVBIT_IMAD
num_read_regs: 2
num_dest_regs: 1
src0: 255
src1: 255
dst0: 1
is_fp: 0
cf_type: NOT_CF
is_load: 0
inst_size: 16
inst_addr: 7f4eecacbf00
active_mask: ffffffff
br_taken_mask: 0
br_target_addr: 7f4eecacbf10
reconv_inst_addr/mem_addr: 0
mem_addr/reconv_inst_addr: 0
mem_access_size/barrier_id: 4
num_barrier_threads: 0
addr_space/fence_level: GPU_ADDR_SP_INVALID
barrier_id/mem_access_size: 4
fence_level/addr_space: GPU_FENCE_INVALID
*** end of the data structure *** 

*** begin of the data structure *** 
core_id:85 thread_id:6
opcode: NVBIT_IMAD
num_read_regs: 2
num_dest_regs: 1
src0: 255
src1: 255
dst0: 1
is_fp: 0
cf_type: NOT_CF
is_load: 0
inst_size: 16
inst_addr: 7f4eecacbf00
active_mask: ffffffff
br_taken_mask: 0
br_target_addr: 7f4eecacbf10
reconv_inst_addr/mem_addr: 0
mem_addr/reconv_inst_addr: 0
mem_access_size/barrier_id: 4
num_barrier_threads: 0
addr_space/fence_level: GPU_ADDR_SP_INVALID
barrier_id/mem_access_size: 4
fence_level/addr_space: GPU_FENCE_INVALID
*** end of the data structure *** 

*** begin of the data structure *** 
core_id:85 thread_id:7
opcode: NVBIT_IMAD
num_read_regs: 2
num_dest_regs: 1
src0: 255
src1: 255
dst0: 1
is_fp: 0
cf_type: NOT_CF
is_load: 0
inst_size: 16
inst_addr: 7f4eecacbf00
active_mask: ffffffff
br_taken_mask: 0
br_target_addr: 7f4eecacbf10
reconv_inst_addr/mem_addr: 0
mem_addr/reconv_inst_addr: 0
mem_access_size/barrier_id: 4
num_barrier_threads: 0
addr_space/fence_level: GPU_ADDR_SP_INVALID
barrier_id/mem_access_size: 4
fence_level/addr_space: GPU_FENCE_INVALID
*** end of the data structure *** 

*** begin of the data structure *** 
core_id:86 thread_id:4
opcode: NVBIT_IMAD
num_read_regs: 2
num_dest_regs: 1
src0: 255
src1: 255
dst0: 1
is_fp: 0
cf_type: NOT_CF
is_load: 0
inst_size: 16
inst_addr: 7f4eecacbf00
active_mask: ffffffff
br_taken_mask: 0
br_target_addr: 7f4eecacbf10
reconv_inst_addr/mem_addr: 0
mem_addr/reconv_inst_addr: 0
mem_access_size/barrier_id: 4
num_barrier_threads: 0
addr_space/fence_level: GPU_ADDR_SP_INVALID
barrier_id/mem_access_size: 4
fence_level/addr_space: GPU_FENCE_INVALID
*** end of the data structure *** 

*** begin of the data structure *** 
core_id:86 thread_id:5
opcode: NVBIT_IMAD
num_read_regs: 2
num_dest_regs: 1
src0: 255
src1: 255
dst0: 1
is_fp: 0
cf_type: NOT_CF
is_load: 0
inst_size: 16
inst_addr: 7f4eecacbf00
active_mask: ffffffff
br_taken_mask: 0
br_target_addr: 7f4eecacbf10
reconv_inst_addr/mem_addr: 0
mem_addr/reconv_inst_addr: 0
mem_access_size/barrier_id: 4
num_barrier_threads: 0
addr_space/fence_level: GPU_ADDR_SP_INVALID
barrier_id/mem_access_size: 4
fence_level/addr_space: GPU_FENCE_INVALID
*** end of the data structure *** 

*** begin of the data structure *** 
core_id:86 thread_id:6
opcode: NVBIT_IMAD
num_read_regs: 2
num_dest_regs: 1
src0: 255
src1: 255
dst0: 1
is_fp: 0
cf_type: NOT_CF
is_load: 0
inst_size: 16
inst_addr: 7f4eecacbf00
active_mask: ffffffff
br_taken_mask: 0
br_target_addr: 7f4eecacbf10
reconv_inst_addr/mem_addr: 0
mem_addr/reconv_inst_addr: 0
mem_access_size/barrier_id: 4
num_barrier_threads: 0
addr_space/fence_level: GPU_ADDR_SP_INVALID
barrier_id/mem_access_size: 4
fence_level/addr_space: GPU_FENCE_INVALID
*** end of the data structure *** 

*** begin of the data structure *** 
core_id:86 thread_id:7
opcode: NVBIT_IMAD
num_read_regs: 2
num_dest_regs: 1
src0: 255
src1: 255
dst0: 1
is_fp: 0
cf_type: NOT_CF
is_load: 0
inst_size: 16
inst_addr: 7f4eecacbf00
active_mask: ffffffff
br_taken_mask: 0
br_target_addr: 7f4eecacbf10
reconv_inst_addr/mem_addr: 0
mem_addr/reconv_inst_addr: 0
mem_access_size/barrier_id: 4
num_barrier_threads: 0
addr_space/fence_level: GPU_ADDR_SP_INVALID
barrier_id/mem_access_size: 4
fence_level/addr_space: GPU_FENCE_INVALID
*** end of the data structure *** 

*** begin of the data structure *** 
core_id:87 thread_id:4
opcode: NVBIT_IMAD
num_read_regs: 2
num_dest_regs: 1
src0: 255
src1: 255
dst0: 1
is_fp: 0
cf_type: NOT_CF
is_load: 0
inst_size: 16
inst_addr: 7f4eecacbf00
active_mask: ffffffff
br_taken_mask: 0
br_target_addr: 7f4eecacbf10
reconv_inst_addr/mem_addr: 0
mem_addr/reconv_inst_addr: 0
mem_access_size/barrier_id: 4
num_barrier_threads: 0
addr_space/fence_level: GPU_ADDR_SP_INVALID
barrier_id/mem_access_size: 4
fence_level/addr_space: GPU_FENCE_INVALID
*** end of the data structure *** 

*** begin of the data structure *** 
core_id:87 thread_id:5
opcode: NVBIT_IMAD
num_read_regs: 2
num_dest_regs: 1
src0: 255
src1: 255
dst0: 1
is_fp: 0
cf_type: NOT_CF
is_load: 0
inst_size: 16
inst_addr: 7f4eecacbf00
active_mask: ffffffff
br_taken_mask: 0
br_target_addr: 7f4eecacbf10
reconv_inst_addr/mem_addr: 0
mem_addr/reconv_inst_addr: 0
mem_access_size/barrier_id: 4
num_barrier_threads: 0
addr_space/fence_level: GPU_ADDR_SP_INVALID
barrier_id/mem_access_size: 4
fence_level/addr_space: GPU_FENCE_INVALID
*** end of the data structure *** 

*** begin of the data structure *** 
core_id:87 thread_id:6
opcode: NVBIT_IMAD
num_read_regs: 2
num_dest_regs: 1
src0: 255
src1: 255
dst0: 1
is_fp: 0
cf_type: NOT_CF
is_load: 0
inst_size: 16
inst_addr: 7f4eecacbf00
active_mask: ffffffff
br_taken_mask: 0
br_target_addr: 7f4eecacbf10
reconv_inst_addr/mem_addr: 0
mem_addr/reconv_inst_addr: 0
mem_access_size/barrier_id: 4
num_barrier_threads: 0
addr_space/fence_level: GPU_ADDR_SP_INVALID
barrier_id/mem_access_size: 4
fence_level/addr_space: GPU_FENCE_INVALID
*** end of the data structure *** 

*** begin of the data structure *** 
core_id:87 thread_id:7
opcode: NVBIT_IMAD
num_read_regs: 2
num_dest_regs: 1
src0: 255
src1: 255
dst0: 1
is_fp: 0
cf_type: NOT_CF
is_load: 0
inst_size: 16
inst_addr: 7f4eecacbf00
active_mask: ffffffff
br_taken_mask: 0
br_target_addr: 7f4eecacbf10
reconv_inst_addr/mem_addr: 0
mem_addr/reconv_inst_addr: 0
mem_access_size/barrier_id: 4
num_barrier_threads: 0
addr_space/fence_level: GPU_ADDR_SP_INVALID
barrier_id/mem_access_size: 4
fence_level/addr_space: GPU_FENCE_INVALID
*** end of the data structure *** 

*** begin of the data structure *** 
core_id:88 thread_id:4
opcode: NVBIT_IMAD
num_read_regs: 2
num_dest_regs: 1
src0: 255
src1: 255
dst0: 1
is_fp: 0
cf_type: NOT_CF
is_load: 0
inst_size: 16
inst_addr: 7f4eecacbf00
active_mask: ffffffff
br_taken_mask: 0
br_target_addr: 7f4eecacbf10
reconv_inst_addr/mem_addr: 0
mem_addr/reconv_inst_addr: 0
mem_access_size/barrier_id: 4
num_barrier_threads: 0
addr_space/fence_level: GPU_ADDR_SP_INVALID
barrier_id/mem_access_size: 4
fence_level/addr_space: GPU_FENCE_INVALID
*** end of the data structure *** 

*** begin of the data structure *** 
core_id:88 thread_id:5
opcode: NVBIT_IMAD
num_read_regs: 2
num_dest_regs: 1
src0: 255
src1: 255
dst0: 1
is_fp: 0
cf_type: NOT_CF
is_load: 0
inst_size: 16
inst_addr: 7f4eecacbf00
active_mask: ffffffff
br_taken_mask: 0
br_target_addr: 7f4eecacbf10
reconv_inst_addr/mem_addr: 0
mem_addr/reconv_inst_addr: 0
mem_access_size/barrier_id: 4
num_barrier_threads: 0
addr_space/fence_level: GPU_ADDR_SP_INVALID
barrier_id/mem_access_size: 4
fence_level/addr_space: GPU_FENCE_INVALID
*** end of the data structure *** 

*** begin of the data structure *** 
core_id:88 thread_id:6
opcode: NVBIT_IMAD
num_read_regs: 2
num_dest_regs: 1
src0: 255
src1: 255
dst0: 1
is_fp: 0
cf_type: NOT_CF
is_load: 0
inst_size: 16
inst_addr: 7f4eecacbf00
active_mask: ffffffff
br_taken_mask: 0
br_target_addr: 7f4eecacbf10
reconv_inst_addr/mem_addr: 0
mem_addr/reconv_inst_addr: 0
mem_access_size/barrier_id: 4
num_barrier_threads: 0
addr_space/fence_level: GPU_ADDR_SP_INVALID
barrier_id/mem_access_size: 4
fence_level/addr_space: GPU_FENCE_INVALID
*** end of the data structure *** 

*** begin of the data structure *** 
core_id:88 thread_id:7
opcode: NVBIT_IMAD
num_read_regs: 2
num_dest_regs: 1
src0: 255
src1: 255
dst0: 1
is_fp: 0
cf_type: NOT_CF
is_load: 0
inst_size: 16
inst_addr: 7f4eecacbf00
active_mask: ffffffff
br_taken_mask: 0
br_target_addr: 7f4eecacbf10
reconv_inst_addr/mem_addr: 0
mem_addr/reconv_inst_addr: 0
mem_access_size/barrier_id: 4
num_barrier_threads: 0
addr_space/fence_level: GPU_ADDR_SP_INVALID
barrier_id/mem_access_size: 4
fence_level/addr_space: GPU_FENCE_INVALID
*** end of the data structure *** 

*** begin of the data structure *** 
core_id:89 thread_id:4
opcode: NVBIT_IMAD
num_read_regs: 2
num_dest_regs: 1
src0: 255
src1: 255
dst0: 1
is_fp: 0
cf_type: NOT_CF
is_load: 0
inst_size: 16
inst_addr: 7f4eecacbf00
active_mask: ffffffff
br_taken_mask: 0
br_target_addr: 7f4eecacbf10
reconv_inst_addr/mem_addr: 0
mem_addr/reconv_inst_addr: 0
mem_access_size/barrier_id: 4
num_barrier_threads: 0
addr_space/fence_level: GPU_ADDR_SP_INVALID
barrier_id/mem_access_size: 4
fence_level/addr_space: GPU_FENCE_INVALID
*** end of the data structure *** 

*** begin of the data structure *** 
core_id:89 thread_id:5
opcode: NVBIT_IMAD
num_read_regs: 2
num_dest_regs: 1
src0: 255
src1: 255
dst0: 1
is_fp: 0
cf_type: NOT_CF
is_load: 0
inst_size: 16
inst_addr: 7f4eecacbf00
active_mask: ffffffff
br_taken_mask: 0
br_target_addr: 7f4eecacbf10
reconv_inst_addr/mem_addr: 0
mem_addr/reconv_inst_addr: 0
mem_access_size/barrier_id: 4
num_barrier_threads: 0
addr_space/fence_level: GPU_ADDR_SP_INVALID
barrier_id/mem_access_size: 4
fence_level/addr_space: GPU_FENCE_INVALID
*** end of the data structure *** 

*** begin of the data structure *** 
core_id:89 thread_id:6
opcode: NVBIT_IMAD
num_read_regs: 2
num_dest_regs: 1
src0: 255
src1: 255
dst0: 1
is_fp: 0
cf_type: NOT_CF
is_load: 0
inst_size: 16
inst_addr: 7f4eecacbf00
active_mask: ffffffff
br_taken_mask: 0
br_target_addr: 7f4eecacbf10
reconv_inst_addr/mem_addr: 0
mem_addr/reconv_inst_addr: 0
mem_access_size/barrier_id: 4
num_barrier_threads: 0
addr_space/fence_level: GPU_ADDR_SP_INVALID
barrier_id/mem_access_size: 4
fence_level/addr_space: GPU_FENCE_INVALID
*** end of the data structure *** 

*** begin of the data structure *** 
core_id:89 thread_id:7
opcode: NVBIT_IMAD
num_read_regs: 2
num_dest_regs: 1
src0: 255
src1: 255
dst0: 1
is_fp: 0
cf_type: NOT_CF
is_load: 0
inst_size: 16
inst_addr: 7f4eecacbf00
active_mask: ffffffff
br_taken_mask: 0
br_target_addr: 7f4eecacbf10
reconv_inst_addr/mem_addr: 0
mem_addr/reconv_inst_addr: 0
mem_access_size/barrier_id: 4
num_barrier_threads: 0
addr_space/fence_level: GPU_ADDR_SP_INVALID
barrier_id/mem_access_size: 4
fence_level/addr_space: GPU_FENCE_INVALID
*** end of the data structure *** 

*** begin of the data structure *** 
core_id:90 thread_id:4
opcode: NVBIT_IMAD
num_read_regs: 2
num_dest_regs: 1
src0: 255
src1: 255
dst0: 1
is_fp: 0
cf_type: NOT_CF
is_load: 0
inst_size: 16
inst_addr: 7f4eecacbf00
active_mask: ffffffff
br_taken_mask: 0
br_target_addr: 7f4eecacbf10
reconv_inst_addr/mem_addr: 0
mem_addr/reconv_inst_addr: 0
mem_access_size/barrier_id: 4
num_barrier_threads: 0
addr_space/fence_level: GPU_ADDR_SP_INVALID
barrier_id/mem_access_size: 4
fence_level/addr_space: GPU_FENCE_INVALID
*** end of the data structure *** 

*** begin of the data structure *** 
core_id:90 thread_id:5
opcode: NVBIT_IMAD
num_read_regs: 2
num_dest_regs: 1
src0: 255
src1: 255
dst0: 1
is_fp: 0
cf_type: NOT_CF
is_load: 0
inst_size: 16
inst_addr: 7f4eecacbf00
active_mask: ffffffff
br_taken_mask: 0
br_target_addr: 7f4eecacbf10
reconv_inst_addr/mem_addr: 0
mem_addr/reconv_inst_addr: 0
mem_access_size/barrier_id: 4
num_barrier_threads: 0
addr_space/fence_level: GPU_ADDR_SP_INVALID
barrier_id/mem_access_size: 4
fence_level/addr_space: GPU_FENCE_INVALID
*** end of the data structure *** 

*** begin of the data structure *** 
core_id:90 thread_id:6
opcode: NVBIT_IMAD
num_read_regs: 2
num_dest_regs: 1
src0: 255
src1: 255
dst0: 1
is_fp: 0
cf_type: NOT_CF
is_load: 0
inst_size: 16
inst_addr: 7f4eecacbf00
active_mask: ffffffff
br_taken_mask: 0
br_target_addr: 7f4eecacbf10
reconv_inst_addr/mem_addr: 0
mem_addr/reconv_inst_addr: 0
mem_access_size/barrier_id: 4
num_barrier_threads: 0
addr_space/fence_level: GPU_ADDR_SP_INVALID
barrier_id/mem_access_size: 4
fence_level/addr_space: GPU_FENCE_INVALID
*** end of the data structure *** 

*** begin of the data structure *** 
core_id:90 thread_id:7
opcode: NVBIT_IMAD
num_read_regs: 2
num_dest_regs: 1
src0: 255
src1: 255
dst0: 1
is_fp: 0
cf_type: NOT_CF
is_load: 0
inst_size: 16
inst_addr: 7f4eecacbf00
active_mask: ffffffff
br_taken_mask: 0
br_target_addr: 7f4eecacbf10
reconv_inst_addr/mem_addr: 0
mem_addr/reconv_inst_addr: 0
mem_access_size/barrier_id: 4
num_barrier_threads: 0
addr_space/fence_level: GPU_ADDR_SP_INVALID
barrier_id/mem_access_size: 4
fence_level/addr_space: GPU_FENCE_INVALID
*** end of the data structure *** 

*** begin of the data structure *** 
core_id:91 thread_id:4
opcode: NVBIT_IMAD
num_read_regs: 2
num_dest_regs: 1
src0: 255
src1: 255
dst0: 1
is_fp: 0
cf_type: NOT_CF
is_load: 0
inst_size: 16
inst_addr: 7f4eecacbf00
active_mask: ffffffff
br_taken_mask: 0
br_target_addr: 7f4eecacbf10
reconv_inst_addr/mem_addr: 0
mem_addr/reconv_inst_addr: 0
mem_access_size/barrier_id: 4
num_barrier_threads: 0
addr_space/fence_level: GPU_ADDR_SP_INVALID
barrier_id/mem_access_size: 4
fence_level/addr_space: GPU_FENCE_INVALID
*** end of the data structure *** 

*** begin of the data structure *** 
core_id:91 thread_id:5
opcode: NVBIT_IMAD
num_read_regs: 2
num_dest_regs: 1
src0: 255
src1: 255
dst0: 1
is_fp: 0
cf_type: NOT_CF
is_load: 0
inst_size: 16
inst_addr: 7f4eecacbf00
active_mask: ffffffff
br_taken_mask: 0
br_target_addr: 7f4eecacbf10
reconv_inst_addr/mem_addr: 0
mem_addr/reconv_inst_addr: 0
mem_access_size/barrier_id: 4
num_barrier_threads: 0
addr_space/fence_level: GPU_ADDR_SP_INVALID
barrier_id/mem_access_size: 4
fence_level/addr_space: GPU_FENCE_INVALID
*** end of the data structure *** 

*** begin of the data structure *** 
core_id:91 thread_id:6
opcode: NVBIT_IMAD
num_read_regs: 2
num_dest_regs: 1
src0: 255
src1: 255
dst0: 1
is_fp: 0
cf_type: NOT_CF
is_load: 0
inst_size: 16
inst_addr: 7f4eecacbf00
active_mask: ffffffff
br_taken_mask: 0
br_target_addr: 7f4eecacbf10
reconv_inst_addr/mem_addr: 0
mem_addr/reconv_inst_addr: 0
mem_access_size/barrier_id: 4
num_barrier_threads: 0
addr_space/fence_level: GPU_ADDR_SP_INVALID
barrier_id/mem_access_size: 4
fence_level/addr_space: GPU_FENCE_INVALID
*** end of the data structure *** 

*** begin of the data structure *** 
core_id:91 thread_id:7
opcode: NVBIT_IMAD
num_read_regs: 2
num_dest_regs: 1
src0: 255
src1: 255
dst0: 1
is_fp: 0
cf_type: NOT_CF
is_load: 0
inst_size: 16
inst_addr: 7f4eecacbf00
active_mask: ffffffff
br_taken_mask: 0
br_target_addr: 7f4eecacbf10
reconv_inst_addr/mem_addr: 0
mem_addr/reconv_inst_addr: 0
mem_access_size/barrier_id: 4
num_barrier_threads: 0
addr_space/fence_level: GPU_ADDR_SP_INVALID
barrier_id/mem_access_size: 4
fence_level/addr_space: GPU_FENCE_INVALID
*** end of the data structure *** 

*** begin of the data structure *** 
core_id:92 thread_id:4
opcode: NVBIT_IMAD
num_read_regs: 2
num_dest_regs: 1
src0: 255
src1: 255
dst0: 1
is_fp: 0
cf_type: NOT_CF
is_load: 0
inst_size: 16
inst_addr: 7f4eecacbf00
active_mask: ffffffff
br_taken_mask: 0
br_target_addr: 7f4eecacbf10
reconv_inst_addr/mem_addr: 0
mem_addr/reconv_inst_addr: 0
mem_access_size/barrier_id: 4
num_barrier_threads: 0
addr_space/fence_level: GPU_ADDR_SP_INVALID
barrier_id/mem_access_size: 4
fence_level/addr_space: GPU_FENCE_INVALID
*** end of the data structure *** 

*** begin of the data structure *** 
core_id:92 thread_id:5
opcode: NVBIT_IMAD
num_read_regs: 2
num_dest_regs: 1
src0: 255
src1: 255
dst0: 1
is_fp: 0
cf_type: NOT_CF
is_load: 0
inst_size: 16
inst_addr: 7f4eecacbf00
active_mask: ffffffff
br_taken_mask: 0
br_target_addr: 7f4eecacbf10
reconv_inst_addr/mem_addr: 0
mem_addr/reconv_inst_addr: 0
mem_access_size/barrier_id: 4
num_barrier_threads: 0
addr_space/fence_level: GPU_ADDR_SP_INVALID
barrier_id/mem_access_size: 4
fence_level/addr_space: GPU_FENCE_INVALID
*** end of the data structure *** 

*** begin of the data structure *** 
core_id:92 thread_id:6
opcode: NVBIT_IMAD
num_read_regs: 2
num_dest_regs: 1
src0: 255
src1: 255
dst0: 1
is_fp: 0
cf_type: NOT_CF
is_load: 0
inst_size: 16
inst_addr: 7f4eecacbf00
active_mask: ffffffff
br_taken_mask: 0
br_target_addr: 7f4eecacbf10
reconv_inst_addr/mem_addr: 0
mem_addr/reconv_inst_addr: 0
mem_access_size/barrier_id: 4
num_barrier_threads: 0
addr_space/fence_level: GPU_ADDR_SP_INVALID
barrier_id/mem_access_size: 4
fence_level/addr_space: GPU_FENCE_INVALID
*** end of the data structure *** 

*** begin of the data structure *** 
core_id:92 thread_id:7
opcode: NVBIT_IMAD
num_read_regs: 2
num_dest_regs: 1
src0: 255
src1: 255
dst0: 1
is_fp: 0
cf_type: NOT_CF
is_load: 0
inst_size: 16
inst_addr: 7f4eecacbf00
active_mask: ffffffff
br_taken_mask: 0
br_target_addr: 7f4eecacbf10
reconv_inst_addr/mem_addr: 0
mem_addr/reconv_inst_addr: 0
mem_access_size/barrier_id: 4
num_barrier_threads: 0
addr_space/fence_level: GPU_ADDR_SP_INVALID
barrier_id/mem_access_size: 4
fence_level/addr_space: GPU_FENCE_INVALID
*** end of the data structure *** 

*** begin of the data structure *** 
core_id:93 thread_id:4
opcode: NVBIT_IMAD
num_read_regs: 2
num_dest_regs: 1
src0: 255
src1: 255
dst0: 1
is_fp: 0
cf_type: NOT_CF
is_load: 0
inst_size: 16
inst_addr: 7f4eecacbf00
active_mask: ffffffff
br_taken_mask: 0
br_target_addr: 7f4eecacbf10
reconv_inst_addr/mem_addr: 0
mem_addr/reconv_inst_addr: 0
mem_access_size/barrier_id: 4
num_barrier_threads: 0
addr_space/fence_level: GPU_ADDR_SP_INVALID
barrier_id/mem_access_size: 4
fence_level/addr_space: GPU_FENCE_INVALID
*** end of the data structure *** 

*** begin of the data structure *** 
core_id:93 thread_id:5
opcode: NVBIT_IMAD
num_read_regs: 2
num_dest_regs: 1
src0: 255
src1: 255
dst0: 1
is_fp: 0
cf_type: NOT_CF
is_load: 0
inst_size: 16
inst_addr: 7f4eecacbf00
active_mask: ffffffff
br_taken_mask: 0
br_target_addr: 7f4eecacbf10
reconv_inst_addr/mem_addr: 0
mem_addr/reconv_inst_addr: 0
mem_access_size/barrier_id: 4
num_barrier_threads: 0
addr_space/fence_level: GPU_ADDR_SP_INVALID
barrier_id/mem_access_size: 4
fence_level/addr_space: GPU_FENCE_INVALID
*** end of the data structure *** 

*** begin of the data structure *** 
core_id:93 thread_id:6
opcode: NVBIT_IMAD
num_read_regs: 2
num_dest_regs: 1
src0: 255
src1: 255
dst0: 1
is_fp: 0
cf_type: NOT_CF
is_load: 0
inst_size: 16
inst_addr: 7f4eecacbf00
active_mask: ffffffff
br_taken_mask: 0
br_target_addr: 7f4eecacbf10
reconv_inst_addr/mem_addr: 0
mem_addr/reconv_inst_addr: 0
mem_access_size/barrier_id: 4
num_barrier_threads: 0
addr_space/fence_level: GPU_ADDR_SP_INVALID
barrier_id/mem_access_size: 4
fence_level/addr_space: GPU_FENCE_INVALID
*** end of the data structure *** 

*** begin of the data structure *** 
core_id:93 thread_id:7
opcode: NVBIT_IMAD
num_read_regs: 2
num_dest_regs: 1
src0: 255
src1: 255
dst0: 1
is_fp: 0
cf_type: NOT_CF
is_load: 0
inst_size: 16
inst_addr: 7f4eecacbf00
active_mask: ffffffff
br_taken_mask: 0
br_target_addr: 7f4eecacbf10
reconv_inst_addr/mem_addr: 0
mem_addr/reconv_inst_addr: 0
mem_access_size/barrier_id: 4
num_barrier_threads: 0
addr_space/fence_level: GPU_ADDR_SP_INVALID
barrier_id/mem_access_size: 4
fence_level/addr_space: GPU_FENCE_INVALID
*** end of the data structure *** 

*** begin of the data structure *** 
core_id:94 thread_id:4
opcode: NVBIT_IMAD
num_read_regs: 2
num_dest_regs: 1
src0: 255
src1: 255
dst0: 1
is_fp: 0
cf_type: NOT_CF
is_load: 0
inst_size: 16
inst_addr: 7f4eecacbf00
active_mask: ffffffff
br_taken_mask: 0
br_target_addr: 7f4eecacbf10
reconv_inst_addr/mem_addr: 0
mem_addr/reconv_inst_addr: 0
mem_access_size/barrier_id: 4
num_barrier_threads: 0
addr_space/fence_level: GPU_ADDR_SP_INVALID
barrier_id/mem_access_size: 4
fence_level/addr_space: GPU_FENCE_INVALID
*** end of the data structure *** 

*** begin of the data structure *** 
core_id:94 thread_id:5
opcode: NVBIT_IMAD
num_read_regs: 2
num_dest_regs: 1
src0: 255
src1: 255
dst0: 1
is_fp: 0
cf_type: NOT_CF
is_load: 0
inst_size: 16
inst_addr: 7f4eecacbf00
active_mask: ffffffff
br_taken_mask: 0
br_target_addr: 7f4eecacbf10
reconv_inst_addr/mem_addr: 0
mem_addr/reconv_inst_addr: 0
mem_access_size/barrier_id: 4
num_barrier_threads: 0
addr_space/fence_level: GPU_ADDR_SP_INVALID
barrier_id/mem_access_size: 4
fence_level/addr_space: GPU_FENCE_INVALID
*** end of the data structure *** 

*** begin of the data structure *** 
core_id:94 thread_id:6
opcode: NVBIT_IMAD
num_read_regs: 2
num_dest_regs: 1
src0: 255
src1: 255
dst0: 1
is_fp: 0
cf_type: NOT_CF
is_load: 0
inst_size: 16
inst_addr: 7f4eecacbf00
active_mask: ffffffff
br_taken_mask: 0
br_target_addr: 7f4eecacbf10
reconv_inst_addr/mem_addr: 0
mem_addr/reconv_inst_addr: 0
mem_access_size/barrier_id: 4
num_barrier_threads: 0
addr_space/fence_level: GPU_ADDR_SP_INVALID
barrier_id/mem_access_size: 4
fence_level/addr_space: GPU_FENCE_INVALID
*** end of the data structure *** 

*** begin of the data structure *** 
core_id:94 thread_id:7
opcode: NVBIT_IMAD
num_read_regs: 2
num_dest_regs: 1
src0: 255
src1: 255
dst0: 1
is_fp: 0
cf_type: NOT_CF
is_load: 0
inst_size: 16
inst_addr: 7f4eecacbf00
active_mask: ffffffff
br_taken_mask: 0
br_target_addr: 7f4eecacbf10
reconv_inst_addr/mem_addr: 0
mem_addr/reconv_inst_addr: 0
mem_access_size/barrier_id: 4
num_barrier_threads: 0
addr_space/fence_level: GPU_ADDR_SP_INVALID
barrier_id/mem_access_size: 4
fence_level/addr_space: GPU_FENCE_INVALID
*** end of the data structure *** 

*** begin of the data structure *** 
core_id:95 thread_id:4
opcode: NVBIT_IMAD
num_read_regs: 2
num_dest_regs: 1
src0: 255
src1: 255
dst0: 1
is_fp: 0
cf_type: NOT_CF
is_load: 0
inst_size: 16
inst_addr: 7f4eecacbf00
active_mask: ffffffff
br_taken_mask: 0
br_target_addr: 7f4eecacbf10
reconv_inst_addr/mem_addr: 0
mem_addr/reconv_inst_addr: 0
mem_access_size/barrier_id: 4
num_barrier_threads: 0
addr_space/fence_level: GPU_ADDR_SP_INVALID
barrier_id/mem_access_size: 4
fence_level/addr_space: GPU_FENCE_INVALID
*** end of the data structure *** 

*** begin of the data structure *** 
core_id:95 thread_id:5
opcode: NVBIT_IMAD
num_read_regs: 2
num_dest_regs: 1
src0: 255
src1: 255
dst0: 1
is_fp: 0
cf_type: NOT_CF
is_load: 0
inst_size: 16
inst_addr: 7f4eecacbf00
active_mask: ffffffff
br_taken_mask: 0
br_target_addr: 7f4eecacbf10
reconv_inst_addr/mem_addr: 0
mem_addr/reconv_inst_addr: 0
mem_access_size/barrier_id: 4
num_barrier_threads: 0
addr_space/fence_level: GPU_ADDR_SP_INVALID
barrier_id/mem_access_size: 4
fence_level/addr_space: GPU_FENCE_INVALID
*** end of the data structure *** 

*** begin of the data structure *** 
core_id:95 thread_id:6
opcode: NVBIT_IMAD
num_read_regs: 2
num_dest_regs: 1
src0: 255
src1: 255
dst0: 1
is_fp: 0
cf_type: NOT_CF
is_load: 0
inst_size: 16
inst_addr: 7f4eecacbf00
active_mask: ffffffff
br_taken_mask: 0
br_target_addr: 7f4eecacbf10
reconv_inst_addr/mem_addr: 0
mem_addr/reconv_inst_addr: 0
mem_access_size/barrier_id: 4
num_barrier_threads: 0
addr_space/fence_level: GPU_ADDR_SP_INVALID
barrier_id/mem_access_size: 4
fence_level/addr_space: GPU_FENCE_INVALID
*** end of the data structure *** 

*** begin of the data structure *** 
core_id:95 thread_id:7
opcode: NVBIT_IMAD
num_read_regs: 2
num_dest_regs: 1
src0: 255
src1: 255
dst0: 1
is_fp: 0
cf_type: NOT_CF
is_load: 0
inst_size: 16
inst_addr: 7f4eecacbf00
active_mask: ffffffff
br_taken_mask: 0
br_target_addr: 7f4eecacbf10
reconv_inst_addr/mem_addr: 0
mem_addr/reconv_inst_addr: 0
mem_access_size/barrier_id: 4
num_barrier_threads: 0
addr_space/fence_level: GPU_ADDR_SP_INVALID
barrier_id/mem_access_size: 4
fence_level/addr_space: GPU_FENCE_INVALID
*** end of the data structure *** 

*** begin of the data structure *** 
core_id:96 thread_id:4
opcode: NVBIT_IMAD
num_read_regs: 2
num_dest_regs: 1
src0: 255
src1: 255
dst0: 1
is_fp: 0
cf_type: NOT_CF
is_load: 0
inst_size: 16
inst_addr: 7f4eecacbf00
active_mask: ffffffff
br_taken_mask: 0
br_target_addr: 7f4eecacbf10
reconv_inst_addr/mem_addr: 0
mem_addr/reconv_inst_addr: 0
mem_access_size/barrier_id: 4
num_barrier_threads: 0
addr_space/fence_level: GPU_ADDR_SP_INVALID
barrier_id/mem_access_size: 4
fence_level/addr_space: GPU_FENCE_INVALID
*** end of the data structure *** 

*** begin of the data structure *** 
core_id:96 thread_id:5
opcode: NVBIT_IMAD
num_read_regs: 2
num_dest_regs: 1
src0: 255
src1: 255
dst0: 1
is_fp: 0
cf_type: NOT_CF
is_load: 0
inst_size: 16
inst_addr: 7f4eecacbf00
active_mask: ffffffff
br_taken_mask: 0
br_target_addr: 7f4eecacbf10
reconv_inst_addr/mem_addr: 0
mem_addr/reconv_inst_addr: 0
mem_access_size/barrier_id: 4
num_barrier_threads: 0
addr_space/fence_level: GPU_ADDR_SP_INVALID
barrier_id/mem_access_size: 4
fence_level/addr_space: GPU_FENCE_INVALID
*** end of the data structure *** 

*** begin of the data structure *** 
core_id:96 thread_id:6
opcode: NVBIT_IMAD
num_read_regs: 2
num_dest_regs: 1
src0: 255
src1: 255
dst0: 1
is_fp: 0
cf_type: NOT_CF
is_load: 0
inst_size: 16
inst_addr: 7f4eecacbf00
active_mask: ffffffff
br_taken_mask: 0
br_target_addr: 7f4eecacbf10
reconv_inst_addr/mem_addr: 0
mem_addr/reconv_inst_addr: 0
mem_access_size/barrier_id: 4
num_barrier_threads: 0
addr_space/fence_level: GPU_ADDR_SP_INVALID
barrier_id/mem_access_size: 4
fence_level/addr_space: GPU_FENCE_INVALID
*** end of the data structure *** 

*** begin of the data structure *** 
core_id:96 thread_id:7
opcode: NVBIT_IMAD
num_read_regs: 2
num_dest_regs: 1
src0: 255
src1: 255
dst0: 1
is_fp: 0
cf_type: NOT_CF
is_load: 0
inst_size: 16
inst_addr: 7f4eecacbf00
active_mask: ffffffff
br_taken_mask: 0
br_target_addr: 7f4eecacbf10
reconv_inst_addr/mem_addr: 0
mem_addr/reconv_inst_addr: 0
mem_access_size/barrier_id: 4
num_barrier_threads: 0
addr_space/fence_level: GPU_ADDR_SP_INVALID
barrier_id/mem_access_size: 4
fence_level/addr_space: GPU_FENCE_INVALID
*** end of the data structure *** 

*** begin of the data structure *** 
core_id:97 thread_id:4
opcode: NVBIT_IMAD
num_read_regs: 2
num_dest_regs: 1
src0: 255
src1: 255
dst0: 1
is_fp: 0
cf_type: NOT_CF
is_load: 0
inst_size: 16
inst_addr: 7f4eecacbf00
active_mask: ffffffff
br_taken_mask: 0
br_target_addr: 7f4eecacbf10
reconv_inst_addr/mem_addr: 0
mem_addr/reconv_inst_addr: 0
mem_access_size/barrier_id: 4
num_barrier_threads: 0
addr_space/fence_level: GPU_ADDR_SP_INVALID
barrier_id/mem_access_size: 4
fence_level/addr_space: GPU_FENCE_INVALID
*** end of the data structure *** 

*** begin of the data structure *** 
core_id:97 thread_id:5
opcode: NVBIT_IMAD
num_read_regs: 2
num_dest_regs: 1
src0: 255
src1: 255
dst0: 1
is_fp: 0
cf_type: NOT_CF
is_load: 0
inst_size: 16
inst_addr: 7f4eecacbf00
active_mask: ffffffff
br_taken_mask: 0
br_target_addr: 7f4eecacbf10
reconv_inst_addr/mem_addr: 0
mem_addr/reconv_inst_addr: 0
mem_access_size/barrier_id: 4
num_barrier_threads: 0
addr_space/fence_level: GPU_ADDR_SP_INVALID
barrier_id/mem_access_size: 4
fence_level/addr_space: GPU_FENCE_INVALID
*** end of the data structure *** 

*** begin of the data structure *** 
core_id:97 thread_id:6
opcode: NVBIT_IMAD
num_read_regs: 2
num_dest_regs: 1
src0: 255
src1: 255
dst0: 1
is_fp: 0
cf_type: NOT_CF
is_load: 0
inst_size: 16
inst_addr: 7f4eecacbf00
active_mask: ffffffff
br_taken_mask: 0
br_target_addr: 7f4eecacbf10
reconv_inst_addr/mem_addr: 0
mem_addr/reconv_inst_addr: 0
mem_access_size/barrier_id: 4
num_barrier_threads: 0
addr_space/fence_level: GPU_ADDR_SP_INVALID
barrier_id/mem_access_size: 4
fence_level/addr_space: GPU_FENCE_INVALID
*** end of the data structure *** 

*** begin of the data structure *** 
core_id:97 thread_id:7
opcode: NVBIT_IMAD
num_read_regs: 2
num_dest_regs: 1
src0: 255
src1: 255
dst0: 1
is_fp: 0
cf_type: NOT_CF
is_load: 0
inst_size: 16
inst_addr: 7f4eecacbf00
active_mask: ffffffff
br_taken_mask: 0
br_target_addr: 7f4eecacbf10
reconv_inst_addr/mem_addr: 0
mem_addr/reconv_inst_addr: 0
mem_access_size/barrier_id: 4
num_barrier_threads: 0
addr_space/fence_level: GPU_ADDR_SP_INVALID
barrier_id/mem_access_size: 4
fence_level/addr_space: GPU_FENCE_INVALID
*** end of the data structure *** 

*** begin of the data structure *** 
core_id:98 thread_id:4
opcode: NVBIT_IMAD
num_read_regs: 2
num_dest_regs: 1
src0: 255
src1: 255
dst0: 1
is_fp: 0
cf_type: NOT_CF
is_load: 0
inst_size: 16
inst_addr: 7f4eecacbf00
active_mask: ffffffff
br_taken_mask: 0
br_target_addr: 7f4eecacbf10
reconv_inst_addr/mem_addr: 0
mem_addr/reconv_inst_addr: 0
mem_access_size/barrier_id: 4
num_barrier_threads: 0
addr_space/fence_level: GPU_ADDR_SP_INVALID
barrier_id/mem_access_size: 4
fence_level/addr_space: GPU_FENCE_INVALID
*** end of the data structure *** 

*** begin of the data structure *** 
core_id:98 thread_id:5
opcode: NVBIT_IMAD
num_read_regs: 2
num_dest_regs: 1
src0: 255
src1: 255
dst0: 1
is_fp: 0
cf_type: NOT_CF
is_load: 0
inst_size: 16
inst_addr: 7f4eecacbf00
active_mask: ffffffff
br_taken_mask: 0
br_target_addr: 7f4eecacbf10
reconv_inst_addr/mem_addr: 0
mem_addr/reconv_inst_addr: 0
mem_access_size/barrier_id: 4
num_barrier_threads: 0
addr_space/fence_level: GPU_ADDR_SP_INVALID
barrier_id/mem_access_size: 4
fence_level/addr_space: GPU_FENCE_INVALID
*** end of the data structure *** 

*** begin of the data structure *** 
core_id:98 thread_id:6
opcode: NVBIT_IMAD
num_read_regs: 2
num_dest_regs: 1
src0: 255
src1: 255
dst0: 1
is_fp: 0
cf_type: NOT_CF
is_load: 0
inst_size: 16
inst_addr: 7f4eecacbf00
active_mask: ffffffff
br_taken_mask: 0
br_target_addr: 7f4eecacbf10
reconv_inst_addr/mem_addr: 0
mem_addr/reconv_inst_addr: 0
mem_access_size/barrier_id: 4
num_barrier_threads: 0
addr_space/fence_level: GPU_ADDR_SP_INVALID
barrier_id/mem_access_size: 4
fence_level/addr_space: GPU_FENCE_INVALID
*** end of the data structure *** 

*** begin of the data structure *** 
core_id:98 thread_id:7
opcode: NVBIT_IMAD
num_read_regs: 2
num_dest_regs: 1
src0: 255
src1: 255
dst0: 1
is_fp: 0
cf_type: NOT_CF
is_load: 0
inst_size: 16
inst_addr: 7f4eecacbf00
active_mask: ffffffff
br_taken_mask: 0
br_target_addr: 7f4eecacbf10
reconv_inst_addr/mem_addr: 0
mem_addr/reconv_inst_addr: 0
mem_access_size/barrier_id: 4
num_barrier_threads: 0
addr_space/fence_level: GPU_ADDR_SP_INVALID
barrier_id/mem_access_size: 4
fence_level/addr_space: GPU_FENCE_INVALID
*** end of the data structure *** 

*** begin of the data structure *** 
core_id:99 thread_id:4
opcode: NVBIT_IMAD
num_read_regs: 2
num_dest_regs: 1
src0: 255
src1: 255
dst0: 1
is_fp: 0
cf_type: NOT_CF
is_load: 0
inst_size: 16
inst_addr: 7f4eecacbf00
active_mask: ffffffff
br_taken_mask: 0
br_target_addr: 7f4eecacbf10
reconv_inst_addr/mem_addr: 0
mem_addr/reconv_inst_addr: 0
mem_access_size/barrier_id: 4
num_barrier_threads: 0
addr_space/fence_level: GPU_ADDR_SP_INVALID
barrier_id/mem_access_size: 4
fence_level/addr_space: GPU_FENCE_INVALID
*** end of the data structure *** 

*** begin of the data structure *** 
core_id:99 thread_id:5
opcode: NVBIT_IMAD
num_read_regs: 2
num_dest_regs: 1
src0: 255
src1: 255
dst0: 1
is_fp: 0
cf_type: NOT_CF
is_load: 0
inst_size: 16
inst_addr: 7f4eecacbf00
active_mask: ffffffff
br_taken_mask: 0
br_target_addr: 7f4eecacbf10
reconv_inst_addr/mem_addr: 0
mem_addr/reconv_inst_addr: 0
mem_access_size/barrier_id: 4
num_barrier_threads: 0
addr_space/fence_level: GPU_ADDR_SP_INVALID
barrier_id/mem_access_size: 4
fence_level/addr_space: GPU_FENCE_INVALID
*** end of the data structure *** 

*** begin of the data structure *** 
core_id:99 thread_id:6
opcode: NVBIT_IMAD
num_read_regs: 2
num_dest_regs: 1
src0: 255
src1: 255
dst0: 1
is_fp: 0
cf_type: NOT_CF
is_load: 0
inst_size: 16
inst_addr: 7f4eecacbf00
active_mask: ffffffff
br_taken_mask: 0
br_target_addr: 7f4eecacbf10
reconv_inst_addr/mem_addr: 0
mem_addr/reconv_inst_addr: 0
mem_access_size/barrier_id: 4
num_barrier_threads: 0
addr_space/fence_level: GPU_ADDR_SP_INVALID
barrier_id/mem_access_size: 4
fence_level/addr_space: GPU_FENCE_INVALID
*** end of the data structure *** 

*** begin of the data structure *** 
core_id:99 thread_id:7
opcode: NVBIT_IMAD
num_read_regs: 2
num_dest_regs: 1
src0: 255
src1: 255
dst0: 1
is_fp: 0
cf_type: NOT_CF
is_load: 0
inst_size: 16
inst_addr: 7f4eecacbf00
active_mask: ffffffff
br_taken_mask: 0
br_target_addr: 7f4eecacbf10
reconv_inst_addr/mem_addr: 0
mem_addr/reconv_inst_addr: 0
mem_access_size/barrier_id: 4
num_barrier_threads: 0
addr_space/fence_level: GPU_ADDR_SP_INVALID
barrier_id/mem_access_size: 4
fence_level/addr_space: GPU_FENCE_INVALID
*** end of the data structure *** 

*** begin of the data structure *** 
core_id:100 thread_id:4
opcode: NVBIT_IMAD
num_read_regs: 2
num_dest_regs: 1
src0: 255
src1: 255
dst0: 1
is_fp: 0
cf_type: NOT_CF
is_load: 0
inst_size: 16
inst_addr: 7f4eecacbf00
active_mask: ffffffff
br_taken_mask: 0
br_target_addr: 7f4eecacbf10
reconv_inst_addr/mem_addr: 0
mem_addr/reconv_inst_addr: 0
mem_access_size/barrier_id: 4
num_barrier_threads: 0
addr_space/fence_level: GPU_ADDR_SP_INVALID
barrier_id/mem_access_size: 4
fence_level/addr_space: GPU_FENCE_INVALID
*** end of the data structure *** 

*** begin of the data structure *** 
core_id:100 thread_id:5
opcode: NVBIT_IMAD
num_read_regs: 2
num_dest_regs: 1
src0: 255
src1: 255
dst0: 1
is_fp: 0
cf_type: NOT_CF
is_load: 0
inst_size: 16
inst_addr: 7f4eecacbf00
active_mask: ffffffff
br_taken_mask: 0
br_target_addr: 7f4eecacbf10
reconv_inst_addr/mem_addr: 0
mem_addr/reconv_inst_addr: 0
mem_access_size/barrier_id: 4
num_barrier_threads: 0
addr_space/fence_level: GPU_ADDR_SP_INVALID
barrier_id/mem_access_size: 4
fence_level/addr_space: GPU_FENCE_INVALID
*** end of the data structure *** 

*** begin of the data structure *** 
core_id:100 thread_id:6
opcode: NVBIT_IMAD
num_read_regs: 2
num_dest_regs: 1
src0: 255
src1: 255
dst0: 1
is_fp: 0
cf_type: NOT_CF
is_load: 0
inst_size: 16
inst_addr: 7f4eecacbf00
active_mask: ffffffff
br_taken_mask: 0
br_target_addr: 7f4eecacbf10
reconv_inst_addr/mem_addr: 0
mem_addr/reconv_inst_addr: 0
mem_access_size/barrier_id: 4
num_barrier_threads: 0
addr_space/fence_level: GPU_ADDR_SP_INVALID
barrier_id/mem_access_size: 4
fence_level/addr_space: GPU_FENCE_INVALID
*** end of the data structure *** 

*** begin of the data structure *** 
core_id:100 thread_id:7
opcode: NVBIT_IMAD
num_read_regs: 2
num_dest_regs: 1
src0: 255
src1: 255
dst0: 1
is_fp: 0
cf_type: NOT_CF
is_load: 0
inst_size: 16
inst_addr: 7f4eecacbf00
active_mask: ffffffff
br_taken_mask: 0
br_target_addr: 7f4eecacbf10
reconv_inst_addr/mem_addr: 0
mem_addr/reconv_inst_addr: 0
mem_access_size/barrier_id: 4
num_barrier_threads: 0
addr_space/fence_level: GPU_ADDR_SP_INVALID
barrier_id/mem_access_size: 4
fence_level/addr_space: GPU_FENCE_INVALID
*** end of the data structure *** 

*** begin of the data structure *** 
core_id:101 thread_id:4
opcode: NVBIT_IMAD
num_read_regs: 2
num_dest_regs: 1
src0: 255
src1: 255
dst0: 1
is_fp: 0
cf_type: NOT_CF
is_load: 0
inst_size: 16
inst_addr: 7f4eecacbf00
active_mask: ffffffff
br_taken_mask: 0
br_target_addr: 7f4eecacbf10
reconv_inst_addr/mem_addr: 0
mem_addr/reconv_inst_addr: 0
mem_access_size/barrier_id: 4
num_barrier_threads: 0
addr_space/fence_level: GPU_ADDR_SP_INVALID
barrier_id/mem_access_size: 4
fence_level/addr_space: GPU_FENCE_INVALID
*** end of the data structure *** 

*** begin of the data structure *** 
core_id:101 thread_id:5
opcode: NVBIT_IMAD
num_read_regs: 2
num_dest_regs: 1
src0: 255
src1: 255
dst0: 1
is_fp: 0
cf_type: NOT_CF
is_load: 0
inst_size: 16
inst_addr: 7f4eecacbf00
active_mask: ffffffff
br_taken_mask: 0
br_target_addr: 7f4eecacbf10
reconv_inst_addr/mem_addr: 0
mem_addr/reconv_inst_addr: 0
mem_access_size/barrier_id: 4
num_barrier_threads: 0
addr_space/fence_level: GPU_ADDR_SP_INVALID
barrier_id/mem_access_size: 4
fence_level/addr_space: GPU_FENCE_INVALID
*** end of the data structure *** 

*** begin of the data structure *** 
core_id:101 thread_id:6
opcode: NVBIT_IMAD
num_read_regs: 2
num_dest_regs: 1
src0: 255
src1: 255
dst0: 1
is_fp: 0
cf_type: NOT_CF
is_load: 0
inst_size: 16
inst_addr: 7f4eecacbf00
active_mask: ffffffff
br_taken_mask: 0
br_target_addr: 7f4eecacbf10
reconv_inst_addr/mem_addr: 0
mem_addr/reconv_inst_addr: 0
mem_access_size/barrier_id: 4
num_barrier_threads: 0
addr_space/fence_level: GPU_ADDR_SP_INVALID
barrier_id/mem_access_size: 4
fence_level/addr_space: GPU_FENCE_INVALID
*** end of the data structure *** 

*** begin of the data structure *** 
core_id:101 thread_id:7
opcode: NVBIT_IMAD
num_read_regs: 2
num_dest_regs: 1
src0: 255
src1: 255
dst0: 1
is_fp: 0
cf_type: NOT_CF
is_load: 0
inst_size: 16
inst_addr: 7f4eecacbf00
active_mask: ffffffff
br_taken_mask: 0
br_target_addr: 7f4eecacbf10
reconv_inst_addr/mem_addr: 0
mem_addr/reconv_inst_addr: 0
mem_access_size/barrier_id: 4
num_barrier_threads: 0
addr_space/fence_level: GPU_ADDR_SP_INVALID
barrier_id/mem_access_size: 4
fence_level/addr_space: GPU_FENCE_INVALID
*** end of the data structure *** 

*** begin of the data structure *** 
core_id:102 thread_id:4
opcode: NVBIT_IMAD
num_read_regs: 2
num_dest_regs: 1
src0: 255
src1: 255
dst0: 1
is_fp: 0
cf_type: NOT_CF
is_load: 0
inst_size: 16
inst_addr: 7f4eecacbf00
active_mask: ffffffff
br_taken_mask: 0
br_target_addr: 7f4eecacbf10
reconv_inst_addr/mem_addr: 0
mem_addr/reconv_inst_addr: 0
mem_access_size/barrier_id: 4
num_barrier_threads: 0
addr_space/fence_level: GPU_ADDR_SP_INVALID
barrier_id/mem_access_size: 4
fence_level/addr_space: GPU_FENCE_INVALID
*** end of the data structure *** 

*** begin of the data structure *** 
core_id:102 thread_id:5
opcode: NVBIT_IMAD
num_read_regs: 2
num_dest_regs: 1
src0: 255
src1: 255
dst0: 1
is_fp: 0
cf_type: NOT_CF
is_load: 0
inst_size: 16
inst_addr: 7f4eecacbf00
active_mask: ffffffff
br_taken_mask: 0
br_target_addr: 7f4eecacbf10
reconv_inst_addr/mem_addr: 0
mem_addr/reconv_inst_addr: 0
mem_access_size/barrier_id: 4
num_barrier_threads: 0
addr_space/fence_level: GPU_ADDR_SP_INVALID
barrier_id/mem_access_size: 4
fence_level/addr_space: GPU_FENCE_INVALID
*** end of the data structure *** 

*** begin of the data structure *** 
core_id:102 thread_id:6
opcode: NVBIT_IMAD
num_read_regs: 2
num_dest_regs: 1
src0: 255
src1: 255
dst0: 1
is_fp: 0
cf_type: NOT_CF
is_load: 0
inst_size: 16
inst_addr: 7f4eecacbf00
active_mask: ffffffff
br_taken_mask: 0
br_target_addr: 7f4eecacbf10
reconv_inst_addr/mem_addr: 0
mem_addr/reconv_inst_addr: 0
mem_access_size/barrier_id: 4
num_barrier_threads: 0
addr_space/fence_level: GPU_ADDR_SP_INVALID
barrier_id/mem_access_size: 4
fence_level/addr_space: GPU_FENCE_INVALID
*** end of the data structure *** 

*** begin of the data structure *** 
core_id:102 thread_id:7
opcode: NVBIT_IMAD
num_read_regs: 2
num_dest_regs: 1
src0: 255
src1: 255
dst0: 1
is_fp: 0
cf_type: NOT_CF
is_load: 0
inst_size: 16
inst_addr: 7f4eecacbf00
active_mask: ffffffff
br_taken_mask: 0
br_target_addr: 7f4eecacbf10
reconv_inst_addr/mem_addr: 0
mem_addr/reconv_inst_addr: 0
mem_access_size/barrier_id: 4
num_barrier_threads: 0
addr_space/fence_level: GPU_ADDR_SP_INVALID
barrier_id/mem_access_size: 4
fence_level/addr_space: GPU_FENCE_INVALID
*** end of the data structure *** 

*** begin of the data structure *** 
core_id:103 thread_id:4
opcode: NVBIT_IMAD
num_read_regs: 2
num_dest_regs: 1
src0: 255
src1: 255
dst0: 1
is_fp: 0
cf_type: NOT_CF
is_load: 0
inst_size: 16
inst_addr: 7f4eecacbf00
active_mask: ffffffff
br_taken_mask: 0
br_target_addr: 7f4eecacbf10
reconv_inst_addr/mem_addr: 0
mem_addr/reconv_inst_addr: 0
mem_access_size/barrier_id: 4
num_barrier_threads: 0
addr_space/fence_level: GPU_ADDR_SP_INVALID
barrier_id/mem_access_size: 4
fence_level/addr_space: GPU_FENCE_INVALID
*** end of the data structure *** 

*** begin of the data structure *** 
core_id:103 thread_id:5
opcode: NVBIT_IMAD
num_read_regs: 2
num_dest_regs: 1
src0: 255
src1: 255
dst0: 1
is_fp: 0
cf_type: NOT_CF
is_load: 0
inst_size: 16
inst_addr: 7f4eecacbf00
active_mask: ffffffff
br_taken_mask: 0
br_target_addr: 7f4eecacbf10
reconv_inst_addr/mem_addr: 0
mem_addr/reconv_inst_addr: 0
mem_access_size/barrier_id: 4
num_barrier_threads: 0
addr_space/fence_level: GPU_ADDR_SP_INVALID
barrier_id/mem_access_size: 4
fence_level/addr_space: GPU_FENCE_INVALID
*** end of the data structure *** 

*** begin of the data structure *** 
core_id:103 thread_id:6
opcode: NVBIT_IMAD
num_read_regs: 2
num_dest_regs: 1
src0: 255
src1: 255
dst0: 1
is_fp: 0
cf_type: NOT_CF
is_load: 0
inst_size: 16
inst_addr: 7f4eecacbf00
active_mask: ffffffff
br_taken_mask: 0
br_target_addr: 7f4eecacbf10
reconv_inst_addr/mem_addr: 0
mem_addr/reconv_inst_addr: 0
mem_access_size/barrier_id: 4
num_barrier_threads: 0
addr_space/fence_level: GPU_ADDR_SP_INVALID
barrier_id/mem_access_size: 4
fence_level/addr_space: GPU_FENCE_INVALID
*** end of the data structure *** 

*** begin of the data structure *** 
core_id:103 thread_id:7
opcode: NVBIT_IMAD
num_read_regs: 2
num_dest_regs: 1
src0: 255
src1: 255
dst0: 1
is_fp: 0
cf_type: NOT_CF
is_load: 0
inst_size: 16
inst_addr: 7f4eecacbf00
active_mask: ffffffff
br_taken_mask: 0
br_target_addr: 7f4eecacbf10
reconv_inst_addr/mem_addr: 0
mem_addr/reconv_inst_addr: 0
mem_access_size/barrier_id: 4
num_barrier_threads: 0
addr_space/fence_level: GPU_ADDR_SP_INVALID
barrier_id/mem_access_size: 4
fence_level/addr_space: GPU_FENCE_INVALID
*** end of the data structure *** 

*** begin of the data structure *** 
core_id:104 thread_id:4
opcode: NVBIT_IMAD
num_read_regs: 2
num_dest_regs: 1
src0: 255
src1: 255
dst0: 1
is_fp: 0
cf_type: NOT_CF
is_load: 0
inst_size: 16
inst_addr: 7f4eecacbf00
active_mask: ffffffff
br_taken_mask: 0
br_target_addr: 7f4eecacbf10
reconv_inst_addr/mem_addr: 0
mem_addr/reconv_inst_addr: 0
mem_access_size/barrier_id: 4
num_barrier_threads: 0
addr_space/fence_level: GPU_ADDR_SP_INVALID
barrier_id/mem_access_size: 4
fence_level/addr_space: GPU_FENCE_INVALID
*** end of the data structure *** 

*** begin of the data structure *** 
core_id:104 thread_id:5
opcode: NVBIT_IMAD
num_read_regs: 2
num_dest_regs: 1
src0: 255
src1: 255
dst0: 1
is_fp: 0
cf_type: NOT_CF
is_load: 0
inst_size: 16
inst_addr: 7f4eecacbf00
active_mask: ffffffff
br_taken_mask: 0
br_target_addr: 7f4eecacbf10
reconv_inst_addr/mem_addr: 0
mem_addr/reconv_inst_addr: 0
mem_access_size/barrier_id: 4
num_barrier_threads: 0
addr_space/fence_level: GPU_ADDR_SP_INVALID
barrier_id/mem_access_size: 4
fence_level/addr_space: GPU_FENCE_INVALID
*** end of the data structure *** 

*** begin of the data structure *** 
core_id:104 thread_id:6
opcode: NVBIT_IMAD
num_read_regs: 2
num_dest_regs: 1
src0: 255
src1: 255
dst0: 1
is_fp: 0
cf_type: NOT_CF
is_load: 0
inst_size: 16
inst_addr: 7f4eecacbf00
active_mask: ffffffff
br_taken_mask: 0
br_target_addr: 7f4eecacbf10
reconv_inst_addr/mem_addr: 0
mem_addr/reconv_inst_addr: 0
mem_access_size/barrier_id: 4
num_barrier_threads: 0
addr_space/fence_level: GPU_ADDR_SP_INVALID
barrier_id/mem_access_size: 4
fence_level/addr_space: GPU_FENCE_INVALID
*** end of the data structure *** 

*** begin of the data structure *** 
core_id:104 thread_id:7
opcode: NVBIT_IMAD
num_read_regs: 2
num_dest_regs: 1
src0: 255
src1: 255
dst0: 1
is_fp: 0
cf_type: NOT_CF
is_load: 0
inst_size: 16
inst_addr: 7f4eecacbf00
active_mask: ffffffff
br_taken_mask: 0
br_target_addr: 7f4eecacbf10
reconv_inst_addr/mem_addr: 0
mem_addr/reconv_inst_addr: 0
mem_access_size/barrier_id: 4
num_barrier_threads: 0
addr_space/fence_level: GPU_ADDR_SP_INVALID
barrier_id/mem_access_size: 4
fence_level/addr_space: GPU_FENCE_INVALID
*** end of the data structure *** 

*** begin of the data structure *** 
core_id:105 thread_id:4
opcode: NVBIT_IMAD
num_read_regs: 2
num_dest_regs: 1
src0: 255
src1: 255
dst0: 1
is_fp: 0
cf_type: NOT_CF
is_load: 0
inst_size: 16
inst_addr: 7f4eecacbf00
active_mask: ffffffff
br_taken_mask: 0
br_target_addr: 7f4eecacbf10
reconv_inst_addr/mem_addr: 0
mem_addr/reconv_inst_addr: 0
mem_access_size/barrier_id: 4
num_barrier_threads: 0
addr_space/fence_level: GPU_ADDR_SP_INVALID
barrier_id/mem_access_size: 4
fence_level/addr_space: GPU_FENCE_INVALID
*** end of the data structure *** 

*** begin of the data structure *** 
core_id:105 thread_id:5
opcode: NVBIT_IMAD
num_read_regs: 2
num_dest_regs: 1
src0: 255
src1: 255
dst0: 1
is_fp: 0
cf_type: NOT_CF
is_load: 0
inst_size: 16
inst_addr: 7f4eecacbf00
active_mask: ffffffff
br_taken_mask: 0
br_target_addr: 7f4eecacbf10
reconv_inst_addr/mem_addr: 0
mem_addr/reconv_inst_addr: 0
mem_access_size/barrier_id: 4
num_barrier_threads: 0
addr_space/fence_level: GPU_ADDR_SP_INVALID
barrier_id/mem_access_size: 4
fence_level/addr_space: GPU_FENCE_INVALID
*** end of the data structure *** 

*** begin of the data structure *** 
core_id:105 thread_id:6
opcode: NVBIT_IMAD
num_read_regs: 2
num_dest_regs: 1
src0: 255
src1: 255
dst0: 1
is_fp: 0
cf_type: NOT_CF
is_load: 0
inst_size: 16
inst_addr: 7f4eecacbf00
active_mask: ffffffff
br_taken_mask: 0
br_target_addr: 7f4eecacbf10
reconv_inst_addr/mem_addr: 0
mem_addr/reconv_inst_addr: 0
mem_access_size/barrier_id: 4
num_barrier_threads: 0
addr_space/fence_level: GPU_ADDR_SP_INVALID
barrier_id/mem_access_size: 4
fence_level/addr_space: GPU_FENCE_INVALID
*** end of the data structure *** 

*** begin of the data structure *** 
core_id:105 thread_id:7
opcode: NVBIT_IMAD
num_read_regs: 2
num_dest_regs: 1
src0: 255
src1: 255
dst0: 1
is_fp: 0
cf_type: NOT_CF
is_load: 0
inst_size: 16
inst_addr: 7f4eecacbf00
active_mask: ffffffff
br_taken_mask: 0
br_target_addr: 7f4eecacbf10
reconv_inst_addr/mem_addr: 0
mem_addr/reconv_inst_addr: 0
mem_access_size/barrier_id: 4
num_barrier_threads: 0
addr_space/fence_level: GPU_ADDR_SP_INVALID
barrier_id/mem_access_size: 4
fence_level/addr_space: GPU_FENCE_INVALID
*** end of the data structure *** 

*** begin of the data structure *** 
core_id:106 thread_id:4
opcode: NVBIT_IMAD
num_read_regs: 2
num_dest_regs: 1
src0: 255
src1: 255
dst0: 1
is_fp: 0
cf_type: NOT_CF
is_load: 0
inst_size: 16
inst_addr: 7f4eecacbf00
active_mask: ffffffff
br_taken_mask: 0
br_target_addr: 7f4eecacbf10
reconv_inst_addr/mem_addr: 0
mem_addr/reconv_inst_addr: 0
mem_access_size/barrier_id: 4
num_barrier_threads: 0
addr_space/fence_level: GPU_ADDR_SP_INVALID
barrier_id/mem_access_size: 4
fence_level/addr_space: GPU_FENCE_INVALID
*** end of the data structure *** 

*** begin of the data structure *** 
core_id:106 thread_id:5
opcode: NVBIT_IMAD
num_read_regs: 2
num_dest_regs: 1
src0: 255
src1: 255
dst0: 1
is_fp: 0
cf_type: NOT_CF
is_load: 0
inst_size: 16
inst_addr: 7f4eecacbf00
active_mask: ffffffff
br_taken_mask: 0
br_target_addr: 7f4eecacbf10
reconv_inst_addr/mem_addr: 0
mem_addr/reconv_inst_addr: 0
mem_access_size/barrier_id: 4
num_barrier_threads: 0
addr_space/fence_level: GPU_ADDR_SP_INVALID
barrier_id/mem_access_size: 4
fence_level/addr_space: GPU_FENCE_INVALID
*** end of the data structure *** 

*** begin of the data structure *** 
core_id:106 thread_id:6
opcode: NVBIT_IMAD
num_read_regs: 2
num_dest_regs: 1
src0: 255
src1: 255
dst0: 1
is_fp: 0
cf_type: NOT_CF
is_load: 0
inst_size: 16
inst_addr: 7f4eecacbf00
active_mask: ffffffff
br_taken_mask: 0
br_target_addr: 7f4eecacbf10
reconv_inst_addr/mem_addr: 0
mem_addr/reconv_inst_addr: 0
mem_access_size/barrier_id: 4
num_barrier_threads: 0
addr_space/fence_level: GPU_ADDR_SP_INVALID
barrier_id/mem_access_size: 4
fence_level/addr_space: GPU_FENCE_INVALID
*** end of the data structure *** 

*** begin of the data structure *** 
core_id:106 thread_id:7
opcode: NVBIT_IMAD
num_read_regs: 2
num_dest_regs: 1
src0: 255
src1: 255
dst0: 1
is_fp: 0
cf_type: NOT_CF
is_load: 0
inst_size: 16
inst_addr: 7f4eecacbf00
active_mask: ffffffff
br_taken_mask: 0
br_target_addr: 7f4eecacbf10
reconv_inst_addr/mem_addr: 0
mem_addr/reconv_inst_addr: 0
mem_access_size/barrier_id: 4
num_barrier_threads: 0
addr_space/fence_level: GPU_ADDR_SP_INVALID
barrier_id/mem_access_size: 4
fence_level/addr_space: GPU_FENCE_INVALID
*** end of the data structure *** 

*** begin of the data structure *** 
core_id:107 thread_id:4
opcode: NVBIT_IMAD
num_read_regs: 2
num_dest_regs: 1
src0: 255
src1: 255
dst0: 1
is_fp: 0
cf_type: NOT_CF
is_load: 0
inst_size: 16
inst_addr: 7f4eecacbf00
active_mask: ffffffff
br_taken_mask: 0
br_target_addr: 7f4eecacbf10
reconv_inst_addr/mem_addr: 0
mem_addr/reconv_inst_addr: 0
mem_access_size/barrier_id: 4
num_barrier_threads: 0
addr_space/fence_level: GPU_ADDR_SP_INVALID
barrier_id/mem_access_size: 4
fence_level/addr_space: GPU_FENCE_INVALID
*** end of the data structure *** 

*** begin of the data structure *** 
core_id:107 thread_id:5
opcode: NVBIT_IMAD
num_read_regs: 2
num_dest_regs: 1
src0: 255
src1: 255
dst0: 1
is_fp: 0
cf_type: NOT_CF
is_load: 0
inst_size: 16
inst_addr: 7f4eecacbf00
active_mask: ffffffff
br_taken_mask: 0
br_target_addr: 7f4eecacbf10
reconv_inst_addr/mem_addr: 0
mem_addr/reconv_inst_addr: 0
mem_access_size/barrier_id: 4
num_barrier_threads: 0
addr_space/fence_level: GPU_ADDR_SP_INVALID
barrier_id/mem_access_size: 4
fence_level/addr_space: GPU_FENCE_INVALID
*** end of the data structure *** 

*** begin of the data structure *** 
core_id:107 thread_id:6
opcode: NVBIT_IMAD
num_read_regs: 2
num_dest_regs: 1
src0: 255
src1: 255
dst0: 1
is_fp: 0
cf_type: NOT_CF
is_load: 0
inst_size: 16
inst_addr: 7f4eecacbf00
active_mask: ffffffff
br_taken_mask: 0
br_target_addr: 7f4eecacbf10
reconv_inst_addr/mem_addr: 0
mem_addr/reconv_inst_addr: 0
mem_access_size/barrier_id: 4
num_barrier_threads: 0
addr_space/fence_level: GPU_ADDR_SP_INVALID
barrier_id/mem_access_size: 4
fence_level/addr_space: GPU_FENCE_INVALID
*** end of the data structure *** 

*** begin of the data structure *** 
core_id:107 thread_id:7
opcode: NVBIT_IMAD
num_read_regs: 2
num_dest_regs: 1
src0: 255
src1: 255
dst0: 1
is_fp: 0
cf_type: NOT_CF
is_load: 0
inst_size: 16
inst_addr: 7f4eecacbf00
active_mask: ffffffff
br_taken_mask: 0
br_target_addr: 7f4eecacbf10
reconv_inst_addr/mem_addr: 0
mem_addr/reconv_inst_addr: 0
mem_access_size/barrier_id: 4
num_barrier_threads: 0
addr_space/fence_level: GPU_ADDR_SP_INVALID
barrier_id/mem_access_size: 4
fence_level/addr_space: GPU_FENCE_INVALID
*** end of the data structure *** 

*** begin of the data structure *** 
core_id:0 thread_id:4
opcode: NVBIT_IMAD
num_read_regs: 2
num_dest_regs: 1
src0: 255
src1: 255
dst0: 1
is_fp: 0
cf_type: NOT_CF
is_load: 0
inst_size: 16
inst_addr: 7f4eecacbf00
active_mask: ffffffff
br_taken_mask: 0
br_target_addr: 7f4eecacbf10
reconv_inst_addr/mem_addr: 0
mem_addr/reconv_inst_addr: 0
mem_access_size/barrier_id: 4
num_barrier_threads: 0
addr_space/fence_level: GPU_ADDR_SP_INVALID
barrier_id/mem_access_size: 4
fence_level/addr_space: GPU_FENCE_INVALID
*** end of the data structure *** 

*** begin of the data structure *** 
core_id:0 thread_id:5
opcode: NVBIT_IMAD
num_read_regs: 2
num_dest_regs: 1
src0: 255
src1: 255
dst0: 1
is_fp: 0
cf_type: NOT_CF
is_load: 0
inst_size: 16
inst_addr: 7f4eecacbf00
active_mask: ffffffff
br_taken_mask: 0
br_target_addr: 7f4eecacbf10
reconv_inst_addr/mem_addr: 0
mem_addr/reconv_inst_addr: 0
mem_access_size/barrier_id: 4
num_barrier_threads: 0
addr_space/fence_level: GPU_ADDR_SP_INVALID
barrier_id/mem_access_size: 4
fence_level/addr_space: GPU_FENCE_INVALID
*** end of the data structure *** 

*** begin of the data structure *** 
core_id:0 thread_id:6
opcode: NVBIT_IMAD
num_read_regs: 2
num_dest_regs: 1
src0: 255
src1: 255
dst0: 1
is_fp: 0
cf_type: NOT_CF
is_load: 0
inst_size: 16
inst_addr: 7f4eecacbf00
active_mask: ffffffff
br_taken_mask: 0
br_target_addr: 7f4eecacbf10
reconv_inst_addr/mem_addr: 0
mem_addr/reconv_inst_addr: 0
mem_access_size/barrier_id: 4
num_barrier_threads: 0
addr_space/fence_level: GPU_ADDR_SP_INVALID
barrier_id/mem_access_size: 4
fence_level/addr_space: GPU_FENCE_INVALID
*** end of the data structure *** 

*** begin of the data structure *** 
core_id:0 thread_id:7
opcode: NVBIT_IMAD
num_read_regs: 2
num_dest_regs: 1
src0: 255
src1: 255
dst0: 1
is_fp: 0
cf_type: NOT_CF
is_load: 0
inst_size: 16
inst_addr: 7f4eecacbf00
active_mask: ffffffff
br_taken_mask: 0
br_target_addr: 7f4eecacbf10
reconv_inst_addr/mem_addr: 0
mem_addr/reconv_inst_addr: 0
mem_access_size/barrier_id: 4
num_barrier_threads: 0
addr_space/fence_level: GPU_ADDR_SP_INVALID
barrier_id/mem_access_size: 4
fence_level/addr_space: GPU_FENCE_INVALID
*** end of the data structure *** 

*** begin of the data structure *** 
core_id:1 thread_id:4
opcode: NVBIT_IMAD
num_read_regs: 2
num_dest_regs: 1
src0: 255
src1: 255
dst0: 1
is_fp: 0
cf_type: NOT_CF
is_load: 0
inst_size: 16
inst_addr: 7f4eecacbf00
active_mask: ffffffff
br_taken_mask: 0
br_target_addr: 7f4eecacbf10
reconv_inst_addr/mem_addr: 0
mem_addr/reconv_inst_addr: 0
mem_access_size/barrier_id: 4
num_barrier_threads: 0
addr_space/fence_level: GPU_ADDR_SP_INVALID
barrier_id/mem_access_size: 4
fence_level/addr_space: GPU_FENCE_INVALID
*** end of the data structure *** 

*** begin of the data structure *** 
core_id:1 thread_id:5
opcode: NVBIT_IMAD
num_read_regs: 2
num_dest_regs: 1
src0: 255
src1: 255
dst0: 1
is_fp: 0
cf_type: NOT_CF
is_load: 0
inst_size: 16
inst_addr: 7f4eecacbf00
active_mask: ffffffff
br_taken_mask: 0
br_target_addr: 7f4eecacbf10
reconv_inst_addr/mem_addr: 0
mem_addr/reconv_inst_addr: 0
mem_access_size/barrier_id: 4
num_barrier_threads: 0
addr_space/fence_level: GPU_ADDR_SP_INVALID
barrier_id/mem_access_size: 4
fence_level/addr_space: GPU_FENCE_INVALID
*** end of the data structure *** 

*** begin of the data structure *** 
core_id:1 thread_id:6
opcode: NVBIT_IMAD
num_read_regs: 2
num_dest_regs: 1
src0: 255
src1: 255
dst0: 1
is_fp: 0
cf_type: NOT_CF
is_load: 0
inst_size: 16
inst_addr: 7f4eecacbf00
active_mask: ffffffff
br_taken_mask: 0
br_target_addr: 7f4eecacbf10
reconv_inst_addr/mem_addr: 0
mem_addr/reconv_inst_addr: 0
mem_access_size/barrier_id: 4
num_barrier_threads: 0
addr_space/fence_level: GPU_ADDR_SP_INVALID
barrier_id/mem_access_size: 4
fence_level/addr_space: GPU_FENCE_INVALID
*** end of the data structure *** 

*** begin of the data structure *** 
core_id:1 thread_id:7
opcode: NVBIT_IMAD
num_read_regs: 2
num_dest_regs: 1
src0: 255
src1: 255
dst0: 1
is_fp: 0
cf_type: NOT_CF
is_load: 0
inst_size: 16
inst_addr: 7f4eecacbf00
active_mask: ffffffff
br_taken_mask: 0
br_target_addr: 7f4eecacbf10
reconv_inst_addr/mem_addr: 0
mem_addr/reconv_inst_addr: 0
mem_access_size/barrier_id: 4
num_barrier_threads: 0
addr_space/fence_level: GPU_ADDR_SP_INVALID
barrier_id/mem_access_size: 4
fence_level/addr_space: GPU_FENCE_INVALID
*** end of the data structure *** 

*** begin of the data structure *** 
core_id:2 thread_id:4
opcode: NVBIT_IMAD
num_read_regs: 2
num_dest_regs: 1
src0: 255
src1: 255
dst0: 1
is_fp: 0
cf_type: NOT_CF
is_load: 0
inst_size: 16
inst_addr: 7f4eecacbf00
active_mask: ffffffff
br_taken_mask: 0
br_target_addr: 7f4eecacbf10
reconv_inst_addr/mem_addr: 0
mem_addr/reconv_inst_addr: 0
mem_access_size/barrier_id: 4
num_barrier_threads: 0
addr_space/fence_level: GPU_ADDR_SP_INVALID
barrier_id/mem_access_size: 4
fence_level/addr_space: GPU_FENCE_INVALID
*** end of the data structure *** 

*** begin of the data structure *** 
core_id:2 thread_id:5
opcode: NVBIT_IMAD
num_read_regs: 2
num_dest_regs: 1
src0: 255
src1: 255
dst0: 1
is_fp: 0
cf_type: NOT_CF
is_load: 0
inst_size: 16
inst_addr: 7f4eecacbf00
active_mask: ffffffff
br_taken_mask: 0
br_target_addr: 7f4eecacbf10
reconv_inst_addr/mem_addr: 0
mem_addr/reconv_inst_addr: 0
mem_access_size/barrier_id: 4
num_barrier_threads: 0
addr_space/fence_level: GPU_ADDR_SP_INVALID
barrier_id/mem_access_size: 4
fence_level/addr_space: GPU_FENCE_INVALID
*** end of the data structure *** 

*** begin of the data structure *** 
core_id:2 thread_id:6
opcode: NVBIT_IMAD
num_read_regs: 2
num_dest_regs: 1
src0: 255
src1: 255
dst0: 1
is_fp: 0
cf_type: NOT_CF
is_load: 0
inst_size: 16
inst_addr: 7f4eecacbf00
active_mask: ffffffff
br_taken_mask: 0
br_target_addr: 7f4eecacbf10
reconv_inst_addr/mem_addr: 0
mem_addr/reconv_inst_addr: 0
mem_access_size/barrier_id: 4
num_barrier_threads: 0
addr_space/fence_level: GPU_ADDR_SP_INVALID
barrier_id/mem_access_size: 4
fence_level/addr_space: GPU_FENCE_INVALID
*** end of the data structure *** 

*** begin of the data structure *** 
core_id:2 thread_id:7
opcode: NVBIT_IMAD
num_read_regs: 2
num_dest_regs: 1
src0: 255
src1: 255
dst0: 1
is_fp: 0
cf_type: NOT_CF
is_load: 0
inst_size: 16
inst_addr: 7f4eecacbf00
active_mask: ffffffff
br_taken_mask: 0
br_target_addr: 7f4eecacbf10
reconv_inst_addr/mem_addr: 0
mem_addr/reconv_inst_addr: 0
mem_access_size/barrier_id: 4
num_barrier_threads: 0
addr_space/fence_level: GPU_ADDR_SP_INVALID
barrier_id/mem_access_size: 4
fence_level/addr_space: GPU_FENCE_INVALID
*** end of the data structure *** 

*** begin of the data structure *** 
core_id:3 thread_id:4
opcode: NVBIT_IMAD
num_read_regs: 2
num_dest_regs: 1
src0: 255
src1: 255
dst0: 1
is_fp: 0
cf_type: NOT_CF
is_load: 0
inst_size: 16
inst_addr: 7f4eecacbf00
active_mask: ffffffff
br_taken_mask: 0
br_target_addr: 7f4eecacbf10
reconv_inst_addr/mem_addr: 0
mem_addr/reconv_inst_addr: 0
mem_access_size/barrier_id: 4
num_barrier_threads: 0
addr_space/fence_level: GPU_ADDR_SP_INVALID
barrier_id/mem_access_size: 4
fence_level/addr_space: GPU_FENCE_INVALID
*** end of the data structure *** 

*** begin of the data structure *** 
core_id:3 thread_id:5
opcode: NVBIT_IMAD
num_read_regs: 2
num_dest_regs: 1
src0: 255
src1: 255
dst0: 1
is_fp: 0
cf_type: NOT_CF
is_load: 0
inst_size: 16
inst_addr: 7f4eecacbf00
active_mask: ffffffff
br_taken_mask: 0
br_target_addr: 7f4eecacbf10
reconv_inst_addr/mem_addr: 0
mem_addr/reconv_inst_addr: 0
mem_access_size/barrier_id: 4
num_barrier_threads: 0
addr_space/fence_level: GPU_ADDR_SP_INVALID
barrier_id/mem_access_size: 4
fence_level/addr_space: GPU_FENCE_INVALID
*** end of the data structure *** 

*** begin of the data structure *** 
core_id:3 thread_id:6
opcode: NVBIT_IMAD
num_read_regs: 2
num_dest_regs: 1
src0: 255
src1: 255
dst0: 1
is_fp: 0
cf_type: NOT_CF
is_load: 0
inst_size: 16
inst_addr: 7f4eecacbf00
active_mask: ffffffff
br_taken_mask: 0
br_target_addr: 7f4eecacbf10
reconv_inst_addr/mem_addr: 0
mem_addr/reconv_inst_addr: 0
mem_access_size/barrier_id: 4
num_barrier_threads: 0
addr_space/fence_level: GPU_ADDR_SP_INVALID
barrier_id/mem_access_size: 4
fence_level/addr_space: GPU_FENCE_INVALID
*** end of the data structure *** 

*** begin of the data structure *** 
core_id:3 thread_id:7
opcode: NVBIT_IMAD
num_read_regs: 2
num_dest_regs: 1
src0: 255
src1: 255
dst0: 1
is_fp: 0
cf_type: NOT_CF
is_load: 0
inst_size: 16
inst_addr: 7f4eecacbf00
active_mask: ffffffff
br_taken_mask: 0
br_target_addr: 7f4eecacbf10
reconv_inst_addr/mem_addr: 0
mem_addr/reconv_inst_addr: 0
mem_access_size/barrier_id: 4
num_barrier_threads: 0
addr_space/fence_level: GPU_ADDR_SP_INVALID
barrier_id/mem_access_size: 4
fence_level/addr_space: GPU_FENCE_INVALID
*** end of the data structure *** 

*** begin of the data structure *** 
core_id:4 thread_id:4
opcode: NVBIT_IMAD
num_read_regs: 2
num_dest_regs: 1
src0: 255
src1: 255
dst0: 1
is_fp: 0
cf_type: NOT_CF
is_load: 0
inst_size: 16
inst_addr: 7f4eecacbf00
active_mask: ffffffff
br_taken_mask: 0
br_target_addr: 7f4eecacbf10
reconv_inst_addr/mem_addr: 0
mem_addr/reconv_inst_addr: 0
mem_access_size/barrier_id: 4
num_barrier_threads: 0
addr_space/fence_level: GPU_ADDR_SP_INVALID
barrier_id/mem_access_size: 4
fence_level/addr_space: GPU_FENCE_INVALID
*** end of the data structure *** 

*** begin of the data structure *** 
core_id:4 thread_id:5
opcode: NVBIT_IMAD
num_read_regs: 2
num_dest_regs: 1
src0: 255
src1: 255
dst0: 1
is_fp: 0
cf_type: NOT_CF
is_load: 0
inst_size: 16
inst_addr: 7f4eecacbf00
active_mask: ffffffff
br_taken_mask: 0
br_target_addr: 7f4eecacbf10
reconv_inst_addr/mem_addr: 0
mem_addr/reconv_inst_addr: 0
mem_access_size/barrier_id: 4
num_barrier_threads: 0
addr_space/fence_level: GPU_ADDR_SP_INVALID
barrier_id/mem_access_size: 4
fence_level/addr_space: GPU_FENCE_INVALID
*** end of the data structure *** 

*** begin of the data structure *** 
core_id:4 thread_id:6
opcode: NVBIT_IMAD
num_read_regs: 2
num_dest_regs: 1
src0: 255
src1: 255
dst0: 1
is_fp: 0
cf_type: NOT_CF
is_load: 0
inst_size: 16
inst_addr: 7f4eecacbf00
active_mask: ffffffff
br_taken_mask: 0
br_target_addr: 7f4eecacbf10
reconv_inst_addr/mem_addr: 0
mem_addr/reconv_inst_addr: 0
mem_access_size/barrier_id: 4
num_barrier_threads: 0
addr_space/fence_level: GPU_ADDR_SP_INVALID
barrier_id/mem_access_size: 4
fence_level/addr_space: GPU_FENCE_INVALID
*** end of the data structure *** 

*** begin of the data structure *** 
core_id:4 thread_id:7
opcode: NVBIT_IMAD
num_read_regs: 2
num_dest_regs: 1
src0: 255
src1: 255
dst0: 1
is_fp: 0
cf_type: NOT_CF
is_load: 0
inst_size: 16
inst_addr: 7f4eecacbf00
active_mask: ffffffff
br_taken_mask: 0
br_target_addr: 7f4eecacbf10
reconv_inst_addr/mem_addr: 0
mem_addr/reconv_inst_addr: 0
mem_access_size/barrier_id: 4
num_barrier_threads: 0
addr_space/fence_level: GPU_ADDR_SP_INVALID
barrier_id/mem_access_size: 4
fence_level/addr_space: GPU_FENCE_INVALID
*** end of the data structure *** 

*** begin of the data structure *** 
core_id:9 thread_id:8
opcode: NVBIT_IMAD
num_read_regs: 2
num_dest_regs: 1
src0: 255
src1: 255
dst0: 1
is_fp: 0
cf_type: NOT_CF
is_load: 0
inst_size: 16
inst_addr: 7f4eecacbf00
active_mask: ffffffff
br_taken_mask: 0
br_target_addr: 7f4eecacbf10
reconv_inst_addr/mem_addr: 0
mem_addr/reconv_inst_addr: 0
mem_access_size/barrier_id: 4
num_barrier_threads: 0
addr_space/fence_level: GPU_ADDR_SP_INVALID
barrier_id/mem_access_size: 4
fence_level/addr_space: GPU_FENCE_INVALID
*** end of the data structure *** 

*** begin of the data structure *** 
core_id:9 thread_id:9
opcode: NVBIT_IMAD
num_read_regs: 2
num_dest_regs: 1
src0: 255
src1: 255
dst0: 1
is_fp: 0
cf_type: NOT_CF
is_load: 0
inst_size: 16
inst_addr: 7f4eecacbf00
active_mask: ffffffff
br_taken_mask: 0
br_target_addr: 7f4eecacbf10
reconv_inst_addr/mem_addr: 0
mem_addr/reconv_inst_addr: 0
mem_access_size/barrier_id: 4
num_barrier_threads: 0
addr_space/fence_level: GPU_ADDR_SP_INVALID
barrier_id/mem_access_size: 4
fence_level/addr_space: GPU_FENCE_INVALID
*** end of the data structure *** 

*** begin of the data structure *** 
core_id:9 thread_id:10
opcode: NVBIT_IMAD
num_read_regs: 2
num_dest_regs: 1
src0: 255
src1: 255
dst0: 1
is_fp: 0
cf_type: NOT_CF
is_load: 0
inst_size: 16
inst_addr: 7f4eecacbf00
active_mask: ffffffff
br_taken_mask: 0
br_target_addr: 7f4eecacbf10
reconv_inst_addr/mem_addr: 0
mem_addr/reconv_inst_addr: 0
mem_access_size/barrier_id: 4
num_barrier_threads: 0
addr_space/fence_level: GPU_ADDR_SP_INVALID
barrier_id/mem_access_size: 4
fence_level/addr_space: GPU_FENCE_INVALID
*** end of the data structure *** 

*** begin of the data structure *** 
core_id:9 thread_id:11
opcode: NVBIT_IMAD
num_read_regs: 2
num_dest_regs: 1
src0: 255
src1: 255
dst0: 1
is_fp: 0
cf_type: NOT_CF
is_load: 0
inst_size: 16
inst_addr: 7f4eecacbf00
active_mask: ffffffff
br_taken_mask: 0
br_target_addr: 7f4eecacbf10
reconv_inst_addr/mem_addr: 0
mem_addr/reconv_inst_addr: 0
mem_access_size/barrier_id: 4
num_barrier_threads: 0
addr_space/fence_level: GPU_ADDR_SP_INVALID
barrier_id/mem_access_size: 4
fence_level/addr_space: GPU_FENCE_INVALID
*** end of the data structure *** 

*** begin of the data structure *** 
core_id:10 thread_id:8
opcode: NVBIT_IMAD
num_read_regs: 2
num_dest_regs: 1
src0: 255
src1: 255
dst0: 1
is_fp: 0
cf_type: NOT_CF
is_load: 0
inst_size: 16
inst_addr: 7f4eecacbf00
active_mask: ffffffff
br_taken_mask: 0
br_target_addr: 7f4eecacbf10
reconv_inst_addr/mem_addr: 0
mem_addr/reconv_inst_addr: 0
mem_access_size/barrier_id: 4
num_barrier_threads: 0
addr_space/fence_level: GPU_ADDR_SP_INVALID
barrier_id/mem_access_size: 4
fence_level/addr_space: GPU_FENCE_INVALID
*** end of the data structure *** 

*** begin of the data structure *** 
core_id:10 thread_id:9
opcode: NVBIT_IMAD
num_read_regs: 2
num_dest_regs: 1
src0: 255
src1: 255
dst0: 1
is_fp: 0
cf_type: NOT_CF
is_load: 0
inst_size: 16
inst_addr: 7f4eecacbf00
active_mask: ffffffff
br_taken_mask: 0
br_target_addr: 7f4eecacbf10
reconv_inst_addr/mem_addr: 0
mem_addr/reconv_inst_addr: 0
mem_access_size/barrier_id: 4
num_barrier_threads: 0
addr_space/fence_level: GPU_ADDR_SP_INVALID
barrier_id/mem_access_size: 4
fence_level/addr_space: GPU_FENCE_INVALID
*** end of the data structure *** 

*** begin of the data structure *** 
core_id:10 thread_id:10
opcode: NVBIT_IMAD
num_read_regs: 2
num_dest_regs: 1
src0: 255
src1: 255
dst0: 1
is_fp: 0
cf_type: NOT_CF
is_load: 0
inst_size: 16
inst_addr: 7f4eecacbf00
active_mask: ffffffff
br_taken_mask: 0
br_target_addr: 7f4eecacbf10
reconv_inst_addr/mem_addr: 0
mem_addr/reconv_inst_addr: 0
mem_access_size/barrier_id: 4
num_barrier_threads: 0
addr_space/fence_level: GPU_ADDR_SP_INVALID
barrier_id/mem_access_size: 4
fence_level/addr_space: GPU_FENCE_INVALID
*** end of the data structure *** 

*** begin of the data structure *** 
core_id:10 thread_id:11
opcode: NVBIT_IMAD
num_read_regs: 2
num_dest_regs: 1
src0: 255
src1: 255
dst0: 1
is_fp: 0
cf_type: NOT_CF
is_load: 0
inst_size: 16
inst_addr: 7f4eecacbf00
active_mask: ffffffff
br_taken_mask: 0
br_target_addr: 7f4eecacbf10
reconv_inst_addr/mem_addr: 0
mem_addr/reconv_inst_addr: 0
mem_access_size/barrier_id: 4
num_barrier_threads: 0
addr_space/fence_level: GPU_ADDR_SP_INVALID
barrier_id/mem_access_size: 4
fence_level/addr_space: GPU_FENCE_INVALID
*** end of the data structure *** 

*** begin of the data structure *** 
core_id:11 thread_id:8
opcode: NVBIT_IMAD
num_read_regs: 2
num_dest_regs: 1
src0: 255
src1: 255
dst0: 1
is_fp: 0
cf_type: NOT_CF
is_load: 0
inst_size: 16
inst_addr: 7f4eecacbf00
active_mask: ffffffff
br_taken_mask: 0
br_target_addr: 7f4eecacbf10
reconv_inst_addr/mem_addr: 0
mem_addr/reconv_inst_addr: 0
mem_access_size/barrier_id: 4
num_barrier_threads: 0
addr_space/fence_level: GPU_ADDR_SP_INVALID
barrier_id/mem_access_size: 4
fence_level/addr_space: GPU_FENCE_INVALID
*** end of the data structure *** 

*** begin of the data structure *** 
core_id:11 thread_id:9
opcode: NVBIT_IMAD
num_read_regs: 2
num_dest_regs: 1
src0: 255
src1: 255
dst0: 1
is_fp: 0
cf_type: NOT_CF
is_load: 0
inst_size: 16
inst_addr: 7f4eecacbf00
active_mask: ffffffff
br_taken_mask: 0
br_target_addr: 7f4eecacbf10
reconv_inst_addr/mem_addr: 0
mem_addr/reconv_inst_addr: 0
mem_access_size/barrier_id: 4
num_barrier_threads: 0
addr_space/fence_level: GPU_ADDR_SP_INVALID
barrier_id/mem_access_size: 4
fence_level/addr_space: GPU_FENCE_INVALID
*** end of the data structure *** 

*** begin of the data structure *** 
core_id:11 thread_id:10
opcode: NVBIT_IMAD
num_read_regs: 2
num_dest_regs: 1
src0: 255
src1: 255
dst0: 1
is_fp: 0
cf_type: NOT_CF
is_load: 0
inst_size: 16
inst_addr: 7f4eecacbf00
active_mask: ffffffff
br_taken_mask: 0
br_target_addr: 7f4eecacbf10
reconv_inst_addr/mem_addr: 0
mem_addr/reconv_inst_addr: 0
mem_access_size/barrier_id: 4
num_barrier_threads: 0
addr_space/fence_level: GPU_ADDR_SP_INVALID
barrier_id/mem_access_size: 4
fence_level/addr_space: GPU_FENCE_INVALID
*** end of the data structure *** 

*** begin of the data structure *** 
core_id:11 thread_id:11
opcode: NVBIT_IMAD
num_read_regs: 2
num_dest_regs: 1
src0: 255
src1: 255
dst0: 1
is_fp: 0
cf_type: NOT_CF
is_load: 0
inst_size: 16
inst_addr: 7f4eecacbf00
active_mask: ffffffff
br_taken_mask: 0
br_target_addr: 7f4eecacbf10
reconv_inst_addr/mem_addr: 0
mem_addr/reconv_inst_addr: 0
mem_access_size/barrier_id: 4
num_barrier_threads: 0
addr_space/fence_level: GPU_ADDR_SP_INVALID
barrier_id/mem_access_size: 4
fence_level/addr_space: GPU_FENCE_INVALID
*** end of the data structure *** 

*** begin of the data structure *** 
core_id:12 thread_id:8
opcode: NVBIT_IMAD
num_read_regs: 2
num_dest_regs: 1
src0: 255
src1: 255
dst0: 1
is_fp: 0
cf_type: NOT_CF
is_load: 0
inst_size: 16
inst_addr: 7f4eecacbf00
active_mask: ffffffff
br_taken_mask: 0
br_target_addr: 7f4eecacbf10
reconv_inst_addr/mem_addr: 0
mem_addr/reconv_inst_addr: 0
mem_access_size/barrier_id: 4
num_barrier_threads: 0
addr_space/fence_level: GPU_ADDR_SP_INVALID
barrier_id/mem_access_size: 4
fence_level/addr_space: GPU_FENCE_INVALID
*** end of the data structure *** 

*** begin of the data structure *** 
core_id:12 thread_id:9
opcode: NVBIT_IMAD
num_read_regs: 2
num_dest_regs: 1
src0: 255
src1: 255
dst0: 1
is_fp: 0
cf_type: NOT_CF
is_load: 0
inst_size: 16
inst_addr: 7f4eecacbf00
active_mask: ffffffff
br_taken_mask: 0
br_target_addr: 7f4eecacbf10
reconv_inst_addr/mem_addr: 0
mem_addr/reconv_inst_addr: 0
mem_access_size/barrier_id: 4
num_barrier_threads: 0
addr_space/fence_level: GPU_ADDR_SP_INVALID
barrier_id/mem_access_size: 4
fence_level/addr_space: GPU_FENCE_INVALID
*** end of the data structure *** 

*** begin of the data structure *** 
core_id:12 thread_id:10
opcode: NVBIT_IMAD
num_read_regs: 2
num_dest_regs: 1
src0: 255
src1: 255
dst0: 1
is_fp: 0
cf_type: NOT_CF
is_load: 0
inst_size: 16
inst_addr: 7f4eecacbf00
active_mask: ffffffff
br_taken_mask: 0
br_target_addr: 7f4eecacbf10
reconv_inst_addr/mem_addr: 0
mem_addr/reconv_inst_addr: 0
mem_access_size/barrier_id: 4
num_barrier_threads: 0
addr_space/fence_level: GPU_ADDR_SP_INVALID
barrier_id/mem_access_size: 4
fence_level/addr_space: GPU_FENCE_INVALID
*** end of the data structure *** 

*** begin of the data structure *** 
core_id:12 thread_id:11
opcode: NVBIT_IMAD
num_read_regs: 2
num_dest_regs: 1
src0: 255
src1: 255
dst0: 1
is_fp: 0
cf_type: NOT_CF
is_load: 0
inst_size: 16
inst_addr: 7f4eecacbf00
active_mask: ffffffff
br_taken_mask: 0
br_target_addr: 7f4eecacbf10
reconv_inst_addr/mem_addr: 0
mem_addr/reconv_inst_addr: 0
mem_access_size/barrier_id: 4
num_barrier_threads: 0
addr_space/fence_level: GPU_ADDR_SP_INVALID
barrier_id/mem_access_size: 4
fence_level/addr_space: GPU_FENCE_INVALID
*** end of the data structure *** 

*** begin of the data structure *** 
core_id:13 thread_id:8
opcode: NVBIT_IMAD
num_read_regs: 2
num_dest_regs: 1
src0: 255
src1: 255
dst0: 1
is_fp: 0
cf_type: NOT_CF
is_load: 0
inst_size: 16
inst_addr: 7f4eecacbf00
active_mask: ffffffff
br_taken_mask: 0
br_target_addr: 7f4eecacbf10
reconv_inst_addr/mem_addr: 0
mem_addr/reconv_inst_addr: 0
mem_access_size/barrier_id: 4
num_barrier_threads: 0
addr_space/fence_level: GPU_ADDR_SP_INVALID
barrier_id/mem_access_size: 4
fence_level/addr_space: GPU_FENCE_INVALID
*** end of the data structure *** 

*** begin of the data structure *** 
core_id:13 thread_id:9
opcode: NVBIT_IMAD
num_read_regs: 2
num_dest_regs: 1
src0: 255
src1: 255
dst0: 1
is_fp: 0
cf_type: NOT_CF
is_load: 0
inst_size: 16
inst_addr: 7f4eecacbf00
active_mask: ffffffff
br_taken_mask: 0
br_target_addr: 7f4eecacbf10
reconv_inst_addr/mem_addr: 0
mem_addr/reconv_inst_addr: 0
mem_access_size/barrier_id: 4
num_barrier_threads: 0
addr_space/fence_level: GPU_ADDR_SP_INVALID
barrier_id/mem_access_size: 4
fence_level/addr_space: GPU_FENCE_INVALID
*** end of the data structure *** 

*** begin of the data structure *** 
core_id:13 thread_id:10
opcode: NVBIT_IMAD
num_read_regs: 2
num_dest_regs: 1
src0: 255
src1: 255
dst0: 1
is_fp: 0
cf_type: NOT_CF
is_load: 0
inst_size: 16
inst_addr: 7f4eecacbf00
active_mask: ffffffff
br_taken_mask: 0
br_target_addr: 7f4eecacbf10
reconv_inst_addr/mem_addr: 0
mem_addr/reconv_inst_addr: 0
mem_access_size/barrier_id: 4
num_barrier_threads: 0
addr_space/fence_level: GPU_ADDR_SP_INVALID
barrier_id/mem_access_size: 4
fence_level/addr_space: GPU_FENCE_INVALID
*** end of the data structure *** 

*** begin of the data structure *** 
core_id:13 thread_id:11
opcode: NVBIT_IMAD
num_read_regs: 2
num_dest_regs: 1
src0: 255
src1: 255
dst0: 1
is_fp: 0
cf_type: NOT_CF
is_load: 0
inst_size: 16
inst_addr: 7f4eecacbf00
active_mask: ffffffff
br_taken_mask: 0
br_target_addr: 7f4eecacbf10
reconv_inst_addr/mem_addr: 0
mem_addr/reconv_inst_addr: 0
mem_access_size/barrier_id: 4
num_barrier_threads: 0
addr_space/fence_level: GPU_ADDR_SP_INVALID
barrier_id/mem_access_size: 4
fence_level/addr_space: GPU_FENCE_INVALID
*** end of the data structure *** 

*** begin of the data structure *** 
core_id:14 thread_id:8
opcode: NVBIT_IMAD
num_read_regs: 2
num_dest_regs: 1
src0: 255
src1: 255
dst0: 1
is_fp: 0
cf_type: NOT_CF
is_load: 0
inst_size: 16
inst_addr: 7f4eecacbf00
active_mask: ffffffff
br_taken_mask: 0
br_target_addr: 7f4eecacbf10
reconv_inst_addr/mem_addr: 0
mem_addr/reconv_inst_addr: 0
mem_access_size/barrier_id: 4
num_barrier_threads: 0
addr_space/fence_level: GPU_ADDR_SP_INVALID
barrier_id/mem_access_size: 4
fence_level/addr_space: GPU_FENCE_INVALID
*** end of the data structure *** 

*** begin of the data structure *** 
core_id:14 thread_id:9
opcode: NVBIT_IMAD
num_read_regs: 2
num_dest_regs: 1
src0: 255
src1: 255
dst0: 1
is_fp: 0
cf_type: NOT_CF
is_load: 0
inst_size: 16
inst_addr: 7f4eecacbf00
active_mask: ffffffff
br_taken_mask: 0
br_target_addr: 7f4eecacbf10
reconv_inst_addr/mem_addr: 0
mem_addr/reconv_inst_addr: 0
mem_access_size/barrier_id: 4
num_barrier_threads: 0
addr_space/fence_level: GPU_ADDR_SP_INVALID
barrier_id/mem_access_size: 4
fence_level/addr_space: GPU_FENCE_INVALID
*** end of the data structure *** 

*** begin of the data structure *** 
core_id:14 thread_id:10
opcode: NVBIT_IMAD
num_read_regs: 2
num_dest_regs: 1
src0: 255
src1: 255
dst0: 1
is_fp: 0
cf_type: NOT_CF
is_load: 0
inst_size: 16
inst_addr: 7f4eecacbf00
active_mask: ffffffff
br_taken_mask: 0
br_target_addr: 7f4eecacbf10
reconv_inst_addr/mem_addr: 0
mem_addr/reconv_inst_addr: 0
mem_access_size/barrier_id: 4
num_barrier_threads: 0
addr_space/fence_level: GPU_ADDR_SP_INVALID
barrier_id/mem_access_size: 4
fence_level/addr_space: GPU_FENCE_INVALID
*** end of the data structure *** 

*** begin of the data structure *** 
core_id:14 thread_id:11
opcode: NVBIT_IMAD
num_read_regs: 2
num_dest_regs: 1
src0: 255
src1: 255
dst0: 1
is_fp: 0
cf_type: NOT_CF
is_load: 0
inst_size: 16
inst_addr: 7f4eecacbf00
active_mask: ffffffff
br_taken_mask: 0
br_target_addr: 7f4eecacbf10
reconv_inst_addr/mem_addr: 0
mem_addr/reconv_inst_addr: 0
mem_access_size/barrier_id: 4
num_barrier_threads: 0
addr_space/fence_level: GPU_ADDR_SP_INVALID
barrier_id/mem_access_size: 4
fence_level/addr_space: GPU_FENCE_INVALID
*** end of the data structure *** 

*** begin of the data structure *** 
core_id:15 thread_id:8
opcode: NVBIT_IMAD
num_read_regs: 2
num_dest_regs: 1
src0: 255
src1: 255
dst0: 1
is_fp: 0
cf_type: NOT_CF
is_load: 0
inst_size: 16
inst_addr: 7f4eecacbf00
active_mask: ffffffff
br_taken_mask: 0
br_target_addr: 7f4eecacbf10
reconv_inst_addr/mem_addr: 0
mem_addr/reconv_inst_addr: 0
mem_access_size/barrier_id: 4
num_barrier_threads: 0
addr_space/fence_level: GPU_ADDR_SP_INVALID
barrier_id/mem_access_size: 4
fence_level/addr_space: GPU_FENCE_INVALID
*** end of the data structure *** 

*** begin of the data structure *** 
core_id:15 thread_id:9
opcode: NVBIT_IMAD
num_read_regs: 2
num_dest_regs: 1
src0: 255
src1: 255
dst0: 1
is_fp: 0
cf_type: NOT_CF
is_load: 0
inst_size: 16
inst_addr: 7f4eecacbf00
active_mask: ffffffff
br_taken_mask: 0
br_target_addr: 7f4eecacbf10
reconv_inst_addr/mem_addr: 0
mem_addr/reconv_inst_addr: 0
mem_access_size/barrier_id: 4
num_barrier_threads: 0
addr_space/fence_level: GPU_ADDR_SP_INVALID
barrier_id/mem_access_size: 4
fence_level/addr_space: GPU_FENCE_INVALID
*** end of the data structure *** 

*** begin of the data structure *** 
core_id:15 thread_id:10
opcode: NVBIT_IMAD
num_read_regs: 2
num_dest_regs: 1
src0: 255
src1: 255
dst0: 1
is_fp: 0
cf_type: NOT_CF
is_load: 0
inst_size: 16
inst_addr: 7f4eecacbf00
active_mask: ffffffff
br_taken_mask: 0
br_target_addr: 7f4eecacbf10
reconv_inst_addr/mem_addr: 0
mem_addr/reconv_inst_addr: 0
mem_access_size/barrier_id: 4
num_barrier_threads: 0
addr_space/fence_level: GPU_ADDR_SP_INVALID
barrier_id/mem_access_size: 4
fence_level/addr_space: GPU_FENCE_INVALID
*** end of the data structure *** 

*** begin of the data structure *** 
core_id:15 thread_id:11
opcode: NVBIT_IMAD
num_read_regs: 2
num_dest_regs: 1
src0: 255
src1: 255
dst0: 1
is_fp: 0
cf_type: NOT_CF
is_load: 0
inst_size: 16
inst_addr: 7f4eecacbf00
active_mask: ffffffff
br_taken_mask: 0
br_target_addr: 7f4eecacbf10
reconv_inst_addr/mem_addr: 0
mem_addr/reconv_inst_addr: 0
mem_access_size/barrier_id: 4
num_barrier_threads: 0
addr_space/fence_level: GPU_ADDR_SP_INVALID
barrier_id/mem_access_size: 4
fence_level/addr_space: GPU_FENCE_INVALID
*** end of the data structure *** 

*** begin of the data structure *** 
core_id:16 thread_id:8
opcode: NVBIT_IMAD
num_read_regs: 2
num_dest_regs: 1
src0: 255
src1: 255
dst0: 1
is_fp: 0
cf_type: NOT_CF
is_load: 0
inst_size: 16
inst_addr: 7f4eecacbf00
active_mask: ffffffff
br_taken_mask: 0
br_target_addr: 7f4eecacbf10
reconv_inst_addr/mem_addr: 0
mem_addr/reconv_inst_addr: 0
mem_access_size/barrier_id: 4
num_barrier_threads: 0
addr_space/fence_level: GPU_ADDR_SP_INVALID
barrier_id/mem_access_size: 4
fence_level/addr_space: GPU_FENCE_INVALID
*** end of the data structure *** 

*** begin of the data structure *** 
core_id:16 thread_id:9
opcode: NVBIT_IMAD
num_read_regs: 2
num_dest_regs: 1
src0: 255
src1: 255
dst0: 1
is_fp: 0
cf_type: NOT_CF
is_load: 0
inst_size: 16
inst_addr: 7f4eecacbf00
active_mask: ffffffff
br_taken_mask: 0
br_target_addr: 7f4eecacbf10
reconv_inst_addr/mem_addr: 0
mem_addr/reconv_inst_addr: 0
mem_access_size/barrier_id: 4
num_barrier_threads: 0
addr_space/fence_level: GPU_ADDR_SP_INVALID
barrier_id/mem_access_size: 4
fence_level/addr_space: GPU_FENCE_INVALID
*** end of the data structure *** 

*** begin of the data structure *** 
core_id:16 thread_id:10
opcode: NVBIT_IMAD
num_read_regs: 2
num_dest_regs: 1
src0: 255
src1: 255
dst0: 1
is_fp: 0
cf_type: NOT_CF
is_load: 0
inst_size: 16
inst_addr: 7f4eecacbf00
active_mask: ffffffff
br_taken_mask: 0
br_target_addr: 7f4eecacbf10
reconv_inst_addr/mem_addr: 0
mem_addr/reconv_inst_addr: 0
mem_access_size/barrier_id: 4
num_barrier_threads: 0
addr_space/fence_level: GPU_ADDR_SP_INVALID
barrier_id/mem_access_size: 4
fence_level/addr_space: GPU_FENCE_INVALID
*** end of the data structure *** 

*** begin of the data structure *** 
core_id:16 thread_id:11
opcode: NVBIT_IMAD
num_read_regs: 2
num_dest_regs: 1
src0: 255
src1: 255
dst0: 1
is_fp: 0
cf_type: NOT_CF
is_load: 0
inst_size: 16
inst_addr: 7f4eecacbf00
active_mask: ffffffff
br_taken_mask: 0
br_target_addr: 7f4eecacbf10
reconv_inst_addr/mem_addr: 0
mem_addr/reconv_inst_addr: 0
mem_access_size/barrier_id: 4
num_barrier_threads: 0
addr_space/fence_level: GPU_ADDR_SP_INVALID
barrier_id/mem_access_size: 4
fence_level/addr_space: GPU_FENCE_INVALID
*** end of the data structure *** 

*** begin of the data structure *** 
core_id:17 thread_id:8
opcode: NVBIT_IMAD
num_read_regs: 2
num_dest_regs: 1
src0: 255
src1: 255
dst0: 1
is_fp: 0
cf_type: NOT_CF
is_load: 0
inst_size: 16
inst_addr: 7f4eecacbf00
active_mask: ffffffff
br_taken_mask: 0
br_target_addr: 7f4eecacbf10
reconv_inst_addr/mem_addr: 0
mem_addr/reconv_inst_addr: 0
mem_access_size/barrier_id: 4
num_barrier_threads: 0
addr_space/fence_level: GPU_ADDR_SP_INVALID
barrier_id/mem_access_size: 4
fence_level/addr_space: GPU_FENCE_INVALID
*** end of the data structure *** 

*** begin of the data structure *** 
core_id:17 thread_id:9
opcode: NVBIT_IMAD
num_read_regs: 2
num_dest_regs: 1
src0: 255
src1: 255
dst0: 1
is_fp: 0
cf_type: NOT_CF
is_load: 0
inst_size: 16
inst_addr: 7f4eecacbf00
active_mask: ffffffff
br_taken_mask: 0
br_target_addr: 7f4eecacbf10
reconv_inst_addr/mem_addr: 0
mem_addr/reconv_inst_addr: 0
mem_access_size/barrier_id: 4
num_barrier_threads: 0
addr_space/fence_level: GPU_ADDR_SP_INVALID
barrier_id/mem_access_size: 4
fence_level/addr_space: GPU_FENCE_INVALID
*** end of the data structure *** 

*** begin of the data structure *** 
core_id:17 thread_id:10
opcode: NVBIT_IMAD
num_read_regs: 2
num_dest_regs: 1
src0: 255
src1: 255
dst0: 1
is_fp: 0
cf_type: NOT_CF
is_load: 0
inst_size: 16
inst_addr: 7f4eecacbf00
active_mask: ffffffff
br_taken_mask: 0
br_target_addr: 7f4eecacbf10
reconv_inst_addr/mem_addr: 0
mem_addr/reconv_inst_addr: 0
mem_access_size/barrier_id: 4
num_barrier_threads: 0
addr_space/fence_level: GPU_ADDR_SP_INVALID
barrier_id/mem_access_size: 4
fence_level/addr_space: GPU_FENCE_INVALID
*** end of the data structure *** 

*** begin of the data structure *** 
core_id:17 thread_id:11
opcode: NVBIT_IMAD
num_read_regs: 2
num_dest_regs: 1
src0: 255
src1: 255
dst0: 1
is_fp: 0
cf_type: NOT_CF
is_load: 0
inst_size: 16
inst_addr: 7f4eecacbf00
active_mask: ffffffff
br_taken_mask: 0
br_target_addr: 7f4eecacbf10
reconv_inst_addr/mem_addr: 0
mem_addr/reconv_inst_addr: 0
mem_access_size/barrier_id: 4
num_barrier_threads: 0
addr_space/fence_level: GPU_ADDR_SP_INVALID
barrier_id/mem_access_size: 4
fence_level/addr_space: GPU_FENCE_INVALID
*** end of the data structure *** 

*** begin of the data structure *** 
core_id:18 thread_id:8
opcode: NVBIT_IMAD
num_read_regs: 2
num_dest_regs: 1
src0: 255
src1: 255
dst0: 1
is_fp: 0
cf_type: NOT_CF
is_load: 0
inst_size: 16
inst_addr: 7f4eecacbf00
active_mask: ffffffff
br_taken_mask: 0
br_target_addr: 7f4eecacbf10
reconv_inst_addr/mem_addr: 0
mem_addr/reconv_inst_addr: 0
mem_access_size/barrier_id: 4
num_barrier_threads: 0
addr_space/fence_level: GPU_ADDR_SP_INVALID
barrier_id/mem_access_size: 4
fence_level/addr_space: GPU_FENCE_INVALID
*** end of the data structure *** 

*** begin of the data structure *** 
core_id:18 thread_id:9
opcode: NVBIT_IMAD
num_read_regs: 2
num_dest_regs: 1
src0: 255
src1: 255
dst0: 1
is_fp: 0
cf_type: NOT_CF
is_load: 0
inst_size: 16
inst_addr: 7f4eecacbf00
active_mask: ffffffff
br_taken_mask: 0
br_target_addr: 7f4eecacbf10
reconv_inst_addr/mem_addr: 0
mem_addr/reconv_inst_addr: 0
mem_access_size/barrier_id: 4
num_barrier_threads: 0
addr_space/fence_level: GPU_ADDR_SP_INVALID
barrier_id/mem_access_size: 4
fence_level/addr_space: GPU_FENCE_INVALID
*** end of the data structure *** 

*** begin of the data structure *** 
core_id:18 thread_id:10
opcode: NVBIT_IMAD
num_read_regs: 2
num_dest_regs: 1
src0: 255
src1: 255
dst0: 1
is_fp: 0
cf_type: NOT_CF
is_load: 0
inst_size: 16
inst_addr: 7f4eecacbf00
active_mask: ffffffff
br_taken_mask: 0
br_target_addr: 7f4eecacbf10
reconv_inst_addr/mem_addr: 0
mem_addr/reconv_inst_addr: 0
mem_access_size/barrier_id: 4
num_barrier_threads: 0
addr_space/fence_level: GPU_ADDR_SP_INVALID
barrier_id/mem_access_size: 4
fence_level/addr_space: GPU_FENCE_INVALID
*** end of the data structure *** 

*** begin of the data structure *** 
core_id:18 thread_id:11
opcode: NVBIT_IMAD
num_read_regs: 2
num_dest_regs: 1
src0: 255
src1: 255
dst0: 1
is_fp: 0
cf_type: NOT_CF
is_load: 0
inst_size: 16
inst_addr: 7f4eecacbf00
active_mask: ffffffff
br_taken_mask: 0
br_target_addr: 7f4eecacbf10
reconv_inst_addr/mem_addr: 0
mem_addr/reconv_inst_addr: 0
mem_access_size/barrier_id: 4
num_barrier_threads: 0
addr_space/fence_level: GPU_ADDR_SP_INVALID
barrier_id/mem_access_size: 4
fence_level/addr_space: GPU_FENCE_INVALID
*** end of the data structure *** 

*** begin of the data structure *** 
core_id:19 thread_id:8
opcode: NVBIT_IMAD
num_read_regs: 2
num_dest_regs: 1
src0: 255
src1: 255
dst0: 1
is_fp: 0
cf_type: NOT_CF
is_load: 0
inst_size: 16
inst_addr: 7f4eecacbf00
active_mask: ffffffff
br_taken_mask: 0
br_target_addr: 7f4eecacbf10
reconv_inst_addr/mem_addr: 0
mem_addr/reconv_inst_addr: 0
mem_access_size/barrier_id: 4
num_barrier_threads: 0
addr_space/fence_level: GPU_ADDR_SP_INVALID
barrier_id/mem_access_size: 4
fence_level/addr_space: GPU_FENCE_INVALID
*** end of the data structure *** 

*** begin of the data structure *** 
core_id:19 thread_id:9
opcode: NVBIT_IMAD
num_read_regs: 2
num_dest_regs: 1
src0: 255
src1: 255
dst0: 1
is_fp: 0
cf_type: NOT_CF
is_load: 0
inst_size: 16
inst_addr: 7f4eecacbf00
active_mask: ffffffff
br_taken_mask: 0
br_target_addr: 7f4eecacbf10
reconv_inst_addr/mem_addr: 0
mem_addr/reconv_inst_addr: 0
mem_access_size/barrier_id: 4
num_barrier_threads: 0
addr_space/fence_level: GPU_ADDR_SP_INVALID
barrier_id/mem_access_size: 4
fence_level/addr_space: GPU_FENCE_INVALID
*** end of the data structure *** 

*** begin of the data structure *** 
core_id:19 thread_id:10
opcode: NVBIT_IMAD
num_read_regs: 2
num_dest_regs: 1
src0: 255
src1: 255
dst0: 1
is_fp: 0
cf_type: NOT_CF
is_load: 0
inst_size: 16
inst_addr: 7f4eecacbf00
active_mask: ffffffff
br_taken_mask: 0
br_target_addr: 7f4eecacbf10
reconv_inst_addr/mem_addr: 0
mem_addr/reconv_inst_addr: 0
mem_access_size/barrier_id: 4
num_barrier_threads: 0
addr_space/fence_level: GPU_ADDR_SP_INVALID
barrier_id/mem_access_size: 4
fence_level/addr_space: GPU_FENCE_INVALID
*** end of the data structure *** 

*** begin of the data structure *** 
core_id:19 thread_id:11
opcode: NVBIT_IMAD
num_read_regs: 2
num_dest_regs: 1
src0: 255
src1: 255
dst0: 1
is_fp: 0
cf_type: NOT_CF
is_load: 0
inst_size: 16
inst_addr: 7f4eecacbf00
active_mask: ffffffff
br_taken_mask: 0
br_target_addr: 7f4eecacbf10
reconv_inst_addr/mem_addr: 0
mem_addr/reconv_inst_addr: 0
mem_access_size/barrier_id: 4
num_barrier_threads: 0
addr_space/fence_level: GPU_ADDR_SP_INVALID
barrier_id/mem_access_size: 4
fence_level/addr_space: GPU_FENCE_INVALID
*** end of the data structure *** 

*** begin of the data structure *** 
core_id:20 thread_id:8
opcode: NVBIT_IMAD
num_read_regs: 2
num_dest_regs: 1
src0: 255
src1: 255
dst0: 1
is_fp: 0
cf_type: NOT_CF
is_load: 0
inst_size: 16
inst_addr: 7f4eecacbf00
active_mask: ffffffff
br_taken_mask: 0
br_target_addr: 7f4eecacbf10
reconv_inst_addr/mem_addr: 0
mem_addr/reconv_inst_addr: 0
mem_access_size/barrier_id: 4
num_barrier_threads: 0
addr_space/fence_level: GPU_ADDR_SP_INVALID
barrier_id/mem_access_size: 4
fence_level/addr_space: GPU_FENCE_INVALID
*** end of the data structure *** 

*** begin of the data structure *** 
core_id:20 thread_id:9
opcode: NVBIT_IMAD
num_read_regs: 2
num_dest_regs: 1
src0: 255
src1: 255
dst0: 1
is_fp: 0
cf_type: NOT_CF
is_load: 0
inst_size: 16
inst_addr: 7f4eecacbf00
active_mask: ffffffff
br_taken_mask: 0
br_target_addr: 7f4eecacbf10
reconv_inst_addr/mem_addr: 0
mem_addr/reconv_inst_addr: 0
mem_access_size/barrier_id: 4
num_barrier_threads: 0
addr_space/fence_level: GPU_ADDR_SP_INVALID
barrier_id/mem_access_size: 4
fence_level/addr_space: GPU_FENCE_INVALID
*** end of the data structure *** 

*** begin of the data structure *** 
core_id:20 thread_id:10
opcode: NVBIT_IMAD
num_read_regs: 2
num_dest_regs: 1
src0: 255
src1: 255
dst0: 1
is_fp: 0
cf_type: NOT_CF
is_load: 0
inst_size: 16
inst_addr: 7f4eecacbf00
active_mask: ffffffff
br_taken_mask: 0
br_target_addr: 7f4eecacbf10
reconv_inst_addr/mem_addr: 0
mem_addr/reconv_inst_addr: 0
mem_access_size/barrier_id: 4
num_barrier_threads: 0
addr_space/fence_level: GPU_ADDR_SP_INVALID
barrier_id/mem_access_size: 4
fence_level/addr_space: GPU_FENCE_INVALID
*** end of the data structure *** 

*** begin of the data structure *** 
core_id:20 thread_id:11
opcode: NVBIT_IMAD
num_read_regs: 2
num_dest_regs: 1
src0: 255
src1: 255
dst0: 1
is_fp: 0
cf_type: NOT_CF
is_load: 0
inst_size: 16
inst_addr: 7f4eecacbf00
active_mask: ffffffff
br_taken_mask: 0
br_target_addr: 7f4eecacbf10
reconv_inst_addr/mem_addr: 0
mem_addr/reconv_inst_addr: 0
mem_access_size/barrier_id: 4
num_barrier_threads: 0
addr_space/fence_level: GPU_ADDR_SP_INVALID
barrier_id/mem_access_size: 4
fence_level/addr_space: GPU_FENCE_INVALID
*** end of the data structure *** 

*** begin of the data structure *** 
core_id:21 thread_id:8
opcode: NVBIT_IMAD
num_read_regs: 2
num_dest_regs: 1
src0: 255
src1: 255
dst0: 1
is_fp: 0
cf_type: NOT_CF
is_load: 0
inst_size: 16
inst_addr: 7f4eecacbf00
active_mask: ffffffff
br_taken_mask: 0
br_target_addr: 7f4eecacbf10
reconv_inst_addr/mem_addr: 0
mem_addr/reconv_inst_addr: 0
mem_access_size/barrier_id: 4
num_barrier_threads: 0
addr_space/fence_level: GPU_ADDR_SP_INVALID
barrier_id/mem_access_size: 4
fence_level/addr_space: GPU_FENCE_INVALID
*** end of the data structure *** 

*** begin of the data structure *** 
core_id:21 thread_id:9
opcode: NVBIT_IMAD
num_read_regs: 2
num_dest_regs: 1
src0: 255
src1: 255
dst0: 1
is_fp: 0
cf_type: NOT_CF
is_load: 0
inst_size: 16
inst_addr: 7f4eecacbf00
active_mask: ffffffff
br_taken_mask: 0
br_target_addr: 7f4eecacbf10
reconv_inst_addr/mem_addr: 0
mem_addr/reconv_inst_addr: 0
mem_access_size/barrier_id: 4
num_barrier_threads: 0
addr_space/fence_level: GPU_ADDR_SP_INVALID
barrier_id/mem_access_size: 4
fence_level/addr_space: GPU_FENCE_INVALID
*** end of the data structure *** 

*** begin of the data structure *** 
core_id:21 thread_id:10
opcode: NVBIT_IMAD
num_read_regs: 2
num_dest_regs: 1
src0: 255
src1: 255
dst0: 1
is_fp: 0
cf_type: NOT_CF
is_load: 0
inst_size: 16
inst_addr: 7f4eecacbf00
active_mask: ffffffff
br_taken_mask: 0
br_target_addr: 7f4eecacbf10
reconv_inst_addr/mem_addr: 0
mem_addr/reconv_inst_addr: 0
mem_access_size/barrier_id: 4
num_barrier_threads: 0
addr_space/fence_level: GPU_ADDR_SP_INVALID
barrier_id/mem_access_size: 4
fence_level/addr_space: GPU_FENCE_INVALID
*** end of the data structure *** 

*** begin of the data structure *** 
core_id:21 thread_id:11
opcode: NVBIT_IMAD
num_read_regs: 2
num_dest_regs: 1
src0: 255
src1: 255
dst0: 1
is_fp: 0
cf_type: NOT_CF
is_load: 0
inst_size: 16
inst_addr: 7f4eecacbf00
active_mask: ffffffff
br_taken_mask: 0
br_target_addr: 7f4eecacbf10
reconv_inst_addr/mem_addr: 0
mem_addr/reconv_inst_addr: 0
mem_access_size/barrier_id: 4
num_barrier_threads: 0
addr_space/fence_level: GPU_ADDR_SP_INVALID
barrier_id/mem_access_size: 4
fence_level/addr_space: GPU_FENCE_INVALID
*** end of the data structure *** 

*** begin of the data structure *** 
core_id:22 thread_id:8
opcode: NVBIT_IMAD
num_read_regs: 2
num_dest_regs: 1
src0: 255
src1: 255
dst0: 1
is_fp: 0
cf_type: NOT_CF
is_load: 0
inst_size: 16
inst_addr: 7f4eecacbf00
active_mask: ffffffff
br_taken_mask: 0
br_target_addr: 7f4eecacbf10
reconv_inst_addr/mem_addr: 0
mem_addr/reconv_inst_addr: 0
mem_access_size/barrier_id: 4
num_barrier_threads: 0
addr_space/fence_level: GPU_ADDR_SP_INVALID
barrier_id/mem_access_size: 4
fence_level/addr_space: GPU_FENCE_INVALID
*** end of the data structure *** 

*** begin of the data structure *** 
core_id:22 thread_id:9
opcode: NVBIT_IMAD
num_read_regs: 2
num_dest_regs: 1
src0: 255
src1: 255
dst0: 1
is_fp: 0
cf_type: NOT_CF
is_load: 0
inst_size: 16
inst_addr: 7f4eecacbf00
active_mask: ffffffff
br_taken_mask: 0
br_target_addr: 7f4eecacbf10
reconv_inst_addr/mem_addr: 0
mem_addr/reconv_inst_addr: 0
mem_access_size/barrier_id: 4
num_barrier_threads: 0
addr_space/fence_level: GPU_ADDR_SP_INVALID
barrier_id/mem_access_size: 4
fence_level/addr_space: GPU_FENCE_INVALID
*** end of the data structure *** 

*** begin of the data structure *** 
core_id:22 thread_id:10
opcode: NVBIT_IMAD
num_read_regs: 2
num_dest_regs: 1
src0: 255
src1: 255
dst0: 1
is_fp: 0
cf_type: NOT_CF
is_load: 0
inst_size: 16
inst_addr: 7f4eecacbf00
active_mask: ffffffff
br_taken_mask: 0
br_target_addr: 7f4eecacbf10
reconv_inst_addr/mem_addr: 0
mem_addr/reconv_inst_addr: 0
mem_access_size/barrier_id: 4
num_barrier_threads: 0
addr_space/fence_level: GPU_ADDR_SP_INVALID
barrier_id/mem_access_size: 4
fence_level/addr_space: GPU_FENCE_INVALID
*** end of the data structure *** 

*** begin of the data structure *** 
core_id:22 thread_id:11
opcode: NVBIT_IMAD
num_read_regs: 2
num_dest_regs: 1
src0: 255
src1: 255
dst0: 1
is_fp: 0
cf_type: NOT_CF
is_load: 0
inst_size: 16
inst_addr: 7f4eecacbf00
active_mask: ffffffff
br_taken_mask: 0
br_target_addr: 7f4eecacbf10
reconv_inst_addr/mem_addr: 0
mem_addr/reconv_inst_addr: 0
mem_access_size/barrier_id: 4
num_barrier_threads: 0
addr_space/fence_level: GPU_ADDR_SP_INVALID
barrier_id/mem_access_size: 4
fence_level/addr_space: GPU_FENCE_INVALID
*** end of the data structure *** 

*** begin of the data structure *** 
core_id:23 thread_id:8
opcode: NVBIT_IMAD
num_read_regs: 2
num_dest_regs: 1
src0: 255
src1: 255
dst0: 1
is_fp: 0
cf_type: NOT_CF
is_load: 0
inst_size: 16
inst_addr: 7f4eecacbf00
active_mask: ffffffff
br_taken_mask: 0
br_target_addr: 7f4eecacbf10
reconv_inst_addr/mem_addr: 0
mem_addr/reconv_inst_addr: 0
mem_access_size/barrier_id: 4
num_barrier_threads: 0
addr_space/fence_level: GPU_ADDR_SP_INVALID
barrier_id/mem_access_size: 4
fence_level/addr_space: GPU_FENCE_INVALID
*** end of the data structure *** 

*** begin of the data structure *** 
core_id:23 thread_id:9
opcode: NVBIT_IMAD
num_read_regs: 2
num_dest_regs: 1
src0: 255
src1: 255
dst0: 1
is_fp: 0
cf_type: NOT_CF
is_load: 0
inst_size: 16
inst_addr: 7f4eecacbf00
active_mask: ffffffff
br_taken_mask: 0
br_target_addr: 7f4eecacbf10
reconv_inst_addr/mem_addr: 0
mem_addr/reconv_inst_addr: 0
mem_access_size/barrier_id: 4
num_barrier_threads: 0
addr_space/fence_level: GPU_ADDR_SP_INVALID
barrier_id/mem_access_size: 4
fence_level/addr_space: GPU_FENCE_INVALID
*** end of the data structure *** 

*** begin of the data structure *** 
core_id:23 thread_id:10
opcode: NVBIT_IMAD
num_read_regs: 2
num_dest_regs: 1
src0: 255
src1: 255
dst0: 1
is_fp: 0
cf_type: NOT_CF
is_load: 0
inst_size: 16
inst_addr: 7f4eecacbf00
active_mask: ffffffff
br_taken_mask: 0
br_target_addr: 7f4eecacbf10
reconv_inst_addr/mem_addr: 0
mem_addr/reconv_inst_addr: 0
mem_access_size/barrier_id: 4
num_barrier_threads: 0
addr_space/fence_level: GPU_ADDR_SP_INVALID
barrier_id/mem_access_size: 4
fence_level/addr_space: GPU_FENCE_INVALID
*** end of the data structure *** 

*** begin of the data structure *** 
core_id:23 thread_id:11
opcode: NVBIT_IMAD
num_read_regs: 2
num_dest_regs: 1
src0: 255
src1: 255
dst0: 1
is_fp: 0
cf_type: NOT_CF
is_load: 0
inst_size: 16
inst_addr: 7f4eecacbf00
active_mask: ffffffff
br_taken_mask: 0
br_target_addr: 7f4eecacbf10
reconv_inst_addr/mem_addr: 0
mem_addr/reconv_inst_addr: 0
mem_access_size/barrier_id: 4
num_barrier_threads: 0
addr_space/fence_level: GPU_ADDR_SP_INVALID
barrier_id/mem_access_size: 4
fence_level/addr_space: GPU_FENCE_INVALID
*** end of the data structure *** 

*** begin of the data structure *** 
core_id:24 thread_id:8
opcode: NVBIT_IMAD
num_read_regs: 2
num_dest_regs: 1
src0: 255
src1: 255
dst0: 1
is_fp: 0
cf_type: NOT_CF
is_load: 0
inst_size: 16
inst_addr: 7f4eecacbf00
active_mask: ffffffff
br_taken_mask: 0
br_target_addr: 7f4eecacbf10
reconv_inst_addr/mem_addr: 0
mem_addr/reconv_inst_addr: 0
mem_access_size/barrier_id: 4
num_barrier_threads: 0
addr_space/fence_level: GPU_ADDR_SP_INVALID
barrier_id/mem_access_size: 4
fence_level/addr_space: GPU_FENCE_INVALID
*** end of the data structure *** 

*** begin of the data structure *** 
core_id:24 thread_id:9
opcode: NVBIT_IMAD
num_read_regs: 2
num_dest_regs: 1
src0: 255
src1: 255
dst0: 1
is_fp: 0
cf_type: NOT_CF
is_load: 0
inst_size: 16
inst_addr: 7f4eecacbf00
active_mask: ffffffff
br_taken_mask: 0
br_target_addr: 7f4eecacbf10
reconv_inst_addr/mem_addr: 0
mem_addr/reconv_inst_addr: 0
mem_access_size/barrier_id: 4
num_barrier_threads: 0
addr_space/fence_level: GPU_ADDR_SP_INVALID
barrier_id/mem_access_size: 4
fence_level/addr_space: GPU_FENCE_INVALID
*** end of the data structure *** 

*** begin of the data structure *** 
core_id:24 thread_id:10
opcode: NVBIT_IMAD
num_read_regs: 2
num_dest_regs: 1
src0: 255
src1: 255
dst0: 1
is_fp: 0
cf_type: NOT_CF
is_load: 0
inst_size: 16
inst_addr: 7f4eecacbf00
active_mask: ffffffff
br_taken_mask: 0
br_target_addr: 7f4eecacbf10
reconv_inst_addr/mem_addr: 0
mem_addr/reconv_inst_addr: 0
mem_access_size/barrier_id: 4
num_barrier_threads: 0
addr_space/fence_level: GPU_ADDR_SP_INVALID
barrier_id/mem_access_size: 4
fence_level/addr_space: GPU_FENCE_INVALID
*** end of the data structure *** 

*** begin of the data structure *** 
core_id:24 thread_id:11
opcode: NVBIT_IMAD
num_read_regs: 2
num_dest_regs: 1
src0: 255
src1: 255
dst0: 1
is_fp: 0
cf_type: NOT_CF
is_load: 0
inst_size: 16
inst_addr: 7f4eecacbf00
active_mask: ffffffff
br_taken_mask: 0
br_target_addr: 7f4eecacbf10
reconv_inst_addr/mem_addr: 0
mem_addr/reconv_inst_addr: 0
mem_access_size/barrier_id: 4
num_barrier_threads: 0
addr_space/fence_level: GPU_ADDR_SP_INVALID
barrier_id/mem_access_size: 4
fence_level/addr_space: GPU_FENCE_INVALID
*** end of the data structure *** 

*** begin of the data structure *** 
core_id:25 thread_id:8
opcode: NVBIT_IMAD
num_read_regs: 2
num_dest_regs: 1
src0: 255
src1: 255
dst0: 1
is_fp: 0
cf_type: NOT_CF
is_load: 0
inst_size: 16
inst_addr: 7f4eecacbf00
active_mask: ffffffff
br_taken_mask: 0
br_target_addr: 7f4eecacbf10
reconv_inst_addr/mem_addr: 0
mem_addr/reconv_inst_addr: 0
mem_access_size/barrier_id: 4
num_barrier_threads: 0
addr_space/fence_level: GPU_ADDR_SP_INVALID
barrier_id/mem_access_size: 4
fence_level/addr_space: GPU_FENCE_INVALID
*** end of the data structure *** 

*** begin of the data structure *** 
core_id:25 thread_id:9
opcode: NVBIT_IMAD
num_read_regs: 2
num_dest_regs: 1
src0: 255
src1: 255
dst0: 1
is_fp: 0
cf_type: NOT_CF
is_load: 0
inst_size: 16
inst_addr: 7f4eecacbf00
active_mask: ffffffff
br_taken_mask: 0
br_target_addr: 7f4eecacbf10
reconv_inst_addr/mem_addr: 0
mem_addr/reconv_inst_addr: 0
mem_access_size/barrier_id: 4
num_barrier_threads: 0
addr_space/fence_level: GPU_ADDR_SP_INVALID
barrier_id/mem_access_size: 4
fence_level/addr_space: GPU_FENCE_INVALID
*** end of the data structure *** 

*** begin of the data structure *** 
core_id:25 thread_id:10
opcode: NVBIT_IMAD
num_read_regs: 2
num_dest_regs: 1
src0: 255
src1: 255
dst0: 1
is_fp: 0
cf_type: NOT_CF
is_load: 0
inst_size: 16
inst_addr: 7f4eecacbf00
active_mask: ffffffff
br_taken_mask: 0
br_target_addr: 7f4eecacbf10
reconv_inst_addr/mem_addr: 0
mem_addr/reconv_inst_addr: 0
mem_access_size/barrier_id: 4
num_barrier_threads: 0
addr_space/fence_level: GPU_ADDR_SP_INVALID
barrier_id/mem_access_size: 4
fence_level/addr_space: GPU_FENCE_INVALID
*** end of the data structure *** 

*** begin of the data structure *** 
core_id:25 thread_id:11
opcode: NVBIT_IMAD
num_read_regs: 2
num_dest_regs: 1
src0: 255
src1: 255
dst0: 1
is_fp: 0
cf_type: NOT_CF
is_load: 0
inst_size: 16
inst_addr: 7f4eecacbf00
active_mask: ffffffff
br_taken_mask: 0
br_target_addr: 7f4eecacbf10
reconv_inst_addr/mem_addr: 0
mem_addr/reconv_inst_addr: 0
mem_access_size/barrier_id: 4
num_barrier_threads: 0
addr_space/fence_level: GPU_ADDR_SP_INVALID
barrier_id/mem_access_size: 4
fence_level/addr_space: GPU_FENCE_INVALID
*** end of the data structure *** 

*** begin of the data structure *** 
core_id:26 thread_id:8
opcode: NVBIT_IMAD
num_read_regs: 2
num_dest_regs: 1
src0: 255
src1: 255
dst0: 1
is_fp: 0
cf_type: NOT_CF
is_load: 0
inst_size: 16
inst_addr: 7f4eecacbf00
active_mask: ffffffff
br_taken_mask: 0
br_target_addr: 7f4eecacbf10
reconv_inst_addr/mem_addr: 0
mem_addr/reconv_inst_addr: 0
mem_access_size/barrier_id: 4
num_barrier_threads: 0
addr_space/fence_level: GPU_ADDR_SP_INVALID
barrier_id/mem_access_size: 4
fence_level/addr_space: GPU_FENCE_INVALID
*** end of the data structure *** 

*** begin of the data structure *** 
core_id:26 thread_id:9
opcode: NVBIT_IMAD
num_read_regs: 2
num_dest_regs: 1
src0: 255
src1: 255
dst0: 1
is_fp: 0
cf_type: NOT_CF
is_load: 0
inst_size: 16
inst_addr: 7f4eecacbf00
active_mask: ffffffff
br_taken_mask: 0
br_target_addr: 7f4eecacbf10
reconv_inst_addr/mem_addr: 0
mem_addr/reconv_inst_addr: 0
mem_access_size/barrier_id: 4
num_barrier_threads: 0
addr_space/fence_level: GPU_ADDR_SP_INVALID
barrier_id/mem_access_size: 4
fence_level/addr_space: GPU_FENCE_INVALID
*** end of the data structure *** 

*** begin of the data structure *** 
core_id:26 thread_id:10
opcode: NVBIT_IMAD
num_read_regs: 2
num_dest_regs: 1
src0: 255
src1: 255
dst0: 1
is_fp: 0
cf_type: NOT_CF
is_load: 0
inst_size: 16
inst_addr: 7f4eecacbf00
active_mask: ffffffff
br_taken_mask: 0
br_target_addr: 7f4eecacbf10
reconv_inst_addr/mem_addr: 0
mem_addr/reconv_inst_addr: 0
mem_access_size/barrier_id: 4
num_barrier_threads: 0
addr_space/fence_level: GPU_ADDR_SP_INVALID
barrier_id/mem_access_size: 4
fence_level/addr_space: GPU_FENCE_INVALID
*** end of the data structure *** 

*** begin of the data structure *** 
core_id:26 thread_id:11
opcode: NVBIT_IMAD
num_read_regs: 2
num_dest_regs: 1
src0: 255
src1: 255
dst0: 1
is_fp: 0
cf_type: NOT_CF
is_load: 0
inst_size: 16
inst_addr: 7f4eecacbf00
active_mask: ffffffff
br_taken_mask: 0
br_target_addr: 7f4eecacbf10
reconv_inst_addr/mem_addr: 0
mem_addr/reconv_inst_addr: 0
mem_access_size/barrier_id: 4
num_barrier_threads: 0
addr_space/fence_level: GPU_ADDR_SP_INVALID
barrier_id/mem_access_size: 4
fence_level/addr_space: GPU_FENCE_INVALID
*** end of the data structure *** 

*** begin of the data structure *** 
core_id:27 thread_id:8
opcode: NVBIT_IMAD
num_read_regs: 2
num_dest_regs: 1
src0: 255
src1: 255
dst0: 1
is_fp: 0
cf_type: NOT_CF
is_load: 0
inst_size: 16
inst_addr: 7f4eecacbf00
active_mask: ffffffff
br_taken_mask: 0
br_target_addr: 7f4eecacbf10
reconv_inst_addr/mem_addr: 0
mem_addr/reconv_inst_addr: 0
mem_access_size/barrier_id: 4
num_barrier_threads: 0
addr_space/fence_level: GPU_ADDR_SP_INVALID
barrier_id/mem_access_size: 4
fence_level/addr_space: GPU_FENCE_INVALID
*** end of the data structure *** 

*** begin of the data structure *** 
core_id:27 thread_id:9
opcode: NVBIT_IMAD
num_read_regs: 2
num_dest_regs: 1
src0: 255
src1: 255
dst0: 1
is_fp: 0
cf_type: NOT_CF
is_load: 0
inst_size: 16
inst_addr: 7f4eecacbf00
active_mask: ffffffff
br_taken_mask: 0
br_target_addr: 7f4eecacbf10
reconv_inst_addr/mem_addr: 0
mem_addr/reconv_inst_addr: 0
mem_access_size/barrier_id: 4
num_barrier_threads: 0
addr_space/fence_level: GPU_ADDR_SP_INVALID
barrier_id/mem_access_size: 4
fence_level/addr_space: GPU_FENCE_INVALID
*** end of the data structure *** 

*** begin of the data structure *** 
core_id:27 thread_id:10
opcode: NVBIT_IMAD
num_read_regs: 2
num_dest_regs: 1
src0: 255
src1: 255
dst0: 1
is_fp: 0
cf_type: NOT_CF
is_load: 0
inst_size: 16
inst_addr: 7f4eecacbf00
active_mask: ffffffff
br_taken_mask: 0
br_target_addr: 7f4eecacbf10
reconv_inst_addr/mem_addr: 0
mem_addr/reconv_inst_addr: 0
mem_access_size/barrier_id: 4
num_barrier_threads: 0
addr_space/fence_level: GPU_ADDR_SP_INVALID
barrier_id/mem_access_size: 4
fence_level/addr_space: GPU_FENCE_INVALID
*** end of the data structure *** 

*** begin of the data structure *** 
core_id:27 thread_id:11
opcode: NVBIT_IMAD
num_read_regs: 2
num_dest_regs: 1
src0: 255
src1: 255
dst0: 1
is_fp: 0
cf_type: NOT_CF
is_load: 0
inst_size: 16
inst_addr: 7f4eecacbf00
active_mask: ffffffff
br_taken_mask: 0
br_target_addr: 7f4eecacbf10
reconv_inst_addr/mem_addr: 0
mem_addr/reconv_inst_addr: 0
mem_access_size/barrier_id: 4
num_barrier_threads: 0
addr_space/fence_level: GPU_ADDR_SP_INVALID
barrier_id/mem_access_size: 4
fence_level/addr_space: GPU_FENCE_INVALID
*** end of the data structure *** 

*** begin of the data structure *** 
core_id:28 thread_id:8
opcode: NVBIT_IMAD
num_read_regs: 2
num_dest_regs: 1
src0: 255
src1: 255
dst0: 1
is_fp: 0
cf_type: NOT_CF
is_load: 0
inst_size: 16
inst_addr: 7f4eecacbf00
active_mask: ffffffff
br_taken_mask: 0
br_target_addr: 7f4eecacbf10
reconv_inst_addr/mem_addr: 0
mem_addr/reconv_inst_addr: 0
mem_access_size/barrier_id: 4
num_barrier_threads: 0
addr_space/fence_level: GPU_ADDR_SP_INVALID
barrier_id/mem_access_size: 4
fence_level/addr_space: GPU_FENCE_INVALID
*** end of the data structure *** 

*** begin of the data structure *** 
core_id:28 thread_id:9
opcode: NVBIT_IMAD
num_read_regs: 2
num_dest_regs: 1
src0: 255
src1: 255
dst0: 1
is_fp: 0
cf_type: NOT_CF
is_load: 0
inst_size: 16
inst_addr: 7f4eecacbf00
active_mask: ffffffff
br_taken_mask: 0
br_target_addr: 7f4eecacbf10
reconv_inst_addr/mem_addr: 0
mem_addr/reconv_inst_addr: 0
mem_access_size/barrier_id: 4
num_barrier_threads: 0
addr_space/fence_level: GPU_ADDR_SP_INVALID
barrier_id/mem_access_size: 4
fence_level/addr_space: GPU_FENCE_INVALID
*** end of the data structure *** 

*** begin of the data structure *** 
core_id:28 thread_id:10
opcode: NVBIT_IMAD
num_read_regs: 2
num_dest_regs: 1
src0: 255
src1: 255
dst0: 1
is_fp: 0
cf_type: NOT_CF
is_load: 0
inst_size: 16
inst_addr: 7f4eecacbf00
active_mask: ffffffff
br_taken_mask: 0
br_target_addr: 7f4eecacbf10
reconv_inst_addr/mem_addr: 0
mem_addr/reconv_inst_addr: 0
mem_access_size/barrier_id: 4
num_barrier_threads: 0
addr_space/fence_level: GPU_ADDR_SP_INVALID
barrier_id/mem_access_size: 4
fence_level/addr_space: GPU_FENCE_INVALID
*** end of the data structure *** 

*** begin of the data structure *** 
core_id:28 thread_id:11
opcode: NVBIT_IMAD
num_read_regs: 2
num_dest_regs: 1
src0: 255
src1: 255
dst0: 1
is_fp: 0
cf_type: NOT_CF
is_load: 0
inst_size: 16
inst_addr: 7f4eecacbf00
active_mask: ffffffff
br_taken_mask: 0
br_target_addr: 7f4eecacbf10
reconv_inst_addr/mem_addr: 0
mem_addr/reconv_inst_addr: 0
mem_access_size/barrier_id: 4
num_barrier_threads: 0
addr_space/fence_level: GPU_ADDR_SP_INVALID
barrier_id/mem_access_size: 4
fence_level/addr_space: GPU_FENCE_INVALID
*** end of the data structure *** 

*** begin of the data structure *** 
core_id:29 thread_id:8
opcode: NVBIT_IMAD
num_read_regs: 2
num_dest_regs: 1
src0: 255
src1: 255
dst0: 1
is_fp: 0
cf_type: NOT_CF
is_load: 0
inst_size: 16
inst_addr: 7f4eecacbf00
active_mask: ffffffff
br_taken_mask: 0
br_target_addr: 7f4eecacbf10
reconv_inst_addr/mem_addr: 0
mem_addr/reconv_inst_addr: 0
mem_access_size/barrier_id: 4
num_barrier_threads: 0
addr_space/fence_level: GPU_ADDR_SP_INVALID
barrier_id/mem_access_size: 4
fence_level/addr_space: GPU_FENCE_INVALID
*** end of the data structure *** 

*** begin of the data structure *** 
core_id:29 thread_id:9
opcode: NVBIT_IMAD
num_read_regs: 2
num_dest_regs: 1
src0: 255
src1: 255
dst0: 1
is_fp: 0
cf_type: NOT_CF
is_load: 0
inst_size: 16
inst_addr: 7f4eecacbf00
active_mask: ffffffff
br_taken_mask: 0
br_target_addr: 7f4eecacbf10
reconv_inst_addr/mem_addr: 0
mem_addr/reconv_inst_addr: 0
mem_access_size/barrier_id: 4
num_barrier_threads: 0
addr_space/fence_level: GPU_ADDR_SP_INVALID
barrier_id/mem_access_size: 4
fence_level/addr_space: GPU_FENCE_INVALID
*** end of the data structure *** 

*** begin of the data structure *** 
core_id:29 thread_id:10
opcode: NVBIT_IMAD
num_read_regs: 2
num_dest_regs: 1
src0: 255
src1: 255
dst0: 1
is_fp: 0
cf_type: NOT_CF
is_load: 0
inst_size: 16
inst_addr: 7f4eecacbf00
active_mask: ffffffff
br_taken_mask: 0
br_target_addr: 7f4eecacbf10
reconv_inst_addr/mem_addr: 0
mem_addr/reconv_inst_addr: 0
mem_access_size/barrier_id: 4
num_barrier_threads: 0
addr_space/fence_level: GPU_ADDR_SP_INVALID
barrier_id/mem_access_size: 4
fence_level/addr_space: GPU_FENCE_INVALID
*** end of the data structure *** 

*** begin of the data structure *** 
core_id:29 thread_id:11
opcode: NVBIT_IMAD
num_read_regs: 2
num_dest_regs: 1
src0: 255
src1: 255
dst0: 1
is_fp: 0
cf_type: NOT_CF
is_load: 0
inst_size: 16
inst_addr: 7f4eecacbf00
active_mask: ffffffff
br_taken_mask: 0
br_target_addr: 7f4eecacbf10
reconv_inst_addr/mem_addr: 0
mem_addr/reconv_inst_addr: 0
mem_access_size/barrier_id: 4
num_barrier_threads: 0
addr_space/fence_level: GPU_ADDR_SP_INVALID
barrier_id/mem_access_size: 4
fence_level/addr_space: GPU_FENCE_INVALID
*** end of the data structure *** 

*** begin of the data structure *** 
core_id:30 thread_id:8
opcode: NVBIT_IMAD
num_read_regs: 2
num_dest_regs: 1
src0: 255
src1: 255
dst0: 1
is_fp: 0
cf_type: NOT_CF
is_load: 0
inst_size: 16
inst_addr: 7f4eecacbf00
active_mask: ffffffff
br_taken_mask: 0
br_target_addr: 7f4eecacbf10
reconv_inst_addr/mem_addr: 0
mem_addr/reconv_inst_addr: 0
mem_access_size/barrier_id: 4
num_barrier_threads: 0
addr_space/fence_level: GPU_ADDR_SP_INVALID
barrier_id/mem_access_size: 4
fence_level/addr_space: GPU_FENCE_INVALID
*** end of the data structure *** 

*** begin of the data structure *** 
core_id:30 thread_id:9
opcode: NVBIT_IMAD
num_read_regs: 2
num_dest_regs: 1
src0: 255
src1: 255
dst0: 1
is_fp: 0
cf_type: NOT_CF
is_load: 0
inst_size: 16
inst_addr: 7f4eecacbf00
active_mask: ffffffff
br_taken_mask: 0
br_target_addr: 7f4eecacbf10
reconv_inst_addr/mem_addr: 0
mem_addr/reconv_inst_addr: 0
mem_access_size/barrier_id: 4
num_barrier_threads: 0
addr_space/fence_level: GPU_ADDR_SP_INVALID
barrier_id/mem_access_size: 4
fence_level/addr_space: GPU_FENCE_INVALID
*** end of the data structure *** 

*** begin of the data structure *** 
core_id:30 thread_id:10
opcode: NVBIT_IMAD
num_read_regs: 2
num_dest_regs: 1
src0: 255
src1: 255
dst0: 1
is_fp: 0
cf_type: NOT_CF
is_load: 0
inst_size: 16
inst_addr: 7f4eecacbf00
active_mask: ffffffff
br_taken_mask: 0
br_target_addr: 7f4eecacbf10
reconv_inst_addr/mem_addr: 0
mem_addr/reconv_inst_addr: 0
mem_access_size/barrier_id: 4
num_barrier_threads: 0
addr_space/fence_level: GPU_ADDR_SP_INVALID
barrier_id/mem_access_size: 4
fence_level/addr_space: GPU_FENCE_INVALID
*** end of the data structure *** 

*** begin of the data structure *** 
core_id:30 thread_id:11
opcode: NVBIT_IMAD
num_read_regs: 2
num_dest_regs: 1
src0: 255
src1: 255
dst0: 1
is_fp: 0
cf_type: NOT_CF
is_load: 0
inst_size: 16
inst_addr: 7f4eecacbf00
active_mask: ffffffff
br_taken_mask: 0
br_target_addr: 7f4eecacbf10
reconv_inst_addr/mem_addr: 0
mem_addr/reconv_inst_addr: 0
mem_access_size/barrier_id: 4
num_barrier_threads: 0
addr_space/fence_level: GPU_ADDR_SP_INVALID
barrier_id/mem_access_size: 4
fence_level/addr_space: GPU_FENCE_INVALID
*** end of the data structure *** 

*** begin of the data structure *** 
core_id:31 thread_id:8
opcode: NVBIT_IMAD
num_read_regs: 2
num_dest_regs: 1
src0: 255
src1: 255
dst0: 1
is_fp: 0
cf_type: NOT_CF
is_load: 0
inst_size: 16
inst_addr: 7f4eecacbf00
active_mask: ffffffff
br_taken_mask: 0
br_target_addr: 7f4eecacbf10
reconv_inst_addr/mem_addr: 0
mem_addr/reconv_inst_addr: 0
mem_access_size/barrier_id: 4
num_barrier_threads: 0
addr_space/fence_level: GPU_ADDR_SP_INVALID
barrier_id/mem_access_size: 4
fence_level/addr_space: GPU_FENCE_INVALID
*** end of the data structure *** 

*** begin of the data structure *** 
core_id:31 thread_id:9
opcode: NVBIT_IMAD
num_read_regs: 2
num_dest_regs: 1
src0: 255
src1: 255
dst0: 1
is_fp: 0
cf_type: NOT_CF
is_load: 0
inst_size: 16
inst_addr: 7f4eecacbf00
active_mask: ffffffff
br_taken_mask: 0
br_target_addr: 7f4eecacbf10
reconv_inst_addr/mem_addr: 0
mem_addr/reconv_inst_addr: 0
mem_access_size/barrier_id: 4
num_barrier_threads: 0
addr_space/fence_level: GPU_ADDR_SP_INVALID
barrier_id/mem_access_size: 4
fence_level/addr_space: GPU_FENCE_INVALID
*** end of the data structure *** 

*** begin of the data structure *** 
core_id:31 thread_id:10
opcode: NVBIT_IMAD
num_read_regs: 2
num_dest_regs: 1
src0: 255
src1: 255
dst0: 1
is_fp: 0
cf_type: NOT_CF
is_load: 0
inst_size: 16
inst_addr: 7f4eecacbf00
active_mask: ffffffff
br_taken_mask: 0
br_target_addr: 7f4eecacbf10
reconv_inst_addr/mem_addr: 0
mem_addr/reconv_inst_addr: 0
mem_access_size/barrier_id: 4
num_barrier_threads: 0
addr_space/fence_level: GPU_ADDR_SP_INVALID
barrier_id/mem_access_size: 4
fence_level/addr_space: GPU_FENCE_INVALID
*** end of the data structure *** 

*** begin of the data structure *** 
core_id:31 thread_id:11
opcode: NVBIT_IMAD
num_read_regs: 2
num_dest_regs: 1
src0: 255
src1: 255
dst0: 1
is_fp: 0
cf_type: NOT_CF
is_load: 0
inst_size: 16
inst_addr: 7f4eecacbf00
active_mask: ffffffff
br_taken_mask: 0
br_target_addr: 7f4eecacbf10
reconv_inst_addr/mem_addr: 0
mem_addr/reconv_inst_addr: 0
mem_access_size/barrier_id: 4
num_barrier_threads: 0
addr_space/fence_level: GPU_ADDR_SP_INVALID
barrier_id/mem_access_size: 4
fence_level/addr_space: GPU_FENCE_INVALID
*** end of the data structure *** 

*** begin of the data structure *** 
core_id:32 thread_id:8
opcode: NVBIT_IMAD
num_read_regs: 2
num_dest_regs: 1
src0: 255
src1: 255
dst0: 1
is_fp: 0
cf_type: NOT_CF
is_load: 0
inst_size: 16
inst_addr: 7f4eecacbf00
active_mask: ffffffff
br_taken_mask: 0
br_target_addr: 7f4eecacbf10
reconv_inst_addr/mem_addr: 0
mem_addr/reconv_inst_addr: 0
mem_access_size/barrier_id: 4
num_barrier_threads: 0
addr_space/fence_level: GPU_ADDR_SP_INVALID
barrier_id/mem_access_size: 4
fence_level/addr_space: GPU_FENCE_INVALID
*** end of the data structure *** 

*** begin of the data structure *** 
core_id:32 thread_id:9
opcode: NVBIT_IMAD
num_read_regs: 2
num_dest_regs: 1
src0: 255
src1: 255
dst0: 1
is_fp: 0
cf_type: NOT_CF
is_load: 0
inst_size: 16
inst_addr: 7f4eecacbf00
active_mask: ffffffff
br_taken_mask: 0
br_target_addr: 7f4eecacbf10
reconv_inst_addr/mem_addr: 0
mem_addr/reconv_inst_addr: 0
mem_access_size/barrier_id: 4
num_barrier_threads: 0
addr_space/fence_level: GPU_ADDR_SP_INVALID
barrier_id/mem_access_size: 4
fence_level/addr_space: GPU_FENCE_INVALID
*** end of the data structure *** 

*** begin of the data structure *** 
core_id:32 thread_id:10
opcode: NVBIT_IMAD
num_read_regs: 2
num_dest_regs: 1
src0: 255
src1: 255
dst0: 1
is_fp: 0
cf_type: NOT_CF
is_load: 0
inst_size: 16
inst_addr: 7f4eecacbf00
active_mask: ffffffff
br_taken_mask: 0
br_target_addr: 7f4eecacbf10
reconv_inst_addr/mem_addr: 0
mem_addr/reconv_inst_addr: 0
mem_access_size/barrier_id: 4
num_barrier_threads: 0
addr_space/fence_level: GPU_ADDR_SP_INVALID
barrier_id/mem_access_size: 4
fence_level/addr_space: GPU_FENCE_INVALID
*** end of the data structure *** 

*** begin of the data structure *** 
core_id:32 thread_id:11
opcode: NVBIT_IMAD
num_read_regs: 2
num_dest_regs: 1
src0: 255
src1: 255
dst0: 1
is_fp: 0
cf_type: NOT_CF
is_load: 0
inst_size: 16
inst_addr: 7f4eecacbf00
active_mask: ffffffff
br_taken_mask: 0
br_target_addr: 7f4eecacbf10
reconv_inst_addr/mem_addr: 0
mem_addr/reconv_inst_addr: 0
mem_access_size/barrier_id: 4
num_barrier_threads: 0
addr_space/fence_level: GPU_ADDR_SP_INVALID
barrier_id/mem_access_size: 4
fence_level/addr_space: GPU_FENCE_INVALID
*** end of the data structure *** 

*** begin of the data structure *** 
core_id:33 thread_id:8
opcode: NVBIT_IMAD
num_read_regs: 2
num_dest_regs: 1
src0: 255
src1: 255
dst0: 1
is_fp: 0
cf_type: NOT_CF
is_load: 0
inst_size: 16
inst_addr: 7f4eecacbf00
active_mask: ffffffff
br_taken_mask: 0
br_target_addr: 7f4eecacbf10
reconv_inst_addr/mem_addr: 0
mem_addr/reconv_inst_addr: 0
mem_access_size/barrier_id: 4
num_barrier_threads: 0
addr_space/fence_level: GPU_ADDR_SP_INVALID
barrier_id/mem_access_size: 4
fence_level/addr_space: GPU_FENCE_INVALID
*** end of the data structure *** 

*** begin of the data structure *** 
core_id:33 thread_id:9
opcode: NVBIT_IMAD
num_read_regs: 2
num_dest_regs: 1
src0: 255
src1: 255
dst0: 1
is_fp: 0
cf_type: NOT_CF
is_load: 0
inst_size: 16
inst_addr: 7f4eecacbf00
active_mask: ffffffff
br_taken_mask: 0
br_target_addr: 7f4eecacbf10
reconv_inst_addr/mem_addr: 0
mem_addr/reconv_inst_addr: 0
mem_access_size/barrier_id: 4
num_barrier_threads: 0
addr_space/fence_level: GPU_ADDR_SP_INVALID
barrier_id/mem_access_size: 4
fence_level/addr_space: GPU_FENCE_INVALID
*** end of the data structure *** 

*** begin of the data structure *** 
core_id:33 thread_id:10
opcode: NVBIT_IMAD
num_read_regs: 2
num_dest_regs: 1
src0: 255
src1: 255
dst0: 1
is_fp: 0
cf_type: NOT_CF
is_load: 0
inst_size: 16
inst_addr: 7f4eecacbf00
active_mask: ffffffff
br_taken_mask: 0
br_target_addr: 7f4eecacbf10
reconv_inst_addr/mem_addr: 0
mem_addr/reconv_inst_addr: 0
mem_access_size/barrier_id: 4
num_barrier_threads: 0
addr_space/fence_level: GPU_ADDR_SP_INVALID
barrier_id/mem_access_size: 4
fence_level/addr_space: GPU_FENCE_INVALID
*** end of the data structure *** 

*** begin of the data structure *** 
core_id:33 thread_id:11
opcode: NVBIT_IMAD
num_read_regs: 2
num_dest_regs: 1
src0: 255
src1: 255
dst0: 1
is_fp: 0
cf_type: NOT_CF
is_load: 0
inst_size: 16
inst_addr: 7f4eecacbf00
active_mask: ffffffff
br_taken_mask: 0
br_target_addr: 7f4eecacbf10
reconv_inst_addr/mem_addr: 0
mem_addr/reconv_inst_addr: 0
mem_access_size/barrier_id: 4
num_barrier_threads: 0
addr_space/fence_level: GPU_ADDR_SP_INVALID
barrier_id/mem_access_size: 4
fence_level/addr_space: GPU_FENCE_INVALID
*** end of the data structure *** 

*** begin of the data structure *** 
core_id:34 thread_id:8
opcode: NVBIT_IMAD
num_read_regs: 2
num_dest_regs: 1
src0: 255
src1: 255
dst0: 1
is_fp: 0
cf_type: NOT_CF
is_load: 0
inst_size: 16
inst_addr: 7f4eecacbf00
active_mask: ffffffff
br_taken_mask: 0
br_target_addr: 7f4eecacbf10
reconv_inst_addr/mem_addr: 0
mem_addr/reconv_inst_addr: 0
mem_access_size/barrier_id: 4
num_barrier_threads: 0
addr_space/fence_level: GPU_ADDR_SP_INVALID
barrier_id/mem_access_size: 4
fence_level/addr_space: GPU_FENCE_INVALID
*** end of the data structure *** 

*** begin of the data structure *** 
core_id:34 thread_id:9
opcode: NVBIT_IMAD
num_read_regs: 2
num_dest_regs: 1
src0: 255
src1: 255
dst0: 1
is_fp: 0
cf_type: NOT_CF
is_load: 0
inst_size: 16
inst_addr: 7f4eecacbf00
active_mask: ffffffff
br_taken_mask: 0
br_target_addr: 7f4eecacbf10
reconv_inst_addr/mem_addr: 0
mem_addr/reconv_inst_addr: 0
mem_access_size/barrier_id: 4
num_barrier_threads: 0
addr_space/fence_level: GPU_ADDR_SP_INVALID
barrier_id/mem_access_size: 4
fence_level/addr_space: GPU_FENCE_INVALID
*** end of the data structure *** 

*** begin of the data structure *** 
core_id:34 thread_id:10
opcode: NVBIT_IMAD
num_read_regs: 2
num_dest_regs: 1
src0: 255
src1: 255
dst0: 1
is_fp: 0
cf_type: NOT_CF
is_load: 0
inst_size: 16
inst_addr: 7f4eecacbf00
active_mask: ffffffff
br_taken_mask: 0
br_target_addr: 7f4eecacbf10
reconv_inst_addr/mem_addr: 0
mem_addr/reconv_inst_addr: 0
mem_access_size/barrier_id: 4
num_barrier_threads: 0
addr_space/fence_level: GPU_ADDR_SP_INVALID
barrier_id/mem_access_size: 4
fence_level/addr_space: GPU_FENCE_INVALID
*** end of the data structure *** 

*** begin of the data structure *** 
core_id:34 thread_id:11
opcode: NVBIT_IMAD
num_read_regs: 2
num_dest_regs: 1
src0: 255
src1: 255
dst0: 1
is_fp: 0
cf_type: NOT_CF
is_load: 0
inst_size: 16
inst_addr: 7f4eecacbf00
active_mask: ffffffff
br_taken_mask: 0
br_target_addr: 7f4eecacbf10
reconv_inst_addr/mem_addr: 0
mem_addr/reconv_inst_addr: 0
mem_access_size/barrier_id: 4
num_barrier_threads: 0
addr_space/fence_level: GPU_ADDR_SP_INVALID
barrier_id/mem_access_size: 4
fence_level/addr_space: GPU_FENCE_INVALID
*** end of the data structure *** 

*** begin of the data structure *** 
core_id:35 thread_id:8
opcode: NVBIT_IMAD
num_read_regs: 2
num_dest_regs: 1
src0: 255
src1: 255
dst0: 1
is_fp: 0
cf_type: NOT_CF
is_load: 0
inst_size: 16
inst_addr: 7f4eecacbf00
active_mask: ffffffff
br_taken_mask: 0
br_target_addr: 7f4eecacbf10
reconv_inst_addr/mem_addr: 0
mem_addr/reconv_inst_addr: 0
mem_access_size/barrier_id: 4
num_barrier_threads: 0
addr_space/fence_level: GPU_ADDR_SP_INVALID
barrier_id/mem_access_size: 4
fence_level/addr_space: GPU_FENCE_INVALID
*** end of the data structure *** 

*** begin of the data structure *** 
core_id:35 thread_id:9
opcode: NVBIT_IMAD
num_read_regs: 2
num_dest_regs: 1
src0: 255
src1: 255
dst0: 1
is_fp: 0
cf_type: NOT_CF
is_load: 0
inst_size: 16
inst_addr: 7f4eecacbf00
active_mask: ffffffff
br_taken_mask: 0
br_target_addr: 7f4eecacbf10
reconv_inst_addr/mem_addr: 0
mem_addr/reconv_inst_addr: 0
mem_access_size/barrier_id: 4
num_barrier_threads: 0
addr_space/fence_level: GPU_ADDR_SP_INVALID
barrier_id/mem_access_size: 4
fence_level/addr_space: GPU_FENCE_INVALID
*** end of the data structure *** 

*** begin of the data structure *** 
core_id:35 thread_id:10
opcode: NVBIT_IMAD
num_read_regs: 2
num_dest_regs: 1
src0: 255
src1: 255
dst0: 1
is_fp: 0
cf_type: NOT_CF
is_load: 0
inst_size: 16
inst_addr: 7f4eecacbf00
active_mask: ffffffff
br_taken_mask: 0
br_target_addr: 7f4eecacbf10
reconv_inst_addr/mem_addr: 0
mem_addr/reconv_inst_addr: 0
mem_access_size/barrier_id: 4
num_barrier_threads: 0
addr_space/fence_level: GPU_ADDR_SP_INVALID
barrier_id/mem_access_size: 4
fence_level/addr_space: GPU_FENCE_INVALID
*** end of the data structure *** 

*** begin of the data structure *** 
core_id:35 thread_id:11
opcode: NVBIT_IMAD
num_read_regs: 2
num_dest_regs: 1
src0: 255
src1: 255
dst0: 1
is_fp: 0
cf_type: NOT_CF
is_load: 0
inst_size: 16
inst_addr: 7f4eecacbf00
active_mask: ffffffff
br_taken_mask: 0
br_target_addr: 7f4eecacbf10
reconv_inst_addr/mem_addr: 0
mem_addr/reconv_inst_addr: 0
mem_access_size/barrier_id: 4
num_barrier_threads: 0
addr_space/fence_level: GPU_ADDR_SP_INVALID
barrier_id/mem_access_size: 4
fence_level/addr_space: GPU_FENCE_INVALID
*** end of the data structure *** 

*** begin of the data structure *** 
core_id:36 thread_id:8
opcode: NVBIT_IMAD
num_read_regs: 2
num_dest_regs: 1
src0: 255
src1: 255
dst0: 1
is_fp: 0
cf_type: NOT_CF
is_load: 0
inst_size: 16
inst_addr: 7f4eecacbf00
active_mask: ffffffff
br_taken_mask: 0
br_target_addr: 7f4eecacbf10
reconv_inst_addr/mem_addr: 0
mem_addr/reconv_inst_addr: 0
mem_access_size/barrier_id: 4
num_barrier_threads: 0
addr_space/fence_level: GPU_ADDR_SP_INVALID
barrier_id/mem_access_size: 4
fence_level/addr_space: GPU_FENCE_INVALID
*** end of the data structure *** 

*** begin of the data structure *** 
core_id:36 thread_id:9
opcode: NVBIT_IMAD
num_read_regs: 2
num_dest_regs: 1
src0: 255
src1: 255
dst0: 1
is_fp: 0
cf_type: NOT_CF
is_load: 0
inst_size: 16
inst_addr: 7f4eecacbf00
active_mask: ffffffff
br_taken_mask: 0
br_target_addr: 7f4eecacbf10
reconv_inst_addr/mem_addr: 0
mem_addr/reconv_inst_addr: 0
mem_access_size/barrier_id: 4
num_barrier_threads: 0
addr_space/fence_level: GPU_ADDR_SP_INVALID
barrier_id/mem_access_size: 4
fence_level/addr_space: GPU_FENCE_INVALID
*** end of the data structure *** 

*** begin of the data structure *** 
core_id:36 thread_id:10
opcode: NVBIT_IMAD
num_read_regs: 2
num_dest_regs: 1
src0: 255
src1: 255
dst0: 1
is_fp: 0
cf_type: NOT_CF
is_load: 0
inst_size: 16
inst_addr: 7f4eecacbf00
active_mask: ffffffff
br_taken_mask: 0
br_target_addr: 7f4eecacbf10
reconv_inst_addr/mem_addr: 0
mem_addr/reconv_inst_addr: 0
mem_access_size/barrier_id: 4
num_barrier_threads: 0
addr_space/fence_level: GPU_ADDR_SP_INVALID
barrier_id/mem_access_size: 4
fence_level/addr_space: GPU_FENCE_INVALID
*** end of the data structure *** 

*** begin of the data structure *** 
core_id:36 thread_id:11
opcode: NVBIT_IMAD
num_read_regs: 2
num_dest_regs: 1
src0: 255
src1: 255
dst0: 1
is_fp: 0
cf_type: NOT_CF
is_load: 0
inst_size: 16
inst_addr: 7f4eecacbf00
active_mask: ffffffff
br_taken_mask: 0
br_target_addr: 7f4eecacbf10
reconv_inst_addr/mem_addr: 0
mem_addr/reconv_inst_addr: 0
mem_access_size/barrier_id: 4
num_barrier_threads: 0
addr_space/fence_level: GPU_ADDR_SP_INVALID
barrier_id/mem_access_size: 4
fence_level/addr_space: GPU_FENCE_INVALID
*** end of the data structure *** 

*** begin of the data structure *** 
core_id:37 thread_id:8
opcode: NVBIT_IMAD
num_read_regs: 2
num_dest_regs: 1
src0: 255
src1: 255
dst0: 1
is_fp: 0
cf_type: NOT_CF
is_load: 0
inst_size: 16
inst_addr: 7f4eecacbf00
active_mask: ffffffff
br_taken_mask: 0
br_target_addr: 7f4eecacbf10
reconv_inst_addr/mem_addr: 0
mem_addr/reconv_inst_addr: 0
mem_access_size/barrier_id: 4
num_barrier_threads: 0
addr_space/fence_level: GPU_ADDR_SP_INVALID
barrier_id/mem_access_size: 4
fence_level/addr_space: GPU_FENCE_INVALID
*** end of the data structure *** 

*** begin of the data structure *** 
core_id:37 thread_id:9
opcode: NVBIT_IMAD
num_read_regs: 2
num_dest_regs: 1
src0: 255
src1: 255
dst0: 1
is_fp: 0
cf_type: NOT_CF
is_load: 0
inst_size: 16
inst_addr: 7f4eecacbf00
active_mask: ffffffff
br_taken_mask: 0
br_target_addr: 7f4eecacbf10
reconv_inst_addr/mem_addr: 0
mem_addr/reconv_inst_addr: 0
mem_access_size/barrier_id: 4
num_barrier_threads: 0
addr_space/fence_level: GPU_ADDR_SP_INVALID
barrier_id/mem_access_size: 4
fence_level/addr_space: GPU_FENCE_INVALID
*** end of the data structure *** 

*** begin of the data structure *** 
core_id:37 thread_id:10
opcode: NVBIT_IMAD
num_read_regs: 2
num_dest_regs: 1
src0: 255
src1: 255
dst0: 1
is_fp: 0
cf_type: NOT_CF
is_load: 0
inst_size: 16
inst_addr: 7f4eecacbf00
active_mask: ffffffff
br_taken_mask: 0
br_target_addr: 7f4eecacbf10
reconv_inst_addr/mem_addr: 0
mem_addr/reconv_inst_addr: 0
mem_access_size/barrier_id: 4
num_barrier_threads: 0
addr_space/fence_level: GPU_ADDR_SP_INVALID
barrier_id/mem_access_size: 4
fence_level/addr_space: GPU_FENCE_INVALID
*** end of the data structure *** 

*** begin of the data structure *** 
core_id:37 thread_id:11
opcode: NVBIT_IMAD
num_read_regs: 2
num_dest_regs: 1
src0: 255
src1: 255
dst0: 1
is_fp: 0
cf_type: NOT_CF
is_load: 0
inst_size: 16
inst_addr: 7f4eecacbf00
active_mask: ffffffff
br_taken_mask: 0
br_target_addr: 7f4eecacbf10
reconv_inst_addr/mem_addr: 0
mem_addr/reconv_inst_addr: 0
mem_access_size/barrier_id: 4
num_barrier_threads: 0
addr_space/fence_level: GPU_ADDR_SP_INVALID
barrier_id/mem_access_size: 4
fence_level/addr_space: GPU_FENCE_INVALID
*** end of the data structure *** 

*** begin of the data structure *** 
core_id:38 thread_id:8
opcode: NVBIT_IMAD
num_read_regs: 2
num_dest_regs: 1
src0: 255
src1: 255
dst0: 1
is_fp: 0
cf_type: NOT_CF
is_load: 0
inst_size: 16
inst_addr: 7f4eecacbf00
active_mask: ffffffff
br_taken_mask: 0
br_target_addr: 7f4eecacbf10
reconv_inst_addr/mem_addr: 0
mem_addr/reconv_inst_addr: 0
mem_access_size/barrier_id: 4
num_barrier_threads: 0
addr_space/fence_level: GPU_ADDR_SP_INVALID
barrier_id/mem_access_size: 4
fence_level/addr_space: GPU_FENCE_INVALID
*** end of the data structure *** 

*** begin of the data structure *** 
core_id:38 thread_id:9
opcode: NVBIT_IMAD
num_read_regs: 2
num_dest_regs: 1
src0: 255
src1: 255
dst0: 1
is_fp: 0
cf_type: NOT_CF
is_load: 0
inst_size: 16
inst_addr: 7f4eecacbf00
active_mask: ffffffff
br_taken_mask: 0
br_target_addr: 7f4eecacbf10
reconv_inst_addr/mem_addr: 0
mem_addr/reconv_inst_addr: 0
mem_access_size/barrier_id: 4
num_barrier_threads: 0
addr_space/fence_level: GPU_ADDR_SP_INVALID
barrier_id/mem_access_size: 4
fence_level/addr_space: GPU_FENCE_INVALID
*** end of the data structure *** 

*** begin of the data structure *** 
core_id:38 thread_id:10
opcode: NVBIT_IMAD
num_read_regs: 2
num_dest_regs: 1
src0: 255
src1: 255
dst0: 1
is_fp: 0
cf_type: NOT_CF
is_load: 0
inst_size: 16
inst_addr: 7f4eecacbf00
active_mask: ffffffff
br_taken_mask: 0
br_target_addr: 7f4eecacbf10
reconv_inst_addr/mem_addr: 0
mem_addr/reconv_inst_addr: 0
mem_access_size/barrier_id: 4
num_barrier_threads: 0
addr_space/fence_level: GPU_ADDR_SP_INVALID
barrier_id/mem_access_size: 4
fence_level/addr_space: GPU_FENCE_INVALID
*** end of the data structure *** 

*** begin of the data structure *** 
core_id:38 thread_id:11
opcode: NVBIT_IMAD
num_read_regs: 2
num_dest_regs: 1
src0: 255
src1: 255
dst0: 1
is_fp: 0
cf_type: NOT_CF
is_load: 0
inst_size: 16
inst_addr: 7f4eecacbf00
active_mask: ffffffff
br_taken_mask: 0
br_target_addr: 7f4eecacbf10
reconv_inst_addr/mem_addr: 0
mem_addr/reconv_inst_addr: 0
mem_access_size/barrier_id: 4
num_barrier_threads: 0
addr_space/fence_level: GPU_ADDR_SP_INVALID
barrier_id/mem_access_size: 4
fence_level/addr_space: GPU_FENCE_INVALID
*** end of the data structure *** 

*** begin of the data structure *** 
core_id:39 thread_id:8
opcode: NVBIT_IMAD
num_read_regs: 2
num_dest_regs: 1
src0: 255
src1: 255
dst0: 1
is_fp: 0
cf_type: NOT_CF
is_load: 0
inst_size: 16
inst_addr: 7f4eecacbf00
active_mask: ffffffff
br_taken_mask: 0
br_target_addr: 7f4eecacbf10
reconv_inst_addr/mem_addr: 0
mem_addr/reconv_inst_addr: 0
mem_access_size/barrier_id: 4
num_barrier_threads: 0
addr_space/fence_level: GPU_ADDR_SP_INVALID
barrier_id/mem_access_size: 4
fence_level/addr_space: GPU_FENCE_INVALID
*** end of the data structure *** 

*** begin of the data structure *** 
core_id:39 thread_id:9
opcode: NVBIT_IMAD
num_read_regs: 2
num_dest_regs: 1
src0: 255
src1: 255
dst0: 1
is_fp: 0
cf_type: NOT_CF
is_load: 0
inst_size: 16
inst_addr: 7f4eecacbf00
active_mask: ffffffff
br_taken_mask: 0
br_target_addr: 7f4eecacbf10
reconv_inst_addr/mem_addr: 0
mem_addr/reconv_inst_addr: 0
mem_access_size/barrier_id: 4
num_barrier_threads: 0
addr_space/fence_level: GPU_ADDR_SP_INVALID
barrier_id/mem_access_size: 4
fence_level/addr_space: GPU_FENCE_INVALID
*** end of the data structure *** 

*** begin of the data structure *** 
core_id:39 thread_id:10
opcode: NVBIT_IMAD
num_read_regs: 2
num_dest_regs: 1
src0: 255
src1: 255
dst0: 1
is_fp: 0
cf_type: NOT_CF
is_load: 0
inst_size: 16
inst_addr: 7f4eecacbf00
active_mask: ffffffff
br_taken_mask: 0
br_target_addr: 7f4eecacbf10
reconv_inst_addr/mem_addr: 0
mem_addr/reconv_inst_addr: 0
mem_access_size/barrier_id: 4
num_barrier_threads: 0
addr_space/fence_level: GPU_ADDR_SP_INVALID
barrier_id/mem_access_size: 4
fence_level/addr_space: GPU_FENCE_INVALID
*** end of the data structure *** 

*** begin of the data structure *** 
core_id:39 thread_id:11
opcode: NVBIT_IMAD
num_read_regs: 2
num_dest_regs: 1
src0: 255
src1: 255
dst0: 1
is_fp: 0
cf_type: NOT_CF
is_load: 0
inst_size: 16
inst_addr: 7f4eecacbf00
active_mask: ffffffff
br_taken_mask: 0
br_target_addr: 7f4eecacbf10
reconv_inst_addr/mem_addr: 0
mem_addr/reconv_inst_addr: 0
mem_access_size/barrier_id: 4
num_barrier_threads: 0
addr_space/fence_level: GPU_ADDR_SP_INVALID
barrier_id/mem_access_size: 4
fence_level/addr_space: GPU_FENCE_INVALID
*** end of the data structure *** 

*** begin of the data structure *** 
core_id:40 thread_id:8
opcode: NVBIT_IMAD
num_read_regs: 2
num_dest_regs: 1
src0: 255
src1: 255
dst0: 1
is_fp: 0
cf_type: NOT_CF
is_load: 0
inst_size: 16
inst_addr: 7f4eecacbf00
active_mask: ffffffff
br_taken_mask: 0
br_target_addr: 7f4eecacbf10
reconv_inst_addr/mem_addr: 0
mem_addr/reconv_inst_addr: 0
mem_access_size/barrier_id: 4
num_barrier_threads: 0
addr_space/fence_level: GPU_ADDR_SP_INVALID
barrier_id/mem_access_size: 4
fence_level/addr_space: GPU_FENCE_INVALID
*** end of the data structure *** 

*** begin of the data structure *** 
core_id:40 thread_id:9
opcode: NVBIT_IMAD
num_read_regs: 2
num_dest_regs: 1
src0: 255
src1: 255
dst0: 1
is_fp: 0
cf_type: NOT_CF
is_load: 0
inst_size: 16
inst_addr: 7f4eecacbf00
active_mask: ffffffff
br_taken_mask: 0
br_target_addr: 7f4eecacbf10
reconv_inst_addr/mem_addr: 0
mem_addr/reconv_inst_addr: 0
mem_access_size/barrier_id: 4
num_barrier_threads: 0
addr_space/fence_level: GPU_ADDR_SP_INVALID
barrier_id/mem_access_size: 4
fence_level/addr_space: GPU_FENCE_INVALID
*** end of the data structure *** 

*** begin of the data structure *** 
core_id:40 thread_id:10
opcode: NVBIT_IMAD
num_read_regs: 2
num_dest_regs: 1
src0: 255
src1: 255
dst0: 1
is_fp: 0
cf_type: NOT_CF
is_load: 0
inst_size: 16
inst_addr: 7f4eecacbf00
active_mask: ffffffff
br_taken_mask: 0
br_target_addr: 7f4eecacbf10
reconv_inst_addr/mem_addr: 0
mem_addr/reconv_inst_addr: 0
mem_access_size/barrier_id: 4
num_barrier_threads: 0
addr_space/fence_level: GPU_ADDR_SP_INVALID
barrier_id/mem_access_size: 4
fence_level/addr_space: GPU_FENCE_INVALID
*** end of the data structure *** 

*** begin of the data structure *** 
core_id:40 thread_id:11
opcode: NVBIT_IMAD
num_read_regs: 2
num_dest_regs: 1
src0: 255
src1: 255
dst0: 1
is_fp: 0
cf_type: NOT_CF
is_load: 0
inst_size: 16
inst_addr: 7f4eecacbf00
active_mask: ffffffff
br_taken_mask: 0
br_target_addr: 7f4eecacbf10
reconv_inst_addr/mem_addr: 0
mem_addr/reconv_inst_addr: 0
mem_access_size/barrier_id: 4
num_barrier_threads: 0
addr_space/fence_level: GPU_ADDR_SP_INVALID
barrier_id/mem_access_size: 4
fence_level/addr_space: GPU_FENCE_INVALID
*** end of the data structure *** 

*** begin of the data structure *** 
core_id:41 thread_id:8
opcode: NVBIT_IMAD
num_read_regs: 2
num_dest_regs: 1
src0: 255
src1: 255
dst0: 1
is_fp: 0
cf_type: NOT_CF
is_load: 0
inst_size: 16
inst_addr: 7f4eecacbf00
active_mask: ffffffff
br_taken_mask: 0
br_target_addr: 7f4eecacbf10
reconv_inst_addr/mem_addr: 0
mem_addr/reconv_inst_addr: 0
mem_access_size/barrier_id: 4
num_barrier_threads: 0
addr_space/fence_level: GPU_ADDR_SP_INVALID
barrier_id/mem_access_size: 4
fence_level/addr_space: GPU_FENCE_INVALID
*** end of the data structure *** 

*** begin of the data structure *** 
core_id:41 thread_id:9
opcode: NVBIT_IMAD
num_read_regs: 2
num_dest_regs: 1
src0: 255
src1: 255
dst0: 1
is_fp: 0
cf_type: NOT_CF
is_load: 0
inst_size: 16
inst_addr: 7f4eecacbf00
active_mask: ffffffff
br_taken_mask: 0
br_target_addr: 7f4eecacbf10
reconv_inst_addr/mem_addr: 0
mem_addr/reconv_inst_addr: 0
mem_access_size/barrier_id: 4
num_barrier_threads: 0
addr_space/fence_level: GPU_ADDR_SP_INVALID
barrier_id/mem_access_size: 4
fence_level/addr_space: GPU_FENCE_INVALID
*** end of the data structure *** 

*** begin of the data structure *** 
core_id:41 thread_id:10
opcode: NVBIT_IMAD
num_read_regs: 2
num_dest_regs: 1
src0: 255
src1: 255
dst0: 1
is_fp: 0
cf_type: NOT_CF
is_load: 0
inst_size: 16
inst_addr: 7f4eecacbf00
active_mask: ffffffff
br_taken_mask: 0
br_target_addr: 7f4eecacbf10
reconv_inst_addr/mem_addr: 0
mem_addr/reconv_inst_addr: 0
mem_access_size/barrier_id: 4
num_barrier_threads: 0
addr_space/fence_level: GPU_ADDR_SP_INVALID
barrier_id/mem_access_size: 4
fence_level/addr_space: GPU_FENCE_INVALID
*** end of the data structure *** 

*** begin of the data structure *** 
core_id:41 thread_id:11
opcode: NVBIT_IMAD
num_read_regs: 2
num_dest_regs: 1
src0: 255
src1: 255
dst0: 1
is_fp: 0
cf_type: NOT_CF
is_load: 0
inst_size: 16
inst_addr: 7f4eecacbf00
active_mask: ffffffff
br_taken_mask: 0
br_target_addr: 7f4eecacbf10
reconv_inst_addr/mem_addr: 0
mem_addr/reconv_inst_addr: 0
mem_access_size/barrier_id: 4
num_barrier_threads: 0
addr_space/fence_level: GPU_ADDR_SP_INVALID
barrier_id/mem_access_size: 4
fence_level/addr_space: GPU_FENCE_INVALID
*** end of the data structure *** 

*** begin of the data structure *** 
core_id:42 thread_id:8
opcode: NVBIT_IMAD
num_read_regs: 2
num_dest_regs: 1
src0: 255
src1: 255
dst0: 1
is_fp: 0
cf_type: NOT_CF
is_load: 0
inst_size: 16
inst_addr: 7f4eecacbf00
active_mask: ffffffff
br_taken_mask: 0
br_target_addr: 7f4eecacbf10
reconv_inst_addr/mem_addr: 0
mem_addr/reconv_inst_addr: 0
mem_access_size/barrier_id: 4
num_barrier_threads: 0
addr_space/fence_level: GPU_ADDR_SP_INVALID
barrier_id/mem_access_size: 4
fence_level/addr_space: GPU_FENCE_INVALID
*** end of the data structure *** 

*** begin of the data structure *** 
core_id:42 thread_id:9
opcode: NVBIT_IMAD
num_read_regs: 2
num_dest_regs: 1
src0: 255
src1: 255
dst0: 1
is_fp: 0
cf_type: NOT_CF
is_load: 0
inst_size: 16
inst_addr: 7f4eecacbf00
active_mask: ffffffff
br_taken_mask: 0
br_target_addr: 7f4eecacbf10
reconv_inst_addr/mem_addr: 0
mem_addr/reconv_inst_addr: 0
mem_access_size/barrier_id: 4
num_barrier_threads: 0
addr_space/fence_level: GPU_ADDR_SP_INVALID
barrier_id/mem_access_size: 4
fence_level/addr_space: GPU_FENCE_INVALID
*** end of the data structure *** 

*** begin of the data structure *** 
core_id:42 thread_id:10
opcode: NVBIT_IMAD
num_read_regs: 2
num_dest_regs: 1
src0: 255
src1: 255
dst0: 1
is_fp: 0
cf_type: NOT_CF
is_load: 0
inst_size: 16
inst_addr: 7f4eecacbf00
active_mask: ffffffff
br_taken_mask: 0
br_target_addr: 7f4eecacbf10
reconv_inst_addr/mem_addr: 0
mem_addr/reconv_inst_addr: 0
mem_access_size/barrier_id: 4
num_barrier_threads: 0
addr_space/fence_level: GPU_ADDR_SP_INVALID
barrier_id/mem_access_size: 4
fence_level/addr_space: GPU_FENCE_INVALID
*** end of the data structure *** 

*** begin of the data structure *** 
core_id:42 thread_id:11
opcode: NVBIT_IMAD
num_read_regs: 2
num_dest_regs: 1
src0: 255
src1: 255
dst0: 1
is_fp: 0
cf_type: NOT_CF
is_load: 0
inst_size: 16
inst_addr: 7f4eecacbf00
active_mask: ffffffff
br_taken_mask: 0
br_target_addr: 7f4eecacbf10
reconv_inst_addr/mem_addr: 0
mem_addr/reconv_inst_addr: 0
mem_access_size/barrier_id: 4
num_barrier_threads: 0
addr_space/fence_level: GPU_ADDR_SP_INVALID
barrier_id/mem_access_size: 4
fence_level/addr_space: GPU_FENCE_INVALID
*** end of the data structure *** 

*** begin of the data structure *** 
core_id:43 thread_id:8
opcode: NVBIT_IMAD
num_read_regs: 2
num_dest_regs: 1
src0: 255
src1: 255
dst0: 1
is_fp: 0
cf_type: NOT_CF
is_load: 0
inst_size: 16
inst_addr: 7f4eecacbf00
active_mask: ffffffff
br_taken_mask: 0
br_target_addr: 7f4eecacbf10
reconv_inst_addr/mem_addr: 0
mem_addr/reconv_inst_addr: 0
mem_access_size/barrier_id: 4
num_barrier_threads: 0
addr_space/fence_level: GPU_ADDR_SP_INVALID
barrier_id/mem_access_size: 4
fence_level/addr_space: GPU_FENCE_INVALID
*** end of the data structure *** 

*** begin of the data structure *** 
core_id:43 thread_id:9
opcode: NVBIT_IMAD
num_read_regs: 2
num_dest_regs: 1
src0: 255
src1: 255
dst0: 1
is_fp: 0
cf_type: NOT_CF
is_load: 0
inst_size: 16
inst_addr: 7f4eecacbf00
active_mask: ffffffff
br_taken_mask: 0
br_target_addr: 7f4eecacbf10
reconv_inst_addr/mem_addr: 0
mem_addr/reconv_inst_addr: 0
mem_access_size/barrier_id: 4
num_barrier_threads: 0
addr_space/fence_level: GPU_ADDR_SP_INVALID
barrier_id/mem_access_size: 4
fence_level/addr_space: GPU_FENCE_INVALID
*** end of the data structure *** 

*** begin of the data structure *** 
core_id:43 thread_id:10
opcode: NVBIT_IMAD
num_read_regs: 2
num_dest_regs: 1
src0: 255
src1: 255
dst0: 1
is_fp: 0
cf_type: NOT_CF
is_load: 0
inst_size: 16
inst_addr: 7f4eecacbf00
active_mask: ffffffff
br_taken_mask: 0
br_target_addr: 7f4eecacbf10
reconv_inst_addr/mem_addr: 0
mem_addr/reconv_inst_addr: 0
mem_access_size/barrier_id: 4
num_barrier_threads: 0
addr_space/fence_level: GPU_ADDR_SP_INVALID
barrier_id/mem_access_size: 4
fence_level/addr_space: GPU_FENCE_INVALID
*** end of the data structure *** 

*** begin of the data structure *** 
core_id:43 thread_id:11
opcode: NVBIT_IMAD
num_read_regs: 2
num_dest_regs: 1
src0: 255
src1: 255
dst0: 1
is_fp: 0
cf_type: NOT_CF
is_load: 0
inst_size: 16
inst_addr: 7f4eecacbf00
active_mask: ffffffff
br_taken_mask: 0
br_target_addr: 7f4eecacbf10
reconv_inst_addr/mem_addr: 0
mem_addr/reconv_inst_addr: 0
mem_access_size/barrier_id: 4
num_barrier_threads: 0
addr_space/fence_level: GPU_ADDR_SP_INVALID
barrier_id/mem_access_size: 4
fence_level/addr_space: GPU_FENCE_INVALID
*** end of the data structure *** 

*** begin of the data structure *** 
core_id:44 thread_id:8
opcode: NVBIT_IMAD
num_read_regs: 2
num_dest_regs: 1
src0: 255
src1: 255
dst0: 1
is_fp: 0
cf_type: NOT_CF
is_load: 0
inst_size: 16
inst_addr: 7f4eecacbf00
active_mask: ffffffff
br_taken_mask: 0
br_target_addr: 7f4eecacbf10
reconv_inst_addr/mem_addr: 0
mem_addr/reconv_inst_addr: 0
mem_access_size/barrier_id: 4
num_barrier_threads: 0
addr_space/fence_level: GPU_ADDR_SP_INVALID
barrier_id/mem_access_size: 4
fence_level/addr_space: GPU_FENCE_INVALID
*** end of the data structure *** 

*** begin of the data structure *** 
core_id:44 thread_id:9
opcode: NVBIT_IMAD
num_read_regs: 2
num_dest_regs: 1
src0: 255
src1: 255
dst0: 1
is_fp: 0
cf_type: NOT_CF
is_load: 0
inst_size: 16
inst_addr: 7f4eecacbf00
active_mask: ffffffff
br_taken_mask: 0
br_target_addr: 7f4eecacbf10
reconv_inst_addr/mem_addr: 0
mem_addr/reconv_inst_addr: 0
mem_access_size/barrier_id: 4
num_barrier_threads: 0
addr_space/fence_level: GPU_ADDR_SP_INVALID
barrier_id/mem_access_size: 4
fence_level/addr_space: GPU_FENCE_INVALID
*** end of the data structure *** 

*** begin of the data structure *** 
core_id:44 thread_id:10
opcode: NVBIT_IMAD
num_read_regs: 2
num_dest_regs: 1
src0: 255
src1: 255
dst0: 1
is_fp: 0
cf_type: NOT_CF
is_load: 0
inst_size: 16
inst_addr: 7f4eecacbf00
active_mask: ffffffff
br_taken_mask: 0
br_target_addr: 7f4eecacbf10
reconv_inst_addr/mem_addr: 0
mem_addr/reconv_inst_addr: 0
mem_access_size/barrier_id: 4
num_barrier_threads: 0
addr_space/fence_level: GPU_ADDR_SP_INVALID
barrier_id/mem_access_size: 4
fence_level/addr_space: GPU_FENCE_INVALID
*** end of the data structure *** 

*** begin of the data structure *** 
core_id:44 thread_id:11
opcode: NVBIT_IMAD
num_read_regs: 2
num_dest_regs: 1
src0: 255
src1: 255
dst0: 1
is_fp: 0
cf_type: NOT_CF
is_load: 0
inst_size: 16
inst_addr: 7f4eecacbf00
active_mask: ffffffff
br_taken_mask: 0
br_target_addr: 7f4eecacbf10
reconv_inst_addr/mem_addr: 0
mem_addr/reconv_inst_addr: 0
mem_access_size/barrier_id: 4
num_barrier_threads: 0
addr_space/fence_level: GPU_ADDR_SP_INVALID
barrier_id/mem_access_size: 4
fence_level/addr_space: GPU_FENCE_INVALID
*** end of the data structure *** 

*** begin of the data structure *** 
core_id:45 thread_id:8
opcode: NVBIT_IMAD
num_read_regs: 2
num_dest_regs: 1
src0: 255
src1: 255
dst0: 1
is_fp: 0
cf_type: NOT_CF
is_load: 0
inst_size: 16
inst_addr: 7f4eecacbf00
active_mask: ffffffff
br_taken_mask: 0
br_target_addr: 7f4eecacbf10
reconv_inst_addr/mem_addr: 0
mem_addr/reconv_inst_addr: 0
mem_access_size/barrier_id: 4
num_barrier_threads: 0
addr_space/fence_level: GPU_ADDR_SP_INVALID
barrier_id/mem_access_size: 4
fence_level/addr_space: GPU_FENCE_INVALID
*** end of the data structure *** 

*** begin of the data structure *** 
core_id:45 thread_id:9
opcode: NVBIT_IMAD
num_read_regs: 2
num_dest_regs: 1
src0: 255
src1: 255
dst0: 1
is_fp: 0
cf_type: NOT_CF
is_load: 0
inst_size: 16
inst_addr: 7f4eecacbf00
active_mask: ffffffff
br_taken_mask: 0
br_target_addr: 7f4eecacbf10
reconv_inst_addr/mem_addr: 0
mem_addr/reconv_inst_addr: 0
mem_access_size/barrier_id: 4
num_barrier_threads: 0
addr_space/fence_level: GPU_ADDR_SP_INVALID
barrier_id/mem_access_size: 4
fence_level/addr_space: GPU_FENCE_INVALID
*** end of the data structure *** 

*** begin of the data structure *** 
core_id:45 thread_id:10
opcode: NVBIT_IMAD
num_read_regs: 2
num_dest_regs: 1
src0: 255
src1: 255
dst0: 1
is_fp: 0
cf_type: NOT_CF
is_load: 0
inst_size: 16
inst_addr: 7f4eecacbf00
active_mask: ffffffff
br_taken_mask: 0
br_target_addr: 7f4eecacbf10
reconv_inst_addr/mem_addr: 0
mem_addr/reconv_inst_addr: 0
mem_access_size/barrier_id: 4
num_barrier_threads: 0
addr_space/fence_level: GPU_ADDR_SP_INVALID
barrier_id/mem_access_size: 4
fence_level/addr_space: GPU_FENCE_INVALID
*** end of the data structure *** 

*** begin of the data structure *** 
core_id:45 thread_id:11
opcode: NVBIT_IMAD
num_read_regs: 2
num_dest_regs: 1
src0: 255
src1: 255
dst0: 1
is_fp: 0
cf_type: NOT_CF
is_load: 0
inst_size: 16
inst_addr: 7f4eecacbf00
active_mask: ffffffff
br_taken_mask: 0
br_target_addr: 7f4eecacbf10
reconv_inst_addr/mem_addr: 0
mem_addr/reconv_inst_addr: 0
mem_access_size/barrier_id: 4
num_barrier_threads: 0
addr_space/fence_level: GPU_ADDR_SP_INVALID
barrier_id/mem_access_size: 4
fence_level/addr_space: GPU_FENCE_INVALID
*** end of the data structure *** 

*** begin of the data structure *** 
core_id:46 thread_id:8
opcode: NVBIT_IMAD
num_read_regs: 2
num_dest_regs: 1
src0: 255
src1: 255
dst0: 1
is_fp: 0
cf_type: NOT_CF
is_load: 0
inst_size: 16
inst_addr: 7f4eecacbf00
active_mask: ffffffff
br_taken_mask: 0
br_target_addr: 7f4eecacbf10
reconv_inst_addr/mem_addr: 0
mem_addr/reconv_inst_addr: 0
mem_access_size/barrier_id: 4
num_barrier_threads: 0
addr_space/fence_level: GPU_ADDR_SP_INVALID
barrier_id/mem_access_size: 4
fence_level/addr_space: GPU_FENCE_INVALID
*** end of the data structure *** 

*** begin of the data structure *** 
core_id:46 thread_id:9
opcode: NVBIT_IMAD
num_read_regs: 2
num_dest_regs: 1
src0: 255
src1: 255
dst0: 1
is_fp: 0
cf_type: NOT_CF
is_load: 0
inst_size: 16
inst_addr: 7f4eecacbf00
active_mask: ffffffff
br_taken_mask: 0
br_target_addr: 7f4eecacbf10
reconv_inst_addr/mem_addr: 0
mem_addr/reconv_inst_addr: 0
mem_access_size/barrier_id: 4
num_barrier_threads: 0
addr_space/fence_level: GPU_ADDR_SP_INVALID
barrier_id/mem_access_size: 4
fence_level/addr_space: GPU_FENCE_INVALID
*** end of the data structure *** 

*** begin of the data structure *** 
core_id:46 thread_id:10
opcode: NVBIT_IMAD
num_read_regs: 2
num_dest_regs: 1
src0: 255
src1: 255
dst0: 1
is_fp: 0
cf_type: NOT_CF
is_load: 0
inst_size: 16
inst_addr: 7f4eecacbf00
active_mask: ffffffff
br_taken_mask: 0
br_target_addr: 7f4eecacbf10
reconv_inst_addr/mem_addr: 0
mem_addr/reconv_inst_addr: 0
mem_access_size/barrier_id: 4
num_barrier_threads: 0
addr_space/fence_level: GPU_ADDR_SP_INVALID
barrier_id/mem_access_size: 4
fence_level/addr_space: GPU_FENCE_INVALID
*** end of the data structure *** 

*** begin of the data structure *** 
core_id:46 thread_id:11
opcode: NVBIT_IMAD
num_read_regs: 2
num_dest_regs: 1
src0: 255
src1: 255
dst0: 1
is_fp: 0
cf_type: NOT_CF
is_load: 0
inst_size: 16
inst_addr: 7f4eecacbf00
active_mask: ffffffff
br_taken_mask: 0
br_target_addr: 7f4eecacbf10
reconv_inst_addr/mem_addr: 0
mem_addr/reconv_inst_addr: 0
mem_access_size/barrier_id: 4
num_barrier_threads: 0
addr_space/fence_level: GPU_ADDR_SP_INVALID
barrier_id/mem_access_size: 4
fence_level/addr_space: GPU_FENCE_INVALID
*** end of the data structure *** 

*** begin of the data structure *** 
core_id:47 thread_id:8
opcode: NVBIT_IMAD
num_read_regs: 2
num_dest_regs: 1
src0: 255
src1: 255
dst0: 1
is_fp: 0
cf_type: NOT_CF
is_load: 0
inst_size: 16
inst_addr: 7f4eecacbf00
active_mask: ffffffff
br_taken_mask: 0
br_target_addr: 7f4eecacbf10
reconv_inst_addr/mem_addr: 0
mem_addr/reconv_inst_addr: 0
mem_access_size/barrier_id: 4
num_barrier_threads: 0
addr_space/fence_level: GPU_ADDR_SP_INVALID
barrier_id/mem_access_size: 4
fence_level/addr_space: GPU_FENCE_INVALID
*** end of the data structure *** 

*** begin of the data structure *** 
core_id:47 thread_id:9
opcode: NVBIT_IMAD
num_read_regs: 2
num_dest_regs: 1
src0: 255
src1: 255
dst0: 1
is_fp: 0
cf_type: NOT_CF
is_load: 0
inst_size: 16
inst_addr: 7f4eecacbf00
active_mask: ffffffff
br_taken_mask: 0
br_target_addr: 7f4eecacbf10
reconv_inst_addr/mem_addr: 0
mem_addr/reconv_inst_addr: 0
mem_access_size/barrier_id: 4
num_barrier_threads: 0
addr_space/fence_level: GPU_ADDR_SP_INVALID
barrier_id/mem_access_size: 4
fence_level/addr_space: GPU_FENCE_INVALID
*** end of the data structure *** 

*** begin of the data structure *** 
core_id:47 thread_id:10
opcode: NVBIT_IMAD
num_read_regs: 2
num_dest_regs: 1
src0: 255
src1: 255
dst0: 1
is_fp: 0
cf_type: NOT_CF
is_load: 0
inst_size: 16
inst_addr: 7f4eecacbf00
active_mask: ffffffff
br_taken_mask: 0
br_target_addr: 7f4eecacbf10
reconv_inst_addr/mem_addr: 0
mem_addr/reconv_inst_addr: 0
mem_access_size/barrier_id: 4
num_barrier_threads: 0
addr_space/fence_level: GPU_ADDR_SP_INVALID
barrier_id/mem_access_size: 4
fence_level/addr_space: GPU_FENCE_INVALID
*** end of the data structure *** 

*** begin of the data structure *** 
core_id:47 thread_id:11
opcode: NVBIT_IMAD
num_read_regs: 2
num_dest_regs: 1
src0: 255
src1: 255
dst0: 1
is_fp: 0
cf_type: NOT_CF
is_load: 0
inst_size: 16
inst_addr: 7f4eecacbf00
active_mask: ffffffff
br_taken_mask: 0
br_target_addr: 7f4eecacbf10
reconv_inst_addr/mem_addr: 0
mem_addr/reconv_inst_addr: 0
mem_access_size/barrier_id: 4
num_barrier_threads: 0
addr_space/fence_level: GPU_ADDR_SP_INVALID
barrier_id/mem_access_size: 4
fence_level/addr_space: GPU_FENCE_INVALID
*** end of the data structure *** 

*** begin of the data structure *** 
core_id:48 thread_id:8
opcode: NVBIT_IMAD
num_read_regs: 2
num_dest_regs: 1
src0: 255
src1: 255
dst0: 1
is_fp: 0
cf_type: NOT_CF
is_load: 0
inst_size: 16
inst_addr: 7f4eecacbf00
active_mask: ffffffff
br_taken_mask: 0
br_target_addr: 7f4eecacbf10
reconv_inst_addr/mem_addr: 0
mem_addr/reconv_inst_addr: 0
mem_access_size/barrier_id: 4
num_barrier_threads: 0
addr_space/fence_level: GPU_ADDR_SP_INVALID
barrier_id/mem_access_size: 4
fence_level/addr_space: GPU_FENCE_INVALID
*** end of the data structure *** 

*** begin of the data structure *** 
core_id:48 thread_id:9
opcode: NVBIT_IMAD
num_read_regs: 2
num_dest_regs: 1
src0: 255
src1: 255
dst0: 1
is_fp: 0
cf_type: NOT_CF
is_load: 0
inst_size: 16
inst_addr: 7f4eecacbf00
active_mask: ffffffff
br_taken_mask: 0
br_target_addr: 7f4eecacbf10
reconv_inst_addr/mem_addr: 0
mem_addr/reconv_inst_addr: 0
mem_access_size/barrier_id: 4
num_barrier_threads: 0
addr_space/fence_level: GPU_ADDR_SP_INVALID
barrier_id/mem_access_size: 4
fence_level/addr_space: GPU_FENCE_INVALID
*** end of the data structure *** 

*** begin of the data structure *** 
core_id:48 thread_id:10
opcode: NVBIT_IMAD
num_read_regs: 2
num_dest_regs: 1
src0: 255
src1: 255
dst0: 1
is_fp: 0
cf_type: NOT_CF
is_load: 0
inst_size: 16
inst_addr: 7f4eecacbf00
active_mask: ffffffff
br_taken_mask: 0
br_target_addr: 7f4eecacbf10
reconv_inst_addr/mem_addr: 0
mem_addr/reconv_inst_addr: 0
mem_access_size/barrier_id: 4
num_barrier_threads: 0
addr_space/fence_level: GPU_ADDR_SP_INVALID
barrier_id/mem_access_size: 4
fence_level/addr_space: GPU_FENCE_INVALID
*** end of the data structure *** 

*** begin of the data structure *** 
core_id:48 thread_id:11
opcode: NVBIT_IMAD
num_read_regs: 2
num_dest_regs: 1
src0: 255
src1: 255
dst0: 1
is_fp: 0
cf_type: NOT_CF
is_load: 0
inst_size: 16
inst_addr: 7f4eecacbf00
active_mask: ffffffff
br_taken_mask: 0
br_target_addr: 7f4eecacbf10
reconv_inst_addr/mem_addr: 0
mem_addr/reconv_inst_addr: 0
mem_access_size/barrier_id: 4
num_barrier_threads: 0
addr_space/fence_level: GPU_ADDR_SP_INVALID
barrier_id/mem_access_size: 4
fence_level/addr_space: GPU_FENCE_INVALID
*** end of the data structure *** 

*** begin of the data structure *** 
core_id:49 thread_id:8
opcode: NVBIT_IMAD
num_read_regs: 2
num_dest_regs: 1
src0: 255
src1: 255
dst0: 1
is_fp: 0
cf_type: NOT_CF
is_load: 0
inst_size: 16
inst_addr: 7f4eecacbf00
active_mask: ffffffff
br_taken_mask: 0
br_target_addr: 7f4eecacbf10
reconv_inst_addr/mem_addr: 0
mem_addr/reconv_inst_addr: 0
mem_access_size/barrier_id: 4
num_barrier_threads: 0
addr_space/fence_level: GPU_ADDR_SP_INVALID
barrier_id/mem_access_size: 4
fence_level/addr_space: GPU_FENCE_INVALID
*** end of the data structure *** 

*** begin of the data structure *** 
core_id:49 thread_id:9
opcode: NVBIT_IMAD
num_read_regs: 2
num_dest_regs: 1
src0: 255
src1: 255
dst0: 1
is_fp: 0
cf_type: NOT_CF
is_load: 0
inst_size: 16
inst_addr: 7f4eecacbf00
active_mask: ffffffff
br_taken_mask: 0
br_target_addr: 7f4eecacbf10
reconv_inst_addr/mem_addr: 0
mem_addr/reconv_inst_addr: 0
mem_access_size/barrier_id: 4
num_barrier_threads: 0
addr_space/fence_level: GPU_ADDR_SP_INVALID
barrier_id/mem_access_size: 4
fence_level/addr_space: GPU_FENCE_INVALID
*** end of the data structure *** 

*** begin of the data structure *** 
core_id:49 thread_id:10
opcode: NVBIT_IMAD
num_read_regs: 2
num_dest_regs: 1
src0: 255
src1: 255
dst0: 1
is_fp: 0
cf_type: NOT_CF
is_load: 0
inst_size: 16
inst_addr: 7f4eecacbf00
active_mask: ffffffff
br_taken_mask: 0
br_target_addr: 7f4eecacbf10
reconv_inst_addr/mem_addr: 0
mem_addr/reconv_inst_addr: 0
mem_access_size/barrier_id: 4
num_barrier_threads: 0
addr_space/fence_level: GPU_ADDR_SP_INVALID
barrier_id/mem_access_size: 4
fence_level/addr_space: GPU_FENCE_INVALID
*** end of the data structure *** 

*** begin of the data structure *** 
core_id:49 thread_id:11
opcode: NVBIT_IMAD
num_read_regs: 2
num_dest_regs: 1
src0: 255
src1: 255
dst0: 1
is_fp: 0
cf_type: NOT_CF
is_load: 0
inst_size: 16
inst_addr: 7f4eecacbf00
active_mask: ffffffff
br_taken_mask: 0
br_target_addr: 7f4eecacbf10
reconv_inst_addr/mem_addr: 0
mem_addr/reconv_inst_addr: 0
mem_access_size/barrier_id: 4
num_barrier_threads: 0
addr_space/fence_level: GPU_ADDR_SP_INVALID
barrier_id/mem_access_size: 4
fence_level/addr_space: GPU_FENCE_INVALID
*** end of the data structure *** 

*** begin of the data structure *** 
core_id:50 thread_id:8
opcode: NVBIT_IMAD
num_read_regs: 2
num_dest_regs: 1
src0: 255
src1: 255
dst0: 1
is_fp: 0
cf_type: NOT_CF
is_load: 0
inst_size: 16
inst_addr: 7f4eecacbf00
active_mask: ffffffff
br_taken_mask: 0
br_target_addr: 7f4eecacbf10
reconv_inst_addr/mem_addr: 0
mem_addr/reconv_inst_addr: 0
mem_access_size/barrier_id: 4
num_barrier_threads: 0
addr_space/fence_level: GPU_ADDR_SP_INVALID
barrier_id/mem_access_size: 4
fence_level/addr_space: GPU_FENCE_INVALID
*** end of the data structure *** 

*** begin of the data structure *** 
core_id:50 thread_id:9
opcode: NVBIT_IMAD
num_read_regs: 2
num_dest_regs: 1
src0: 255
src1: 255
dst0: 1
is_fp: 0
cf_type: NOT_CF
is_load: 0
inst_size: 16
inst_addr: 7f4eecacbf00
active_mask: ffffffff
br_taken_mask: 0
br_target_addr: 7f4eecacbf10
reconv_inst_addr/mem_addr: 0
mem_addr/reconv_inst_addr: 0
mem_access_size/barrier_id: 4
num_barrier_threads: 0
addr_space/fence_level: GPU_ADDR_SP_INVALID
barrier_id/mem_access_size: 4
fence_level/addr_space: GPU_FENCE_INVALID
*** end of the data structure *** 

*** begin of the data structure *** 
core_id:50 thread_id:10
opcode: NVBIT_IMAD
num_read_regs: 2
num_dest_regs: 1
src0: 255
src1: 255
dst0: 1
is_fp: 0
cf_type: NOT_CF
is_load: 0
inst_size: 16
inst_addr: 7f4eecacbf00
active_mask: ffffffff
br_taken_mask: 0
br_target_addr: 7f4eecacbf10
reconv_inst_addr/mem_addr: 0
mem_addr/reconv_inst_addr: 0
mem_access_size/barrier_id: 4
num_barrier_threads: 0
addr_space/fence_level: GPU_ADDR_SP_INVALID
barrier_id/mem_access_size: 4
fence_level/addr_space: GPU_FENCE_INVALID
*** end of the data structure *** 

*** begin of the data structure *** 
core_id:50 thread_id:11
opcode: NVBIT_IMAD
num_read_regs: 2
num_dest_regs: 1
src0: 255
src1: 255
dst0: 1
is_fp: 0
cf_type: NOT_CF
is_load: 0
inst_size: 16
inst_addr: 7f4eecacbf00
active_mask: ffffffff
br_taken_mask: 0
br_target_addr: 7f4eecacbf10
reconv_inst_addr/mem_addr: 0
mem_addr/reconv_inst_addr: 0
mem_access_size/barrier_id: 4
num_barrier_threads: 0
addr_space/fence_level: GPU_ADDR_SP_INVALID
barrier_id/mem_access_size: 4
fence_level/addr_space: GPU_FENCE_INVALID
*** end of the data structure *** 

*** begin of the data structure *** 
core_id:51 thread_id:8
opcode: NVBIT_IMAD
num_read_regs: 2
num_dest_regs: 1
src0: 255
src1: 255
dst0: 1
is_fp: 0
cf_type: NOT_CF
is_load: 0
inst_size: 16
inst_addr: 7f4eecacbf00
active_mask: ffffffff
br_taken_mask: 0
br_target_addr: 7f4eecacbf10
reconv_inst_addr/mem_addr: 0
mem_addr/reconv_inst_addr: 0
mem_access_size/barrier_id: 4
num_barrier_threads: 0
addr_space/fence_level: GPU_ADDR_SP_INVALID
barrier_id/mem_access_size: 4
fence_level/addr_space: GPU_FENCE_INVALID
*** end of the data structure *** 

*** begin of the data structure *** 
core_id:51 thread_id:9
opcode: NVBIT_IMAD
num_read_regs: 2
num_dest_regs: 1
src0: 255
src1: 255
dst0: 1
is_fp: 0
cf_type: NOT_CF
is_load: 0
inst_size: 16
inst_addr: 7f4eecacbf00
active_mask: ffffffff
br_taken_mask: 0
br_target_addr: 7f4eecacbf10
reconv_inst_addr/mem_addr: 0
mem_addr/reconv_inst_addr: 0
mem_access_size/barrier_id: 4
num_barrier_threads: 0
addr_space/fence_level: GPU_ADDR_SP_INVALID
barrier_id/mem_access_size: 4
fence_level/addr_space: GPU_FENCE_INVALID
*** end of the data structure *** 

*** begin of the data structure *** 
core_id:51 thread_id:10
opcode: NVBIT_IMAD
num_read_regs: 2
num_dest_regs: 1
src0: 255
src1: 255
dst0: 1
is_fp: 0
cf_type: NOT_CF
is_load: 0
inst_size: 16
inst_addr: 7f4eecacbf00
active_mask: ffffffff
br_taken_mask: 0
br_target_addr: 7f4eecacbf10
reconv_inst_addr/mem_addr: 0
mem_addr/reconv_inst_addr: 0
mem_access_size/barrier_id: 4
num_barrier_threads: 0
addr_space/fence_level: GPU_ADDR_SP_INVALID
barrier_id/mem_access_size: 4
fence_level/addr_space: GPU_FENCE_INVALID
*** end of the data structure *** 

*** begin of the data structure *** 
core_id:51 thread_id:11
opcode: NVBIT_IMAD
num_read_regs: 2
num_dest_regs: 1
src0: 255
src1: 255
dst0: 1
is_fp: 0
cf_type: NOT_CF
is_load: 0
inst_size: 16
inst_addr: 7f4eecacbf00
active_mask: ffffffff
br_taken_mask: 0
br_target_addr: 7f4eecacbf10
reconv_inst_addr/mem_addr: 0
mem_addr/reconv_inst_addr: 0
mem_access_size/barrier_id: 4
num_barrier_threads: 0
addr_space/fence_level: GPU_ADDR_SP_INVALID
barrier_id/mem_access_size: 4
fence_level/addr_space: GPU_FENCE_INVALID
*** end of the data structure *** 

*** begin of the data structure *** 
core_id:52 thread_id:8
opcode: NVBIT_IMAD
num_read_regs: 2
num_dest_regs: 1
src0: 255
src1: 255
dst0: 1
is_fp: 0
cf_type: NOT_CF
is_load: 0
inst_size: 16
inst_addr: 7f4eecacbf00
active_mask: ffffffff
br_taken_mask: 0
br_target_addr: 7f4eecacbf10
reconv_inst_addr/mem_addr: 0
mem_addr/reconv_inst_addr: 0
mem_access_size/barrier_id: 4
num_barrier_threads: 0
addr_space/fence_level: GPU_ADDR_SP_INVALID
barrier_id/mem_access_size: 4
fence_level/addr_space: GPU_FENCE_INVALID
*** end of the data structure *** 

*** begin of the data structure *** 
core_id:52 thread_id:9
opcode: NVBIT_IMAD
num_read_regs: 2
num_dest_regs: 1
src0: 255
src1: 255
dst0: 1
is_fp: 0
cf_type: NOT_CF
is_load: 0
inst_size: 16
inst_addr: 7f4eecacbf00
active_mask: ffffffff
br_taken_mask: 0
br_target_addr: 7f4eecacbf10
reconv_inst_addr/mem_addr: 0
mem_addr/reconv_inst_addr: 0
mem_access_size/barrier_id: 4
num_barrier_threads: 0
addr_space/fence_level: GPU_ADDR_SP_INVALID
barrier_id/mem_access_size: 4
fence_level/addr_space: GPU_FENCE_INVALID
*** end of the data structure *** 

*** begin of the data structure *** 
core_id:52 thread_id:10
opcode: NVBIT_IMAD
num_read_regs: 2
num_dest_regs: 1
src0: 255
src1: 255
dst0: 1
is_fp: 0
cf_type: NOT_CF
is_load: 0
inst_size: 16
inst_addr: 7f4eecacbf00
active_mask: ffffffff
br_taken_mask: 0
br_target_addr: 7f4eecacbf10
reconv_inst_addr/mem_addr: 0
mem_addr/reconv_inst_addr: 0
mem_access_size/barrier_id: 4
num_barrier_threads: 0
addr_space/fence_level: GPU_ADDR_SP_INVALID
barrier_id/mem_access_size: 4
fence_level/addr_space: GPU_FENCE_INVALID
*** end of the data structure *** 

*** begin of the data structure *** 
core_id:52 thread_id:11
opcode: NVBIT_IMAD
num_read_regs: 2
num_dest_regs: 1
src0: 255
src1: 255
dst0: 1
is_fp: 0
cf_type: NOT_CF
is_load: 0
inst_size: 16
inst_addr: 7f4eecacbf00
active_mask: ffffffff
br_taken_mask: 0
br_target_addr: 7f4eecacbf10
reconv_inst_addr/mem_addr: 0
mem_addr/reconv_inst_addr: 0
mem_access_size/barrier_id: 4
num_barrier_threads: 0
addr_space/fence_level: GPU_ADDR_SP_INVALID
barrier_id/mem_access_size: 4
fence_level/addr_space: GPU_FENCE_INVALID
*** end of the data structure *** 

*** begin of the data structure *** 
core_id:53 thread_id:8
opcode: NVBIT_IMAD
num_read_regs: 2
num_dest_regs: 1
src0: 255
src1: 255
dst0: 1
is_fp: 0
cf_type: NOT_CF
is_load: 0
inst_size: 16
inst_addr: 7f4eecacbf00
active_mask: ffffffff
br_taken_mask: 0
br_target_addr: 7f4eecacbf10
reconv_inst_addr/mem_addr: 0
mem_addr/reconv_inst_addr: 0
mem_access_size/barrier_id: 4
num_barrier_threads: 0
addr_space/fence_level: GPU_ADDR_SP_INVALID
barrier_id/mem_access_size: 4
fence_level/addr_space: GPU_FENCE_INVALID
*** end of the data structure *** 

*** begin of the data structure *** 
core_id:53 thread_id:9
opcode: NVBIT_IMAD
num_read_regs: 2
num_dest_regs: 1
src0: 255
src1: 255
dst0: 1
is_fp: 0
cf_type: NOT_CF
is_load: 0
inst_size: 16
inst_addr: 7f4eecacbf00
active_mask: ffffffff
br_taken_mask: 0
br_target_addr: 7f4eecacbf10
reconv_inst_addr/mem_addr: 0
mem_addr/reconv_inst_addr: 0
mem_access_size/barrier_id: 4
num_barrier_threads: 0
addr_space/fence_level: GPU_ADDR_SP_INVALID
barrier_id/mem_access_size: 4
fence_level/addr_space: GPU_FENCE_INVALID
*** end of the data structure *** 

*** begin of the data structure *** 
core_id:53 thread_id:10
opcode: NVBIT_IMAD
num_read_regs: 2
num_dest_regs: 1
src0: 255
src1: 255
dst0: 1
is_fp: 0
cf_type: NOT_CF
is_load: 0
inst_size: 16
inst_addr: 7f4eecacbf00
active_mask: ffffffff
br_taken_mask: 0
br_target_addr: 7f4eecacbf10
reconv_inst_addr/mem_addr: 0
mem_addr/reconv_inst_addr: 0
mem_access_size/barrier_id: 4
num_barrier_threads: 0
addr_space/fence_level: GPU_ADDR_SP_INVALID
barrier_id/mem_access_size: 4
fence_level/addr_space: GPU_FENCE_INVALID
*** end of the data structure *** 

*** begin of the data structure *** 
core_id:53 thread_id:11
opcode: NVBIT_IMAD
num_read_regs: 2
num_dest_regs: 1
src0: 255
src1: 255
dst0: 1
is_fp: 0
cf_type: NOT_CF
is_load: 0
inst_size: 16
inst_addr: 7f4eecacbf00
active_mask: ffffffff
br_taken_mask: 0
br_target_addr: 7f4eecacbf10
reconv_inst_addr/mem_addr: 0
mem_addr/reconv_inst_addr: 0
mem_access_size/barrier_id: 4
num_barrier_threads: 0
addr_space/fence_level: GPU_ADDR_SP_INVALID
barrier_id/mem_access_size: 4
fence_level/addr_space: GPU_FENCE_INVALID
*** end of the data structure *** 

*** begin of the data structure *** 
core_id:54 thread_id:8
opcode: NVBIT_IMAD
num_read_regs: 2
num_dest_regs: 1
src0: 255
src1: 255
dst0: 1
is_fp: 0
cf_type: NOT_CF
is_load: 0
inst_size: 16
inst_addr: 7f4eecacbf00
active_mask: ffffffff
br_taken_mask: 0
br_target_addr: 7f4eecacbf10
reconv_inst_addr/mem_addr: 0
mem_addr/reconv_inst_addr: 0
mem_access_size/barrier_id: 4
num_barrier_threads: 0
addr_space/fence_level: GPU_ADDR_SP_INVALID
barrier_id/mem_access_size: 4
fence_level/addr_space: GPU_FENCE_INVALID
*** end of the data structure *** 

*** begin of the data structure *** 
core_id:54 thread_id:9
opcode: NVBIT_IMAD
num_read_regs: 2
num_dest_regs: 1
src0: 255
src1: 255
dst0: 1
is_fp: 0
cf_type: NOT_CF
is_load: 0
inst_size: 16
inst_addr: 7f4eecacbf00
active_mask: ffffffff
br_taken_mask: 0
br_target_addr: 7f4eecacbf10
reconv_inst_addr/mem_addr: 0
mem_addr/reconv_inst_addr: 0
mem_access_size/barrier_id: 4
num_barrier_threads: 0
addr_space/fence_level: GPU_ADDR_SP_INVALID
barrier_id/mem_access_size: 4
fence_level/addr_space: GPU_FENCE_INVALID
*** end of the data structure *** 

*** begin of the data structure *** 
core_id:54 thread_id:10
opcode: NVBIT_IMAD
num_read_regs: 2
num_dest_regs: 1
src0: 255
src1: 255
dst0: 1
is_fp: 0
cf_type: NOT_CF
is_load: 0
inst_size: 16
inst_addr: 7f4eecacbf00
active_mask: ffffffff
br_taken_mask: 0
br_target_addr: 7f4eecacbf10
reconv_inst_addr/mem_addr: 0
mem_addr/reconv_inst_addr: 0
mem_access_size/barrier_id: 4
num_barrier_threads: 0
addr_space/fence_level: GPU_ADDR_SP_INVALID
barrier_id/mem_access_size: 4
fence_level/addr_space: GPU_FENCE_INVALID
*** end of the data structure *** 

*** begin of the data structure *** 
core_id:54 thread_id:11
opcode: NVBIT_IMAD
num_read_regs: 2
num_dest_regs: 1
src0: 255
src1: 255
dst0: 1
is_fp: 0
cf_type: NOT_CF
is_load: 0
inst_size: 16
inst_addr: 7f4eecacbf00
active_mask: ffffffff
br_taken_mask: 0
br_target_addr: 7f4eecacbf10
reconv_inst_addr/mem_addr: 0
mem_addr/reconv_inst_addr: 0
mem_access_size/barrier_id: 4
num_barrier_threads: 0
addr_space/fence_level: GPU_ADDR_SP_INVALID
barrier_id/mem_access_size: 4
fence_level/addr_space: GPU_FENCE_INVALID
*** end of the data structure *** 

*** begin of the data structure *** 
core_id:55 thread_id:8
opcode: NVBIT_IMAD
num_read_regs: 2
num_dest_regs: 1
src0: 255
src1: 255
dst0: 1
is_fp: 0
cf_type: NOT_CF
is_load: 0
inst_size: 16
inst_addr: 7f4eecacbf00
active_mask: ffffffff
br_taken_mask: 0
br_target_addr: 7f4eecacbf10
reconv_inst_addr/mem_addr: 0
mem_addr/reconv_inst_addr: 0
mem_access_size/barrier_id: 4
num_barrier_threads: 0
addr_space/fence_level: GPU_ADDR_SP_INVALID
barrier_id/mem_access_size: 4
fence_level/addr_space: GPU_FENCE_INVALID
*** end of the data structure *** 

*** begin of the data structure *** 
core_id:55 thread_id:9
opcode: NVBIT_IMAD
num_read_regs: 2
num_dest_regs: 1
src0: 255
src1: 255
dst0: 1
is_fp: 0
cf_type: NOT_CF
is_load: 0
inst_size: 16
inst_addr: 7f4eecacbf00
active_mask: ffffffff
br_taken_mask: 0
br_target_addr: 7f4eecacbf10
reconv_inst_addr/mem_addr: 0
mem_addr/reconv_inst_addr: 0
mem_access_size/barrier_id: 4
num_barrier_threads: 0
addr_space/fence_level: GPU_ADDR_SP_INVALID
barrier_id/mem_access_size: 4
fence_level/addr_space: GPU_FENCE_INVALID
*** end of the data structure *** 

*** begin of the data structure *** 
core_id:55 thread_id:10
opcode: NVBIT_IMAD
num_read_regs: 2
num_dest_regs: 1
src0: 255
src1: 255
dst0: 1
is_fp: 0
cf_type: NOT_CF
is_load: 0
inst_size: 16
inst_addr: 7f4eecacbf00
active_mask: ffffffff
br_taken_mask: 0
br_target_addr: 7f4eecacbf10
reconv_inst_addr/mem_addr: 0
mem_addr/reconv_inst_addr: 0
mem_access_size/barrier_id: 4
num_barrier_threads: 0
addr_space/fence_level: GPU_ADDR_SP_INVALID
barrier_id/mem_access_size: 4
fence_level/addr_space: GPU_FENCE_INVALID
*** end of the data structure *** 

*** begin of the data structure *** 
core_id:55 thread_id:11
opcode: NVBIT_IMAD
num_read_regs: 2
num_dest_regs: 1
src0: 255
src1: 255
dst0: 1
is_fp: 0
cf_type: NOT_CF
is_load: 0
inst_size: 16
inst_addr: 7f4eecacbf00
active_mask: ffffffff
br_taken_mask: 0
br_target_addr: 7f4eecacbf10
reconv_inst_addr/mem_addr: 0
mem_addr/reconv_inst_addr: 0
mem_access_size/barrier_id: 4
num_barrier_threads: 0
addr_space/fence_level: GPU_ADDR_SP_INVALID
barrier_id/mem_access_size: 4
fence_level/addr_space: GPU_FENCE_INVALID
*** end of the data structure *** 

*** begin of the data structure *** 
core_id:56 thread_id:8
opcode: NVBIT_IMAD
num_read_regs: 2
num_dest_regs: 1
src0: 255
src1: 255
dst0: 1
is_fp: 0
cf_type: NOT_CF
is_load: 0
inst_size: 16
inst_addr: 7f4eecacbf00
active_mask: ffffffff
br_taken_mask: 0
br_target_addr: 7f4eecacbf10
reconv_inst_addr/mem_addr: 0
mem_addr/reconv_inst_addr: 0
mem_access_size/barrier_id: 4
num_barrier_threads: 0
addr_space/fence_level: GPU_ADDR_SP_INVALID
barrier_id/mem_access_size: 4
fence_level/addr_space: GPU_FENCE_INVALID
*** end of the data structure *** 

*** begin of the data structure *** 
core_id:56 thread_id:9
opcode: NVBIT_IMAD
num_read_regs: 2
num_dest_regs: 1
src0: 255
src1: 255
dst0: 1
is_fp: 0
cf_type: NOT_CF
is_load: 0
inst_size: 16
inst_addr: 7f4eecacbf00
active_mask: ffffffff
br_taken_mask: 0
br_target_addr: 7f4eecacbf10
reconv_inst_addr/mem_addr: 0
mem_addr/reconv_inst_addr: 0
mem_access_size/barrier_id: 4
num_barrier_threads: 0
addr_space/fence_level: GPU_ADDR_SP_INVALID
barrier_id/mem_access_size: 4
fence_level/addr_space: GPU_FENCE_INVALID
*** end of the data structure *** 

*** begin of the data structure *** 
core_id:56 thread_id:10
opcode: NVBIT_IMAD
num_read_regs: 2
num_dest_regs: 1
src0: 255
src1: 255
dst0: 1
is_fp: 0
cf_type: NOT_CF
is_load: 0
inst_size: 16
inst_addr: 7f4eecacbf00
active_mask: ffffffff
br_taken_mask: 0
br_target_addr: 7f4eecacbf10
reconv_inst_addr/mem_addr: 0
mem_addr/reconv_inst_addr: 0
mem_access_size/barrier_id: 4
num_barrier_threads: 0
addr_space/fence_level: GPU_ADDR_SP_INVALID
barrier_id/mem_access_size: 4
fence_level/addr_space: GPU_FENCE_INVALID
*** end of the data structure *** 

*** begin of the data structure *** 
core_id:56 thread_id:11
opcode: NVBIT_IMAD
num_read_regs: 2
num_dest_regs: 1
src0: 255
src1: 255
dst0: 1
is_fp: 0
cf_type: NOT_CF
is_load: 0
inst_size: 16
inst_addr: 7f4eecacbf00
active_mask: ffffffff
br_taken_mask: 0
br_target_addr: 7f4eecacbf10
reconv_inst_addr/mem_addr: 0
mem_addr/reconv_inst_addr: 0
mem_access_size/barrier_id: 4
num_barrier_threads: 0
addr_space/fence_level: GPU_ADDR_SP_INVALID
barrier_id/mem_access_size: 4
fence_level/addr_space: GPU_FENCE_INVALID
*** end of the data structure *** 

*** begin of the data structure *** 
core_id:57 thread_id:8
opcode: NVBIT_IMAD
num_read_regs: 2
num_dest_regs: 1
src0: 255
src1: 255
dst0: 1
is_fp: 0
cf_type: NOT_CF
is_load: 0
inst_size: 16
inst_addr: 7f4eecacbf00
active_mask: ffffffff
br_taken_mask: 0
br_target_addr: 7f4eecacbf10
reconv_inst_addr/mem_addr: 0
mem_addr/reconv_inst_addr: 0
mem_access_size/barrier_id: 4
num_barrier_threads: 0
addr_space/fence_level: GPU_ADDR_SP_INVALID
barrier_id/mem_access_size: 4
fence_level/addr_space: GPU_FENCE_INVALID
*** end of the data structure *** 

*** begin of the data structure *** 
core_id:57 thread_id:9
opcode: NVBIT_IMAD
num_read_regs: 2
num_dest_regs: 1
src0: 255
src1: 255
dst0: 1
is_fp: 0
cf_type: NOT_CF
is_load: 0
inst_size: 16
inst_addr: 7f4eecacbf00
active_mask: ffffffff
br_taken_mask: 0
br_target_addr: 7f4eecacbf10
reconv_inst_addr/mem_addr: 0
mem_addr/reconv_inst_addr: 0
mem_access_size/barrier_id: 4
num_barrier_threads: 0
addr_space/fence_level: GPU_ADDR_SP_INVALID
barrier_id/mem_access_size: 4
fence_level/addr_space: GPU_FENCE_INVALID
*** end of the data structure *** 

*** begin of the data structure *** 
core_id:57 thread_id:10
opcode: NVBIT_IMAD
num_read_regs: 2
num_dest_regs: 1
src0: 255
src1: 255
dst0: 1
is_fp: 0
cf_type: NOT_CF
is_load: 0
inst_size: 16
inst_addr: 7f4eecacbf00
active_mask: ffffffff
br_taken_mask: 0
br_target_addr: 7f4eecacbf10
reconv_inst_addr/mem_addr: 0
mem_addr/reconv_inst_addr: 0
mem_access_size/barrier_id: 4
num_barrier_threads: 0
addr_space/fence_level: GPU_ADDR_SP_INVALID
barrier_id/mem_access_size: 4
fence_level/addr_space: GPU_FENCE_INVALID
*** end of the data structure *** 

*** begin of the data structure *** 
core_id:57 thread_id:11
opcode: NVBIT_IMAD
num_read_regs: 2
num_dest_regs: 1
src0: 255
src1: 255
dst0: 1
is_fp: 0
cf_type: NOT_CF
is_load: 0
inst_size: 16
inst_addr: 7f4eecacbf00
active_mask: ffffffff
br_taken_mask: 0
br_target_addr: 7f4eecacbf10
reconv_inst_addr/mem_addr: 0
mem_addr/reconv_inst_addr: 0
mem_access_size/barrier_id: 4
num_barrier_threads: 0
addr_space/fence_level: GPU_ADDR_SP_INVALID
barrier_id/mem_access_size: 4
fence_level/addr_space: GPU_FENCE_INVALID
*** end of the data structure *** 

*** begin of the data structure *** 
core_id:58 thread_id:8
opcode: NVBIT_IMAD
num_read_regs: 2
num_dest_regs: 1
src0: 255
src1: 255
dst0: 1
is_fp: 0
cf_type: NOT_CF
is_load: 0
inst_size: 16
inst_addr: 7f4eecacbf00
active_mask: ffffffff
br_taken_mask: 0
br_target_addr: 7f4eecacbf10
reconv_inst_addr/mem_addr: 0
mem_addr/reconv_inst_addr: 0
mem_access_size/barrier_id: 4
num_barrier_threads: 0
addr_space/fence_level: GPU_ADDR_SP_INVALID
barrier_id/mem_access_size: 4
fence_level/addr_space: GPU_FENCE_INVALID
*** end of the data structure *** 

*** begin of the data structure *** 
core_id:58 thread_id:9
opcode: NVBIT_IMAD
num_read_regs: 2
num_dest_regs: 1
src0: 255
src1: 255
dst0: 1
is_fp: 0
cf_type: NOT_CF
is_load: 0
inst_size: 16
inst_addr: 7f4eecacbf00
active_mask: ffffffff
br_taken_mask: 0
br_target_addr: 7f4eecacbf10
reconv_inst_addr/mem_addr: 0
mem_addr/reconv_inst_addr: 0
mem_access_size/barrier_id: 4
num_barrier_threads: 0
addr_space/fence_level: GPU_ADDR_SP_INVALID
barrier_id/mem_access_size: 4
fence_level/addr_space: GPU_FENCE_INVALID
*** end of the data structure *** 

*** begin of the data structure *** 
core_id:58 thread_id:10
opcode: NVBIT_IMAD
num_read_regs: 2
num_dest_regs: 1
src0: 255
src1: 255
dst0: 1
is_fp: 0
cf_type: NOT_CF
is_load: 0
inst_size: 16
inst_addr: 7f4eecacbf00
active_mask: ffffffff
br_taken_mask: 0
br_target_addr: 7f4eecacbf10
reconv_inst_addr/mem_addr: 0
mem_addr/reconv_inst_addr: 0
mem_access_size/barrier_id: 4
num_barrier_threads: 0
addr_space/fence_level: GPU_ADDR_SP_INVALID
barrier_id/mem_access_size: 4
fence_level/addr_space: GPU_FENCE_INVALID
*** end of the data structure *** 

*** begin of the data structure *** 
core_id:58 thread_id:11
opcode: NVBIT_IMAD
num_read_regs: 2
num_dest_regs: 1
src0: 255
src1: 255
dst0: 1
is_fp: 0
cf_type: NOT_CF
is_load: 0
inst_size: 16
inst_addr: 7f4eecacbf00
active_mask: ffffffff
br_taken_mask: 0
br_target_addr: 7f4eecacbf10
reconv_inst_addr/mem_addr: 0
mem_addr/reconv_inst_addr: 0
mem_access_size/barrier_id: 4
num_barrier_threads: 0
addr_space/fence_level: GPU_ADDR_SP_INVALID
barrier_id/mem_access_size: 4
fence_level/addr_space: GPU_FENCE_INVALID
*** end of the data structure *** 

*** begin of the data structure *** 
core_id:59 thread_id:8
opcode: NVBIT_IMAD
num_read_regs: 2
num_dest_regs: 1
src0: 255
src1: 255
dst0: 1
is_fp: 0
cf_type: NOT_CF
is_load: 0
inst_size: 16
inst_addr: 7f4eecacbf00
active_mask: ffffffff
br_taken_mask: 0
br_target_addr: 7f4eecacbf10
reconv_inst_addr/mem_addr: 0
mem_addr/reconv_inst_addr: 0
mem_access_size/barrier_id: 4
num_barrier_threads: 0
addr_space/fence_level: GPU_ADDR_SP_INVALID
barrier_id/mem_access_size: 4
fence_level/addr_space: GPU_FENCE_INVALID
*** end of the data structure *** 

*** begin of the data structure *** 
core_id:59 thread_id:9
opcode: NVBIT_IMAD
num_read_regs: 2
num_dest_regs: 1
src0: 255
src1: 255
dst0: 1
is_fp: 0
cf_type: NOT_CF
is_load: 0
inst_size: 16
inst_addr: 7f4eecacbf00
active_mask: ffffffff
br_taken_mask: 0
br_target_addr: 7f4eecacbf10
reconv_inst_addr/mem_addr: 0
mem_addr/reconv_inst_addr: 0
mem_access_size/barrier_id: 4
num_barrier_threads: 0
addr_space/fence_level: GPU_ADDR_SP_INVALID
barrier_id/mem_access_size: 4
fence_level/addr_space: GPU_FENCE_INVALID
*** end of the data structure *** 

*** begin of the data structure *** 
core_id:59 thread_id:10
opcode: NVBIT_IMAD
num_read_regs: 2
num_dest_regs: 1
src0: 255
src1: 255
dst0: 1
is_fp: 0
cf_type: NOT_CF
is_load: 0
inst_size: 16
inst_addr: 7f4eecacbf00
active_mask: ffffffff
br_taken_mask: 0
br_target_addr: 7f4eecacbf10
reconv_inst_addr/mem_addr: 0
mem_addr/reconv_inst_addr: 0
mem_access_size/barrier_id: 4
num_barrier_threads: 0
addr_space/fence_level: GPU_ADDR_SP_INVALID
barrier_id/mem_access_size: 4
fence_level/addr_space: GPU_FENCE_INVALID
*** end of the data structure *** 

*** begin of the data structure *** 
core_id:59 thread_id:11
opcode: NVBIT_IMAD
num_read_regs: 2
num_dest_regs: 1
src0: 255
src1: 255
dst0: 1
is_fp: 0
cf_type: NOT_CF
is_load: 0
inst_size: 16
inst_addr: 7f4eecacbf00
active_mask: ffffffff
br_taken_mask: 0
br_target_addr: 7f4eecacbf10
reconv_inst_addr/mem_addr: 0
mem_addr/reconv_inst_addr: 0
mem_access_size/barrier_id: 4
num_barrier_threads: 0
addr_space/fence_level: GPU_ADDR_SP_INVALID
barrier_id/mem_access_size: 4
fence_level/addr_space: GPU_FENCE_INVALID
*** end of the data structure *** 

*** begin of the data structure *** 
core_id:60 thread_id:8
opcode: NVBIT_IMAD
num_read_regs: 2
num_dest_regs: 1
src0: 255
src1: 255
dst0: 1
is_fp: 0
cf_type: NOT_CF
is_load: 0
inst_size: 16
inst_addr: 7f4eecacbf00
active_mask: ffffffff
br_taken_mask: 0
br_target_addr: 7f4eecacbf10
reconv_inst_addr/mem_addr: 0
mem_addr/reconv_inst_addr: 0
mem_access_size/barrier_id: 4
num_barrier_threads: 0
addr_space/fence_level: GPU_ADDR_SP_INVALID
barrier_id/mem_access_size: 4
fence_level/addr_space: GPU_FENCE_INVALID
*** end of the data structure *** 

*** begin of the data structure *** 
core_id:60 thread_id:9
opcode: NVBIT_IMAD
num_read_regs: 2
num_dest_regs: 1
src0: 255
src1: 255
dst0: 1
is_fp: 0
cf_type: NOT_CF
is_load: 0
inst_size: 16
inst_addr: 7f4eecacbf00
active_mask: ffffffff
br_taken_mask: 0
br_target_addr: 7f4eecacbf10
reconv_inst_addr/mem_addr: 0
mem_addr/reconv_inst_addr: 0
mem_access_size/barrier_id: 4
num_barrier_threads: 0
addr_space/fence_level: GPU_ADDR_SP_INVALID
barrier_id/mem_access_size: 4
fence_level/addr_space: GPU_FENCE_INVALID
*** end of the data structure *** 

*** begin of the data structure *** 
core_id:60 thread_id:10
opcode: NVBIT_IMAD
num_read_regs: 2
num_dest_regs: 1
src0: 255
src1: 255
dst0: 1
is_fp: 0
cf_type: NOT_CF
is_load: 0
inst_size: 16
inst_addr: 7f4eecacbf00
active_mask: ffffffff
br_taken_mask: 0
br_target_addr: 7f4eecacbf10
reconv_inst_addr/mem_addr: 0
mem_addr/reconv_inst_addr: 0
mem_access_size/barrier_id: 4
num_barrier_threads: 0
addr_space/fence_level: GPU_ADDR_SP_INVALID
barrier_id/mem_access_size: 4
fence_level/addr_space: GPU_FENCE_INVALID
*** end of the data structure *** 

*** begin of the data structure *** 
core_id:60 thread_id:11
opcode: NVBIT_IMAD
num_read_regs: 2
num_dest_regs: 1
src0: 255
src1: 255
dst0: 1
is_fp: 0
cf_type: NOT_CF
is_load: 0
inst_size: 16
inst_addr: 7f4eecacbf00
active_mask: ffffffff
br_taken_mask: 0
br_target_addr: 7f4eecacbf10
reconv_inst_addr/mem_addr: 0
mem_addr/reconv_inst_addr: 0
mem_access_size/barrier_id: 4
num_barrier_threads: 0
addr_space/fence_level: GPU_ADDR_SP_INVALID
barrier_id/mem_access_size: 4
fence_level/addr_space: GPU_FENCE_INVALID
*** end of the data structure *** 

*** begin of the data structure *** 
core_id:61 thread_id:8
opcode: NVBIT_IMAD
num_read_regs: 2
num_dest_regs: 1
src0: 255
src1: 255
dst0: 1
is_fp: 0
cf_type: NOT_CF
is_load: 0
inst_size: 16
inst_addr: 7f4eecacbf00
active_mask: ffffffff
br_taken_mask: 0
br_target_addr: 7f4eecacbf10
reconv_inst_addr/mem_addr: 0
mem_addr/reconv_inst_addr: 0
mem_access_size/barrier_id: 4
num_barrier_threads: 0
addr_space/fence_level: GPU_ADDR_SP_INVALID
barrier_id/mem_access_size: 4
fence_level/addr_space: GPU_FENCE_INVALID
*** end of the data structure *** 

*** begin of the data structure *** 
core_id:61 thread_id:9
opcode: NVBIT_IMAD
num_read_regs: 2
num_dest_regs: 1
src0: 255
src1: 255
dst0: 1
is_fp: 0
cf_type: NOT_CF
is_load: 0
inst_size: 16
inst_addr: 7f4eecacbf00
active_mask: ffffffff
br_taken_mask: 0
br_target_addr: 7f4eecacbf10
reconv_inst_addr/mem_addr: 0
mem_addr/reconv_inst_addr: 0
mem_access_size/barrier_id: 4
num_barrier_threads: 0
addr_space/fence_level: GPU_ADDR_SP_INVALID
barrier_id/mem_access_size: 4
fence_level/addr_space: GPU_FENCE_INVALID
*** end of the data structure *** 

*** begin of the data structure *** 
core_id:61 thread_id:10
opcode: NVBIT_IMAD
num_read_regs: 2
num_dest_regs: 1
src0: 255
src1: 255
dst0: 1
is_fp: 0
cf_type: NOT_CF
is_load: 0
inst_size: 16
inst_addr: 7f4eecacbf00
active_mask: ffffffff
br_taken_mask: 0
br_target_addr: 7f4eecacbf10
reconv_inst_addr/mem_addr: 0
mem_addr/reconv_inst_addr: 0
mem_access_size/barrier_id: 4
num_barrier_threads: 0
addr_space/fence_level: GPU_ADDR_SP_INVALID
barrier_id/mem_access_size: 4
fence_level/addr_space: GPU_FENCE_INVALID
*** end of the data structure *** 

*** begin of the data structure *** 
core_id:61 thread_id:11
opcode: NVBIT_IMAD
num_read_regs: 2
num_dest_regs: 1
src0: 255
src1: 255
dst0: 1
is_fp: 0
cf_type: NOT_CF
is_load: 0
inst_size: 16
inst_addr: 7f4eecacbf00
active_mask: ffffffff
br_taken_mask: 0
br_target_addr: 7f4eecacbf10
reconv_inst_addr/mem_addr: 0
mem_addr/reconv_inst_addr: 0
mem_access_size/barrier_id: 4
num_barrier_threads: 0
addr_space/fence_level: GPU_ADDR_SP_INVALID
barrier_id/mem_access_size: 4
fence_level/addr_space: GPU_FENCE_INVALID
*** end of the data structure *** 

*** begin of the data structure *** 
core_id:62 thread_id:8
opcode: NVBIT_IMAD
num_read_regs: 2
num_dest_regs: 1
src0: 255
src1: 255
dst0: 1
is_fp: 0
cf_type: NOT_CF
is_load: 0
inst_size: 16
inst_addr: 7f4eecacbf00
active_mask: ffffffff
br_taken_mask: 0
br_target_addr: 7f4eecacbf10
reconv_inst_addr/mem_addr: 0
mem_addr/reconv_inst_addr: 0
mem_access_size/barrier_id: 4
num_barrier_threads: 0
addr_space/fence_level: GPU_ADDR_SP_INVALID
barrier_id/mem_access_size: 4
fence_level/addr_space: GPU_FENCE_INVALID
*** end of the data structure *** 

*** begin of the data structure *** 
core_id:62 thread_id:9
opcode: NVBIT_IMAD
num_read_regs: 2
num_dest_regs: 1
src0: 255
src1: 255
dst0: 1
is_fp: 0
cf_type: NOT_CF
is_load: 0
inst_size: 16
inst_addr: 7f4eecacbf00
active_mask: ffffffff
br_taken_mask: 0
br_target_addr: 7f4eecacbf10
reconv_inst_addr/mem_addr: 0
mem_addr/reconv_inst_addr: 0
mem_access_size/barrier_id: 4
num_barrier_threads: 0
addr_space/fence_level: GPU_ADDR_SP_INVALID
barrier_id/mem_access_size: 4
fence_level/addr_space: GPU_FENCE_INVALID
*** end of the data structure *** 

*** begin of the data structure *** 
core_id:62 thread_id:10
opcode: NVBIT_IMAD
num_read_regs: 2
num_dest_regs: 1
src0: 255
src1: 255
dst0: 1
is_fp: 0
cf_type: NOT_CF
is_load: 0
inst_size: 16
inst_addr: 7f4eecacbf00
active_mask: ffffffff
br_taken_mask: 0
br_target_addr: 7f4eecacbf10
reconv_inst_addr/mem_addr: 0
mem_addr/reconv_inst_addr: 0
mem_access_size/barrier_id: 4
num_barrier_threads: 0
addr_space/fence_level: GPU_ADDR_SP_INVALID
barrier_id/mem_access_size: 4
fence_level/addr_space: GPU_FENCE_INVALID
*** end of the data structure *** 

*** begin of the data structure *** 
core_id:62 thread_id:11
opcode: NVBIT_IMAD
num_read_regs: 2
num_dest_regs: 1
src0: 255
src1: 255
dst0: 1
is_fp: 0
cf_type: NOT_CF
is_load: 0
inst_size: 16
inst_addr: 7f4eecacbf00
active_mask: ffffffff
br_taken_mask: 0
br_target_addr: 7f4eecacbf10
reconv_inst_addr/mem_addr: 0
mem_addr/reconv_inst_addr: 0
mem_access_size/barrier_id: 4
num_barrier_threads: 0
addr_space/fence_level: GPU_ADDR_SP_INVALID
barrier_id/mem_access_size: 4
fence_level/addr_space: GPU_FENCE_INVALID
*** end of the data structure *** 

*** begin of the data structure *** 
core_id:63 thread_id:8
opcode: NVBIT_IMAD
num_read_regs: 2
num_dest_regs: 1
src0: 255
src1: 255
dst0: 1
is_fp: 0
cf_type: NOT_CF
is_load: 0
inst_size: 16
inst_addr: 7f4eecacbf00
active_mask: ffffffff
br_taken_mask: 0
br_target_addr: 7f4eecacbf10
reconv_inst_addr/mem_addr: 0
mem_addr/reconv_inst_addr: 0
mem_access_size/barrier_id: 4
num_barrier_threads: 0
addr_space/fence_level: GPU_ADDR_SP_INVALID
barrier_id/mem_access_size: 4
fence_level/addr_space: GPU_FENCE_INVALID
*** end of the data structure *** 

*** begin of the data structure *** 
core_id:63 thread_id:9
opcode: NVBIT_IMAD
num_read_regs: 2
num_dest_regs: 1
src0: 255
src1: 255
dst0: 1
is_fp: 0
cf_type: NOT_CF
is_load: 0
inst_size: 16
inst_addr: 7f4eecacbf00
active_mask: ffffffff
br_taken_mask: 0
br_target_addr: 7f4eecacbf10
reconv_inst_addr/mem_addr: 0
mem_addr/reconv_inst_addr: 0
mem_access_size/barrier_id: 4
num_barrier_threads: 0
addr_space/fence_level: GPU_ADDR_SP_INVALID
barrier_id/mem_access_size: 4
fence_level/addr_space: GPU_FENCE_INVALID
*** end of the data structure *** 

*** begin of the data structure *** 
core_id:63 thread_id:10
opcode: NVBIT_IMAD
num_read_regs: 2
num_dest_regs: 1
src0: 255
src1: 255
dst0: 1
is_fp: 0
cf_type: NOT_CF
is_load: 0
inst_size: 16
inst_addr: 7f4eecacbf00
active_mask: ffffffff
br_taken_mask: 0
br_target_addr: 7f4eecacbf10
reconv_inst_addr/mem_addr: 0
mem_addr/reconv_inst_addr: 0
mem_access_size/barrier_id: 4
num_barrier_threads: 0
addr_space/fence_level: GPU_ADDR_SP_INVALID
barrier_id/mem_access_size: 4
fence_level/addr_space: GPU_FENCE_INVALID
*** end of the data structure *** 

*** begin of the data structure *** 
core_id:63 thread_id:11
opcode: NVBIT_IMAD
num_read_regs: 2
num_dest_regs: 1
src0: 255
src1: 255
dst0: 1
is_fp: 0
cf_type: NOT_CF
is_load: 0
inst_size: 16
inst_addr: 7f4eecacbf00
active_mask: ffffffff
br_taken_mask: 0
br_target_addr: 7f4eecacbf10
reconv_inst_addr/mem_addr: 0
mem_addr/reconv_inst_addr: 0
mem_access_size/barrier_id: 4
num_barrier_threads: 0
addr_space/fence_level: GPU_ADDR_SP_INVALID
barrier_id/mem_access_size: 4
fence_level/addr_space: GPU_FENCE_INVALID
*** end of the data structure *** 

*** begin of the data structure *** 
core_id:64 thread_id:8
opcode: NVBIT_IMAD
num_read_regs: 2
num_dest_regs: 1
src0: 255
src1: 255
dst0: 1
is_fp: 0
cf_type: NOT_CF
is_load: 0
inst_size: 16
inst_addr: 7f4eecacbf00
active_mask: ffffffff
br_taken_mask: 0
br_target_addr: 7f4eecacbf10
reconv_inst_addr/mem_addr: 0
mem_addr/reconv_inst_addr: 0
mem_access_size/barrier_id: 4
num_barrier_threads: 0
addr_space/fence_level: GPU_ADDR_SP_INVALID
barrier_id/mem_access_size: 4
fence_level/addr_space: GPU_FENCE_INVALID
*** end of the data structure *** 

*** begin of the data structure *** 
core_id:64 thread_id:9
opcode: NVBIT_IMAD
num_read_regs: 2
num_dest_regs: 1
src0: 255
src1: 255
dst0: 1
is_fp: 0
cf_type: NOT_CF
is_load: 0
inst_size: 16
inst_addr: 7f4eecacbf00
active_mask: ffffffff
br_taken_mask: 0
br_target_addr: 7f4eecacbf10
reconv_inst_addr/mem_addr: 0
mem_addr/reconv_inst_addr: 0
mem_access_size/barrier_id: 4
num_barrier_threads: 0
addr_space/fence_level: GPU_ADDR_SP_INVALID
barrier_id/mem_access_size: 4
fence_level/addr_space: GPU_FENCE_INVALID
*** end of the data structure *** 

*** begin of the data structure *** 
core_id:64 thread_id:10
opcode: NVBIT_IMAD
num_read_regs: 2
num_dest_regs: 1
src0: 255
src1: 255
dst0: 1
is_fp: 0
cf_type: NOT_CF
is_load: 0
inst_size: 16
inst_addr: 7f4eecacbf00
active_mask: ffffffff
br_taken_mask: 0
br_target_addr: 7f4eecacbf10
reconv_inst_addr/mem_addr: 0
mem_addr/reconv_inst_addr: 0
mem_access_size/barrier_id: 4
num_barrier_threads: 0
addr_space/fence_level: GPU_ADDR_SP_INVALID
barrier_id/mem_access_size: 4
fence_level/addr_space: GPU_FENCE_INVALID
*** end of the data structure *** 

*** begin of the data structure *** 
core_id:64 thread_id:11
opcode: NVBIT_IMAD
num_read_regs: 2
num_dest_regs: 1
src0: 255
src1: 255
dst0: 1
is_fp: 0
cf_type: NOT_CF
is_load: 0
inst_size: 16
inst_addr: 7f4eecacbf00
active_mask: ffffffff
br_taken_mask: 0
br_target_addr: 7f4eecacbf10
reconv_inst_addr/mem_addr: 0
mem_addr/reconv_inst_addr: 0
mem_access_size/barrier_id: 4
num_barrier_threads: 0
addr_space/fence_level: GPU_ADDR_SP_INVALID
barrier_id/mem_access_size: 4
fence_level/addr_space: GPU_FENCE_INVALID
*** end of the data structure *** 

*** begin of the data structure *** 
core_id:65 thread_id:8
opcode: NVBIT_IMAD
num_read_regs: 2
num_dest_regs: 1
src0: 255
src1: 255
dst0: 1
is_fp: 0
cf_type: NOT_CF
is_load: 0
inst_size: 16
inst_addr: 7f4eecacbf00
active_mask: ffffffff
br_taken_mask: 0
br_target_addr: 7f4eecacbf10
reconv_inst_addr/mem_addr: 0
mem_addr/reconv_inst_addr: 0
mem_access_size/barrier_id: 4
num_barrier_threads: 0
addr_space/fence_level: GPU_ADDR_SP_INVALID
barrier_id/mem_access_size: 4
fence_level/addr_space: GPU_FENCE_INVALID
*** end of the data structure *** 

*** begin of the data structure *** 
core_id:65 thread_id:9
opcode: NVBIT_IMAD
num_read_regs: 2
num_dest_regs: 1
src0: 255
src1: 255
dst0: 1
is_fp: 0
cf_type: NOT_CF
is_load: 0
inst_size: 16
inst_addr: 7f4eecacbf00
active_mask: ffffffff
br_taken_mask: 0
br_target_addr: 7f4eecacbf10
reconv_inst_addr/mem_addr: 0
mem_addr/reconv_inst_addr: 0
mem_access_size/barrier_id: 4
num_barrier_threads: 0
addr_space/fence_level: GPU_ADDR_SP_INVALID
barrier_id/mem_access_size: 4
fence_level/addr_space: GPU_FENCE_INVALID
*** end of the data structure *** 

*** begin of the data structure *** 
core_id:65 thread_id:10
opcode: NVBIT_IMAD
num_read_regs: 2
num_dest_regs: 1
src0: 255
src1: 255
dst0: 1
is_fp: 0
cf_type: NOT_CF
is_load: 0
inst_size: 16
inst_addr: 7f4eecacbf00
active_mask: ffffffff
br_taken_mask: 0
br_target_addr: 7f4eecacbf10
reconv_inst_addr/mem_addr: 0
mem_addr/reconv_inst_addr: 0
mem_access_size/barrier_id: 4
num_barrier_threads: 0
addr_space/fence_level: GPU_ADDR_SP_INVALID
barrier_id/mem_access_size: 4
fence_level/addr_space: GPU_FENCE_INVALID
*** end of the data structure *** 

*** begin of the data structure *** 
core_id:65 thread_id:11
opcode: NVBIT_IMAD
num_read_regs: 2
num_dest_regs: 1
src0: 255
src1: 255
dst0: 1
is_fp: 0
cf_type: NOT_CF
is_load: 0
inst_size: 16
inst_addr: 7f4eecacbf00
active_mask: ffffffff
br_taken_mask: 0
br_target_addr: 7f4eecacbf10
reconv_inst_addr/mem_addr: 0
mem_addr/reconv_inst_addr: 0
mem_access_size/barrier_id: 4
num_barrier_threads: 0
addr_space/fence_level: GPU_ADDR_SP_INVALID
barrier_id/mem_access_size: 4
fence_level/addr_space: GPU_FENCE_INVALID
*** end of the data structure *** 

*** begin of the data structure *** 
core_id:66 thread_id:8
opcode: NVBIT_IMAD
num_read_regs: 2
num_dest_regs: 1
src0: 255
src1: 255
dst0: 1
is_fp: 0
cf_type: NOT_CF
is_load: 0
inst_size: 16
inst_addr: 7f4eecacbf00
active_mask: ffffffff
br_taken_mask: 0
br_target_addr: 7f4eecacbf10
reconv_inst_addr/mem_addr: 0
mem_addr/reconv_inst_addr: 0
mem_access_size/barrier_id: 4
num_barrier_threads: 0
addr_space/fence_level: GPU_ADDR_SP_INVALID
barrier_id/mem_access_size: 4
fence_level/addr_space: GPU_FENCE_INVALID
*** end of the data structure *** 

*** begin of the data structure *** 
core_id:66 thread_id:9
opcode: NVBIT_IMAD
num_read_regs: 2
num_dest_regs: 1
src0: 255
src1: 255
dst0: 1
is_fp: 0
cf_type: NOT_CF
is_load: 0
inst_size: 16
inst_addr: 7f4eecacbf00
active_mask: ffffffff
br_taken_mask: 0
br_target_addr: 7f4eecacbf10
reconv_inst_addr/mem_addr: 0
mem_addr/reconv_inst_addr: 0
mem_access_size/barrier_id: 4
num_barrier_threads: 0
addr_space/fence_level: GPU_ADDR_SP_INVALID
barrier_id/mem_access_size: 4
fence_level/addr_space: GPU_FENCE_INVALID
*** end of the data structure *** 

*** begin of the data structure *** 
core_id:66 thread_id:10
opcode: NVBIT_IMAD
num_read_regs: 2
num_dest_regs: 1
src0: 255
src1: 255
dst0: 1
is_fp: 0
cf_type: NOT_CF
is_load: 0
inst_size: 16
inst_addr: 7f4eecacbf00
active_mask: ffffffff
br_taken_mask: 0
br_target_addr: 7f4eecacbf10
reconv_inst_addr/mem_addr: 0
mem_addr/reconv_inst_addr: 0
mem_access_size/barrier_id: 4
num_barrier_threads: 0
addr_space/fence_level: GPU_ADDR_SP_INVALID
barrier_id/mem_access_size: 4
fence_level/addr_space: GPU_FENCE_INVALID
*** end of the data structure *** 

*** begin of the data structure *** 
core_id:66 thread_id:11
opcode: NVBIT_IMAD
num_read_regs: 2
num_dest_regs: 1
src0: 255
src1: 255
dst0: 1
is_fp: 0
cf_type: NOT_CF
is_load: 0
inst_size: 16
inst_addr: 7f4eecacbf00
active_mask: ffffffff
br_taken_mask: 0
br_target_addr: 7f4eecacbf10
reconv_inst_addr/mem_addr: 0
mem_addr/reconv_inst_addr: 0
mem_access_size/barrier_id: 4
num_barrier_threads: 0
addr_space/fence_level: GPU_ADDR_SP_INVALID
barrier_id/mem_access_size: 4
fence_level/addr_space: GPU_FENCE_INVALID
*** end of the data structure *** 

*** begin of the data structure *** 
core_id:67 thread_id:8
opcode: NVBIT_IMAD
num_read_regs: 2
num_dest_regs: 1
src0: 255
src1: 255
dst0: 1
is_fp: 0
cf_type: NOT_CF
is_load: 0
inst_size: 16
inst_addr: 7f4eecacbf00
active_mask: ffffffff
br_taken_mask: 0
br_target_addr: 7f4eecacbf10
reconv_inst_addr/mem_addr: 0
mem_addr/reconv_inst_addr: 0
mem_access_size/barrier_id: 4
num_barrier_threads: 0
addr_space/fence_level: GPU_ADDR_SP_INVALID
barrier_id/mem_access_size: 4
fence_level/addr_space: GPU_FENCE_INVALID
*** end of the data structure *** 

*** begin of the data structure *** 
core_id:67 thread_id:9
opcode: NVBIT_IMAD
num_read_regs: 2
num_dest_regs: 1
src0: 255
src1: 255
dst0: 1
is_fp: 0
cf_type: NOT_CF
is_load: 0
inst_size: 16
inst_addr: 7f4eecacbf00
active_mask: ffffffff
br_taken_mask: 0
br_target_addr: 7f4eecacbf10
reconv_inst_addr/mem_addr: 0
mem_addr/reconv_inst_addr: 0
mem_access_size/barrier_id: 4
num_barrier_threads: 0
addr_space/fence_level: GPU_ADDR_SP_INVALID
barrier_id/mem_access_size: 4
fence_level/addr_space: GPU_FENCE_INVALID
*** end of the data structure *** 

*** begin of the data structure *** 
core_id:67 thread_id:10
opcode: NVBIT_IMAD
num_read_regs: 2
num_dest_regs: 1
src0: 255
src1: 255
dst0: 1
is_fp: 0
cf_type: NOT_CF
is_load: 0
inst_size: 16
inst_addr: 7f4eecacbf00
active_mask: ffffffff
br_taken_mask: 0
br_target_addr: 7f4eecacbf10
reconv_inst_addr/mem_addr: 0
mem_addr/reconv_inst_addr: 0
mem_access_size/barrier_id: 4
num_barrier_threads: 0
addr_space/fence_level: GPU_ADDR_SP_INVALID
barrier_id/mem_access_size: 4
fence_level/addr_space: GPU_FENCE_INVALID
*** end of the data structure *** 

*** begin of the data structure *** 
core_id:67 thread_id:11
opcode: NVBIT_IMAD
num_read_regs: 2
num_dest_regs: 1
src0: 255
src1: 255
dst0: 1
is_fp: 0
cf_type: NOT_CF
is_load: 0
inst_size: 16
inst_addr: 7f4eecacbf00
active_mask: ffffffff
br_taken_mask: 0
br_target_addr: 7f4eecacbf10
reconv_inst_addr/mem_addr: 0
mem_addr/reconv_inst_addr: 0
mem_access_size/barrier_id: 4
num_barrier_threads: 0
addr_space/fence_level: GPU_ADDR_SP_INVALID
barrier_id/mem_access_size: 4
fence_level/addr_space: GPU_FENCE_INVALID
*** end of the data structure *** 

*** begin of the data structure *** 
core_id:68 thread_id:8
opcode: NVBIT_IMAD
num_read_regs: 2
num_dest_regs: 1
src0: 255
src1: 255
dst0: 1
is_fp: 0
cf_type: NOT_CF
is_load: 0
inst_size: 16
inst_addr: 7f4eecacbf00
active_mask: ffffffff
br_taken_mask: 0
br_target_addr: 7f4eecacbf10
reconv_inst_addr/mem_addr: 0
mem_addr/reconv_inst_addr: 0
mem_access_size/barrier_id: 4
num_barrier_threads: 0
addr_space/fence_level: GPU_ADDR_SP_INVALID
barrier_id/mem_access_size: 4
fence_level/addr_space: GPU_FENCE_INVALID
*** end of the data structure *** 

*** begin of the data structure *** 
core_id:68 thread_id:9
opcode: NVBIT_IMAD
num_read_regs: 2
num_dest_regs: 1
src0: 255
src1: 255
dst0: 1
is_fp: 0
cf_type: NOT_CF
is_load: 0
inst_size: 16
inst_addr: 7f4eecacbf00
active_mask: ffffffff
br_taken_mask: 0
br_target_addr: 7f4eecacbf10
reconv_inst_addr/mem_addr: 0
mem_addr/reconv_inst_addr: 0
mem_access_size/barrier_id: 4
num_barrier_threads: 0
addr_space/fence_level: GPU_ADDR_SP_INVALID
barrier_id/mem_access_size: 4
fence_level/addr_space: GPU_FENCE_INVALID
*** end of the data structure *** 

*** begin of the data structure *** 
core_id:68 thread_id:10
opcode: NVBIT_IMAD
num_read_regs: 2
num_dest_regs: 1
src0: 255
src1: 255
dst0: 1
is_fp: 0
cf_type: NOT_CF
is_load: 0
inst_size: 16
inst_addr: 7f4eecacbf00
active_mask: ffffffff
br_taken_mask: 0
br_target_addr: 7f4eecacbf10
reconv_inst_addr/mem_addr: 0
mem_addr/reconv_inst_addr: 0
mem_access_size/barrier_id: 4
num_barrier_threads: 0
addr_space/fence_level: GPU_ADDR_SP_INVALID
barrier_id/mem_access_size: 4
fence_level/addr_space: GPU_FENCE_INVALID
*** end of the data structure *** 

*** begin of the data structure *** 
core_id:68 thread_id:11
opcode: NVBIT_IMAD
num_read_regs: 2
num_dest_regs: 1
src0: 255
src1: 255
dst0: 1
is_fp: 0
cf_type: NOT_CF
is_load: 0
inst_size: 16
inst_addr: 7f4eecacbf00
active_mask: ffffffff
br_taken_mask: 0
br_target_addr: 7f4eecacbf10
reconv_inst_addr/mem_addr: 0
mem_addr/reconv_inst_addr: 0
mem_access_size/barrier_id: 4
num_barrier_threads: 0
addr_space/fence_level: GPU_ADDR_SP_INVALID
barrier_id/mem_access_size: 4
fence_level/addr_space: GPU_FENCE_INVALID
*** end of the data structure *** 

*** begin of the data structure *** 
core_id:69 thread_id:8
opcode: NVBIT_IMAD
num_read_regs: 2
num_dest_regs: 1
src0: 255
src1: 255
dst0: 1
is_fp: 0
cf_type: NOT_CF
is_load: 0
inst_size: 16
inst_addr: 7f4eecacbf00
active_mask: ffffffff
br_taken_mask: 0
br_target_addr: 7f4eecacbf10
reconv_inst_addr/mem_addr: 0
mem_addr/reconv_inst_addr: 0
mem_access_size/barrier_id: 4
num_barrier_threads: 0
addr_space/fence_level: GPU_ADDR_SP_INVALID
barrier_id/mem_access_size: 4
fence_level/addr_space: GPU_FENCE_INVALID
*** end of the data structure *** 

*** begin of the data structure *** 
core_id:69 thread_id:9
opcode: NVBIT_IMAD
num_read_regs: 2
num_dest_regs: 1
src0: 255
src1: 255
dst0: 1
is_fp: 0
cf_type: NOT_CF
is_load: 0
inst_size: 16
inst_addr: 7f4eecacbf00
active_mask: ffffffff
br_taken_mask: 0
br_target_addr: 7f4eecacbf10
reconv_inst_addr/mem_addr: 0
mem_addr/reconv_inst_addr: 0
mem_access_size/barrier_id: 4
num_barrier_threads: 0
addr_space/fence_level: GPU_ADDR_SP_INVALID
barrier_id/mem_access_size: 4
fence_level/addr_space: GPU_FENCE_INVALID
*** end of the data structure *** 

*** begin of the data structure *** 
core_id:69 thread_id:10
opcode: NVBIT_IMAD
num_read_regs: 2
num_dest_regs: 1
src0: 255
src1: 255
dst0: 1
is_fp: 0
cf_type: NOT_CF
is_load: 0
inst_size: 16
inst_addr: 7f4eecacbf00
active_mask: ffffffff
br_taken_mask: 0
br_target_addr: 7f4eecacbf10
reconv_inst_addr/mem_addr: 0
mem_addr/reconv_inst_addr: 0
mem_access_size/barrier_id: 4
num_barrier_threads: 0
addr_space/fence_level: GPU_ADDR_SP_INVALID
barrier_id/mem_access_size: 4
fence_level/addr_space: GPU_FENCE_INVALID
*** end of the data structure *** 

*** begin of the data structure *** 
core_id:69 thread_id:11
opcode: NVBIT_IMAD
num_read_regs: 2
num_dest_regs: 1
src0: 255
src1: 255
dst0: 1
is_fp: 0
cf_type: NOT_CF
is_load: 0
inst_size: 16
inst_addr: 7f4eecacbf00
active_mask: ffffffff
br_taken_mask: 0
br_target_addr: 7f4eecacbf10
reconv_inst_addr/mem_addr: 0
mem_addr/reconv_inst_addr: 0
mem_access_size/barrier_id: 4
num_barrier_threads: 0
addr_space/fence_level: GPU_ADDR_SP_INVALID
barrier_id/mem_access_size: 4
fence_level/addr_space: GPU_FENCE_INVALID
*** end of the data structure *** 

*** begin of the data structure *** 
core_id:70 thread_id:8
opcode: NVBIT_IMAD
num_read_regs: 2
num_dest_regs: 1
src0: 255
src1: 255
dst0: 1
is_fp: 0
cf_type: NOT_CF
is_load: 0
inst_size: 16
inst_addr: 7f4eecacbf00
active_mask: ffffffff
br_taken_mask: 0
br_target_addr: 7f4eecacbf10
reconv_inst_addr/mem_addr: 0
mem_addr/reconv_inst_addr: 0
mem_access_size/barrier_id: 4
num_barrier_threads: 0
addr_space/fence_level: GPU_ADDR_SP_INVALID
barrier_id/mem_access_size: 4
fence_level/addr_space: GPU_FENCE_INVALID
*** end of the data structure *** 

*** begin of the data structure *** 
core_id:70 thread_id:9
opcode: NVBIT_IMAD
num_read_regs: 2
num_dest_regs: 1
src0: 255
src1: 255
dst0: 1
is_fp: 0
cf_type: NOT_CF
is_load: 0
inst_size: 16
inst_addr: 7f4eecacbf00
active_mask: ffffffff
br_taken_mask: 0
br_target_addr: 7f4eecacbf10
reconv_inst_addr/mem_addr: 0
mem_addr/reconv_inst_addr: 0
mem_access_size/barrier_id: 4
num_barrier_threads: 0
addr_space/fence_level: GPU_ADDR_SP_INVALID
barrier_id/mem_access_size: 4
fence_level/addr_space: GPU_FENCE_INVALID
*** end of the data structure *** 

*** begin of the data structure *** 
core_id:70 thread_id:10
opcode: NVBIT_IMAD
num_read_regs: 2
num_dest_regs: 1
src0: 255
src1: 255
dst0: 1
is_fp: 0
cf_type: NOT_CF
is_load: 0
inst_size: 16
inst_addr: 7f4eecacbf00
active_mask: ffffffff
br_taken_mask: 0
br_target_addr: 7f4eecacbf10
reconv_inst_addr/mem_addr: 0
mem_addr/reconv_inst_addr: 0
mem_access_size/barrier_id: 4
num_barrier_threads: 0
addr_space/fence_level: GPU_ADDR_SP_INVALID
barrier_id/mem_access_size: 4
fence_level/addr_space: GPU_FENCE_INVALID
*** end of the data structure *** 

*** begin of the data structure *** 
core_id:70 thread_id:11
opcode: NVBIT_IMAD
num_read_regs: 2
num_dest_regs: 1
src0: 255
src1: 255
dst0: 1
is_fp: 0
cf_type: NOT_CF
is_load: 0
inst_size: 16
inst_addr: 7f4eecacbf00
active_mask: ffffffff
br_taken_mask: 0
br_target_addr: 7f4eecacbf10
reconv_inst_addr/mem_addr: 0
mem_addr/reconv_inst_addr: 0
mem_access_size/barrier_id: 4
num_barrier_threads: 0
addr_space/fence_level: GPU_ADDR_SP_INVALID
barrier_id/mem_access_size: 4
fence_level/addr_space: GPU_FENCE_INVALID
*** end of the data structure *** 

*** begin of the data structure *** 
core_id:71 thread_id:8
opcode: NVBIT_IMAD
num_read_regs: 2
num_dest_regs: 1
src0: 255
src1: 255
dst0: 1
is_fp: 0
cf_type: NOT_CF
is_load: 0
inst_size: 16
inst_addr: 7f4eecacbf00
active_mask: ffffffff
br_taken_mask: 0
br_target_addr: 7f4eecacbf10
reconv_inst_addr/mem_addr: 0
mem_addr/reconv_inst_addr: 0
mem_access_size/barrier_id: 4
num_barrier_threads: 0
addr_space/fence_level: GPU_ADDR_SP_INVALID
barrier_id/mem_access_size: 4
fence_level/addr_space: GPU_FENCE_INVALID
*** end of the data structure *** 

*** begin of the data structure *** 
core_id:71 thread_id:9
opcode: NVBIT_IMAD
num_read_regs: 2
num_dest_regs: 1
src0: 255
src1: 255
dst0: 1
is_fp: 0
cf_type: NOT_CF
is_load: 0
inst_size: 16
inst_addr: 7f4eecacbf00
active_mask: ffffffff
br_taken_mask: 0
br_target_addr: 7f4eecacbf10
reconv_inst_addr/mem_addr: 0
mem_addr/reconv_inst_addr: 0
mem_access_size/barrier_id: 4
num_barrier_threads: 0
addr_space/fence_level: GPU_ADDR_SP_INVALID
barrier_id/mem_access_size: 4
fence_level/addr_space: GPU_FENCE_INVALID
*** end of the data structure *** 

*** begin of the data structure *** 
core_id:71 thread_id:10
opcode: NVBIT_IMAD
num_read_regs: 2
num_dest_regs: 1
src0: 255
src1: 255
dst0: 1
is_fp: 0
cf_type: NOT_CF
is_load: 0
inst_size: 16
inst_addr: 7f4eecacbf00
active_mask: ffffffff
br_taken_mask: 0
br_target_addr: 7f4eecacbf10
reconv_inst_addr/mem_addr: 0
mem_addr/reconv_inst_addr: 0
mem_access_size/barrier_id: 4
num_barrier_threads: 0
addr_space/fence_level: GPU_ADDR_SP_INVALID
barrier_id/mem_access_size: 4
fence_level/addr_space: GPU_FENCE_INVALID
*** end of the data structure *** 

*** begin of the data structure *** 
core_id:71 thread_id:11
opcode: NVBIT_IMAD
num_read_regs: 2
num_dest_regs: 1
src0: 255
src1: 255
dst0: 1
is_fp: 0
cf_type: NOT_CF
is_load: 0
inst_size: 16
inst_addr: 7f4eecacbf00
active_mask: ffffffff
br_taken_mask: 0
br_target_addr: 7f4eecacbf10
reconv_inst_addr/mem_addr: 0
mem_addr/reconv_inst_addr: 0
mem_access_size/barrier_id: 4
num_barrier_threads: 0
addr_space/fence_level: GPU_ADDR_SP_INVALID
barrier_id/mem_access_size: 4
fence_level/addr_space: GPU_FENCE_INVALID
*** end of the data structure *** 

*** begin of the data structure *** 
core_id:72 thread_id:8
opcode: NVBIT_IMAD
num_read_regs: 2
num_dest_regs: 1
src0: 255
src1: 255
dst0: 1
is_fp: 0
cf_type: NOT_CF
is_load: 0
inst_size: 16
inst_addr: 7f4eecacbf00
active_mask: ffffffff
br_taken_mask: 0
br_target_addr: 7f4eecacbf10
reconv_inst_addr/mem_addr: 0
mem_addr/reconv_inst_addr: 0
mem_access_size/barrier_id: 4
num_barrier_threads: 0
addr_space/fence_level: GPU_ADDR_SP_INVALID
barrier_id/mem_access_size: 4
fence_level/addr_space: GPU_FENCE_INVALID
*** end of the data structure *** 

*** begin of the data structure *** 
core_id:72 thread_id:9
opcode: NVBIT_IMAD
num_read_regs: 2
num_dest_regs: 1
src0: 255
src1: 255
dst0: 1
is_fp: 0
cf_type: NOT_CF
is_load: 0
inst_size: 16
inst_addr: 7f4eecacbf00
active_mask: ffffffff
br_taken_mask: 0
br_target_addr: 7f4eecacbf10
reconv_inst_addr/mem_addr: 0
mem_addr/reconv_inst_addr: 0
mem_access_size/barrier_id: 4
num_barrier_threads: 0
addr_space/fence_level: GPU_ADDR_SP_INVALID
barrier_id/mem_access_size: 4
fence_level/addr_space: GPU_FENCE_INVALID
*** end of the data structure *** 

*** begin of the data structure *** 
core_id:72 thread_id:10
opcode: NVBIT_IMAD
num_read_regs: 2
num_dest_regs: 1
src0: 255
src1: 255
dst0: 1
is_fp: 0
cf_type: NOT_CF
is_load: 0
inst_size: 16
inst_addr: 7f4eecacbf00
active_mask: ffffffff
br_taken_mask: 0
br_target_addr: 7f4eecacbf10
reconv_inst_addr/mem_addr: 0
mem_addr/reconv_inst_addr: 0
mem_access_size/barrier_id: 4
num_barrier_threads: 0
addr_space/fence_level: GPU_ADDR_SP_INVALID
barrier_id/mem_access_size: 4
fence_level/addr_space: GPU_FENCE_INVALID
*** end of the data structure *** 

*** begin of the data structure *** 
core_id:72 thread_id:11
opcode: NVBIT_IMAD
num_read_regs: 2
num_dest_regs: 1
src0: 255
src1: 255
dst0: 1
is_fp: 0
cf_type: NOT_CF
is_load: 0
inst_size: 16
inst_addr: 7f4eecacbf00
active_mask: ffffffff
br_taken_mask: 0
br_target_addr: 7f4eecacbf10
reconv_inst_addr/mem_addr: 0
mem_addr/reconv_inst_addr: 0
mem_access_size/barrier_id: 4
num_barrier_threads: 0
addr_space/fence_level: GPU_ADDR_SP_INVALID
barrier_id/mem_access_size: 4
fence_level/addr_space: GPU_FENCE_INVALID
*** end of the data structure *** 

*** begin of the data structure *** 
core_id:73 thread_id:8
opcode: NVBIT_IMAD
num_read_regs: 2
num_dest_regs: 1
src0: 255
src1: 255
dst0: 1
is_fp: 0
cf_type: NOT_CF
is_load: 0
inst_size: 16
inst_addr: 7f4eecacbf00
active_mask: ffffffff
br_taken_mask: 0
br_target_addr: 7f4eecacbf10
reconv_inst_addr/mem_addr: 0
mem_addr/reconv_inst_addr: 0
mem_access_size/barrier_id: 4
num_barrier_threads: 0
addr_space/fence_level: GPU_ADDR_SP_INVALID
barrier_id/mem_access_size: 4
fence_level/addr_space: GPU_FENCE_INVALID
*** end of the data structure *** 

*** begin of the data structure *** 
core_id:73 thread_id:9
opcode: NVBIT_IMAD
num_read_regs: 2
num_dest_regs: 1
src0: 255
src1: 255
dst0: 1
is_fp: 0
cf_type: NOT_CF
is_load: 0
inst_size: 16
inst_addr: 7f4eecacbf00
active_mask: ffffffff
br_taken_mask: 0
br_target_addr: 7f4eecacbf10
reconv_inst_addr/mem_addr: 0
mem_addr/reconv_inst_addr: 0
mem_access_size/barrier_id: 4
num_barrier_threads: 0
addr_space/fence_level: GPU_ADDR_SP_INVALID
barrier_id/mem_access_size: 4
fence_level/addr_space: GPU_FENCE_INVALID
*** end of the data structure *** 

*** begin of the data structure *** 
core_id:73 thread_id:10
opcode: NVBIT_IMAD
num_read_regs: 2
num_dest_regs: 1
src0: 255
src1: 255
dst0: 1
is_fp: 0
cf_type: NOT_CF
is_load: 0
inst_size: 16
inst_addr: 7f4eecacbf00
active_mask: ffffffff
br_taken_mask: 0
br_target_addr: 7f4eecacbf10
reconv_inst_addr/mem_addr: 0
mem_addr/reconv_inst_addr: 0
mem_access_size/barrier_id: 4
num_barrier_threads: 0
addr_space/fence_level: GPU_ADDR_SP_INVALID
barrier_id/mem_access_size: 4
fence_level/addr_space: GPU_FENCE_INVALID
*** end of the data structure *** 

*** begin of the data structure *** 
core_id:73 thread_id:11
opcode: NVBIT_IMAD
num_read_regs: 2
num_dest_regs: 1
src0: 255
src1: 255
dst0: 1
is_fp: 0
cf_type: NOT_CF
is_load: 0
inst_size: 16
inst_addr: 7f4eecacbf00
active_mask: ffffffff
br_taken_mask: 0
br_target_addr: 7f4eecacbf10
reconv_inst_addr/mem_addr: 0
mem_addr/reconv_inst_addr: 0
mem_access_size/barrier_id: 4
num_barrier_threads: 0
addr_space/fence_level: GPU_ADDR_SP_INVALID
barrier_id/mem_access_size: 4
fence_level/addr_space: GPU_FENCE_INVALID
*** end of the data structure *** 

*** begin of the data structure *** 
core_id:74 thread_id:8
opcode: NVBIT_IMAD
num_read_regs: 2
num_dest_regs: 1
src0: 255
src1: 255
dst0: 1
is_fp: 0
cf_type: NOT_CF
is_load: 0
inst_size: 16
inst_addr: 7f4eecacbf00
active_mask: ffffffff
br_taken_mask: 0
br_target_addr: 7f4eecacbf10
reconv_inst_addr/mem_addr: 0
mem_addr/reconv_inst_addr: 0
mem_access_size/barrier_id: 4
num_barrier_threads: 0
addr_space/fence_level: GPU_ADDR_SP_INVALID
barrier_id/mem_access_size: 4
fence_level/addr_space: GPU_FENCE_INVALID
*** end of the data structure *** 

*** begin of the data structure *** 
core_id:74 thread_id:9
opcode: NVBIT_IMAD
num_read_regs: 2
num_dest_regs: 1
src0: 255
src1: 255
dst0: 1
is_fp: 0
cf_type: NOT_CF
is_load: 0
inst_size: 16
inst_addr: 7f4eecacbf00
active_mask: ffffffff
br_taken_mask: 0
br_target_addr: 7f4eecacbf10
reconv_inst_addr/mem_addr: 0
mem_addr/reconv_inst_addr: 0
mem_access_size/barrier_id: 4
num_barrier_threads: 0
addr_space/fence_level: GPU_ADDR_SP_INVALID
barrier_id/mem_access_size: 4
fence_level/addr_space: GPU_FENCE_INVALID
*** end of the data structure *** 

*** begin of the data structure *** 
core_id:74 thread_id:10
opcode: NVBIT_IMAD
num_read_regs: 2
num_dest_regs: 1
src0: 255
src1: 255
dst0: 1
is_fp: 0
cf_type: NOT_CF
is_load: 0
inst_size: 16
inst_addr: 7f4eecacbf00
active_mask: ffffffff
br_taken_mask: 0
br_target_addr: 7f4eecacbf10
reconv_inst_addr/mem_addr: 0
mem_addr/reconv_inst_addr: 0
mem_access_size/barrier_id: 4
num_barrier_threads: 0
addr_space/fence_level: GPU_ADDR_SP_INVALID
barrier_id/mem_access_size: 4
fence_level/addr_space: GPU_FENCE_INVALID
*** end of the data structure *** 

*** begin of the data structure *** 
core_id:74 thread_id:11
opcode: NVBIT_IMAD
num_read_regs: 2
num_dest_regs: 1
src0: 255
src1: 255
dst0: 1
is_fp: 0
cf_type: NOT_CF
is_load: 0
inst_size: 16
inst_addr: 7f4eecacbf00
active_mask: ffffffff
br_taken_mask: 0
br_target_addr: 7f4eecacbf10
reconv_inst_addr/mem_addr: 0
mem_addr/reconv_inst_addr: 0
mem_access_size/barrier_id: 4
num_barrier_threads: 0
addr_space/fence_level: GPU_ADDR_SP_INVALID
barrier_id/mem_access_size: 4
fence_level/addr_space: GPU_FENCE_INVALID
*** end of the data structure *** 

*** begin of the data structure *** 
core_id:75 thread_id:8
opcode: NVBIT_IMAD
num_read_regs: 2
num_dest_regs: 1
src0: 255
src1: 255
dst0: 1
is_fp: 0
cf_type: NOT_CF
is_load: 0
inst_size: 16
inst_addr: 7f4eecacbf00
active_mask: ffffffff
br_taken_mask: 0
br_target_addr: 7f4eecacbf10
reconv_inst_addr/mem_addr: 0
mem_addr/reconv_inst_addr: 0
mem_access_size/barrier_id: 4
num_barrier_threads: 0
addr_space/fence_level: GPU_ADDR_SP_INVALID
barrier_id/mem_access_size: 4
fence_level/addr_space: GPU_FENCE_INVALID
*** end of the data structure *** 

*** begin of the data structure *** 
core_id:75 thread_id:9
opcode: NVBIT_IMAD
num_read_regs: 2
num_dest_regs: 1
src0: 255
src1: 255
dst0: 1
is_fp: 0
cf_type: NOT_CF
is_load: 0
inst_size: 16
inst_addr: 7f4eecacbf00
active_mask: ffffffff
br_taken_mask: 0
br_target_addr: 7f4eecacbf10
reconv_inst_addr/mem_addr: 0
mem_addr/reconv_inst_addr: 0
mem_access_size/barrier_id: 4
num_barrier_threads: 0
addr_space/fence_level: GPU_ADDR_SP_INVALID
barrier_id/mem_access_size: 4
fence_level/addr_space: GPU_FENCE_INVALID
*** end of the data structure *** 

*** begin of the data structure *** 
core_id:75 thread_id:10
opcode: NVBIT_IMAD
num_read_regs: 2
num_dest_regs: 1
src0: 255
src1: 255
dst0: 1
is_fp: 0
cf_type: NOT_CF
is_load: 0
inst_size: 16
inst_addr: 7f4eecacbf00
active_mask: ffffffff
br_taken_mask: 0
br_target_addr: 7f4eecacbf10
reconv_inst_addr/mem_addr: 0
mem_addr/reconv_inst_addr: 0
mem_access_size/barrier_id: 4
num_barrier_threads: 0
addr_space/fence_level: GPU_ADDR_SP_INVALID
barrier_id/mem_access_size: 4
fence_level/addr_space: GPU_FENCE_INVALID
*** end of the data structure *** 

*** begin of the data structure *** 
core_id:75 thread_id:11
opcode: NVBIT_IMAD
num_read_regs: 2
num_dest_regs: 1
src0: 255
src1: 255
dst0: 1
is_fp: 0
cf_type: NOT_CF
is_load: 0
inst_size: 16
inst_addr: 7f4eecacbf00
active_mask: ffffffff
br_taken_mask: 0
br_target_addr: 7f4eecacbf10
reconv_inst_addr/mem_addr: 0
mem_addr/reconv_inst_addr: 0
mem_access_size/barrier_id: 4
num_barrier_threads: 0
addr_space/fence_level: GPU_ADDR_SP_INVALID
barrier_id/mem_access_size: 4
fence_level/addr_space: GPU_FENCE_INVALID
*** end of the data structure *** 

*** begin of the data structure *** 
core_id:76 thread_id:8
opcode: NVBIT_IMAD
num_read_regs: 2
num_dest_regs: 1
src0: 255
src1: 255
dst0: 1
is_fp: 0
cf_type: NOT_CF
is_load: 0
inst_size: 16
inst_addr: 7f4eecacbf00
active_mask: ffffffff
br_taken_mask: 0
br_target_addr: 7f4eecacbf10
reconv_inst_addr/mem_addr: 0
mem_addr/reconv_inst_addr: 0
mem_access_size/barrier_id: 4
num_barrier_threads: 0
addr_space/fence_level: GPU_ADDR_SP_INVALID
barrier_id/mem_access_size: 4
fence_level/addr_space: GPU_FENCE_INVALID
*** end of the data structure *** 

*** begin of the data structure *** 
core_id:76 thread_id:9
opcode: NVBIT_IMAD
num_read_regs: 2
num_dest_regs: 1
src0: 255
src1: 255
dst0: 1
is_fp: 0
cf_type: NOT_CF
is_load: 0
inst_size: 16
inst_addr: 7f4eecacbf00
active_mask: ffffffff
br_taken_mask: 0
br_target_addr: 7f4eecacbf10
reconv_inst_addr/mem_addr: 0
mem_addr/reconv_inst_addr: 0
mem_access_size/barrier_id: 4
num_barrier_threads: 0
addr_space/fence_level: GPU_ADDR_SP_INVALID
barrier_id/mem_access_size: 4
fence_level/addr_space: GPU_FENCE_INVALID
*** end of the data structure *** 

*** begin of the data structure *** 
core_id:76 thread_id:10
opcode: NVBIT_IMAD
num_read_regs: 2
num_dest_regs: 1
src0: 255
src1: 255
dst0: 1
is_fp: 0
cf_type: NOT_CF
is_load: 0
inst_size: 16
inst_addr: 7f4eecacbf00
active_mask: ffffffff
br_taken_mask: 0
br_target_addr: 7f4eecacbf10
reconv_inst_addr/mem_addr: 0
mem_addr/reconv_inst_addr: 0
mem_access_size/barrier_id: 4
num_barrier_threads: 0
addr_space/fence_level: GPU_ADDR_SP_INVALID
barrier_id/mem_access_size: 4
fence_level/addr_space: GPU_FENCE_INVALID
*** end of the data structure *** 

*** begin of the data structure *** 
core_id:76 thread_id:11
opcode: NVBIT_IMAD
num_read_regs: 2
num_dest_regs: 1
src0: 255
src1: 255
dst0: 1
is_fp: 0
cf_type: NOT_CF
is_load: 0
inst_size: 16
inst_addr: 7f4eecacbf00
active_mask: ffffffff
br_taken_mask: 0
br_target_addr: 7f4eecacbf10
reconv_inst_addr/mem_addr: 0
mem_addr/reconv_inst_addr: 0
mem_access_size/barrier_id: 4
num_barrier_threads: 0
addr_space/fence_level: GPU_ADDR_SP_INVALID
barrier_id/mem_access_size: 4
fence_level/addr_space: GPU_FENCE_INVALID
*** end of the data structure *** 

*** begin of the data structure *** 
core_id:77 thread_id:8
opcode: NVBIT_IMAD
num_read_regs: 2
num_dest_regs: 1
src0: 255
src1: 255
dst0: 1
is_fp: 0
cf_type: NOT_CF
is_load: 0
inst_size: 16
inst_addr: 7f4eecacbf00
active_mask: ffffffff
br_taken_mask: 0
br_target_addr: 7f4eecacbf10
reconv_inst_addr/mem_addr: 0
mem_addr/reconv_inst_addr: 0
mem_access_size/barrier_id: 4
num_barrier_threads: 0
addr_space/fence_level: GPU_ADDR_SP_INVALID
barrier_id/mem_access_size: 4
fence_level/addr_space: GPU_FENCE_INVALID
*** end of the data structure *** 

*** begin of the data structure *** 
core_id:77 thread_id:9
opcode: NVBIT_IMAD
num_read_regs: 2
num_dest_regs: 1
src0: 255
src1: 255
dst0: 1
is_fp: 0
cf_type: NOT_CF
is_load: 0
inst_size: 16
inst_addr: 7f4eecacbf00
active_mask: ffffffff
br_taken_mask: 0
br_target_addr: 7f4eecacbf10
reconv_inst_addr/mem_addr: 0
mem_addr/reconv_inst_addr: 0
mem_access_size/barrier_id: 4
num_barrier_threads: 0
addr_space/fence_level: GPU_ADDR_SP_INVALID
barrier_id/mem_access_size: 4
fence_level/addr_space: GPU_FENCE_INVALID
*** end of the data structure *** 

*** begin of the data structure *** 
core_id:77 thread_id:10
opcode: NVBIT_IMAD
num_read_regs: 2
num_dest_regs: 1
src0: 255
src1: 255
dst0: 1
is_fp: 0
cf_type: NOT_CF
is_load: 0
inst_size: 16
inst_addr: 7f4eecacbf00
active_mask: ffffffff
br_taken_mask: 0
br_target_addr: 7f4eecacbf10
reconv_inst_addr/mem_addr: 0
mem_addr/reconv_inst_addr: 0
mem_access_size/barrier_id: 4
num_barrier_threads: 0
addr_space/fence_level: GPU_ADDR_SP_INVALID
barrier_id/mem_access_size: 4
fence_level/addr_space: GPU_FENCE_INVALID
*** end of the data structure *** 

*** begin of the data structure *** 
core_id:77 thread_id:11
opcode: NVBIT_IMAD
num_read_regs: 2
num_dest_regs: 1
src0: 255
src1: 255
dst0: 1
is_fp: 0
cf_type: NOT_CF
is_load: 0
inst_size: 16
inst_addr: 7f4eecacbf00
active_mask: ffffffff
br_taken_mask: 0
br_target_addr: 7f4eecacbf10
reconv_inst_addr/mem_addr: 0
mem_addr/reconv_inst_addr: 0
mem_access_size/barrier_id: 4
num_barrier_threads: 0
addr_space/fence_level: GPU_ADDR_SP_INVALID
barrier_id/mem_access_size: 4
fence_level/addr_space: GPU_FENCE_INVALID
*** end of the data structure *** 

*** begin of the data structure *** 
core_id:78 thread_id:8
opcode: NVBIT_IMAD
num_read_regs: 2
num_dest_regs: 1
src0: 255
src1: 255
dst0: 1
is_fp: 0
cf_type: NOT_CF
is_load: 0
inst_size: 16
inst_addr: 7f4eecacbf00
active_mask: ffffffff
br_taken_mask: 0
br_target_addr: 7f4eecacbf10
reconv_inst_addr/mem_addr: 0
mem_addr/reconv_inst_addr: 0
mem_access_size/barrier_id: 4
num_barrier_threads: 0
addr_space/fence_level: GPU_ADDR_SP_INVALID
barrier_id/mem_access_size: 4
fence_level/addr_space: GPU_FENCE_INVALID
*** end of the data structure *** 

*** begin of the data structure *** 
core_id:78 thread_id:9
opcode: NVBIT_IMAD
num_read_regs: 2
num_dest_regs: 1
src0: 255
src1: 255
dst0: 1
is_fp: 0
cf_type: NOT_CF
is_load: 0
inst_size: 16
inst_addr: 7f4eecacbf00
active_mask: ffffffff
br_taken_mask: 0
br_target_addr: 7f4eecacbf10
reconv_inst_addr/mem_addr: 0
mem_addr/reconv_inst_addr: 0
mem_access_size/barrier_id: 4
num_barrier_threads: 0
addr_space/fence_level: GPU_ADDR_SP_INVALID
barrier_id/mem_access_size: 4
fence_level/addr_space: GPU_FENCE_INVALID
*** end of the data structure *** 

*** begin of the data structure *** 
core_id:78 thread_id:10
opcode: NVBIT_IMAD
num_read_regs: 2
num_dest_regs: 1
src0: 255
src1: 255
dst0: 1
is_fp: 0
cf_type: NOT_CF
is_load: 0
inst_size: 16
inst_addr: 7f4eecacbf00
active_mask: ffffffff
br_taken_mask: 0
br_target_addr: 7f4eecacbf10
reconv_inst_addr/mem_addr: 0
mem_addr/reconv_inst_addr: 0
mem_access_size/barrier_id: 4
num_barrier_threads: 0
addr_space/fence_level: GPU_ADDR_SP_INVALID
barrier_id/mem_access_size: 4
fence_level/addr_space: GPU_FENCE_INVALID
*** end of the data structure *** 

*** begin of the data structure *** 
core_id:78 thread_id:11
opcode: NVBIT_IMAD
num_read_regs: 2
num_dest_regs: 1
src0: 255
src1: 255
dst0: 1
is_fp: 0
cf_type: NOT_CF
is_load: 0
inst_size: 16
inst_addr: 7f4eecacbf00
active_mask: ffffffff
br_taken_mask: 0
br_target_addr: 7f4eecacbf10
reconv_inst_addr/mem_addr: 0
mem_addr/reconv_inst_addr: 0
mem_access_size/barrier_id: 4
num_barrier_threads: 0
addr_space/fence_level: GPU_ADDR_SP_INVALID
barrier_id/mem_access_size: 4
fence_level/addr_space: GPU_FENCE_INVALID
*** end of the data structure *** 

*** begin of the data structure *** 
core_id:79 thread_id:8
opcode: NVBIT_IMAD
num_read_regs: 2
num_dest_regs: 1
src0: 255
src1: 255
dst0: 1
is_fp: 0
cf_type: NOT_CF
is_load: 0
inst_size: 16
inst_addr: 7f4eecacbf00
active_mask: ffffffff
br_taken_mask: 0
br_target_addr: 7f4eecacbf10
reconv_inst_addr/mem_addr: 0
mem_addr/reconv_inst_addr: 0
mem_access_size/barrier_id: 4
num_barrier_threads: 0
addr_space/fence_level: GPU_ADDR_SP_INVALID
barrier_id/mem_access_size: 4
fence_level/addr_space: GPU_FENCE_INVALID
*** end of the data structure *** 

*** begin of the data structure *** 
core_id:79 thread_id:9
opcode: NVBIT_IMAD
num_read_regs: 2
num_dest_regs: 1
src0: 255
src1: 255
dst0: 1
is_fp: 0
cf_type: NOT_CF
is_load: 0
inst_size: 16
inst_addr: 7f4eecacbf00
active_mask: ffffffff
br_taken_mask: 0
br_target_addr: 7f4eecacbf10
reconv_inst_addr/mem_addr: 0
mem_addr/reconv_inst_addr: 0
mem_access_size/barrier_id: 4
num_barrier_threads: 0
addr_space/fence_level: GPU_ADDR_SP_INVALID
barrier_id/mem_access_size: 4
fence_level/addr_space: GPU_FENCE_INVALID
*** end of the data structure *** 

*** begin of the data structure *** 
core_id:79 thread_id:10
opcode: NVBIT_IMAD
num_read_regs: 2
num_dest_regs: 1
src0: 255
src1: 255
dst0: 1
is_fp: 0
cf_type: NOT_CF
is_load: 0
inst_size: 16
inst_addr: 7f4eecacbf00
active_mask: ffffffff
br_taken_mask: 0
br_target_addr: 7f4eecacbf10
reconv_inst_addr/mem_addr: 0
mem_addr/reconv_inst_addr: 0
mem_access_size/barrier_id: 4
num_barrier_threads: 0
addr_space/fence_level: GPU_ADDR_SP_INVALID
barrier_id/mem_access_size: 4
fence_level/addr_space: GPU_FENCE_INVALID
*** end of the data structure *** 

*** begin of the data structure *** 
core_id:79 thread_id:11
opcode: NVBIT_IMAD
num_read_regs: 2
num_dest_regs: 1
src0: 255
src1: 255
dst0: 1
is_fp: 0
cf_type: NOT_CF
is_load: 0
inst_size: 16
inst_addr: 7f4eecacbf00
active_mask: ffffffff
br_taken_mask: 0
br_target_addr: 7f4eecacbf10
reconv_inst_addr/mem_addr: 0
mem_addr/reconv_inst_addr: 0
mem_access_size/barrier_id: 4
num_barrier_threads: 0
addr_space/fence_level: GPU_ADDR_SP_INVALID
barrier_id/mem_access_size: 4
fence_level/addr_space: GPU_FENCE_INVALID
*** end of the data structure *** 

*** begin of the data structure *** 
core_id:80 thread_id:8
opcode: NVBIT_IMAD
num_read_regs: 2
num_dest_regs: 1
src0: 255
src1: 255
dst0: 1
is_fp: 0
cf_type: NOT_CF
is_load: 0
inst_size: 16
inst_addr: 7f4eecacbf00
active_mask: ffffffff
br_taken_mask: 0
br_target_addr: 7f4eecacbf10
reconv_inst_addr/mem_addr: 0
mem_addr/reconv_inst_addr: 0
mem_access_size/barrier_id: 4
num_barrier_threads: 0
addr_space/fence_level: GPU_ADDR_SP_INVALID
barrier_id/mem_access_size: 4
fence_level/addr_space: GPU_FENCE_INVALID
*** end of the data structure *** 

*** begin of the data structure *** 
core_id:80 thread_id:9
opcode: NVBIT_IMAD
num_read_regs: 2
num_dest_regs: 1
src0: 255
src1: 255
dst0: 1
is_fp: 0
cf_type: NOT_CF
is_load: 0
inst_size: 16
inst_addr: 7f4eecacbf00
active_mask: ffffffff
br_taken_mask: 0
br_target_addr: 7f4eecacbf10
reconv_inst_addr/mem_addr: 0
mem_addr/reconv_inst_addr: 0
mem_access_size/barrier_id: 4
num_barrier_threads: 0
addr_space/fence_level: GPU_ADDR_SP_INVALID
barrier_id/mem_access_size: 4
fence_level/addr_space: GPU_FENCE_INVALID
*** end of the data structure *** 

*** begin of the data structure *** 
core_id:80 thread_id:10
opcode: NVBIT_IMAD
num_read_regs: 2
num_dest_regs: 1
src0: 255
src1: 255
dst0: 1
is_fp: 0
cf_type: NOT_CF
is_load: 0
inst_size: 16
inst_addr: 7f4eecacbf00
active_mask: ffffffff
br_taken_mask: 0
br_target_addr: 7f4eecacbf10
reconv_inst_addr/mem_addr: 0
mem_addr/reconv_inst_addr: 0
mem_access_size/barrier_id: 4
num_barrier_threads: 0
addr_space/fence_level: GPU_ADDR_SP_INVALID
barrier_id/mem_access_size: 4
fence_level/addr_space: GPU_FENCE_INVALID
*** end of the data structure *** 

*** begin of the data structure *** 
core_id:80 thread_id:11
opcode: NVBIT_IMAD
num_read_regs: 2
num_dest_regs: 1
src0: 255
src1: 255
dst0: 1
is_fp: 0
cf_type: NOT_CF
is_load: 0
inst_size: 16
inst_addr: 7f4eecacbf00
active_mask: ffffffff
br_taken_mask: 0
br_target_addr: 7f4eecacbf10
reconv_inst_addr/mem_addr: 0
mem_addr/reconv_inst_addr: 0
mem_access_size/barrier_id: 4
num_barrier_threads: 0
addr_space/fence_level: GPU_ADDR_SP_INVALID
barrier_id/mem_access_size: 4
fence_level/addr_space: GPU_FENCE_INVALID
*** end of the data structure *** 

*** begin of the data structure *** 
core_id:81 thread_id:8
opcode: NVBIT_IMAD
num_read_regs: 2
num_dest_regs: 1
src0: 255
src1: 255
dst0: 1
is_fp: 0
cf_type: NOT_CF
is_load: 0
inst_size: 16
inst_addr: 7f4eecacbf00
active_mask: ffffffff
br_taken_mask: 0
br_target_addr: 7f4eecacbf10
reconv_inst_addr/mem_addr: 0
mem_addr/reconv_inst_addr: 0
mem_access_size/barrier_id: 4
num_barrier_threads: 0
addr_space/fence_level: GPU_ADDR_SP_INVALID
barrier_id/mem_access_size: 4
fence_level/addr_space: GPU_FENCE_INVALID
*** end of the data structure *** 

*** begin of the data structure *** 
core_id:81 thread_id:9
opcode: NVBIT_IMAD
num_read_regs: 2
num_dest_regs: 1
src0: 255
src1: 255
dst0: 1
is_fp: 0
cf_type: NOT_CF
is_load: 0
inst_size: 16
inst_addr: 7f4eecacbf00
active_mask: ffffffff
br_taken_mask: 0
br_target_addr: 7f4eecacbf10
reconv_inst_addr/mem_addr: 0
mem_addr/reconv_inst_addr: 0
mem_access_size/barrier_id: 4
num_barrier_threads: 0
addr_space/fence_level: GPU_ADDR_SP_INVALID
barrier_id/mem_access_size: 4
fence_level/addr_space: GPU_FENCE_INVALID
*** end of the data structure *** 

*** begin of the data structure *** 
core_id:81 thread_id:10
opcode: NVBIT_IMAD
num_read_regs: 2
num_dest_regs: 1
src0: 255
src1: 255
dst0: 1
is_fp: 0
cf_type: NOT_CF
is_load: 0
inst_size: 16
inst_addr: 7f4eecacbf00
active_mask: ffffffff
br_taken_mask: 0
br_target_addr: 7f4eecacbf10
reconv_inst_addr/mem_addr: 0
mem_addr/reconv_inst_addr: 0
mem_access_size/barrier_id: 4
num_barrier_threads: 0
addr_space/fence_level: GPU_ADDR_SP_INVALID
barrier_id/mem_access_size: 4
fence_level/addr_space: GPU_FENCE_INVALID
*** end of the data structure *** 

*** begin of the data structure *** 
core_id:81 thread_id:11
opcode: NVBIT_IMAD
num_read_regs: 2
num_dest_regs: 1
src0: 255
src1: 255
dst0: 1
is_fp: 0
cf_type: NOT_CF
is_load: 0
inst_size: 16
inst_addr: 7f4eecacbf00
active_mask: ffffffff
br_taken_mask: 0
br_target_addr: 7f4eecacbf10
reconv_inst_addr/mem_addr: 0
mem_addr/reconv_inst_addr: 0
mem_access_size/barrier_id: 4
num_barrier_threads: 0
addr_space/fence_level: GPU_ADDR_SP_INVALID
barrier_id/mem_access_size: 4
fence_level/addr_space: GPU_FENCE_INVALID
*** end of the data structure *** 

*** begin of the data structure *** 
core_id:82 thread_id:8
opcode: NVBIT_IMAD
num_read_regs: 2
num_dest_regs: 1
src0: 255
src1: 255
dst0: 1
is_fp: 0
cf_type: NOT_CF
is_load: 0
inst_size: 16
inst_addr: 7f4eecacbf00
active_mask: ffffffff
br_taken_mask: 0
br_target_addr: 7f4eecacbf10
reconv_inst_addr/mem_addr: 0
mem_addr/reconv_inst_addr: 0
mem_access_size/barrier_id: 4
num_barrier_threads: 0
addr_space/fence_level: GPU_ADDR_SP_INVALID
barrier_id/mem_access_size: 4
fence_level/addr_space: GPU_FENCE_INVALID
*** end of the data structure *** 

*** begin of the data structure *** 
core_id:82 thread_id:9
opcode: NVBIT_IMAD
num_read_regs: 2
num_dest_regs: 1
src0: 255
src1: 255
dst0: 1
is_fp: 0
cf_type: NOT_CF
is_load: 0
inst_size: 16
inst_addr: 7f4eecacbf00
active_mask: ffffffff
br_taken_mask: 0
br_target_addr: 7f4eecacbf10
reconv_inst_addr/mem_addr: 0
mem_addr/reconv_inst_addr: 0
mem_access_size/barrier_id: 4
num_barrier_threads: 0
addr_space/fence_level: GPU_ADDR_SP_INVALID
barrier_id/mem_access_size: 4
fence_level/addr_space: GPU_FENCE_INVALID
*** end of the data structure *** 

*** begin of the data structure *** 
core_id:82 thread_id:10
opcode: NVBIT_IMAD
num_read_regs: 2
num_dest_regs: 1
src0: 255
src1: 255
dst0: 1
is_fp: 0
cf_type: NOT_CF
is_load: 0
inst_size: 16
inst_addr: 7f4eecacbf00
active_mask: ffffffff
br_taken_mask: 0
br_target_addr: 7f4eecacbf10
reconv_inst_addr/mem_addr: 0
mem_addr/reconv_inst_addr: 0
mem_access_size/barrier_id: 4
num_barrier_threads: 0
addr_space/fence_level: GPU_ADDR_SP_INVALID
barrier_id/mem_access_size: 4
fence_level/addr_space: GPU_FENCE_INVALID
*** end of the data structure *** 

*** begin of the data structure *** 
core_id:82 thread_id:11
opcode: NVBIT_IMAD
num_read_regs: 2
num_dest_regs: 1
src0: 255
src1: 255
dst0: 1
is_fp: 0
cf_type: NOT_CF
is_load: 0
inst_size: 16
inst_addr: 7f4eecacbf00
active_mask: ffffffff
br_taken_mask: 0
br_target_addr: 7f4eecacbf10
reconv_inst_addr/mem_addr: 0
mem_addr/reconv_inst_addr: 0
mem_access_size/barrier_id: 4
num_barrier_threads: 0
addr_space/fence_level: GPU_ADDR_SP_INVALID
barrier_id/mem_access_size: 4
fence_level/addr_space: GPU_FENCE_INVALID
*** end of the data structure *** 

*** begin of the data structure *** 
core_id:83 thread_id:8
opcode: NVBIT_IMAD
num_read_regs: 2
num_dest_regs: 1
src0: 255
src1: 255
dst0: 1
is_fp: 0
cf_type: NOT_CF
is_load: 0
inst_size: 16
inst_addr: 7f4eecacbf00
active_mask: ffffffff
br_taken_mask: 0
br_target_addr: 7f4eecacbf10
reconv_inst_addr/mem_addr: 0
mem_addr/reconv_inst_addr: 0
mem_access_size/barrier_id: 4
num_barrier_threads: 0
addr_space/fence_level: GPU_ADDR_SP_INVALID
barrier_id/mem_access_size: 4
fence_level/addr_space: GPU_FENCE_INVALID
*** end of the data structure *** 

*** begin of the data structure *** 
core_id:83 thread_id:9
opcode: NVBIT_IMAD
num_read_regs: 2
num_dest_regs: 1
src0: 255
src1: 255
dst0: 1
is_fp: 0
cf_type: NOT_CF
is_load: 0
inst_size: 16
inst_addr: 7f4eecacbf00
active_mask: ffffffff
br_taken_mask: 0
br_target_addr: 7f4eecacbf10
reconv_inst_addr/mem_addr: 0
mem_addr/reconv_inst_addr: 0
mem_access_size/barrier_id: 4
num_barrier_threads: 0
addr_space/fence_level: GPU_ADDR_SP_INVALID
barrier_id/mem_access_size: 4
fence_level/addr_space: GPU_FENCE_INVALID
*** end of the data structure *** 

*** begin of the data structure *** 
core_id:83 thread_id:10
opcode: NVBIT_IMAD
num_read_regs: 2
num_dest_regs: 1
src0: 255
src1: 255
dst0: 1
is_fp: 0
cf_type: NOT_CF
is_load: 0
inst_size: 16
inst_addr: 7f4eecacbf00
active_mask: ffffffff
br_taken_mask: 0
br_target_addr: 7f4eecacbf10
reconv_inst_addr/mem_addr: 0
mem_addr/reconv_inst_addr: 0
mem_access_size/barrier_id: 4
num_barrier_threads: 0
addr_space/fence_level: GPU_ADDR_SP_INVALID
barrier_id/mem_access_size: 4
fence_level/addr_space: GPU_FENCE_INVALID
*** end of the data structure *** 

*** begin of the data structure *** 
core_id:83 thread_id:11
opcode: NVBIT_IMAD
num_read_regs: 2
num_dest_regs: 1
src0: 255
src1: 255
dst0: 1
is_fp: 0
cf_type: NOT_CF
is_load: 0
inst_size: 16
inst_addr: 7f4eecacbf00
active_mask: ffffffff
br_taken_mask: 0
br_target_addr: 7f4eecacbf10
reconv_inst_addr/mem_addr: 0
mem_addr/reconv_inst_addr: 0
mem_access_size/barrier_id: 4
num_barrier_threads: 0
addr_space/fence_level: GPU_ADDR_SP_INVALID
barrier_id/mem_access_size: 4
fence_level/addr_space: GPU_FENCE_INVALID
*** end of the data structure *** 

*** begin of the data structure *** 
core_id:84 thread_id:8
opcode: NVBIT_IMAD
num_read_regs: 2
num_dest_regs: 1
src0: 255
src1: 255
dst0: 1
is_fp: 0
cf_type: NOT_CF
is_load: 0
inst_size: 16
inst_addr: 7f4eecacbf00
active_mask: ffffffff
br_taken_mask: 0
br_target_addr: 7f4eecacbf10
reconv_inst_addr/mem_addr: 0
mem_addr/reconv_inst_addr: 0
mem_access_size/barrier_id: 4
num_barrier_threads: 0
addr_space/fence_level: GPU_ADDR_SP_INVALID
barrier_id/mem_access_size: 4
fence_level/addr_space: GPU_FENCE_INVALID
*** end of the data structure *** 

*** begin of the data structure *** 
core_id:84 thread_id:9
opcode: NVBIT_IMAD
num_read_regs: 2
num_dest_regs: 1
src0: 255
src1: 255
dst0: 1
is_fp: 0
cf_type: NOT_CF
is_load: 0
inst_size: 16
inst_addr: 7f4eecacbf00
active_mask: ffffffff
br_taken_mask: 0
br_target_addr: 7f4eecacbf10
reconv_inst_addr/mem_addr: 0
mem_addr/reconv_inst_addr: 0
mem_access_size/barrier_id: 4
num_barrier_threads: 0
addr_space/fence_level: GPU_ADDR_SP_INVALID
barrier_id/mem_access_size: 4
fence_level/addr_space: GPU_FENCE_INVALID
*** end of the data structure *** 

*** begin of the data structure *** 
core_id:84 thread_id:10
opcode: NVBIT_IMAD
num_read_regs: 2
num_dest_regs: 1
src0: 255
src1: 255
dst0: 1
is_fp: 0
cf_type: NOT_CF
is_load: 0
inst_size: 16
inst_addr: 7f4eecacbf00
active_mask: ffffffff
br_taken_mask: 0
br_target_addr: 7f4eecacbf10
reconv_inst_addr/mem_addr: 0
mem_addr/reconv_inst_addr: 0
mem_access_size/barrier_id: 4
num_barrier_threads: 0
addr_space/fence_level: GPU_ADDR_SP_INVALID
barrier_id/mem_access_size: 4
fence_level/addr_space: GPU_FENCE_INVALID
*** end of the data structure *** 

*** begin of the data structure *** 
core_id:84 thread_id:11
opcode: NVBIT_IMAD
num_read_regs: 2
num_dest_regs: 1
src0: 255
src1: 255
dst0: 1
is_fp: 0
cf_type: NOT_CF
is_load: 0
inst_size: 16
inst_addr: 7f4eecacbf00
active_mask: ffffffff
br_taken_mask: 0
br_target_addr: 7f4eecacbf10
reconv_inst_addr/mem_addr: 0
mem_addr/reconv_inst_addr: 0
mem_access_size/barrier_id: 4
num_barrier_threads: 0
addr_space/fence_level: GPU_ADDR_SP_INVALID
barrier_id/mem_access_size: 4
fence_level/addr_space: GPU_FENCE_INVALID
*** end of the data structure *** 

*** begin of the data structure *** 
core_id:85 thread_id:8
opcode: NVBIT_IMAD
num_read_regs: 2
num_dest_regs: 1
src0: 255
src1: 255
dst0: 1
is_fp: 0
cf_type: NOT_CF
is_load: 0
inst_size: 16
inst_addr: 7f4eecacbf00
active_mask: ffffffff
br_taken_mask: 0
br_target_addr: 7f4eecacbf10
reconv_inst_addr/mem_addr: 0
mem_addr/reconv_inst_addr: 0
mem_access_size/barrier_id: 4
num_barrier_threads: 0
addr_space/fence_level: GPU_ADDR_SP_INVALID
barrier_id/mem_access_size: 4
fence_level/addr_space: GPU_FENCE_INVALID
*** end of the data structure *** 

*** begin of the data structure *** 
core_id:85 thread_id:9
opcode: NVBIT_IMAD
num_read_regs: 2
num_dest_regs: 1
src0: 255
src1: 255
dst0: 1
is_fp: 0
cf_type: NOT_CF
is_load: 0
inst_size: 16
inst_addr: 7f4eecacbf00
active_mask: ffffffff
br_taken_mask: 0
br_target_addr: 7f4eecacbf10
reconv_inst_addr/mem_addr: 0
mem_addr/reconv_inst_addr: 0
mem_access_size/barrier_id: 4
num_barrier_threads: 0
addr_space/fence_level: GPU_ADDR_SP_INVALID
barrier_id/mem_access_size: 4
fence_level/addr_space: GPU_FENCE_INVALID
*** end of the data structure *** 

*** begin of the data structure *** 
core_id:85 thread_id:10
opcode: NVBIT_IMAD
num_read_regs: 2
num_dest_regs: 1
src0: 255
src1: 255
dst0: 1
is_fp: 0
cf_type: NOT_CF
is_load: 0
inst_size: 16
inst_addr: 7f4eecacbf00
active_mask: ffffffff
br_taken_mask: 0
br_target_addr: 7f4eecacbf10
reconv_inst_addr/mem_addr: 0
mem_addr/reconv_inst_addr: 0
mem_access_size/barrier_id: 4
num_barrier_threads: 0
addr_space/fence_level: GPU_ADDR_SP_INVALID
barrier_id/mem_access_size: 4
fence_level/addr_space: GPU_FENCE_INVALID
*** end of the data structure *** 

*** begin of the data structure *** 
core_id:85 thread_id:11
opcode: NVBIT_IMAD
num_read_regs: 2
num_dest_regs: 1
src0: 255
src1: 255
dst0: 1
is_fp: 0
cf_type: NOT_CF
is_load: 0
inst_size: 16
inst_addr: 7f4eecacbf00
active_mask: ffffffff
br_taken_mask: 0
br_target_addr: 7f4eecacbf10
reconv_inst_addr/mem_addr: 0
mem_addr/reconv_inst_addr: 0
mem_access_size/barrier_id: 4
num_barrier_threads: 0
addr_space/fence_level: GPU_ADDR_SP_INVALID
barrier_id/mem_access_size: 4
fence_level/addr_space: GPU_FENCE_INVALID
*** end of the data structure *** 

*** begin of the data structure *** 
core_id:86 thread_id:8
opcode: NVBIT_IMAD
num_read_regs: 2
num_dest_regs: 1
src0: 255
src1: 255
dst0: 1
is_fp: 0
cf_type: NOT_CF
is_load: 0
inst_size: 16
inst_addr: 7f4eecacbf00
active_mask: ffffffff
br_taken_mask: 0
br_target_addr: 7f4eecacbf10
reconv_inst_addr/mem_addr: 0
mem_addr/reconv_inst_addr: 0
mem_access_size/barrier_id: 4
num_barrier_threads: 0
addr_space/fence_level: GPU_ADDR_SP_INVALID
barrier_id/mem_access_size: 4
fence_level/addr_space: GPU_FENCE_INVALID
*** end of the data structure *** 

*** begin of the data structure *** 
core_id:86 thread_id:9
opcode: NVBIT_IMAD
num_read_regs: 2
num_dest_regs: 1
src0: 255
src1: 255
dst0: 1
is_fp: 0
cf_type: NOT_CF
is_load: 0
inst_size: 16
inst_addr: 7f4eecacbf00
active_mask: ffffffff
br_taken_mask: 0
br_target_addr: 7f4eecacbf10
reconv_inst_addr/mem_addr: 0
mem_addr/reconv_inst_addr: 0
mem_access_size/barrier_id: 4
num_barrier_threads: 0
addr_space/fence_level: GPU_ADDR_SP_INVALID
barrier_id/mem_access_size: 4
fence_level/addr_space: GPU_FENCE_INVALID
*** end of the data structure *** 

*** begin of the data structure *** 
core_id:86 thread_id:10
opcode: NVBIT_IMAD
num_read_regs: 2
num_dest_regs: 1
src0: 255
src1: 255
dst0: 1
is_fp: 0
cf_type: NOT_CF
is_load: 0
inst_size: 16
inst_addr: 7f4eecacbf00
active_mask: ffffffff
br_taken_mask: 0
br_target_addr: 7f4eecacbf10
reconv_inst_addr/mem_addr: 0
mem_addr/reconv_inst_addr: 0
mem_access_size/barrier_id: 4
num_barrier_threads: 0
addr_space/fence_level: GPU_ADDR_SP_INVALID
barrier_id/mem_access_size: 4
fence_level/addr_space: GPU_FENCE_INVALID
*** end of the data structure *** 

*** begin of the data structure *** 
core_id:86 thread_id:11
opcode: NVBIT_IMAD
num_read_regs: 2
num_dest_regs: 1
src0: 255
src1: 255
dst0: 1
is_fp: 0
cf_type: NOT_CF
is_load: 0
inst_size: 16
inst_addr: 7f4eecacbf00
active_mask: ffffffff
br_taken_mask: 0
br_target_addr: 7f4eecacbf10
reconv_inst_addr/mem_addr: 0
mem_addr/reconv_inst_addr: 0
mem_access_size/barrier_id: 4
num_barrier_threads: 0
addr_space/fence_level: GPU_ADDR_SP_INVALID
barrier_id/mem_access_size: 4
fence_level/addr_space: GPU_FENCE_INVALID
*** end of the data structure *** 

*** begin of the data structure *** 
core_id:87 thread_id:8
opcode: NVBIT_IMAD
num_read_regs: 2
num_dest_regs: 1
src0: 255
src1: 255
dst0: 1
is_fp: 0
cf_type: NOT_CF
is_load: 0
inst_size: 16
inst_addr: 7f4eecacbf00
active_mask: ffffffff
br_taken_mask: 0
br_target_addr: 7f4eecacbf10
reconv_inst_addr/mem_addr: 0
mem_addr/reconv_inst_addr: 0
mem_access_size/barrier_id: 4
num_barrier_threads: 0
addr_space/fence_level: GPU_ADDR_SP_INVALID
barrier_id/mem_access_size: 4
fence_level/addr_space: GPU_FENCE_INVALID
*** end of the data structure *** 

*** begin of the data structure *** 
core_id:87 thread_id:9
opcode: NVBIT_IMAD
num_read_regs: 2
num_dest_regs: 1
src0: 255
src1: 255
dst0: 1
is_fp: 0
cf_type: NOT_CF
is_load: 0
inst_size: 16
inst_addr: 7f4eecacbf00
active_mask: ffffffff
br_taken_mask: 0
br_target_addr: 7f4eecacbf10
reconv_inst_addr/mem_addr: 0
mem_addr/reconv_inst_addr: 0
mem_access_size/barrier_id: 4
num_barrier_threads: 0
addr_space/fence_level: GPU_ADDR_SP_INVALID
barrier_id/mem_access_size: 4
fence_level/addr_space: GPU_FENCE_INVALID
*** end of the data structure *** 

*** begin of the data structure *** 
core_id:87 thread_id:10
opcode: NVBIT_IMAD
num_read_regs: 2
num_dest_regs: 1
src0: 255
src1: 255
dst0: 1
is_fp: 0
cf_type: NOT_CF
is_load: 0
inst_size: 16
inst_addr: 7f4eecacbf00
active_mask: ffffffff
br_taken_mask: 0
br_target_addr: 7f4eecacbf10
reconv_inst_addr/mem_addr: 0
mem_addr/reconv_inst_addr: 0
mem_access_size/barrier_id: 4
num_barrier_threads: 0
addr_space/fence_level: GPU_ADDR_SP_INVALID
barrier_id/mem_access_size: 4
fence_level/addr_space: GPU_FENCE_INVALID
*** end of the data structure *** 

*** begin of the data structure *** 
core_id:87 thread_id:11
opcode: NVBIT_IMAD
num_read_regs: 2
num_dest_regs: 1
src0: 255
src1: 255
dst0: 1
is_fp: 0
cf_type: NOT_CF
is_load: 0
inst_size: 16
inst_addr: 7f4eecacbf00
active_mask: ffffffff
br_taken_mask: 0
br_target_addr: 7f4eecacbf10
reconv_inst_addr/mem_addr: 0
mem_addr/reconv_inst_addr: 0
mem_access_size/barrier_id: 4
num_barrier_threads: 0
addr_space/fence_level: GPU_ADDR_SP_INVALID
barrier_id/mem_access_size: 4
fence_level/addr_space: GPU_FENCE_INVALID
*** end of the data structure *** 

*** begin of the data structure *** 
core_id:88 thread_id:8
opcode: NVBIT_IMAD
num_read_regs: 2
num_dest_regs: 1
src0: 255
src1: 255
dst0: 1
is_fp: 0
cf_type: NOT_CF
is_load: 0
inst_size: 16
inst_addr: 7f4eecacbf00
active_mask: ffffffff
br_taken_mask: 0
br_target_addr: 7f4eecacbf10
reconv_inst_addr/mem_addr: 0
mem_addr/reconv_inst_addr: 0
mem_access_size/barrier_id: 4
num_barrier_threads: 0
addr_space/fence_level: GPU_ADDR_SP_INVALID
barrier_id/mem_access_size: 4
fence_level/addr_space: GPU_FENCE_INVALID
*** end of the data structure *** 

*** begin of the data structure *** 
core_id:88 thread_id:9
opcode: NVBIT_IMAD
num_read_regs: 2
num_dest_regs: 1
src0: 255
src1: 255
dst0: 1
is_fp: 0
cf_type: NOT_CF
is_load: 0
inst_size: 16
inst_addr: 7f4eecacbf00
active_mask: ffffffff
br_taken_mask: 0
br_target_addr: 7f4eecacbf10
reconv_inst_addr/mem_addr: 0
mem_addr/reconv_inst_addr: 0
mem_access_size/barrier_id: 4
num_barrier_threads: 0
addr_space/fence_level: GPU_ADDR_SP_INVALID
barrier_id/mem_access_size: 4
fence_level/addr_space: GPU_FENCE_INVALID
*** end of the data structure *** 

*** begin of the data structure *** 
core_id:88 thread_id:10
opcode: NVBIT_IMAD
num_read_regs: 2
num_dest_regs: 1
src0: 255
src1: 255
dst0: 1
is_fp: 0
cf_type: NOT_CF
is_load: 0
inst_size: 16
inst_addr: 7f4eecacbf00
active_mask: ffffffff
br_taken_mask: 0
br_target_addr: 7f4eecacbf10
reconv_inst_addr/mem_addr: 0
mem_addr/reconv_inst_addr: 0
mem_access_size/barrier_id: 4
num_barrier_threads: 0
addr_space/fence_level: GPU_ADDR_SP_INVALID
barrier_id/mem_access_size: 4
fence_level/addr_space: GPU_FENCE_INVALID
*** end of the data structure *** 

*** begin of the data structure *** 
core_id:88 thread_id:11
opcode: NVBIT_IMAD
num_read_regs: 2
num_dest_regs: 1
src0: 255
src1: 255
dst0: 1
is_fp: 0
cf_type: NOT_CF
is_load: 0
inst_size: 16
inst_addr: 7f4eecacbf00
active_mask: ffffffff
br_taken_mask: 0
br_target_addr: 7f4eecacbf10
reconv_inst_addr/mem_addr: 0
mem_addr/reconv_inst_addr: 0
mem_access_size/barrier_id: 4
num_barrier_threads: 0
addr_space/fence_level: GPU_ADDR_SP_INVALID
barrier_id/mem_access_size: 4
fence_level/addr_space: GPU_FENCE_INVALID
*** end of the data structure *** 

*** begin of the data structure *** 
core_id:89 thread_id:8
opcode: NVBIT_IMAD
num_read_regs: 2
num_dest_regs: 1
src0: 255
src1: 255
dst0: 1
is_fp: 0
cf_type: NOT_CF
is_load: 0
inst_size: 16
inst_addr: 7f4eecacbf00
active_mask: ffffffff
br_taken_mask: 0
br_target_addr: 7f4eecacbf10
reconv_inst_addr/mem_addr: 0
mem_addr/reconv_inst_addr: 0
mem_access_size/barrier_id: 4
num_barrier_threads: 0
addr_space/fence_level: GPU_ADDR_SP_INVALID
barrier_id/mem_access_size: 4
fence_level/addr_space: GPU_FENCE_INVALID
*** end of the data structure *** 

*** begin of the data structure *** 
core_id:89 thread_id:9
opcode: NVBIT_IMAD
num_read_regs: 2
num_dest_regs: 1
src0: 255
src1: 255
dst0: 1
is_fp: 0
cf_type: NOT_CF
is_load: 0
inst_size: 16
inst_addr: 7f4eecacbf00
active_mask: ffffffff
br_taken_mask: 0
br_target_addr: 7f4eecacbf10
reconv_inst_addr/mem_addr: 0
mem_addr/reconv_inst_addr: 0
mem_access_size/barrier_id: 4
num_barrier_threads: 0
addr_space/fence_level: GPU_ADDR_SP_INVALID
barrier_id/mem_access_size: 4
fence_level/addr_space: GPU_FENCE_INVALID
*** end of the data structure *** 

*** begin of the data structure *** 
core_id:89 thread_id:10
opcode: NVBIT_IMAD
num_read_regs: 2
num_dest_regs: 1
src0: 255
src1: 255
dst0: 1
is_fp: 0
cf_type: NOT_CF
is_load: 0
inst_size: 16
inst_addr: 7f4eecacbf00
active_mask: ffffffff
br_taken_mask: 0
br_target_addr: 7f4eecacbf10
reconv_inst_addr/mem_addr: 0
mem_addr/reconv_inst_addr: 0
mem_access_size/barrier_id: 4
num_barrier_threads: 0
addr_space/fence_level: GPU_ADDR_SP_INVALID
barrier_id/mem_access_size: 4
fence_level/addr_space: GPU_FENCE_INVALID
*** end of the data structure *** 

*** begin of the data structure *** 
core_id:89 thread_id:11
opcode: NVBIT_IMAD
num_read_regs: 2
num_dest_regs: 1
src0: 255
src1: 255
dst0: 1
is_fp: 0
cf_type: NOT_CF
is_load: 0
inst_size: 16
inst_addr: 7f4eecacbf00
active_mask: ffffffff
br_taken_mask: 0
br_target_addr: 7f4eecacbf10
reconv_inst_addr/mem_addr: 0
mem_addr/reconv_inst_addr: 0
mem_access_size/barrier_id: 4
num_barrier_threads: 0
addr_space/fence_level: GPU_ADDR_SP_INVALID
barrier_id/mem_access_size: 4
fence_level/addr_space: GPU_FENCE_INVALID
*** end of the data structure *** 

*** begin of the data structure *** 
core_id:90 thread_id:8
opcode: NVBIT_IMAD
num_read_regs: 2
num_dest_regs: 1
src0: 255
src1: 255
dst0: 1
is_fp: 0
cf_type: NOT_CF
is_load: 0
inst_size: 16
inst_addr: 7f4eecacbf00
active_mask: ffffffff
br_taken_mask: 0
br_target_addr: 7f4eecacbf10
reconv_inst_addr/mem_addr: 0
mem_addr/reconv_inst_addr: 0
mem_access_size/barrier_id: 4
num_barrier_threads: 0
addr_space/fence_level: GPU_ADDR_SP_INVALID
barrier_id/mem_access_size: 4
fence_level/addr_space: GPU_FENCE_INVALID
*** end of the data structure *** 

*** begin of the data structure *** 
core_id:90 thread_id:9
opcode: NVBIT_IMAD
num_read_regs: 2
num_dest_regs: 1
src0: 255
src1: 255
dst0: 1
is_fp: 0
cf_type: NOT_CF
is_load: 0
inst_size: 16
inst_addr: 7f4eecacbf00
active_mask: ffffffff
br_taken_mask: 0
br_target_addr: 7f4eecacbf10
reconv_inst_addr/mem_addr: 0
mem_addr/reconv_inst_addr: 0
mem_access_size/barrier_id: 4
num_barrier_threads: 0
addr_space/fence_level: GPU_ADDR_SP_INVALID
barrier_id/mem_access_size: 4
fence_level/addr_space: GPU_FENCE_INVALID
*** end of the data structure *** 

*** begin of the data structure *** 
core_id:90 thread_id:10
opcode: NVBIT_IMAD
num_read_regs: 2
num_dest_regs: 1
src0: 255
src1: 255
dst0: 1
is_fp: 0
cf_type: NOT_CF
is_load: 0
inst_size: 16
inst_addr: 7f4eecacbf00
active_mask: ffffffff
br_taken_mask: 0
br_target_addr: 7f4eecacbf10
reconv_inst_addr/mem_addr: 0
mem_addr/reconv_inst_addr: 0
mem_access_size/barrier_id: 4
num_barrier_threads: 0
addr_space/fence_level: GPU_ADDR_SP_INVALID
barrier_id/mem_access_size: 4
fence_level/addr_space: GPU_FENCE_INVALID
*** end of the data structure *** 

*** begin of the data structure *** 
core_id:90 thread_id:11
opcode: NVBIT_IMAD
num_read_regs: 2
num_dest_regs: 1
src0: 255
src1: 255
dst0: 1
is_fp: 0
cf_type: NOT_CF
is_load: 0
inst_size: 16
inst_addr: 7f4eecacbf00
active_mask: ffffffff
br_taken_mask: 0
br_target_addr: 7f4eecacbf10
reconv_inst_addr/mem_addr: 0
mem_addr/reconv_inst_addr: 0
mem_access_size/barrier_id: 4
num_barrier_threads: 0
addr_space/fence_level: GPU_ADDR_SP_INVALID
barrier_id/mem_access_size: 4
fence_level/addr_space: GPU_FENCE_INVALID
*** end of the data structure *** 

*** begin of the data structure *** 
core_id:91 thread_id:8
opcode: NVBIT_IMAD
num_read_regs: 2
num_dest_regs: 1
src0: 255
src1: 255
dst0: 1
is_fp: 0
cf_type: NOT_CF
is_load: 0
inst_size: 16
inst_addr: 7f4eecacbf00
active_mask: ffffffff
br_taken_mask: 0
br_target_addr: 7f4eecacbf10
reconv_inst_addr/mem_addr: 0
mem_addr/reconv_inst_addr: 0
mem_access_size/barrier_id: 4
num_barrier_threads: 0
addr_space/fence_level: GPU_ADDR_SP_INVALID
barrier_id/mem_access_size: 4
fence_level/addr_space: GPU_FENCE_INVALID
*** end of the data structure *** 

*** begin of the data structure *** 
core_id:91 thread_id:9
opcode: NVBIT_IMAD
num_read_regs: 2
num_dest_regs: 1
src0: 255
src1: 255
dst0: 1
is_fp: 0
cf_type: NOT_CF
is_load: 0
inst_size: 16
inst_addr: 7f4eecacbf00
active_mask: ffffffff
br_taken_mask: 0
br_target_addr: 7f4eecacbf10
reconv_inst_addr/mem_addr: 0
mem_addr/reconv_inst_addr: 0
mem_access_size/barrier_id: 4
num_barrier_threads: 0
addr_space/fence_level: GPU_ADDR_SP_INVALID
barrier_id/mem_access_size: 4
fence_level/addr_space: GPU_FENCE_INVALID
*** end of the data structure *** 

*** begin of the data structure *** 
core_id:91 thread_id:10
opcode: NVBIT_IMAD
num_read_regs: 2
num_dest_regs: 1
src0: 255
src1: 255
dst0: 1
is_fp: 0
cf_type: NOT_CF
is_load: 0
inst_size: 16
inst_addr: 7f4eecacbf00
active_mask: ffffffff
br_taken_mask: 0
br_target_addr: 7f4eecacbf10
reconv_inst_addr/mem_addr: 0
mem_addr/reconv_inst_addr: 0
mem_access_size/barrier_id: 4
num_barrier_threads: 0
addr_space/fence_level: GPU_ADDR_SP_INVALID
barrier_id/mem_access_size: 4
fence_level/addr_space: GPU_FENCE_INVALID
*** end of the data structure *** 

*** begin of the data structure *** 
core_id:91 thread_id:11
opcode: NVBIT_IMAD
num_read_regs: 2
num_dest_regs: 1
src0: 255
src1: 255
dst0: 1
is_fp: 0
cf_type: NOT_CF
is_load: 0
inst_size: 16
inst_addr: 7f4eecacbf00
active_mask: ffffffff
br_taken_mask: 0
br_target_addr: 7f4eecacbf10
reconv_inst_addr/mem_addr: 0
mem_addr/reconv_inst_addr: 0
mem_access_size/barrier_id: 4
num_barrier_threads: 0
addr_space/fence_level: GPU_ADDR_SP_INVALID
barrier_id/mem_access_size: 4
fence_level/addr_space: GPU_FENCE_INVALID
*** end of the data structure *** 

*** begin of the data structure *** 
core_id:92 thread_id:8
opcode: NVBIT_IMAD
num_read_regs: 2
num_dest_regs: 1
src0: 255
src1: 255
dst0: 1
is_fp: 0
cf_type: NOT_CF
is_load: 0
inst_size: 16
inst_addr: 7f4eecacbf00
active_mask: ffffffff
br_taken_mask: 0
br_target_addr: 7f4eecacbf10
reconv_inst_addr/mem_addr: 0
mem_addr/reconv_inst_addr: 0
mem_access_size/barrier_id: 4
num_barrier_threads: 0
addr_space/fence_level: GPU_ADDR_SP_INVALID
barrier_id/mem_access_size: 4
fence_level/addr_space: GPU_FENCE_INVALID
*** end of the data structure *** 

*** begin of the data structure *** 
core_id:92 thread_id:9
opcode: NVBIT_IMAD
num_read_regs: 2
num_dest_regs: 1
src0: 255
src1: 255
dst0: 1
is_fp: 0
cf_type: NOT_CF
is_load: 0
inst_size: 16
inst_addr: 7f4eecacbf00
active_mask: ffffffff
br_taken_mask: 0
br_target_addr: 7f4eecacbf10
reconv_inst_addr/mem_addr: 0
mem_addr/reconv_inst_addr: 0
mem_access_size/barrier_id: 4
num_barrier_threads: 0
addr_space/fence_level: GPU_ADDR_SP_INVALID
barrier_id/mem_access_size: 4
fence_level/addr_space: GPU_FENCE_INVALID
*** end of the data structure *** 

*** begin of the data structure *** 
core_id:92 thread_id:10
opcode: NVBIT_IMAD
num_read_regs: 2
num_dest_regs: 1
src0: 255
src1: 255
dst0: 1
is_fp: 0
cf_type: NOT_CF
is_load: 0
inst_size: 16
inst_addr: 7f4eecacbf00
active_mask: ffffffff
br_taken_mask: 0
br_target_addr: 7f4eecacbf10
reconv_inst_addr/mem_addr: 0
mem_addr/reconv_inst_addr: 0
mem_access_size/barrier_id: 4
num_barrier_threads: 0
addr_space/fence_level: GPU_ADDR_SP_INVALID
barrier_id/mem_access_size: 4
fence_level/addr_space: GPU_FENCE_INVALID
*** end of the data structure *** 

*** begin of the data structure *** 
core_id:92 thread_id:11
opcode: NVBIT_IMAD
num_read_regs: 2
num_dest_regs: 1
src0: 255
src1: 255
dst0: 1
is_fp: 0
cf_type: NOT_CF
is_load: 0
inst_size: 16
inst_addr: 7f4eecacbf00
active_mask: ffffffff
br_taken_mask: 0
br_target_addr: 7f4eecacbf10
reconv_inst_addr/mem_addr: 0
mem_addr/reconv_inst_addr: 0
mem_access_size/barrier_id: 4
num_barrier_threads: 0
addr_space/fence_level: GPU_ADDR_SP_INVALID
barrier_id/mem_access_size: 4
fence_level/addr_space: GPU_FENCE_INVALID
*** end of the data structure *** 

*** begin of the data structure *** 
core_id:93 thread_id:8
opcode: NVBIT_IMAD
num_read_regs: 2
num_dest_regs: 1
src0: 255
src1: 255
dst0: 1
is_fp: 0
cf_type: NOT_CF
is_load: 0
inst_size: 16
inst_addr: 7f4eecacbf00
active_mask: ffffffff
br_taken_mask: 0
br_target_addr: 7f4eecacbf10
reconv_inst_addr/mem_addr: 0
mem_addr/reconv_inst_addr: 0
mem_access_size/barrier_id: 4
num_barrier_threads: 0
addr_space/fence_level: GPU_ADDR_SP_INVALID
barrier_id/mem_access_size: 4
fence_level/addr_space: GPU_FENCE_INVALID
*** end of the data structure *** 

*** begin of the data structure *** 
core_id:93 thread_id:9
opcode: NVBIT_IMAD
num_read_regs: 2
num_dest_regs: 1
src0: 255
src1: 255
dst0: 1
is_fp: 0
cf_type: NOT_CF
is_load: 0
inst_size: 16
inst_addr: 7f4eecacbf00
active_mask: ffffffff
br_taken_mask: 0
br_target_addr: 7f4eecacbf10
reconv_inst_addr/mem_addr: 0
mem_addr/reconv_inst_addr: 0
mem_access_size/barrier_id: 4
num_barrier_threads: 0
addr_space/fence_level: GPU_ADDR_SP_INVALID
barrier_id/mem_access_size: 4
fence_level/addr_space: GPU_FENCE_INVALID
*** end of the data structure *** 

*** begin of the data structure *** 
core_id:93 thread_id:10
opcode: NVBIT_IMAD
num_read_regs: 2
num_dest_regs: 1
src0: 255
src1: 255
dst0: 1
is_fp: 0
cf_type: NOT_CF
is_load: 0
inst_size: 16
inst_addr: 7f4eecacbf00
active_mask: ffffffff
br_taken_mask: 0
br_target_addr: 7f4eecacbf10
reconv_inst_addr/mem_addr: 0
mem_addr/reconv_inst_addr: 0
mem_access_size/barrier_id: 4
num_barrier_threads: 0
addr_space/fence_level: GPU_ADDR_SP_INVALID
barrier_id/mem_access_size: 4
fence_level/addr_space: GPU_FENCE_INVALID
*** end of the data structure *** 

*** begin of the data structure *** 
core_id:93 thread_id:11
opcode: NVBIT_IMAD
num_read_regs: 2
num_dest_regs: 1
src0: 255
src1: 255
dst0: 1
is_fp: 0
cf_type: NOT_CF
is_load: 0
inst_size: 16
inst_addr: 7f4eecacbf00
active_mask: ffffffff
br_taken_mask: 0
br_target_addr: 7f4eecacbf10
reconv_inst_addr/mem_addr: 0
mem_addr/reconv_inst_addr: 0
mem_access_size/barrier_id: 4
num_barrier_threads: 0
addr_space/fence_level: GPU_ADDR_SP_INVALID
barrier_id/mem_access_size: 4
fence_level/addr_space: GPU_FENCE_INVALID
*** end of the data structure *** 

*** begin of the data structure *** 
core_id:94 thread_id:8
opcode: NVBIT_IMAD
num_read_regs: 2
num_dest_regs: 1
src0: 255
src1: 255
dst0: 1
is_fp: 0
cf_type: NOT_CF
is_load: 0
inst_size: 16
inst_addr: 7f4eecacbf00
active_mask: ffffffff
br_taken_mask: 0
br_target_addr: 7f4eecacbf10
reconv_inst_addr/mem_addr: 0
mem_addr/reconv_inst_addr: 0
mem_access_size/barrier_id: 4
num_barrier_threads: 0
addr_space/fence_level: GPU_ADDR_SP_INVALID
barrier_id/mem_access_size: 4
fence_level/addr_space: GPU_FENCE_INVALID
*** end of the data structure *** 

*** begin of the data structure *** 
core_id:94 thread_id:9
opcode: NVBIT_IMAD
num_read_regs: 2
num_dest_regs: 1
src0: 255
src1: 255
dst0: 1
is_fp: 0
cf_type: NOT_CF
is_load: 0
inst_size: 16
inst_addr: 7f4eecacbf00
active_mask: ffffffff
br_taken_mask: 0
br_target_addr: 7f4eecacbf10
reconv_inst_addr/mem_addr: 0
mem_addr/reconv_inst_addr: 0
mem_access_size/barrier_id: 4
num_barrier_threads: 0
addr_space/fence_level: GPU_ADDR_SP_INVALID
barrier_id/mem_access_size: 4
fence_level/addr_space: GPU_FENCE_INVALID
*** end of the data structure *** 

*** begin of the data structure *** 
core_id:94 thread_id:10
opcode: NVBIT_IMAD
num_read_regs: 2
num_dest_regs: 1
src0: 255
src1: 255
dst0: 1
is_fp: 0
cf_type: NOT_CF
is_load: 0
inst_size: 16
inst_addr: 7f4eecacbf00
active_mask: ffffffff
br_taken_mask: 0
br_target_addr: 7f4eecacbf10
reconv_inst_addr/mem_addr: 0
mem_addr/reconv_inst_addr: 0
mem_access_size/barrier_id: 4
num_barrier_threads: 0
addr_space/fence_level: GPU_ADDR_SP_INVALID
barrier_id/mem_access_size: 4
fence_level/addr_space: GPU_FENCE_INVALID
*** end of the data structure *** 

*** begin of the data structure *** 
core_id:94 thread_id:11
opcode: NVBIT_IMAD
num_read_regs: 2
num_dest_regs: 1
src0: 255
src1: 255
dst0: 1
is_fp: 0
cf_type: NOT_CF
is_load: 0
inst_size: 16
inst_addr: 7f4eecacbf00
active_mask: ffffffff
br_taken_mask: 0
br_target_addr: 7f4eecacbf10
reconv_inst_addr/mem_addr: 0
mem_addr/reconv_inst_addr: 0
mem_access_size/barrier_id: 4
num_barrier_threads: 0
addr_space/fence_level: GPU_ADDR_SP_INVALID
barrier_id/mem_access_size: 4
fence_level/addr_space: GPU_FENCE_INVALID
*** end of the data structure *** 

*** begin of the data structure *** 
core_id:95 thread_id:8
opcode: NVBIT_IMAD
num_read_regs: 2
num_dest_regs: 1
src0: 255
src1: 255
dst0: 1
is_fp: 0
cf_type: NOT_CF
is_load: 0
inst_size: 16
inst_addr: 7f4eecacbf00
active_mask: ffffffff
br_taken_mask: 0
br_target_addr: 7f4eecacbf10
reconv_inst_addr/mem_addr: 0
mem_addr/reconv_inst_addr: 0
mem_access_size/barrier_id: 4
num_barrier_threads: 0
addr_space/fence_level: GPU_ADDR_SP_INVALID
barrier_id/mem_access_size: 4
fence_level/addr_space: GPU_FENCE_INVALID
*** end of the data structure *** 

*** begin of the data structure *** 
core_id:95 thread_id:9
opcode: NVBIT_IMAD
num_read_regs: 2
num_dest_regs: 1
src0: 255
src1: 255
dst0: 1
is_fp: 0
cf_type: NOT_CF
is_load: 0
inst_size: 16
inst_addr: 7f4eecacbf00
active_mask: ffffffff
br_taken_mask: 0
br_target_addr: 7f4eecacbf10
reconv_inst_addr/mem_addr: 0
mem_addr/reconv_inst_addr: 0
mem_access_size/barrier_id: 4
num_barrier_threads: 0
addr_space/fence_level: GPU_ADDR_SP_INVALID
barrier_id/mem_access_size: 4
fence_level/addr_space: GPU_FENCE_INVALID
*** end of the data structure *** 

*** begin of the data structure *** 
core_id:95 thread_id:10
opcode: NVBIT_IMAD
num_read_regs: 2
num_dest_regs: 1
src0: 255
src1: 255
dst0: 1
is_fp: 0
cf_type: NOT_CF
is_load: 0
inst_size: 16
inst_addr: 7f4eecacbf00
active_mask: ffffffff
br_taken_mask: 0
br_target_addr: 7f4eecacbf10
reconv_inst_addr/mem_addr: 0
mem_addr/reconv_inst_addr: 0
mem_access_size/barrier_id: 4
num_barrier_threads: 0
addr_space/fence_level: GPU_ADDR_SP_INVALID
barrier_id/mem_access_size: 4
fence_level/addr_space: GPU_FENCE_INVALID
*** end of the data structure *** 

*** begin of the data structure *** 
core_id:95 thread_id:11
opcode: NVBIT_IMAD
num_read_regs: 2
num_dest_regs: 1
src0: 255
src1: 255
dst0: 1
is_fp: 0
cf_type: NOT_CF
is_load: 0
inst_size: 16
inst_addr: 7f4eecacbf00
active_mask: ffffffff
br_taken_mask: 0
br_target_addr: 7f4eecacbf10
reconv_inst_addr/mem_addr: 0
mem_addr/reconv_inst_addr: 0
mem_access_size/barrier_id: 4
num_barrier_threads: 0
addr_space/fence_level: GPU_ADDR_SP_INVALID
barrier_id/mem_access_size: 4
fence_level/addr_space: GPU_FENCE_INVALID
*** end of the data structure *** 

*** begin of the data structure *** 
core_id:96 thread_id:8
opcode: NVBIT_IMAD
num_read_regs: 2
num_dest_regs: 1
src0: 255
src1: 255
dst0: 1
is_fp: 0
cf_type: NOT_CF
is_load: 0
inst_size: 16
inst_addr: 7f4eecacbf00
active_mask: ffffffff
br_taken_mask: 0
br_target_addr: 7f4eecacbf10
reconv_inst_addr/mem_addr: 0
mem_addr/reconv_inst_addr: 0
mem_access_size/barrier_id: 4
num_barrier_threads: 0
addr_space/fence_level: GPU_ADDR_SP_INVALID
barrier_id/mem_access_size: 4
fence_level/addr_space: GPU_FENCE_INVALID
*** end of the data structure *** 

*** begin of the data structure *** 
core_id:96 thread_id:9
opcode: NVBIT_IMAD
num_read_regs: 2
num_dest_regs: 1
src0: 255
src1: 255
dst0: 1
is_fp: 0
cf_type: NOT_CF
is_load: 0
inst_size: 16
inst_addr: 7f4eecacbf00
active_mask: ffffffff
br_taken_mask: 0
br_target_addr: 7f4eecacbf10
reconv_inst_addr/mem_addr: 0
mem_addr/reconv_inst_addr: 0
mem_access_size/barrier_id: 4
num_barrier_threads: 0
addr_space/fence_level: GPU_ADDR_SP_INVALID
barrier_id/mem_access_size: 4
fence_level/addr_space: GPU_FENCE_INVALID
*** end of the data structure *** 

*** begin of the data structure *** 
core_id:96 thread_id:10
opcode: NVBIT_IMAD
num_read_regs: 2
num_dest_regs: 1
src0: 255
src1: 255
dst0: 1
is_fp: 0
cf_type: NOT_CF
is_load: 0
inst_size: 16
inst_addr: 7f4eecacbf00
active_mask: ffffffff
br_taken_mask: 0
br_target_addr: 7f4eecacbf10
reconv_inst_addr/mem_addr: 0
mem_addr/reconv_inst_addr: 0
mem_access_size/barrier_id: 4
num_barrier_threads: 0
addr_space/fence_level: GPU_ADDR_SP_INVALID
barrier_id/mem_access_size: 4
fence_level/addr_space: GPU_FENCE_INVALID
*** end of the data structure *** 

*** begin of the data structure *** 
core_id:96 thread_id:11
opcode: NVBIT_IMAD
num_read_regs: 2
num_dest_regs: 1
src0: 255
src1: 255
dst0: 1
is_fp: 0
cf_type: NOT_CF
is_load: 0
inst_size: 16
inst_addr: 7f4eecacbf00
active_mask: ffffffff
br_taken_mask: 0
br_target_addr: 7f4eecacbf10
reconv_inst_addr/mem_addr: 0
mem_addr/reconv_inst_addr: 0
mem_access_size/barrier_id: 4
num_barrier_threads: 0
addr_space/fence_level: GPU_ADDR_SP_INVALID
barrier_id/mem_access_size: 4
fence_level/addr_space: GPU_FENCE_INVALID
*** end of the data structure *** 

*** begin of the data structure *** 
core_id:97 thread_id:8
opcode: NVBIT_IMAD
num_read_regs: 2
num_dest_regs: 1
src0: 255
src1: 255
dst0: 1
is_fp: 0
cf_type: NOT_CF
is_load: 0
inst_size: 16
inst_addr: 7f4eecacbf00
active_mask: ffffffff
br_taken_mask: 0
br_target_addr: 7f4eecacbf10
reconv_inst_addr/mem_addr: 0
mem_addr/reconv_inst_addr: 0
mem_access_size/barrier_id: 4
num_barrier_threads: 0
addr_space/fence_level: GPU_ADDR_SP_INVALID
barrier_id/mem_access_size: 4
fence_level/addr_space: GPU_FENCE_INVALID
*** end of the data structure *** 

*** begin of the data structure *** 
core_id:97 thread_id:9
opcode: NVBIT_IMAD
num_read_regs: 2
num_dest_regs: 1
src0: 255
src1: 255
dst0: 1
is_fp: 0
cf_type: NOT_CF
is_load: 0
inst_size: 16
inst_addr: 7f4eecacbf00
active_mask: ffffffff
br_taken_mask: 0
br_target_addr: 7f4eecacbf10
reconv_inst_addr/mem_addr: 0
mem_addr/reconv_inst_addr: 0
mem_access_size/barrier_id: 4
num_barrier_threads: 0
addr_space/fence_level: GPU_ADDR_SP_INVALID
barrier_id/mem_access_size: 4
fence_level/addr_space: GPU_FENCE_INVALID
*** end of the data structure *** 

*** begin of the data structure *** 
core_id:97 thread_id:10
opcode: NVBIT_IMAD
num_read_regs: 2
num_dest_regs: 1
src0: 255
src1: 255
dst0: 1
is_fp: 0
cf_type: NOT_CF
is_load: 0
inst_size: 16
inst_addr: 7f4eecacbf00
active_mask: ffffffff
br_taken_mask: 0
br_target_addr: 7f4eecacbf10
reconv_inst_addr/mem_addr: 0
mem_addr/reconv_inst_addr: 0
mem_access_size/barrier_id: 4
num_barrier_threads: 0
addr_space/fence_level: GPU_ADDR_SP_INVALID
barrier_id/mem_access_size: 4
fence_level/addr_space: GPU_FENCE_INVALID
*** end of the data structure *** 

*** begin of the data structure *** 
core_id:97 thread_id:11
opcode: NVBIT_IMAD
num_read_regs: 2
num_dest_regs: 1
src0: 255
src1: 255
dst0: 1
is_fp: 0
cf_type: NOT_CF
is_load: 0
inst_size: 16
inst_addr: 7f4eecacbf00
active_mask: ffffffff
br_taken_mask: 0
br_target_addr: 7f4eecacbf10
reconv_inst_addr/mem_addr: 0
mem_addr/reconv_inst_addr: 0
mem_access_size/barrier_id: 4
num_barrier_threads: 0
addr_space/fence_level: GPU_ADDR_SP_INVALID
barrier_id/mem_access_size: 4
fence_level/addr_space: GPU_FENCE_INVALID
*** end of the data structure *** 

*** begin of the data structure *** 
core_id:98 thread_id:8
opcode: NVBIT_IMAD
num_read_regs: 2
num_dest_regs: 1
src0: 255
src1: 255
dst0: 1
is_fp: 0
cf_type: NOT_CF
is_load: 0
inst_size: 16
inst_addr: 7f4eecacbf00
active_mask: ffffffff
br_taken_mask: 0
br_target_addr: 7f4eecacbf10
reconv_inst_addr/mem_addr: 0
mem_addr/reconv_inst_addr: 0
mem_access_size/barrier_id: 4
num_barrier_threads: 0
addr_space/fence_level: GPU_ADDR_SP_INVALID
barrier_id/mem_access_size: 4
fence_level/addr_space: GPU_FENCE_INVALID
*** end of the data structure *** 

*** begin of the data structure *** 
core_id:98 thread_id:9
opcode: NVBIT_IMAD
num_read_regs: 2
num_dest_regs: 1
src0: 255
src1: 255
dst0: 1
is_fp: 0
cf_type: NOT_CF
is_load: 0
inst_size: 16
inst_addr: 7f4eecacbf00
active_mask: ffffffff
br_taken_mask: 0
br_target_addr: 7f4eecacbf10
reconv_inst_addr/mem_addr: 0
mem_addr/reconv_inst_addr: 0
mem_access_size/barrier_id: 4
num_barrier_threads: 0
addr_space/fence_level: GPU_ADDR_SP_INVALID
barrier_id/mem_access_size: 4
fence_level/addr_space: GPU_FENCE_INVALID
*** end of the data structure *** 

*** begin of the data structure *** 
core_id:98 thread_id:10
opcode: NVBIT_IMAD
num_read_regs: 2
num_dest_regs: 1
src0: 255
src1: 255
dst0: 1
is_fp: 0
cf_type: NOT_CF
is_load: 0
inst_size: 16
inst_addr: 7f4eecacbf00
active_mask: ffffffff
br_taken_mask: 0
br_target_addr: 7f4eecacbf10
reconv_inst_addr/mem_addr: 0
mem_addr/reconv_inst_addr: 0
mem_access_size/barrier_id: 4
num_barrier_threads: 0
addr_space/fence_level: GPU_ADDR_SP_INVALID
barrier_id/mem_access_size: 4
fence_level/addr_space: GPU_FENCE_INVALID
*** end of the data structure *** 

*** begin of the data structure *** 
core_id:98 thread_id:11
opcode: NVBIT_IMAD
num_read_regs: 2
num_dest_regs: 1
src0: 255
src1: 255
dst0: 1
is_fp: 0
cf_type: NOT_CF
is_load: 0
inst_size: 16
inst_addr: 7f4eecacbf00
active_mask: ffffffff
br_taken_mask: 0
br_target_addr: 7f4eecacbf10
reconv_inst_addr/mem_addr: 0
mem_addr/reconv_inst_addr: 0
mem_access_size/barrier_id: 4
num_barrier_threads: 0
addr_space/fence_level: GPU_ADDR_SP_INVALID
barrier_id/mem_access_size: 4
fence_level/addr_space: GPU_FENCE_INVALID
*** end of the data structure *** 

*** begin of the data structure *** 
core_id:99 thread_id:8
opcode: NVBIT_IMAD
num_read_regs: 2
num_dest_regs: 1
src0: 255
src1: 255
dst0: 1
is_fp: 0
cf_type: NOT_CF
is_load: 0
inst_size: 16
inst_addr: 7f4eecacbf00
active_mask: ffffffff
br_taken_mask: 0
br_target_addr: 7f4eecacbf10
reconv_inst_addr/mem_addr: 0
mem_addr/reconv_inst_addr: 0
mem_access_size/barrier_id: 4
num_barrier_threads: 0
addr_space/fence_level: GPU_ADDR_SP_INVALID
barrier_id/mem_access_size: 4
fence_level/addr_space: GPU_FENCE_INVALID
*** end of the data structure *** 

*** begin of the data structure *** 
core_id:99 thread_id:9
opcode: NVBIT_IMAD
num_read_regs: 2
num_dest_regs: 1
src0: 255
src1: 255
dst0: 1
is_fp: 0
cf_type: NOT_CF
is_load: 0
inst_size: 16
inst_addr: 7f4eecacbf00
active_mask: ffffffff
br_taken_mask: 0
br_target_addr: 7f4eecacbf10
reconv_inst_addr/mem_addr: 0
mem_addr/reconv_inst_addr: 0
mem_access_size/barrier_id: 4
num_barrier_threads: 0
addr_space/fence_level: GPU_ADDR_SP_INVALID
barrier_id/mem_access_size: 4
fence_level/addr_space: GPU_FENCE_INVALID
*** end of the data structure *** 

*** begin of the data structure *** 
core_id:99 thread_id:10
opcode: NVBIT_IMAD
num_read_regs: 2
num_dest_regs: 1
src0: 255
src1: 255
dst0: 1
is_fp: 0
cf_type: NOT_CF
is_load: 0
inst_size: 16
inst_addr: 7f4eecacbf00
active_mask: ffffffff
br_taken_mask: 0
br_target_addr: 7f4eecacbf10
reconv_inst_addr/mem_addr: 0
mem_addr/reconv_inst_addr: 0
mem_access_size/barrier_id: 4
num_barrier_threads: 0
addr_space/fence_level: GPU_ADDR_SP_INVALID
barrier_id/mem_access_size: 4
fence_level/addr_space: GPU_FENCE_INVALID
*** end of the data structure *** 

*** begin of the data structure *** 
core_id:99 thread_id:11
opcode: NVBIT_IMAD
num_read_regs: 2
num_dest_regs: 1
src0: 255
src1: 255
dst0: 1
is_fp: 0
cf_type: NOT_CF
is_load: 0
inst_size: 16
inst_addr: 7f4eecacbf00
active_mask: ffffffff
br_taken_mask: 0
br_target_addr: 7f4eecacbf10
reconv_inst_addr/mem_addr: 0
mem_addr/reconv_inst_addr: 0
mem_access_size/barrier_id: 4
num_barrier_threads: 0
addr_space/fence_level: GPU_ADDR_SP_INVALID
barrier_id/mem_access_size: 4
fence_level/addr_space: GPU_FENCE_INVALID
*** end of the data structure *** 

*** begin of the data structure *** 
core_id:100 thread_id:8
opcode: NVBIT_IMAD
num_read_regs: 2
num_dest_regs: 1
src0: 255
src1: 255
dst0: 1
is_fp: 0
cf_type: NOT_CF
is_load: 0
inst_size: 16
inst_addr: 7f4eecacbf00
active_mask: ffffffff
br_taken_mask: 0
br_target_addr: 7f4eecacbf10
reconv_inst_addr/mem_addr: 0
mem_addr/reconv_inst_addr: 0
mem_access_size/barrier_id: 4
num_barrier_threads: 0
addr_space/fence_level: GPU_ADDR_SP_INVALID
barrier_id/mem_access_size: 4
fence_level/addr_space: GPU_FENCE_INVALID
*** end of the data structure *** 

*** begin of the data structure *** 
core_id:100 thread_id:9
opcode: NVBIT_IMAD
num_read_regs: 2
num_dest_regs: 1
src0: 255
src1: 255
dst0: 1
is_fp: 0
cf_type: NOT_CF
is_load: 0
inst_size: 16
inst_addr: 7f4eecacbf00
active_mask: ffffffff
br_taken_mask: 0
br_target_addr: 7f4eecacbf10
reconv_inst_addr/mem_addr: 0
mem_addr/reconv_inst_addr: 0
mem_access_size/barrier_id: 4
num_barrier_threads: 0
addr_space/fence_level: GPU_ADDR_SP_INVALID
barrier_id/mem_access_size: 4
fence_level/addr_space: GPU_FENCE_INVALID
*** end of the data structure *** 

*** begin of the data structure *** 
core_id:100 thread_id:10
opcode: NVBIT_IMAD
num_read_regs: 2
num_dest_regs: 1
src0: 255
src1: 255
dst0: 1
is_fp: 0
cf_type: NOT_CF
is_load: 0
inst_size: 16
inst_addr: 7f4eecacbf00
active_mask: ffffffff
br_taken_mask: 0
br_target_addr: 7f4eecacbf10
reconv_inst_addr/mem_addr: 0
mem_addr/reconv_inst_addr: 0
mem_access_size/barrier_id: 4
num_barrier_threads: 0
addr_space/fence_level: GPU_ADDR_SP_INVALID
barrier_id/mem_access_size: 4
fence_level/addr_space: GPU_FENCE_INVALID
*** end of the data structure *** 

*** begin of the data structure *** 
core_id:100 thread_id:11
opcode: NVBIT_IMAD
num_read_regs: 2
num_dest_regs: 1
src0: 255
src1: 255
dst0: 1
is_fp: 0
cf_type: NOT_CF
is_load: 0
inst_size: 16
inst_addr: 7f4eecacbf00
active_mask: ffffffff
br_taken_mask: 0
br_target_addr: 7f4eecacbf10
reconv_inst_addr/mem_addr: 0
mem_addr/reconv_inst_addr: 0
mem_access_size/barrier_id: 4
num_barrier_threads: 0
addr_space/fence_level: GPU_ADDR_SP_INVALID
barrier_id/mem_access_size: 4
fence_level/addr_space: GPU_FENCE_INVALID
*** end of the data structure *** 

*** begin of the data structure *** 
core_id:101 thread_id:8
opcode: NVBIT_IMAD
num_read_regs: 2
num_dest_regs: 1
src0: 255
src1: 255
dst0: 1
is_fp: 0
cf_type: NOT_CF
is_load: 0
inst_size: 16
inst_addr: 7f4eecacbf00
active_mask: ffffffff
br_taken_mask: 0
br_target_addr: 7f4eecacbf10
reconv_inst_addr/mem_addr: 0
mem_addr/reconv_inst_addr: 0
mem_access_size/barrier_id: 4
num_barrier_threads: 0
addr_space/fence_level: GPU_ADDR_SP_INVALID
barrier_id/mem_access_size: 4
fence_level/addr_space: GPU_FENCE_INVALID
*** end of the data structure *** 

*** begin of the data structure *** 
core_id:101 thread_id:9
opcode: NVBIT_IMAD
num_read_regs: 2
num_dest_regs: 1
src0: 255
src1: 255
dst0: 1
is_fp: 0
cf_type: NOT_CF
is_load: 0
inst_size: 16
inst_addr: 7f4eecacbf00
active_mask: ffffffff
br_taken_mask: 0
br_target_addr: 7f4eecacbf10
reconv_inst_addr/mem_addr: 0
mem_addr/reconv_inst_addr: 0
mem_access_size/barrier_id: 4
num_barrier_threads: 0
addr_space/fence_level: GPU_ADDR_SP_INVALID
barrier_id/mem_access_size: 4
fence_level/addr_space: GPU_FENCE_INVALID
*** end of the data structure *** 

*** begin of the data structure *** 
core_id:101 thread_id:10
opcode: NVBIT_IMAD
num_read_regs: 2
num_dest_regs: 1
src0: 255
src1: 255
dst0: 1
is_fp: 0
cf_type: NOT_CF
is_load: 0
inst_size: 16
inst_addr: 7f4eecacbf00
active_mask: ffffffff
br_taken_mask: 0
br_target_addr: 7f4eecacbf10
reconv_inst_addr/mem_addr: 0
mem_addr/reconv_inst_addr: 0
mem_access_size/barrier_id: 4
num_barrier_threads: 0
addr_space/fence_level: GPU_ADDR_SP_INVALID
barrier_id/mem_access_size: 4
fence_level/addr_space: GPU_FENCE_INVALID
*** end of the data structure *** 

*** begin of the data structure *** 
core_id:101 thread_id:11
opcode: NVBIT_IMAD
num_read_regs: 2
num_dest_regs: 1
src0: 255
src1: 255
dst0: 1
is_fp: 0
cf_type: NOT_CF
is_load: 0
inst_size: 16
inst_addr: 7f4eecacbf00
active_mask: ffffffff
br_taken_mask: 0
br_target_addr: 7f4eecacbf10
reconv_inst_addr/mem_addr: 0
mem_addr/reconv_inst_addr: 0
mem_access_size/barrier_id: 4
num_barrier_threads: 0
addr_space/fence_level: GPU_ADDR_SP_INVALID
barrier_id/mem_access_size: 4
fence_level/addr_space: GPU_FENCE_INVALID
*** end of the data structure *** 

*** begin of the data structure *** 
core_id:102 thread_id:8
opcode: NVBIT_IMAD
num_read_regs: 2
num_dest_regs: 1
src0: 255
src1: 255
dst0: 1
is_fp: 0
cf_type: NOT_CF
is_load: 0
inst_size: 16
inst_addr: 7f4eecacbf00
active_mask: ffffffff
br_taken_mask: 0
br_target_addr: 7f4eecacbf10
reconv_inst_addr/mem_addr: 0
mem_addr/reconv_inst_addr: 0
mem_access_size/barrier_id: 4
num_barrier_threads: 0
addr_space/fence_level: GPU_ADDR_SP_INVALID
barrier_id/mem_access_size: 4
fence_level/addr_space: GPU_FENCE_INVALID
*** end of the data structure *** 

*** begin of the data structure *** 
core_id:102 thread_id:9
opcode: NVBIT_IMAD
num_read_regs: 2
num_dest_regs: 1
src0: 255
src1: 255
dst0: 1
is_fp: 0
cf_type: NOT_CF
is_load: 0
inst_size: 16
inst_addr: 7f4eecacbf00
active_mask: ffffffff
br_taken_mask: 0
br_target_addr: 7f4eecacbf10
reconv_inst_addr/mem_addr: 0
mem_addr/reconv_inst_addr: 0
mem_access_size/barrier_id: 4
num_barrier_threads: 0
addr_space/fence_level: GPU_ADDR_SP_INVALID
barrier_id/mem_access_size: 4
fence_level/addr_space: GPU_FENCE_INVALID
*** end of the data structure *** 

*** begin of the data structure *** 
core_id:102 thread_id:10
opcode: NVBIT_IMAD
num_read_regs: 2
num_dest_regs: 1
src0: 255
src1: 255
dst0: 1
is_fp: 0
cf_type: NOT_CF
is_load: 0
inst_size: 16
inst_addr: 7f4eecacbf00
active_mask: ffffffff
br_taken_mask: 0
br_target_addr: 7f4eecacbf10
reconv_inst_addr/mem_addr: 0
mem_addr/reconv_inst_addr: 0
mem_access_size/barrier_id: 4
num_barrier_threads: 0
addr_space/fence_level: GPU_ADDR_SP_INVALID
barrier_id/mem_access_size: 4
fence_level/addr_space: GPU_FENCE_INVALID
*** end of the data structure *** 

*** begin of the data structure *** 
core_id:102 thread_id:11
opcode: NVBIT_IMAD
num_read_regs: 2
num_dest_regs: 1
src0: 255
src1: 255
dst0: 1
is_fp: 0
cf_type: NOT_CF
is_load: 0
inst_size: 16
inst_addr: 7f4eecacbf00
active_mask: ffffffff
br_taken_mask: 0
br_target_addr: 7f4eecacbf10
reconv_inst_addr/mem_addr: 0
mem_addr/reconv_inst_addr: 0
mem_access_size/barrier_id: 4
num_barrier_threads: 0
addr_space/fence_level: GPU_ADDR_SP_INVALID
barrier_id/mem_access_size: 4
fence_level/addr_space: GPU_FENCE_INVALID
*** end of the data structure *** 

*** begin of the data structure *** 
core_id:103 thread_id:8
opcode: NVBIT_IMAD
num_read_regs: 2
num_dest_regs: 1
src0: 255
src1: 255
dst0: 1
is_fp: 0
cf_type: NOT_CF
is_load: 0
inst_size: 16
inst_addr: 7f4eecacbf00
active_mask: ffffffff
br_taken_mask: 0
br_target_addr: 7f4eecacbf10
reconv_inst_addr/mem_addr: 0
mem_addr/reconv_inst_addr: 0
mem_access_size/barrier_id: 4
num_barrier_threads: 0
addr_space/fence_level: GPU_ADDR_SP_INVALID
barrier_id/mem_access_size: 4
fence_level/addr_space: GPU_FENCE_INVALID
*** end of the data structure *** 

*** begin of the data structure *** 
core_id:103 thread_id:9
opcode: NVBIT_IMAD
num_read_regs: 2
num_dest_regs: 1
src0: 255
src1: 255
dst0: 1
is_fp: 0
cf_type: NOT_CF
is_load: 0
inst_size: 16
inst_addr: 7f4eecacbf00
active_mask: ffffffff
br_taken_mask: 0
br_target_addr: 7f4eecacbf10
reconv_inst_addr/mem_addr: 0
mem_addr/reconv_inst_addr: 0
mem_access_size/barrier_id: 4
num_barrier_threads: 0
addr_space/fence_level: GPU_ADDR_SP_INVALID
barrier_id/mem_access_size: 4
fence_level/addr_space: GPU_FENCE_INVALID
*** end of the data structure *** 

*** begin of the data structure *** 
core_id:103 thread_id:10
opcode: NVBIT_IMAD
num_read_regs: 2
num_dest_regs: 1
src0: 255
src1: 255
dst0: 1
is_fp: 0
cf_type: NOT_CF
is_load: 0
inst_size: 16
inst_addr: 7f4eecacbf00
active_mask: ffffffff
br_taken_mask: 0
br_target_addr: 7f4eecacbf10
reconv_inst_addr/mem_addr: 0
mem_addr/reconv_inst_addr: 0
mem_access_size/barrier_id: 4
num_barrier_threads: 0
addr_space/fence_level: GPU_ADDR_SP_INVALID
barrier_id/mem_access_size: 4
fence_level/addr_space: GPU_FENCE_INVALID
*** end of the data structure *** 

*** begin of the data structure *** 
core_id:103 thread_id:11
opcode: NVBIT_IMAD
num_read_regs: 2
num_dest_regs: 1
src0: 255
src1: 255
dst0: 1
is_fp: 0
cf_type: NOT_CF
is_load: 0
inst_size: 16
inst_addr: 7f4eecacbf00
active_mask: ffffffff
br_taken_mask: 0
br_target_addr: 7f4eecacbf10
reconv_inst_addr/mem_addr: 0
mem_addr/reconv_inst_addr: 0
mem_access_size/barrier_id: 4
num_barrier_threads: 0
addr_space/fence_level: GPU_ADDR_SP_INVALID
barrier_id/mem_access_size: 4
fence_level/addr_space: GPU_FENCE_INVALID
*** end of the data structure *** 

*** begin of the data structure *** 
core_id:104 thread_id:8
opcode: NVBIT_IMAD
num_read_regs: 2
num_dest_regs: 1
src0: 255
src1: 255
dst0: 1
is_fp: 0
cf_type: NOT_CF
is_load: 0
inst_size: 16
inst_addr: 7f4eecacbf00
active_mask: ffffffff
br_taken_mask: 0
br_target_addr: 7f4eecacbf10
reconv_inst_addr/mem_addr: 0
mem_addr/reconv_inst_addr: 0
mem_access_size/barrier_id: 4
num_barrier_threads: 0
addr_space/fence_level: GPU_ADDR_SP_INVALID
barrier_id/mem_access_size: 4
fence_level/addr_space: GPU_FENCE_INVALID
*** end of the data structure *** 

*** begin of the data structure *** 
core_id:104 thread_id:9
opcode: NVBIT_IMAD
num_read_regs: 2
num_dest_regs: 1
src0: 255
src1: 255
dst0: 1
is_fp: 0
cf_type: NOT_CF
is_load: 0
inst_size: 16
inst_addr: 7f4eecacbf00
active_mask: ffffffff
br_taken_mask: 0
br_target_addr: 7f4eecacbf10
reconv_inst_addr/mem_addr: 0
mem_addr/reconv_inst_addr: 0
mem_access_size/barrier_id: 4
num_barrier_threads: 0
addr_space/fence_level: GPU_ADDR_SP_INVALID
barrier_id/mem_access_size: 4
fence_level/addr_space: GPU_FENCE_INVALID
*** end of the data structure *** 

*** begin of the data structure *** 
core_id:104 thread_id:10
opcode: NVBIT_IMAD
num_read_regs: 2
num_dest_regs: 1
src0: 255
src1: 255
dst0: 1
is_fp: 0
cf_type: NOT_CF
is_load: 0
inst_size: 16
inst_addr: 7f4eecacbf00
active_mask: ffffffff
br_taken_mask: 0
br_target_addr: 7f4eecacbf10
reconv_inst_addr/mem_addr: 0
mem_addr/reconv_inst_addr: 0
mem_access_size/barrier_id: 4
num_barrier_threads: 0
addr_space/fence_level: GPU_ADDR_SP_INVALID
barrier_id/mem_access_size: 4
fence_level/addr_space: GPU_FENCE_INVALID
*** end of the data structure *** 

*** begin of the data structure *** 
core_id:104 thread_id:11
opcode: NVBIT_IMAD
num_read_regs: 2
num_dest_regs: 1
src0: 255
src1: 255
dst0: 1
is_fp: 0
cf_type: NOT_CF
is_load: 0
inst_size: 16
inst_addr: 7f4eecacbf00
active_mask: ffffffff
br_taken_mask: 0
br_target_addr: 7f4eecacbf10
reconv_inst_addr/mem_addr: 0
mem_addr/reconv_inst_addr: 0
mem_access_size/barrier_id: 4
num_barrier_threads: 0
addr_space/fence_level: GPU_ADDR_SP_INVALID
barrier_id/mem_access_size: 4
fence_level/addr_space: GPU_FENCE_INVALID
*** end of the data structure *** 

*** begin of the data structure *** 
core_id:105 thread_id:8
opcode: NVBIT_IMAD
num_read_regs: 2
num_dest_regs: 1
src0: 255
src1: 255
dst0: 1
is_fp: 0
cf_type: NOT_CF
is_load: 0
inst_size: 16
inst_addr: 7f4eecacbf00
active_mask: ffffffff
br_taken_mask: 0
br_target_addr: 7f4eecacbf10
reconv_inst_addr/mem_addr: 0
mem_addr/reconv_inst_addr: 0
mem_access_size/barrier_id: 4
num_barrier_threads: 0
addr_space/fence_level: GPU_ADDR_SP_INVALID
barrier_id/mem_access_size: 4
fence_level/addr_space: GPU_FENCE_INVALID
*** end of the data structure *** 

*** begin of the data structure *** 
core_id:105 thread_id:9
opcode: NVBIT_IMAD
num_read_regs: 2
num_dest_regs: 1
src0: 255
src1: 255
dst0: 1
is_fp: 0
cf_type: NOT_CF
is_load: 0
inst_size: 16
inst_addr: 7f4eecacbf00
active_mask: ffffffff
br_taken_mask: 0
br_target_addr: 7f4eecacbf10
reconv_inst_addr/mem_addr: 0
mem_addr/reconv_inst_addr: 0
mem_access_size/barrier_id: 4
num_barrier_threads: 0
addr_space/fence_level: GPU_ADDR_SP_INVALID
barrier_id/mem_access_size: 4
fence_level/addr_space: GPU_FENCE_INVALID
*** end of the data structure *** 

*** begin of the data structure *** 
core_id:105 thread_id:10
opcode: NVBIT_IMAD
num_read_regs: 2
num_dest_regs: 1
src0: 255
src1: 255
dst0: 1
is_fp: 0
cf_type: NOT_CF
is_load: 0
inst_size: 16
inst_addr: 7f4eecacbf00
active_mask: ffffffff
br_taken_mask: 0
br_target_addr: 7f4eecacbf10
reconv_inst_addr/mem_addr: 0
mem_addr/reconv_inst_addr: 0
mem_access_size/barrier_id: 4
num_barrier_threads: 0
addr_space/fence_level: GPU_ADDR_SP_INVALID
barrier_id/mem_access_size: 4
fence_level/addr_space: GPU_FENCE_INVALID
*** end of the data structure *** 

*** begin of the data structure *** 
core_id:105 thread_id:11
opcode: NVBIT_IMAD
num_read_regs: 2
num_dest_regs: 1
src0: 255
src1: 255
dst0: 1
is_fp: 0
cf_type: NOT_CF
is_load: 0
inst_size: 16
inst_addr: 7f4eecacbf00
active_mask: ffffffff
br_taken_mask: 0
br_target_addr: 7f4eecacbf10
reconv_inst_addr/mem_addr: 0
mem_addr/reconv_inst_addr: 0
mem_access_size/barrier_id: 4
num_barrier_threads: 0
addr_space/fence_level: GPU_ADDR_SP_INVALID
barrier_id/mem_access_size: 4
fence_level/addr_space: GPU_FENCE_INVALID
*** end of the data structure *** 

*** begin of the data structure *** 
core_id:106 thread_id:8
opcode: NVBIT_IMAD
num_read_regs: 2
num_dest_regs: 1
src0: 255
src1: 255
dst0: 1
is_fp: 0
cf_type: NOT_CF
is_load: 0
inst_size: 16
inst_addr: 7f4eecacbf00
active_mask: ffffffff
br_taken_mask: 0
br_target_addr: 7f4eecacbf10
reconv_inst_addr/mem_addr: 0
mem_addr/reconv_inst_addr: 0
mem_access_size/barrier_id: 4
num_barrier_threads: 0
addr_space/fence_level: GPU_ADDR_SP_INVALID
barrier_id/mem_access_size: 4
fence_level/addr_space: GPU_FENCE_INVALID
*** end of the data structure *** 

*** begin of the data structure *** 
core_id:106 thread_id:9
opcode: NVBIT_IMAD
num_read_regs: 2
num_dest_regs: 1
src0: 255
src1: 255
dst0: 1
is_fp: 0
cf_type: NOT_CF
is_load: 0
inst_size: 16
inst_addr: 7f4eecacbf00
active_mask: ffffffff
br_taken_mask: 0
br_target_addr: 7f4eecacbf10
reconv_inst_addr/mem_addr: 0
mem_addr/reconv_inst_addr: 0
mem_access_size/barrier_id: 4
num_barrier_threads: 0
addr_space/fence_level: GPU_ADDR_SP_INVALID
barrier_id/mem_access_size: 4
fence_level/addr_space: GPU_FENCE_INVALID
*** end of the data structure *** 

*** begin of the data structure *** 
core_id:106 thread_id:10
opcode: NVBIT_IMAD
num_read_regs: 2
num_dest_regs: 1
src0: 255
src1: 255
dst0: 1
is_fp: 0
cf_type: NOT_CF
is_load: 0
inst_size: 16
inst_addr: 7f4eecacbf00
active_mask: ffffffff
br_taken_mask: 0
br_target_addr: 7f4eecacbf10
reconv_inst_addr/mem_addr: 0
mem_addr/reconv_inst_addr: 0
mem_access_size/barrier_id: 4
num_barrier_threads: 0
addr_space/fence_level: GPU_ADDR_SP_INVALID
barrier_id/mem_access_size: 4
fence_level/addr_space: GPU_FENCE_INVALID
*** end of the data structure *** 

*** begin of the data structure *** 
core_id:106 thread_id:11
opcode: NVBIT_IMAD
num_read_regs: 2
num_dest_regs: 1
src0: 255
src1: 255
dst0: 1
is_fp: 0
cf_type: NOT_CF
is_load: 0
inst_size: 16
inst_addr: 7f4eecacbf00
active_mask: ffffffff
br_taken_mask: 0
br_target_addr: 7f4eecacbf10
reconv_inst_addr/mem_addr: 0
mem_addr/reconv_inst_addr: 0
mem_access_size/barrier_id: 4
num_barrier_threads: 0
addr_space/fence_level: GPU_ADDR_SP_INVALID
barrier_id/mem_access_size: 4
fence_level/addr_space: GPU_FENCE_INVALID
*** end of the data structure *** 

*** begin of the data structure *** 
core_id:107 thread_id:8
opcode: NVBIT_IMAD
num_read_regs: 2
num_dest_regs: 1
src0: 255
src1: 255
dst0: 1
is_fp: 0
cf_type: NOT_CF
is_load: 0
inst_size: 16
inst_addr: 7f4eecacbf00
active_mask: ffffffff
br_taken_mask: 0
br_target_addr: 7f4eecacbf10
reconv_inst_addr/mem_addr: 0
mem_addr/reconv_inst_addr: 0
mem_access_size/barrier_id: 4
num_barrier_threads: 0
addr_space/fence_level: GPU_ADDR_SP_INVALID
barrier_id/mem_access_size: 4
fence_level/addr_space: GPU_FENCE_INVALID
*** end of the data structure *** 

*** begin of the data structure *** 
core_id:107 thread_id:9
opcode: NVBIT_IMAD
num_read_regs: 2
num_dest_regs: 1
src0: 255
src1: 255
dst0: 1
is_fp: 0
cf_type: NOT_CF
is_load: 0
inst_size: 16
inst_addr: 7f4eecacbf00
active_mask: ffffffff
br_taken_mask: 0
br_target_addr: 7f4eecacbf10
reconv_inst_addr/mem_addr: 0
mem_addr/reconv_inst_addr: 0
mem_access_size/barrier_id: 4
num_barrier_threads: 0
addr_space/fence_level: GPU_ADDR_SP_INVALID
barrier_id/mem_access_size: 4
fence_level/addr_space: GPU_FENCE_INVALID
*** end of the data structure *** 

*** begin of the data structure *** 
core_id:107 thread_id:10
opcode: NVBIT_IMAD
num_read_regs: 2
num_dest_regs: 1
src0: 255
src1: 255
dst0: 1
is_fp: 0
cf_type: NOT_CF
is_load: 0
inst_size: 16
inst_addr: 7f4eecacbf00
active_mask: ffffffff
br_taken_mask: 0
br_target_addr: 7f4eecacbf10
reconv_inst_addr/mem_addr: 0
mem_addr/reconv_inst_addr: 0
mem_access_size/barrier_id: 4
num_barrier_threads: 0
addr_space/fence_level: GPU_ADDR_SP_INVALID
barrier_id/mem_access_size: 4
fence_level/addr_space: GPU_FENCE_INVALID
*** end of the data structure *** 

*** begin of the data structure *** 
core_id:107 thread_id:11
opcode: NVBIT_IMAD
num_read_regs: 2
num_dest_regs: 1
src0: 255
src1: 255
dst0: 1
is_fp: 0
cf_type: NOT_CF
is_load: 0
inst_size: 16
inst_addr: 7f4eecacbf00
active_mask: ffffffff
br_taken_mask: 0
br_target_addr: 7f4eecacbf10
reconv_inst_addr/mem_addr: 0
mem_addr/reconv_inst_addr: 0
mem_access_size/barrier_id: 4
num_barrier_threads: 0
addr_space/fence_level: GPU_ADDR_SP_INVALID
barrier_id/mem_access_size: 4
fence_level/addr_space: GPU_FENCE_INVALID
*** end of the data structure *** 

*** begin of the data structure *** 
core_id:0 thread_id:8
opcode: NVBIT_IMAD
num_read_regs: 2
num_dest_regs: 1
src0: 255
src1: 255
dst0: 1
is_fp: 0
cf_type: NOT_CF
is_load: 0
inst_size: 16
inst_addr: 7f4eecacbf00
active_mask: ffffffff
br_taken_mask: 0
br_target_addr: 7f4eecacbf10
reconv_inst_addr/mem_addr: 0
mem_addr/reconv_inst_addr: 0
mem_access_size/barrier_id: 4
num_barrier_threads: 0
addr_space/fence_level: GPU_ADDR_SP_INVALID
barrier_id/mem_access_size: 4
fence_level/addr_space: GPU_FENCE_INVALID
*** end of the data structure *** 

*** begin of the data structure *** 
core_id:0 thread_id:9
opcode: NVBIT_IMAD
num_read_regs: 2
num_dest_regs: 1
src0: 255
src1: 255
dst0: 1
is_fp: 0
cf_type: NOT_CF
is_load: 0
inst_size: 16
inst_addr: 7f4eecacbf00
active_mask: ffffffff
br_taken_mask: 0
br_target_addr: 7f4eecacbf10
reconv_inst_addr/mem_addr: 0
mem_addr/reconv_inst_addr: 0
mem_access_size/barrier_id: 4
num_barrier_threads: 0
addr_space/fence_level: GPU_ADDR_SP_INVALID
barrier_id/mem_access_size: 4
fence_level/addr_space: GPU_FENCE_INVALID
*** end of the data structure *** 

*** begin of the data structure *** 
core_id:0 thread_id:10
opcode: NVBIT_IMAD
num_read_regs: 2
num_dest_regs: 1
src0: 255
src1: 255
dst0: 1
is_fp: 0
cf_type: NOT_CF
is_load: 0
inst_size: 16
inst_addr: 7f4eecacbf00
active_mask: ffffffff
br_taken_mask: 0
br_target_addr: 7f4eecacbf10
reconv_inst_addr/mem_addr: 0
mem_addr/reconv_inst_addr: 0
mem_access_size/barrier_id: 4
num_barrier_threads: 0
addr_space/fence_level: GPU_ADDR_SP_INVALID
barrier_id/mem_access_size: 4
fence_level/addr_space: GPU_FENCE_INVALID
*** end of the data structure *** 

*** begin of the data structure *** 
core_id:0 thread_id:11
opcode: NVBIT_IMAD
num_read_regs: 2
num_dest_regs: 1
src0: 255
src1: 255
dst0: 1
is_fp: 0
cf_type: NOT_CF
is_load: 0
inst_size: 16
inst_addr: 7f4eecacbf00
active_mask: ffffffff
br_taken_mask: 0
br_target_addr: 7f4eecacbf10
reconv_inst_addr/mem_addr: 0
mem_addr/reconv_inst_addr: 0
mem_access_size/barrier_id: 4
num_barrier_threads: 0
addr_space/fence_level: GPU_ADDR_SP_INVALID
barrier_id/mem_access_size: 4
fence_level/addr_space: GPU_FENCE_INVALID
*** end of the data structure *** 

*** begin of the data structure *** 
core_id:1 thread_id:8
opcode: NVBIT_IMAD
num_read_regs: 2
num_dest_regs: 1
src0: 255
src1: 255
dst0: 1
is_fp: 0
cf_type: NOT_CF
is_load: 0
inst_size: 16
inst_addr: 7f4eecacbf00
active_mask: ffffffff
br_taken_mask: 0
br_target_addr: 7f4eecacbf10
reconv_inst_addr/mem_addr: 0
mem_addr/reconv_inst_addr: 0
mem_access_size/barrier_id: 4
num_barrier_threads: 0
addr_space/fence_level: GPU_ADDR_SP_INVALID
barrier_id/mem_access_size: 4
fence_level/addr_space: GPU_FENCE_INVALID
*** end of the data structure *** 

*** begin of the data structure *** 
core_id:1 thread_id:9
opcode: NVBIT_IMAD
num_read_regs: 2
num_dest_regs: 1
src0: 255
src1: 255
dst0: 1
is_fp: 0
cf_type: NOT_CF
is_load: 0
inst_size: 16
inst_addr: 7f4eecacbf00
active_mask: ffffffff
br_taken_mask: 0
br_target_addr: 7f4eecacbf10
reconv_inst_addr/mem_addr: 0
mem_addr/reconv_inst_addr: 0
mem_access_size/barrier_id: 4
num_barrier_threads: 0
addr_space/fence_level: GPU_ADDR_SP_INVALID
barrier_id/mem_access_size: 4
fence_level/addr_space: GPU_FENCE_INVALID
*** end of the data structure *** 

*** begin of the data structure *** 
core_id:1 thread_id:10
opcode: NVBIT_IMAD
num_read_regs: 2
num_dest_regs: 1
src0: 255
src1: 255
dst0: 1
is_fp: 0
cf_type: NOT_CF
is_load: 0
inst_size: 16
inst_addr: 7f4eecacbf00
active_mask: ffffffff
br_taken_mask: 0
br_target_addr: 7f4eecacbf10
reconv_inst_addr/mem_addr: 0
mem_addr/reconv_inst_addr: 0
mem_access_size/barrier_id: 4
num_barrier_threads: 0
addr_space/fence_level: GPU_ADDR_SP_INVALID
barrier_id/mem_access_size: 4
fence_level/addr_space: GPU_FENCE_INVALID
*** end of the data structure *** 

*** begin of the data structure *** 
core_id:1 thread_id:11
opcode: NVBIT_IMAD
num_read_regs: 2
num_dest_regs: 1
src0: 255
src1: 255
dst0: 1
is_fp: 0
cf_type: NOT_CF
is_load: 0
inst_size: 16
inst_addr: 7f4eecacbf00
active_mask: ffffffff
br_taken_mask: 0
br_target_addr: 7f4eecacbf10
reconv_inst_addr/mem_addr: 0
mem_addr/reconv_inst_addr: 0
mem_access_size/barrier_id: 4
num_barrier_threads: 0
addr_space/fence_level: GPU_ADDR_SP_INVALID
barrier_id/mem_access_size: 4
fence_level/addr_space: GPU_FENCE_INVALID
*** end of the data structure *** 

*** begin of the data structure *** 
core_id:2 thread_id:8
opcode: NVBIT_IMAD
num_read_regs: 2
num_dest_regs: 1
src0: 255
src1: 255
dst0: 1
is_fp: 0
cf_type: NOT_CF
is_load: 0
inst_size: 16
inst_addr: 7f4eecacbf00
active_mask: ffffffff
br_taken_mask: 0
br_target_addr: 7f4eecacbf10
reconv_inst_addr/mem_addr: 0
mem_addr/reconv_inst_addr: 0
mem_access_size/barrier_id: 4
num_barrier_threads: 0
addr_space/fence_level: GPU_ADDR_SP_INVALID
barrier_id/mem_access_size: 4
fence_level/addr_space: GPU_FENCE_INVALID
*** end of the data structure *** 

*** begin of the data structure *** 
core_id:2 thread_id:9
opcode: NVBIT_IMAD
num_read_regs: 2
num_dest_regs: 1
src0: 255
src1: 255
dst0: 1
is_fp: 0
cf_type: NOT_CF
is_load: 0
inst_size: 16
inst_addr: 7f4eecacbf00
active_mask: ffffffff
br_taken_mask: 0
br_target_addr: 7f4eecacbf10
reconv_inst_addr/mem_addr: 0
mem_addr/reconv_inst_addr: 0
mem_access_size/barrier_id: 4
num_barrier_threads: 0
addr_space/fence_level: GPU_ADDR_SP_INVALID
barrier_id/mem_access_size: 4
fence_level/addr_space: GPU_FENCE_INVALID
*** end of the data structure *** 

*** begin of the data structure *** 
core_id:2 thread_id:10
opcode: NVBIT_IMAD
num_read_regs: 2
num_dest_regs: 1
src0: 255
src1: 255
dst0: 1
is_fp: 0
cf_type: NOT_CF
is_load: 0
inst_size: 16
inst_addr: 7f4eecacbf00
active_mask: ffffffff
br_taken_mask: 0
br_target_addr: 7f4eecacbf10
reconv_inst_addr/mem_addr: 0
mem_addr/reconv_inst_addr: 0
mem_access_size/barrier_id: 4
num_barrier_threads: 0
addr_space/fence_level: GPU_ADDR_SP_INVALID
barrier_id/mem_access_size: 4
fence_level/addr_space: GPU_FENCE_INVALID
*** end of the data structure *** 

*** begin of the data structure *** 
core_id:2 thread_id:11
opcode: NVBIT_IMAD
num_read_regs: 2
num_dest_regs: 1
src0: 255
src1: 255
dst0: 1
is_fp: 0
cf_type: NOT_CF
is_load: 0
inst_size: 16
inst_addr: 7f4eecacbf00
active_mask: ffffffff
br_taken_mask: 0
br_target_addr: 7f4eecacbf10
reconv_inst_addr/mem_addr: 0
mem_addr/reconv_inst_addr: 0
mem_access_size/barrier_id: 4
num_barrier_threads: 0
addr_space/fence_level: GPU_ADDR_SP_INVALID
barrier_id/mem_access_size: 4
fence_level/addr_space: GPU_FENCE_INVALID
*** end of the data structure *** 

*** begin of the data structure *** 
core_id:3 thread_id:8
opcode: NVBIT_IMAD
num_read_regs: 2
num_dest_regs: 1
src0: 255
src1: 255
dst0: 1
is_fp: 0
cf_type: NOT_CF
is_load: 0
inst_size: 16
inst_addr: 7f4eecacbf00
active_mask: ffffffff
br_taken_mask: 0
br_target_addr: 7f4eecacbf10
reconv_inst_addr/mem_addr: 0
mem_addr/reconv_inst_addr: 0
mem_access_size/barrier_id: 4
num_barrier_threads: 0
addr_space/fence_level: GPU_ADDR_SP_INVALID
barrier_id/mem_access_size: 4
fence_level/addr_space: GPU_FENCE_INVALID
*** end of the data structure *** 

*** begin of the data structure *** 
core_id:3 thread_id:9
opcode: NVBIT_IMAD
num_read_regs: 2
num_dest_regs: 1
src0: 255
src1: 255
dst0: 1
is_fp: 0
cf_type: NOT_CF
is_load: 0
inst_size: 16
inst_addr: 7f4eecacbf00
active_mask: ffffffff
br_taken_mask: 0
br_target_addr: 7f4eecacbf10
reconv_inst_addr/mem_addr: 0
mem_addr/reconv_inst_addr: 0
mem_access_size/barrier_id: 4
num_barrier_threads: 0
addr_space/fence_level: GPU_ADDR_SP_INVALID
barrier_id/mem_access_size: 4
fence_level/addr_space: GPU_FENCE_INVALID
*** end of the data structure *** 

*** begin of the data structure *** 
core_id:3 thread_id:10
opcode: NVBIT_IMAD
num_read_regs: 2
num_dest_regs: 1
src0: 255
src1: 255
dst0: 1
is_fp: 0
cf_type: NOT_CF
is_load: 0
inst_size: 16
inst_addr: 7f4eecacbf00
active_mask: ffffffff
br_taken_mask: 0
br_target_addr: 7f4eecacbf10
reconv_inst_addr/mem_addr: 0
mem_addr/reconv_inst_addr: 0
mem_access_size/barrier_id: 4
num_barrier_threads: 0
addr_space/fence_level: GPU_ADDR_SP_INVALID
barrier_id/mem_access_size: 4
fence_level/addr_space: GPU_FENCE_INVALID
*** end of the data structure *** 

*** begin of the data structure *** 
core_id:3 thread_id:11
opcode: NVBIT_IMAD
num_read_regs: 2
num_dest_regs: 1
src0: 255
src1: 255
dst0: 1
is_fp: 0
cf_type: NOT_CF
is_load: 0
inst_size: 16
inst_addr: 7f4eecacbf00
active_mask: ffffffff
br_taken_mask: 0
br_target_addr: 7f4eecacbf10
reconv_inst_addr/mem_addr: 0
mem_addr/reconv_inst_addr: 0
mem_access_size/barrier_id: 4
num_barrier_threads: 0
addr_space/fence_level: GPU_ADDR_SP_INVALID
barrier_id/mem_access_size: 4
fence_level/addr_space: GPU_FENCE_INVALID
*** end of the data structure *** 

*** begin of the data structure *** 
core_id:4 thread_id:8
opcode: NVBIT_IMAD
num_read_regs: 2
num_dest_regs: 1
src0: 255
src1: 255
dst0: 1
is_fp: 0
cf_type: NOT_CF
is_load: 0
inst_size: 16
inst_addr: 7f4eecacbf00
active_mask: ffffffff
br_taken_mask: 0
br_target_addr: 7f4eecacbf10
reconv_inst_addr/mem_addr: 0
mem_addr/reconv_inst_addr: 0
mem_access_size/barrier_id: 4
num_barrier_threads: 0
addr_space/fence_level: GPU_ADDR_SP_INVALID
barrier_id/mem_access_size: 4
fence_level/addr_space: GPU_FENCE_INVALID
*** end of the data structure *** 

*** begin of the data structure *** 
core_id:4 thread_id:9
opcode: NVBIT_IMAD
num_read_regs: 2
num_dest_regs: 1
src0: 255
src1: 255
dst0: 1
is_fp: 0
cf_type: NOT_CF
is_load: 0
inst_size: 16
inst_addr: 7f4eecacbf00
active_mask: ffffffff
br_taken_mask: 0
br_target_addr: 7f4eecacbf10
reconv_inst_addr/mem_addr: 0
mem_addr/reconv_inst_addr: 0
mem_access_size/barrier_id: 4
num_barrier_threads: 0
addr_space/fence_level: GPU_ADDR_SP_INVALID
barrier_id/mem_access_size: 4
fence_level/addr_space: GPU_FENCE_INVALID
*** end of the data structure *** 

*** begin of the data structure *** 
core_id:4 thread_id:10
opcode: NVBIT_IMAD
num_read_regs: 2
num_dest_regs: 1
src0: 255
src1: 255
dst0: 1
is_fp: 0
cf_type: NOT_CF
is_load: 0
inst_size: 16
inst_addr: 7f4eecacbf00
active_mask: ffffffff
br_taken_mask: 0
br_target_addr: 7f4eecacbf10
reconv_inst_addr/mem_addr: 0
mem_addr/reconv_inst_addr: 0
mem_access_size/barrier_id: 4
num_barrier_threads: 0
addr_space/fence_level: GPU_ADDR_SP_INVALID
barrier_id/mem_access_size: 4
fence_level/addr_space: GPU_FENCE_INVALID
*** end of the data structure *** 

*** begin of the data structure *** 
core_id:4 thread_id:11
opcode: NVBIT_IMAD
num_read_regs: 2
num_dest_regs: 1
src0: 255
src1: 255
dst0: 1
is_fp: 0
cf_type: NOT_CF
is_load: 0
inst_size: 16
inst_addr: 7f4eecacbf00
active_mask: ffffffff
br_taken_mask: 0
br_target_addr: 7f4eecacbf10
reconv_inst_addr/mem_addr: 0
mem_addr/reconv_inst_addr: 0
mem_access_size/barrier_id: 4
num_barrier_threads: 0
addr_space/fence_level: GPU_ADDR_SP_INVALID
barrier_id/mem_access_size: 4
fence_level/addr_space: GPU_FENCE_INVALID
*** end of the data structure *** 

*** begin of the data structure *** 
core_id:5 thread_id:8
opcode: NVBIT_IMAD
num_read_regs: 2
num_dest_regs: 1
src0: 255
src1: 255
dst0: 1
is_fp: 0
cf_type: NOT_CF
is_load: 0
inst_size: 16
inst_addr: 7f4eecacbf00
active_mask: ffffffff
br_taken_mask: 0
br_target_addr: 7f4eecacbf10
reconv_inst_addr/mem_addr: 0
mem_addr/reconv_inst_addr: 0
mem_access_size/barrier_id: 4
num_barrier_threads: 0
addr_space/fence_level: GPU_ADDR_SP_INVALID
barrier_id/mem_access_size: 4
fence_level/addr_space: GPU_FENCE_INVALID
*** end of the data structure *** 

*** begin of the data structure *** 
core_id:5 thread_id:9
opcode: NVBIT_IMAD
num_read_regs: 2
num_dest_regs: 1
src0: 255
src1: 255
dst0: 1
is_fp: 0
cf_type: NOT_CF
is_load: 0
inst_size: 16
inst_addr: 7f4eecacbf00
active_mask: ffffffff
br_taken_mask: 0
br_target_addr: 7f4eecacbf10
reconv_inst_addr/mem_addr: 0
mem_addr/reconv_inst_addr: 0
mem_access_size/barrier_id: 4
num_barrier_threads: 0
addr_space/fence_level: GPU_ADDR_SP_INVALID
barrier_id/mem_access_size: 4
fence_level/addr_space: GPU_FENCE_INVALID
*** end of the data structure *** 

*** begin of the data structure *** 
core_id:5 thread_id:10
opcode: NVBIT_IMAD
num_read_regs: 2
num_dest_regs: 1
src0: 255
src1: 255
dst0: 1
is_fp: 0
cf_type: NOT_CF
is_load: 0
inst_size: 16
inst_addr: 7f4eecacbf00
active_mask: ffffffff
br_taken_mask: 0
br_target_addr: 7f4eecacbf10
reconv_inst_addr/mem_addr: 0
mem_addr/reconv_inst_addr: 0
mem_access_size/barrier_id: 4
num_barrier_threads: 0
addr_space/fence_level: GPU_ADDR_SP_INVALID
barrier_id/mem_access_size: 4
fence_level/addr_space: GPU_FENCE_INVALID
*** end of the data structure *** 

*** begin of the data structure *** 
core_id:5 thread_id:11
opcode: NVBIT_IMAD
num_read_regs: 2
num_dest_regs: 1
src0: 255
src1: 255
dst0: 1
is_fp: 0
cf_type: NOT_CF
is_load: 0
inst_size: 16
inst_addr: 7f4eecacbf00
active_mask: ffffffff
br_taken_mask: 0
br_target_addr: 7f4eecacbf10
reconv_inst_addr/mem_addr: 0
mem_addr/reconv_inst_addr: 0
mem_access_size/barrier_id: 4
num_barrier_threads: 0
addr_space/fence_level: GPU_ADDR_SP_INVALID
barrier_id/mem_access_size: 4
fence_level/addr_space: GPU_FENCE_INVALID
*** end of the data structure *** 

*** begin of the data structure *** 
core_id:6 thread_id:8
opcode: NVBIT_IMAD
num_read_regs: 2
num_dest_regs: 1
src0: 255
src1: 255
dst0: 1
is_fp: 0
cf_type: NOT_CF
is_load: 0
inst_size: 16
inst_addr: 7f4eecacbf00
active_mask: ffffffff
br_taken_mask: 0
br_target_addr: 7f4eecacbf10
reconv_inst_addr/mem_addr: 0
mem_addr/reconv_inst_addr: 0
mem_access_size/barrier_id: 4
num_barrier_threads: 0
addr_space/fence_level: GPU_ADDR_SP_INVALID
barrier_id/mem_access_size: 4
fence_level/addr_space: GPU_FENCE_INVALID
*** end of the data structure *** 

*** begin of the data structure *** 
core_id:6 thread_id:9
opcode: NVBIT_IMAD
num_read_regs: 2
num_dest_regs: 1
src0: 255
src1: 255
dst0: 1
is_fp: 0
cf_type: NOT_CF
is_load: 0
inst_size: 16
inst_addr: 7f4eecacbf00
active_mask: ffffffff
br_taken_mask: 0
br_target_addr: 7f4eecacbf10
reconv_inst_addr/mem_addr: 0
mem_addr/reconv_inst_addr: 0
mem_access_size/barrier_id: 4
num_barrier_threads: 0
addr_space/fence_level: GPU_ADDR_SP_INVALID
barrier_id/mem_access_size: 4
fence_level/addr_space: GPU_FENCE_INVALID
*** end of the data structure *** 

*** begin of the data structure *** 
core_id:6 thread_id:10
opcode: NVBIT_IMAD
num_read_regs: 2
num_dest_regs: 1
src0: 255
src1: 255
dst0: 1
is_fp: 0
cf_type: NOT_CF
is_load: 0
inst_size: 16
inst_addr: 7f4eecacbf00
active_mask: ffffffff
br_taken_mask: 0
br_target_addr: 7f4eecacbf10
reconv_inst_addr/mem_addr: 0
mem_addr/reconv_inst_addr: 0
mem_access_size/barrier_id: 4
num_barrier_threads: 0
addr_space/fence_level: GPU_ADDR_SP_INVALID
barrier_id/mem_access_size: 4
fence_level/addr_space: GPU_FENCE_INVALID
*** end of the data structure *** 

*** begin of the data structure *** 
core_id:6 thread_id:11
opcode: NVBIT_IMAD
num_read_regs: 2
num_dest_regs: 1
src0: 255
src1: 255
dst0: 1
is_fp: 0
cf_type: NOT_CF
is_load: 0
inst_size: 16
inst_addr: 7f4eecacbf00
active_mask: ffffffff
br_taken_mask: 0
br_target_addr: 7f4eecacbf10
reconv_inst_addr/mem_addr: 0
mem_addr/reconv_inst_addr: 0
mem_access_size/barrier_id: 4
num_barrier_threads: 0
addr_space/fence_level: GPU_ADDR_SP_INVALID
barrier_id/mem_access_size: 4
fence_level/addr_space: GPU_FENCE_INVALID
*** end of the data structure *** 

*** begin of the data structure *** 
core_id:7 thread_id:8
opcode: NVBIT_IMAD
num_read_regs: 2
num_dest_regs: 1
src0: 255
src1: 255
dst0: 1
is_fp: 0
cf_type: NOT_CF
is_load: 0
inst_size: 16
inst_addr: 7f4eecacbf00
active_mask: ffffffff
br_taken_mask: 0
br_target_addr: 7f4eecacbf10
reconv_inst_addr/mem_addr: 0
mem_addr/reconv_inst_addr: 0
mem_access_size/barrier_id: 4
num_barrier_threads: 0
addr_space/fence_level: GPU_ADDR_SP_INVALID
barrier_id/mem_access_size: 4
fence_level/addr_space: GPU_FENCE_INVALID
*** end of the data structure *** 

*** begin of the data structure *** 
core_id:7 thread_id:9
opcode: NVBIT_IMAD
num_read_regs: 2
num_dest_regs: 1
src0: 255
src1: 255
dst0: 1
is_fp: 0
cf_type: NOT_CF
is_load: 0
inst_size: 16
inst_addr: 7f4eecacbf00
active_mask: ffffffff
br_taken_mask: 0
br_target_addr: 7f4eecacbf10
reconv_inst_addr/mem_addr: 0
mem_addr/reconv_inst_addr: 0
mem_access_size/barrier_id: 4
num_barrier_threads: 0
addr_space/fence_level: GPU_ADDR_SP_INVALID
barrier_id/mem_access_size: 4
fence_level/addr_space: GPU_FENCE_INVALID
*** end of the data structure *** 

*** begin of the data structure *** 
core_id:7 thread_id:10
opcode: NVBIT_IMAD
num_read_regs: 2
num_dest_regs: 1
src0: 255
src1: 255
dst0: 1
is_fp: 0
cf_type: NOT_CF
is_load: 0
inst_size: 16
inst_addr: 7f4eecacbf00
active_mask: ffffffff
br_taken_mask: 0
br_target_addr: 7f4eecacbf10
reconv_inst_addr/mem_addr: 0
mem_addr/reconv_inst_addr: 0
mem_access_size/barrier_id: 4
num_barrier_threads: 0
addr_space/fence_level: GPU_ADDR_SP_INVALID
barrier_id/mem_access_size: 4
fence_level/addr_space: GPU_FENCE_INVALID
*** end of the data structure *** 

*** begin of the data structure *** 
core_id:7 thread_id:11
opcode: NVBIT_IMAD
num_read_regs: 2
num_dest_regs: 1
src0: 255
src1: 255
dst0: 1
is_fp: 0
cf_type: NOT_CF
is_load: 0
inst_size: 16
inst_addr: 7f4eecacbf00
active_mask: ffffffff
br_taken_mask: 0
br_target_addr: 7f4eecacbf10
reconv_inst_addr/mem_addr: 0
mem_addr/reconv_inst_addr: 0
mem_access_size/barrier_id: 4
num_barrier_threads: 0
addr_space/fence_level: GPU_ADDR_SP_INVALID
barrier_id/mem_access_size: 4
fence_level/addr_space: GPU_FENCE_INVALID
*** end of the data structure *** 

*** begin of the data structure *** 
core_id:8 thread_id:8
opcode: NVBIT_IMAD
num_read_regs: 2
num_dest_regs: 1
src0: 255
src1: 255
dst0: 1
is_fp: 0
cf_type: NOT_CF
is_load: 0
inst_size: 16
inst_addr: 7f4eecacbf00
active_mask: ffffffff
br_taken_mask: 0
br_target_addr: 7f4eecacbf10
reconv_inst_addr/mem_addr: 0
mem_addr/reconv_inst_addr: 0
mem_access_size/barrier_id: 4
num_barrier_threads: 0
addr_space/fence_level: GPU_ADDR_SP_INVALID
barrier_id/mem_access_size: 4
fence_level/addr_space: GPU_FENCE_INVALID
*** end of the data structure *** 

*** begin of the data structure *** 
core_id:8 thread_id:9
opcode: NVBIT_IMAD
num_read_regs: 2
num_dest_regs: 1
src0: 255
src1: 255
dst0: 1
is_fp: 0
cf_type: NOT_CF
is_load: 0
inst_size: 16
inst_addr: 7f4eecacbf00
active_mask: ffffffff
br_taken_mask: 0
br_target_addr: 7f4eecacbf10
reconv_inst_addr/mem_addr: 0
mem_addr/reconv_inst_addr: 0
mem_access_size/barrier_id: 4
num_barrier_threads: 0
addr_space/fence_level: GPU_ADDR_SP_INVALID
barrier_id/mem_access_size: 4
fence_level/addr_space: GPU_FENCE_INVALID
*** end of the data structure *** 

*** begin of the data structure *** 
core_id:8 thread_id:10
opcode: NVBIT_IMAD
num_read_regs: 2
num_dest_regs: 1
src0: 255
src1: 255
dst0: 1
is_fp: 0
cf_type: NOT_CF
is_load: 0
inst_size: 16
inst_addr: 7f4eecacbf00
active_mask: ffffffff
br_taken_mask: 0
br_target_addr: 7f4eecacbf10
reconv_inst_addr/mem_addr: 0
mem_addr/reconv_inst_addr: 0
mem_access_size/barrier_id: 4
num_barrier_threads: 0
addr_space/fence_level: GPU_ADDR_SP_INVALID
barrier_id/mem_access_size: 4
fence_level/addr_space: GPU_FENCE_INVALID
*** end of the data structure *** 

*** begin of the data structure *** 
core_id:8 thread_id:11
opcode: NVBIT_IMAD
num_read_regs: 2
num_dest_regs: 1
src0: 255
src1: 255
dst0: 1
is_fp: 0
cf_type: NOT_CF
is_load: 0
inst_size: 16
inst_addr: 7f4eecacbf00
active_mask: ffffffff
br_taken_mask: 0
br_target_addr: 7f4eecacbf10
reconv_inst_addr/mem_addr: 0
mem_addr/reconv_inst_addr: 0
mem_access_size/barrier_id: 4
num_barrier_threads: 0
addr_space/fence_level: GPU_ADDR_SP_INVALID
barrier_id/mem_access_size: 4
fence_level/addr_space: GPU_FENCE_INVALID
*** end of the data structure *** 

*** begin of the data structure *** 
core_id:13 thread_id:12
opcode: NVBIT_IMAD
num_read_regs: 2
num_dest_regs: 1
src0: 255
src1: 255
dst0: 1
is_fp: 0
cf_type: NOT_CF
is_load: 0
inst_size: 16
inst_addr: 7f4eecacbf00
active_mask: ffffffff
br_taken_mask: 0
br_target_addr: 7f4eecacbf10
reconv_inst_addr/mem_addr: 0
mem_addr/reconv_inst_addr: 0
mem_access_size/barrier_id: 4
num_barrier_threads: 0
addr_space/fence_level: GPU_ADDR_SP_INVALID
barrier_id/mem_access_size: 4
fence_level/addr_space: GPU_FENCE_INVALID
*** end of the data structure *** 

*** begin of the data structure *** 
core_id:13 thread_id:13
opcode: NVBIT_IMAD
num_read_regs: 2
num_dest_regs: 1
src0: 255
src1: 255
dst0: 1
is_fp: 0
cf_type: NOT_CF
is_load: 0
inst_size: 16
inst_addr: 7f4eecacbf00
active_mask: ffffffff
br_taken_mask: 0
br_target_addr: 7f4eecacbf10
reconv_inst_addr/mem_addr: 0
mem_addr/reconv_inst_addr: 0
mem_access_size/barrier_id: 4
num_barrier_threads: 0
addr_space/fence_level: GPU_ADDR_SP_INVALID
barrier_id/mem_access_size: 4
fence_level/addr_space: GPU_FENCE_INVALID
*** end of the data structure *** 

*** begin of the data structure *** 
core_id:13 thread_id:14
opcode: NVBIT_IMAD
num_read_regs: 2
num_dest_regs: 1
src0: 255
src1: 255
dst0: 1
is_fp: 0
cf_type: NOT_CF
is_load: 0
inst_size: 16
inst_addr: 7f4eecacbf00
active_mask: ffffffff
br_taken_mask: 0
br_target_addr: 7f4eecacbf10
reconv_inst_addr/mem_addr: 0
mem_addr/reconv_inst_addr: 0
mem_access_size/barrier_id: 4
num_barrier_threads: 0
addr_space/fence_level: GPU_ADDR_SP_INVALID
barrier_id/mem_access_size: 4
fence_level/addr_space: GPU_FENCE_INVALID
*** end of the data structure *** 

*** begin of the data structure *** 
core_id:13 thread_id:15
opcode: NVBIT_IMAD
num_read_regs: 2
num_dest_regs: 1
src0: 255
src1: 255
dst0: 1
is_fp: 0
cf_type: NOT_CF
is_load: 0
inst_size: 16
inst_addr: 7f4eecacbf00
active_mask: ffffffff
br_taken_mask: 0
br_target_addr: 7f4eecacbf10
reconv_inst_addr/mem_addr: 0
mem_addr/reconv_inst_addr: 0
mem_access_size/barrier_id: 4
num_barrier_threads: 0
addr_space/fence_level: GPU_ADDR_SP_INVALID
barrier_id/mem_access_size: 4
fence_level/addr_space: GPU_FENCE_INVALID
*** end of the data structure *** 

*** begin of the data structure *** 
core_id:14 thread_id:12
opcode: NVBIT_IMAD
num_read_regs: 2
num_dest_regs: 1
src0: 255
src1: 255
dst0: 1
is_fp: 0
cf_type: NOT_CF
is_load: 0
inst_size: 16
inst_addr: 7f4eecacbf00
active_mask: ffffffff
br_taken_mask: 0
br_target_addr: 7f4eecacbf10
reconv_inst_addr/mem_addr: 0
mem_addr/reconv_inst_addr: 0
mem_access_size/barrier_id: 4
num_barrier_threads: 0
addr_space/fence_level: GPU_ADDR_SP_INVALID
barrier_id/mem_access_size: 4
fence_level/addr_space: GPU_FENCE_INVALID
*** end of the data structure *** 

*** begin of the data structure *** 
core_id:14 thread_id:13
opcode: NVBIT_IMAD
num_read_regs: 2
num_dest_regs: 1
src0: 255
src1: 255
dst0: 1
is_fp: 0
cf_type: NOT_CF
is_load: 0
inst_size: 16
inst_addr: 7f4eecacbf00
active_mask: ffffffff
br_taken_mask: 0
br_target_addr: 7f4eecacbf10
reconv_inst_addr/mem_addr: 0
mem_addr/reconv_inst_addr: 0
mem_access_size/barrier_id: 4
num_barrier_threads: 0
addr_space/fence_level: GPU_ADDR_SP_INVALID
barrier_id/mem_access_size: 4
fence_level/addr_space: GPU_FENCE_INVALID
*** end of the data structure *** 

*** begin of the data structure *** 
core_id:14 thread_id:14
opcode: NVBIT_IMAD
num_read_regs: 2
num_dest_regs: 1
src0: 255
src1: 255
dst0: 1
is_fp: 0
cf_type: NOT_CF
is_load: 0
inst_size: 16
inst_addr: 7f4eecacbf00
active_mask: ffffffff
br_taken_mask: 0
br_target_addr: 7f4eecacbf10
reconv_inst_addr/mem_addr: 0
mem_addr/reconv_inst_addr: 0
mem_access_size/barrier_id: 4
num_barrier_threads: 0
addr_space/fence_level: GPU_ADDR_SP_INVALID
barrier_id/mem_access_size: 4
fence_level/addr_space: GPU_FENCE_INVALID
*** end of the data structure *** 

*** begin of the data structure *** 
core_id:14 thread_id:15
opcode: NVBIT_IMAD
num_read_regs: 2
num_dest_regs: 1
src0: 255
src1: 255
dst0: 1
is_fp: 0
cf_type: NOT_CF
is_load: 0
inst_size: 16
inst_addr: 7f4eecacbf00
active_mask: ffffffff
br_taken_mask: 0
br_target_addr: 7f4eecacbf10
reconv_inst_addr/mem_addr: 0
mem_addr/reconv_inst_addr: 0
mem_access_size/barrier_id: 4
num_barrier_threads: 0
addr_space/fence_level: GPU_ADDR_SP_INVALID
barrier_id/mem_access_size: 4
fence_level/addr_space: GPU_FENCE_INVALID
*** end of the data structure *** 

*** begin of the data structure *** 
core_id:15 thread_id:12
opcode: NVBIT_IMAD
num_read_regs: 2
num_dest_regs: 1
src0: 255
src1: 255
dst0: 1
is_fp: 0
cf_type: NOT_CF
is_load: 0
inst_size: 16
inst_addr: 7f4eecacbf00
active_mask: ffffffff
br_taken_mask: 0
br_target_addr: 7f4eecacbf10
reconv_inst_addr/mem_addr: 0
mem_addr/reconv_inst_addr: 0
mem_access_size/barrier_id: 4
num_barrier_threads: 0
addr_space/fence_level: GPU_ADDR_SP_INVALID
barrier_id/mem_access_size: 4
fence_level/addr_space: GPU_FENCE_INVALID
*** end of the data structure *** 

*** begin of the data structure *** 
core_id:15 thread_id:13
opcode: NVBIT_IMAD
num_read_regs: 2
num_dest_regs: 1
src0: 255
src1: 255
dst0: 1
is_fp: 0
cf_type: NOT_CF
is_load: 0
inst_size: 16
inst_addr: 7f4eecacbf00
active_mask: ffffffff
br_taken_mask: 0
br_target_addr: 7f4eecacbf10
reconv_inst_addr/mem_addr: 0
mem_addr/reconv_inst_addr: 0
mem_access_size/barrier_id: 4
num_barrier_threads: 0
addr_space/fence_level: GPU_ADDR_SP_INVALID
barrier_id/mem_access_size: 4
fence_level/addr_space: GPU_FENCE_INVALID
*** end of the data structure *** 

*** begin of the data structure *** 
core_id:15 thread_id:14
opcode: NVBIT_IMAD
num_read_regs: 2
num_dest_regs: 1
src0: 255
src1: 255
dst0: 1
is_fp: 0
cf_type: NOT_CF
is_load: 0
inst_size: 16
inst_addr: 7f4eecacbf00
active_mask: ffffffff
br_taken_mask: 0
br_target_addr: 7f4eecacbf10
reconv_inst_addr/mem_addr: 0
mem_addr/reconv_inst_addr: 0
mem_access_size/barrier_id: 4
num_barrier_threads: 0
addr_space/fence_level: GPU_ADDR_SP_INVALID
barrier_id/mem_access_size: 4
fence_level/addr_space: GPU_FENCE_INVALID
*** end of the data structure *** 

*** begin of the data structure *** 
core_id:15 thread_id:15
opcode: NVBIT_IMAD
num_read_regs: 2
num_dest_regs: 1
src0: 255
src1: 255
dst0: 1
is_fp: 0
cf_type: NOT_CF
is_load: 0
inst_size: 16
inst_addr: 7f4eecacbf00
active_mask: ffffffff
br_taken_mask: 0
br_target_addr: 7f4eecacbf10
reconv_inst_addr/mem_addr: 0
mem_addr/reconv_inst_addr: 0
mem_access_size/barrier_id: 4
num_barrier_threads: 0
addr_space/fence_level: GPU_ADDR_SP_INVALID
barrier_id/mem_access_size: 4
fence_level/addr_space: GPU_FENCE_INVALID
*** end of the data structure *** 

*** begin of the data structure *** 
core_id:16 thread_id:12
opcode: NVBIT_IMAD
num_read_regs: 2
num_dest_regs: 1
src0: 255
src1: 255
dst0: 1
is_fp: 0
cf_type: NOT_CF
is_load: 0
inst_size: 16
inst_addr: 7f4eecacbf00
active_mask: ffffffff
br_taken_mask: 0
br_target_addr: 7f4eecacbf10
reconv_inst_addr/mem_addr: 0
mem_addr/reconv_inst_addr: 0
mem_access_size/barrier_id: 4
num_barrier_threads: 0
addr_space/fence_level: GPU_ADDR_SP_INVALID
barrier_id/mem_access_size: 4
fence_level/addr_space: GPU_FENCE_INVALID
*** end of the data structure *** 

*** begin of the data structure *** 
core_id:16 thread_id:13
opcode: NVBIT_IMAD
num_read_regs: 2
num_dest_regs: 1
src0: 255
src1: 255
dst0: 1
is_fp: 0
cf_type: NOT_CF
is_load: 0
inst_size: 16
inst_addr: 7f4eecacbf00
active_mask: ffffffff
br_taken_mask: 0
br_target_addr: 7f4eecacbf10
reconv_inst_addr/mem_addr: 0
mem_addr/reconv_inst_addr: 0
mem_access_size/barrier_id: 4
num_barrier_threads: 0
addr_space/fence_level: GPU_ADDR_SP_INVALID
barrier_id/mem_access_size: 4
fence_level/addr_space: GPU_FENCE_INVALID
*** end of the data structure *** 

*** begin of the data structure *** 
core_id:16 thread_id:14
opcode: NVBIT_IMAD
num_read_regs: 2
num_dest_regs: 1
src0: 255
src1: 255
dst0: 1
is_fp: 0
cf_type: NOT_CF
is_load: 0
inst_size: 16
inst_addr: 7f4eecacbf00
active_mask: ffffffff
br_taken_mask: 0
br_target_addr: 7f4eecacbf10
reconv_inst_addr/mem_addr: 0
mem_addr/reconv_inst_addr: 0
mem_access_size/barrier_id: 4
num_barrier_threads: 0
addr_space/fence_level: GPU_ADDR_SP_INVALID
barrier_id/mem_access_size: 4
fence_level/addr_space: GPU_FENCE_INVALID
*** end of the data structure *** 

*** begin of the data structure *** 
core_id:16 thread_id:15
opcode: NVBIT_IMAD
num_read_regs: 2
num_dest_regs: 1
src0: 255
src1: 255
dst0: 1
is_fp: 0
cf_type: NOT_CF
is_load: 0
inst_size: 16
inst_addr: 7f4eecacbf00
active_mask: ffffffff
br_taken_mask: 0
br_target_addr: 7f4eecacbf10
reconv_inst_addr/mem_addr: 0
mem_addr/reconv_inst_addr: 0
mem_access_size/barrier_id: 4
num_barrier_threads: 0
addr_space/fence_level: GPU_ADDR_SP_INVALID
barrier_id/mem_access_size: 4
fence_level/addr_space: GPU_FENCE_INVALID
*** end of the data structure *** 

*** begin of the data structure *** 
core_id:17 thread_id:12
opcode: NVBIT_IMAD
num_read_regs: 2
num_dest_regs: 1
src0: 255
src1: 255
dst0: 1
is_fp: 0
cf_type: NOT_CF
is_load: 0
inst_size: 16
inst_addr: 7f4eecacbf00
active_mask: ffffffff
br_taken_mask: 0
br_target_addr: 7f4eecacbf10
reconv_inst_addr/mem_addr: 0
mem_addr/reconv_inst_addr: 0
mem_access_size/barrier_id: 4
num_barrier_threads: 0
addr_space/fence_level: GPU_ADDR_SP_INVALID
barrier_id/mem_access_size: 4
fence_level/addr_space: GPU_FENCE_INVALID
*** end of the data structure *** 

*** begin of the data structure *** 
core_id:17 thread_id:13
opcode: NVBIT_IMAD
num_read_regs: 2
num_dest_regs: 1
src0: 255
src1: 255
dst0: 1
is_fp: 0
cf_type: NOT_CF
is_load: 0
inst_size: 16
inst_addr: 7f4eecacbf00
active_mask: ffffffff
br_taken_mask: 0
br_target_addr: 7f4eecacbf10
reconv_inst_addr/mem_addr: 0
mem_addr/reconv_inst_addr: 0
mem_access_size/barrier_id: 4
num_barrier_threads: 0
addr_space/fence_level: GPU_ADDR_SP_INVALID
barrier_id/mem_access_size: 4
fence_level/addr_space: GPU_FENCE_INVALID
*** end of the data structure *** 

*** begin of the data structure *** 
core_id:17 thread_id:14
opcode: NVBIT_IMAD
num_read_regs: 2
num_dest_regs: 1
src0: 255
src1: 255
dst0: 1
is_fp: 0
cf_type: NOT_CF
is_load: 0
inst_size: 16
inst_addr: 7f4eecacbf00
active_mask: ffffffff
br_taken_mask: 0
br_target_addr: 7f4eecacbf10
reconv_inst_addr/mem_addr: 0
mem_addr/reconv_inst_addr: 0
mem_access_size/barrier_id: 4
num_barrier_threads: 0
addr_space/fence_level: GPU_ADDR_SP_INVALID
barrier_id/mem_access_size: 4
fence_level/addr_space: GPU_FENCE_INVALID
*** end of the data structure *** 

*** begin of the data structure *** 
core_id:17 thread_id:15
opcode: NVBIT_IMAD
num_read_regs: 2
num_dest_regs: 1
src0: 255
src1: 255
dst0: 1
is_fp: 0
cf_type: NOT_CF
is_load: 0
inst_size: 16
inst_addr: 7f4eecacbf00
active_mask: ffffffff
br_taken_mask: 0
br_target_addr: 7f4eecacbf10
reconv_inst_addr/mem_addr: 0
mem_addr/reconv_inst_addr: 0
mem_access_size/barrier_id: 4
num_barrier_threads: 0
addr_space/fence_level: GPU_ADDR_SP_INVALID
barrier_id/mem_access_size: 4
fence_level/addr_space: GPU_FENCE_INVALID
*** end of the data structure *** 

*** begin of the data structure *** 
core_id:18 thread_id:12
opcode: NVBIT_IMAD
num_read_regs: 2
num_dest_regs: 1
src0: 255
src1: 255
dst0: 1
is_fp: 0
cf_type: NOT_CF
is_load: 0
inst_size: 16
inst_addr: 7f4eecacbf00
active_mask: ffffffff
br_taken_mask: 0
br_target_addr: 7f4eecacbf10
reconv_inst_addr/mem_addr: 0
mem_addr/reconv_inst_addr: 0
mem_access_size/barrier_id: 4
num_barrier_threads: 0
addr_space/fence_level: GPU_ADDR_SP_INVALID
barrier_id/mem_access_size: 4
fence_level/addr_space: GPU_FENCE_INVALID
*** end of the data structure *** 

*** begin of the data structure *** 
core_id:18 thread_id:13
opcode: NVBIT_IMAD
num_read_regs: 2
num_dest_regs: 1
src0: 255
src1: 255
dst0: 1
is_fp: 0
cf_type: NOT_CF
is_load: 0
inst_size: 16
inst_addr: 7f4eecacbf00
active_mask: ffffffff
br_taken_mask: 0
br_target_addr: 7f4eecacbf10
reconv_inst_addr/mem_addr: 0
mem_addr/reconv_inst_addr: 0
mem_access_size/barrier_id: 4
num_barrier_threads: 0
addr_space/fence_level: GPU_ADDR_SP_INVALID
barrier_id/mem_access_size: 4
fence_level/addr_space: GPU_FENCE_INVALID
*** end of the data structure *** 

*** begin of the data structure *** 
core_id:18 thread_id:14
opcode: NVBIT_IMAD
num_read_regs: 2
num_dest_regs: 1
src0: 255
src1: 255
dst0: 1
is_fp: 0
cf_type: NOT_CF
is_load: 0
inst_size: 16
inst_addr: 7f4eecacbf00
active_mask: ffffffff
br_taken_mask: 0
br_target_addr: 7f4eecacbf10
reconv_inst_addr/mem_addr: 0
mem_addr/reconv_inst_addr: 0
mem_access_size/barrier_id: 4
num_barrier_threads: 0
addr_space/fence_level: GPU_ADDR_SP_INVALID
barrier_id/mem_access_size: 4
fence_level/addr_space: GPU_FENCE_INVALID
*** end of the data structure *** 

*** begin of the data structure *** 
core_id:18 thread_id:15
opcode: NVBIT_IMAD
num_read_regs: 2
num_dest_regs: 1
src0: 255
src1: 255
dst0: 1
is_fp: 0
cf_type: NOT_CF
is_load: 0
inst_size: 16
inst_addr: 7f4eecacbf00
active_mask: ffffffff
br_taken_mask: 0
br_target_addr: 7f4eecacbf10
reconv_inst_addr/mem_addr: 0
mem_addr/reconv_inst_addr: 0
mem_access_size/barrier_id: 4
num_barrier_threads: 0
addr_space/fence_level: GPU_ADDR_SP_INVALID
barrier_id/mem_access_size: 4
fence_level/addr_space: GPU_FENCE_INVALID
*** end of the data structure *** 

*** begin of the data structure *** 
core_id:19 thread_id:12
opcode: NVBIT_IMAD
num_read_regs: 2
num_dest_regs: 1
src0: 255
src1: 255
dst0: 1
is_fp: 0
cf_type: NOT_CF
is_load: 0
inst_size: 16
inst_addr: 7f4eecacbf00
active_mask: ffffffff
br_taken_mask: 0
br_target_addr: 7f4eecacbf10
reconv_inst_addr/mem_addr: 0
mem_addr/reconv_inst_addr: 0
mem_access_size/barrier_id: 4
num_barrier_threads: 0
addr_space/fence_level: GPU_ADDR_SP_INVALID
barrier_id/mem_access_size: 4
fence_level/addr_space: GPU_FENCE_INVALID
*** end of the data structure *** 

*** begin of the data structure *** 
core_id:19 thread_id:13
opcode: NVBIT_IMAD
num_read_regs: 2
num_dest_regs: 1
src0: 255
src1: 255
dst0: 1
is_fp: 0
cf_type: NOT_CF
is_load: 0
inst_size: 16
inst_addr: 7f4eecacbf00
active_mask: ffffffff
br_taken_mask: 0
br_target_addr: 7f4eecacbf10
reconv_inst_addr/mem_addr: 0
mem_addr/reconv_inst_addr: 0
mem_access_size/barrier_id: 4
num_barrier_threads: 0
addr_space/fence_level: GPU_ADDR_SP_INVALID
barrier_id/mem_access_size: 4
fence_level/addr_space: GPU_FENCE_INVALID
*** end of the data structure *** 

*** begin of the data structure *** 
core_id:19 thread_id:14
opcode: NVBIT_IMAD
num_read_regs: 2
num_dest_regs: 1
src0: 255
src1: 255
dst0: 1
is_fp: 0
cf_type: NOT_CF
is_load: 0
inst_size: 16
inst_addr: 7f4eecacbf00
active_mask: ffffffff
br_taken_mask: 0
br_target_addr: 7f4eecacbf10
reconv_inst_addr/mem_addr: 0
mem_addr/reconv_inst_addr: 0
mem_access_size/barrier_id: 4
num_barrier_threads: 0
addr_space/fence_level: GPU_ADDR_SP_INVALID
barrier_id/mem_access_size: 4
fence_level/addr_space: GPU_FENCE_INVALID
*** end of the data structure *** 

*** begin of the data structure *** 
core_id:19 thread_id:15
opcode: NVBIT_IMAD
num_read_regs: 2
num_dest_regs: 1
src0: 255
src1: 255
dst0: 1
is_fp: 0
cf_type: NOT_CF
is_load: 0
inst_size: 16
inst_addr: 7f4eecacbf00
active_mask: ffffffff
br_taken_mask: 0
br_target_addr: 7f4eecacbf10
reconv_inst_addr/mem_addr: 0
mem_addr/reconv_inst_addr: 0
mem_access_size/barrier_id: 4
num_barrier_threads: 0
addr_space/fence_level: GPU_ADDR_SP_INVALID
barrier_id/mem_access_size: 4
fence_level/addr_space: GPU_FENCE_INVALID
*** end of the data structure *** 

*** begin of the data structure *** 
core_id:20 thread_id:12
opcode: NVBIT_IMAD
num_read_regs: 2
num_dest_regs: 1
src0: 255
src1: 255
dst0: 1
is_fp: 0
cf_type: NOT_CF
is_load: 0
inst_size: 16
inst_addr: 7f4eecacbf00
active_mask: ffffffff
br_taken_mask: 0
br_target_addr: 7f4eecacbf10
reconv_inst_addr/mem_addr: 0
mem_addr/reconv_inst_addr: 0
mem_access_size/barrier_id: 4
num_barrier_threads: 0
addr_space/fence_level: GPU_ADDR_SP_INVALID
barrier_id/mem_access_size: 4
fence_level/addr_space: GPU_FENCE_INVALID
*** end of the data structure *** 

*** begin of the data structure *** 
core_id:20 thread_id:13
opcode: NVBIT_IMAD
num_read_regs: 2
num_dest_regs: 1
src0: 255
src1: 255
dst0: 1
is_fp: 0
cf_type: NOT_CF
is_load: 0
inst_size: 16
inst_addr: 7f4eecacbf00
active_mask: ffffffff
br_taken_mask: 0
br_target_addr: 7f4eecacbf10
reconv_inst_addr/mem_addr: 0
mem_addr/reconv_inst_addr: 0
mem_access_size/barrier_id: 4
num_barrier_threads: 0
addr_space/fence_level: GPU_ADDR_SP_INVALID
barrier_id/mem_access_size: 4
fence_level/addr_space: GPU_FENCE_INVALID
*** end of the data structure *** 

*** begin of the data structure *** 
core_id:20 thread_id:14
opcode: NVBIT_IMAD
num_read_regs: 2
num_dest_regs: 1
src0: 255
src1: 255
dst0: 1
is_fp: 0
cf_type: NOT_CF
is_load: 0
inst_size: 16
inst_addr: 7f4eecacbf00
active_mask: ffffffff
br_taken_mask: 0
br_target_addr: 7f4eecacbf10
reconv_inst_addr/mem_addr: 0
mem_addr/reconv_inst_addr: 0
mem_access_size/barrier_id: 4
num_barrier_threads: 0
addr_space/fence_level: GPU_ADDR_SP_INVALID
barrier_id/mem_access_size: 4
fence_level/addr_space: GPU_FENCE_INVALID
*** end of the data structure *** 

*** begin of the data structure *** 
core_id:20 thread_id:15
opcode: NVBIT_IMAD
num_read_regs: 2
num_dest_regs: 1
src0: 255
src1: 255
dst0: 1
is_fp: 0
cf_type: NOT_CF
is_load: 0
inst_size: 16
inst_addr: 7f4eecacbf00
active_mask: ffffffff
br_taken_mask: 0
br_target_addr: 7f4eecacbf10
reconv_inst_addr/mem_addr: 0
mem_addr/reconv_inst_addr: 0
mem_access_size/barrier_id: 4
num_barrier_threads: 0
addr_space/fence_level: GPU_ADDR_SP_INVALID
barrier_id/mem_access_size: 4
fence_level/addr_space: GPU_FENCE_INVALID
*** end of the data structure *** 

*** begin of the data structure *** 
core_id:21 thread_id:12
opcode: NVBIT_IMAD
num_read_regs: 2
num_dest_regs: 1
src0: 255
src1: 255
dst0: 1
is_fp: 0
cf_type: NOT_CF
is_load: 0
inst_size: 16
inst_addr: 7f4eecacbf00
active_mask: ffffffff
br_taken_mask: 0
br_target_addr: 7f4eecacbf10
reconv_inst_addr/mem_addr: 0
mem_addr/reconv_inst_addr: 0
mem_access_size/barrier_id: 4
num_barrier_threads: 0
addr_space/fence_level: GPU_ADDR_SP_INVALID
barrier_id/mem_access_size: 4
fence_level/addr_space: GPU_FENCE_INVALID
*** end of the data structure *** 

*** begin of the data structure *** 
core_id:21 thread_id:13
opcode: NVBIT_IMAD
num_read_regs: 2
num_dest_regs: 1
src0: 255
src1: 255
dst0: 1
is_fp: 0
cf_type: NOT_CF
is_load: 0
inst_size: 16
inst_addr: 7f4eecacbf00
active_mask: ffffffff
br_taken_mask: 0
br_target_addr: 7f4eecacbf10
reconv_inst_addr/mem_addr: 0
mem_addr/reconv_inst_addr: 0
mem_access_size/barrier_id: 4
num_barrier_threads: 0
addr_space/fence_level: GPU_ADDR_SP_INVALID
barrier_id/mem_access_size: 4
fence_level/addr_space: GPU_FENCE_INVALID
*** end of the data structure *** 

*** begin of the data structure *** 
core_id:21 thread_id:14
opcode: NVBIT_IMAD
num_read_regs: 2
num_dest_regs: 1
src0: 255
src1: 255
dst0: 1
is_fp: 0
cf_type: NOT_CF
is_load: 0
inst_size: 16
inst_addr: 7f4eecacbf00
active_mask: ffffffff
br_taken_mask: 0
br_target_addr: 7f4eecacbf10
reconv_inst_addr/mem_addr: 0
mem_addr/reconv_inst_addr: 0
mem_access_size/barrier_id: 4
num_barrier_threads: 0
addr_space/fence_level: GPU_ADDR_SP_INVALID
barrier_id/mem_access_size: 4
fence_level/addr_space: GPU_FENCE_INVALID
*** end of the data structure *** 

*** begin of the data structure *** 
core_id:21 thread_id:15
opcode: NVBIT_IMAD
num_read_regs: 2
num_dest_regs: 1
src0: 255
src1: 255
dst0: 1
is_fp: 0
cf_type: NOT_CF
is_load: 0
inst_size: 16
inst_addr: 7f4eecacbf00
active_mask: ffffffff
br_taken_mask: 0
br_target_addr: 7f4eecacbf10
reconv_inst_addr/mem_addr: 0
mem_addr/reconv_inst_addr: 0
mem_access_size/barrier_id: 4
num_barrier_threads: 0
addr_space/fence_level: GPU_ADDR_SP_INVALID
barrier_id/mem_access_size: 4
fence_level/addr_space: GPU_FENCE_INVALID
*** end of the data structure *** 

*** begin of the data structure *** 
core_id:22 thread_id:12
opcode: NVBIT_IMAD
num_read_regs: 2
num_dest_regs: 1
src0: 255
src1: 255
dst0: 1
is_fp: 0
cf_type: NOT_CF
is_load: 0
inst_size: 16
inst_addr: 7f4eecacbf00
active_mask: ffffffff
br_taken_mask: 0
br_target_addr: 7f4eecacbf10
reconv_inst_addr/mem_addr: 0
mem_addr/reconv_inst_addr: 0
mem_access_size/barrier_id: 4
num_barrier_threads: 0
addr_space/fence_level: GPU_ADDR_SP_INVALID
barrier_id/mem_access_size: 4
fence_level/addr_space: GPU_FENCE_INVALID
*** end of the data structure *** 

*** begin of the data structure *** 
core_id:22 thread_id:13
opcode: NVBIT_IMAD
num_read_regs: 2
num_dest_regs: 1
src0: 255
src1: 255
dst0: 1
is_fp: 0
cf_type: NOT_CF
is_load: 0
inst_size: 16
inst_addr: 7f4eecacbf00
active_mask: ffffffff
br_taken_mask: 0
br_target_addr: 7f4eecacbf10
reconv_inst_addr/mem_addr: 0
mem_addr/reconv_inst_addr: 0
mem_access_size/barrier_id: 4
num_barrier_threads: 0
addr_space/fence_level: GPU_ADDR_SP_INVALID
barrier_id/mem_access_size: 4
fence_level/addr_space: GPU_FENCE_INVALID
*** end of the data structure *** 

*** begin of the data structure *** 
core_id:22 thread_id:14
opcode: NVBIT_IMAD
num_read_regs: 2
num_dest_regs: 1
src0: 255
src1: 255
dst0: 1
is_fp: 0
cf_type: NOT_CF
is_load: 0
inst_size: 16
inst_addr: 7f4eecacbf00
active_mask: ffffffff
br_taken_mask: 0
br_target_addr: 7f4eecacbf10
reconv_inst_addr/mem_addr: 0
mem_addr/reconv_inst_addr: 0
mem_access_size/barrier_id: 4
num_barrier_threads: 0
addr_space/fence_level: GPU_ADDR_SP_INVALID
barrier_id/mem_access_size: 4
fence_level/addr_space: GPU_FENCE_INVALID
*** end of the data structure *** 

*** begin of the data structure *** 
core_id:22 thread_id:15
opcode: NVBIT_IMAD
num_read_regs: 2
num_dest_regs: 1
src0: 255
src1: 255
dst0: 1
is_fp: 0
cf_type: NOT_CF
is_load: 0
inst_size: 16
inst_addr: 7f4eecacbf00
active_mask: ffffffff
br_taken_mask: 0
br_target_addr: 7f4eecacbf10
reconv_inst_addr/mem_addr: 0
mem_addr/reconv_inst_addr: 0
mem_access_size/barrier_id: 4
num_barrier_threads: 0
addr_space/fence_level: GPU_ADDR_SP_INVALID
barrier_id/mem_access_size: 4
fence_level/addr_space: GPU_FENCE_INVALID
*** end of the data structure *** 

*** begin of the data structure *** 
core_id:23 thread_id:12
opcode: NVBIT_IMAD
num_read_regs: 2
num_dest_regs: 1
src0: 255
src1: 255
dst0: 1
is_fp: 0
cf_type: NOT_CF
is_load: 0
inst_size: 16
inst_addr: 7f4eecacbf00
active_mask: ffffffff
br_taken_mask: 0
br_target_addr: 7f4eecacbf10
reconv_inst_addr/mem_addr: 0
mem_addr/reconv_inst_addr: 0
mem_access_size/barrier_id: 4
num_barrier_threads: 0
addr_space/fence_level: GPU_ADDR_SP_INVALID
barrier_id/mem_access_size: 4
fence_level/addr_space: GPU_FENCE_INVALID
*** end of the data structure *** 

*** begin of the data structure *** 
core_id:23 thread_id:13
opcode: NVBIT_IMAD
num_read_regs: 2
num_dest_regs: 1
src0: 255
src1: 255
dst0: 1
is_fp: 0
cf_type: NOT_CF
is_load: 0
inst_size: 16
inst_addr: 7f4eecacbf00
active_mask: ffffffff
br_taken_mask: 0
br_target_addr: 7f4eecacbf10
reconv_inst_addr/mem_addr: 0
mem_addr/reconv_inst_addr: 0
mem_access_size/barrier_id: 4
num_barrier_threads: 0
addr_space/fence_level: GPU_ADDR_SP_INVALID
barrier_id/mem_access_size: 4
fence_level/addr_space: GPU_FENCE_INVALID
*** end of the data structure *** 

*** begin of the data structure *** 
core_id:23 thread_id:14
opcode: NVBIT_IMAD
num_read_regs: 2
num_dest_regs: 1
src0: 255
src1: 255
dst0: 1
is_fp: 0
cf_type: NOT_CF
is_load: 0
inst_size: 16
inst_addr: 7f4eecacbf00
active_mask: ffffffff
br_taken_mask: 0
br_target_addr: 7f4eecacbf10
reconv_inst_addr/mem_addr: 0
mem_addr/reconv_inst_addr: 0
mem_access_size/barrier_id: 4
num_barrier_threads: 0
addr_space/fence_level: GPU_ADDR_SP_INVALID
barrier_id/mem_access_size: 4
fence_level/addr_space: GPU_FENCE_INVALID
*** end of the data structure *** 

*** begin of the data structure *** 
core_id:23 thread_id:15
opcode: NVBIT_IMAD
num_read_regs: 2
num_dest_regs: 1
src0: 255
src1: 255
dst0: 1
is_fp: 0
cf_type: NOT_CF
is_load: 0
inst_size: 16
inst_addr: 7f4eecacbf00
active_mask: ffffffff
br_taken_mask: 0
br_target_addr: 7f4eecacbf10
reconv_inst_addr/mem_addr: 0
mem_addr/reconv_inst_addr: 0
mem_access_size/barrier_id: 4
num_barrier_threads: 0
addr_space/fence_level: GPU_ADDR_SP_INVALID
barrier_id/mem_access_size: 4
fence_level/addr_space: GPU_FENCE_INVALID
*** end of the data structure *** 

*** begin of the data structure *** 
core_id:24 thread_id:12
opcode: NVBIT_IMAD
num_read_regs: 2
num_dest_regs: 1
src0: 255
src1: 255
dst0: 1
is_fp: 0
cf_type: NOT_CF
is_load: 0
inst_size: 16
inst_addr: 7f4eecacbf00
active_mask: ffffffff
br_taken_mask: 0
br_target_addr: 7f4eecacbf10
reconv_inst_addr/mem_addr: 0
mem_addr/reconv_inst_addr: 0
mem_access_size/barrier_id: 4
num_barrier_threads: 0
addr_space/fence_level: GPU_ADDR_SP_INVALID
barrier_id/mem_access_size: 4
fence_level/addr_space: GPU_FENCE_INVALID
*** end of the data structure *** 

*** begin of the data structure *** 
core_id:24 thread_id:13
opcode: NVBIT_IMAD
num_read_regs: 2
num_dest_regs: 1
src0: 255
src1: 255
dst0: 1
is_fp: 0
cf_type: NOT_CF
is_load: 0
inst_size: 16
inst_addr: 7f4eecacbf00
active_mask: ffffffff
br_taken_mask: 0
br_target_addr: 7f4eecacbf10
reconv_inst_addr/mem_addr: 0
mem_addr/reconv_inst_addr: 0
mem_access_size/barrier_id: 4
num_barrier_threads: 0
addr_space/fence_level: GPU_ADDR_SP_INVALID
barrier_id/mem_access_size: 4
fence_level/addr_space: GPU_FENCE_INVALID
*** end of the data structure *** 

*** begin of the data structure *** 
core_id:24 thread_id:14
opcode: NVBIT_IMAD
num_read_regs: 2
num_dest_regs: 1
src0: 255
src1: 255
dst0: 1
is_fp: 0
cf_type: NOT_CF
is_load: 0
inst_size: 16
inst_addr: 7f4eecacbf00
active_mask: ffffffff
br_taken_mask: 0
br_target_addr: 7f4eecacbf10
reconv_inst_addr/mem_addr: 0
mem_addr/reconv_inst_addr: 0
mem_access_size/barrier_id: 4
num_barrier_threads: 0
addr_space/fence_level: GPU_ADDR_SP_INVALID
barrier_id/mem_access_size: 4
fence_level/addr_space: GPU_FENCE_INVALID
*** end of the data structure *** 

*** begin of the data structure *** 
core_id:24 thread_id:15
opcode: NVBIT_IMAD
num_read_regs: 2
num_dest_regs: 1
src0: 255
src1: 255
dst0: 1
is_fp: 0
cf_type: NOT_CF
is_load: 0
inst_size: 16
inst_addr: 7f4eecacbf00
active_mask: ffffffff
br_taken_mask: 0
br_target_addr: 7f4eecacbf10
reconv_inst_addr/mem_addr: 0
mem_addr/reconv_inst_addr: 0
mem_access_size/barrier_id: 4
num_barrier_threads: 0
addr_space/fence_level: GPU_ADDR_SP_INVALID
barrier_id/mem_access_size: 4
fence_level/addr_space: GPU_FENCE_INVALID
*** end of the data structure *** 

*** begin of the data structure *** 
core_id:25 thread_id:12
opcode: NVBIT_IMAD
num_read_regs: 2
num_dest_regs: 1
src0: 255
src1: 255
dst0: 1
is_fp: 0
cf_type: NOT_CF
is_load: 0
inst_size: 16
inst_addr: 7f4eecacbf00
active_mask: ffffffff
br_taken_mask: 0
br_target_addr: 7f4eecacbf10
reconv_inst_addr/mem_addr: 0
mem_addr/reconv_inst_addr: 0
mem_access_size/barrier_id: 4
num_barrier_threads: 0
addr_space/fence_level: GPU_ADDR_SP_INVALID
barrier_id/mem_access_size: 4
fence_level/addr_space: GPU_FENCE_INVALID
*** end of the data structure *** 

*** begin of the data structure *** 
core_id:25 thread_id:13
opcode: NVBIT_IMAD
num_read_regs: 2
num_dest_regs: 1
src0: 255
src1: 255
dst0: 1
is_fp: 0
cf_type: NOT_CF
is_load: 0
inst_size: 16
inst_addr: 7f4eecacbf00
active_mask: ffffffff
br_taken_mask: 0
br_target_addr: 7f4eecacbf10
reconv_inst_addr/mem_addr: 0
mem_addr/reconv_inst_addr: 0
mem_access_size/barrier_id: 4
num_barrier_threads: 0
addr_space/fence_level: GPU_ADDR_SP_INVALID
barrier_id/mem_access_size: 4
fence_level/addr_space: GPU_FENCE_INVALID
*** end of the data structure *** 

*** begin of the data structure *** 
core_id:25 thread_id:14
opcode: NVBIT_IMAD
num_read_regs: 2
num_dest_regs: 1
src0: 255
src1: 255
dst0: 1
is_fp: 0
cf_type: NOT_CF
is_load: 0
inst_size: 16
inst_addr: 7f4eecacbf00
active_mask: ffffffff
br_taken_mask: 0
br_target_addr: 7f4eecacbf10
reconv_inst_addr/mem_addr: 0
mem_addr/reconv_inst_addr: 0
mem_access_size/barrier_id: 4
num_barrier_threads: 0
addr_space/fence_level: GPU_ADDR_SP_INVALID
barrier_id/mem_access_size: 4
fence_level/addr_space: GPU_FENCE_INVALID
*** end of the data structure *** 

*** begin of the data structure *** 
core_id:25 thread_id:15
opcode: NVBIT_IMAD
num_read_regs: 2
num_dest_regs: 1
src0: 255
src1: 255
dst0: 1
is_fp: 0
cf_type: NOT_CF
is_load: 0
inst_size: 16
inst_addr: 7f4eecacbf00
active_mask: ffffffff
br_taken_mask: 0
br_target_addr: 7f4eecacbf10
reconv_inst_addr/mem_addr: 0
mem_addr/reconv_inst_addr: 0
mem_access_size/barrier_id: 4
num_barrier_threads: 0
addr_space/fence_level: GPU_ADDR_SP_INVALID
barrier_id/mem_access_size: 4
fence_level/addr_space: GPU_FENCE_INVALID
*** end of the data structure *** 

*** begin of the data structure *** 
core_id:26 thread_id:12
opcode: NVBIT_IMAD
num_read_regs: 2
num_dest_regs: 1
src0: 255
src1: 255
dst0: 1
is_fp: 0
cf_type: NOT_CF
is_load: 0
inst_size: 16
inst_addr: 7f4eecacbf00
active_mask: ffffffff
br_taken_mask: 0
br_target_addr: 7f4eecacbf10
reconv_inst_addr/mem_addr: 0
mem_addr/reconv_inst_addr: 0
mem_access_size/barrier_id: 4
num_barrier_threads: 0
addr_space/fence_level: GPU_ADDR_SP_INVALID
barrier_id/mem_access_size: 4
fence_level/addr_space: GPU_FENCE_INVALID
*** end of the data structure *** 

*** begin of the data structure *** 
core_id:26 thread_id:13
opcode: NVBIT_IMAD
num_read_regs: 2
num_dest_regs: 1
src0: 255
src1: 255
dst0: 1
is_fp: 0
cf_type: NOT_CF
is_load: 0
inst_size: 16
inst_addr: 7f4eecacbf00
active_mask: ffffffff
br_taken_mask: 0
br_target_addr: 7f4eecacbf10
reconv_inst_addr/mem_addr: 0
mem_addr/reconv_inst_addr: 0
mem_access_size/barrier_id: 4
num_barrier_threads: 0
addr_space/fence_level: GPU_ADDR_SP_INVALID
barrier_id/mem_access_size: 4
fence_level/addr_space: GPU_FENCE_INVALID
*** end of the data structure *** 

*** begin of the data structure *** 
core_id:26 thread_id:14
opcode: NVBIT_IMAD
num_read_regs: 2
num_dest_regs: 1
src0: 255
src1: 255
dst0: 1
is_fp: 0
cf_type: NOT_CF
is_load: 0
inst_size: 16
inst_addr: 7f4eecacbf00
active_mask: ffffffff
br_taken_mask: 0
br_target_addr: 7f4eecacbf10
reconv_inst_addr/mem_addr: 0
mem_addr/reconv_inst_addr: 0
mem_access_size/barrier_id: 4
num_barrier_threads: 0
addr_space/fence_level: GPU_ADDR_SP_INVALID
barrier_id/mem_access_size: 4
fence_level/addr_space: GPU_FENCE_INVALID
*** end of the data structure *** 

*** begin of the data structure *** 
core_id:26 thread_id:15
opcode: NVBIT_IMAD
num_read_regs: 2
num_dest_regs: 1
src0: 255
src1: 255
dst0: 1
is_fp: 0
cf_type: NOT_CF
is_load: 0
inst_size: 16
inst_addr: 7f4eecacbf00
active_mask: ffffffff
br_taken_mask: 0
br_target_addr: 7f4eecacbf10
reconv_inst_addr/mem_addr: 0
mem_addr/reconv_inst_addr: 0
mem_access_size/barrier_id: 4
num_barrier_threads: 0
addr_space/fence_level: GPU_ADDR_SP_INVALID
barrier_id/mem_access_size: 4
fence_level/addr_space: GPU_FENCE_INVALID
*** end of the data structure *** 

*** begin of the data structure *** 
core_id:27 thread_id:12
opcode: NVBIT_IMAD
num_read_regs: 2
num_dest_regs: 1
src0: 255
src1: 255
dst0: 1
is_fp: 0
cf_type: NOT_CF
is_load: 0
inst_size: 16
inst_addr: 7f4eecacbf00
active_mask: ffffffff
br_taken_mask: 0
br_target_addr: 7f4eecacbf10
reconv_inst_addr/mem_addr: 0
mem_addr/reconv_inst_addr: 0
mem_access_size/barrier_id: 4
num_barrier_threads: 0
addr_space/fence_level: GPU_ADDR_SP_INVALID
barrier_id/mem_access_size: 4
fence_level/addr_space: GPU_FENCE_INVALID
*** end of the data structure *** 

*** begin of the data structure *** 
core_id:27 thread_id:13
opcode: NVBIT_IMAD
num_read_regs: 2
num_dest_regs: 1
src0: 255
src1: 255
dst0: 1
is_fp: 0
cf_type: NOT_CF
is_load: 0
inst_size: 16
inst_addr: 7f4eecacbf00
active_mask: ffffffff
br_taken_mask: 0
br_target_addr: 7f4eecacbf10
reconv_inst_addr/mem_addr: 0
mem_addr/reconv_inst_addr: 0
mem_access_size/barrier_id: 4
num_barrier_threads: 0
addr_space/fence_level: GPU_ADDR_SP_INVALID
barrier_id/mem_access_size: 4
fence_level/addr_space: GPU_FENCE_INVALID
*** end of the data structure *** 

*** begin of the data structure *** 
core_id:27 thread_id:14
opcode: NVBIT_IMAD
num_read_regs: 2
num_dest_regs: 1
src0: 255
src1: 255
dst0: 1
is_fp: 0
cf_type: NOT_CF
is_load: 0
inst_size: 16
inst_addr: 7f4eecacbf00
active_mask: ffffffff
br_taken_mask: 0
br_target_addr: 7f4eecacbf10
reconv_inst_addr/mem_addr: 0
mem_addr/reconv_inst_addr: 0
mem_access_size/barrier_id: 4
num_barrier_threads: 0
addr_space/fence_level: GPU_ADDR_SP_INVALID
barrier_id/mem_access_size: 4
fence_level/addr_space: GPU_FENCE_INVALID
*** end of the data structure *** 

*** begin of the data structure *** 
core_id:27 thread_id:15
opcode: NVBIT_IMAD
num_read_regs: 2
num_dest_regs: 1
src0: 255
src1: 255
dst0: 1
is_fp: 0
cf_type: NOT_CF
is_load: 0
inst_size: 16
inst_addr: 7f4eecacbf00
active_mask: ffffffff
br_taken_mask: 0
br_target_addr: 7f4eecacbf10
reconv_inst_addr/mem_addr: 0
mem_addr/reconv_inst_addr: 0
mem_access_size/barrier_id: 4
num_barrier_threads: 0
addr_space/fence_level: GPU_ADDR_SP_INVALID
barrier_id/mem_access_size: 4
fence_level/addr_space: GPU_FENCE_INVALID
*** end of the data structure *** 

*** begin of the data structure *** 
core_id:28 thread_id:12
opcode: NVBIT_IMAD
num_read_regs: 2
num_dest_regs: 1
src0: 255
src1: 255
dst0: 1
is_fp: 0
cf_type: NOT_CF
is_load: 0
inst_size: 16
inst_addr: 7f4eecacbf00
active_mask: ffffffff
br_taken_mask: 0
br_target_addr: 7f4eecacbf10
reconv_inst_addr/mem_addr: 0
mem_addr/reconv_inst_addr: 0
mem_access_size/barrier_id: 4
num_barrier_threads: 0
addr_space/fence_level: GPU_ADDR_SP_INVALID
barrier_id/mem_access_size: 4
fence_level/addr_space: GPU_FENCE_INVALID
*** end of the data structure *** 

*** begin of the data structure *** 
core_id:28 thread_id:13
opcode: NVBIT_IMAD
num_read_regs: 2
num_dest_regs: 1
src0: 255
src1: 255
dst0: 1
is_fp: 0
cf_type: NOT_CF
is_load: 0
inst_size: 16
inst_addr: 7f4eecacbf00
active_mask: ffffffff
br_taken_mask: 0
br_target_addr: 7f4eecacbf10
reconv_inst_addr/mem_addr: 0
mem_addr/reconv_inst_addr: 0
mem_access_size/barrier_id: 4
num_barrier_threads: 0
addr_space/fence_level: GPU_ADDR_SP_INVALID
barrier_id/mem_access_size: 4
fence_level/addr_space: GPU_FENCE_INVALID
*** end of the data structure *** 

*** begin of the data structure *** 
core_id:28 thread_id:14
opcode: NVBIT_IMAD
num_read_regs: 2
num_dest_regs: 1
src0: 255
src1: 255
dst0: 1
is_fp: 0
cf_type: NOT_CF
is_load: 0
inst_size: 16
inst_addr: 7f4eecacbf00
active_mask: ffffffff
br_taken_mask: 0
br_target_addr: 7f4eecacbf10
reconv_inst_addr/mem_addr: 0
mem_addr/reconv_inst_addr: 0
mem_access_size/barrier_id: 4
num_barrier_threads: 0
addr_space/fence_level: GPU_ADDR_SP_INVALID
barrier_id/mem_access_size: 4
fence_level/addr_space: GPU_FENCE_INVALID
*** end of the data structure *** 

*** begin of the data structure *** 
core_id:28 thread_id:15
opcode: NVBIT_IMAD
num_read_regs: 2
num_dest_regs: 1
src0: 255
src1: 255
dst0: 1
is_fp: 0
cf_type: NOT_CF
is_load: 0
inst_size: 16
inst_addr: 7f4eecacbf00
active_mask: ffffffff
br_taken_mask: 0
br_target_addr: 7f4eecacbf10
reconv_inst_addr/mem_addr: 0
mem_addr/reconv_inst_addr: 0
mem_access_size/barrier_id: 4
num_barrier_threads: 0
addr_space/fence_level: GPU_ADDR_SP_INVALID
barrier_id/mem_access_size: 4
fence_level/addr_space: GPU_FENCE_INVALID
*** end of the data structure *** 

*** begin of the data structure *** 
core_id:29 thread_id:12
opcode: NVBIT_IMAD
num_read_regs: 2
num_dest_regs: 1
src0: 255
src1: 255
dst0: 1
is_fp: 0
cf_type: NOT_CF
is_load: 0
inst_size: 16
inst_addr: 7f4eecacbf00
active_mask: ffffffff
br_taken_mask: 0
br_target_addr: 7f4eecacbf10
reconv_inst_addr/mem_addr: 0
mem_addr/reconv_inst_addr: 0
mem_access_size/barrier_id: 4
num_barrier_threads: 0
addr_space/fence_level: GPU_ADDR_SP_INVALID
barrier_id/mem_access_size: 4
fence_level/addr_space: GPU_FENCE_INVALID
*** end of the data structure *** 

*** begin of the data structure *** 
core_id:29 thread_id:13
opcode: NVBIT_IMAD
num_read_regs: 2
num_dest_regs: 1
src0: 255
src1: 255
dst0: 1
is_fp: 0
cf_type: NOT_CF
is_load: 0
inst_size: 16
inst_addr: 7f4eecacbf00
active_mask: ffffffff
br_taken_mask: 0
br_target_addr: 7f4eecacbf10
reconv_inst_addr/mem_addr: 0
mem_addr/reconv_inst_addr: 0
mem_access_size/barrier_id: 4
num_barrier_threads: 0
addr_space/fence_level: GPU_ADDR_SP_INVALID
barrier_id/mem_access_size: 4
fence_level/addr_space: GPU_FENCE_INVALID
*** end of the data structure *** 

*** begin of the data structure *** 
core_id:29 thread_id:14
opcode: NVBIT_IMAD
num_read_regs: 2
num_dest_regs: 1
src0: 255
src1: 255
dst0: 1
is_fp: 0
cf_type: NOT_CF
is_load: 0
inst_size: 16
inst_addr: 7f4eecacbf00
active_mask: ffffffff
br_taken_mask: 0
br_target_addr: 7f4eecacbf10
reconv_inst_addr/mem_addr: 0
mem_addr/reconv_inst_addr: 0
mem_access_size/barrier_id: 4
num_barrier_threads: 0
addr_space/fence_level: GPU_ADDR_SP_INVALID
barrier_id/mem_access_size: 4
fence_level/addr_space: GPU_FENCE_INVALID
*** end of the data structure *** 

*** begin of the data structure *** 
core_id:29 thread_id:15
opcode: NVBIT_IMAD
num_read_regs: 2
num_dest_regs: 1
src0: 255
src1: 255
dst0: 1
is_fp: 0
cf_type: NOT_CF
is_load: 0
inst_size: 16
inst_addr: 7f4eecacbf00
active_mask: ffffffff
br_taken_mask: 0
br_target_addr: 7f4eecacbf10
reconv_inst_addr/mem_addr: 0
mem_addr/reconv_inst_addr: 0
mem_access_size/barrier_id: 4
num_barrier_threads: 0
addr_space/fence_level: GPU_ADDR_SP_INVALID
barrier_id/mem_access_size: 4
fence_level/addr_space: GPU_FENCE_INVALID
*** end of the data structure *** 

*** begin of the data structure *** 
core_id:30 thread_id:12
opcode: NVBIT_IMAD
num_read_regs: 2
num_dest_regs: 1
src0: 255
src1: 255
dst0: 1
is_fp: 0
cf_type: NOT_CF
is_load: 0
inst_size: 16
inst_addr: 7f4eecacbf00
active_mask: ffffffff
br_taken_mask: 0
br_target_addr: 7f4eecacbf10
reconv_inst_addr/mem_addr: 0
mem_addr/reconv_inst_addr: 0
mem_access_size/barrier_id: 4
num_barrier_threads: 0
addr_space/fence_level: GPU_ADDR_SP_INVALID
barrier_id/mem_access_size: 4
fence_level/addr_space: GPU_FENCE_INVALID
*** end of the data structure *** 

*** begin of the data structure *** 
core_id:30 thread_id:13
opcode: NVBIT_IMAD
num_read_regs: 2
num_dest_regs: 1
src0: 255
src1: 255
dst0: 1
is_fp: 0
cf_type: NOT_CF
is_load: 0
inst_size: 16
inst_addr: 7f4eecacbf00
active_mask: ffffffff
br_taken_mask: 0
br_target_addr: 7f4eecacbf10
reconv_inst_addr/mem_addr: 0
mem_addr/reconv_inst_addr: 0
mem_access_size/barrier_id: 4
num_barrier_threads: 0
addr_space/fence_level: GPU_ADDR_SP_INVALID
barrier_id/mem_access_size: 4
fence_level/addr_space: GPU_FENCE_INVALID
*** end of the data structure *** 

*** begin of the data structure *** 
core_id:30 thread_id:14
opcode: NVBIT_IMAD
num_read_regs: 2
num_dest_regs: 1
src0: 255
src1: 255
dst0: 1
is_fp: 0
cf_type: NOT_CF
is_load: 0
inst_size: 16
inst_addr: 7f4eecacbf00
active_mask: ffffffff
br_taken_mask: 0
br_target_addr: 7f4eecacbf10
reconv_inst_addr/mem_addr: 0
mem_addr/reconv_inst_addr: 0
mem_access_size/barrier_id: 4
num_barrier_threads: 0
addr_space/fence_level: GPU_ADDR_SP_INVALID
barrier_id/mem_access_size: 4
fence_level/addr_space: GPU_FENCE_INVALID
*** end of the data structure *** 

*** begin of the data structure *** 
core_id:30 thread_id:15
opcode: NVBIT_IMAD
num_read_regs: 2
num_dest_regs: 1
src0: 255
src1: 255
dst0: 1
is_fp: 0
cf_type: NOT_CF
is_load: 0
inst_size: 16
inst_addr: 7f4eecacbf00
active_mask: ffffffff
br_taken_mask: 0
br_target_addr: 7f4eecacbf10
reconv_inst_addr/mem_addr: 0
mem_addr/reconv_inst_addr: 0
mem_access_size/barrier_id: 4
num_barrier_threads: 0
addr_space/fence_level: GPU_ADDR_SP_INVALID
barrier_id/mem_access_size: 4
fence_level/addr_space: GPU_FENCE_INVALID
*** end of the data structure *** 

*** begin of the data structure *** 
core_id:31 thread_id:12
opcode: NVBIT_IMAD
num_read_regs: 2
num_dest_regs: 1
src0: 255
src1: 255
dst0: 1
is_fp: 0
cf_type: NOT_CF
is_load: 0
inst_size: 16
inst_addr: 7f4eecacbf00
active_mask: ffffffff
br_taken_mask: 0
br_target_addr: 7f4eecacbf10
reconv_inst_addr/mem_addr: 0
mem_addr/reconv_inst_addr: 0
mem_access_size/barrier_id: 4
num_barrier_threads: 0
addr_space/fence_level: GPU_ADDR_SP_INVALID
barrier_id/mem_access_size: 4
fence_level/addr_space: GPU_FENCE_INVALID
*** end of the data structure *** 

*** begin of the data structure *** 
core_id:31 thread_id:13
opcode: NVBIT_IMAD
num_read_regs: 2
num_dest_regs: 1
src0: 255
src1: 255
dst0: 1
is_fp: 0
cf_type: NOT_CF
is_load: 0
inst_size: 16
inst_addr: 7f4eecacbf00
active_mask: ffffffff
br_taken_mask: 0
br_target_addr: 7f4eecacbf10
reconv_inst_addr/mem_addr: 0
mem_addr/reconv_inst_addr: 0
mem_access_size/barrier_id: 4
num_barrier_threads: 0
addr_space/fence_level: GPU_ADDR_SP_INVALID
barrier_id/mem_access_size: 4
fence_level/addr_space: GPU_FENCE_INVALID
*** end of the data structure *** 

*** begin of the data structure *** 
core_id:31 thread_id:14
opcode: NVBIT_IMAD
num_read_regs: 2
num_dest_regs: 1
src0: 255
src1: 255
dst0: 1
is_fp: 0
cf_type: NOT_CF
is_load: 0
inst_size: 16
inst_addr: 7f4eecacbf00
active_mask: ffffffff
br_taken_mask: 0
br_target_addr: 7f4eecacbf10
reconv_inst_addr/mem_addr: 0
mem_addr/reconv_inst_addr: 0
mem_access_size/barrier_id: 4
num_barrier_threads: 0
addr_space/fence_level: GPU_ADDR_SP_INVALID
barrier_id/mem_access_size: 4
fence_level/addr_space: GPU_FENCE_INVALID
*** end of the data structure *** 

*** begin of the data structure *** 
core_id:31 thread_id:15
opcode: NVBIT_IMAD
num_read_regs: 2
num_dest_regs: 1
src0: 255
src1: 255
dst0: 1
is_fp: 0
cf_type: NOT_CF
is_load: 0
inst_size: 16
inst_addr: 7f4eecacbf00
active_mask: ffffffff
br_taken_mask: 0
br_target_addr: 7f4eecacbf10
reconv_inst_addr/mem_addr: 0
mem_addr/reconv_inst_addr: 0
mem_access_size/barrier_id: 4
num_barrier_threads: 0
addr_space/fence_level: GPU_ADDR_SP_INVALID
barrier_id/mem_access_size: 4
fence_level/addr_space: GPU_FENCE_INVALID
*** end of the data structure *** 

*** begin of the data structure *** 
core_id:32 thread_id:12
opcode: NVBIT_IMAD
num_read_regs: 2
num_dest_regs: 1
src0: 255
src1: 255
dst0: 1
is_fp: 0
cf_type: NOT_CF
is_load: 0
inst_size: 16
inst_addr: 7f4eecacbf00
active_mask: ffffffff
br_taken_mask: 0
br_target_addr: 7f4eecacbf10
reconv_inst_addr/mem_addr: 0
mem_addr/reconv_inst_addr: 0
mem_access_size/barrier_id: 4
num_barrier_threads: 0
addr_space/fence_level: GPU_ADDR_SP_INVALID
barrier_id/mem_access_size: 4
fence_level/addr_space: GPU_FENCE_INVALID
*** end of the data structure *** 

*** begin of the data structure *** 
core_id:32 thread_id:13
opcode: NVBIT_IMAD
num_read_regs: 2
num_dest_regs: 1
src0: 255
src1: 255
dst0: 1
is_fp: 0
cf_type: NOT_CF
is_load: 0
inst_size: 16
inst_addr: 7f4eecacbf00
active_mask: ffffffff
br_taken_mask: 0
br_target_addr: 7f4eecacbf10
reconv_inst_addr/mem_addr: 0
mem_addr/reconv_inst_addr: 0
mem_access_size/barrier_id: 4
num_barrier_threads: 0
addr_space/fence_level: GPU_ADDR_SP_INVALID
barrier_id/mem_access_size: 4
fence_level/addr_space: GPU_FENCE_INVALID
*** end of the data structure *** 

*** begin of the data structure *** 
core_id:32 thread_id:14
opcode: NVBIT_IMAD
num_read_regs: 2
num_dest_regs: 1
src0: 255
src1: 255
dst0: 1
is_fp: 0
cf_type: NOT_CF
is_load: 0
inst_size: 16
inst_addr: 7f4eecacbf00
active_mask: ffffffff
br_taken_mask: 0
br_target_addr: 7f4eecacbf10
reconv_inst_addr/mem_addr: 0
mem_addr/reconv_inst_addr: 0
mem_access_size/barrier_id: 4
num_barrier_threads: 0
addr_space/fence_level: GPU_ADDR_SP_INVALID
barrier_id/mem_access_size: 4
fence_level/addr_space: GPU_FENCE_INVALID
*** end of the data structure *** 

*** begin of the data structure *** 
core_id:32 thread_id:15
opcode: NVBIT_IMAD
num_read_regs: 2
num_dest_regs: 1
src0: 255
src1: 255
dst0: 1
is_fp: 0
cf_type: NOT_CF
is_load: 0
inst_size: 16
inst_addr: 7f4eecacbf00
active_mask: ffffffff
br_taken_mask: 0
br_target_addr: 7f4eecacbf10
reconv_inst_addr/mem_addr: 0
mem_addr/reconv_inst_addr: 0
mem_access_size/barrier_id: 4
num_barrier_threads: 0
addr_space/fence_level: GPU_ADDR_SP_INVALID
barrier_id/mem_access_size: 4
fence_level/addr_space: GPU_FENCE_INVALID
*** end of the data structure *** 

*** begin of the data structure *** 
core_id:33 thread_id:12
opcode: NVBIT_IMAD
num_read_regs: 2
num_dest_regs: 1
src0: 255
src1: 255
dst0: 1
is_fp: 0
cf_type: NOT_CF
is_load: 0
inst_size: 16
inst_addr: 7f4eecacbf00
active_mask: ffffffff
br_taken_mask: 0
br_target_addr: 7f4eecacbf10
reconv_inst_addr/mem_addr: 0
mem_addr/reconv_inst_addr: 0
mem_access_size/barrier_id: 4
num_barrier_threads: 0
addr_space/fence_level: GPU_ADDR_SP_INVALID
barrier_id/mem_access_size: 4
fence_level/addr_space: GPU_FENCE_INVALID
*** end of the data structure *** 

*** begin of the data structure *** 
core_id:33 thread_id:13
opcode: NVBIT_IMAD
num_read_regs: 2
num_dest_regs: 1
src0: 255
src1: 255
dst0: 1
is_fp: 0
cf_type: NOT_CF
is_load: 0
inst_size: 16
inst_addr: 7f4eecacbf00
active_mask: ffffffff
br_taken_mask: 0
br_target_addr: 7f4eecacbf10
reconv_inst_addr/mem_addr: 0
mem_addr/reconv_inst_addr: 0
mem_access_size/barrier_id: 4
num_barrier_threads: 0
addr_space/fence_level: GPU_ADDR_SP_INVALID
barrier_id/mem_access_size: 4
fence_level/addr_space: GPU_FENCE_INVALID
*** end of the data structure *** 

*** begin of the data structure *** 
core_id:33 thread_id:14
opcode: NVBIT_IMAD
num_read_regs: 2
num_dest_regs: 1
src0: 255
src1: 255
dst0: 1
is_fp: 0
cf_type: NOT_CF
is_load: 0
inst_size: 16
inst_addr: 7f4eecacbf00
active_mask: ffffffff
br_taken_mask: 0
br_target_addr: 7f4eecacbf10
reconv_inst_addr/mem_addr: 0
mem_addr/reconv_inst_addr: 0
mem_access_size/barrier_id: 4
num_barrier_threads: 0
addr_space/fence_level: GPU_ADDR_SP_INVALID
barrier_id/mem_access_size: 4
fence_level/addr_space: GPU_FENCE_INVALID
*** end of the data structure *** 

*** begin of the data structure *** 
core_id:33 thread_id:15
opcode: NVBIT_IMAD
num_read_regs: 2
num_dest_regs: 1
src0: 255
src1: 255
dst0: 1
is_fp: 0
cf_type: NOT_CF
is_load: 0
inst_size: 16
inst_addr: 7f4eecacbf00
active_mask: ffffffff
br_taken_mask: 0
br_target_addr: 7f4eecacbf10
reconv_inst_addr/mem_addr: 0
mem_addr/reconv_inst_addr: 0
mem_access_size/barrier_id: 4
num_barrier_threads: 0
addr_space/fence_level: GPU_ADDR_SP_INVALID
barrier_id/mem_access_size: 4
fence_level/addr_space: GPU_FENCE_INVALID
*** end of the data structure *** 

*** begin of the data structure *** 
core_id:34 thread_id:12
opcode: NVBIT_IMAD
num_read_regs: 2
num_dest_regs: 1
src0: 255
src1: 255
dst0: 1
is_fp: 0
cf_type: NOT_CF
is_load: 0
inst_size: 16
inst_addr: 7f4eecacbf00
active_mask: ffffffff
br_taken_mask: 0
br_target_addr: 7f4eecacbf10
reconv_inst_addr/mem_addr: 0
mem_addr/reconv_inst_addr: 0
mem_access_size/barrier_id: 4
num_barrier_threads: 0
addr_space/fence_level: GPU_ADDR_SP_INVALID
barrier_id/mem_access_size: 4
fence_level/addr_space: GPU_FENCE_INVALID
*** end of the data structure *** 

*** begin of the data structure *** 
core_id:34 thread_id:13
opcode: NVBIT_IMAD
num_read_regs: 2
num_dest_regs: 1
src0: 255
src1: 255
dst0: 1
is_fp: 0
cf_type: NOT_CF
is_load: 0
inst_size: 16
inst_addr: 7f4eecacbf00
active_mask: ffffffff
br_taken_mask: 0
br_target_addr: 7f4eecacbf10
reconv_inst_addr/mem_addr: 0
mem_addr/reconv_inst_addr: 0
mem_access_size/barrier_id: 4
num_barrier_threads: 0
addr_space/fence_level: GPU_ADDR_SP_INVALID
barrier_id/mem_access_size: 4
fence_level/addr_space: GPU_FENCE_INVALID
*** end of the data structure *** 

*** begin of the data structure *** 
core_id:34 thread_id:14
opcode: NVBIT_IMAD
num_read_regs: 2
num_dest_regs: 1
src0: 255
src1: 255
dst0: 1
is_fp: 0
cf_type: NOT_CF
is_load: 0
inst_size: 16
inst_addr: 7f4eecacbf00
active_mask: ffffffff
br_taken_mask: 0
br_target_addr: 7f4eecacbf10
reconv_inst_addr/mem_addr: 0
mem_addr/reconv_inst_addr: 0
mem_access_size/barrier_id: 4
num_barrier_threads: 0
addr_space/fence_level: GPU_ADDR_SP_INVALID
barrier_id/mem_access_size: 4
fence_level/addr_space: GPU_FENCE_INVALID
*** end of the data structure *** 

*** begin of the data structure *** 
core_id:34 thread_id:15
opcode: NVBIT_IMAD
num_read_regs: 2
num_dest_regs: 1
src0: 255
src1: 255
dst0: 1
is_fp: 0
cf_type: NOT_CF
is_load: 0
inst_size: 16
inst_addr: 7f4eecacbf00
active_mask: ffffffff
br_taken_mask: 0
br_target_addr: 7f4eecacbf10
reconv_inst_addr/mem_addr: 0
mem_addr/reconv_inst_addr: 0
mem_access_size/barrier_id: 4
num_barrier_threads: 0
addr_space/fence_level: GPU_ADDR_SP_INVALID
barrier_id/mem_access_size: 4
fence_level/addr_space: GPU_FENCE_INVALID
*** end of the data structure *** 

*** begin of the data structure *** 
core_id:35 thread_id:12
opcode: NVBIT_IMAD
num_read_regs: 2
num_dest_regs: 1
src0: 255
src1: 255
dst0: 1
is_fp: 0
cf_type: NOT_CF
is_load: 0
inst_size: 16
inst_addr: 7f4eecacbf00
active_mask: ffffffff
br_taken_mask: 0
br_target_addr: 7f4eecacbf10
reconv_inst_addr/mem_addr: 0
mem_addr/reconv_inst_addr: 0
mem_access_size/barrier_id: 4
num_barrier_threads: 0
addr_space/fence_level: GPU_ADDR_SP_INVALID
barrier_id/mem_access_size: 4
fence_level/addr_space: GPU_FENCE_INVALID
*** end of the data structure *** 

*** begin of the data structure *** 
core_id:35 thread_id:13
opcode: NVBIT_IMAD
num_read_regs: 2
num_dest_regs: 1
src0: 255
src1: 255
dst0: 1
is_fp: 0
cf_type: NOT_CF
is_load: 0
inst_size: 16
inst_addr: 7f4eecacbf00
active_mask: ffffffff
br_taken_mask: 0
br_target_addr: 7f4eecacbf10
reconv_inst_addr/mem_addr: 0
mem_addr/reconv_inst_addr: 0
mem_access_size/barrier_id: 4
num_barrier_threads: 0
addr_space/fence_level: GPU_ADDR_SP_INVALID
barrier_id/mem_access_size: 4
fence_level/addr_space: GPU_FENCE_INVALID
*** end of the data structure *** 

*** begin of the data structure *** 
core_id:35 thread_id:14
opcode: NVBIT_IMAD
num_read_regs: 2
num_dest_regs: 1
src0: 255
src1: 255
dst0: 1
is_fp: 0
cf_type: NOT_CF
is_load: 0
inst_size: 16
inst_addr: 7f4eecacbf00
active_mask: ffffffff
br_taken_mask: 0
br_target_addr: 7f4eecacbf10
reconv_inst_addr/mem_addr: 0
mem_addr/reconv_inst_addr: 0
mem_access_size/barrier_id: 4
num_barrier_threads: 0
addr_space/fence_level: GPU_ADDR_SP_INVALID
barrier_id/mem_access_size: 4
fence_level/addr_space: GPU_FENCE_INVALID
*** end of the data structure *** 

*** begin of the data structure *** 
core_id:35 thread_id:15
opcode: NVBIT_IMAD
num_read_regs: 2
num_dest_regs: 1
src0: 255
src1: 255
dst0: 1
is_fp: 0
cf_type: NOT_CF
is_load: 0
inst_size: 16
inst_addr: 7f4eecacbf00
active_mask: ffffffff
br_taken_mask: 0
br_target_addr: 7f4eecacbf10
reconv_inst_addr/mem_addr: 0
mem_addr/reconv_inst_addr: 0
mem_access_size/barrier_id: 4
num_barrier_threads: 0
addr_space/fence_level: GPU_ADDR_SP_INVALID
barrier_id/mem_access_size: 4
fence_level/addr_space: GPU_FENCE_INVALID
*** end of the data structure *** 

*** begin of the data structure *** 
core_id:36 thread_id:12
opcode: NVBIT_IMAD
num_read_regs: 2
num_dest_regs: 1
src0: 255
src1: 255
dst0: 1
is_fp: 0
cf_type: NOT_CF
is_load: 0
inst_size: 16
inst_addr: 7f4eecacbf00
active_mask: ffffffff
br_taken_mask: 0
br_target_addr: 7f4eecacbf10
reconv_inst_addr/mem_addr: 0
mem_addr/reconv_inst_addr: 0
mem_access_size/barrier_id: 4
num_barrier_threads: 0
addr_space/fence_level: GPU_ADDR_SP_INVALID
barrier_id/mem_access_size: 4
fence_level/addr_space: GPU_FENCE_INVALID
*** end of the data structure *** 

*** begin of the data structure *** 
core_id:36 thread_id:13
opcode: NVBIT_IMAD
num_read_regs: 2
num_dest_regs: 1
src0: 255
src1: 255
dst0: 1
is_fp: 0
cf_type: NOT_CF
is_load: 0
inst_size: 16
inst_addr: 7f4eecacbf00
active_mask: ffffffff
br_taken_mask: 0
br_target_addr: 7f4eecacbf10
reconv_inst_addr/mem_addr: 0
mem_addr/reconv_inst_addr: 0
mem_access_size/barrier_id: 4
num_barrier_threads: 0
addr_space/fence_level: GPU_ADDR_SP_INVALID
barrier_id/mem_access_size: 4
fence_level/addr_space: GPU_FENCE_INVALID
*** end of the data structure *** 

*** begin of the data structure *** 
core_id:36 thread_id:14
opcode: NVBIT_IMAD
num_read_regs: 2
num_dest_regs: 1
src0: 255
src1: 255
dst0: 1
is_fp: 0
cf_type: NOT_CF
is_load: 0
inst_size: 16
inst_addr: 7f4eecacbf00
active_mask: ffffffff
br_taken_mask: 0
br_target_addr: 7f4eecacbf10
reconv_inst_addr/mem_addr: 0
mem_addr/reconv_inst_addr: 0
mem_access_size/barrier_id: 4
num_barrier_threads: 0
addr_space/fence_level: GPU_ADDR_SP_INVALID
barrier_id/mem_access_size: 4
fence_level/addr_space: GPU_FENCE_INVALID
*** end of the data structure *** 

*** begin of the data structure *** 
core_id:36 thread_id:15
opcode: NVBIT_IMAD
num_read_regs: 2
num_dest_regs: 1
src0: 255
src1: 255
dst0: 1
is_fp: 0
cf_type: NOT_CF
is_load: 0
inst_size: 16
inst_addr: 7f4eecacbf00
active_mask: ffffffff
br_taken_mask: 0
br_target_addr: 7f4eecacbf10
reconv_inst_addr/mem_addr: 0
mem_addr/reconv_inst_addr: 0
mem_access_size/barrier_id: 4
num_barrier_threads: 0
addr_space/fence_level: GPU_ADDR_SP_INVALID
barrier_id/mem_access_size: 4
fence_level/addr_space: GPU_FENCE_INVALID
*** end of the data structure *** 

*** begin of the data structure *** 
core_id:37 thread_id:12
opcode: NVBIT_IMAD
num_read_regs: 2
num_dest_regs: 1
src0: 255
src1: 255
dst0: 1
is_fp: 0
cf_type: NOT_CF
is_load: 0
inst_size: 16
inst_addr: 7f4eecacbf00
active_mask: ffffffff
br_taken_mask: 0
br_target_addr: 7f4eecacbf10
reconv_inst_addr/mem_addr: 0
mem_addr/reconv_inst_addr: 0
mem_access_size/barrier_id: 4
num_barrier_threads: 0
addr_space/fence_level: GPU_ADDR_SP_INVALID
barrier_id/mem_access_size: 4
fence_level/addr_space: GPU_FENCE_INVALID
*** end of the data structure *** 

*** begin of the data structure *** 
core_id:37 thread_id:13
opcode: NVBIT_IMAD
num_read_regs: 2
num_dest_regs: 1
src0: 255
src1: 255
dst0: 1
is_fp: 0
cf_type: NOT_CF
is_load: 0
inst_size: 16
inst_addr: 7f4eecacbf00
active_mask: ffffffff
br_taken_mask: 0
br_target_addr: 7f4eecacbf10
reconv_inst_addr/mem_addr: 0
mem_addr/reconv_inst_addr: 0
mem_access_size/barrier_id: 4
num_barrier_threads: 0
addr_space/fence_level: GPU_ADDR_SP_INVALID
barrier_id/mem_access_size: 4
fence_level/addr_space: GPU_FENCE_INVALID
*** end of the data structure *** 

*** begin of the data structure *** 
core_id:37 thread_id:14
opcode: NVBIT_IMAD
num_read_regs: 2
num_dest_regs: 1
src0: 255
src1: 255
dst0: 1
is_fp: 0
cf_type: NOT_CF
is_load: 0
inst_size: 16
inst_addr: 7f4eecacbf00
active_mask: ffffffff
br_taken_mask: 0
br_target_addr: 7f4eecacbf10
reconv_inst_addr/mem_addr: 0
mem_addr/reconv_inst_addr: 0
mem_access_size/barrier_id: 4
num_barrier_threads: 0
addr_space/fence_level: GPU_ADDR_SP_INVALID
barrier_id/mem_access_size: 4
fence_level/addr_space: GPU_FENCE_INVALID
*** end of the data structure *** 

*** begin of the data structure *** 
core_id:37 thread_id:15
opcode: NVBIT_IMAD
num_read_regs: 2
num_dest_regs: 1
src0: 255
src1: 255
dst0: 1
is_fp: 0
cf_type: NOT_CF
is_load: 0
inst_size: 16
inst_addr: 7f4eecacbf00
active_mask: ffffffff
br_taken_mask: 0
br_target_addr: 7f4eecacbf10
reconv_inst_addr/mem_addr: 0
mem_addr/reconv_inst_addr: 0
mem_access_size/barrier_id: 4
num_barrier_threads: 0
addr_space/fence_level: GPU_ADDR_SP_INVALID
barrier_id/mem_access_size: 4
fence_level/addr_space: GPU_FENCE_INVALID
*** end of the data structure *** 

*** begin of the data structure *** 
core_id:38 thread_id:12
opcode: NVBIT_IMAD
num_read_regs: 2
num_dest_regs: 1
src0: 255
src1: 255
dst0: 1
is_fp: 0
cf_type: NOT_CF
is_load: 0
inst_size: 16
inst_addr: 7f4eecacbf00
active_mask: ffffffff
br_taken_mask: 0
br_target_addr: 7f4eecacbf10
reconv_inst_addr/mem_addr: 0
mem_addr/reconv_inst_addr: 0
mem_access_size/barrier_id: 4
num_barrier_threads: 0
addr_space/fence_level: GPU_ADDR_SP_INVALID
barrier_id/mem_access_size: 4
fence_level/addr_space: GPU_FENCE_INVALID
*** end of the data structure *** 

*** begin of the data structure *** 
core_id:38 thread_id:13
opcode: NVBIT_IMAD
num_read_regs: 2
num_dest_regs: 1
src0: 255
src1: 255
dst0: 1
is_fp: 0
cf_type: NOT_CF
is_load: 0
inst_size: 16
inst_addr: 7f4eecacbf00
active_mask: ffffffff
br_taken_mask: 0
br_target_addr: 7f4eecacbf10
reconv_inst_addr/mem_addr: 0
mem_addr/reconv_inst_addr: 0
mem_access_size/barrier_id: 4
num_barrier_threads: 0
addr_space/fence_level: GPU_ADDR_SP_INVALID
barrier_id/mem_access_size: 4
fence_level/addr_space: GPU_FENCE_INVALID
*** end of the data structure *** 

*** begin of the data structure *** 
core_id:38 thread_id:14
opcode: NVBIT_IMAD
num_read_regs: 2
num_dest_regs: 1
src0: 255
src1: 255
dst0: 1
is_fp: 0
cf_type: NOT_CF
is_load: 0
inst_size: 16
inst_addr: 7f4eecacbf00
active_mask: ffffffff
br_taken_mask: 0
br_target_addr: 7f4eecacbf10
reconv_inst_addr/mem_addr: 0
mem_addr/reconv_inst_addr: 0
mem_access_size/barrier_id: 4
num_barrier_threads: 0
addr_space/fence_level: GPU_ADDR_SP_INVALID
barrier_id/mem_access_size: 4
fence_level/addr_space: GPU_FENCE_INVALID
*** end of the data structure *** 

*** begin of the data structure *** 
core_id:38 thread_id:15
opcode: NVBIT_IMAD
num_read_regs: 2
num_dest_regs: 1
src0: 255
src1: 255
dst0: 1
is_fp: 0
cf_type: NOT_CF
is_load: 0
inst_size: 16
inst_addr: 7f4eecacbf00
active_mask: ffffffff
br_taken_mask: 0
br_target_addr: 7f4eecacbf10
reconv_inst_addr/mem_addr: 0
mem_addr/reconv_inst_addr: 0
mem_access_size/barrier_id: 4
num_barrier_threads: 0
addr_space/fence_level: GPU_ADDR_SP_INVALID
barrier_id/mem_access_size: 4
fence_level/addr_space: GPU_FENCE_INVALID
*** end of the data structure *** 

*** begin of the data structure *** 
core_id:39 thread_id:12
opcode: NVBIT_IMAD
num_read_regs: 2
num_dest_regs: 1
src0: 255
src1: 255
dst0: 1
is_fp: 0
cf_type: NOT_CF
is_load: 0
inst_size: 16
inst_addr: 7f4eecacbf00
active_mask: ffffffff
br_taken_mask: 0
br_target_addr: 7f4eecacbf10
reconv_inst_addr/mem_addr: 0
mem_addr/reconv_inst_addr: 0
mem_access_size/barrier_id: 4
num_barrier_threads: 0
addr_space/fence_level: GPU_ADDR_SP_INVALID
barrier_id/mem_access_size: 4
fence_level/addr_space: GPU_FENCE_INVALID
*** end of the data structure *** 

*** begin of the data structure *** 
core_id:39 thread_id:13
opcode: NVBIT_IMAD
num_read_regs: 2
num_dest_regs: 1
src0: 255
src1: 255
dst0: 1
is_fp: 0
cf_type: NOT_CF
is_load: 0
inst_size: 16
inst_addr: 7f4eecacbf00
active_mask: ffffffff
br_taken_mask: 0
br_target_addr: 7f4eecacbf10
reconv_inst_addr/mem_addr: 0
mem_addr/reconv_inst_addr: 0
mem_access_size/barrier_id: 4
num_barrier_threads: 0
addr_space/fence_level: GPU_ADDR_SP_INVALID
barrier_id/mem_access_size: 4
fence_level/addr_space: GPU_FENCE_INVALID
*** end of the data structure *** 

*** begin of the data structure *** 
core_id:39 thread_id:14
opcode: NVBIT_IMAD
num_read_regs: 2
num_dest_regs: 1
src0: 255
src1: 255
dst0: 1
is_fp: 0
cf_type: NOT_CF
is_load: 0
inst_size: 16
inst_addr: 7f4eecacbf00
active_mask: ffffffff
br_taken_mask: 0
br_target_addr: 7f4eecacbf10
reconv_inst_addr/mem_addr: 0
mem_addr/reconv_inst_addr: 0
mem_access_size/barrier_id: 4
num_barrier_threads: 0
addr_space/fence_level: GPU_ADDR_SP_INVALID
barrier_id/mem_access_size: 4
fence_level/addr_space: GPU_FENCE_INVALID
*** end of the data structure *** 

*** begin of the data structure *** 
core_id:39 thread_id:15
opcode: NVBIT_IMAD
num_read_regs: 2
num_dest_regs: 1
src0: 255
src1: 255
dst0: 1
is_fp: 0
cf_type: NOT_CF
is_load: 0
inst_size: 16
inst_addr: 7f4eecacbf00
active_mask: ffffffff
br_taken_mask: 0
br_target_addr: 7f4eecacbf10
reconv_inst_addr/mem_addr: 0
mem_addr/reconv_inst_addr: 0
mem_access_size/barrier_id: 4
num_barrier_threads: 0
addr_space/fence_level: GPU_ADDR_SP_INVALID
barrier_id/mem_access_size: 4
fence_level/addr_space: GPU_FENCE_INVALID
*** end of the data structure *** 

*** begin of the data structure *** 
core_id:40 thread_id:12
opcode: NVBIT_IMAD
num_read_regs: 2
num_dest_regs: 1
src0: 255
src1: 255
dst0: 1
is_fp: 0
cf_type: NOT_CF
is_load: 0
inst_size: 16
inst_addr: 7f4eecacbf00
active_mask: ffffffff
br_taken_mask: 0
br_target_addr: 7f4eecacbf10
reconv_inst_addr/mem_addr: 0
mem_addr/reconv_inst_addr: 0
mem_access_size/barrier_id: 4
num_barrier_threads: 0
addr_space/fence_level: GPU_ADDR_SP_INVALID
barrier_id/mem_access_size: 4
fence_level/addr_space: GPU_FENCE_INVALID
*** end of the data structure *** 

*** begin of the data structure *** 
core_id:40 thread_id:13
opcode: NVBIT_IMAD
num_read_regs: 2
num_dest_regs: 1
src0: 255
src1: 255
dst0: 1
is_fp: 0
cf_type: NOT_CF
is_load: 0
inst_size: 16
inst_addr: 7f4eecacbf00
active_mask: ffffffff
br_taken_mask: 0
br_target_addr: 7f4eecacbf10
reconv_inst_addr/mem_addr: 0
mem_addr/reconv_inst_addr: 0
mem_access_size/barrier_id: 4
num_barrier_threads: 0
addr_space/fence_level: GPU_ADDR_SP_INVALID
barrier_id/mem_access_size: 4
fence_level/addr_space: GPU_FENCE_INVALID
*** end of the data structure *** 

*** begin of the data structure *** 
core_id:40 thread_id:14
opcode: NVBIT_IMAD
num_read_regs: 2
num_dest_regs: 1
src0: 255
src1: 255
dst0: 1
is_fp: 0
cf_type: NOT_CF
is_load: 0
inst_size: 16
inst_addr: 7f4eecacbf00
active_mask: ffffffff
br_taken_mask: 0
br_target_addr: 7f4eecacbf10
reconv_inst_addr/mem_addr: 0
mem_addr/reconv_inst_addr: 0
mem_access_size/barrier_id: 4
num_barrier_threads: 0
addr_space/fence_level: GPU_ADDR_SP_INVALID
barrier_id/mem_access_size: 4
fence_level/addr_space: GPU_FENCE_INVALID
*** end of the data structure *** 

*** begin of the data structure *** 
core_id:40 thread_id:15
opcode: NVBIT_IMAD
num_read_regs: 2
num_dest_regs: 1
src0: 255
src1: 255
dst0: 1
is_fp: 0
cf_type: NOT_CF
is_load: 0
inst_size: 16
inst_addr: 7f4eecacbf00
active_mask: ffffffff
br_taken_mask: 0
br_target_addr: 7f4eecacbf10
reconv_inst_addr/mem_addr: 0
mem_addr/reconv_inst_addr: 0
mem_access_size/barrier_id: 4
num_barrier_threads: 0
addr_space/fence_level: GPU_ADDR_SP_INVALID
barrier_id/mem_access_size: 4
fence_level/addr_space: GPU_FENCE_INVALID
*** end of the data structure *** 

*** begin of the data structure *** 
core_id:41 thread_id:12
opcode: NVBIT_IMAD
num_read_regs: 2
num_dest_regs: 1
src0: 255
src1: 255
dst0: 1
is_fp: 0
cf_type: NOT_CF
is_load: 0
inst_size: 16
inst_addr: 7f4eecacbf00
active_mask: ffffffff
br_taken_mask: 0
br_target_addr: 7f4eecacbf10
reconv_inst_addr/mem_addr: 0
mem_addr/reconv_inst_addr: 0
mem_access_size/barrier_id: 4
num_barrier_threads: 0
addr_space/fence_level: GPU_ADDR_SP_INVALID
barrier_id/mem_access_size: 4
fence_level/addr_space: GPU_FENCE_INVALID
*** end of the data structure *** 

*** begin of the data structure *** 
core_id:41 thread_id:13
opcode: NVBIT_IMAD
num_read_regs: 2
num_dest_regs: 1
src0: 255
src1: 255
dst0: 1
is_fp: 0
cf_type: NOT_CF
is_load: 0
inst_size: 16
inst_addr: 7f4eecacbf00
active_mask: ffffffff
br_taken_mask: 0
br_target_addr: 7f4eecacbf10
reconv_inst_addr/mem_addr: 0
mem_addr/reconv_inst_addr: 0
mem_access_size/barrier_id: 4
num_barrier_threads: 0
addr_space/fence_level: GPU_ADDR_SP_INVALID
barrier_id/mem_access_size: 4
fence_level/addr_space: GPU_FENCE_INVALID
*** end of the data structure *** 

*** begin of the data structure *** 
core_id:41 thread_id:14
opcode: NVBIT_IMAD
num_read_regs: 2
num_dest_regs: 1
src0: 255
src1: 255
dst0: 1
is_fp: 0
cf_type: NOT_CF
is_load: 0
inst_size: 16
inst_addr: 7f4eecacbf00
active_mask: ffffffff
br_taken_mask: 0
br_target_addr: 7f4eecacbf10
reconv_inst_addr/mem_addr: 0
mem_addr/reconv_inst_addr: 0
mem_access_size/barrier_id: 4
num_barrier_threads: 0
addr_space/fence_level: GPU_ADDR_SP_INVALID
barrier_id/mem_access_size: 4
fence_level/addr_space: GPU_FENCE_INVALID
*** end of the data structure *** 

*** begin of the data structure *** 
core_id:41 thread_id:15
opcode: NVBIT_IMAD
num_read_regs: 2
num_dest_regs: 1
src0: 255
src1: 255
dst0: 1
is_fp: 0
cf_type: NOT_CF
is_load: 0
inst_size: 16
inst_addr: 7f4eecacbf00
active_mask: ffffffff
br_taken_mask: 0
br_target_addr: 7f4eecacbf10
reconv_inst_addr/mem_addr: 0
mem_addr/reconv_inst_addr: 0
mem_access_size/barrier_id: 4
num_barrier_threads: 0
addr_space/fence_level: GPU_ADDR_SP_INVALID
barrier_id/mem_access_size: 4
fence_level/addr_space: GPU_FENCE_INVALID
*** end of the data structure *** 

*** begin of the data structure *** 
core_id:42 thread_id:12
opcode: NVBIT_IMAD
num_read_regs: 2
num_dest_regs: 1
src0: 255
src1: 255
dst0: 1
is_fp: 0
cf_type: NOT_CF
is_load: 0
inst_size: 16
inst_addr: 7f4eecacbf00
active_mask: ffffffff
br_taken_mask: 0
br_target_addr: 7f4eecacbf10
reconv_inst_addr/mem_addr: 0
mem_addr/reconv_inst_addr: 0
mem_access_size/barrier_id: 4
num_barrier_threads: 0
addr_space/fence_level: GPU_ADDR_SP_INVALID
barrier_id/mem_access_size: 4
fence_level/addr_space: GPU_FENCE_INVALID
*** end of the data structure *** 

*** begin of the data structure *** 
core_id:42 thread_id:13
opcode: NVBIT_IMAD
num_read_regs: 2
num_dest_regs: 1
src0: 255
src1: 255
dst0: 1
is_fp: 0
cf_type: NOT_CF
is_load: 0
inst_size: 16
inst_addr: 7f4eecacbf00
active_mask: ffffffff
br_taken_mask: 0
br_target_addr: 7f4eecacbf10
reconv_inst_addr/mem_addr: 0
mem_addr/reconv_inst_addr: 0
mem_access_size/barrier_id: 4
num_barrier_threads: 0
addr_space/fence_level: GPU_ADDR_SP_INVALID
barrier_id/mem_access_size: 4
fence_level/addr_space: GPU_FENCE_INVALID
*** end of the data structure *** 

*** begin of the data structure *** 
core_id:42 thread_id:14
opcode: NVBIT_IMAD
num_read_regs: 2
num_dest_regs: 1
src0: 255
src1: 255
dst0: 1
is_fp: 0
cf_type: NOT_CF
is_load: 0
inst_size: 16
inst_addr: 7f4eecacbf00
active_mask: ffffffff
br_taken_mask: 0
br_target_addr: 7f4eecacbf10
reconv_inst_addr/mem_addr: 0
mem_addr/reconv_inst_addr: 0
mem_access_size/barrier_id: 4
num_barrier_threads: 0
addr_space/fence_level: GPU_ADDR_SP_INVALID
barrier_id/mem_access_size: 4
fence_level/addr_space: GPU_FENCE_INVALID
*** end of the data structure *** 

*** begin of the data structure *** 
core_id:42 thread_id:15
opcode: NVBIT_IMAD
num_read_regs: 2
num_dest_regs: 1
src0: 255
src1: 255
dst0: 1
is_fp: 0
cf_type: NOT_CF
is_load: 0
inst_size: 16
inst_addr: 7f4eecacbf00
active_mask: ffffffff
br_taken_mask: 0
br_target_addr: 7f4eecacbf10
reconv_inst_addr/mem_addr: 0
mem_addr/reconv_inst_addr: 0
mem_access_size/barrier_id: 4
num_barrier_threads: 0
addr_space/fence_level: GPU_ADDR_SP_INVALID
barrier_id/mem_access_size: 4
fence_level/addr_space: GPU_FENCE_INVALID
*** end of the data structure *** 

*** begin of the data structure *** 
core_id:43 thread_id:12
opcode: NVBIT_IMAD
num_read_regs: 2
num_dest_regs: 1
src0: 255
src1: 255
dst0: 1
is_fp: 0
cf_type: NOT_CF
is_load: 0
inst_size: 16
inst_addr: 7f4eecacbf00
active_mask: ffffffff
br_taken_mask: 0
br_target_addr: 7f4eecacbf10
reconv_inst_addr/mem_addr: 0
mem_addr/reconv_inst_addr: 0
mem_access_size/barrier_id: 4
num_barrier_threads: 0
addr_space/fence_level: GPU_ADDR_SP_INVALID
barrier_id/mem_access_size: 4
fence_level/addr_space: GPU_FENCE_INVALID
*** end of the data structure *** 

*** begin of the data structure *** 
core_id:43 thread_id:13
opcode: NVBIT_IMAD
num_read_regs: 2
num_dest_regs: 1
src0: 255
src1: 255
dst0: 1
is_fp: 0
cf_type: NOT_CF
is_load: 0
inst_size: 16
inst_addr: 7f4eecacbf00
active_mask: ffffffff
br_taken_mask: 0
br_target_addr: 7f4eecacbf10
reconv_inst_addr/mem_addr: 0
mem_addr/reconv_inst_addr: 0
mem_access_size/barrier_id: 4
num_barrier_threads: 0
addr_space/fence_level: GPU_ADDR_SP_INVALID
barrier_id/mem_access_size: 4
fence_level/addr_space: GPU_FENCE_INVALID
*** end of the data structure *** 

*** begin of the data structure *** 
core_id:43 thread_id:14
opcode: NVBIT_IMAD
num_read_regs: 2
num_dest_regs: 1
src0: 255
src1: 255
dst0: 1
is_fp: 0
cf_type: NOT_CF
is_load: 0
inst_size: 16
inst_addr: 7f4eecacbf00
active_mask: ffffffff
br_taken_mask: 0
br_target_addr: 7f4eecacbf10
reconv_inst_addr/mem_addr: 0
mem_addr/reconv_inst_addr: 0
mem_access_size/barrier_id: 4
num_barrier_threads: 0
addr_space/fence_level: GPU_ADDR_SP_INVALID
barrier_id/mem_access_size: 4
fence_level/addr_space: GPU_FENCE_INVALID
*** end of the data structure *** 

*** begin of the data structure *** 
core_id:43 thread_id:15
opcode: NVBIT_IMAD
num_read_regs: 2
num_dest_regs: 1
src0: 255
src1: 255
dst0: 1
is_fp: 0
cf_type: NOT_CF
is_load: 0
inst_size: 16
inst_addr: 7f4eecacbf00
active_mask: ffffffff
br_taken_mask: 0
br_target_addr: 7f4eecacbf10
reconv_inst_addr/mem_addr: 0
mem_addr/reconv_inst_addr: 0
mem_access_size/barrier_id: 4
num_barrier_threads: 0
addr_space/fence_level: GPU_ADDR_SP_INVALID
barrier_id/mem_access_size: 4
fence_level/addr_space: GPU_FENCE_INVALID
*** end of the data structure *** 

*** begin of the data structure *** 
core_id:44 thread_id:12
opcode: NVBIT_IMAD
num_read_regs: 2
num_dest_regs: 1
src0: 255
src1: 255
dst0: 1
is_fp: 0
cf_type: NOT_CF
is_load: 0
inst_size: 16
inst_addr: 7f4eecacbf00
active_mask: ffffffff
br_taken_mask: 0
br_target_addr: 7f4eecacbf10
reconv_inst_addr/mem_addr: 0
mem_addr/reconv_inst_addr: 0
mem_access_size/barrier_id: 4
num_barrier_threads: 0
addr_space/fence_level: GPU_ADDR_SP_INVALID
barrier_id/mem_access_size: 4
fence_level/addr_space: GPU_FENCE_INVALID
*** end of the data structure *** 

*** begin of the data structure *** 
core_id:44 thread_id:13
opcode: NVBIT_IMAD
num_read_regs: 2
num_dest_regs: 1
src0: 255
src1: 255
dst0: 1
is_fp: 0
cf_type: NOT_CF
is_load: 0
inst_size: 16
inst_addr: 7f4eecacbf00
active_mask: ffffffff
br_taken_mask: 0
br_target_addr: 7f4eecacbf10
reconv_inst_addr/mem_addr: 0
mem_addr/reconv_inst_addr: 0
mem_access_size/barrier_id: 4
num_barrier_threads: 0
addr_space/fence_level: GPU_ADDR_SP_INVALID
barrier_id/mem_access_size: 4
fence_level/addr_space: GPU_FENCE_INVALID
*** end of the data structure *** 

*** begin of the data structure *** 
core_id:44 thread_id:14
opcode: NVBIT_IMAD
num_read_regs: 2
num_dest_regs: 1
src0: 255
src1: 255
dst0: 1
is_fp: 0
cf_type: NOT_CF
is_load: 0
inst_size: 16
inst_addr: 7f4eecacbf00
active_mask: ffffffff
br_taken_mask: 0
br_target_addr: 7f4eecacbf10
reconv_inst_addr/mem_addr: 0
mem_addr/reconv_inst_addr: 0
mem_access_size/barrier_id: 4
num_barrier_threads: 0
addr_space/fence_level: GPU_ADDR_SP_INVALID
barrier_id/mem_access_size: 4
fence_level/addr_space: GPU_FENCE_INVALID
*** end of the data structure *** 

*** begin of the data structure *** 
core_id:44 thread_id:15
opcode: NVBIT_IMAD
num_read_regs: 2
num_dest_regs: 1
src0: 255
src1: 255
dst0: 1
is_fp: 0
cf_type: NOT_CF
is_load: 0
inst_size: 16
inst_addr: 7f4eecacbf00
active_mask: ffffffff
br_taken_mask: 0
br_target_addr: 7f4eecacbf10
reconv_inst_addr/mem_addr: 0
mem_addr/reconv_inst_addr: 0
mem_access_size/barrier_id: 4
num_barrier_threads: 0
addr_space/fence_level: GPU_ADDR_SP_INVALID
barrier_id/mem_access_size: 4
fence_level/addr_space: GPU_FENCE_INVALID
*** end of the data structure *** 

*** begin of the data structure *** 
core_id:45 thread_id:12
opcode: NVBIT_IMAD
num_read_regs: 2
num_dest_regs: 1
src0: 255
src1: 255
dst0: 1
is_fp: 0
cf_type: NOT_CF
is_load: 0
inst_size: 16
inst_addr: 7f4eecacbf00
active_mask: ffffffff
br_taken_mask: 0
br_target_addr: 7f4eecacbf10
reconv_inst_addr/mem_addr: 0
mem_addr/reconv_inst_addr: 0
mem_access_size/barrier_id: 4
num_barrier_threads: 0
addr_space/fence_level: GPU_ADDR_SP_INVALID
barrier_id/mem_access_size: 4
fence_level/addr_space: GPU_FENCE_INVALID
*** end of the data structure *** 

*** begin of the data structure *** 
core_id:45 thread_id:13
opcode: NVBIT_IMAD
num_read_regs: 2
num_dest_regs: 1
src0: 255
src1: 255
dst0: 1
is_fp: 0
cf_type: NOT_CF
is_load: 0
inst_size: 16
inst_addr: 7f4eecacbf00
active_mask: ffffffff
br_taken_mask: 0
br_target_addr: 7f4eecacbf10
reconv_inst_addr/mem_addr: 0
mem_addr/reconv_inst_addr: 0
mem_access_size/barrier_id: 4
num_barrier_threads: 0
addr_space/fence_level: GPU_ADDR_SP_INVALID
barrier_id/mem_access_size: 4
fence_level/addr_space: GPU_FENCE_INVALID
*** end of the data structure *** 

*** begin of the data structure *** 
core_id:45 thread_id:14
opcode: NVBIT_IMAD
num_read_regs: 2
num_dest_regs: 1
src0: 255
src1: 255
dst0: 1
is_fp: 0
cf_type: NOT_CF
is_load: 0
inst_size: 16
inst_addr: 7f4eecacbf00
active_mask: ffffffff
br_taken_mask: 0
br_target_addr: 7f4eecacbf10
reconv_inst_addr/mem_addr: 0
mem_addr/reconv_inst_addr: 0
mem_access_size/barrier_id: 4
num_barrier_threads: 0
addr_space/fence_level: GPU_ADDR_SP_INVALID
barrier_id/mem_access_size: 4
fence_level/addr_space: GPU_FENCE_INVALID
*** end of the data structure *** 

*** begin of the data structure *** 
core_id:45 thread_id:15
opcode: NVBIT_IMAD
num_read_regs: 2
num_dest_regs: 1
src0: 255
src1: 255
dst0: 1
is_fp: 0
cf_type: NOT_CF
is_load: 0
inst_size: 16
inst_addr: 7f4eecacbf00
active_mask: ffffffff
br_taken_mask: 0
br_target_addr: 7f4eecacbf10
reconv_inst_addr/mem_addr: 0
mem_addr/reconv_inst_addr: 0
mem_access_size/barrier_id: 4
num_barrier_threads: 0
addr_space/fence_level: GPU_ADDR_SP_INVALID
barrier_id/mem_access_size: 4
fence_level/addr_space: GPU_FENCE_INVALID
*** end of the data structure *** 

*** begin of the data structure *** 
core_id:46 thread_id:12
opcode: NVBIT_IMAD
num_read_regs: 2
num_dest_regs: 1
src0: 255
src1: 255
dst0: 1
is_fp: 0
cf_type: NOT_CF
is_load: 0
inst_size: 16
inst_addr: 7f4eecacbf00
active_mask: ffffffff
br_taken_mask: 0
br_target_addr: 7f4eecacbf10
reconv_inst_addr/mem_addr: 0
mem_addr/reconv_inst_addr: 0
mem_access_size/barrier_id: 4
num_barrier_threads: 0
addr_space/fence_level: GPU_ADDR_SP_INVALID
barrier_id/mem_access_size: 4
fence_level/addr_space: GPU_FENCE_INVALID
*** end of the data structure *** 

*** begin of the data structure *** 
core_id:46 thread_id:13
opcode: NVBIT_IMAD
num_read_regs: 2
num_dest_regs: 1
src0: 255
src1: 255
dst0: 1
is_fp: 0
cf_type: NOT_CF
is_load: 0
inst_size: 16
inst_addr: 7f4eecacbf00
active_mask: ffffffff
br_taken_mask: 0
br_target_addr: 7f4eecacbf10
reconv_inst_addr/mem_addr: 0
mem_addr/reconv_inst_addr: 0
mem_access_size/barrier_id: 4
num_barrier_threads: 0
addr_space/fence_level: GPU_ADDR_SP_INVALID
barrier_id/mem_access_size: 4
fence_level/addr_space: GPU_FENCE_INVALID
*** end of the data structure *** 

*** begin of the data structure *** 
core_id:46 thread_id:14
opcode: NVBIT_IMAD
num_read_regs: 2
num_dest_regs: 1
src0: 255
src1: 255
dst0: 1
is_fp: 0
cf_type: NOT_CF
is_load: 0
inst_size: 16
inst_addr: 7f4eecacbf00
active_mask: ffffffff
br_taken_mask: 0
br_target_addr: 7f4eecacbf10
reconv_inst_addr/mem_addr: 0
mem_addr/reconv_inst_addr: 0
mem_access_size/barrier_id: 4
num_barrier_threads: 0
addr_space/fence_level: GPU_ADDR_SP_INVALID
barrier_id/mem_access_size: 4
fence_level/addr_space: GPU_FENCE_INVALID
*** end of the data structure *** 

*** begin of the data structure *** 
core_id:46 thread_id:15
opcode: NVBIT_IMAD
num_read_regs: 2
num_dest_regs: 1
src0: 255
src1: 255
dst0: 1
is_fp: 0
cf_type: NOT_CF
is_load: 0
inst_size: 16
inst_addr: 7f4eecacbf00
active_mask: ffffffff
br_taken_mask: 0
br_target_addr: 7f4eecacbf10
reconv_inst_addr/mem_addr: 0
mem_addr/reconv_inst_addr: 0
mem_access_size/barrier_id: 4
num_barrier_threads: 0
addr_space/fence_level: GPU_ADDR_SP_INVALID
barrier_id/mem_access_size: 4
fence_level/addr_space: GPU_FENCE_INVALID
*** end of the data structure *** 

*** begin of the data structure *** 
core_id:47 thread_id:12
opcode: NVBIT_IMAD
num_read_regs: 2
num_dest_regs: 1
src0: 255
src1: 255
dst0: 1
is_fp: 0
cf_type: NOT_CF
is_load: 0
inst_size: 16
inst_addr: 7f4eecacbf00
active_mask: ffffffff
br_taken_mask: 0
br_target_addr: 7f4eecacbf10
reconv_inst_addr/mem_addr: 0
mem_addr/reconv_inst_addr: 0
mem_access_size/barrier_id: 4
num_barrier_threads: 0
addr_space/fence_level: GPU_ADDR_SP_INVALID
barrier_id/mem_access_size: 4
fence_level/addr_space: GPU_FENCE_INVALID
*** end of the data structure *** 

*** begin of the data structure *** 
core_id:47 thread_id:13
opcode: NVBIT_IMAD
num_read_regs: 2
num_dest_regs: 1
src0: 255
src1: 255
dst0: 1
is_fp: 0
cf_type: NOT_CF
is_load: 0
inst_size: 16
inst_addr: 7f4eecacbf00
active_mask: ffffffff
br_taken_mask: 0
br_target_addr: 7f4eecacbf10
reconv_inst_addr/mem_addr: 0
mem_addr/reconv_inst_addr: 0
mem_access_size/barrier_id: 4
num_barrier_threads: 0
addr_space/fence_level: GPU_ADDR_SP_INVALID
barrier_id/mem_access_size: 4
fence_level/addr_space: GPU_FENCE_INVALID
*** end of the data structure *** 

*** begin of the data structure *** 
core_id:47 thread_id:14
opcode: NVBIT_IMAD
num_read_regs: 2
num_dest_regs: 1
src0: 255
src1: 255
dst0: 1
is_fp: 0
cf_type: NOT_CF
is_load: 0
inst_size: 16
inst_addr: 7f4eecacbf00
active_mask: ffffffff
br_taken_mask: 0
br_target_addr: 7f4eecacbf10
reconv_inst_addr/mem_addr: 0
mem_addr/reconv_inst_addr: 0
mem_access_size/barrier_id: 4
num_barrier_threads: 0
addr_space/fence_level: GPU_ADDR_SP_INVALID
barrier_id/mem_access_size: 4
fence_level/addr_space: GPU_FENCE_INVALID
*** end of the data structure *** 

*** begin of the data structure *** 
core_id:47 thread_id:15
opcode: NVBIT_IMAD
num_read_regs: 2
num_dest_regs: 1
src0: 255
src1: 255
dst0: 1
is_fp: 0
cf_type: NOT_CF
is_load: 0
inst_size: 16
inst_addr: 7f4eecacbf00
active_mask: ffffffff
br_taken_mask: 0
br_target_addr: 7f4eecacbf10
reconv_inst_addr/mem_addr: 0
mem_addr/reconv_inst_addr: 0
mem_access_size/barrier_id: 4
num_barrier_threads: 0
addr_space/fence_level: GPU_ADDR_SP_INVALID
barrier_id/mem_access_size: 4
fence_level/addr_space: GPU_FENCE_INVALID
*** end of the data structure *** 

*** begin of the data structure *** 
core_id:48 thread_id:12
opcode: NVBIT_IMAD
num_read_regs: 2
num_dest_regs: 1
src0: 255
src1: 255
dst0: 1
is_fp: 0
cf_type: NOT_CF
is_load: 0
inst_size: 16
inst_addr: 7f4eecacbf00
active_mask: ffffffff
br_taken_mask: 0
br_target_addr: 7f4eecacbf10
reconv_inst_addr/mem_addr: 0
mem_addr/reconv_inst_addr: 0
mem_access_size/barrier_id: 4
num_barrier_threads: 0
addr_space/fence_level: GPU_ADDR_SP_INVALID
barrier_id/mem_access_size: 4
fence_level/addr_space: GPU_FENCE_INVALID
*** end of the data structure *** 

*** begin of the data structure *** 
core_id:48 thread_id:13
opcode: NVBIT_IMAD
num_read_regs: 2
num_dest_regs: 1
src0: 255
src1: 255
dst0: 1
is_fp: 0
cf_type: NOT_CF
is_load: 0
inst_size: 16
inst_addr: 7f4eecacbf00
active_mask: ffffffff
br_taken_mask: 0
br_target_addr: 7f4eecacbf10
reconv_inst_addr/mem_addr: 0
mem_addr/reconv_inst_addr: 0
mem_access_size/barrier_id: 4
num_barrier_threads: 0
addr_space/fence_level: GPU_ADDR_SP_INVALID
barrier_id/mem_access_size: 4
fence_level/addr_space: GPU_FENCE_INVALID
*** end of the data structure *** 

*** begin of the data structure *** 
core_id:48 thread_id:14
opcode: NVBIT_IMAD
num_read_regs: 2
num_dest_regs: 1
src0: 255
src1: 255
dst0: 1
is_fp: 0
cf_type: NOT_CF
is_load: 0
inst_size: 16
inst_addr: 7f4eecacbf00
active_mask: ffffffff
br_taken_mask: 0
br_target_addr: 7f4eecacbf10
reconv_inst_addr/mem_addr: 0
mem_addr/reconv_inst_addr: 0
mem_access_size/barrier_id: 4
num_barrier_threads: 0
addr_space/fence_level: GPU_ADDR_SP_INVALID
barrier_id/mem_access_size: 4
fence_level/addr_space: GPU_FENCE_INVALID
*** end of the data structure *** 

*** begin of the data structure *** 
core_id:48 thread_id:15
opcode: NVBIT_IMAD
num_read_regs: 2
num_dest_regs: 1
src0: 255
src1: 255
dst0: 1
is_fp: 0
cf_type: NOT_CF
is_load: 0
inst_size: 16
inst_addr: 7f4eecacbf00
active_mask: ffffffff
br_taken_mask: 0
br_target_addr: 7f4eecacbf10
reconv_inst_addr/mem_addr: 0
mem_addr/reconv_inst_addr: 0
mem_access_size/barrier_id: 4
num_barrier_threads: 0
addr_space/fence_level: GPU_ADDR_SP_INVALID
barrier_id/mem_access_size: 4
fence_level/addr_space: GPU_FENCE_INVALID
*** end of the data structure *** 

*** begin of the data structure *** 
core_id:49 thread_id:12
opcode: NVBIT_IMAD
num_read_regs: 2
num_dest_regs: 1
src0: 255
src1: 255
dst0: 1
is_fp: 0
cf_type: NOT_CF
is_load: 0
inst_size: 16
inst_addr: 7f4eecacbf00
active_mask: ffffffff
br_taken_mask: 0
br_target_addr: 7f4eecacbf10
reconv_inst_addr/mem_addr: 0
mem_addr/reconv_inst_addr: 0
mem_access_size/barrier_id: 4
num_barrier_threads: 0
addr_space/fence_level: GPU_ADDR_SP_INVALID
barrier_id/mem_access_size: 4
fence_level/addr_space: GPU_FENCE_INVALID
*** end of the data structure *** 

*** begin of the data structure *** 
core_id:49 thread_id:13
opcode: NVBIT_IMAD
num_read_regs: 2
num_dest_regs: 1
src0: 255
src1: 255
dst0: 1
is_fp: 0
cf_type: NOT_CF
is_load: 0
inst_size: 16
inst_addr: 7f4eecacbf00
active_mask: ffffffff
br_taken_mask: 0
br_target_addr: 7f4eecacbf10
reconv_inst_addr/mem_addr: 0
mem_addr/reconv_inst_addr: 0
mem_access_size/barrier_id: 4
num_barrier_threads: 0
addr_space/fence_level: GPU_ADDR_SP_INVALID
barrier_id/mem_access_size: 4
fence_level/addr_space: GPU_FENCE_INVALID
*** end of the data structure *** 

*** begin of the data structure *** 
core_id:49 thread_id:14
opcode: NVBIT_IMAD
num_read_regs: 2
num_dest_regs: 1
src0: 255
src1: 255
dst0: 1
is_fp: 0
cf_type: NOT_CF
is_load: 0
inst_size: 16
inst_addr: 7f4eecacbf00
active_mask: ffffffff
br_taken_mask: 0
br_target_addr: 7f4eecacbf10
reconv_inst_addr/mem_addr: 0
mem_addr/reconv_inst_addr: 0
mem_access_size/barrier_id: 4
num_barrier_threads: 0
addr_space/fence_level: GPU_ADDR_SP_INVALID
barrier_id/mem_access_size: 4
fence_level/addr_space: GPU_FENCE_INVALID
*** end of the data structure *** 

*** begin of the data structure *** 
core_id:49 thread_id:15
opcode: NVBIT_IMAD
num_read_regs: 2
num_dest_regs: 1
src0: 255
src1: 255
dst0: 1
is_fp: 0
cf_type: NOT_CF
is_load: 0
inst_size: 16
inst_addr: 7f4eecacbf00
active_mask: ffffffff
br_taken_mask: 0
br_target_addr: 7f4eecacbf10
reconv_inst_addr/mem_addr: 0
mem_addr/reconv_inst_addr: 0
mem_access_size/barrier_id: 4
num_barrier_threads: 0
addr_space/fence_level: GPU_ADDR_SP_INVALID
barrier_id/mem_access_size: 4
fence_level/addr_space: GPU_FENCE_INVALID
*** end of the data structure *** 

*** begin of the data structure *** 
core_id:50 thread_id:12
opcode: NVBIT_IMAD
num_read_regs: 2
num_dest_regs: 1
src0: 255
src1: 255
dst0: 1
is_fp: 0
cf_type: NOT_CF
is_load: 0
inst_size: 16
inst_addr: 7f4eecacbf00
active_mask: ffffffff
br_taken_mask: 0
br_target_addr: 7f4eecacbf10
reconv_inst_addr/mem_addr: 0
mem_addr/reconv_inst_addr: 0
mem_access_size/barrier_id: 4
num_barrier_threads: 0
addr_space/fence_level: GPU_ADDR_SP_INVALID
barrier_id/mem_access_size: 4
fence_level/addr_space: GPU_FENCE_INVALID
*** end of the data structure *** 

*** begin of the data structure *** 
core_id:50 thread_id:13
opcode: NVBIT_IMAD
num_read_regs: 2
num_dest_regs: 1
src0: 255
src1: 255
dst0: 1
is_fp: 0
cf_type: NOT_CF
is_load: 0
inst_size: 16
inst_addr: 7f4eecacbf00
active_mask: ffffffff
br_taken_mask: 0
br_target_addr: 7f4eecacbf10
reconv_inst_addr/mem_addr: 0
mem_addr/reconv_inst_addr: 0
mem_access_size/barrier_id: 4
num_barrier_threads: 0
addr_space/fence_level: GPU_ADDR_SP_INVALID
barrier_id/mem_access_size: 4
fence_level/addr_space: GPU_FENCE_INVALID
*** end of the data structure *** 

*** begin of the data structure *** 
core_id:50 thread_id:14
opcode: NVBIT_IMAD
num_read_regs: 2
num_dest_regs: 1
src0: 255
src1: 255
dst0: 1
is_fp: 0
cf_type: NOT_CF
is_load: 0
inst_size: 16
inst_addr: 7f4eecacbf00
active_mask: ffffffff
br_taken_mask: 0
br_target_addr: 7f4eecacbf10
reconv_inst_addr/mem_addr: 0
mem_addr/reconv_inst_addr: 0
mem_access_size/barrier_id: 4
num_barrier_threads: 0
addr_space/fence_level: GPU_ADDR_SP_INVALID
barrier_id/mem_access_size: 4
fence_level/addr_space: GPU_FENCE_INVALID
*** end of the data structure *** 

*** begin of the data structure *** 
core_id:50 thread_id:15
opcode: NVBIT_IMAD
num_read_regs: 2
num_dest_regs: 1
src0: 255
src1: 255
dst0: 1
is_fp: 0
cf_type: NOT_CF
is_load: 0
inst_size: 16
inst_addr: 7f4eecacbf00
active_mask: ffffffff
br_taken_mask: 0
br_target_addr: 7f4eecacbf10
reconv_inst_addr/mem_addr: 0
mem_addr/reconv_inst_addr: 0
mem_access_size/barrier_id: 4
num_barrier_threads: 0
addr_space/fence_level: GPU_ADDR_SP_INVALID
barrier_id/mem_access_size: 4
fence_level/addr_space: GPU_FENCE_INVALID
*** end of the data structure *** 

*** begin of the data structure *** 
core_id:51 thread_id:12
opcode: NVBIT_IMAD
num_read_regs: 2
num_dest_regs: 1
src0: 255
src1: 255
dst0: 1
is_fp: 0
cf_type: NOT_CF
is_load: 0
inst_size: 16
inst_addr: 7f4eecacbf00
active_mask: ffffffff
br_taken_mask: 0
br_target_addr: 7f4eecacbf10
reconv_inst_addr/mem_addr: 0
mem_addr/reconv_inst_addr: 0
mem_access_size/barrier_id: 4
num_barrier_threads: 0
addr_space/fence_level: GPU_ADDR_SP_INVALID
barrier_id/mem_access_size: 4
fence_level/addr_space: GPU_FENCE_INVALID
*** end of the data structure *** 

*** begin of the data structure *** 
core_id:51 thread_id:13
opcode: NVBIT_IMAD
num_read_regs: 2
num_dest_regs: 1
src0: 255
src1: 255
dst0: 1
is_fp: 0
cf_type: NOT_CF
is_load: 0
inst_size: 16
inst_addr: 7f4eecacbf00
active_mask: ffffffff
br_taken_mask: 0
br_target_addr: 7f4eecacbf10
reconv_inst_addr/mem_addr: 0
mem_addr/reconv_inst_addr: 0
mem_access_size/barrier_id: 4
num_barrier_threads: 0
addr_space/fence_level: GPU_ADDR_SP_INVALID
barrier_id/mem_access_size: 4
fence_level/addr_space: GPU_FENCE_INVALID
*** end of the data structure *** 

*** begin of the data structure *** 
core_id:51 thread_id:14
opcode: NVBIT_IMAD
num_read_regs: 2
num_dest_regs: 1
src0: 255
src1: 255
dst0: 1
is_fp: 0
cf_type: NOT_CF
is_load: 0
inst_size: 16
inst_addr: 7f4eecacbf00
active_mask: ffffffff
br_taken_mask: 0
br_target_addr: 7f4eecacbf10
reconv_inst_addr/mem_addr: 0
mem_addr/reconv_inst_addr: 0
mem_access_size/barrier_id: 4
num_barrier_threads: 0
addr_space/fence_level: GPU_ADDR_SP_INVALID
barrier_id/mem_access_size: 4
fence_level/addr_space: GPU_FENCE_INVALID
*** end of the data structure *** 

*** begin of the data structure *** 
core_id:51 thread_id:15
opcode: NVBIT_IMAD
num_read_regs: 2
num_dest_regs: 1
src0: 255
src1: 255
dst0: 1
is_fp: 0
cf_type: NOT_CF
is_load: 0
inst_size: 16
inst_addr: 7f4eecacbf00
active_mask: ffffffff
br_taken_mask: 0
br_target_addr: 7f4eecacbf10
reconv_inst_addr/mem_addr: 0
mem_addr/reconv_inst_addr: 0
mem_access_size/barrier_id: 4
num_barrier_threads: 0
addr_space/fence_level: GPU_ADDR_SP_INVALID
barrier_id/mem_access_size: 4
fence_level/addr_space: GPU_FENCE_INVALID
*** end of the data structure *** 

*** begin of the data structure *** 
core_id:52 thread_id:12
opcode: NVBIT_IMAD
num_read_regs: 2
num_dest_regs: 1
src0: 255
src1: 255
dst0: 1
is_fp: 0
cf_type: NOT_CF
is_load: 0
inst_size: 16
inst_addr: 7f4eecacbf00
active_mask: ffffffff
br_taken_mask: 0
br_target_addr: 7f4eecacbf10
reconv_inst_addr/mem_addr: 0
mem_addr/reconv_inst_addr: 0
mem_access_size/barrier_id: 4
num_barrier_threads: 0
addr_space/fence_level: GPU_ADDR_SP_INVALID
barrier_id/mem_access_size: 4
fence_level/addr_space: GPU_FENCE_INVALID
*** end of the data structure *** 

*** begin of the data structure *** 
core_id:52 thread_id:13
opcode: NVBIT_IMAD
num_read_regs: 2
num_dest_regs: 1
src0: 255
src1: 255
dst0: 1
is_fp: 0
cf_type: NOT_CF
is_load: 0
inst_size: 16
inst_addr: 7f4eecacbf00
active_mask: ffffffff
br_taken_mask: 0
br_target_addr: 7f4eecacbf10
reconv_inst_addr/mem_addr: 0
mem_addr/reconv_inst_addr: 0
mem_access_size/barrier_id: 4
num_barrier_threads: 0
addr_space/fence_level: GPU_ADDR_SP_INVALID
barrier_id/mem_access_size: 4
fence_level/addr_space: GPU_FENCE_INVALID
*** end of the data structure *** 

*** begin of the data structure *** 
core_id:52 thread_id:14
opcode: NVBIT_IMAD
num_read_regs: 2
num_dest_regs: 1
src0: 255
src1: 255
dst0: 1
is_fp: 0
cf_type: NOT_CF
is_load: 0
inst_size: 16
inst_addr: 7f4eecacbf00
active_mask: ffffffff
br_taken_mask: 0
br_target_addr: 7f4eecacbf10
reconv_inst_addr/mem_addr: 0
mem_addr/reconv_inst_addr: 0
mem_access_size/barrier_id: 4
num_barrier_threads: 0
addr_space/fence_level: GPU_ADDR_SP_INVALID
barrier_id/mem_access_size: 4
fence_level/addr_space: GPU_FENCE_INVALID
*** end of the data structure *** 

*** begin of the data structure *** 
core_id:52 thread_id:15
opcode: NVBIT_IMAD
num_read_regs: 2
num_dest_regs: 1
src0: 255
src1: 255
dst0: 1
is_fp: 0
cf_type: NOT_CF
is_load: 0
inst_size: 16
inst_addr: 7f4eecacbf00
active_mask: ffffffff
br_taken_mask: 0
br_target_addr: 7f4eecacbf10
reconv_inst_addr/mem_addr: 0
mem_addr/reconv_inst_addr: 0
mem_access_size/barrier_id: 4
num_barrier_threads: 0
addr_space/fence_level: GPU_ADDR_SP_INVALID
barrier_id/mem_access_size: 4
fence_level/addr_space: GPU_FENCE_INVALID
*** end of the data structure *** 

*** begin of the data structure *** 
core_id:53 thread_id:12
opcode: NVBIT_IMAD
num_read_regs: 2
num_dest_regs: 1
src0: 255
src1: 255
dst0: 1
is_fp: 0
cf_type: NOT_CF
is_load: 0
inst_size: 16
inst_addr: 7f4eecacbf00
active_mask: ffffffff
br_taken_mask: 0
br_target_addr: 7f4eecacbf10
reconv_inst_addr/mem_addr: 0
mem_addr/reconv_inst_addr: 0
mem_access_size/barrier_id: 4
num_barrier_threads: 0
addr_space/fence_level: GPU_ADDR_SP_INVALID
barrier_id/mem_access_size: 4
fence_level/addr_space: GPU_FENCE_INVALID
*** end of the data structure *** 

*** begin of the data structure *** 
core_id:53 thread_id:13
opcode: NVBIT_IMAD
num_read_regs: 2
num_dest_regs: 1
src0: 255
src1: 255
dst0: 1
is_fp: 0
cf_type: NOT_CF
is_load: 0
inst_size: 16
inst_addr: 7f4eecacbf00
active_mask: ffffffff
br_taken_mask: 0
br_target_addr: 7f4eecacbf10
reconv_inst_addr/mem_addr: 0
mem_addr/reconv_inst_addr: 0
mem_access_size/barrier_id: 4
num_barrier_threads: 0
addr_space/fence_level: GPU_ADDR_SP_INVALID
barrier_id/mem_access_size: 4
fence_level/addr_space: GPU_FENCE_INVALID
*** end of the data structure *** 

*** begin of the data structure *** 
core_id:53 thread_id:14
opcode: NVBIT_IMAD
num_read_regs: 2
num_dest_regs: 1
src0: 255
src1: 255
dst0: 1
is_fp: 0
cf_type: NOT_CF
is_load: 0
inst_size: 16
inst_addr: 7f4eecacbf00
active_mask: ffffffff
br_taken_mask: 0
br_target_addr: 7f4eecacbf10
reconv_inst_addr/mem_addr: 0
mem_addr/reconv_inst_addr: 0
mem_access_size/barrier_id: 4
num_barrier_threads: 0
addr_space/fence_level: GPU_ADDR_SP_INVALID
barrier_id/mem_access_size: 4
fence_level/addr_space: GPU_FENCE_INVALID
*** end of the data structure *** 

*** begin of the data structure *** 
core_id:53 thread_id:15
opcode: NVBIT_IMAD
num_read_regs: 2
num_dest_regs: 1
src0: 255
src1: 255
dst0: 1
is_fp: 0
cf_type: NOT_CF
is_load: 0
inst_size: 16
inst_addr: 7f4eecacbf00
active_mask: ffffffff
br_taken_mask: 0
br_target_addr: 7f4eecacbf10
reconv_inst_addr/mem_addr: 0
mem_addr/reconv_inst_addr: 0
mem_access_size/barrier_id: 4
num_barrier_threads: 0
addr_space/fence_level: GPU_ADDR_SP_INVALID
barrier_id/mem_access_size: 4
fence_level/addr_space: GPU_FENCE_INVALID
*** end of the data structure *** 

*** begin of the data structure *** 
core_id:54 thread_id:12
opcode: NVBIT_IMAD
num_read_regs: 2
num_dest_regs: 1
src0: 255
src1: 255
dst0: 1
is_fp: 0
cf_type: NOT_CF
is_load: 0
inst_size: 16
inst_addr: 7f4eecacbf00
active_mask: ffffffff
br_taken_mask: 0
br_target_addr: 7f4eecacbf10
reconv_inst_addr/mem_addr: 0
mem_addr/reconv_inst_addr: 0
mem_access_size/barrier_id: 4
num_barrier_threads: 0
addr_space/fence_level: GPU_ADDR_SP_INVALID
barrier_id/mem_access_size: 4
fence_level/addr_space: GPU_FENCE_INVALID
*** end of the data structure *** 

*** begin of the data structure *** 
core_id:54 thread_id:13
opcode: NVBIT_IMAD
num_read_regs: 2
num_dest_regs: 1
src0: 255
src1: 255
dst0: 1
is_fp: 0
cf_type: NOT_CF
is_load: 0
inst_size: 16
inst_addr: 7f4eecacbf00
active_mask: ffffffff
br_taken_mask: 0
br_target_addr: 7f4eecacbf10
reconv_inst_addr/mem_addr: 0
mem_addr/reconv_inst_addr: 0
mem_access_size/barrier_id: 4
num_barrier_threads: 0
addr_space/fence_level: GPU_ADDR_SP_INVALID
barrier_id/mem_access_size: 4
fence_level/addr_space: GPU_FENCE_INVALID
*** end of the data structure *** 

*** begin of the data structure *** 
core_id:54 thread_id:14
opcode: NVBIT_IMAD
num_read_regs: 2
num_dest_regs: 1
src0: 255
src1: 255
dst0: 1
is_fp: 0
cf_type: NOT_CF
is_load: 0
inst_size: 16
inst_addr: 7f4eecacbf00
active_mask: ffffffff
br_taken_mask: 0
br_target_addr: 7f4eecacbf10
reconv_inst_addr/mem_addr: 0
mem_addr/reconv_inst_addr: 0
mem_access_size/barrier_id: 4
num_barrier_threads: 0
addr_space/fence_level: GPU_ADDR_SP_INVALID
barrier_id/mem_access_size: 4
fence_level/addr_space: GPU_FENCE_INVALID
*** end of the data structure *** 

*** begin of the data structure *** 
core_id:54 thread_id:15
opcode: NVBIT_IMAD
num_read_regs: 2
num_dest_regs: 1
src0: 255
src1: 255
dst0: 1
is_fp: 0
cf_type: NOT_CF
is_load: 0
inst_size: 16
inst_addr: 7f4eecacbf00
active_mask: ffffffff
br_taken_mask: 0
br_target_addr: 7f4eecacbf10
reconv_inst_addr/mem_addr: 0
mem_addr/reconv_inst_addr: 0
mem_access_size/barrier_id: 4
num_barrier_threads: 0
addr_space/fence_level: GPU_ADDR_SP_INVALID
barrier_id/mem_access_size: 4
fence_level/addr_space: GPU_FENCE_INVALID
*** end of the data structure *** 

*** begin of the data structure *** 
core_id:55 thread_id:12
opcode: NVBIT_IMAD
num_read_regs: 2
num_dest_regs: 1
src0: 255
src1: 255
dst0: 1
is_fp: 0
cf_type: NOT_CF
is_load: 0
inst_size: 16
inst_addr: 7f4eecacbf00
active_mask: ffffffff
br_taken_mask: 0
br_target_addr: 7f4eecacbf10
reconv_inst_addr/mem_addr: 0
mem_addr/reconv_inst_addr: 0
mem_access_size/barrier_id: 4
num_barrier_threads: 0
addr_space/fence_level: GPU_ADDR_SP_INVALID
barrier_id/mem_access_size: 4
fence_level/addr_space: GPU_FENCE_INVALID
*** end of the data structure *** 

*** begin of the data structure *** 
core_id:55 thread_id:13
opcode: NVBIT_IMAD
num_read_regs: 2
num_dest_regs: 1
src0: 255
src1: 255
dst0: 1
is_fp: 0
cf_type: NOT_CF
is_load: 0
inst_size: 16
inst_addr: 7f4eecacbf00
active_mask: ffffffff
br_taken_mask: 0
br_target_addr: 7f4eecacbf10
reconv_inst_addr/mem_addr: 0
mem_addr/reconv_inst_addr: 0
mem_access_size/barrier_id: 4
num_barrier_threads: 0
addr_space/fence_level: GPU_ADDR_SP_INVALID
barrier_id/mem_access_size: 4
fence_level/addr_space: GPU_FENCE_INVALID
*** end of the data structure *** 

*** begin of the data structure *** 
core_id:55 thread_id:14
opcode: NVBIT_IMAD
num_read_regs: 2
num_dest_regs: 1
src0: 255
src1: 255
dst0: 1
is_fp: 0
cf_type: NOT_CF
is_load: 0
inst_size: 16
inst_addr: 7f4eecacbf00
active_mask: ffffffff
br_taken_mask: 0
br_target_addr: 7f4eecacbf10
reconv_inst_addr/mem_addr: 0
mem_addr/reconv_inst_addr: 0
mem_access_size/barrier_id: 4
num_barrier_threads: 0
addr_space/fence_level: GPU_ADDR_SP_INVALID
barrier_id/mem_access_size: 4
fence_level/addr_space: GPU_FENCE_INVALID
*** end of the data structure *** 

*** begin of the data structure *** 
core_id:55 thread_id:15
opcode: NVBIT_IMAD
num_read_regs: 2
num_dest_regs: 1
src0: 255
src1: 255
dst0: 1
is_fp: 0
cf_type: NOT_CF
is_load: 0
inst_size: 16
inst_addr: 7f4eecacbf00
active_mask: ffffffff
br_taken_mask: 0
br_target_addr: 7f4eecacbf10
reconv_inst_addr/mem_addr: 0
mem_addr/reconv_inst_addr: 0
mem_access_size/barrier_id: 4
num_barrier_threads: 0
addr_space/fence_level: GPU_ADDR_SP_INVALID
barrier_id/mem_access_size: 4
fence_level/addr_space: GPU_FENCE_INVALID
*** end of the data structure *** 

*** begin of the data structure *** 
core_id:56 thread_id:12
opcode: NVBIT_IMAD
num_read_regs: 2
num_dest_regs: 1
src0: 255
src1: 255
dst0: 1
is_fp: 0
cf_type: NOT_CF
is_load: 0
inst_size: 16
inst_addr: 7f4eecacbf00
active_mask: ffffffff
br_taken_mask: 0
br_target_addr: 7f4eecacbf10
reconv_inst_addr/mem_addr: 0
mem_addr/reconv_inst_addr: 0
mem_access_size/barrier_id: 4
num_barrier_threads: 0
addr_space/fence_level: GPU_ADDR_SP_INVALID
barrier_id/mem_access_size: 4
fence_level/addr_space: GPU_FENCE_INVALID
*** end of the data structure *** 

*** begin of the data structure *** 
core_id:56 thread_id:13
opcode: NVBIT_IMAD
num_read_regs: 2
num_dest_regs: 1
src0: 255
src1: 255
dst0: 1
is_fp: 0
cf_type: NOT_CF
is_load: 0
inst_size: 16
inst_addr: 7f4eecacbf00
active_mask: ffffffff
br_taken_mask: 0
br_target_addr: 7f4eecacbf10
reconv_inst_addr/mem_addr: 0
mem_addr/reconv_inst_addr: 0
mem_access_size/barrier_id: 4
num_barrier_threads: 0
addr_space/fence_level: GPU_ADDR_SP_INVALID
barrier_id/mem_access_size: 4
fence_level/addr_space: GPU_FENCE_INVALID
*** end of the data structure *** 

*** begin of the data structure *** 
core_id:56 thread_id:14
opcode: NVBIT_IMAD
num_read_regs: 2
num_dest_regs: 1
src0: 255
src1: 255
dst0: 1
is_fp: 0
cf_type: NOT_CF
is_load: 0
inst_size: 16
inst_addr: 7f4eecacbf00
active_mask: ffffffff
br_taken_mask: 0
br_target_addr: 7f4eecacbf10
reconv_inst_addr/mem_addr: 0
mem_addr/reconv_inst_addr: 0
mem_access_size/barrier_id: 4
num_barrier_threads: 0
addr_space/fence_level: GPU_ADDR_SP_INVALID
barrier_id/mem_access_size: 4
fence_level/addr_space: GPU_FENCE_INVALID
*** end of the data structure *** 

*** begin of the data structure *** 
core_id:56 thread_id:15
opcode: NVBIT_IMAD
num_read_regs: 2
num_dest_regs: 1
src0: 255
src1: 255
dst0: 1
is_fp: 0
cf_type: NOT_CF
is_load: 0
inst_size: 16
inst_addr: 7f4eecacbf00
active_mask: ffffffff
br_taken_mask: 0
br_target_addr: 7f4eecacbf10
reconv_inst_addr/mem_addr: 0
mem_addr/reconv_inst_addr: 0
mem_access_size/barrier_id: 4
num_barrier_threads: 0
addr_space/fence_level: GPU_ADDR_SP_INVALID
barrier_id/mem_access_size: 4
fence_level/addr_space: GPU_FENCE_INVALID
*** end of the data structure *** 

*** begin of the data structure *** 
core_id:57 thread_id:12
opcode: NVBIT_IMAD
num_read_regs: 2
num_dest_regs: 1
src0: 255
src1: 255
dst0: 1
is_fp: 0
cf_type: NOT_CF
is_load: 0
inst_size: 16
inst_addr: 7f4eecacbf00
active_mask: ffffffff
br_taken_mask: 0
br_target_addr: 7f4eecacbf10
reconv_inst_addr/mem_addr: 0
mem_addr/reconv_inst_addr: 0
mem_access_size/barrier_id: 4
num_barrier_threads: 0
addr_space/fence_level: GPU_ADDR_SP_INVALID
barrier_id/mem_access_size: 4
fence_level/addr_space: GPU_FENCE_INVALID
*** end of the data structure *** 

*** begin of the data structure *** 
core_id:57 thread_id:13
opcode: NVBIT_IMAD
num_read_regs: 2
num_dest_regs: 1
src0: 255
src1: 255
dst0: 1
is_fp: 0
cf_type: NOT_CF
is_load: 0
inst_size: 16
inst_addr: 7f4eecacbf00
active_mask: ffffffff
br_taken_mask: 0
br_target_addr: 7f4eecacbf10
reconv_inst_addr/mem_addr: 0
mem_addr/reconv_inst_addr: 0
mem_access_size/barrier_id: 4
num_barrier_threads: 0
addr_space/fence_level: GPU_ADDR_SP_INVALID
barrier_id/mem_access_size: 4
fence_level/addr_space: GPU_FENCE_INVALID
*** end of the data structure *** 

*** begin of the data structure *** 
core_id:57 thread_id:14
opcode: NVBIT_IMAD
num_read_regs: 2
num_dest_regs: 1
src0: 255
src1: 255
dst0: 1
is_fp: 0
cf_type: NOT_CF
is_load: 0
inst_size: 16
inst_addr: 7f4eecacbf00
active_mask: ffffffff
br_taken_mask: 0
br_target_addr: 7f4eecacbf10
reconv_inst_addr/mem_addr: 0
mem_addr/reconv_inst_addr: 0
mem_access_size/barrier_id: 4
num_barrier_threads: 0
addr_space/fence_level: GPU_ADDR_SP_INVALID
barrier_id/mem_access_size: 4
fence_level/addr_space: GPU_FENCE_INVALID
*** end of the data structure *** 

*** begin of the data structure *** 
core_id:57 thread_id:15
opcode: NVBIT_IMAD
num_read_regs: 2
num_dest_regs: 1
src0: 255
src1: 255
dst0: 1
is_fp: 0
cf_type: NOT_CF
is_load: 0
inst_size: 16
inst_addr: 7f4eecacbf00
active_mask: ffffffff
br_taken_mask: 0
br_target_addr: 7f4eecacbf10
reconv_inst_addr/mem_addr: 0
mem_addr/reconv_inst_addr: 0
mem_access_size/barrier_id: 4
num_barrier_threads: 0
addr_space/fence_level: GPU_ADDR_SP_INVALID
barrier_id/mem_access_size: 4
fence_level/addr_space: GPU_FENCE_INVALID
*** end of the data structure *** 

*** begin of the data structure *** 
core_id:58 thread_id:12
opcode: NVBIT_IMAD
num_read_regs: 2
num_dest_regs: 1
src0: 255
src1: 255
dst0: 1
is_fp: 0
cf_type: NOT_CF
is_load: 0
inst_size: 16
inst_addr: 7f4eecacbf00
active_mask: ffffffff
br_taken_mask: 0
br_target_addr: 7f4eecacbf10
reconv_inst_addr/mem_addr: 0
mem_addr/reconv_inst_addr: 0
mem_access_size/barrier_id: 4
num_barrier_threads: 0
addr_space/fence_level: GPU_ADDR_SP_INVALID
barrier_id/mem_access_size: 4
fence_level/addr_space: GPU_FENCE_INVALID
*** end of the data structure *** 

*** begin of the data structure *** 
core_id:58 thread_id:13
opcode: NVBIT_IMAD
num_read_regs: 2
num_dest_regs: 1
src0: 255
src1: 255
dst0: 1
is_fp: 0
cf_type: NOT_CF
is_load: 0
inst_size: 16
inst_addr: 7f4eecacbf00
active_mask: ffffffff
br_taken_mask: 0
br_target_addr: 7f4eecacbf10
reconv_inst_addr/mem_addr: 0
mem_addr/reconv_inst_addr: 0
mem_access_size/barrier_id: 4
num_barrier_threads: 0
addr_space/fence_level: GPU_ADDR_SP_INVALID
barrier_id/mem_access_size: 4
fence_level/addr_space: GPU_FENCE_INVALID
*** end of the data structure *** 

*** begin of the data structure *** 
core_id:58 thread_id:14
opcode: NVBIT_IMAD
num_read_regs: 2
num_dest_regs: 1
src0: 255
src1: 255
dst0: 1
is_fp: 0
cf_type: NOT_CF
is_load: 0
inst_size: 16
inst_addr: 7f4eecacbf00
active_mask: ffffffff
br_taken_mask: 0
br_target_addr: 7f4eecacbf10
reconv_inst_addr/mem_addr: 0
mem_addr/reconv_inst_addr: 0
mem_access_size/barrier_id: 4
num_barrier_threads: 0
addr_space/fence_level: GPU_ADDR_SP_INVALID
barrier_id/mem_access_size: 4
fence_level/addr_space: GPU_FENCE_INVALID
*** end of the data structure *** 

*** begin of the data structure *** 
core_id:58 thread_id:15
opcode: NVBIT_IMAD
num_read_regs: 2
num_dest_regs: 1
src0: 255
src1: 255
dst0: 1
is_fp: 0
cf_type: NOT_CF
is_load: 0
inst_size: 16
inst_addr: 7f4eecacbf00
active_mask: ffffffff
br_taken_mask: 0
br_target_addr: 7f4eecacbf10
reconv_inst_addr/mem_addr: 0
mem_addr/reconv_inst_addr: 0
mem_access_size/barrier_id: 4
num_barrier_threads: 0
addr_space/fence_level: GPU_ADDR_SP_INVALID
barrier_id/mem_access_size: 4
fence_level/addr_space: GPU_FENCE_INVALID
*** end of the data structure *** 

*** begin of the data structure *** 
core_id:59 thread_id:12
opcode: NVBIT_IMAD
num_read_regs: 2
num_dest_regs: 1
src0: 255
src1: 255
dst0: 1
is_fp: 0
cf_type: NOT_CF
is_load: 0
inst_size: 16
inst_addr: 7f4eecacbf00
active_mask: ffffffff
br_taken_mask: 0
br_target_addr: 7f4eecacbf10
reconv_inst_addr/mem_addr: 0
mem_addr/reconv_inst_addr: 0
mem_access_size/barrier_id: 4
num_barrier_threads: 0
addr_space/fence_level: GPU_ADDR_SP_INVALID
barrier_id/mem_access_size: 4
fence_level/addr_space: GPU_FENCE_INVALID
*** end of the data structure *** 

*** begin of the data structure *** 
core_id:59 thread_id:13
opcode: NVBIT_IMAD
num_read_regs: 2
num_dest_regs: 1
src0: 255
src1: 255
dst0: 1
is_fp: 0
cf_type: NOT_CF
is_load: 0
inst_size: 16
inst_addr: 7f4eecacbf00
active_mask: ffffffff
br_taken_mask: 0
br_target_addr: 7f4eecacbf10
reconv_inst_addr/mem_addr: 0
mem_addr/reconv_inst_addr: 0
mem_access_size/barrier_id: 4
num_barrier_threads: 0
addr_space/fence_level: GPU_ADDR_SP_INVALID
barrier_id/mem_access_size: 4
fence_level/addr_space: GPU_FENCE_INVALID
*** end of the data structure *** 

*** begin of the data structure *** 
core_id:59 thread_id:14
opcode: NVBIT_IMAD
num_read_regs: 2
num_dest_regs: 1
src0: 255
src1: 255
dst0: 1
is_fp: 0
cf_type: NOT_CF
is_load: 0
inst_size: 16
inst_addr: 7f4eecacbf00
active_mask: ffffffff
br_taken_mask: 0
br_target_addr: 7f4eecacbf10
reconv_inst_addr/mem_addr: 0
mem_addr/reconv_inst_addr: 0
mem_access_size/barrier_id: 4
num_barrier_threads: 0
addr_space/fence_level: GPU_ADDR_SP_INVALID
barrier_id/mem_access_size: 4
fence_level/addr_space: GPU_FENCE_INVALID
*** end of the data structure *** 

*** begin of the data structure *** 
core_id:59 thread_id:15
opcode: NVBIT_IMAD
num_read_regs: 2
num_dest_regs: 1
src0: 255
src1: 255
dst0: 1
is_fp: 0
cf_type: NOT_CF
is_load: 0
inst_size: 16
inst_addr: 7f4eecacbf00
active_mask: ffffffff
br_taken_mask: 0
br_target_addr: 7f4eecacbf10
reconv_inst_addr/mem_addr: 0
mem_addr/reconv_inst_addr: 0
mem_access_size/barrier_id: 4
num_barrier_threads: 0
addr_space/fence_level: GPU_ADDR_SP_INVALID
barrier_id/mem_access_size: 4
fence_level/addr_space: GPU_FENCE_INVALID
*** end of the data structure *** 

*** begin of the data structure *** 
core_id:60 thread_id:12
opcode: NVBIT_IMAD
num_read_regs: 2
num_dest_regs: 1
src0: 255
src1: 255
dst0: 1
is_fp: 0
cf_type: NOT_CF
is_load: 0
inst_size: 16
inst_addr: 7f4eecacbf00
active_mask: ffffffff
br_taken_mask: 0
br_target_addr: 7f4eecacbf10
reconv_inst_addr/mem_addr: 0
mem_addr/reconv_inst_addr: 0
mem_access_size/barrier_id: 4
num_barrier_threads: 0
addr_space/fence_level: GPU_ADDR_SP_INVALID
barrier_id/mem_access_size: 4
fence_level/addr_space: GPU_FENCE_INVALID
*** end of the data structure *** 

*** begin of the data structure *** 
core_id:60 thread_id:13
opcode: NVBIT_IMAD
num_read_regs: 2
num_dest_regs: 1
src0: 255
src1: 255
dst0: 1
is_fp: 0
cf_type: NOT_CF
is_load: 0
inst_size: 16
inst_addr: 7f4eecacbf00
active_mask: ffffffff
br_taken_mask: 0
br_target_addr: 7f4eecacbf10
reconv_inst_addr/mem_addr: 0
mem_addr/reconv_inst_addr: 0
mem_access_size/barrier_id: 4
num_barrier_threads: 0
addr_space/fence_level: GPU_ADDR_SP_INVALID
barrier_id/mem_access_size: 4
fence_level/addr_space: GPU_FENCE_INVALID
*** end of the data structure *** 

*** begin of the data structure *** 
core_id:60 thread_id:14
opcode: NVBIT_IMAD
num_read_regs: 2
num_dest_regs: 1
src0: 255
src1: 255
dst0: 1
is_fp: 0
cf_type: NOT_CF
is_load: 0
inst_size: 16
inst_addr: 7f4eecacbf00
active_mask: ffffffff
br_taken_mask: 0
br_target_addr: 7f4eecacbf10
reconv_inst_addr/mem_addr: 0
mem_addr/reconv_inst_addr: 0
mem_access_size/barrier_id: 4
num_barrier_threads: 0
addr_space/fence_level: GPU_ADDR_SP_INVALID
barrier_id/mem_access_size: 4
fence_level/addr_space: GPU_FENCE_INVALID
*** end of the data structure *** 

*** begin of the data structure *** 
core_id:60 thread_id:15
opcode: NVBIT_IMAD
num_read_regs: 2
num_dest_regs: 1
src0: 255
src1: 255
dst0: 1
is_fp: 0
cf_type: NOT_CF
is_load: 0
inst_size: 16
inst_addr: 7f4eecacbf00
active_mask: ffffffff
br_taken_mask: 0
br_target_addr: 7f4eecacbf10
reconv_inst_addr/mem_addr: 0
mem_addr/reconv_inst_addr: 0
mem_access_size/barrier_id: 4
num_barrier_threads: 0
addr_space/fence_level: GPU_ADDR_SP_INVALID
barrier_id/mem_access_size: 4
fence_level/addr_space: GPU_FENCE_INVALID
*** end of the data structure *** 

*** begin of the data structure *** 
core_id:61 thread_id:12
opcode: NVBIT_IMAD
num_read_regs: 2
num_dest_regs: 1
src0: 255
src1: 255
dst0: 1
is_fp: 0
cf_type: NOT_CF
is_load: 0
inst_size: 16
inst_addr: 7f4eecacbf00
active_mask: ffffffff
br_taken_mask: 0
br_target_addr: 7f4eecacbf10
reconv_inst_addr/mem_addr: 0
mem_addr/reconv_inst_addr: 0
mem_access_size/barrier_id: 4
num_barrier_threads: 0
addr_space/fence_level: GPU_ADDR_SP_INVALID
barrier_id/mem_access_size: 4
fence_level/addr_space: GPU_FENCE_INVALID
*** end of the data structure *** 

*** begin of the data structure *** 
core_id:61 thread_id:13
opcode: NVBIT_IMAD
num_read_regs: 2
num_dest_regs: 1
src0: 255
src1: 255
dst0: 1
is_fp: 0
cf_type: NOT_CF
is_load: 0
inst_size: 16
inst_addr: 7f4eecacbf00
active_mask: ffffffff
br_taken_mask: 0
br_target_addr: 7f4eecacbf10
reconv_inst_addr/mem_addr: 0
mem_addr/reconv_inst_addr: 0
mem_access_size/barrier_id: 4
num_barrier_threads: 0
addr_space/fence_level: GPU_ADDR_SP_INVALID
barrier_id/mem_access_size: 4
fence_level/addr_space: GPU_FENCE_INVALID
*** end of the data structure *** 

*** begin of the data structure *** 
core_id:61 thread_id:14
opcode: NVBIT_IMAD
num_read_regs: 2
num_dest_regs: 1
src0: 255
src1: 255
dst0: 1
is_fp: 0
cf_type: NOT_CF
is_load: 0
inst_size: 16
inst_addr: 7f4eecacbf00
active_mask: ffffffff
br_taken_mask: 0
br_target_addr: 7f4eecacbf10
reconv_inst_addr/mem_addr: 0
mem_addr/reconv_inst_addr: 0
mem_access_size/barrier_id: 4
num_barrier_threads: 0
addr_space/fence_level: GPU_ADDR_SP_INVALID
barrier_id/mem_access_size: 4
fence_level/addr_space: GPU_FENCE_INVALID
*** end of the data structure *** 

*** begin of the data structure *** 
core_id:61 thread_id:15
opcode: NVBIT_IMAD
num_read_regs: 2
num_dest_regs: 1
src0: 255
src1: 255
dst0: 1
is_fp: 0
cf_type: NOT_CF
is_load: 0
inst_size: 16
inst_addr: 7f4eecacbf00
active_mask: ffffffff
br_taken_mask: 0
br_target_addr: 7f4eecacbf10
reconv_inst_addr/mem_addr: 0
mem_addr/reconv_inst_addr: 0
mem_access_size/barrier_id: 4
num_barrier_threads: 0
addr_space/fence_level: GPU_ADDR_SP_INVALID
barrier_id/mem_access_size: 4
fence_level/addr_space: GPU_FENCE_INVALID
*** end of the data structure *** 

*** begin of the data structure *** 
core_id:62 thread_id:12
opcode: NVBIT_IMAD
num_read_regs: 2
num_dest_regs: 1
src0: 255
src1: 255
dst0: 1
is_fp: 0
cf_type: NOT_CF
is_load: 0
inst_size: 16
inst_addr: 7f4eecacbf00
active_mask: ffffffff
br_taken_mask: 0
br_target_addr: 7f4eecacbf10
reconv_inst_addr/mem_addr: 0
mem_addr/reconv_inst_addr: 0
mem_access_size/barrier_id: 4
num_barrier_threads: 0
addr_space/fence_level: GPU_ADDR_SP_INVALID
barrier_id/mem_access_size: 4
fence_level/addr_space: GPU_FENCE_INVALID
*** end of the data structure *** 

*** begin of the data structure *** 
core_id:62 thread_id:13
opcode: NVBIT_IMAD
num_read_regs: 2
num_dest_regs: 1
src0: 255
src1: 255
dst0: 1
is_fp: 0
cf_type: NOT_CF
is_load: 0
inst_size: 16
inst_addr: 7f4eecacbf00
active_mask: ffffffff
br_taken_mask: 0
br_target_addr: 7f4eecacbf10
reconv_inst_addr/mem_addr: 0
mem_addr/reconv_inst_addr: 0
mem_access_size/barrier_id: 4
num_barrier_threads: 0
addr_space/fence_level: GPU_ADDR_SP_INVALID
barrier_id/mem_access_size: 4
fence_level/addr_space: GPU_FENCE_INVALID
*** end of the data structure *** 

*** begin of the data structure *** 
core_id:62 thread_id:14
opcode: NVBIT_IMAD
num_read_regs: 2
num_dest_regs: 1
src0: 255
src1: 255
dst0: 1
is_fp: 0
cf_type: NOT_CF
is_load: 0
inst_size: 16
inst_addr: 7f4eecacbf00
active_mask: ffffffff
br_taken_mask: 0
br_target_addr: 7f4eecacbf10
reconv_inst_addr/mem_addr: 0
mem_addr/reconv_inst_addr: 0
mem_access_size/barrier_id: 4
num_barrier_threads: 0
addr_space/fence_level: GPU_ADDR_SP_INVALID
barrier_id/mem_access_size: 4
fence_level/addr_space: GPU_FENCE_INVALID
*** end of the data structure *** 

*** begin of the data structure *** 
core_id:62 thread_id:15
opcode: NVBIT_IMAD
num_read_regs: 2
num_dest_regs: 1
src0: 255
src1: 255
dst0: 1
is_fp: 0
cf_type: NOT_CF
is_load: 0
inst_size: 16
inst_addr: 7f4eecacbf00
active_mask: ffffffff
br_taken_mask: 0
br_target_addr: 7f4eecacbf10
reconv_inst_addr/mem_addr: 0
mem_addr/reconv_inst_addr: 0
mem_access_size/barrier_id: 4
num_barrier_threads: 0
addr_space/fence_level: GPU_ADDR_SP_INVALID
barrier_id/mem_access_size: 4
fence_level/addr_space: GPU_FENCE_INVALID
*** end of the data structure *** 

*** begin of the data structure *** 
core_id:63 thread_id:12
opcode: NVBIT_IMAD
num_read_regs: 2
num_dest_regs: 1
src0: 255
src1: 255
dst0: 1
is_fp: 0
cf_type: NOT_CF
is_load: 0
inst_size: 16
inst_addr: 7f4eecacbf00
active_mask: ffffffff
br_taken_mask: 0
br_target_addr: 7f4eecacbf10
reconv_inst_addr/mem_addr: 0
mem_addr/reconv_inst_addr: 0
mem_access_size/barrier_id: 4
num_barrier_threads: 0
addr_space/fence_level: GPU_ADDR_SP_INVALID
barrier_id/mem_access_size: 4
fence_level/addr_space: GPU_FENCE_INVALID
*** end of the data structure *** 

*** begin of the data structure *** 
core_id:63 thread_id:13
opcode: NVBIT_IMAD
num_read_regs: 2
num_dest_regs: 1
src0: 255
src1: 255
dst0: 1
is_fp: 0
cf_type: NOT_CF
is_load: 0
inst_size: 16
inst_addr: 7f4eecacbf00
active_mask: ffffffff
br_taken_mask: 0
br_target_addr: 7f4eecacbf10
reconv_inst_addr/mem_addr: 0
mem_addr/reconv_inst_addr: 0
mem_access_size/barrier_id: 4
num_barrier_threads: 0
addr_space/fence_level: GPU_ADDR_SP_INVALID
barrier_id/mem_access_size: 4
fence_level/addr_space: GPU_FENCE_INVALID
*** end of the data structure *** 

*** begin of the data structure *** 
core_id:63 thread_id:14
opcode: NVBIT_IMAD
num_read_regs: 2
num_dest_regs: 1
src0: 255
src1: 255
dst0: 1
is_fp: 0
cf_type: NOT_CF
is_load: 0
inst_size: 16
inst_addr: 7f4eecacbf00
active_mask: ffffffff
br_taken_mask: 0
br_target_addr: 7f4eecacbf10
reconv_inst_addr/mem_addr: 0
mem_addr/reconv_inst_addr: 0
mem_access_size/barrier_id: 4
num_barrier_threads: 0
addr_space/fence_level: GPU_ADDR_SP_INVALID
barrier_id/mem_access_size: 4
fence_level/addr_space: GPU_FENCE_INVALID
*** end of the data structure *** 

*** begin of the data structure *** 
core_id:63 thread_id:15
opcode: NVBIT_IMAD
num_read_regs: 2
num_dest_regs: 1
src0: 255
src1: 255
dst0: 1
is_fp: 0
cf_type: NOT_CF
is_load: 0
inst_size: 16
inst_addr: 7f4eecacbf00
active_mask: ffffffff
br_taken_mask: 0
br_target_addr: 7f4eecacbf10
reconv_inst_addr/mem_addr: 0
mem_addr/reconv_inst_addr: 0
mem_access_size/barrier_id: 4
num_barrier_threads: 0
addr_space/fence_level: GPU_ADDR_SP_INVALID
barrier_id/mem_access_size: 4
fence_level/addr_space: GPU_FENCE_INVALID
*** end of the data structure *** 

*** begin of the data structure *** 
core_id:64 thread_id:12
opcode: NVBIT_IMAD
num_read_regs: 2
num_dest_regs: 1
src0: 255
src1: 255
dst0: 1
is_fp: 0
cf_type: NOT_CF
is_load: 0
inst_size: 16
inst_addr: 7f4eecacbf00
active_mask: ffffffff
br_taken_mask: 0
br_target_addr: 7f4eecacbf10
reconv_inst_addr/mem_addr: 0
mem_addr/reconv_inst_addr: 0
mem_access_size/barrier_id: 4
num_barrier_threads: 0
addr_space/fence_level: GPU_ADDR_SP_INVALID
barrier_id/mem_access_size: 4
fence_level/addr_space: GPU_FENCE_INVALID
*** end of the data structure *** 

*** begin of the data structure *** 
core_id:64 thread_id:13
opcode: NVBIT_IMAD
num_read_regs: 2
num_dest_regs: 1
src0: 255
src1: 255
dst0: 1
is_fp: 0
cf_type: NOT_CF
is_load: 0
inst_size: 16
inst_addr: 7f4eecacbf00
active_mask: ffffffff
br_taken_mask: 0
br_target_addr: 7f4eecacbf10
reconv_inst_addr/mem_addr: 0
mem_addr/reconv_inst_addr: 0
mem_access_size/barrier_id: 4
num_barrier_threads: 0
addr_space/fence_level: GPU_ADDR_SP_INVALID
barrier_id/mem_access_size: 4
fence_level/addr_space: GPU_FENCE_INVALID
*** end of the data structure *** 

*** begin of the data structure *** 
core_id:64 thread_id:14
opcode: NVBIT_IMAD
num_read_regs: 2
num_dest_regs: 1
src0: 255
src1: 255
dst0: 1
is_fp: 0
cf_type: NOT_CF
is_load: 0
inst_size: 16
inst_addr: 7f4eecacbf00
active_mask: ffffffff
br_taken_mask: 0
br_target_addr: 7f4eecacbf10
reconv_inst_addr/mem_addr: 0
mem_addr/reconv_inst_addr: 0
mem_access_size/barrier_id: 4
num_barrier_threads: 0
addr_space/fence_level: GPU_ADDR_SP_INVALID
barrier_id/mem_access_size: 4
fence_level/addr_space: GPU_FENCE_INVALID
*** end of the data structure *** 

*** begin of the data structure *** 
core_id:64 thread_id:15
opcode: NVBIT_IMAD
num_read_regs: 2
num_dest_regs: 1
src0: 255
src1: 255
dst0: 1
is_fp: 0
cf_type: NOT_CF
is_load: 0
inst_size: 16
inst_addr: 7f4eecacbf00
active_mask: ffffffff
br_taken_mask: 0
br_target_addr: 7f4eecacbf10
reconv_inst_addr/mem_addr: 0
mem_addr/reconv_inst_addr: 0
mem_access_size/barrier_id: 4
num_barrier_threads: 0
addr_space/fence_level: GPU_ADDR_SP_INVALID
barrier_id/mem_access_size: 4
fence_level/addr_space: GPU_FENCE_INVALID
*** end of the data structure *** 

*** begin of the data structure *** 
core_id:65 thread_id:12
opcode: NVBIT_IMAD
num_read_regs: 2
num_dest_regs: 1
src0: 255
src1: 255
dst0: 1
is_fp: 0
cf_type: NOT_CF
is_load: 0
inst_size: 16
inst_addr: 7f4eecacbf00
active_mask: ffffffff
br_taken_mask: 0
br_target_addr: 7f4eecacbf10
reconv_inst_addr/mem_addr: 0
mem_addr/reconv_inst_addr: 0
mem_access_size/barrier_id: 4
num_barrier_threads: 0
addr_space/fence_level: GPU_ADDR_SP_INVALID
barrier_id/mem_access_size: 4
fence_level/addr_space: GPU_FENCE_INVALID
*** end of the data structure *** 

*** begin of the data structure *** 
core_id:65 thread_id:13
opcode: NVBIT_IMAD
num_read_regs: 2
num_dest_regs: 1
src0: 255
src1: 255
dst0: 1
is_fp: 0
cf_type: NOT_CF
is_load: 0
inst_size: 16
inst_addr: 7f4eecacbf00
active_mask: ffffffff
br_taken_mask: 0
br_target_addr: 7f4eecacbf10
reconv_inst_addr/mem_addr: 0
mem_addr/reconv_inst_addr: 0
mem_access_size/barrier_id: 4
num_barrier_threads: 0
addr_space/fence_level: GPU_ADDR_SP_INVALID
barrier_id/mem_access_size: 4
fence_level/addr_space: GPU_FENCE_INVALID
*** end of the data structure *** 

*** begin of the data structure *** 
core_id:65 thread_id:14
opcode: NVBIT_IMAD
num_read_regs: 2
num_dest_regs: 1
src0: 255
src1: 255
dst0: 1
is_fp: 0
cf_type: NOT_CF
is_load: 0
inst_size: 16
inst_addr: 7f4eecacbf00
active_mask: ffffffff
br_taken_mask: 0
br_target_addr: 7f4eecacbf10
reconv_inst_addr/mem_addr: 0
mem_addr/reconv_inst_addr: 0
mem_access_size/barrier_id: 4
num_barrier_threads: 0
addr_space/fence_level: GPU_ADDR_SP_INVALID
barrier_id/mem_access_size: 4
fence_level/addr_space: GPU_FENCE_INVALID
*** end of the data structure *** 

*** begin of the data structure *** 
core_id:65 thread_id:15
opcode: NVBIT_IMAD
num_read_regs: 2
num_dest_regs: 1
src0: 255
src1: 255
dst0: 1
is_fp: 0
cf_type: NOT_CF
is_load: 0
inst_size: 16
inst_addr: 7f4eecacbf00
active_mask: ffffffff
br_taken_mask: 0
br_target_addr: 7f4eecacbf10
reconv_inst_addr/mem_addr: 0
mem_addr/reconv_inst_addr: 0
mem_access_size/barrier_id: 4
num_barrier_threads: 0
addr_space/fence_level: GPU_ADDR_SP_INVALID
barrier_id/mem_access_size: 4
fence_level/addr_space: GPU_FENCE_INVALID
*** end of the data structure *** 

*** begin of the data structure *** 
core_id:66 thread_id:12
opcode: NVBIT_IMAD
num_read_regs: 2
num_dest_regs: 1
src0: 255
src1: 255
dst0: 1
is_fp: 0
cf_type: NOT_CF
is_load: 0
inst_size: 16
inst_addr: 7f4eecacbf00
active_mask: ffffffff
br_taken_mask: 0
br_target_addr: 7f4eecacbf10
reconv_inst_addr/mem_addr: 0
mem_addr/reconv_inst_addr: 0
mem_access_size/barrier_id: 4
num_barrier_threads: 0
addr_space/fence_level: GPU_ADDR_SP_INVALID
barrier_id/mem_access_size: 4
fence_level/addr_space: GPU_FENCE_INVALID
*** end of the data structure *** 

*** begin of the data structure *** 
core_id:66 thread_id:13
opcode: NVBIT_IMAD
num_read_regs: 2
num_dest_regs: 1
src0: 255
src1: 255
dst0: 1
is_fp: 0
cf_type: NOT_CF
is_load: 0
inst_size: 16
inst_addr: 7f4eecacbf00
active_mask: ffffffff
br_taken_mask: 0
br_target_addr: 7f4eecacbf10
reconv_inst_addr/mem_addr: 0
mem_addr/reconv_inst_addr: 0
mem_access_size/barrier_id: 4
num_barrier_threads: 0
addr_space/fence_level: GPU_ADDR_SP_INVALID
barrier_id/mem_access_size: 4
fence_level/addr_space: GPU_FENCE_INVALID
*** end of the data structure *** 

*** begin of the data structure *** 
core_id:66 thread_id:14
opcode: NVBIT_IMAD
num_read_regs: 2
num_dest_regs: 1
src0: 255
src1: 255
dst0: 1
is_fp: 0
cf_type: NOT_CF
is_load: 0
inst_size: 16
inst_addr: 7f4eecacbf00
active_mask: ffffffff
br_taken_mask: 0
br_target_addr: 7f4eecacbf10
reconv_inst_addr/mem_addr: 0
mem_addr/reconv_inst_addr: 0
mem_access_size/barrier_id: 4
num_barrier_threads: 0
addr_space/fence_level: GPU_ADDR_SP_INVALID
barrier_id/mem_access_size: 4
fence_level/addr_space: GPU_FENCE_INVALID
*** end of the data structure *** 

*** begin of the data structure *** 
core_id:66 thread_id:15
opcode: NVBIT_IMAD
num_read_regs: 2
num_dest_regs: 1
src0: 255
src1: 255
dst0: 1
is_fp: 0
cf_type: NOT_CF
is_load: 0
inst_size: 16
inst_addr: 7f4eecacbf00
active_mask: ffffffff
br_taken_mask: 0
br_target_addr: 7f4eecacbf10
reconv_inst_addr/mem_addr: 0
mem_addr/reconv_inst_addr: 0
mem_access_size/barrier_id: 4
num_barrier_threads: 0
addr_space/fence_level: GPU_ADDR_SP_INVALID
barrier_id/mem_access_size: 4
fence_level/addr_space: GPU_FENCE_INVALID
*** end of the data structure *** 

*** begin of the data structure *** 
core_id:67 thread_id:12
opcode: NVBIT_IMAD
num_read_regs: 2
num_dest_regs: 1
src0: 255
src1: 255
dst0: 1
is_fp: 0
cf_type: NOT_CF
is_load: 0
inst_size: 16
inst_addr: 7f4eecacbf00
active_mask: ffffffff
br_taken_mask: 0
br_target_addr: 7f4eecacbf10
reconv_inst_addr/mem_addr: 0
mem_addr/reconv_inst_addr: 0
mem_access_size/barrier_id: 4
num_barrier_threads: 0
addr_space/fence_level: GPU_ADDR_SP_INVALID
barrier_id/mem_access_size: 4
fence_level/addr_space: GPU_FENCE_INVALID
*** end of the data structure *** 

*** begin of the data structure *** 
core_id:67 thread_id:13
opcode: NVBIT_IMAD
num_read_regs: 2
num_dest_regs: 1
src0: 255
src1: 255
dst0: 1
is_fp: 0
cf_type: NOT_CF
is_load: 0
inst_size: 16
inst_addr: 7f4eecacbf00
active_mask: ffffffff
br_taken_mask: 0
br_target_addr: 7f4eecacbf10
reconv_inst_addr/mem_addr: 0
mem_addr/reconv_inst_addr: 0
mem_access_size/barrier_id: 4
num_barrier_threads: 0
addr_space/fence_level: GPU_ADDR_SP_INVALID
barrier_id/mem_access_size: 4
fence_level/addr_space: GPU_FENCE_INVALID
*** end of the data structure *** 

*** begin of the data structure *** 
core_id:67 thread_id:14
opcode: NVBIT_IMAD
num_read_regs: 2
num_dest_regs: 1
src0: 255
src1: 255
dst0: 1
is_fp: 0
cf_type: NOT_CF
is_load: 0
inst_size: 16
inst_addr: 7f4eecacbf00
active_mask: ffffffff
br_taken_mask: 0
br_target_addr: 7f4eecacbf10
reconv_inst_addr/mem_addr: 0
mem_addr/reconv_inst_addr: 0
mem_access_size/barrier_id: 4
num_barrier_threads: 0
addr_space/fence_level: GPU_ADDR_SP_INVALID
barrier_id/mem_access_size: 4
fence_level/addr_space: GPU_FENCE_INVALID
*** end of the data structure *** 

*** begin of the data structure *** 
core_id:67 thread_id:15
opcode: NVBIT_IMAD
num_read_regs: 2
num_dest_regs: 1
src0: 255
src1: 255
dst0: 1
is_fp: 0
cf_type: NOT_CF
is_load: 0
inst_size: 16
inst_addr: 7f4eecacbf00
active_mask: ffffffff
br_taken_mask: 0
br_target_addr: 7f4eecacbf10
reconv_inst_addr/mem_addr: 0
mem_addr/reconv_inst_addr: 0
mem_access_size/barrier_id: 4
num_barrier_threads: 0
addr_space/fence_level: GPU_ADDR_SP_INVALID
barrier_id/mem_access_size: 4
fence_level/addr_space: GPU_FENCE_INVALID
*** end of the data structure *** 

*** begin of the data structure *** 
core_id:68 thread_id:12
opcode: NVBIT_IMAD
num_read_regs: 2
num_dest_regs: 1
src0: 255
src1: 255
dst0: 1
is_fp: 0
cf_type: NOT_CF
is_load: 0
inst_size: 16
inst_addr: 7f4eecacbf00
active_mask: ffffffff
br_taken_mask: 0
br_target_addr: 7f4eecacbf10
reconv_inst_addr/mem_addr: 0
mem_addr/reconv_inst_addr: 0
mem_access_size/barrier_id: 4
num_barrier_threads: 0
addr_space/fence_level: GPU_ADDR_SP_INVALID
barrier_id/mem_access_size: 4
fence_level/addr_space: GPU_FENCE_INVALID
*** end of the data structure *** 

*** begin of the data structure *** 
core_id:68 thread_id:13
opcode: NVBIT_IMAD
num_read_regs: 2
num_dest_regs: 1
src0: 255
src1: 255
dst0: 1
is_fp: 0
cf_type: NOT_CF
is_load: 0
inst_size: 16
inst_addr: 7f4eecacbf00
active_mask: ffffffff
br_taken_mask: 0
br_target_addr: 7f4eecacbf10
reconv_inst_addr/mem_addr: 0
mem_addr/reconv_inst_addr: 0
mem_access_size/barrier_id: 4
num_barrier_threads: 0
addr_space/fence_level: GPU_ADDR_SP_INVALID
barrier_id/mem_access_size: 4
fence_level/addr_space: GPU_FENCE_INVALID
*** end of the data structure *** 

*** begin of the data structure *** 
core_id:68 thread_id:14
opcode: NVBIT_IMAD
num_read_regs: 2
num_dest_regs: 1
src0: 255
src1: 255
dst0: 1
is_fp: 0
cf_type: NOT_CF
is_load: 0
inst_size: 16
inst_addr: 7f4eecacbf00
active_mask: ffffffff
br_taken_mask: 0
br_target_addr: 7f4eecacbf10
reconv_inst_addr/mem_addr: 0
mem_addr/reconv_inst_addr: 0
mem_access_size/barrier_id: 4
num_barrier_threads: 0
addr_space/fence_level: GPU_ADDR_SP_INVALID
barrier_id/mem_access_size: 4
fence_level/addr_space: GPU_FENCE_INVALID
*** end of the data structure *** 

*** begin of the data structure *** 
core_id:68 thread_id:15
opcode: NVBIT_IMAD
num_read_regs: 2
num_dest_regs: 1
src0: 255
src1: 255
dst0: 1
is_fp: 0
cf_type: NOT_CF
is_load: 0
inst_size: 16
inst_addr: 7f4eecacbf00
active_mask: ffffffff
br_taken_mask: 0
br_target_addr: 7f4eecacbf10
reconv_inst_addr/mem_addr: 0
mem_addr/reconv_inst_addr: 0
mem_access_size/barrier_id: 4
num_barrier_threads: 0
addr_space/fence_level: GPU_ADDR_SP_INVALID
barrier_id/mem_access_size: 4
fence_level/addr_space: GPU_FENCE_INVALID
*** end of the data structure *** 

*** begin of the data structure *** 
core_id:69 thread_id:12
opcode: NVBIT_IMAD
num_read_regs: 2
num_dest_regs: 1
src0: 255
src1: 255
dst0: 1
is_fp: 0
cf_type: NOT_CF
is_load: 0
inst_size: 16
inst_addr: 7f4eecacbf00
active_mask: ffffffff
br_taken_mask: 0
br_target_addr: 7f4eecacbf10
reconv_inst_addr/mem_addr: 0
mem_addr/reconv_inst_addr: 0
mem_access_size/barrier_id: 4
num_barrier_threads: 0
addr_space/fence_level: GPU_ADDR_SP_INVALID
barrier_id/mem_access_size: 4
fence_level/addr_space: GPU_FENCE_INVALID
*** end of the data structure *** 

*** begin of the data structure *** 
core_id:69 thread_id:13
opcode: NVBIT_IMAD
num_read_regs: 2
num_dest_regs: 1
src0: 255
src1: 255
dst0: 1
is_fp: 0
cf_type: NOT_CF
is_load: 0
inst_size: 16
inst_addr: 7f4eecacbf00
active_mask: ffffffff
br_taken_mask: 0
br_target_addr: 7f4eecacbf10
reconv_inst_addr/mem_addr: 0
mem_addr/reconv_inst_addr: 0
mem_access_size/barrier_id: 4
num_barrier_threads: 0
addr_space/fence_level: GPU_ADDR_SP_INVALID
barrier_id/mem_access_size: 4
fence_level/addr_space: GPU_FENCE_INVALID
*** end of the data structure *** 

*** begin of the data structure *** 
core_id:69 thread_id:14
opcode: NVBIT_IMAD
num_read_regs: 2
num_dest_regs: 1
src0: 255
src1: 255
dst0: 1
is_fp: 0
cf_type: NOT_CF
is_load: 0
inst_size: 16
inst_addr: 7f4eecacbf00
active_mask: ffffffff
br_taken_mask: 0
br_target_addr: 7f4eecacbf10
reconv_inst_addr/mem_addr: 0
mem_addr/reconv_inst_addr: 0
mem_access_size/barrier_id: 4
num_barrier_threads: 0
addr_space/fence_level: GPU_ADDR_SP_INVALID
barrier_id/mem_access_size: 4
fence_level/addr_space: GPU_FENCE_INVALID
*** end of the data structure *** 

*** begin of the data structure *** 
core_id:69 thread_id:15
opcode: NVBIT_IMAD
num_read_regs: 2
num_dest_regs: 1
src0: 255
src1: 255
dst0: 1
is_fp: 0
cf_type: NOT_CF
is_load: 0
inst_size: 16
inst_addr: 7f4eecacbf00
active_mask: ffffffff
br_taken_mask: 0
br_target_addr: 7f4eecacbf10
reconv_inst_addr/mem_addr: 0
mem_addr/reconv_inst_addr: 0
mem_access_size/barrier_id: 4
num_barrier_threads: 0
addr_space/fence_level: GPU_ADDR_SP_INVALID
barrier_id/mem_access_size: 4
fence_level/addr_space: GPU_FENCE_INVALID
*** end of the data structure *** 

*** begin of the data structure *** 
core_id:70 thread_id:12
opcode: NVBIT_IMAD
num_read_regs: 2
num_dest_regs: 1
src0: 255
src1: 255
dst0: 1
is_fp: 0
cf_type: NOT_CF
is_load: 0
inst_size: 16
inst_addr: 7f4eecacbf00
active_mask: ffffffff
br_taken_mask: 0
br_target_addr: 7f4eecacbf10
reconv_inst_addr/mem_addr: 0
mem_addr/reconv_inst_addr: 0
mem_access_size/barrier_id: 4
num_barrier_threads: 0
addr_space/fence_level: GPU_ADDR_SP_INVALID
barrier_id/mem_access_size: 4
fence_level/addr_space: GPU_FENCE_INVALID
*** end of the data structure *** 

*** begin of the data structure *** 
core_id:70 thread_id:13
opcode: NVBIT_IMAD
num_read_regs: 2
num_dest_regs: 1
src0: 255
src1: 255
dst0: 1
is_fp: 0
cf_type: NOT_CF
is_load: 0
inst_size: 16
inst_addr: 7f4eecacbf00
active_mask: ffffffff
br_taken_mask: 0
br_target_addr: 7f4eecacbf10
reconv_inst_addr/mem_addr: 0
mem_addr/reconv_inst_addr: 0
mem_access_size/barrier_id: 4
num_barrier_threads: 0
addr_space/fence_level: GPU_ADDR_SP_INVALID
barrier_id/mem_access_size: 4
fence_level/addr_space: GPU_FENCE_INVALID
*** end of the data structure *** 

*** begin of the data structure *** 
core_id:70 thread_id:14
opcode: NVBIT_IMAD
num_read_regs: 2
num_dest_regs: 1
src0: 255
src1: 255
dst0: 1
is_fp: 0
cf_type: NOT_CF
is_load: 0
inst_size: 16
inst_addr: 7f4eecacbf00
active_mask: ffffffff
br_taken_mask: 0
br_target_addr: 7f4eecacbf10
reconv_inst_addr/mem_addr: 0
mem_addr/reconv_inst_addr: 0
mem_access_size/barrier_id: 4
num_barrier_threads: 0
addr_space/fence_level: GPU_ADDR_SP_INVALID
barrier_id/mem_access_size: 4
fence_level/addr_space: GPU_FENCE_INVALID
*** end of the data structure *** 

*** begin of the data structure *** 
core_id:70 thread_id:15
opcode: NVBIT_IMAD
num_read_regs: 2
num_dest_regs: 1
src0: 255
src1: 255
dst0: 1
is_fp: 0
cf_type: NOT_CF
is_load: 0
inst_size: 16
inst_addr: 7f4eecacbf00
active_mask: ffffffff
br_taken_mask: 0
br_target_addr: 7f4eecacbf10
reconv_inst_addr/mem_addr: 0
mem_addr/reconv_inst_addr: 0
mem_access_size/barrier_id: 4
num_barrier_threads: 0
addr_space/fence_level: GPU_ADDR_SP_INVALID
barrier_id/mem_access_size: 4
fence_level/addr_space: GPU_FENCE_INVALID
*** end of the data structure *** 

*** begin of the data structure *** 
core_id:71 thread_id:12
opcode: NVBIT_IMAD
num_read_regs: 2
num_dest_regs: 1
src0: 255
src1: 255
dst0: 1
is_fp: 0
cf_type: NOT_CF
is_load: 0
inst_size: 16
inst_addr: 7f4eecacbf00
active_mask: ffffffff
br_taken_mask: 0
br_target_addr: 7f4eecacbf10
reconv_inst_addr/mem_addr: 0
mem_addr/reconv_inst_addr: 0
mem_access_size/barrier_id: 4
num_barrier_threads: 0
addr_space/fence_level: GPU_ADDR_SP_INVALID
barrier_id/mem_access_size: 4
fence_level/addr_space: GPU_FENCE_INVALID
*** end of the data structure *** 

*** begin of the data structure *** 
core_id:71 thread_id:13
opcode: NVBIT_IMAD
num_read_regs: 2
num_dest_regs: 1
src0: 255
src1: 255
dst0: 1
is_fp: 0
cf_type: NOT_CF
is_load: 0
inst_size: 16
inst_addr: 7f4eecacbf00
active_mask: ffffffff
br_taken_mask: 0
br_target_addr: 7f4eecacbf10
reconv_inst_addr/mem_addr: 0
mem_addr/reconv_inst_addr: 0
mem_access_size/barrier_id: 4
num_barrier_threads: 0
addr_space/fence_level: GPU_ADDR_SP_INVALID
barrier_id/mem_access_size: 4
fence_level/addr_space: GPU_FENCE_INVALID
*** end of the data structure *** 

*** begin of the data structure *** 
core_id:71 thread_id:14
opcode: NVBIT_IMAD
num_read_regs: 2
num_dest_regs: 1
src0: 255
src1: 255
dst0: 1
is_fp: 0
cf_type: NOT_CF
is_load: 0
inst_size: 16
inst_addr: 7f4eecacbf00
active_mask: ffffffff
br_taken_mask: 0
br_target_addr: 7f4eecacbf10
reconv_inst_addr/mem_addr: 0
mem_addr/reconv_inst_addr: 0
mem_access_size/barrier_id: 4
num_barrier_threads: 0
addr_space/fence_level: GPU_ADDR_SP_INVALID
barrier_id/mem_access_size: 4
fence_level/addr_space: GPU_FENCE_INVALID
*** end of the data structure *** 

*** begin of the data structure *** 
core_id:71 thread_id:15
opcode: NVBIT_IMAD
num_read_regs: 2
num_dest_regs: 1
src0: 255
src1: 255
dst0: 1
is_fp: 0
cf_type: NOT_CF
is_load: 0
inst_size: 16
inst_addr: 7f4eecacbf00
active_mask: ffffffff
br_taken_mask: 0
br_target_addr: 7f4eecacbf10
reconv_inst_addr/mem_addr: 0
mem_addr/reconv_inst_addr: 0
mem_access_size/barrier_id: 4
num_barrier_threads: 0
addr_space/fence_level: GPU_ADDR_SP_INVALID
barrier_id/mem_access_size: 4
fence_level/addr_space: GPU_FENCE_INVALID
*** end of the data structure *** 

*** begin of the data structure *** 
core_id:72 thread_id:12
opcode: NVBIT_IMAD
num_read_regs: 2
num_dest_regs: 1
src0: 255
src1: 255
dst0: 1
is_fp: 0
cf_type: NOT_CF
is_load: 0
inst_size: 16
inst_addr: 7f4eecacbf00
active_mask: ffffffff
br_taken_mask: 0
br_target_addr: 7f4eecacbf10
reconv_inst_addr/mem_addr: 0
mem_addr/reconv_inst_addr: 0
mem_access_size/barrier_id: 4
num_barrier_threads: 0
addr_space/fence_level: GPU_ADDR_SP_INVALID
barrier_id/mem_access_size: 4
fence_level/addr_space: GPU_FENCE_INVALID
*** end of the data structure *** 

*** begin of the data structure *** 
core_id:72 thread_id:13
opcode: NVBIT_IMAD
num_read_regs: 2
num_dest_regs: 1
src0: 255
src1: 255
dst0: 1
is_fp: 0
cf_type: NOT_CF
is_load: 0
inst_size: 16
inst_addr: 7f4eecacbf00
active_mask: ffffffff
br_taken_mask: 0
br_target_addr: 7f4eecacbf10
reconv_inst_addr/mem_addr: 0
mem_addr/reconv_inst_addr: 0
mem_access_size/barrier_id: 4
num_barrier_threads: 0
addr_space/fence_level: GPU_ADDR_SP_INVALID
barrier_id/mem_access_size: 4
fence_level/addr_space: GPU_FENCE_INVALID
*** end of the data structure *** 

*** begin of the data structure *** 
core_id:72 thread_id:14
opcode: NVBIT_IMAD
num_read_regs: 2
num_dest_regs: 1
src0: 255
src1: 255
dst0: 1
is_fp: 0
cf_type: NOT_CF
is_load: 0
inst_size: 16
inst_addr: 7f4eecacbf00
active_mask: ffffffff
br_taken_mask: 0
br_target_addr: 7f4eecacbf10
reconv_inst_addr/mem_addr: 0
mem_addr/reconv_inst_addr: 0
mem_access_size/barrier_id: 4
num_barrier_threads: 0
addr_space/fence_level: GPU_ADDR_SP_INVALID
barrier_id/mem_access_size: 4
fence_level/addr_space: GPU_FENCE_INVALID
*** end of the data structure *** 

*** begin of the data structure *** 
core_id:72 thread_id:15
opcode: NVBIT_IMAD
num_read_regs: 2
num_dest_regs: 1
src0: 255
src1: 255
dst0: 1
is_fp: 0
cf_type: NOT_CF
is_load: 0
inst_size: 16
inst_addr: 7f4eecacbf00
active_mask: ffffffff
br_taken_mask: 0
br_target_addr: 7f4eecacbf10
reconv_inst_addr/mem_addr: 0
mem_addr/reconv_inst_addr: 0
mem_access_size/barrier_id: 4
num_barrier_threads: 0
addr_space/fence_level: GPU_ADDR_SP_INVALID
barrier_id/mem_access_size: 4
fence_level/addr_space: GPU_FENCE_INVALID
*** end of the data structure *** 

*** begin of the data structure *** 
core_id:73 thread_id:12
opcode: NVBIT_IMAD
num_read_regs: 2
num_dest_regs: 1
src0: 255
src1: 255
dst0: 1
is_fp: 0
cf_type: NOT_CF
is_load: 0
inst_size: 16
inst_addr: 7f4eecacbf00
active_mask: ffffffff
br_taken_mask: 0
br_target_addr: 7f4eecacbf10
reconv_inst_addr/mem_addr: 0
mem_addr/reconv_inst_addr: 0
mem_access_size/barrier_id: 4
num_barrier_threads: 0
addr_space/fence_level: GPU_ADDR_SP_INVALID
barrier_id/mem_access_size: 4
fence_level/addr_space: GPU_FENCE_INVALID
*** end of the data structure *** 

*** begin of the data structure *** 
core_id:73 thread_id:13
opcode: NVBIT_IMAD
num_read_regs: 2
num_dest_regs: 1
src0: 255
src1: 255
dst0: 1
is_fp: 0
cf_type: NOT_CF
is_load: 0
inst_size: 16
inst_addr: 7f4eecacbf00
active_mask: ffffffff
br_taken_mask: 0
br_target_addr: 7f4eecacbf10
reconv_inst_addr/mem_addr: 0
mem_addr/reconv_inst_addr: 0
mem_access_size/barrier_id: 4
num_barrier_threads: 0
addr_space/fence_level: GPU_ADDR_SP_INVALID
barrier_id/mem_access_size: 4
fence_level/addr_space: GPU_FENCE_INVALID
*** end of the data structure *** 

*** begin of the data structure *** 
core_id:73 thread_id:14
opcode: NVBIT_IMAD
num_read_regs: 2
num_dest_regs: 1
src0: 255
src1: 255
dst0: 1
is_fp: 0
cf_type: NOT_CF
is_load: 0
inst_size: 16
inst_addr: 7f4eecacbf00
active_mask: ffffffff
br_taken_mask: 0
br_target_addr: 7f4eecacbf10
reconv_inst_addr/mem_addr: 0
mem_addr/reconv_inst_addr: 0
mem_access_size/barrier_id: 4
num_barrier_threads: 0
addr_space/fence_level: GPU_ADDR_SP_INVALID
barrier_id/mem_access_size: 4
fence_level/addr_space: GPU_FENCE_INVALID
*** end of the data structure *** 

*** begin of the data structure *** 
core_id:73 thread_id:15
opcode: NVBIT_IMAD
num_read_regs: 2
num_dest_regs: 1
src0: 255
src1: 255
dst0: 1
is_fp: 0
cf_type: NOT_CF
is_load: 0
inst_size: 16
inst_addr: 7f4eecacbf00
active_mask: ffffffff
br_taken_mask: 0
br_target_addr: 7f4eecacbf10
reconv_inst_addr/mem_addr: 0
mem_addr/reconv_inst_addr: 0
mem_access_size/barrier_id: 4
num_barrier_threads: 0
addr_space/fence_level: GPU_ADDR_SP_INVALID
barrier_id/mem_access_size: 4
fence_level/addr_space: GPU_FENCE_INVALID
*** end of the data structure *** 

*** begin of the data structure *** 
core_id:74 thread_id:12
opcode: NVBIT_IMAD
num_read_regs: 2
num_dest_regs: 1
src0: 255
src1: 255
dst0: 1
is_fp: 0
cf_type: NOT_CF
is_load: 0
inst_size: 16
inst_addr: 7f4eecacbf00
active_mask: ffffffff
br_taken_mask: 0
br_target_addr: 7f4eecacbf10
reconv_inst_addr/mem_addr: 0
mem_addr/reconv_inst_addr: 0
mem_access_size/barrier_id: 4
num_barrier_threads: 0
addr_space/fence_level: GPU_ADDR_SP_INVALID
barrier_id/mem_access_size: 4
fence_level/addr_space: GPU_FENCE_INVALID
*** end of the data structure *** 

*** begin of the data structure *** 
core_id:74 thread_id:13
opcode: NVBIT_IMAD
num_read_regs: 2
num_dest_regs: 1
src0: 255
src1: 255
dst0: 1
is_fp: 0
cf_type: NOT_CF
is_load: 0
inst_size: 16
inst_addr: 7f4eecacbf00
active_mask: ffffffff
br_taken_mask: 0
br_target_addr: 7f4eecacbf10
reconv_inst_addr/mem_addr: 0
mem_addr/reconv_inst_addr: 0
mem_access_size/barrier_id: 4
num_barrier_threads: 0
addr_space/fence_level: GPU_ADDR_SP_INVALID
barrier_id/mem_access_size: 4
fence_level/addr_space: GPU_FENCE_INVALID
*** end of the data structure *** 

*** begin of the data structure *** 
core_id:74 thread_id:14
opcode: NVBIT_IMAD
num_read_regs: 2
num_dest_regs: 1
src0: 255
src1: 255
dst0: 1
is_fp: 0
cf_type: NOT_CF
is_load: 0
inst_size: 16
inst_addr: 7f4eecacbf00
active_mask: ffffffff
br_taken_mask: 0
br_target_addr: 7f4eecacbf10
reconv_inst_addr/mem_addr: 0
mem_addr/reconv_inst_addr: 0
mem_access_size/barrier_id: 4
num_barrier_threads: 0
addr_space/fence_level: GPU_ADDR_SP_INVALID
barrier_id/mem_access_size: 4
fence_level/addr_space: GPU_FENCE_INVALID
*** end of the data structure *** 

*** begin of the data structure *** 
core_id:74 thread_id:15
opcode: NVBIT_IMAD
num_read_regs: 2
num_dest_regs: 1
src0: 255
src1: 255
dst0: 1
is_fp: 0
cf_type: NOT_CF
is_load: 0
inst_size: 16
inst_addr: 7f4eecacbf00
active_mask: ffffffff
br_taken_mask: 0
br_target_addr: 7f4eecacbf10
reconv_inst_addr/mem_addr: 0
mem_addr/reconv_inst_addr: 0
mem_access_size/barrier_id: 4
num_barrier_threads: 0
addr_space/fence_level: GPU_ADDR_SP_INVALID
barrier_id/mem_access_size: 4
fence_level/addr_space: GPU_FENCE_INVALID
*** end of the data structure *** 

*** begin of the data structure *** 
core_id:75 thread_id:12
opcode: NVBIT_IMAD
num_read_regs: 2
num_dest_regs: 1
src0: 255
src1: 255
dst0: 1
is_fp: 0
cf_type: NOT_CF
is_load: 0
inst_size: 16
inst_addr: 7f4eecacbf00
active_mask: ffffffff
br_taken_mask: 0
br_target_addr: 7f4eecacbf10
reconv_inst_addr/mem_addr: 0
mem_addr/reconv_inst_addr: 0
mem_access_size/barrier_id: 4
num_barrier_threads: 0
addr_space/fence_level: GPU_ADDR_SP_INVALID
barrier_id/mem_access_size: 4
fence_level/addr_space: GPU_FENCE_INVALID
*** end of the data structure *** 

*** begin of the data structure *** 
core_id:75 thread_id:13
opcode: NVBIT_IMAD
num_read_regs: 2
num_dest_regs: 1
src0: 255
src1: 255
dst0: 1
is_fp: 0
cf_type: NOT_CF
is_load: 0
inst_size: 16
inst_addr: 7f4eecacbf00
active_mask: ffffffff
br_taken_mask: 0
br_target_addr: 7f4eecacbf10
reconv_inst_addr/mem_addr: 0
mem_addr/reconv_inst_addr: 0
mem_access_size/barrier_id: 4
num_barrier_threads: 0
addr_space/fence_level: GPU_ADDR_SP_INVALID
barrier_id/mem_access_size: 4
fence_level/addr_space: GPU_FENCE_INVALID
*** end of the data structure *** 

*** begin of the data structure *** 
core_id:75 thread_id:14
opcode: NVBIT_IMAD
num_read_regs: 2
num_dest_regs: 1
src0: 255
src1: 255
dst0: 1
is_fp: 0
cf_type: NOT_CF
is_load: 0
inst_size: 16
inst_addr: 7f4eecacbf00
active_mask: ffffffff
br_taken_mask: 0
br_target_addr: 7f4eecacbf10
reconv_inst_addr/mem_addr: 0
mem_addr/reconv_inst_addr: 0
mem_access_size/barrier_id: 4
num_barrier_threads: 0
addr_space/fence_level: GPU_ADDR_SP_INVALID
barrier_id/mem_access_size: 4
fence_level/addr_space: GPU_FENCE_INVALID
*** end of the data structure *** 

*** begin of the data structure *** 
core_id:75 thread_id:15
opcode: NVBIT_IMAD
num_read_regs: 2
num_dest_regs: 1
src0: 255
src1: 255
dst0: 1
is_fp: 0
cf_type: NOT_CF
is_load: 0
inst_size: 16
inst_addr: 7f4eecacbf00
active_mask: ffffffff
br_taken_mask: 0
br_target_addr: 7f4eecacbf10
reconv_inst_addr/mem_addr: 0
mem_addr/reconv_inst_addr: 0
mem_access_size/barrier_id: 4
num_barrier_threads: 0
addr_space/fence_level: GPU_ADDR_SP_INVALID
barrier_id/mem_access_size: 4
fence_level/addr_space: GPU_FENCE_INVALID
*** end of the data structure *** 

*** begin of the data structure *** 
core_id:76 thread_id:12
opcode: NVBIT_IMAD
num_read_regs: 2
num_dest_regs: 1
src0: 255
src1: 255
dst0: 1
is_fp: 0
cf_type: NOT_CF
is_load: 0
inst_size: 16
inst_addr: 7f4eecacbf00
active_mask: ffffffff
br_taken_mask: 0
br_target_addr: 7f4eecacbf10
reconv_inst_addr/mem_addr: 0
mem_addr/reconv_inst_addr: 0
mem_access_size/barrier_id: 4
num_barrier_threads: 0
addr_space/fence_level: GPU_ADDR_SP_INVALID
barrier_id/mem_access_size: 4
fence_level/addr_space: GPU_FENCE_INVALID
*** end of the data structure *** 

*** begin of the data structure *** 
core_id:76 thread_id:13
opcode: NVBIT_IMAD
num_read_regs: 2
num_dest_regs: 1
src0: 255
src1: 255
dst0: 1
is_fp: 0
cf_type: NOT_CF
is_load: 0
inst_size: 16
inst_addr: 7f4eecacbf00
active_mask: ffffffff
br_taken_mask: 0
br_target_addr: 7f4eecacbf10
reconv_inst_addr/mem_addr: 0
mem_addr/reconv_inst_addr: 0
mem_access_size/barrier_id: 4
num_barrier_threads: 0
addr_space/fence_level: GPU_ADDR_SP_INVALID
barrier_id/mem_access_size: 4
fence_level/addr_space: GPU_FENCE_INVALID
*** end of the data structure *** 

*** begin of the data structure *** 
core_id:76 thread_id:14
opcode: NVBIT_IMAD
num_read_regs: 2
num_dest_regs: 1
src0: 255
src1: 255
dst0: 1
is_fp: 0
cf_type: NOT_CF
is_load: 0
inst_size: 16
inst_addr: 7f4eecacbf00
active_mask: ffffffff
br_taken_mask: 0
br_target_addr: 7f4eecacbf10
reconv_inst_addr/mem_addr: 0
mem_addr/reconv_inst_addr: 0
mem_access_size/barrier_id: 4
num_barrier_threads: 0
addr_space/fence_level: GPU_ADDR_SP_INVALID
barrier_id/mem_access_size: 4
fence_level/addr_space: GPU_FENCE_INVALID
*** end of the data structure *** 

*** begin of the data structure *** 
core_id:76 thread_id:15
opcode: NVBIT_IMAD
num_read_regs: 2
num_dest_regs: 1
src0: 255
src1: 255
dst0: 1
is_fp: 0
cf_type: NOT_CF
is_load: 0
inst_size: 16
inst_addr: 7f4eecacbf00
active_mask: ffffffff
br_taken_mask: 0
br_target_addr: 7f4eecacbf10
reconv_inst_addr/mem_addr: 0
mem_addr/reconv_inst_addr: 0
mem_access_size/barrier_id: 4
num_barrier_threads: 0
addr_space/fence_level: GPU_ADDR_SP_INVALID
barrier_id/mem_access_size: 4
fence_level/addr_space: GPU_FENCE_INVALID
*** end of the data structure *** 

*** begin of the data structure *** 
core_id:77 thread_id:12
opcode: NVBIT_IMAD
num_read_regs: 2
num_dest_regs: 1
src0: 255
src1: 255
dst0: 1
is_fp: 0
cf_type: NOT_CF
is_load: 0
inst_size: 16
inst_addr: 7f4eecacbf00
active_mask: ffffffff
br_taken_mask: 0
br_target_addr: 7f4eecacbf10
reconv_inst_addr/mem_addr: 0
mem_addr/reconv_inst_addr: 0
mem_access_size/barrier_id: 4
num_barrier_threads: 0
addr_space/fence_level: GPU_ADDR_SP_INVALID
barrier_id/mem_access_size: 4
fence_level/addr_space: GPU_FENCE_INVALID
*** end of the data structure *** 

*** begin of the data structure *** 
core_id:77 thread_id:13
opcode: NVBIT_IMAD
num_read_regs: 2
num_dest_regs: 1
src0: 255
src1: 255
dst0: 1
is_fp: 0
cf_type: NOT_CF
is_load: 0
inst_size: 16
inst_addr: 7f4eecacbf00
active_mask: ffffffff
br_taken_mask: 0
br_target_addr: 7f4eecacbf10
reconv_inst_addr/mem_addr: 0
mem_addr/reconv_inst_addr: 0
mem_access_size/barrier_id: 4
num_barrier_threads: 0
addr_space/fence_level: GPU_ADDR_SP_INVALID
barrier_id/mem_access_size: 4
fence_level/addr_space: GPU_FENCE_INVALID
*** end of the data structure *** 

*** begin of the data structure *** 
core_id:77 thread_id:14
opcode: NVBIT_IMAD
num_read_regs: 2
num_dest_regs: 1
src0: 255
src1: 255
dst0: 1
is_fp: 0
cf_type: NOT_CF
is_load: 0
inst_size: 16
inst_addr: 7f4eecacbf00
active_mask: ffffffff
br_taken_mask: 0
br_target_addr: 7f4eecacbf10
reconv_inst_addr/mem_addr: 0
mem_addr/reconv_inst_addr: 0
mem_access_size/barrier_id: 4
num_barrier_threads: 0
addr_space/fence_level: GPU_ADDR_SP_INVALID
barrier_id/mem_access_size: 4
fence_level/addr_space: GPU_FENCE_INVALID
*** end of the data structure *** 

*** begin of the data structure *** 
core_id:77 thread_id:15
opcode: NVBIT_IMAD
num_read_regs: 2
num_dest_regs: 1
src0: 255
src1: 255
dst0: 1
is_fp: 0
cf_type: NOT_CF
is_load: 0
inst_size: 16
inst_addr: 7f4eecacbf00
active_mask: ffffffff
br_taken_mask: 0
br_target_addr: 7f4eecacbf10
reconv_inst_addr/mem_addr: 0
mem_addr/reconv_inst_addr: 0
mem_access_size/barrier_id: 4
num_barrier_threads: 0
addr_space/fence_level: GPU_ADDR_SP_INVALID
barrier_id/mem_access_size: 4
fence_level/addr_space: GPU_FENCE_INVALID
*** end of the data structure *** 

*** begin of the data structure *** 
core_id:78 thread_id:12
opcode: NVBIT_IMAD
num_read_regs: 2
num_dest_regs: 1
src0: 255
src1: 255
dst0: 1
is_fp: 0
cf_type: NOT_CF
is_load: 0
inst_size: 16
inst_addr: 7f4eecacbf00
active_mask: ffffffff
br_taken_mask: 0
br_target_addr: 7f4eecacbf10
reconv_inst_addr/mem_addr: 0
mem_addr/reconv_inst_addr: 0
mem_access_size/barrier_id: 4
num_barrier_threads: 0
addr_space/fence_level: GPU_ADDR_SP_INVALID
barrier_id/mem_access_size: 4
fence_level/addr_space: GPU_FENCE_INVALID
*** end of the data structure *** 

*** begin of the data structure *** 
core_id:78 thread_id:13
opcode: NVBIT_IMAD
num_read_regs: 2
num_dest_regs: 1
src0: 255
src1: 255
dst0: 1
is_fp: 0
cf_type: NOT_CF
is_load: 0
inst_size: 16
inst_addr: 7f4eecacbf00
active_mask: ffffffff
br_taken_mask: 0
br_target_addr: 7f4eecacbf10
reconv_inst_addr/mem_addr: 0
mem_addr/reconv_inst_addr: 0
mem_access_size/barrier_id: 4
num_barrier_threads: 0
addr_space/fence_level: GPU_ADDR_SP_INVALID
barrier_id/mem_access_size: 4
fence_level/addr_space: GPU_FENCE_INVALID
*** end of the data structure *** 

*** begin of the data structure *** 
core_id:78 thread_id:14
opcode: NVBIT_IMAD
num_read_regs: 2
num_dest_regs: 1
src0: 255
src1: 255
dst0: 1
is_fp: 0
cf_type: NOT_CF
is_load: 0
inst_size: 16
inst_addr: 7f4eecacbf00
active_mask: ffffffff
br_taken_mask: 0
br_target_addr: 7f4eecacbf10
reconv_inst_addr/mem_addr: 0
mem_addr/reconv_inst_addr: 0
mem_access_size/barrier_id: 4
num_barrier_threads: 0
addr_space/fence_level: GPU_ADDR_SP_INVALID
barrier_id/mem_access_size: 4
fence_level/addr_space: GPU_FENCE_INVALID
*** end of the data structure *** 

*** begin of the data structure *** 
core_id:78 thread_id:15
opcode: NVBIT_IMAD
num_read_regs: 2
num_dest_regs: 1
src0: 255
src1: 255
dst0: 1
is_fp: 0
cf_type: NOT_CF
is_load: 0
inst_size: 16
inst_addr: 7f4eecacbf00
active_mask: ffffffff
br_taken_mask: 0
br_target_addr: 7f4eecacbf10
reconv_inst_addr/mem_addr: 0
mem_addr/reconv_inst_addr: 0
mem_access_size/barrier_id: 4
num_barrier_threads: 0
addr_space/fence_level: GPU_ADDR_SP_INVALID
barrier_id/mem_access_size: 4
fence_level/addr_space: GPU_FENCE_INVALID
*** end of the data structure *** 

*** begin of the data structure *** 
core_id:79 thread_id:12
opcode: NVBIT_IMAD
num_read_regs: 2
num_dest_regs: 1
src0: 255
src1: 255
dst0: 1
is_fp: 0
cf_type: NOT_CF
is_load: 0
inst_size: 16
inst_addr: 7f4eecacbf00
active_mask: ffffffff
br_taken_mask: 0
br_target_addr: 7f4eecacbf10
reconv_inst_addr/mem_addr: 0
mem_addr/reconv_inst_addr: 0
mem_access_size/barrier_id: 4
num_barrier_threads: 0
addr_space/fence_level: GPU_ADDR_SP_INVALID
barrier_id/mem_access_size: 4
fence_level/addr_space: GPU_FENCE_INVALID
*** end of the data structure *** 

*** begin of the data structure *** 
core_id:79 thread_id:13
opcode: NVBIT_IMAD
num_read_regs: 2
num_dest_regs: 1
src0: 255
src1: 255
dst0: 1
is_fp: 0
cf_type: NOT_CF
is_load: 0
inst_size: 16
inst_addr: 7f4eecacbf00
active_mask: ffffffff
br_taken_mask: 0
br_target_addr: 7f4eecacbf10
reconv_inst_addr/mem_addr: 0
mem_addr/reconv_inst_addr: 0
mem_access_size/barrier_id: 4
num_barrier_threads: 0
addr_space/fence_level: GPU_ADDR_SP_INVALID
barrier_id/mem_access_size: 4
fence_level/addr_space: GPU_FENCE_INVALID
*** end of the data structure *** 

*** begin of the data structure *** 
core_id:79 thread_id:14
opcode: NVBIT_IMAD
num_read_regs: 2
num_dest_regs: 1
src0: 255
src1: 255
dst0: 1
is_fp: 0
cf_type: NOT_CF
is_load: 0
inst_size: 16
inst_addr: 7f4eecacbf00
active_mask: ffffffff
br_taken_mask: 0
br_target_addr: 7f4eecacbf10
reconv_inst_addr/mem_addr: 0
mem_addr/reconv_inst_addr: 0
mem_access_size/barrier_id: 4
num_barrier_threads: 0
addr_space/fence_level: GPU_ADDR_SP_INVALID
barrier_id/mem_access_size: 4
fence_level/addr_space: GPU_FENCE_INVALID
*** end of the data structure *** 

*** begin of the data structure *** 
core_id:79 thread_id:15
opcode: NVBIT_IMAD
num_read_regs: 2
num_dest_regs: 1
src0: 255
src1: 255
dst0: 1
is_fp: 0
cf_type: NOT_CF
is_load: 0
inst_size: 16
inst_addr: 7f4eecacbf00
active_mask: ffffffff
br_taken_mask: 0
br_target_addr: 7f4eecacbf10
reconv_inst_addr/mem_addr: 0
mem_addr/reconv_inst_addr: 0
mem_access_size/barrier_id: 4
num_barrier_threads: 0
addr_space/fence_level: GPU_ADDR_SP_INVALID
barrier_id/mem_access_size: 4
fence_level/addr_space: GPU_FENCE_INVALID
*** end of the data structure *** 

*** begin of the data structure *** 
core_id:80 thread_id:12
opcode: NVBIT_IMAD
num_read_regs: 2
num_dest_regs: 1
src0: 255
src1: 255
dst0: 1
is_fp: 0
cf_type: NOT_CF
is_load: 0
inst_size: 16
inst_addr: 7f4eecacbf00
active_mask: ffffffff
br_taken_mask: 0
br_target_addr: 7f4eecacbf10
reconv_inst_addr/mem_addr: 0
mem_addr/reconv_inst_addr: 0
mem_access_size/barrier_id: 4
num_barrier_threads: 0
addr_space/fence_level: GPU_ADDR_SP_INVALID
barrier_id/mem_access_size: 4
fence_level/addr_space: GPU_FENCE_INVALID
*** end of the data structure *** 

*** begin of the data structure *** 
core_id:80 thread_id:13
opcode: NVBIT_IMAD
num_read_regs: 2
num_dest_regs: 1
src0: 255
src1: 255
dst0: 1
is_fp: 0
cf_type: NOT_CF
is_load: 0
inst_size: 16
inst_addr: 7f4eecacbf00
active_mask: ffffffff
br_taken_mask: 0
br_target_addr: 7f4eecacbf10
reconv_inst_addr/mem_addr: 0
mem_addr/reconv_inst_addr: 0
mem_access_size/barrier_id: 4
num_barrier_threads: 0
addr_space/fence_level: GPU_ADDR_SP_INVALID
barrier_id/mem_access_size: 4
fence_level/addr_space: GPU_FENCE_INVALID
*** end of the data structure *** 

*** begin of the data structure *** 
core_id:80 thread_id:14
opcode: NVBIT_IMAD
num_read_regs: 2
num_dest_regs: 1
src0: 255
src1: 255
dst0: 1
is_fp: 0
cf_type: NOT_CF
is_load: 0
inst_size: 16
inst_addr: 7f4eecacbf00
active_mask: ffffffff
br_taken_mask: 0
br_target_addr: 7f4eecacbf10
reconv_inst_addr/mem_addr: 0
mem_addr/reconv_inst_addr: 0
mem_access_size/barrier_id: 4
num_barrier_threads: 0
addr_space/fence_level: GPU_ADDR_SP_INVALID
barrier_id/mem_access_size: 4
fence_level/addr_space: GPU_FENCE_INVALID
*** end of the data structure *** 

*** begin of the data structure *** 
core_id:80 thread_id:15
opcode: NVBIT_IMAD
num_read_regs: 2
num_dest_regs: 1
src0: 255
src1: 255
dst0: 1
is_fp: 0
cf_type: NOT_CF
is_load: 0
inst_size: 16
inst_addr: 7f4eecacbf00
active_mask: ffffffff
br_taken_mask: 0
br_target_addr: 7f4eecacbf10
reconv_inst_addr/mem_addr: 0
mem_addr/reconv_inst_addr: 0
mem_access_size/barrier_id: 4
num_barrier_threads: 0
addr_space/fence_level: GPU_ADDR_SP_INVALID
barrier_id/mem_access_size: 4
fence_level/addr_space: GPU_FENCE_INVALID
*** end of the data structure *** 

*** begin of the data structure *** 
core_id:81 thread_id:12
opcode: NVBIT_IMAD
num_read_regs: 2
num_dest_regs: 1
src0: 255
src1: 255
dst0: 1
is_fp: 0
cf_type: NOT_CF
is_load: 0
inst_size: 16
inst_addr: 7f4eecacbf00
active_mask: ffffffff
br_taken_mask: 0
br_target_addr: 7f4eecacbf10
reconv_inst_addr/mem_addr: 0
mem_addr/reconv_inst_addr: 0
mem_access_size/barrier_id: 4
num_barrier_threads: 0
addr_space/fence_level: GPU_ADDR_SP_INVALID
barrier_id/mem_access_size: 4
fence_level/addr_space: GPU_FENCE_INVALID
*** end of the data structure *** 

*** begin of the data structure *** 
core_id:81 thread_id:13
opcode: NVBIT_IMAD
num_read_regs: 2
num_dest_regs: 1
src0: 255
src1: 255
dst0: 1
is_fp: 0
cf_type: NOT_CF
is_load: 0
inst_size: 16
inst_addr: 7f4eecacbf00
active_mask: ffffffff
br_taken_mask: 0
br_target_addr: 7f4eecacbf10
reconv_inst_addr/mem_addr: 0
mem_addr/reconv_inst_addr: 0
mem_access_size/barrier_id: 4
num_barrier_threads: 0
addr_space/fence_level: GPU_ADDR_SP_INVALID
barrier_id/mem_access_size: 4
fence_level/addr_space: GPU_FENCE_INVALID
*** end of the data structure *** 

*** begin of the data structure *** 
core_id:81 thread_id:14
opcode: NVBIT_IMAD
num_read_regs: 2
num_dest_regs: 1
src0: 255
src1: 255
dst0: 1
is_fp: 0
cf_type: NOT_CF
is_load: 0
inst_size: 16
inst_addr: 7f4eecacbf00
active_mask: ffffffff
br_taken_mask: 0
br_target_addr: 7f4eecacbf10
reconv_inst_addr/mem_addr: 0
mem_addr/reconv_inst_addr: 0
mem_access_size/barrier_id: 4
num_barrier_threads: 0
addr_space/fence_level: GPU_ADDR_SP_INVALID
barrier_id/mem_access_size: 4
fence_level/addr_space: GPU_FENCE_INVALID
*** end of the data structure *** 

*** begin of the data structure *** 
core_id:81 thread_id:15
opcode: NVBIT_IMAD
num_read_regs: 2
num_dest_regs: 1
src0: 255
src1: 255
dst0: 1
is_fp: 0
cf_type: NOT_CF
is_load: 0
inst_size: 16
inst_addr: 7f4eecacbf00
active_mask: ffffffff
br_taken_mask: 0
br_target_addr: 7f4eecacbf10
reconv_inst_addr/mem_addr: 0
mem_addr/reconv_inst_addr: 0
mem_access_size/barrier_id: 4
num_barrier_threads: 0
addr_space/fence_level: GPU_ADDR_SP_INVALID
barrier_id/mem_access_size: 4
fence_level/addr_space: GPU_FENCE_INVALID
*** end of the data structure *** 

*** begin of the data structure *** 
core_id:82 thread_id:12
opcode: NVBIT_IMAD
num_read_regs: 2
num_dest_regs: 1
src0: 255
src1: 255
dst0: 1
is_fp: 0
cf_type: NOT_CF
is_load: 0
inst_size: 16
inst_addr: 7f4eecacbf00
active_mask: ffffffff
br_taken_mask: 0
br_target_addr: 7f4eecacbf10
reconv_inst_addr/mem_addr: 0
mem_addr/reconv_inst_addr: 0
mem_access_size/barrier_id: 4
num_barrier_threads: 0
addr_space/fence_level: GPU_ADDR_SP_INVALID
barrier_id/mem_access_size: 4
fence_level/addr_space: GPU_FENCE_INVALID
*** end of the data structure *** 

*** begin of the data structure *** 
core_id:82 thread_id:13
opcode: NVBIT_IMAD
num_read_regs: 2
num_dest_regs: 1
src0: 255
src1: 255
dst0: 1
is_fp: 0
cf_type: NOT_CF
is_load: 0
inst_size: 16
inst_addr: 7f4eecacbf00
active_mask: ffffffff
br_taken_mask: 0
br_target_addr: 7f4eecacbf10
reconv_inst_addr/mem_addr: 0
mem_addr/reconv_inst_addr: 0
mem_access_size/barrier_id: 4
num_barrier_threads: 0
addr_space/fence_level: GPU_ADDR_SP_INVALID
barrier_id/mem_access_size: 4
fence_level/addr_space: GPU_FENCE_INVALID
*** end of the data structure *** 

*** begin of the data structure *** 
core_id:82 thread_id:14
opcode: NVBIT_IMAD
num_read_regs: 2
num_dest_regs: 1
src0: 255
src1: 255
dst0: 1
is_fp: 0
cf_type: NOT_CF
is_load: 0
inst_size: 16
inst_addr: 7f4eecacbf00
active_mask: ffffffff
br_taken_mask: 0
br_target_addr: 7f4eecacbf10
reconv_inst_addr/mem_addr: 0
mem_addr/reconv_inst_addr: 0
mem_access_size/barrier_id: 4
num_barrier_threads: 0
addr_space/fence_level: GPU_ADDR_SP_INVALID
barrier_id/mem_access_size: 4
fence_level/addr_space: GPU_FENCE_INVALID
*** end of the data structure *** 

*** begin of the data structure *** 
core_id:82 thread_id:15
opcode: NVBIT_IMAD
num_read_regs: 2
num_dest_regs: 1
src0: 255
src1: 255
dst0: 1
is_fp: 0
cf_type: NOT_CF
is_load: 0
inst_size: 16
inst_addr: 7f4eecacbf00
active_mask: ffffffff
br_taken_mask: 0
br_target_addr: 7f4eecacbf10
reconv_inst_addr/mem_addr: 0
mem_addr/reconv_inst_addr: 0
mem_access_size/barrier_id: 4
num_barrier_threads: 0
addr_space/fence_level: GPU_ADDR_SP_INVALID
barrier_id/mem_access_size: 4
fence_level/addr_space: GPU_FENCE_INVALID
*** end of the data structure *** 

*** begin of the data structure *** 
core_id:83 thread_id:12
opcode: NVBIT_IMAD
num_read_regs: 2
num_dest_regs: 1
src0: 255
src1: 255
dst0: 1
is_fp: 0
cf_type: NOT_CF
is_load: 0
inst_size: 16
inst_addr: 7f4eecacbf00
active_mask: ffffffff
br_taken_mask: 0
br_target_addr: 7f4eecacbf10
reconv_inst_addr/mem_addr: 0
mem_addr/reconv_inst_addr: 0
mem_access_size/barrier_id: 4
num_barrier_threads: 0
addr_space/fence_level: GPU_ADDR_SP_INVALID
barrier_id/mem_access_size: 4
fence_level/addr_space: GPU_FENCE_INVALID
*** end of the data structure *** 

*** begin of the data structure *** 
core_id:83 thread_id:13
opcode: NVBIT_IMAD
num_read_regs: 2
num_dest_regs: 1
src0: 255
src1: 255
dst0: 1
is_fp: 0
cf_type: NOT_CF
is_load: 0
inst_size: 16
inst_addr: 7f4eecacbf00
active_mask: ffffffff
br_taken_mask: 0
br_target_addr: 7f4eecacbf10
reconv_inst_addr/mem_addr: 0
mem_addr/reconv_inst_addr: 0
mem_access_size/barrier_id: 4
num_barrier_threads: 0
addr_space/fence_level: GPU_ADDR_SP_INVALID
barrier_id/mem_access_size: 4
fence_level/addr_space: GPU_FENCE_INVALID
*** end of the data structure *** 

*** begin of the data structure *** 
core_id:83 thread_id:14
opcode: NVBIT_IMAD
num_read_regs: 2
num_dest_regs: 1
src0: 255
src1: 255
dst0: 1
is_fp: 0
cf_type: NOT_CF
is_load: 0
inst_size: 16
inst_addr: 7f4eecacbf00
active_mask: ffffffff
br_taken_mask: 0
br_target_addr: 7f4eecacbf10
reconv_inst_addr/mem_addr: 0
mem_addr/reconv_inst_addr: 0
mem_access_size/barrier_id: 4
num_barrier_threads: 0
addr_space/fence_level: GPU_ADDR_SP_INVALID
barrier_id/mem_access_size: 4
fence_level/addr_space: GPU_FENCE_INVALID
*** end of the data structure *** 

*** begin of the data structure *** 
core_id:83 thread_id:15
opcode: NVBIT_IMAD
num_read_regs: 2
num_dest_regs: 1
src0: 255
src1: 255
dst0: 1
is_fp: 0
cf_type: NOT_CF
is_load: 0
inst_size: 16
inst_addr: 7f4eecacbf00
active_mask: ffffffff
br_taken_mask: 0
br_target_addr: 7f4eecacbf10
reconv_inst_addr/mem_addr: 0
mem_addr/reconv_inst_addr: 0
mem_access_size/barrier_id: 4
num_barrier_threads: 0
addr_space/fence_level: GPU_ADDR_SP_INVALID
barrier_id/mem_access_size: 4
fence_level/addr_space: GPU_FENCE_INVALID
*** end of the data structure *** 

*** begin of the data structure *** 
core_id:84 thread_id:12
opcode: NVBIT_IMAD
num_read_regs: 2
num_dest_regs: 1
src0: 255
src1: 255
dst0: 1
is_fp: 0
cf_type: NOT_CF
is_load: 0
inst_size: 16
inst_addr: 7f4eecacbf00
active_mask: ffffffff
br_taken_mask: 0
br_target_addr: 7f4eecacbf10
reconv_inst_addr/mem_addr: 0
mem_addr/reconv_inst_addr: 0
mem_access_size/barrier_id: 4
num_barrier_threads: 0
addr_space/fence_level: GPU_ADDR_SP_INVALID
barrier_id/mem_access_size: 4
fence_level/addr_space: GPU_FENCE_INVALID
*** end of the data structure *** 

*** begin of the data structure *** 
core_id:84 thread_id:13
opcode: NVBIT_IMAD
num_read_regs: 2
num_dest_regs: 1
src0: 255
src1: 255
dst0: 1
is_fp: 0
cf_type: NOT_CF
is_load: 0
inst_size: 16
inst_addr: 7f4eecacbf00
active_mask: ffffffff
br_taken_mask: 0
br_target_addr: 7f4eecacbf10
reconv_inst_addr/mem_addr: 0
mem_addr/reconv_inst_addr: 0
mem_access_size/barrier_id: 4
num_barrier_threads: 0
addr_space/fence_level: GPU_ADDR_SP_INVALID
barrier_id/mem_access_size: 4
fence_level/addr_space: GPU_FENCE_INVALID
*** end of the data structure *** 

*** begin of the data structure *** 
core_id:84 thread_id:14
opcode: NVBIT_IMAD
num_read_regs: 2
num_dest_regs: 1
src0: 255
src1: 255
dst0: 1
is_fp: 0
cf_type: NOT_CF
is_load: 0
inst_size: 16
inst_addr: 7f4eecacbf00
active_mask: ffffffff
br_taken_mask: 0
br_target_addr: 7f4eecacbf10
reconv_inst_addr/mem_addr: 0
mem_addr/reconv_inst_addr: 0
mem_access_size/barrier_id: 4
num_barrier_threads: 0
addr_space/fence_level: GPU_ADDR_SP_INVALID
barrier_id/mem_access_size: 4
fence_level/addr_space: GPU_FENCE_INVALID
*** end of the data structure *** 

*** begin of the data structure *** 
core_id:84 thread_id:15
opcode: NVBIT_IMAD
num_read_regs: 2
num_dest_regs: 1
src0: 255
src1: 255
dst0: 1
is_fp: 0
cf_type: NOT_CF
is_load: 0
inst_size: 16
inst_addr: 7f4eecacbf00
active_mask: ffffffff
br_taken_mask: 0
br_target_addr: 7f4eecacbf10
reconv_inst_addr/mem_addr: 0
mem_addr/reconv_inst_addr: 0
mem_access_size/barrier_id: 4
num_barrier_threads: 0
addr_space/fence_level: GPU_ADDR_SP_INVALID
barrier_id/mem_access_size: 4
fence_level/addr_space: GPU_FENCE_INVALID
*** end of the data structure *** 

*** begin of the data structure *** 
core_id:85 thread_id:12
opcode: NVBIT_IMAD
num_read_regs: 2
num_dest_regs: 1
src0: 255
src1: 255
dst0: 1
is_fp: 0
cf_type: NOT_CF
is_load: 0
inst_size: 16
inst_addr: 7f4eecacbf00
active_mask: ffffffff
br_taken_mask: 0
br_target_addr: 7f4eecacbf10
reconv_inst_addr/mem_addr: 0
mem_addr/reconv_inst_addr: 0
mem_access_size/barrier_id: 4
num_barrier_threads: 0
addr_space/fence_level: GPU_ADDR_SP_INVALID
barrier_id/mem_access_size: 4
fence_level/addr_space: GPU_FENCE_INVALID
*** end of the data structure *** 

*** begin of the data structure *** 
core_id:85 thread_id:13
opcode: NVBIT_IMAD
num_read_regs: 2
num_dest_regs: 1
src0: 255
src1: 255
dst0: 1
is_fp: 0
cf_type: NOT_CF
is_load: 0
inst_size: 16
inst_addr: 7f4eecacbf00
active_mask: ffffffff
br_taken_mask: 0
br_target_addr: 7f4eecacbf10
reconv_inst_addr/mem_addr: 0
mem_addr/reconv_inst_addr: 0
mem_access_size/barrier_id: 4
num_barrier_threads: 0
addr_space/fence_level: GPU_ADDR_SP_INVALID
barrier_id/mem_access_size: 4
fence_level/addr_space: GPU_FENCE_INVALID
*** end of the data structure *** 

*** begin of the data structure *** 
core_id:85 thread_id:14
opcode: NVBIT_IMAD
num_read_regs: 2
num_dest_regs: 1
src0: 255
src1: 255
dst0: 1
is_fp: 0
cf_type: NOT_CF
is_load: 0
inst_size: 16
inst_addr: 7f4eecacbf00
active_mask: ffffffff
br_taken_mask: 0
br_target_addr: 7f4eecacbf10
reconv_inst_addr/mem_addr: 0
mem_addr/reconv_inst_addr: 0
mem_access_size/barrier_id: 4
num_barrier_threads: 0
addr_space/fence_level: GPU_ADDR_SP_INVALID
barrier_id/mem_access_size: 4
fence_level/addr_space: GPU_FENCE_INVALID
*** end of the data structure *** 

*** begin of the data structure *** 
core_id:85 thread_id:15
opcode: NVBIT_IMAD
num_read_regs: 2
num_dest_regs: 1
src0: 255
src1: 255
dst0: 1
is_fp: 0
cf_type: NOT_CF
is_load: 0
inst_size: 16
inst_addr: 7f4eecacbf00
active_mask: ffffffff
br_taken_mask: 0
br_target_addr: 7f4eecacbf10
reconv_inst_addr/mem_addr: 0
mem_addr/reconv_inst_addr: 0
mem_access_size/barrier_id: 4
num_barrier_threads: 0
addr_space/fence_level: GPU_ADDR_SP_INVALID
barrier_id/mem_access_size: 4
fence_level/addr_space: GPU_FENCE_INVALID
*** end of the data structure *** 

*** begin of the data structure *** 
core_id:86 thread_id:12
opcode: NVBIT_IMAD
num_read_regs: 2
num_dest_regs: 1
src0: 255
src1: 255
dst0: 1
is_fp: 0
cf_type: NOT_CF
is_load: 0
inst_size: 16
inst_addr: 7f4eecacbf00
active_mask: ffffffff
br_taken_mask: 0
br_target_addr: 7f4eecacbf10
reconv_inst_addr/mem_addr: 0
mem_addr/reconv_inst_addr: 0
mem_access_size/barrier_id: 4
num_barrier_threads: 0
addr_space/fence_level: GPU_ADDR_SP_INVALID
barrier_id/mem_access_size: 4
fence_level/addr_space: GPU_FENCE_INVALID
*** end of the data structure *** 

*** begin of the data structure *** 
core_id:86 thread_id:13
opcode: NVBIT_IMAD
num_read_regs: 2
num_dest_regs: 1
src0: 255
src1: 255
dst0: 1
is_fp: 0
cf_type: NOT_CF
is_load: 0
inst_size: 16
inst_addr: 7f4eecacbf00
active_mask: ffffffff
br_taken_mask: 0
br_target_addr: 7f4eecacbf10
reconv_inst_addr/mem_addr: 0
mem_addr/reconv_inst_addr: 0
mem_access_size/barrier_id: 4
num_barrier_threads: 0
addr_space/fence_level: GPU_ADDR_SP_INVALID
barrier_id/mem_access_size: 4
fence_level/addr_space: GPU_FENCE_INVALID
*** end of the data structure *** 

*** begin of the data structure *** 
core_id:86 thread_id:14
opcode: NVBIT_IMAD
num_read_regs: 2
num_dest_regs: 1
src0: 255
src1: 255
dst0: 1
is_fp: 0
cf_type: NOT_CF
is_load: 0
inst_size: 16
inst_addr: 7f4eecacbf00
active_mask: ffffffff
br_taken_mask: 0
br_target_addr: 7f4eecacbf10
reconv_inst_addr/mem_addr: 0
mem_addr/reconv_inst_addr: 0
mem_access_size/barrier_id: 4
num_barrier_threads: 0
addr_space/fence_level: GPU_ADDR_SP_INVALID
barrier_id/mem_access_size: 4
fence_level/addr_space: GPU_FENCE_INVALID
*** end of the data structure *** 

*** begin of the data structure *** 
core_id:86 thread_id:15
opcode: NVBIT_IMAD
num_read_regs: 2
num_dest_regs: 1
src0: 255
src1: 255
dst0: 1
is_fp: 0
cf_type: NOT_CF
is_load: 0
inst_size: 16
inst_addr: 7f4eecacbf00
active_mask: ffffffff
br_taken_mask: 0
br_target_addr: 7f4eecacbf10
reconv_inst_addr/mem_addr: 0
mem_addr/reconv_inst_addr: 0
mem_access_size/barrier_id: 4
num_barrier_threads: 0
addr_space/fence_level: GPU_ADDR_SP_INVALID
barrier_id/mem_access_size: 4
fence_level/addr_space: GPU_FENCE_INVALID
*** end of the data structure *** 

*** begin of the data structure *** 
core_id:87 thread_id:12
opcode: NVBIT_IMAD
num_read_regs: 2
num_dest_regs: 1
src0: 255
src1: 255
dst0: 1
is_fp: 0
cf_type: NOT_CF
is_load: 0
inst_size: 16
inst_addr: 7f4eecacbf00
active_mask: ffffffff
br_taken_mask: 0
br_target_addr: 7f4eecacbf10
reconv_inst_addr/mem_addr: 0
mem_addr/reconv_inst_addr: 0
mem_access_size/barrier_id: 4
num_barrier_threads: 0
addr_space/fence_level: GPU_ADDR_SP_INVALID
barrier_id/mem_access_size: 4
fence_level/addr_space: GPU_FENCE_INVALID
*** end of the data structure *** 

*** begin of the data structure *** 
core_id:87 thread_id:13
opcode: NVBIT_IMAD
num_read_regs: 2
num_dest_regs: 1
src0: 255
src1: 255
dst0: 1
is_fp: 0
cf_type: NOT_CF
is_load: 0
inst_size: 16
inst_addr: 7f4eecacbf00
active_mask: ffffffff
br_taken_mask: 0
br_target_addr: 7f4eecacbf10
reconv_inst_addr/mem_addr: 0
mem_addr/reconv_inst_addr: 0
mem_access_size/barrier_id: 4
num_barrier_threads: 0
addr_space/fence_level: GPU_ADDR_SP_INVALID
barrier_id/mem_access_size: 4
fence_level/addr_space: GPU_FENCE_INVALID
*** end of the data structure *** 

*** begin of the data structure *** 
core_id:87 thread_id:14
opcode: NVBIT_IMAD
num_read_regs: 2
num_dest_regs: 1
src0: 255
src1: 255
dst0: 1
is_fp: 0
cf_type: NOT_CF
is_load: 0
inst_size: 16
inst_addr: 7f4eecacbf00
active_mask: ffffffff
br_taken_mask: 0
br_target_addr: 7f4eecacbf10
reconv_inst_addr/mem_addr: 0
mem_addr/reconv_inst_addr: 0
mem_access_size/barrier_id: 4
num_barrier_threads: 0
addr_space/fence_level: GPU_ADDR_SP_INVALID
barrier_id/mem_access_size: 4
fence_level/addr_space: GPU_FENCE_INVALID
*** end of the data structure *** 

*** begin of the data structure *** 
core_id:87 thread_id:15
opcode: NVBIT_IMAD
num_read_regs: 2
num_dest_regs: 1
src0: 255
src1: 255
dst0: 1
is_fp: 0
cf_type: NOT_CF
is_load: 0
inst_size: 16
inst_addr: 7f4eecacbf00
active_mask: ffffffff
br_taken_mask: 0
br_target_addr: 7f4eecacbf10
reconv_inst_addr/mem_addr: 0
mem_addr/reconv_inst_addr: 0
mem_access_size/barrier_id: 4
num_barrier_threads: 0
addr_space/fence_level: GPU_ADDR_SP_INVALID
barrier_id/mem_access_size: 4
fence_level/addr_space: GPU_FENCE_INVALID
*** end of the data structure *** 

*** begin of the data structure *** 
core_id:88 thread_id:12
opcode: NVBIT_IMAD
num_read_regs: 2
num_dest_regs: 1
src0: 255
src1: 255
dst0: 1
is_fp: 0
cf_type: NOT_CF
is_load: 0
inst_size: 16
inst_addr: 7f4eecacbf00
active_mask: ffffffff
br_taken_mask: 0
br_target_addr: 7f4eecacbf10
reconv_inst_addr/mem_addr: 0
mem_addr/reconv_inst_addr: 0
mem_access_size/barrier_id: 4
num_barrier_threads: 0
addr_space/fence_level: GPU_ADDR_SP_INVALID
barrier_id/mem_access_size: 4
fence_level/addr_space: GPU_FENCE_INVALID
*** end of the data structure *** 

*** begin of the data structure *** 
core_id:88 thread_id:13
opcode: NVBIT_IMAD
num_read_regs: 2
num_dest_regs: 1
src0: 255
src1: 255
dst0: 1
is_fp: 0
cf_type: NOT_CF
is_load: 0
inst_size: 16
inst_addr: 7f4eecacbf00
active_mask: ffffffff
br_taken_mask: 0
br_target_addr: 7f4eecacbf10
reconv_inst_addr/mem_addr: 0
mem_addr/reconv_inst_addr: 0
mem_access_size/barrier_id: 4
num_barrier_threads: 0
addr_space/fence_level: GPU_ADDR_SP_INVALID
barrier_id/mem_access_size: 4
fence_level/addr_space: GPU_FENCE_INVALID
*** end of the data structure *** 

*** begin of the data structure *** 
core_id:88 thread_id:14
opcode: NVBIT_IMAD
num_read_regs: 2
num_dest_regs: 1
src0: 255
src1: 255
dst0: 1
is_fp: 0
cf_type: NOT_CF
is_load: 0
inst_size: 16
inst_addr: 7f4eecacbf00
active_mask: ffffffff
br_taken_mask: 0
br_target_addr: 7f4eecacbf10
reconv_inst_addr/mem_addr: 0
mem_addr/reconv_inst_addr: 0
mem_access_size/barrier_id: 4
num_barrier_threads: 0
addr_space/fence_level: GPU_ADDR_SP_INVALID
barrier_id/mem_access_size: 4
fence_level/addr_space: GPU_FENCE_INVALID
*** end of the data structure *** 

*** begin of the data structure *** 
core_id:88 thread_id:15
opcode: NVBIT_IMAD
num_read_regs: 2
num_dest_regs: 1
src0: 255
src1: 255
dst0: 1
is_fp: 0
cf_type: NOT_CF
is_load: 0
inst_size: 16
inst_addr: 7f4eecacbf00
active_mask: ffffffff
br_taken_mask: 0
br_target_addr: 7f4eecacbf10
reconv_inst_addr/mem_addr: 0
mem_addr/reconv_inst_addr: 0
mem_access_size/barrier_id: 4
num_barrier_threads: 0
addr_space/fence_level: GPU_ADDR_SP_INVALID
barrier_id/mem_access_size: 4
fence_level/addr_space: GPU_FENCE_INVALID
*** end of the data structure *** 

*** begin of the data structure *** 
core_id:89 thread_id:12
opcode: NVBIT_IMAD
num_read_regs: 2
num_dest_regs: 1
src0: 255
src1: 255
dst0: 1
is_fp: 0
cf_type: NOT_CF
is_load: 0
inst_size: 16
inst_addr: 7f4eecacbf00
active_mask: ffffffff
br_taken_mask: 0
br_target_addr: 7f4eecacbf10
reconv_inst_addr/mem_addr: 0
mem_addr/reconv_inst_addr: 0
mem_access_size/barrier_id: 4
num_barrier_threads: 0
addr_space/fence_level: GPU_ADDR_SP_INVALID
barrier_id/mem_access_size: 4
fence_level/addr_space: GPU_FENCE_INVALID
*** end of the data structure *** 

*** begin of the data structure *** 
core_id:89 thread_id:13
opcode: NVBIT_IMAD
num_read_regs: 2
num_dest_regs: 1
src0: 255
src1: 255
dst0: 1
is_fp: 0
cf_type: NOT_CF
is_load: 0
inst_size: 16
inst_addr: 7f4eecacbf00
active_mask: ffffffff
br_taken_mask: 0
br_target_addr: 7f4eecacbf10
reconv_inst_addr/mem_addr: 0
mem_addr/reconv_inst_addr: 0
mem_access_size/barrier_id: 4
num_barrier_threads: 0
addr_space/fence_level: GPU_ADDR_SP_INVALID
barrier_id/mem_access_size: 4
fence_level/addr_space: GPU_FENCE_INVALID
*** end of the data structure *** 

*** begin of the data structure *** 
core_id:89 thread_id:14
opcode: NVBIT_IMAD
num_read_regs: 2
num_dest_regs: 1
src0: 255
src1: 255
dst0: 1
is_fp: 0
cf_type: NOT_CF
is_load: 0
inst_size: 16
inst_addr: 7f4eecacbf00
active_mask: ffffffff
br_taken_mask: 0
br_target_addr: 7f4eecacbf10
reconv_inst_addr/mem_addr: 0
mem_addr/reconv_inst_addr: 0
mem_access_size/barrier_id: 4
num_barrier_threads: 0
addr_space/fence_level: GPU_ADDR_SP_INVALID
barrier_id/mem_access_size: 4
fence_level/addr_space: GPU_FENCE_INVALID
*** end of the data structure *** 

*** begin of the data structure *** 
core_id:89 thread_id:15
opcode: NVBIT_IMAD
num_read_regs: 2
num_dest_regs: 1
src0: 255
src1: 255
dst0: 1
is_fp: 0
cf_type: NOT_CF
is_load: 0
inst_size: 16
inst_addr: 7f4eecacbf00
active_mask: ffffffff
br_taken_mask: 0
br_target_addr: 7f4eecacbf10
reconv_inst_addr/mem_addr: 0
mem_addr/reconv_inst_addr: 0
mem_access_size/barrier_id: 4
num_barrier_threads: 0
addr_space/fence_level: GPU_ADDR_SP_INVALID
barrier_id/mem_access_size: 4
fence_level/addr_space: GPU_FENCE_INVALID
*** end of the data structure *** 

*** begin of the data structure *** 
core_id:90 thread_id:12
opcode: NVBIT_IMAD
num_read_regs: 2
num_dest_regs: 1
src0: 255
src1: 255
dst0: 1
is_fp: 0
cf_type: NOT_CF
is_load: 0
inst_size: 16
inst_addr: 7f4eecacbf00
active_mask: ffffffff
br_taken_mask: 0
br_target_addr: 7f4eecacbf10
reconv_inst_addr/mem_addr: 0
mem_addr/reconv_inst_addr: 0
mem_access_size/barrier_id: 4
num_barrier_threads: 0
addr_space/fence_level: GPU_ADDR_SP_INVALID
barrier_id/mem_access_size: 4
fence_level/addr_space: GPU_FENCE_INVALID
*** end of the data structure *** 

*** begin of the data structure *** 
core_id:90 thread_id:13
opcode: NVBIT_IMAD
num_read_regs: 2
num_dest_regs: 1
src0: 255
src1: 255
dst0: 1
is_fp: 0
cf_type: NOT_CF
is_load: 0
inst_size: 16
inst_addr: 7f4eecacbf00
active_mask: ffffffff
br_taken_mask: 0
br_target_addr: 7f4eecacbf10
reconv_inst_addr/mem_addr: 0
mem_addr/reconv_inst_addr: 0
mem_access_size/barrier_id: 4
num_barrier_threads: 0
addr_space/fence_level: GPU_ADDR_SP_INVALID
barrier_id/mem_access_size: 4
fence_level/addr_space: GPU_FENCE_INVALID
*** end of the data structure *** 

*** begin of the data structure *** 
core_id:90 thread_id:14
opcode: NVBIT_IMAD
num_read_regs: 2
num_dest_regs: 1
src0: 255
src1: 255
dst0: 1
is_fp: 0
cf_type: NOT_CF
is_load: 0
inst_size: 16
inst_addr: 7f4eecacbf00
active_mask: ffffffff
br_taken_mask: 0
br_target_addr: 7f4eecacbf10
reconv_inst_addr/mem_addr: 0
mem_addr/reconv_inst_addr: 0
mem_access_size/barrier_id: 4
num_barrier_threads: 0
addr_space/fence_level: GPU_ADDR_SP_INVALID
barrier_id/mem_access_size: 4
fence_level/addr_space: GPU_FENCE_INVALID
*** end of the data structure *** 

*** begin of the data structure *** 
core_id:90 thread_id:15
opcode: NVBIT_IMAD
num_read_regs: 2
num_dest_regs: 1
src0: 255
src1: 255
dst0: 1
is_fp: 0
cf_type: NOT_CF
is_load: 0
inst_size: 16
inst_addr: 7f4eecacbf00
active_mask: ffffffff
br_taken_mask: 0
br_target_addr: 7f4eecacbf10
reconv_inst_addr/mem_addr: 0
mem_addr/reconv_inst_addr: 0
mem_access_size/barrier_id: 4
num_barrier_threads: 0
addr_space/fence_level: GPU_ADDR_SP_INVALID
barrier_id/mem_access_size: 4
fence_level/addr_space: GPU_FENCE_INVALID
*** end of the data structure *** 

*** begin of the data structure *** 
core_id:91 thread_id:12
opcode: NVBIT_IMAD
num_read_regs: 2
num_dest_regs: 1
src0: 255
src1: 255
dst0: 1
is_fp: 0
cf_type: NOT_CF
is_load: 0
inst_size: 16
inst_addr: 7f4eecacbf00
active_mask: ffffffff
br_taken_mask: 0
br_target_addr: 7f4eecacbf10
reconv_inst_addr/mem_addr: 0
mem_addr/reconv_inst_addr: 0
mem_access_size/barrier_id: 4
num_barrier_threads: 0
addr_space/fence_level: GPU_ADDR_SP_INVALID
barrier_id/mem_access_size: 4
fence_level/addr_space: GPU_FENCE_INVALID
*** end of the data structure *** 

*** begin of the data structure *** 
core_id:91 thread_id:13
opcode: NVBIT_IMAD
num_read_regs: 2
num_dest_regs: 1
src0: 255
src1: 255
dst0: 1
is_fp: 0
cf_type: NOT_CF
is_load: 0
inst_size: 16
inst_addr: 7f4eecacbf00
active_mask: ffffffff
br_taken_mask: 0
br_target_addr: 7f4eecacbf10
reconv_inst_addr/mem_addr: 0
mem_addr/reconv_inst_addr: 0
mem_access_size/barrier_id: 4
num_barrier_threads: 0
addr_space/fence_level: GPU_ADDR_SP_INVALID
barrier_id/mem_access_size: 4
fence_level/addr_space: GPU_FENCE_INVALID
*** end of the data structure *** 

*** begin of the data structure *** 
core_id:91 thread_id:14
opcode: NVBIT_IMAD
num_read_regs: 2
num_dest_regs: 1
src0: 255
src1: 255
dst0: 1
is_fp: 0
cf_type: NOT_CF
is_load: 0
inst_size: 16
inst_addr: 7f4eecacbf00
active_mask: ffffffff
br_taken_mask: 0
br_target_addr: 7f4eecacbf10
reconv_inst_addr/mem_addr: 0
mem_addr/reconv_inst_addr: 0
mem_access_size/barrier_id: 4
num_barrier_threads: 0
addr_space/fence_level: GPU_ADDR_SP_INVALID
barrier_id/mem_access_size: 4
fence_level/addr_space: GPU_FENCE_INVALID
*** end of the data structure *** 

*** begin of the data structure *** 
core_id:91 thread_id:15
opcode: NVBIT_IMAD
num_read_regs: 2
num_dest_regs: 1
src0: 255
src1: 255
dst0: 1
is_fp: 0
cf_type: NOT_CF
is_load: 0
inst_size: 16
inst_addr: 7f4eecacbf00
active_mask: ffffffff
br_taken_mask: 0
br_target_addr: 7f4eecacbf10
reconv_inst_addr/mem_addr: 0
mem_addr/reconv_inst_addr: 0
mem_access_size/barrier_id: 4
num_barrier_threads: 0
addr_space/fence_level: GPU_ADDR_SP_INVALID
barrier_id/mem_access_size: 4
fence_level/addr_space: GPU_FENCE_INVALID
*** end of the data structure *** 

*** begin of the data structure *** 
core_id:92 thread_id:12
opcode: NVBIT_IMAD
num_read_regs: 2
num_dest_regs: 1
src0: 255
src1: 255
dst0: 1
is_fp: 0
cf_type: NOT_CF
is_load: 0
inst_size: 16
inst_addr: 7f4eecacbf00
active_mask: ffffffff
br_taken_mask: 0
br_target_addr: 7f4eecacbf10
reconv_inst_addr/mem_addr: 0
mem_addr/reconv_inst_addr: 0
mem_access_size/barrier_id: 4
num_barrier_threads: 0
addr_space/fence_level: GPU_ADDR_SP_INVALID
barrier_id/mem_access_size: 4
fence_level/addr_space: GPU_FENCE_INVALID
*** end of the data structure *** 

*** begin of the data structure *** 
core_id:92 thread_id:13
opcode: NVBIT_IMAD
num_read_regs: 2
num_dest_regs: 1
src0: 255
src1: 255
dst0: 1
is_fp: 0
cf_type: NOT_CF
is_load: 0
inst_size: 16
inst_addr: 7f4eecacbf00
active_mask: ffffffff
br_taken_mask: 0
br_target_addr: 7f4eecacbf10
reconv_inst_addr/mem_addr: 0
mem_addr/reconv_inst_addr: 0
mem_access_size/barrier_id: 4
num_barrier_threads: 0
addr_space/fence_level: GPU_ADDR_SP_INVALID
barrier_id/mem_access_size: 4
fence_level/addr_space: GPU_FENCE_INVALID
*** end of the data structure *** 

*** begin of the data structure *** 
core_id:92 thread_id:14
opcode: NVBIT_IMAD
num_read_regs: 2
num_dest_regs: 1
src0: 255
src1: 255
dst0: 1
is_fp: 0
cf_type: NOT_CF
is_load: 0
inst_size: 16
inst_addr: 7f4eecacbf00
active_mask: ffffffff
br_taken_mask: 0
br_target_addr: 7f4eecacbf10
reconv_inst_addr/mem_addr: 0
mem_addr/reconv_inst_addr: 0
mem_access_size/barrier_id: 4
num_barrier_threads: 0
addr_space/fence_level: GPU_ADDR_SP_INVALID
barrier_id/mem_access_size: 4
fence_level/addr_space: GPU_FENCE_INVALID
*** end of the data structure *** 

*** begin of the data structure *** 
core_id:92 thread_id:15
opcode: NVBIT_IMAD
num_read_regs: 2
num_dest_regs: 1
src0: 255
src1: 255
dst0: 1
is_fp: 0
cf_type: NOT_CF
is_load: 0
inst_size: 16
inst_addr: 7f4eecacbf00
active_mask: ffffffff
br_taken_mask: 0
br_target_addr: 7f4eecacbf10
reconv_inst_addr/mem_addr: 0
mem_addr/reconv_inst_addr: 0
mem_access_size/barrier_id: 4
num_barrier_threads: 0
addr_space/fence_level: GPU_ADDR_SP_INVALID
barrier_id/mem_access_size: 4
fence_level/addr_space: GPU_FENCE_INVALID
*** end of the data structure *** 

*** begin of the data structure *** 
core_id:93 thread_id:12
opcode: NVBIT_IMAD
num_read_regs: 2
num_dest_regs: 1
src0: 255
src1: 255
dst0: 1
is_fp: 0
cf_type: NOT_CF
is_load: 0
inst_size: 16
inst_addr: 7f4eecacbf00
active_mask: ffffffff
br_taken_mask: 0
br_target_addr: 7f4eecacbf10
reconv_inst_addr/mem_addr: 0
mem_addr/reconv_inst_addr: 0
mem_access_size/barrier_id: 4
num_barrier_threads: 0
addr_space/fence_level: GPU_ADDR_SP_INVALID
barrier_id/mem_access_size: 4
fence_level/addr_space: GPU_FENCE_INVALID
*** end of the data structure *** 

*** begin of the data structure *** 
core_id:93 thread_id:13
opcode: NVBIT_IMAD
num_read_regs: 2
num_dest_regs: 1
src0: 255
src1: 255
dst0: 1
is_fp: 0
cf_type: NOT_CF
is_load: 0
inst_size: 16
inst_addr: 7f4eecacbf00
active_mask: ffffffff
br_taken_mask: 0
br_target_addr: 7f4eecacbf10
reconv_inst_addr/mem_addr: 0
mem_addr/reconv_inst_addr: 0
mem_access_size/barrier_id: 4
num_barrier_threads: 0
addr_space/fence_level: GPU_ADDR_SP_INVALID
barrier_id/mem_access_size: 4
fence_level/addr_space: GPU_FENCE_INVALID
*** end of the data structure *** 

*** begin of the data structure *** 
core_id:93 thread_id:14
opcode: NVBIT_IMAD
num_read_regs: 2
num_dest_regs: 1
src0: 255
src1: 255
dst0: 1
is_fp: 0
cf_type: NOT_CF
is_load: 0
inst_size: 16
inst_addr: 7f4eecacbf00
active_mask: ffffffff
br_taken_mask: 0
br_target_addr: 7f4eecacbf10
reconv_inst_addr/mem_addr: 0
mem_addr/reconv_inst_addr: 0
mem_access_size/barrier_id: 4
num_barrier_threads: 0
addr_space/fence_level: GPU_ADDR_SP_INVALID
barrier_id/mem_access_size: 4
fence_level/addr_space: GPU_FENCE_INVALID
*** end of the data structure *** 

*** begin of the data structure *** 
core_id:93 thread_id:15
opcode: NVBIT_IMAD
num_read_regs: 2
num_dest_regs: 1
src0: 255
src1: 255
dst0: 1
is_fp: 0
cf_type: NOT_CF
is_load: 0
inst_size: 16
inst_addr: 7f4eecacbf00
active_mask: ffffffff
br_taken_mask: 0
br_target_addr: 7f4eecacbf10
reconv_inst_addr/mem_addr: 0
mem_addr/reconv_inst_addr: 0
mem_access_size/barrier_id: 4
num_barrier_threads: 0
addr_space/fence_level: GPU_ADDR_SP_INVALID
barrier_id/mem_access_size: 4
fence_level/addr_space: GPU_FENCE_INVALID
*** end of the data structure *** 

*** begin of the data structure *** 
core_id:94 thread_id:12
opcode: NVBIT_IMAD
num_read_regs: 2
num_dest_regs: 1
src0: 255
src1: 255
dst0: 1
is_fp: 0
cf_type: NOT_CF
is_load: 0
inst_size: 16
inst_addr: 7f4eecacbf00
active_mask: ffffffff
br_taken_mask: 0
br_target_addr: 7f4eecacbf10
reconv_inst_addr/mem_addr: 0
mem_addr/reconv_inst_addr: 0
mem_access_size/barrier_id: 4
num_barrier_threads: 0
addr_space/fence_level: GPU_ADDR_SP_INVALID
barrier_id/mem_access_size: 4
fence_level/addr_space: GPU_FENCE_INVALID
*** end of the data structure *** 

*** begin of the data structure *** 
core_id:94 thread_id:13
opcode: NVBIT_IMAD
num_read_regs: 2
num_dest_regs: 1
src0: 255
src1: 255
dst0: 1
is_fp: 0
cf_type: NOT_CF
is_load: 0
inst_size: 16
inst_addr: 7f4eecacbf00
active_mask: ffffffff
br_taken_mask: 0
br_target_addr: 7f4eecacbf10
reconv_inst_addr/mem_addr: 0
mem_addr/reconv_inst_addr: 0
mem_access_size/barrier_id: 4
num_barrier_threads: 0
addr_space/fence_level: GPU_ADDR_SP_INVALID
barrier_id/mem_access_size: 4
fence_level/addr_space: GPU_FENCE_INVALID
*** end of the data structure *** 

*** begin of the data structure *** 
core_id:94 thread_id:14
opcode: NVBIT_IMAD
num_read_regs: 2
num_dest_regs: 1
src0: 255
src1: 255
dst0: 1
is_fp: 0
cf_type: NOT_CF
is_load: 0
inst_size: 16
inst_addr: 7f4eecacbf00
active_mask: ffffffff
br_taken_mask: 0
br_target_addr: 7f4eecacbf10
reconv_inst_addr/mem_addr: 0
mem_addr/reconv_inst_addr: 0
mem_access_size/barrier_id: 4
num_barrier_threads: 0
addr_space/fence_level: GPU_ADDR_SP_INVALID
barrier_id/mem_access_size: 4
fence_level/addr_space: GPU_FENCE_INVALID
*** end of the data structure *** 

*** begin of the data structure *** 
core_id:94 thread_id:15
opcode: NVBIT_IMAD
num_read_regs: 2
num_dest_regs: 1
src0: 255
src1: 255
dst0: 1
is_fp: 0
cf_type: NOT_CF
is_load: 0
inst_size: 16
inst_addr: 7f4eecacbf00
active_mask: ffffffff
br_taken_mask: 0
br_target_addr: 7f4eecacbf10
reconv_inst_addr/mem_addr: 0
mem_addr/reconv_inst_addr: 0
mem_access_size/barrier_id: 4
num_barrier_threads: 0
addr_space/fence_level: GPU_ADDR_SP_INVALID
barrier_id/mem_access_size: 4
fence_level/addr_space: GPU_FENCE_INVALID
*** end of the data structure *** 

*** begin of the data structure *** 
core_id:95 thread_id:12
opcode: NVBIT_IMAD
num_read_regs: 2
num_dest_regs: 1
src0: 255
src1: 255
dst0: 1
is_fp: 0
cf_type: NOT_CF
is_load: 0
inst_size: 16
inst_addr: 7f4eecacbf00
active_mask: ffffffff
br_taken_mask: 0
br_target_addr: 7f4eecacbf10
reconv_inst_addr/mem_addr: 0
mem_addr/reconv_inst_addr: 0
mem_access_size/barrier_id: 4
num_barrier_threads: 0
addr_space/fence_level: GPU_ADDR_SP_INVALID
barrier_id/mem_access_size: 4
fence_level/addr_space: GPU_FENCE_INVALID
*** end of the data structure *** 

*** begin of the data structure *** 
core_id:95 thread_id:13
opcode: NVBIT_IMAD
num_read_regs: 2
num_dest_regs: 1
src0: 255
src1: 255
dst0: 1
is_fp: 0
cf_type: NOT_CF
is_load: 0
inst_size: 16
inst_addr: 7f4eecacbf00
active_mask: ffffffff
br_taken_mask: 0
br_target_addr: 7f4eecacbf10
reconv_inst_addr/mem_addr: 0
mem_addr/reconv_inst_addr: 0
mem_access_size/barrier_id: 4
num_barrier_threads: 0
addr_space/fence_level: GPU_ADDR_SP_INVALID
barrier_id/mem_access_size: 4
fence_level/addr_space: GPU_FENCE_INVALID
*** end of the data structure *** 

*** begin of the data structure *** 
core_id:95 thread_id:14
opcode: NVBIT_IMAD
num_read_regs: 2
num_dest_regs: 1
src0: 255
src1: 255
dst0: 1
is_fp: 0
cf_type: NOT_CF
is_load: 0
inst_size: 16
inst_addr: 7f4eecacbf00
active_mask: ffffffff
br_taken_mask: 0
br_target_addr: 7f4eecacbf10
reconv_inst_addr/mem_addr: 0
mem_addr/reconv_inst_addr: 0
mem_access_size/barrier_id: 4
num_barrier_threads: 0
addr_space/fence_level: GPU_ADDR_SP_INVALID
barrier_id/mem_access_size: 4
fence_level/addr_space: GPU_FENCE_INVALID
*** end of the data structure *** 

*** begin of the data structure *** 
core_id:95 thread_id:15
opcode: NVBIT_IMAD
num_read_regs: 2
num_dest_regs: 1
src0: 255
src1: 255
dst0: 1
is_fp: 0
cf_type: NOT_CF
is_load: 0
inst_size: 16
inst_addr: 7f4eecacbf00
active_mask: ffffffff
br_taken_mask: 0
br_target_addr: 7f4eecacbf10
reconv_inst_addr/mem_addr: 0
mem_addr/reconv_inst_addr: 0
mem_access_size/barrier_id: 4
num_barrier_threads: 0
addr_space/fence_level: GPU_ADDR_SP_INVALID
barrier_id/mem_access_size: 4
fence_level/addr_space: GPU_FENCE_INVALID
*** end of the data structure *** 

*** begin of the data structure *** 
core_id:96 thread_id:12
opcode: NVBIT_IMAD
num_read_regs: 2
num_dest_regs: 1
src0: 255
src1: 255
dst0: 1
is_fp: 0
cf_type: NOT_CF
is_load: 0
inst_size: 16
inst_addr: 7f4eecacbf00
active_mask: ffffffff
br_taken_mask: 0
br_target_addr: 7f4eecacbf10
reconv_inst_addr/mem_addr: 0
mem_addr/reconv_inst_addr: 0
mem_access_size/barrier_id: 4
num_barrier_threads: 0
addr_space/fence_level: GPU_ADDR_SP_INVALID
barrier_id/mem_access_size: 4
fence_level/addr_space: GPU_FENCE_INVALID
*** end of the data structure *** 

*** begin of the data structure *** 
core_id:96 thread_id:13
opcode: NVBIT_IMAD
num_read_regs: 2
num_dest_regs: 1
src0: 255
src1: 255
dst0: 1
is_fp: 0
cf_type: NOT_CF
is_load: 0
inst_size: 16
inst_addr: 7f4eecacbf00
active_mask: ffffffff
br_taken_mask: 0
br_target_addr: 7f4eecacbf10
reconv_inst_addr/mem_addr: 0
mem_addr/reconv_inst_addr: 0
mem_access_size/barrier_id: 4
num_barrier_threads: 0
addr_space/fence_level: GPU_ADDR_SP_INVALID
barrier_id/mem_access_size: 4
fence_level/addr_space: GPU_FENCE_INVALID
*** end of the data structure *** 

*** begin of the data structure *** 
core_id:96 thread_id:14
opcode: NVBIT_IMAD
num_read_regs: 2
num_dest_regs: 1
src0: 255
src1: 255
dst0: 1
is_fp: 0
cf_type: NOT_CF
is_load: 0
inst_size: 16
inst_addr: 7f4eecacbf00
active_mask: ffffffff
br_taken_mask: 0
br_target_addr: 7f4eecacbf10
reconv_inst_addr/mem_addr: 0
mem_addr/reconv_inst_addr: 0
mem_access_size/barrier_id: 4
num_barrier_threads: 0
addr_space/fence_level: GPU_ADDR_SP_INVALID
barrier_id/mem_access_size: 4
fence_level/addr_space: GPU_FENCE_INVALID
*** end of the data structure *** 

*** begin of the data structure *** 
core_id:96 thread_id:15
opcode: NVBIT_IMAD
num_read_regs: 2
num_dest_regs: 1
src0: 255
src1: 255
dst0: 1
is_fp: 0
cf_type: NOT_CF
is_load: 0
inst_size: 16
inst_addr: 7f4eecacbf00
active_mask: ffffffff
br_taken_mask: 0
br_target_addr: 7f4eecacbf10
reconv_inst_addr/mem_addr: 0
mem_addr/reconv_inst_addr: 0
mem_access_size/barrier_id: 4
num_barrier_threads: 0
addr_space/fence_level: GPU_ADDR_SP_INVALID
barrier_id/mem_access_size: 4
fence_level/addr_space: GPU_FENCE_INVALID
*** end of the data structure *** 

*** begin of the data structure *** 
core_id:97 thread_id:12
opcode: NVBIT_IMAD
num_read_regs: 2
num_dest_regs: 1
src0: 255
src1: 255
dst0: 1
is_fp: 0
cf_type: NOT_CF
is_load: 0
inst_size: 16
inst_addr: 7f4eecacbf00
active_mask: ffffffff
br_taken_mask: 0
br_target_addr: 7f4eecacbf10
reconv_inst_addr/mem_addr: 0
mem_addr/reconv_inst_addr: 0
mem_access_size/barrier_id: 4
num_barrier_threads: 0
addr_space/fence_level: GPU_ADDR_SP_INVALID
barrier_id/mem_access_size: 4
fence_level/addr_space: GPU_FENCE_INVALID
*** end of the data structure *** 

*** begin of the data structure *** 
core_id:97 thread_id:13
opcode: NVBIT_IMAD
num_read_regs: 2
num_dest_regs: 1
src0: 255
src1: 255
dst0: 1
is_fp: 0
cf_type: NOT_CF
is_load: 0
inst_size: 16
inst_addr: 7f4eecacbf00
active_mask: ffffffff
br_taken_mask: 0
br_target_addr: 7f4eecacbf10
reconv_inst_addr/mem_addr: 0
mem_addr/reconv_inst_addr: 0
mem_access_size/barrier_id: 4
num_barrier_threads: 0
addr_space/fence_level: GPU_ADDR_SP_INVALID
barrier_id/mem_access_size: 4
fence_level/addr_space: GPU_FENCE_INVALID
*** end of the data structure *** 

*** begin of the data structure *** 
core_id:97 thread_id:14
opcode: NVBIT_IMAD
num_read_regs: 2
num_dest_regs: 1
src0: 255
src1: 255
dst0: 1
is_fp: 0
cf_type: NOT_CF
is_load: 0
inst_size: 16
inst_addr: 7f4eecacbf00
active_mask: ffffffff
br_taken_mask: 0
br_target_addr: 7f4eecacbf10
reconv_inst_addr/mem_addr: 0
mem_addr/reconv_inst_addr: 0
mem_access_size/barrier_id: 4
num_barrier_threads: 0
addr_space/fence_level: GPU_ADDR_SP_INVALID
barrier_id/mem_access_size: 4
fence_level/addr_space: GPU_FENCE_INVALID
*** end of the data structure *** 

*** begin of the data structure *** 
core_id:97 thread_id:15
opcode: NVBIT_IMAD
num_read_regs: 2
num_dest_regs: 1
src0: 255
src1: 255
dst0: 1
is_fp: 0
cf_type: NOT_CF
is_load: 0
inst_size: 16
inst_addr: 7f4eecacbf00
active_mask: ffffffff
br_taken_mask: 0
br_target_addr: 7f4eecacbf10
reconv_inst_addr/mem_addr: 0
mem_addr/reconv_inst_addr: 0
mem_access_size/barrier_id: 4
num_barrier_threads: 0
addr_space/fence_level: GPU_ADDR_SP_INVALID
barrier_id/mem_access_size: 4
fence_level/addr_space: GPU_FENCE_INVALID
*** end of the data structure *** 

*** begin of the data structure *** 
core_id:98 thread_id:12
opcode: NVBIT_IMAD
num_read_regs: 2
num_dest_regs: 1
src0: 255
src1: 255
dst0: 1
is_fp: 0
cf_type: NOT_CF
is_load: 0
inst_size: 16
inst_addr: 7f4eecacbf00
active_mask: ffffffff
br_taken_mask: 0
br_target_addr: 7f4eecacbf10
reconv_inst_addr/mem_addr: 0
mem_addr/reconv_inst_addr: 0
mem_access_size/barrier_id: 4
num_barrier_threads: 0
addr_space/fence_level: GPU_ADDR_SP_INVALID
barrier_id/mem_access_size: 4
fence_level/addr_space: GPU_FENCE_INVALID
*** end of the data structure *** 

*** begin of the data structure *** 
core_id:98 thread_id:13
opcode: NVBIT_IMAD
num_read_regs: 2
num_dest_regs: 1
src0: 255
src1: 255
dst0: 1
is_fp: 0
cf_type: NOT_CF
is_load: 0
inst_size: 16
inst_addr: 7f4eecacbf00
active_mask: ffffffff
br_taken_mask: 0
br_target_addr: 7f4eecacbf10
reconv_inst_addr/mem_addr: 0
mem_addr/reconv_inst_addr: 0
mem_access_size/barrier_id: 4
num_barrier_threads: 0
addr_space/fence_level: GPU_ADDR_SP_INVALID
barrier_id/mem_access_size: 4
fence_level/addr_space: GPU_FENCE_INVALID
*** end of the data structure *** 

*** begin of the data structure *** 
core_id:98 thread_id:14
opcode: NVBIT_IMAD
num_read_regs: 2
num_dest_regs: 1
src0: 255
src1: 255
dst0: 1
is_fp: 0
cf_type: NOT_CF
is_load: 0
inst_size: 16
inst_addr: 7f4eecacbf00
active_mask: ffffffff
br_taken_mask: 0
br_target_addr: 7f4eecacbf10
reconv_inst_addr/mem_addr: 0
mem_addr/reconv_inst_addr: 0
mem_access_size/barrier_id: 4
num_barrier_threads: 0
addr_space/fence_level: GPU_ADDR_SP_INVALID
barrier_id/mem_access_size: 4
fence_level/addr_space: GPU_FENCE_INVALID
*** end of the data structure *** 

*** begin of the data structure *** 
core_id:98 thread_id:15
opcode: NVBIT_IMAD
num_read_regs: 2
num_dest_regs: 1
src0: 255
src1: 255
dst0: 1
is_fp: 0
cf_type: NOT_CF
is_load: 0
inst_size: 16
inst_addr: 7f4eecacbf00
active_mask: ffffffff
br_taken_mask: 0
br_target_addr: 7f4eecacbf10
reconv_inst_addr/mem_addr: 0
mem_addr/reconv_inst_addr: 0
mem_access_size/barrier_id: 4
num_barrier_threads: 0
addr_space/fence_level: GPU_ADDR_SP_INVALID
barrier_id/mem_access_size: 4
fence_level/addr_space: GPU_FENCE_INVALID
*** end of the data structure *** 

*** begin of the data structure *** 
core_id:99 thread_id:12
opcode: NVBIT_IMAD
num_read_regs: 2
num_dest_regs: 1
src0: 255
src1: 255
dst0: 1
is_fp: 0
cf_type: NOT_CF
is_load: 0
inst_size: 16
inst_addr: 7f4eecacbf00
active_mask: ffffffff
br_taken_mask: 0
br_target_addr: 7f4eecacbf10
reconv_inst_addr/mem_addr: 0
mem_addr/reconv_inst_addr: 0
mem_access_size/barrier_id: 4
num_barrier_threads: 0
addr_space/fence_level: GPU_ADDR_SP_INVALID
barrier_id/mem_access_size: 4
fence_level/addr_space: GPU_FENCE_INVALID
*** end of the data structure *** 

*** begin of the data structure *** 
core_id:99 thread_id:13
opcode: NVBIT_IMAD
num_read_regs: 2
num_dest_regs: 1
src0: 255
src1: 255
dst0: 1
is_fp: 0
cf_type: NOT_CF
is_load: 0
inst_size: 16
inst_addr: 7f4eecacbf00
active_mask: ffffffff
br_taken_mask: 0
br_target_addr: 7f4eecacbf10
reconv_inst_addr/mem_addr: 0
mem_addr/reconv_inst_addr: 0
mem_access_size/barrier_id: 4
num_barrier_threads: 0
addr_space/fence_level: GPU_ADDR_SP_INVALID
barrier_id/mem_access_size: 4
fence_level/addr_space: GPU_FENCE_INVALID
*** end of the data structure *** 

*** begin of the data structure *** 
core_id:99 thread_id:14
opcode: NVBIT_IMAD
num_read_regs: 2
num_dest_regs: 1
src0: 255
src1: 255
dst0: 1
is_fp: 0
cf_type: NOT_CF
is_load: 0
inst_size: 16
inst_addr: 7f4eecacbf00
active_mask: ffffffff
br_taken_mask: 0
br_target_addr: 7f4eecacbf10
reconv_inst_addr/mem_addr: 0
mem_addr/reconv_inst_addr: 0
mem_access_size/barrier_id: 4
num_barrier_threads: 0
addr_space/fence_level: GPU_ADDR_SP_INVALID
barrier_id/mem_access_size: 4
fence_level/addr_space: GPU_FENCE_INVALID
*** end of the data structure *** 

*** begin of the data structure *** 
core_id:99 thread_id:15
opcode: NVBIT_IMAD
num_read_regs: 2
num_dest_regs: 1
src0: 255
src1: 255
dst0: 1
is_fp: 0
cf_type: NOT_CF
is_load: 0
inst_size: 16
inst_addr: 7f4eecacbf00
active_mask: ffffffff
br_taken_mask: 0
br_target_addr: 7f4eecacbf10
reconv_inst_addr/mem_addr: 0
mem_addr/reconv_inst_addr: 0
mem_access_size/barrier_id: 4
num_barrier_threads: 0
addr_space/fence_level: GPU_ADDR_SP_INVALID
barrier_id/mem_access_size: 4
fence_level/addr_space: GPU_FENCE_INVALID
*** end of the data structure *** 

*** begin of the data structure *** 
core_id:100 thread_id:12
opcode: NVBIT_IMAD
num_read_regs: 2
num_dest_regs: 1
src0: 255
src1: 255
dst0: 1
is_fp: 0
cf_type: NOT_CF
is_load: 0
inst_size: 16
inst_addr: 7f4eecacbf00
active_mask: ffffffff
br_taken_mask: 0
br_target_addr: 7f4eecacbf10
reconv_inst_addr/mem_addr: 0
mem_addr/reconv_inst_addr: 0
mem_access_size/barrier_id: 4
num_barrier_threads: 0
addr_space/fence_level: GPU_ADDR_SP_INVALID
barrier_id/mem_access_size: 4
fence_level/addr_space: GPU_FENCE_INVALID
*** end of the data structure *** 

*** begin of the data structure *** 
core_id:100 thread_id:13
opcode: NVBIT_IMAD
num_read_regs: 2
num_dest_regs: 1
src0: 255
src1: 255
dst0: 1
is_fp: 0
cf_type: NOT_CF
is_load: 0
inst_size: 16
inst_addr: 7f4eecacbf00
active_mask: ffffffff
br_taken_mask: 0
br_target_addr: 7f4eecacbf10
reconv_inst_addr/mem_addr: 0
mem_addr/reconv_inst_addr: 0
mem_access_size/barrier_id: 4
num_barrier_threads: 0
addr_space/fence_level: GPU_ADDR_SP_INVALID
barrier_id/mem_access_size: 4
fence_level/addr_space: GPU_FENCE_INVALID
*** end of the data structure *** 

*** begin of the data structure *** 
core_id:100 thread_id:14
opcode: NVBIT_IMAD
num_read_regs: 2
num_dest_regs: 1
src0: 255
src1: 255
dst0: 1
is_fp: 0
cf_type: NOT_CF
is_load: 0
inst_size: 16
inst_addr: 7f4eecacbf00
active_mask: ffffffff
br_taken_mask: 0
br_target_addr: 7f4eecacbf10
reconv_inst_addr/mem_addr: 0
mem_addr/reconv_inst_addr: 0
mem_access_size/barrier_id: 4
num_barrier_threads: 0
addr_space/fence_level: GPU_ADDR_SP_INVALID
barrier_id/mem_access_size: 4
fence_level/addr_space: GPU_FENCE_INVALID
*** end of the data structure *** 

*** begin of the data structure *** 
core_id:100 thread_id:15
opcode: NVBIT_IMAD
num_read_regs: 2
num_dest_regs: 1
src0: 255
src1: 255
dst0: 1
is_fp: 0
cf_type: NOT_CF
is_load: 0
inst_size: 16
inst_addr: 7f4eecacbf00
active_mask: ffffffff
br_taken_mask: 0
br_target_addr: 7f4eecacbf10
reconv_inst_addr/mem_addr: 0
mem_addr/reconv_inst_addr: 0
mem_access_size/barrier_id: 4
num_barrier_threads: 0
addr_space/fence_level: GPU_ADDR_SP_INVALID
barrier_id/mem_access_size: 4
fence_level/addr_space: GPU_FENCE_INVALID
*** end of the data structure *** 

*** begin of the data structure *** 
core_id:101 thread_id:12
opcode: NVBIT_IMAD
num_read_regs: 2
num_dest_regs: 1
src0: 255
src1: 255
dst0: 1
is_fp: 0
cf_type: NOT_CF
is_load: 0
inst_size: 16
inst_addr: 7f4eecacbf00
active_mask: ffffffff
br_taken_mask: 0
br_target_addr: 7f4eecacbf10
reconv_inst_addr/mem_addr: 0
mem_addr/reconv_inst_addr: 0
mem_access_size/barrier_id: 4
num_barrier_threads: 0
addr_space/fence_level: GPU_ADDR_SP_INVALID
barrier_id/mem_access_size: 4
fence_level/addr_space: GPU_FENCE_INVALID
*** end of the data structure *** 

*** begin of the data structure *** 
core_id:101 thread_id:13
opcode: NVBIT_IMAD
num_read_regs: 2
num_dest_regs: 1
src0: 255
src1: 255
dst0: 1
is_fp: 0
cf_type: NOT_CF
is_load: 0
inst_size: 16
inst_addr: 7f4eecacbf00
active_mask: ffffffff
br_taken_mask: 0
br_target_addr: 7f4eecacbf10
reconv_inst_addr/mem_addr: 0
mem_addr/reconv_inst_addr: 0
mem_access_size/barrier_id: 4
num_barrier_threads: 0
addr_space/fence_level: GPU_ADDR_SP_INVALID
barrier_id/mem_access_size: 4
fence_level/addr_space: GPU_FENCE_INVALID
*** end of the data structure *** 

*** begin of the data structure *** 
core_id:101 thread_id:14
opcode: NVBIT_IMAD
num_read_regs: 2
num_dest_regs: 1
src0: 255
src1: 255
dst0: 1
is_fp: 0
cf_type: NOT_CF
is_load: 0
inst_size: 16
inst_addr: 7f4eecacbf00
active_mask: ffffffff
br_taken_mask: 0
br_target_addr: 7f4eecacbf10
reconv_inst_addr/mem_addr: 0
mem_addr/reconv_inst_addr: 0
mem_access_size/barrier_id: 4
num_barrier_threads: 0
addr_space/fence_level: GPU_ADDR_SP_INVALID
barrier_id/mem_access_size: 4
fence_level/addr_space: GPU_FENCE_INVALID
*** end of the data structure *** 

*** begin of the data structure *** 
core_id:101 thread_id:15
opcode: NVBIT_IMAD
num_read_regs: 2
num_dest_regs: 1
src0: 255
src1: 255
dst0: 1
is_fp: 0
cf_type: NOT_CF
is_load: 0
inst_size: 16
inst_addr: 7f4eecacbf00
active_mask: ffffffff
br_taken_mask: 0
br_target_addr: 7f4eecacbf10
reconv_inst_addr/mem_addr: 0
mem_addr/reconv_inst_addr: 0
mem_access_size/barrier_id: 4
num_barrier_threads: 0
addr_space/fence_level: GPU_ADDR_SP_INVALID
barrier_id/mem_access_size: 4
fence_level/addr_space: GPU_FENCE_INVALID
*** end of the data structure *** 

*** begin of the data structure *** 
core_id:102 thread_id:12
opcode: NVBIT_IMAD
num_read_regs: 2
num_dest_regs: 1
src0: 255
src1: 255
dst0: 1
is_fp: 0
cf_type: NOT_CF
is_load: 0
inst_size: 16
inst_addr: 7f4eecacbf00
active_mask: ffffffff
br_taken_mask: 0
br_target_addr: 7f4eecacbf10
reconv_inst_addr/mem_addr: 0
mem_addr/reconv_inst_addr: 0
mem_access_size/barrier_id: 4
num_barrier_threads: 0
addr_space/fence_level: GPU_ADDR_SP_INVALID
barrier_id/mem_access_size: 4
fence_level/addr_space: GPU_FENCE_INVALID
*** end of the data structure *** 

*** begin of the data structure *** 
core_id:102 thread_id:13
opcode: NVBIT_IMAD
num_read_regs: 2
num_dest_regs: 1
src0: 255
src1: 255
dst0: 1
is_fp: 0
cf_type: NOT_CF
is_load: 0
inst_size: 16
inst_addr: 7f4eecacbf00
active_mask: ffffffff
br_taken_mask: 0
br_target_addr: 7f4eecacbf10
reconv_inst_addr/mem_addr: 0
mem_addr/reconv_inst_addr: 0
mem_access_size/barrier_id: 4
num_barrier_threads: 0
addr_space/fence_level: GPU_ADDR_SP_INVALID
barrier_id/mem_access_size: 4
fence_level/addr_space: GPU_FENCE_INVALID
*** end of the data structure *** 

*** begin of the data structure *** 
core_id:102 thread_id:14
opcode: NVBIT_IMAD
num_read_regs: 2
num_dest_regs: 1
src0: 255
src1: 255
dst0: 1
is_fp: 0
cf_type: NOT_CF
is_load: 0
inst_size: 16
inst_addr: 7f4eecacbf00
active_mask: ffffffff
br_taken_mask: 0
br_target_addr: 7f4eecacbf10
reconv_inst_addr/mem_addr: 0
mem_addr/reconv_inst_addr: 0
mem_access_size/barrier_id: 4
num_barrier_threads: 0
addr_space/fence_level: GPU_ADDR_SP_INVALID
barrier_id/mem_access_size: 4
fence_level/addr_space: GPU_FENCE_INVALID
*** end of the data structure *** 

*** begin of the data structure *** 
core_id:102 thread_id:15
opcode: NVBIT_IMAD
num_read_regs: 2
num_dest_regs: 1
src0: 255
src1: 255
dst0: 1
is_fp: 0
cf_type: NOT_CF
is_load: 0
inst_size: 16
inst_addr: 7f4eecacbf00
active_mask: ffffffff
br_taken_mask: 0
br_target_addr: 7f4eecacbf10
reconv_inst_addr/mem_addr: 0
mem_addr/reconv_inst_addr: 0
mem_access_size/barrier_id: 4
num_barrier_threads: 0
addr_space/fence_level: GPU_ADDR_SP_INVALID
barrier_id/mem_access_size: 4
fence_level/addr_space: GPU_FENCE_INVALID
*** end of the data structure *** 

*** begin of the data structure *** 
core_id:103 thread_id:12
opcode: NVBIT_IMAD
num_read_regs: 2
num_dest_regs: 1
src0: 255
src1: 255
dst0: 1
is_fp: 0
cf_type: NOT_CF
is_load: 0
inst_size: 16
inst_addr: 7f4eecacbf00
active_mask: ffffffff
br_taken_mask: 0
br_target_addr: 7f4eecacbf10
reconv_inst_addr/mem_addr: 0
mem_addr/reconv_inst_addr: 0
mem_access_size/barrier_id: 4
num_barrier_threads: 0
addr_space/fence_level: GPU_ADDR_SP_INVALID
barrier_id/mem_access_size: 4
fence_level/addr_space: GPU_FENCE_INVALID
*** end of the data structure *** 

*** begin of the data structure *** 
core_id:103 thread_id:13
opcode: NVBIT_IMAD
num_read_regs: 2
num_dest_regs: 1
src0: 255
src1: 255
dst0: 1
is_fp: 0
cf_type: NOT_CF
is_load: 0
inst_size: 16
inst_addr: 7f4eecacbf00
active_mask: ffffffff
br_taken_mask: 0
br_target_addr: 7f4eecacbf10
reconv_inst_addr/mem_addr: 0
mem_addr/reconv_inst_addr: 0
mem_access_size/barrier_id: 4
num_barrier_threads: 0
addr_space/fence_level: GPU_ADDR_SP_INVALID
barrier_id/mem_access_size: 4
fence_level/addr_space: GPU_FENCE_INVALID
*** end of the data structure *** 

*** begin of the data structure *** 
core_id:103 thread_id:14
opcode: NVBIT_IMAD
num_read_regs: 2
num_dest_regs: 1
src0: 255
src1: 255
dst0: 1
is_fp: 0
cf_type: NOT_CF
is_load: 0
inst_size: 16
inst_addr: 7f4eecacbf00
active_mask: ffffffff
br_taken_mask: 0
br_target_addr: 7f4eecacbf10
reconv_inst_addr/mem_addr: 0
mem_addr/reconv_inst_addr: 0
mem_access_size/barrier_id: 4
num_barrier_threads: 0
addr_space/fence_level: GPU_ADDR_SP_INVALID
barrier_id/mem_access_size: 4
fence_level/addr_space: GPU_FENCE_INVALID
*** end of the data structure *** 

*** begin of the data structure *** 
core_id:103 thread_id:15
opcode: NVBIT_IMAD
num_read_regs: 2
num_dest_regs: 1
src0: 255
src1: 255
dst0: 1
is_fp: 0
cf_type: NOT_CF
is_load: 0
inst_size: 16
inst_addr: 7f4eecacbf00
active_mask: ffffffff
br_taken_mask: 0
br_target_addr: 7f4eecacbf10
reconv_inst_addr/mem_addr: 0
mem_addr/reconv_inst_addr: 0
mem_access_size/barrier_id: 4
num_barrier_threads: 0
addr_space/fence_level: GPU_ADDR_SP_INVALID
barrier_id/mem_access_size: 4
fence_level/addr_space: GPU_FENCE_INVALID
*** end of the data structure *** 

*** begin of the data structure *** 
core_id:104 thread_id:12
opcode: NVBIT_IMAD
num_read_regs: 2
num_dest_regs: 1
src0: 255
src1: 255
dst0: 1
is_fp: 0
cf_type: NOT_CF
is_load: 0
inst_size: 16
inst_addr: 7f4eecacbf00
active_mask: ffffffff
br_taken_mask: 0
br_target_addr: 7f4eecacbf10
reconv_inst_addr/mem_addr: 0
mem_addr/reconv_inst_addr: 0
mem_access_size/barrier_id: 4
num_barrier_threads: 0
addr_space/fence_level: GPU_ADDR_SP_INVALID
barrier_id/mem_access_size: 4
fence_level/addr_space: GPU_FENCE_INVALID
*** end of the data structure *** 

*** begin of the data structure *** 
core_id:104 thread_id:13
opcode: NVBIT_IMAD
num_read_regs: 2
num_dest_regs: 1
src0: 255
src1: 255
dst0: 1
is_fp: 0
cf_type: NOT_CF
is_load: 0
inst_size: 16
inst_addr: 7f4eecacbf00
active_mask: ffffffff
br_taken_mask: 0
br_target_addr: 7f4eecacbf10
reconv_inst_addr/mem_addr: 0
mem_addr/reconv_inst_addr: 0
mem_access_size/barrier_id: 4
num_barrier_threads: 0
addr_space/fence_level: GPU_ADDR_SP_INVALID
barrier_id/mem_access_size: 4
fence_level/addr_space: GPU_FENCE_INVALID
*** end of the data structure *** 

*** begin of the data structure *** 
core_id:104 thread_id:14
opcode: NVBIT_IMAD
num_read_regs: 2
num_dest_regs: 1
src0: 255
src1: 255
dst0: 1
is_fp: 0
cf_type: NOT_CF
is_load: 0
inst_size: 16
inst_addr: 7f4eecacbf00
active_mask: ffffffff
br_taken_mask: 0
br_target_addr: 7f4eecacbf10
reconv_inst_addr/mem_addr: 0
mem_addr/reconv_inst_addr: 0
mem_access_size/barrier_id: 4
num_barrier_threads: 0
addr_space/fence_level: GPU_ADDR_SP_INVALID
barrier_id/mem_access_size: 4
fence_level/addr_space: GPU_FENCE_INVALID
*** end of the data structure *** 

*** begin of the data structure *** 
core_id:104 thread_id:15
opcode: NVBIT_IMAD
num_read_regs: 2
num_dest_regs: 1
src0: 255
src1: 255
dst0: 1
is_fp: 0
cf_type: NOT_CF
is_load: 0
inst_size: 16
inst_addr: 7f4eecacbf00
active_mask: ffffffff
br_taken_mask: 0
br_target_addr: 7f4eecacbf10
reconv_inst_addr/mem_addr: 0
mem_addr/reconv_inst_addr: 0
mem_access_size/barrier_id: 4
num_barrier_threads: 0
addr_space/fence_level: GPU_ADDR_SP_INVALID
barrier_id/mem_access_size: 4
fence_level/addr_space: GPU_FENCE_INVALID
*** end of the data structure *** 

*** begin of the data structure *** 
core_id:105 thread_id:12
opcode: NVBIT_IMAD
num_read_regs: 2
num_dest_regs: 1
src0: 255
src1: 255
dst0: 1
is_fp: 0
cf_type: NOT_CF
is_load: 0
inst_size: 16
inst_addr: 7f4eecacbf00
active_mask: ffffffff
br_taken_mask: 0
br_target_addr: 7f4eecacbf10
reconv_inst_addr/mem_addr: 0
mem_addr/reconv_inst_addr: 0
mem_access_size/barrier_id: 4
num_barrier_threads: 0
addr_space/fence_level: GPU_ADDR_SP_INVALID
barrier_id/mem_access_size: 4
fence_level/addr_space: GPU_FENCE_INVALID
*** end of the data structure *** 

*** begin of the data structure *** 
core_id:105 thread_id:13
opcode: NVBIT_IMAD
num_read_regs: 2
num_dest_regs: 1
src0: 255
src1: 255
dst0: 1
is_fp: 0
cf_type: NOT_CF
is_load: 0
inst_size: 16
inst_addr: 7f4eecacbf00
active_mask: ffffffff
br_taken_mask: 0
br_target_addr: 7f4eecacbf10
reconv_inst_addr/mem_addr: 0
mem_addr/reconv_inst_addr: 0
mem_access_size/barrier_id: 4
num_barrier_threads: 0
addr_space/fence_level: GPU_ADDR_SP_INVALID
barrier_id/mem_access_size: 4
fence_level/addr_space: GPU_FENCE_INVALID
*** end of the data structure *** 

*** begin of the data structure *** 
core_id:105 thread_id:14
opcode: NVBIT_IMAD
num_read_regs: 2
num_dest_regs: 1
src0: 255
src1: 255
dst0: 1
is_fp: 0
cf_type: NOT_CF
is_load: 0
inst_size: 16
inst_addr: 7f4eecacbf00
active_mask: ffffffff
br_taken_mask: 0
br_target_addr: 7f4eecacbf10
reconv_inst_addr/mem_addr: 0
mem_addr/reconv_inst_addr: 0
mem_access_size/barrier_id: 4
num_barrier_threads: 0
addr_space/fence_level: GPU_ADDR_SP_INVALID
barrier_id/mem_access_size: 4
fence_level/addr_space: GPU_FENCE_INVALID
*** end of the data structure *** 

*** begin of the data structure *** 
core_id:105 thread_id:15
opcode: NVBIT_IMAD
num_read_regs: 2
num_dest_regs: 1
src0: 255
src1: 255
dst0: 1
is_fp: 0
cf_type: NOT_CF
is_load: 0
inst_size: 16
inst_addr: 7f4eecacbf00
active_mask: ffffffff
br_taken_mask: 0
br_target_addr: 7f4eecacbf10
reconv_inst_addr/mem_addr: 0
mem_addr/reconv_inst_addr: 0
mem_access_size/barrier_id: 4
num_barrier_threads: 0
addr_space/fence_level: GPU_ADDR_SP_INVALID
barrier_id/mem_access_size: 4
fence_level/addr_space: GPU_FENCE_INVALID
*** end of the data structure *** 

*** begin of the data structure *** 
core_id:106 thread_id:12
opcode: NVBIT_IMAD
num_read_regs: 2
num_dest_regs: 1
src0: 255
src1: 255
dst0: 1
is_fp: 0
cf_type: NOT_CF
is_load: 0
inst_size: 16
inst_addr: 7f4eecacbf00
active_mask: ffffffff
br_taken_mask: 0
br_target_addr: 7f4eecacbf10
reconv_inst_addr/mem_addr: 0
mem_addr/reconv_inst_addr: 0
mem_access_size/barrier_id: 4
num_barrier_threads: 0
addr_space/fence_level: GPU_ADDR_SP_INVALID
barrier_id/mem_access_size: 4
fence_level/addr_space: GPU_FENCE_INVALID
*** end of the data structure *** 

*** begin of the data structure *** 
core_id:106 thread_id:13
opcode: NVBIT_IMAD
num_read_regs: 2
num_dest_regs: 1
src0: 255
src1: 255
dst0: 1
is_fp: 0
cf_type: NOT_CF
is_load: 0
inst_size: 16
inst_addr: 7f4eecacbf00
active_mask: ffffffff
br_taken_mask: 0
br_target_addr: 7f4eecacbf10
reconv_inst_addr/mem_addr: 0
mem_addr/reconv_inst_addr: 0
mem_access_size/barrier_id: 4
num_barrier_threads: 0
addr_space/fence_level: GPU_ADDR_SP_INVALID
barrier_id/mem_access_size: 4
fence_level/addr_space: GPU_FENCE_INVALID
*** end of the data structure *** 

*** begin of the data structure *** 
core_id:106 thread_id:14
opcode: NVBIT_IMAD
num_read_regs: 2
num_dest_regs: 1
src0: 255
src1: 255
dst0: 1
is_fp: 0
cf_type: NOT_CF
is_load: 0
inst_size: 16
inst_addr: 7f4eecacbf00
active_mask: ffffffff
br_taken_mask: 0
br_target_addr: 7f4eecacbf10
reconv_inst_addr/mem_addr: 0
mem_addr/reconv_inst_addr: 0
mem_access_size/barrier_id: 4
num_barrier_threads: 0
addr_space/fence_level: GPU_ADDR_SP_INVALID
barrier_id/mem_access_size: 4
fence_level/addr_space: GPU_FENCE_INVALID
*** end of the data structure *** 

*** begin of the data structure *** 
core_id:106 thread_id:15
opcode: NVBIT_IMAD
num_read_regs: 2
num_dest_regs: 1
src0: 255
src1: 255
dst0: 1
is_fp: 0
cf_type: NOT_CF
is_load: 0
inst_size: 16
inst_addr: 7f4eecacbf00
active_mask: ffffffff
br_taken_mask: 0
br_target_addr: 7f4eecacbf10
reconv_inst_addr/mem_addr: 0
mem_addr/reconv_inst_addr: 0
mem_access_size/barrier_id: 4
num_barrier_threads: 0
addr_space/fence_level: GPU_ADDR_SP_INVALID
barrier_id/mem_access_size: 4
fence_level/addr_space: GPU_FENCE_INVALID
*** end of the data structure *** 

*** begin of the data structure *** 
core_id:107 thread_id:12
opcode: NVBIT_IMAD
num_read_regs: 2
num_dest_regs: 1
src0: 255
src1: 255
dst0: 1
is_fp: 0
cf_type: NOT_CF
is_load: 0
inst_size: 16
inst_addr: 7f4eecacbf00
active_mask: ffffffff
br_taken_mask: 0
br_target_addr: 7f4eecacbf10
reconv_inst_addr/mem_addr: 0
mem_addr/reconv_inst_addr: 0
mem_access_size/barrier_id: 4
num_barrier_threads: 0
addr_space/fence_level: GPU_ADDR_SP_INVALID
barrier_id/mem_access_size: 4
fence_level/addr_space: GPU_FENCE_INVALID
*** end of the data structure *** 

*** begin of the data structure *** 
core_id:107 thread_id:13
opcode: NVBIT_IMAD
num_read_regs: 2
num_dest_regs: 1
src0: 255
src1: 255
dst0: 1
is_fp: 0
cf_type: NOT_CF
is_load: 0
inst_size: 16
inst_addr: 7f4eecacbf00
active_mask: ffffffff
br_taken_mask: 0
br_target_addr: 7f4eecacbf10
reconv_inst_addr/mem_addr: 0
mem_addr/reconv_inst_addr: 0
mem_access_size/barrier_id: 4
num_barrier_threads: 0
addr_space/fence_level: GPU_ADDR_SP_INVALID
barrier_id/mem_access_size: 4
fence_level/addr_space: GPU_FENCE_INVALID
*** end of the data structure *** 

*** begin of the data structure *** 
core_id:107 thread_id:14
opcode: NVBIT_IMAD
num_read_regs: 2
num_dest_regs: 1
src0: 255
src1: 255
dst0: 1
is_fp: 0
cf_type: NOT_CF
is_load: 0
inst_size: 16
inst_addr: 7f4eecacbf00
active_mask: ffffffff
br_taken_mask: 0
br_target_addr: 7f4eecacbf10
reconv_inst_addr/mem_addr: 0
mem_addr/reconv_inst_addr: 0
mem_access_size/barrier_id: 4
num_barrier_threads: 0
addr_space/fence_level: GPU_ADDR_SP_INVALID
barrier_id/mem_access_size: 4
fence_level/addr_space: GPU_FENCE_INVALID
*** end of the data structure *** 

*** begin of the data structure *** 
core_id:107 thread_id:15
opcode: NVBIT_IMAD
num_read_regs: 2
num_dest_regs: 1
src0: 255
src1: 255
dst0: 1
is_fp: 0
cf_type: NOT_CF
is_load: 0
inst_size: 16
inst_addr: 7f4eecacbf00
active_mask: ffffffff
br_taken_mask: 0
br_target_addr: 7f4eecacbf10
reconv_inst_addr/mem_addr: 0
mem_addr/reconv_inst_addr: 0
mem_access_size/barrier_id: 4
num_barrier_threads: 0
addr_space/fence_level: GPU_ADDR_SP_INVALID
barrier_id/mem_access_size: 4
fence_level/addr_space: GPU_FENCE_INVALID
*** end of the data structure *** 

*** begin of the data structure *** 
core_id:0 thread_id:12
opcode: NVBIT_IMAD
num_read_regs: 2
num_dest_regs: 1
src0: 255
src1: 255
dst0: 1
is_fp: 0
cf_type: NOT_CF
is_load: 0
inst_size: 16
inst_addr: 7f4eecacbf00
active_mask: ffffffff
br_taken_mask: 0
br_target_addr: 7f4eecacbf10
reconv_inst_addr/mem_addr: 0
mem_addr/reconv_inst_addr: 0
mem_access_size/barrier_id: 4
num_barrier_threads: 0
addr_space/fence_level: GPU_ADDR_SP_INVALID
barrier_id/mem_access_size: 4
fence_level/addr_space: GPU_FENCE_INVALID
*** end of the data structure *** 

*** begin of the data structure *** 
core_id:0 thread_id:13
opcode: NVBIT_IMAD
num_read_regs: 2
num_dest_regs: 1
src0: 255
src1: 255
dst0: 1
is_fp: 0
cf_type: NOT_CF
is_load: 0
inst_size: 16
inst_addr: 7f4eecacbf00
active_mask: ffffffff
br_taken_mask: 0
br_target_addr: 7f4eecacbf10
reconv_inst_addr/mem_addr: 0
mem_addr/reconv_inst_addr: 0
mem_access_size/barrier_id: 4
num_barrier_threads: 0
addr_space/fence_level: GPU_ADDR_SP_INVALID
barrier_id/mem_access_size: 4
fence_level/addr_space: GPU_FENCE_INVALID
*** end of the data structure *** 

*** begin of the data structure *** 
core_id:0 thread_id:14
opcode: NVBIT_IMAD
num_read_regs: 2
num_dest_regs: 1
src0: 255
src1: 255
dst0: 1
is_fp: 0
cf_type: NOT_CF
is_load: 0
inst_size: 16
inst_addr: 7f4eecacbf00
active_mask: ffffffff
br_taken_mask: 0
br_target_addr: 7f4eecacbf10
reconv_inst_addr/mem_addr: 0
mem_addr/reconv_inst_addr: 0
mem_access_size/barrier_id: 4
num_barrier_threads: 0
addr_space/fence_level: GPU_ADDR_SP_INVALID
barrier_id/mem_access_size: 4
fence_level/addr_space: GPU_FENCE_INVALID
*** end of the data structure *** 

*** begin of the data structure *** 
core_id:0 thread_id:15
opcode: NVBIT_IMAD
num_read_regs: 2
num_dest_regs: 1
src0: 255
src1: 255
dst0: 1
is_fp: 0
cf_type: NOT_CF
is_load: 0
inst_size: 16
inst_addr: 7f4eecacbf00
active_mask: ffffffff
br_taken_mask: 0
br_target_addr: 7f4eecacbf10
reconv_inst_addr/mem_addr: 0
mem_addr/reconv_inst_addr: 0
mem_access_size/barrier_id: 4
num_barrier_threads: 0
addr_space/fence_level: GPU_ADDR_SP_INVALID
barrier_id/mem_access_size: 4
fence_level/addr_space: GPU_FENCE_INVALID
*** end of the data structure *** 

*** begin of the data structure *** 
core_id:1 thread_id:12
opcode: NVBIT_IMAD
num_read_regs: 2
num_dest_regs: 1
src0: 255
src1: 255
dst0: 1
is_fp: 0
cf_type: NOT_CF
is_load: 0
inst_size: 16
inst_addr: 7f4eecacbf00
active_mask: ffffffff
br_taken_mask: 0
br_target_addr: 7f4eecacbf10
reconv_inst_addr/mem_addr: 0
mem_addr/reconv_inst_addr: 0
mem_access_size/barrier_id: 4
num_barrier_threads: 0
addr_space/fence_level: GPU_ADDR_SP_INVALID
barrier_id/mem_access_size: 4
fence_level/addr_space: GPU_FENCE_INVALID
*** end of the data structure *** 

*** begin of the data structure *** 
core_id:1 thread_id:13
opcode: NVBIT_IMAD
num_read_regs: 2
num_dest_regs: 1
src0: 255
src1: 255
dst0: 1
is_fp: 0
cf_type: NOT_CF
is_load: 0
inst_size: 16
inst_addr: 7f4eecacbf00
active_mask: ffffffff
br_taken_mask: 0
br_target_addr: 7f4eecacbf10
reconv_inst_addr/mem_addr: 0
mem_addr/reconv_inst_addr: 0
mem_access_size/barrier_id: 4
num_barrier_threads: 0
addr_space/fence_level: GPU_ADDR_SP_INVALID
barrier_id/mem_access_size: 4
fence_level/addr_space: GPU_FENCE_INVALID
*** end of the data structure *** 

*** begin of the data structure *** 
core_id:1 thread_id:14
opcode: NVBIT_IMAD
num_read_regs: 2
num_dest_regs: 1
src0: 255
src1: 255
dst0: 1
is_fp: 0
cf_type: NOT_CF
is_load: 0
inst_size: 16
inst_addr: 7f4eecacbf00
active_mask: ffffffff
br_taken_mask: 0
br_target_addr: 7f4eecacbf10
reconv_inst_addr/mem_addr: 0
mem_addr/reconv_inst_addr: 0
mem_access_size/barrier_id: 4
num_barrier_threads: 0
addr_space/fence_level: GPU_ADDR_SP_INVALID
barrier_id/mem_access_size: 4
fence_level/addr_space: GPU_FENCE_INVALID
*** end of the data structure *** 

*** begin of the data structure *** 
core_id:1 thread_id:15
opcode: NVBIT_IMAD
num_read_regs: 2
num_dest_regs: 1
src0: 255
src1: 255
dst0: 1
is_fp: 0
cf_type: NOT_CF
is_load: 0
inst_size: 16
inst_addr: 7f4eecacbf00
active_mask: ffffffff
br_taken_mask: 0
br_target_addr: 7f4eecacbf10
reconv_inst_addr/mem_addr: 0
mem_addr/reconv_inst_addr: 0
mem_access_size/barrier_id: 4
num_barrier_threads: 0
addr_space/fence_level: GPU_ADDR_SP_INVALID
barrier_id/mem_access_size: 4
fence_level/addr_space: GPU_FENCE_INVALID
*** end of the data structure *** 

*** begin of the data structure *** 
core_id:2 thread_id:12
opcode: NVBIT_IMAD
num_read_regs: 2
num_dest_regs: 1
src0: 255
src1: 255
dst0: 1
is_fp: 0
cf_type: NOT_CF
is_load: 0
inst_size: 16
inst_addr: 7f4eecacbf00
active_mask: ffffffff
br_taken_mask: 0
br_target_addr: 7f4eecacbf10
reconv_inst_addr/mem_addr: 0
mem_addr/reconv_inst_addr: 0
mem_access_size/barrier_id: 4
num_barrier_threads: 0
addr_space/fence_level: GPU_ADDR_SP_INVALID
barrier_id/mem_access_size: 4
fence_level/addr_space: GPU_FENCE_INVALID
*** end of the data structure *** 

*** begin of the data structure *** 
core_id:2 thread_id:13
opcode: NVBIT_IMAD
num_read_regs: 2
num_dest_regs: 1
src0: 255
src1: 255
dst0: 1
is_fp: 0
cf_type: NOT_CF
is_load: 0
inst_size: 16
inst_addr: 7f4eecacbf00
active_mask: ffffffff
br_taken_mask: 0
br_target_addr: 7f4eecacbf10
reconv_inst_addr/mem_addr: 0
mem_addr/reconv_inst_addr: 0
mem_access_size/barrier_id: 4
num_barrier_threads: 0
addr_space/fence_level: GPU_ADDR_SP_INVALID
barrier_id/mem_access_size: 4
fence_level/addr_space: GPU_FENCE_INVALID
*** end of the data structure *** 

*** begin of the data structure *** 
core_id:2 thread_id:14
opcode: NVBIT_IMAD
num_read_regs: 2
num_dest_regs: 1
src0: 255
src1: 255
dst0: 1
is_fp: 0
cf_type: NOT_CF
is_load: 0
inst_size: 16
inst_addr: 7f4eecacbf00
active_mask: ffffffff
br_taken_mask: 0
br_target_addr: 7f4eecacbf10
reconv_inst_addr/mem_addr: 0
mem_addr/reconv_inst_addr: 0
mem_access_size/barrier_id: 4
num_barrier_threads: 0
addr_space/fence_level: GPU_ADDR_SP_INVALID
barrier_id/mem_access_size: 4
fence_level/addr_space: GPU_FENCE_INVALID
*** end of the data structure *** 

*** begin of the data structure *** 
core_id:2 thread_id:15
opcode: NVBIT_IMAD
num_read_regs: 2
num_dest_regs: 1
src0: 255
src1: 255
dst0: 1
is_fp: 0
cf_type: NOT_CF
is_load: 0
inst_size: 16
inst_addr: 7f4eecacbf00
active_mask: ffffffff
br_taken_mask: 0
br_target_addr: 7f4eecacbf10
reconv_inst_addr/mem_addr: 0
mem_addr/reconv_inst_addr: 0
mem_access_size/barrier_id: 4
num_barrier_threads: 0
addr_space/fence_level: GPU_ADDR_SP_INVALID
barrier_id/mem_access_size: 4
fence_level/addr_space: GPU_FENCE_INVALID
*** end of the data structure *** 

*** begin of the data structure *** 
core_id:3 thread_id:12
opcode: NVBIT_IMAD
num_read_regs: 2
num_dest_regs: 1
src0: 255
src1: 255
dst0: 1
is_fp: 0
cf_type: NOT_CF
is_load: 0
inst_size: 16
inst_addr: 7f4eecacbf00
active_mask: ffffffff
br_taken_mask: 0
br_target_addr: 7f4eecacbf10
reconv_inst_addr/mem_addr: 0
mem_addr/reconv_inst_addr: 0
mem_access_size/barrier_id: 4
num_barrier_threads: 0
addr_space/fence_level: GPU_ADDR_SP_INVALID
barrier_id/mem_access_size: 4
fence_level/addr_space: GPU_FENCE_INVALID
*** end of the data structure *** 

*** begin of the data structure *** 
core_id:3 thread_id:13
opcode: NVBIT_IMAD
num_read_regs: 2
num_dest_regs: 1
src0: 255
src1: 255
dst0: 1
is_fp: 0
cf_type: NOT_CF
is_load: 0
inst_size: 16
inst_addr: 7f4eecacbf00
active_mask: ffffffff
br_taken_mask: 0
br_target_addr: 7f4eecacbf10
reconv_inst_addr/mem_addr: 0
mem_addr/reconv_inst_addr: 0
mem_access_size/barrier_id: 4
num_barrier_threads: 0
addr_space/fence_level: GPU_ADDR_SP_INVALID
barrier_id/mem_access_size: 4
fence_level/addr_space: GPU_FENCE_INVALID
*** end of the data structure *** 

*** begin of the data structure *** 
core_id:3 thread_id:14
opcode: NVBIT_IMAD
num_read_regs: 2
num_dest_regs: 1
src0: 255
src1: 255
dst0: 1
is_fp: 0
cf_type: NOT_CF
is_load: 0
inst_size: 16
inst_addr: 7f4eecacbf00
active_mask: ffffffff
br_taken_mask: 0
br_target_addr: 7f4eecacbf10
reconv_inst_addr/mem_addr: 0
mem_addr/reconv_inst_addr: 0
mem_access_size/barrier_id: 4
num_barrier_threads: 0
addr_space/fence_level: GPU_ADDR_SP_INVALID
barrier_id/mem_access_size: 4
fence_level/addr_space: GPU_FENCE_INVALID
*** end of the data structure *** 

*** begin of the data structure *** 
core_id:3 thread_id:15
opcode: NVBIT_IMAD
num_read_regs: 2
num_dest_regs: 1
src0: 255
src1: 255
dst0: 1
is_fp: 0
cf_type: NOT_CF
is_load: 0
inst_size: 16
inst_addr: 7f4eecacbf00
active_mask: ffffffff
br_taken_mask: 0
br_target_addr: 7f4eecacbf10
reconv_inst_addr/mem_addr: 0
mem_addr/reconv_inst_addr: 0
mem_access_size/barrier_id: 4
num_barrier_threads: 0
addr_space/fence_level: GPU_ADDR_SP_INVALID
barrier_id/mem_access_size: 4
fence_level/addr_space: GPU_FENCE_INVALID
*** end of the data structure *** 

*** begin of the data structure *** 
core_id:4 thread_id:12
opcode: NVBIT_IMAD
num_read_regs: 2
num_dest_regs: 1
src0: 255
src1: 255
dst0: 1
is_fp: 0
cf_type: NOT_CF
is_load: 0
inst_size: 16
inst_addr: 7f4eecacbf00
active_mask: ffffffff
br_taken_mask: 0
br_target_addr: 7f4eecacbf10
reconv_inst_addr/mem_addr: 0
mem_addr/reconv_inst_addr: 0
mem_access_size/barrier_id: 4
num_barrier_threads: 0
addr_space/fence_level: GPU_ADDR_SP_INVALID
barrier_id/mem_access_size: 4
fence_level/addr_space: GPU_FENCE_INVALID
*** end of the data structure *** 

*** begin of the data structure *** 
core_id:4 thread_id:13
opcode: NVBIT_IMAD
num_read_regs: 2
num_dest_regs: 1
src0: 255
src1: 255
dst0: 1
is_fp: 0
cf_type: NOT_CF
is_load: 0
inst_size: 16
inst_addr: 7f4eecacbf00
active_mask: ffffffff
br_taken_mask: 0
br_target_addr: 7f4eecacbf10
reconv_inst_addr/mem_addr: 0
mem_addr/reconv_inst_addr: 0
mem_access_size/barrier_id: 4
num_barrier_threads: 0
addr_space/fence_level: GPU_ADDR_SP_INVALID
barrier_id/mem_access_size: 4
fence_level/addr_space: GPU_FENCE_INVALID
*** end of the data structure *** 

*** begin of the data structure *** 
core_id:4 thread_id:14
opcode: NVBIT_IMAD
num_read_regs: 2
num_dest_regs: 1
src0: 255
src1: 255
dst0: 1
is_fp: 0
cf_type: NOT_CF
is_load: 0
inst_size: 16
inst_addr: 7f4eecacbf00
active_mask: ffffffff
br_taken_mask: 0
br_target_addr: 7f4eecacbf10
reconv_inst_addr/mem_addr: 0
mem_addr/reconv_inst_addr: 0
mem_access_size/barrier_id: 4
num_barrier_threads: 0
addr_space/fence_level: GPU_ADDR_SP_INVALID
barrier_id/mem_access_size: 4
fence_level/addr_space: GPU_FENCE_INVALID
*** end of the data structure *** 

*** begin of the data structure *** 
core_id:4 thread_id:15
opcode: NVBIT_IMAD
num_read_regs: 2
num_dest_regs: 1
src0: 255
src1: 255
dst0: 1
is_fp: 0
cf_type: NOT_CF
is_load: 0
inst_size: 16
inst_addr: 7f4eecacbf00
active_mask: ffffffff
br_taken_mask: 0
br_target_addr: 7f4eecacbf10
reconv_inst_addr/mem_addr: 0
mem_addr/reconv_inst_addr: 0
mem_access_size/barrier_id: 4
num_barrier_threads: 0
addr_space/fence_level: GPU_ADDR_SP_INVALID
barrier_id/mem_access_size: 4
fence_level/addr_space: GPU_FENCE_INVALID
*** end of the data structure *** 

*** begin of the data structure *** 
core_id:5 thread_id:12
opcode: NVBIT_IMAD
num_read_regs: 2
num_dest_regs: 1
src0: 255
src1: 255
dst0: 1
is_fp: 0
cf_type: NOT_CF
is_load: 0
inst_size: 16
inst_addr: 7f4eecacbf00
active_mask: ffffffff
br_taken_mask: 0
br_target_addr: 7f4eecacbf10
reconv_inst_addr/mem_addr: 0
mem_addr/reconv_inst_addr: 0
mem_access_size/barrier_id: 4
num_barrier_threads: 0
addr_space/fence_level: GPU_ADDR_SP_INVALID
barrier_id/mem_access_size: 4
fence_level/addr_space: GPU_FENCE_INVALID
*** end of the data structure *** 

*** begin of the data structure *** 
core_id:5 thread_id:13
opcode: NVBIT_IMAD
num_read_regs: 2
num_dest_regs: 1
src0: 255
src1: 255
dst0: 1
is_fp: 0
cf_type: NOT_CF
is_load: 0
inst_size: 16
inst_addr: 7f4eecacbf00
active_mask: ffffffff
br_taken_mask: 0
br_target_addr: 7f4eecacbf10
reconv_inst_addr/mem_addr: 0
mem_addr/reconv_inst_addr: 0
mem_access_size/barrier_id: 4
num_barrier_threads: 0
addr_space/fence_level: GPU_ADDR_SP_INVALID
barrier_id/mem_access_size: 4
fence_level/addr_space: GPU_FENCE_INVALID
*** end of the data structure *** 

*** begin of the data structure *** 
core_id:5 thread_id:14
opcode: NVBIT_IMAD
num_read_regs: 2
num_dest_regs: 1
src0: 255
src1: 255
dst0: 1
is_fp: 0
cf_type: NOT_CF
is_load: 0
inst_size: 16
inst_addr: 7f4eecacbf00
active_mask: ffffffff
br_taken_mask: 0
br_target_addr: 7f4eecacbf10
reconv_inst_addr/mem_addr: 0
mem_addr/reconv_inst_addr: 0
mem_access_size/barrier_id: 4
num_barrier_threads: 0
addr_space/fence_level: GPU_ADDR_SP_INVALID
barrier_id/mem_access_size: 4
fence_level/addr_space: GPU_FENCE_INVALID
*** end of the data structure *** 

*** begin of the data structure *** 
core_id:5 thread_id:15
opcode: NVBIT_IMAD
num_read_regs: 2
num_dest_regs: 1
src0: 255
src1: 255
dst0: 1
is_fp: 0
cf_type: NOT_CF
is_load: 0
inst_size: 16
inst_addr: 7f4eecacbf00
active_mask: ffffffff
br_taken_mask: 0
br_target_addr: 7f4eecacbf10
reconv_inst_addr/mem_addr: 0
mem_addr/reconv_inst_addr: 0
mem_access_size/barrier_id: 4
num_barrier_threads: 0
addr_space/fence_level: GPU_ADDR_SP_INVALID
barrier_id/mem_access_size: 4
fence_level/addr_space: GPU_FENCE_INVALID
*** end of the data structure *** 

*** begin of the data structure *** 
core_id:6 thread_id:12
opcode: NVBIT_IMAD
num_read_regs: 2
num_dest_regs: 1
src0: 255
src1: 255
dst0: 1
is_fp: 0
cf_type: NOT_CF
is_load: 0
inst_size: 16
inst_addr: 7f4eecacbf00
active_mask: ffffffff
br_taken_mask: 0
br_target_addr: 7f4eecacbf10
reconv_inst_addr/mem_addr: 0
mem_addr/reconv_inst_addr: 0
mem_access_size/barrier_id: 4
num_barrier_threads: 0
addr_space/fence_level: GPU_ADDR_SP_INVALID
barrier_id/mem_access_size: 4
fence_level/addr_space: GPU_FENCE_INVALID
*** end of the data structure *** 

*** begin of the data structure *** 
core_id:6 thread_id:13
opcode: NVBIT_IMAD
num_read_regs: 2
num_dest_regs: 1
src0: 255
src1: 255
dst0: 1
is_fp: 0
cf_type: NOT_CF
is_load: 0
inst_size: 16
inst_addr: 7f4eecacbf00
active_mask: ffffffff
br_taken_mask: 0
br_target_addr: 7f4eecacbf10
reconv_inst_addr/mem_addr: 0
mem_addr/reconv_inst_addr: 0
mem_access_size/barrier_id: 4
num_barrier_threads: 0
addr_space/fence_level: GPU_ADDR_SP_INVALID
barrier_id/mem_access_size: 4
fence_level/addr_space: GPU_FENCE_INVALID
*** end of the data structure *** 

*** begin of the data structure *** 
core_id:6 thread_id:14
opcode: NVBIT_IMAD
num_read_regs: 2
num_dest_regs: 1
src0: 255
src1: 255
dst0: 1
is_fp: 0
cf_type: NOT_CF
is_load: 0
inst_size: 16
inst_addr: 7f4eecacbf00
active_mask: ffffffff
br_taken_mask: 0
br_target_addr: 7f4eecacbf10
reconv_inst_addr/mem_addr: 0
mem_addr/reconv_inst_addr: 0
mem_access_size/barrier_id: 4
num_barrier_threads: 0
addr_space/fence_level: GPU_ADDR_SP_INVALID
barrier_id/mem_access_size: 4
fence_level/addr_space: GPU_FENCE_INVALID
*** end of the data structure *** 

*** begin of the data structure *** 
core_id:6 thread_id:15
opcode: NVBIT_IMAD
num_read_regs: 2
num_dest_regs: 1
src0: 255
src1: 255
dst0: 1
is_fp: 0
cf_type: NOT_CF
is_load: 0
inst_size: 16
inst_addr: 7f4eecacbf00
active_mask: ffffffff
br_taken_mask: 0
br_target_addr: 7f4eecacbf10
reconv_inst_addr/mem_addr: 0
mem_addr/reconv_inst_addr: 0
mem_access_size/barrier_id: 4
num_barrier_threads: 0
addr_space/fence_level: GPU_ADDR_SP_INVALID
barrier_id/mem_access_size: 4
fence_level/addr_space: GPU_FENCE_INVALID
*** end of the data structure *** 

*** begin of the data structure *** 
core_id:7 thread_id:12
opcode: NVBIT_IMAD
num_read_regs: 2
num_dest_regs: 1
src0: 255
src1: 255
dst0: 1
is_fp: 0
cf_type: NOT_CF
is_load: 0
inst_size: 16
inst_addr: 7f4eecacbf00
active_mask: ffffffff
br_taken_mask: 0
br_target_addr: 7f4eecacbf10
reconv_inst_addr/mem_addr: 0
mem_addr/reconv_inst_addr: 0
mem_access_size/barrier_id: 4
num_barrier_threads: 0
addr_space/fence_level: GPU_ADDR_SP_INVALID
barrier_id/mem_access_size: 4
fence_level/addr_space: GPU_FENCE_INVALID
*** end of the data structure *** 

*** begin of the data structure *** 
core_id:7 thread_id:13
opcode: NVBIT_IMAD
num_read_regs: 2
num_dest_regs: 1
src0: 255
src1: 255
dst0: 1
is_fp: 0
cf_type: NOT_CF
is_load: 0
inst_size: 16
inst_addr: 7f4eecacbf00
active_mask: ffffffff
br_taken_mask: 0
br_target_addr: 7f4eecacbf10
reconv_inst_addr/mem_addr: 0
mem_addr/reconv_inst_addr: 0
mem_access_size/barrier_id: 4
num_barrier_threads: 0
addr_space/fence_level: GPU_ADDR_SP_INVALID
barrier_id/mem_access_size: 4
fence_level/addr_space: GPU_FENCE_INVALID
*** end of the data structure *** 

*** begin of the data structure *** 
core_id:7 thread_id:14
opcode: NVBIT_IMAD
num_read_regs: 2
num_dest_regs: 1
src0: 255
src1: 255
dst0: 1
is_fp: 0
cf_type: NOT_CF
is_load: 0
inst_size: 16
inst_addr: 7f4eecacbf00
active_mask: ffffffff
br_taken_mask: 0
br_target_addr: 7f4eecacbf10
reconv_inst_addr/mem_addr: 0
mem_addr/reconv_inst_addr: 0
mem_access_size/barrier_id: 4
num_barrier_threads: 0
addr_space/fence_level: GPU_ADDR_SP_INVALID
barrier_id/mem_access_size: 4
fence_level/addr_space: GPU_FENCE_INVALID
*** end of the data structure *** 

*** begin of the data structure *** 
core_id:7 thread_id:15
opcode: NVBIT_IMAD
num_read_regs: 2
num_dest_regs: 1
src0: 255
src1: 255
dst0: 1
is_fp: 0
cf_type: NOT_CF
is_load: 0
inst_size: 16
inst_addr: 7f4eecacbf00
active_mask: ffffffff
br_taken_mask: 0
br_target_addr: 7f4eecacbf10
reconv_inst_addr/mem_addr: 0
mem_addr/reconv_inst_addr: 0
mem_access_size/barrier_id: 4
num_barrier_threads: 0
addr_space/fence_level: GPU_ADDR_SP_INVALID
barrier_id/mem_access_size: 4
fence_level/addr_space: GPU_FENCE_INVALID
*** end of the data structure *** 

*** begin of the data structure *** 
core_id:8 thread_id:12
opcode: NVBIT_IMAD
num_read_regs: 2
num_dest_regs: 1
src0: 255
src1: 255
dst0: 1
is_fp: 0
cf_type: NOT_CF
is_load: 0
inst_size: 16
inst_addr: 7f4eecacbf00
active_mask: ffffffff
br_taken_mask: 0
br_target_addr: 7f4eecacbf10
reconv_inst_addr/mem_addr: 0
mem_addr/reconv_inst_addr: 0
mem_access_size/barrier_id: 4
num_barrier_threads: 0
addr_space/fence_level: GPU_ADDR_SP_INVALID
barrier_id/mem_access_size: 4
fence_level/addr_space: GPU_FENCE_INVALID
*** end of the data structure *** 

*** begin of the data structure *** 
core_id:8 thread_id:13
opcode: NVBIT_IMAD
num_read_regs: 2
num_dest_regs: 1
src0: 255
src1: 255
dst0: 1
is_fp: 0
cf_type: NOT_CF
is_load: 0
inst_size: 16
inst_addr: 7f4eecacbf00
active_mask: ffffffff
br_taken_mask: 0
br_target_addr: 7f4eecacbf10
reconv_inst_addr/mem_addr: 0
mem_addr/reconv_inst_addr: 0
mem_access_size/barrier_id: 4
num_barrier_threads: 0
addr_space/fence_level: GPU_ADDR_SP_INVALID
barrier_id/mem_access_size: 4
fence_level/addr_space: GPU_FENCE_INVALID
*** end of the data structure *** 

*** begin of the data structure *** 
core_id:8 thread_id:14
opcode: NVBIT_IMAD
num_read_regs: 2
num_dest_regs: 1
src0: 255
src1: 255
dst0: 1
is_fp: 0
cf_type: NOT_CF
is_load: 0
inst_size: 16
inst_addr: 7f4eecacbf00
active_mask: ffffffff
br_taken_mask: 0
br_target_addr: 7f4eecacbf10
reconv_inst_addr/mem_addr: 0
mem_addr/reconv_inst_addr: 0
mem_access_size/barrier_id: 4
num_barrier_threads: 0
addr_space/fence_level: GPU_ADDR_SP_INVALID
barrier_id/mem_access_size: 4
fence_level/addr_space: GPU_FENCE_INVALID
*** end of the data structure *** 

*** begin of the data structure *** 
core_id:8 thread_id:15
opcode: NVBIT_IMAD
num_read_regs: 2
num_dest_regs: 1
src0: 255
src1: 255
dst0: 1
is_fp: 0
cf_type: NOT_CF
is_load: 0
inst_size: 16
inst_addr: 7f4eecacbf00
active_mask: ffffffff
br_taken_mask: 0
br_target_addr: 7f4eecacbf10
reconv_inst_addr/mem_addr: 0
mem_addr/reconv_inst_addr: 0
mem_access_size/barrier_id: 4
num_barrier_threads: 0
addr_space/fence_level: GPU_ADDR_SP_INVALID
barrier_id/mem_access_size: 4
fence_level/addr_space: GPU_FENCE_INVALID
*** end of the data structure *** 

*** begin of the data structure *** 
core_id:9 thread_id:12
opcode: NVBIT_IMAD
num_read_regs: 2
num_dest_regs: 1
src0: 255
src1: 255
dst0: 1
is_fp: 0
cf_type: NOT_CF
is_load: 0
inst_size: 16
inst_addr: 7f4eecacbf00
active_mask: ffffffff
br_taken_mask: 0
br_target_addr: 7f4eecacbf10
reconv_inst_addr/mem_addr: 0
mem_addr/reconv_inst_addr: 0
mem_access_size/barrier_id: 4
num_barrier_threads: 0
addr_space/fence_level: GPU_ADDR_SP_INVALID
barrier_id/mem_access_size: 4
fence_level/addr_space: GPU_FENCE_INVALID
*** end of the data structure *** 

*** begin of the data structure *** 
core_id:9 thread_id:13
opcode: NVBIT_IMAD
num_read_regs: 2
num_dest_regs: 1
src0: 255
src1: 255
dst0: 1
is_fp: 0
cf_type: NOT_CF
is_load: 0
inst_size: 16
inst_addr: 7f4eecacbf00
active_mask: ffffffff
br_taken_mask: 0
br_target_addr: 7f4eecacbf10
reconv_inst_addr/mem_addr: 0
mem_addr/reconv_inst_addr: 0
mem_access_size/barrier_id: 4
num_barrier_threads: 0
addr_space/fence_level: GPU_ADDR_SP_INVALID
barrier_id/mem_access_size: 4
fence_level/addr_space: GPU_FENCE_INVALID
*** end of the data structure *** 

*** begin of the data structure *** 
core_id:9 thread_id:14
opcode: NVBIT_IMAD
num_read_regs: 2
num_dest_regs: 1
src0: 255
src1: 255
dst0: 1
is_fp: 0
cf_type: NOT_CF
is_load: 0
inst_size: 16
inst_addr: 7f4eecacbf00
active_mask: ffffffff
br_taken_mask: 0
br_target_addr: 7f4eecacbf10
reconv_inst_addr/mem_addr: 0
mem_addr/reconv_inst_addr: 0
mem_access_size/barrier_id: 4
num_barrier_threads: 0
addr_space/fence_level: GPU_ADDR_SP_INVALID
barrier_id/mem_access_size: 4
fence_level/addr_space: GPU_FENCE_INVALID
*** end of the data structure *** 

*** begin of the data structure *** 
core_id:9 thread_id:15
opcode: NVBIT_IMAD
num_read_regs: 2
num_dest_regs: 1
src0: 255
src1: 255
dst0: 1
is_fp: 0
cf_type: NOT_CF
is_load: 0
inst_size: 16
inst_addr: 7f4eecacbf00
active_mask: ffffffff
br_taken_mask: 0
br_target_addr: 7f4eecacbf10
reconv_inst_addr/mem_addr: 0
mem_addr/reconv_inst_addr: 0
mem_access_size/barrier_id: 4
num_barrier_threads: 0
addr_space/fence_level: GPU_ADDR_SP_INVALID
barrier_id/mem_access_size: 4
fence_level/addr_space: GPU_FENCE_INVALID
*** end of the data structure *** 

*** begin of the data structure *** 
core_id:10 thread_id:12
opcode: NVBIT_IMAD
num_read_regs: 2
num_dest_regs: 1
src0: 255
src1: 255
dst0: 1
is_fp: 0
cf_type: NOT_CF
is_load: 0
inst_size: 16
inst_addr: 7f4eecacbf00
active_mask: ffffffff
br_taken_mask: 0
br_target_addr: 7f4eecacbf10
reconv_inst_addr/mem_addr: 0
mem_addr/reconv_inst_addr: 0
mem_access_size/barrier_id: 4
num_barrier_threads: 0
addr_space/fence_level: GPU_ADDR_SP_INVALID
barrier_id/mem_access_size: 4
fence_level/addr_space: GPU_FENCE_INVALID
*** end of the data structure *** 

*** begin of the data structure *** 
core_id:10 thread_id:13
opcode: NVBIT_IMAD
num_read_regs: 2
num_dest_regs: 1
src0: 255
src1: 255
dst0: 1
is_fp: 0
cf_type: NOT_CF
is_load: 0
inst_size: 16
inst_addr: 7f4eecacbf00
active_mask: ffffffff
br_taken_mask: 0
br_target_addr: 7f4eecacbf10
reconv_inst_addr/mem_addr: 0
mem_addr/reconv_inst_addr: 0
mem_access_size/barrier_id: 4
num_barrier_threads: 0
addr_space/fence_level: GPU_ADDR_SP_INVALID
barrier_id/mem_access_size: 4
fence_level/addr_space: GPU_FENCE_INVALID
*** end of the data structure *** 

*** begin of the data structure *** 
core_id:10 thread_id:14
opcode: NVBIT_IMAD
num_read_regs: 2
num_dest_regs: 1
src0: 255
src1: 255
dst0: 1
is_fp: 0
cf_type: NOT_CF
is_load: 0
inst_size: 16
inst_addr: 7f4eecacbf00
active_mask: ffffffff
br_taken_mask: 0
br_target_addr: 7f4eecacbf10
reconv_inst_addr/mem_addr: 0
mem_addr/reconv_inst_addr: 0
mem_access_size/barrier_id: 4
num_barrier_threads: 0
addr_space/fence_level: GPU_ADDR_SP_INVALID
barrier_id/mem_access_size: 4
fence_level/addr_space: GPU_FENCE_INVALID
*** end of the data structure *** 

*** begin of the data structure *** 
core_id:10 thread_id:15
opcode: NVBIT_IMAD
num_read_regs: 2
num_dest_regs: 1
src0: 255
src1: 255
dst0: 1
is_fp: 0
cf_type: NOT_CF
is_load: 0
inst_size: 16
inst_addr: 7f4eecacbf00
active_mask: ffffffff
br_taken_mask: 0
br_target_addr: 7f4eecacbf10
reconv_inst_addr/mem_addr: 0
mem_addr/reconv_inst_addr: 0
mem_access_size/barrier_id: 4
num_barrier_threads: 0
addr_space/fence_level: GPU_ADDR_SP_INVALID
barrier_id/mem_access_size: 4
fence_level/addr_space: GPU_FENCE_INVALID
*** end of the data structure *** 

*** begin of the data structure *** 
core_id:11 thread_id:12
opcode: NVBIT_IMAD
num_read_regs: 2
num_dest_regs: 1
src0: 255
src1: 255
dst0: 1
is_fp: 0
cf_type: NOT_CF
is_load: 0
inst_size: 16
inst_addr: 7f4eecacbf00
active_mask: ffffffff
br_taken_mask: 0
br_target_addr: 7f4eecacbf10
reconv_inst_addr/mem_addr: 0
mem_addr/reconv_inst_addr: 0
mem_access_size/barrier_id: 4
num_barrier_threads: 0
addr_space/fence_level: GPU_ADDR_SP_INVALID
barrier_id/mem_access_size: 4
fence_level/addr_space: GPU_FENCE_INVALID
*** end of the data structure *** 

*** begin of the data structure *** 
core_id:11 thread_id:13
opcode: NVBIT_IMAD
num_read_regs: 2
num_dest_regs: 1
src0: 255
src1: 255
dst0: 1
is_fp: 0
cf_type: NOT_CF
is_load: 0
inst_size: 16
inst_addr: 7f4eecacbf00
active_mask: ffffffff
br_taken_mask: 0
br_target_addr: 7f4eecacbf10
reconv_inst_addr/mem_addr: 0
mem_addr/reconv_inst_addr: 0
mem_access_size/barrier_id: 4
num_barrier_threads: 0
addr_space/fence_level: GPU_ADDR_SP_INVALID
barrier_id/mem_access_size: 4
fence_level/addr_space: GPU_FENCE_INVALID
*** end of the data structure *** 

*** begin of the data structure *** 
core_id:11 thread_id:14
opcode: NVBIT_IMAD
num_read_regs: 2
num_dest_regs: 1
src0: 255
src1: 255
dst0: 1
is_fp: 0
cf_type: NOT_CF
is_load: 0
inst_size: 16
inst_addr: 7f4eecacbf00
active_mask: ffffffff
br_taken_mask: 0
br_target_addr: 7f4eecacbf10
reconv_inst_addr/mem_addr: 0
mem_addr/reconv_inst_addr: 0
mem_access_size/barrier_id: 4
num_barrier_threads: 0
addr_space/fence_level: GPU_ADDR_SP_INVALID
barrier_id/mem_access_size: 4
fence_level/addr_space: GPU_FENCE_INVALID
*** end of the data structure *** 

*** begin of the data structure *** 
core_id:11 thread_id:15
opcode: NVBIT_IMAD
num_read_regs: 2
num_dest_regs: 1
src0: 255
src1: 255
dst0: 1
is_fp: 0
cf_type: NOT_CF
is_load: 0
inst_size: 16
inst_addr: 7f4eecacbf00
active_mask: ffffffff
br_taken_mask: 0
br_target_addr: 7f4eecacbf10
reconv_inst_addr/mem_addr: 0
mem_addr/reconv_inst_addr: 0
mem_access_size/barrier_id: 4
num_barrier_threads: 0
addr_space/fence_level: GPU_ADDR_SP_INVALID
barrier_id/mem_access_size: 4
fence_level/addr_space: GPU_FENCE_INVALID
*** end of the data structure *** 

*** begin of the data structure *** 
core_id:12 thread_id:12
opcode: NVBIT_IMAD
num_read_regs: 2
num_dest_regs: 1
src0: 255
src1: 255
dst0: 1
is_fp: 0
cf_type: NOT_CF
is_load: 0
inst_size: 16
inst_addr: 7f4eecacbf00
active_mask: ffffffff
br_taken_mask: 0
br_target_addr: 7f4eecacbf10
reconv_inst_addr/mem_addr: 0
mem_addr/reconv_inst_addr: 0
mem_access_size/barrier_id: 4
num_barrier_threads: 0
addr_space/fence_level: GPU_ADDR_SP_INVALID
barrier_id/mem_access_size: 4
fence_level/addr_space: GPU_FENCE_INVALID
*** end of the data structure *** 

*** begin of the data structure *** 
core_id:12 thread_id:13
opcode: NVBIT_IMAD
num_read_regs: 2
num_dest_regs: 1
src0: 255
src1: 255
dst0: 1
is_fp: 0
cf_type: NOT_CF
is_load: 0
inst_size: 16
inst_addr: 7f4eecacbf00
active_mask: ffffffff
br_taken_mask: 0
br_target_addr: 7f4eecacbf10
reconv_inst_addr/mem_addr: 0
mem_addr/reconv_inst_addr: 0
mem_access_size/barrier_id: 4
num_barrier_threads: 0
addr_space/fence_level: GPU_ADDR_SP_INVALID
barrier_id/mem_access_size: 4
fence_level/addr_space: GPU_FENCE_INVALID
*** end of the data structure *** 

*** begin of the data structure *** 
core_id:12 thread_id:14
opcode: NVBIT_IMAD
num_read_regs: 2
num_dest_regs: 1
src0: 255
src1: 255
dst0: 1
is_fp: 0
cf_type: NOT_CF
is_load: 0
inst_size: 16
inst_addr: 7f4eecacbf00
active_mask: ffffffff
br_taken_mask: 0
br_target_addr: 7f4eecacbf10
reconv_inst_addr/mem_addr: 0
mem_addr/reconv_inst_addr: 0
mem_access_size/barrier_id: 4
num_barrier_threads: 0
addr_space/fence_level: GPU_ADDR_SP_INVALID
barrier_id/mem_access_size: 4
fence_level/addr_space: GPU_FENCE_INVALID
*** end of the data structure *** 

*** begin of the data structure *** 
core_id:12 thread_id:15
opcode: NVBIT_IMAD
num_read_regs: 2
num_dest_regs: 1
src0: 255
src1: 255
dst0: 1
is_fp: 0
cf_type: NOT_CF
is_load: 0
inst_size: 16
inst_addr: 7f4eecacbf00
active_mask: ffffffff
br_taken_mask: 0
br_target_addr: 7f4eecacbf10
reconv_inst_addr/mem_addr: 0
mem_addr/reconv_inst_addr: 0
mem_access_size/barrier_id: 4
num_barrier_threads: 0
addr_space/fence_level: GPU_ADDR_SP_INVALID
barrier_id/mem_access_size: 4
fence_level/addr_space: GPU_FENCE_INVALID
*** end of the data structure *** 

*** begin of the data structure *** 
core_id:17 thread_id:16
opcode: NVBIT_IMAD
num_read_regs: 2
num_dest_regs: 1
src0: 255
src1: 255
dst0: 1
is_fp: 0
cf_type: NOT_CF
is_load: 0
inst_size: 16
inst_addr: 7f4eecacbf00
active_mask: ffffffff
br_taken_mask: 0
br_target_addr: 7f4eecacbf10
reconv_inst_addr/mem_addr: 0
mem_addr/reconv_inst_addr: 0
mem_access_size/barrier_id: 4
num_barrier_threads: 0
addr_space/fence_level: GPU_ADDR_SP_INVALID
barrier_id/mem_access_size: 4
fence_level/addr_space: GPU_FENCE_INVALID
*** end of the data structure *** 

*** begin of the data structure *** 
core_id:17 thread_id:17
opcode: NVBIT_IMAD
num_read_regs: 2
num_dest_regs: 1
src0: 255
src1: 255
dst0: 1
is_fp: 0
cf_type: NOT_CF
is_load: 0
inst_size: 16
inst_addr: 7f4eecacbf00
active_mask: ffffffff
br_taken_mask: 0
br_target_addr: 7f4eecacbf10
reconv_inst_addr/mem_addr: 0
mem_addr/reconv_inst_addr: 0
mem_access_size/barrier_id: 4
num_barrier_threads: 0
addr_space/fence_level: GPU_ADDR_SP_INVALID
barrier_id/mem_access_size: 4
fence_level/addr_space: GPU_FENCE_INVALID
*** end of the data structure *** 

*** begin of the data structure *** 
core_id:17 thread_id:18
opcode: NVBIT_IMAD
num_read_regs: 2
num_dest_regs: 1
src0: 255
src1: 255
dst0: 1
is_fp: 0
cf_type: NOT_CF
is_load: 0
inst_size: 16
inst_addr: 7f4eecacbf00
active_mask: ffffffff
br_taken_mask: 0
br_target_addr: 7f4eecacbf10
reconv_inst_addr/mem_addr: 0
mem_addr/reconv_inst_addr: 0
mem_access_size/barrier_id: 4
num_barrier_threads: 0
addr_space/fence_level: GPU_ADDR_SP_INVALID
barrier_id/mem_access_size: 4
fence_level/addr_space: GPU_FENCE_INVALID
*** end of the data structure *** 

*** begin of the data structure *** 
core_id:17 thread_id:19
opcode: NVBIT_IMAD
num_read_regs: 2
num_dest_regs: 1
src0: 255
src1: 255
dst0: 1
is_fp: 0
cf_type: NOT_CF
is_load: 0
inst_size: 16
inst_addr: 7f4eecacbf00
active_mask: ffffffff
br_taken_mask: 0
br_target_addr: 7f4eecacbf10
reconv_inst_addr/mem_addr: 0
mem_addr/reconv_inst_addr: 0
mem_access_size/barrier_id: 4
num_barrier_threads: 0
addr_space/fence_level: GPU_ADDR_SP_INVALID
barrier_id/mem_access_size: 4
fence_level/addr_space: GPU_FENCE_INVALID
*** end of the data structure *** 

*** begin of the data structure *** 
core_id:18 thread_id:16
opcode: NVBIT_IMAD
num_read_regs: 2
num_dest_regs: 1
src0: 255
src1: 255
dst0: 1
is_fp: 0
cf_type: NOT_CF
is_load: 0
inst_size: 16
inst_addr: 7f4eecacbf00
active_mask: ffffffff
br_taken_mask: 0
br_target_addr: 7f4eecacbf10
reconv_inst_addr/mem_addr: 0
mem_addr/reconv_inst_addr: 0
mem_access_size/barrier_id: 4
num_barrier_threads: 0
addr_space/fence_level: GPU_ADDR_SP_INVALID
barrier_id/mem_access_size: 4
fence_level/addr_space: GPU_FENCE_INVALID
*** end of the data structure *** 

*** begin of the data structure *** 
core_id:18 thread_id:17
opcode: NVBIT_IMAD
num_read_regs: 2
num_dest_regs: 1
src0: 255
src1: 255
dst0: 1
is_fp: 0
cf_type: NOT_CF
is_load: 0
inst_size: 16
inst_addr: 7f4eecacbf00
active_mask: ffffffff
br_taken_mask: 0
br_target_addr: 7f4eecacbf10
reconv_inst_addr/mem_addr: 0
mem_addr/reconv_inst_addr: 0
mem_access_size/barrier_id: 4
num_barrier_threads: 0
addr_space/fence_level: GPU_ADDR_SP_INVALID
barrier_id/mem_access_size: 4
fence_level/addr_space: GPU_FENCE_INVALID
*** end of the data structure *** 

*** begin of the data structure *** 
core_id:18 thread_id:18
opcode: NVBIT_IMAD
num_read_regs: 2
num_dest_regs: 1
src0: 255
src1: 255
dst0: 1
is_fp: 0
cf_type: NOT_CF
is_load: 0
inst_size: 16
inst_addr: 7f4eecacbf00
active_mask: ffffffff
br_taken_mask: 0
br_target_addr: 7f4eecacbf10
reconv_inst_addr/mem_addr: 0
mem_addr/reconv_inst_addr: 0
mem_access_size/barrier_id: 4
num_barrier_threads: 0
addr_space/fence_level: GPU_ADDR_SP_INVALID
barrier_id/mem_access_size: 4
fence_level/addr_space: GPU_FENCE_INVALID
*** end of the data structure *** 

*** begin of the data structure *** 
core_id:18 thread_id:19
opcode: NVBIT_IMAD
num_read_regs: 2
num_dest_regs: 1
src0: 255
src1: 255
dst0: 1
is_fp: 0
cf_type: NOT_CF
is_load: 0
inst_size: 16
inst_addr: 7f4eecacbf00
active_mask: ffffffff
br_taken_mask: 0
br_target_addr: 7f4eecacbf10
reconv_inst_addr/mem_addr: 0
mem_addr/reconv_inst_addr: 0
mem_access_size/barrier_id: 4
num_barrier_threads: 0
addr_space/fence_level: GPU_ADDR_SP_INVALID
barrier_id/mem_access_size: 4
fence_level/addr_space: GPU_FENCE_INVALID
*** end of the data structure *** 

*** begin of the data structure *** 
core_id:19 thread_id:16
opcode: NVBIT_IMAD
num_read_regs: 2
num_dest_regs: 1
src0: 255
src1: 255
dst0: 1
is_fp: 0
cf_type: NOT_CF
is_load: 0
inst_size: 16
inst_addr: 7f4eecacbf00
active_mask: ffffffff
br_taken_mask: 0
br_target_addr: 7f4eecacbf10
reconv_inst_addr/mem_addr: 0
mem_addr/reconv_inst_addr: 0
mem_access_size/barrier_id: 4
num_barrier_threads: 0
addr_space/fence_level: GPU_ADDR_SP_INVALID
barrier_id/mem_access_size: 4
fence_level/addr_space: GPU_FENCE_INVALID
*** end of the data structure *** 

*** begin of the data structure *** 
core_id:19 thread_id:17
opcode: NVBIT_IMAD
num_read_regs: 2
num_dest_regs: 1
src0: 255
src1: 255
dst0: 1
is_fp: 0
cf_type: NOT_CF
is_load: 0
inst_size: 16
inst_addr: 7f4eecacbf00
active_mask: ffffffff
br_taken_mask: 0
br_target_addr: 7f4eecacbf10
reconv_inst_addr/mem_addr: 0
mem_addr/reconv_inst_addr: 0
mem_access_size/barrier_id: 4
num_barrier_threads: 0
addr_space/fence_level: GPU_ADDR_SP_INVALID
barrier_id/mem_access_size: 4
fence_level/addr_space: GPU_FENCE_INVALID
*** end of the data structure *** 

*** begin of the data structure *** 
core_id:19 thread_id:18
opcode: NVBIT_IMAD
num_read_regs: 2
num_dest_regs: 1
src0: 255
src1: 255
dst0: 1
is_fp: 0
cf_type: NOT_CF
is_load: 0
inst_size: 16
inst_addr: 7f4eecacbf00
active_mask: ffffffff
br_taken_mask: 0
br_target_addr: 7f4eecacbf10
reconv_inst_addr/mem_addr: 0
mem_addr/reconv_inst_addr: 0
mem_access_size/barrier_id: 4
num_barrier_threads: 0
addr_space/fence_level: GPU_ADDR_SP_INVALID
barrier_id/mem_access_size: 4
fence_level/addr_space: GPU_FENCE_INVALID
*** end of the data structure *** 

*** begin of the data structure *** 
core_id:19 thread_id:19
opcode: NVBIT_IMAD
num_read_regs: 2
num_dest_regs: 1
src0: 255
src1: 255
dst0: 1
is_fp: 0
cf_type: NOT_CF
is_load: 0
inst_size: 16
inst_addr: 7f4eecacbf00
active_mask: ffffffff
br_taken_mask: 0
br_target_addr: 7f4eecacbf10
reconv_inst_addr/mem_addr: 0
mem_addr/reconv_inst_addr: 0
mem_access_size/barrier_id: 4
num_barrier_threads: 0
addr_space/fence_level: GPU_ADDR_SP_INVALID
barrier_id/mem_access_size: 4
fence_level/addr_space: GPU_FENCE_INVALID
*** end of the data structure *** 

*** begin of the data structure *** 
core_id:20 thread_id:16
opcode: NVBIT_IMAD
num_read_regs: 2
num_dest_regs: 1
src0: 255
src1: 255
dst0: 1
is_fp: 0
cf_type: NOT_CF
is_load: 0
inst_size: 16
inst_addr: 7f4eecacbf00
active_mask: ffffffff
br_taken_mask: 0
br_target_addr: 7f4eecacbf10
reconv_inst_addr/mem_addr: 0
mem_addr/reconv_inst_addr: 0
mem_access_size/barrier_id: 4
num_barrier_threads: 0
addr_space/fence_level: GPU_ADDR_SP_INVALID
barrier_id/mem_access_size: 4
fence_level/addr_space: GPU_FENCE_INVALID
*** end of the data structure *** 

*** begin of the data structure *** 
core_id:20 thread_id:17
opcode: NVBIT_IMAD
num_read_regs: 2
num_dest_regs: 1
src0: 255
src1: 255
dst0: 1
is_fp: 0
cf_type: NOT_CF
is_load: 0
inst_size: 16
inst_addr: 7f4eecacbf00
active_mask: ffffffff
br_taken_mask: 0
br_target_addr: 7f4eecacbf10
reconv_inst_addr/mem_addr: 0
mem_addr/reconv_inst_addr: 0
mem_access_size/barrier_id: 4
num_barrier_threads: 0
addr_space/fence_level: GPU_ADDR_SP_INVALID
barrier_id/mem_access_size: 4
fence_level/addr_space: GPU_FENCE_INVALID
*** end of the data structure *** 

*** begin of the data structure *** 
core_id:20 thread_id:18
opcode: NVBIT_IMAD
num_read_regs: 2
num_dest_regs: 1
src0: 255
src1: 255
dst0: 1
is_fp: 0
cf_type: NOT_CF
is_load: 0
inst_size: 16
inst_addr: 7f4eecacbf00
active_mask: ffffffff
br_taken_mask: 0
br_target_addr: 7f4eecacbf10
reconv_inst_addr/mem_addr: 0
mem_addr/reconv_inst_addr: 0
mem_access_size/barrier_id: 4
num_barrier_threads: 0
addr_space/fence_level: GPU_ADDR_SP_INVALID
barrier_id/mem_access_size: 4
fence_level/addr_space: GPU_FENCE_INVALID
*** end of the data structure *** 

*** begin of the data structure *** 
core_id:20 thread_id:19
opcode: NVBIT_IMAD
num_read_regs: 2
num_dest_regs: 1
src0: 255
src1: 255
dst0: 1
is_fp: 0
cf_type: NOT_CF
is_load: 0
inst_size: 16
inst_addr: 7f4eecacbf00
active_mask: ffffffff
br_taken_mask: 0
br_target_addr: 7f4eecacbf10
reconv_inst_addr/mem_addr: 0
mem_addr/reconv_inst_addr: 0
mem_access_size/barrier_id: 4
num_barrier_threads: 0
addr_space/fence_level: GPU_ADDR_SP_INVALID
barrier_id/mem_access_size: 4
fence_level/addr_space: GPU_FENCE_INVALID
*** end of the data structure *** 

*** begin of the data structure *** 
core_id:21 thread_id:16
opcode: NVBIT_IMAD
num_read_regs: 2
num_dest_regs: 1
src0: 255
src1: 255
dst0: 1
is_fp: 0
cf_type: NOT_CF
is_load: 0
inst_size: 16
inst_addr: 7f4eecacbf00
active_mask: ffffffff
br_taken_mask: 0
br_target_addr: 7f4eecacbf10
reconv_inst_addr/mem_addr: 0
mem_addr/reconv_inst_addr: 0
mem_access_size/barrier_id: 4
num_barrier_threads: 0
addr_space/fence_level: GPU_ADDR_SP_INVALID
barrier_id/mem_access_size: 4
fence_level/addr_space: GPU_FENCE_INVALID
*** end of the data structure *** 

*** begin of the data structure *** 
core_id:21 thread_id:17
opcode: NVBIT_IMAD
num_read_regs: 2
num_dest_regs: 1
src0: 255
src1: 255
dst0: 1
is_fp: 0
cf_type: NOT_CF
is_load: 0
inst_size: 16
inst_addr: 7f4eecacbf00
active_mask: ffffffff
br_taken_mask: 0
br_target_addr: 7f4eecacbf10
reconv_inst_addr/mem_addr: 0
mem_addr/reconv_inst_addr: 0
mem_access_size/barrier_id: 4
num_barrier_threads: 0
addr_space/fence_level: GPU_ADDR_SP_INVALID
barrier_id/mem_access_size: 4
fence_level/addr_space: GPU_FENCE_INVALID
*** end of the data structure *** 

*** begin of the data structure *** 
core_id:21 thread_id:18
opcode: NVBIT_IMAD
num_read_regs: 2
num_dest_regs: 1
src0: 255
src1: 255
dst0: 1
is_fp: 0
cf_type: NOT_CF
is_load: 0
inst_size: 16
inst_addr: 7f4eecacbf00
active_mask: ffffffff
br_taken_mask: 0
br_target_addr: 7f4eecacbf10
reconv_inst_addr/mem_addr: 0
mem_addr/reconv_inst_addr: 0
mem_access_size/barrier_id: 4
num_barrier_threads: 0
addr_space/fence_level: GPU_ADDR_SP_INVALID
barrier_id/mem_access_size: 4
fence_level/addr_space: GPU_FENCE_INVALID
*** end of the data structure *** 

*** begin of the data structure *** 
core_id:21 thread_id:19
opcode: NVBIT_IMAD
num_read_regs: 2
num_dest_regs: 1
src0: 255
src1: 255
dst0: 1
is_fp: 0
cf_type: NOT_CF
is_load: 0
inst_size: 16
inst_addr: 7f4eecacbf00
active_mask: ffffffff
br_taken_mask: 0
br_target_addr: 7f4eecacbf10
reconv_inst_addr/mem_addr: 0
mem_addr/reconv_inst_addr: 0
mem_access_size/barrier_id: 4
num_barrier_threads: 0
addr_space/fence_level: GPU_ADDR_SP_INVALID
barrier_id/mem_access_size: 4
fence_level/addr_space: GPU_FENCE_INVALID
*** end of the data structure *** 

*** begin of the data structure *** 
core_id:22 thread_id:16
opcode: NVBIT_IMAD
num_read_regs: 2
num_dest_regs: 1
src0: 255
src1: 255
dst0: 1
is_fp: 0
cf_type: NOT_CF
is_load: 0
inst_size: 16
inst_addr: 7f4eecacbf00
active_mask: ffffffff
br_taken_mask: 0
br_target_addr: 7f4eecacbf10
reconv_inst_addr/mem_addr: 0
mem_addr/reconv_inst_addr: 0
mem_access_size/barrier_id: 4
num_barrier_threads: 0
addr_space/fence_level: GPU_ADDR_SP_INVALID
barrier_id/mem_access_size: 4
fence_level/addr_space: GPU_FENCE_INVALID
*** end of the data structure *** 

*** begin of the data structure *** 
core_id:22 thread_id:17
opcode: NVBIT_IMAD
num_read_regs: 2
num_dest_regs: 1
src0: 255
src1: 255
dst0: 1
is_fp: 0
cf_type: NOT_CF
is_load: 0
inst_size: 16
inst_addr: 7f4eecacbf00
active_mask: ffffffff
br_taken_mask: 0
br_target_addr: 7f4eecacbf10
reconv_inst_addr/mem_addr: 0
mem_addr/reconv_inst_addr: 0
mem_access_size/barrier_id: 4
num_barrier_threads: 0
addr_space/fence_level: GPU_ADDR_SP_INVALID
barrier_id/mem_access_size: 4
fence_level/addr_space: GPU_FENCE_INVALID
*** end of the data structure *** 

*** begin of the data structure *** 
core_id:22 thread_id:18
opcode: NVBIT_IMAD
num_read_regs: 2
num_dest_regs: 1
src0: 255
src1: 255
dst0: 1
is_fp: 0
cf_type: NOT_CF
is_load: 0
inst_size: 16
inst_addr: 7f4eecacbf00
active_mask: ffffffff
br_taken_mask: 0
br_target_addr: 7f4eecacbf10
reconv_inst_addr/mem_addr: 0
mem_addr/reconv_inst_addr: 0
mem_access_size/barrier_id: 4
num_barrier_threads: 0
addr_space/fence_level: GPU_ADDR_SP_INVALID
barrier_id/mem_access_size: 4
fence_level/addr_space: GPU_FENCE_INVALID
*** end of the data structure *** 

*** begin of the data structure *** 
core_id:22 thread_id:19
opcode: NVBIT_IMAD
num_read_regs: 2
num_dest_regs: 1
src0: 255
src1: 255
dst0: 1
is_fp: 0
cf_type: NOT_CF
is_load: 0
inst_size: 16
inst_addr: 7f4eecacbf00
active_mask: ffffffff
br_taken_mask: 0
br_target_addr: 7f4eecacbf10
reconv_inst_addr/mem_addr: 0
mem_addr/reconv_inst_addr: 0
mem_access_size/barrier_id: 4
num_barrier_threads: 0
addr_space/fence_level: GPU_ADDR_SP_INVALID
barrier_id/mem_access_size: 4
fence_level/addr_space: GPU_FENCE_INVALID
*** end of the data structure *** 

*** begin of the data structure *** 
core_id:23 thread_id:16
opcode: NVBIT_IMAD
num_read_regs: 2
num_dest_regs: 1
src0: 255
src1: 255
dst0: 1
is_fp: 0
cf_type: NOT_CF
is_load: 0
inst_size: 16
inst_addr: 7f4eecacbf00
active_mask: ffffffff
br_taken_mask: 0
br_target_addr: 7f4eecacbf10
reconv_inst_addr/mem_addr: 0
mem_addr/reconv_inst_addr: 0
mem_access_size/barrier_id: 4
num_barrier_threads: 0
addr_space/fence_level: GPU_ADDR_SP_INVALID
barrier_id/mem_access_size: 4
fence_level/addr_space: GPU_FENCE_INVALID
*** end of the data structure *** 

*** begin of the data structure *** 
core_id:23 thread_id:17
opcode: NVBIT_IMAD
num_read_regs: 2
num_dest_regs: 1
src0: 255
src1: 255
dst0: 1
is_fp: 0
cf_type: NOT_CF
is_load: 0
inst_size: 16
inst_addr: 7f4eecacbf00
active_mask: ffffffff
br_taken_mask: 0
br_target_addr: 7f4eecacbf10
reconv_inst_addr/mem_addr: 0
mem_addr/reconv_inst_addr: 0
mem_access_size/barrier_id: 4
num_barrier_threads: 0
addr_space/fence_level: GPU_ADDR_SP_INVALID
barrier_id/mem_access_size: 4
fence_level/addr_space: GPU_FENCE_INVALID
*** end of the data structure *** 

*** begin of the data structure *** 
core_id:23 thread_id:18
opcode: NVBIT_IMAD
num_read_regs: 2
num_dest_regs: 1
src0: 255
src1: 255
dst0: 1
is_fp: 0
cf_type: NOT_CF
is_load: 0
inst_size: 16
inst_addr: 7f4eecacbf00
active_mask: ffffffff
br_taken_mask: 0
br_target_addr: 7f4eecacbf10
reconv_inst_addr/mem_addr: 0
mem_addr/reconv_inst_addr: 0
mem_access_size/barrier_id: 4
num_barrier_threads: 0
addr_space/fence_level: GPU_ADDR_SP_INVALID
barrier_id/mem_access_size: 4
fence_level/addr_space: GPU_FENCE_INVALID
*** end of the data structure *** 

*** begin of the data structure *** 
core_id:23 thread_id:19
opcode: NVBIT_IMAD
num_read_regs: 2
num_dest_regs: 1
src0: 255
src1: 255
dst0: 1
is_fp: 0
cf_type: NOT_CF
is_load: 0
inst_size: 16
inst_addr: 7f4eecacbf00
active_mask: ffffffff
br_taken_mask: 0
br_target_addr: 7f4eecacbf10
reconv_inst_addr/mem_addr: 0
mem_addr/reconv_inst_addr: 0
mem_access_size/barrier_id: 4
num_barrier_threads: 0
addr_space/fence_level: GPU_ADDR_SP_INVALID
barrier_id/mem_access_size: 4
fence_level/addr_space: GPU_FENCE_INVALID
*** end of the data structure *** 

*** begin of the data structure *** 
core_id:24 thread_id:16
opcode: NVBIT_IMAD
num_read_regs: 2
num_dest_regs: 1
src0: 255
src1: 255
dst0: 1
is_fp: 0
cf_type: NOT_CF
is_load: 0
inst_size: 16
inst_addr: 7f4eecacbf00
active_mask: ffffffff
br_taken_mask: 0
br_target_addr: 7f4eecacbf10
reconv_inst_addr/mem_addr: 0
mem_addr/reconv_inst_addr: 0
mem_access_size/barrier_id: 4
num_barrier_threads: 0
addr_space/fence_level: GPU_ADDR_SP_INVALID
barrier_id/mem_access_size: 4
fence_level/addr_space: GPU_FENCE_INVALID
*** end of the data structure *** 

*** begin of the data structure *** 
core_id:24 thread_id:17
opcode: NVBIT_IMAD
num_read_regs: 2
num_dest_regs: 1
src0: 255
src1: 255
dst0: 1
is_fp: 0
cf_type: NOT_CF
is_load: 0
inst_size: 16
inst_addr: 7f4eecacbf00
active_mask: ffffffff
br_taken_mask: 0
br_target_addr: 7f4eecacbf10
reconv_inst_addr/mem_addr: 0
mem_addr/reconv_inst_addr: 0
mem_access_size/barrier_id: 4
num_barrier_threads: 0
addr_space/fence_level: GPU_ADDR_SP_INVALID
barrier_id/mem_access_size: 4
fence_level/addr_space: GPU_FENCE_INVALID
*** end of the data structure *** 

*** begin of the data structure *** 
core_id:24 thread_id:18
opcode: NVBIT_IMAD
num_read_regs: 2
num_dest_regs: 1
src0: 255
src1: 255
dst0: 1
is_fp: 0
cf_type: NOT_CF
is_load: 0
inst_size: 16
inst_addr: 7f4eecacbf00
active_mask: ffffffff
br_taken_mask: 0
br_target_addr: 7f4eecacbf10
reconv_inst_addr/mem_addr: 0
mem_addr/reconv_inst_addr: 0
mem_access_size/barrier_id: 4
num_barrier_threads: 0
addr_space/fence_level: GPU_ADDR_SP_INVALID
barrier_id/mem_access_size: 4
fence_level/addr_space: GPU_FENCE_INVALID
*** end of the data structure *** 

*** begin of the data structure *** 
core_id:24 thread_id:19
opcode: NVBIT_IMAD
num_read_regs: 2
num_dest_regs: 1
src0: 255
src1: 255
dst0: 1
is_fp: 0
cf_type: NOT_CF
is_load: 0
inst_size: 16
inst_addr: 7f4eecacbf00
active_mask: ffffffff
br_taken_mask: 0
br_target_addr: 7f4eecacbf10
reconv_inst_addr/mem_addr: 0
mem_addr/reconv_inst_addr: 0
mem_access_size/barrier_id: 4
num_barrier_threads: 0
addr_space/fence_level: GPU_ADDR_SP_INVALID
barrier_id/mem_access_size: 4
fence_level/addr_space: GPU_FENCE_INVALID
*** end of the data structure *** 

*** begin of the data structure *** 
core_id:25 thread_id:16
opcode: NVBIT_IMAD
num_read_regs: 2
num_dest_regs: 1
src0: 255
src1: 255
dst0: 1
is_fp: 0
cf_type: NOT_CF
is_load: 0
inst_size: 16
inst_addr: 7f4eecacbf00
active_mask: ffffffff
br_taken_mask: 0
br_target_addr: 7f4eecacbf10
reconv_inst_addr/mem_addr: 0
mem_addr/reconv_inst_addr: 0
mem_access_size/barrier_id: 4
num_barrier_threads: 0
addr_space/fence_level: GPU_ADDR_SP_INVALID
barrier_id/mem_access_size: 4
fence_level/addr_space: GPU_FENCE_INVALID
*** end of the data structure *** 

*** begin of the data structure *** 
core_id:25 thread_id:17
opcode: NVBIT_IMAD
num_read_regs: 2
num_dest_regs: 1
src0: 255
src1: 255
dst0: 1
is_fp: 0
cf_type: NOT_CF
is_load: 0
inst_size: 16
inst_addr: 7f4eecacbf00
active_mask: ffffffff
br_taken_mask: 0
br_target_addr: 7f4eecacbf10
reconv_inst_addr/mem_addr: 0
mem_addr/reconv_inst_addr: 0
mem_access_size/barrier_id: 4
num_barrier_threads: 0
addr_space/fence_level: GPU_ADDR_SP_INVALID
barrier_id/mem_access_size: 4
fence_level/addr_space: GPU_FENCE_INVALID
*** end of the data structure *** 

*** begin of the data structure *** 
core_id:25 thread_id:18
opcode: NVBIT_IMAD
num_read_regs: 2
num_dest_regs: 1
src0: 255
src1: 255
dst0: 1
is_fp: 0
cf_type: NOT_CF
is_load: 0
inst_size: 16
inst_addr: 7f4eecacbf00
active_mask: ffffffff
br_taken_mask: 0
br_target_addr: 7f4eecacbf10
reconv_inst_addr/mem_addr: 0
mem_addr/reconv_inst_addr: 0
mem_access_size/barrier_id: 4
num_barrier_threads: 0
addr_space/fence_level: GPU_ADDR_SP_INVALID
barrier_id/mem_access_size: 4
fence_level/addr_space: GPU_FENCE_INVALID
*** end of the data structure *** 

*** begin of the data structure *** 
core_id:25 thread_id:19
opcode: NVBIT_IMAD
num_read_regs: 2
num_dest_regs: 1
src0: 255
src1: 255
dst0: 1
is_fp: 0
cf_type: NOT_CF
is_load: 0
inst_size: 16
inst_addr: 7f4eecacbf00
active_mask: ffffffff
br_taken_mask: 0
br_target_addr: 7f4eecacbf10
reconv_inst_addr/mem_addr: 0
mem_addr/reconv_inst_addr: 0
mem_access_size/barrier_id: 4
num_barrier_threads: 0
addr_space/fence_level: GPU_ADDR_SP_INVALID
barrier_id/mem_access_size: 4
fence_level/addr_space: GPU_FENCE_INVALID
*** end of the data structure *** 

*** begin of the data structure *** 
core_id:26 thread_id:16
opcode: NVBIT_IMAD
num_read_regs: 2
num_dest_regs: 1
src0: 255
src1: 255
dst0: 1
is_fp: 0
cf_type: NOT_CF
is_load: 0
inst_size: 16
inst_addr: 7f4eecacbf00
active_mask: ffffffff
br_taken_mask: 0
br_target_addr: 7f4eecacbf10
reconv_inst_addr/mem_addr: 0
mem_addr/reconv_inst_addr: 0
mem_access_size/barrier_id: 4
num_barrier_threads: 0
addr_space/fence_level: GPU_ADDR_SP_INVALID
barrier_id/mem_access_size: 4
fence_level/addr_space: GPU_FENCE_INVALID
*** end of the data structure *** 

*** begin of the data structure *** 
core_id:26 thread_id:17
opcode: NVBIT_IMAD
num_read_regs: 2
num_dest_regs: 1
src0: 255
src1: 255
dst0: 1
is_fp: 0
cf_type: NOT_CF
is_load: 0
inst_size: 16
inst_addr: 7f4eecacbf00
active_mask: ffffffff
br_taken_mask: 0
br_target_addr: 7f4eecacbf10
reconv_inst_addr/mem_addr: 0
mem_addr/reconv_inst_addr: 0
mem_access_size/barrier_id: 4
num_barrier_threads: 0
addr_space/fence_level: GPU_ADDR_SP_INVALID
barrier_id/mem_access_size: 4
fence_level/addr_space: GPU_FENCE_INVALID
*** end of the data structure *** 

*** begin of the data structure *** 
core_id:26 thread_id:18
opcode: NVBIT_IMAD
num_read_regs: 2
num_dest_regs: 1
src0: 255
src1: 255
dst0: 1
is_fp: 0
cf_type: NOT_CF
is_load: 0
inst_size: 16
inst_addr: 7f4eecacbf00
active_mask: ffffffff
br_taken_mask: 0
br_target_addr: 7f4eecacbf10
reconv_inst_addr/mem_addr: 0
mem_addr/reconv_inst_addr: 0
mem_access_size/barrier_id: 4
num_barrier_threads: 0
addr_space/fence_level: GPU_ADDR_SP_INVALID
barrier_id/mem_access_size: 4
fence_level/addr_space: GPU_FENCE_INVALID
*** end of the data structure *** 

*** begin of the data structure *** 
core_id:26 thread_id:19
opcode: NVBIT_IMAD
num_read_regs: 2
num_dest_regs: 1
src0: 255
src1: 255
dst0: 1
is_fp: 0
cf_type: NOT_CF
is_load: 0
inst_size: 16
inst_addr: 7f4eecacbf00
active_mask: ffffffff
br_taken_mask: 0
br_target_addr: 7f4eecacbf10
reconv_inst_addr/mem_addr: 0
mem_addr/reconv_inst_addr: 0
mem_access_size/barrier_id: 4
num_barrier_threads: 0
addr_space/fence_level: GPU_ADDR_SP_INVALID
barrier_id/mem_access_size: 4
fence_level/addr_space: GPU_FENCE_INVALID
*** end of the data structure *** 

*** begin of the data structure *** 
core_id:27 thread_id:16
opcode: NVBIT_IMAD
num_read_regs: 2
num_dest_regs: 1
src0: 255
src1: 255
dst0: 1
is_fp: 0
cf_type: NOT_CF
is_load: 0
inst_size: 16
inst_addr: 7f4eecacbf00
active_mask: ffffffff
br_taken_mask: 0
br_target_addr: 7f4eecacbf10
reconv_inst_addr/mem_addr: 0
mem_addr/reconv_inst_addr: 0
mem_access_size/barrier_id: 4
num_barrier_threads: 0
addr_space/fence_level: GPU_ADDR_SP_INVALID
barrier_id/mem_access_size: 4
fence_level/addr_space: GPU_FENCE_INVALID
*** end of the data structure *** 

*** begin of the data structure *** 
core_id:27 thread_id:17
opcode: NVBIT_IMAD
num_read_regs: 2
num_dest_regs: 1
src0: 255
src1: 255
dst0: 1
is_fp: 0
cf_type: NOT_CF
is_load: 0
inst_size: 16
inst_addr: 7f4eecacbf00
active_mask: ffffffff
br_taken_mask: 0
br_target_addr: 7f4eecacbf10
reconv_inst_addr/mem_addr: 0
mem_addr/reconv_inst_addr: 0
mem_access_size/barrier_id: 4
num_barrier_threads: 0
addr_space/fence_level: GPU_ADDR_SP_INVALID
barrier_id/mem_access_size: 4
fence_level/addr_space: GPU_FENCE_INVALID
*** end of the data structure *** 

*** begin of the data structure *** 
core_id:27 thread_id:18
opcode: NVBIT_IMAD
num_read_regs: 2
num_dest_regs: 1
src0: 255
src1: 255
dst0: 1
is_fp: 0
cf_type: NOT_CF
is_load: 0
inst_size: 16
inst_addr: 7f4eecacbf00
active_mask: ffffffff
br_taken_mask: 0
br_target_addr: 7f4eecacbf10
reconv_inst_addr/mem_addr: 0
mem_addr/reconv_inst_addr: 0
mem_access_size/barrier_id: 4
num_barrier_threads: 0
addr_space/fence_level: GPU_ADDR_SP_INVALID
barrier_id/mem_access_size: 4
fence_level/addr_space: GPU_FENCE_INVALID
*** end of the data structure *** 

*** begin of the data structure *** 
core_id:27 thread_id:19
opcode: NVBIT_IMAD
num_read_regs: 2
num_dest_regs: 1
src0: 255
src1: 255
dst0: 1
is_fp: 0
cf_type: NOT_CF
is_load: 0
inst_size: 16
inst_addr: 7f4eecacbf00
active_mask: ffffffff
br_taken_mask: 0
br_target_addr: 7f4eecacbf10
reconv_inst_addr/mem_addr: 0
mem_addr/reconv_inst_addr: 0
mem_access_size/barrier_id: 4
num_barrier_threads: 0
addr_space/fence_level: GPU_ADDR_SP_INVALID
barrier_id/mem_access_size: 4
fence_level/addr_space: GPU_FENCE_INVALID
*** end of the data structure *** 

*** begin of the data structure *** 
core_id:28 thread_id:16
opcode: NVBIT_IMAD
num_read_regs: 2
num_dest_regs: 1
src0: 255
src1: 255
dst0: 1
is_fp: 0
cf_type: NOT_CF
is_load: 0
inst_size: 16
inst_addr: 7f4eecacbf00
active_mask: ffffffff
br_taken_mask: 0
br_target_addr: 7f4eecacbf10
reconv_inst_addr/mem_addr: 0
mem_addr/reconv_inst_addr: 0
mem_access_size/barrier_id: 4
num_barrier_threads: 0
addr_space/fence_level: GPU_ADDR_SP_INVALID
barrier_id/mem_access_size: 4
fence_level/addr_space: GPU_FENCE_INVALID
*** end of the data structure *** 

*** begin of the data structure *** 
core_id:28 thread_id:17
opcode: NVBIT_IMAD
num_read_regs: 2
num_dest_regs: 1
src0: 255
src1: 255
dst0: 1
is_fp: 0
cf_type: NOT_CF
is_load: 0
inst_size: 16
inst_addr: 7f4eecacbf00
active_mask: ffffffff
br_taken_mask: 0
br_target_addr: 7f4eecacbf10
reconv_inst_addr/mem_addr: 0
mem_addr/reconv_inst_addr: 0
mem_access_size/barrier_id: 4
num_barrier_threads: 0
addr_space/fence_level: GPU_ADDR_SP_INVALID
barrier_id/mem_access_size: 4
fence_level/addr_space: GPU_FENCE_INVALID
*** end of the data structure *** 

*** begin of the data structure *** 
core_id:28 thread_id:18
opcode: NVBIT_IMAD
num_read_regs: 2
num_dest_regs: 1
src0: 255
src1: 255
dst0: 1
is_fp: 0
cf_type: NOT_CF
is_load: 0
inst_size: 16
inst_addr: 7f4eecacbf00
active_mask: ffffffff
br_taken_mask: 0
br_target_addr: 7f4eecacbf10
reconv_inst_addr/mem_addr: 0
mem_addr/reconv_inst_addr: 0
mem_access_size/barrier_id: 4
num_barrier_threads: 0
addr_space/fence_level: GPU_ADDR_SP_INVALID
barrier_id/mem_access_size: 4
fence_level/addr_space: GPU_FENCE_INVALID
*** end of the data structure *** 

*** begin of the data structure *** 
core_id:28 thread_id:19
opcode: NVBIT_IMAD
num_read_regs: 2
num_dest_regs: 1
src0: 255
src1: 255
dst0: 1
is_fp: 0
cf_type: NOT_CF
is_load: 0
inst_size: 16
inst_addr: 7f4eecacbf00
active_mask: ffffffff
br_taken_mask: 0
br_target_addr: 7f4eecacbf10
reconv_inst_addr/mem_addr: 0
mem_addr/reconv_inst_addr: 0
mem_access_size/barrier_id: 4
num_barrier_threads: 0
addr_space/fence_level: GPU_ADDR_SP_INVALID
barrier_id/mem_access_size: 4
fence_level/addr_space: GPU_FENCE_INVALID
*** end of the data structure *** 

*** begin of the data structure *** 
core_id:29 thread_id:16
opcode: NVBIT_IMAD
num_read_regs: 2
num_dest_regs: 1
src0: 255
src1: 255
dst0: 1
is_fp: 0
cf_type: NOT_CF
is_load: 0
inst_size: 16
inst_addr: 7f4eecacbf00
active_mask: ffffffff
br_taken_mask: 0
br_target_addr: 7f4eecacbf10
reconv_inst_addr/mem_addr: 0
mem_addr/reconv_inst_addr: 0
mem_access_size/barrier_id: 4
num_barrier_threads: 0
addr_space/fence_level: GPU_ADDR_SP_INVALID
barrier_id/mem_access_size: 4
fence_level/addr_space: GPU_FENCE_INVALID
*** end of the data structure *** 

