####################################################################################################
Interval
####################################################################################################
Cumulative:         Cycles:                  20000     Instructions:                  1200
FP_OPS_TOT                                                      0                             0

PARENT_UOP_CORE_0                                               0                             0

CHILD_UOP_READ_CORE_0                                           0                             0

FP_OPS_CORE_0                                                   0                             0

OP_CAT_XED_CATEGORY_INVALID_CORE_0                              0                             0%
OP_CAT_XED_CATEGORY_3DNOW_CORE_0                                0                             0%
OP_CAT_XED_CATEGORY_ADOX_ADCX_CORE_0                            0                             0%
OP_CAT_XED_CATEGORY_AES_CORE_0                                  0                             0%
OP_CAT_XED_CATEGORY_AVX_CORE_0                                  0                             0%
OP_CAT_XED_CATEGORY_AVX2_CORE_0                                 0                             0%
OP_CAT_XED_CATEGORY_AVX2GATHER_CORE_0                           0                             0%
OP_CAT_XED_CATEGORY_AVX512_CORE_0                               0                             0%
OP_CAT_XED_CATEGORY_AVX512_4FMAPS_CORE_0                        0                             0%
OP_CAT_XED_CATEGORY_AVX512_4VNNIW_CORE_0                        0                             0%
OP_CAT_XED_CATEGORY_AVX512_BITALG_CORE_0                        0                             0%
OP_CAT_XED_CATEGORY_AVX512_VBMI_CORE_0                          0                             0%
OP_CAT_XED_CATEGORY_AVX512_VP2INTERSECT_CORE_0                   0                             0%
OP_CAT_XED_CATEGORY_BINARY_CORE_0                               0                             0%
OP_CAT_XED_CATEGORY_BITBYTE_CORE_0                              0                             0%
OP_CAT_XED_CATEGORY_BLEND_CORE_0                                0                             0%
OP_CAT_XED_CATEGORY_BMI1_CORE_0                                 0                             0%
OP_CAT_XED_CATEGORY_BMI2_CORE_0                                 0                             0%
OP_CAT_XED_CATEGORY_BROADCAST_CORE_0                            0                             0%
OP_CAT_XED_CATEGORY_CALL_CORE_0                                 0                             0%
OP_CAT_XED_CATEGORY_CET_CORE_0                                  0                             0%
OP_CAT_XED_CATEGORY_CLDEMOTE_CORE_0                             0                             0%
OP_CAT_XED_CATEGORY_CLFLUSHOPT_CORE_0                           0                             0%
OP_CAT_XED_CATEGORY_CLWB_CORE_0                                 0                             0%
OP_CAT_XED_CATEGORY_CLZERO_CORE_0                               0                             0%
OP_CAT_XED_CATEGORY_CMOV_CORE_0                                 0                             0%
OP_CAT_XED_CATEGORY_COMPRESS_CORE_0                             0                             0%
OP_CAT_XED_CATEGORY_COND_BR_CORE_0                              0                             0%
OP_CAT_XED_CATEGORY_CONFLICT_CORE_0                             0                             0%
OP_CAT_XED_CATEGORY_CONVERT_CORE_0                              0                             0%
OP_CAT_XED_CATEGORY_DATAXFER_CORE_0                             0                             0%
OP_CAT_XED_CATEGORY_DECIMAL_CORE_0                              0                             0%
OP_CAT_XED_CATEGORY_ENQCMD_CORE_0                               0                             0%
OP_CAT_XED_CATEGORY_EXPAND_CORE_0                               0                             0%
OP_CAT_XED_CATEGORY_FCMOV_CORE_0                                0                             0%
OP_CAT_XED_CATEGORY_FLAGOP_CORE_0                               0                             0%
OP_CAT_XED_CATEGORY_FMA4_CORE_0                                 0                             0%
OP_CAT_XED_CATEGORY_GATHER_CORE_0                               0                             0%
OP_CAT_XED_CATEGORY_GFNI_CORE_0                                 0                             0%
OP_CAT_XED_CATEGORY_IFMA_CORE_0                                 0                             0%
OP_CAT_XED_CATEGORY_INTERRUPT_CORE_0                            0                             0%
OP_CAT_XED_CATEGORY_IO_CORE_0                                   0                             0%
OP_CAT_XED_CATEGORY_IOSTRINGOP_CORE_0                           0                             0%
OP_CAT_XED_CATEGORY_KMASK_CORE_0                                0                             0%
OP_CAT_XED_CATEGORY_LOGICAL_CORE_0                              0                             0%
OP_CAT_XED_CATEGORY_LOGICAL_FP_CORE_0                           0                             0%
OP_CAT_XED_CATEGORY_LZCNT_CORE_0                                0                             0%
OP_CAT_XED_CATEGORY_MISC_CORE_0                                 0                             0%
OP_CAT_XED_CATEGORY_MMX_CORE_0                                  0                             0%
OP_CAT_XED_CATEGORY_MOVDIR_CORE_0                               0                             0%
OP_CAT_XED_CATEGORY_MPX_CORE_0                                  0                             0%
OP_CAT_XED_CATEGORY_NOP_CORE_0                                  0                             0%
OP_CAT_XED_CATEGORY_PCLMULQDQ_CORE_0                            0                             0%
OP_CAT_XED_CATEGORY_PCONFIG_CORE_0                              0                             0%
OP_CAT_XED_CATEGORY_PKU_CORE_0                                  0                             0%
OP_CAT_XED_CATEGORY_POP_CORE_0                                  0                             0%
OP_CAT_XED_CATEGORY_PREFETCH_CORE_0                             0                             0%
OP_CAT_XED_CATEGORY_PREFETCHWT1_CORE_0                          0                             0%
OP_CAT_XED_CATEGORY_PT_CORE_0                                   0                             0%
OP_CAT_XED_CATEGORY_PUSH_CORE_0                                 0                             0%
OP_CAT_XED_CATEGORY_RDPID_CORE_0                                0                             0%
OP_CAT_XED_CATEGORY_RDPRU_CORE_0                                0                             0%
OP_CAT_XED_CATEGORY_RDRAND_CORE_0                               0                             0%
OP_CAT_XED_CATEGORY_RDSEED_CORE_0                               0                             0%
OP_CAT_XED_CATEGORY_RDWRFSGS_CORE_0                             0                             0%
OP_CAT_XED_CATEGORY_RET_CORE_0                                  0                             0%
OP_CAT_XED_CATEGORY_ROTATE_CORE_0                               0                             0%
OP_CAT_XED_CATEGORY_SCATTER_CORE_0                              0                             0%
OP_CAT_XED_CATEGORY_SEGOP_CORE_0                                0                             0%
OP_CAT_XED_CATEGORY_SEMAPHORE_CORE_0                            0                             0%
OP_CAT_XED_CATEGORY_SETCC_CORE_0                                0                             0%
OP_CAT_XED_CATEGORY_SGX_CORE_0                                  0                             0%
OP_CAT_XED_CATEGORY_SHA_CORE_0                                  0                             0%
OP_CAT_XED_CATEGORY_SHIFT_CORE_0                                0                             0%
OP_CAT_XED_CATEGORY_SMAP_CORE_0                                 0                             0%
OP_CAT_XED_CATEGORY_SSE_CORE_0                                  0                             0%
OP_CAT_XED_CATEGORY_STRINGOP_CORE_0                             0                             0%
OP_CAT_XED_CATEGORY_STTNI_CORE_0                                0                             0%
OP_CAT_XED_CATEGORY_SYSCALL_CORE_0                              0                             0%
OP_CAT_XED_CATEGORY_SYSRET_CORE_0                               0                             0%
OP_CAT_XED_CATEGORY_SYSTEM_CORE_0                               0                             0%
OP_CAT_XED_CATEGORY_TBM_CORE_0                                  0                             0%
OP_CAT_XED_CATEGORY_UNCOND_BR_CORE_0                            0                             0%
OP_CAT_XED_CATEGORY_VAES_CORE_0                                 0                             0%
OP_CAT_XED_CATEGORY_VBMI2_CORE_0                                0                             0%
OP_CAT_XED_CATEGORY_VFMA_CORE_0                                 0                             0%
OP_CAT_XED_CATEGORY_VIA_PADLOCK_CORE_0                          0                             0%
OP_CAT_XED_CATEGORY_VPCLMULQDQ_CORE_0                           0                             0%
OP_CAT_XED_CATEGORY_VTX_CORE_0                                  0                             0%
OP_CAT_XED_CATEGORY_WAITPKG_CORE_0                              0                             0%
OP_CAT_XED_CATEGORY_WIDENOP_CORE_0                              0                             0%
OP_CAT_XED_CATEGORY_X87_ALU_CORE_0                              0                             0%
OP_CAT_XED_CATEGORY_XOP_CORE_0                                  0                             0%
OP_CAT_XED_CATEGORY_XSAVE_CORE_0                                0                             0%
OP_CAT_XED_CATEGORY_XSAVEOPT_CORE_0                             0                             0%
OP_CAT_XED_CATEGORY_TR_MUL_CORE_0                               0                             0%
OP_CAT_XED_CATEGORY_TR_DIV_CORE_0                               0                             0%
OP_CAT_XED_CATEGORY_TR_FMUL_CORE_0                              0                             0%
OP_CAT_XED_CATEGORY_TR_FDIV_CORE_0                              0                             0%
OP_CAT_XED_CATEGORY_TR_NOP_CORE_0                               0                             0%
OP_CAT_XED_CATEGORY_PREFETCH_NTA_CORE_0                         0                             0%
OP_CAT_XED_CATEGORY_PREFETCH_T0_CORE_0                          0                             0%
OP_CAT_XED_CATEGORY_PREFETCH_T1_CORE_0                          0                             0%
OP_CAT_XED_CATEGORY_PREFETCH_T2_CORE_0                          0                             0%
OP_CAT_GPU_EN_CORE_0                                            0                             0%
OP_CAT_GPU_INVALID_CORE_0                                       0                             0%
OP_CAT_GPU_ABS_CORE_0                                           0                             0%
OP_CAT_GPU_ABS64_CORE_0                                         0                             0%
OP_CAT_GPU_ADD_CORE_0                                           0                             0%
OP_CAT_GPU_ADD64_CORE_0                                         0                             0%
OP_CAT_GPU_ADDC_CORE_0                                          0                             0%
OP_CAT_GPU_AND_CORE_0                                           0                             0%
OP_CAT_GPU_AND64_CORE_0                                         0                             0%
OP_CAT_GPU_ATOM_GM_CORE_0                                       0                             0%
OP_CAT_GPU_ATOM_SM_CORE_0                                       0                             0%
OP_CAT_GPU_ATOM64_GM_CORE_0                                  8068                       4.19852%
OP_CAT_GPU_ATOM64_SM_CORE_0                                     0                             0%
OP_CAT_GPU_BAR_ARRIVE_CORE_0                                  568                      0.295582%
OP_CAT_GPU_BAR_SYNC_CORE_0                                      0                             0%
OP_CAT_GPU_BAR_RED_CORE_0                                       0                             0%
OP_CAT_GPU_BFE_CORE_0                                           0                             0%
OP_CAT_GPU_BFE64_CORE_0                                         0                             0%
OP_CAT_GPU_BFI_CORE_0                                           0                             0%
OP_CAT_GPU_BFI64_CORE_0                                         0                             0%
OP_CAT_GPU_BFIND_CORE_0                                         0                             0%
OP_CAT_GPU_BFIND64_CORE_0                                       0                             0%
OP_CAT_GPU_BRA_CORE_0                                           0                             0%
OP_CAT_GPU_BREV_CORE_0                                          0                             0%
OP_CAT_GPU_BREV64_CORE_0                                        0                             0%
OP_CAT_GPU_BRKPT_CORE_0                                         0                             0%
OP_CAT_GPU_CALL_CORE_0                                          0                             0%
OP_CAT_GPU_CLZ_CORE_0                                           0                             0%
OP_CAT_GPU_CLZ64_CORE_0                                         5                    0.00260196%
OP_CAT_GPU_CNOT_CORE_0                                          0                             0%
OP_CAT_GPU_CNOT64_CORE_0                                       35                     0.0182137%
OP_CAT_GPU_COPYSIGN_CORE_0                                      0                             0%
OP_CAT_GPU_COPYSIGN64_CORE_0                                    0                             0%
OP_CAT_GPU_COS_CORE_0                                       21120                       10.9907%
OP_CAT_GPU_CVT_CORE_0                                           0                             0%
OP_CAT_GPU_CVT64_CORE_0                                         0                             0%
OP_CAT_GPU_CVTA_CORE_0                                          0                             0%
OP_CAT_GPU_CVTA64_CORE_0                                    38803                       20.1928%
OP_CAT_GPU_DIV_CORE_0                                           0                             0%
OP_CAT_GPU_DIV64_CORE_0                                         0                             0%
OP_CAT_GPU_EX2_CORE_0                                           0                             0%
OP_CAT_GPU_EXIT_CORE_0                                          0                             0%
OP_CAT_GPU_FMA_CORE_0                                           0                             0%
OP_CAT_GPU_FMA64_CORE_0                                         0                             0%
OP_CAT_GPU_ISSPACEP_CORE_0                                  23147                       12.0455%
OP_CAT_GPU_LD_CORE_0                                        16256                       8.45949%
OP_CAT_GPU_LD64_CORE_0                                          0                             0%
OP_CAT_GPU_LDU_CORE_0                                       16784                       8.73425%
OP_CAT_GPU_LDU64_CORE_0                                         0                             0%
OP_CAT_GPU_LG2_CORE_0                                          70                     0.0364274%
OP_CAT_GPU_MAD24_CORE_0                                      1158                      0.602613%
OP_CAT_GPU_MAD_CORE_0                                           0                             0%
OP_CAT_GPU_MAD64_CORE_0                                         0                             0%
OP_CAT_GPU_MADC_CORE_0                                          0                             0%
OP_CAT_GPU_MADC64_CORE_0                                        0                             0%
OP_CAT_GPU_MAX_CORE_0                                           0                             0%
OP_CAT_GPU_MAX64_CORE_0                                       568                      0.295582%
OP_CAT_GPU_MEMBAR_CTA_CORE_0                                  568                      0.295582%
OP_CAT_GPU_MEMBAR_GL_CORE_0                                     0                             0%
OP_CAT_GPU_MEMBAR_SYS_CORE_0                                    0                             0%
OP_CAT_GPU_MIN_CORE_0                                           0                             0%
OP_CAT_GPU_MIN64_CORE_0                                         0                             0%
OP_CAT_GPU_MOV_CORE_0                                           0                             0%
OP_CAT_GPU_MOV64_CORE_0                                         0                             0%
OP_CAT_GPU_MUL24_CORE_0                                      2622                       1.36447%
OP_CAT_GPU_MUL_CORE_0                                       17028                       8.86123%
OP_CAT_GPU_MUL64_CORE_0                                       869                       0.45222%
OP_CAT_GPU_NEG_CORE_0                                          60                     0.0312235%
OP_CAT_GPU_NEG64_CORE_0                                        40                     0.0208157%
OP_CAT_GPU_NOT_CORE_0                                           0                             0%
OP_CAT_GPU_NOT64_CORE_0                                         0                             0%
OP_CAT_GPU_OR_CORE_0                                            0                             0%
OP_CAT_GPU_OR64_CORE_0                                          0                             0%
OP_CAT_GPU_PMEVENT_CORE_0                                       0                             0%
OP_CAT_GPU_POPC_CORE_0                                       8876                         4.619%
OP_CAT_GPU_POPC64_CORE_0                                        0                             0%
OP_CAT_GPU_PREFETCH_CORE_0                                   1288                      0.670264%
OP_CAT_GPU_PREFETCHU_CORE_0                                     0                             0%
OP_CAT_GPU_PRMT_CORE_0                                          0                             0%
OP_CAT_GPU_RCP_CORE_0                                         299                      0.155597%
OP_CAT_GPU_RCP64_CORE_0                                         0                             0%
OP_CAT_GPU_RED_GM_CORE_0                                      719                      0.374162%
OP_CAT_GPU_RED_SM_CORE_0                                        0                             0%
OP_CAT_GPU_RED64_GM_CORE_0                                      0                             0%
OP_CAT_GPU_RED64_SM_CORE_0                                      0                             0%
OP_CAT_GPU_REM_CORE_0                                         869                       0.45222%
OP_CAT_GPU_REM64_CORE_0                                        35                     0.0182137%
OP_CAT_GPU_RET_CORE_0                                           0                             0%
OP_CAT_GPU_RSQRT_CORE_0                                       284                      0.147791%
OP_CAT_GPU_RSQRT64_CORE_0                                       0                             0%
OP_CAT_GPU_SAD_CORE_0                                         284                      0.147791%
OP_CAT_GPU_SAD64_CORE_0                                       284                      0.147791%
OP_CAT_GPU_SELP_CORE_0                                          0                             0%
OP_CAT_GPU_SELP64_CORE_0                                        0                             0%
OP_CAT_GPU_SET_CORE_0                                           0                             0%
OP_CAT_GPU_SET64_CORE_0                                         0                             0%
OP_CAT_GPU_SETP_CORE_0                                          0                             0%
OP_CAT_GPU_SETP64_CORE_0                                        0                             0%
OP_CAT_GPU_SHFL_CORE_0                                          0                             0%
OP_CAT_GPU_SHFL64_CORE_0                                        0                             0%
OP_CAT_GPU_SHL_CORE_0                                           0                             0%
OP_CAT_GPU_SHL64_CORE_0                                         0                             0%
OP_CAT_GPU_SHR_CORE_0                                           0                             0%
OP_CAT_GPU_SHR64_CORE_0                                       284                      0.147791%
OP_CAT_GPU_SIN_CORE_0                                           0                             0%
OP_CAT_GPU_SLCT_CORE_0                                          0                             0%
OP_CAT_GPU_SLCT64_CORE_0                                        0                             0%
OP_CAT_GPU_SQRT_CORE_0                                          0                             0%
OP_CAT_GPU_SQRT64_CORE_0                                        0                             0%
OP_CAT_GPU_ST_CORE_0                                            0                             0%
OP_CAT_GPU_ST64_CORE_0                                          0                             0%
OP_CAT_GPU_SUB_CORE_0                                           0                             0%
OP_CAT_GPU_SUB64_CORE_0                                         0                             0%
OP_CAT_GPU_SUBC_CORE_0                                          0                             0%
OP_CAT_GPU_SULD_CORE_0                                          0                             0%
OP_CAT_GPU_SULD64_CORE_0                                        0                             0%
OP_CAT_GPU_SURED_CORE_0                                         0                             0%
OP_CAT_GPU_SURED64_CORE_0                                       0                             0%
OP_CAT_GPU_SUST_CORE_0                                          0                             0%
OP_CAT_GPU_SUST64_CORE_0                                        0                             0%
OP_CAT_GPU_SUQ_CORE_0                                          35                     0.0182137%
OP_CAT_GPU_TESTP_CORE_0                                         0                             0%
OP_CAT_GPU_TESTP64_CORE_0                                       0                             0%
OP_CAT_GPU_TEX_CORE_0                                           0                             0%
OP_CAT_GPU_TLD4_CORE_0                                          0                             0%
OP_CAT_GPU_TXQ_CORE_0                                           0                             0%
OP_CAT_GPU_TRAP_CORE_0                                          0                             0%
OP_CAT_GPU_VABSDIFF_CORE_0                                      0                             0%
OP_CAT_GPU_VADD_CORE_0                                          0                             0%
OP_CAT_GPU_VMAD_CORE_0                                          0                             0%
OP_CAT_GPU_VMAX_CORE_0                                          0                             0%
OP_CAT_GPU_VMIN_CORE_0                                          0                             0%
OP_CAT_GPU_VSET_CORE_0                                          0                             0%
OP_CAT_GPU_VSHL_CORE_0                                      10677                       5.55622%
OP_CAT_GPU_VSHR_CORE_0                                          0                             0%
OP_CAT_GPU_VSUB_CORE_0                                          0                             0%
OP_CAT_GPU_VOTE_CORE_0                                          0                             0%
OP_CAT_GPU_XOR_CORE_0                                        8500                       4.42333%
OP_CAT_GPU_XOR64_CORE_0                                      9413                       4.89845%
OP_CAT_GPU_RECONVERGE_CORE_0                                    0                             0%
OP_CAT_GPU_PHI_CORE_0                                           5                    0.00260196%
OP_CAT_GPU_MEM_LD_GM_CORE_0                                     0                             0%
OP_CAT_GPU_MEM_LD_LM_CORE_0                                     0                             0%
OP_CAT_GPU_MEM_LD_SM_CORE_0                                     0                             0%
OP_CAT_GPU_MEM_LD_CM_CORE_0                                     0                             0%
OP_CAT_GPU_MEM_LD_TM_CORE_0                                     0                             0%
OP_CAT_GPU_MEM_LD_PM_CORE_0                                     0                             0%
OP_CAT_GPU_MEM_LDU_GM_CORE_0                                    0                             0%
OP_CAT_GPU_MEM_ST_GM_CORE_0                                     0                             0%
OP_CAT_GPU_MEM_ST_LM_CORE_0                                    40                     0.0208157%
OP_CAT_GPU_MEM_ST_SM_CORE_0                                     0                             0%
OP_CAT_GPU_DATA_XFER_GM_CORE_0                                  0                             0%
OP_CAT_GPU_DATA_XFER_LM_CORE_0                               1296                      0.674427%
OP_CAT_GPU_DATA_XFER_SM_CORE_0                                  0                             0%
OP_CAT_GED_ILLEGAL_CORE_0                                       0                             0%
OP_CAT_GED_MOV_CORE_0                                           0                             0%
OP_CAT_GED_SEL_CORE_0                                           0                             0%
OP_CAT_GED_MOVI_CORE_0                                          0                             0%
OP_CAT_GED_NOT_CORE_0                                           0                             0%
OP_CAT_GED_AND_CORE_0                                           0                             0%
OP_CAT_GED_OR_CORE_0                                         1206                      0.627592%
OP_CAT_GED_XOR_CORE_0                                           0                             0%
OP_CAT_GED_SHR_CORE_0                                           0                             0%
OP_CAT_GED_SHL_CORE_0                                           0                             0%
OP_CAT_GED_SMOV_CORE_0                                          0                             0%
OP_CAT_GED_ASR_CORE_0                                           0                             0%
OP_CAT_GED_CMP_CORE_0                                           0                             0%
OP_CAT_GED_CMPN_CORE_0                                          0                             0%
OP_CAT_GED_CSEL_CORE_0                                          0                             0%
OP_CAT_GED_BFREV_CORE_0                                         0                             0%
OP_CAT_GED_BFE_CORE_0                                           0                             0%
OP_CAT_GED_BFI1_CORE_0                                          0                             0%
OP_CAT_GED_BFI2_CORE_0                                          0                             0%
OP_CAT_GED_JMPI_CORE_0                                          0                             0%
OP_CAT_GED_BRD_CORE_0                                           0                             0%
OP_CAT_GED_IF_CORE_0                                            0                             0%
OP_CAT_GED_BRC_CORE_0                                           0                             0%
OP_CAT_GED_ELSE_CORE_0                                          0                             0%
OP_CAT_GED_ENDIF_CORE_0                                         0                             0%
OP_CAT_GED_WHILE_CORE_0                                         0                             0%
OP_CAT_GED_BREAK_CORE_0                                         0                             0%
OP_CAT_GED_CONT_CORE_0                                          0                             0%
OP_CAT_GED_HALT_CORE_0                                          0                             0%
OP_CAT_GED_CALLA_CORE_0                                         0                             0%
OP_CAT_GED_CALL_CORE_0                                          0                             0%
OP_CAT_GED_RET_CORE_0                                           0                             0%
OP_CAT_GED_GOTO_CORE_0                                          0                             0%
OP_CAT_GED_JOIN_CORE_0                                          0                             0%
OP_CAT_GED_WAIT_CORE_0                                          0                             0%
OP_CAT_GED_SEND_CORE_0                                          0                             0%
OP_CAT_GED_SENDC_CORE_0                                         0                             0%
OP_CAT_GED_SENDS_CORE_0                                         0                             0%
OP_CAT_GED_SENDSC_CORE_0                                        0                             0%
OP_CAT_GED_MATH_CORE_0                                          0                             0%
OP_CAT_GED_ADD_CORE_0                                           0                             0%
OP_CAT_GED_MUL_CORE_0                                           0                             0%
OP_CAT_GED_AVG_CORE_0                                           0                             0%
OP_CAT_GED_FRC_CORE_0                                           0                             0%
OP_CAT_GED_RNDU_CORE_0                                          0                             0%
OP_CAT_GED_RNDD_CORE_0                                          0                             0%
OP_CAT_GED_RNDE_CORE_0                                          0                             0%
OP_CAT_GED_RNDZ_CORE_0                                          0                             0%
OP_CAT_GED_MAC_CORE_0                                           0                             0%
OP_CAT_GED_MACH_CORE_0                                          0                             0%
OP_CAT_GED_LZD_CORE_0                                           0                             0%
OP_CAT_GED_FBH_CORE_0                                           0                             0%
OP_CAT_GED_FBL_CORE_0                                           0                             0%
OP_CAT_GED_CBIT_CORE_0                                          0                             0%
OP_CAT_GED_ADDC_CORE_0                                          0                             0%
OP_CAT_GED_SUBB_CORE_0                                          0                             0%
OP_CAT_GED_SAD2_CORE_0                                          0                             0%
OP_CAT_GED_SADA2_CORE_0                                         0                             0%
OP_CAT_GED_DP4_CORE_0                                           0                             0%
OP_CAT_GED_DPH_CORE_0                                           0                             0%
OP_CAT_GED_DP3_CORE_0                                           0                             0%
OP_CAT_GED_DP2_CORE_0                                           0                             0%
OP_CAT_GED_LINE_CORE_0                                          0                             0%
OP_CAT_GED_PLN_CORE_0                                           0                             0%
OP_CAT_GED_MAD_CORE_0                                           0                             0%
OP_CAT_GED_LRP_CORE_0                                           0                             0%
OP_CAT_GED_MADM_CORE_0                                          0                             0%
OP_CAT_GED_NOP_CORE_0                                           0                             0%
OP_CAT_GED_ROR_CORE_0                                           0                             0%
OP_CAT_GED_ROL_CORE_0                                           0                             0%
OP_CAT_GED_DP4A_CORE_0                                          0                             0%
OP_CAT_GED_F32TO16_CORE_0                                       0                             0%
OP_CAT_GED_F16TO32_CORE_0                                       0                             0%
OP_CAT_GED_DIM_CORE_0                                           0                             0%
OP_CAT_GED_INVALID_CORE_0                                       0                             0%
                                                           192163                           100%

PARENT_UOP_CORE_1                                               0                             0

CHILD_UOP_READ_CORE_1                                           0                             0

FP_OPS_CORE_1                                                   0                             0

OP_CAT_XED_CATEGORY_INVALID_CORE_1                              0                             0%
OP_CAT_XED_CATEGORY_3DNOW_CORE_1                                0                             0%
OP_CAT_XED_CATEGORY_ADOX_ADCX_CORE_1                            0                             0%
OP_CAT_XED_CATEGORY_AES_CORE_1                                  0                             0%
OP_CAT_XED_CATEGORY_AVX_CORE_1                                  0                             0%
OP_CAT_XED_CATEGORY_AVX2_CORE_1                                 0                             0%
OP_CAT_XED_CATEGORY_AVX2GATHER_CORE_1                           0                             0%
OP_CAT_XED_CATEGORY_AVX512_CORE_1                               0                             0%
OP_CAT_XED_CATEGORY_AVX512_4FMAPS_CORE_1                        0                             0%
OP_CAT_XED_CATEGORY_AVX512_4VNNIW_CORE_1                        0                             0%
OP_CAT_XED_CATEGORY_AVX512_BITALG_CORE_1                        0                             0%
OP_CAT_XED_CATEGORY_AVX512_VBMI_CORE_1                          0                             0%
OP_CAT_XED_CATEGORY_AVX512_VP2INTERSECT_CORE_1                   0                             0%
OP_CAT_XED_CATEGORY_BINARY_CORE_1                               0                             0%
OP_CAT_XED_CATEGORY_BITBYTE_CORE_1                              0                             0%
OP_CAT_XED_CATEGORY_BLEND_CORE_1                                0                             0%
OP_CAT_XED_CATEGORY_BMI1_CORE_1                                 0                             0%
OP_CAT_XED_CATEGORY_BMI2_CORE_1                                 0                             0%
OP_CAT_XED_CATEGORY_BROADCAST_CORE_1                            0                             0%
OP_CAT_XED_CATEGORY_CALL_CORE_1                                 0                             0%
OP_CAT_XED_CATEGORY_CET_CORE_1                                  0                             0%
OP_CAT_XED_CATEGORY_CLDEMOTE_CORE_1                             0                             0%
OP_CAT_XED_CATEGORY_CLFLUSHOPT_CORE_1                           0                             0%
OP_CAT_XED_CATEGORY_CLWB_CORE_1                                 0                             0%
OP_CAT_XED_CATEGORY_CLZERO_CORE_1                               0                             0%
OP_CAT_XED_CATEGORY_CMOV_CORE_1                                 0                             0%
OP_CAT_XED_CATEGORY_COMPRESS_CORE_1                             0                             0%
OP_CAT_XED_CATEGORY_COND_BR_CORE_1                              0                             0%
OP_CAT_XED_CATEGORY_CONFLICT_CORE_1                             0                             0%
OP_CAT_XED_CATEGORY_CONVERT_CORE_1                              0                             0%
OP_CAT_XED_CATEGORY_DATAXFER_CORE_1                             0                             0%
OP_CAT_XED_CATEGORY_DECIMAL_CORE_1                              0                             0%
OP_CAT_XED_CATEGORY_ENQCMD_CORE_1                               0                             0%
OP_CAT_XED_CATEGORY_EXPAND_CORE_1                               0                             0%
OP_CAT_XED_CATEGORY_FCMOV_CORE_1                                0                             0%
OP_CAT_XED_CATEGORY_FLAGOP_CORE_1                               0                             0%
OP_CAT_XED_CATEGORY_FMA4_CORE_1                                 0                             0%
OP_CAT_XED_CATEGORY_GATHER_CORE_1                               0                             0%
OP_CAT_XED_CATEGORY_GFNI_CORE_1                                 0                             0%
OP_CAT_XED_CATEGORY_IFMA_CORE_1                                 0                             0%
OP_CAT_XED_CATEGORY_INTERRUPT_CORE_1                            0                             0%
OP_CAT_XED_CATEGORY_IO_CORE_1                                   0                             0%
OP_CAT_XED_CATEGORY_IOSTRINGOP_CORE_1                           0                             0%
OP_CAT_XED_CATEGORY_KMASK_CORE_1                                0                             0%
OP_CAT_XED_CATEGORY_LOGICAL_CORE_1                              0                             0%
OP_CAT_XED_CATEGORY_LOGICAL_FP_CORE_1                           0                             0%
OP_CAT_XED_CATEGORY_LZCNT_CORE_1                                0                             0%
OP_CAT_XED_CATEGORY_MISC_CORE_1                                 0                             0%
OP_CAT_XED_CATEGORY_MMX_CORE_1                                  0                             0%
OP_CAT_XED_CATEGORY_MOVDIR_CORE_1                               0                             0%
OP_CAT_XED_CATEGORY_MPX_CORE_1                                  0                             0%
OP_CAT_XED_CATEGORY_NOP_CORE_1                                  0                             0%
OP_CAT_XED_CATEGORY_PCLMULQDQ_CORE_1                            0                             0%
OP_CAT_XED_CATEGORY_PCONFIG_CORE_1                              0                             0%
OP_CAT_XED_CATEGORY_PKU_CORE_1                                  0                             0%
OP_CAT_XED_CATEGORY_POP_CORE_1                                  0                             0%
OP_CAT_XED_CATEGORY_PREFETCH_CORE_1                             0                             0%
OP_CAT_XED_CATEGORY_PREFETCHWT1_CORE_1                          0                             0%
OP_CAT_XED_CATEGORY_PT_CORE_1                                   0                             0%
OP_CAT_XED_CATEGORY_PUSH_CORE_1                                 0                             0%
OP_CAT_XED_CATEGORY_RDPID_CORE_1                                0                             0%
OP_CAT_XED_CATEGORY_RDPRU_CORE_1                                0                             0%
OP_CAT_XED_CATEGORY_RDRAND_CORE_1                               0                             0%
OP_CAT_XED_CATEGORY_RDSEED_CORE_1                               0                             0%
OP_CAT_XED_CATEGORY_RDWRFSGS_CORE_1                             0                             0%
OP_CAT_XED_CATEGORY_RET_CORE_1                                  0                             0%
OP_CAT_XED_CATEGORY_ROTATE_CORE_1                               0                             0%
OP_CAT_XED_CATEGORY_SCATTER_CORE_1                              0                             0%
OP_CAT_XED_CATEGORY_SEGOP_CORE_1                                0                             0%
OP_CAT_XED_CATEGORY_SEMAPHORE_CORE_1                            0                             0%
OP_CAT_XED_CATEGORY_SETCC_CORE_1                                0                             0%
OP_CAT_XED_CATEGORY_SGX_CORE_1                                  0                             0%
OP_CAT_XED_CATEGORY_SHA_CORE_1                                  0                             0%
OP_CAT_XED_CATEGORY_SHIFT_CORE_1                                0                             0%
OP_CAT_XED_CATEGORY_SMAP_CORE_1                                 0                             0%
OP_CAT_XED_CATEGORY_SSE_CORE_1                                  0                             0%
OP_CAT_XED_CATEGORY_STRINGOP_CORE_1                             0                             0%
OP_CAT_XED_CATEGORY_STTNI_CORE_1                                0                             0%
OP_CAT_XED_CATEGORY_SYSCALL_CORE_1                              0                             0%
OP_CAT_XED_CATEGORY_SYSRET_CORE_1                               0                             0%
OP_CAT_XED_CATEGORY_SYSTEM_CORE_1                               0                             0%
OP_CAT_XED_CATEGORY_TBM_CORE_1                                  0                             0%
OP_CAT_XED_CATEGORY_UNCOND_BR_CORE_1                            0                             0%
OP_CAT_XED_CATEGORY_VAES_CORE_1                                 0                             0%
OP_CAT_XED_CATEGORY_VBMI2_CORE_1                                0                             0%
OP_CAT_XED_CATEGORY_VFMA_CORE_1                                 0                             0%
OP_CAT_XED_CATEGORY_VIA_PADLOCK_CORE_1                          0                             0%
OP_CAT_XED_CATEGORY_VPCLMULQDQ_CORE_1                           0                             0%
OP_CAT_XED_CATEGORY_VTX_CORE_1                                  0                             0%
OP_CAT_XED_CATEGORY_WAITPKG_CORE_1                              0                             0%
OP_CAT_XED_CATEGORY_WIDENOP_CORE_1                              0                             0%
OP_CAT_XED_CATEGORY_X87_ALU_CORE_1                              0                             0%
OP_CAT_XED_CATEGORY_XOP_CORE_1                                  0                             0%
OP_CAT_XED_CATEGORY_XSAVE_CORE_1                                0                             0%
OP_CAT_XED_CATEGORY_XSAVEOPT_CORE_1                             0                             0%
OP_CAT_XED_CATEGORY_TR_MUL_CORE_1                               0                             0%
OP_CAT_XED_CATEGORY_TR_DIV_CORE_1                               0                             0%
OP_CAT_XED_CATEGORY_TR_FMUL_CORE_1                              0                             0%
OP_CAT_XED_CATEGORY_TR_FDIV_CORE_1                              0                             0%
OP_CAT_XED_CATEGORY_TR_NOP_CORE_1                               0                             0%
OP_CAT_XED_CATEGORY_PREFETCH_NTA_CORE_1                         0                             0%
OP_CAT_XED_CATEGORY_PREFETCH_T0_CORE_1                          0                             0%
OP_CAT_XED_CATEGORY_PREFETCH_T1_CORE_1                          0                             0%
OP_CAT_XED_CATEGORY_PREFETCH_T2_CORE_1                          0                             0%
OP_CAT_GPU_EN_CORE_1                                            0                             0%
OP_CAT_GPU_INVALID_CORE_1                                       0                             0%
OP_CAT_GPU_ABS_CORE_1                                           0                             0%
OP_CAT_GPU_ABS64_CORE_1                                         0                             0%
OP_CAT_GPU_ADD_CORE_1                                           0                             0%
OP_CAT_GPU_ADD64_CORE_1                                         0                             0%
OP_CAT_GPU_ADDC_CORE_1                                          0                             0%
OP_CAT_GPU_AND_CORE_1                                           0                             0%
OP_CAT_GPU_AND64_CORE_1                                         0                             0%
OP_CAT_GPU_ATOM_GM_CORE_1                                       0                             0%
OP_CAT_GPU_ATOM_SM_CORE_1                                       0                             0%
OP_CAT_GPU_ATOM64_GM_CORE_1                                  7944                       4.03488%
OP_CAT_GPU_ATOM64_SM_CORE_1                                     0                             0%
OP_CAT_GPU_BAR_ARRIVE_CORE_1                                  624                       0.31694%
OP_CAT_GPU_BAR_SYNC_CORE_1                                      0                             0%
OP_CAT_GPU_BAR_RED_CORE_1                                       0                             0%
OP_CAT_GPU_BFE_CORE_1                                           0                             0%
OP_CAT_GPU_BFE64_CORE_1                                         0                             0%
OP_CAT_GPU_BFI_CORE_1                                           0                             0%
OP_CAT_GPU_BFI64_CORE_1                                         0                             0%
OP_CAT_GPU_BFIND_CORE_1                                         0                             0%
OP_CAT_GPU_BFIND64_CORE_1                                       0                             0%
OP_CAT_GPU_BRA_CORE_1                                           0                             0%
OP_CAT_GPU_BREV_CORE_1                                          0                             0%
OP_CAT_GPU_BREV64_CORE_1                                        0                             0%
OP_CAT_GPU_BRKPT_CORE_1                                         0                             0%
OP_CAT_GPU_CALL_CORE_1                                          0                             0%
OP_CAT_GPU_CLZ_CORE_1                                           0                             0%
OP_CAT_GPU_CLZ64_CORE_1                                         7                    0.00355541%
OP_CAT_GPU_CNOT_CORE_1                                          0                             0%
OP_CAT_GPU_CNOT64_CORE_1                                       39                     0.0198087%
OP_CAT_GPU_COPYSIGN_CORE_1                                      0                             0%
OP_CAT_GPU_COPYSIGN64_CORE_1                                    0                             0%
OP_CAT_GPU_COS_CORE_1                                       21324                       10.8308%
OP_CAT_GPU_CVT_CORE_1                                           0                             0%
OP_CAT_GPU_CVT64_CORE_1                                         0                             0%
OP_CAT_GPU_CVTA_CORE_1                                          0                             0%
OP_CAT_GPU_CVTA64_CORE_1                                    40289                       20.4634%
OP_CAT_GPU_DIV_CORE_1                                           0                             0%
OP_CAT_GPU_DIV64_CORE_1                                         0                             0%
OP_CAT_GPU_EX2_CORE_1                                           0                             0%
OP_CAT_GPU_EXIT_CORE_1                                          0                             0%
OP_CAT_GPU_FMA_CORE_1                                           0                             0%
OP_CAT_GPU_FMA64_CORE_1                                         0                             0%
OP_CAT_GPU_ISSPACEP_CORE_1                                  23587                       11.9802%
OP_CAT_GPU_LD_CORE_1                                        16036                       8.14494%
OP_CAT_GPU_LD64_CORE_1                                          0                             0%
OP_CAT_GPU_LDU_CORE_1                                       16614                       8.43851%
OP_CAT_GPU_LDU64_CORE_1                                         0                             0%
OP_CAT_GPU_LG2_CORE_1                                          78                     0.0396174%
OP_CAT_GPU_MAD24_CORE_1                                      1472                      0.747652%
OP_CAT_GPU_MAD_CORE_1                                           0                             0%
OP_CAT_GPU_MAD64_CORE_1                                         0                             0%
OP_CAT_GPU_MADC_CORE_1                                          0                             0%
OP_CAT_GPU_MADC64_CORE_1                                        0                             0%
OP_CAT_GPU_MAX_CORE_1                                           0                             0%
OP_CAT_GPU_MAX64_CORE_1                                       624                       0.31694%
OP_CAT_GPU_MEMBAR_CTA_CORE_1                                  624                       0.31694%
OP_CAT_GPU_MEMBAR_GL_CORE_1                                     0                             0%
OP_CAT_GPU_MEMBAR_SYS_CORE_1                                    0                             0%
OP_CAT_GPU_MIN_CORE_1                                           0                             0%
OP_CAT_GPU_MIN64_CORE_1                                         0                             0%
OP_CAT_GPU_MOV_CORE_1                                           0                             0%
OP_CAT_GPU_MOV64_CORE_1                                         0                             0%
OP_CAT_GPU_MUL24_CORE_1                                      3480                       1.76755%
OP_CAT_GPU_MUL_CORE_1                                       16870                       8.56854%
OP_CAT_GPU_MUL64_CORE_1                                      1153                      0.585627%
OP_CAT_GPU_NEG_CORE_1                                          74                     0.0375858%
OP_CAT_GPU_NEG64_CORE_1                                        56                     0.0284433%
OP_CAT_GPU_NOT_CORE_1                                           0                             0%
OP_CAT_GPU_NOT64_CORE_1                                         0                             0%
OP_CAT_GPU_OR_CORE_1                                            0                             0%
OP_CAT_GPU_OR64_CORE_1                                          0                             0%
OP_CAT_GPU_PMEVENT_CORE_1                                       0                             0%
OP_CAT_GPU_POPC_CORE_1                                       8904                       4.52248%
OP_CAT_GPU_POPC64_CORE_1                                        0                             0%
OP_CAT_GPU_PREFETCH_CORE_1                                   1632                      0.828919%
OP_CAT_GPU_PREFETCHU_CORE_1                                     0                             0%
OP_CAT_GPU_PRMT_CORE_1                                          0                             0%
OP_CAT_GPU_RCP_CORE_1                                         333                      0.169136%
OP_CAT_GPU_RCP64_CORE_1                                         0                             0%
OP_CAT_GPU_RED_GM_CORE_1                                      911                      0.462711%
OP_CAT_GPU_RED_SM_CORE_1                                        0                             0%
OP_CAT_GPU_RED64_GM_CORE_1                                      0                             0%
OP_CAT_GPU_RED64_SM_CORE_1                                      0                             0%
OP_CAT_GPU_REM_CORE_1                                        1153                      0.585627%
OP_CAT_GPU_REM64_CORE_1                                        39                     0.0198087%
OP_CAT_GPU_RET_CORE_1                                           0                             0%
OP_CAT_GPU_RSQRT_CORE_1                                       312                       0.15847%
OP_CAT_GPU_RSQRT64_CORE_1                                       0                             0%
OP_CAT_GPU_SAD_CORE_1                                         312                       0.15847%
OP_CAT_GPU_SAD64_CORE_1                                       312                       0.15847%
OP_CAT_GPU_SELP_CORE_1                                          0                             0%
OP_CAT_GPU_SELP64_CORE_1                                        0                             0%
OP_CAT_GPU_SET_CORE_1                                           0                             0%
OP_CAT_GPU_SET64_CORE_1                                         0                             0%
OP_CAT_GPU_SETP_CORE_1                                          0                             0%
OP_CAT_GPU_SETP64_CORE_1                                        0                             0%
OP_CAT_GPU_SHFL_CORE_1                                          0                             0%
OP_CAT_GPU_SHFL64_CORE_1                                        0                             0%
OP_CAT_GPU_SHL_CORE_1                                           0                             0%
OP_CAT_GPU_SHL64_CORE_1                                         0                             0%
OP_CAT_GPU_SHR_CORE_1                                           0                             0%
OP_CAT_GPU_SHR64_CORE_1                                       312                       0.15847%
OP_CAT_GPU_SIN_CORE_1                                           0                             0%
OP_CAT_GPU_SLCT_CORE_1                                          0                             0%
OP_CAT_GPU_SLCT64_CORE_1                                        0                             0%
OP_CAT_GPU_SQRT_CORE_1                                          0                             0%
OP_CAT_GPU_SQRT64_CORE_1                                        0                             0%
OP_CAT_GPU_ST_CORE_1                                            0                             0%
OP_CAT_GPU_ST64_CORE_1                                          0                             0%
OP_CAT_GPU_SUB_CORE_1                                           0                             0%
OP_CAT_GPU_SUB64_CORE_1                                         0                             0%
OP_CAT_GPU_SUBC_CORE_1                                          0                             0%
OP_CAT_GPU_SULD_CORE_1                                          0                             0%
OP_CAT_GPU_SULD64_CORE_1                                        0                             0%
OP_CAT_GPU_SURED_CORE_1                                         0                             0%
OP_CAT_GPU_SURED64_CORE_1                                       0                             0%
OP_CAT_GPU_SUST_CORE_1                                          0                             0%
OP_CAT_GPU_SUST64_CORE_1                                        0                             0%
OP_CAT_GPU_SUQ_CORE_1                                          39                     0.0198087%
OP_CAT_GPU_TESTP_CORE_1                                         0                             0%
OP_CAT_GPU_TESTP64_CORE_1                                       0                             0%
OP_CAT_GPU_TEX_CORE_1                                           0                             0%
OP_CAT_GPU_TLD4_CORE_1                                          0                             0%
OP_CAT_GPU_TXQ_CORE_1                                           0                             0%
OP_CAT_GPU_TRAP_CORE_1                                          0                             0%
OP_CAT_GPU_VABSDIFF_CORE_1                                      0                             0%
OP_CAT_GPU_VADD_CORE_1                                          0                             0%
OP_CAT_GPU_VMAD_CORE_1                                          0                             0%
OP_CAT_GPU_VMAX_CORE_1                                          0                             0%
OP_CAT_GPU_VMIN_CORE_1                                          0                             0%
OP_CAT_GPU_VSET_CORE_1                                          0                             0%
OP_CAT_GPU_VSHL_CORE_1                                      10701                       5.43521%
OP_CAT_GPU_VSHR_CORE_1                                          0                             0%
OP_CAT_GPU_VSUB_CORE_1                                          0                             0%
OP_CAT_GPU_VOTE_CORE_1                                          0                             0%
OP_CAT_GPU_XOR_CORE_1                                        8480                       4.30713%
OP_CAT_GPU_XOR64_CORE_1                                      9687                       4.92018%
OP_CAT_GPU_RECONVERGE_CORE_1                                    0                             0%
OP_CAT_GPU_PHI_CORE_1                                           7                    0.00355541%
OP_CAT_GPU_MEM_LD_GM_CORE_1                                     0                             0%
OP_CAT_GPU_MEM_LD_LM_CORE_1                                     0                             0%
OP_CAT_GPU_MEM_LD_SM_CORE_1                                     0                             0%
OP_CAT_GPU_MEM_LD_CM_CORE_1                                     0                             0%
OP_CAT_GPU_MEM_LD_TM_CORE_1                                     0                             0%
OP_CAT_GPU_MEM_LD_PM_CORE_1                                     0                             0%
OP_CAT_GPU_MEM_LDU_GM_CORE_1                                    0                             0%
OP_CAT_GPU_MEM_ST_GM_CORE_1                                     0                             0%
OP_CAT_GPU_MEM_ST_LM_CORE_1                                    56                     0.0284433%
OP_CAT_GPU_MEM_ST_SM_CORE_1                                     0                             0%
OP_CAT_GPU_DATA_XFER_GM_CORE_1                                  0                             0%
OP_CAT_GPU_DATA_XFER_LM_CORE_1                               1472                      0.747652%
OP_CAT_GPU_DATA_XFER_SM_CORE_1                                  0                             0%
OP_CAT_GED_ILLEGAL_CORE_1                                       0                             0%
OP_CAT_GED_MOV_CORE_1                                           0                             0%
OP_CAT_GED_SEL_CORE_1                                           0                             0%
OP_CAT_GED_MOVI_CORE_1                                          0                             0%
OP_CAT_GED_NOT_CORE_1                                           0                             0%
OP_CAT_GED_AND_CORE_1                                           0                             0%
OP_CAT_GED_OR_CORE_1                                         1326                      0.673496%
OP_CAT_GED_XOR_CORE_1                                           0                             0%
OP_CAT_GED_SHR_CORE_1                                           0                             0%
OP_CAT_GED_SHL_CORE_1                                           0                             0%
OP_CAT_GED_SMOV_CORE_1                                          0                             0%
OP_CAT_GED_ASR_CORE_1                                           0                             0%
OP_CAT_GED_CMP_CORE_1                                           0                             0%
OP_CAT_GED_CMPN_CORE_1                                          0                             0%
OP_CAT_GED_CSEL_CORE_1                                          0                             0%
OP_CAT_GED_BFREV_CORE_1                                         0                             0%
OP_CAT_GED_BFE_CORE_1                                           0                             0%
OP_CAT_GED_BFI1_CORE_1                                          0                             0%
OP_CAT_GED_BFI2_CORE_1                                          0                             0%
OP_CAT_GED_JMPI_CORE_1                                          0                             0%
OP_CAT_GED_BRD_CORE_1                                           0                             0%
OP_CAT_GED_IF_CORE_1                                            0                             0%
OP_CAT_GED_BRC_CORE_1                                           0                             0%
OP_CAT_GED_ELSE_CORE_1                                          0                             0%
OP_CAT_GED_ENDIF_CORE_1                                         0                             0%
OP_CAT_GED_WHILE_CORE_1                                         0                             0%
OP_CAT_GED_BREAK_CORE_1                                         0                             0%
OP_CAT_GED_CONT_CORE_1                                          0                             0%
OP_CAT_GED_HALT_CORE_1                                          0                             0%
OP_CAT_GED_CALLA_CORE_1                                         0                             0%
OP_CAT_GED_CALL_CORE_1                                          0                             0%
OP_CAT_GED_RET_CORE_1                                           0                             0%
OP_CAT_GED_GOTO_CORE_1                                          0                             0%
OP_CAT_GED_JOIN_CORE_1                                          0                             0%
OP_CAT_GED_WAIT_CORE_1                                          0                             0%
OP_CAT_GED_SEND_CORE_1                                          0                             0%
OP_CAT_GED_SENDC_CORE_1                                         0                             0%
OP_CAT_GED_SENDS_CORE_1                                         0                             0%
OP_CAT_GED_SENDSC_CORE_1                                        0                             0%
OP_CAT_GED_MATH_CORE_1                                          0                             0%
OP_CAT_GED_ADD_CORE_1                                           0                             0%
OP_CAT_GED_MUL_CORE_1                                           0                             0%
OP_CAT_GED_AVG_CORE_1                                           0                             0%
OP_CAT_GED_FRC_CORE_1                                           0                             0%
OP_CAT_GED_RNDU_CORE_1                                          0                             0%
OP_CAT_GED_RNDD_CORE_1                                          0                             0%
OP_CAT_GED_RNDE_CORE_1                                          0                             0%
OP_CAT_GED_RNDZ_CORE_1                                          0                             0%
OP_CAT_GED_MAC_CORE_1                                           0                             0%
OP_CAT_GED_MACH_CORE_1                                          0                             0%
OP_CAT_GED_LZD_CORE_1                                           0                             0%
OP_CAT_GED_FBH_CORE_1                                           0                             0%
OP_CAT_GED_FBL_CORE_1                                           0                             0%
OP_CAT_GED_CBIT_CORE_1                                          0                             0%
OP_CAT_GED_ADDC_CORE_1                                          0                             0%
OP_CAT_GED_SUBB_CORE_1                                          0                             0%
OP_CAT_GED_SAD2_CORE_1                                          0                             0%
OP_CAT_GED_SADA2_CORE_1                                         0                             0%
OP_CAT_GED_DP4_CORE_1                                           0                             0%
OP_CAT_GED_DPH_CORE_1                                           0                             0%
OP_CAT_GED_DP3_CORE_1                                           0                             0%
OP_CAT_GED_DP2_CORE_1                                           0                             0%
OP_CAT_GED_LINE_CORE_1                                          0                             0%
OP_CAT_GED_PLN_CORE_1                                           0                             0%
OP_CAT_GED_MAD_CORE_1                                           0                             0%
OP_CAT_GED_LRP_CORE_1                                           0                             0%
OP_CAT_GED_MADM_CORE_1                                          0                             0%
OP_CAT_GED_NOP_CORE_1                                           0                             0%
OP_CAT_GED_ROR_CORE_1                                           0                             0%
OP_CAT_GED_ROL_CORE_1                                           0                             0%
OP_CAT_GED_DP4A_CORE_1                                          0                             0%
OP_CAT_GED_F32TO16_CORE_1                                       0                             0%
OP_CAT_GED_F16TO32_CORE_1                                       0                             0%
OP_CAT_GED_DIM_CORE_1                                           0                             0%
OP_CAT_GED_INVALID_CORE_1                                       0                             0%
                                                           196883                           100%

PARENT_UOP_CORE_2                                               0                             0

CHILD_UOP_READ_CORE_2                                           0                             0

FP_OPS_CORE_2                                                   0                             0

OP_CAT_XED_CATEGORY_INVALID_CORE_2                              0                             0%
OP_CAT_XED_CATEGORY_3DNOW_CORE_2                                0                             0%
OP_CAT_XED_CATEGORY_ADOX_ADCX_CORE_2                            0                             0%
OP_CAT_XED_CATEGORY_AES_CORE_2                                  0                             0%
OP_CAT_XED_CATEGORY_AVX_CORE_2                                  0                             0%
OP_CAT_XED_CATEGORY_AVX2_CORE_2                                 0                             0%
OP_CAT_XED_CATEGORY_AVX2GATHER_CORE_2                           0                             0%
OP_CAT_XED_CATEGORY_AVX512_CORE_2                               0                             0%
OP_CAT_XED_CATEGORY_AVX512_4FMAPS_CORE_2                        0                             0%
OP_CAT_XED_CATEGORY_AVX512_4VNNIW_CORE_2                        0                             0%
OP_CAT_XED_CATEGORY_AVX512_BITALG_CORE_2                        0                             0%
OP_CAT_XED_CATEGORY_AVX512_VBMI_CORE_2                          0                             0%
OP_CAT_XED_CATEGORY_AVX512_VP2INTERSECT_CORE_2                   0                             0%
OP_CAT_XED_CATEGORY_BINARY_CORE_2                               0                             0%
OP_CAT_XED_CATEGORY_BITBYTE_CORE_2                              0                             0%
OP_CAT_XED_CATEGORY_BLEND_CORE_2                                0                             0%
OP_CAT_XED_CATEGORY_BMI1_CORE_2                                 0                             0%
OP_CAT_XED_CATEGORY_BMI2_CORE_2                                 0                             0%
OP_CAT_XED_CATEGORY_BROADCAST_CORE_2                            0                             0%
OP_CAT_XED_CATEGORY_CALL_CORE_2                                 0                             0%
OP_CAT_XED_CATEGORY_CET_CORE_2                                  0                             0%
OP_CAT_XED_CATEGORY_CLDEMOTE_CORE_2                             0                             0%
OP_CAT_XED_CATEGORY_CLFLUSHOPT_CORE_2                           0                             0%
OP_CAT_XED_CATEGORY_CLWB_CORE_2                                 0                             0%
OP_CAT_XED_CATEGORY_CLZERO_CORE_2                               0                             0%
OP_CAT_XED_CATEGORY_CMOV_CORE_2                                 0                             0%
OP_CAT_XED_CATEGORY_COMPRESS_CORE_2                             0                             0%
OP_CAT_XED_CATEGORY_COND_BR_CORE_2                              0                             0%
OP_CAT_XED_CATEGORY_CONFLICT_CORE_2                             0                             0%
OP_CAT_XED_CATEGORY_CONVERT_CORE_2                              0                             0%
OP_CAT_XED_CATEGORY_DATAXFER_CORE_2                             0                             0%
OP_CAT_XED_CATEGORY_DECIMAL_CORE_2                              0                             0%
OP_CAT_XED_CATEGORY_ENQCMD_CORE_2                               0                             0%
OP_CAT_XED_CATEGORY_EXPAND_CORE_2                               0                             0%
OP_CAT_XED_CATEGORY_FCMOV_CORE_2                                0                             0%
OP_CAT_XED_CATEGORY_FLAGOP_CORE_2                               0                             0%
OP_CAT_XED_CATEGORY_FMA4_CORE_2                                 0                             0%
OP_CAT_XED_CATEGORY_GATHER_CORE_2                               0                             0%
OP_CAT_XED_CATEGORY_GFNI_CORE_2                                 0                             0%
OP_CAT_XED_CATEGORY_IFMA_CORE_2                                 0                             0%
OP_CAT_XED_CATEGORY_INTERRUPT_CORE_2                            0                             0%
OP_CAT_XED_CATEGORY_IO_CORE_2                                   0                             0%
OP_CAT_XED_CATEGORY_IOSTRINGOP_CORE_2                           0                             0%
OP_CAT_XED_CATEGORY_KMASK_CORE_2                                0                             0%
OP_CAT_XED_CATEGORY_LOGICAL_CORE_2                              0                             0%
OP_CAT_XED_CATEGORY_LOGICAL_FP_CORE_2                           0                             0%
OP_CAT_XED_CATEGORY_LZCNT_CORE_2                                0                             0%
OP_CAT_XED_CATEGORY_MISC_CORE_2                                 0                             0%
OP_CAT_XED_CATEGORY_MMX_CORE_2                                  0                             0%
OP_CAT_XED_CATEGORY_MOVDIR_CORE_2                               0                             0%
OP_CAT_XED_CATEGORY_MPX_CORE_2                                  0                             0%
OP_CAT_XED_CATEGORY_NOP_CORE_2                                  0                             0%
OP_CAT_XED_CATEGORY_PCLMULQDQ_CORE_2                            0                             0%
OP_CAT_XED_CATEGORY_PCONFIG_CORE_2                              0                             0%
OP_CAT_XED_CATEGORY_PKU_CORE_2                                  0                             0%
OP_CAT_XED_CATEGORY_POP_CORE_2                                  0                             0%
OP_CAT_XED_CATEGORY_PREFETCH_CORE_2                             0                             0%
OP_CAT_XED_CATEGORY_PREFETCHWT1_CORE_2                          0                             0%
OP_CAT_XED_CATEGORY_PT_CORE_2                                   0                             0%
OP_CAT_XED_CATEGORY_PUSH_CORE_2                                 0                             0%
OP_CAT_XED_CATEGORY_RDPID_CORE_2                                0                             0%
OP_CAT_XED_CATEGORY_RDPRU_CORE_2                                0                             0%
OP_CAT_XED_CATEGORY_RDRAND_CORE_2                               0                             0%
OP_CAT_XED_CATEGORY_RDSEED_CORE_2                               0                             0%
OP_CAT_XED_CATEGORY_RDWRFSGS_CORE_2                             0                             0%
OP_CAT_XED_CATEGORY_RET_CORE_2                                  0                             0%
OP_CAT_XED_CATEGORY_ROTATE_CORE_2                               0                             0%
OP_CAT_XED_CATEGORY_SCATTER_CORE_2                              0                             0%
OP_CAT_XED_CATEGORY_SEGOP_CORE_2                                0                             0%
OP_CAT_XED_CATEGORY_SEMAPHORE_CORE_2                            0                             0%
OP_CAT_XED_CATEGORY_SETCC_CORE_2                                0                             0%
OP_CAT_XED_CATEGORY_SGX_CORE_2                                  0                             0%
OP_CAT_XED_CATEGORY_SHA_CORE_2                                  0                             0%
OP_CAT_XED_CATEGORY_SHIFT_CORE_2                                0                             0%
OP_CAT_XED_CATEGORY_SMAP_CORE_2                                 0                             0%
OP_CAT_XED_CATEGORY_SSE_CORE_2                                  0                             0%
OP_CAT_XED_CATEGORY_STRINGOP_CORE_2                             0                             0%
OP_CAT_XED_CATEGORY_STTNI_CORE_2                                0                             0%
OP_CAT_XED_CATEGORY_SYSCALL_CORE_2                              0                             0%
OP_CAT_XED_CATEGORY_SYSRET_CORE_2                               0                             0%
OP_CAT_XED_CATEGORY_SYSTEM_CORE_2                               0                             0%
OP_CAT_XED_CATEGORY_TBM_CORE_2                                  0                             0%
OP_CAT_XED_CATEGORY_UNCOND_BR_CORE_2                            0                             0%
OP_CAT_XED_CATEGORY_VAES_CORE_2                                 0                             0%
OP_CAT_XED_CATEGORY_VBMI2_CORE_2                                0                             0%
OP_CAT_XED_CATEGORY_VFMA_CORE_2                                 0                             0%
OP_CAT_XED_CATEGORY_VIA_PADLOCK_CORE_2                          0                             0%
OP_CAT_XED_CATEGORY_VPCLMULQDQ_CORE_2                           0                             0%
OP_CAT_XED_CATEGORY_VTX_CORE_2                                  0                             0%
OP_CAT_XED_CATEGORY_WAITPKG_CORE_2                              0                             0%
OP_CAT_XED_CATEGORY_WIDENOP_CORE_2                              0                             0%
OP_CAT_XED_CATEGORY_X87_ALU_CORE_2                              0                             0%
OP_CAT_XED_CATEGORY_XOP_CORE_2                                  0                             0%
OP_CAT_XED_CATEGORY_XSAVE_CORE_2                                0                             0%
OP_CAT_XED_CATEGORY_XSAVEOPT_CORE_2                             0                             0%
OP_CAT_XED_CATEGORY_TR_MUL_CORE_2                               0                             0%
OP_CAT_XED_CATEGORY_TR_DIV_CORE_2                               0                             0%
OP_CAT_XED_CATEGORY_TR_FMUL_CORE_2                              0                             0%
OP_CAT_XED_CATEGORY_TR_FDIV_CORE_2                              0                             0%
OP_CAT_XED_CATEGORY_TR_NOP_CORE_2                               0                             0%
OP_CAT_XED_CATEGORY_PREFETCH_NTA_CORE_2                         0                             0%
OP_CAT_XED_CATEGORY_PREFETCH_T0_CORE_2                          0                             0%
OP_CAT_XED_CATEGORY_PREFETCH_T1_CORE_2                          0                             0%
OP_CAT_XED_CATEGORY_PREFETCH_T2_CORE_2                          0                             0%
OP_CAT_GPU_EN_CORE_2                                            0                             0%
OP_CAT_GPU_INVALID_CORE_2                                       0                             0%
OP_CAT_GPU_ABS_CORE_2                                           0                             0%
OP_CAT_GPU_ABS64_CORE_2                                         0                             0%
OP_CAT_GPU_ADD_CORE_2                                           0                             0%
OP_CAT_GPU_ADD64_CORE_2                                         0                             0%
OP_CAT_GPU_ADDC_CORE_2                                          0                             0%
OP_CAT_GPU_AND_CORE_2                                           0                             0%
OP_CAT_GPU_AND64_CORE_2                                         0                             0%
OP_CAT_GPU_ATOM_GM_CORE_2                                       0                             0%
OP_CAT_GPU_ATOM_SM_CORE_2                                       0                             0%
OP_CAT_GPU_ATOM64_GM_CORE_2                                  8325                       4.19708%
OP_CAT_GPU_ATOM64_SM_CORE_2                                     0                             0%
OP_CAT_GPU_BAR_ARRIVE_CORE_2                                  600                      0.302493%
OP_CAT_GPU_BAR_SYNC_CORE_2                                      0                             0%
OP_CAT_GPU_BAR_RED_CORE_2                                       0                             0%
OP_CAT_GPU_BFE_CORE_2                                           0                             0%
OP_CAT_GPU_BFE64_CORE_2                                         0                             0%
OP_CAT_GPU_BFI_CORE_2                                           0                             0%
OP_CAT_GPU_BFI64_CORE_2                                         0                             0%
OP_CAT_GPU_BFIND_CORE_2                                         0                             0%
OP_CAT_GPU_BFIND64_CORE_2                                       0                             0%
OP_CAT_GPU_BRA_CORE_2                                           0                             0%
OP_CAT_GPU_BREV_CORE_2                                          0                             0%
OP_CAT_GPU_BREV64_CORE_2                                        0                             0%
OP_CAT_GPU_BRKPT_CORE_2                                         0                             0%
OP_CAT_GPU_CALL_CORE_2                                          0                             0%
OP_CAT_GPU_CLZ_CORE_2                                           0                             0%
OP_CAT_GPU_CLZ64_CORE_2                                         6                    0.00302493%
OP_CAT_GPU_CNOT_CORE_2                                          0                             0%
OP_CAT_GPU_CNOT64_CORE_2                                       37                     0.0186537%
OP_CAT_GPU_COPYSIGN_CORE_2                                      0                             0%
OP_CAT_GPU_COPYSIGN64_CORE_2                                    0                             0%
OP_CAT_GPU_COS_CORE_2                                       21983                       11.0828%
OP_CAT_GPU_CVT_CORE_2                                           0                             0%
OP_CAT_GPU_CVT64_CORE_2                                         0                             0%
OP_CAT_GPU_CVTA_CORE_2                                          0                             0%
OP_CAT_GPU_CVTA64_CORE_2                                    40125                       20.2292%
OP_CAT_GPU_DIV_CORE_2                                           0                             0%
OP_CAT_GPU_DIV64_CORE_2                                         0                             0%
OP_CAT_GPU_EX2_CORE_2                                           0                             0%
OP_CAT_GPU_EXIT_CORE_2                                          0                             0%
OP_CAT_GPU_FMA_CORE_2                                           0                             0%
OP_CAT_GPU_FMA64_CORE_2                                         0                             0%
OP_CAT_GPU_ISSPACEP_CORE_2                                  24114                       12.1572%
OP_CAT_GPU_LD_CORE_2                                        16785                       8.46223%
OP_CAT_GPU_LD64_CORE_2                                          0                             0%
OP_CAT_GPU_LDU_CORE_2                                       17342                       8.74304%
OP_CAT_GPU_LDU64_CORE_2                                         0                             0%
OP_CAT_GPU_LG2_CORE_2                                          74                     0.0373074%
OP_CAT_GPU_MAD24_CORE_2                                      1044                      0.526337%
OP_CAT_GPU_MAD_CORE_2                                           0                             0%
OP_CAT_GPU_MAD64_CORE_2                                         0                             0%
OP_CAT_GPU_MADC_CORE_2                                          0                             0%
OP_CAT_GPU_MADC64_CORE_2                                        0                             0%
OP_CAT_GPU_MAX_CORE_2                                           0                             0%
OP_CAT_GPU_MAX64_CORE_2                                       600                      0.302493%
OP_CAT_GPU_MEMBAR_CTA_CORE_2                                  600                      0.302493%
OP_CAT_GPU_MEMBAR_GL_CORE_2                                     0                             0%
OP_CAT_GPU_MEMBAR_SYS_CORE_2                                    0                             0%
OP_CAT_GPU_MIN_CORE_2                                           0                             0%
OP_CAT_GPU_MIN64_CORE_2                                         0                             0%
OP_CAT_GPU_MOV_CORE_2                                           0                             0%
OP_CAT_GPU_MOV64_CORE_2                                         0                             0%
OP_CAT_GPU_MUL24_CORE_2                                      2232                       1.12527%
OP_CAT_GPU_MUL_CORE_2                                       17593                       8.86959%
OP_CAT_GPU_MUL64_CORE_2                                       738                      0.372066%
OP_CAT_GPU_NEG_CORE_2                                          67                     0.0337783%
OP_CAT_GPU_NEG64_CORE_2                                        49                     0.0247036%
OP_CAT_GPU_NOT_CORE_2                                           0                             0%
OP_CAT_GPU_NOT64_CORE_2                                         0                             0%
OP_CAT_GPU_OR_CORE_2                                            0                             0%
OP_CAT_GPU_OR64_CORE_2                                          0                             0%
OP_CAT_GPU_PMEVENT_CORE_2                                       0                             0%
OP_CAT_GPU_POPC_CORE_2                                       9219                        4.6478%
OP_CAT_GPU_POPC64_CORE_2                                        0                             0%
OP_CAT_GPU_PREFETCH_CORE_2                                   1466                       0.73909%
OP_CAT_GPU_PREFETCHU_CORE_2                                     0                             0%
OP_CAT_GPU_PRMT_CORE_2                                          0                             0%
OP_CAT_GPU_RCP_CORE_2                                         318                      0.160321%
OP_CAT_GPU_RCP64_CORE_2                                         0                             0%
OP_CAT_GPU_RED_GM_CORE_2                                      819                      0.412902%
OP_CAT_GPU_RED_SM_CORE_2                                        0                             0%
OP_CAT_GPU_RED64_GM_CORE_2                                      0                             0%
OP_CAT_GPU_RED64_SM_CORE_2                                      0                             0%
OP_CAT_GPU_REM_CORE_2                                         738                      0.372066%
OP_CAT_GPU_REM64_CORE_2                                        37                     0.0186537%
OP_CAT_GPU_RET_CORE_2                                           0                             0%
OP_CAT_GPU_RSQRT_CORE_2                                       300                      0.151246%
OP_CAT_GPU_RSQRT64_CORE_2                                       0                             0%
OP_CAT_GPU_SAD_CORE_2                                         300                      0.151246%
OP_CAT_GPU_SAD64_CORE_2                                       300                      0.151246%
OP_CAT_GPU_SELP_CORE_2                                          0                             0%
OP_CAT_GPU_SELP64_CORE_2                                        0                             0%
OP_CAT_GPU_SET_CORE_2                                           0                             0%
OP_CAT_GPU_SET64_CORE_2                                         0                             0%
OP_CAT_GPU_SETP_CORE_2                                          0                             0%
OP_CAT_GPU_SETP64_CORE_2                                        0                             0%
OP_CAT_GPU_SHFL_CORE_2                                          0                             0%
OP_CAT_GPU_SHFL64_CORE_2                                        0                             0%
OP_CAT_GPU_SHL_CORE_2                                           0                             0%
OP_CAT_GPU_SHL64_CORE_2                                         0                             0%
OP_CAT_GPU_SHR_CORE_2                                           0                             0%
OP_CAT_GPU_SHR64_CORE_2                                       300                      0.151246%
OP_CAT_GPU_SIN_CORE_2                                           0                             0%
OP_CAT_GPU_SLCT_CORE_2                                          0                             0%
OP_CAT_GPU_SLCT64_CORE_2                                        0                             0%
OP_CAT_GPU_SQRT_CORE_2                                          0                             0%
OP_CAT_GPU_SQRT64_CORE_2                                        0                             0%
OP_CAT_GPU_ST_CORE_2                                            0                             0%
OP_CAT_GPU_ST64_CORE_2                                          0                             0%
OP_CAT_GPU_SUB_CORE_2                                           0                             0%
OP_CAT_GPU_SUB64_CORE_2                                         0                             0%
OP_CAT_GPU_SUBC_CORE_2                                          0                             0%
OP_CAT_GPU_SULD_CORE_2                                          0                             0%
OP_CAT_GPU_SULD64_CORE_2                                        0                             0%
OP_CAT_GPU_SURED_CORE_2                                         0                             0%
OP_CAT_GPU_SURED64_CORE_2                                       0                             0%
OP_CAT_GPU_SUST_CORE_2                                          0                             0%
OP_CAT_GPU_SUST64_CORE_2                                        0                             0%
OP_CAT_GPU_SUQ_CORE_2                                          37                     0.0186537%
OP_CAT_GPU_TESTP_CORE_2                                         0                             0%
OP_CAT_GPU_TESTP64_CORE_2                                       0                             0%
OP_CAT_GPU_TEX_CORE_2                                           0                             0%
OP_CAT_GPU_TLD4_CORE_2                                          0                             0%
OP_CAT_GPU_TXQ_CORE_2                                           0                             0%
OP_CAT_GPU_TRAP_CORE_2                                          0                             0%
OP_CAT_GPU_VABSDIFF_CORE_2                                      0                             0%
OP_CAT_GPU_VADD_CORE_2                                          0                             0%
OP_CAT_GPU_VMAD_CORE_2                                          0                             0%
OP_CAT_GPU_VMAX_CORE_2                                          0                             0%
OP_CAT_GPU_VMIN_CORE_2                                          0                             0%
OP_CAT_GPU_VSET_CORE_2                                          0                             0%
OP_CAT_GPU_VSHL_CORE_2                                      11079                       5.58552%
OP_CAT_GPU_VSHR_CORE_2                                          0                             0%
OP_CAT_GPU_VSUB_CORE_2                                          0                             0%
OP_CAT_GPU_VOTE_CORE_2                                          0                             0%
OP_CAT_GPU_XOR_CORE_2                                        8807                       4.44009%
OP_CAT_GPU_XOR64_CORE_2                                      9593                       4.83635%
OP_CAT_GPU_RECONVERGE_CORE_2                                    0                             0%
OP_CAT_GPU_PHI_CORE_2                                           6                    0.00302493%
OP_CAT_GPU_MEM_LD_GM_CORE_2                                     0                             0%
OP_CAT_GPU_MEM_LD_LM_CORE_2                                     0                             0%
OP_CAT_GPU_MEM_LD_SM_CORE_2                                     0                             0%
OP_CAT_GPU_MEM_LD_CM_CORE_2                                     0                             0%
OP_CAT_GPU_MEM_LD_TM_CORE_2                                     0                             0%
OP_CAT_GPU_MEM_LD_PM_CORE_2                                     0                             0%
OP_CAT_GPU_MEM_LDU_GM_CORE_2                                    0                             0%
OP_CAT_GPU_MEM_ST_GM_CORE_2                                     0                             0%
OP_CAT_GPU_MEM_ST_LM_CORE_2                                    49                     0.0247036%
OP_CAT_GPU_MEM_ST_SM_CORE_2                                     0                             0%
OP_CAT_GPU_DATA_XFER_GM_CORE_2                                  0                             0%
OP_CAT_GPU_DATA_XFER_LM_CORE_2                               1396                      0.703799%
OP_CAT_GPU_DATA_XFER_SM_CORE_2                                  0                             0%
OP_CAT_GED_ILLEGAL_CORE_2                                       0                             0%
OP_CAT_GED_MOV_CORE_2                                           0                             0%
OP_CAT_GED_SEL_CORE_2                                           0                             0%
OP_CAT_GED_MOVI_CORE_2                                          0                             0%
OP_CAT_GED_NOT_CORE_2                                           0                             0%
OP_CAT_GED_AND_CORE_2                                           0                             0%
OP_CAT_GED_OR_CORE_2                                         1274                      0.642292%
OP_CAT_GED_XOR_CORE_2                                           0                             0%
OP_CAT_GED_SHR_CORE_2                                           0                             0%
OP_CAT_GED_SHL_CORE_2                                           0                             0%
OP_CAT_GED_SMOV_CORE_2                                          0                             0%
OP_CAT_GED_ASR_CORE_2                                           0                             0%
OP_CAT_GED_CMP_CORE_2                                           0                             0%
OP_CAT_GED_CMPN_CORE_2                                          0                             0%
OP_CAT_GED_CSEL_CORE_2                                          0                             0%
OP_CAT_GED_BFREV_CORE_2                                         0                             0%
OP_CAT_GED_BFE_CORE_2                                           0                             0%
OP_CAT_GED_BFI1_CORE_2                                          0                             0%
OP_CAT_GED_BFI2_CORE_2                                          0                             0%
OP_CAT_GED_JMPI_CORE_2                                          0                             0%
OP_CAT_GED_BRD_CORE_2                                           0                             0%
OP_CAT_GED_IF_CORE_2                                            0                             0%
OP_CAT_GED_BRC_CORE_2                                           0                             0%
OP_CAT_GED_ELSE_CORE_2                                          0                             0%
OP_CAT_GED_ENDIF_CORE_2                                         0                             0%
OP_CAT_GED_WHILE_CORE_2                                         0                             0%
OP_CAT_GED_BREAK_CORE_2                                         0                             0%
OP_CAT_GED_CONT_CORE_2                                          0                             0%
OP_CAT_GED_HALT_CORE_2                                          0                             0%
OP_CAT_GED_CALLA_CORE_2                                         0                             0%
OP_CAT_GED_CALL_CORE_2                                          0                             0%
OP_CAT_GED_RET_CORE_2                                           0                             0%
OP_CAT_GED_GOTO_CORE_2                                          0                             0%
OP_CAT_GED_JOIN_CORE_2                                          0                             0%
OP_CAT_GED_WAIT_CORE_2                                          0                             0%
OP_CAT_GED_SEND_CORE_2                                          0                             0%
OP_CAT_GED_SENDC_CORE_2                                         0                             0%
OP_CAT_GED_SENDS_CORE_2                                         0                             0%
OP_CAT_GED_SENDSC_CORE_2                                        0                             0%
OP_CAT_GED_MATH_CORE_2                                          0                             0%
OP_CAT_GED_ADD_CORE_2                                           0                             0%
OP_CAT_GED_MUL_CORE_2                                           0                             0%
OP_CAT_GED_AVG_CORE_2                                           0                             0%
OP_CAT_GED_FRC_CORE_2                                           0                             0%
OP_CAT_GED_RNDU_CORE_2                                          0                             0%
OP_CAT_GED_RNDD_CORE_2                                          0                             0%
OP_CAT_GED_RNDE_CORE_2                                          0                             0%
OP_CAT_GED_RNDZ_CORE_2                                          0                             0%
OP_CAT_GED_MAC_CORE_2                                           0                             0%
OP_CAT_GED_MACH_CORE_2                                          0                             0%
OP_CAT_GED_LZD_CORE_2                                           0                             0%
OP_CAT_GED_FBH_CORE_2                                           0                             0%
OP_CAT_GED_FBL_CORE_2                                           0                             0%
OP_CAT_GED_CBIT_CORE_2                                          0                             0%
OP_CAT_GED_ADDC_CORE_2                                          0                             0%
OP_CAT_GED_SUBB_CORE_2                                          0                             0%
OP_CAT_GED_SAD2_CORE_2                                          0                             0%
OP_CAT_GED_SADA2_CORE_2                                         0                             0%
OP_CAT_GED_DP4_CORE_2                                           0                             0%
OP_CAT_GED_DPH_CORE_2                                           0                             0%
OP_CAT_GED_DP3_CORE_2                                           0                             0%
OP_CAT_GED_DP2_CORE_2                                           0                             0%
OP_CAT_GED_LINE_CORE_2                                          0                             0%
OP_CAT_GED_PLN_CORE_2                                           0                             0%
OP_CAT_GED_MAD_CORE_2                                           0                             0%
OP_CAT_GED_LRP_CORE_2                                           0                             0%
OP_CAT_GED_MADM_CORE_2                                          0                             0%
OP_CAT_GED_NOP_CORE_2                                           0                             0%
OP_CAT_GED_ROR_CORE_2                                           0                             0%
OP_CAT_GED_ROL_CORE_2                                           0                             0%
OP_CAT_GED_DP4A_CORE_2                                          0                             0%
OP_CAT_GED_F32TO16_CORE_2                                       0                             0%
OP_CAT_GED_F16TO32_CORE_2                                       0                             0%
OP_CAT_GED_DIM_CORE_2                                           0                             0%
OP_CAT_GED_INVALID_CORE_2                                       0                             0%
                                                           198352                           100%

PARENT_UOP_CORE_3                                               0                             0

CHILD_UOP_READ_CORE_3                                           0                             0

FP_OPS_CORE_3                                                   0                             0

OP_CAT_XED_CATEGORY_INVALID_CORE_3                              0                             0%
OP_CAT_XED_CATEGORY_3DNOW_CORE_3                                0                             0%
OP_CAT_XED_CATEGORY_ADOX_ADCX_CORE_3                            0                             0%
OP_CAT_XED_CATEGORY_AES_CORE_3                                  0                             0%
OP_CAT_XED_CATEGORY_AVX_CORE_3                                  0                             0%
OP_CAT_XED_CATEGORY_AVX2_CORE_3                                 0                             0%
OP_CAT_XED_CATEGORY_AVX2GATHER_CORE_3                           0                             0%
OP_CAT_XED_CATEGORY_AVX512_CORE_3                               0                             0%
OP_CAT_XED_CATEGORY_AVX512_4FMAPS_CORE_3                        0                             0%
OP_CAT_XED_CATEGORY_AVX512_4VNNIW_CORE_3                        0                             0%
OP_CAT_XED_CATEGORY_AVX512_BITALG_CORE_3                        0                             0%
OP_CAT_XED_CATEGORY_AVX512_VBMI_CORE_3                          0                             0%
OP_CAT_XED_CATEGORY_AVX512_VP2INTERSECT_CORE_3                   0                             0%
OP_CAT_XED_CATEGORY_BINARY_CORE_3                               0                             0%
OP_CAT_XED_CATEGORY_BITBYTE_CORE_3                              0                             0%
OP_CAT_XED_CATEGORY_BLEND_CORE_3                                0                             0%
OP_CAT_XED_CATEGORY_BMI1_CORE_3                                 0                             0%
OP_CAT_XED_CATEGORY_BMI2_CORE_3                                 0                             0%
OP_CAT_XED_CATEGORY_BROADCAST_CORE_3                            0                             0%
OP_CAT_XED_CATEGORY_CALL_CORE_3                                 0                             0%
OP_CAT_XED_CATEGORY_CET_CORE_3                                  0                             0%
OP_CAT_XED_CATEGORY_CLDEMOTE_CORE_3                             0                             0%
OP_CAT_XED_CATEGORY_CLFLUSHOPT_CORE_3                           0                             0%
OP_CAT_XED_CATEGORY_CLWB_CORE_3                                 0                             0%
OP_CAT_XED_CATEGORY_CLZERO_CORE_3                               0                             0%
OP_CAT_XED_CATEGORY_CMOV_CORE_3                                 0                             0%
OP_CAT_XED_CATEGORY_COMPRESS_CORE_3                             0                             0%
OP_CAT_XED_CATEGORY_COND_BR_CORE_3                              0                             0%
OP_CAT_XED_CATEGORY_CONFLICT_CORE_3                             0                             0%
OP_CAT_XED_CATEGORY_CONVERT_CORE_3                              0                             0%
OP_CAT_XED_CATEGORY_DATAXFER_CORE_3                             0                             0%
OP_CAT_XED_CATEGORY_DECIMAL_CORE_3                              0                             0%
OP_CAT_XED_CATEGORY_ENQCMD_CORE_3                               0                             0%
OP_CAT_XED_CATEGORY_EXPAND_CORE_3                               0                             0%
OP_CAT_XED_CATEGORY_FCMOV_CORE_3                                0                             0%
OP_CAT_XED_CATEGORY_FLAGOP_CORE_3                               0                             0%
OP_CAT_XED_CATEGORY_FMA4_CORE_3                                 0                             0%
OP_CAT_XED_CATEGORY_GATHER_CORE_3                               0                             0%
OP_CAT_XED_CATEGORY_GFNI_CORE_3                                 0                             0%
OP_CAT_XED_CATEGORY_IFMA_CORE_3                                 0                             0%
OP_CAT_XED_CATEGORY_INTERRUPT_CORE_3                            0                             0%
OP_CAT_XED_CATEGORY_IO_CORE_3                                   0                             0%
OP_CAT_XED_CATEGORY_IOSTRINGOP_CORE_3                           0                             0%
OP_CAT_XED_CATEGORY_KMASK_CORE_3                                0                             0%
OP_CAT_XED_CATEGORY_LOGICAL_CORE_3                              0                             0%
OP_CAT_XED_CATEGORY_LOGICAL_FP_CORE_3                           0                             0%
OP_CAT_XED_CATEGORY_LZCNT_CORE_3                                0                             0%
OP_CAT_XED_CATEGORY_MISC_CORE_3                                 0                             0%
OP_CAT_XED_CATEGORY_MMX_CORE_3                                  0                             0%
OP_CAT_XED_CATEGORY_MOVDIR_CORE_3                               0                             0%
OP_CAT_XED_CATEGORY_MPX_CORE_3                                  0                             0%
OP_CAT_XED_CATEGORY_NOP_CORE_3                                  0                             0%
OP_CAT_XED_CATEGORY_PCLMULQDQ_CORE_3                            0                             0%
OP_CAT_XED_CATEGORY_PCONFIG_CORE_3                              0                             0%
OP_CAT_XED_CATEGORY_PKU_CORE_3                                  0                             0%
OP_CAT_XED_CATEGORY_POP_CORE_3                                  0                             0%
OP_CAT_XED_CATEGORY_PREFETCH_CORE_3                             0                             0%
OP_CAT_XED_CATEGORY_PREFETCHWT1_CORE_3                          0                             0%
OP_CAT_XED_CATEGORY_PT_CORE_3                                   0                             0%
OP_CAT_XED_CATEGORY_PUSH_CORE_3                                 0                             0%
OP_CAT_XED_CATEGORY_RDPID_CORE_3                                0                             0%
OP_CAT_XED_CATEGORY_RDPRU_CORE_3                                0                             0%
OP_CAT_XED_CATEGORY_RDRAND_CORE_3                               0                             0%
OP_CAT_XED_CATEGORY_RDSEED_CORE_3                               0                             0%
OP_CAT_XED_CATEGORY_RDWRFSGS_CORE_3                             0                             0%
OP_CAT_XED_CATEGORY_RET_CORE_3                                  0                             0%
OP_CAT_XED_CATEGORY_ROTATE_CORE_3                               0                             0%
OP_CAT_XED_CATEGORY_SCATTER_CORE_3                              0                             0%
OP_CAT_XED_CATEGORY_SEGOP_CORE_3                                0                             0%
OP_CAT_XED_CATEGORY_SEMAPHORE_CORE_3                            0                             0%
OP_CAT_XED_CATEGORY_SETCC_CORE_3                                0                             0%
OP_CAT_XED_CATEGORY_SGX_CORE_3                                  0                             0%
OP_CAT_XED_CATEGORY_SHA_CORE_3                                  0                             0%
OP_CAT_XED_CATEGORY_SHIFT_CORE_3                                0                             0%
OP_CAT_XED_CATEGORY_SMAP_CORE_3                                 0                             0%
OP_CAT_XED_CATEGORY_SSE_CORE_3                                  0                             0%
OP_CAT_XED_CATEGORY_STRINGOP_CORE_3                             0                             0%
OP_CAT_XED_CATEGORY_STTNI_CORE_3                                0                             0%
OP_CAT_XED_CATEGORY_SYSCALL_CORE_3                              0                             0%
OP_CAT_XED_CATEGORY_SYSRET_CORE_3                               0                             0%
OP_CAT_XED_CATEGORY_SYSTEM_CORE_3                               0                             0%
OP_CAT_XED_CATEGORY_TBM_CORE_3                                  0                             0%
OP_CAT_XED_CATEGORY_UNCOND_BR_CORE_3                            0                             0%
OP_CAT_XED_CATEGORY_VAES_CORE_3                                 0                             0%
OP_CAT_XED_CATEGORY_VBMI2_CORE_3                                0                             0%
OP_CAT_XED_CATEGORY_VFMA_CORE_3                                 0                             0%
OP_CAT_XED_CATEGORY_VIA_PADLOCK_CORE_3                          0                             0%
OP_CAT_XED_CATEGORY_VPCLMULQDQ_CORE_3                           0                             0%
OP_CAT_XED_CATEGORY_VTX_CORE_3                                  0                             0%
OP_CAT_XED_CATEGORY_WAITPKG_CORE_3                              0                             0%
OP_CAT_XED_CATEGORY_WIDENOP_CORE_3                              0                             0%
OP_CAT_XED_CATEGORY_X87_ALU_CORE_3                              0                             0%
OP_CAT_XED_CATEGORY_XOP_CORE_3                                  0                             0%
OP_CAT_XED_CATEGORY_XSAVE_CORE_3                                0                             0%
OP_CAT_XED_CATEGORY_XSAVEOPT_CORE_3                             0                             0%
OP_CAT_XED_CATEGORY_TR_MUL_CORE_3                               0                             0%
OP_CAT_XED_CATEGORY_TR_DIV_CORE_3                               0                             0%
OP_CAT_XED_CATEGORY_TR_FMUL_CORE_3                              0                             0%
OP_CAT_XED_CATEGORY_TR_FDIV_CORE_3                              0                             0%
OP_CAT_XED_CATEGORY_TR_NOP_CORE_3                               0                             0%
OP_CAT_XED_CATEGORY_PREFETCH_NTA_CORE_3                         0                             0%
OP_CAT_XED_CATEGORY_PREFETCH_T0_CORE_3                          0                             0%
OP_CAT_XED_CATEGORY_PREFETCH_T1_CORE_3                          0                             0%
OP_CAT_XED_CATEGORY_PREFETCH_T2_CORE_3                          0                             0%
OP_CAT_GPU_EN_CORE_3                                            0                             0%
OP_CAT_GPU_INVALID_CORE_3                                       0                             0%
OP_CAT_GPU_ABS_CORE_3                                           0                             0%
OP_CAT_GPU_ABS64_CORE_3                                         0                             0%
OP_CAT_GPU_ADD_CORE_3                                           0                             0%
OP_CAT_GPU_ADD64_CORE_3                                         0                             0%
OP_CAT_GPU_ADDC_CORE_3                                          0                             0%
OP_CAT_GPU_AND_CORE_3                                           0                             0%
OP_CAT_GPU_AND64_CORE_3                                         0                             0%
OP_CAT_GPU_ATOM_GM_CORE_3                                       0                             0%
OP_CAT_GPU_ATOM_SM_CORE_3                                       0                             0%
OP_CAT_GPU_ATOM64_GM_CORE_3                                  8262                       4.12119%
OP_CAT_GPU_ATOM64_SM_CORE_3                                     0                             0%
OP_CAT_GPU_BAR_ARRIVE_CORE_3                                  612                      0.305273%
OP_CAT_GPU_BAR_SYNC_CORE_3                                      0                             0%
OP_CAT_GPU_BAR_RED_CORE_3                                       0                             0%
OP_CAT_GPU_BFE_CORE_3                                           0                             0%
OP_CAT_GPU_BFE64_CORE_3                                         0                             0%
OP_CAT_GPU_BFI_CORE_3                                           0                             0%
OP_CAT_GPU_BFI64_CORE_3                                         0                             0%
OP_CAT_GPU_BFIND_CORE_3                                         0                             0%
OP_CAT_GPU_BFIND64_CORE_3                                       0                             0%
OP_CAT_GPU_BRA_CORE_3                                           0                             0%
OP_CAT_GPU_BREV_CORE_3                                          0                             0%
OP_CAT_GPU_BREV64_CORE_3                                        0                             0%
OP_CAT_GPU_BRKPT_CORE_3                                         0                             0%
OP_CAT_GPU_CALL_CORE_3                                          0                             0%
OP_CAT_GPU_CLZ_CORE_3                                           0                             0%
OP_CAT_GPU_CLZ64_CORE_3                                         6                    0.00299288%
OP_CAT_GPU_CNOT_CORE_3                                          0                             0%
OP_CAT_GPU_CNOT64_CORE_3                                       38                     0.0189549%
OP_CAT_GPU_COPYSIGN_CORE_3                                      0                             0%
OP_CAT_GPU_COPYSIGN64_CORE_3                                    0                             0%
OP_CAT_GPU_COS_CORE_3                                       21899                       10.9235%
OP_CAT_GPU_CVT_CORE_3                                           0                             0%
OP_CAT_GPU_CVT64_CORE_3                                         0                             0%
OP_CAT_GPU_CVTA_CORE_3                                          0                             0%
OP_CAT_GPU_CVTA64_CORE_3                                    40732                       20.3176%
OP_CAT_GPU_DIV_CORE_3                                           0                             0%
OP_CAT_GPU_DIV64_CORE_3                                         0                             0%
OP_CAT_GPU_EX2_CORE_3                                           0                             0%
OP_CAT_GPU_EXIT_CORE_3                                          0                             0%
OP_CAT_GPU_FMA_CORE_3                                           0                             0%
OP_CAT_GPU_FMA64_CORE_3                                         0                             0%
OP_CAT_GPU_ISSPACEP_CORE_3                                  24080                       12.0114%
OP_CAT_GPU_LD_CORE_3                                        16661                       8.31072%
OP_CAT_GPU_LD64_CORE_3                                          0                             0%
OP_CAT_GPU_LDU_CORE_3                                       17229                       8.59405%
OP_CAT_GPU_LDU64_CORE_3                                         0                             0%
OP_CAT_GPU_LG2_CORE_3                                          76                     0.0379098%
OP_CAT_GPU_MAD24_CORE_3                                      1350                      0.673397%
OP_CAT_GPU_MAD_CORE_3                                           0                             0%
OP_CAT_GPU_MAD64_CORE_3                                         0                             0%
OP_CAT_GPU_MADC_CORE_3                                          0                             0%
OP_CAT_GPU_MADC64_CORE_3                                        0                             0%
OP_CAT_GPU_MAX_CORE_3                                           0                             0%
OP_CAT_GPU_MAX64_CORE_3                                       612                      0.305273%
OP_CAT_GPU_MEMBAR_CTA_CORE_3                                  612                      0.305273%
OP_CAT_GPU_MEMBAR_GL_CORE_3                                     0                             0%
OP_CAT_GPU_MEMBAR_SYS_CORE_3                                    0                             0%
OP_CAT_GPU_MIN_CORE_3                                           0                             0%
OP_CAT_GPU_MIN64_CORE_3                                         0                             0%
OP_CAT_GPU_MOV_CORE_3                                           0                             0%
OP_CAT_GPU_MOV64_CORE_3                                         0                             0%
OP_CAT_GPU_MUL24_CORE_3                                      3132                       1.56228%
OP_CAT_GPU_MUL_CORE_3                                       17486                       8.72224%
OP_CAT_GPU_MUL64_CORE_3                                      1038                      0.517768%
OP_CAT_GPU_NEG_CORE_3                                          68                     0.0339193%
OP_CAT_GPU_NEG64_CORE_3                                        49                     0.0244418%
OP_CAT_GPU_NOT_CORE_3                                           0                             0%
OP_CAT_GPU_NOT64_CORE_3                                         0                             0%
OP_CAT_GPU_OR_CORE_3                                            0                             0%
OP_CAT_GPU_OR64_CORE_3                                          0                             0%
OP_CAT_GPU_PMEVENT_CORE_3                                       0                             0%
OP_CAT_GPU_POPC_CORE_3                                       9168                       4.57312%
OP_CAT_GPU_POPC64_CORE_3                                        0                             0%
OP_CAT_GPU_PREFETCH_CORE_3                                   1478                      0.737245%
OP_CAT_GPU_PREFETCHU_CORE_3                                     0                             0%
OP_CAT_GPU_PRMT_CORE_3                                          0                             0%
OP_CAT_GPU_RCP_CORE_3                                         324                      0.161615%
OP_CAT_GPU_RCP64_CORE_3                                         0                             0%
OP_CAT_GPU_RED_GM_CORE_3                                      826                      0.412019%
OP_CAT_GPU_RED_SM_CORE_3                                        0                             0%
OP_CAT_GPU_RED64_GM_CORE_3                                      0                             0%
OP_CAT_GPU_RED64_SM_CORE_3                                      0                             0%
OP_CAT_GPU_REM_CORE_3                                        1038                      0.517768%
OP_CAT_GPU_REM64_CORE_3                                        38                     0.0189549%
OP_CAT_GPU_RET_CORE_3                                           0                             0%
OP_CAT_GPU_RSQRT_CORE_3                                       306                      0.152637%
OP_CAT_GPU_RSQRT64_CORE_3                                       0                             0%
OP_CAT_GPU_SAD_CORE_3                                         306                      0.152637%
OP_CAT_GPU_SAD64_CORE_3                                       306                      0.152637%
OP_CAT_GPU_SELP_CORE_3                                          0                             0%
OP_CAT_GPU_SELP64_CORE_3                                        0                             0%
OP_CAT_GPU_SET_CORE_3                                           0                             0%
OP_CAT_GPU_SET64_CORE_3                                         0                             0%
OP_CAT_GPU_SETP_CORE_3                                          0                             0%
OP_CAT_GPU_SETP64_CORE_3                                        0                             0%
OP_CAT_GPU_SHFL_CORE_3                                          0                             0%
OP_CAT_GPU_SHFL64_CORE_3                                        0                             0%
OP_CAT_GPU_SHL_CORE_3                                           0                             0%
OP_CAT_GPU_SHL64_CORE_3                                         0                             0%
OP_CAT_GPU_SHR_CORE_3                                           0                             0%
OP_CAT_GPU_SHR64_CORE_3                                       306                      0.152637%
OP_CAT_GPU_SIN_CORE_3                                           0                             0%
OP_CAT_GPU_SLCT_CORE_3                                          0                             0%
OP_CAT_GPU_SLCT64_CORE_3                                        0                             0%
OP_CAT_GPU_SQRT_CORE_3                                          0                             0%
OP_CAT_GPU_SQRT64_CORE_3                                        0                             0%
OP_CAT_GPU_ST_CORE_3                                            0                             0%
OP_CAT_GPU_ST64_CORE_3                                          0                             0%
OP_CAT_GPU_SUB_CORE_3                                           0                             0%
OP_CAT_GPU_SUB64_CORE_3                                         0                             0%
OP_CAT_GPU_SUBC_CORE_3                                          0                             0%
OP_CAT_GPU_SULD_CORE_3                                          0                             0%
OP_CAT_GPU_SULD64_CORE_3                                        0                             0%
OP_CAT_GPU_SURED_CORE_3                                         0                             0%
OP_CAT_GPU_SURED64_CORE_3                                       0                             0%
OP_CAT_GPU_SUST_CORE_3                                          0                             0%
OP_CAT_GPU_SUST64_CORE_3                                        0                             0%
OP_CAT_GPU_SUQ_CORE_3                                          38                     0.0189549%
OP_CAT_GPU_TESTP_CORE_3                                         0                             0%
OP_CAT_GPU_TESTP64_CORE_3                                       0                             0%
OP_CAT_GPU_TEX_CORE_3                                           0                             0%
OP_CAT_GPU_TLD4_CORE_3                                          0                             0%
OP_CAT_GPU_TXQ_CORE_3                                           0                             0%
OP_CAT_GPU_TRAP_CORE_3                                          0                             0%
OP_CAT_GPU_VABSDIFF_CORE_3                                      0                             0%
OP_CAT_GPU_VADD_CORE_3                                          0                             0%
OP_CAT_GPU_VMAD_CORE_3                                          0                             0%
OP_CAT_GPU_VMAX_CORE_3                                          0                             0%
OP_CAT_GPU_VMIN_CORE_3                                          0                             0%
OP_CAT_GPU_VSET_CORE_3                                          0                             0%
OP_CAT_GPU_VSHL_CORE_3                                      11023                       5.49841%
OP_CAT_GPU_VSHR_CORE_3                                          0                             0%
OP_CAT_GPU_VSUB_CORE_3                                          0                             0%
OP_CAT_GPU_VOTE_CORE_3                                          0                             0%
OP_CAT_GPU_XOR_CORE_3                                        8757                        4.3681%
OP_CAT_GPU_XOR64_CORE_3                                      9845                       4.91081%
OP_CAT_GPU_RECONVERGE_CORE_3                                    0                             0%
OP_CAT_GPU_PHI_CORE_3                                           6                    0.00299288%
OP_CAT_GPU_MEM_LD_GM_CORE_3                                     0                             0%
OP_CAT_GPU_MEM_LD_LM_CORE_3                                     0                             0%
OP_CAT_GPU_MEM_LD_SM_CORE_3                                     0                             0%
OP_CAT_GPU_MEM_LD_CM_CORE_3                                     0                             0%
OP_CAT_GPU_MEM_LD_TM_CORE_3                                     0                             0%
OP_CAT_GPU_MEM_LD_PM_CORE_3                                     0                             0%
OP_CAT_GPU_MEM_LDU_GM_CORE_3                                    0                             0%
OP_CAT_GPU_MEM_ST_GM_CORE_3                                     0                             0%
OP_CAT_GPU_MEM_ST_LM_CORE_3                                    49                     0.0244418%
OP_CAT_GPU_MEM_ST_SM_CORE_3                                     0                             0%
OP_CAT_GPU_DATA_XFER_GM_CORE_3                                  0                             0%
OP_CAT_GPU_DATA_XFER_LM_CORE_3                               1420                      0.708314%
OP_CAT_GPU_DATA_XFER_SM_CORE_3                                  0                             0%
OP_CAT_GED_ILLEGAL_CORE_3                                       0                             0%
OP_CAT_GED_MOV_CORE_3                                           0                             0%
OP_CAT_GED_SEL_CORE_3                                           0                             0%
OP_CAT_GED_MOVI_CORE_3                                          0                             0%
OP_CAT_GED_NOT_CORE_3                                           0                             0%
OP_CAT_GED_AND_CORE_3                                           0                             0%
OP_CAT_GED_OR_CORE_3                                         1300                      0.648457%
OP_CAT_GED_XOR_CORE_3                                           0                             0%
OP_CAT_GED_SHR_CORE_3                                           0                             0%
OP_CAT_GED_SHL_CORE_3                                           0                             0%
OP_CAT_GED_SMOV_CORE_3                                          0                             0%
OP_CAT_GED_ASR_CORE_3                                           0                             0%
OP_CAT_GED_CMP_CORE_3                                           0                             0%
OP_CAT_GED_CMPN_CORE_3                                          0                             0%
OP_CAT_GED_CSEL_CORE_3                                          0                             0%
OP_CAT_GED_BFREV_CORE_3                                         0                             0%
OP_CAT_GED_BFE_CORE_3                                           0                             0%
OP_CAT_GED_BFI1_CORE_3                                          0                             0%
OP_CAT_GED_BFI2_CORE_3                                          0                             0%
OP_CAT_GED_JMPI_CORE_3                                          0                             0%
OP_CAT_GED_BRD_CORE_3                                           0                             0%
OP_CAT_GED_IF_CORE_3                                            0                             0%
OP_CAT_GED_BRC_CORE_3                                           0                             0%
OP_CAT_GED_ELSE_CORE_3                                          0                             0%
OP_CAT_GED_ENDIF_CORE_3                                         0                             0%
OP_CAT_GED_WHILE_CORE_3                                         0                             0%
OP_CAT_GED_BREAK_CORE_3                                         0                             0%
OP_CAT_GED_CONT_CORE_3                                          0                             0%
OP_CAT_GED_HALT_CORE_3                                          0                             0%
OP_CAT_GED_CALLA_CORE_3                                         0                             0%
OP_CAT_GED_CALL_CORE_3                                          0                             0%
OP_CAT_GED_RET_CORE_3                                           0                             0%
OP_CAT_GED_GOTO_CORE_3                                          0                             0%
OP_CAT_GED_JOIN_CORE_3                                          0                             0%
OP_CAT_GED_WAIT_CORE_3                                          0                             0%
OP_CAT_GED_SEND_CORE_3                                          0                             0%
OP_CAT_GED_SENDC_CORE_3                                         0                             0%
OP_CAT_GED_SENDS_CORE_3                                         0                             0%
OP_CAT_GED_SENDSC_CORE_3                                        0                             0%
OP_CAT_GED_MATH_CORE_3                                          0                             0%
OP_CAT_GED_ADD_CORE_3                                           0                             0%
OP_CAT_GED_MUL_CORE_3                                           0                             0%
OP_CAT_GED_AVG_CORE_3                                           0                             0%
OP_CAT_GED_FRC_CORE_3                                           0                             0%
OP_CAT_GED_RNDU_CORE_3                                          0                             0%
OP_CAT_GED_RNDD_CORE_3                                          0                             0%
OP_CAT_GED_RNDE_CORE_3                                          0                             0%
OP_CAT_GED_RNDZ_CORE_3                                          0                             0%
OP_CAT_GED_MAC_CORE_3                                           0                             0%
OP_CAT_GED_MACH_CORE_3                                          0                             0%
OP_CAT_GED_LZD_CORE_3                                           0                             0%
OP_CAT_GED_FBH_CORE_3                                           0                             0%
OP_CAT_GED_FBL_CORE_3                                           0                             0%
OP_CAT_GED_CBIT_CORE_3                                          0                             0%
OP_CAT_GED_ADDC_CORE_3                                          0                             0%
OP_CAT_GED_SUBB_CORE_3                                          0                             0%
OP_CAT_GED_SAD2_CORE_3                                          0                             0%
OP_CAT_GED_SADA2_CORE_3                                         0                             0%
OP_CAT_GED_DP4_CORE_3                                           0                             0%
OP_CAT_GED_DPH_CORE_3                                           0                             0%
OP_CAT_GED_DP3_CORE_3                                           0                             0%
OP_CAT_GED_DP2_CORE_3                                           0                             0%
OP_CAT_GED_LINE_CORE_3                                          0                             0%
OP_CAT_GED_PLN_CORE_3                                           0                             0%
OP_CAT_GED_MAD_CORE_3                                           0                             0%
OP_CAT_GED_LRP_CORE_3                                           0                             0%
OP_CAT_GED_MADM_CORE_3                                          0                             0%
OP_CAT_GED_NOP_CORE_3                                           0                             0%
OP_CAT_GED_ROR_CORE_3                                           0                             0%
OP_CAT_GED_ROL_CORE_3                                           0                             0%
OP_CAT_GED_DP4A_CORE_3                                          0                             0%
OP_CAT_GED_F32TO16_CORE_3                                       0                             0%
OP_CAT_GED_F16TO32_CORE_3                                       0                             0%
OP_CAT_GED_DIM_CORE_3                                           0                             0%
OP_CAT_GED_INVALID_CORE_3                                       0                             0%
                                                           200476                           100%

PARENT_UOP_CORE_4                                               0                             0

CHILD_UOP_READ_CORE_4                                           0                             0

FP_OPS_CORE_4                                                   0                             0

OP_CAT_XED_CATEGORY_INVALID_CORE_4                              0                             0%
OP_CAT_XED_CATEGORY_3DNOW_CORE_4                                0                             0%
OP_CAT_XED_CATEGORY_ADOX_ADCX_CORE_4                            0                             0%
OP_CAT_XED_CATEGORY_AES_CORE_4                                  0                             0%
OP_CAT_XED_CATEGORY_AVX_CORE_4                                  0                             0%
OP_CAT_XED_CATEGORY_AVX2_CORE_4                                 0                             0%
OP_CAT_XED_CATEGORY_AVX2GATHER_CORE_4                           0                             0%
OP_CAT_XED_CATEGORY_AVX512_CORE_4                               0                             0%
OP_CAT_XED_CATEGORY_AVX512_4FMAPS_CORE_4                        0                             0%
OP_CAT_XED_CATEGORY_AVX512_4VNNIW_CORE_4                        0                             0%
OP_CAT_XED_CATEGORY_AVX512_BITALG_CORE_4                        0                             0%
OP_CAT_XED_CATEGORY_AVX512_VBMI_CORE_4                          0                             0%
OP_CAT_XED_CATEGORY_AVX512_VP2INTERSECT_CORE_4                   0                             0%
OP_CAT_XED_CATEGORY_BINARY_CORE_4                               0                             0%
OP_CAT_XED_CATEGORY_BITBYTE_CORE_4                              0                             0%
OP_CAT_XED_CATEGORY_BLEND_CORE_4                                0                             0%
OP_CAT_XED_CATEGORY_BMI1_CORE_4                                 0                             0%
OP_CAT_XED_CATEGORY_BMI2_CORE_4                                 0                             0%
OP_CAT_XED_CATEGORY_BROADCAST_CORE_4                            0                             0%
OP_CAT_XED_CATEGORY_CALL_CORE_4                                 0                             0%
OP_CAT_XED_CATEGORY_CET_CORE_4                                  0                             0%
OP_CAT_XED_CATEGORY_CLDEMOTE_CORE_4                             0                             0%
OP_CAT_XED_CATEGORY_CLFLUSHOPT_CORE_4                           0                             0%
OP_CAT_XED_CATEGORY_CLWB_CORE_4                                 0                             0%
OP_CAT_XED_CATEGORY_CLZERO_CORE_4                               0                             0%
OP_CAT_XED_CATEGORY_CMOV_CORE_4                                 0                             0%
OP_CAT_XED_CATEGORY_COMPRESS_CORE_4                             0                             0%
OP_CAT_XED_CATEGORY_COND_BR_CORE_4                              0                             0%
OP_CAT_XED_CATEGORY_CONFLICT_CORE_4                             0                             0%
OP_CAT_XED_CATEGORY_CONVERT_CORE_4                              0                             0%
OP_CAT_XED_CATEGORY_DATAXFER_CORE_4                             0                             0%
OP_CAT_XED_CATEGORY_DECIMAL_CORE_4                              0                             0%
OP_CAT_XED_CATEGORY_ENQCMD_CORE_4                               0                             0%
OP_CAT_XED_CATEGORY_EXPAND_CORE_4                               0                             0%
OP_CAT_XED_CATEGORY_FCMOV_CORE_4                                0                             0%
OP_CAT_XED_CATEGORY_FLAGOP_CORE_4                               0                             0%
OP_CAT_XED_CATEGORY_FMA4_CORE_4                                 0                             0%
OP_CAT_XED_CATEGORY_GATHER_CORE_4                               0                             0%
OP_CAT_XED_CATEGORY_GFNI_CORE_4                                 0                             0%
OP_CAT_XED_CATEGORY_IFMA_CORE_4                                 0                             0%
OP_CAT_XED_CATEGORY_INTERRUPT_CORE_4                            0                             0%
OP_CAT_XED_CATEGORY_IO_CORE_4                                   0                             0%
OP_CAT_XED_CATEGORY_IOSTRINGOP_CORE_4                           0                             0%
OP_CAT_XED_CATEGORY_KMASK_CORE_4                                0                             0%
OP_CAT_XED_CATEGORY_LOGICAL_CORE_4                              0                             0%
OP_CAT_XED_CATEGORY_LOGICAL_FP_CORE_4                           0                             0%
OP_CAT_XED_CATEGORY_LZCNT_CORE_4                                0                             0%
OP_CAT_XED_CATEGORY_MISC_CORE_4                                 0                             0%
OP_CAT_XED_CATEGORY_MMX_CORE_4                                  0                             0%
OP_CAT_XED_CATEGORY_MOVDIR_CORE_4                               0                             0%
OP_CAT_XED_CATEGORY_MPX_CORE_4                                  0                             0%
OP_CAT_XED_CATEGORY_NOP_CORE_4                                  0                             0%
OP_CAT_XED_CATEGORY_PCLMULQDQ_CORE_4                            0                             0%
OP_CAT_XED_CATEGORY_PCONFIG_CORE_4                              0                             0%
OP_CAT_XED_CATEGORY_PKU_CORE_4                                  0                             0%
OP_CAT_XED_CATEGORY_POP_CORE_4                                  0                             0%
OP_CAT_XED_CATEGORY_PREFETCH_CORE_4                             0                             0%
OP_CAT_XED_CATEGORY_PREFETCHWT1_CORE_4                          0                             0%
OP_CAT_XED_CATEGORY_PT_CORE_4                                   0                             0%
OP_CAT_XED_CATEGORY_PUSH_CORE_4                                 0                             0%
OP_CAT_XED_CATEGORY_RDPID_CORE_4                                0                             0%
OP_CAT_XED_CATEGORY_RDPRU_CORE_4                                0                             0%
OP_CAT_XED_CATEGORY_RDRAND_CORE_4                               0                             0%
OP_CAT_XED_CATEGORY_RDSEED_CORE_4                               0                             0%
OP_CAT_XED_CATEGORY_RDWRFSGS_CORE_4                             0                             0%
OP_CAT_XED_CATEGORY_RET_CORE_4                                  0                             0%
OP_CAT_XED_CATEGORY_ROTATE_CORE_4                               0                             0%
OP_CAT_XED_CATEGORY_SCATTER_CORE_4                              0                             0%
OP_CAT_XED_CATEGORY_SEGOP_CORE_4                                0                             0%
OP_CAT_XED_CATEGORY_SEMAPHORE_CORE_4                            0                             0%
OP_CAT_XED_CATEGORY_SETCC_CORE_4                                0                             0%
OP_CAT_XED_CATEGORY_SGX_CORE_4                                  0                             0%
OP_CAT_XED_CATEGORY_SHA_CORE_4                                  0                             0%
OP_CAT_XED_CATEGORY_SHIFT_CORE_4                                0                             0%
OP_CAT_XED_CATEGORY_SMAP_CORE_4                                 0                             0%
OP_CAT_XED_CATEGORY_SSE_CORE_4                                  0                             0%
OP_CAT_XED_CATEGORY_STRINGOP_CORE_4                             0                             0%
OP_CAT_XED_CATEGORY_STTNI_CORE_4                                0                             0%
OP_CAT_XED_CATEGORY_SYSCALL_CORE_4                              0                             0%
OP_CAT_XED_CATEGORY_SYSRET_CORE_4                               0                             0%
OP_CAT_XED_CATEGORY_SYSTEM_CORE_4                               0                             0%
OP_CAT_XED_CATEGORY_TBM_CORE_4                                  0                             0%
OP_CAT_XED_CATEGORY_UNCOND_BR_CORE_4                            0                             0%
OP_CAT_XED_CATEGORY_VAES_CORE_4                                 0                             0%
OP_CAT_XED_CATEGORY_VBMI2_CORE_4                                0                             0%
OP_CAT_XED_CATEGORY_VFMA_CORE_4                                 0                             0%
OP_CAT_XED_CATEGORY_VIA_PADLOCK_CORE_4                          0                             0%
OP_CAT_XED_CATEGORY_VPCLMULQDQ_CORE_4                           0                             0%
OP_CAT_XED_CATEGORY_VTX_CORE_4                                  0                             0%
OP_CAT_XED_CATEGORY_WAITPKG_CORE_4                              0                             0%
OP_CAT_XED_CATEGORY_WIDENOP_CORE_4                              0                             0%
OP_CAT_XED_CATEGORY_X87_ALU_CORE_4                              0                             0%
OP_CAT_XED_CATEGORY_XOP_CORE_4                                  0                             0%
OP_CAT_XED_CATEGORY_XSAVE_CORE_4                                0                             0%
OP_CAT_XED_CATEGORY_XSAVEOPT_CORE_4                             0                             0%
OP_CAT_XED_CATEGORY_TR_MUL_CORE_4                               0                             0%
OP_CAT_XED_CATEGORY_TR_DIV_CORE_4                               0                             0%
OP_CAT_XED_CATEGORY_TR_FMUL_CORE_4                              0                             0%
OP_CAT_XED_CATEGORY_TR_FDIV_CORE_4                              0                             0%
OP_CAT_XED_CATEGORY_TR_NOP_CORE_4                               0                             0%
OP_CAT_XED_CATEGORY_PREFETCH_NTA_CORE_4                         0                             0%
OP_CAT_XED_CATEGORY_PREFETCH_T0_CORE_4                          0                             0%
OP_CAT_XED_CATEGORY_PREFETCH_T1_CORE_4                          0                             0%
OP_CAT_XED_CATEGORY_PREFETCH_T2_CORE_4                          0                             0%
OP_CAT_GPU_EN_CORE_4                                            0                             0%
OP_CAT_GPU_INVALID_CORE_4                                       0                             0%
OP_CAT_GPU_ABS_CORE_4                                           0                             0%
OP_CAT_GPU_ABS64_CORE_4                                         0                             0%
OP_CAT_GPU_ADD_CORE_4                                           0                             0%
OP_CAT_GPU_ADD64_CORE_4                                         0                             0%
OP_CAT_GPU_ADDC_CORE_4                                          0                             0%
OP_CAT_GPU_AND_CORE_4                                           0                             0%
OP_CAT_GPU_AND64_CORE_4                                         0                             0%
OP_CAT_GPU_ATOM_GM_CORE_4                                       0                             0%
OP_CAT_GPU_ATOM_SM_CORE_4                                       0                             0%
OP_CAT_GPU_ATOM64_GM_CORE_4                                  8227                       4.19762%
OP_CAT_GPU_ATOM64_SM_CORE_4                                     0                             0%
OP_CAT_GPU_BAR_ARRIVE_CORE_4                                  562                      0.286746%
OP_CAT_GPU_BAR_SYNC_CORE_4                                      0                             0%
OP_CAT_GPU_BAR_RED_CORE_4                                       0                             0%
OP_CAT_GPU_BFE_CORE_4                                           0                             0%
OP_CAT_GPU_BFE64_CORE_4                                         0                             0%
OP_CAT_GPU_BFI_CORE_4                                           0                             0%
OP_CAT_GPU_BFI64_CORE_4                                         0                             0%
OP_CAT_GPU_BFIND_CORE_4                                         0                             0%
OP_CAT_GPU_BFIND64_CORE_4                                       0                             0%
OP_CAT_GPU_BRA_CORE_4                                           0                             0%
OP_CAT_GPU_BREV_CORE_4                                          0                             0%
OP_CAT_GPU_BREV64_CORE_4                                        0                             0%
OP_CAT_GPU_BRKPT_CORE_4                                         0                             0%
OP_CAT_GPU_CALL_CORE_4                                          0                             0%
OP_CAT_GPU_CLZ_CORE_4                                           0                             0%
OP_CAT_GPU_CLZ64_CORE_4                                         5                    0.00255112%
OP_CAT_GPU_CNOT_CORE_4                                          0                             0%
OP_CAT_GPU_CNOT64_CORE_4                                       35                     0.0178579%
OP_CAT_GPU_COPYSIGN_CORE_4                                      0                             0%
OP_CAT_GPU_COPYSIGN64_CORE_4                                    0                             0%
OP_CAT_GPU_COS_CORE_4                                       21466                       10.9525%
OP_CAT_GPU_CVT_CORE_4                                           0                             0%
OP_CAT_GPU_CVT64_CORE_4                                         0                             0%
OP_CAT_GPU_CVTA_CORE_4                                          0                             0%
OP_CAT_GPU_CVTA64_CORE_4                                    39467                        20.137%
OP_CAT_GPU_DIV_CORE_4                                           0                             0%
OP_CAT_GPU_DIV64_CORE_4                                         0                             0%
OP_CAT_GPU_EX2_CORE_4                                           0                             0%
OP_CAT_GPU_EXIT_CORE_4                                          0                             0%
OP_CAT_GPU_FMA_CORE_4                                           0                             0%
OP_CAT_GPU_FMA64_CORE_4                                         0                             0%
OP_CAT_GPU_ISSPACEP_CORE_4                                  23459                       11.9694%
OP_CAT_GPU_LD_CORE_4                                        16575                       8.45698%
OP_CAT_GPU_LD64_CORE_4                                          0                             0%
OP_CAT_GPU_LDU_CORE_4                                       17097                       8.72332%
OP_CAT_GPU_LDU64_CORE_4                                         0                             0%
OP_CAT_GPU_LG2_CORE_4                                          70                     0.0357157%
OP_CAT_GPU_MAD24_CORE_4                                      1272                      0.649006%
OP_CAT_GPU_MAD_CORE_4                                           0                             0%
OP_CAT_GPU_MAD64_CORE_4                                         0                             0%
OP_CAT_GPU_MADC_CORE_4                                          0                             0%
OP_CAT_GPU_MADC64_CORE_4                                        0                             0%
OP_CAT_GPU_MAX_CORE_4                                           0                             0%
OP_CAT_GPU_MAX64_CORE_4                                       562                      0.286746%
OP_CAT_GPU_MEMBAR_CTA_CORE_4                                  562                      0.286746%
OP_CAT_GPU_MEMBAR_GL_CORE_4                                     0                             0%
OP_CAT_GPU_MEMBAR_SYS_CORE_4                                    0                             0%
OP_CAT_GPU_MIN_CORE_4                                           0                             0%
OP_CAT_GPU_MIN64_CORE_4                                         0                             0%
OP_CAT_GPU_MOV_CORE_4                                           0                             0%
OP_CAT_GPU_MOV64_CORE_4                                         0                             0%
OP_CAT_GPU_MUL24_CORE_4                                      2973                        1.5169%
OP_CAT_GPU_MUL_CORE_4                                       17337                       8.84577%
OP_CAT_GPU_MUL64_CORE_4                                       986                      0.503082%
OP_CAT_GPU_NEG_CORE_4                                          60                     0.0306135%
OP_CAT_GPU_NEG64_CORE_4                                        41                     0.0209192%
OP_CAT_GPU_NOT_CORE_4                                           0                             0%
OP_CAT_GPU_NOT64_CORE_4                                         0                             0%
OP_CAT_GPU_OR_CORE_4                                            0                             0%
OP_CAT_GPU_OR64_CORE_4                                          0                             0%
OP_CAT_GPU_PMEVENT_CORE_4                                       0                             0%
OP_CAT_GPU_POPC_CORE_4                                       9035                       4.60988%
OP_CAT_GPU_POPC64_CORE_4                                        0                             0%
OP_CAT_GPU_PREFETCH_CORE_4                                   1284                      0.655129%
OP_CAT_GPU_PREFETCHU_CORE_4                                     0                             0%
OP_CAT_GPU_PRMT_CORE_4                                          0                             0%
OP_CAT_GPU_RCP_CORE_4                                         296                      0.151027%
OP_CAT_GPU_RCP64_CORE_4                                         0                             0%
OP_CAT_GPU_RED_GM_CORE_4                                      718                      0.366341%
OP_CAT_GPU_RED_SM_CORE_4                                        0                             0%
OP_CAT_GPU_RED64_GM_CORE_4                                      0                             0%
OP_CAT_GPU_RED64_SM_CORE_4                                      0                             0%
OP_CAT_GPU_REM_CORE_4                                         986                      0.503082%
OP_CAT_GPU_REM64_CORE_4                                        35                     0.0178579%
OP_CAT_GPU_RET_CORE_4                                           0                             0%
OP_CAT_GPU_RSQRT_CORE_4                                       281                      0.143373%
OP_CAT_GPU_RSQRT64_CORE_4                                       0                             0%
OP_CAT_GPU_SAD_CORE_4                                         281                      0.143373%
OP_CAT_GPU_SAD64_CORE_4                                       281                      0.143373%
OP_CAT_GPU_SELP_CORE_4                                          0                             0%
OP_CAT_GPU_SELP64_CORE_4                                        0                             0%
OP_CAT_GPU_SET_CORE_4                                           0                             0%
OP_CAT_GPU_SET64_CORE_4                                         0                             0%
OP_CAT_GPU_SETP_CORE_4                                          0                             0%
OP_CAT_GPU_SETP64_CORE_4                                        0                             0%
OP_CAT_GPU_SHFL_CORE_4                                          0                             0%
OP_CAT_GPU_SHFL64_CORE_4                                        0                             0%
OP_CAT_GPU_SHL_CORE_4                                           0                             0%
OP_CAT_GPU_SHL64_CORE_4                                         0                             0%
OP_CAT_GPU_SHR_CORE_4                                           0                             0%
OP_CAT_GPU_SHR64_CORE_4                                       281                      0.143373%
OP_CAT_GPU_SIN_CORE_4                                           0                             0%
OP_CAT_GPU_SLCT_CORE_4                                          0                             0%
OP_CAT_GPU_SLCT64_CORE_4                                        0                             0%
OP_CAT_GPU_SQRT_CORE_4                                          0                             0%
OP_CAT_GPU_SQRT64_CORE_4                                        0                             0%
OP_CAT_GPU_ST_CORE_4                                            0                             0%
OP_CAT_GPU_ST64_CORE_4                                          0                             0%
OP_CAT_GPU_SUB_CORE_4                                           0                             0%
OP_CAT_GPU_SUB64_CORE_4                                         0                             0%
OP_CAT_GPU_SUBC_CORE_4                                          0                             0%
OP_CAT_GPU_SULD_CORE_4                                          0                             0%
OP_CAT_GPU_SULD64_CORE_4                                        0                             0%
OP_CAT_GPU_SURED_CORE_4                                         0                             0%
OP_CAT_GPU_SURED64_CORE_4                                       0                             0%
OP_CAT_GPU_SUST_CORE_4                                          0                             0%
OP_CAT_GPU_SUST64_CORE_4                                        0                             0%
OP_CAT_GPU_SUQ_CORE_4                                          35                     0.0178579%
OP_CAT_GPU_TESTP_CORE_4                                         0                             0%
OP_CAT_GPU_TESTP64_CORE_4                                       0                             0%
OP_CAT_GPU_TEX_CORE_4                                           0                             0%
OP_CAT_GPU_TLD4_CORE_4                                          0                             0%
OP_CAT_GPU_TXQ_CORE_4                                           0                             0%
OP_CAT_GPU_TRAP_CORE_4                                          0                             0%
OP_CAT_GPU_VABSDIFF_CORE_4                                      0                             0%
OP_CAT_GPU_VADD_CORE_4                                          0                             0%
OP_CAT_GPU_VMAD_CORE_4                                          0                             0%
OP_CAT_GPU_VMAX_CORE_4                                          0                             0%
OP_CAT_GPU_VMIN_CORE_4                                          0                             0%
OP_CAT_GPU_VSET_CORE_4                                          0                             0%
OP_CAT_GPU_VSHL_CORE_4                                      10862                       5.54206%
OP_CAT_GPU_VSHR_CORE_4                                          0                             0%
OP_CAT_GPU_VSUB_CORE_4                                          0                             0%
OP_CAT_GPU_VOTE_CORE_4                                          0                             0%
OP_CAT_GPU_XOR_CORE_4                                        8652                       4.41447%
OP_CAT_GPU_XOR64_CORE_4                                      9681                       4.93949%
OP_CAT_GPU_RECONVERGE_CORE_4                                    0                             0%
OP_CAT_GPU_PHI_CORE_4                                           5                    0.00255112%
OP_CAT_GPU_MEM_LD_GM_CORE_4                                     0                             0%
OP_CAT_GPU_MEM_LD_LM_CORE_4                                     0                             0%
OP_CAT_GPU_MEM_LD_SM_CORE_4                                     0                             0%
OP_CAT_GPU_MEM_LD_CM_CORE_4                                     0                             0%
OP_CAT_GPU_MEM_LD_TM_CORE_4                                     0                             0%
OP_CAT_GPU_MEM_LD_PM_CORE_4                                     0                             0%
OP_CAT_GPU_MEM_LDU_GM_CORE_4                                    0                             0%
OP_CAT_GPU_MEM_ST_GM_CORE_4                                     0                             0%
OP_CAT_GPU_MEM_ST_LM_CORE_4                                    41                     0.0209192%
OP_CAT_GPU_MEM_ST_SM_CORE_4                                     0                             0%
OP_CAT_GPU_DATA_XFER_GM_CORE_4                                  0                             0%
OP_CAT_GPU_DATA_XFER_LM_CORE_4                               1288                       0.65717%
OP_CAT_GPU_DATA_XFER_SM_CORE_4                                  0                             0%
OP_CAT_GED_ILLEGAL_CORE_4                                       0                             0%
OP_CAT_GED_MOV_CORE_4                                           0                             0%
OP_CAT_GED_SEL_CORE_4                                           0                             0%
OP_CAT_GED_MOVI_CORE_4                                          0                             0%
OP_CAT_GED_NOT_CORE_4                                           0                             0%
OP_CAT_GED_AND_CORE_4                                           0                             0%
OP_CAT_GED_OR_CORE_4                                         1194                      0.609209%
OP_CAT_GED_XOR_CORE_4                                           0                             0%
OP_CAT_GED_SHR_CORE_4                                           0                             0%
OP_CAT_GED_SHL_CORE_4                                           0                             0%
OP_CAT_GED_SMOV_CORE_4                                          0                             0%
OP_CAT_GED_ASR_CORE_4                                           0                             0%
OP_CAT_GED_CMP_CORE_4                                           0                             0%
OP_CAT_GED_CMPN_CORE_4                                          0                             0%
OP_CAT_GED_CSEL_CORE_4                                          0                             0%
OP_CAT_GED_BFREV_CORE_4                                         0                             0%
OP_CAT_GED_BFE_CORE_4                                           0                             0%
OP_CAT_GED_BFI1_CORE_4                                          0                             0%
OP_CAT_GED_BFI2_CORE_4                                          0                             0%
OP_CAT_GED_JMPI_CORE_4                                          0                             0%
OP_CAT_GED_BRD_CORE_4                                           0                             0%
OP_CAT_GED_IF_CORE_4                                            0                             0%
OP_CAT_GED_BRC_CORE_4                                           0                             0%
OP_CAT_GED_ELSE_CORE_4                                          0                             0%
OP_CAT_GED_ENDIF_CORE_4                                         0                             0%
OP_CAT_GED_WHILE_CORE_4                                         0                             0%
OP_CAT_GED_BREAK_CORE_4                                         0                             0%
OP_CAT_GED_CONT_CORE_4                                          0                             0%
OP_CAT_GED_HALT_CORE_4                                          0                             0%
OP_CAT_GED_CALLA_CORE_4                                         0                             0%
OP_CAT_GED_CALL_CORE_4                                          0                             0%
OP_CAT_GED_RET_CORE_4                                           0                             0%
OP_CAT_GED_GOTO_CORE_4                                          0                             0%
OP_CAT_GED_JOIN_CORE_4                                          0                             0%
OP_CAT_GED_WAIT_CORE_4                                          0                             0%
OP_CAT_GED_SEND_CORE_4                                          0                             0%
OP_CAT_GED_SENDC_CORE_4                                         0                             0%
OP_CAT_GED_SENDS_CORE_4                                         0                             0%
OP_CAT_GED_SENDSC_CORE_4                                        0                             0%
OP_CAT_GED_MATH_CORE_4                                          0                             0%
OP_CAT_GED_ADD_CORE_4                                           0                             0%
OP_CAT_GED_MUL_CORE_4                                           0                             0%
OP_CAT_GED_AVG_CORE_4                                           0                             0%
OP_CAT_GED_FRC_CORE_4                                           0                             0%
OP_CAT_GED_RNDU_CORE_4                                          0                             0%
OP_CAT_GED_RNDD_CORE_4                                          0                             0%
OP_CAT_GED_RNDE_CORE_4                                          0                             0%
OP_CAT_GED_RNDZ_CORE_4                                          0                             0%
OP_CAT_GED_MAC_CORE_4                                           0                             0%
OP_CAT_GED_MACH_CORE_4                                          0                             0%
OP_CAT_GED_LZD_CORE_4                                           0                             0%
OP_CAT_GED_FBH_CORE_4                                           0                             0%
OP_CAT_GED_FBL_CORE_4                                           0                             0%
OP_CAT_GED_CBIT_CORE_4                                          0                             0%
OP_CAT_GED_ADDC_CORE_4                                          0                             0%
OP_CAT_GED_SUBB_CORE_4                                          0                             0%
OP_CAT_GED_SAD2_CORE_4                                          0                             0%
OP_CAT_GED_SADA2_CORE_4                                         0                             0%
OP_CAT_GED_DP4_CORE_4                                           0                             0%
OP_CAT_GED_DPH_CORE_4                                           0                             0%
OP_CAT_GED_DP3_CORE_4                                           0                             0%
OP_CAT_GED_DP2_CORE_4                                           0                             0%
OP_CAT_GED_LINE_CORE_4                                          0                             0%
OP_CAT_GED_PLN_CORE_4                                           0                             0%
OP_CAT_GED_MAD_CORE_4                                           0                             0%
OP_CAT_GED_LRP_CORE_4                                           0                             0%
OP_CAT_GED_MADM_CORE_4                                          0                             0%
OP_CAT_GED_NOP_CORE_4                                           0                             0%
OP_CAT_GED_ROR_CORE_4                                           0                             0%
OP_CAT_GED_ROL_CORE_4                                           0                             0%
OP_CAT_GED_DP4A_CORE_4                                          0                             0%
OP_CAT_GED_F32TO16_CORE_4                                       0                             0%
OP_CAT_GED_F16TO32_CORE_4                                       0                             0%
OP_CAT_GED_DIM_CORE_4                                           0                             0%
OP_CAT_GED_INVALID_CORE_4                                       0                             0%
                                                           195992                           100%

PARENT_UOP_CORE_5                                               0                             0

CHILD_UOP_READ_CORE_5                                           0                             0

FP_OPS_CORE_5                                                   0                             0

OP_CAT_XED_CATEGORY_INVALID_CORE_5                              0                             0%
OP_CAT_XED_CATEGORY_3DNOW_CORE_5                                0                             0%
OP_CAT_XED_CATEGORY_ADOX_ADCX_CORE_5                            0                             0%
OP_CAT_XED_CATEGORY_AES_CORE_5                                  0                             0%
OP_CAT_XED_CATEGORY_AVX_CORE_5                                  0                             0%
OP_CAT_XED_CATEGORY_AVX2_CORE_5                                 0                             0%
OP_CAT_XED_CATEGORY_AVX2GATHER_CORE_5                           0                             0%
OP_CAT_XED_CATEGORY_AVX512_CORE_5                               0                             0%
OP_CAT_XED_CATEGORY_AVX512_4FMAPS_CORE_5                        0                             0%
OP_CAT_XED_CATEGORY_AVX512_4VNNIW_CORE_5                        0                             0%
OP_CAT_XED_CATEGORY_AVX512_BITALG_CORE_5                        0                             0%
OP_CAT_XED_CATEGORY_AVX512_VBMI_CORE_5                          0                             0%
OP_CAT_XED_CATEGORY_AVX512_VP2INTERSECT_CORE_5                   0                             0%
OP_CAT_XED_CATEGORY_BINARY_CORE_5                               0                             0%
OP_CAT_XED_CATEGORY_BITBYTE_CORE_5                              0                             0%
OP_CAT_XED_CATEGORY_BLEND_CORE_5                                0                             0%
OP_CAT_XED_CATEGORY_BMI1_CORE_5                                 0                             0%
OP_CAT_XED_CATEGORY_BMI2_CORE_5                                 0                             0%
OP_CAT_XED_CATEGORY_BROADCAST_CORE_5                            0                             0%
OP_CAT_XED_CATEGORY_CALL_CORE_5                                 0                             0%
OP_CAT_XED_CATEGORY_CET_CORE_5                                  0                             0%
OP_CAT_XED_CATEGORY_CLDEMOTE_CORE_5                             0                             0%
OP_CAT_XED_CATEGORY_CLFLUSHOPT_CORE_5                           0                             0%
OP_CAT_XED_CATEGORY_CLWB_CORE_5                                 0                             0%
OP_CAT_XED_CATEGORY_CLZERO_CORE_5                               0                             0%
OP_CAT_XED_CATEGORY_CMOV_CORE_5                                 0                             0%
OP_CAT_XED_CATEGORY_COMPRESS_CORE_5                             0                             0%
OP_CAT_XED_CATEGORY_COND_BR_CORE_5                              0                             0%
OP_CAT_XED_CATEGORY_CONFLICT_CORE_5                             0                             0%
OP_CAT_XED_CATEGORY_CONVERT_CORE_5                              0                             0%
OP_CAT_XED_CATEGORY_DATAXFER_CORE_5                             0                             0%
OP_CAT_XED_CATEGORY_DECIMAL_CORE_5                              0                             0%
OP_CAT_XED_CATEGORY_ENQCMD_CORE_5                               0                             0%
OP_CAT_XED_CATEGORY_EXPAND_CORE_5                               0                             0%
OP_CAT_XED_CATEGORY_FCMOV_CORE_5                                0                             0%
OP_CAT_XED_CATEGORY_FLAGOP_CORE_5                               0                             0%
OP_CAT_XED_CATEGORY_FMA4_CORE_5                                 0                             0%
OP_CAT_XED_CATEGORY_GATHER_CORE_5                               0                             0%
OP_CAT_XED_CATEGORY_GFNI_CORE_5                                 0                             0%
OP_CAT_XED_CATEGORY_IFMA_CORE_5                                 0                             0%
OP_CAT_XED_CATEGORY_INTERRUPT_CORE_5                            0                             0%
OP_CAT_XED_CATEGORY_IO_CORE_5                                   0                             0%
OP_CAT_XED_CATEGORY_IOSTRINGOP_CORE_5                           0                             0%
OP_CAT_XED_CATEGORY_KMASK_CORE_5                                0                             0%
OP_CAT_XED_CATEGORY_LOGICAL_CORE_5                              0                             0%
OP_CAT_XED_CATEGORY_LOGICAL_FP_CORE_5                           0                             0%
OP_CAT_XED_CATEGORY_LZCNT_CORE_5                                0                             0%
OP_CAT_XED_CATEGORY_MISC_CORE_5                                 0                             0%
OP_CAT_XED_CATEGORY_MMX_CORE_5                                  0                             0%
OP_CAT_XED_CATEGORY_MOVDIR_CORE_5                               0                             0%
OP_CAT_XED_CATEGORY_MPX_CORE_5                                  0                             0%
OP_CAT_XED_CATEGORY_NOP_CORE_5                                  0                             0%
OP_CAT_XED_CATEGORY_PCLMULQDQ_CORE_5                            0                             0%
OP_CAT_XED_CATEGORY_PCONFIG_CORE_5                              0                             0%
OP_CAT_XED_CATEGORY_PKU_CORE_5                                  0                             0%
OP_CAT_XED_CATEGORY_POP_CORE_5                                  0                             0%
OP_CAT_XED_CATEGORY_PREFETCH_CORE_5                             0                             0%
OP_CAT_XED_CATEGORY_PREFETCHWT1_CORE_5                          0                             0%
OP_CAT_XED_CATEGORY_PT_CORE_5                                   0                             0%
OP_CAT_XED_CATEGORY_PUSH_CORE_5                                 0                             0%
OP_CAT_XED_CATEGORY_RDPID_CORE_5                                0                             0%
OP_CAT_XED_CATEGORY_RDPRU_CORE_5                                0                             0%
OP_CAT_XED_CATEGORY_RDRAND_CORE_5                               0                             0%
OP_CAT_XED_CATEGORY_RDSEED_CORE_5                               0                             0%
OP_CAT_XED_CATEGORY_RDWRFSGS_CORE_5                             0                             0%
OP_CAT_XED_CATEGORY_RET_CORE_5                                  0                             0%
OP_CAT_XED_CATEGORY_ROTATE_CORE_5                               0                             0%
OP_CAT_XED_CATEGORY_SCATTER_CORE_5                              0                             0%
OP_CAT_XED_CATEGORY_SEGOP_CORE_5                                0                             0%
OP_CAT_XED_CATEGORY_SEMAPHORE_CORE_5                            0                             0%
OP_CAT_XED_CATEGORY_SETCC_CORE_5                                0                             0%
OP_CAT_XED_CATEGORY_SGX_CORE_5                                  0                             0%
OP_CAT_XED_CATEGORY_SHA_CORE_5                                  0                             0%
OP_CAT_XED_CATEGORY_SHIFT_CORE_5                                0                             0%
OP_CAT_XED_CATEGORY_SMAP_CORE_5                                 0                             0%
OP_CAT_XED_CATEGORY_SSE_CORE_5                                  0                             0%
OP_CAT_XED_CATEGORY_STRINGOP_CORE_5                             0                             0%
OP_CAT_XED_CATEGORY_STTNI_CORE_5                                0                             0%
OP_CAT_XED_CATEGORY_SYSCALL_CORE_5                              0                             0%
OP_CAT_XED_CATEGORY_SYSRET_CORE_5                               0                             0%
OP_CAT_XED_CATEGORY_SYSTEM_CORE_5                               0                             0%
OP_CAT_XED_CATEGORY_TBM_CORE_5                                  0                             0%
OP_CAT_XED_CATEGORY_UNCOND_BR_CORE_5                            0                             0%
OP_CAT_XED_CATEGORY_VAES_CORE_5                                 0                             0%
OP_CAT_XED_CATEGORY_VBMI2_CORE_5                                0                             0%
OP_CAT_XED_CATEGORY_VFMA_CORE_5                                 0                             0%
OP_CAT_XED_CATEGORY_VIA_PADLOCK_CORE_5                          0                             0%
OP_CAT_XED_CATEGORY_VPCLMULQDQ_CORE_5                           0                             0%
OP_CAT_XED_CATEGORY_VTX_CORE_5                                  0                             0%
OP_CAT_XED_CATEGORY_WAITPKG_CORE_5                              0                             0%
OP_CAT_XED_CATEGORY_WIDENOP_CORE_5                              0                             0%
OP_CAT_XED_CATEGORY_X87_ALU_CORE_5                              0                             0%
OP_CAT_XED_CATEGORY_XOP_CORE_5                                  0                             0%
OP_CAT_XED_CATEGORY_XSAVE_CORE_5                                0                             0%
OP_CAT_XED_CATEGORY_XSAVEOPT_CORE_5                             0                             0%
OP_CAT_XED_CATEGORY_TR_MUL_CORE_5                               0                             0%
OP_CAT_XED_CATEGORY_TR_DIV_CORE_5                               0                             0%
OP_CAT_XED_CATEGORY_TR_FMUL_CORE_5                              0                             0%
OP_CAT_XED_CATEGORY_TR_FDIV_CORE_5                              0                             0%
OP_CAT_XED_CATEGORY_TR_NOP_CORE_5                               0                             0%
OP_CAT_XED_CATEGORY_PREFETCH_NTA_CORE_5                         0                             0%
OP_CAT_XED_CATEGORY_PREFETCH_T0_CORE_5                          0                             0%
OP_CAT_XED_CATEGORY_PREFETCH_T1_CORE_5                          0                             0%
OP_CAT_XED_CATEGORY_PREFETCH_T2_CORE_5                          0                             0%
OP_CAT_GPU_EN_CORE_5                                            0                             0%
OP_CAT_GPU_INVALID_CORE_5                                       0                             0%
OP_CAT_GPU_ABS_CORE_5                                           0                             0%
OP_CAT_GPU_ABS64_CORE_5                                         0                             0%
OP_CAT_GPU_ADD_CORE_5                                           0                             0%
OP_CAT_GPU_ADD64_CORE_5                                         0                             0%
OP_CAT_GPU_ADDC_CORE_5                                          0                             0%
OP_CAT_GPU_AND_CORE_5                                           0                             0%
OP_CAT_GPU_AND64_CORE_5                                         0                             0%
OP_CAT_GPU_ATOM_GM_CORE_5                                       0                             0%
OP_CAT_GPU_ATOM_SM_CORE_5                                       0                             0%
OP_CAT_GPU_ATOM64_GM_CORE_5                                  7945                        4.1303%
OP_CAT_GPU_ATOM64_SM_CORE_5                                     0                             0%
OP_CAT_GPU_BAR_ARRIVE_CORE_5                                  640                      0.332711%
OP_CAT_GPU_BAR_SYNC_CORE_5                                      0                             0%
OP_CAT_GPU_BAR_RED_CORE_5                                       0                             0%
OP_CAT_GPU_BFE_CORE_5                                           0                             0%
OP_CAT_GPU_BFE64_CORE_5                                         0                             0%
OP_CAT_GPU_BFI_CORE_5                                           0                             0%
OP_CAT_GPU_BFI64_CORE_5                                         0                             0%
OP_CAT_GPU_BFIND_CORE_5                                         0                             0%
OP_CAT_GPU_BFIND64_CORE_5                                       0                             0%
OP_CAT_GPU_BRA_CORE_5                                           0                             0%
OP_CAT_GPU_BREV_CORE_5                                          0                             0%
OP_CAT_GPU_BREV64_CORE_5                                        0                             0%
OP_CAT_GPU_BRKPT_CORE_5                                         0                             0%
OP_CAT_GPU_CALL_CORE_5                                          0                             0%
OP_CAT_GPU_CLZ_CORE_5                                           0                             0%
OP_CAT_GPU_CLZ64_CORE_5                                         5                    0.00259931%
OP_CAT_GPU_CNOT_CORE_5                                          0                             0%
OP_CAT_GPU_CNOT64_CORE_5                                       40                     0.0207945%
OP_CAT_GPU_COPYSIGN_CORE_5                                      0                             0%
OP_CAT_GPU_COPYSIGN64_CORE_5                                    0                             0%
OP_CAT_GPU_COS_CORE_5                                       21160                       11.0003%
OP_CAT_GPU_CVT_CORE_5                                           0                             0%
OP_CAT_GPU_CVT64_CORE_5                                         0                             0%
OP_CAT_GPU_CVTA_CORE_5                                          0                             0%
OP_CAT_GPU_CVTA64_CORE_5                                    39428                       20.4971%
OP_CAT_GPU_DIV_CORE_5                                           0                             0%
OP_CAT_GPU_DIV64_CORE_5                                         0                             0%
OP_CAT_GPU_EX2_CORE_5                                           0                             0%
OP_CAT_GPU_EXIT_CORE_5                                          0                             0%
OP_CAT_GPU_FMA_CORE_5                                           0                             0%
OP_CAT_GPU_FMA64_CORE_5                                         0                             0%
OP_CAT_GPU_ISSPACEP_CORE_5                                  23499                       12.2162%
OP_CAT_GPU_LD_CORE_5                                        16020                       8.32818%
OP_CAT_GPU_LD64_CORE_5                                          0                             0%
OP_CAT_GPU_LDU_CORE_5                                       16615                        8.6375%
OP_CAT_GPU_LDU64_CORE_5                                         0                             0%
OP_CAT_GPU_LG2_CORE_5                                          80                     0.0415889%
OP_CAT_GPU_MAD24_CORE_5                                      1072                      0.557291%
OP_CAT_GPU_MAD_CORE_5                                           0                             0%
OP_CAT_GPU_MAD64_CORE_5                                         0                             0%
OP_CAT_GPU_MADC_CORE_5                                          0                             0%
OP_CAT_GPU_MADC64_CORE_5                                        0                             0%
OP_CAT_GPU_MAX_CORE_5                                           0                             0%
OP_CAT_GPU_MAX64_CORE_5                                       640                      0.332711%
OP_CAT_GPU_MEMBAR_CTA_CORE_5                                  640                      0.332711%
OP_CAT_GPU_MEMBAR_GL_CORE_5                                     0                             0%
OP_CAT_GPU_MEMBAR_SYS_CORE_5                                    0                             0%
OP_CAT_GPU_MIN_CORE_5                                           0                             0%
OP_CAT_GPU_MIN64_CORE_5                                         0                             0%
OP_CAT_GPU_MOV_CORE_5                                           0                             0%
OP_CAT_GPU_MOV64_CORE_5                                         0                             0%
OP_CAT_GPU_MUL24_CORE_5                                      2256                       1.17281%
OP_CAT_GPU_MUL_CORE_5                                       16895                       8.78306%
OP_CAT_GPU_MUL64_CORE_5                                       747                      0.388336%
OP_CAT_GPU_NEG_CORE_5                                          65                      0.033791%
OP_CAT_GPU_NEG64_CORE_5                                        40                     0.0207945%
OP_CAT_GPU_NOT_CORE_5                                           0                             0%
OP_CAT_GPU_NOT64_CORE_5                                         0                             0%
OP_CAT_GPU_OR_CORE_5                                            0                             0%
OP_CAT_GPU_OR64_CORE_5                                          0                             0%
OP_CAT_GPU_PMEVENT_CORE_5                                       0                             0%
OP_CAT_GPU_POPC_CORE_5                                       8825                       4.58778%
OP_CAT_GPU_POPC64_CORE_5                                        0                             0%
OP_CAT_GPU_PREFETCH_CORE_5                                   1360                      0.707011%
OP_CAT_GPU_PREFETCHU_CORE_5                                     0                             0%
OP_CAT_GPU_PRMT_CORE_5                                          0                             0%
OP_CAT_GPU_RCP_CORE_5                                         335                      0.174154%
OP_CAT_GPU_RCP64_CORE_5                                         0                             0%
OP_CAT_GPU_RED_GM_CORE_5                                      760                      0.395095%
OP_CAT_GPU_RED_SM_CORE_5                                        0                             0%
OP_CAT_GPU_RED64_GM_CORE_5                                      0                             0%
OP_CAT_GPU_RED64_SM_CORE_5                                      0                             0%
OP_CAT_GPU_REM_CORE_5                                         747                      0.388336%
OP_CAT_GPU_REM64_CORE_5                                        40                     0.0207945%
OP_CAT_GPU_RET_CORE_5                                           0                             0%
OP_CAT_GPU_RSQRT_CORE_5                                       320                      0.166356%
OP_CAT_GPU_RSQRT64_CORE_5                                       0                             0%
OP_CAT_GPU_SAD_CORE_5                                         320                      0.166356%
OP_CAT_GPU_SAD64_CORE_5                                       320                      0.166356%
OP_CAT_GPU_SELP_CORE_5                                          0                             0%
OP_CAT_GPU_SELP64_CORE_5                                        0                             0%
OP_CAT_GPU_SET_CORE_5                                           0                             0%
OP_CAT_GPU_SET64_CORE_5                                         0                             0%
OP_CAT_GPU_SETP_CORE_5                                          0                             0%
OP_CAT_GPU_SETP64_CORE_5                                        0                             0%
OP_CAT_GPU_SHFL_CORE_5                                          0                             0%
OP_CAT_GPU_SHFL64_CORE_5                                        0                             0%
OP_CAT_GPU_SHL_CORE_5                                           0                             0%
OP_CAT_GPU_SHL64_CORE_5                                         0                             0%
OP_CAT_GPU_SHR_CORE_5                                           0                             0%
OP_CAT_GPU_SHR64_CORE_5                                       320                      0.166356%
OP_CAT_GPU_SIN_CORE_5                                           0                             0%
OP_CAT_GPU_SLCT_CORE_5                                          0                             0%
OP_CAT_GPU_SLCT64_CORE_5                                        0                             0%
OP_CAT_GPU_SQRT_CORE_5                                          0                             0%
OP_CAT_GPU_SQRT64_CORE_5                                        0                             0%
OP_CAT_GPU_ST_CORE_5                                            0                             0%
OP_CAT_GPU_ST64_CORE_5                                          0                             0%
OP_CAT_GPU_SUB_CORE_5                                           0                             0%
OP_CAT_GPU_SUB64_CORE_5                                         0                             0%
OP_CAT_GPU_SUBC_CORE_5                                          0                             0%
OP_CAT_GPU_SULD_CORE_5                                          0                             0%
OP_CAT_GPU_SULD64_CORE_5                                        0                             0%
OP_CAT_GPU_SURED_CORE_5                                         0                             0%
OP_CAT_GPU_SURED64_CORE_5                                       0                             0%
OP_CAT_GPU_SUST_CORE_5                                          0                             0%
OP_CAT_GPU_SUST64_CORE_5                                        0                             0%
OP_CAT_GPU_SUQ_CORE_5                                          40                     0.0207945%
OP_CAT_GPU_TESTP_CORE_5                                         0                             0%
OP_CAT_GPU_TESTP64_CORE_5                                       0                             0%
OP_CAT_GPU_TEX_CORE_5                                           0                             0%
OP_CAT_GPU_TLD4_CORE_5                                          0                             0%
OP_CAT_GPU_TXQ_CORE_5                                           0                             0%
OP_CAT_GPU_TRAP_CORE_5                                          0                             0%
OP_CAT_GPU_VABSDIFF_CORE_5                                      0                             0%
OP_CAT_GPU_VADD_CORE_5                                          0                             0%
OP_CAT_GPU_VMAD_CORE_5                                          0                             0%
OP_CAT_GPU_VMAX_CORE_5                                          0                             0%
OP_CAT_GPU_VMIN_CORE_5                                          0                             0%
OP_CAT_GPU_VSET_CORE_5                                          0                             0%
OP_CAT_GPU_VSHL_CORE_5                                      10643                       5.53288%
OP_CAT_GPU_VSHR_CORE_5                                          0                             0%
OP_CAT_GPU_VSUB_CORE_5                                          0                             0%
OP_CAT_GPU_VOTE_CORE_5                                          0                             0%
OP_CAT_GPU_XOR_CORE_5                                        8448                       4.39179%
OP_CAT_GPU_XOR64_CORE_5                                      9249                        4.8082%
OP_CAT_GPU_RECONVERGE_CORE_5                                    0                             0%
OP_CAT_GPU_PHI_CORE_5                                           5                    0.00259931%
OP_CAT_GPU_MEM_LD_GM_CORE_5                                     0                             0%
OP_CAT_GPU_MEM_LD_LM_CORE_5                                     0                             0%
OP_CAT_GPU_MEM_LD_SM_CORE_5                                     0                             0%
OP_CAT_GPU_MEM_LD_CM_CORE_5                                     0                             0%
OP_CAT_GPU_MEM_LD_TM_CORE_5                                     0                             0%
OP_CAT_GPU_MEM_LD_PM_CORE_5                                     0                             0%
OP_CAT_GPU_MEM_LDU_GM_CORE_5                                    0                             0%
OP_CAT_GPU_MEM_ST_GM_CORE_5                                     0                             0%
OP_CAT_GPU_MEM_ST_LM_CORE_5                                    40                     0.0207945%
OP_CAT_GPU_MEM_ST_SM_CORE_5                                     0                             0%
OP_CAT_GPU_DATA_XFER_GM_CORE_5                                  0                             0%
OP_CAT_GPU_DATA_XFER_LM_CORE_5                               1440                        0.7486%
OP_CAT_GPU_DATA_XFER_SM_CORE_5                                  0                             0%
OP_CAT_GED_ILLEGAL_CORE_5                                       0                             0%
OP_CAT_GED_MOV_CORE_5                                           0                             0%
OP_CAT_GED_SEL_CORE_5                                           0                             0%
OP_CAT_GED_MOVI_CORE_5                                          0                             0%
OP_CAT_GED_NOT_CORE_5                                           0                             0%
OP_CAT_GED_AND_CORE_5                                           0                             0%
OP_CAT_GED_OR_CORE_5                                         1360                      0.707011%
OP_CAT_GED_XOR_CORE_5                                           0                             0%
OP_CAT_GED_SHR_CORE_5                                           0                             0%
OP_CAT_GED_SHL_CORE_5                                           0                             0%
OP_CAT_GED_SMOV_CORE_5                                          0                             0%
OP_CAT_GED_ASR_CORE_5                                           0                             0%
OP_CAT_GED_CMP_CORE_5                                           0                             0%
OP_CAT_GED_CMPN_CORE_5                                          0                             0%
OP_CAT_GED_CSEL_CORE_5                                          0                             0%
OP_CAT_GED_BFREV_CORE_5                                         0                             0%
OP_CAT_GED_BFE_CORE_5                                           0                             0%
OP_CAT_GED_BFI1_CORE_5                                          0                             0%
OP_CAT_GED_BFI2_CORE_5                                          0                             0%
OP_CAT_GED_JMPI_CORE_5                                          0                             0%
OP_CAT_GED_BRD_CORE_5                                           0                             0%
OP_CAT_GED_IF_CORE_5                                            0                             0%
OP_CAT_GED_BRC_CORE_5                                           0                             0%
OP_CAT_GED_ELSE_CORE_5                                          0                             0%
OP_CAT_GED_ENDIF_CORE_5                                         0                             0%
OP_CAT_GED_WHILE_CORE_5                                         0                             0%
OP_CAT_GED_BREAK_CORE_5                                         0                             0%
OP_CAT_GED_CONT_CORE_5                                          0                             0%
OP_CAT_GED_HALT_CORE_5                                          0                             0%
OP_CAT_GED_CALLA_CORE_5                                         0                             0%
OP_CAT_GED_CALL_CORE_5                                          0                             0%
OP_CAT_GED_RET_CORE_5                                           0                             0%
OP_CAT_GED_GOTO_CORE_5                                          0                             0%
OP_CAT_GED_JOIN_CORE_5                                          0                             0%
OP_CAT_GED_WAIT_CORE_5                                          0                             0%
OP_CAT_GED_SEND_CORE_5                                          0                             0%
OP_CAT_GED_SENDC_CORE_5                                         0                             0%
OP_CAT_GED_SENDS_CORE_5                                         0                             0%
OP_CAT_GED_SENDSC_CORE_5                                        0                             0%
OP_CAT_GED_MATH_CORE_5                                          0                             0%
OP_CAT_GED_ADD_CORE_5                                           0                             0%
OP_CAT_GED_MUL_CORE_5                                           0                             0%
OP_CAT_GED_AVG_CORE_5                                           0                             0%
OP_CAT_GED_FRC_CORE_5                                           0                             0%
OP_CAT_GED_RNDU_CORE_5                                          0                             0%
OP_CAT_GED_RNDD_CORE_5                                          0                             0%
OP_CAT_GED_RNDE_CORE_5                                          0                             0%
OP_CAT_GED_RNDZ_CORE_5                                          0                             0%
OP_CAT_GED_MAC_CORE_5                                           0                             0%
OP_CAT_GED_MACH_CORE_5                                          0                             0%
OP_CAT_GED_LZD_CORE_5                                           0                             0%
OP_CAT_GED_FBH_CORE_5                                           0                             0%
OP_CAT_GED_FBL_CORE_5                                           0                             0%
OP_CAT_GED_CBIT_CORE_5                                          0                             0%
OP_CAT_GED_ADDC_CORE_5                                          0                             0%
OP_CAT_GED_SUBB_CORE_5                                          0                             0%
OP_CAT_GED_SAD2_CORE_5                                          0                             0%
OP_CAT_GED_SADA2_CORE_5                                         0                             0%
OP_CAT_GED_DP4_CORE_5                                           0                             0%
OP_CAT_GED_DPH_CORE_5                                           0                             0%
OP_CAT_GED_DP3_CORE_5                                           0                             0%
OP_CAT_GED_DP2_CORE_5                                           0                             0%
OP_CAT_GED_LINE_CORE_5                                          0                             0%
OP_CAT_GED_PLN_CORE_5                                           0                             0%
OP_CAT_GED_MAD_CORE_5                                           0                             0%
OP_CAT_GED_LRP_CORE_5                                           0                             0%
OP_CAT_GED_MADM_CORE_5                                          0                             0%
OP_CAT_GED_NOP_CORE_5                                           0                             0%
OP_CAT_GED_ROR_CORE_5                                           0                             0%
OP_CAT_GED_ROL_CORE_5                                           0                             0%
OP_CAT_GED_DP4A_CORE_5                                          0                             0%
OP_CAT_GED_F32TO16_CORE_5                                       0                             0%
OP_CAT_GED_F16TO32_CORE_5                                       0                             0%
OP_CAT_GED_DIM_CORE_5                                           0                             0%
OP_CAT_GED_INVALID_CORE_5                                       0                             0%
                                                           192359                           100%

PARENT_UOP_CORE_6                                               0                             0

CHILD_UOP_READ_CORE_6                                           0                             0

FP_OPS_CORE_6                                                   0                             0

OP_CAT_XED_CATEGORY_INVALID_CORE_6                              0                             0%
OP_CAT_XED_CATEGORY_3DNOW_CORE_6                                0                             0%
OP_CAT_XED_CATEGORY_ADOX_ADCX_CORE_6                            0                             0%
OP_CAT_XED_CATEGORY_AES_CORE_6                                  0                             0%
OP_CAT_XED_CATEGORY_AVX_CORE_6                                  0                             0%
OP_CAT_XED_CATEGORY_AVX2_CORE_6                                 0                             0%
OP_CAT_XED_CATEGORY_AVX2GATHER_CORE_6                           0                             0%
OP_CAT_XED_CATEGORY_AVX512_CORE_6                               0                             0%
OP_CAT_XED_CATEGORY_AVX512_4FMAPS_CORE_6                        0                             0%
OP_CAT_XED_CATEGORY_AVX512_4VNNIW_CORE_6                        0                             0%
OP_CAT_XED_CATEGORY_AVX512_BITALG_CORE_6                        0                             0%
OP_CAT_XED_CATEGORY_AVX512_VBMI_CORE_6                          0                             0%
OP_CAT_XED_CATEGORY_AVX512_VP2INTERSECT_CORE_6                   0                             0%
OP_CAT_XED_CATEGORY_BINARY_CORE_6                               0                             0%
OP_CAT_XED_CATEGORY_BITBYTE_CORE_6                              0                             0%
OP_CAT_XED_CATEGORY_BLEND_CORE_6                                0                             0%
OP_CAT_XED_CATEGORY_BMI1_CORE_6                                 0                             0%
OP_CAT_XED_CATEGORY_BMI2_CORE_6                                 0                             0%
OP_CAT_XED_CATEGORY_BROADCAST_CORE_6                            0                             0%
OP_CAT_XED_CATEGORY_CALL_CORE_6                                 0                             0%
OP_CAT_XED_CATEGORY_CET_CORE_6                                  0                             0%
OP_CAT_XED_CATEGORY_CLDEMOTE_CORE_6                             0                             0%
OP_CAT_XED_CATEGORY_CLFLUSHOPT_CORE_6                           0                             0%
OP_CAT_XED_CATEGORY_CLWB_CORE_6                                 0                             0%
OP_CAT_XED_CATEGORY_CLZERO_CORE_6                               0                             0%
OP_CAT_XED_CATEGORY_CMOV_CORE_6                                 0                             0%
OP_CAT_XED_CATEGORY_COMPRESS_CORE_6                             0                             0%
OP_CAT_XED_CATEGORY_COND_BR_CORE_6                              0                             0%
OP_CAT_XED_CATEGORY_CONFLICT_CORE_6                             0                             0%
OP_CAT_XED_CATEGORY_CONVERT_CORE_6                              0                             0%
OP_CAT_XED_CATEGORY_DATAXFER_CORE_6                             0                             0%
OP_CAT_XED_CATEGORY_DECIMAL_CORE_6                              0                             0%
OP_CAT_XED_CATEGORY_ENQCMD_CORE_6                               0                             0%
OP_CAT_XED_CATEGORY_EXPAND_CORE_6                               0                             0%
OP_CAT_XED_CATEGORY_FCMOV_CORE_6                                0                             0%
OP_CAT_XED_CATEGORY_FLAGOP_CORE_6                               0                             0%
OP_CAT_XED_CATEGORY_FMA4_CORE_6                                 0                             0%
OP_CAT_XED_CATEGORY_GATHER_CORE_6                               0                             0%
OP_CAT_XED_CATEGORY_GFNI_CORE_6                                 0                             0%
OP_CAT_XED_CATEGORY_IFMA_CORE_6                                 0                             0%
OP_CAT_XED_CATEGORY_INTERRUPT_CORE_6                            0                             0%
OP_CAT_XED_CATEGORY_IO_CORE_6                                   0                             0%
OP_CAT_XED_CATEGORY_IOSTRINGOP_CORE_6                           0                             0%
OP_CAT_XED_CATEGORY_KMASK_CORE_6                                0                             0%
OP_CAT_XED_CATEGORY_LOGICAL_CORE_6                              0                             0%
OP_CAT_XED_CATEGORY_LOGICAL_FP_CORE_6                           0                             0%
OP_CAT_XED_CATEGORY_LZCNT_CORE_6                                0                             0%
OP_CAT_XED_CATEGORY_MISC_CORE_6                                 0                             0%
OP_CAT_XED_CATEGORY_MMX_CORE_6                                  0                             0%
OP_CAT_XED_CATEGORY_MOVDIR_CORE_6                               0                             0%
OP_CAT_XED_CATEGORY_MPX_CORE_6                                  0                             0%
OP_CAT_XED_CATEGORY_NOP_CORE_6                                  0                             0%
OP_CAT_XED_CATEGORY_PCLMULQDQ_CORE_6                            0                             0%
OP_CAT_XED_CATEGORY_PCONFIG_CORE_6                              0                             0%
OP_CAT_XED_CATEGORY_PKU_CORE_6                                  0                             0%
OP_CAT_XED_CATEGORY_POP_CORE_6                                  0                             0%
OP_CAT_XED_CATEGORY_PREFETCH_CORE_6                             0                             0%
OP_CAT_XED_CATEGORY_PREFETCHWT1_CORE_6                          0                             0%
OP_CAT_XED_CATEGORY_PT_CORE_6                                   0                             0%
OP_CAT_XED_CATEGORY_PUSH_CORE_6                                 0                             0%
OP_CAT_XED_CATEGORY_RDPID_CORE_6                                0                             0%
OP_CAT_XED_CATEGORY_RDPRU_CORE_6                                0                             0%
OP_CAT_XED_CATEGORY_RDRAND_CORE_6                               0                             0%
OP_CAT_XED_CATEGORY_RDSEED_CORE_6                               0                             0%
OP_CAT_XED_CATEGORY_RDWRFSGS_CORE_6                             0                             0%
OP_CAT_XED_CATEGORY_RET_CORE_6                                  0                             0%
OP_CAT_XED_CATEGORY_ROTATE_CORE_6                               0                             0%
OP_CAT_XED_CATEGORY_SCATTER_CORE_6                              0                             0%
OP_CAT_XED_CATEGORY_SEGOP_CORE_6                                0                             0%
OP_CAT_XED_CATEGORY_SEMAPHORE_CORE_6                            0                             0%
OP_CAT_XED_CATEGORY_SETCC_CORE_6                                0                             0%
OP_CAT_XED_CATEGORY_SGX_CORE_6                                  0                             0%
OP_CAT_XED_CATEGORY_SHA_CORE_6                                  0                             0%
OP_CAT_XED_CATEGORY_SHIFT_CORE_6                                0                             0%
OP_CAT_XED_CATEGORY_SMAP_CORE_6                                 0                             0%
OP_CAT_XED_CATEGORY_SSE_CORE_6                                  0                             0%
OP_CAT_XED_CATEGORY_STRINGOP_CORE_6                             0                             0%
OP_CAT_XED_CATEGORY_STTNI_CORE_6                                0                             0%
OP_CAT_XED_CATEGORY_SYSCALL_CORE_6                              0                             0%
OP_CAT_XED_CATEGORY_SYSRET_CORE_6                               0                             0%
OP_CAT_XED_CATEGORY_SYSTEM_CORE_6                               0                             0%
OP_CAT_XED_CATEGORY_TBM_CORE_6                                  0                             0%
OP_CAT_XED_CATEGORY_UNCOND_BR_CORE_6                            0                             0%
OP_CAT_XED_CATEGORY_VAES_CORE_6                                 0                             0%
OP_CAT_XED_CATEGORY_VBMI2_CORE_6                                0                             0%
OP_CAT_XED_CATEGORY_VFMA_CORE_6                                 0                             0%
OP_CAT_XED_CATEGORY_VIA_PADLOCK_CORE_6                          0                             0%
OP_CAT_XED_CATEGORY_VPCLMULQDQ_CORE_6                           0                             0%
OP_CAT_XED_CATEGORY_VTX_CORE_6                                  0                             0%
OP_CAT_XED_CATEGORY_WAITPKG_CORE_6                              0                             0%
OP_CAT_XED_CATEGORY_WIDENOP_CORE_6                              0                             0%
OP_CAT_XED_CATEGORY_X87_ALU_CORE_6                              0                             0%
OP_CAT_XED_CATEGORY_XOP_CORE_6                                  0                             0%
OP_CAT_XED_CATEGORY_XSAVE_CORE_6                                0                             0%
OP_CAT_XED_CATEGORY_XSAVEOPT_CORE_6                             0                             0%
OP_CAT_XED_CATEGORY_TR_MUL_CORE_6                               0                             0%
OP_CAT_XED_CATEGORY_TR_DIV_CORE_6                               0                             0%
OP_CAT_XED_CATEGORY_TR_FMUL_CORE_6                              0                             0%
OP_CAT_XED_CATEGORY_TR_FDIV_CORE_6                              0                             0%
OP_CAT_XED_CATEGORY_TR_NOP_CORE_6                               0                             0%
OP_CAT_XED_CATEGORY_PREFETCH_NTA_CORE_6                         0                             0%
OP_CAT_XED_CATEGORY_PREFETCH_T0_CORE_6                          0                             0%
OP_CAT_XED_CATEGORY_PREFETCH_T1_CORE_6                          0                             0%
OP_CAT_XED_CATEGORY_PREFETCH_T2_CORE_6                          0                             0%
OP_CAT_GPU_EN_CORE_6                                            0                             0%
OP_CAT_GPU_INVALID_CORE_6                                       0                             0%
OP_CAT_GPU_ABS_CORE_6                                           0                             0%
OP_CAT_GPU_ABS64_CORE_6                                         0                             0%
OP_CAT_GPU_ADD_CORE_6                                           0                             0%
OP_CAT_GPU_ADD64_CORE_6                                         0                             0%
OP_CAT_GPU_ADDC_CORE_6                                          0                             0%
OP_CAT_GPU_AND_CORE_6                                           0                             0%
OP_CAT_GPU_AND64_CORE_6                                         0                             0%
OP_CAT_GPU_ATOM_GM_CORE_6                                       0                             0%
OP_CAT_GPU_ATOM_SM_CORE_6                                       0                             0%
OP_CAT_GPU_ATOM64_GM_CORE_6                                  7719                       3.96076%
OP_CAT_GPU_ATOM64_SM_CORE_6                                     0                             0%
OP_CAT_GPU_BAR_ARRIVE_CORE_6                                  594                      0.304792%
OP_CAT_GPU_BAR_SYNC_CORE_6                                      0                             0%
OP_CAT_GPU_BAR_RED_CORE_6                                       0                             0%
OP_CAT_GPU_BFE_CORE_6                                           0                             0%
OP_CAT_GPU_BFE64_CORE_6                                         0                             0%
OP_CAT_GPU_BFI_CORE_6                                           0                             0%
OP_CAT_GPU_BFI64_CORE_6                                         0                             0%
OP_CAT_GPU_BFIND_CORE_6                                         0                             0%
OP_CAT_GPU_BFIND64_CORE_6                                       0                             0%
OP_CAT_GPU_BRA_CORE_6                                           0                             0%
OP_CAT_GPU_BREV_CORE_6                                          0                             0%
OP_CAT_GPU_BREV64_CORE_6                                        0                             0%
OP_CAT_GPU_BRKPT_CORE_6                                         0                             0%
OP_CAT_GPU_CALL_CORE_6                                          0                             0%
OP_CAT_GPU_CLZ_CORE_6                                           0                             0%
OP_CAT_GPU_CLZ64_CORE_6                                         8                    0.00410494%
OP_CAT_GPU_CNOT_CORE_6                                          0                             0%
OP_CAT_GPU_CNOT64_CORE_6                                       37                     0.0189854%
OP_CAT_GPU_COPYSIGN_CORE_6                                      0                             0%
OP_CAT_GPU_COPYSIGN64_CORE_6                                    0                             0%
OP_CAT_GPU_COS_CORE_6                                       20931                       10.7401%
OP_CAT_GPU_CVT_CORE_6                                           0                             0%
OP_CAT_GPU_CVT64_CORE_6                                         0                             0%
OP_CAT_GPU_CVTA_CORE_6                                          0                             0%
OP_CAT_GPU_CVTA64_CORE_6                                    39816                       20.4303%
OP_CAT_GPU_DIV_CORE_6                                           0                             0%
OP_CAT_GPU_DIV64_CORE_6                                         0                             0%
OP_CAT_GPU_EX2_CORE_6                                           0                             0%
OP_CAT_GPU_EXIT_CORE_6                                          0                             0%
OP_CAT_GPU_FMA_CORE_6                                           0                             0%
OP_CAT_GPU_FMA64_CORE_6                                         0                             0%
OP_CAT_GPU_ISSPACEP_CORE_6                                  22963                       11.7827%
OP_CAT_GPU_LD_CORE_6                                        15593                       8.00105%
OP_CAT_GPU_LD64_CORE_6                                          0                             0%
OP_CAT_GPU_LDU_CORE_6                                       16142                       8.28275%
OP_CAT_GPU_LDU64_CORE_6                                         0                             0%
OP_CAT_GPU_LG2_CORE_6                                          74                     0.0379707%
OP_CAT_GPU_MAD24_CORE_6                                      1759                      0.902574%
OP_CAT_GPU_MAD_CORE_6                                           0                             0%
OP_CAT_GPU_MAD64_CORE_6                                         0                             0%
OP_CAT_GPU_MADC_CORE_6                                          0                             0%
OP_CAT_GPU_MADC64_CORE_6                                        0                             0%
OP_CAT_GPU_MAX_CORE_6                                           0                             0%
OP_CAT_GPU_MAX64_CORE_6                                       594                      0.304792%
OP_CAT_GPU_MEMBAR_CTA_CORE_6                                  594                      0.304792%
OP_CAT_GPU_MEMBAR_GL_CORE_6                                     0                             0%
OP_CAT_GPU_MEMBAR_SYS_CORE_6                                    0                             0%
OP_CAT_GPU_MIN_CORE_6                                           0                             0%
OP_CAT_GPU_MIN64_CORE_6                                         0                             0%
OP_CAT_GPU_MOV_CORE_6                                           0                             0%
OP_CAT_GPU_MOV64_CORE_6                                         0                             0%
OP_CAT_GPU_MUL24_CORE_6                                      4386                       2.25054%
OP_CAT_GPU_MUL_CORE_6                                       16374                       8.40179%
OP_CAT_GPU_MUL64_CORE_6                                      1454                      0.746073%
OP_CAT_GPU_NEG_CORE_6                                          77                     0.0395101%
OP_CAT_GPU_NEG64_CORE_6                                        65                     0.0333527%
OP_CAT_GPU_NOT_CORE_6                                           0                             0%
OP_CAT_GPU_NOT64_CORE_6                                         0                             0%
OP_CAT_GPU_OR_CORE_6                                            0                             0%
OP_CAT_GPU_OR64_CORE_6                                          0                             0%
OP_CAT_GPU_PMEVENT_CORE_6                                       0                             0%
OP_CAT_GPU_POPC_CORE_6                                       8703                       4.46566%
OP_CAT_GPU_POPC64_CORE_6                                        0                             0%
OP_CAT_GPU_PREFETCH_CORE_6                                   1748                       0.89693%
OP_CAT_GPU_PREFETCHU_CORE_6                                     0                             0%
OP_CAT_GPU_PRMT_CORE_6                                          0                             0%
OP_CAT_GPU_RCP_CORE_6                                         321                      0.164711%
OP_CAT_GPU_RCP64_CORE_6                                         0                             0%
OP_CAT_GPU_RED_GM_CORE_6                                      976                      0.500803%
OP_CAT_GPU_RED_SM_CORE_6                                        0                             0%
OP_CAT_GPU_RED64_GM_CORE_6                                      0                             0%
OP_CAT_GPU_RED64_SM_CORE_6                                      0                             0%
OP_CAT_GPU_REM_CORE_6                                        1454                      0.746073%
OP_CAT_GPU_REM64_CORE_6                                        37                     0.0189854%
OP_CAT_GPU_RET_CORE_6                                           0                             0%
OP_CAT_GPU_RSQRT_CORE_6                                       297                      0.152396%
OP_CAT_GPU_RSQRT64_CORE_6                                       0                             0%
OP_CAT_GPU_SAD_CORE_6                                         297                      0.152396%
OP_CAT_GPU_SAD64_CORE_6                                       297                      0.152396%
OP_CAT_GPU_SELP_CORE_6                                          0                             0%
OP_CAT_GPU_SELP64_CORE_6                                        0                             0%
OP_CAT_GPU_SET_CORE_6                                           0                             0%
OP_CAT_GPU_SET64_CORE_6                                         0                             0%
OP_CAT_GPU_SETP_CORE_6                                          0                             0%
OP_CAT_GPU_SETP64_CORE_6                                        0                             0%
OP_CAT_GPU_SHFL_CORE_6                                          0                             0%
OP_CAT_GPU_SHFL64_CORE_6                                        0                             0%
OP_CAT_GPU_SHL_CORE_6                                           0                             0%
OP_CAT_GPU_SHL64_CORE_6                                         0                             0%
OP_CAT_GPU_SHR_CORE_6                                           0                             0%
OP_CAT_GPU_SHR64_CORE_6                                       297                      0.152396%
OP_CAT_GPU_SIN_CORE_6                                           0                             0%
OP_CAT_GPU_SLCT_CORE_6                                          0                             0%
OP_CAT_GPU_SLCT64_CORE_6                                        0                             0%
OP_CAT_GPU_SQRT_CORE_6                                          0                             0%
OP_CAT_GPU_SQRT64_CORE_6                                        0                             0%
OP_CAT_GPU_ST_CORE_6                                            0                             0%
OP_CAT_GPU_ST64_CORE_6                                          0                             0%
OP_CAT_GPU_SUB_CORE_6                                           0                             0%
OP_CAT_GPU_SUB64_CORE_6                                         0                             0%
OP_CAT_GPU_SUBC_CORE_6                                          0                             0%
OP_CAT_GPU_SULD_CORE_6                                          0                             0%
OP_CAT_GPU_SULD64_CORE_6                                        0                             0%
OP_CAT_GPU_SURED_CORE_6                                         0                             0%
OP_CAT_GPU_SURED64_CORE_6                                       0                             0%
OP_CAT_GPU_SUST_CORE_6                                          0                             0%
OP_CAT_GPU_SUST64_CORE_6                                        0                             0%
OP_CAT_GPU_SUQ_CORE_6                                          37                     0.0189854%
OP_CAT_GPU_TESTP_CORE_6                                         0                             0%
OP_CAT_GPU_TESTP64_CORE_6                                       0                             0%
OP_CAT_GPU_TEX_CORE_6                                           0                             0%
OP_CAT_GPU_TLD4_CORE_6                                          0                             0%
OP_CAT_GPU_TXQ_CORE_6                                           0                             0%
OP_CAT_GPU_TRAP_CORE_6                                          0                             0%
OP_CAT_GPU_VABSDIFF_CORE_6                                      0                             0%
OP_CAT_GPU_VADD_CORE_6                                          0                             0%
OP_CAT_GPU_VMAD_CORE_6                                          0                             0%
OP_CAT_GPU_VMAX_CORE_6                                          0                             0%
OP_CAT_GPU_VMIN_CORE_6                                          0                             0%
OP_CAT_GPU_VSET_CORE_6                                          0                             0%
OP_CAT_GPU_VSHL_CORE_6                                      10434                       5.35387%
OP_CAT_GPU_VSHR_CORE_6                                          0                             0%
OP_CAT_GPU_VSUB_CORE_6                                          0                             0%
OP_CAT_GPU_VOTE_CORE_6                                          0                             0%
OP_CAT_GPU_XOR_CORE_6                                        8260                       4.23835%
OP_CAT_GPU_XOR64_CORE_6                                      9766                       5.01111%
OP_CAT_GPU_RECONVERGE_CORE_6                                    0                             0%
OP_CAT_GPU_PHI_CORE_6                                           8                    0.00410494%
OP_CAT_GPU_MEM_LD_GM_CORE_6                                     0                             0%
OP_CAT_GPU_MEM_LD_LM_CORE_6                                     0                             0%
OP_CAT_GPU_MEM_LD_SM_CORE_6                                     0                             0%
OP_CAT_GPU_MEM_LD_CM_CORE_6                                     0                             0%
OP_CAT_GPU_MEM_LD_TM_CORE_6                                     0                             0%
OP_CAT_GPU_MEM_LD_PM_CORE_6                                     0                             0%
OP_CAT_GPU_MEM_LDU_GM_CORE_6                                    0                             0%
OP_CAT_GPU_MEM_ST_GM_CORE_6                                     0                             0%
OP_CAT_GPU_MEM_ST_LM_CORE_6                                    65                     0.0333527%
OP_CAT_GPU_MEM_ST_SM_CORE_6                                     0                             0%
OP_CAT_GPU_DATA_XFER_GM_CORE_6                                  0                             0%
OP_CAT_GPU_DATA_XFER_LM_CORE_6                               1448                      0.742995%
OP_CAT_GPU_DATA_XFER_SM_CORE_6                                  0                             0%
OP_CAT_GED_ILLEGAL_CORE_6                                       0                             0%
OP_CAT_GED_MOV_CORE_6                                           0                             0%
OP_CAT_GED_SEL_CORE_6                                           0                             0%
OP_CAT_GED_MOVI_CORE_6                                          0                             0%
OP_CAT_GED_NOT_CORE_6                                           0                             0%
OP_CAT_GED_AND_CORE_6                                           0                             0%
OP_CAT_GED_OR_CORE_6                                         1262                      0.647555%
OP_CAT_GED_XOR_CORE_6                                           0                             0%
OP_CAT_GED_SHR_CORE_6                                           0                             0%
OP_CAT_GED_SHL_CORE_6                                           0                             0%
OP_CAT_GED_SMOV_CORE_6                                          0                             0%
OP_CAT_GED_ASR_CORE_6                                           0                             0%
OP_CAT_GED_CMP_CORE_6                                           0                             0%
OP_CAT_GED_CMPN_CORE_6                                          0                             0%
OP_CAT_GED_CSEL_CORE_6                                          0                             0%
OP_CAT_GED_BFREV_CORE_6                                         0                             0%
OP_CAT_GED_BFE_CORE_6                                           0                             0%
OP_CAT_GED_BFI1_CORE_6                                          0                             0%
OP_CAT_GED_BFI2_CORE_6                                          0                             0%
OP_CAT_GED_JMPI_CORE_6                                          0                             0%
OP_CAT_GED_BRD_CORE_6                                           0                             0%
OP_CAT_GED_IF_CORE_6                                            0                             0%
OP_CAT_GED_BRC_CORE_6                                           0                             0%
OP_CAT_GED_ELSE_CORE_6                                          0                             0%
OP_CAT_GED_ENDIF_CORE_6                                         0                             0%
OP_CAT_GED_WHILE_CORE_6                                         0                             0%
OP_CAT_GED_BREAK_CORE_6                                         0                             0%
OP_CAT_GED_CONT_CORE_6                                          0                             0%
OP_CAT_GED_HALT_CORE_6                                          0                             0%
OP_CAT_GED_CALLA_CORE_6                                         0                             0%
OP_CAT_GED_CALL_CORE_6                                          0                             0%
OP_CAT_GED_RET_CORE_6                                           0                             0%
OP_CAT_GED_GOTO_CORE_6                                          0                             0%
OP_CAT_GED_JOIN_CORE_6                                          0                             0%
OP_CAT_GED_WAIT_CORE_6                                          0                             0%
OP_CAT_GED_SEND_CORE_6                                          0                             0%
OP_CAT_GED_SENDC_CORE_6                                         0                             0%
OP_CAT_GED_SENDS_CORE_6                                         0                             0%
OP_CAT_GED_SENDSC_CORE_6                                        0                             0%
OP_CAT_GED_MATH_CORE_6                                          0                             0%
OP_CAT_GED_ADD_CORE_6                                           0                             0%
OP_CAT_GED_MUL_CORE_6                                           0                             0%
OP_CAT_GED_AVG_CORE_6                                           0                             0%
OP_CAT_GED_FRC_CORE_6                                           0                             0%
OP_CAT_GED_RNDU_CORE_6                                          0                             0%
OP_CAT_GED_RNDD_CORE_6                                          0                             0%
OP_CAT_GED_RNDE_CORE_6                                          0                             0%
OP_CAT_GED_RNDZ_CORE_6                                          0                             0%
OP_CAT_GED_MAC_CORE_6                                           0                             0%
OP_CAT_GED_MACH_CORE_6                                          0                             0%
OP_CAT_GED_LZD_CORE_6                                           0                             0%
OP_CAT_GED_FBH_CORE_6                                           0                             0%
OP_CAT_GED_FBL_CORE_6                                           0                             0%
OP_CAT_GED_CBIT_CORE_6                                          0                             0%
OP_CAT_GED_ADDC_CORE_6                                          0                             0%
OP_CAT_GED_SUBB_CORE_6                                          0                             0%
OP_CAT_GED_SAD2_CORE_6                                          0                             0%
OP_CAT_GED_SADA2_CORE_6                                         0                             0%
OP_CAT_GED_DP4_CORE_6                                           0                             0%
OP_CAT_GED_DPH_CORE_6                                           0                             0%
OP_CAT_GED_DP3_CORE_6                                           0                             0%
OP_CAT_GED_DP2_CORE_6                                           0                             0%
OP_CAT_GED_LINE_CORE_6                                          0                             0%
OP_CAT_GED_PLN_CORE_6                                           0                             0%
OP_CAT_GED_MAD_CORE_6                                           0                             0%
OP_CAT_GED_LRP_CORE_6                                           0                             0%
OP_CAT_GED_MADM_CORE_6                                          0                             0%
OP_CAT_GED_NOP_CORE_6                                           0                             0%
OP_CAT_GED_ROR_CORE_6                                           0                             0%
OP_CAT_GED_ROL_CORE_6                                           0                             0%
OP_CAT_GED_DP4A_CORE_6                                          0                             0%
OP_CAT_GED_F32TO16_CORE_6                                       0                             0%
OP_CAT_GED_F16TO32_CORE_6                                       0                             0%
OP_CAT_GED_DIM_CORE_6                                           0                             0%
OP_CAT_GED_INVALID_CORE_6                                       0                             0%
                                                           194887                           100%

PARENT_UOP_CORE_7                                               0                             0

CHILD_UOP_READ_CORE_7                                           0                             0

FP_OPS_CORE_7                                                   0                             0

OP_CAT_XED_CATEGORY_INVALID_CORE_7                              0                             0%
OP_CAT_XED_CATEGORY_3DNOW_CORE_7                                0                             0%
OP_CAT_XED_CATEGORY_ADOX_ADCX_CORE_7                            0                             0%
OP_CAT_XED_CATEGORY_AES_CORE_7                                  0                             0%
OP_CAT_XED_CATEGORY_AVX_CORE_7                                  0                             0%
OP_CAT_XED_CATEGORY_AVX2_CORE_7                                 0                             0%
OP_CAT_XED_CATEGORY_AVX2GATHER_CORE_7                           0                             0%
OP_CAT_XED_CATEGORY_AVX512_CORE_7                               0                             0%
OP_CAT_XED_CATEGORY_AVX512_4FMAPS_CORE_7                        0                             0%
OP_CAT_XED_CATEGORY_AVX512_4VNNIW_CORE_7                        0                             0%
OP_CAT_XED_CATEGORY_AVX512_BITALG_CORE_7                        0                             0%
OP_CAT_XED_CATEGORY_AVX512_VBMI_CORE_7                          0                             0%
OP_CAT_XED_CATEGORY_AVX512_VP2INTERSECT_CORE_7                   0                             0%
OP_CAT_XED_CATEGORY_BINARY_CORE_7                               0                             0%
OP_CAT_XED_CATEGORY_BITBYTE_CORE_7                              0                             0%
OP_CAT_XED_CATEGORY_BLEND_CORE_7                                0                             0%
OP_CAT_XED_CATEGORY_BMI1_CORE_7                                 0                             0%
OP_CAT_XED_CATEGORY_BMI2_CORE_7                                 0                             0%
OP_CAT_XED_CATEGORY_BROADCAST_CORE_7                            0                             0%
OP_CAT_XED_CATEGORY_CALL_CORE_7                                 0                             0%
OP_CAT_XED_CATEGORY_CET_CORE_7                                  0                             0%
OP_CAT_XED_CATEGORY_CLDEMOTE_CORE_7                             0                             0%
OP_CAT_XED_CATEGORY_CLFLUSHOPT_CORE_7                           0                             0%
OP_CAT_XED_CATEGORY_CLWB_CORE_7                                 0                             0%
OP_CAT_XED_CATEGORY_CLZERO_CORE_7                               0                             0%
OP_CAT_XED_CATEGORY_CMOV_CORE_7                                 0                             0%
OP_CAT_XED_CATEGORY_COMPRESS_CORE_7                             0                             0%
OP_CAT_XED_CATEGORY_COND_BR_CORE_7                              0                             0%
OP_CAT_XED_CATEGORY_CONFLICT_CORE_7                             0                             0%
OP_CAT_XED_CATEGORY_CONVERT_CORE_7                              0                             0%
OP_CAT_XED_CATEGORY_DATAXFER_CORE_7                             0                             0%
OP_CAT_XED_CATEGORY_DECIMAL_CORE_7                              0                             0%
OP_CAT_XED_CATEGORY_ENQCMD_CORE_7                               0                             0%
OP_CAT_XED_CATEGORY_EXPAND_CORE_7                               0                             0%
OP_CAT_XED_CATEGORY_FCMOV_CORE_7                                0                             0%
OP_CAT_XED_CATEGORY_FLAGOP_CORE_7                               0                             0%
OP_CAT_XED_CATEGORY_FMA4_CORE_7                                 0                             0%
OP_CAT_XED_CATEGORY_GATHER_CORE_7                               0                             0%
OP_CAT_XED_CATEGORY_GFNI_CORE_7                                 0                             0%
OP_CAT_XED_CATEGORY_IFMA_CORE_7                                 0                             0%
OP_CAT_XED_CATEGORY_INTERRUPT_CORE_7                            0                             0%
OP_CAT_XED_CATEGORY_IO_CORE_7                                   0                             0%
OP_CAT_XED_CATEGORY_IOSTRINGOP_CORE_7                           0                             0%
OP_CAT_XED_CATEGORY_KMASK_CORE_7                                0                             0%
OP_CAT_XED_CATEGORY_LOGICAL_CORE_7                              0                             0%
OP_CAT_XED_CATEGORY_LOGICAL_FP_CORE_7                           0                             0%
OP_CAT_XED_CATEGORY_LZCNT_CORE_7                                0                             0%
OP_CAT_XED_CATEGORY_MISC_CORE_7                                 0                             0%
OP_CAT_XED_CATEGORY_MMX_CORE_7                                  0                             0%
OP_CAT_XED_CATEGORY_MOVDIR_CORE_7                               0                             0%
OP_CAT_XED_CATEGORY_MPX_CORE_7                                  0                             0%
OP_CAT_XED_CATEGORY_NOP_CORE_7                                  0                             0%
OP_CAT_XED_CATEGORY_PCLMULQDQ_CORE_7                            0                             0%
OP_CAT_XED_CATEGORY_PCONFIG_CORE_7                              0                             0%
OP_CAT_XED_CATEGORY_PKU_CORE_7                                  0                             0%
OP_CAT_XED_CATEGORY_POP_CORE_7                                  0                             0%
OP_CAT_XED_CATEGORY_PREFETCH_CORE_7                             0                             0%
OP_CAT_XED_CATEGORY_PREFETCHWT1_CORE_7                          0                             0%
OP_CAT_XED_CATEGORY_PT_CORE_7                                   0                             0%
OP_CAT_XED_CATEGORY_PUSH_CORE_7                                 0                             0%
OP_CAT_XED_CATEGORY_RDPID_CORE_7                                0                             0%
OP_CAT_XED_CATEGORY_RDPRU_CORE_7                                0                             0%
OP_CAT_XED_CATEGORY_RDRAND_CORE_7                               0                             0%
OP_CAT_XED_CATEGORY_RDSEED_CORE_7                               0                             0%
OP_CAT_XED_CATEGORY_RDWRFSGS_CORE_7                             0                             0%
OP_CAT_XED_CATEGORY_RET_CORE_7                                  0                             0%
OP_CAT_XED_CATEGORY_ROTATE_CORE_7                               0                             0%
OP_CAT_XED_CATEGORY_SCATTER_CORE_7                              0                             0%
OP_CAT_XED_CATEGORY_SEGOP_CORE_7                                0                             0%
OP_CAT_XED_CATEGORY_SEMAPHORE_CORE_7                            0                             0%
OP_CAT_XED_CATEGORY_SETCC_CORE_7                                0                             0%
OP_CAT_XED_CATEGORY_SGX_CORE_7                                  0                             0%
OP_CAT_XED_CATEGORY_SHA_CORE_7                                  0                             0%
OP_CAT_XED_CATEGORY_SHIFT_CORE_7                                0                             0%
OP_CAT_XED_CATEGORY_SMAP_CORE_7                                 0                             0%
OP_CAT_XED_CATEGORY_SSE_CORE_7                                  0                             0%
OP_CAT_XED_CATEGORY_STRINGOP_CORE_7                             0                             0%
OP_CAT_XED_CATEGORY_STTNI_CORE_7                                0                             0%
OP_CAT_XED_CATEGORY_SYSCALL_CORE_7                              0                             0%
OP_CAT_XED_CATEGORY_SYSRET_CORE_7                               0                             0%
OP_CAT_XED_CATEGORY_SYSTEM_CORE_7                               0                             0%
OP_CAT_XED_CATEGORY_TBM_CORE_7                                  0                             0%
OP_CAT_XED_CATEGORY_UNCOND_BR_CORE_7                            0                             0%
OP_CAT_XED_CATEGORY_VAES_CORE_7                                 0                             0%
OP_CAT_XED_CATEGORY_VBMI2_CORE_7                                0                             0%
OP_CAT_XED_CATEGORY_VFMA_CORE_7                                 0                             0%
OP_CAT_XED_CATEGORY_VIA_PADLOCK_CORE_7                          0                             0%
OP_CAT_XED_CATEGORY_VPCLMULQDQ_CORE_7                           0                             0%
OP_CAT_XED_CATEGORY_VTX_CORE_7                                  0                             0%
OP_CAT_XED_CATEGORY_WAITPKG_CORE_7                              0                             0%
OP_CAT_XED_CATEGORY_WIDENOP_CORE_7                              0                             0%
OP_CAT_XED_CATEGORY_X87_ALU_CORE_7                              0                             0%
OP_CAT_XED_CATEGORY_XOP_CORE_7                                  0                             0%
OP_CAT_XED_CATEGORY_XSAVE_CORE_7                                0                             0%
OP_CAT_XED_CATEGORY_XSAVEOPT_CORE_7                             0                             0%
OP_CAT_XED_CATEGORY_TR_MUL_CORE_7                               0                             0%
OP_CAT_XED_CATEGORY_TR_DIV_CORE_7                               0                             0%
OP_CAT_XED_CATEGORY_TR_FMUL_CORE_7                              0                             0%
OP_CAT_XED_CATEGORY_TR_FDIV_CORE_7                              0                             0%
OP_CAT_XED_CATEGORY_TR_NOP_CORE_7                               0                             0%
OP_CAT_XED_CATEGORY_PREFETCH_NTA_CORE_7                         0                             0%
OP_CAT_XED_CATEGORY_PREFETCH_T0_CORE_7                          0                             0%
OP_CAT_XED_CATEGORY_PREFETCH_T1_CORE_7                          0                             0%
OP_CAT_XED_CATEGORY_PREFETCH_T2_CORE_7                          0                             0%
OP_CAT_GPU_EN_CORE_7                                            0                             0%
OP_CAT_GPU_INVALID_CORE_7                                       0                             0%
OP_CAT_GPU_ABS_CORE_7                                           0                             0%
OP_CAT_GPU_ABS64_CORE_7                                         0                             0%
OP_CAT_GPU_ADD_CORE_7                                           0                             0%
OP_CAT_GPU_ADD64_CORE_7                                         0                             0%
OP_CAT_GPU_ADDC_CORE_7                                          0                             0%
OP_CAT_GPU_AND_CORE_7                                           0                             0%
OP_CAT_GPU_AND64_CORE_7                                         0                             0%
OP_CAT_GPU_ATOM_GM_CORE_7                                       0                             0%
OP_CAT_GPU_ATOM_SM_CORE_7                                       0                             0%
OP_CAT_GPU_ATOM64_GM_CORE_7                                  8202                       4.02185%
OP_CAT_GPU_ATOM64_SM_CORE_7                                     0                             0%
OP_CAT_GPU_BAR_ARRIVE_CORE_7                                  672                      0.329515%
OP_CAT_GPU_BAR_SYNC_CORE_7                                      0                             0%
OP_CAT_GPU_BAR_RED_CORE_7                                       0                             0%
OP_CAT_GPU_BFE_CORE_7                                           0                             0%
OP_CAT_GPU_BFE64_CORE_7                                         0                             0%
OP_CAT_GPU_BFI_CORE_7                                           0                             0%
OP_CAT_GPU_BFI64_CORE_7                                         0                             0%
OP_CAT_GPU_BFIND_CORE_7                                         0                             0%
OP_CAT_GPU_BFIND64_CORE_7                                       0                             0%
OP_CAT_GPU_BRA_CORE_7                                           0                             0%
OP_CAT_GPU_BREV_CORE_7                                          0                             0%
OP_CAT_GPU_BREV64_CORE_7                                        0                             0%
OP_CAT_GPU_BRKPT_CORE_7                                         0                             0%
OP_CAT_GPU_CALL_CORE_7                                          0                             0%
OP_CAT_GPU_CLZ_CORE_7                                           0                             0%
OP_CAT_GPU_CLZ64_CORE_7                                         5                    0.00245175%
OP_CAT_GPU_CNOT_CORE_7                                          0                             0%
OP_CAT_GPU_CNOT64_CORE_7                                       42                     0.0205947%
OP_CAT_GPU_COPYSIGN_CORE_7                                      0                             0%
OP_CAT_GPU_COPYSIGN64_CORE_7                                    0                             0%
OP_CAT_GPU_COS_CORE_7                                       21979                       10.7774%
OP_CAT_GPU_CVT_CORE_7                                           0                             0%
OP_CAT_GPU_CVT64_CORE_7                                         0                             0%
OP_CAT_GPU_CVTA_CORE_7                                          0                             0%
OP_CAT_GPU_CVTA64_CORE_7                                    41947                       20.5687%
OP_CAT_GPU_DIV_CORE_7                                           0                             0%
OP_CAT_GPU_DIV64_CORE_7                                         0                             0%
OP_CAT_GPU_EX2_CORE_7                                           0                             0%
OP_CAT_GPU_EXIT_CORE_7                                          0                             0%
OP_CAT_GPU_FMA_CORE_7                                           0                             0%
OP_CAT_GPU_FMA64_CORE_7                                         0                             0%
OP_CAT_GPU_ISSPACEP_CORE_7                                  24338                       11.9341%
OP_CAT_GPU_LD_CORE_7                                        16538                       8.10941%
OP_CAT_GPU_LD64_CORE_7                                          0                             0%
OP_CAT_GPU_LDU_CORE_7                                       17163                       8.41588%
OP_CAT_GPU_LDU64_CORE_7                                         0                             0%
OP_CAT_GPU_LG2_CORE_7                                          84                     0.0411894%
OP_CAT_GPU_MAD24_CORE_7                                      1648                      0.808097%
OP_CAT_GPU_MAD_CORE_7                                           0                             0%
OP_CAT_GPU_MAD64_CORE_7                                         0                             0%
OP_CAT_GPU_MADC_CORE_7                                          0                             0%
OP_CAT_GPU_MADC64_CORE_7                                        0                             0%
OP_CAT_GPU_MAX_CORE_7                                           0                             0%
OP_CAT_GPU_MAX64_CORE_7                                       672                      0.329515%
OP_CAT_GPU_MEMBAR_CTA_CORE_7                                  672                      0.329515%
OP_CAT_GPU_MEMBAR_GL_CORE_7                                     0                             0%
OP_CAT_GPU_MEMBAR_SYS_CORE_7                                    0                             0%
OP_CAT_GPU_MIN_CORE_7                                           0                             0%
OP_CAT_GPU_MIN64_CORE_7                                         0                             0%
OP_CAT_GPU_MOV_CORE_7                                           0                             0%
OP_CAT_GPU_MOV64_CORE_7                                         0                             0%
OP_CAT_GPU_MUL24_CORE_7                                      3936                       1.93002%
OP_CAT_GPU_MUL_CORE_7                                       17459                       8.56102%
OP_CAT_GPU_MUL64_CORE_7                                      1307                      0.640887%
OP_CAT_GPU_NEG_CORE_7                                          67                     0.0328534%
OP_CAT_GPU_NEG64_CORE_7                                        40                      0.019614%
OP_CAT_GPU_NOT_CORE_7                                           0                             0%
OP_CAT_GPU_NOT64_CORE_7                                         0                             0%
OP_CAT_GPU_OR_CORE_7                                            0                             0%
OP_CAT_GPU_OR64_CORE_7                                          0                             0%
OP_CAT_GPU_PMEVENT_CORE_7                                       0                             0%
OP_CAT_GPU_POPC_CORE_7                                       9114                       4.46905%
OP_CAT_GPU_POPC64_CORE_7                                        0                             0%
OP_CAT_GPU_PREFETCH_CORE_7                                   1392                      0.682567%
OP_CAT_GPU_PREFETCHU_CORE_7                                     0                             0%
OP_CAT_GPU_PRMT_CORE_7                                          0                             0%
OP_CAT_GPU_RCP_CORE_7                                         351                      0.172113%
OP_CAT_GPU_RCP64_CORE_7                                         0                             0%
OP_CAT_GPU_RED_GM_CORE_7                                      778                      0.381492%
OP_CAT_GPU_RED_SM_CORE_7                                        0                             0%
OP_CAT_GPU_RED64_GM_CORE_7                                      0                             0%
OP_CAT_GPU_RED64_SM_CORE_7                                      0                             0%
OP_CAT_GPU_REM_CORE_7                                        1307                      0.640887%
OP_CAT_GPU_REM64_CORE_7                                        42                     0.0205947%
OP_CAT_GPU_RET_CORE_7                                           0                             0%
OP_CAT_GPU_RSQRT_CORE_7                                       336                      0.164758%
OP_CAT_GPU_RSQRT64_CORE_7                                       0                             0%
OP_CAT_GPU_SAD_CORE_7                                         336                      0.164758%
OP_CAT_GPU_SAD64_CORE_7                                       336                      0.164758%
OP_CAT_GPU_SELP_CORE_7                                          0                             0%
OP_CAT_GPU_SELP64_CORE_7                                        0                             0%
OP_CAT_GPU_SET_CORE_7                                           0                             0%
OP_CAT_GPU_SET64_CORE_7                                         0                             0%
OP_CAT_GPU_SETP_CORE_7                                          0                             0%
OP_CAT_GPU_SETP64_CORE_7                                        0                             0%
OP_CAT_GPU_SHFL_CORE_7                                          0                             0%
OP_CAT_GPU_SHFL64_CORE_7                                        0                             0%
OP_CAT_GPU_SHL_CORE_7                                           0                             0%
OP_CAT_GPU_SHL64_CORE_7                                         0                             0%
OP_CAT_GPU_SHR_CORE_7                                           0                             0%
OP_CAT_GPU_SHR64_CORE_7                                       336                      0.164758%
OP_CAT_GPU_SIN_CORE_7                                           0                             0%
OP_CAT_GPU_SLCT_CORE_7                                          0                             0%
OP_CAT_GPU_SLCT64_CORE_7                                        0                             0%
OP_CAT_GPU_SQRT_CORE_7                                          0                             0%
OP_CAT_GPU_SQRT64_CORE_7                                        0                             0%
OP_CAT_GPU_ST_CORE_7                                            0                             0%
OP_CAT_GPU_ST64_CORE_7                                          0                             0%
OP_CAT_GPU_SUB_CORE_7                                           0                             0%
OP_CAT_GPU_SUB64_CORE_7                                         0                             0%
OP_CAT_GPU_SUBC_CORE_7                                          0                             0%
OP_CAT_GPU_SULD_CORE_7                                          0                             0%
OP_CAT_GPU_SULD64_CORE_7                                        0                             0%
OP_CAT_GPU_SURED_CORE_7                                         0                             0%
OP_CAT_GPU_SURED64_CORE_7                                       0                             0%
OP_CAT_GPU_SUST_CORE_7                                          0                             0%
OP_CAT_GPU_SUST64_CORE_7                                        0                             0%
OP_CAT_GPU_SUQ_CORE_7                                          42                     0.0205947%
OP_CAT_GPU_TESTP_CORE_7                                         0                             0%
OP_CAT_GPU_TESTP64_CORE_7                                       0                             0%
OP_CAT_GPU_TEX_CORE_7                                           0                             0%
OP_CAT_GPU_TLD4_CORE_7                                          0                             0%
OP_CAT_GPU_TXQ_CORE_7                                           0                             0%
OP_CAT_GPU_TRAP_CORE_7                                          0                             0%
OP_CAT_GPU_VABSDIFF_CORE_7                                      0                             0%
OP_CAT_GPU_VADD_CORE_7                                          0                             0%
OP_CAT_GPU_VMAD_CORE_7                                          0                             0%
OP_CAT_GPU_VMAX_CORE_7                                          0                             0%
OP_CAT_GPU_VMIN_CORE_7                                          0                             0%
OP_CAT_GPU_VSET_CORE_7                                          0                             0%
OP_CAT_GPU_VSHL_CORE_7                                      10998                       5.39287%
OP_CAT_GPU_VSHR_CORE_7                                          0                             0%
OP_CAT_GPU_VSUB_CORE_7                                          0                             0%
OP_CAT_GPU_VOTE_CORE_7                                          0                             0%
OP_CAT_GPU_XOR_CORE_7                                        8728                       4.27977%
OP_CAT_GPU_XOR64_CORE_7                                     10092                       4.94861%
OP_CAT_GPU_RECONVERGE_CORE_7                                    0                             0%
OP_CAT_GPU_PHI_CORE_7                                           5                    0.00245175%
OP_CAT_GPU_MEM_LD_GM_CORE_7                                     0                             0%
OP_CAT_GPU_MEM_LD_LM_CORE_7                                     0                             0%
OP_CAT_GPU_MEM_LD_SM_CORE_7                                     0                             0%
OP_CAT_GPU_MEM_LD_CM_CORE_7                                     0                             0%
OP_CAT_GPU_MEM_LD_TM_CORE_7                                     0                             0%
OP_CAT_GPU_MEM_LD_PM_CORE_7                                     0                             0%
OP_CAT_GPU_MEM_LDU_GM_CORE_7                                    0                             0%
OP_CAT_GPU_MEM_ST_GM_CORE_7                                     0                             0%
OP_CAT_GPU_MEM_ST_LM_CORE_7                                    40                      0.019614%
OP_CAT_GPU_MEM_ST_SM_CORE_7                                     0                             0%
OP_CAT_GPU_DATA_XFER_GM_CORE_7                                  0                             0%
OP_CAT_GPU_DATA_XFER_LM_CORE_7                               1504                      0.737486%
OP_CAT_GPU_DATA_XFER_SM_CORE_7                                  0                             0%
OP_CAT_GED_ILLEGAL_CORE_7                                       0                             0%
OP_CAT_GED_MOV_CORE_7                                           0                             0%
OP_CAT_GED_SEL_CORE_7                                           0                             0%
OP_CAT_GED_MOVI_CORE_7                                          0                             0%
OP_CAT_GED_NOT_CORE_7                                           0                             0%
OP_CAT_GED_AND_CORE_7                                           0                             0%
OP_CAT_GED_OR_CORE_7                                         1428                       0.70022%
OP_CAT_GED_XOR_CORE_7                                           0                             0%
OP_CAT_GED_SHR_CORE_7                                           0                             0%
OP_CAT_GED_SHL_CORE_7                                           0                             0%
OP_CAT_GED_SMOV_CORE_7                                          0                             0%
OP_CAT_GED_ASR_CORE_7                                           0                             0%
OP_CAT_GED_CMP_CORE_7                                           0                             0%
OP_CAT_GED_CMPN_CORE_7                                          0                             0%
OP_CAT_GED_CSEL_CORE_7                                          0                             0%
OP_CAT_GED_BFREV_CORE_7                                         0                             0%
OP_CAT_GED_BFE_CORE_7                                           0                             0%
OP_CAT_GED_BFI1_CORE_7                                          0                             0%
OP_CAT_GED_BFI2_CORE_7                                          0                             0%
OP_CAT_GED_JMPI_CORE_7                                          0                             0%
OP_CAT_GED_BRD_CORE_7                                           0                             0%
OP_CAT_GED_IF_CORE_7                                            0                             0%
OP_CAT_GED_BRC_CORE_7                                           0                             0%
OP_CAT_GED_ELSE_CORE_7                                          0                             0%
OP_CAT_GED_ENDIF_CORE_7                                         0                             0%
OP_CAT_GED_WHILE_CORE_7                                         0                             0%
OP_CAT_GED_BREAK_CORE_7                                         0                             0%
OP_CAT_GED_CONT_CORE_7                                          0                             0%
OP_CAT_GED_HALT_CORE_7                                          0                             0%
OP_CAT_GED_CALLA_CORE_7                                         0                             0%
OP_CAT_GED_CALL_CORE_7                                          0                             0%
OP_CAT_GED_RET_CORE_7                                           0                             0%
OP_CAT_GED_GOTO_CORE_7                                          0                             0%
OP_CAT_GED_JOIN_CORE_7                                          0                             0%
OP_CAT_GED_WAIT_CORE_7                                          0                             0%
OP_CAT_GED_SEND_CORE_7                                          0                             0%
OP_CAT_GED_SENDC_CORE_7                                         0                             0%
OP_CAT_GED_SENDS_CORE_7                                         0                             0%
OP_CAT_GED_SENDSC_CORE_7                                        0                             0%
OP_CAT_GED_MATH_CORE_7                                          0                             0%
OP_CAT_GED_ADD_CORE_7                                           0                             0%
OP_CAT_GED_MUL_CORE_7                                           0                             0%
OP_CAT_GED_AVG_CORE_7                                           0                             0%
OP_CAT_GED_FRC_CORE_7                                           0                             0%
OP_CAT_GED_RNDU_CORE_7                                          0                             0%
OP_CAT_GED_RNDD_CORE_7                                          0                             0%
OP_CAT_GED_RNDE_CORE_7                                          0                             0%
OP_CAT_GED_RNDZ_CORE_7                                          0                             0%
OP_CAT_GED_MAC_CORE_7                                           0                             0%
OP_CAT_GED_MACH_CORE_7                                          0                             0%
OP_CAT_GED_LZD_CORE_7                                           0                             0%
OP_CAT_GED_FBH_CORE_7                                           0                             0%
OP_CAT_GED_FBL_CORE_7                                           0                             0%
OP_CAT_GED_CBIT_CORE_7                                          0                             0%
OP_CAT_GED_ADDC_CORE_7                                          0                             0%
OP_CAT_GED_SUBB_CORE_7                                          0                             0%
OP_CAT_GED_SAD2_CORE_7                                          0                             0%
OP_CAT_GED_SADA2_CORE_7                                         0                             0%
OP_CAT_GED_DP4_CORE_7                                           0                             0%
OP_CAT_GED_DPH_CORE_7                                           0                             0%
OP_CAT_GED_DP3_CORE_7                                           0                             0%
OP_CAT_GED_DP2_CORE_7                                           0                             0%
OP_CAT_GED_LINE_CORE_7                                          0                             0%
OP_CAT_GED_PLN_CORE_7                                           0                             0%
OP_CAT_GED_MAD_CORE_7                                           0                             0%
OP_CAT_GED_LRP_CORE_7                                           0                             0%
OP_CAT_GED_MADM_CORE_7                                          0                             0%
OP_CAT_GED_NOP_CORE_7                                           0                             0%
OP_CAT_GED_ROR_CORE_7                                           0                             0%
OP_CAT_GED_ROL_CORE_7                                           0                             0%
OP_CAT_GED_DP4A_CORE_7                                          0                             0%
OP_CAT_GED_F32TO16_CORE_7                                       0                             0%
OP_CAT_GED_F16TO32_CORE_7                                       0                             0%
OP_CAT_GED_DIM_CORE_7                                           0                             0%
OP_CAT_GED_INVALID_CORE_7                                       0                             0%
                                                           203936                           100%

PARENT_UOP_CORE_8                                               0                             0

CHILD_UOP_READ_CORE_8                                           0                             0

FP_OPS_CORE_8                                                   0                             0

OP_CAT_XED_CATEGORY_INVALID_CORE_8                              0                             0%
OP_CAT_XED_CATEGORY_3DNOW_CORE_8                                0                             0%
OP_CAT_XED_CATEGORY_ADOX_ADCX_CORE_8                            0                             0%
OP_CAT_XED_CATEGORY_AES_CORE_8                                  0                             0%
OP_CAT_XED_CATEGORY_AVX_CORE_8                                  0                             0%
OP_CAT_XED_CATEGORY_AVX2_CORE_8                                 0                             0%
OP_CAT_XED_CATEGORY_AVX2GATHER_CORE_8                           0                             0%
OP_CAT_XED_CATEGORY_AVX512_CORE_8                               0                             0%
OP_CAT_XED_CATEGORY_AVX512_4FMAPS_CORE_8                        0                             0%
OP_CAT_XED_CATEGORY_AVX512_4VNNIW_CORE_8                        0                             0%
OP_CAT_XED_CATEGORY_AVX512_BITALG_CORE_8                        0                             0%
OP_CAT_XED_CATEGORY_AVX512_VBMI_CORE_8                          0                             0%
OP_CAT_XED_CATEGORY_AVX512_VP2INTERSECT_CORE_8                   0                             0%
OP_CAT_XED_CATEGORY_BINARY_CORE_8                               0                             0%
OP_CAT_XED_CATEGORY_BITBYTE_CORE_8                              0                             0%
OP_CAT_XED_CATEGORY_BLEND_CORE_8                                0                             0%
OP_CAT_XED_CATEGORY_BMI1_CORE_8                                 0                             0%
OP_CAT_XED_CATEGORY_BMI2_CORE_8                                 0                             0%
OP_CAT_XED_CATEGORY_BROADCAST_CORE_8                            0                             0%
OP_CAT_XED_CATEGORY_CALL_CORE_8                                 0                             0%
OP_CAT_XED_CATEGORY_CET_CORE_8                                  0                             0%
OP_CAT_XED_CATEGORY_CLDEMOTE_CORE_8                             0                             0%
OP_CAT_XED_CATEGORY_CLFLUSHOPT_CORE_8                           0                             0%
OP_CAT_XED_CATEGORY_CLWB_CORE_8                                 0                             0%
OP_CAT_XED_CATEGORY_CLZERO_CORE_8                               0                             0%
OP_CAT_XED_CATEGORY_CMOV_CORE_8                                 0                             0%
OP_CAT_XED_CATEGORY_COMPRESS_CORE_8                             0                             0%
OP_CAT_XED_CATEGORY_COND_BR_CORE_8                              0                             0%
OP_CAT_XED_CATEGORY_CONFLICT_CORE_8                             0                             0%
OP_CAT_XED_CATEGORY_CONVERT_CORE_8                              0                             0%
OP_CAT_XED_CATEGORY_DATAXFER_CORE_8                             0                             0%
OP_CAT_XED_CATEGORY_DECIMAL_CORE_8                              0                             0%
OP_CAT_XED_CATEGORY_ENQCMD_CORE_8                               0                             0%
OP_CAT_XED_CATEGORY_EXPAND_CORE_8                               0                             0%
OP_CAT_XED_CATEGORY_FCMOV_CORE_8                                0                             0%
OP_CAT_XED_CATEGORY_FLAGOP_CORE_8                               0                             0%
OP_CAT_XED_CATEGORY_FMA4_CORE_8                                 0                             0%
OP_CAT_XED_CATEGORY_GATHER_CORE_8                               0                             0%
OP_CAT_XED_CATEGORY_GFNI_CORE_8                                 0                             0%
OP_CAT_XED_CATEGORY_IFMA_CORE_8                                 0                             0%
OP_CAT_XED_CATEGORY_INTERRUPT_CORE_8                            0                             0%
OP_CAT_XED_CATEGORY_IO_CORE_8                                   0                             0%
OP_CAT_XED_CATEGORY_IOSTRINGOP_CORE_8                           0                             0%
OP_CAT_XED_CATEGORY_KMASK_CORE_8                                0                             0%
OP_CAT_XED_CATEGORY_LOGICAL_CORE_8                              0                             0%
OP_CAT_XED_CATEGORY_LOGICAL_FP_CORE_8                           0                             0%
OP_CAT_XED_CATEGORY_LZCNT_CORE_8                                0                             0%
OP_CAT_XED_CATEGORY_MISC_CORE_8                                 0                             0%
OP_CAT_XED_CATEGORY_MMX_CORE_8                                  0                             0%
OP_CAT_XED_CATEGORY_MOVDIR_CORE_8                               0                             0%
OP_CAT_XED_CATEGORY_MPX_CORE_8                                  0                             0%
OP_CAT_XED_CATEGORY_NOP_CORE_8                                  0                             0%
OP_CAT_XED_CATEGORY_PCLMULQDQ_CORE_8                            0                             0%
OP_CAT_XED_CATEGORY_PCONFIG_CORE_8                              0                             0%
OP_CAT_XED_CATEGORY_PKU_CORE_8                                  0                             0%
OP_CAT_XED_CATEGORY_POP_CORE_8                                  0                             0%
OP_CAT_XED_CATEGORY_PREFETCH_CORE_8                             0                             0%
OP_CAT_XED_CATEGORY_PREFETCHWT1_CORE_8                          0                             0%
OP_CAT_XED_CATEGORY_PT_CORE_8                                   0                             0%
OP_CAT_XED_CATEGORY_PUSH_CORE_8                                 0                             0%
OP_CAT_XED_CATEGORY_RDPID_CORE_8                                0                             0%
OP_CAT_XED_CATEGORY_RDPRU_CORE_8                                0                             0%
OP_CAT_XED_CATEGORY_RDRAND_CORE_8                               0                             0%
OP_CAT_XED_CATEGORY_RDSEED_CORE_8                               0                             0%
OP_CAT_XED_CATEGORY_RDWRFSGS_CORE_8                             0                             0%
OP_CAT_XED_CATEGORY_RET_CORE_8                                  0                             0%
OP_CAT_XED_CATEGORY_ROTATE_CORE_8                               0                             0%
OP_CAT_XED_CATEGORY_SCATTER_CORE_8                              0                             0%
OP_CAT_XED_CATEGORY_SEGOP_CORE_8                                0                             0%
OP_CAT_XED_CATEGORY_SEMAPHORE_CORE_8                            0                             0%
OP_CAT_XED_CATEGORY_SETCC_CORE_8                                0                             0%
OP_CAT_XED_CATEGORY_SGX_CORE_8                                  0                             0%
OP_CAT_XED_CATEGORY_SHA_CORE_8                                  0                             0%
OP_CAT_XED_CATEGORY_SHIFT_CORE_8                                0                             0%
OP_CAT_XED_CATEGORY_SMAP_CORE_8                                 0                             0%
OP_CAT_XED_CATEGORY_SSE_CORE_8                                  0                             0%
OP_CAT_XED_CATEGORY_STRINGOP_CORE_8                             0                             0%
OP_CAT_XED_CATEGORY_STTNI_CORE_8                                0                             0%
OP_CAT_XED_CATEGORY_SYSCALL_CORE_8                              0                             0%
OP_CAT_XED_CATEGORY_SYSRET_CORE_8                               0                             0%
OP_CAT_XED_CATEGORY_SYSTEM_CORE_8                               0                             0%
OP_CAT_XED_CATEGORY_TBM_CORE_8                                  0                             0%
OP_CAT_XED_CATEGORY_UNCOND_BR_CORE_8                            0                             0%
OP_CAT_XED_CATEGORY_VAES_CORE_8                                 0                             0%
OP_CAT_XED_CATEGORY_VBMI2_CORE_8                                0                             0%
OP_CAT_XED_CATEGORY_VFMA_CORE_8                                 0                             0%
OP_CAT_XED_CATEGORY_VIA_PADLOCK_CORE_8                          0                             0%
OP_CAT_XED_CATEGORY_VPCLMULQDQ_CORE_8                           0                             0%
OP_CAT_XED_CATEGORY_VTX_CORE_8                                  0                             0%
OP_CAT_XED_CATEGORY_WAITPKG_CORE_8                              0                             0%
OP_CAT_XED_CATEGORY_WIDENOP_CORE_8                              0                             0%
OP_CAT_XED_CATEGORY_X87_ALU_CORE_8                              0                             0%
OP_CAT_XED_CATEGORY_XOP_CORE_8                                  0                             0%
OP_CAT_XED_CATEGORY_XSAVE_CORE_8                                0                             0%
OP_CAT_XED_CATEGORY_XSAVEOPT_CORE_8                             0                             0%
OP_CAT_XED_CATEGORY_TR_MUL_CORE_8                               0                             0%
OP_CAT_XED_CATEGORY_TR_DIV_CORE_8                               0                             0%
OP_CAT_XED_CATEGORY_TR_FMUL_CORE_8                              0                             0%
OP_CAT_XED_CATEGORY_TR_FDIV_CORE_8                              0                             0%
OP_CAT_XED_CATEGORY_TR_NOP_CORE_8                               0                             0%
OP_CAT_XED_CATEGORY_PREFETCH_NTA_CORE_8                         0                             0%
OP_CAT_XED_CATEGORY_PREFETCH_T0_CORE_8                          0                             0%
OP_CAT_XED_CATEGORY_PREFETCH_T1_CORE_8                          0                             0%
OP_CAT_XED_CATEGORY_PREFETCH_T2_CORE_8                          0                             0%
OP_CAT_GPU_EN_CORE_8                                            0                             0%
OP_CAT_GPU_INVALID_CORE_8                                       0                             0%
OP_CAT_GPU_ABS_CORE_8                                           0                             0%
OP_CAT_GPU_ABS64_CORE_8                                         0                             0%
OP_CAT_GPU_ADD_CORE_8                                           0                             0%
OP_CAT_GPU_ADD64_CORE_8                                         0                             0%
OP_CAT_GPU_ADDC_CORE_8                                          0                             0%
OP_CAT_GPU_AND_CORE_8                                           0                             0%
OP_CAT_GPU_AND64_CORE_8                                         0                             0%
OP_CAT_GPU_ATOM_GM_CORE_8                                       0                             0%
OP_CAT_GPU_ATOM_SM_CORE_8                                       0                             0%
OP_CAT_GPU_ATOM64_GM_CORE_8                                  7748                       4.12969%
OP_CAT_GPU_ATOM64_SM_CORE_8                                     0                             0%
OP_CAT_GPU_BAR_ARRIVE_CORE_8                                  548                      0.292084%
OP_CAT_GPU_BAR_SYNC_CORE_8                                      0                             0%
OP_CAT_GPU_BAR_RED_CORE_8                                       0                             0%
OP_CAT_GPU_BFE_CORE_8                                           0                             0%
OP_CAT_GPU_BFE64_CORE_8                                         0                             0%
OP_CAT_GPU_BFI_CORE_8                                           0                             0%
OP_CAT_GPU_BFI64_CORE_8                                         0                             0%
OP_CAT_GPU_BFIND_CORE_8                                         0                             0%
OP_CAT_GPU_BFIND64_CORE_8                                       0                             0%
OP_CAT_GPU_BRA_CORE_8                                           0                             0%
OP_CAT_GPU_BREV_CORE_8                                          0                             0%
OP_CAT_GPU_BREV64_CORE_8                                        0                             0%
OP_CAT_GPU_BRKPT_CORE_8                                         0                             0%
OP_CAT_GPU_CALL_CORE_8                                          0                             0%
OP_CAT_GPU_CLZ_CORE_8                                           0                             0%
OP_CAT_GPU_CLZ64_CORE_8                                         9                    0.00479701%
OP_CAT_GPU_CNOT_CORE_8                                          0                             0%
OP_CAT_GPU_CNOT64_CORE_8                                       34                      0.018122%
OP_CAT_GPU_COPYSIGN_CORE_8                                      0                             0%
OP_CAT_GPU_COPYSIGN64_CORE_8                                    0                             0%
OP_CAT_GPU_COS_CORE_8                                       20825                       11.0997%
OP_CAT_GPU_CVT_CORE_8                                           0                             0%
OP_CAT_GPU_CVT64_CORE_8                                         0                             0%
OP_CAT_GPU_CVTA_CORE_8                                          0                             0%
OP_CAT_GPU_CVTA64_CORE_8                                    37869                       20.1842%
OP_CAT_GPU_DIV_CORE_8                                           0                             0%
OP_CAT_GPU_DIV64_CORE_8                                         0                             0%
OP_CAT_GPU_EX2_CORE_8                                           0                             0%
OP_CAT_GPU_EXIT_CORE_8                                          0                             0%
OP_CAT_GPU_FMA_CORE_8                                           0                             0%
OP_CAT_GPU_FMA64_CORE_8                                         0                             0%
OP_CAT_GPU_ISSPACEP_CORE_8                                  22730                       12.1151%
OP_CAT_GPU_LD_CORE_8                                        15654                       8.34359%
OP_CAT_GPU_LD64_CORE_8                                          0                             0%
OP_CAT_GPU_LDU_CORE_8                                       16159                       8.61276%
OP_CAT_GPU_LDU64_CORE_8                                         0                             0%
OP_CAT_GPU_LG2_CORE_8                                          68                      0.036244%
OP_CAT_GPU_MAD24_CORE_8                                      1047                      0.558052%
OP_CAT_GPU_MAD_CORE_8                                           0                             0%
OP_CAT_GPU_MAD64_CORE_8                                         0                             0%
OP_CAT_GPU_MADC_CORE_8                                          0                             0%
OP_CAT_GPU_MADC64_CORE_8                                        0                             0%
OP_CAT_GPU_MAX_CORE_8                                           0                             0%
OP_CAT_GPU_MAX64_CORE_8                                       548                      0.292084%
OP_CAT_GPU_MEMBAR_CTA_CORE_8                                  548                      0.292084%
OP_CAT_GPU_MEMBAR_GL_CORE_8                                     0                             0%
OP_CAT_GPU_MEMBAR_SYS_CORE_8                                    0                             0%
OP_CAT_GPU_MIN_CORE_8                                           0                             0%
OP_CAT_GPU_MIN64_CORE_8                                         0                             0%
OP_CAT_GPU_MOV_CORE_8                                           0                             0%
OP_CAT_GPU_MOV64_CORE_8                                         0                             0%
OP_CAT_GPU_MUL24_CORE_8                                      2319                       1.23603%
OP_CAT_GPU_MUL_CORE_8                                       16361                       8.72042%
OP_CAT_GPU_MUL64_CORE_8                                       764                      0.407213%
OP_CAT_GPU_NEG_CORE_8                                          79                     0.0421071%
OP_CAT_GPU_NEG64_CORE_8                                        72                     0.0383761%
OP_CAT_GPU_NOT_CORE_8                                           0                             0%
OP_CAT_GPU_NOT64_CORE_8                                         0                             0%
OP_CAT_GPU_OR_CORE_8                                            0                             0%
OP_CAT_GPU_OR64_CORE_8                                          0                             0%
OP_CAT_GPU_PMEVENT_CORE_8                                       0                             0%
OP_CAT_GPU_POPC_CORE_8                                       8728                       4.65203%
OP_CAT_GPU_POPC64_CORE_8                                        0                             0%
OP_CAT_GPU_PREFETCH_CORE_8                                   1844                      0.982853%
OP_CAT_GPU_PREFETCHU_CORE_8                                     0                             0%
OP_CAT_GPU_PRMT_CORE_8                                          0                             0%
OP_CAT_GPU_RCP_CORE_8                                         301                      0.160433%
OP_CAT_GPU_RCP64_CORE_8                                         0                             0%
OP_CAT_GPU_RED_GM_CORE_8                                     1028                      0.547925%
OP_CAT_GPU_RED_SM_CORE_8                                        0                             0%
OP_CAT_GPU_RED64_GM_CORE_8                                      0                             0%
OP_CAT_GPU_RED64_SM_CORE_8                                      0                             0%
OP_CAT_GPU_REM_CORE_8                                         764                      0.407213%
OP_CAT_GPU_REM64_CORE_8                                        34                      0.018122%
OP_CAT_GPU_RET_CORE_8                                           0                             0%
OP_CAT_GPU_RSQRT_CORE_8                                       274                      0.146042%
OP_CAT_GPU_RSQRT64_CORE_8                                       0                             0%
OP_CAT_GPU_SAD_CORE_8                                         274                      0.146042%
OP_CAT_GPU_SAD64_CORE_8                                       274                      0.146042%
OP_CAT_GPU_SELP_CORE_8                                          0                             0%
OP_CAT_GPU_SELP64_CORE_8                                        0                             0%
OP_CAT_GPU_SET_CORE_8                                           0                             0%
OP_CAT_GPU_SET64_CORE_8                                         0                             0%
OP_CAT_GPU_SETP_CORE_8                                          0                             0%
OP_CAT_GPU_SETP64_CORE_8                                        0                             0%
OP_CAT_GPU_SHFL_CORE_8                                          0                             0%
OP_CAT_GPU_SHFL64_CORE_8                                        0                             0%
OP_CAT_GPU_SHL_CORE_8                                           0                             0%
OP_CAT_GPU_SHL64_CORE_8                                         0                             0%
OP_CAT_GPU_SHR_CORE_8                                           0                             0%
OP_CAT_GPU_SHR64_CORE_8                                       274                      0.146042%
OP_CAT_GPU_SIN_CORE_8                                           0                             0%
OP_CAT_GPU_SLCT_CORE_8                                          0                             0%
OP_CAT_GPU_SLCT64_CORE_8                                        0                             0%
OP_CAT_GPU_SQRT_CORE_8                                          0                             0%
OP_CAT_GPU_SQRT64_CORE_8                                        0                             0%
OP_CAT_GPU_ST_CORE_8                                            0                             0%
OP_CAT_GPU_ST64_CORE_8                                          0                             0%
OP_CAT_GPU_SUB_CORE_8                                           0                             0%
OP_CAT_GPU_SUB64_CORE_8                                         0                             0%
OP_CAT_GPU_SUBC_CORE_8                                          0                             0%
OP_CAT_GPU_SULD_CORE_8                                          0                             0%
OP_CAT_GPU_SULD64_CORE_8                                        0                             0%
OP_CAT_GPU_SURED_CORE_8                                         0                             0%
OP_CAT_GPU_SURED64_CORE_8                                       0                             0%
OP_CAT_GPU_SUST_CORE_8                                          0                             0%
OP_CAT_GPU_SUST64_CORE_8                                        0                             0%
OP_CAT_GPU_SUQ_CORE_8                                          34                      0.018122%
OP_CAT_GPU_TESTP_CORE_8                                         0                             0%
OP_CAT_GPU_TESTP64_CORE_8                                       0                             0%
OP_CAT_GPU_TEX_CORE_8                                           0                             0%
OP_CAT_GPU_TLD4_CORE_8                                          0                             0%
OP_CAT_GPU_TXQ_CORE_8                                           0                             0%
OP_CAT_GPU_TRAP_CORE_8                                          0                             0%
OP_CAT_GPU_VABSDIFF_CORE_8                                      0                             0%
OP_CAT_GPU_VADD_CORE_8                                          0                             0%
OP_CAT_GPU_VMAD_CORE_8                                          0                             0%
OP_CAT_GPU_VMAX_CORE_8                                          0                             0%
OP_CAT_GPU_VMIN_CORE_8                                          0                             0%
OP_CAT_GPU_VSET_CORE_8                                          0                             0%
OP_CAT_GPU_VSHL_CORE_8                                      10434                       5.56133%
OP_CAT_GPU_VSHR_CORE_8                                          0                             0%
OP_CAT_GPU_VSUB_CORE_8                                          0                             0%
OP_CAT_GPU_VOTE_CORE_8                                          0                             0%
OP_CAT_GPU_XOR_CORE_8                                        8266                       4.40578%
OP_CAT_GPU_XOR64_CORE_8                                      9077                       4.83805%
OP_CAT_GPU_RECONVERGE_CORE_8                                    0                             0%
OP_CAT_GPU_PHI_CORE_8                                           9                    0.00479701%
OP_CAT_GPU_MEM_LD_GM_CORE_8                                     0                             0%
OP_CAT_GPU_MEM_LD_LM_CORE_8                                     0                             0%
OP_CAT_GPU_MEM_LD_SM_CORE_8                                     0                             0%
OP_CAT_GPU_MEM_LD_CM_CORE_8                                     0                             0%
OP_CAT_GPU_MEM_LD_TM_CORE_8                                     0                             0%
OP_CAT_GPU_MEM_LD_PM_CORE_8                                     0                             0%
OP_CAT_GPU_MEM_LDU_GM_CORE_8                                    0                             0%
OP_CAT_GPU_MEM_ST_GM_CORE_8                                     0                             0%
OP_CAT_GPU_MEM_ST_LM_CORE_8                                    72                     0.0383761%
OP_CAT_GPU_MEM_ST_SM_CORE_8                                     0                             0%
OP_CAT_GPU_DATA_XFER_GM_CORE_8                                  0                             0%
OP_CAT_GPU_DATA_XFER_LM_CORE_8                               1384                      0.737673%
OP_CAT_GPU_DATA_XFER_SM_CORE_8                                  0                             0%
OP_CAT_GED_ILLEGAL_CORE_8                                       0                             0%
OP_CAT_GED_MOV_CORE_8                                           0                             0%
OP_CAT_GED_SEL_CORE_8                                           0                             0%
OP_CAT_GED_MOVI_CORE_8                                          0                             0%
OP_CAT_GED_NOT_CORE_8                                           0                             0%
OP_CAT_GED_AND_CORE_8                                           0                             0%
OP_CAT_GED_OR_CORE_8                                         1164                      0.620413%
OP_CAT_GED_XOR_CORE_8                                           0                             0%
OP_CAT_GED_SHR_CORE_8                                           0                             0%
OP_CAT_GED_SHL_CORE_8                                           0                             0%
OP_CAT_GED_SMOV_CORE_8                                          0                             0%
OP_CAT_GED_ASR_CORE_8                                           0                             0%
OP_CAT_GED_CMP_CORE_8                                           0                             0%
OP_CAT_GED_CMPN_CORE_8                                          0                             0%
OP_CAT_GED_CSEL_CORE_8                                          0                             0%
OP_CAT_GED_BFREV_CORE_8                                         0                             0%
OP_CAT_GED_BFE_CORE_8                                           0                             0%
OP_CAT_GED_BFI1_CORE_8                                          0                             0%
OP_CAT_GED_BFI2_CORE_8                                          0                             0%
OP_CAT_GED_JMPI_CORE_8                                          0                             0%
OP_CAT_GED_BRD_CORE_8                                           0                             0%
OP_CAT_GED_IF_CORE_8                                            0                             0%
OP_CAT_GED_BRC_CORE_8                                           0                             0%
OP_CAT_GED_ELSE_CORE_8                                          0                             0%
OP_CAT_GED_ENDIF_CORE_8                                         0                             0%
OP_CAT_GED_WHILE_CORE_8                                         0                             0%
OP_CAT_GED_BREAK_CORE_8                                         0                             0%
OP_CAT_GED_CONT_CORE_8                                          0                             0%
OP_CAT_GED_HALT_CORE_8                                          0                             0%
OP_CAT_GED_CALLA_CORE_8                                         0                             0%
OP_CAT_GED_CALL_CORE_8                                          0                             0%
OP_CAT_GED_RET_CORE_8                                           0                             0%
OP_CAT_GED_GOTO_CORE_8                                          0                             0%
OP_CAT_GED_JOIN_CORE_8                                          0                             0%
OP_CAT_GED_WAIT_CORE_8                                          0                             0%
OP_CAT_GED_SEND_CORE_8                                          0                             0%
OP_CAT_GED_SENDC_CORE_8                                         0                             0%
OP_CAT_GED_SENDS_CORE_8                                         0                             0%
OP_CAT_GED_SENDSC_CORE_8                                        0                             0%
OP_CAT_GED_MATH_CORE_8                                          0                             0%
OP_CAT_GED_ADD_CORE_8                                           0                             0%
OP_CAT_GED_MUL_CORE_8                                           0                             0%
OP_CAT_GED_AVG_CORE_8                                           0                             0%
OP_CAT_GED_FRC_CORE_8                                           0                             0%
OP_CAT_GED_RNDU_CORE_8                                          0                             0%
OP_CAT_GED_RNDD_CORE_8                                          0                             0%
OP_CAT_GED_RNDE_CORE_8                                          0                             0%
OP_CAT_GED_RNDZ_CORE_8                                          0                             0%
OP_CAT_GED_MAC_CORE_8                                           0                             0%
OP_CAT_GED_MACH_CORE_8                                          0                             0%
OP_CAT_GED_LZD_CORE_8                                           0                             0%
OP_CAT_GED_FBH_CORE_8                                           0                             0%
OP_CAT_GED_FBL_CORE_8                                           0                             0%
OP_CAT_GED_CBIT_CORE_8                                          0                             0%
OP_CAT_GED_ADDC_CORE_8                                          0                             0%
OP_CAT_GED_SUBB_CORE_8                                          0                             0%
OP_CAT_GED_SAD2_CORE_8                                          0                             0%
OP_CAT_GED_SADA2_CORE_8                                         0                             0%
OP_CAT_GED_DP4_CORE_8                                           0                             0%
OP_CAT_GED_DPH_CORE_8                                           0                             0%
OP_CAT_GED_DP3_CORE_8                                           0                             0%
OP_CAT_GED_DP2_CORE_8                                           0                             0%
OP_CAT_GED_LINE_CORE_8                                          0                             0%
OP_CAT_GED_PLN_CORE_8                                           0                             0%
OP_CAT_GED_MAD_CORE_8                                           0                             0%
OP_CAT_GED_LRP_CORE_8                                           0                             0%
OP_CAT_GED_MADM_CORE_8                                          0                             0%
OP_CAT_GED_NOP_CORE_8                                           0                             0%
OP_CAT_GED_ROR_CORE_8                                           0                             0%
OP_CAT_GED_ROL_CORE_8                                           0                             0%
OP_CAT_GED_DP4A_CORE_8                                          0                             0%
OP_CAT_GED_F32TO16_CORE_8                                       0                             0%
OP_CAT_GED_F16TO32_CORE_8                                       0                             0%
OP_CAT_GED_DIM_CORE_8                                           0                             0%
OP_CAT_GED_INVALID_CORE_8                                       0                             0%
                                                           187617                           100%

PARENT_UOP_CORE_9                                               0                             0

CHILD_UOP_READ_CORE_9                                           0                             0

FP_OPS_CORE_9                                                   0                             0

OP_CAT_XED_CATEGORY_INVALID_CORE_9                              0                             0%
OP_CAT_XED_CATEGORY_3DNOW_CORE_9                                0                             0%
OP_CAT_XED_CATEGORY_ADOX_ADCX_CORE_9                            0                             0%
OP_CAT_XED_CATEGORY_AES_CORE_9                                  0                             0%
OP_CAT_XED_CATEGORY_AVX_CORE_9                                  0                             0%
OP_CAT_XED_CATEGORY_AVX2_CORE_9                                 0                             0%
OP_CAT_XED_CATEGORY_AVX2GATHER_CORE_9                           0                             0%
OP_CAT_XED_CATEGORY_AVX512_CORE_9                               0                             0%
OP_CAT_XED_CATEGORY_AVX512_4FMAPS_CORE_9                        0                             0%
OP_CAT_XED_CATEGORY_AVX512_4VNNIW_CORE_9                        0                             0%
OP_CAT_XED_CATEGORY_AVX512_BITALG_CORE_9                        0                             0%
OP_CAT_XED_CATEGORY_AVX512_VBMI_CORE_9                          0                             0%
OP_CAT_XED_CATEGORY_AVX512_VP2INTERSECT_CORE_9                   0                             0%
OP_CAT_XED_CATEGORY_BINARY_CORE_9                               0                             0%
OP_CAT_XED_CATEGORY_BITBYTE_CORE_9                              0                             0%
OP_CAT_XED_CATEGORY_BLEND_CORE_9                                0                             0%
OP_CAT_XED_CATEGORY_BMI1_CORE_9                                 0                             0%
OP_CAT_XED_CATEGORY_BMI2_CORE_9                                 0                             0%
OP_CAT_XED_CATEGORY_BROADCAST_CORE_9                            0                             0%
OP_CAT_XED_CATEGORY_CALL_CORE_9                                 0                             0%
OP_CAT_XED_CATEGORY_CET_CORE_9                                  0                             0%
OP_CAT_XED_CATEGORY_CLDEMOTE_CORE_9                             0                             0%
OP_CAT_XED_CATEGORY_CLFLUSHOPT_CORE_9                           0                             0%
OP_CAT_XED_CATEGORY_CLWB_CORE_9                                 0                             0%
OP_CAT_XED_CATEGORY_CLZERO_CORE_9                               0                             0%
OP_CAT_XED_CATEGORY_CMOV_CORE_9                                 0                             0%
OP_CAT_XED_CATEGORY_COMPRESS_CORE_9                             0                             0%
OP_CAT_XED_CATEGORY_COND_BR_CORE_9                              0                             0%
OP_CAT_XED_CATEGORY_CONFLICT_CORE_9                             0                             0%
OP_CAT_XED_CATEGORY_CONVERT_CORE_9                              0                             0%
OP_CAT_XED_CATEGORY_DATAXFER_CORE_9                             0                             0%
OP_CAT_XED_CATEGORY_DECIMAL_CORE_9                              0                             0%
OP_CAT_XED_CATEGORY_ENQCMD_CORE_9                               0                             0%
OP_CAT_XED_CATEGORY_EXPAND_CORE_9                               0                             0%
OP_CAT_XED_CATEGORY_FCMOV_CORE_9                                0                             0%
OP_CAT_XED_CATEGORY_FLAGOP_CORE_9                               0                             0%
OP_CAT_XED_CATEGORY_FMA4_CORE_9                                 0                             0%
OP_CAT_XED_CATEGORY_GATHER_CORE_9                               0                             0%
OP_CAT_XED_CATEGORY_GFNI_CORE_9                                 0                             0%
OP_CAT_XED_CATEGORY_IFMA_CORE_9                                 0                             0%
OP_CAT_XED_CATEGORY_INTERRUPT_CORE_9                            0                             0%
OP_CAT_XED_CATEGORY_IO_CORE_9                                   0                             0%
OP_CAT_XED_CATEGORY_IOSTRINGOP_CORE_9                           0                             0%
OP_CAT_XED_CATEGORY_KMASK_CORE_9                                0                             0%
OP_CAT_XED_CATEGORY_LOGICAL_CORE_9                              0                             0%
OP_CAT_XED_CATEGORY_LOGICAL_FP_CORE_9                           0                             0%
OP_CAT_XED_CATEGORY_LZCNT_CORE_9                                0                             0%
OP_CAT_XED_CATEGORY_MISC_CORE_9                                 0                             0%
OP_CAT_XED_CATEGORY_MMX_CORE_9                                  0                             0%
OP_CAT_XED_CATEGORY_MOVDIR_CORE_9                               0                             0%
OP_CAT_XED_CATEGORY_MPX_CORE_9                                  0                             0%
OP_CAT_XED_CATEGORY_NOP_CORE_9                                  0                             0%
OP_CAT_XED_CATEGORY_PCLMULQDQ_CORE_9                            0                             0%
OP_CAT_XED_CATEGORY_PCONFIG_CORE_9                              0                             0%
OP_CAT_XED_CATEGORY_PKU_CORE_9                                  0                             0%
OP_CAT_XED_CATEGORY_POP_CORE_9                                  0                             0%
OP_CAT_XED_CATEGORY_PREFETCH_CORE_9                             0                             0%
OP_CAT_XED_CATEGORY_PREFETCHWT1_CORE_9                          0                             0%
OP_CAT_XED_CATEGORY_PT_CORE_9                                   0                             0%
OP_CAT_XED_CATEGORY_PUSH_CORE_9                                 0                             0%
OP_CAT_XED_CATEGORY_RDPID_CORE_9                                0                             0%
OP_CAT_XED_CATEGORY_RDPRU_CORE_9                                0                             0%
OP_CAT_XED_CATEGORY_RDRAND_CORE_9                               0                             0%
OP_CAT_XED_CATEGORY_RDSEED_CORE_9                               0                             0%
OP_CAT_XED_CATEGORY_RDWRFSGS_CORE_9                             0                             0%
OP_CAT_XED_CATEGORY_RET_CORE_9                                  0                             0%
OP_CAT_XED_CATEGORY_ROTATE_CORE_9                               0                             0%
OP_CAT_XED_CATEGORY_SCATTER_CORE_9                              0                             0%
OP_CAT_XED_CATEGORY_SEGOP_CORE_9                                0                             0%
OP_CAT_XED_CATEGORY_SEMAPHORE_CORE_9                            0                             0%
OP_CAT_XED_CATEGORY_SETCC_CORE_9                                0                             0%
OP_CAT_XED_CATEGORY_SGX_CORE_9                                  0                             0%
OP_CAT_XED_CATEGORY_SHA_CORE_9                                  0                             0%
OP_CAT_XED_CATEGORY_SHIFT_CORE_9                                0                             0%
OP_CAT_XED_CATEGORY_SMAP_CORE_9                                 0                             0%
OP_CAT_XED_CATEGORY_SSE_CORE_9                                  0                             0%
OP_CAT_XED_CATEGORY_STRINGOP_CORE_9                             0                             0%
OP_CAT_XED_CATEGORY_STTNI_CORE_9                                0                             0%
OP_CAT_XED_CATEGORY_SYSCALL_CORE_9                              0                             0%
OP_CAT_XED_CATEGORY_SYSRET_CORE_9                               0                             0%
OP_CAT_XED_CATEGORY_SYSTEM_CORE_9                               0                             0%
OP_CAT_XED_CATEGORY_TBM_CORE_9                                  0                             0%
OP_CAT_XED_CATEGORY_UNCOND_BR_CORE_9                            0                             0%
OP_CAT_XED_CATEGORY_VAES_CORE_9                                 0                             0%
OP_CAT_XED_CATEGORY_VBMI2_CORE_9                                0                             0%
OP_CAT_XED_CATEGORY_VFMA_CORE_9                                 0                             0%
OP_CAT_XED_CATEGORY_VIA_PADLOCK_CORE_9                          0                             0%
OP_CAT_XED_CATEGORY_VPCLMULQDQ_CORE_9                           0                             0%
OP_CAT_XED_CATEGORY_VTX_CORE_9                                  0                             0%
OP_CAT_XED_CATEGORY_WAITPKG_CORE_9                              0                             0%
OP_CAT_XED_CATEGORY_WIDENOP_CORE_9                              0                             0%
OP_CAT_XED_CATEGORY_X87_ALU_CORE_9                              0                             0%
OP_CAT_XED_CATEGORY_XOP_CORE_9                                  0                             0%
OP_CAT_XED_CATEGORY_XSAVE_CORE_9                                0                             0%
OP_CAT_XED_CATEGORY_XSAVEOPT_CORE_9                             0                             0%
OP_CAT_XED_CATEGORY_TR_MUL_CORE_9                               0                             0%
OP_CAT_XED_CATEGORY_TR_DIV_CORE_9                               0                             0%
OP_CAT_XED_CATEGORY_TR_FMUL_CORE_9                              0                             0%
OP_CAT_XED_CATEGORY_TR_FDIV_CORE_9                              0                             0%
OP_CAT_XED_CATEGORY_TR_NOP_CORE_9                               0                             0%
OP_CAT_XED_CATEGORY_PREFETCH_NTA_CORE_9                         0                             0%
OP_CAT_XED_CATEGORY_PREFETCH_T0_CORE_9                          0                             0%
OP_CAT_XED_CATEGORY_PREFETCH_T1_CORE_9                          0                             0%
OP_CAT_XED_CATEGORY_PREFETCH_T2_CORE_9                          0                             0%
OP_CAT_GPU_EN_CORE_9                                            0                             0%
OP_CAT_GPU_INVALID_CORE_9                                       0                             0%
OP_CAT_GPU_ABS_CORE_9                                           0                             0%
OP_CAT_GPU_ABS64_CORE_9                                         0                             0%
OP_CAT_GPU_ADD_CORE_9                                           0                             0%
OP_CAT_GPU_ADD64_CORE_9                                         0                             0%
OP_CAT_GPU_ADDC_CORE_9                                          0                             0%
OP_CAT_GPU_AND_CORE_9                                           0                             0%
OP_CAT_GPU_AND64_CORE_9                                         0                             0%
OP_CAT_GPU_ATOM_GM_CORE_9                                       0                             0%
OP_CAT_GPU_ATOM_SM_CORE_9                                       0                             0%
OP_CAT_GPU_ATOM64_GM_CORE_9                                  7973                        4.1474%
OP_CAT_GPU_ATOM64_SM_CORE_9                                     0                             0%
OP_CAT_GPU_BAR_ARRIVE_CORE_9                                  578                      0.300664%
OP_CAT_GPU_BAR_SYNC_CORE_9                                      0                             0%
OP_CAT_GPU_BAR_RED_CORE_9                                       0                             0%
OP_CAT_GPU_BFE_CORE_9                                           0                             0%
OP_CAT_GPU_BFE64_CORE_9                                         0                             0%
OP_CAT_GPU_BFI_CORE_9                                           0                             0%
OP_CAT_GPU_BFI64_CORE_9                                         0                             0%
OP_CAT_GPU_BFIND_CORE_9                                         0                             0%
OP_CAT_GPU_BFIND64_CORE_9                                       0                             0%
OP_CAT_GPU_BRA_CORE_9                                           0                             0%
OP_CAT_GPU_BREV_CORE_9                                          0                             0%
OP_CAT_GPU_BREV64_CORE_9                                        0                             0%
OP_CAT_GPU_BRKPT_CORE_9                                         0                             0%
OP_CAT_GPU_CALL_CORE_9                                          0                             0%
OP_CAT_GPU_CLZ_CORE_9                                           0                             0%
OP_CAT_GPU_CLZ64_CORE_9                                         7                    0.00364126%
OP_CAT_GPU_CNOT_CORE_9                                          0                             0%
OP_CAT_GPU_CNOT64_CORE_9                                       36                     0.0187265%
OP_CAT_GPU_COPYSIGN_CORE_9                                      0                             0%
OP_CAT_GPU_COPYSIGN64_CORE_9                                    0                             0%
OP_CAT_GPU_COS_CORE_9                                       21190                       11.0226%
OP_CAT_GPU_CVT_CORE_9                                           0                             0%
OP_CAT_GPU_CVT64_CORE_9                                         0                             0%
OP_CAT_GPU_CVTA_CORE_9                                          0                             0%
OP_CAT_GPU_CVTA64_CORE_9                                    38931                       20.2511%
OP_CAT_GPU_DIV_CORE_9                                           0                             0%
OP_CAT_GPU_DIV64_CORE_9                                         0                             0%
OP_CAT_GPU_EX2_CORE_9                                           0                             0%
OP_CAT_GPU_EXIT_CORE_9                                          0                             0%
OP_CAT_GPU_FMA_CORE_9                                           0                             0%
OP_CAT_GPU_FMA64_CORE_9                                         0                             0%
OP_CAT_GPU_ISSPACEP_CORE_9                                  23254                       12.0963%
OP_CAT_GPU_LD_CORE_9                                        16088                       8.36866%
OP_CAT_GPU_LD64_CORE_9                                          0                             0%
OP_CAT_GPU_LDU_CORE_9                                       16623                       8.64696%
OP_CAT_GPU_LDU64_CORE_9                                         0                             0%
OP_CAT_GPU_LG2_CORE_9                                          72                      0.037453%
OP_CAT_GPU_MAD24_CORE_9                                      1128                      0.586764%
OP_CAT_GPU_MAD_CORE_9                                           0                             0%
OP_CAT_GPU_MAD64_CORE_9                                         0                             0%
OP_CAT_GPU_MADC_CORE_9                                          0                             0%
OP_CAT_GPU_MADC64_CORE_9                                        0                             0%
OP_CAT_GPU_MAX_CORE_9                                           0                             0%
OP_CAT_GPU_MAX64_CORE_9                                       578                      0.300664%
OP_CAT_GPU_MEMBAR_CTA_CORE_9                                  578                      0.300664%
OP_CAT_GPU_MEMBAR_GL_CORE_9                                     0                             0%
OP_CAT_GPU_MEMBAR_SYS_CORE_9                                    0                             0%
OP_CAT_GPU_MIN_CORE_9                                           0                             0%
OP_CAT_GPU_MIN64_CORE_9                                         0                             0%
OP_CAT_GPU_MOV_CORE_9                                           0                             0%
OP_CAT_GPU_MOV64_CORE_9                                         0                             0%
OP_CAT_GPU_MUL24_CORE_9                                      2517                       1.30929%
OP_CAT_GPU_MUL_CORE_9                                       16856                       8.76816%
OP_CAT_GPU_MUL64_CORE_9                                       832                       0.43279%
OP_CAT_GPU_NEG_CORE_9                                          71                     0.0369328%
OP_CAT_GPU_NEG64_CORE_9                                        56                     0.0291301%
OP_CAT_GPU_NOT_CORE_9                                           0                             0%
OP_CAT_GPU_NOT64_CORE_9                                         0                             0%
OP_CAT_GPU_OR_CORE_9                                            0                             0%
OP_CAT_GPU_OR64_CORE_9                                          0                             0%
OP_CAT_GPU_PMEVENT_CORE_9                                       0                             0%
OP_CAT_GPU_POPC_CORE_9                                       8887                       4.62284%
OP_CAT_GPU_POPC64_CORE_9                                        0                             0%
OP_CAT_GPU_PREFETCH_CORE_9                                   1586                      0.825006%
OP_CAT_GPU_PREFETCHU_CORE_9                                     0                             0%
OP_CAT_GPU_PRMT_CORE_9                                          0                             0%
OP_CAT_GPU_RCP_CORE_9                                         310                      0.161256%
OP_CAT_GPU_RCP64_CORE_9                                         0                             0%
OP_CAT_GPU_RED_GM_CORE_9                                      885                       0.46036%
OP_CAT_GPU_RED_SM_CORE_9                                        0                             0%
OP_CAT_GPU_RED64_GM_CORE_9                                      0                             0%
OP_CAT_GPU_RED64_SM_CORE_9                                      0                             0%
OP_CAT_GPU_REM_CORE_9                                         832                       0.43279%
OP_CAT_GPU_REM64_CORE_9                                        36                     0.0187265%
OP_CAT_GPU_RET_CORE_9                                           0                             0%
OP_CAT_GPU_RSQRT_CORE_9                                       289                      0.150332%
OP_CAT_GPU_RSQRT64_CORE_9                                       0                             0%
OP_CAT_GPU_SAD_CORE_9                                         289                      0.150332%
OP_CAT_GPU_SAD64_CORE_9                                       289                      0.150332%
OP_CAT_GPU_SELP_CORE_9                                          0                             0%
OP_CAT_GPU_SELP64_CORE_9                                        0                             0%
OP_CAT_GPU_SET_CORE_9                                           0                             0%
OP_CAT_GPU_SET64_CORE_9                                         0                             0%
OP_CAT_GPU_SETP_CORE_9                                          0                             0%
OP_CAT_GPU_SETP64_CORE_9                                        0                             0%
OP_CAT_GPU_SHFL_CORE_9                                          0                             0%
OP_CAT_GPU_SHFL64_CORE_9                                        0                             0%
OP_CAT_GPU_SHL_CORE_9                                           0                             0%
OP_CAT_GPU_SHL64_CORE_9                                         0                             0%
OP_CAT_GPU_SHR_CORE_9                                           0                             0%
OP_CAT_GPU_SHR64_CORE_9                                       289                      0.150332%
OP_CAT_GPU_SIN_CORE_9                                           0                             0%
OP_CAT_GPU_SLCT_CORE_9                                          0                             0%
OP_CAT_GPU_SLCT64_CORE_9                                        0                             0%
OP_CAT_GPU_SQRT_CORE_9                                          0                             0%
OP_CAT_GPU_SQRT64_CORE_9                                        0                             0%
OP_CAT_GPU_ST_CORE_9                                            0                             0%
OP_CAT_GPU_ST64_CORE_9                                          0                             0%
OP_CAT_GPU_SUB_CORE_9                                           0                             0%
OP_CAT_GPU_SUB64_CORE_9                                         0                             0%
OP_CAT_GPU_SUBC_CORE_9                                          0                             0%
OP_CAT_GPU_SULD_CORE_9                                          0                             0%
OP_CAT_GPU_SULD64_CORE_9                                        0                             0%
OP_CAT_GPU_SURED_CORE_9                                         0                             0%
OP_CAT_GPU_SURED64_CORE_9                                       0                             0%
OP_CAT_GPU_SUST_CORE_9                                          0                             0%
OP_CAT_GPU_SUST64_CORE_9                                        0                             0%
OP_CAT_GPU_SUQ_CORE_9                                          36                     0.0187265%
OP_CAT_GPU_TESTP_CORE_9                                         0                             0%
OP_CAT_GPU_TESTP64_CORE_9                                       0                             0%
OP_CAT_GPU_TEX_CORE_9                                           0                             0%
OP_CAT_GPU_TLD4_CORE_9                                          0                             0%
OP_CAT_GPU_TXQ_CORE_9                                           0                             0%
OP_CAT_GPU_TRAP_CORE_9                                          0                             0%
OP_CAT_GPU_VABSDIFF_CORE_9                                      0                             0%
OP_CAT_GPU_VADD_CORE_9                                          0                             0%
OP_CAT_GPU_VMAD_CORE_9                                          0                             0%
OP_CAT_GPU_VMAX_CORE_9                                          0                             0%
OP_CAT_GPU_VMIN_CORE_9                                          0                             0%
OP_CAT_GPU_VSET_CORE_9                                          0                             0%
OP_CAT_GPU_VSHL_CORE_9                                      10664                        5.5472%
OP_CAT_GPU_VSHR_CORE_9                                          0                             0%
OP_CAT_GPU_VSUB_CORE_9                                          0                             0%
OP_CAT_GPU_VOTE_CORE_9                                          0                             0%
OP_CAT_GPU_XOR_CORE_9                                        8465                       4.40333%
OP_CAT_GPU_XOR64_CORE_9                                      9345                       4.86109%
OP_CAT_GPU_RECONVERGE_CORE_9                                    0                             0%
OP_CAT_GPU_PHI_CORE_9                                           7                    0.00364126%
OP_CAT_GPU_MEM_LD_GM_CORE_9                                     0                             0%
OP_CAT_GPU_MEM_LD_LM_CORE_9                                     0                             0%
OP_CAT_GPU_MEM_LD_SM_CORE_9                                     0                             0%
OP_CAT_GPU_MEM_LD_CM_CORE_9                                     0                             0%
OP_CAT_GPU_MEM_LD_TM_CORE_9                                     0                             0%
OP_CAT_GPU_MEM_LD_PM_CORE_9                                     0                             0%
OP_CAT_GPU_MEM_LDU_GM_CORE_9                                    0                             0%
OP_CAT_GPU_MEM_ST_GM_CORE_9                                     0                             0%
OP_CAT_GPU_MEM_ST_LM_CORE_9                                    56                     0.0291301%
OP_CAT_GPU_MEM_ST_SM_CORE_9                                     0                             0%
OP_CAT_GPU_DATA_XFER_GM_CORE_9                                  0                             0%
OP_CAT_GPU_DATA_XFER_LM_CORE_9                               1380                      0.717849%
OP_CAT_GPU_DATA_XFER_SM_CORE_9                                  0                             0%
OP_CAT_GED_ILLEGAL_CORE_9                                       0                             0%
OP_CAT_GED_MOV_CORE_9                                           0                             0%
OP_CAT_GED_SEL_CORE_9                                           0                             0%
OP_CAT_GED_MOVI_CORE_9                                          0                             0%
OP_CAT_GED_NOT_CORE_9                                           0                             0%
OP_CAT_GED_AND_CORE_9                                           0                             0%
OP_CAT_GED_OR_CORE_9                                         1228                      0.638782%
OP_CAT_GED_XOR_CORE_9                                           0                             0%
OP_CAT_GED_SHR_CORE_9                                           0                             0%
OP_CAT_GED_SHL_CORE_9                                           0                             0%
OP_CAT_GED_SMOV_CORE_9                                          0                             0%
OP_CAT_GED_ASR_CORE_9                                           0                             0%
OP_CAT_GED_CMP_CORE_9                                           0                             0%
OP_CAT_GED_CMPN_CORE_9                                          0                             0%
OP_CAT_GED_CSEL_CORE_9                                          0                             0%
OP_CAT_GED_BFREV_CORE_9                                         0                             0%
OP_CAT_GED_BFE_CORE_9                                           0                             0%
OP_CAT_GED_BFI1_CORE_9                                          0                             0%
OP_CAT_GED_BFI2_CORE_9                                          0                             0%
OP_CAT_GED_JMPI_CORE_9                                          0                             0%
OP_CAT_GED_BRD_CORE_9                                           0                             0%
OP_CAT_GED_IF_CORE_9                                            0                             0%
OP_CAT_GED_BRC_CORE_9                                           0                             0%
OP_CAT_GED_ELSE_CORE_9                                          0                             0%
OP_CAT_GED_ENDIF_CORE_9                                         0                             0%
OP_CAT_GED_WHILE_CORE_9                                         0                             0%
OP_CAT_GED_BREAK_CORE_9                                         0                             0%
OP_CAT_GED_CONT_CORE_9                                          0                             0%
OP_CAT_GED_HALT_CORE_9                                          0                             0%
OP_CAT_GED_CALLA_CORE_9                                         0                             0%
OP_CAT_GED_CALL_CORE_9                                          0                             0%
OP_CAT_GED_RET_CORE_9                                           0                             0%
OP_CAT_GED_GOTO_CORE_9                                          0                             0%
OP_CAT_GED_JOIN_CORE_9                                          0                             0%
OP_CAT_GED_WAIT_CORE_9                                          0                             0%
OP_CAT_GED_SEND_CORE_9                                          0                             0%
OP_CAT_GED_SENDC_CORE_9                                         0                             0%
OP_CAT_GED_SENDS_CORE_9                                         0                             0%
OP_CAT_GED_SENDSC_CORE_9                                        0                             0%
OP_CAT_GED_MATH_CORE_9                                          0                             0%
OP_CAT_GED_ADD_CORE_9                                           0                             0%
OP_CAT_GED_MUL_CORE_9                                           0                             0%
OP_CAT_GED_AVG_CORE_9                                           0                             0%
OP_CAT_GED_FRC_CORE_9                                           0                             0%
OP_CAT_GED_RNDU_CORE_9                                          0                             0%
OP_CAT_GED_RNDD_CORE_9                                          0                             0%
OP_CAT_GED_RNDE_CORE_9                                          0                             0%
OP_CAT_GED_RNDZ_CORE_9                                          0                             0%
OP_CAT_GED_MAC_CORE_9                                           0                             0%
OP_CAT_GED_MACH_CORE_9                                          0                             0%
OP_CAT_GED_LZD_CORE_9                                           0                             0%
OP_CAT_GED_FBH_CORE_9                                           0                             0%
OP_CAT_GED_FBL_CORE_9                                           0                             0%
OP_CAT_GED_CBIT_CORE_9                                          0                             0%
OP_CAT_GED_ADDC_CORE_9                                          0                             0%
OP_CAT_GED_SUBB_CORE_9                                          0                             0%
OP_CAT_GED_SAD2_CORE_9                                          0                             0%
OP_CAT_GED_SADA2_CORE_9                                         0                             0%
OP_CAT_GED_DP4_CORE_9                                           0                             0%
OP_CAT_GED_DPH_CORE_9                                           0                             0%
OP_CAT_GED_DP3_CORE_9                                           0                             0%
OP_CAT_GED_DP2_CORE_9                                           0                             0%
OP_CAT_GED_LINE_CORE_9                                          0                             0%
OP_CAT_GED_PLN_CORE_9                                           0                             0%
OP_CAT_GED_MAD_CORE_9                                           0                             0%
OP_CAT_GED_LRP_CORE_9                                           0                             0%
OP_CAT_GED_MADM_CORE_9                                          0                             0%
OP_CAT_GED_NOP_CORE_9                                           0                             0%
OP_CAT_GED_ROR_CORE_9                                           0                             0%
OP_CAT_GED_ROL_CORE_9                                           0                             0%
OP_CAT_GED_DP4A_CORE_9                                          0                             0%
OP_CAT_GED_F32TO16_CORE_9                                       0                             0%
OP_CAT_GED_F16TO32_CORE_9                                       0                             0%
OP_CAT_GED_DIM_CORE_9                                           0                             0%
OP_CAT_GED_INVALID_CORE_9                                       0                             0%
                                                           192241                           100%

PARENT_UOP_CORE_10                                              0                             0

CHILD_UOP_READ_CORE_10                                          0                             0

FP_OPS_CORE_10                                                  0                             0

OP_CAT_XED_CATEGORY_INVALID_CORE_10                             0                             0%
OP_CAT_XED_CATEGORY_3DNOW_CORE_10                               0                             0%
OP_CAT_XED_CATEGORY_ADOX_ADCX_CORE_10                           0                             0%
OP_CAT_XED_CATEGORY_AES_CORE_10                                 0                             0%
OP_CAT_XED_CATEGORY_AVX_CORE_10                                 0                             0%
OP_CAT_XED_CATEGORY_AVX2_CORE_10                                0                             0%
OP_CAT_XED_CATEGORY_AVX2GATHER_CORE_10                          0                             0%
OP_CAT_XED_CATEGORY_AVX512_CORE_10                              0                             0%
OP_CAT_XED_CATEGORY_AVX512_4FMAPS_CORE_10                       0                             0%
OP_CAT_XED_CATEGORY_AVX512_4VNNIW_CORE_10                       0                             0%
OP_CAT_XED_CATEGORY_AVX512_BITALG_CORE_10                       0                             0%
OP_CAT_XED_CATEGORY_AVX512_VBMI_CORE_10                         0                             0%
OP_CAT_XED_CATEGORY_AVX512_VP2INTERSECT_CORE_10                   0                             0%
OP_CAT_XED_CATEGORY_BINARY_CORE_10                              0                             0%
OP_CAT_XED_CATEGORY_BITBYTE_CORE_10                             0                             0%
OP_CAT_XED_CATEGORY_BLEND_CORE_10                               0                             0%
OP_CAT_XED_CATEGORY_BMI1_CORE_10                                0                             0%
OP_CAT_XED_CATEGORY_BMI2_CORE_10                                0                             0%
OP_CAT_XED_CATEGORY_BROADCAST_CORE_10                           0                             0%
OP_CAT_XED_CATEGORY_CALL_CORE_10                                0                             0%
OP_CAT_XED_CATEGORY_CET_CORE_10                                 0                             0%
OP_CAT_XED_CATEGORY_CLDEMOTE_CORE_10                            0                             0%
OP_CAT_XED_CATEGORY_CLFLUSHOPT_CORE_10                          0                             0%
OP_CAT_XED_CATEGORY_CLWB_CORE_10                                0                             0%
OP_CAT_XED_CATEGORY_CLZERO_CORE_10                              0                             0%
OP_CAT_XED_CATEGORY_CMOV_CORE_10                                0                             0%
OP_CAT_XED_CATEGORY_COMPRESS_CORE_10                            0                             0%
OP_CAT_XED_CATEGORY_COND_BR_CORE_10                             0                             0%
OP_CAT_XED_CATEGORY_CONFLICT_CORE_10                            0                             0%
OP_CAT_XED_CATEGORY_CONVERT_CORE_10                             0                             0%
OP_CAT_XED_CATEGORY_DATAXFER_CORE_10                            0                             0%
OP_CAT_XED_CATEGORY_DECIMAL_CORE_10                             0                             0%
OP_CAT_XED_CATEGORY_ENQCMD_CORE_10                              0                             0%
OP_CAT_XED_CATEGORY_EXPAND_CORE_10                              0                             0%
OP_CAT_XED_CATEGORY_FCMOV_CORE_10                               0                             0%
OP_CAT_XED_CATEGORY_FLAGOP_CORE_10                              0                             0%
OP_CAT_XED_CATEGORY_FMA4_CORE_10                                0                             0%
OP_CAT_XED_CATEGORY_GATHER_CORE_10                              0                             0%
OP_CAT_XED_CATEGORY_GFNI_CORE_10                                0                             0%
OP_CAT_XED_CATEGORY_IFMA_CORE_10                                0                             0%
OP_CAT_XED_CATEGORY_INTERRUPT_CORE_10                           0                             0%
OP_CAT_XED_CATEGORY_IO_CORE_10                                  0                             0%
OP_CAT_XED_CATEGORY_IOSTRINGOP_CORE_10                          0                             0%
OP_CAT_XED_CATEGORY_KMASK_CORE_10                               0                             0%
OP_CAT_XED_CATEGORY_LOGICAL_CORE_10                             0                             0%
OP_CAT_XED_CATEGORY_LOGICAL_FP_CORE_10                          0                             0%
OP_CAT_XED_CATEGORY_LZCNT_CORE_10                               0                             0%
OP_CAT_XED_CATEGORY_MISC_CORE_10                                0                             0%
OP_CAT_XED_CATEGORY_MMX_CORE_10                                 0                             0%
OP_CAT_XED_CATEGORY_MOVDIR_CORE_10                              0                             0%
OP_CAT_XED_CATEGORY_MPX_CORE_10                                 0                             0%
OP_CAT_XED_CATEGORY_NOP_CORE_10                                 0                             0%
OP_CAT_XED_CATEGORY_PCLMULQDQ_CORE_10                           0                             0%
OP_CAT_XED_CATEGORY_PCONFIG_CORE_10                             0                             0%
OP_CAT_XED_CATEGORY_PKU_CORE_10                                 0                             0%
OP_CAT_XED_CATEGORY_POP_CORE_10                                 0                             0%
OP_CAT_XED_CATEGORY_PREFETCH_CORE_10                            0                             0%
OP_CAT_XED_CATEGORY_PREFETCHWT1_CORE_10                         0                             0%
OP_CAT_XED_CATEGORY_PT_CORE_10                                  0                             0%
OP_CAT_XED_CATEGORY_PUSH_CORE_10                                0                             0%
OP_CAT_XED_CATEGORY_RDPID_CORE_10                               0                             0%
OP_CAT_XED_CATEGORY_RDPRU_CORE_10                               0                             0%
OP_CAT_XED_CATEGORY_RDRAND_CORE_10                              0                             0%
OP_CAT_XED_CATEGORY_RDSEED_CORE_10                              0                             0%
OP_CAT_XED_CATEGORY_RDWRFSGS_CORE_10                            0                             0%
OP_CAT_XED_CATEGORY_RET_CORE_10                                 0                             0%
OP_CAT_XED_CATEGORY_ROTATE_CORE_10                              0                             0%
OP_CAT_XED_CATEGORY_SCATTER_CORE_10                             0                             0%
OP_CAT_XED_CATEGORY_SEGOP_CORE_10                               0                             0%
OP_CAT_XED_CATEGORY_SEMAPHORE_CORE_10                           0                             0%
OP_CAT_XED_CATEGORY_SETCC_CORE_10                               0                             0%
OP_CAT_XED_CATEGORY_SGX_CORE_10                                 0                             0%
OP_CAT_XED_CATEGORY_SHA_CORE_10                                 0                             0%
OP_CAT_XED_CATEGORY_SHIFT_CORE_10                               0                             0%
OP_CAT_XED_CATEGORY_SMAP_CORE_10                                0                             0%
OP_CAT_XED_CATEGORY_SSE_CORE_10                                 0                             0%
OP_CAT_XED_CATEGORY_STRINGOP_CORE_10                            0                             0%
OP_CAT_XED_CATEGORY_STTNI_CORE_10                               0                             0%
OP_CAT_XED_CATEGORY_SYSCALL_CORE_10                             0                             0%
OP_CAT_XED_CATEGORY_SYSRET_CORE_10                              0                             0%
OP_CAT_XED_CATEGORY_SYSTEM_CORE_10                              0                             0%
OP_CAT_XED_CATEGORY_TBM_CORE_10                                 0                             0%
OP_CAT_XED_CATEGORY_UNCOND_BR_CORE_10                           0                             0%
OP_CAT_XED_CATEGORY_VAES_CORE_10                                0                             0%
OP_CAT_XED_CATEGORY_VBMI2_CORE_10                               0                             0%
OP_CAT_XED_CATEGORY_VFMA_CORE_10                                0                             0%
OP_CAT_XED_CATEGORY_VIA_PADLOCK_CORE_10                         0                             0%
OP_CAT_XED_CATEGORY_VPCLMULQDQ_CORE_10                          0                             0%
OP_CAT_XED_CATEGORY_VTX_CORE_10                                 0                             0%
OP_CAT_XED_CATEGORY_WAITPKG_CORE_10                             0                             0%
OP_CAT_XED_CATEGORY_WIDENOP_CORE_10                             0                             0%
OP_CAT_XED_CATEGORY_X87_ALU_CORE_10                             0                             0%
OP_CAT_XED_CATEGORY_XOP_CORE_10                                 0                             0%
OP_CAT_XED_CATEGORY_XSAVE_CORE_10                               0                             0%
OP_CAT_XED_CATEGORY_XSAVEOPT_CORE_10                            0                             0%
OP_CAT_XED_CATEGORY_TR_MUL_CORE_10                              0                             0%
OP_CAT_XED_CATEGORY_TR_DIV_CORE_10                              0                             0%
OP_CAT_XED_CATEGORY_TR_FMUL_CORE_10                             0                             0%
OP_CAT_XED_CATEGORY_TR_FDIV_CORE_10                             0                             0%
OP_CAT_XED_CATEGORY_TR_NOP_CORE_10                              0                             0%
OP_CAT_XED_CATEGORY_PREFETCH_NTA_CORE_10                        0                             0%
OP_CAT_XED_CATEGORY_PREFETCH_T0_CORE_10                         0                             0%
OP_CAT_XED_CATEGORY_PREFETCH_T1_CORE_10                         0                             0%
OP_CAT_XED_CATEGORY_PREFETCH_T2_CORE_10                         0                             0%
OP_CAT_GPU_EN_CORE_10                                           0                             0%
OP_CAT_GPU_INVALID_CORE_10                                      0                             0%
OP_CAT_GPU_ABS_CORE_10                                          0                             0%
OP_CAT_GPU_ABS64_CORE_10                                        0                             0%
OP_CAT_GPU_ADD_CORE_10                                          0                             0%
OP_CAT_GPU_ADD64_CORE_10                                        0                             0%
OP_CAT_GPU_ADDC_CORE_10                                         0                             0%
OP_CAT_GPU_AND_CORE_10                                          0                             0%
OP_CAT_GPU_AND64_CORE_10                                        0                             0%
OP_CAT_GPU_ATOM_GM_CORE_10                                      0                             0%
OP_CAT_GPU_ATOM_SM_CORE_10                                      0                             0%
OP_CAT_GPU_ATOM64_GM_CORE_10                                 7941                       4.00972%
OP_CAT_GPU_ATOM64_SM_CORE_10                                    0                             0%
OP_CAT_GPU_BAR_ARRIVE_CORE_10                                 576                      0.290844%
OP_CAT_GPU_BAR_SYNC_CORE_10                                     0                             0%
OP_CAT_GPU_BAR_RED_CORE_10                                      0                             0%
OP_CAT_GPU_BFE_CORE_10                                          0                             0%
OP_CAT_GPU_BFE64_CORE_10                                        0                             0%
OP_CAT_GPU_BFI_CORE_10                                          0                             0%
OP_CAT_GPU_BFI64_CORE_10                                        0                             0%
OP_CAT_GPU_BFIND_CORE_10                                        0                             0%
OP_CAT_GPU_BFIND64_CORE_10                                      0                             0%
OP_CAT_GPU_BRA_CORE_10                                          0                             0%
OP_CAT_GPU_BREV_CORE_10                                         0                             0%
OP_CAT_GPU_BREV64_CORE_10                                       0                             0%
OP_CAT_GPU_BRKPT_CORE_10                                        0                             0%
OP_CAT_GPU_CALL_CORE_10                                         0                             0%
OP_CAT_GPU_CLZ_CORE_10                                          0                             0%
OP_CAT_GPU_CLZ64_CORE_10                                        9                    0.00454444%
OP_CAT_GPU_CNOT_CORE_10                                         0                             0%
OP_CAT_GPU_CNOT64_CORE_10                                      36                     0.0181778%
OP_CAT_GPU_COPYSIGN_CORE_10                                     0                             0%
OP_CAT_GPU_COPYSIGN64_CORE_10                                   0                             0%
OP_CAT_GPU_COS_CORE_10                                      21372                       10.7915%
OP_CAT_GPU_CVT_CORE_10                                          0                             0%
OP_CAT_GPU_CVT64_CORE_10                                        0                             0%
OP_CAT_GPU_CVTA_CORE_10                                         0                             0%
OP_CAT_GPU_CVTA64_CORE_10                                   40190                       20.2935%
OP_CAT_GPU_DIV_CORE_10                                          0                             0%
OP_CAT_GPU_DIV64_CORE_10                                        0                             0%
OP_CAT_GPU_EX2_CORE_10                                          0                             0%
OP_CAT_GPU_EXIT_CORE_10                                         0                             0%
OP_CAT_GPU_FMA_CORE_10                                          0                             0%
OP_CAT_GPU_FMA64_CORE_10                                        0                             0%
OP_CAT_GPU_ISSPACEP_CORE_10                                 23395                        11.813%
OP_CAT_GPU_LD_CORE_10                                       16044                       8.10123%
OP_CAT_GPU_LD64_CORE_10                                         0                             0%
OP_CAT_GPU_LDU_CORE_10                                      16575                       8.36935%
OP_CAT_GPU_LDU64_CORE_10                                        0                             0%
OP_CAT_GPU_LG2_CORE_10                                         72                     0.0363556%
OP_CAT_GPU_MAD24_CORE_10                                     1661                      0.838702%
OP_CAT_GPU_MAD_CORE_10                                          0                             0%
OP_CAT_GPU_MAD64_CORE_10                                        0                             0%
OP_CAT_GPU_MADC_CORE_10                                         0                             0%
OP_CAT_GPU_MADC64_CORE_10                                       0                             0%
OP_CAT_GPU_MAX_CORE_10                                          0                             0%
OP_CAT_GPU_MAX64_CORE_10                                      576                      0.290844%
OP_CAT_GPU_MEMBAR_CTA_CORE_10                                 576                      0.290844%
OP_CAT_GPU_MEMBAR_GL_CORE_10                                    0                             0%
OP_CAT_GPU_MEMBAR_SYS_CORE_10                                   0                             0%
OP_CAT_GPU_MIN_CORE_10                                          0                             0%
OP_CAT_GPU_MIN64_CORE_10                                        0                             0%
OP_CAT_GPU_MOV_CORE_10                                          0                             0%
OP_CAT_GPU_MOV64_CORE_10                                        0                             0%
OP_CAT_GPU_MUL24_CORE_10                                     4119                       2.07984%
OP_CAT_GPU_MUL_CORE_10                                      16791                       8.47842%
OP_CAT_GPU_MUL64_CORE_10                                     1364                      0.688736%
OP_CAT_GPU_NEG_CORE_10                                         81                        0.0409%
OP_CAT_GPU_NEG64_CORE_10                                       72                     0.0363556%
OP_CAT_GPU_NOT_CORE_10                                          0                             0%
OP_CAT_GPU_NOT64_CORE_10                                        0                             0%
OP_CAT_GPU_OR_CORE_10                                           0                             0%
OP_CAT_GPU_OR64_CORE_10                                         0                             0%
OP_CAT_GPU_PMEVENT_CORE_10                                      0                             0%
OP_CAT_GPU_POPC_CORE_10                                      8949                       4.51869%
OP_CAT_GPU_POPC64_CORE_10                                       0                             0%
OP_CAT_GPU_PREFETCH_CORE_10                                  1872                      0.945244%
OP_CAT_GPU_PREFETCHU_CORE_10                                    0                             0%
OP_CAT_GPU_PRMT_CORE_10                                         0                             0%
OP_CAT_GPU_RCP_CORE_10                                        315                      0.159056%
OP_CAT_GPU_RCP64_CORE_10                                        0                             0%
OP_CAT_GPU_RED_GM_CORE_10                                    1044                      0.527156%
OP_CAT_GPU_RED_SM_CORE_10                                       0                             0%
OP_CAT_GPU_RED64_GM_CORE_10                                     0                             0%
OP_CAT_GPU_RED64_SM_CORE_10                                     0                             0%
OP_CAT_GPU_REM_CORE_10                                       1364                      0.688736%
OP_CAT_GPU_REM64_CORE_10                                       36                     0.0181778%
OP_CAT_GPU_RET_CORE_10                                          0                             0%
OP_CAT_GPU_RSQRT_CORE_10                                      288                      0.145422%
OP_CAT_GPU_RSQRT64_CORE_10                                      0                             0%
OP_CAT_GPU_SAD_CORE_10                                        288                      0.145422%
OP_CAT_GPU_SAD64_CORE_10                                      288                      0.145422%
OP_CAT_GPU_SELP_CORE_10                                         0                             0%
OP_CAT_GPU_SELP64_CORE_10                                       0                             0%
OP_CAT_GPU_SET_CORE_10                                          0                             0%
OP_CAT_GPU_SET64_CORE_10                                        0                             0%
OP_CAT_GPU_SETP_CORE_10                                         0                             0%
OP_CAT_GPU_SETP64_CORE_10                                       0                             0%
OP_CAT_GPU_SHFL_CORE_10                                         0                             0%
OP_CAT_GPU_SHFL64_CORE_10                                       0                             0%
OP_CAT_GPU_SHL_CORE_10                                          0                             0%
OP_CAT_GPU_SHL64_CORE_10                                        0                             0%
OP_CAT_GPU_SHR_CORE_10                                          0                             0%
OP_CAT_GPU_SHR64_CORE_10                                      288                      0.145422%
OP_CAT_GPU_SIN_CORE_10                                          0                             0%
OP_CAT_GPU_SLCT_CORE_10                                         0                             0%
OP_CAT_GPU_SLCT64_CORE_10                                       0                             0%
OP_CAT_GPU_SQRT_CORE_10                                         0                             0%
OP_CAT_GPU_SQRT64_CORE_10                                       0                             0%
OP_CAT_GPU_ST_CORE_10                                           0                             0%
OP_CAT_GPU_ST64_CORE_10                                         0                             0%
OP_CAT_GPU_SUB_CORE_10                                          0                             0%
OP_CAT_GPU_SUB64_CORE_10                                        0                             0%
OP_CAT_GPU_SUBC_CORE_10                                         0                             0%
OP_CAT_GPU_SULD_CORE_10                                         0                             0%
OP_CAT_GPU_SULD64_CORE_10                                       0                             0%
OP_CAT_GPU_SURED_CORE_10                                        0                             0%
OP_CAT_GPU_SURED64_CORE_10                                      0                             0%
OP_CAT_GPU_SUST_CORE_10                                         0                             0%
OP_CAT_GPU_SUST64_CORE_10                                       0                             0%
OP_CAT_GPU_SUQ_CORE_10                                         36                     0.0181778%
OP_CAT_GPU_TESTP_CORE_10                                        0                             0%
OP_CAT_GPU_TESTP64_CORE_10                                      0                             0%
OP_CAT_GPU_TEX_CORE_10                                          0                             0%
OP_CAT_GPU_TLD4_CORE_10                                         0                             0%
OP_CAT_GPU_TXQ_CORE_10                                          0                             0%
OP_CAT_GPU_TRAP_CORE_10                                         0                             0%
OP_CAT_GPU_VABSDIFF_CORE_10                                     0                             0%
OP_CAT_GPU_VADD_CORE_10                                         0                             0%
OP_CAT_GPU_VMAD_CORE_10                                         0                             0%
OP_CAT_GPU_VMAX_CORE_10                                         0                             0%
OP_CAT_GPU_VMIN_CORE_10                                         0                             0%
OP_CAT_GPU_VSET_CORE_10                                         0                             0%
OP_CAT_GPU_VSHL_CORE_10                                     10707                       5.40637%
OP_CAT_GPU_VSHR_CORE_10                                         0                             0%
OP_CAT_GPU_VSUB_CORE_10                                         0                             0%
OP_CAT_GPU_VOTE_CORE_10                                         0                             0%
OP_CAT_GPU_XOR_CORE_10                                       8480                       4.28188%
OP_CAT_GPU_XOR64_CORE_10                                     9894                       4.99586%
OP_CAT_GPU_RECONVERGE_CORE_10                                   0                             0%
OP_CAT_GPU_PHI_CORE_10                                          9                    0.00454444%
OP_CAT_GPU_MEM_LD_GM_CORE_10                                    0                             0%
OP_CAT_GPU_MEM_LD_LM_CORE_10                                    0                             0%
OP_CAT_GPU_MEM_LD_SM_CORE_10                                    0                             0%
OP_CAT_GPU_MEM_LD_CM_CORE_10                                    0                             0%
OP_CAT_GPU_MEM_LD_TM_CORE_10                                    0                             0%
OP_CAT_GPU_MEM_LD_PM_CORE_10                                    0                             0%
OP_CAT_GPU_MEM_LDU_GM_CORE_10                                   0                             0%
OP_CAT_GPU_MEM_ST_GM_CORE_10                                    0                             0%
OP_CAT_GPU_MEM_ST_LM_CORE_10                                   72                     0.0363556%
OP_CAT_GPU_MEM_ST_SM_CORE_10                                    0                             0%
OP_CAT_GPU_DATA_XFER_GM_CORE_10                                 0                             0%
OP_CAT_GPU_DATA_XFER_LM_CORE_10                              1440                      0.727111%
OP_CAT_GPU_DATA_XFER_SM_CORE_10                                 0                             0%
OP_CAT_GED_ILLEGAL_CORE_10                                      0                             0%
OP_CAT_GED_MOV_CORE_10                                          0                             0%
OP_CAT_GED_SEL_CORE_10                                          0                             0%
OP_CAT_GED_MOVI_CORE_10                                         0                             0%
OP_CAT_GED_NOT_CORE_10                                          0                             0%
OP_CAT_GED_AND_CORE_10                                          0                             0%
OP_CAT_GED_OR_CORE_10                                        1224                      0.618044%
OP_CAT_GED_XOR_CORE_10                                          0                             0%
OP_CAT_GED_SHR_CORE_10                                          0                             0%
OP_CAT_GED_SHL_CORE_10                                          0                             0%
OP_CAT_GED_SMOV_CORE_10                                         0                             0%
OP_CAT_GED_ASR_CORE_10                                          0                             0%
OP_CAT_GED_CMP_CORE_10                                          0                             0%
OP_CAT_GED_CMPN_CORE_10                                         0                             0%
OP_CAT_GED_CSEL_CORE_10                                         0                             0%
OP_CAT_GED_BFREV_CORE_10                                        0                             0%
OP_CAT_GED_BFE_CORE_10                                          0                             0%
OP_CAT_GED_BFI1_CORE_10                                         0                             0%
OP_CAT_GED_BFI2_CORE_10                                         0                             0%
OP_CAT_GED_JMPI_CORE_10                                         0                             0%
OP_CAT_GED_BRD_CORE_10                                          0                             0%
OP_CAT_GED_IF_CORE_10                                           0                             0%
OP_CAT_GED_BRC_CORE_10                                          0                             0%
OP_CAT_GED_ELSE_CORE_10                                         0                             0%
OP_CAT_GED_ENDIF_CORE_10                                        0                             0%
OP_CAT_GED_WHILE_CORE_10                                        0                             0%
OP_CAT_GED_BREAK_CORE_10                                        0                             0%
OP_CAT_GED_CONT_CORE_10                                         0                             0%
OP_CAT_GED_HALT_CORE_10                                         0                             0%
OP_CAT_GED_CALLA_CORE_10                                        0                             0%
OP_CAT_GED_CALL_CORE_10                                         0                             0%
OP_CAT_GED_RET_CORE_10                                          0                             0%
OP_CAT_GED_GOTO_CORE_10                                         0                             0%
OP_CAT_GED_JOIN_CORE_10                                         0                             0%
OP_CAT_GED_WAIT_CORE_10                                         0                             0%
OP_CAT_GED_SEND_CORE_10                                         0                             0%
OP_CAT_GED_SENDC_CORE_10                                        0                             0%
OP_CAT_GED_SENDS_CORE_10                                        0                             0%
OP_CAT_GED_SENDSC_CORE_10                                       0                             0%
OP_CAT_GED_MATH_CORE_10                                         0                             0%
OP_CAT_GED_ADD_CORE_10                                          0                             0%
OP_CAT_GED_MUL_CORE_10                                          0                             0%
OP_CAT_GED_AVG_CORE_10                                          0                             0%
OP_CAT_GED_FRC_CORE_10                                          0                             0%
OP_CAT_GED_RNDU_CORE_10                                         0                             0%
OP_CAT_GED_RNDD_CORE_10                                         0                             0%
OP_CAT_GED_RNDE_CORE_10                                         0                             0%
OP_CAT_GED_RNDZ_CORE_10                                         0                             0%
OP_CAT_GED_MAC_CORE_10                                          0                             0%
OP_CAT_GED_MACH_CORE_10                                         0                             0%
OP_CAT_GED_LZD_CORE_10                                          0                             0%
OP_CAT_GED_FBH_CORE_10                                          0                             0%
OP_CAT_GED_FBL_CORE_10                                          0                             0%
OP_CAT_GED_CBIT_CORE_10                                         0                             0%
OP_CAT_GED_ADDC_CORE_10                                         0                             0%
OP_CAT_GED_SUBB_CORE_10                                         0                             0%
OP_CAT_GED_SAD2_CORE_10                                         0                             0%
OP_CAT_GED_SADA2_CORE_10                                        0                             0%
OP_CAT_GED_DP4_CORE_10                                          0                             0%
OP_CAT_GED_DPH_CORE_10                                          0                             0%
OP_CAT_GED_DP3_CORE_10                                          0                             0%
OP_CAT_GED_DP2_CORE_10                                          0                             0%
OP_CAT_GED_LINE_CORE_10                                         0                             0%
OP_CAT_GED_PLN_CORE_10                                          0                             0%
OP_CAT_GED_MAD_CORE_10                                          0                             0%
OP_CAT_GED_LRP_CORE_10                                          0                             0%
OP_CAT_GED_MADM_CORE_10                                         0                             0%
OP_CAT_GED_NOP_CORE_10                                          0                             0%
OP_CAT_GED_ROR_CORE_10                                          0                             0%
OP_CAT_GED_ROL_CORE_10                                          0                             0%
OP_CAT_GED_DP4A_CORE_10                                         0                             0%
OP_CAT_GED_F32TO16_CORE_10                                      0                             0%
OP_CAT_GED_F16TO32_CORE_10                                      0                             0%
OP_CAT_GED_DIM_CORE_10                                          0                             0%
OP_CAT_GED_INVALID_CORE_10                                      0                             0%
                                                           198044                           100%

PARENT_UOP_CORE_11                                              0                             0

CHILD_UOP_READ_CORE_11                                          0                             0

FP_OPS_CORE_11                                                  0                             0

OP_CAT_XED_CATEGORY_INVALID_CORE_11                             0                             0%
OP_CAT_XED_CATEGORY_3DNOW_CORE_11                               0                             0%
OP_CAT_XED_CATEGORY_ADOX_ADCX_CORE_11                           0                             0%
OP_CAT_XED_CATEGORY_AES_CORE_11                                 0                             0%
OP_CAT_XED_CATEGORY_AVX_CORE_11                                 0                             0%
OP_CAT_XED_CATEGORY_AVX2_CORE_11                                0                             0%
OP_CAT_XED_CATEGORY_AVX2GATHER_CORE_11                          0                             0%
OP_CAT_XED_CATEGORY_AVX512_CORE_11                              0                             0%
OP_CAT_XED_CATEGORY_AVX512_4FMAPS_CORE_11                       0                             0%
OP_CAT_XED_CATEGORY_AVX512_4VNNIW_CORE_11                       0                             0%
OP_CAT_XED_CATEGORY_AVX512_BITALG_CORE_11                       0                             0%
OP_CAT_XED_CATEGORY_AVX512_VBMI_CORE_11                         0                             0%
OP_CAT_XED_CATEGORY_AVX512_VP2INTERSECT_CORE_11                   0                             0%
OP_CAT_XED_CATEGORY_BINARY_CORE_11                              0                             0%
OP_CAT_XED_CATEGORY_BITBYTE_CORE_11                             0                             0%
OP_CAT_XED_CATEGORY_BLEND_CORE_11                               0                             0%
OP_CAT_XED_CATEGORY_BMI1_CORE_11                                0                             0%
OP_CAT_XED_CATEGORY_BMI2_CORE_11                                0                             0%
OP_CAT_XED_CATEGORY_BROADCAST_CORE_11                           0                             0%
OP_CAT_XED_CATEGORY_CALL_CORE_11                                0                             0%
OP_CAT_XED_CATEGORY_CET_CORE_11                                 0                             0%
OP_CAT_XED_CATEGORY_CLDEMOTE_CORE_11                            0                             0%
OP_CAT_XED_CATEGORY_CLFLUSHOPT_CORE_11                          0                             0%
OP_CAT_XED_CATEGORY_CLWB_CORE_11                                0                             0%
OP_CAT_XED_CATEGORY_CLZERO_CORE_11                              0                             0%
OP_CAT_XED_CATEGORY_CMOV_CORE_11                                0                             0%
OP_CAT_XED_CATEGORY_COMPRESS_CORE_11                            0                             0%
OP_CAT_XED_CATEGORY_COND_BR_CORE_11                             0                             0%
OP_CAT_XED_CATEGORY_CONFLICT_CORE_11                            0                             0%
OP_CAT_XED_CATEGORY_CONVERT_CORE_11                             0                             0%
OP_CAT_XED_CATEGORY_DATAXFER_CORE_11                            0                             0%
OP_CAT_XED_CATEGORY_DECIMAL_CORE_11                             0                             0%
OP_CAT_XED_CATEGORY_ENQCMD_CORE_11                              0                             0%
OP_CAT_XED_CATEGORY_EXPAND_CORE_11                              0                             0%
OP_CAT_XED_CATEGORY_FCMOV_CORE_11                               0                             0%
OP_CAT_XED_CATEGORY_FLAGOP_CORE_11                              0                             0%
OP_CAT_XED_CATEGORY_FMA4_CORE_11                                0                             0%
OP_CAT_XED_CATEGORY_GATHER_CORE_11                              0                             0%
OP_CAT_XED_CATEGORY_GFNI_CORE_11                                0                             0%
OP_CAT_XED_CATEGORY_IFMA_CORE_11                                0                             0%
OP_CAT_XED_CATEGORY_INTERRUPT_CORE_11                           0                             0%
OP_CAT_XED_CATEGORY_IO_CORE_11                                  0                             0%
OP_CAT_XED_CATEGORY_IOSTRINGOP_CORE_11                          0                             0%
OP_CAT_XED_CATEGORY_KMASK_CORE_11                               0                             0%
OP_CAT_XED_CATEGORY_LOGICAL_CORE_11                             0                             0%
OP_CAT_XED_CATEGORY_LOGICAL_FP_CORE_11                          0                             0%
OP_CAT_XED_CATEGORY_LZCNT_CORE_11                               0                             0%
OP_CAT_XED_CATEGORY_MISC_CORE_11                                0                             0%
OP_CAT_XED_CATEGORY_MMX_CORE_11                                 0                             0%
OP_CAT_XED_CATEGORY_MOVDIR_CORE_11                              0                             0%
OP_CAT_XED_CATEGORY_MPX_CORE_11                                 0                             0%
OP_CAT_XED_CATEGORY_NOP_CORE_11                                 0                             0%
OP_CAT_XED_CATEGORY_PCLMULQDQ_CORE_11                           0                             0%
OP_CAT_XED_CATEGORY_PCONFIG_CORE_11                             0                             0%
OP_CAT_XED_CATEGORY_PKU_CORE_11                                 0                             0%
OP_CAT_XED_CATEGORY_POP_CORE_11                                 0                             0%
OP_CAT_XED_CATEGORY_PREFETCH_CORE_11                            0                             0%
OP_CAT_XED_CATEGORY_PREFETCHWT1_CORE_11                         0                             0%
OP_CAT_XED_CATEGORY_PT_CORE_11                                  0                             0%
OP_CAT_XED_CATEGORY_PUSH_CORE_11                                0                             0%
OP_CAT_XED_CATEGORY_RDPID_CORE_11                               0                             0%
OP_CAT_XED_CATEGORY_RDPRU_CORE_11                               0                             0%
OP_CAT_XED_CATEGORY_RDRAND_CORE_11                              0                             0%
OP_CAT_XED_CATEGORY_RDSEED_CORE_11                              0                             0%
OP_CAT_XED_CATEGORY_RDWRFSGS_CORE_11                            0                             0%
OP_CAT_XED_CATEGORY_RET_CORE_11                                 0                             0%
OP_CAT_XED_CATEGORY_ROTATE_CORE_11                              0                             0%
OP_CAT_XED_CATEGORY_SCATTER_CORE_11                             0                             0%
OP_CAT_XED_CATEGORY_SEGOP_CORE_11                               0                             0%
OP_CAT_XED_CATEGORY_SEMAPHORE_CORE_11                           0                             0%
OP_CAT_XED_CATEGORY_SETCC_CORE_11                               0                             0%
OP_CAT_XED_CATEGORY_SGX_CORE_11                                 0                             0%
OP_CAT_XED_CATEGORY_SHA_CORE_11                                 0                             0%
OP_CAT_XED_CATEGORY_SHIFT_CORE_11                               0                             0%
OP_CAT_XED_CATEGORY_SMAP_CORE_11                                0                             0%
OP_CAT_XED_CATEGORY_SSE_CORE_11                                 0                             0%
OP_CAT_XED_CATEGORY_STRINGOP_CORE_11                            0                             0%
OP_CAT_XED_CATEGORY_STTNI_CORE_11                               0                             0%
OP_CAT_XED_CATEGORY_SYSCALL_CORE_11                             0                             0%
OP_CAT_XED_CATEGORY_SYSRET_CORE_11                              0                             0%
OP_CAT_XED_CATEGORY_SYSTEM_CORE_11                              0                             0%
OP_CAT_XED_CATEGORY_TBM_CORE_11                                 0                             0%
OP_CAT_XED_CATEGORY_UNCOND_BR_CORE_11                           0                             0%
OP_CAT_XED_CATEGORY_VAES_CORE_11                                0                             0%
OP_CAT_XED_CATEGORY_VBMI2_CORE_11                               0                             0%
OP_CAT_XED_CATEGORY_VFMA_CORE_11                                0                             0%
OP_CAT_XED_CATEGORY_VIA_PADLOCK_CORE_11                         0                             0%
OP_CAT_XED_CATEGORY_VPCLMULQDQ_CORE_11                          0                             0%
OP_CAT_XED_CATEGORY_VTX_CORE_11                                 0                             0%
OP_CAT_XED_CATEGORY_WAITPKG_CORE_11                             0                             0%
OP_CAT_XED_CATEGORY_WIDENOP_CORE_11                             0                             0%
OP_CAT_XED_CATEGORY_X87_ALU_CORE_11                             0                             0%
OP_CAT_XED_CATEGORY_XOP_CORE_11                                 0                             0%
OP_CAT_XED_CATEGORY_XSAVE_CORE_11                               0                             0%
OP_CAT_XED_CATEGORY_XSAVEOPT_CORE_11                            0                             0%
OP_CAT_XED_CATEGORY_TR_MUL_CORE_11                              0                             0%
OP_CAT_XED_CATEGORY_TR_DIV_CORE_11                              0                             0%
OP_CAT_XED_CATEGORY_TR_FMUL_CORE_11                             0                             0%
OP_CAT_XED_CATEGORY_TR_FDIV_CORE_11                             0                             0%
OP_CAT_XED_CATEGORY_TR_NOP_CORE_11                              0                             0%
OP_CAT_XED_CATEGORY_PREFETCH_NTA_CORE_11                        0                             0%
OP_CAT_XED_CATEGORY_PREFETCH_T0_CORE_11                         0                             0%
OP_CAT_XED_CATEGORY_PREFETCH_T1_CORE_11                         0                             0%
OP_CAT_XED_CATEGORY_PREFETCH_T2_CORE_11                         0                             0%
OP_CAT_GPU_EN_CORE_11                                           0                             0%
OP_CAT_GPU_INVALID_CORE_11                                      0                             0%
OP_CAT_GPU_ABS_CORE_11                                          0                             0%
OP_CAT_GPU_ABS64_CORE_11                                        0                             0%
OP_CAT_GPU_ADD_CORE_11                                          0                             0%
OP_CAT_GPU_ADD64_CORE_11                                        0                             0%
OP_CAT_GPU_ADDC_CORE_11                                         0                             0%
OP_CAT_GPU_AND_CORE_11                                          0                             0%
OP_CAT_GPU_AND64_CORE_11                                        0                             0%
OP_CAT_GPU_ATOM_GM_CORE_11                                      0                             0%
OP_CAT_GPU_ATOM_SM_CORE_11                                      0                             0%
OP_CAT_GPU_ATOM64_GM_CORE_11                                 7944                       4.06971%
OP_CAT_GPU_ATOM64_SM_CORE_11                                    0                             0%
OP_CAT_GPU_BAR_ARRIVE_CORE_11                                 624                      0.319675%
OP_CAT_GPU_BAR_SYNC_CORE_11                                     0                             0%
OP_CAT_GPU_BAR_RED_CORE_11                                      0                             0%
OP_CAT_GPU_BFE_CORE_11                                          0                             0%
OP_CAT_GPU_BFE64_CORE_11                                        0                             0%
OP_CAT_GPU_BFI_CORE_11                                          0                             0%
OP_CAT_GPU_BFI64_CORE_11                                        0                             0%
OP_CAT_GPU_BFIND_CORE_11                                        0                             0%
OP_CAT_GPU_BFIND64_CORE_11                                      0                             0%
OP_CAT_GPU_BRA_CORE_11                                          0                             0%
OP_CAT_GPU_BREV_CORE_11                                         0                             0%
OP_CAT_GPU_BREV64_CORE_11                                       0                             0%
OP_CAT_GPU_BRKPT_CORE_11                                        0                             0%
OP_CAT_GPU_CALL_CORE_11                                         0                             0%
OP_CAT_GPU_CLZ_CORE_11                                          0                             0%
OP_CAT_GPU_CLZ64_CORE_11                                        7                     0.0035861%
OP_CAT_GPU_CNOT_CORE_11                                         0                             0%
OP_CAT_GPU_CNOT64_CORE_11                                      39                     0.0199797%
OP_CAT_GPU_COPYSIGN_CORE_11                                     0                             0%
OP_CAT_GPU_COPYSIGN64_CORE_11                                   0                             0%
OP_CAT_GPU_COS_CORE_11                                      21340                       10.9325%
OP_CAT_GPU_CVT_CORE_11                                          0                             0%
OP_CAT_GPU_CVT64_CORE_11                                        0                             0%
OP_CAT_GPU_CVTA_CORE_11                                         0                             0%
OP_CAT_GPU_CVTA64_CORE_11                                   39911                       20.4464%
OP_CAT_GPU_DIV_CORE_11                                          0                             0%
OP_CAT_GPU_DIV64_CORE_11                                        0                             0%
OP_CAT_GPU_EX2_CORE_11                                          0                             0%
OP_CAT_GPU_EXIT_CORE_11                                         0                             0%
OP_CAT_GPU_FMA_CORE_11                                          0                             0%
OP_CAT_GPU_FMA64_CORE_11                                        0                             0%
OP_CAT_GPU_ISSPACEP_CORE_11                                 23587                       12.0836%
OP_CAT_GPU_LD_CORE_11                                       16036                       8.21525%
OP_CAT_GPU_LD64_CORE_11                                         0                             0%
OP_CAT_GPU_LDU_CORE_11                                      16614                       8.51136%
OP_CAT_GPU_LDU64_CORE_11                                        0                             0%
OP_CAT_GPU_LG2_CORE_11                                         78                     0.0399594%
OP_CAT_GPU_MAD24_CORE_11                                     1283                      0.657281%
OP_CAT_GPU_MAD_CORE_11                                          0                             0%
OP_CAT_GPU_MAD64_CORE_11                                        0                             0%
OP_CAT_GPU_MADC_CORE_11                                         0                             0%
OP_CAT_GPU_MADC64_CORE_11                                       0                             0%
OP_CAT_GPU_MAX_CORE_11                                          0                             0%
OP_CAT_GPU_MAX64_CORE_11                                      624                      0.319675%
OP_CAT_GPU_MEMBAR_CTA_CORE_11                                 624                      0.319675%
OP_CAT_GPU_MEMBAR_GL_CORE_11                                    0                             0%
OP_CAT_GPU_MEMBAR_SYS_CORE_11                                   0                             0%
OP_CAT_GPU_MIN_CORE_11                                          0                             0%
OP_CAT_GPU_MIN64_CORE_11                                        0                             0%
OP_CAT_GPU_MOV_CORE_11                                          0                             0%
OP_CAT_GPU_MOV64_CORE_11                                        0                             0%
OP_CAT_GPU_MUL24_CORE_11                                     2913                       1.49233%
OP_CAT_GPU_MUL_CORE_11                                      16870                       8.64251%
OP_CAT_GPU_MUL64_CORE_11                                      964                      0.493858%
OP_CAT_GPU_NEG_CORE_11                                         74                     0.0379102%
OP_CAT_GPU_NEG64_CORE_11                                       56                     0.0286888%
OP_CAT_GPU_NOT_CORE_11                                          0                             0%
OP_CAT_GPU_NOT64_CORE_11                                        0                             0%
OP_CAT_GPU_OR_CORE_11                                           0                             0%
OP_CAT_GPU_OR64_CORE_11                                         0                             0%
OP_CAT_GPU_PMEVENT_CORE_11                                      0                             0%
OP_CAT_GPU_POPC_CORE_11                                      8904                       4.56152%
OP_CAT_GPU_POPC64_CORE_11                                       0                             0%
OP_CAT_GPU_PREFETCH_CORE_11                                  1632                      0.836074%
OP_CAT_GPU_PREFETCHU_CORE_11                                    0                             0%
OP_CAT_GPU_PRMT_CORE_11                                         0                             0%
OP_CAT_GPU_RCP_CORE_11                                        333                      0.170596%
OP_CAT_GPU_RCP64_CORE_11                                        0                             0%
OP_CAT_GPU_RED_GM_CORE_11                                     911                      0.466706%
OP_CAT_GPU_RED_SM_CORE_11                                       0                             0%
OP_CAT_GPU_RED64_GM_CORE_11                                     0                             0%
OP_CAT_GPU_RED64_SM_CORE_11                                     0                             0%
OP_CAT_GPU_REM_CORE_11                                        964                      0.493858%
OP_CAT_GPU_REM64_CORE_11                                       39                     0.0199797%
OP_CAT_GPU_RET_CORE_11                                          0                             0%
OP_CAT_GPU_RSQRT_CORE_11                                      312                      0.159838%
OP_CAT_GPU_RSQRT64_CORE_11                                      0                             0%
OP_CAT_GPU_SAD_CORE_11                                        312                      0.159838%
OP_CAT_GPU_SAD64_CORE_11                                      312                      0.159838%
OP_CAT_GPU_SELP_CORE_11                                         0                             0%
OP_CAT_GPU_SELP64_CORE_11                                       0                             0%
OP_CAT_GPU_SET_CORE_11                                          0                             0%
OP_CAT_GPU_SET64_CORE_11                                        0                             0%
OP_CAT_GPU_SETP_CORE_11                                         0                             0%
OP_CAT_GPU_SETP64_CORE_11                                       0                             0%
OP_CAT_GPU_SHFL_CORE_11                                         0                             0%
OP_CAT_GPU_SHFL64_CORE_11                                       0                             0%
OP_CAT_GPU_SHL_CORE_11                                          0                             0%
OP_CAT_GPU_SHL64_CORE_11                                        0                             0%
OP_CAT_GPU_SHR_CORE_11                                          0                             0%
OP_CAT_GPU_SHR64_CORE_11                                      312                      0.159838%
OP_CAT_GPU_SIN_CORE_11                                          0                             0%
OP_CAT_GPU_SLCT_CORE_11                                         0                             0%
OP_CAT_GPU_SLCT64_CORE_11                                       0                             0%
OP_CAT_GPU_SQRT_CORE_11                                         0                             0%
OP_CAT_GPU_SQRT64_CORE_11                                       0                             0%
OP_CAT_GPU_ST_CORE_11                                           0                             0%
OP_CAT_GPU_ST64_CORE_11                                         0                             0%
OP_CAT_GPU_SUB_CORE_11                                          0                             0%
OP_CAT_GPU_SUB64_CORE_11                                        0                             0%
OP_CAT_GPU_SUBC_CORE_11                                         0                             0%
OP_CAT_GPU_SULD_CORE_11                                         0                             0%
OP_CAT_GPU_SULD64_CORE_11                                       0                             0%
OP_CAT_GPU_SURED_CORE_11                                        0                             0%
OP_CAT_GPU_SURED64_CORE_11                                      0                             0%
OP_CAT_GPU_SUST_CORE_11                                         0                             0%
OP_CAT_GPU_SUST64_CORE_11                                       0                             0%
OP_CAT_GPU_SUQ_CORE_11                                         39                     0.0199797%
OP_CAT_GPU_TESTP_CORE_11                                        0                             0%
OP_CAT_GPU_TESTP64_CORE_11                                      0                             0%
OP_CAT_GPU_TEX_CORE_11                                          0                             0%
OP_CAT_GPU_TLD4_CORE_11                                         0                             0%
OP_CAT_GPU_TXQ_CORE_11                                          0                             0%
OP_CAT_GPU_TRAP_CORE_11                                         0                             0%
OP_CAT_GPU_VABSDIFF_CORE_11                                     0                             0%
OP_CAT_GPU_VADD_CORE_11                                         0                             0%
OP_CAT_GPU_VMAD_CORE_11                                         0                             0%
OP_CAT_GPU_VMAX_CORE_11                                         0                             0%
OP_CAT_GPU_VMIN_CORE_11                                         0                             0%
OP_CAT_GPU_VSET_CORE_11                                         0                             0%
OP_CAT_GPU_VSHL_CORE_11                                     10701                       5.48213%
OP_CAT_GPU_VSHR_CORE_11                                         0                             0%
OP_CAT_GPU_VSUB_CORE_11                                         0                             0%
OP_CAT_GPU_VOTE_CORE_11                                         0                             0%
OP_CAT_GPU_XOR_CORE_11                                       8480                       4.34431%
OP_CAT_GPU_XOR64_CORE_11                                     9498                       4.86583%
OP_CAT_GPU_RECONVERGE_CORE_11                                   0                             0%
OP_CAT_GPU_PHI_CORE_11                                          7                     0.0035861%
OP_CAT_GPU_MEM_LD_GM_CORE_11                                    0                             0%
OP_CAT_GPU_MEM_LD_LM_CORE_11                                    0                             0%
OP_CAT_GPU_MEM_LD_SM_CORE_11                                    0                             0%
OP_CAT_GPU_MEM_LD_CM_CORE_11                                    0                             0%
OP_CAT_GPU_MEM_LD_TM_CORE_11                                    0                             0%
OP_CAT_GPU_MEM_LD_PM_CORE_11                                    0                             0%
OP_CAT_GPU_MEM_LDU_GM_CORE_11                                   0                             0%
OP_CAT_GPU_MEM_ST_GM_CORE_11                                    0                             0%
OP_CAT_GPU_MEM_ST_LM_CORE_11                                   56                     0.0286888%
OP_CAT_GPU_MEM_ST_SM_CORE_11                                    0                             0%
OP_CAT_GPU_DATA_XFER_GM_CORE_11                                 0                             0%
OP_CAT_GPU_DATA_XFER_LM_CORE_11                              1472                      0.754106%
OP_CAT_GPU_DATA_XFER_SM_CORE_11                                 0                             0%
OP_CAT_GED_ILLEGAL_CORE_11                                      0                             0%
OP_CAT_GED_MOV_CORE_11                                          0                             0%
OP_CAT_GED_SEL_CORE_11                                          0                             0%
OP_CAT_GED_MOVI_CORE_11                                         0                             0%
OP_CAT_GED_NOT_CORE_11                                          0                             0%
OP_CAT_GED_AND_CORE_11                                          0                             0%
OP_CAT_GED_OR_CORE_11                                        1326                       0.67931%
OP_CAT_GED_XOR_CORE_11                                          0                             0%
OP_CAT_GED_SHR_CORE_11                                          0                             0%
OP_CAT_GED_SHL_CORE_11                                          0                             0%
OP_CAT_GED_SMOV_CORE_11                                         0                             0%
OP_CAT_GED_ASR_CORE_11                                          0                             0%
OP_CAT_GED_CMP_CORE_11                                          0                             0%
OP_CAT_GED_CMPN_CORE_11                                         0                             0%
OP_CAT_GED_CSEL_CORE_11                                         0                             0%
OP_CAT_GED_BFREV_CORE_11                                        0                             0%
OP_CAT_GED_BFE_CORE_11                                          0                             0%
OP_CAT_GED_BFI1_CORE_11                                         0                             0%
OP_CAT_GED_BFI2_CORE_11                                         0                             0%
OP_CAT_GED_JMPI_CORE_11                                         0                             0%
OP_CAT_GED_BRD_CORE_11                                          0                             0%
OP_CAT_GED_IF_CORE_11                                           0                             0%
OP_CAT_GED_BRC_CORE_11                                          0                             0%
OP_CAT_GED_ELSE_CORE_11                                         0                             0%
OP_CAT_GED_ENDIF_CORE_11                                        0                             0%
OP_CAT_GED_WHILE_CORE_11                                        0                             0%
OP_CAT_GED_BREAK_CORE_11                                        0                             0%
OP_CAT_GED_CONT_CORE_11                                         0                             0%
OP_CAT_GED_HALT_CORE_11                                         0                             0%
OP_CAT_GED_CALLA_CORE_11                                        0                             0%
OP_CAT_GED_CALL_CORE_11                                         0                             0%
OP_CAT_GED_RET_CORE_11                                          0                             0%
OP_CAT_GED_GOTO_CORE_11                                         0                             0%
OP_CAT_GED_JOIN_CORE_11                                         0                             0%
OP_CAT_GED_WAIT_CORE_11                                         0                             0%
OP_CAT_GED_SEND_CORE_11                                         0                             0%
OP_CAT_GED_SENDC_CORE_11                                        0                             0%
OP_CAT_GED_SENDS_CORE_11                                        0                             0%
OP_CAT_GED_SENDSC_CORE_11                                       0                             0%
OP_CAT_GED_MATH_CORE_11                                         0                             0%
OP_CAT_GED_ADD_CORE_11                                          0                             0%
OP_CAT_GED_MUL_CORE_11                                          0                             0%
OP_CAT_GED_AVG_CORE_11                                          0                             0%
OP_CAT_GED_FRC_CORE_11                                          0                             0%
OP_CAT_GED_RNDU_CORE_11                                         0                             0%
OP_CAT_GED_RNDD_CORE_11                                         0                             0%
OP_CAT_GED_RNDE_CORE_11                                         0                             0%
OP_CAT_GED_RNDZ_CORE_11                                         0                             0%
OP_CAT_GED_MAC_CORE_11                                          0                             0%
OP_CAT_GED_MACH_CORE_11                                         0                             0%
OP_CAT_GED_LZD_CORE_11                                          0                             0%
OP_CAT_GED_FBH_CORE_11                                          0                             0%
OP_CAT_GED_FBL_CORE_11                                          0                             0%
OP_CAT_GED_CBIT_CORE_11                                         0                             0%
OP_CAT_GED_ADDC_CORE_11                                         0                             0%
OP_CAT_GED_SUBB_CORE_11                                         0                             0%
OP_CAT_GED_SAD2_CORE_11                                         0                             0%
OP_CAT_GED_SADA2_CORE_11                                        0                             0%
OP_CAT_GED_DP4_CORE_11                                          0                             0%
OP_CAT_GED_DPH_CORE_11                                          0                             0%
OP_CAT_GED_DP3_CORE_11                                          0                             0%
OP_CAT_GED_DP2_CORE_11                                          0                             0%
OP_CAT_GED_LINE_CORE_11                                         0                             0%
OP_CAT_GED_PLN_CORE_11                                          0                             0%
OP_CAT_GED_MAD_CORE_11                                          0                             0%
OP_CAT_GED_LRP_CORE_11                                          0                             0%
OP_CAT_GED_MADM_CORE_11                                         0                             0%
OP_CAT_GED_NOP_CORE_11                                          0                             0%
OP_CAT_GED_ROR_CORE_11                                          0                             0%
OP_CAT_GED_ROL_CORE_11                                          0                             0%
OP_CAT_GED_DP4A_CORE_11                                         0                             0%
OP_CAT_GED_F32TO16_CORE_11                                      0                             0%
OP_CAT_GED_F16TO32_CORE_11                                      0                             0%
OP_CAT_GED_DIM_CORE_11                                          0                             0%
OP_CAT_GED_INVALID_CORE_11                                      0                             0%
                                                           195198                           100%

PARENT_UOP_CORE_12                                              0                             0

CHILD_UOP_READ_CORE_12                                          0                             0

FP_OPS_CORE_12                                                  0                             0

OP_CAT_XED_CATEGORY_INVALID_CORE_12                             0                             0%
OP_CAT_XED_CATEGORY_3DNOW_CORE_12                               0                             0%
OP_CAT_XED_CATEGORY_ADOX_ADCX_CORE_12                           0                             0%
OP_CAT_XED_CATEGORY_AES_CORE_12                                 0                             0%
OP_CAT_XED_CATEGORY_AVX_CORE_12                                 0                             0%
OP_CAT_XED_CATEGORY_AVX2_CORE_12                                0                             0%
OP_CAT_XED_CATEGORY_AVX2GATHER_CORE_12                          0                             0%
OP_CAT_XED_CATEGORY_AVX512_CORE_12                              0                             0%
OP_CAT_XED_CATEGORY_AVX512_4FMAPS_CORE_12                       0                             0%
OP_CAT_XED_CATEGORY_AVX512_4VNNIW_CORE_12                       0                             0%
OP_CAT_XED_CATEGORY_AVX512_BITALG_CORE_12                       0                             0%
OP_CAT_XED_CATEGORY_AVX512_VBMI_CORE_12                         0                             0%
OP_CAT_XED_CATEGORY_AVX512_VP2INTERSECT_CORE_12                   0                             0%
OP_CAT_XED_CATEGORY_BINARY_CORE_12                              0                             0%
OP_CAT_XED_CATEGORY_BITBYTE_CORE_12                             0                             0%
OP_CAT_XED_CATEGORY_BLEND_CORE_12                               0                             0%
OP_CAT_XED_CATEGORY_BMI1_CORE_12                                0                             0%
OP_CAT_XED_CATEGORY_BMI2_CORE_12                                0                             0%
OP_CAT_XED_CATEGORY_BROADCAST_CORE_12                           0                             0%
OP_CAT_XED_CATEGORY_CALL_CORE_12                                0                             0%
OP_CAT_XED_CATEGORY_CET_CORE_12                                 0                             0%
OP_CAT_XED_CATEGORY_CLDEMOTE_CORE_12                            0                             0%
OP_CAT_XED_CATEGORY_CLFLUSHOPT_CORE_12                          0                             0%
OP_CAT_XED_CATEGORY_CLWB_CORE_12                                0                             0%
OP_CAT_XED_CATEGORY_CLZERO_CORE_12                              0                             0%
OP_CAT_XED_CATEGORY_CMOV_CORE_12                                0                             0%
OP_CAT_XED_CATEGORY_COMPRESS_CORE_12                            0                             0%
OP_CAT_XED_CATEGORY_COND_BR_CORE_12                             0                             0%
OP_CAT_XED_CATEGORY_CONFLICT_CORE_12                            0                             0%
OP_CAT_XED_CATEGORY_CONVERT_CORE_12                             0                             0%
OP_CAT_XED_CATEGORY_DATAXFER_CORE_12                            0                             0%
OP_CAT_XED_CATEGORY_DECIMAL_CORE_12                             0                             0%
OP_CAT_XED_CATEGORY_ENQCMD_CORE_12                              0                             0%
OP_CAT_XED_CATEGORY_EXPAND_CORE_12                              0                             0%
OP_CAT_XED_CATEGORY_FCMOV_CORE_12                               0                             0%
OP_CAT_XED_CATEGORY_FLAGOP_CORE_12                              0                             0%
OP_CAT_XED_CATEGORY_FMA4_CORE_12                                0                             0%
OP_CAT_XED_CATEGORY_GATHER_CORE_12                              0                             0%
OP_CAT_XED_CATEGORY_GFNI_CORE_12                                0                             0%
OP_CAT_XED_CATEGORY_IFMA_CORE_12                                0                             0%
OP_CAT_XED_CATEGORY_INTERRUPT_CORE_12                           0                             0%
OP_CAT_XED_CATEGORY_IO_CORE_12                                  0                             0%
OP_CAT_XED_CATEGORY_IOSTRINGOP_CORE_12                          0                             0%
OP_CAT_XED_CATEGORY_KMASK_CORE_12                               0                             0%
OP_CAT_XED_CATEGORY_LOGICAL_CORE_12                             0                             0%
OP_CAT_XED_CATEGORY_LOGICAL_FP_CORE_12                          0                             0%
OP_CAT_XED_CATEGORY_LZCNT_CORE_12                               0                             0%
OP_CAT_XED_CATEGORY_MISC_CORE_12                                0                             0%
OP_CAT_XED_CATEGORY_MMX_CORE_12                                 0                             0%
OP_CAT_XED_CATEGORY_MOVDIR_CORE_12                              0                             0%
OP_CAT_XED_CATEGORY_MPX_CORE_12                                 0                             0%
OP_CAT_XED_CATEGORY_NOP_CORE_12                                 0                             0%
OP_CAT_XED_CATEGORY_PCLMULQDQ_CORE_12                           0                             0%
OP_CAT_XED_CATEGORY_PCONFIG_CORE_12                             0                             0%
OP_CAT_XED_CATEGORY_PKU_CORE_12                                 0                             0%
OP_CAT_XED_CATEGORY_POP_CORE_12                                 0                             0%
OP_CAT_XED_CATEGORY_PREFETCH_CORE_12                            0                             0%
OP_CAT_XED_CATEGORY_PREFETCHWT1_CORE_12                         0                             0%
OP_CAT_XED_CATEGORY_PT_CORE_12                                  0                             0%
OP_CAT_XED_CATEGORY_PUSH_CORE_12                                0                             0%
OP_CAT_XED_CATEGORY_RDPID_CORE_12                               0                             0%
OP_CAT_XED_CATEGORY_RDPRU_CORE_12                               0                             0%
OP_CAT_XED_CATEGORY_RDRAND_CORE_12                              0                             0%
OP_CAT_XED_CATEGORY_RDSEED_CORE_12                              0                             0%
OP_CAT_XED_CATEGORY_RDWRFSGS_CORE_12                            0                             0%
OP_CAT_XED_CATEGORY_RET_CORE_12                                 0                             0%
OP_CAT_XED_CATEGORY_ROTATE_CORE_12                              0                             0%
OP_CAT_XED_CATEGORY_SCATTER_CORE_12                             0                             0%
OP_CAT_XED_CATEGORY_SEGOP_CORE_12                               0                             0%
OP_CAT_XED_CATEGORY_SEMAPHORE_CORE_12                           0                             0%
OP_CAT_XED_CATEGORY_SETCC_CORE_12                               0                             0%
OP_CAT_XED_CATEGORY_SGX_CORE_12                                 0                             0%
OP_CAT_XED_CATEGORY_SHA_CORE_12                                 0                             0%
OP_CAT_XED_CATEGORY_SHIFT_CORE_12                               0                             0%
OP_CAT_XED_CATEGORY_SMAP_CORE_12                                0                             0%
OP_CAT_XED_CATEGORY_SSE_CORE_12                                 0                             0%
OP_CAT_XED_CATEGORY_STRINGOP_CORE_12                            0                             0%
OP_CAT_XED_CATEGORY_STTNI_CORE_12                               0                             0%
OP_CAT_XED_CATEGORY_SYSCALL_CORE_12                             0                             0%
OP_CAT_XED_CATEGORY_SYSRET_CORE_12                              0                             0%
OP_CAT_XED_CATEGORY_SYSTEM_CORE_12                              0                             0%
OP_CAT_XED_CATEGORY_TBM_CORE_12                                 0                             0%
OP_CAT_XED_CATEGORY_UNCOND_BR_CORE_12                           0                             0%
OP_CAT_XED_CATEGORY_VAES_CORE_12                                0                             0%
OP_CAT_XED_CATEGORY_VBMI2_CORE_12                               0                             0%
OP_CAT_XED_CATEGORY_VFMA_CORE_12                                0                             0%
OP_CAT_XED_CATEGORY_VIA_PADLOCK_CORE_12                         0                             0%
OP_CAT_XED_CATEGORY_VPCLMULQDQ_CORE_12                          0                             0%
OP_CAT_XED_CATEGORY_VTX_CORE_12                                 0                             0%
OP_CAT_XED_CATEGORY_WAITPKG_CORE_12                             0                             0%
OP_CAT_XED_CATEGORY_WIDENOP_CORE_12                             0                             0%
OP_CAT_XED_CATEGORY_X87_ALU_CORE_12                             0                             0%
OP_CAT_XED_CATEGORY_XOP_CORE_12                                 0                             0%
OP_CAT_XED_CATEGORY_XSAVE_CORE_12                               0                             0%
OP_CAT_XED_CATEGORY_XSAVEOPT_CORE_12                            0                             0%
OP_CAT_XED_CATEGORY_TR_MUL_CORE_12                              0                             0%
OP_CAT_XED_CATEGORY_TR_DIV_CORE_12                              0                             0%
OP_CAT_XED_CATEGORY_TR_FMUL_CORE_12                             0                             0%
OP_CAT_XED_CATEGORY_TR_FDIV_CORE_12                             0                             0%
OP_CAT_XED_CATEGORY_TR_NOP_CORE_12                              0                             0%
OP_CAT_XED_CATEGORY_PREFETCH_NTA_CORE_12                        0                             0%
OP_CAT_XED_CATEGORY_PREFETCH_T0_CORE_12                         0                             0%
OP_CAT_XED_CATEGORY_PREFETCH_T1_CORE_12                         0                             0%
OP_CAT_XED_CATEGORY_PREFETCH_T2_CORE_12                         0                             0%
OP_CAT_GPU_EN_CORE_12                                           0                             0%
OP_CAT_GPU_INVALID_CORE_12                                      0                             0%
OP_CAT_GPU_ABS_CORE_12                                          0                             0%
OP_CAT_GPU_ABS64_CORE_12                                        0                             0%
OP_CAT_GPU_ADD_CORE_12                                          0                             0%
OP_CAT_GPU_ADD64_CORE_12                                        0                             0%
OP_CAT_GPU_ADDC_CORE_12                                         0                             0%
OP_CAT_GPU_AND_CORE_12                                          0                             0%
OP_CAT_GPU_AND64_CORE_12                                        0                             0%
OP_CAT_GPU_ATOM_GM_CORE_12                                      0                             0%
OP_CAT_GPU_ATOM_SM_CORE_12                                      0                             0%
OP_CAT_GPU_ATOM64_GM_CORE_12                                 7688                       4.03741%
OP_CAT_GPU_ATOM64_SM_CORE_12                                    0                             0%
OP_CAT_GPU_BAR_ARRIVE_CORE_12                                 608                      0.319296%
OP_CAT_GPU_BAR_SYNC_CORE_12                                     0                             0%
OP_CAT_GPU_BAR_RED_CORE_12                                      0                             0%
OP_CAT_GPU_BFE_CORE_12                                          0                             0%
OP_CAT_GPU_BFE64_CORE_12                                        0                             0%
OP_CAT_GPU_BFI_CORE_12                                          0                             0%
OP_CAT_GPU_BFI64_CORE_12                                        0                             0%
OP_CAT_GPU_BFIND_CORE_12                                        0                             0%
OP_CAT_GPU_BFIND64_CORE_12                                      0                             0%
OP_CAT_GPU_BRA_CORE_12                                          0                             0%
OP_CAT_GPU_BREV_CORE_12                                         0                             0%
OP_CAT_GPU_BREV64_CORE_12                                       0                             0%
OP_CAT_GPU_BRKPT_CORE_12                                        0                             0%
OP_CAT_GPU_CALL_CORE_12                                         0                             0%
OP_CAT_GPU_CLZ_CORE_12                                          0                             0%
OP_CAT_GPU_CLZ64_CORE_12                                        7                     0.0036761%
OP_CAT_GPU_CNOT_CORE_12                                         0                             0%
OP_CAT_GPU_CNOT64_CORE_12                                      38                      0.019956%
OP_CAT_GPU_COPYSIGN_CORE_12                                     0                             0%
OP_CAT_GPU_COPYSIGN64_CORE_12                                   0                             0%
OP_CAT_GPU_COS_CORE_12                                      20795                       10.9207%
OP_CAT_GPU_CVT_CORE_12                                          0                             0%
OP_CAT_GPU_CVT64_CORE_12                                        0                             0%
OP_CAT_GPU_CVTA_CORE_12                                         0                             0%
OP_CAT_GPU_CVTA64_CORE_12                                   38961                       20.4607%
OP_CAT_GPU_DIV_CORE_12                                          0                             0%
OP_CAT_GPU_DIV64_CORE_12                                        0                             0%
OP_CAT_GPU_EX2_CORE_12                                          0                             0%
OP_CAT_GPU_EXIT_CORE_12                                         0                             0%
OP_CAT_GPU_FMA_CORE_12                                          0                             0%
OP_CAT_GPU_FMA64_CORE_12                                        0                             0%
OP_CAT_GPU_ISSPACEP_CORE_12                                 22888                       12.0198%
OP_CAT_GPU_LD_CORE_12                                       15522                        8.1515%
OP_CAT_GPU_LD64_CORE_12                                         0                             0%
OP_CAT_GPU_LDU_CORE_12                                      16085                       8.44716%
OP_CAT_GPU_LDU64_CORE_12                                        0                             0%
OP_CAT_GPU_LG2_CORE_12                                         76                      0.039912%
OP_CAT_GPU_MAD24_CORE_12                                     1357                      0.712639%
OP_CAT_GPU_MAD_CORE_12                                          0                             0%
OP_CAT_GPU_MAD64_CORE_12                                        0                             0%
OP_CAT_GPU_MADC_CORE_12                                         0                             0%
OP_CAT_GPU_MADC64_CORE_12                                       0                             0%
OP_CAT_GPU_MAX_CORE_12                                          0                             0%
OP_CAT_GPU_MAX64_CORE_12                                      608                      0.319296%
OP_CAT_GPU_MEMBAR_CTA_CORE_12                                 608                      0.319296%
OP_CAT_GPU_MEMBAR_GL_CORE_12                                    0                             0%
OP_CAT_GPU_MEMBAR_SYS_CORE_12                                   0                             0%
OP_CAT_GPU_MIN_CORE_12                                          0                             0%
OP_CAT_GPU_MIN64_CORE_12                                        0                             0%
OP_CAT_GPU_MOV_CORE_12                                          0                             0%
OP_CAT_GPU_MOV64_CORE_12                                        0                             0%
OP_CAT_GPU_MUL24_CORE_12                                     3159                       1.65897%
OP_CAT_GPU_MUL_CORE_12                                      16333                        8.5774%
OP_CAT_GPU_MUL64_CORE_12                                     1046                      0.549315%
OP_CAT_GPU_NEG_CORE_12                                         73                     0.0383365%
OP_CAT_GPU_NEG64_CORE_12                                       56                     0.0294088%
OP_CAT_GPU_NOT_CORE_12                                          0                             0%
OP_CAT_GPU_NOT64_CORE_12                                        0                             0%
OP_CAT_GPU_OR_CORE_12                                           0                             0%
OP_CAT_GPU_OR64_CORE_12                                         0                             0%
OP_CAT_GPU_PMEVENT_CORE_12                                      0                             0%
OP_CAT_GPU_POPC_CORE_12                                      8632                       4.53316%
OP_CAT_GPU_POPC64_CORE_12                                       0                             0%
OP_CAT_GPU_PREFETCH_CORE_12                                  1616                      0.848655%
OP_CAT_GPU_PREFETCHU_CORE_12                                    0                             0%
OP_CAT_GPU_PRMT_CORE_12                                         0                             0%
OP_CAT_GPU_RCP_CORE_12                                        325                      0.170676%
OP_CAT_GPU_RCP64_CORE_12                                        0                             0%
OP_CAT_GPU_RED_GM_CORE_12                                     902                      0.473692%
OP_CAT_GPU_RED_SM_CORE_12                                       0                             0%
OP_CAT_GPU_RED64_GM_CORE_12                                     0                             0%
OP_CAT_GPU_RED64_SM_CORE_12                                     0                             0%
OP_CAT_GPU_REM_CORE_12                                       1046                      0.549315%
OP_CAT_GPU_REM64_CORE_12                                       38                      0.019956%
OP_CAT_GPU_RET_CORE_12                                          0                             0%
OP_CAT_GPU_RSQRT_CORE_12                                      304                      0.159648%
OP_CAT_GPU_RSQRT64_CORE_12                                      0                             0%
OP_CAT_GPU_SAD_CORE_12                                        304                      0.159648%
OP_CAT_GPU_SAD64_CORE_12                                      304                      0.159648%
OP_CAT_GPU_SELP_CORE_12                                         0                             0%
OP_CAT_GPU_SELP64_CORE_12                                       0                             0%
OP_CAT_GPU_SET_CORE_12                                          0                             0%
OP_CAT_GPU_SET64_CORE_12                                        0                             0%
OP_CAT_GPU_SETP_CORE_12                                         0                             0%
OP_CAT_GPU_SETP64_CORE_12                                       0                             0%
OP_CAT_GPU_SHFL_CORE_12                                         0                             0%
OP_CAT_GPU_SHFL64_CORE_12                                       0                             0%
OP_CAT_GPU_SHL_CORE_12                                          0                             0%
OP_CAT_GPU_SHL64_CORE_12                                        0                             0%
OP_CAT_GPU_SHR_CORE_12                                          0                             0%
OP_CAT_GPU_SHR64_CORE_12                                      304                      0.159648%
OP_CAT_GPU_SIN_CORE_12                                          0                             0%
OP_CAT_GPU_SLCT_CORE_12                                         0                             0%
OP_CAT_GPU_SLCT64_CORE_12                                       0                             0%
OP_CAT_GPU_SQRT_CORE_12                                         0                             0%
OP_CAT_GPU_SQRT64_CORE_12                                       0                             0%
OP_CAT_GPU_ST_CORE_12                                           0                             0%
OP_CAT_GPU_ST64_CORE_12                                         0                             0%
OP_CAT_GPU_SUB_CORE_12                                          0                             0%
OP_CAT_GPU_SUB64_CORE_12                                        0                             0%
OP_CAT_GPU_SUBC_CORE_12                                         0                             0%
OP_CAT_GPU_SULD_CORE_12                                         0                             0%
OP_CAT_GPU_SULD64_CORE_12                                       0                             0%
OP_CAT_GPU_SURED_CORE_12                                        0                             0%
OP_CAT_GPU_SURED64_CORE_12                                      0                             0%
OP_CAT_GPU_SUST_CORE_12                                         0                             0%
OP_CAT_GPU_SUST64_CORE_12                                       0                             0%
OP_CAT_GPU_SUQ_CORE_12                                         38                      0.019956%
OP_CAT_GPU_TESTP_CORE_12                                        0                             0%
OP_CAT_GPU_TESTP64_CORE_12                                      0                             0%
OP_CAT_GPU_TEX_CORE_12                                          0                             0%
OP_CAT_GPU_TLD4_CORE_12                                         0                             0%
OP_CAT_GPU_TXQ_CORE_12                                          0                             0%
OP_CAT_GPU_TRAP_CORE_12                                         0                             0%
OP_CAT_GPU_VABSDIFF_CORE_12                                     0                             0%
OP_CAT_GPU_VADD_CORE_12                                         0                             0%
OP_CAT_GPU_VMAD_CORE_12                                         0                             0%
OP_CAT_GPU_VMAX_CORE_12                                         0                             0%
OP_CAT_GPU_VMIN_CORE_12                                         0                             0%
OP_CAT_GPU_VSET_CORE_12                                         0                             0%
OP_CAT_GPU_VSHL_CORE_12                                     10372                       5.44694%
OP_CAT_GPU_VSHR_CORE_12                                         0                             0%
OP_CAT_GPU_VSUB_CORE_12                                         0                             0%
OP_CAT_GPU_VOTE_CORE_12                                         0                             0%
OP_CAT_GPU_XOR_CORE_12                                       8216                        4.3147%
OP_CAT_GPU_XOR64_CORE_12                                     9315                       4.89184%
OP_CAT_GPU_RECONVERGE_CORE_12                                   0                             0%
OP_CAT_GPU_PHI_CORE_12                                          7                     0.0036761%
OP_CAT_GPU_MEM_LD_GM_CORE_12                                    0                             0%
OP_CAT_GPU_MEM_LD_LM_CORE_12                                    0                             0%
OP_CAT_GPU_MEM_LD_SM_CORE_12                                    0                             0%
OP_CAT_GPU_MEM_LD_CM_CORE_12                                    0                             0%
OP_CAT_GPU_MEM_LD_TM_CORE_12                                    0                             0%
OP_CAT_GPU_MEM_LD_PM_CORE_12                                    0                             0%
OP_CAT_GPU_MEM_LDU_GM_CORE_12                                   0                             0%
OP_CAT_GPU_MEM_ST_GM_CORE_12                                    0                             0%
OP_CAT_GPU_MEM_ST_LM_CORE_12                                   56                     0.0294088%
OP_CAT_GPU_MEM_ST_SM_CORE_12                                    0                             0%
OP_CAT_GPU_DATA_XFER_GM_CORE_12                                 0                             0%
OP_CAT_GPU_DATA_XFER_LM_CORE_12                              1440                      0.756227%
OP_CAT_GPU_DATA_XFER_SM_CORE_12                                 0                             0%
OP_CAT_GED_ILLEGAL_CORE_12                                      0                             0%
OP_CAT_GED_MOV_CORE_12                                          0                             0%
OP_CAT_GED_SEL_CORE_12                                          0                             0%
OP_CAT_GED_MOVI_CORE_12                                         0                             0%
OP_CAT_GED_NOT_CORE_12                                          0                             0%
OP_CAT_GED_AND_CORE_12                                          0                             0%
OP_CAT_GED_OR_CORE_12                                        1292                      0.678504%
OP_CAT_GED_XOR_CORE_12                                          0                             0%
OP_CAT_GED_SHR_CORE_12                                          0                             0%
OP_CAT_GED_SHL_CORE_12                                          0                             0%
OP_CAT_GED_SMOV_CORE_12                                         0                             0%
OP_CAT_GED_ASR_CORE_12                                          0                             0%
OP_CAT_GED_CMP_CORE_12                                          0                             0%
OP_CAT_GED_CMPN_CORE_12                                         0                             0%
OP_CAT_GED_CSEL_CORE_12                                         0                             0%
OP_CAT_GED_BFREV_CORE_12                                        0                             0%
OP_CAT_GED_BFE_CORE_12                                          0                             0%
OP_CAT_GED_BFI1_CORE_12                                         0                             0%
OP_CAT_GED_BFI2_CORE_12                                         0                             0%
OP_CAT_GED_JMPI_CORE_12                                         0                             0%
OP_CAT_GED_BRD_CORE_12                                          0                             0%
OP_CAT_GED_IF_CORE_12                                           0                             0%
OP_CAT_GED_BRC_CORE_12                                          0                             0%
OP_CAT_GED_ELSE_CORE_12                                         0                             0%
OP_CAT_GED_ENDIF_CORE_12                                        0                             0%
OP_CAT_GED_WHILE_CORE_12                                        0                             0%
OP_CAT_GED_BREAK_CORE_12                                        0                             0%
OP_CAT_GED_CONT_CORE_12                                         0                             0%
OP_CAT_GED_HALT_CORE_12                                         0                             0%
OP_CAT_GED_CALLA_CORE_12                                        0                             0%
OP_CAT_GED_CALL_CORE_12                                         0                             0%
OP_CAT_GED_RET_CORE_12                                          0                             0%
OP_CAT_GED_GOTO_CORE_12                                         0                             0%
OP_CAT_GED_JOIN_CORE_12                                         0                             0%
OP_CAT_GED_WAIT_CORE_12                                         0                             0%
OP_CAT_GED_SEND_CORE_12                                         0                             0%
OP_CAT_GED_SENDC_CORE_12                                        0                             0%
OP_CAT_GED_SENDS_CORE_12                                        0                             0%
OP_CAT_GED_SENDSC_CORE_12                                       0                             0%
OP_CAT_GED_MATH_CORE_12                                         0                             0%
OP_CAT_GED_ADD_CORE_12                                          0                             0%
OP_CAT_GED_MUL_CORE_12                                          0                             0%
OP_CAT_GED_AVG_CORE_12                                          0                             0%
OP_CAT_GED_FRC_CORE_12                                          0                             0%
OP_CAT_GED_RNDU_CORE_12                                         0                             0%
OP_CAT_GED_RNDD_CORE_12                                         0                             0%
OP_CAT_GED_RNDE_CORE_12                                         0                             0%
OP_CAT_GED_RNDZ_CORE_12                                         0                             0%
OP_CAT_GED_MAC_CORE_12                                          0                             0%
OP_CAT_GED_MACH_CORE_12                                         0                             0%
OP_CAT_GED_LZD_CORE_12                                          0                             0%
OP_CAT_GED_FBH_CORE_12                                          0                             0%
OP_CAT_GED_FBL_CORE_12                                          0                             0%
OP_CAT_GED_CBIT_CORE_12                                         0                             0%
OP_CAT_GED_ADDC_CORE_12                                         0                             0%
OP_CAT_GED_SUBB_CORE_12                                         0                             0%
OP_CAT_GED_SAD2_CORE_12                                         0                             0%
OP_CAT_GED_SADA2_CORE_12                                        0                             0%
OP_CAT_GED_DP4_CORE_12                                          0                             0%
OP_CAT_GED_DPH_CORE_12                                          0                             0%
OP_CAT_GED_DP3_CORE_12                                          0                             0%
OP_CAT_GED_DP2_CORE_12                                          0                             0%
OP_CAT_GED_LINE_CORE_12                                         0                             0%
OP_CAT_GED_PLN_CORE_12                                          0                             0%
OP_CAT_GED_MAD_CORE_12                                          0                             0%
OP_CAT_GED_LRP_CORE_12                                          0                             0%
OP_CAT_GED_MADM_CORE_12                                         0                             0%
OP_CAT_GED_NOP_CORE_12                                          0                             0%
OP_CAT_GED_ROR_CORE_12                                          0                             0%
OP_CAT_GED_ROL_CORE_12                                          0                             0%
OP_CAT_GED_DP4A_CORE_12                                         0                             0%
OP_CAT_GED_F32TO16_CORE_12                                      0                             0%
OP_CAT_GED_F16TO32_CORE_12                                      0                             0%
OP_CAT_GED_DIM_CORE_12                                          0                             0%
OP_CAT_GED_INVALID_CORE_12                                      0                             0%
                                                           190419                           100%

PARENT_UOP_CORE_13                                              0                             0

CHILD_UOP_READ_CORE_13                                          0                             0

FP_OPS_CORE_13                                                  0                             0

OP_CAT_XED_CATEGORY_INVALID_CORE_13                             0                             0%
OP_CAT_XED_CATEGORY_3DNOW_CORE_13                               0                             0%
OP_CAT_XED_CATEGORY_ADOX_ADCX_CORE_13                           0                             0%
OP_CAT_XED_CATEGORY_AES_CORE_13                                 0                             0%
OP_CAT_XED_CATEGORY_AVX_CORE_13                                 0                             0%
OP_CAT_XED_CATEGORY_AVX2_CORE_13                                0                             0%
OP_CAT_XED_CATEGORY_AVX2GATHER_CORE_13                          0                             0%
OP_CAT_XED_CATEGORY_AVX512_CORE_13                              0                             0%
OP_CAT_XED_CATEGORY_AVX512_4FMAPS_CORE_13                       0                             0%
OP_CAT_XED_CATEGORY_AVX512_4VNNIW_CORE_13                       0                             0%
OP_CAT_XED_CATEGORY_AVX512_BITALG_CORE_13                       0                             0%
OP_CAT_XED_CATEGORY_AVX512_VBMI_CORE_13                         0                             0%
OP_CAT_XED_CATEGORY_AVX512_VP2INTERSECT_CORE_13                   0                             0%
OP_CAT_XED_CATEGORY_BINARY_CORE_13                              0                             0%
OP_CAT_XED_CATEGORY_BITBYTE_CORE_13                             0                             0%
OP_CAT_XED_CATEGORY_BLEND_CORE_13                               0                             0%
OP_CAT_XED_CATEGORY_BMI1_CORE_13                                0                             0%
OP_CAT_XED_CATEGORY_BMI2_CORE_13                                0                             0%
OP_CAT_XED_CATEGORY_BROADCAST_CORE_13                           0                             0%
OP_CAT_XED_CATEGORY_CALL_CORE_13                                0                             0%
OP_CAT_XED_CATEGORY_CET_CORE_13                                 0                             0%
OP_CAT_XED_CATEGORY_CLDEMOTE_CORE_13                            0                             0%
OP_CAT_XED_CATEGORY_CLFLUSHOPT_CORE_13                          0                             0%
OP_CAT_XED_CATEGORY_CLWB_CORE_13                                0                             0%
OP_CAT_XED_CATEGORY_CLZERO_CORE_13                              0                             0%
OP_CAT_XED_CATEGORY_CMOV_CORE_13                                0                             0%
OP_CAT_XED_CATEGORY_COMPRESS_CORE_13                            0                             0%
OP_CAT_XED_CATEGORY_COND_BR_CORE_13                             0                             0%
OP_CAT_XED_CATEGORY_CONFLICT_CORE_13                            0                             0%
OP_CAT_XED_CATEGORY_CONVERT_CORE_13                             0                             0%
OP_CAT_XED_CATEGORY_DATAXFER_CORE_13                            0                             0%
OP_CAT_XED_CATEGORY_DECIMAL_CORE_13                             0                             0%
OP_CAT_XED_CATEGORY_ENQCMD_CORE_13                              0                             0%
OP_CAT_XED_CATEGORY_EXPAND_CORE_13                              0                             0%
OP_CAT_XED_CATEGORY_FCMOV_CORE_13                               0                             0%
OP_CAT_XED_CATEGORY_FLAGOP_CORE_13                              0                             0%
OP_CAT_XED_CATEGORY_FMA4_CORE_13                                0                             0%
OP_CAT_XED_CATEGORY_GATHER_CORE_13                              0                             0%
OP_CAT_XED_CATEGORY_GFNI_CORE_13                                0                             0%
OP_CAT_XED_CATEGORY_IFMA_CORE_13                                0                             0%
OP_CAT_XED_CATEGORY_INTERRUPT_CORE_13                           0                             0%
OP_CAT_XED_CATEGORY_IO_CORE_13                                  0                             0%
OP_CAT_XED_CATEGORY_IOSTRINGOP_CORE_13                          0                             0%
OP_CAT_XED_CATEGORY_KMASK_CORE_13                               0                             0%
OP_CAT_XED_CATEGORY_LOGICAL_CORE_13                             0                             0%
OP_CAT_XED_CATEGORY_LOGICAL_FP_CORE_13                          0                             0%
OP_CAT_XED_CATEGORY_LZCNT_CORE_13                               0                             0%
OP_CAT_XED_CATEGORY_MISC_CORE_13                                0                             0%
OP_CAT_XED_CATEGORY_MMX_CORE_13                                 0                             0%
OP_CAT_XED_CATEGORY_MOVDIR_CORE_13                              0                             0%
OP_CAT_XED_CATEGORY_MPX_CORE_13                                 0                             0%
OP_CAT_XED_CATEGORY_NOP_CORE_13                                 0                             0%
OP_CAT_XED_CATEGORY_PCLMULQDQ_CORE_13                           0                             0%
OP_CAT_XED_CATEGORY_PCONFIG_CORE_13                             0                             0%
OP_CAT_XED_CATEGORY_PKU_CORE_13                                 0                             0%
OP_CAT_XED_CATEGORY_POP_CORE_13                                 0                             0%
OP_CAT_XED_CATEGORY_PREFETCH_CORE_13                            0                             0%
OP_CAT_XED_CATEGORY_PREFETCHWT1_CORE_13                         0                             0%
OP_CAT_XED_CATEGORY_PT_CORE_13                                  0                             0%
OP_CAT_XED_CATEGORY_PUSH_CORE_13                                0                             0%
OP_CAT_XED_CATEGORY_RDPID_CORE_13                               0                             0%
OP_CAT_XED_CATEGORY_RDPRU_CORE_13                               0                             0%
OP_CAT_XED_CATEGORY_RDRAND_CORE_13                              0                             0%
OP_CAT_XED_CATEGORY_RDSEED_CORE_13                              0                             0%
OP_CAT_XED_CATEGORY_RDWRFSGS_CORE_13                            0                             0%
OP_CAT_XED_CATEGORY_RET_CORE_13                                 0                             0%
OP_CAT_XED_CATEGORY_ROTATE_CORE_13                              0                             0%
OP_CAT_XED_CATEGORY_SCATTER_CORE_13                             0                             0%
OP_CAT_XED_CATEGORY_SEGOP_CORE_13                               0                             0%
OP_CAT_XED_CATEGORY_SEMAPHORE_CORE_13                           0                             0%
OP_CAT_XED_CATEGORY_SETCC_CORE_13                               0                             0%
OP_CAT_XED_CATEGORY_SGX_CORE_13                                 0                             0%
OP_CAT_XED_CATEGORY_SHA_CORE_13                                 0                             0%
OP_CAT_XED_CATEGORY_SHIFT_CORE_13                               0                             0%
OP_CAT_XED_CATEGORY_SMAP_CORE_13                                0                             0%
OP_CAT_XED_CATEGORY_SSE_CORE_13                                 0                             0%
OP_CAT_XED_CATEGORY_STRINGOP_CORE_13                            0                             0%
OP_CAT_XED_CATEGORY_STTNI_CORE_13                               0                             0%
OP_CAT_XED_CATEGORY_SYSCALL_CORE_13                             0                             0%
OP_CAT_XED_CATEGORY_SYSRET_CORE_13                              0                             0%
OP_CAT_XED_CATEGORY_SYSTEM_CORE_13                              0                             0%
OP_CAT_XED_CATEGORY_TBM_CORE_13                                 0                             0%
OP_CAT_XED_CATEGORY_UNCOND_BR_CORE_13                           0                             0%
OP_CAT_XED_CATEGORY_VAES_CORE_13                                0                             0%
OP_CAT_XED_CATEGORY_VBMI2_CORE_13                               0                             0%
OP_CAT_XED_CATEGORY_VFMA_CORE_13                                0                             0%
OP_CAT_XED_CATEGORY_VIA_PADLOCK_CORE_13                         0                             0%
OP_CAT_XED_CATEGORY_VPCLMULQDQ_CORE_13                          0                             0%
OP_CAT_XED_CATEGORY_VTX_CORE_13                                 0                             0%
OP_CAT_XED_CATEGORY_WAITPKG_CORE_13                             0                             0%
OP_CAT_XED_CATEGORY_WIDENOP_CORE_13                             0                             0%
OP_CAT_XED_CATEGORY_X87_ALU_CORE_13                             0                             0%
OP_CAT_XED_CATEGORY_XOP_CORE_13                                 0                             0%
OP_CAT_XED_CATEGORY_XSAVE_CORE_13                               0                             0%
OP_CAT_XED_CATEGORY_XSAVEOPT_CORE_13                            0                             0%
OP_CAT_XED_CATEGORY_TR_MUL_CORE_13                              0                             0%
OP_CAT_XED_CATEGORY_TR_DIV_CORE_13                              0                             0%
OP_CAT_XED_CATEGORY_TR_FMUL_CORE_13                             0                             0%
OP_CAT_XED_CATEGORY_TR_FDIV_CORE_13                             0                             0%
OP_CAT_XED_CATEGORY_TR_NOP_CORE_13                              0                             0%
OP_CAT_XED_CATEGORY_PREFETCH_NTA_CORE_13                        0                             0%
OP_CAT_XED_CATEGORY_PREFETCH_T0_CORE_13                         0                             0%
OP_CAT_XED_CATEGORY_PREFETCH_T1_CORE_13                         0                             0%
OP_CAT_XED_CATEGORY_PREFETCH_T2_CORE_13                         0                             0%
OP_CAT_GPU_EN_CORE_13                                           0                             0%
OP_CAT_GPU_INVALID_CORE_13                                      0                             0%
OP_CAT_GPU_ABS_CORE_13                                          0                             0%
OP_CAT_GPU_ABS64_CORE_13                                        0                             0%
OP_CAT_GPU_ADD_CORE_13                                          0                             0%
OP_CAT_GPU_ADD64_CORE_13                                        0                             0%
OP_CAT_GPU_ADDC_CORE_13                                         0                             0%
OP_CAT_GPU_AND_CORE_13                                          0                             0%
OP_CAT_GPU_AND64_CORE_13                                        0                             0%
OP_CAT_GPU_ATOM_GM_CORE_13                                      0                             0%
OP_CAT_GPU_ATOM_SM_CORE_13                                      0                             0%
OP_CAT_GPU_ATOM64_GM_CORE_13                                 8231                       4.09482%
OP_CAT_GPU_ATOM64_SM_CORE_13                                    0                             0%
OP_CAT_GPU_BAR_ARRIVE_CORE_13                                 626                      0.311427%
OP_CAT_GPU_BAR_SYNC_CORE_13                                     0                             0%
OP_CAT_GPU_BAR_RED_CORE_13                                      0                             0%
OP_CAT_GPU_BFE_CORE_13                                          0                             0%
OP_CAT_GPU_BFE64_CORE_13                                        0                             0%
OP_CAT_GPU_BFI_CORE_13                                          0                             0%
OP_CAT_GPU_BFI64_CORE_13                                        0                             0%
OP_CAT_GPU_BFIND_CORE_13                                        0                             0%
OP_CAT_GPU_BFIND64_CORE_13                                      0                             0%
OP_CAT_GPU_BRA_CORE_13                                          0                             0%
OP_CAT_GPU_BREV_CORE_13                                         0                             0%
OP_CAT_GPU_BREV64_CORE_13                                       0                             0%
OP_CAT_GPU_BRKPT_CORE_13                                        0                             0%
OP_CAT_GPU_CALL_CORE_13                                         0                             0%
OP_CAT_GPU_CLZ_CORE_13                                          0                             0%
OP_CAT_GPU_CLZ64_CORE_13                                        3                    0.00149246%
OP_CAT_GPU_CNOT_CORE_13                                         0                             0%
OP_CAT_GPU_CNOT64_CORE_13                                      40                     0.0198995%
OP_CAT_GPU_COPYSIGN_CORE_13                                     0                             0%
OP_CAT_GPU_COPYSIGN64_CORE_13                                   0                             0%
OP_CAT_GPU_COS_CORE_13                                      21600                       10.7457%
OP_CAT_GPU_CVT_CORE_13                                          0                             0%
OP_CAT_GPU_CVT64_CORE_13                                        0                             0%
OP_CAT_GPU_CVTA_CORE_13                                         0                             0%
OP_CAT_GPU_CVTA64_CORE_13                                   41011                       20.4025%
OP_CAT_GPU_DIV_CORE_13                                          0                             0%
OP_CAT_GPU_DIV64_CORE_13                                        0                             0%
OP_CAT_GPU_EX2_CORE_13                                          0                             0%
OP_CAT_GPU_EXIT_CORE_13                                         0                             0%
OP_CAT_GPU_FMA_CORE_13                                          0                             0%
OP_CAT_GPU_FMA64_CORE_13                                        0                             0%
OP_CAT_GPU_ISSPACEP_CORE_13                                 23780                       11.8303%
OP_CAT_GPU_LD_CORE_13                                       16572                       8.24437%
OP_CAT_GPU_LD64_CORE_13                                         0                             0%
OP_CAT_GPU_LDU_CORE_13                                      17155                        8.5344%
OP_CAT_GPU_LDU64_CORE_13                                        0                             0%
OP_CAT_GPU_LG2_CORE_13                                         80                      0.039799%
OP_CAT_GPU_MAD24_CORE_13                                     1679                      0.835282%
OP_CAT_GPU_MAD_CORE_13                                          0                             0%
OP_CAT_GPU_MAD64_CORE_13                                        0                             0%
OP_CAT_GPU_MADC_CORE_13                                         0                             0%
OP_CAT_GPU_MADC64_CORE_13                                       0                             0%
OP_CAT_GPU_MAX_CORE_13                                          0                             0%
OP_CAT_GPU_MAX64_CORE_13                                      626                      0.311427%
OP_CAT_GPU_MEMBAR_CTA_CORE_13                                 626                      0.311427%
OP_CAT_GPU_MEMBAR_GL_CORE_13                                    0                             0%
OP_CAT_GPU_MEMBAR_SYS_CORE_13                                   0                             0%
OP_CAT_GPU_MIN_CORE_13                                          0                             0%
OP_CAT_GPU_MIN64_CORE_13                                        0                             0%
OP_CAT_GPU_MOV_CORE_13                                          0                             0%
OP_CAT_GPU_MOV64_CORE_13                                        0                             0%
OP_CAT_GPU_MUL24_CORE_13                                     4098                        2.0387%
OP_CAT_GPU_MUL_CORE_13                                      17444                       8.67817%
OP_CAT_GPU_MUL64_CORE_13                                     1363                      0.678076%
OP_CAT_GPU_NEG_CORE_13                                         55                     0.0273618%
OP_CAT_GPU_NEG64_CORE_13                                       24                     0.0119397%
OP_CAT_GPU_NOT_CORE_13                                          0                             0%
OP_CAT_GPU_NOT64_CORE_13                                        0                             0%
OP_CAT_GPU_OR_CORE_13                                           0                             0%
OP_CAT_GPU_OR64_CORE_13                                         0                             0%
OP_CAT_GPU_PMEVENT_CORE_13                                      0                             0%
OP_CAT_GPU_POPC_CORE_13                                      9001                       4.47789%
OP_CAT_GPU_POPC64_CORE_13                                       0                             0%
OP_CAT_GPU_PREFETCH_CORE_13                                  1058                      0.526342%
OP_CAT_GPU_PREFETCHU_CORE_13                                    0                             0%
OP_CAT_GPU_PRMT_CORE_13                                         0                             0%
OP_CAT_GPU_RCP_CORE_13                                        322                      0.160191%
OP_CAT_GPU_RCP64_CORE_13                                        0                             0%
OP_CAT_GPU_RED_GM_CORE_13                                     593                       0.29501%
OP_CAT_GPU_RED_SM_CORE_13                                       0                             0%
OP_CAT_GPU_RED64_GM_CORE_13                                     0                             0%
OP_CAT_GPU_RED64_SM_CORE_13                                     0                             0%
OP_CAT_GPU_REM_CORE_13                                       1363                      0.678076%
OP_CAT_GPU_REM64_CORE_13                                       40                     0.0198995%
OP_CAT_GPU_RET_CORE_13                                          0                             0%
OP_CAT_GPU_RSQRT_CORE_13                                      313                      0.155714%
OP_CAT_GPU_RSQRT64_CORE_13                                      0                             0%
OP_CAT_GPU_SAD_CORE_13                                        313                      0.155714%
OP_CAT_GPU_SAD64_CORE_13                                      313                      0.155714%
OP_CAT_GPU_SELP_CORE_13                                         0                             0%
OP_CAT_GPU_SELP64_CORE_13                                       0                             0%
OP_CAT_GPU_SET_CORE_13                                          0                             0%
OP_CAT_GPU_SET64_CORE_13                                        0                             0%
OP_CAT_GPU_SETP_CORE_13                                         0                             0%
OP_CAT_GPU_SETP64_CORE_13                                       0                             0%
OP_CAT_GPU_SHFL_CORE_13                                         0                             0%
OP_CAT_GPU_SHFL64_CORE_13                                       0                             0%
OP_CAT_GPU_SHL_CORE_13                                          0                             0%
OP_CAT_GPU_SHL64_CORE_13                                        0                             0%
OP_CAT_GPU_SHR_CORE_13                                          0                             0%
OP_CAT_GPU_SHR64_CORE_13                                      313                      0.155714%
OP_CAT_GPU_SIN_CORE_13                                          0                             0%
OP_CAT_GPU_SLCT_CORE_13                                         0                             0%
OP_CAT_GPU_SLCT64_CORE_13                                       0                             0%
OP_CAT_GPU_SQRT_CORE_13                                         0                             0%
OP_CAT_GPU_SQRT64_CORE_13                                       0                             0%
OP_CAT_GPU_ST_CORE_13                                           0                             0%
OP_CAT_GPU_ST64_CORE_13                                         0                             0%
OP_CAT_GPU_SUB_CORE_13                                          0                             0%
OP_CAT_GPU_SUB64_CORE_13                                        0                             0%
OP_CAT_GPU_SUBC_CORE_13                                         0                             0%
OP_CAT_GPU_SULD_CORE_13                                         0                             0%
OP_CAT_GPU_SULD64_CORE_13                                       0                             0%
OP_CAT_GPU_SURED_CORE_13                                        0                             0%
OP_CAT_GPU_SURED64_CORE_13                                      0                             0%
OP_CAT_GPU_SUST_CORE_13                                         0                             0%
OP_CAT_GPU_SUST64_CORE_13                                       0                             0%
OP_CAT_GPU_SUQ_CORE_13                                         40                     0.0198995%
OP_CAT_GPU_TESTP_CORE_13                                        0                             0%
OP_CAT_GPU_TESTP64_CORE_13                                      0                             0%
OP_CAT_GPU_TEX_CORE_13                                          0                             0%
OP_CAT_GPU_TLD4_CORE_13                                         0                             0%
OP_CAT_GPU_TXQ_CORE_13                                          0                             0%
OP_CAT_GPU_TRAP_CORE_13                                         0                             0%
OP_CAT_GPU_VABSDIFF_CORE_13                                     0                             0%
OP_CAT_GPU_VADD_CORE_13                                         0                             0%
OP_CAT_GPU_VMAD_CORE_13                                         0                             0%
OP_CAT_GPU_VMAX_CORE_13                                         0                             0%
OP_CAT_GPU_VMIN_CORE_13                                         0                             0%
OP_CAT_GPU_VSET_CORE_13                                         0                             0%
OP_CAT_GPU_VSHL_CORE_13                                     10878                       5.41167%
OP_CAT_GPU_VSHR_CORE_13                                         0                             0%
OP_CAT_GPU_VSUB_CORE_13                                         0                             0%
OP_CAT_GPU_VOTE_CORE_13                                         0                             0%
OP_CAT_GPU_XOR_CORE_13                                       8665                       4.31073%
OP_CAT_GPU_XOR64_CORE_13                                    10078                       5.01368%
OP_CAT_GPU_RECONVERGE_CORE_13                                   0                             0%
OP_CAT_GPU_PHI_CORE_13                                          3                    0.00149246%
OP_CAT_GPU_MEM_LD_GM_CORE_13                                    0                             0%
OP_CAT_GPU_MEM_LD_LM_CORE_13                                    0                             0%
OP_CAT_GPU_MEM_LD_SM_CORE_13                                    0                             0%
OP_CAT_GPU_MEM_LD_CM_CORE_13                                    0                             0%
OP_CAT_GPU_MEM_LD_TM_CORE_13                                    0                             0%
OP_CAT_GPU_MEM_LD_PM_CORE_13                                    0                             0%
OP_CAT_GPU_MEM_LDU_GM_CORE_13                                   0                             0%
OP_CAT_GPU_MEM_ST_GM_CORE_13                                    0                             0%
OP_CAT_GPU_MEM_ST_LM_CORE_13                                   24                     0.0119397%
OP_CAT_GPU_MEM_ST_SM_CORE_13                                    0                             0%
OP_CAT_GPU_DATA_XFER_GM_CORE_13                                 0                             0%
OP_CAT_GPU_DATA_XFER_LM_CORE_13                              1348                      0.670613%
OP_CAT_GPU_DATA_XFER_SM_CORE_13                                 0                             0%
OP_CAT_GED_ILLEGAL_CORE_13                                      0                             0%
OP_CAT_GED_MOV_CORE_13                                          0                             0%
OP_CAT_GED_SEL_CORE_13                                          0                             0%
OP_CAT_GED_MOVI_CORE_13                                         0                             0%
OP_CAT_GED_NOT_CORE_13                                          0                             0%
OP_CAT_GED_AND_CORE_13                                          0                             0%
OP_CAT_GED_OR_CORE_13                                        1332                      0.662654%
OP_CAT_GED_XOR_CORE_13                                          0                             0%
OP_CAT_GED_SHR_CORE_13                                          0                             0%
OP_CAT_GED_SHL_CORE_13                                          0                             0%
OP_CAT_GED_SMOV_CORE_13                                         0                             0%
OP_CAT_GED_ASR_CORE_13                                          0                             0%
OP_CAT_GED_CMP_CORE_13                                          0                             0%
OP_CAT_GED_CMPN_CORE_13                                         0                             0%
OP_CAT_GED_CSEL_CORE_13                                         0                             0%
OP_CAT_GED_BFREV_CORE_13                                        0                             0%
OP_CAT_GED_BFE_CORE_13                                          0                             0%
OP_CAT_GED_BFI1_CORE_13                                         0                             0%
OP_CAT_GED_BFI2_CORE_13                                         0                             0%
OP_CAT_GED_JMPI_CORE_13                                         0                             0%
OP_CAT_GED_BRD_CORE_13                                          0                             0%
OP_CAT_GED_IF_CORE_13                                           0                             0%
OP_CAT_GED_BRC_CORE_13                                          0                             0%
OP_CAT_GED_ELSE_CORE_13                                         0                             0%
OP_CAT_GED_ENDIF_CORE_13                                        0                             0%
OP_CAT_GED_WHILE_CORE_13                                        0                             0%
OP_CAT_GED_BREAK_CORE_13                                        0                             0%
OP_CAT_GED_CONT_CORE_13                                         0                             0%
OP_CAT_GED_HALT_CORE_13                                         0                             0%
OP_CAT_GED_CALLA_CORE_13                                        0                             0%
OP_CAT_GED_CALL_CORE_13                                         0                             0%
OP_CAT_GED_RET_CORE_13                                          0                             0%
OP_CAT_GED_GOTO_CORE_13                                         0                             0%
OP_CAT_GED_JOIN_CORE_13                                         0                             0%
OP_CAT_GED_WAIT_CORE_13                                         0                             0%
OP_CAT_GED_SEND_CORE_13                                         0                             0%
OP_CAT_GED_SENDC_CORE_13                                        0                             0%
OP_CAT_GED_SENDS_CORE_13                                        0                             0%
OP_CAT_GED_SENDSC_CORE_13                                       0                             0%
OP_CAT_GED_MATH_CORE_13                                         0                             0%
OP_CAT_GED_ADD_CORE_13                                          0                             0%
OP_CAT_GED_MUL_CORE_13                                          0                             0%
OP_CAT_GED_AVG_CORE_13                                          0                             0%
OP_CAT_GED_FRC_CORE_13                                          0                             0%
OP_CAT_GED_RNDU_CORE_13                                         0                             0%
OP_CAT_GED_RNDD_CORE_13                                         0                             0%
OP_CAT_GED_RNDE_CORE_13                                         0                             0%
OP_CAT_GED_RNDZ_CORE_13                                         0                             0%
OP_CAT_GED_MAC_CORE_13                                          0                             0%
OP_CAT_GED_MACH_CORE_13                                         0                             0%
OP_CAT_GED_LZD_CORE_13                                          0                             0%
OP_CAT_GED_FBH_CORE_13                                          0                             0%
OP_CAT_GED_FBL_CORE_13                                          0                             0%
OP_CAT_GED_CBIT_CORE_13                                         0                             0%
OP_CAT_GED_ADDC_CORE_13                                         0                             0%
OP_CAT_GED_SUBB_CORE_13                                         0                             0%
OP_CAT_GED_SAD2_CORE_13                                         0                             0%
OP_CAT_GED_SADA2_CORE_13                                        0                             0%
OP_CAT_GED_DP4_CORE_13                                          0                             0%
OP_CAT_GED_DPH_CORE_13                                          0                             0%
OP_CAT_GED_DP3_CORE_13                                          0                             0%
OP_CAT_GED_DP2_CORE_13                                          0                             0%
OP_CAT_GED_LINE_CORE_13                                         0                             0%
OP_CAT_GED_PLN_CORE_13                                          0                             0%
OP_CAT_GED_MAD_CORE_13                                          0                             0%
OP_CAT_GED_LRP_CORE_13                                          0                             0%
OP_CAT_GED_MADM_CORE_13                                         0                             0%
OP_CAT_GED_NOP_CORE_13                                          0                             0%
OP_CAT_GED_ROR_CORE_13                                          0                             0%
OP_CAT_GED_ROL_CORE_13                                          0                             0%
OP_CAT_GED_DP4A_CORE_13                                         0                             0%
OP_CAT_GED_F32TO16_CORE_13                                      0                             0%
OP_CAT_GED_F16TO32_CORE_13                                      0                             0%
OP_CAT_GED_DIM_CORE_13                                          0                             0%
OP_CAT_GED_INVALID_CORE_13                                      0                             0%
                                                           201010                           100%

PARENT_UOP_CORE_14                                              0                             0

CHILD_UOP_READ_CORE_14                                          0                             0

FP_OPS_CORE_14                                                  0                             0

OP_CAT_XED_CATEGORY_INVALID_CORE_14                             0                             0%
OP_CAT_XED_CATEGORY_3DNOW_CORE_14                               0                             0%
OP_CAT_XED_CATEGORY_ADOX_ADCX_CORE_14                           0                             0%
OP_CAT_XED_CATEGORY_AES_CORE_14                                 0                             0%
OP_CAT_XED_CATEGORY_AVX_CORE_14                                 0                             0%
OP_CAT_XED_CATEGORY_AVX2_CORE_14                                0                             0%
OP_CAT_XED_CATEGORY_AVX2GATHER_CORE_14                          0                             0%
OP_CAT_XED_CATEGORY_AVX512_CORE_14                              0                             0%
OP_CAT_XED_CATEGORY_AVX512_4FMAPS_CORE_14                       0                             0%
OP_CAT_XED_CATEGORY_AVX512_4VNNIW_CORE_14                       0                             0%
OP_CAT_XED_CATEGORY_AVX512_BITALG_CORE_14                       0                             0%
OP_CAT_XED_CATEGORY_AVX512_VBMI_CORE_14                         0                             0%
OP_CAT_XED_CATEGORY_AVX512_VP2INTERSECT_CORE_14                   0                             0%
OP_CAT_XED_CATEGORY_BINARY_CORE_14                              0                             0%
OP_CAT_XED_CATEGORY_BITBYTE_CORE_14                             0                             0%
OP_CAT_XED_CATEGORY_BLEND_CORE_14                               0                             0%
OP_CAT_XED_CATEGORY_BMI1_CORE_14                                0                             0%
OP_CAT_XED_CATEGORY_BMI2_CORE_14                                0                             0%
OP_CAT_XED_CATEGORY_BROADCAST_CORE_14                           0                             0%
OP_CAT_XED_CATEGORY_CALL_CORE_14                                0                             0%
OP_CAT_XED_CATEGORY_CET_CORE_14                                 0                             0%
OP_CAT_XED_CATEGORY_CLDEMOTE_CORE_14                            0                             0%
OP_CAT_XED_CATEGORY_CLFLUSHOPT_CORE_14                          0                             0%
OP_CAT_XED_CATEGORY_CLWB_CORE_14                                0                             0%
OP_CAT_XED_CATEGORY_CLZERO_CORE_14                              0                             0%
OP_CAT_XED_CATEGORY_CMOV_CORE_14                                0                             0%
OP_CAT_XED_CATEGORY_COMPRESS_CORE_14                            0                             0%
OP_CAT_XED_CATEGORY_COND_BR_CORE_14                             0                             0%
OP_CAT_XED_CATEGORY_CONFLICT_CORE_14                            0                             0%
OP_CAT_XED_CATEGORY_CONVERT_CORE_14                             0                             0%
OP_CAT_XED_CATEGORY_DATAXFER_CORE_14                            0                             0%
OP_CAT_XED_CATEGORY_DECIMAL_CORE_14                             0                             0%
OP_CAT_XED_CATEGORY_ENQCMD_CORE_14                              0                             0%
OP_CAT_XED_CATEGORY_EXPAND_CORE_14                              0                             0%
OP_CAT_XED_CATEGORY_FCMOV_CORE_14                               0                             0%
OP_CAT_XED_CATEGORY_FLAGOP_CORE_14                              0                             0%
OP_CAT_XED_CATEGORY_FMA4_CORE_14                                0                             0%
OP_CAT_XED_CATEGORY_GATHER_CORE_14                              0                             0%
OP_CAT_XED_CATEGORY_GFNI_CORE_14                                0                             0%
OP_CAT_XED_CATEGORY_IFMA_CORE_14                                0                             0%
OP_CAT_XED_CATEGORY_INTERRUPT_CORE_14                           0                             0%
OP_CAT_XED_CATEGORY_IO_CORE_14                                  0                             0%
OP_CAT_XED_CATEGORY_IOSTRINGOP_CORE_14                          0                             0%
OP_CAT_XED_CATEGORY_KMASK_CORE_14                               0                             0%
OP_CAT_XED_CATEGORY_LOGICAL_CORE_14                             0                             0%
OP_CAT_XED_CATEGORY_LOGICAL_FP_CORE_14                          0                             0%
OP_CAT_XED_CATEGORY_LZCNT_CORE_14                               0                             0%
OP_CAT_XED_CATEGORY_MISC_CORE_14                                0                             0%
OP_CAT_XED_CATEGORY_MMX_CORE_14                                 0                             0%
OP_CAT_XED_CATEGORY_MOVDIR_CORE_14                              0                             0%
OP_CAT_XED_CATEGORY_MPX_CORE_14                                 0                             0%
OP_CAT_XED_CATEGORY_NOP_CORE_14                                 0                             0%
OP_CAT_XED_CATEGORY_PCLMULQDQ_CORE_14                           0                             0%
OP_CAT_XED_CATEGORY_PCONFIG_CORE_14                             0                             0%
OP_CAT_XED_CATEGORY_PKU_CORE_14                                 0                             0%
OP_CAT_XED_CATEGORY_POP_CORE_14                                 0                             0%
OP_CAT_XED_CATEGORY_PREFETCH_CORE_14                            0                             0%
OP_CAT_XED_CATEGORY_PREFETCHWT1_CORE_14                         0                             0%
OP_CAT_XED_CATEGORY_PT_CORE_14                                  0                             0%
OP_CAT_XED_CATEGORY_PUSH_CORE_14                                0                             0%
OP_CAT_XED_CATEGORY_RDPID_CORE_14                               0                             0%
OP_CAT_XED_CATEGORY_RDPRU_CORE_14                               0                             0%
OP_CAT_XED_CATEGORY_RDRAND_CORE_14                              0                             0%
OP_CAT_XED_CATEGORY_RDSEED_CORE_14                              0                             0%
OP_CAT_XED_CATEGORY_RDWRFSGS_CORE_14                            0                             0%
OP_CAT_XED_CATEGORY_RET_CORE_14                                 0                             0%
OP_CAT_XED_CATEGORY_ROTATE_CORE_14                              0                             0%
OP_CAT_XED_CATEGORY_SCATTER_CORE_14                             0                             0%
OP_CAT_XED_CATEGORY_SEGOP_CORE_14                               0                             0%
OP_CAT_XED_CATEGORY_SEMAPHORE_CORE_14                           0                             0%
OP_CAT_XED_CATEGORY_SETCC_CORE_14                               0                             0%
OP_CAT_XED_CATEGORY_SGX_CORE_14                                 0                             0%
OP_CAT_XED_CATEGORY_SHA_CORE_14                                 0                             0%
OP_CAT_XED_CATEGORY_SHIFT_CORE_14                               0                             0%
OP_CAT_XED_CATEGORY_SMAP_CORE_14                                0                             0%
OP_CAT_XED_CATEGORY_SSE_CORE_14                                 0                             0%
OP_CAT_XED_CATEGORY_STRINGOP_CORE_14                            0                             0%
OP_CAT_XED_CATEGORY_STTNI_CORE_14                               0                             0%
OP_CAT_XED_CATEGORY_SYSCALL_CORE_14                             0                             0%
OP_CAT_XED_CATEGORY_SYSRET_CORE_14                              0                             0%
OP_CAT_XED_CATEGORY_SYSTEM_CORE_14                              0                             0%
OP_CAT_XED_CATEGORY_TBM_CORE_14                                 0                             0%
OP_CAT_XED_CATEGORY_UNCOND_BR_CORE_14                           0                             0%
OP_CAT_XED_CATEGORY_VAES_CORE_14                                0                             0%
OP_CAT_XED_CATEGORY_VBMI2_CORE_14                               0                             0%
OP_CAT_XED_CATEGORY_VFMA_CORE_14                                0                             0%
OP_CAT_XED_CATEGORY_VIA_PADLOCK_CORE_14                         0                             0%
OP_CAT_XED_CATEGORY_VPCLMULQDQ_CORE_14                          0                             0%
OP_CAT_XED_CATEGORY_VTX_CORE_14                                 0                             0%
OP_CAT_XED_CATEGORY_WAITPKG_CORE_14                             0                             0%
OP_CAT_XED_CATEGORY_WIDENOP_CORE_14                             0                             0%
OP_CAT_XED_CATEGORY_X87_ALU_CORE_14                             0                             0%
OP_CAT_XED_CATEGORY_XOP_CORE_14                                 0                             0%
OP_CAT_XED_CATEGORY_XSAVE_CORE_14                               0                             0%
OP_CAT_XED_CATEGORY_XSAVEOPT_CORE_14                            0                             0%
OP_CAT_XED_CATEGORY_TR_MUL_CORE_14                              0                             0%
OP_CAT_XED_CATEGORY_TR_DIV_CORE_14                              0                             0%
OP_CAT_XED_CATEGORY_TR_FMUL_CORE_14                             0                             0%
OP_CAT_XED_CATEGORY_TR_FDIV_CORE_14                             0                             0%
OP_CAT_XED_CATEGORY_TR_NOP_CORE_14                              0                             0%
OP_CAT_XED_CATEGORY_PREFETCH_NTA_CORE_14                        0                             0%
OP_CAT_XED_CATEGORY_PREFETCH_T0_CORE_14                         0                             0%
OP_CAT_XED_CATEGORY_PREFETCH_T1_CORE_14                         0                             0%
OP_CAT_XED_CATEGORY_PREFETCH_T2_CORE_14                         0                             0%
OP_CAT_GPU_EN_CORE_14                                           0                             0%
OP_CAT_GPU_INVALID_CORE_14                                      0                             0%
OP_CAT_GPU_ABS_CORE_14                                          0                             0%
OP_CAT_GPU_ABS64_CORE_14                                        0                             0%
OP_CAT_GPU_ADD_CORE_14                                          0                             0%
OP_CAT_GPU_ADD64_CORE_14                                        0                             0%
OP_CAT_GPU_ADDC_CORE_14                                         0                             0%
OP_CAT_GPU_AND_CORE_14                                          0                             0%
OP_CAT_GPU_AND64_CORE_14                                        0                             0%
OP_CAT_GPU_ATOM_GM_CORE_14                                      0                             0%
OP_CAT_GPU_ATOM_SM_CORE_14                                      0                             0%
OP_CAT_GPU_ATOM64_GM_CORE_14                                 8228                       4.11279%
OP_CAT_GPU_ATOM64_SM_CORE_14                                    0                             0%
OP_CAT_GPU_BAR_ARRIVE_CORE_14                                 578                      0.288915%
OP_CAT_GPU_BAR_SYNC_CORE_14                                     0                             0%
OP_CAT_GPU_BAR_RED_CORE_14                                      0                             0%
OP_CAT_GPU_BFE_CORE_14                                          0                             0%
OP_CAT_GPU_BFE64_CORE_14                                        0                             0%
OP_CAT_GPU_BFI_CORE_14                                          0                             0%
OP_CAT_GPU_BFI64_CORE_14                                        0                             0%
OP_CAT_GPU_BFIND_CORE_14                                        0                             0%
OP_CAT_GPU_BFIND64_CORE_14                                      0                             0%
OP_CAT_GPU_BRA_CORE_14                                          0                             0%
OP_CAT_GPU_BREV_CORE_14                                         0                             0%
OP_CAT_GPU_BREV64_CORE_14                                       0                             0%
OP_CAT_GPU_BRKPT_CORE_14                                        0                             0%
OP_CAT_GPU_CALL_CORE_14                                         0                             0%
OP_CAT_GPU_CLZ_CORE_14                                          0                             0%
OP_CAT_GPU_CLZ64_CORE_14                                        7                    0.00349897%
OP_CAT_GPU_CNOT_CORE_14                                         0                             0%
OP_CAT_GPU_CNOT64_CORE_14                                      36                     0.0179947%
OP_CAT_GPU_COPYSIGN_CORE_14                                     0                             0%
OP_CAT_GPU_COPYSIGN64_CORE_14                                   0                             0%
OP_CAT_GPU_COS_CORE_14                                      21749                       10.8713%
OP_CAT_GPU_CVT_CORE_14                                          0                             0%
OP_CAT_GPU_CVT64_CORE_14                                        0                             0%
OP_CAT_GPU_CVTA_CORE_14                                         0                             0%
OP_CAT_GPU_CVTA64_CORE_14                                   40434                        20.211%
OP_CAT_GPU_DIV_CORE_14                                          0                             0%
OP_CAT_GPU_DIV64_CORE_14                                        0                             0%
OP_CAT_GPU_EX2_CORE_14                                          0                             0%
OP_CAT_GPU_EXIT_CORE_14                                         0                             0%
OP_CAT_GPU_FMA_CORE_14                                          0                             0%
OP_CAT_GPU_FMA64_CORE_14                                        0                             0%
OP_CAT_GPU_ISSPACEP_CORE_14                                 23813                        11.903%
OP_CAT_GPU_LD_CORE_14                                       16598                       8.29655%
OP_CAT_GPU_LD64_CORE_14                                         0                             0%
OP_CAT_GPU_LDU_CORE_14                                      17133                       8.56397%
OP_CAT_GPU_LDU64_CORE_14                                        0                             0%
OP_CAT_GPU_LG2_CORE_14                                         72                     0.0359894%
OP_CAT_GPU_MAD24_CORE_14                                     1465                      0.732284%
OP_CAT_GPU_MAD_CORE_14                                          0                             0%
OP_CAT_GPU_MAD64_CORE_14                                        0                             0%
OP_CAT_GPU_MADC_CORE_14                                         0                             0%
OP_CAT_GPU_MADC64_CORE_14                                       0                             0%
OP_CAT_GPU_MAX_CORE_14                                          0                             0%
OP_CAT_GPU_MAX64_CORE_14                                      578                      0.288915%
OP_CAT_GPU_MEMBAR_CTA_CORE_14                                 578                      0.288915%
OP_CAT_GPU_MEMBAR_GL_CORE_14                                    0                             0%
OP_CAT_GPU_MEMBAR_SYS_CORE_14                                   0                             0%
OP_CAT_GPU_MIN_CORE_14                                          0                             0%
OP_CAT_GPU_MIN64_CORE_14                                        0                             0%
OP_CAT_GPU_MOV_CORE_14                                          0                             0%
OP_CAT_GPU_MOV64_CORE_14                                        0                             0%
OP_CAT_GPU_MUL24_CORE_14                                     3528                       1.76348%
OP_CAT_GPU_MUL_CORE_14                                      17366                       8.68044%
OP_CAT_GPU_MUL64_CORE_14                                     1169                      0.584328%
OP_CAT_GPU_NEG_CORE_14                                         71                     0.0354895%
OP_CAT_GPU_NEG64_CORE_14                                       56                     0.0279917%
OP_CAT_GPU_NOT_CORE_14                                          0                             0%
OP_CAT_GPU_NOT64_CORE_14                                        0                             0%
OP_CAT_GPU_OR_CORE_14                                           0                             0%
OP_CAT_GPU_OR64_CORE_14                                         0                             0%
OP_CAT_GPU_PMEVENT_CORE_14                                      0                             0%
OP_CAT_GPU_POPC_CORE_14                                      9142                       4.56965%
OP_CAT_GPU_POPC64_CORE_14                                       0                             0%
OP_CAT_GPU_PREFETCH_CORE_14                                  1586                      0.792766%
OP_CAT_GPU_PREFETCHU_CORE_14                                    0                             0%
OP_CAT_GPU_PRMT_CORE_14                                         0                             0%
OP_CAT_GPU_RCP_CORE_14                                        310                      0.154954%
OP_CAT_GPU_RCP64_CORE_14                                        0                             0%
OP_CAT_GPU_RED_GM_CORE_14                                     885                      0.442369%
OP_CAT_GPU_RED_SM_CORE_14                                       0                             0%
OP_CAT_GPU_RED64_GM_CORE_14                                     0                             0%
OP_CAT_GPU_RED64_SM_CORE_14                                     0                             0%
OP_CAT_GPU_REM_CORE_14                                       1169                      0.584328%
OP_CAT_GPU_REM64_CORE_14                                       36                     0.0179947%
OP_CAT_GPU_RET_CORE_14                                          0                             0%
OP_CAT_GPU_RSQRT_CORE_14                                      289                      0.144457%
OP_CAT_GPU_RSQRT64_CORE_14                                      0                             0%
OP_CAT_GPU_SAD_CORE_14                                        289                      0.144457%
OP_CAT_GPU_SAD64_CORE_14                                      289                      0.144457%
OP_CAT_GPU_SELP_CORE_14                                         0                             0%
OP_CAT_GPU_SELP64_CORE_14                                       0                             0%
OP_CAT_GPU_SET_CORE_14                                          0                             0%
OP_CAT_GPU_SET64_CORE_14                                        0                             0%
OP_CAT_GPU_SETP_CORE_14                                         0                             0%
OP_CAT_GPU_SETP64_CORE_14                                       0                             0%
OP_CAT_GPU_SHFL_CORE_14                                         0                             0%
OP_CAT_GPU_SHFL64_CORE_14                                       0                             0%
OP_CAT_GPU_SHL_CORE_14                                          0                             0%
OP_CAT_GPU_SHL64_CORE_14                                        0                             0%
OP_CAT_GPU_SHR_CORE_14                                          0                             0%
OP_CAT_GPU_SHR64_CORE_14                                      289                      0.144457%
OP_CAT_GPU_SIN_CORE_14                                          0                             0%
OP_CAT_GPU_SLCT_CORE_14                                         0                             0%
OP_CAT_GPU_SLCT64_CORE_14                                       0                             0%
OP_CAT_GPU_SQRT_CORE_14                                         0                             0%
OP_CAT_GPU_SQRT64_CORE_14                                       0                             0%
OP_CAT_GPU_ST_CORE_14                                           0                             0%
OP_CAT_GPU_ST64_CORE_14                                         0                             0%
OP_CAT_GPU_SUB_CORE_14                                          0                             0%
OP_CAT_GPU_SUB64_CORE_14                                        0                             0%
OP_CAT_GPU_SUBC_CORE_14                                         0                             0%
OP_CAT_GPU_SULD_CORE_14                                         0                             0%
OP_CAT_GPU_SULD64_CORE_14                                       0                             0%
OP_CAT_GPU_SURED_CORE_14                                        0                             0%
OP_CAT_GPU_SURED64_CORE_14                                      0                             0%
OP_CAT_GPU_SUST_CORE_14                                         0                             0%
OP_CAT_GPU_SUST64_CORE_14                                       0                             0%
OP_CAT_GPU_SUQ_CORE_14                                         36                     0.0179947%
OP_CAT_GPU_TESTP_CORE_14                                        0                             0%
OP_CAT_GPU_TESTP64_CORE_14                                      0                             0%
OP_CAT_GPU_TEX_CORE_14                                          0                             0%
OP_CAT_GPU_TLD4_CORE_14                                         0                             0%
OP_CAT_GPU_TXQ_CORE_14                                          0                             0%
OP_CAT_GPU_TRAP_CORE_14                                         0                             0%
OP_CAT_GPU_VABSDIFF_CORE_14                                     0                             0%
OP_CAT_GPU_VADD_CORE_14                                         0                             0%
OP_CAT_GPU_VMAD_CORE_14                                         0                             0%
OP_CAT_GPU_VMAX_CORE_14                                         0                             0%
OP_CAT_GPU_VMIN_CORE_14                                         0                             0%
OP_CAT_GPU_VSET_CORE_14                                         0                             0%
OP_CAT_GPU_VSHL_CORE_14                                     10967                       5.48188%
OP_CAT_GPU_VSHR_CORE_14                                         0                             0%
OP_CAT_GPU_VSUB_CORE_14                                         0                             0%
OP_CAT_GPU_VOTE_CORE_14                                         0                             0%
OP_CAT_GPU_XOR_CORE_14                                       8713                       4.35522%
OP_CAT_GPU_XOR64_CORE_14                                     9929                       4.96304%
OP_CAT_GPU_RECONVERGE_CORE_14                                   0                             0%
OP_CAT_GPU_PHI_CORE_14                                          7                    0.00349897%
OP_CAT_GPU_MEM_LD_GM_CORE_14                                    0                             0%
OP_CAT_GPU_MEM_LD_LM_CORE_14                                    0                             0%
OP_CAT_GPU_MEM_LD_SM_CORE_14                                    0                             0%
OP_CAT_GPU_MEM_LD_CM_CORE_14                                    0                             0%
OP_CAT_GPU_MEM_LD_TM_CORE_14                                    0                             0%
OP_CAT_GPU_MEM_LD_PM_CORE_14                                    0                             0%
OP_CAT_GPU_MEM_LDU_GM_CORE_14                                   0                             0%
OP_CAT_GPU_MEM_ST_GM_CORE_14                                    0                             0%
OP_CAT_GPU_MEM_ST_LM_CORE_14                                   56                     0.0279917%
OP_CAT_GPU_MEM_ST_SM_CORE_14                                    0                             0%
OP_CAT_GPU_DATA_XFER_GM_CORE_14                                 0                             0%
OP_CAT_GPU_DATA_XFER_LM_CORE_14                              1380                      0.689797%
OP_CAT_GPU_DATA_XFER_SM_CORE_14                                 0                             0%
OP_CAT_GED_ILLEGAL_CORE_14                                      0                             0%
OP_CAT_GED_MOV_CORE_14                                          0                             0%
OP_CAT_GED_SEL_CORE_14                                          0                             0%
OP_CAT_GED_MOVI_CORE_14                                         0                             0%
OP_CAT_GED_NOT_CORE_14                                          0                             0%
OP_CAT_GED_AND_CORE_14                                          0                             0%
OP_CAT_GED_OR_CORE_14                                        1228                      0.613819%
OP_CAT_GED_XOR_CORE_14                                          0                             0%
OP_CAT_GED_SHR_CORE_14                                          0                             0%
OP_CAT_GED_SHL_CORE_14                                          0                             0%
OP_CAT_GED_SMOV_CORE_14                                         0                             0%
OP_CAT_GED_ASR_CORE_14                                          0                             0%
OP_CAT_GED_CMP_CORE_14                                          0                             0%
OP_CAT_GED_CMPN_CORE_14                                         0                             0%
OP_CAT_GED_CSEL_CORE_14                                         0                             0%
OP_CAT_GED_BFREV_CORE_14                                        0                             0%
OP_CAT_GED_BFE_CORE_14                                          0                             0%
OP_CAT_GED_BFI1_CORE_14                                         0                             0%
OP_CAT_GED_BFI2_CORE_14                                         0                             0%
OP_CAT_GED_JMPI_CORE_14                                         0                             0%
OP_CAT_GED_BRD_CORE_14                                          0                             0%
OP_CAT_GED_IF_CORE_14                                           0                             0%
OP_CAT_GED_BRC_CORE_14                                          0                             0%
OP_CAT_GED_ELSE_CORE_14                                         0                             0%
OP_CAT_GED_ENDIF_CORE_14                                        0                             0%
OP_CAT_GED_WHILE_CORE_14                                        0                             0%
OP_CAT_GED_BREAK_CORE_14                                        0                             0%
OP_CAT_GED_CONT_CORE_14                                         0                             0%
OP_CAT_GED_HALT_CORE_14                                         0                             0%
OP_CAT_GED_CALLA_CORE_14                                        0                             0%
OP_CAT_GED_CALL_CORE_14                                         0                             0%
OP_CAT_GED_RET_CORE_14                                          0                             0%
OP_CAT_GED_GOTO_CORE_14                                         0                             0%
OP_CAT_GED_JOIN_CORE_14                                         0                             0%
OP_CAT_GED_WAIT_CORE_14                                         0                             0%
OP_CAT_GED_SEND_CORE_14                                         0                             0%
OP_CAT_GED_SENDC_CORE_14                                        0                             0%
OP_CAT_GED_SENDS_CORE_14                                        0                             0%
OP_CAT_GED_SENDSC_CORE_14                                       0                             0%
OP_CAT_GED_MATH_CORE_14                                         0                             0%
OP_CAT_GED_ADD_CORE_14                                          0                             0%
OP_CAT_GED_MUL_CORE_14                                          0                             0%
OP_CAT_GED_AVG_CORE_14                                          0                             0%
OP_CAT_GED_FRC_CORE_14                                          0                             0%
OP_CAT_GED_RNDU_CORE_14                                         0                             0%
OP_CAT_GED_RNDD_CORE_14                                         0                             0%
OP_CAT_GED_RNDE_CORE_14                                         0                             0%
OP_CAT_GED_RNDZ_CORE_14                                         0                             0%
OP_CAT_GED_MAC_CORE_14                                          0                             0%
OP_CAT_GED_MACH_CORE_14                                         0                             0%
OP_CAT_GED_LZD_CORE_14                                          0                             0%
OP_CAT_GED_FBH_CORE_14                                          0                             0%
OP_CAT_GED_FBL_CORE_14                                          0                             0%
OP_CAT_GED_CBIT_CORE_14                                         0                             0%
OP_CAT_GED_ADDC_CORE_14                                         0                             0%
OP_CAT_GED_SUBB_CORE_14                                         0                             0%
OP_CAT_GED_SAD2_CORE_14                                         0                             0%
OP_CAT_GED_SADA2_CORE_14                                        0                             0%
OP_CAT_GED_DP4_CORE_14                                          0                             0%
OP_CAT_GED_DPH_CORE_14                                          0                             0%
OP_CAT_GED_DP3_CORE_14                                          0                             0%
OP_CAT_GED_DP2_CORE_14                                          0                             0%
OP_CAT_GED_LINE_CORE_14                                         0                             0%
OP_CAT_GED_PLN_CORE_14                                          0                             0%
OP_CAT_GED_MAD_CORE_14                                          0                             0%
OP_CAT_GED_LRP_CORE_14                                          0                             0%
OP_CAT_GED_MADM_CORE_14                                         0                             0%
OP_CAT_GED_NOP_CORE_14                                          0                             0%
OP_CAT_GED_ROR_CORE_14                                          0                             0%
OP_CAT_GED_ROL_CORE_14                                          0                             0%
OP_CAT_GED_DP4A_CORE_14                                         0                             0%
OP_CAT_GED_F32TO16_CORE_14                                      0                             0%
OP_CAT_GED_F16TO32_CORE_14                                      0                             0%
OP_CAT_GED_DIM_CORE_14                                          0                             0%
OP_CAT_GED_INVALID_CORE_14                                      0                             0%
                                                           200059                           100%

PARENT_UOP_CORE_15                                              0                             0

CHILD_UOP_READ_CORE_15                                          0                             0

FP_OPS_CORE_15                                                  0                             0

OP_CAT_XED_CATEGORY_INVALID_CORE_15                             0                             0%
OP_CAT_XED_CATEGORY_3DNOW_CORE_15                               0                             0%
OP_CAT_XED_CATEGORY_ADOX_ADCX_CORE_15                           0                             0%
OP_CAT_XED_CATEGORY_AES_CORE_15                                 0                             0%
OP_CAT_XED_CATEGORY_AVX_CORE_15                                 0                             0%
OP_CAT_XED_CATEGORY_AVX2_CORE_15                                0                             0%
OP_CAT_XED_CATEGORY_AVX2GATHER_CORE_15                          0                             0%
OP_CAT_XED_CATEGORY_AVX512_CORE_15                              0                             0%
OP_CAT_XED_CATEGORY_AVX512_4FMAPS_CORE_15                       0                             0%
OP_CAT_XED_CATEGORY_AVX512_4VNNIW_CORE_15                       0                             0%
OP_CAT_XED_CATEGORY_AVX512_BITALG_CORE_15                       0                             0%
OP_CAT_XED_CATEGORY_AVX512_VBMI_CORE_15                         0                             0%
OP_CAT_XED_CATEGORY_AVX512_VP2INTERSECT_CORE_15                   0                             0%
OP_CAT_XED_CATEGORY_BINARY_CORE_15                              0                             0%
OP_CAT_XED_CATEGORY_BITBYTE_CORE_15                             0                             0%
OP_CAT_XED_CATEGORY_BLEND_CORE_15                               0                             0%
OP_CAT_XED_CATEGORY_BMI1_CORE_15                                0                             0%
OP_CAT_XED_CATEGORY_BMI2_CORE_15                                0                             0%
OP_CAT_XED_CATEGORY_BROADCAST_CORE_15                           0                             0%
OP_CAT_XED_CATEGORY_CALL_CORE_15                                0                             0%
OP_CAT_XED_CATEGORY_CET_CORE_15                                 0                             0%
OP_CAT_XED_CATEGORY_CLDEMOTE_CORE_15                            0                             0%
OP_CAT_XED_CATEGORY_CLFLUSHOPT_CORE_15                          0                             0%
OP_CAT_XED_CATEGORY_CLWB_CORE_15                                0                             0%
OP_CAT_XED_CATEGORY_CLZERO_CORE_15                              0                             0%
OP_CAT_XED_CATEGORY_CMOV_CORE_15                                0                             0%
OP_CAT_XED_CATEGORY_COMPRESS_CORE_15                            0                             0%
OP_CAT_XED_CATEGORY_COND_BR_CORE_15                             0                             0%
OP_CAT_XED_CATEGORY_CONFLICT_CORE_15                            0                             0%
OP_CAT_XED_CATEGORY_CONVERT_CORE_15                             0                             0%
OP_CAT_XED_CATEGORY_DATAXFER_CORE_15                            0                             0%
OP_CAT_XED_CATEGORY_DECIMAL_CORE_15                             0                             0%
OP_CAT_XED_CATEGORY_ENQCMD_CORE_15                              0                             0%
OP_CAT_XED_CATEGORY_EXPAND_CORE_15                              0                             0%
OP_CAT_XED_CATEGORY_FCMOV_CORE_15                               0                             0%
OP_CAT_XED_CATEGORY_FLAGOP_CORE_15                              0                             0%
OP_CAT_XED_CATEGORY_FMA4_CORE_15                                0                             0%
OP_CAT_XED_CATEGORY_GATHER_CORE_15                              0                             0%
OP_CAT_XED_CATEGORY_GFNI_CORE_15                                0                             0%
OP_CAT_XED_CATEGORY_IFMA_CORE_15                                0                             0%
OP_CAT_XED_CATEGORY_INTERRUPT_CORE_15                           0                             0%
OP_CAT_XED_CATEGORY_IO_CORE_15                                  0                             0%
OP_CAT_XED_CATEGORY_IOSTRINGOP_CORE_15                          0                             0%
OP_CAT_XED_CATEGORY_KMASK_CORE_15                               0                             0%
OP_CAT_XED_CATEGORY_LOGICAL_CORE_15                             0                             0%
OP_CAT_XED_CATEGORY_LOGICAL_FP_CORE_15                          0                             0%
OP_CAT_XED_CATEGORY_LZCNT_CORE_15                               0                             0%
OP_CAT_XED_CATEGORY_MISC_CORE_15                                0                             0%
OP_CAT_XED_CATEGORY_MMX_CORE_15                                 0                             0%
OP_CAT_XED_CATEGORY_MOVDIR_CORE_15                              0                             0%
OP_CAT_XED_CATEGORY_MPX_CORE_15                                 0                             0%
OP_CAT_XED_CATEGORY_NOP_CORE_15                                 0                             0%
OP_CAT_XED_CATEGORY_PCLMULQDQ_CORE_15                           0                             0%
OP_CAT_XED_CATEGORY_PCONFIG_CORE_15                             0                             0%
OP_CAT_XED_CATEGORY_PKU_CORE_15                                 0                             0%
OP_CAT_XED_CATEGORY_POP_CORE_15                                 0                             0%
OP_CAT_XED_CATEGORY_PREFETCH_CORE_15                            0                             0%
OP_CAT_XED_CATEGORY_PREFETCHWT1_CORE_15                         0                             0%
OP_CAT_XED_CATEGORY_PT_CORE_15                                  0                             0%
OP_CAT_XED_CATEGORY_PUSH_CORE_15                                0                             0%
OP_CAT_XED_CATEGORY_RDPID_CORE_15                               0                             0%
OP_CAT_XED_CATEGORY_RDPRU_CORE_15                               0                             0%
OP_CAT_XED_CATEGORY_RDRAND_CORE_15                              0                             0%
OP_CAT_XED_CATEGORY_RDSEED_CORE_15                              0                             0%
OP_CAT_XED_CATEGORY_RDWRFSGS_CORE_15                            0                             0%
OP_CAT_XED_CATEGORY_RET_CORE_15                                 0                             0%
OP_CAT_XED_CATEGORY_ROTATE_CORE_15                              0                             0%
OP_CAT_XED_CATEGORY_SCATTER_CORE_15                             0                             0%
OP_CAT_XED_CATEGORY_SEGOP_CORE_15                               0                             0%
OP_CAT_XED_CATEGORY_SEMAPHORE_CORE_15                           0                             0%
OP_CAT_XED_CATEGORY_SETCC_CORE_15                               0                             0%
OP_CAT_XED_CATEGORY_SGX_CORE_15                                 0                             0%
OP_CAT_XED_CATEGORY_SHA_CORE_15                                 0                             0%
OP_CAT_XED_CATEGORY_SHIFT_CORE_15                               0                             0%
OP_CAT_XED_CATEGORY_SMAP_CORE_15                                0                             0%
OP_CAT_XED_CATEGORY_SSE_CORE_15                                 0                             0%
OP_CAT_XED_CATEGORY_STRINGOP_CORE_15                            0                             0%
OP_CAT_XED_CATEGORY_STTNI_CORE_15                               0                             0%
OP_CAT_XED_CATEGORY_SYSCALL_CORE_15                             0                             0%
OP_CAT_XED_CATEGORY_SYSRET_CORE_15                              0                             0%
OP_CAT_XED_CATEGORY_SYSTEM_CORE_15                              0                             0%
OP_CAT_XED_CATEGORY_TBM_CORE_15                                 0                             0%
OP_CAT_XED_CATEGORY_UNCOND_BR_CORE_15                           0                             0%
OP_CAT_XED_CATEGORY_VAES_CORE_15                                0                             0%
OP_CAT_XED_CATEGORY_VBMI2_CORE_15                               0                             0%
OP_CAT_XED_CATEGORY_VFMA_CORE_15                                0                             0%
OP_CAT_XED_CATEGORY_VIA_PADLOCK_CORE_15                         0                             0%
OP_CAT_XED_CATEGORY_VPCLMULQDQ_CORE_15                          0                             0%
OP_CAT_XED_CATEGORY_VTX_CORE_15                                 0                             0%
OP_CAT_XED_CATEGORY_WAITPKG_CORE_15                             0                             0%
OP_CAT_XED_CATEGORY_WIDENOP_CORE_15                             0                             0%
OP_CAT_XED_CATEGORY_X87_ALU_CORE_15                             0                             0%
OP_CAT_XED_CATEGORY_XOP_CORE_15                                 0                             0%
OP_CAT_XED_CATEGORY_XSAVE_CORE_15                               0                             0%
OP_CAT_XED_CATEGORY_XSAVEOPT_CORE_15                            0                             0%
OP_CAT_XED_CATEGORY_TR_MUL_CORE_15                              0                             0%
OP_CAT_XED_CATEGORY_TR_DIV_CORE_15                              0                             0%
OP_CAT_XED_CATEGORY_TR_FMUL_CORE_15                             0                             0%
OP_CAT_XED_CATEGORY_TR_FDIV_CORE_15                             0                             0%
OP_CAT_XED_CATEGORY_TR_NOP_CORE_15                              0                             0%
OP_CAT_XED_CATEGORY_PREFETCH_NTA_CORE_15                        0                             0%
OP_CAT_XED_CATEGORY_PREFETCH_T0_CORE_15                         0                             0%
OP_CAT_XED_CATEGORY_PREFETCH_T1_CORE_15                         0                             0%
OP_CAT_XED_CATEGORY_PREFETCH_T2_CORE_15                         0                             0%
OP_CAT_GPU_EN_CORE_15                                           0                             0%
OP_CAT_GPU_INVALID_CORE_15                                      0                             0%
OP_CAT_GPU_ABS_CORE_15                                          0                             0%
OP_CAT_GPU_ABS64_CORE_15                                        0                             0%
OP_CAT_GPU_ADD_CORE_15                                          0                             0%
OP_CAT_GPU_ADD64_CORE_15                                        0                             0%
OP_CAT_GPU_ADDC_CORE_15                                         0                             0%
OP_CAT_GPU_AND_CORE_15                                          0                             0%
OP_CAT_GPU_AND64_CORE_15                                        0                             0%
OP_CAT_GPU_ATOM_GM_CORE_15                                      0                             0%
OP_CAT_GPU_ATOM_SM_CORE_15                                      0                             0%
OP_CAT_GPU_ATOM64_GM_CORE_15                                 8231                       4.12792%
OP_CAT_GPU_ATOM64_SM_CORE_15                                    0                             0%
OP_CAT_GPU_BAR_ARRIVE_CORE_15                                 626                      0.313945%
OP_CAT_GPU_BAR_SYNC_CORE_15                                     0                             0%
OP_CAT_GPU_BAR_RED_CORE_15                                      0                             0%
OP_CAT_GPU_BFE_CORE_15                                          0                             0%
OP_CAT_GPU_BFE64_CORE_15                                        0                             0%
OP_CAT_GPU_BFI_CORE_15                                          0                             0%
OP_CAT_GPU_BFI64_CORE_15                                        0                             0%
OP_CAT_GPU_BFIND_CORE_15                                        0                             0%
OP_CAT_GPU_BFIND64_CORE_15                                      0                             0%
OP_CAT_GPU_BRA_CORE_15                                          0                             0%
OP_CAT_GPU_BREV_CORE_15                                         0                             0%
OP_CAT_GPU_BREV64_CORE_15                                       0                             0%
OP_CAT_GPU_BRKPT_CORE_15                                        0                             0%
OP_CAT_GPU_CALL_CORE_15                                         0                             0%
OP_CAT_GPU_CLZ_CORE_15                                          0                             0%
OP_CAT_GPU_CLZ64_CORE_15                                        4                    0.00200604%
OP_CAT_GPU_CNOT_CORE_15                                         0                             0%
OP_CAT_GPU_CNOT64_CORE_15                                      39                     0.0195589%
OP_CAT_GPU_COPYSIGN_CORE_15                                     0                             0%
OP_CAT_GPU_COPYSIGN64_CORE_15                                   0                             0%
OP_CAT_GPU_COS_CORE_15                                      21658                       10.8617%
OP_CAT_GPU_CVT_CORE_15                                          0                             0%
OP_CAT_GPU_CVT64_CORE_15                                        0                             0%
OP_CAT_GPU_CVTA_CORE_15                                         0                             0%
OP_CAT_GPU_CVTA64_CORE_15                                   40648                       20.3854%
OP_CAT_GPU_DIV_CORE_15                                          0                             0%
OP_CAT_GPU_DIV64_CORE_15                                        0                             0%
OP_CAT_GPU_EX2_CORE_15                                          0                             0%
OP_CAT_GPU_EXIT_CORE_15                                         0                             0%
OP_CAT_GPU_FMA_CORE_15                                          0                             0%
OP_CAT_GPU_FMA64_CORE_15                                        0                             0%
OP_CAT_GPU_ISSPACEP_CORE_15                                 23891                       11.9816%
OP_CAT_GPU_LD_CORE_15                                       16580                       8.31503%
OP_CAT_GPU_LD64_CORE_15                                         0                             0%
OP_CAT_GPU_LDU_CORE_15                                      17163                       8.60741%
OP_CAT_GPU_LDU64_CORE_15                                        0                             0%
OP_CAT_GPU_LG2_CORE_15                                         78                     0.0391177%
OP_CAT_GPU_MAD24_CORE_15                                     1416                      0.710137%
OP_CAT_GPU_MAD_CORE_15                                          0                             0%
OP_CAT_GPU_MAD64_CORE_15                                        0                             0%
OP_CAT_GPU_MADC_CORE_15                                         0                             0%
OP_CAT_GPU_MADC64_CORE_15                                       0                             0%
OP_CAT_GPU_MAX_CORE_15                                          0                             0%
OP_CAT_GPU_MAX64_CORE_15                                      626                      0.313945%
OP_CAT_GPU_MEMBAR_CTA_CORE_15                                 626                      0.313945%
OP_CAT_GPU_MEMBAR_GL_CORE_15                                    0                             0%
OP_CAT_GPU_MEMBAR_SYS_CORE_15                                   0                             0%
OP_CAT_GPU_MIN_CORE_15                                          0                             0%
OP_CAT_GPU_MIN64_CORE_15                                        0                             0%
OP_CAT_GPU_MOV_CORE_15                                          0                             0%
OP_CAT_GPU_MOV64_CORE_15                                        0                             0%
OP_CAT_GPU_MUL24_CORE_15                                     3309                        1.6595%
OP_CAT_GPU_MUL_CORE_15                                      17444                       8.74833%
OP_CAT_GPU_MUL64_CORE_15                                     1099                      0.551159%
OP_CAT_GPU_NEG_CORE_15                                         59                     0.0295891%
OP_CAT_GPU_NEG64_CORE_15                                       32                     0.0160483%
OP_CAT_GPU_NOT_CORE_15                                          0                             0%
OP_CAT_GPU_NOT64_CORE_15                                        0                             0%
OP_CAT_GPU_OR_CORE_15                                           0                             0%
OP_CAT_GPU_OR64_CORE_15                                         0                             0%
OP_CAT_GPU_PMEVENT_CORE_15                                      0                             0%
OP_CAT_GPU_POPC_CORE_15                                      9049                       4.53816%
OP_CAT_GPU_POPC64_CORE_15                                       0                             0%
OP_CAT_GPU_PREFETCH_CORE_15                                  1202                      0.602814%
OP_CAT_GPU_PREFETCHU_CORE_15                                    0                             0%
OP_CAT_GPU_PRMT_CORE_15                                         0                             0%
OP_CAT_GPU_RCP_CORE_15                                        325                      0.162991%
OP_CAT_GPU_RCP64_CORE_15                                        0                             0%
OP_CAT_GPU_RED_GM_CORE_15                                     672                      0.337014%
OP_CAT_GPU_RED_SM_CORE_15                                       0                             0%
OP_CAT_GPU_RED64_GM_CORE_15                                     0                             0%
OP_CAT_GPU_RED64_SM_CORE_15                                     0                             0%
OP_CAT_GPU_REM_CORE_15                                       1099                      0.551159%
OP_CAT_GPU_REM64_CORE_15                                       39                     0.0195589%
OP_CAT_GPU_RET_CORE_15                                          0                             0%
OP_CAT_GPU_RSQRT_CORE_15                                      313                      0.156972%
OP_CAT_GPU_RSQRT64_CORE_15                                      0                             0%
OP_CAT_GPU_SAD_CORE_15                                        313                      0.156972%
OP_CAT_GPU_SAD64_CORE_15                                      313                      0.156972%
OP_CAT_GPU_SELP_CORE_15                                         0                             0%
OP_CAT_GPU_SELP64_CORE_15                                       0                             0%
OP_CAT_GPU_SET_CORE_15                                          0                             0%
OP_CAT_GPU_SET64_CORE_15                                        0                             0%
OP_CAT_GPU_SETP_CORE_15                                         0                             0%
OP_CAT_GPU_SETP64_CORE_15                                       0                             0%
OP_CAT_GPU_SHFL_CORE_15                                         0                             0%
OP_CAT_GPU_SHFL64_CORE_15                                       0                             0%
OP_CAT_GPU_SHL_CORE_15                                          0                             0%
OP_CAT_GPU_SHL64_CORE_15                                        0                             0%
OP_CAT_GPU_SHR_CORE_15                                          0                             0%
OP_CAT_GPU_SHR64_CORE_15                                      313                      0.156972%
OP_CAT_GPU_SIN_CORE_15                                          0                             0%
OP_CAT_GPU_SLCT_CORE_15                                         0                             0%
OP_CAT_GPU_SLCT64_CORE_15                                       0                             0%
OP_CAT_GPU_SQRT_CORE_15                                         0                             0%
OP_CAT_GPU_SQRT64_CORE_15                                       0                             0%
OP_CAT_GPU_ST_CORE_15                                           0                             0%
OP_CAT_GPU_ST64_CORE_15                                         0                             0%
OP_CAT_GPU_SUB_CORE_15                                          0                             0%
OP_CAT_GPU_SUB64_CORE_15                                        0                             0%
OP_CAT_GPU_SUBC_CORE_15                                         0                             0%
OP_CAT_GPU_SULD_CORE_15                                         0                             0%
OP_CAT_GPU_SULD64_CORE_15                                       0                             0%
OP_CAT_GPU_SURED_CORE_15                                        0                             0%
OP_CAT_GPU_SURED64_CORE_15                                      0                             0%
OP_CAT_GPU_SUST_CORE_15                                         0                             0%
OP_CAT_GPU_SUST64_CORE_15                                       0                             0%
OP_CAT_GPU_SUQ_CORE_15                                         39                     0.0195589%
OP_CAT_GPU_TESTP_CORE_15                                        0                             0%
OP_CAT_GPU_TESTP64_CORE_15                                      0                             0%
OP_CAT_GPU_TEX_CORE_15                                          0                             0%
OP_CAT_GPU_TLD4_CORE_15                                         0                             0%
OP_CAT_GPU_TXQ_CORE_15                                          0                             0%
OP_CAT_GPU_TRAP_CORE_15                                         0                             0%
OP_CAT_GPU_VABSDIFF_CORE_15                                     0                             0%
OP_CAT_GPU_VADD_CORE_15                                         0                             0%
OP_CAT_GPU_VMAD_CORE_15                                         0                             0%
OP_CAT_GPU_VMAX_CORE_15                                         0                             0%
OP_CAT_GPU_VMIN_CORE_15                                         0                             0%
OP_CAT_GPU_VSET_CORE_15                                         0                             0%
OP_CAT_GPU_VSHL_CORE_15                                     10919                       5.47598%
OP_CAT_GPU_VSHR_CORE_15                                         0                             0%
OP_CAT_GPU_VSUB_CORE_15                                         0                             0%
OP_CAT_GPU_VOTE_CORE_15                                         0                             0%
OP_CAT_GPU_XOR_CORE_15                                       8689                       4.35762%
OP_CAT_GPU_XOR64_CORE_15                                     9838                       4.93385%
OP_CAT_GPU_RECONVERGE_CORE_15                                   0                             0%
OP_CAT_GPU_PHI_CORE_15                                          4                    0.00200604%
OP_CAT_GPU_MEM_LD_GM_CORE_15                                    0                             0%
OP_CAT_GPU_MEM_LD_LM_CORE_15                                    0                             0%
OP_CAT_GPU_MEM_LD_SM_CORE_15                                    0                             0%
OP_CAT_GPU_MEM_LD_CM_CORE_15                                    0                             0%
OP_CAT_GPU_MEM_LD_TM_CORE_15                                    0                             0%
OP_CAT_GPU_MEM_LD_PM_CORE_15                                    0                             0%
OP_CAT_GPU_MEM_LDU_GM_CORE_15                                   0                             0%
OP_CAT_GPU_MEM_ST_GM_CORE_15                                    0                             0%
OP_CAT_GPU_MEM_ST_LM_CORE_15                                   32                     0.0160483%
OP_CAT_GPU_MEM_ST_SM_CORE_15                                    0                             0%
OP_CAT_GPU_DATA_XFER_GM_CORE_15                                 0                             0%
OP_CAT_GPU_DATA_XFER_LM_CORE_15                              1380                      0.692083%
OP_CAT_GPU_DATA_XFER_SM_CORE_15                                 0                             0%
OP_CAT_GED_ILLEGAL_CORE_15                                      0                             0%
OP_CAT_GED_MOV_CORE_15                                          0                             0%
OP_CAT_GED_SEL_CORE_15                                          0                             0%
OP_CAT_GED_MOVI_CORE_15                                         0                             0%
OP_CAT_GED_NOT_CORE_15                                          0                             0%
OP_CAT_GED_AND_CORE_15                                          0                             0%
OP_CAT_GED_OR_CORE_15                                        1330                      0.667008%
OP_CAT_GED_XOR_CORE_15                                          0                             0%
OP_CAT_GED_SHR_CORE_15                                          0                             0%
OP_CAT_GED_SHL_CORE_15                                          0                             0%
OP_CAT_GED_SMOV_CORE_15                                         0                             0%
OP_CAT_GED_ASR_CORE_15                                          0                             0%
OP_CAT_GED_CMP_CORE_15                                          0                             0%
OP_CAT_GED_CMPN_CORE_15                                         0                             0%
OP_CAT_GED_CSEL_CORE_15                                         0                             0%
OP_CAT_GED_BFREV_CORE_15                                        0                             0%
OP_CAT_GED_BFE_CORE_15                                          0                             0%
OP_CAT_GED_BFI1_CORE_15                                         0                             0%
OP_CAT_GED_BFI2_CORE_15                                         0                             0%
OP_CAT_GED_JMPI_CORE_15                                         0                             0%
OP_CAT_GED_BRD_CORE_15                                          0                             0%
OP_CAT_GED_IF_CORE_15                                           0                             0%
OP_CAT_GED_BRC_CORE_15                                          0                             0%
OP_CAT_GED_ELSE_CORE_15                                         0                             0%
OP_CAT_GED_ENDIF_CORE_15                                        0                             0%
OP_CAT_GED_WHILE_CORE_15                                        0                             0%
OP_CAT_GED_BREAK_CORE_15                                        0                             0%
OP_CAT_GED_CONT_CORE_15                                         0                             0%
OP_CAT_GED_HALT_CORE_15                                         0                             0%
OP_CAT_GED_CALLA_CORE_15                                        0                             0%
OP_CAT_GED_CALL_CORE_15                                         0                             0%
OP_CAT_GED_RET_CORE_15                                          0                             0%
OP_CAT_GED_GOTO_CORE_15                                         0                             0%
OP_CAT_GED_JOIN_CORE_15                                         0                             0%
OP_CAT_GED_WAIT_CORE_15                                         0                             0%
OP_CAT_GED_SEND_CORE_15                                         0                             0%
OP_CAT_GED_SENDC_CORE_15                                        0                             0%
OP_CAT_GED_SENDS_CORE_15                                        0                             0%
OP_CAT_GED_SENDSC_CORE_15                                       0                             0%
OP_CAT_GED_MATH_CORE_15                                         0                             0%
OP_CAT_GED_ADD_CORE_15                                          0                             0%
OP_CAT_GED_MUL_CORE_15                                          0                             0%
OP_CAT_GED_AVG_CORE_15                                          0                             0%
OP_CAT_GED_FRC_CORE_15                                          0                             0%
OP_CAT_GED_RNDU_CORE_15                                         0                             0%
OP_CAT_GED_RNDD_CORE_15                                         0                             0%
OP_CAT_GED_RNDE_CORE_15                                         0                             0%
OP_CAT_GED_RNDZ_CORE_15                                         0                             0%
OP_CAT_GED_MAC_CORE_15                                          0                             0%
OP_CAT_GED_MACH_CORE_15                                         0                             0%
OP_CAT_GED_LZD_CORE_15                                          0                             0%
OP_CAT_GED_FBH_CORE_15                                          0                             0%
OP_CAT_GED_FBL_CORE_15                                          0                             0%
OP_CAT_GED_CBIT_CORE_15                                         0                             0%
OP_CAT_GED_ADDC_CORE_15                                         0                             0%
OP_CAT_GED_SUBB_CORE_15                                         0                             0%
OP_CAT_GED_SAD2_CORE_15                                         0                             0%
OP_CAT_GED_SADA2_CORE_15                                        0                             0%
OP_CAT_GED_DP4_CORE_15                                          0                             0%
OP_CAT_GED_DPH_CORE_15                                          0                             0%
OP_CAT_GED_DP3_CORE_15                                          0                             0%
OP_CAT_GED_DP2_CORE_15                                          0                             0%
OP_CAT_GED_LINE_CORE_15                                         0                             0%
OP_CAT_GED_PLN_CORE_15                                          0                             0%
OP_CAT_GED_MAD_CORE_15                                          0                             0%
OP_CAT_GED_LRP_CORE_15                                          0                             0%
OP_CAT_GED_MADM_CORE_15                                         0                             0%
OP_CAT_GED_NOP_CORE_15                                          0                             0%
OP_CAT_GED_ROR_CORE_15                                          0                             0%
OP_CAT_GED_ROL_CORE_15                                          0                             0%
OP_CAT_GED_DP4A_CORE_15                                         0                             0%
OP_CAT_GED_F32TO16_CORE_15                                      0                             0%
OP_CAT_GED_F16TO32_CORE_15                                      0                             0%
OP_CAT_GED_DIM_CORE_15                                          0                             0%
OP_CAT_GED_INVALID_CORE_15                                      0                             0%
                                                           199398                           100%

