nvbit
14
12
70853
0 0
1 0
2 0
3 0
65540 0
65541 0
65542 0
65543 0
131072 0
131073 0
131074 0
131075 0
196612 0
196613 0
196614 0
196615 0
262144 0
262145 0
262146 0
262147 0
327684 0
327685 0
327686 0
327687 0
393216 0
393217 0
393218 0
393219 0
458756 0
458757 0
458758 0
458759 0
524288 0
524289 0
524290 0
524291 0
589828 0
589829 0
589830 0
589831 0
655360 0
655361 0
655362 0
655363 0
720900 0
720901 0
720902 0
720903 0
786432 0
786433 0
786434 0
786435 0
851972 0
851973 0
851974 0
851975 0
917504 0
917505 0
917506 0
917507 0
983044 0
983045 0
983046 0
983047 0
1048576 0
1048577 0
1048578 0
1048579 0
1114116 0
1114117 0
1114118 0
1114119 0
1179648 0
1179649 0
1179650 0
1179651 0
1245188 0
1245189 0
1245190 0
1245191 0
1310720 0
1310721 0
1310722 0
1310723 0
1376260 0
1376261 0
1376262 0
1376263 0
1441792 0
1441793 0
1441794 0
1441795 0
1507332 0
1507333 0
1507334 0
1507335 0
1572864 0
1572865 0
1572866 0
1572867 0
1638404 0
1638405 0
1638406 0
1638407 0
1703936 0
1703937 0
1703938 0
1703939 0
1769476 0
1769477 0
1769478 0
1769479 0
1835008 0
1835009 0
1835010 0
1835011 0
1900548 0
1900549 0
1900550 0
1900551 0
1966080 0
1966081 0
1966082 0
1966083 0
2031620 0
2031621 0
2031622 0
2031623 0
2097152 0
2097153 0
2097154 0
2097155 0
2162692 0
2162693 0
2162694 0
2162695 0
2228224 0
2228225 0
2228226 0
2228227 0
2293764 0
2293765 0
2293766 0
2293767 0
2359296 0
2359297 0
2359298 0
2359299 0
2424836 0
2424837 0
2424838 0
2424839 0
2490368 0
2490369 0
2490370 0
2490371 0
2555908 0
2555909 0
2555910 0
2555911 0
2621440 0
2621441 0
2621442 0
2621443 0
2686980 0
2686981 0
2686982 0
2686983 0
2752512 0
2752513 0
2752514 0
2752515 0
2818052 0
2818053 0
2818054 0
2818055 0
2883584 0
2883585 0
2883586 0
2883587 0
2949124 0
2949125 0
2949126 0
2949127 0
3014656 0
3014657 0
3014658 0
3014659 0
3080196 0
3080197 0
3080198 0
3080199 0
3145728 0
3145729 0
3145730 0
3145731 0
3211268 0
3211269 0
3211270 0
3211271 0
3276800 0
3276801 0
3276802 0
3276803 0
3342340 0
3342341 0
3342342 0
3342343 0
3407872 0
3407873 0
3407874 0
3407875 0
3473412 0
3473413 0
3473414 0
3473415 0
3538944 0
3538945 0
3538946 0
3538947 0
3604484 0
3604485 0
3604486 0
3604487 0
3670016 0
3670017 0
3670018 0
3670019 0
3735556 0
3735557 0
3735558 0
3735559 0
3801088 0
3801089 0
3801090 0
3801091 0
3866628 0
3866629 0
3866630 0
3866631 0
3932160 0
3932161 0
3932162 0
3932163 0
3997700 0
3997701 0
3997702 0
3997703 0
4063232 0
4063233 0
4063234 0
4063235 0
4128772 0
4128773 0
4128774 0
4128775 0
4194304 0
4194305 0
4194306 0
4194307 0
4259844 0
4259845 0
4259846 0
4259847 0
4325376 0
4325377 0
4325378 0
4325379 0
4390916 0
4390917 0
4390918 0
4390919 0
4456448 0
4456449 0
4456450 0
4456451 0
4521988 0
4521989 0
4521990 0
4521991 0
4587520 0
4587521 0
4587522 0
4587523 0
4653060 0
4653061 0
4653062 0
4653063 0
4718592 0
4718593 0
4718594 0
4718595 0
4784132 0
4784133 0
4784134 0
4784135 0
4849664 0
4849665 0
4849666 0
4849667 0
4915204 0
4915205 0
4915206 0
4915207 0
4980736 0
4980737 0
4980738 0
4980739 0
5046276 0
5046277 0
5046278 0
5046279 0
5111808 0
5111809 0
5111810 0
5111811 0
5177348 0
5177349 0
5177350 0
5177351 0
5242880 0
5242881 0
5242882 0
5242883 0
5308420 0
5308421 0
5308422 0
5308423 0
5373952 0
5373953 0
5373954 0
5373955 0
5439492 0
5439493 0
5439494 0
5439495 0
5505024 0
5505025 0
5505026 0
5505027 0
5570564 0
5570565 0
5570566 0
5570567 0
5636096 0
5636097 0
5636098 0
5636099 0
5701636 0
5701637 0
5701638 0
5701639 0
5767168 0
5767169 0
5767170 0
5767171 0
5832708 0
5832709 0
5832710 0
5832711 0
5898240 0
5898241 0
5898242 0
5898243 0
5963780 0
5963781 0
5963782 0
5963783 0
6029312 0
6029313 0
6029314 0
6029315 0
6094852 0
6094853 0
6094854 0
6094855 0
6160384 0
6160385 0
6160386 0
6160387 0
6225924 0
6225925 0
6225926 0
6225927 0
6291456 0
6291457 0
6291458 0
6291459 0
6356996 0
6356997 0
6356998 0
6356999 0
6422528 0
6422529 0
6422530 0
6422531 0
6488068 0
6488069 0
6488070 0
6488071 0
6553600 0
6553601 0
6553602 0
6553603 0
6619140 0
6619141 0
6619142 0
6619143 0
6684672 0
6684673 0
6684674 0
6684675 0
6750212 0
6750213 0
6750214 0
6750215 0
6815744 0
6815745 0
6815746 0
6815747 0
6881284 0
6881285 0
6881286 0
6881287 0
6946816 0
6946817 0
6946818 0
6946819 0
7012356 0
7012357 0
7012358 0
7012359 0
7077888 0
7077889 0
7077890 0
7077891 0
7143428 0
7143429 0
7143430 0
7143431 0
7208960 0
7208961 0
7208962 0
7208963 0
7274500 0
7274501 0
7274502 0
7274503 0
7340032 0
7340033 0
7340034 0
7340035 0
7405572 0
7405573 0
7405574 0
7405575 0
7471104 0
7471105 0
7471106 0
7471107 0
7536644 0
7536645 0
7536646 0
7536647 0
7602176 0
7602177 0
7602178 0
7602179 0
7667716 0
7667717 0
7667718 0
7667719 0
7733248 0
7733249 0
7733250 0
7733251 0
7798788 0
7798789 0
7798790 0
7798791 0
7864320 0
7864321 0
7864322 0
7864323 0
7929860 0
7929861 0
7929862 0
7929863 0
7995392 0
7995393 0
7995394 0
7995395 0
8060932 0
8060933 0
8060934 0
8060935 0
8126464 0
8126465 0
8126466 0
8126467 0
8192004 0
8192005 0
8192006 0
8192007 0
8257536 0
8257537 0
8257538 0
8257539 0
8323076 0
8323077 0
8323078 0
8323079 0
8388608 0
8388609 0
8388610 0
8388611 0
8454148 0
8454149 0
8454150 0
8454151 0
8519680 0
8519681 0
8519682 0
8519683 0
8585220 0
8585221 0
8585222 0
8585223 0
8650752 0
8650753 0
8650754 0
8650755 0
8716292 0
8716293 0
8716294 0
8716295 0
8781824 0
8781825 0
8781826 0
8781827 0
8847364 0
8847365 0
8847366 0
8847367 0
8912896 0
8912897 0
8912898 0
8912899 0
8978436 0
8978437 0
8978438 0
8978439 0
9043968 0
9043969 0
9043970 0
9043971 0
9109508 0
9109509 0
9109510 0
9109511 0
9175040 0
9175041 0
9175042 0
9175043 0
9240580 0
9240581 0
9240582 0
9240583 0
9306112 0
9306113 0
9306114 0
9306115 0
9371652 0
9371653 0
9371654 0
9371655 0
9437184 0
9437185 0
9437186 0
9437187 0
9502724 0
9502725 0
9502726 0
9502727 0
9568256 0
9568257 0
9568258 0
9568259 0
9633796 0
9633797 0
9633798 0
9633799 0
9699328 0
9699329 0
9699330 0
9699331 0
9764868 0
9764869 0
9764870 0
9764871 0
9830400 0
9830401 0
9830402 0
9830403 0
9895940 0
9895941 0
9895942 0
9895943 0
9961472 0
9961473 0
9961474 0
9961475 0
10027012 0
10027013 0
10027014 0
10027015 0
10092544 0
10092545 0
10092546 0
10092547 0
10158084 0
10158085 0
10158086 0
10158087 0
10223616 0
10223617 0
10223618 0
10223619 0
10289156 0
10289157 0
10289158 0
10289159 0
10354688 0
10354689 0
10354690 0
10354691 0
10420228 0
10420229 0
10420230 0
10420231 0
10485760 0
10485761 0
10485762 0
10485763 0
10551300 0
10551301 0
10551302 0
10551303 0
10616832 0
10616833 0
10616834 0
10616835 0
10682372 0
10682373 0
10682374 0
10682375 0
10747904 0
10747905 0
10747906 0
10747907 0
10813444 0
10813445 0
10813446 0
10813447 0
10878976 0
10878977 0
10878978 0
10878979 0
10944516 0
10944517 0
10944518 0
10944519 0
11010056 0
11010057 0
11010058 0
11010059 0
11075596 0
11075597 0
11075598 0
11075599 0
11141128 0
11141129 0
11141130 0
11141131 0
11206668 0
11206669 0
11206670 0
11206671 0
11272200 0
11272201 0
11272202 0
11272203 0
11337740 0
11337741 0
11337742 0
11337743 0
11403272 0
11403273 0
11403274 0
11403275 0
11468812 0
11468813 0
11468814 0
11468815 0
11534344 0
11534345 0
11534346 0
11534347 0
11599884 0
11599885 0
11599886 0
11599887 0
11665416 0
11665417 0
11665418 0
11665419 0
11730956 0
11730957 0
11730958 0
11730959 0
11796488 0
11796489 0
11796490 0
11796491 0
11862028 0
11862029 0
11862030 0
11862031 0
11927560 0
11927561 0
11927562 0
11927563 0
11993100 0
11993101 0
11993102 0
11993103 0
12058632 0
12058633 0
12058634 0
12058635 0
12124172 0
12124173 0
12124174 0
12124175 0
12189704 0
12189705 0
12189706 0
12189707 0
12255244 0
12255245 0
12255246 0
12255247 0
12320776 0
12320777 0
12320778 0
12320779 0
12386316 0
12386317 0
12386318 0
12386319 0
12451848 0
12451849 0
12451850 0
12451851 0
12517388 0
12517389 0
12517390 0
12517391 0
12582920 0
12582921 0
12582922 0
12582923 0
12648460 0
12648461 0
12648462 0
12648463 0
12713992 0
12713993 0
12713994 0
12713995 0
12779532 0
12779533 0
12779534 0
12779535 0
12845064 0
12845065 0
12845066 0
12845067 0
12910604 0
12910605 0
12910606 0
12910607 0
12976136 0
12976137 0
12976138 0
12976139 0
13041676 0
13041677 0
13041678 0
13041679 0
13107208 0
13107209 0
13107210 0
13107211 0
13172748 0
13172749 0
13172750 0
13172751 0
13238280 0
13238281 0
13238282 0
13238283 0
13303820 0
13303821 0
13303822 0
13303823 0
13369352 0
13369353 0
13369354 0
13369355 0
13434892 0
13434893 0
13434894 0
13434895 0
13500424 0
13500425 0
13500426 0
13500427 0
13565964 0
13565965 0
13565966 0
13565967 0
13631496 0
13631497 0
13631498 0
13631499 0
13697036 0
13697037 0
13697038 0
13697039 0
13762568 0
13762569 0
13762570 0
13762571 0
13828108 0
13828109 0
13828110 0
13828111 0
13893640 0
13893641 0
13893642 0
13893643 0
13959180 0
13959181 0
13959182 0
13959183 0
14024712 0
14024713 0
14024714 0
14024715 0
14090252 0
14090253 0
14090254 0
14090255 0
14155784 0
14155785 0
14155786 0
14155787 0
14221324 0
14221325 0
14221326 0
14221327 0
14286856 0
14286857 0
14286858 0
14286859 0
14352396 0
14352397 0
14352398 0
14352399 0
14417928 0
14417929 0
14417930 0
14417931 0
14483468 0
14483469 0
14483470 0
14483471 0
14549000 0
14549001 0
14549002 0
14549003 0
14614540 0
14614541 0
14614542 0
14614543 0
14680072 0
14680073 0
14680074 0
14680075 0
14745612 0
14745613 0
14745614 0
14745615 0
14811144 0
14811145 0
14811146 0
14811147 0
14876684 0
14876685 0
14876686 0
14876687 0
14942216 0
14942217 0
14942218 0
14942219 0
15007756 0
15007757 0
15007758 0
15007759 0
15073288 0
15073289 0
15073290 0
15073291 0
15138828 0
15138829 0
15138830 0
15138831 0
15204360 0
15204361 0
15204362 0
15204363 0
15269900 0
15269901 0
15269902 0
15269903 0
15335432 0
15335433 0
15335434 0
15335435 0
15400972 0
15400973 0
15400974 0
15400975 0
15466504 0
15466505 0
15466506 0
15466507 0
15532044 0
15532045 0
15532046 0
15532047 0
15597576 0
15597577 0
15597578 0
15597579 0
15663116 0
15663117 0
15663118 0
15663119 0
15728648 0
15728649 0
15728650 0
15728651 0
15794188 0
15794189 0
15794190 0
15794191 0
15859720 0
15859721 0
15859722 0
15859723 0
15925260 0
15925261 0
15925262 0
15925263 0
15990792 0
15990793 0
15990794 0
15990795 0
16056332 0
16056333 0
16056334 0
16056335 0
16121864 0
16121865 0
16121866 0
16121867 0
16187404 0
16187405 0
16187406 0
16187407 0
16252936 0
16252937 0
16252938 0
16252939 0
16318476 0
16318477 0
16318478 0
16318479 0
16384008 0
16384009 0
16384010 0
16384011 0
16449548 0
16449549 0
16449550 0
16449551 0
16515080 0
16515081 0
16515082 0
16515083 0
16580620 0
16580621 0
16580622 0
16580623 0
16646152 0
16646153 0
16646154 0
16646155 0
16711692 0
16711693 0
16711694 0
16711695 0
16777224 0
16777225 0
16777226 0
16777227 0
16842764 0
16842765 0
16842766 0
16842767 0
16908296 0
16908297 0
16908298 0
16908299 0
16973836 0
16973837 0
16973838 0
16973839 0
17039368 0
17039369 0
17039370 0
17039371 0
17104908 0
17104909 0
17104910 0
17104911 0
17170440 0
17170441 0
17170442 0
17170443 0
17235980 0
17235981 0
17235982 0
17235983 0
17301512 0
17301513 0
17301514 0
17301515 0
17367052 0
17367053 0
17367054 0
17367055 0
17432584 0
17432585 0
17432586 0
17432587 0
17498124 0
17498125 0
17498126 0
17498127 0
17563656 0
17563657 0
17563658 0
17563659 0
17629196 0
17629197 0
17629198 0
17629199 0
17694728 0
17694729 0
17694730 0
17694731 0
17760268 0
17760269 0
17760270 0
17760271 0
17825800 0
17825801 0
17825802 0
17825803 0
17891340 0
17891341 0
17891342 0
17891343 0
17956872 0
17956873 0
17956874 0
17956875 0
18022412 0
18022413 0
18022414 0
18022415 0
18087944 0
18087945 0
18087946 0
18087947 0
18153484 0
18153485 0
18153486 0
18153487 0
18219016 0
18219017 0
18219018 0
18219019 0
18284556 0
18284557 0
18284558 0
18284559 0
18350088 0
18350089 0
18350090 0
18350091 0
18415628 0
18415629 0
18415630 0
18415631 0
18481160 0
18481161 0
18481162 0
18481163 0
18546700 0
18546701 0
18546702 0
18546703 0
18612232 0
18612233 0
18612234 0
18612235 0
18677772 0
18677773 0
18677774 0
18677775 0
18743304 0
18743305 0
18743306 0
18743307 0
18808844 0
18808845 0
18808846 0
18808847 0
18874376 0
18874377 0
18874378 0
18874379 0
18939916 0
18939917 0
18939918 0
18939919 0
19005448 0
19005449 0
19005450 0
19005451 0
19070988 0
19070989 0
19070990 0
19070991 0
19136520 0
19136521 0
19136522 0
19136523 0
19202060 0
19202061 0
19202062 0
19202063 0
19267592 0
19267593 0
19267594 0
19267595 0
19333132 0
19333133 0
19333134 0
19333135 0
19398664 0
19398665 0
19398666 0
19398667 0
19464204 0
19464205 0
19464206 0
19464207 0
19529736 0
19529737 0
19529738 0
19529739 0
19595276 0
19595277 0
19595278 0
19595279 0
19660808 0
19660809 0
19660810 0
19660811 0
19726348 0
19726349 0
19726350 0
19726351 0
19791880 0
19791881 0
19791882 0
19791883 0
19857420 0
19857421 0
19857422 0
19857423 0
19922952 0
19922953 0
19922954 0
19922955 0
19988492 0
19988493 0
19988494 0
19988495 0
20054024 0
20054025 0
20054026 0
20054027 0
20119564 0
20119565 0
20119566 0
20119567 0
20185096 0
20185097 0
20185098 0
20185099 0
20250636 0
20250637 0
20250638 0
20250639 0
20316168 0
20316169 0
20316170 0
20316171 0
20381708 0
20381709 0
20381710 0
20381711 0
20447240 0
20447241 0
20447242 0
20447243 0
20512780 0
20512781 0
20512782 0
20512783 0
20578312 0
20578313 0
20578314 0
20578315 0
20643852 0
20643853 0
20643854 0
20643855 0
20709384 0
20709385 0
20709386 0
20709387 0
20774924 0
20774925 0
20774926 0
20774927 0
20840456 0
20840457 0
20840458 0
20840459 0
20905996 0
20905997 0
20905998 0
20905999 0
20971528 0
20971529 0
20971530 0
20971531 0
21037068 0
21037069 0
21037070 0
21037071 0
21102600 0
21102601 0
21102602 0
21102603 0
21168140 0
21168141 0
21168142 0
21168143 0
21233672 0
21233673 0
21233674 0
21233675 0
21299212 0
21299213 0
21299214 0
21299215 0
21364744 0
21364745 0
21364746 0
21364747 0
21430284 0
21430285 0
21430286 0
21430287 0
21495816 0
21495817 0
21495818 0
21495819 0
21561356 0
21561357 0
21561358 0
21561359 0
21626888 0
21626889 0
21626890 0
21626891 0
21692428 0
21692429 0
21692430 0
21692431 0
21757960 0
21757961 0
21757962 0
21757963 0
21823500 0
21823501 0
21823502 0
21823503 0
21889032 0
21889033 0
21889034 0
21889035 0
21954572 0
21954573 0
21954574 0
21954575 0
22020112 0
22020113 0
22020114 0
22020115 0
22085652 0
22085653 0
22085654 0
22085655 0
22151184 0
22151185 0
22151186 0
22151187 0
22216724 0
22216725 0
22216726 0
22216727 0
22282256 0
22282257 0
22282258 0
22282259 0
22347796 0
22347797 0
22347798 0
22347799 0
22413328 0
22413329 0
22413330 0
22413331 0
22478868 0
22478869 0
22478870 0
22478871 0
22544400 0
22544401 0
22544402 0
22544403 0
22609940 0
22609941 0
22609942 0
22609943 0
22675472 0
22675473 0
22675474 0
22675475 0
22741012 0
22741013 0
22741014 0
22741015 0
22806544 0
22806545 0
22806546 0
22806547 0
22872084 0
22872085 0
22872086 0
22872087 0
22937616 0
22937617 0
22937618 0
22937619 0
23003156 0
23003157 0
23003158 0
23003159 0
23068688 0
23068689 0
23068690 0
23068691 0
23134228 0
23134229 0
23134230 0
23134231 0
23199760 0
23199761 0
23199762 0
23199763 0
23265300 0
23265301 0
23265302 0
23265303 0
23330832 0
23330833 0
23330834 0
23330835 0
23396372 0
23396373 0
23396374 0
23396375 0
23461904 0
23461905 0
23461906 0
23461907 0
23527444 0
23527445 0
23527446 0
23527447 0
23592976 0
23592977 0
23592978 0
23592979 0
23658516 0
23658517 0
23658518 0
23658519 0
23724048 0
23724049 0
23724050 0
23724051 0
23789588 0
23789589 0
23789590 0
23789591 0
23855120 0
23855121 0
23855122 0
23855123 0
23920660 0
23920661 0
23920662 0
23920663 0
23986192 0
23986193 0
23986194 0
23986195 0
24051732 0
24051733 0
24051734 0
24051735 0
24117264 0
24117265 0
24117266 0
24117267 0
24182804 0
24182805 0
24182806 0
24182807 0
24248336 0
24248337 0
24248338 0
24248339 0
24313876 0
24313877 0
24313878 0
24313879 0
24379408 0
24379409 0
24379410 0
24379411 0
24444948 0
24444949 0
24444950 0
24444951 0
24510480 0
24510481 0
24510482 0
24510483 0
24576020 0
24576021 0
24576022 0
24576023 0
24641552 0
24641553 0
24641554 0
24641555 0
24707092 0
24707093 0
24707094 0
24707095 0
24772624 0
24772625 0
24772626 0
24772627 0
24838164 0
24838165 0
24838166 0
24838167 0
24903696 0
24903697 0
24903698 0
24903699 0
24969236 0
24969237 0
24969238 0
24969239 0
25034768 0
25034769 0
25034770 0
25034771 0
25100308 0
25100309 0
25100310 0
25100311 0
25165840 0
25165841 0
25165842 0
25165843 0
25231380 0
25231381 0
25231382 0
25231383 0
25296912 0
25296913 0
25296914 0
25296915 0
25362452 0
25362453 0
25362454 0
25362455 0
25427984 0
25427985 0
25427986 0
25427987 0
25493524 0
25493525 0
25493526 0
25493527 0
25559056 0
25559057 0
25559058 0
25559059 0
25624596 0
25624597 0
25624598 0
25624599 0
25690128 0
25690129 0
25690130 0
25690131 0
25755668 0
25755669 0
25755670 0
25755671 0
25821200 0
25821201 0
25821202 0
25821203 0
25886740 0
25886741 0
25886742 0
25886743 0
25952272 0
25952273 0
25952274 0
25952275 0
26017812 0
26017813 0
26017814 0
26017815 0
26083344 0
26083345 0
26083346 0
26083347 0
26148884 0
26148885 0
26148886 0
26148887 0
26214416 0
26214417 0
26214418 0
26214419 0
26279956 0
26279957 0
26279958 0
26279959 0
26345488 0
26345489 0
26345490 0
26345491 0
26411028 0
26411029 0
26411030 0
26411031 0
26476560 0
26476561 0
26476562 0
26476563 0
26542100 0
26542101 0
26542102 0
26542103 0
26607632 0
26607633 0
26607634 0
26607635 0
26673172 0
26673173 0
26673174 0
26673175 0
26738704 0
26738705 0
26738706 0
26738707 0
26804244 0
26804245 0
26804246 0
26804247 0
26869776 0
26869777 0
26869778 0
26869779 0
26935316 0
26935317 0
26935318 0
26935319 0
27000848 0
27000849 0
27000850 0
27000851 0
27066388 0
27066389 0
27066390 0
27066391 0
27131920 0
27131921 0
27131922 0
27131923 0
27197460 0
27197461 0
27197462 0
27197463 0
27262992 0
27262993 0
27262994 0
27262995 0
27328532 0
27328533 0
27328534 0
27328535 0
27394064 0
27394065 0
27394066 0
27394067 0
27459604 0
27459605 0
27459606 0
27459607 0
27525136 0
27525137 0
27525138 0
27525139 0
27590676 0
27590677 0
27590678 0
27590679 0
27656208 0
27656209 0
27656210 0
27656211 0
27721748 0
27721749 0
27721750 0
27721751 0
27787280 0
27787281 0
27787282 0
27787283 0
27852820 0
27852821 0
27852822 0
27852823 0
27918352 0
27918353 0
27918354 0
27918355 0
27983892 0
27983893 0
27983894 0
27983895 0
28049424 0
28049425 0
28049426 0
28049427 0
28114964 0
28114965 0
28114966 0
28114967 0
28180496 0
28180497 0
28180498 0
28180499 0
28246036 0
28246037 0
28246038 0
28246039 0
28311568 0
28311569 0
28311570 0
28311571 0
28377108 0
28377109 0
28377110 0
28377111 0
28442640 0
28442641 0
28442642 0
28442643 0
28508180 0
28508181 0
28508182 0
28508183 0
28573712 0
28573713 0
28573714 0
28573715 0
28639252 0
28639253 0
28639254 0
28639255 0
28704784 0
28704785 0
28704786 0
28704787 0
28770324 0
28770325 0
28770326 0
28770327 0
28835856 0
28835857 0
28835858 0
28835859 0
28901396 0
28901397 0
28901398 0
28901399 0
28966928 0
28966929 0
28966930 0
28966931 0
29032468 0
29032469 0
29032470 0
29032471 0
29098000 0
29098001 0
29098002 0
29098003 0
29163540 0
29163541 0
29163542 0
29163543 0
29229072 0
29229073 0
29229074 0
29229075 0
29294612 0
29294613 0
29294614 0
29294615 0
29360144 0
29360145 0
29360146 0
29360147 0
29425684 0
29425685 0
29425686 0
29425687 0
29491216 0
29491217 0
29491218 0
29491219 0
29556756 0
29556757 0
29556758 0
29556759 0
29622288 0
29622289 0
29622290 0
29622291 0
29687828 0
29687829 0
29687830 0
29687831 0
29753360 0
29753361 0
29753362 0
29753363 0
29818900 0
29818901 0
29818902 0
29818903 0
29884432 0
29884433 0
29884434 0
29884435 0
29949972 0
29949973 0
29949974 0
29949975 0
30015504 0
30015505 0
30015506 0
30015507 0
30081044 0
30081045 0
30081046 0
30081047 0
30146576 0
30146577 0
30146578 0
30146579 0
30212116 0
30212117 0
30212118 0
30212119 0
30277648 0
30277649 0
30277650 0
30277651 0
30343188 0
30343189 0
30343190 0
30343191 0
30408720 0
30408721 0
30408722 0
30408723 0
30474260 0
30474261 0
30474262 0
30474263 0
30539792 0
30539793 0
30539794 0
30539795 0
30605332 0
30605333 0
30605334 0
30605335 0
30670864 0
30670865 0
30670866 0
30670867 0
30736404 0
30736405 0
30736406 0
30736407 0
30801936 0
30801937 0
30801938 0
30801939 0
30867476 0
30867477 0
30867478 0
30867479 0
30933008 0
30933009 0
30933010 0
30933011 0
30998548 0
30998549 0
30998550 0
30998551 0
31064080 0
31064081 0
31064082 0
31064083 0
31129620 0
31129621 0
31129622 0
31129623 0
31195152 0
31195153 0
31195154 0
31195155 0
31260692 0
31260693 0
31260694 0
31260695 0
31326224 0
31326225 0
31326226 0
31326227 0
31391764 0
31391765 0
31391766 0
31391767 0
31457296 0
31457297 0
31457298 0
31457299 0
31522836 0
31522837 0
31522838 0
31522839 0
31588368 0
31588369 0
31588370 0
31588371 0
31653908 0
31653909 0
31653910 0
31653911 0
31719440 0
31719441 0
31719442 0
31719443 0
31784980 0
31784981 0
31784982 0
31784983 0
31850512 0
31850513 0
31850514 0
31850515 0
31916052 0
31916053 0
31916054 0
31916055 0
31981584 0
31981585 0
31981586 0
31981587 0
32047124 0
32047125 0
32047126 0
32047127 0
32112656 0
32112657 0
32112658 0
32112659 0
32178196 0
32178197 0
32178198 0
32178199 0
32243728 0
32243729 0
32243730 0
32243731 0
32309268 0
32309269 0
32309270 0
32309271 0
32374800 0
32374801 0
32374802 0
32374803 0
32440340 0
32440341 0
32440342 0
32440343 0
32505872 0
32505873 0
32505874 0
32505875 0
32571412 0
32571413 0
32571414 0
32571415 0
32636944 0
32636945 0
32636946 0
32636947 0
32702484 0
32702485 0
32702486 0
32702487 0
32768016 0
32768017 0
32768018 0
32768019 0
32833556 0
32833557 0
32833558 0
32833559 0
32899088 0
32899089 0
32899090 0
32899091 0
32964628 0
32964629 0
32964630 0
32964631 0
33030168 0
33030169 0
33030170 0
33030171 0
33095708 0
33095709 0
33095710 0
33095711 0
33161240 0
33161241 0
33161242 0
33161243 0
33226780 0
33226781 0
33226782 0
33226783 0
33292312 0
33292313 0
33292314 0
33292315 0
33357852 0
33357853 0
33357854 0
33357855 0
33423384 0
33423385 0
33423386 0
33423387 0
33488924 0
33488925 0
33488926 0
33488927 0
33554456 0
33554457 0
33554458 0
33554459 0
33619996 0
33619997 0
33619998 0
33619999 0
33685528 0
33685529 0
33685530 0
33685531 0
33751068 0
33751069 0
33751070 0
33751071 0
33816600 0
33816601 0
33816602 0
33816603 0
33882140 0
33882141 0
33882142 0
33882143 0
33947672 0
33947673 0
33947674 0
33947675 0
34013212 0
34013213 0
34013214 0
34013215 0
34078744 0
34078745 0
34078746 0
34078747 0
34144284 0
34144285 0
34144286 0
34144287 0
34209816 0
34209817 0
34209818 0
34209819 0
34275356 0
34275357 0
34275358 0
34275359 0
34340888 0
34340889 0
34340890 0
34340891 0
34406428 0
34406429 0
34406430 0
34406431 0
34471960 0
34471961 0
34471962 0
34471963 0
34537500 0
34537501 0
34537502 0
34537503 0
34603032 0
34603033 0
34603034 0
34603035 0
34668572 0
34668573 0
34668574 0
34668575 0
34734104 0
34734105 0
34734106 0
34734107 0
34799644 0
34799645 0
34799646 0
34799647 0
34865176 0
34865177 0
34865178 0
34865179 0
34930716 0
34930717 0
34930718 0
34930719 0
34996248 0
34996249 0
34996250 0
34996251 0
35061788 0
35061789 0
35061790 0
35061791 0
35127320 0
35127321 0
35127322 0
35127323 0
35192860 0
35192861 0
35192862 0
35192863 0
35258392 0
35258393 0
35258394 0
35258395 0
35323932 0
35323933 0
35323934 0
35323935 0
35389464 0
35389465 0
35389466 0
35389467 0
35455004 0
35455005 0
35455006 0
35455007 0
35520536 0
35520537 0
35520538 0
35520539 0
35586076 0
35586077 0
35586078 0
35586079 0
35651608 0
35651609 0
35651610 0
35651611 0
35717148 0
35717149 0
35717150 0
35717151 0
35782680 0
35782681 0
35782682 0
35782683 0
35848220 0
35848221 0
35848222 0
35848223 0
35913752 0
35913753 0
35913754 0
35913755 0
35979292 0
35979293 0
35979294 0
35979295 0
36044824 0
36044825 0
36044826 0
36044827 0
36110364 0
36110365 0
36110366 0
36110367 0
36175896 0
36175897 0
36175898 0
36175899 0
36241436 0
36241437 0
36241438 0
36241439 0
36306968 0
36306969 0
36306970 0
36306971 0
36372508 0
36372509 0
36372510 0
36372511 0
36438040 0
36438041 0
36438042 0
36438043 0
36503580 0
36503581 0
36503582 0
36503583 0
36569112 0
36569113 0
36569114 0
36569115 0
36634652 0
36634653 0
36634654 0
36634655 0
36700184 0
36700185 0
36700186 0
36700187 0
36765724 0
36765725 0
36765726 0
36765727 0
36831256 0
36831257 0
36831258 0
36831259 0
36896796 0
36896797 0
36896798 0
36896799 0
36962328 0
36962329 0
36962330 0
36962331 0
37027868 0
37027869 0
37027870 0
37027871 0
37093400 0
37093401 0
37093402 0
37093403 0
37158940 0
37158941 0
37158942 0
37158943 0
37224472 0
37224473 0
37224474 0
37224475 0
37290012 0
37290013 0
37290014 0
37290015 0
37355544 0
37355545 0
37355546 0
37355547 0
37421084 0
37421085 0
37421086 0
37421087 0
37486616 0
37486617 0
37486618 0
37486619 0
37552156 0
37552157 0
37552158 0
37552159 0
37617688 0
37617689 0
37617690 0
37617691 0
37683228 0
37683229 0
37683230 0
37683231 0
37748760 0
37748761 0
37748762 0
37748763 0
37814300 0
37814301 0
37814302 0
37814303 0
37879832 0
37879833 0
37879834 0
37879835 0
37945372 0
37945373 0
37945374 0
37945375 0
38010904 0
38010905 0
38010906 0
38010907 0
38076444 0
38076445 0
38076446 0
38076447 0
38141976 0
38141977 0
38141978 0
38141979 0
38207516 0
38207517 0
38207518 0
38207519 0
38273048 0
38273049 0
38273050 0
38273051 0
38338588 0
38338589 0
38338590 0
38338591 0
38404120 0
38404121 0
38404122 0
38404123 0
38469660 0
38469661 0
38469662 0
38469663 0
38535192 0
38535193 0
38535194 0
38535195 0
38600732 0
38600733 0
38600734 0
38600735 0
38666264 0
38666265 0
38666266 0
38666267 0
38731804 0
38731805 0
38731806 0
38731807 0
38797336 0
38797337 0
38797338 0
38797339 0
38862876 0
38862877 0
38862878 0
38862879 0
38928408 0
38928409 0
38928410 0
38928411 0
38993948 0
38993949 0
38993950 0
38993951 0
39059480 0
39059481 0
39059482 0
39059483 0
39125020 0
39125021 0
39125022 0
39125023 0
39190552 0
39190553 0
39190554 0
39190555 0
39256092 0
39256093 0
39256094 0
39256095 0
39321624 0
39321625 0
39321626 0
39321627 0
39387164 0
39387165 0
39387166 0
39387167 0
39452696 0
39452697 0
39452698 0
39452699 0
39518236 0
39518237 0
39518238 0
39518239 0
39583768 0
39583769 0
39583770 0
39583771 0
39649308 0
39649309 0
39649310 0
39649311 0
39714840 0
39714841 0
39714842 0
39714843 0
39780380 0
39780381 0
39780382 0
39780383 0
39845912 0
39845913 0
39845914 0
39845915 0
39911452 0
39911453 0
39911454 0
39911455 0
39976984 0
39976985 0
39976986 0
39976987 0
40042524 0
40042525 0
40042526 0
40042527 0
40108056 0
40108057 0
40108058 0
40108059 0
40173596 0
40173597 0
40173598 0
40173599 0
40239128 0
40239129 0
40239130 0
40239131 0
40304668 0
40304669 0
40304670 0
40304671 0
40370200 0
40370201 0
40370202 0
40370203 0
40435740 0
40435741 0
40435742 0
40435743 0
40501272 0
40501273 0
40501274 0
40501275 0
40566812 0
40566813 0
40566814 0
40566815 0
40632344 0
40632345 0
40632346 0
40632347 0
40697884 0
40697885 0
40697886 0
40697887 0
40763416 0
40763417 0
40763418 0
40763419 0
40828956 0
40828957 0
40828958 0
40828959 0
40894488 0
40894489 0
40894490 0
40894491 0
40960028 0
40960029 0
40960030 0
40960031 0
41025560 0
41025561 0
41025562 0
41025563 0
41091100 0
41091101 0
41091102 0
41091103 0
41156632 0
41156633 0
41156634 0
41156635 0
41222172 0
41222173 0
41222174 0
41222175 0
41287704 0
41287705 0
41287706 0
41287707 0
41353244 0
41353245 0
41353246 0
41353247 0
41418776 0
41418777 0
41418778 0
41418779 0
41484316 0
41484317 0
41484318 0
41484319 0
41549848 0
41549849 0
41549850 0
41549851 0
41615388 0
41615389 0
41615390 0
41615391 0
41680920 0
41680921 0
41680922 0
41680923 0
41746460 0
41746461 0
41746462 0
41746463 0
41811992 0
41811993 0
41811994 0
41811995 0
41877532 0
41877533 0
41877534 0
41877535 0
41943064 0
41943065 0
41943066 0
41943067 0
42008604 0
42008605 0
42008606 0
42008607 0
42074136 0
42074137 0
42074138 0
42074139 0
42139676 0
42139677 0
42139678 0
42139679 0
42205208 0
42205209 0
42205210 0
42205211 0
42270748 0
42270749 0
42270750 0
42270751 0
42336280 0
42336281 0
42336282 0
42336283 0
42401820 0
42401821 0
42401822 0
42401823 0
42467352 0
42467353 0
42467354 0
42467355 0
42532892 0
42532893 0
42532894 0
42532895 0
42598424 0
42598425 0
42598426 0
42598427 0
42663964 0
42663965 0
42663966 0
42663967 0
42729496 0
42729497 0
42729498 0
42729499 0
42795036 0
42795037 0
42795038 0
42795039 0
42860568 0
42860569 0
42860570 0
42860571 0
42926108 0
42926109 0
42926110 0
42926111 0
42991640 0
42991641 0
42991642 0
42991643 0
43057180 0
43057181 0
43057182 0
43057183 0
43122712 0
43122713 0
43122714 0
43122715 0
43188252 0
43188253 0
43188254 0
43188255 0
43253784 0
43253785 0
43253786 0
43253787 0
43319324 0
43319325 0
43319326 0
43319327 0
43384856 0
43384857 0
43384858 0
43384859 0
43450396 0
43450397 0
43450398 0
43450399 0
43515928 0
43515929 0
43515930 0
43515931 0
43581468 0
43581469 0
43581470 0
43581471 0
43647000 0
43647001 0
43647002 0
43647003 0
43712540 0
43712541 0
43712542 0
43712543 0
43778072 0
43778073 0
43778074 0
43778075 0
43843612 0
43843613 0
43843614 0
43843615 0
43909144 0
43909145 0
43909146 0
43909147 0
43974684 0
43974685 0
43974686 0
43974687 0
44040224 0
44040225 0
44040226 0
44040227 0
44105764 0
44105765 0
44105766 0
44105767 0
44171296 0
44171297 0
44171298 0
44171299 0
44236836 0
44236837 0
44236838 0
44236839 0
44302368 0
44302369 0
44302370 0
44302371 0
44367908 0
44367909 0
44367910 0
44367911 0
44433440 0
44433441 0
44433442 0
44433443 0
44498980 0
44498981 0
44498982 0
44498983 0
44564512 0
44564513 0
44564514 0
44564515 0
44630052 0
44630053 0
44630054 0
44630055 0
44695584 0
44695585 0
44695586 0
44695587 0
44761124 0
44761125 0
44761126 0
44761127 0
44826656 0
44826657 0
44826658 0
44826659 0
44892196 0
44892197 0
44892198 0
44892199 0
44957728 0
44957729 0
44957730 0
44957731 0
45023268 0
45023269 0
45023270 0
45023271 0
45088800 0
45088801 0
45088802 0
45088803 0
45154340 0
45154341 0
45154342 0
45154343 0
45219872 0
45219873 0
45219874 0
45219875 0
45285412 0
45285413 0
45285414 0
45285415 0
45350944 0
45350945 0
45350946 0
45350947 0
45416484 0
45416485 0
45416486 0
45416487 0
45482016 0
45482017 0
45482018 0
45482019 0
45547556 0
45547557 0
45547558 0
45547559 0
45613088 0
45613089 0
45613090 0
45613091 0
45678628 0
45678629 0
45678630 0
45678631 0
45744160 0
45744161 0
45744162 0
45744163 0
45809700 0
45809701 0
45809702 0
45809703 0
45875232 0
45875233 0
45875234 0
45875235 0
45940772 0
45940773 0
45940774 0
45940775 0
46006304 0
46006305 0
46006306 0
46006307 0
46071844 0
46071845 0
46071846 0
46071847 0
46137376 0
46137377 0
46137378 0
46137379 0
46202916 0
46202917 0
46202918 0
46202919 0
46268448 0
46268449 0
46268450 0
46268451 0
46333988 0
46333989 0
46333990 0
46333991 0
46399520 0
46399521 0
46399522 0
46399523 0
46465060 0
46465061 0
46465062 0
46465063 0
46530592 0
46530593 0
46530594 0
46530595 0
46596132 0
46596133 0
46596134 0
46596135 0
46661664 0
46661665 0
46661666 0
46661667 0
46727204 0
46727205 0
46727206 0
46727207 0
46792736 0
46792737 0
46792738 0
46792739 0
46858276 0
46858277 0
46858278 0
46858279 0
46923808 0
46923809 0
46923810 0
46923811 0
46989348 0
46989349 0
46989350 0
46989351 0
47054880 0
47054881 0
47054882 0
47054883 0
47120420 0
47120421 0
47120422 0
47120423 0
47185952 0
47185953 0
47185954 0
47185955 0
47251492 0
47251493 0
47251494 0
47251495 0
47317024 0
47317025 0
47317026 0
47317027 0
47382564 0
47382565 0
47382566 0
47382567 0
47448096 0
47448097 0
47448098 0
47448099 0
47513636 0
47513637 0
47513638 0
47513639 0
47579168 0
47579169 0
47579170 0
47579171 0
47644708 0
47644709 0
47644710 0
47644711 0
47710240 0
47710241 0
47710242 0
47710243 0
47775780 0
47775781 0
47775782 0
47775783 0
47841312 0
47841313 0
47841314 0
47841315 0
47906852 0
47906853 0
47906854 0
47906855 0
47972384 0
47972385 0
47972386 0
47972387 0
48037924 0
48037925 0
48037926 0
48037927 0
48103456 0
48103457 0
48103458 0
48103459 0
48168996 0
48168997 0
48168998 0
48168999 0
48234528 0
48234529 0
48234530 0
48234531 0
48300068 0
48300069 0
48300070 0
48300071 0
48365600 0
48365601 0
48365602 0
48365603 0
48431140 0
48431141 0
48431142 0
48431143 0
48496672 0
48496673 0
48496674 0
48496675 0
48562212 0
48562213 0
48562214 0
48562215 0
48627744 0
48627745 0
48627746 0
48627747 0
48693284 0
48693285 0
48693286 0
48693287 0
48758816 0
48758817 0
48758818 0
48758819 0
48824356 0
48824357 0
48824358 0
48824359 0
48889888 0
48889889 0
48889890 0
48889891 0
48955428 0
48955429 0
48955430 0
48955431 0
49020960 0
49020961 0
49020962 0
49020963 0
49086500 0
49086501 0
49086502 0
49086503 0
49152032 0
49152033 0
49152034 0
49152035 0
49217572 0
49217573 0
49217574 0
49217575 0
49283104 0
49283105 0
49283106 0
49283107 0
49348644 0
49348645 0
49348646 0
49348647 0
49414176 0
49414177 0
49414178 0
49414179 0
49479716 0
49479717 0
49479718 0
49479719 0
49545248 0
49545249 0
49545250 0
49545251 0
49610788 0
49610789 0
49610790 0
49610791 0
49676320 0
49676321 0
49676322 0
49676323 0
49741860 0
49741861 0
49741862 0
49741863 0
49807392 0
49807393 0
49807394 0
49807395 0
49872932 0
49872933 0
49872934 0
49872935 0
49938464 0
49938465 0
49938466 0
49938467 0
50004004 0
50004005 0
50004006 0
50004007 0
50069536 0
50069537 0
50069538 0
50069539 0
50135076 0
50135077 0
50135078 0
50135079 0
50200608 0
50200609 0
50200610 0
50200611 0
50266148 0
50266149 0
50266150 0
50266151 0
50331680 0
50331681 0
50331682 0
50331683 0
50397220 0
50397221 0
50397222 0
50397223 0
50462752 0
50462753 0
50462754 0
50462755 0
50528292 0
50528293 0
50528294 0
50528295 0
50593824 0
50593825 0
50593826 0
50593827 0
50659364 0
50659365 0
50659366 0
50659367 0
50724896 0
50724897 0
50724898 0
50724899 0
50790436 0
50790437 0
50790438 0
50790439 0
50855968 0
50855969 0
50855970 0
50855971 0
50921508 0
50921509 0
50921510 0
50921511 0
50987040 0
50987041 0
50987042 0
50987043 0
51052580 0
51052581 0
51052582 0
51052583 0
51118112 0
51118113 0
51118114 0
51118115 0
51183652 0
51183653 0
51183654 0
51183655 0
51249184 0
51249185 0
51249186 0
51249187 0
51314724 0
51314725 0
51314726 0
51314727 0
51380256 0
51380257 0
51380258 0
51380259 0
51445796 0
51445797 0
51445798 0
51445799 0
51511328 0
51511329 0
51511330 0
51511331 0
51576868 0
51576869 0
51576870 0
51576871 0
51642400 0
51642401 0
51642402 0
51642403 0
51707940 0
51707941 0
51707942 0
51707943 0
51773472 0
51773473 0
51773474 0
51773475 0
51839012 0
51839013 0
51839014 0
51839015 0
51904544 0
51904545 0
51904546 0
51904547 0
51970084 0
51970085 0
51970086 0
51970087 0
52035616 0
52035617 0
52035618 0
52035619 0
52101156 0
52101157 0
52101158 0
52101159 0
52166688 0
52166689 0
52166690 0
52166691 0
52232228 0
52232229 0
52232230 0
52232231 0
52297760 0
52297761 0
52297762 0
52297763 0
52363300 0
52363301 0
52363302 0
52363303 0
52428832 0
52428833 0
52428834 0
52428835 0
52494372 0
52494373 0
52494374 0
52494375 0
52559904 0
52559905 0
52559906 0
52559907 0
52625444 0
52625445 0
52625446 0
52625447 0
52690976 0
52690977 0
52690978 0
52690979 0
52756516 0
52756517 0
52756518 0
52756519 0
52822048 0
52822049 0
52822050 0
52822051 0
52887588 0
52887589 0
52887590 0
52887591 0
52953120 0
52953121 0
52953122 0
52953123 0
53018660 0
53018661 0
53018662 0
53018663 0
53084192 0
53084193 0
53084194 0
53084195 0
53149732 0
53149733 0
53149734 0
53149735 0
53215264 0
53215265 0
53215266 0
53215267 0
53280804 0
53280805 0
53280806 0
53280807 0
53346336 0
53346337 0
53346338 0
53346339 0
53411876 0
53411877 0
53411878 0
53411879 0
53477408 0
53477409 0
53477410 0
53477411 0
53542948 0
53542949 0
53542950 0
53542951 0
53608480 0
53608481 0
53608482 0
53608483 0
53674020 0
53674021 0
53674022 0
53674023 0
53739552 0
53739553 0
53739554 0
53739555 0
53805092 0
53805093 0
53805094 0
53805095 0
53870624 0
53870625 0
53870626 0
53870627 0
53936164 0
53936165 0
53936166 0
53936167 0
54001696 0
54001697 0
54001698 0
54001699 0
54067236 0
54067237 0
54067238 0
54067239 0
54132768 0
54132769 0
54132770 0
54132771 0
54198308 0
54198309 0
54198310 0
54198311 0
54263840 0
54263841 0
54263842 0
54263843 0
54329380 0
54329381 0
54329382 0
54329383 0
54394912 0
54394913 0
54394914 0
54394915 0
54460452 0
54460453 0
54460454 0
54460455 0
54525984 0
54525985 0
54525986 0
54525987 0
54591524 0
54591525 0
54591526 0
54591527 0
54657056 0
54657057 0
54657058 0
54657059 0
54722596 0
54722597 0
54722598 0
54722599 0
54788128 0
54788129 0
54788130 0
54788131 0
54853668 0
54853669 0
54853670 0
54853671 0
54919200 0
54919201 0
54919202 0
54919203 0
54984740 0
54984741 0
54984742 0
54984743 0
55050280 0
55050281 0
55050282 0
55050283 0
55115820 0
55115821 0
55115822 0
55115823 0
55181352 0
55181353 0
55181354 0
55181355 0
55246892 0
55246893 0
55246894 0
55246895 0
55312424 0
55312425 0
55312426 0
55312427 0
55377964 0
55377965 0
55377966 0
55377967 0
55443496 0
55443497 0
55443498 0
55443499 0
55509036 0
55509037 0
55509038 0
55509039 0
55574568 0
55574569 0
55574570 0
55574571 0
55640108 0
55640109 0
55640110 0
55640111 0
55705640 0
55705641 0
55705642 0
55705643 0
55771180 0
55771181 0
55771182 0
55771183 0
55836712 0
55836713 0
55836714 0
55836715 0
55902252 0
55902253 0
55902254 0
55902255 0
55967784 0
55967785 0
55967786 0
55967787 0
56033324 0
56033325 0
56033326 0
56033327 0
56098856 0
56098857 0
56098858 0
56098859 0
56164396 0
56164397 0
56164398 0
56164399 0
56229928 0
56229929 0
56229930 0
56229931 0
56295468 0
56295469 0
56295470 0
56295471 0
56361000 0
56361001 0
56361002 0
56361003 0
56426540 0
56426541 0
56426542 0
56426543 0
56492072 0
56492073 0
56492074 0
56492075 0
56557612 0
56557613 0
56557614 0
56557615 0
56623144 0
56623145 0
56623146 0
56623147 0
56688684 0
56688685 0
56688686 0
56688687 0
56754216 0
56754217 0
56754218 0
56754219 0
56819756 0
56819757 0
56819758 0
56819759 0
56885288 0
56885289 0
56885290 0
56885291 0
56950828 0
56950829 0
56950830 0
56950831 0
57016360 0
57016361 0
57016362 0
57016363 0
57081900 0
57081901 0
57081902 0
57081903 0
57147432 0
57147433 0
57147434 0
57147435 0
57212972 0
57212973 0
57212974 0
57212975 0
57278504 0
57278505 0
57278506 0
57278507 0
57344044 0
57344045 0
57344046 0
57344047 0
57409576 0
57409577 0
57409578 0
57409579 0
57475116 0
57475117 0
57475118 0
57475119 0
57540648 0
57540649 0
57540650 0
57540651 0
57606188 0
57606189 0
57606190 0
57606191 0
57671720 0
57671721 0
57671722 0
57671723 0
57737260 0
57737261 0
57737262 0
57737263 0
57802792 0
57802793 0
57802794 0
57802795 0
57868332 0
57868333 0
57868334 0
57868335 0
57933864 0
57933865 0
57933866 0
57933867 0
57999404 0
57999405 0
57999406 0
57999407 0
58064936 0
58064937 0
58064938 0
58064939 0
58130476 0
58130477 0
58130478 0
58130479 0
58196008 0
58196009 0
58196010 0
58196011 0
58261548 0
58261549 0
58261550 0
58261551 0
58327080 0
58327081 0
58327082 0
58327083 0
58392620 0
58392621 0
58392622 0
58392623 0
58458152 0
58458153 0
58458154 0
58458155 0
58523692 0
58523693 0
58523694 0
58523695 0
58589224 0
58589225 0
58589226 0
58589227 0
58654764 0
58654765 0
58654766 0
58654767 0
58720296 0
58720297 0
58720298 0
58720299 0
58785836 0
58785837 0
58785838 0
58785839 0
58851368 0
58851369 0
58851370 0
58851371 0
58916908 0
58916909 0
58916910 0
58916911 0
58982440 0
58982441 0
58982442 0
58982443 0
59047980 0
59047981 0
59047982 0
59047983 0
59113512 0
59113513 0
59113514 0
59113515 0
59179052 0
59179053 0
59179054 0
59179055 0
59244584 0
59244585 0
59244586 0
59244587 0
59310124 0
59310125 0
59310126 0
59310127 0
59375656 0
59375657 0
59375658 0
59375659 0
59441196 0
59441197 0
59441198 0
59441199 0
59506728 0
59506729 0
59506730 0
59506731 0
59572268 0
59572269 0
59572270 0
59572271 0
59637800 0
59637801 0
59637802 0
59637803 0
59703340 0
59703341 0
59703342 0
59703343 0
59768872 0
59768873 0
59768874 0
59768875 0
59834412 0
59834413 0
59834414 0
59834415 0
59899944 0
59899945 0
59899946 0
59899947 0
59965484 0
59965485 0
59965486 0
59965487 0
60031016 0
60031017 0
60031018 0
60031019 0
60096556 0
60096557 0
60096558 0
60096559 0
60162088 0
60162089 0
60162090 0
60162091 0
60227628 0
60227629 0
60227630 0
60227631 0
60293160 0
60293161 0
60293162 0
60293163 0
60358700 0
60358701 0
60358702 0
60358703 0
60424232 0
60424233 0
60424234 0
60424235 0
60489772 0
60489773 0
60489774 0
60489775 0
60555304 0
60555305 0
60555306 0
60555307 0
60620844 0
60620845 0
60620846 0
60620847 0
60686376 0
60686377 0
60686378 0
60686379 0
60751916 0
60751917 0
60751918 0
60751919 0
60817448 0
60817449 0
60817450 0
60817451 0
60882988 0
60882989 0
60882990 0
60882991 0
60948520 0
60948521 0
60948522 0
60948523 0
61014060 0
61014061 0
61014062 0
61014063 0
61079592 0
61079593 0
61079594 0
61079595 0
61145132 0
61145133 0
61145134 0
61145135 0
61210664 0
61210665 0
61210666 0
61210667 0
61276204 0
61276205 0
61276206 0
61276207 0
61341736 0
61341737 0
61341738 0
61341739 0
61407276 0
61407277 0
61407278 0
61407279 0
61472808 0
61472809 0
61472810 0
61472811 0
61538348 0
61538349 0
61538350 0
61538351 0
61603880 0
61603881 0
61603882 0
61603883 0
61669420 0
61669421 0
61669422 0
61669423 0
61734952 0
61734953 0
61734954 0
61734955 0
61800492 0
61800493 0
61800494 0
61800495 0
61866024 0
61866025 0
61866026 0
61866027 0
61931564 0
61931565 0
61931566 0
61931567 0
61997096 0
61997097 0
61997098 0
61997099 0
62062636 0
62062637 0
62062638 0
62062639 0
62128168 0
62128169 0
62128170 0
62128171 0
62193708 0
62193709 0
62193710 0
62193711 0
62259240 0
62259241 0
62259242 0
62259243 0
62324780 0
62324781 0
62324782 0
62324783 0
62390312 0
62390313 0
62390314 0
62390315 0
62455852 0
62455853 0
62455854 0
62455855 0
62521384 0
62521385 0
62521386 0
62521387 0
62586924 0
62586925 0
62586926 0
62586927 0
62652456 0
62652457 0
62652458 0
62652459 0
62717996 0
62717997 0
62717998 0
62717999 0
62783528 0
62783529 0
62783530 0
62783531 0
62849068 0
62849069 0
62849070 0
62849071 0
62914600 0
62914601 0
62914602 0
62914603 0
62980140 0
62980141 0
62980142 0
62980143 0
63045672 0
63045673 0
63045674 0
63045675 0
63111212 0
63111213 0
63111214 0
63111215 0
63176744 0
63176745 0
63176746 0
63176747 0
63242284 0
63242285 0
63242286 0
63242287 0
63307816 0
63307817 0
63307818 0
63307819 0
63373356 0
63373357 0
63373358 0
63373359 0
63438888 0
63438889 0
63438890 0
63438891 0
63504428 0
63504429 0
63504430 0
63504431 0
63569960 0
63569961 0
63569962 0
63569963 0
63635500 0
63635501 0
63635502 0
63635503 0
63701032 0
63701033 0
63701034 0
63701035 0
63766572 0
63766573 0
63766574 0
63766575 0
63832104 0
63832105 0
63832106 0
63832107 0
63897644 0
63897645 0
63897646 0
63897647 0
63963176 0
63963177 0
63963178 0
63963179 0
64028716 0
64028717 0
64028718 0
64028719 0
64094248 0
64094249 0
64094250 0
64094251 0
64159788 0
64159789 0
64159790 0
64159791 0
64225320 0
64225321 0
64225322 0
64225323 0
64290860 0
64290861 0
64290862 0
64290863 0
64356392 0
64356393 0
64356394 0
64356395 0
64421932 0
64421933 0
64421934 0
64421935 0
64487464 0
64487465 0
64487466 0
64487467 0
64553004 0
64553005 0
64553006 0
64553007 0
64618536 0
64618537 0
64618538 0
64618539 0
64684076 0
64684077 0
64684078 0
64684079 0
64749608 0
64749609 0
64749610 0
64749611 0
64815148 0
64815149 0
64815150 0
64815151 0
64880680 0
64880681 0
64880682 0
64880683 0
64946220 0
64946221 0
64946222 0
64946223 0
65011752 0
65011753 0
65011754 0
65011755 0
65077292 0
65077293 0
65077294 0
65077295 0
65142824 0
65142825 0
65142826 0
65142827 0
65208364 0
65208365 0
65208366 0
65208367 0
65273896 0
65273897 0
65273898 0
65273899 0
65339436 0
65339437 0
65339438 0
65339439 0
65404968 0
65404969 0
65404970 0
65404971 0
65470508 0
65470509 0
65470510 0
65470511 0
65536040 0
65536041 0
65536042 0
65536043 0
65601580 0
65601581 0
65601582 0
65601583 0
65667112 0
65667113 0
65667114 0
65667115 0
65732652 0
65732653 0
65732654 0
65732655 0
65798184 0
65798185 0
65798186 0
65798187 0
65863724 0
65863725 0
65863726 0
65863727 0
65929256 0
65929257 0
65929258 0
65929259 0
65994796 0
65994797 0
65994798 0
65994799 0
66060292 0
66060294 0
66060295 0
66060297 0
66125832 0
66125834 0
66125835 0
66125837 0
66191364 0
66191370 0
66191371 0
66191373 0
66256908 0
66256910 0
66256911 0
66256913 0
66322433 0
66322436 0
66322438 0
66322455 0
66387969 0
66387972 0
66387975 0
66387978 0
66453505 0
66453515 0
66453520 0
66453522 0
66519040 0
66519041 0
66519042 0
66519043 0
66584581 0
66584584 0
66584594 0
66584615 0
66650125 0
66650127 0
66650128 0
66650142 0
66715680 0
66715685 0
66715686 0
66715691 0
66781208 0
66781211 0
66781217 0
66781218 0
66846723 0
66846725 0
66846726 0
66846732 0
66912265 0
66912266 0
66912267 0
66912272 0
66977805 0
66977806 0
66977807 0
66977824 0
67043328 0
67043329 0
67043343 0
67043354 0
67108864 0
67108889 0
67108890 0
67108891 0
67174400 0
67174401 0
67174403 0
67174430 0
67239951 0
67239952 0
67239969 0
67239978 0
67305477 0
67305482 0
67305500 0
67305503 0
67371012 0
67371013 0
67371014 0
67371015 0
67436552 0
67436558 0
67436561 0
67436571 0
67502099 0
67502112 0
67502114 0
67502121 0
67567616 0
67567625 0
67567630 0
67567631 0
67633164 0
67633169 0
67633171 0
67633190 0
67698693 0
67698694 0
67698699 0
67698704 0
67764244 0
67764245 0
67764266 0
67764267 0
67829761 0
67829776 0
67829778 0
67829779 0
67895313 0
67895316 0
67895327 0
67895330 0
67960853 0
67960868 0
67960870 0
67960875 0
68026368 0
68026369 0
68026370 0
68026371 0
68091917 0
68091918 0
68091919 0
68091920 0
68157445 0
68157447 0
68157448 0
68157462 0
68222976 0
68222977 0
68222979 0
68222990 0
68288517 0
68288528 0
68288531 0
68288534 0
68354057 0
68354058 0
68354072 0
68354075 0
68419597 0
68419606 0
68419623 0
68419624 0
68485141 0
68485143 0
68485144 0
68485150 0
68550690 0
68550699 0
68550700 0
68550701 0
68616199 0
68616201 0
68616208 0
68616214 0
68681747 0
68681752 0
68681753 0
68681754 0
68747266 0
68747269 0
68747275 0
68747292 0
68812827 0
68812828 0
68812830 0
68812841 0
68878337 0
68878338 0
68878340 0
68878351 0
68943877 0
68943882 0
68943884 0
68943891 0
69009424 0
69009425 0
69009426 0
69009431 0
69074966 0
69074972 0
69074975 0
69074977 0
69140486 0
69140501 0
69140504 0
69140507 0
69206041 0
69206044 0
69206047 0
69206054 0
69271561 0
69271563 0
69271564 0
69271570 0
69337103 0
69337104 0
69337105 0
69337114 0
69402647 0
69402652 0
69402653 0
69402654 0
69468191 0
69468192 0
69468193 0
69468198 0
69533696 0
69533698 0
69533711 0
69533713 0
69599232 0
69599235 0
69599237 0
69599250 0
69664784 0
69664785 0
69664787 0
69664790 0
69730306 0
69730309 0
69730312 0
69730315 0
69795846 0
69795849 0
69795852 0
69795855 0
69861396 0
69861399 0
69861402 0
69861405 0
69926936 0
69926943 0
69926949 0
69926950 0
69992448 0
69992449 0
69992458 0
69992471 0
70057992 0
70057997 0
70057998 0
70058015 0
70123522 0
70123524 0
70123537 0
70123551 0
70189069 0
70189076 0
70189091 0
70189094 0
70254605 0
70254624 0
70254627 0
70254634 0
70320130 0
70320131 0
70320132 0
70320133 0
70385670 0
70385672 0
70385673 0
70385683 0
70451206 0
70451208 0
70451209 0
70451223 0
70516746 0
70516752 0
70516753 0
70516779 0
70582272 0
70582273 0
70582274 0
70582275 0
70647808 0
70647809 0
70647815 0
70647818 0
70713348 0
70713349 0
70713355 0
70713358 0
70778888 0
70778890 0
70778891 0
70778893 0
70844435 0
70844438 0
70844440 0
70844441 0
70909960 0
70909971 0
70909973 0
70909974 0
70975500 0
70975511 0
70975513 0
70975514 0
71041051 0
71041052 0
71041053 0
71041066 0
71106567 0
71106568 0
71106569 0
71106574 0
71172117 0
71172118 0
71172139 0
71172140 0
71237638 0
71237663 0
71237676 0
71237677 0
71303171 0
71303176 0
71303177 0
71303198 0
71368716 0
71368717 0
71368747 0
71368750 0
71434246 0
71434264 0
71434269 0
71434275 0
71499777 0
71499784 0
71499786 0
71499787 0
71565321 0
71565327 0
71565328 0
71565338 0
71630849 0
71630851 0
71630864 0
71630866 0
71696403 0
71696405 0
71696406 0
71696408 0
71761920 0
71761921 0
71761922 0
71761923 0
71827460 0
71827462 0
71827463 0
71827465 0
71893017 0
71893019 0
71893022 0
71893024 0
71958561 0
71958563 0
71958564 0
71958566 0
72024066 0
72024067 0
72024068 0
72024069 0
72089607 0
72089608 0
72089609 0
72089622 0
72155140 0
72155143 0
72155158 0
72155173 0
72220680 0
72220706 0
72220713 0
72220715 0
72286219 0
72286228 0
72286229 0
72286246 0
72351744 0
72351775 0
72351781 0
72351790 0
72417289 0
72417299 0
72417300 0
72417302 0
72482817 0
72482820 0
72482830 0
72482835 0
72548363 0
72548366 0
72548377 0
72548384 0
72613916 0
72613921 0
72613922 0
72613935 0
72679432 0
72679442 0
72679453 0
72679459 0
72744971 0
72744973 0
72745004 0
72745006 0
72810498 0
72810500 0
72810501 0
72810503 0
72876040 0
72876041 0
72876042 0
72876043 0
72941573 0
72941576 0
72941578 0
72941587 0
73007107 0
73007121 0
73007126 0
73007136 0
73072665 0
73072666 0
73072676 0
73072679 0
73138185 0
73138192 0
73138210 0
73138219 0
73203721 0
73203726 0
73203727 0
73203728 0
73269265 0
73269266 0
73269267 0
73269280 0
73334788 0
73334791 0
73334793 0
73334794 0
73400331 0
73400332 0
73400333 0
73400334 0
73465871 0
73465874 0
73465880 0
73465897 0
73531395 0
73531400 0
73531401 0
73531402 0
73596939 0
73596941 0
73596944 0
73596950 0
73662473 0
73662475 0
73662488 0
73662506 0
73728037 0
73728043 0
73728044 0
73728046 0
73793555 0
73793560 0
73793561 0
73793566 0
73859083 0
73859085 0
73859088 0
73859094 0
73924632 0
73924633 0
73924634 0
73924651 0
73990162 0
73990180 0
73990181 0
73990183 0
74055685 0
74055686 0
74055688 0
74055691 0
74121225 0
74121226 0
74121228 0
74121231 0
74186765 0
74186768 0
74186770 0
74186779 0
74252314 0
74252316 0
74252317 0
74252323 0
74317824 0
74317826 0
74317835 0
74317837 0
74383383 0
74383394 0
74383400 0
74383405 0
74448899 0
74448901 0
74448902 0
74448904 0
74514441 0
74514442 0
74514444 0
74514455 0
74579985 0
74579988 0
74579990 0
74579995 0
74645505 0
74645515 0
74645518 0
74645520 0
74711042 0
74711045 0
74711051 0
74711052 0
74776591 0
74776592 0
74776593 0
74776594 0
74842132 0
74842133 0
74842142 0
74842159 0
74907654 0
74907664 0
74907677 0
74907691 0
74973186 0
74973188 0
74973203 0
74973205 0
75038736 0
75038738 0
75038745 0
75038751 0
75104280 0
75104282 0
75104285 0
75104291 0
75169820 0
75169829 0
75169830 0
75169831 0
75235332 0
75235334 0
75235345 0
75235351 0
75300864 0
75300865 0
75300866 0
75300867 0
75366404 0
75366406 0
75366411 0
75366413 0
75431946 0
75431951 0
75431952 0
75431961 0
75497473 0
75497475 0
75497494 0
75497508 0
75563027 0
75563028 0
75563029 0
75563038 0
75628546 0
75628547 0
75628548 0
75628553 0
75694086 0
75694099 0
75694104 0
75694105 0
75759616 0
75759621 0
75759626 0
75759627 0
75825156 0
75825161 0
75825166 0
75825167 0
75890727 0
75890730 0
75890732 0
75890733 0
75956224 0
75956225 0
75956226 0
75956227 0
76021764 0
76021767 0
76021777 0
76021782 0
76087299 0
76087302 0
76087313 0
76087328 0
76152843 0
76152844 0
76152853 0
76152870 0
76218376 0
76218401 0
76218406 0
76218407 0
76283908 0
76283911 0
76283922 0
76283933 0
76349448 0
76349451 0
76349466 0
76349477 0
76414999 0
76415006 0
76415017 0
76415020 0
76480520 0
76480533 0
76480535 0
76480538 0
76546075 0
76546076 0
76546077 0
76546078 0
76611585 0
76611588 0
76611591 0
76611594 0
76677125 0
76677132 0
76677135 0
76677138 0
76742665 0
76742676 0
76742678 0
76742679 0
76808209 0
76808216 0
76808219 0
76808222 0
76873749 0
76873766 0
76873767 0
76873772 0
76939273 0
76939275 0
76939276 0
76939302 0
77004802 0
77004803 0
77004804 0
77004805 0
77070349 0
77070352 0
77070354 0
77070355 0
77135889 0
77135892 0
77135894 0
77135911 0
77201412 0
77201415 0
77201417 0
77201426 0
77266949 0
77266971 0
77266982 0
77266984 0
77332480 0
77332487 0
77332493 0
77332494 0
77398016 0
77398019 0
77398021 0
77398022 0
77463559 0
77463560 0
77463561 0
77463566 0
77529095 0
77529096 0
77529098 0
77529101 0
77594635 0
77594636 0
77594638 0
77594641 0
77660171 0
77660201 0
77660204 0
77660206 0
77725711 0
77725712 0
77725729 0
77725730 0
77791250 0
77791252 0
77791253 0
77791255 0
77856779 0
77856792 0
77856793 0
77856794 0
77922334 0
77922336 0
77922339 0
77922345 0
77987854 0
77987855 0
77987865 0
77987884 0
78053388 0
78053401 0
78053402 0
78053403 0
78118940 0
78118945 0
78118954 0
78118955 0
78184462 0
78184473 0
78184476 0
78184495 0
78250014 0
78250015 0
78250016 0
78250029 0
78315540 0
78315541 0
78315554 0
78315559 0
78381068 0
78381078 0
78381089 0
78381103 0
78446592 0
78446593 0
78446599 0
78446602 0
78512132 0
78512137 0
78512142 0
78512143 0
78577665 0
78577666 0
78577668 0
78577675 0
78643205 0
78643206 0
78643208 0
78643247 0
78708749 0
78708752 0
78708755 0
78708758 0
78774289 0
78774299 0
78774302 0
78774308 0
78839809 0
78839814 0
78839827 0
78839836 0
78905363 0
78905372 0
78905373 0
78905378 0
78970885 0
78970892 0
78970910 0
78970911 0
79036422 0
79036452 0
79036459 0
79036461 0
79101964 0
79101966 0
79101969 0
79101979 0
79167506 0
79167508 0
79167519 0
79167525 0
79233030 0
79233033 0
79233035 0
79233044 0
79298584 0
79298585 0
79298586 0
79298587 0
79364099 0
79364102 0
79364104 0
79364105 0
79429642 0
79429648 0
79429651 0
79429661 0
79495198 0
79495203 0
79495205 0
79495208 0
79560724 0
79560733 0
79560738 0
79560747 0
79626277 0
79626280 0
79626282 0
79626287 0
79691778 0
79691780 0
79691797 0
79691803 0
79757344 0
79757345 0
79757346 0
79757347 0
79822849 0
79822858 0
79822864 0
79822883 0
79888399 0
79888402 0
79888404 0
79888405 0
79953932 0
79953934 0
79953949 0
79953967 0
80019478 0
80019483 0
80019492 0
80019497 0
80084998 0
80085003 0
80085012 0
80085029 0
80150532 0
80150535 0
80150537 0
80150538 0
80216076 0
80216077 0
80216078 0
80216079 0
80281612 0
80281615 0
80281629 0
80281630 0
80347155 0
80347168 0
80347169 0
80347170 0
80412685 0
80412688 0
80412691 0
80412694 0
80478228 0
80478229 0
80478231 0
80478234 0
80543769 0
80543772 0
80543775 0
80543778 0
80609280 0
80609295 0
80609301 0
80609310 0
80674818 0
80674828 0
80674833 0
80674839 0
80740352 0
80740353 0
80740354 0
80740355 0
80805893 0
80805896 0
80805899 0
80805902 0
80871436 0
80871437 0
80871447 0
80871454 0
80936976 0
80936977 0
80936991 0
80936994 0
81002498 0
81002500 0
81002501 0
81002527 0
81068038 0
81068045 0
81068048 0
81068079 0
81133568 0
81133571 0
81133577 0
81133582 0
81199115 0
81199116 0
81199133 0
81199150 0
81264647 0
81264664 0
81264665 0
81264666 0
81330195 0
81330198 0
81330200 0
81330201 0
81395735 0
81395740 0
81395742 0
81395745 0
81461253 0
81461262 0
81461263 0
81461264 0
81526793 0
81526802 0
81526803 0
81526804 0
81592355 0
81592357 0
81592358 0
81592360 0
81657857 0
81657859 0
81657872 0
81657882 0
81723392 0
81723393 0
81723394 0
81723395 0
81788933 0
81788936 0
81788938 0
81788939 0
81854473 0
81854476 0
81854483 0
81854486 0
81920000 0
81920002 0
81920003 0
81920013 0
81985550 0
81985556 0
81985557 0
81985579 0
82051073 0
82051083 0
82051086 0
82051088 0
82116621 0
82116627 0
82116628 0
82116630 0
82182145 0
82182146 0
82182148 0
82182151 0
82247697 0
82247699 0
82247700 0
82247702 0
82313233 0
82313239 0
82313244 0
82313250 0
82378776 0
82378779 0
82378785 0
82378786 0
82444301 0
82444306 0
82444308 0
82444319 0
82509852 0
82509862 0
82509865 0
82509867 0
82575362 0
82575364 0
82575373 0
82575383 0
82640902 0
82640908 0
82640921 0
82640923 0
82706433 0
82706443 0
82706446 0
82706460 0
82771985 0
82771986 0
82771987 0
82772004 0
82837524 0
82837526 0
82837533 0
82837539 0
82903065 0
82903070 0
82903071 0
82903080 0
82968598 0
82968600 0
82968603 0
82968605 0
83034138 0
83034143 0
83034149 0
83034152 0
83099662 0
83099677 0
83099691 0
83099692 0
83165188 0
83165199 0
83165201 0
83165202 0
83230723 0
83230724 0
83230741 0
83230742 0
83296263 0
83296276 0
83296286 0
83296289 0
83361793 0
83361794 0
83361795 0
83361796 0
83427336 0
83427339 0
83427342 0
83427349 0
83492867 0
83492874 0
83492881 0
83492904 0
83558400 0
83558401 0
83558402 0
83558423 0
83623950 0
83623963 0
83623964 0
83623969 0
83689488 0
83689491 0
83689498 0
83689509 0
83755012 0
83755045 0
83755047 0
83755050 0
83820557 0
83820583 0
83820584 0
83820590 0
83886088 0
83886090 0
83886115 0
83886117 0
83951623 0
83951642 0
83951648 0
83951649 0
84017158 0
84017160 0
84017177 0
84017187 0
84082702 0
84082724 0
84082733 0
84082735 0
84148227 0
84148254 0
84148257 0
84148264 0
84213760 0
84213762 0
84213763 0
84213765 0
84279305 0
84279306 0
84279307 0
84279308 0
84344833 0
84344834 0
84344847 0
84344848 0
84410381 0
84410386 0
84410387 0
84410388 0
84475917 0
84475918 0
84475920 0
84475923 0
84541441 0
84541451 0
84541454 0
84541476 0
84607016 0
84607017 0
84607022 0
84607023 0
84672525 0
84672526 0
84672544 0
84672559 0
84738051 0
84738054 0
84738056 0
84738057 0
84803591 0
84803594 0
84803597 0
84803604 0
84869129 0
84869131 0
84869132 0
84869134 0
84934671 0
84934682 0
84934685 0
84934688 0
85000203 0
85000209 0
85000210 0
85000236 0
85065728 0
85065741 0
85065742 0
85065747 0
85131293 0
85131304 0
85131306 0
85131307 0
85196816 0
85196818 0
85196819 0
85196833 0
85262368 0
85262371 0
85262373 0
85262378 0
85327879 0
85327894 0
85327896 0
85327901 0
85393412 0
85393417 0
85393427 0
85393430 0
85458964 0
85458969 0
85458974 0
85458975 0
85524504 0
85524507 0
85524518 0
85524525 0
85590021 0
85590024 0
85590038 0
85590039 0
85655556 0
85655557 0
85655559 0
85655570 0
85721097 0
85721100 0
85721110 0
85721111 0
85786631 0
85786634 0
85786636 0
85786653 0
85852174 0
85852192 0
85852195 0
85852205 0
85917702 0
85917707 0
85917721 0
85917736 0
85983263 0
85983273 0
85983274 0
85983276 0
86048778 0
86048785 0
86048812 0
86048815 0
86114305 0
86114311 0
86114326 0
86114340 0
86179841 0
86179842 0
86179843 0
86179844 0
86245381 0
86245382 0
86245384 0
86245395 0
86310921 0
86310926 0
86310928 0
86310935 0
86376461 0
86376466 0
86376468 0
86376487 0
86441988 0
86441991 0
86441993 0
86441994 0
86507532 0
86507545 0
86507547 0
86507550 0
86573061 0
86573079 0
86573080 0
86573094 0
86638617 0
86638619 0
86638636 0
86638638 0
86704128 0
86704133 0
86704143 0
86704146 0
86769680 0
86769681 0
86769683 0
86769686 0
86835202 0
86835208 0
86835223 0
86835241 0
86900748 0
86900749 0
86900762 0
86900763 0
86966297 0
86966300 0
86966303 0
86966310 0
87031808 0
87031810 0
87031813 0
87031823 0
87097356 0
87097361 0
87097362 0
87097375 0
87162909 0
87162915 0
87162916 0
87162926 0
87228448 0
87228449 0
87228450 0
87228451 0
87293987 0
87293989 0
87293996 0
87293998 0
87359494 0
87359512 0
87359515 0
87359517 0
87425030 0
87425053 0
87425063 0
87425064 0
87490560 0
87490562 0
87490565 0
87490567 0
87556106 0
87556113 0
87556116 0
87556127 0
87621634 0
87621659 0
87621660 0
87621665 0
87687190 0
87687203 0
87687205 0
87687208 0
87752725 0
87752732 0
87752739 0
87752750 0
87818250 0
87818251 0
87818252 0
87818253 0
87883790 0
87883795 0
87883800 0
87883801 0
87949312 0
87949313 0
87949315 0
87949318 0
88014864 0
88014865 0
88014875 0
88014878 0
88080406 0
88080411 0
88080412 0
88080413 0
88145950 0
88145951 0
88145952 0
88145953 0
88211476 0
88211489 0
88211491 0
88211494 0
88277002 0
88277007 0
88277012 0
88277013 0
88342546 0
88342557 0
88342560 0
88342563 0
88408098 0
88408103 0
88408104 0
88408105 0
88473600 0
88473603 0
88473614 0
88473617 0
88539143 0
88539157 0
88539166 0
88539168 0
88604673 0
88604678 0
88604679 0
88604700 0
88670218 0
88670223 0
88670229 0
88670244 0
88735759 0
88735765 0
88735766 0
88735780 0
88801299 0
88801306 0
88801308 0
88801313 0
88866823 0
88866837 0
88866856 0
88866862 0
88932357 0
88932371 0
88932394 0
88932396 0
88997889 0
88997906 0
88997908 0
88997923 0
89063433 0
89063456 0
89063462 0
89063463 0
89128974 0
89128983 0
89128985 0
89129000 0
89194496 0
89194499 0
89194510 0
89194521 0
89260033 0
89260052 0
89260066 0
89260067 0
89325579 0
89325586 0
89325592 0
89325593 0
89391131 0
89391132 0
89391133 0
89391134 0
89456650 0
89456653 0
89456664 0
89456667 0
89522176 0
89522186 0
89522189 0
89522211 0
89587737 0
89587743 0
89587748 0
89587758 0
89653275 0
89653286 0
89653288 0
89653289 0
89718784 0
89718798 0
89718805 0
89718827 0
89784328 0
89784357 0
89784358 0
89784363 0
89849874 0
89849877 0
89849883 0
89849892 0
89915417 0
89915422 0
89915423 0
89915428 0
89980972 0
89980973 0
89980974 0
89980975 0
90046468 0
90046485 0
90046486 0
90046487 0
90112000 0
90112005 0
90112034 0
90112039 0
90177560 0
90177563 0
90177573 0
90177574 0
90243083 0
90243096 0
90243098 0
90243101 0
90308615 0
90308642 0
90308645 0
90308652 0
90374176 0
90374181 0
90374183 0
90374190 0
90439680 0
90439682 0
90439683 0
90439685 0
90505222 0
90505223 0
90505224 0
90505233 0
90570763 0
90570768 0
90570770 0
90570773 0
90636308 0
90636310 0
90636311 0
90636317 0
90701824 0
90701827 0
90701829 0
90701830 0
90767367 0
90767374 0
90767377 0
90767392 0
90832920 0
90832922 0
90832931 0
90832933 0
90898432 0
90898435 0
90898442 0
90898449 0
90963975 0
90963996 0
90963997 0
90964006 0
91029536 0
91029545 0
91029546 0
91029547 0
91095058 0
91095061 0
91095068 0
91095079 0
91160589 0
91160591 0
91160610 0
91160612 0
91226118 0
91226127 0
91226129 0
91226132 0
91291654 0
91291661 0
91291663 0
91291676 0
91357202 0
91357209 0
91357216 0
91357227 0
91422727 0
91422748 0
91422753 0
91422766 0
91488295 0
91488296 0
91488298 0
91488301 0
91553829 0
91553830 0
91553836 0
91553839 0
91619330 0
91619332 0
91619355 0
91619357 0
91684865 0
91684871 0
91684886 0
91684900 0
91750433 0
91750438 0
91750440 0
91750443 0
91815937 0
91815943 0
91815944 0
91815970 0
91881484 0
91881489 0
91881499 0
91881518 0
91947015 0
91947020 0
91947026 0
91947029 0
92012555 0
92012564 0
92012570 0
92012577 0
92078081 0
92078095 0
92078120 0
92078122 0
92143616 0
92143619 0
92143622 0
92143641 0
92209160 0
92209171 0
92209185 0
92209194 0
92274694 0
92274701 0
92274708 0
92274711 0
92340232 0
92340255 0
92340257 0
92340258 0
92405778 0
92405791 0
92405793 0
92405796 0
92471320 0
92471327 0
92471329 0
92471338 0
92536832 0
92536857 0
92536858 0
92536867 0
92602368 0
92602375 0
92602386 0
92602389 0
92667910 0
92667917 0
92667919 0
92667924 0
92733463 0
92733474 0
92733476 0
92733485 0
92799002 0
92799016 0
92799019 0
92799021 0
92864516 0
92864526 0
92864539 0
92864553 0
92930050 0
92930052 0
92930055 0
92930069 0
92995600 0
92995602 0
92995607 0
92995609 0
93061121 0
93061124 0
93061126 0
93061135 0
93126665 0
93126670 0
93126672 0
93126679 0
93192216 0
93192218 0
93192221 0
93192231 0
93257743 0
93257752 0
93257753 0
93257758 0
93323291 0
93323292 0
93323305 0
93323306 0
93388806 0
93388820 0
93388829 0
93388831 0
93454342 0
93454356 0
93454369 0
93454379 0
93519894 0
93519916 0
93519917 0
93519919 0
93585420 0
93585422 0
93585429 0
93585447 0
93650957 0
93650960 0
93650990 0
93650991 0
93716493 0
93716500 0
93716503 0
93716518 0
93782037 0
93782055 0
93782056 0
93782058 0
93847558 0
93847563 0
93847572 0
93847585 0
93913088 0
93913101 0
93913110 0
93913115 0
93978644 0
93978658 0
93978663 0
93978665 0
94044167 0
94044181 0
94044186 0
94044188 0
94109701 0
94109703 0
94109712 0
94109714 0
94175238 0
94175248 0
94175253 0
94175263 0
94240802 0
94240804 0
94240813 0
94240815 0
94306312 0
94306322 0
94306331 0
94306333 0
94371866 0
94371872 0
94371879 0
94371885 0
94437377 0
94437379 0
94437396 0
94437402 0
94502929 0
94502948 0
94502950 0
94502955 0
94568461 0
94568468 0
94568471 0
94568482 0
94633992 0
94634019 0
94634025 0
94634026 0
94699529 0
94699531 0
94699532 0
94699534 0
94765069 0
94765072 0
94765075 0
94765078 0
94830604 0
94830606 0
94830607 0
94830625 0
94896156 0
94896158 0
94896171 0
94896173 0
94961684 0
94961685 0
94961691 0
94961694 0
95027224 0
95027231 0
95027233 0
95027238 0
95092754 0
95092759 0
95092769 0
95092772 0
95158279 0
95158284 0
95158289 0
95158290 0
95223814 0
95223836 0
95223839 0
95223853 0
95289344 0
95289362 0
95289385 0
95289387 0
95354882 0
95354893 0
95354895 0
95354920 0
95420436 0
95420439 0
95420450 0
95420457 0
95485980 0
95485990 0
95485995 0
95485997 0
95551488 0
95551495 0
95551505 0
95551514 0
95617029 0
95617054 0
95617056 0
95617059 0
95682566 0
95682571 0
95682573 0
95682584 0
95748122 0
95748129 0
95748139 0
95748140 0
95813635 0
95813656 0
95813662 0
95813677 0
95879169 0
95879174 0
95879180 0
95879183 0
95944718 0
95944721 0
95944739 0
95944740 0
96010252 0
96010253 0
96010275 0
96010278 0
96075778 0
96075803 0
96075816 0
96075817 0
96141320 0
96141327 0
96141337 0
96141342 0
96206879 0
96206880 0
96206881 0
96206886 0
96272384 0
96272389 0
96272398 0
96272415 0
96337921 0
96337927 0
96337928 0
96337930 0
96403465 0
96403467 0
96403474 0
96403476 0
96468999 0
96469018 0
96469024 0
96469029 0
96534541 0
96534555 0
96534562 0
96534572 0
96600073 0
96600099 0
96600104 0
96600106 0
96665615 0
96665621 0
96665622 0
96665628 0
96731136 0
96731155 0
96731158 0
96731169 0
96796688 0
96796698 0
96796709 0
96796719 0
96862210 0
96862225 0
96862239 0
96862240 0
96927773 0
96927779 0
96927782 0
96927784 0
96993286 0
96993312 0
96993315 0
96993321 0
97058831 0
97058838 0
97058840 0
97058861 0
97124356 0
97124361 0
97124382 0
97124391 0
97189889 0
97189900 0
97189914 0
97189935 0
97255430 0
97255449 0
97255459 0
97255460 0
97320960 0
97320965 0
97320979 0
97320986 0
97386508 0
97386525 0
97386542 0
97386543 0
97452035 0
97452053 0
97452062 0
97452068 0
97517573 0
97517594 0
97517608 0
97517611 0
97583117 0
97583138 0
97583140 0
97583151 0
97648641 0
97648662 0
97648664 0
97648667 0
97714202 0
97714208 0
97714215 0
97714217 0
97779726 0
97779731 0
97779733 0
97779756 0
97845249 0
97845255 0
97845258 0
97845260 0
97910799 0
97910809 0
97910820 0
97910822 0
97976330 0
97976332 0
97976341 0
97976367 0
98041877 0
98041887 0
98041894 0
98041900 0
98107394 0
98107399 0
98107413 0
98107416 0
98172947 0
98172950 0
98172956 0
98172961 0
98238466 0
98238468 0
98238469 0
98238487 0
98304006 0
98304008 0
98304009 0
98304027 0
98369566 0
98369573 0
98369576 0
98369583 0
98435084 0
98435089 0
98435090 0
98435103 0
98500615 0
98500632 0
98500634 0
98500637 0
98566148 0
98566157 0
98566158 0
98566163 0
98631707 0
98631714 0
98631716 0
98631721 0
98697220 0
98697235 0
98697237 0
98697246 0
98762757 0
98762760 0
98762775 0
98762794 0
98828301 0
98828315 0
98828322 0
98828328 0
98893831 0
98893846 0
98893848 0
98893861 0
98959361 0
98959378 0
98959383 0
98959392 0
99024914 0
99024916 0
99024933 0
99024943 0
99090434 0
99090452 0
99090463 0
99090477 0
99155968 0
99155978 0
99155985 0
99155999 0
99221512 0
99221522 0
99221525 0
99221543 0
99287056 0
99287062 0
99287065 0
99287079 0
99352584 0
99352609 0
99352610 0
99352611 0
99418124 0
99418131 0
99418142 0
99418145 0
99483648 0
99483661 0
99483683 0
99483694 0
99549195 0
99549214 0
99549216 0
99549225 0
99614724 0
99614746 0
99614749 0
99614751 0
99680257 0
99680260 0
99680271 0
99680274 0
99745800 0
99745809 0
99745814 0
99745819 0
99811344 0
99811353 0
99811359 0
99811362 0
99876870 0
99876872 0
99876875 0
99876881 0
99942410 0
99942424 0
99942425 0
99942431 0
100007964 0
100007979 0
100007981 0
100007982 0
100073476 0
100073482 0
100073489 0
100073515 0
100139014 0
100139037 0
100139044 0
100139047 0
100204556 0
100204561 0
100204570 0
100204571 0
100270086 0
100270091 0
100270096 0
100270105 0
100335616 0
100335617 0
100335631 0
100335658 0
100401174 0
100401176 0
100401179 0
100401185 0
100466703 0
100466710 0
100466713 0
100466716 0
100532246 0
100532253 0
100532256 0
100532271 0
100597763 0
100597764 0
100597781 0
100597782 0
100663308 0
100663319 0
100663321 0
100663326 0
100728860 0
100728863 0
100728865 0
100728866 0
100794400 0
100794405 0
100794411 0
100794414 0
100859919 0
100859921 0
100859924 0
100859938 0
100925444 0
100925457 0
100925474 0
100925483 0
100990978 0
100990985 0
100991016 0
100991023 0
101056517 0
101056519 0
101056540 0
101056558 0
101122048 0
101122050 0
101122069 0
101122083 0
101187585 0
101187602 0
101187620 0
101187627 0
101253125 0
101253139 0
101253156 0
101253162 0
101318670 0
101318684 0
101318685 0
101318687 0
101384198 0
101384200 0
101384205 0
101384207 0
101449731 0
101449733 0
101449736 0
101449750 0
101515267 0
101515284 0
101515293 0
101515294 0
101580801 0
101580804 0
101580819 0
101580842 0
101646340 0
101646343 0
101646345 0
101646374 0
101711873 0
101711874 0
101711875 0
101711876 0
101777416 0
101777417 0
101777419 0
101777446 0
101842953 0
101842966 0
101842967 0
101842984 0
101908499 0
101908508 0
101908513 0
101908514 0
101974024 0
101974025 0
101974042 0
101974043 0
102039553 0
102039556 0
102039562 0
102039583 0
102105088 0
102105106 0
102105107 0
102105125 0
102170650 0
102170663 0
102170664 0
102170665 0
102236173 0
102236196 0
102236198 0
102236207 0
102301697 0
102301698 0
102301699 0
102301728 0
102367233 0
102367252 0
102367263 0
102367270 0
102432770 0
102432791 0
102432800 0
102432805 0
102498306 0
102498319 0
102498344 0
102498345 0
102563841 0
102563878 0
102563880 0
102563883 0
102629400 0
102629414 0
102629417 0
102629419 0
102694912 0
102694914 0
102694917 0
102694919 0
102760467 0
102760473 0
102760488 0
102760494 0
102825992 0
102826009 0
102826018 0
102826023 0
102891525 0
102891530 0
102891543 0
102891544 0
102957069 0
102957084 0
102957090 0
102957091 0
103022613 0
103022624 0
103022634 0
103022635 0
103088135 0
103088136 0
103088141 0
103088142 0
103153676 0
103153677 0
103153698 0
103153711 0
103219201 0
103219234 0
103219239 0
103219244 0
103284742 0
103284763 0
103284764 0
103284769 0
103350284 0
103350286 0
103350295 0
103350297 0
103415834 0
103415841 0
103415843 0
103415848 0
103481345 0
103481347 0
103481350 0
103481352 0
103546891 0
103546896 0
103546905 0
103546914 0
103612433 0
103612435 0
103612448 0
103612458 0
103677954 0
103677956 0
103677959 0
103677977 0
103743490 0
103743499 0
103743516 0
103743525 0
103809039 0
103809042 0
103809044 0
103809061 0
103874574 0
103874579 0
103874585 0
103874588 0
103940111 0
103940116 0
103940122 0
103940141 0
104005642 0
104005644 0
104005661 0
104005663 0
104071175 0
104071177 0
104071192 0
104071194 0
104136715 0
104136732 0
104136737 0
104136738 0
104202257 0
104202272 0
104202274 0
104202275 0
104267776 0
104267777 0
104267778 0
104267791 0
104333318 0
104333321 0
104333332 0
104333335 0
104398850 0
104398863 0
104398876 0
104398885 0
104464393 0
104464394 0
104464404 0
104464407 0
104529924 0
104529929 0
104529930 0
104529955 0
104595459 0
104595465 0
104595482 0
104595484 0
104660999 0
104661005 0
104661022 0
104661032 0
104726532 0
104726550 0
104726551 0
104726569 0
104792088 0
104792097 0
104792102 0
104792107 0
104857605 0
104857612 0
104857619 0
104857642 0
104923138 0
104923140 0
104923141 0
104923163 0
104988704 0
104988711 0
104988713 0
104988714 0
105054212 0
105054214 0
105054219 0
105054233 0
105119763 0
105119770 0
105119777 0
105119780 0
105185290 0
105185297 0
105185300 0
105185307 0
105250825 0
105250856 0
105250858 0
105250863 0
105316354 0
105316361 0
105316363 0
105316388 0
105381902 0
105381907 0
105381909 0
105381932 0
105447424 0
105447433 0
105447462 0
105447471 0
105512969 0
105512983 0
105512986 0
105513004 0
105578517 0
105578528 0
105578538 0
105578543 0
105644038 0
105644040 0
105644041 0
105644067 0
105709569 0
105709570 0
105709572 0
105709575 0
105775118 0
105775139 0
105775140 0
105775149 0
105840651 0
105840665 0
105840676 0
105840678 0
105906176 0
105906194 0
105906197 0
105906199 0
105971712 0
105971723 0
105971741 0
105971746 0
106037255 0
106037272 0
106037274 0
106037281 0
106102795 0
106102812 0
106102814 0
106102821 0
106168335 0
106168337 0
106168340 0
106168358 0
106233859 0
106233861 0
106233870 0
106233872 0
106299393 0
106299398 0
106299408 0
106299423 0
106364947 0
106364953 0
106364958 0
106364968 0
106430481 0
106430491 0
106430504 0
106430506 0
106496003 0
106496016 0
106496037 0
106496038 0
106561536 0
106561546 0
106561559 0
106561565 0
106627091 0
106627097 0
106627098 0
106627104 0
106692630 0
106692633 0
106692648 0
106692655 0
106758146 0
106758156 0
106758159 0
106758165 0
106823682 0
106823716 0
106823721 0
106823723 0
106889223 0
106889226 0
106889252 0
106889253 0
106954754 0
106954755 0
106954761 0
106954764 0
107020298 0
107020303 0
107020321 0
107020324 0
107085845 0
107085847 0
107085868 0
107085870 0
107151373 0
107151378 0
107151380 0
107151383 0
107216898 0
107216913 0
107216923 0
107216932 0
107282441 0
107282443 0
107282446 0
107282476 0
107347989 0
107347998 0
107347999 0
107348012 0
107413532 0
107413537 0
107413538 0
107413539 0
107479056 0
107479065 0
107479066 0
107479087 0
107544607 0
107544608 0
107544613 0
107544618 0
107610115 0
107610117 0
107610126 0
107610136 0
107675669 0
107675676 0
107675678 0
107675687 0
107741189 0
107741196 0
107741198 0
107741231 0
107806732 0
107806741 0
107806743 0
107806750 0
107872276 0
107872285 0
107872291 0
107872298 0
107937795 0
107937798 0
107937812 0
107937813 0
108003352 0
108003353 0
108003366 0
108003367 0
108068868 0
108068874 0
108068885 0
108068887 0
108134403 0
108134405 0
108134414 0
108134424 0
108199945 0
108199970 0
108199972 0
108199983 0
108265478 0
108265495 0
108265508 0
108265513 0
108331020 0
108331022 0
108331035 0
108331037 0
108396558 0
108396559 0
108396573 0
108396584 0
108462090 0
108462103 0
108462116 0
108462121 0
108527619 0
108527660 0
108527661 0
108527662 0
108593169 0
108593179 0
108593184 0
108593198 0
108658708 0
108658709 0
108658714 0
108658735 0
108724244 0
108724265 0
108724266 0
108724267 0
108789762 0
108789773 0
108789776 0
108789783 0
108855314 0
108855324 0
108855335 0
108855337 0
108920843 0
108920848 0
108920849 0
108920850 0
108986381 0
108986383 0
108986408 0
108986414 0
109051922 0
109051925 0
109051928 0
109051935 0
109117453 0
109117455 0
109117476 0
109117478 0
109182976 0
109182994 0
109183011 0
109183021 0
109248529 0
109248531 0
109248532 0
109248534 0
109314072 0
109314073 0
109314075 0
109314078 0
109379590 0
109379592 0
109379593 0
109379599 0
109445135 0
109445154 0
109445156 0
109445165 0
109510677 0
109510679 0
109510686 0
109510688 0
109576192 0
109576195 0
109576201 0
109576202 0
109641733 0
109641735 0
109641740 0
109641770 0
109707293 0
109707299 0
109707300 0
109707302 0
109772822 0
109772825 0
109772832 0
109772839 0
109838339 0
109838346 0
109838373 0
109838380 0
109903878 0
109903879 0
109903892 0
109903913 0
109969410 0
109969423 0
109969424 0
109969453 0
110034952 0
110034954 0
110034955 0
110034969 0
110100481 0
110100483 0
110100486 0
110100496 0
110166032 0
110166045 0
110166047 0
110166050 0
110231582 0
110231588 0
110231589 0
110231599 0
110297096 0
110297107 0
110297110 0
110297125 0
110362634 0
110362637 0
110362655 0
110362656 0
110428186 0
110428189 0
110428199 0
110428204 0
110493704 0
110493727 0
110493738 0
110493741 0
110559256 0
110559257 0
110559258 0
110559259 0
110624799 0
110624802 0
110624805 0
110624812 0
110690306 0
110690315 0
110690332 0
110690333 0
110755866 0
110755872 0
110755883 0
110755885 0
110821412 0
110821415 0
110821417 0
110821418 0
110886921 0
110886924 0
110886927 0
110886942 0
110952467 0
110952472 0
110952473 0
110952482 0
111018001 0
111018016 0
111018019 0
111018022 0
111083523 0
111083534 0
111083536 0
111083541 0
111149065 0
111149080 0
111149083 0
111149090 0
111214596 0
111214610 0
111214635 0
111214637 0
111280146 0
111280147 0
111280148 0
111280161 0
111345682 0
111345687 0
111345688 0
111345701 0
111411201 0
111411218 0
111411236 0
111411247 0
111476748 0
111476771 0
111476773 0
111476774 0
111542293 0
111542294 0
111542296 0
111542315 0
111607810 0
111607820 0
111607839 0
111607841 0
111673347 0
111673360 0
111673378 0
111673385 0
111738880 0
111738921 0
111738923 0
111738926 0
111804423 0
111804432 0
111804442 0
111804461 0
111869959 0
111869974 0
111869980 0
111869981 0
111935488 0
111935494 0
111935525 0
111935527 0
112001024 0
112001043 0
112001053 0
112001062 0
112066571 0
112066585 0
112066592 0
112066602 0
112132128 0
112132133 0
112132139 0
112132142 0
112197642 0
112197668 0
112197673 0
112197679 0
112263195 0
112263204 0
112263205 0
112263214 0
112328707 0
112328714 0
112328716 0
112328717 0
112394263 0
112394284 0
112394285 0
112394286 0
112459776 0
112459781 0
112459783 0
112459802 0
112525320 0
112525330 0
112525337 0
112525343 0
112590852 0
112590866 0
112590867 0
112590877 0
112656397 0
112656408 0
112656414 0
112656415 0
112721937 0
112721944 0
112721950 0
112721955 0
112787458 0
112787459 0
112787468 0
112787497 0
112852992 0
112853007 0
112853009 0
112853034 0
112918538 0
112918545 0
112918548 0
112918551 0
112984078 0
112984095 0
112984096 0
112984105 0
113049611 0
113049613 0
113049634 0
113049640 0
113115159 0
113115164 0
113115173 0
113115178 0
113180689 0
113180690 0
113180699 0
113180716 0
113246232 0
113246235 0
113246249 0
113246250 0
113311755 0
113311781 0
113311784 0
113311790 0
113377299 0
113377301 0
113377320 0
113377322 0
113442838 0
113442844 0
113442851 0
113442853 0
113508352 0
113508366 0
113508369 0
113508379 0
113573921 0
113573928 0
113573934 0
113573935 0
113639452 0
113639453 0
113639463 0
113639466 0
113704971 0
113704981 0
113704986 0
113704988 0
113770503 0
113770504 0
113770505 0
113770506 0
113836046 0
113836047 0
113836048 0
113836065 0
113901573 0
113901604 0
113901606 0
113901607 0
113967105 0
113967108 0
113967118 0
113967147 0
114032665 0
114032670 0
114032676 0
114032687 0
114098193 0
114098212 0
114098214 0
114098223 0
114163718 0
114163727 0
114163733 0
114163736 0
114229248 0
114229250 0
114229251 0
114229265 0
114294791 0
114294796 0
114294798 0
114294817 0
114360321 0
114360323 0
114360328 0
114360342 0
114425873 0
114425876 0
114425879 0
114425898 0
114491396 0
114491399 0
114491425 0
114491434 0
114556948 0
114556965 0
114556974 0
114556975 0
114622466 0
114622476 0
114622495 0
114622497 0
114688008 0
114688009 0
114688031 0
114688042 0
114753560 0
114753566 0
114753569 0
114753571 0
114819096 0
114819109 0
114819110 0
114819119 0
114884613 0
114884643 0
114884644 0
114884654 0
114950152 0
114950167 0
114950170 0
114950181 0
115015683 0
115015692 0
115015713 0
115015726 0
115081233 0
115081235 0
115081238 0
115081248 0
115146753 0
115146756 0
115146782 0
115146799 0
115212294 0
115212296 0
115212313 0
115212323 0
115277840 0
115277846 0
115277853 0
115277863 0
115343367 0
115343368 0
115343370 0
115343381 0
115408900 0
115408913 0
115408914 0
115408919 0
115474434 0
115474435 0
115474437 0
115474448 0
115539978 0
115539980 0
115539993 0
115540003 0
115605528 0
115605533 0
115605546 0
115605551 0
115671041 0
115671042 0
115671043 0
115671048 0
115736582 0
115736589 0
115736591 0
115736592 0
115802129 0
115802130 0
115802143 0
115802144 0
115867659 0
115867664 0
115867686 0
115867689 0
115933187 0
115933209 0
115933222 0
115933224 0
115998735 0
115998738 0
115998752 0
115998757 0
116064261 0
116064286 0
116064295 0
116064296 0
116129799 0
116129805 0
116129820 0
116129822 0
116195336 0
116195349 0
116195351 0
116195366 0
116260866 0
116260893 0
116260899 0
116260904 0
116326412 0
116326413 0
116326439 0
116326442 0
116391949 0
116391972 0
116391979 0
116391982 0
116457492 0
116457494 0
116457501 0
116457511 0
116523009 0
116523042 0
116523047 0
116523048 0
116588549 0
116588571 0
116588576 0
116588590 0
116654108 0
116654113 0
116654126 0
116654127 0
116719624 0
116719637 0
116719638 0
116719659 0
116785170 0
116785173 0
116785187 0
116785188 0
116850697 0
116850708 0
116850727 0
116850730 0
116916236 0
116916257 0
116916270 0
116916271 0
116981769 0
116981770 0
116981804 0
116981807 0
117047315 0
117047318 0
117047337 0
117047340 0
117112841 0
117112855 0
117112862 0
117112864 0
117178368 0
117178383 0
117178394 0
117178409 0
117243909 0
117243924 0
117243931 0
117243934 0
117309456 0
117309475 0
117309477 0
117309482 0
117375004 0
117375018 0
117375019 0
117375021 0
117440530 0
117440543 0
117440545 0
117440548 0
117506087 0
117506092 0
117506093 0
117506094 0
117571593 0
117571611 0
117571614 0
117571620 0
117637122 0
117637143 0
117637156 0
117637165 0
117702657 0
117702671 0
117702672 0
117702682 0
117768198 0
117768219 0
117768232 0
117768233 0
117833730 0
117833731 0
117833732 0
117833745 0
117899287 0
117899304 0
117899305 0
117899306 0
117964826 0
117964836 0
117964839 0
117964841 0
118030342 0
118030365 0
118030376 0
118030379 0
118095876 0
118095881 0
118095882 0
118095883 0
118161422 0
118161443 0
118161448 0
118161453 0
118226963 0
118226972 0
118226973 0
118226974 0
118292497 0
118292510 0
118292515 0
118292516 0
118358024 0
118358059 0
118358061 0
118358062 0
118423581 0
118423583 0
118423584 0
118423590 0
118489092 0
118489094 0
118489115 0
118489133 0
118554648 0
118554650 0
118554661 0
118554663 0
118620160 0
118620161 0
118620198 0
118620199 0
118685734 0
118685736 0
118685737 0
118685739 0
118751233 0
118751242 0
118751256 0
118751275 0
118816773 0
118816804 0
118816810 0
118816815 0
118882323 0
118882330 0
118882348 0
118882349 0
118947856 0
118947858 0
118947871 0
118947873 0
119013377 0
119013392 0
119013415 0
119013422 0
119078919 0
119078940 0
119078941 0
119078958 0
119144459 0
119144468 0
119144481 0
119144486 0
119210004 0
119210007 0
119210013 0
119210030 0
119275523 0
119275544 0
119275561 0
119275566 0
119341072 0
119341077 0
119341095 0
119341102 0
119406600 0
119406622 0
119406623 0
119406637 0
119472160 0
119472167 0
119472173 0
119472174 0
119537677 0
119537680 0
119537707 0
119537710 0
119603200 0
119603203 0
119603210 0
119603233 0
119668741 0
119668754 0
119668768 0
119668779 0
119734275 0
119734277 0
119734282 0
119734316 0
119799809 0
119799820 0
119799823 0
119799834 0
119865353 0
119865364 0
119865367 0
119865382 0
119930893 0
119930907 0
119930908 0
119930922 0
119996426 0
119996452 0
119996453 0
119996455 0
120061971 0
120061974 0
120061989 0
120061992 0
120127525 0
120127526 0
120127527 0
120127528 0
120193029 0
120193036 0
120193050 0
120193055 0
120258571 0
120258574 0
120258593 0
120258596 0
120324113 0
120324114 0
120324119 0
120324120 0
120389632 0
120389639 0
120389653 0
120389654 0
120455174 0
120455195 0
120455197 0
120455200 0
120520720 0
120520731 0
120520733 0
120520746 0
120586283 0
120586284 0
120586285 0
120586286 0
120651805 0
120651807 0
120651810 0
120651812 0
120717345 0
120717351 0
120717354 0
120717356 0
120782850 0
120782876 0
120782877 0
120782895 0
120848388 0
120848399 0
120848402 0
120848425 0
120913925 0
120913932 0
120913943 0
120913946 0
120979459 0
120979480 0
120979482 0
120979501 0
121044997 0
121045014 0
121045024 0
121045039 0
121110559 0
121110561 0
121110564 0
121110566 0
121176096 0
121176105 0
121176106 0
121176111 0
121241639 0
121241640 0
121241642 0
121241645 0
121307140 0
121307142 0
121307161 0
121307175 0
121372680 0
121372689 0
121372707 0
121372714 0
121438224 0
121438239 0
121438241 0
121438254 0
121503756 0
121503778 0
121503779 0
121503785 0
121569280 0
121569283 0
121569314 0
121569325 0
121634829 0
121634830 0
121634843 0
121634844 0
121700377 0
121700394 0
121700396 0
121700399 0
121765893 0
121765912 0
121765931 0
121765934 0
121831448 0
121831458 0
121831467 0
121831469 0
121896995 0
121897000 0
121897002 0
121897005 0
121962510 0
121962513 0
121962515 0
121962540 0
122028044 0
122028067 0
122028074 0
122028077 0
122093586 0
122093603 0
122093604 0
122093605 0
122159107 0
122159137 0
122159142 0
122159148 0
122224663 0
122224666 0
122224681 0
122224684 0
122290187 0
122290209 0
122290210 0
122290212 0
122355751 0
122355753 0
122355756 0
122355758 0
122421264 0
122421282 0
122421293 0
122421295 0
122486784 0
122486786 0
122486813 0
122486827 0
122552335 0
122552356 0
122552361 0
122552362 0
122617863 0
122617877 0
122617882 0
122617900 0
122683418 0
122683421 0
122683432 0
122683439 0
122748959 0
122748969 0
122748972 0
122748974 0
122814470 0
122814473 0
122814487 0
122814500 0
122880031 0
122880038 0
122880040 0
122880045 0
122945538 0
122945575 0
122945576 0
122945577 0
123011106 0
123011108 0
123011113 0
123011119 0
123076622 0
123076624 0
123076637 0
123076643 0
123142181 0
123142182 0
123142184 0
123142187 0
123207681 0
123207698 0
123207700 0
123207703 0
123273219 0
123273249 0
123273254 0
123273256 0
123338760 0
123338761 0
123338779 0
123338794 0
123404314 0
123404316 0
123404321 0
123404327 0
123469868 0
123469869 0
123469870 0
123469871 0
123535367 0
123535372 0
123535374 0
123535405 0
123600923 0
123600926 0
123600928 0
123600941 0
123666436 0
123666446 0
123666449 0
123666471 0
123732002 0
123732004 0
123732005 0
123732007 0
123797504 0
123797509 0
123797514 0
123797551 0
123863080 0
123863083 0
123863085 0
123863086 0
123928581 0
123928584 0
123928586 0
123928595 0
123994139 0
123994140 0
123994141 0
123994150 0
124059649 0
124059651 0
124059678 0
124059680 0
124125199 0
124125217 0
124125220 0
124125230 0
124190752 0
124190753 0
124190755 0
124190762 0
124256266 0
124256271 0
124256281 0
124256284 0
124321826 0
124321831 0
124321833 0
124321836 0
124387350 0
124387364 0
124387365 0
124387367 0
124452866 0
124452888 0
124452907 0
124452909 0
124518420 0
124518439 0
124518441 0
124518446 0
124583966 0
124583975 0
124583977 0
124583980 0
124649497 0
124649500 0
124649510 0
124649511 0
124715034 0
124715052 0
124715053 0
124715055 0
124780565 0
124780566 0
124780575 0
124780576 0
124846080 0
124846105 0
124846111 0
124846114 0
124911628 0
124911646 0
124911657 0
124911663 0
124977156 0
124977189 0
124977195 0
124977198 0
125042689 0
125042712 0
125042730 0
125042731 0
125108237 0
125108254 0
125108255 0
125108256 0
125173787 0
125173790 0
125173801 0
125173804 0
125239300 0
125239330 0
125239333 0
125239335 0
125304836 0
125304866 0
125304877 0
125304879 0
125370374 0
125370384 0
125370397 0
125370407 0
125435932 0
125435934 0
125435937 0
125435939 0
125501445 0
125501464 0
125501483 0
125501486 0
125566982 0
125566989 0
125567015 0
125567020 0
125632550 0
125632552 0
125632555 0
125632557 0
125698051 0
125698074 0
125698088 0
125698089 0
125763590 0
125763599 0
125763620 0
125763629 0
125829152 0
125829155 0
125829165 0
125829166 0
125894692 0
125894694 0
125894697 0
125894699 0
125960196 0
125960203 0
125960210 0
125960213 0
126025758 0
126025760 0
126025769 0
126025775 0
126091264 0
126091283 0
126091306 0
126091309 0
126156825 0
126156828 0
126156834 0
126156843 0
126222371 0
126222373 0
126222374 0
126222376 0
126287891 0
126287898 0
126287909 0
126287916 0
126353420 0
126353433 0
126353447 0
126353450 0
126418954 0
126418967 0
126418973 0
126418988 0
126484482 0
126484505 0
126484524 0
126484527 0
126550045 0
126550060 0
126550062 0
126550063 0
126615562 0
126615595 0
126615596 0
126615597 0
126681129 0
126681131 0
126681132 0
126681134 0
126746630 0
126746659 0
126746660 0
126746665 0
126812181 0
126812182 0
126812184 0
126812191 0
126877708 0
126877729 0
126877731 0
126877734 0
126943252 0
126943261 0
126943266 0
126943279 0
127008791 0
127008792 0
127008813 0
127008814 0
127074304 0
127074311 0
127074337 0
127074346 0
127139847 0
127139852 0
127139882 0
127139885 0
127205404 0
127205406 0
127205413 0
127205423 0
127270954 0
127270956 0
127270957 0
127270959 0
127336459 0
127336470 0
127336473 0
127336488 0
127401984 0
127402023 0
127402025 0
127402026 0
127467529 0
127467530 0
127467531 0
127467552 0
127533085 0
127533088 0
127533090 0
127533103 0
127598600 0
127598627 0
127598629 0
127598634 0
127664149 0
127664154 0
127664171 0
127664172 0
127729694 0
127729695 0
127729696 0
127729697 0
127795219 0
127795237 0
127795240 0
127795242 0
127860764 0
127860766 0
127860769 0
127860783 0
127926273 0
127926274 0
127926276 0
127926291 0
127991832 0
127991837 0
127991846 0
127991847 0
128057367 0
128057378 0
128057388 0
128057389 0
128122880 0
128122915 0
128122917 0
128122926 0
128188443 0
128188444 0
128188454 0
128188461 0
128253959 0
128253994 0
128253996 0
128253997 0
128319490 0
128319528 0
128319533 0
128319535 0
128385047 0
128385053 0
128385060 0
128385066 0
128450594 0
128450601 0
128450604 0
128450607 0
128516117 0
128516120 0
128516131 0
128516138 0
128581635 0
128581649 0
128581662 0
128581672 0
128647196 0
128647206 0
128647209 0
128647215 0
128712730 0
128712739 0
128712745 0
128712748 0
128778253 0
128778255 0
128778258 0
128778276 0
128843777 0
128843808 0
128843822 0
128843823 0
128909332 0
128909351 0
128909353 0
128909358 0
128974856 0
128974858 0
128974877 0
128974895 0
129040389 0
129040392 0
129040414 0
129040415 0
129105929 0
129105932 0
129105959 0
129105962 0
129171487 0
129171488 0
129171501 0
129171502 0
129237007 0
129237012 0
129237037 0
129237038 0
129302541 0
129302555 0
129302566 0
129302572 0
129368090 0
129368092 0
129368101 0
129368107 0
129433620 0
129433622 0
129433641 0
129433643 0
129499140 0
129499157 0
129499159 0
129499166 0
129564696 0
129564709 0
129564710 0
129564715 0
129630249 0
129630251 0
129630252 0
129630254 0
129695744 0
129695763 0
129695781 0
129695782 0
129761298 0
129761304 0
129761317 0
129761319 0
129826844 0
129826849 0
129826862 0
129826863 0
129892363 0
129892377 0
129892386 0
129892392 0
129957893 0
129957916 0
129957930 0
129957931 0
130023465 0
130023467 0
130023468 0
130023470 0
130088977 0
130088979 0
130088982 0
130088992 0
130154531 0
130154537 0
130154540 0
130154542 0
130220037 0
130220072 0
130220078 0
130220079 0
130285576 0
130285581 0
130285599 0
130285602 0
130351138 0
130351143 0
130351145 0
130351148 0
130416650 0
130416677 0
130416680 0
130416683 0
130482181 0
130482186 0
130482216 0
130482219 0
130547718 0
130547723 0
130547752 0
130547753 0
130613253 0
130613280 0
130613282 0
130613295 0
130678791 0
130678794 0
130678813 0
130678828 0
130744324 0
130744347 0
130744354 0
130744357 0
130809879 0
130809892 0
130809901 0
130809902 0
130875408 0
130875434 0
130875435 0
130875437 0
130940968 0
130940973 0
130940974 0
130940975 0
131006467 0
131006490 0
131006508 0
131006509 0
131072024 0
131072031 0
131072041 0
131072046 0
131137538 0
131137573 0
131137580 0
131137583 0
131203072 0
131203086 0
131203107 0
131203109 0
131268638 0
131268651 0
131268652 0
131268653 0
131334171 0
131334178 0
131334188 0
131334189 0
131399687 0
131399720 0
131399725 0
131399726 0
131465256 0
131465258 0
131465261 0
131465263 0
131530757 0
131530784 0
131530787 0
131530798 0
131596296 0
131596325 0
131596327 0
131596330 0
131661841 0
131661862 0
131661868 0
131661871 0
131727394 0
131727399 0
131727401 0
131727404 0
131792910 0
131792931 0
131792940 0
131792941 0
131858460 0
131858477 0
131858478 0
131858479 0
131924000 0
131924002 0
131924003 0
131924005 0
131989529 0
131989543 0
131989548 0
131989550 0
132055084 0
132055085 0
132055086 0
132055087 0
132120577 0
132120587 0
132120592 0
132120594 0
132186116 0
132186118 0
132186119 0
132186121 0
132251656 0
132251658 0
132251659 0
132251661 0
132317188 0
132317194 0
132317195 0
132317201 0
132382721 0
132382724 0
132382726 0
132382743 0
132448259 0
132448265 0
132448266 0
132448268 0
132513793 0
132513794 0
132513795 0
132513800 0
132579333 0
132579360 0
132579366 0
132579367 0
132644876 0
132644877 0
132644878 0
132644879 0
132710401 0
132710404 0
132710406 0
132710407 0
132775955 0
132775957 0
132775970 0
132775972 0
132841485 0
132841487 0
132841488 0
132841502 0
132907032 0
132907035 0
132907041 0
132907042 0
132972544 0
132972545 0
132972559 0
132972570 0
133038085 0
133038086 0
133038091 0
133038096 0
133103621 0
133103626 0
133103643 0
133103644 0
133169153 0
133169155 0
133169168 0
133169182 0
133234689 0
133234691 0
133234710 0
133234712 0
133300233 0
133300234 0
133300248 0
133300263 0
133365760 0
133365778 0
133365797 0
133365803 0
133431309 0
133431318 0
133431323 0
133431336 0
133496837 0
133496842 0
133496843 0
133496848 0
133562368 0
133562383 0
133562389 0
133562406 0
133627912 0
133627918 0
133627921 0
133627935 0
133693453 0
133693454 0
133693455 0
133693472 0
133758985 0
133758992 0
133758995 0
133759002 0
133824536 0
133824539 0
133824542 0
133824553 0
133890050 0
133890053 0
133890059 0
133890076 0
133955585 0
133955595 0
133955600 0
133955602 0
134021120 0
134021122 0
134021135 0
134021137 0
134086665 0
134086668 0
134086679 0
134086682 0
134152201 0
134152204 0
134152206 0
134152211 0
134217752 0
134217757 0
134217770 0
134217771 0
134283280 0
134283281 0
134283295 0
134283302 0
134348802 0
134348805 0
134348819 0
134348832 0
134414357 0
134414360 0
134414367 0
134414374 0
134479874 0
134479880 0
134479881 0
134479887 0
134545408 0
134545411 0
134545425 0
134545430 0
134610949 0
134610951 0
134610952 0
134610966 0
134676481 0
134676483 0
134676496 0
134676498 0
134742037 0
134742040 0
134742043 0
134742054 0
134807552 0
134807555 0
134807558 0
134807561 0
134873093 0
134873108 0
134873111 0
134873114 0
134938635 0
134938653 0
134938654 0
134938656 0
135004170 0
135004171 0
135004184 0
135004185 0
135069696 0
135069703 0
135069710 0
135069721 0
135135260 0
135135265 0
135135266 0
135135279 0
135200768 0
135200778 0
135200781 0
135200791 0
135266312 0
135266318 0
135266321 0
135266335 0
135331850 0
135331855 0
135331868 0
135331873 0
135397376 0
135397394 0
135397409 0
135397411 0
135462932 0
135462946 0
135462949 0
135462951 0
135528450 0
135528452 0
135528465 0
135528479 0
135594008 0
135594013 0
135594015 0
135594018 0
135659535 0
135659556 0
135659558 0
135659561 0
135725060 0
135725069 0
135725074 0
135725079 0
135790596 0
135790598 0
135790599 0
135790601 0
135856137 0
135856139 0
135856152 0
135856170 0
135921664 0
135921665 0
135921666 0
135921667 0
135987213 0
135987214 0
135987216 0
135987223 0
136052744 0
136052745 0
136052766 0
136052779 0
136118289 0
136118302 0
136118303 0
136118304 0
136183825 0
136183828 0
136183839 0
136183846 0
136249346 0
136249347 0
136249348 0
136249349 0
136314884 0
136314902 0
136314921 0
136314923 0
136380424 0
136380425 0
136380439 0
136380442 0
136445969 0
136445982 0
136445991 0
136445996 0
136511490 0
136511491 0
136511493 0
136511496 0
136577032 0
136577033 0
136577038 0
136577067 0
136642567 0
136642588 0
136642597 0
136642598 0
136708096 0
136708101 0
136708119 0
136708126 0
136773666 0
136773669 0
136773675 0
136773676 0
136839182 0
136839184 0
136839189 0
136839195 0
136904712 0
136904715 0
136904725 0
136904726 0
136970244 0
136970251 0
136970261 0
136970262 0
137035777 0
137035787 0
137035790 0
137035792 0
137101318 0
137101337 0
137101339 0
137101340 0
137166855 0
137166869 0
137166870 0
137166892 0
137232385 0
137232396 0
137232406 0
137232415 0
137297921 0
137297931 0
137297936 0
137297938 0
137363469 0
137363475 0
137363478 0
137363484 0
137428997 0
137429000 0
137429002 0
137429011 0
137494534 0
137494559 0
137494561 0
137494572 0
137560075 0
137560080 0
137560093 0
137560098 0
137625613 0
137625619 0
137625632 0
137625642 0
137691163 0
137691165 0
137691166 0
137691168 0
137756673 0
137756684 0
137756695 0
137756698 0
137822228 0
137822229 0
137822238 0
137822255 0
137887767 0
137887769 0
137887774 0
137887780 0
137953280 0
137953286 0
137953287 0
137953289 0
138018826 0
138018833 0
138018835 0
138018836 0
138084359 0
138084361 0
138084372 0
138084390 0
138149893 0
138149894 0
138149899 0
138149900 0
138215440 0
138215442 0
138215459 0
138215461 0
138280964 0
138280965 0
138280978 0
138280983 0
138346505 0
138346508 0
138346518 0
138346523 0
138412032 0
138412050 0
138412057 0
138412059 0
138477575 0
138477576 0
138477602 0
138477605 0
138543110 0
138543112 0
138543113 0
138543115 0
138608650 0
138608652 0
138608655 0
138608669 0
138674178 0
138674195 0
138674197 0
138674200 0
138739730 0
138739737 0
138739740 0
138739743 0
138805274 0
138805283 0
138805284 0
138805285 0
138870788 0
138870822 0
138870823 0
138870829 0
138936324 0
138936326 0
138936335 0
138936337 0
139001875 0
139001878 0
139001888 0
139001889 0
139067394 0
139067396 0
139067397 0
139067399 0
139132936 0
139132938 0
139132939 0
139132957 0
139198478 0
139198489 0
139198496 0
139198507 0
139264006 0
139264016 0
139264029 0
139264043 0
139329537 0
139329539 0
139329558 0
139329572 0
139395072 0
139395073 0
139395075 0
139395094 0
139460612 0
139460619 0
139460625 0
139460646 0
139526147 0
139526150 0
139526161 0
139526176 0
139591681 0
139591682 0
139591684 0
139591687 0
139657220 0
139657225 0
139657226 0
139657231 0
139722764 0
139722765 0
139722766 0
139722779 0
139788292 0
139788297 0
139788298 0
139788299 0
139853832 0
139853839 0
139853849 0
139853850 0
139919368 0
139919386 0
139919389 0
139919395 0
139984899 0
139984902 0
139984904 0
139984905 0
140050442 0
140050443 0
140050444 0
140050449 0
140115975 0
140115986 0
140115992 0
140115997 0
140181520 0
140181521 0
140181539 0
140181546 0
140247044 0
140247047 0
140247070 0
140247077 0
140312582 0
140312597 0
140312603 0
140312612 0
140378121 0
140378126 0
140378127 0
140378144 0
140443665 0
140443666 0
140443667 0
140443684 0
140509197 0
140509206 0
140509208 0
140509227 0
140574736 0
140574738 0
140574741 0
140574743 0
140640262 0
140640276 0
140640291 0
140640301 0
140705805 0
140705808 0
140705810 0
140705819 0
140771329 0
140771330 0
140771332 0
140771339 0
140836868 0
140836874 0
140836877 0
140836891 0
140902400 0
140902401 0
140902406 0
140902415 0
140967945 0
140967952 0
140967970 0
140967979 0
141033474 0
141033477 0
141033484 0
141033487 0
141099008 0
141099039 0
141099045 0
141099054 0
141164563 0
141164564 0
141164566 0
141164585 0
141230094 0
141230095 0
141230108 0
141230113 0
141295653 0
141295659 0
141295660 0
141295662 0
141361153 0
141361156 0
141361166 0
141361171 0
141426716 0
141426718 0
141426719 0
141426729 0
141492258 0
141492259 0
141492264 0
141492269 0
141557760 0
141557761 0
141557762 0
141557763 0
141623306 0
141623307 0
141623309 0
141623312 0
141688835 0
141688837 0
141688840 0
141688878 0
141754379 0
141754381 0
141754412 0
141754414 0
141819905 0
141819914 0
141819924 0
141819943 0
141885449 0
141885451 0
141885452 0
141885478 0
141950976 0
141950978 0
141950987 0
141951001 0
142016524 0
142016534 0
142016545 0
142016559 0
142082052 0
142082067 0
142082069 0
142082086 0
142147596 0
142147603 0
142147609 0
142147610 0
142213139 0
142213145 0
142213146 0
142213152 0
142278659 0
142278662 0
142278665 0
142278700 0
142344192 0
142344197 0
142344202 0
142344203 0
142409731 0
142409733 0
142409750 0
142409760 0
142475292 0
142475297 0
142475306 0
142475307 0
142540820 0
142540822 0
142540823 0
142540825 0
142606337 0
142606342 0
142606355 0
142606364 0
142671874 0
142671875 0
142671876 0
142671885 0
142737418 0
142737424 0
142737433 0
142737439 0
142802947 0
142802949 0
142802954 0
142802968 0
142868483 0
142868493 0
142868494 0
142868508 0
142934028 0
142934041 0
142934062 0
142934063 0
142999555 0
142999558 0
142999560 0
142999561 0
143065098 0
143065104 0
143065117 0
143065131 0
143130633 0
143130651 0
143130654 0
143130664 0
143196165 0
143196168 0
143196191 0
143196202 0
143261701 0
143261702 0
143261704 0
143261743 0
143327247 0
143327252 0
143327253 0
143327262 0
143392776 0
143392779 0
143392781 0
143392790 0
143458309 0
143458312 0
143458314 0
143458323 0
143523845 0
143523866 0
143523868 0
143523875 0
143589380 0
143589385 0
143589390 0
143589391 0
143654934 0
143654937 0
143654951 0
143654952 0
143720472 0
143720474 0
143720475 0
143720489 0
143786000 0
143786003 0
143786009 0
143786014 0
143851531 0
143851534 0
143851540 0
143851557 0
143917058 0
143917060 0
143917061 0
143917075 0
143982609 0
143982612 0
143982614 0
143982631 0
144048150 0
144048155 0
144048164 0
144048169 0
144113669 0
144113678 0
144113696 0
144113707 0
144179206 0
144179216 0
144179229 0
144179243 0
144244749 0
144244754 0
144244756 0
144244767 0
144310280 0
144310286 0
144310289 0
144310295 0
144375810 0
144375812 0
144375813 0
144375839 0
144441351 0
144441361 0
144441368 0
144441374 0
144506900 0
144506905 0
144506918 0
144506923 0
144572420 0
144572453 0
144572454 0
144572459 0
144637976 0
144637977 0
144637991 0
144637994 0
144703489 0
144703499 0
144703502 0
144703516 0
144769043 0
144769049 0
144769058 0
144769060 0
144834575 0
144834581 0
144834598 0
144834604 0
144900097 0
144900108 0
144900118 0
144900119 0
144965632 0
144965635 0
144965653 0
144965666 0
145031194 0
145031197 0
145031207 0
145031212 0
145096713 0
145096723 0
145096724 0
145096726 0
145162241 0
145162254 0
145162255 0
145162256 0
145227776 0
145227782 0
145227783 0
145227785 0
145293319 0
145293324 0
145293329 0
145293342 0
145358866 0
145358884 0
145358893 0
145358895 0
145424404 0
145424413 0
145424418 0
145424427 0
145489920 0
145489927 0
145489929 0
145489942 0
145555473 0
145555486 0
145555487 0
145555492 0
145620999 0
145621006 0
145621016 0
145621017 0
145686548 0
145686551 0
145686553 0
145686554 0
145752081 0
145752082 0
145752083 0
145752084 0
145817608 0
145817611 0
145817621 0
145817626 0
145883149 0
145883150 0
145883151 0
145883180 0
145948690 0
145948691 0
145948696 0
145948697 0
146014213 0
146014215 0
146014220 0
146014226 0
146079750 0
146079755 0
146079764 0
146079789 0
146145301 0
146145303 0
146145306 0
146145308 0
146210816 0
146210818 0
146210827 0
146210829 0
146276368 0
146276370 0
146276381 0
146276383 0
146341899 0
146341902 0
146341929 0
146341932 0
146407443 0
146407452 0
146407453 0
146407458 0
146472960 0
146472978 0
146472979 0
146472993 0
146538504 0
146538506 0
146538531 0
146538533 0
146604034 0
146604045 0
146604048 0
146604059 0
146669569 0
146669571 0
146669572 0
146669586 0
146735118 0
146735127 0
146735129 0
146735144 0
146800652 0
146800655 0
146800670 0
146800673 0
146866180 0
146866183 0
146866185 0
146866194 0
146931715 0
146931725 0
146931728 0
146931730 0
146997262 0
146997263 0
146997264 0
146997269 0
147062791 0
147062793 0
147062794 0
147062796 0
147128325 0
147128340 0
147128355 0
147128366 0
147193878 0
147193889 0
147193891 0
147193896 0
147259405 0
147259408 0
147259423 0
147259426 0
147324936 0
147324937 0
147324943 0
147324962 0
147390466 0
147390468 0
147390483 0
147390509 0
147456001 0
147456010 0
147456015 0
147456020 0
147521551 0
147521557 0
147521558 0
147521572 0
147587086 0
147587091 0
147587092 0
147587105 0
147652608 0
147652609 0
147652635 0
147652638 0
147718160 0
147718161 0
147718179 0
147718182 0
147783707 0
147783708 0
147783710 0
147783717 0
147849223 0
147849228 0
147849253 0
147849262 0
147914766 0
147914771 0
147914781 0
147914792 0
147980294 0
147980308 0
147980317 0
147980331 0
148045840 0
148045843 0
148045850 0
148045861 0
148111372 0
148111377 0
148111378 0
148111387 0
148176898 0
148176915 0
148176920 0
148176929 0
148242443 0
148242456 0
148242469 0
148242470 0
148307974 0
148308005 0
148308007 0
148308008 0
148373505 0
148373506 0
148373508 0
148373511 0
148439051 0
148439054 0
148439056 0
148439061 0
148504589 0
148504590 0
148504600 0
148504607 0
148570115 0
148570142 0
148570144 0
148570149 0
148635652 0
148635661 0
148635662 0
148635663 0
148701201 0
148701203 0
148701204 0
148701218 0
148766722 0
148766733 0
148766735 0
148766736 0
148832259 0
148832261 0
148832266 0
148832272 0
148897809 0
148897811 0
148897812 0
148897814 0
148963329 0
148963338 0
148963344 0
148963375 0
149028865 0
149028866 0
149028896 0
149028911 0
149094417 0
149094418 0
149094431 0
149094440 0
149159948 0
149159950 0
149159965 0
149159983 0
149225482 0
149225484 0
149225501 0
149225507 0
149291022 0
149291040 0
149291047 0
149291053 0
149356550 0
149356553 0
149356575 0
149356584 0
149422096 0
149422101 0
149422110 0
149422115 0
149487628 0
149487641 0
149487642 0
149487647 0
149553168 0
149553181 0
149553187 0
149553198 0
149618694 0
149618696 0
149618713 0
149618723 0
149684226 0
149684227 0
149684228 0
149684237 0
149749761 0
149749782 0
149749783 0
149749788 0
149815307 0
149815308 0
149815325 0
149815342 0
149880856 0
149880859 0
149880870 0
149880877 0
149946369 0
149946371 0
149946384 0
149946394 0
150011909 0
150011910 0
150011912 0
150011939 0
150077452 0
150077465 0
150077467 0
150077470 0
150142990 0
150143003 0
150143009 0
150143012 0
150208516 0
150208534 0
150208535 0
150208545 0
150274082 0
150274083 0
150274085 0
150274088 0
150339589 0
150339596 0
150339618 0
150339619 0
150405123 0
150405130 0
150405137 0
150405160 0
150470663 0
150470676 0
150470678 0
150470681 0
150536193 0
150536200 0
150536206 0
150536207 0
150601741 0
150601742 0
150601760 0
150601763 0
150667264 0
150667266 0
150667273 0
150667275 0
150732803 0
150732806 0
150732808 0
150732809 0
150798345 0
150798348 0
150798362 0
150798367 0
150863894 0
150863901 0
150863915 0
150863916 0
150929410 0
150929415 0
150929420 0
150929429 0
150994948 0
150994981 0
150994983 0
150994986 0
151060480 0
151060482 0
151060485 0
151060495 0
151126017 0
151126030 0
151126039 0
151126044 0
151191552 0
151191554 0
151191567 0
151191569 0
151257103 0
151257120 0
151257125 0
151257130 0
151322647 0
151322648 0
151322654 0
151322657 0
151388160 0
151388170 0
151388173 0
151388195 0
151453707 0
151453736 0
151453737 0
151453742 0
151519238 0
151519245 0
151519248 0
151519279 0
151584776 0
151584810 0
151584813 0
151584815 0
151650331 0
151650342 0
151650344 0
151650345 0
151715841 0
151715848 0
151715858 0
151715859 0
151781406 0
151781408 0
151781409 0
151781411 0
151846923 0
151846926 0
151846937 0
151846944 0
151912448 0
151912461 0
151912467 0
151912478 0
151977984 0
151977986 0
151977991 0
151978001 0
152043547 0
152043548 0
152043550 0
152043557 0
152109066 0
152109077 0
152109084 0
152109087 0
152174593 0
152174612 0
152174627 0
152174630 0
152240129 0
152240140 0
152240142 0
152240147 0
152305670 0
152305688 0
152305691 0
152305693 0
152371237 0
152371238 0
152371240 0
152371247 0
152436737 0
152436746 0
152436755 0
152436756 0
152502275 0
152502281 0
152502298 0
152502300 0
152567815 0
152567818 0
152567825 0
152567828 0
152633362 0
152633365 0
152633367 0
152633388 0
152698895 0
152698909 0
152698916 0
152698926 0
152764438 0
152764443 0
152764445 0
152764456 0
152829955 0
152829956 0
152829973 0
152829990 0
152895488 0
152895491 0
152895509 0
152895510 0
152961037 0
152961063 0
152961064 0
152961070 0
153026560 0
153026574 0
153026581 0
153026595 0
153092112 0
153092133 0
153092134 0
153092139 0
153157642 0
153157647 0
153157653 0
153157660 0
153223181 0
153223186 0
153223195 0
153223204 0
153288709 0
153288718 0
153288720 0
153288727 0
153354240 0
153354278 0
153354281 0
153354283 0
153419777 0
153419782 0
153419783 0
153419784 0
153485319 0
153485334 0
153485336 0
153485341 0
153550860 0
153550865 0
153550866 0
153550879 0
153616411 0
153616412 0
153616417 0
153616422 0
153681937 0
153681940 0
153681947 0
153681954 0
153747460 0
153747461 0
153747470 0
153747479 0
153813000 0
153813003 0
153813010 0
153813033 0
153878548 0
153878551 0
153878562 0
153878573 0
153944071 0
153944076 0
153944078 0
153944089 0
154009600 0
154009607 0
154009617 0
154009642 0
154075164 0
154075165 0
154075171 0
154075178 0
154140679 0
154140680 0
154140681 0
154140682 0
154206219 0
154206220 0
154206230 0
154206233 0
154271744 0
154271746 0
154271747 0
154271757 0
154337306 0
154337313 0
154337315 0
154337320 0
154402834 0
154402849 0
154402860 0
154402863 0
154468359 0
154468365 0
154468374 0
154468388 0
154533892 0
154533895 0
154533897 0
154533906 0
154599446 0
154599447 0
154599460 0
154599469 0
154664963 0
154664990 0
154664993 0
154665000 0
154730506 0
154730509 0
154730520 0
154730523 0
154796050 0
154796056 0
154796057 0
154796059 0
154861572 0
154861579 0
154861593 0
154861598 0
154927109 0
154927132 0
154927142 0
154927143 0
154992649 0
154992660 0
154992667 0
154992674 0
155058177 0
155058198 0
155058216 0
155058219 0
155123719 0
155123730 0
155123733 0
155123740 0
155189259 0
155189273 0
155189290 0
155189292 0
155254786 0
155254792 0
155254807 0
155254825 0
155320354 0
155320359 0
155320361 0
155320364 0
155385879 0
155385886 0
155385900 0
155385901 0
155451398 0
155451401 0
155451412 0
155451431 0
155516932 0
155516939 0
155516945 0
155516946 0
155582464 0
155582467 0
155582478 0
155582485 0
155648002 0
155648004 0
155648005 0
155648019 0
155713536 0
155713538 0
155713563 0
155713569 0
155779085 0
155779087 0
155779094 0
155779096 0
155844618 0
155844632 0
155844637 0
155844639 0
155910151 0
155910177 0
155910180 0
155910182 0
155975690 0
155975691 0
155975704 0
155975713 0
156041229 0
156041235 0
156041238 0
156041248 0
156106763 0
156106765 0
156106766 0
156106768 0
156172307 0
156172309 0
156172312 0
156172326 0
156237836 0
156237839 0
156237857 0
156237870 0
156303372 0
156303389 0
156303391 0
156303406 0
156368896 0
156368899 0
156368901 0
156368902 0
156434439 0
156434449 0
156434450 0
156434452 0
156499979 0
156499989 0
156499990 0
156499992 0
156565533 0
156565538 0
156565539 0
156565540 0
156631043 0
156631045 0
156631046 0
156631072 0
156696578 0
156696581 0
156696592 0
156696595 0
156762119 0
156762133 0
156762156 0
156762158 0
156827657 0
156827660 0
156827670 0
156827671 0
156893208 0
156893209 0
156893222 0
156893227 0
156958728 0
156958739 0
156958753 0
156958754 0
157024262 0
157024265 0
157024288 0
157024295 0
157089823 0
157089826 0
157089833 0
157089836 0
157155328 0
157155331 0
157155334 0
157155353 0
157220872 0
157220883 0
157220897 0
157220906 0
157286419 0
157286426 0
157286428 0
157286433 0
157351947 0
157351948 0
157351954 0
157351957 0
157417473 0
157417492 0
157417495 0
157417506 0
157483020 0
157483030 0
157483039 0
157483041 0
157548545 0
157548550 0
157548551 0
157548580 0
157614081 0
157614115 0
157614120 0
157614122 0
157679620 0
157679639 0
157679642 0
157679657 0
157745159 0
157745169 0
157745182 0
157745184 0
157810701 0
157810703 0
157810722 0
157810724 0
157876231 0
157876257 0
157876264 0
157876270 0
157941771 0
157941776 0
157941781 0
157941786 0
158007324 0
158007325 0
158007326 0
158007327 0
158072832 0
158072839 0
158072846 0
158072849 0
158138381 0
158138383 0
158138408 0
158138410 0
158203932 0
158203934 0
158203947 0
158203949 0
158269466 0
158269468 0
158269473 0
158269483 0
158334976 0
158335001 0
158335002 0
158335011 0
158400516 0
158400518 0
158400519 0
158400521 0
158466071 0
158466072 0
158466074 0
158466077 0
158531590 0
158531597 0
158531604 0
158531607 0
158597125 0
158597139 0
158597162 0
158597164 0
158662661 0
158662668 0
158662683 0
158662702 0
158728195 0
158728212 0
158728225 0
158728238 0
158793730 0
158793737 0
158793740 0
158793767 0
158859282 0
158859289 0
158859296 0
158859311 0
158924819 0
158924821 0
158924824 0
158924830 0
158990363 0
158990364 0
158990377 0
158990378 0
159055873 0
159055886 0
159055887 0
159055888 0
159121414 0
159121423 0
159121425 0
159121428 0
159186958 0
159186964 0
159186969 0
159186983 0
159252486 0
159252493 0
159252500 0
159252503 0
159318043 0
159318050 0
159318052 0
159318057 0
159383572 0
159383577 0
159383595 0
159383598 0
159449096 0
159449123 0
159449130 0
159449133 0
159514626 0
159514628 0
159514651 0
159514653 0
159580182 0
159580188 0
159580193 0
159580207 0
159645704 0
159645719 0
159645725 0
159645738 0
159711250 0
159711253 0
159711259 0
159711260 0
159776776 0
159776781 0
159776814 0
159776815 0
159842316 0
159842318 0
159842325 0
159842343 0
159907851 0
159907874 0
159907876 0
159907881 0
159973380 0
159973398 0
159973401 0
159973407 0
160038928 0
160038943 0
160038946 0
160038957 0
160104448 0
160104449 0
160104462 0
160104475 0
160169985 0
160169991 0
160170002 0
160170004 0
160235533 0
160235554 0
160235564 0
160235567 0
160301063 0
160301082 0
160301088 0
160301093 0
160366605 0
160366607 0
160366610 0
160366620 0
160432146 0
160432151 0
160432152 0
160432161 0
160497670 0
160497689 0
160497696 0
160497707 0
160563200 0
160563207 0
160563218 0
160563221 0
160628749 0
160628756 0
160628774 0
160628783 0
160694272 0
160694303 0
160694305 0
160694306 0
160759833 0
160759838 0
160759839 0
160759840 0
160825350 0
160825377 0
160825388 0
160825391 0
160890880 0
160890898 0
160890921 0
160890923 0
160956442 0
160956456 0
160956459 0
160956461 0
161021958 0
161021963 0
161021965 0
161021972 0
161087500 0
161087514 0
161087529 0
161087535 0
161153031 0
161153041 0
161153046 0
161153060 0
161218581 0
161218583 0
161218598 0
161218600 0
161284125 0
161284128 0
161284131 0
161284134 0
161349633 0
161349639 0
161349650 0
161349668 0
161415171 0
161415178 0
161415196 0
161415209 0
161480716 0
161480721 0
161480722 0
161480727 0
161546246 0
161546253 0
161546272 0
161546279 0
161611800 0
161611807 0
161611809 0
161611818 0
161677318 0
161677341 0
161677348 0
161677351 0
161742861 0
161742868 0
161742870 0
161742875 0
161808418 0
161808423 0
161808425 0
161808428 0
161873921 0
161873926 0
161873935 0
161873956 0
161939473 0
161939474 0
161939491 0
161939500 0
162004993 0
162004995 0
162005012 0
162005018 0
162070533 0
162070564 0
162070566 0
162070571 0
162136098 0
162136100 0
162136101 0
162136111 0
162201607 0
162201620 0
162201626 0
162201633 0
162267136 0
162267155 0
162267158 0
162267169 0
162332706 0
162332708 0
162332715 0
162332717 0
162398210 0
162398215 0
162398245 0
162398248 0
162463748 0
162463771 0
162463774 0
162463777 0
162529285 0
162529310 0
162529312 0
162529315 0
162594822 0
162594827 0
162594829 0
162594836 0
162660385 0
162660394 0
162660396 0
162660399 0
162725908 0
162725927 0
162725930 0
162725933 0
162791426 0
162791432 0
162791437 0
162791443 0
162856974 0
162856976 0
162856997 0
162857003 0
162922512 0
162922518 0
162922527 0
162922537 0
162988033 0
162988054 0
162988056 0
162988059 0
163053584 0
163053594 0
163053605 0
163053615 0
163119112 0
163119126 0
163119129 0
163119131 0
163184655 0
163184662 0
163184676 0
163184677 0
163250194 0
163250203 0
163250205 0
163250208 0
163315714 0
163315749 0
163315752 0
163315759 0
163381253 0
163381264 0
163381274 0
163381279 0
163446805 0
163446815 0
163446822 0
163446828 0
163512322 0
163512335 0
163512341 0
163512360 0
163577873 0
163577896 0
163577898 0
163577903 0
163643400 0
163643401 0
163643402 0
163643403 0
163708937 0
163708948 0
163708955 0
163708958 0
163774496 0
163774498 0
163774499 0
163774505 0
163840015 0
163840021 0
163840026 0
163840028 0
163905543 0
163905557 0
163905562 0
163905564 0
163971088 0
163971103 0
163971106 0
163971109 0
164036610 0
164036621 0
164036623 0
164036648 0
164102162 0
164102163 0
164102173 0
164102188 0
164167683 0
164167684 0
164167697 0
164167702 0
164233237 0
164233239 0
164233246 0
164233248 0
164298777 0
164298783 0
164298786 0
164298788 0
164364300 0
164364317 0
164364334 0
164364335 0
164429830 0
164429832 0
164429835 0
164429849 0
164495361 0
164495378 0
164495383 0
164495392 0
164560911 0
164560918 0
164560921 0
164560924 0
164626449 0
164626452 0
164626466 0
164626475 0
164691970 0
164691972 0
164691977 0
164691983 0
164757511 0
164757512 0
164757530 0
164757533 0
164823040 0
164823047 0
164823053 0
164823086 0
164888587 0
164888601 0
164888602 0
164888608 0
164954117 0
164954138 0
164954152 0
164954155 0
165019654 0
165019667 0
165019684 0
165019693 0
165085193 0
165085208 0
165085211 0
165085226 0
165150735 0
165150737 0
165150740 0
165150754 0
165216262 0
165216269 0
165216295 0
165216296 0
165281793 0
165281802 0
165281804 0
165281827 0
165347328 0
165347333 0
165347347 0
165347354 0
165412891 0
165412892 0
165412897 0
165412906 0
165478408 0
165478426 0
165478445 0
165478447 0
165543942 0
165543944 0
165543949 0
165543975 0
165609474 0
165609496 0
165609503 0
165609517 0
165675016 0
165675018 0
165675039 0
165675053 0
165740574 0
165740580 0
165740583 0
165740585 0
165806085 0
165806091 0
165806096 0
165806122 0
165871628 0
165871630 0
165871639 0
165871641 0
165937153 0
165937155 0
165937172 0
165937186 0
166002692 0
166002721 0
166002723 0
166002726 0
166068227 0
166068229 0
166068248 0
166068254 0
166133781 0
166133783 0
166133784 0
166133802 0
166199320 0
166199329 0
166199338 0
166199343 0
166264833 0
166264839 0
166264840 0
166264858 0
166330374 0
166330393 0
166330403 0
166330404 0
166395916 0
166395917 0
166395939 0
166395942 0
166461444 0
166461462 0
166461463 0
166461481 0
166526981 0
166526986 0
166527008 0
166527019 0
166592515 0
166592517 0
166592540 0
166592550 0
166658074 0
166658080 0
166658087 0
166658089 0
166723603 0
166723606 0
166723613 0
166723616 0
166789126 0
166789128 0
166789145 0
166789159 0
166854660 0
166854675 0
166854677 0
166854686 0
166920201 0
166920203 0
166920216 0
166920230 0
166985753 0
166985759 0
166985764 0
166985774 0
167051267 0
167051268 0
167051278 0
167051285 0
167116800 0
167116817 0
167116818 0
167116839 0
167182346 0
167182348 0
167182357 0
167182383 0
167247874 0
167247876 0
167247881 0
167247883 0
167313412 0
167313418 0
167313425 0
167313451 0
167378945 0
167378959 0
167378978 0
167378988 0
167444487 0
167444508 0
167444525 0
167444526 0
167510038 0
167510049 0
167510051 0
167510056 0
167575559 0
167575560 0
167575565 0
167575566 0
167641097 0
167641098 0
167641112 0
167641119 0
167706646 0
167706652 0
167706667 0
167706669 0
167772164 0
167772165 0
167772198 0
167772199 0
167837705 0
167837724 0
167837738 0
167837743 0
167903244 0
167903267 0
167903269 0
167903278 0
167968780 0
167968783 0
167968786 0
167968801 0
168034306 0
168034325 0
168034339 0
168034344 0
168099841 0
168099858 0
168099867 0
168099876 0
168165393 0
168165402 0
168165403 0
168165408 0
168230947 0
168230949 0
168230952 0
168230954 0
168296448 0
168296463 0
168296477 0
168296478 0
168361993 0
168361995 0
168362008 0
168362010 0
168427543 0
168427548 0
168427553 0
168427554 0
168493056 0
168493062 0
168493065 0
168493079 0
168558594 0
168558620 0
168558631 0
168558633 0
168624142 0
168624147 0
168624149 0
168624160 0
168689668 0
168689674 0
168689685 0
168689687 0
168755204 0
168755206 0
168755209 0
168755231 0
168820744 0
168820746 0
168820761 0
168820771 0
168886274 0
168886287 0
168886292 0
168886317 0
168951808 0
168951810 0
168951827 0
168951833 0
169017361 0
169017362 0
169017364 0
169017375 0
169082894 0
169082899 0
169082917 0
169082920 0
169148417 0
169148418 0
169148420 0
169148439 0
169213954 0
169213964 0
169213967 0
169213973 0
169279493 0
169279496 0
169279502 0
169279523 0
169345032 0
169345034 0
169345039 0
169345061 0
169410562 0
169410564 0
169410567 0
169410585 0
169476096 0
169476122 0
169476129 0
169476131 0
169541641 0
169541644 0
169541659 0
169541666 0
169607170 0
169607177 0
169607183 0
169607208 0
169672727 0
169672730 0
169672745 0
169672748 0
169738247 0
169738261 0
169738262 0
169738264 0
169803795 0
169803802 0
169803809 0
169803816 0
169869321 0
169869332 0
169869339 0
169869342 0
169934854 0
169934856 0
169934871 0
169934873 0
170000389 0
170000391 0
170000398 0
170000424 0
170065921 0
170065939 0
170065958 0
170065960 0
170131468 0
170131487 0
170131489 0
170131502 0
170197006 0
170197020 0
170197021 0
170197023 0
170262529 0
170262531 0
170262546 0
170262556 0
170328081 0
170328087 0
170328104 0
170328110 0
170393604 0
170393617 0
170393631 0
170393634 0
170459174 0
170459179 0
170459180 0
170459181 0
170524675 0
170524681 0
170524686 0
170524700 0
170590227 0
170590234 0
170590237 0
170590248 0
170655756 0
170655759 0
170655761 0
170655770 0
170721307 0
170721310 0
170721316 0
170721325 0
170786831 0
170786833 0
170786836 0
170786854 0
170852357 0
170852366 0
170852384 0
170852399 0
170917901 0
170917907 0
170917908 0
170917918 0
170983424 0
170983450 0
170983463 0
170983465 0
171048967 0
171048980 0
171048986 0
171049001 0
171114499 0
171114504 0
171114506 0
171114513 0
171180052 0
171180053 0
171180054 0
171180055 0
171245570 0
171245583 0
171245584 0
171245613 0
171311116 0
171311118 0
171311131 0
171311133 0
171376655 0
171376657 0
171376674 0
171376676 0
171442190 0
171442204 0
171442219 0
171442221 0
171507746 0
171507748 0
171507749 0
171507759 0
171573248 0
171573255 0
171573274 0
171573281 0
171638795 0
171638812 0
171638814 0
171638821 0
171704321 0
171704322 0
171704323 0
171704352 0
171769858 0
171769892 0
171769897 0
171769899 0
171835403 0
171835405 0
171835420 0
171835430 0
171900948 0
171900969 0
171900970 0
171900971 0
171966477 0
171966482 0
171966487 0
171966492 0
172032009 0
172032034 0
172032036 0
172032047 0
172097537 0
172097563 0
172097574 0
172097576 0
172163088 0
172163106 0
172163107 0
172163113 0
172228623 0
172228633 0
172228642 0
172228644 0
172294155 0
172294173 0
172294178 0
172294184 0
172359681 0
172359698 0
172359700 0
172359719 0
172425216 0
172425217 0
172425219 0
172425262 0
172490770 0
172490773 0
172490775 0
172490788 0
172556300 0
172556309 0
172556311 0
172556318 0
172621859 0
172621864 0
172621866 0
172621869 0
172687363 0
172687366 0
172687380 0
172687385 0
172752905 0
172752932 0
172752938 0
172752943 0
172818439 0
172818445 0
172818462 0
172818476 0
172883969 0
172883970 0
172883983 0
172883984 0
172949527 0
172949528 0
172949534 0
172949537 0
173015067 0
173015072 0
173015077 0
173015078 0
173080579 0
173080620 0
173080621 0
173080622 0
173146116 0
173146117 0
173146127 0
173146158 0
173211651 0
173211666 0
173211684 0
173211689 0
173277189 0
173277196 0
173277198 0
173277231 0
173342735 0
173342752 0
173342757 0
173342762 0
173408260 0
173408278 0
173408281 0
173408299 0
173473802 0
173473811 0
173473828 0
173473837 0
173539328 0
173539337 0
173539366 0
173539375 0
173604883 0
173604889 0
173604892 0
173604902 0
173670400 0
173670405 0
173670410 0
173670423 0
173735953 0
173735955 0
173735956 0
173735958 0
173801497 0
173801499 0
173801500 0
173801502 0
173867014 0
173867016 0
173867021 0
173867023 0
173932563 0
173932576 0
173932577 0
173932586 0
173998082 0
173998084 0
173998085 0
173998107 0
174063622 0
174063624 0
174063627 0
174063641 0
174129168 0
174129175 0
174129182 0
174129193 0
174194710 0
174194711 0
174194724 0
174194725 0
174260228 0
174260231 0
174260234 0
174260261 0
174325761 0
174325764 0
174325766 0
174325767 0
174391313 0
174391328 0
174391330 0
174391331 0
174456834 0
174456848 0
174456871 0
174456873 0
174522389 0
174522399 0
174522400 0
174522410 0
174587920 0
174587923 0
174587929 0
174587930 0
174653456 0
174653467 0
174653469 0
174653478 0
174718978 0
174718979 0
174718985 0
174718988 0
174784514 0
174784523 0
174784540 0
174784549 0
174850075 0
174850078 0
174850088 0
174850093 0
174915593 0
174915598 0
174915611 0
174915616 0
174981123 0
174981126 0
174981136 0
174981161 0
175046679 0
175046680 0
175046693 0
175046698 0
175112202 0
175112211 0
175112216 0
175112217 0
175177757 0
175177771 0
175177772 0
175177774 0
175243264 0
175243282 0
175243285 0
175243287 0
175308814 0
175308817 0
175308824 0
175308839 0
175374337 0
175374356 0
175374359 0
175374378 0
175439879 0
175439882 0
175439893 0
175439896 0
175505432 0
175505437 0
175505447 0
175505450 0
175570960 0
175570963 0
175570969 0
175570970 0
175636508 0
175636514 0
175636515 0
175636517 0
175702019 0
175702026 0
175702029 0
175702044 0
175767558 0
175767561 0
175767591 0
175767592 0
175833091 0
175833101 0
175833104 0
175833126 0
175898624 0
175898629 0
175898643 0
175898662 0
175964174 0
175964189 0
175964195 0
175964200 0
176029696 0
176029702 0
176029731 0
176029741 0
176095234 0
176095243 0
176095260 0
176095261 0
176160783 0
176160802 0
176160804 0
176160813 0
176226321 0
176226322 0
176226340 0
176226351 0
176291846 0
176291849 0
176291855 0
176291864 0
176357378 0
176357385 0
176357387 0
176357392 0
176422943 0
176422948 0
176422954 0
176422957 0
176488458 0
176488461 0
176488480 0
176488487 0
176553993 0
176554011 0
176554014 0
176554020 0
176619541 0
176619550 0
176619552 0
176619555 0
176685080 0
176685085 0
176685087 0
176685094 0
176750610 0
176750627 0
176750628 0
176750629 0
176816131 0
176816150 0
176816156 0
176816157 0
176881695 0
176881698 0
176881701 0
176881708 0
176947205 0
176947224 0
176947234 0
176947239 0
177012761 0
177012772 0
177012774 0
177012783 0
177078272 0
177078282 0
177078293 0
177078295 0
177143819 0
177143820 0
177143826 0
177143829 0
177209370 0
177209376 0
177209389 0
177209391 0
177274891 0
177274896 0
177274897 0
177274898 0
177340435 0
177340442 0
177340448 0
177340453 0
177405971 0
177405973 0
177405992 0
177405994 0
177471494 0
177471512 0
177471513 0
177471515 0
177537037 0
177537039 0
177537068 0
177537070 0
177602574 0
177602581 0
177602595 0
177602600 0
177668107 0
177668113 0
177668140 0
177668142 0
177733640 0
177733650 0
177733657 0
177733663 0
177799182 0
177799185 0
177799188 0
177799211 0
177864722 0
177864725 0
177864740 0
177864751 0
177930245 0
177930248 0
177930270 0
177930279 0
177995776 0
177995779 0
177995790 0
177995797 0
178061319 0
178061324 0
178061338 0
178061345 0
178126856 0
178126871 0
178126874 0
178126885 0
178192395 0
178192409 0
178192416 0
178192426 0
178257938 0
178257953 0
178257959 0
178257960 0
178323461 0
178323479 0
178323480 0
178323502 0
178389012 0
178389013 0
178389014 0
178389015 0
178454541 0
178454544 0
178454555 0
178454574 0
178520078 0
178520079 0
178520080 0
178520081 0
178585600 0
178585626 0
178585641 0
178585643 0
178651137 0
178651140 0
178651150 0
178651179 0
178716689 0
178716690 0
178716696 0
178716719 0
178782220 0
178782223 0
178782249 0
178782250 0
178847744 0
178847759 0
178847770 0
178847785 0
178913282 0
178913309 0
178913311 0
178913324 0
178978823 0
178978828 0
178978845 0
178978858 0
179044372 0
179044373 0
179044378 0
179044399 0
179109888 0
179109891 0
179109898 0
179109909 0
179175460 0
179175463 0
179175465 0
179175470 0
179240960 0
179240985 0
179240995 0
179241002 0
179306497 0
179306498 0
179306499 0
179306504 0
179372048 0
179372049 0
179372058 0
179372067 0
179437592 0
179437613 0
179437614 0
179437615 0
179503123 0
179503126 0
179503145 0
179503148 0
179568650 0
179568653 0
179568664 0
179568671 0
179634193 0
179634208 0
179634211 0
179634218 0
179699736 0
179699749 0
179699754 0
179699759 0
179765258 0
179765265 0
179765279 0
179765280 0
179830785 0
179830802 0
179830820 0
179830831 0
179896323 0
179896325 0
179896332 0
179896366 0
179961875 0
179961878 0
179961888 0
179961889 0
180027408 0
180027417 0
180027423 0
180027430 0
180092931 0
180092932 0
180092966 0
180092973 0
180158481 0
180158499 0
180158500 0
180158502 0
180224024 0
180224031 0
180224041 0
180224042 0
180289539 0
180289544 0
180289553 0
180289566 0
180355088 0
180355091 0
180355101 0
180355110 0
180420628 0
180420639 0
180420645 0
180420650 0
180486161 0
180486162 0
180486171 0
180486188 0
180551680 0
180551681 0
180551718 0
180551719 0
180617225 0
180617236 0
180617255 0
180617258 0
180682753 0
180682772 0
180682774 0
180682799 0
180748313 0
180748318 0
180748324 0
180748331 0
180813836 0
180813857 0
180813870 0
180813871 0
180879362 0
180879372 0
180879391 0
180879393 0
180944914 0
180944917 0
180944924 0
180944935 0
181010465 0
181010467 0
181010474 0
181010476 0
181075971 0
181075980 0
181075982 0
181076013 0
181141519 0
181141532 0
181141533 0
181141534 0
181207041 0
181207046 0
181207048 0
181207063 0
181272585 0
181272586 0
181272607 0
181272620 0
181338139 0
181338141 0
181338144 0
181338154 0
181403661 0
181403668 0
181403671 0
181403694 0
181469186 0
181469220 0
181469225 0
181469227 0
181534746 0
181534760 0
181534765 0
181534767 0
181600267 0
181600269 0
181600290 0
181600296 0
181665802 0
181665804 0
181665821 0
181665839 0
181731346 0
181731355 0
181731360 0
181731365 0
181796866 0
181796887 0
181796900 0
181796909 0
181862427 0
181862436 0
181862437 0
181862446 0
181927949 0
181927972 0
181927979 0
181927982 0
181993501 0
181993503 0
181993514 0
181993516 0
182059014 0
182059016 0
182059029 0
182059043 0
182124574 0
182124584 0
182124585 0
182124591 0
182190082 0
182190092 0
182190109 0
182190115 0
182255640 0
182255649 0
182255655 0
182255658 0
182321159 0
182321161 0
182321180 0
182321182 0
182386691 0
182386705 0
182386708 0
182386710 0
182452238 0
182452259 0
182452261 0
182452264 0
182517764 0
182517767 0
182517793 0
182517794 0
182583308 0
182583333 0
182583335 0
182583338 0
182648832 0
182648835 0
182648849 0
182648878 0
182714376 0
182714398 0
182714399 0
182714409 0
182779914 0
182779920 0
182779933 0
182779935 0
182845451 0
182845472 0
182845478 0
182845481 0
182910985 0
182911004 0
182911007 0
182911018 0
182976522 0
182976537 0
182976544 0
182976551 0
183042048 0
183042051 0
183042058 0
183042093 0
183107591 0
183107592 0
183107602 0
183107609 0
183173131 0
183173142 0
183173144 0
183173149 0
183238658 0
183238660 0
183238673 0
183238695 0
183304210 0
183304225 0
183304228 0
183304231 0
183369734 0
183369752 0
183369765 0
183369771 0
183435270 0
183435293 0
183435304 0
183435307 0
183500813 0
183500815 0
183500836 0
183500838 0
183566351 0
183566366 0
183566372 0
183566377 0
183631874 0
183631875 0
183631884 0
183631913 0
183697435 0
183697445 0
183697446 0
183697448 0
183762944 0
183762949 0
183762951 0
183762970 0
183828507 0
183828509 0
183828512 0
183828526 0
183894024 0
183894025 0
183894046 0
183894047 0
183959552 0
183959595 0
183959597 0
183959598 0
184025104 0
184025110 0
184025121 0
184025131 0
184090637 0
184090667 0
184090668 0
184090670 0
184156165 0
184156172 0
184156206 0
184156207 0
184221713 0
184221720 0
184221722 0
184221723 0
184287256 0
184287273 0
184287274 0
184287279 0
184352775 0
184352776 0
184352777 0
184352778 0
184418307 0
184418328 0
184418345 0
184418350 0
184483872 0
184483879 0
184483885 0
184483886 0
184549378 0
184549404 0
184549405 0
184549423 0
184614921 0
184614944 0
184614946 0
184614951 0
184680456 0
184680465 0
184680470 0
184680483 0
184745991 0
184746005 0
184746018 0
184746024 0
184811551 0
184811557 0
184811558 0
184811560 0
184877082 0
184877085 0
184877095 0
184877100 0
184942631 0
184942633 0
184942636 0
184942638 0
185008154 0
185008168 0
185008169 0
185008171 0
185073668 0
185073673 0
185073674 0
185073675 0
185139226 0
185139236 0
185139239 0
185139241 0
185204754 0
185204763 0
185204768 0
185204781 0
185270280 0
185270285 0
185270315 0
185270318 0
185335813 0
185335843 0
185335844 0
185335854 0
185401362 0
185401365 0
185401367 0
185401368 0
185466885 0
185466890 0
185466916 0
185466927 0
185532418 0
185532419 0
185532421 0
185532432 0
185597953 0
185597954 0
185597964 0
185597983 0
185663504 0
185663527 0
185663533 0
185663534 0
185729035 0
185729064 0
185729069 0
185729070 0
185794569 0
185794572 0
185794583 0
185794586 0
185860109 0
185860112 0
185860123 0
185860134 0
185925660 0
185925663 0
185925665 0
185925674 0
185991192 0
185991194 0
185991203 0
185991209 0
186056705 0
186056708 0
186056711 0
186056734 0
186122242 0
186122256 0
186122257 0
186122259 0
186187783 0
186187784 0
186187790 0
186187797 0
186253312 0
186253322 0
186253331 0
186253341 0
186318856 0
186318869 0
186318871 0
186318886 0
186384400 0
186384421 0
186384423 0
186384430 0
186449931 0
186449932 0
186449942 0
186449953 0
186515476 0
186515478 0
186515479 0
186515497 0
186581022 0
186581025 0
186581032 0
186581039 0
186646529 0
186646539 0
186646566 0
186646568 0
186712069 0
186712070 0
186712079 0
186712096 0
186777607 0
186777628 0
186777630 0
186777633 0
186843137 0
186843139 0
186843166 0
186843168 0
186908684 0
186908707 0
186908714 0
186908717 0
186974222 0
186974224 0
186974237 0
186974243 0
187039747 0
187039748 0
187039770 0
187039777 0
187105311 0
187105313 0
187105322 0
187105324 0
187170820 0
187170822 0
187170841 0
187170855 0
187236362 0
187236377 0
187236391 0
187236396 0
187301892 0
187301894 0
187301915 0
187301933 0
187367455 0
187367460 0
187367461 0
187367462 0
187432968 0
187432983 0
187433005 0
187433006 0
187498501 0
187498528 0
187498534 0
187498539 0
187564056 0
187564066 0
187564075 0
187564077 0
187629574 0
187629592 0
187629601 0
187629607 0
187695124 0
187695143 0
187695149 0
187695150 0
187760650 0
187760652 0
187760673 0
187760687 0
187826213 0
187826214 0
187826215 0
187826216 0
187891712 0
187891719 0
187891733 0
187891746 0
187957251 0
187957264 0
187957269 0
187957294 0
188022788 0
188022794 0
188022803 0
188022805 0
188088321 0
188088331 0
188088340 0
188088358 0
188153896 0
188153897 0
188153899 0
188153902 0
188219396 0
188219397 0
188219415 0
188219426 0
188284940 0
188284945 0
188284967 0
188284974 0
188350504 0
188350506 0
188350507 0
188350509 0
188416002 0
188416015 0
188416020 0
188416025 0
188481546 0
188481551 0
188481561 0
188481564 0
188547085 0
188547088 0
188547094 0
188547119 0
188612623 0
188612630 0
188612644 0
188612649 0
188678149 0
188678158 0
188678171 0
188678172 0
188743686 0
188743723 0
188743724 0
188743725 0
188809233 0
188809238 0
188809247 0
188809248 0
188874766 0
188874777 0
188874780 0
188874795 0
188940295 0
188940309 0
188940314 0
188940332 0
189005829 0
189005864 0
189005867 0
189005870 0
189071363 0
189071365 0
189071370 0
189071404 0
189136901 0
189136904 0
189136906 0
189136915 0
189202454 0
189202460 0
189202461 0
189202467 0
189267971 0
189268001 0
189268006 0
189268008 0
189333527 0
189333533 0
189333534 0
189333540 0
189399062 0
189399084 0
189399085 0
189399087 0
189464603 0
189464608 0
189464609 0
189464614 0
189530143 0
189530145 0
189530154 0
189530156 0
189595663 0
189595681 0
189595684 0
189595694 0
189661205 0
189661219 0
189661224 0
189661226 0
189726721 0
189726755 0
189726756 0
189726766 0
189792256 0
189792259 0
189792286 0
189792297 0
189857795 0
189857798 0
189857828 0
189857833 0
189923362 0
189923367 0
189923372 0
189923373 0
189988875 0
189988888 0
189988897 0
189988902 0
190054437 0
190054440 0
190054443 0
190054446 0
190119937 0
190119954 0
190119956 0
190119959 0
190185490 0
190185509 0
190185512 0
190185515 0
190251012 0
190251026 0
190251049 0
190251055 0
190316546 0
190316583 0
190316584 0
190316585 0
190382114 0
190382119 0
190382121 0
190382124 0
190447639 0
190447650 0
190447660 0
190447661 0
190513152 0
190513171 0
190513194 0
190513197 0
190578699 0
190578710 0
190578712 0
190578733 0
190644247 0
190644253 0
190644254 0
190644260 0
190709767 0
190709793 0
190709802 0
190709804 0
190775325 0
190775328 0
190775330 0
190775343 0
190840838 0
190840841 0
190840848 0
190840875 0
190906370 0
190906373 0
190906392 0
190906411 0
190971916 0
190971946 0
190971947 0
190971949 0
191037443 0
191037484 0
191037485 0
191037486 0
191102977 0
191103000 0
191103018 0
191103019 0
191168544 0
191168550 0
191168555 0
191168557 0
191234048 0
191234062 0
191234067 0
191234085 0
191299584 0
191299589 0
191299594 0
191299631 0
191365161 0
191365163 0
191365164 0
191365166 0
191430690 0
191430695 0
191430697 0
191430700 0
191496217 0
191496220 0
191496230 0
191496231 0
191561728 0
191561753 0
191561758 0
191561763 0
191627296 0
191627299 0
191627309 0
191627310 0
191692804 0
191692806 0
191692809 0
191692823 0
191758361 0
191758375 0
191758378 0
191758380 0
191823876 0
191823887 0
191823905 0
191823906 0
191889411 0
191889425 0
191889438 0
191889448 0
191954956 0
191954958 0
191954975 0
191954989 0
192020514 0
192020516 0
192020523 0
192020525 0
192086046 0
192086055 0
192086057 0
192086060 0
192151554 0
192151577 0
192151596 0
192151599 0
192217115 0
192217118 0
192217129 0
192217132 0
192282638 0
192282643 0
192282661 0
192282668 0
192348160 0
192348195 0
192348197 0
192348198 0
192413732 0
192413734 0
192413737 0
192413739 0
192479260 0
192479271 0
192479273 0
192479274 0
192544774 0
192544797 0
192544803 0
192544804 0
192610334 0
192610336 0
192610337 0
192610351 0
192675848 0
192675849 0
192675867 0
192675882 0
192741382 0
192741391 0
192741405 0
192741412 0
192806913 0
192806914 0
192806916 0
192806931 0
192872476 0
192872482 0
192872485 0
192872495 0
192937988 0
192938007 0
192938021 0
192938030 0
193003545 0
193003556 0
193003559 0
193003562 0
193069082 0
193069085 0
193069100 0
193069103 0
193134618 0
193134619 0
193134632 0
193134637 0
193200151 0
193200157 0
193200170 0
193200172 0
193265679 0
193265680 0
193265698 0
193265709 0
193331204 0
193331234 0
193331237 0
193331239 0
193396745 0
193396746 0
193396747 0
193396768 0
193462292 0
193462311 0
193462313 0
193462318 0
193527816 0
193527826 0
193527839 0
193527845 0
193593346 0
193593384 0
193593389 0
193593391 0
193658908 0
193658910 0
193658913 0
193658927 0
193724442 0
193724460 0
193724461 0
193724463 0
193789979 0
193789993 0
193789996 0
193789998 0
193855523 0
193855524 0
193855530 0
193855533 0
193921047 0
193921048 0
193921053 0
193921070 0
193986599 0
193986601 0
193986604 0
193986606 0
194052101 0
194052124 0
194052138 0
194052139 0
194117672 0
194117677 0
194117678 0
194117679 0
194183180 0
194183201 0
194183203 0
194183206 0
194248721 0
194248723 0
194248724 0
194248726 0
194314253 0
194314271 0
194314272 0
194314282 0
194379814 0
194379817 0
194379819 0
194379820 0
194445341 0
194445342 0
194445343 0
194445344 0
194510869 0
194510872 0
194510883 0
194510890 0
194576389 0
194576408 0
194576410 0
194576431 0
194641940 0
194641954 0
194641961 0
194641967 0
194707464 0
194707466 0
194707485 0
194707503 0
194773005 0
194773007 0
194773012 0
194773038 0
194838548 0
194838550 0
194838569 0
194838571 0
194904071 0
194904076 0
194904106 0
194904109 0
194969626 0
194969628 0
194969645 0
194969647 0
195035148 0
195035166 0
195035167 0
195035169 0
195100672 0
195100691 0
195100709 0
195100710 0
195166234 0
195166243 0
195166249 0
195166252 0
195231753 0
195231776 0
195231783 0
195231786 0
195297308 0
195297313 0
195297326 0
195297327 0
195362816 0
195362833 0
195362851 0
195362862 0
195428365 0
195428379 0
195428390 0
195428396 0
195493892 0
195493911 0
195493914 0
195493925 0
195559452 0
195559454 0
195559465 0
195559467 0
195624984 0
195624989 0
195624998 0
195624999 0
195690524 0
195690526 0
195690533 0
195690543 0
195756058 0
195756060 0
195756069 0
195756075 0
195821609 0
195821611 0
195821612 0
195821614 0
195887111 0
195887133 0
195887146 0
195887148 0
195952658 0
195952664 0
195952677 0
195952679 0
196018189 0
196018194 0
196018212 0
196018223 0
196083720 0
196083725 0
196083743 0
196083746 0
196149250 0
196149285 0
196149292 0
196149295 0
196214803 0
196214821 0
196214824 0
196214826 0
196280354 0
196280359 0
196280361 0
196280364 0
196345887 0
196345888 0
196345890 0
196345901 0
196411393 0
196411424 0
196411438 0
196411439 0
196476939 0
196476962 0
196476965 0
196476968 0
196542467 0
196542490 0
196542504 0
196542509 0
196608027 0
196608034 0
196608036 0
196608045 0
196673557 0
196673571 0
196673574 0
196673580 0
196739079 0
196739082 0
196739101 0
196739116 0
196804614 0
196804619 0
196804648 0
196804649 0
196870152 0
196870181 0
196870183 0
196870186 0
196935707 0
196935712 0
196935714 0
196935717 0
197001232 0
197001258 0
197001259 0
197001261 0
197066757 0
197066780 0
197066790 0
197066799 0
197132328 0
197132330 0
197132333 0
197132335 0
197197824 0
197197838 0
197197859 0
197197861 0
197263370 0
197263397 0
197263400 0
197263403 0
197328901 0
197328928 0
197328930 0
197328943 0
197394446 0
197394467 0
197394476 0
197394477 0
197459992 0
197459998 0
197460009 0
197460011 0
197525512 0
197525538 0
197525539 0
197525541 0
197591065 0
197591079 0
197591084 0
197591086 0
197656581 0
197656608 0
197656611 0
197656622 0
197722156 0
197722157 0
197722158 0
197722159 0
197787679 0
197787692 0
197787693 0
197787694 0
197853201 0
197853222 0
197853228 0
197853231 0
197918727 0
197918760 0
197918765 0
197918766 0
197984261 0
197984266 0
197984296 0
197984299 0
198049826 0
198049831 0
198049833 0
198049836 0
198115356 0
198115373 0
198115374 0
198115375 0
198180865 0
198180875 0
198180880 0
198180882 0
198246404 0
198246406 0
198246407 0
198246409 0
198311937 0
198311938 0
198311939 0
198311968 0
198377477 0
198377480 0
198377510 0
198377511 0
198443016 0
198443018 0
198443019 0
198443021 0
198508563 0
198508565 0
198508578 0
198508580 0
198574084 0
198574085 0
198574086 0
198574103 0
198639620 0
198639626 0
198639627 0
198639629 0
198705165 0
198705167 0
198705168 0
198705182 0
198770700 0
198770702 0
198770703 0
198770705 0
198836248 0
198836251 0
198836257 0
198836258 0
198901761 0
198901764 0
198901766 0
198901767 0
198967311 0
198967317 0
198967320 0
198967334 0
199032832 0
199032846 0
199032861 0
199032875 0
199098368 0
199098386 0
199098405 0
199098411 0
199163920 0
199163923 0
199163934 0
199163945 0
199229443 0
199229445 0
199229446 0
199229452 0
199294978 0
199294981 0
199294995 0
199295008 0
199360512 0
199360513 0
199360527 0
199360538 0
199426049 0
199426051 0
199426064 0
199426078 0
199491587 0
199491605 0
199491606 0
199491608 0
199557130 0
199557133 0
199557144 0
199557147 0
199622665 0
199622668 0
199622679 0
199622682 0
199688201 0
199688214 0
199688231 0
199688232 0
199753733 0
199753738 0
199753739 0
199753744 0
199819285 0
199819288 0
199819295 0
199819302 0
199884800 0
199884802 0
199884815 0
199884817 0
199950352 0
199950365 0
199950367 0
199950374 0
200015881 0
200015896 0
200015898 0
200015899 0
200081408 0
200081411 0
200081414 0
200081417 0
200146945 0
200146955 0
200146960 0
200146962 0
200212481 0
200212482 0
200212491 0
200212508 0
200278025 0
200278028 0
200278035 0
200278050 0
200343569 0
200343584 0
200343594 0
200343599 0
200409093 0
200409098 0
200409115 0
200409116 0
200474624 0
200474631 0
200474638 0
200474649 0
200540160 0
200540173 0
200540174 0
200540183 0
200605705 0
200605706 0
200605707 0
200605712 0
200671242 0
200671243 0
200671256 0
200671257 0
200736776 0
200736782 0
200736785 0
200736799 0
200802305 0
200802307 0
200802320 0
200802322 0
200867842 0
200867848 0
200867849 0
200867855 0
200933386 0
200933391 0
200933404 0
200933409 0
200998933 0
200998936 0
200998939 0
200998950 0
201064448 0
201064451 0
201064453 0
201064470 0
201129984 0
201129999 0
201130017 0
201130022 0
201195540 0
201195554 0
201195557 0
201195559 0
201261064 0
201261073 0
201261086 0
201261087 0
201326594 0
201326596 0
201326609 0
201326623 0
201392137 0
201392151 0
201392158 0
201392172 0
201457677 0
201457678 0
201457679 0
201457696 0
201523207 0
201523228 0
201523237 0
201523238 0
201588753 0
201588756 0
201588759 0
201588762 0
201654283 0
201654288 0
201654301 0
201654306 0
201719819 0
201719825 0
201719838 0
201719840 0
201785349 0
201785351 0
201785352 0
201785366 0
201850884 0
201850890 0
201850891 0
201850901 0
201916420 0
201916422 0
201916423 0
201916425 0
201981976 0
201981981 0
201981983 0
201981986 0
202047516 0
202047518 0
202047519 0
202047521 0
202113028 0
202113046 0
202113065 0
202113067 0
202178568 0
202178577 0
202178586 0
202178599 0
202244098 0
202244099 0
202244109 0
202244112 0
202309640 0
202309641 0
202309662 0
202309675 0
202375186 0
202375187 0
202375200 0
202375209 0
202440704 0
202440705 0
202440718 0
202440727 0
202506253 0
202506259 0
202506262 0
202506268 0
202571777 0
202571786 0
202571792 0
202571823 0
202637312 0
202637314 0
202637315 0
202637317 0
202702849 0
202702864 0
202702871 0
202702878 0
202768418 0
202768421 0
202768427 0
202768428 0
202833947 0
202833949 0
202833950 0
202833952 0
202899460 0
202899469 0
202899474 0
202899479 0
202964998 0
202965017 0
202965019 0
202965020 0
203030545 0
203030548 0
203030559 0
203030566 0
203096073 0
203096075 0
203096088 0
203096106 0
203161601 0
203161602 0
203161604 0
203161607 0
203227149 0
203227171 0
203227172 0
203227178 0
203292673 0
203292683 0
203292686 0
203292688 0
203358214 0
203358215 0
203358216 0
203358217 0
203423746 0
203423747 0
203423748 0
203423749 0
203489284 0
203489285 0
203489290 0
203489303 0
203554827 0
203554834 0
203554836 0
203554837 0
203620362 0
203620369 0
203620371 0
203620372 0
203685896 0
203685897 0
203685902 0
203685931 0
203751424 0
203751429 0
203751438 0
203751451 0
203816979 0
203816982 0
203816985 0
203816996 0
203882519 0
203882526 0
203882536 0
203882541 0
203948040 0
203948043 0
203948053 0
203948054 0
204013576 0
204013577 0
204013578 0
204013579 0
204079109 0
204079110 0
204079115 0
204079116 0
204144644 0
204144650 0
204144653 0
204144667 0
204210182 0
204210207 0
204210209 0
204210220 0
204275720 0
204275730 0
204275737 0
204275739 0
204341250 0
204341264 0
204341267 0
204341273 0
204406802 0
204406808 0
204406815 0
204406821 0
204472323 0
204472326 0
204472332 0
204472337 0
204537877 0
204537884 0
204537894 0
204537895 0
204603393 0
204603395 0
204603414 0
204603428 0
204668931 0
204668949 0
204668958 0
204668960 0
204734464 0
204734465 0
204734467 0
204734486 0
204800014 0
204800015 0
204800028 0
204800033 0
204865540 0
204865547 0
204865553 0
204865574 0
204931081 0
204931092 0
204931095 0
204931110 0
204996615 0
204996616 0
204996642 0
204996645 0
205062153 0
205062154 0
205062156 0
205062171 0
205127693 0
205127698 0
205127704 0
205127711 0
205193217 0
205193228 0
205193235 0
205193238 0
205258771 0
205258772 0
205258774 0
205258793 0
205324293 0
205324296 0
205324311 0
205324314 0
205389837 0
205389846 0
205389848 0
205389867 0
205455369 0
205455375 0
205455378 0
205455396 0
205520928 0
205520929 0
205520930 0
205520931 0
205586439 0
205586441 0
205586444 0
205586450 0
205651984 0
205651986 0
205651989 0
205652003 0
205717506 0
205717507 0
205717517 0
205717520 0
205783040 0
205783066 0
205783069 0
205783075 0
205848598 0
205848601 0
205848615 0
205848616 0
205914113 0
205914124 0
205914134 0
205914143 0
205979655 0
205979678 0
205979685 0
205979692 0
206045187 0
206045189 0
206045192 0
206045230 0
206110724 0
206110739 0
206110757 0
206110758 0
206176260 0
206176271 0
206176285 0
206176286 0
206241812 0
206241814 0
206241815 0
206241817 0
206307335 0
206307349 0
206307350 0
206307372 0
206372870 0
206372873 0
206372875 0
206372876 0
206438410 0
206438415 0
206438416 0
206438429 0
206503973 0
206503979 0
206503980 0
206503982 0
206569474 0
206569476 0
206569477 0
206569483 0
206635012 0
206635017 0
206635019 0
206635034 0
206700544 0
206700546 0
206700555 0
206700569 0
206766087 0
206766088 0
206766090 0
206766109 0
206831616 0
206831617 0
206831618 0
206831631 0
206897163 0
206897165 0
206897196 0
206897198 0
206962704 0
206962706 0
206962709 0
206962711 0
207028248 0
207028261 0
207028262 0
207028267 0
207093765 0
207093766 0
207093792 0
207093803 0
207159310 0
207159321 0
207159328 0
207159339 0
207224840 0
207224842 0
207224847 0
207224857 0
207290373 0
207290376 0
207290386 0
207290395 0
207355904 0
207355921 0
207355939 0
207355946 0
207421444 0
207421446 0
207421475 0
207421485 0
207486995 0
207487001 0
207487002 0
207487008 0
207552521 0
207552528 0
207552530 0
207552543 0
207618053 0
207618063 0
207618076 0
207618082 0
207683590 0
207683600 0
207683613 0
207683627 0
207749137 0
207749140 0
207749142 0
207749147 0
207814665 0
207814667 0
207814668 0
207814694 0
207880195 0
207880198 0
207880201 0
207880236 0
207945731 0
207945740 0
207945741 0
207945774 0
208011270 0
208011284 0
208011291 0
208011309 0
208076813 0
208076820 0
208076834 0
208076843 0
208142350 0
208142353 0
208142355 0
208142368 0
208207884 0
208207891 0
208207897 0
208207898 0
208273411 0
208273414 0
208273416 0
208273417 0
208338956 0
208338966 0
208338977 0
208338991 0
208404483 0
208404484 0
208404486 0
208404493 0
208470030 0
208470036 0
208470041 0
208470047 0
208535559 0
208535566 0
208535580 0
208535593 0
208601088 0
208601117 0
208601119 0
208601134 0
208666624 0
208666625 0
208666631 0
208666634 0
208732171 0
208732177 0
208732180 0
208732190 0
208797699 0
208797701 0
208797704 0
208797706 0
208863243 0
208863245 0
208863254 0
208863256 0
208928769 0
208928770 0
208928772 0
208928779 0
208994307 0
208994325 0
208994326 0
208994340 0
209059868 0
209059873 0
209059882 0
209059883 0
209125381 0
209125382 0
209125384 0
209125423 0
209190936 0
209190937 0
209190951 0
209190954 0
209256452 0
209256474 0
209256477 0
209256487 0
209321987 0
209322000 0
209322005 0
209322018 0
209387521 0
209387527 0
209387534 0
209387548 0
209453058 0
209453060 0
209453061 0
209453075 0
209518610 0
209518628 0
209518637 0
209518639 0
209584129 0
209584142 0
209584159 0
209584164 0
209649665 0
209649679 0
209649688 0
209649702 0
209715209 0
209715226 0
209715227 0
209715240 0
209780746 0
209780752 0
209780765 0
209780779 0
209846276 0
209846278 0
209846287 0
209846289 0
209911813 0
209911816 0
209911839 0
209911850 0
209977348 0
209977353 0
209977355 0
209977358 0
210042880 0
210042891 0
210042894 0
210042897 0
210108424 0
210108434 0
210108439 0
210108453 0
210173965 0
210173978 0
210173980 0
210173987 0
210239510 0
210239523 0
210239524 0
210239529 0
210305025 0
210305028 0
210305038 0
210305043 0
210370565 0
210370580 0
210370595 0
210370606 0
210436101 0
210436103 0
210436108 0
210436114 0
210501646 0
210501657 0
210501660 0
210501679 0
210567178 0
210567179 0
210567184 0
210567205 0
210632725 0
210632734 0
210632743 0
210632748 0
210698254 0
210698264 0
210698267 0
210698281 0
210763781 0
210763802 0
210763808 0
210763819 0
210829312 0
210829327 0
210829329 0
210829334 0
210894848 0
210894853 0
210894858 0
210894863 0
210960385 0
210960395 0
210960412 0
210960418 0
211025925 0
211025928 0
211025930 0
211025939 0
211091472 0
211091475 0
211091478 0
211091493 0
211157005 0
211157008 0
211157010 0
211157031 0
211222532 0
211222535 0
211222537 0
211222546 0
211288091 0
211288092 0
211288094 0
211288101 0
211353620 0
211353621 0
211353623 0
211353626 0
211419143 0
211419150 0
211419160 0
211419161 0
211484678 0
211484681 0
211484683 0
211484716 0
211550220 0
211550223 0
211550241 0
211550242 0
211615752 0
211615754 0
211615779 0
211615781 0
211681297 0
211681298 0
211681299 0
211681300 0
211746830 0
211746833 0
211746835 0
211746836 0
211812352 0
211812370 0
211812371 0
211812385 0
211877889 0
211877900 0
211877910 0
211877911 0
211943450 0
211943453 0
211943460 0
211943467 0
212008974 0
212008980 0
212008985 0
212008987 0
212074498 0
212074500 0
212074501 0
212074527 0
212140042 0
212140044 0
212140067 0
212140069 0
212205583 0
212205589 0
212205590 0
212205604 0
212271105 0
212271120 0
212271139 0
212271142 0
212336653 0
212336655 0
212336656 0
212336670 0
212402182 0
212402187 0
212402196 0
212402221 0
212467725 0
212467726 0
212467727 0
212467756 0
212533254 0
212533267 0
212533273 0
212533288 0
212598791 0
212598793 0
212598796 0
212598814 0
212664327 0
212664329 0
212664330 0
212664332 0
212729862 0
212729871 0
212729873 0
212729880 0
212795394 0
212795395 0
212795396 0
212795397 0
212860940 0
212860943 0
212860958 0
212860961 0
212926482 0
212926483 0
212926484 0
212926489 0
212992003 0
212992017 0
212992020 0
212992022 0
213057536 0
213057553 0
213057563 0
213057566 0
213123074 0
213123085 0
213123088 0
213123099 0
213188610 0
213188637 0
213188639 0
213188640 0
213254146 0
213254148 0
213254163 0
213254189 0
213319686 0
213319700 0
213319709 0
213319723 0
213385228 0
213385242 0
213385245 0
213385247 0
213450768 0
213450785 0
213450787 0
213450798 0
213516288 0
213516293 0
213516306 0
213516319 0
213581833 0
213581852 0
213581855 0
213581858 0
213647360 0
213647367 0
213647374 0
213647401 0
213712916 0
213712925 0
213712930 0
213712939 0
213778433 0
213778434 0
213778436 0
213778439 0
213843990 0
213843995 0
213843996 0
213844001 0
213909518 0
213909536 0
213909543 0
213909549 0
213975042 0
213975055 0
213975056 0
213975061 0
214040577 0
214040579 0
214040592 0
214040602 0
214106123 0
214106132 0
214106137 0
214106142 0
214171671 0
214171685 0
214171686 0
214171692 0
214237185 0
214237200 0
214237203 0
214237214 0
214302722 0
214302732 0
214302739 0
214302749 0
214368286 0
214368291 0
214368293 0
214368296 0
214433806 0
214433809 0
214433811 0
214433828 0
214499346 0
214499353 0
214499359 0
214499368 0
214564867 0
214564870 0
214564872 0
214564873 0
214630412 0
214630414 0
214630429 0
214630431 0
214695937 0
214695938 0
214695939 0
214695940 0
214761474 0
214761485 0
214761487 0
214761492 0
214827008 0
214827010 0
214827011 0
214827013 0
214892553 0
214892554 0
214892555 0
214892560 0
214958094 0
214958099 0
214958104 0
214958113 0
215023627 0
215023632 0
215023637 0
215023650 0
215089163 0
215089168 0
215089181 0
215089198 0
215154694 0
215154701 0
215154727 0
215154728 0
215220236 0
215220238 0
215220253 0
215220271 0
215285767 0
215285772 0
215285797 0
215285806 0
215351318 0
215351320 0
215351325 0
215351331 0
215416836 0
215416845 0
215416846 0
215416863 0
215482384 0
215482389 0
215482398 0
215482403 0
215547908 0
215547926 0
215547927 0
215547937 0
215613442 0
215613451 0
215613472 0
215613473 0
215678990 0
215679003 0
215679012 0
215679017 0
215744519 0
215744524 0
215744529 0
215744530 0
215810065 0
215810067 0
215810068 0
215810070 0
215875585 0
215875592 0
215875602 0
215875607 0
215941132 0
215941145 0
215941147 0
215941150 0
216006663 0
216006676 0
216006678 0
216006689 0
216072206 0
216072215 0
216072217 0
216072220 0
216137733 0
216137734 0
216137736 0
216137771 0
216203264 0
216203266 0
216203271 0
216203281 0
216268824 0
216268827 0
216268838 0
216268845 0
216334336 0
216334351 0
216334353 0
216334354 0
216399882 0
216399893 0
216399900 0
216399903 0
216465409 0
216465448 0
216465454 0
216465455 0
216530960 0
216530963 0
216530970 0
216530981 0
216596482 0
216596487 0
216596492 0
216596501 0
216662024 0
216662025 0
216662030 0
216662035 0
216727553 0
216727560 0
216727566 0
216727567 0
216793101 0
216793106 0
216793111 0
216793116 0
216858628 0
216858637 0
216858638 0
216858639 0
216924168 0
216924171 0
216924181 0
216924186 0
216989699 0
216989701 0
216989706 0
216989708 0
217055238 0
217055256 0
217055259 0
217055261 0
217120769 0
217120778 0
217120784 0
217120815 0
217186310 0
217186312 0
217186329 0
217186339 0
217251841 0
217251860 0
217251875 0
217251878 0
217317384 0
217317387 0
217317394 0
217317417 0
217382922 0
217382923 0
217382933 0
217382956 0
217448448 0
217448458 0
217448461 0
217448483 0
217514003 0
217514013 0
217514022 0
217514024 0
217579524 0
217579557 0
217579559 0
217579562 0
217645069 0
217645070 0
217645088 0
217645091 0
217710593 0
217710614 0
217710619 0
217710628 0
217776131 0
217776132 0
217776153 0
217776158 0
217841701 0
217841702 0
217841704 0
217841711 0
217907203 0
217907209 0
217907226 0
217907228 0
217972745 0
217972751 0
217972762 0
217972768 0
218038273 0
218038292 0
218038306 0
218038307 0
218103811 0
218103818 0
218103825 0
218103848 0
218169365 0
218169367 0
218169368 0
218169382 0
218234893 0
218234894 0
218234896 0
218234899 0
218300432 0
218300434 0
218300435 0
218300449 0
218365952 0
218365965 0
218365982 0
218365987 0
218431494 0
218431497 0
218431519 0
218431528 0
218497040 0
218497054 0
218497061 0
218497067 0
218562594 0
218562595 0
218562597 0
218562600 0
218628100 0
218628101 0
218628110 0
218628119 0
218693643 0
218693668 0
218693677 0
218693678 0
218759186 0
218759192 0
218759193 0
218759195 0
218824705 0
218824711 0
218824712 0
218824738 0
218890250 0
218890253 0
218890264 0
218890267 0
218955776 0
218955783 0
218955793 0
218955818 0
219021344 0
219021345 0
219021347 0
219021350 0
219086848 0
219086851 0
219086869 0
219086870 0
219152406 0
219152408 0
219152411 0
219152413 0
219217947 0
219217952 0
219217957 0
219217958 0
219283478 0
219283483 0
219283485 0
219283496 0
219348998 0
219349005 0
219349008 0
219349039 0
219414554 0
219414563 0
219414568 0
219414569 0
219480076 0
219480079 0
219480097 0
219480110 0
219545615 0
219545640 0
219545641 0
219545642 0
219611146 0
219611151 0
219611157 0
219611164 0
219676692 0
219676695 0
219676706 0
219676717 0
219742214 0
219742217 0
219742228 0
219742247 0
219807748 0
219807751 0
219807753 0
219807754 0
219873293 0
219873319 0
219873320 0
219873326 0
219938816 0
219938819 0
219938821 0
219938822 0
220004359 0
220004372 0
220004373 0
220004386 0
220069895 0
220069900 0
220069902 0
220069913 0
220135435 0
220135446 0
220135456 0
220135469 0
220200962 0
220200968 0
220200971 0
220200985 0
220266497 0
220266508 0
220266510 0
220266515 0
220332043 0
220332044 0
220332046 0
220332065 0
220397587 0
220397589 0
220397592 0
220397598 0
220463115 0
220463116 0
220463122 0
220463125 0
220528641 0
220528655 0
220528680 0
220528682 0
220594178 0
220594188 0
220594191 0
220594193 0
220659713 0
220659722 0
220659756 0
220659759 0
220725249 0
220725255 0
220725270 0
220725284 0
220790801 0
220790804 0
220790811 0
220790830 0
220856322 0
220856332 0
220856345 0
220856359 0
220921874 0
220921885 0
220921888 0
220921903 0
220987409 0
220987414 0
220987416 0
220987427 0
221052938 0
221052947 0
221052952 0
221052961 0
221118483 0
221118492 0
221118493 0
221118506 0
221184025 0
221184027 0
221184028 0
221184038 0
221249536 0
221249538 0
221249539 0
221249549 0
221315077 0
221315079 0
221315082 0
221315084 0
221380608 0
221380611 0
221380622 0
221380625 0
221446165 0
221446174 0
221446176 0
221446191 0
221511688 0
221511703 0
221511721 0
221511722 0
221577224 0
221577229 0
221577247 0
221577250 0
221642759 0
221642765 0
221642774 0
221642788 0
221708295 0
221708301 0
221708306 0
221708312 0
221773839 0
221773841 0
221773852 0
221773854 0
221839380 0
221839383 0
221839385 0
221839390 0
221904902 0
221904908 0
221904925 0
221904927 0
221970443 0
221970458 0
221970461 0
221970468 0
222035972 0
222035990 0
222035991 0
222035997 0
222101513 0
222101520 0
222101523 0
222101526 0
222167053 0
222167064 0
222167071 0
222167078 0
222232585 0
222232595 0
222232600 0
222232602 0
222298132 0
222298135 0
222298137 0
222298154 0
222363656 0
222363667 0
222363681 0
222363682 0
222429188 0
222429190 0
222429191 0
222429193 0
222494723 0
222494750 0
222494753 0
222494760 0
222560262 0
222560265 0
222560288 0
222560295 0
222625825 0
222625830 0
222625832 0
222625835 0
222691356 0
222691358 0
222691371 0
222691373 0
222756871 0
222756897 0
222756904 0
222756910 0
222822403 0
222822420 0
222822433 0
222822446 0
222887941 0
222887964 0
222887974 0
222887975 0
222953494 0
222953495 0
222953505 0
222953508 0
223019010 0
223019012 0
223019013 0
223019019 0
223084548 0
223084566 0
223084571 0
223084585 0
223150083 0
223150086 0
223150097 0
223150112 0
223215620 0
223215634 0
223215639 0
223215657 0
223281152 0
223281190 0
223281193 0
223281195 0
223346699 0
223346706 0
223346712 0
223346717 0
223412233 0
223412244 0
223412251 0
223412258 0
223477760 0
223477765 0
223477767 0
223477774 0
223543302 0
223543309 0
223543316 0
223543319 0
223608832 0
223608835 0
223608838 0
223608857 0
223674381 0
223674388 0
223674391 0
223674402 0
223739937 0
223739938 0
223739943 0
223739948 0
223805441 0
223805454 0
223805455 0
223805456 0
223870982 0
223870989 0
223870996 0
223870999 0
223936519 0
223936530 0
223936533 0
223936540 0
224002072 0
224002073 0
224002086 0
224002091 0
224067592 0
224067603 0
224067617 0
224067626 0
224133120 0
224133134 0
224133141 0
224133155 0
224198665 0
224198668 0
224198678 0
224198679 0
224264199 0
224264213 0
224264236 0
224264238 0
224329739 0
224329741 0
224329762 0
224329764 0
224395264 0
224395271 0
224395282 0
224395285 0
224460800 0
224460802 0
224460827 0
224460833 0
224526376 0
224526379 0
224526381 0
224526382 0
224591887 0
224591897 0
224591914 0
224591916 0
224657416 0
224657450 0
224657453 0
224657455 0
224722946 0
224722951 0
224722952 0
224722985 0
224788480 0
224788505 0
224788506 0
224788515 0
224854027 0
224854032 0
224854037 0
224854042 0
224919564 0
224919566 0
224919573 0
224919591 0
224985095 0
224985120 0
224985125 0
224985130 0
225050625 0
225050631 0
225050642 0
225050668 0
225116187 0
225116194 0
225116196 0
225116201 0
225181709 0
225181716 0
225181730 0
225181743 0
225247238 0
225247245 0
225247260 0
225247275 0
225312770 0
225312796 0
225312801 0
225312815 0
225378325 0
225378330 0
225378332 0
225378335 0
225443873 0
225443876 0
225443878 0
225443879 0
225509383 0
225509398 0
225509413 0
225509416 0
225574928 0
225574934 0
225574939 0
225574957 0
225640468 0
225640470 0
225640487 0
225640489 0
225705987 0
225705994 0
225706012 0
225706025 0
225771533 0
225771558 0
225771564 0
225771567 0
225837057 0
225837068 0
225837082 0
225837103 0
225902597 0
225902611 0
225902634 0
225902636 0
225968128 0
225968159 0
225968161 0
225968162 0
226033699 0
226033705 0
226033706 0
226033708 0
226099206 0
226099232 0
226099237 0
226099239 0
226164740 0
226164758 0
226164761 0
226164767 0
226230288 0
226230289 0
226230290 0
226230291 0
226295842 0
226295848 0
226295849 0
226295851 0
226361346 0
226361348 0
226361371 0
226361373 0
226426892 0
226426897 0
226426898 0
226426903 0
226492434 0
226492437 0
226492444 0
226492447 0
226557956 0
226557982 0
226557985 0
226557995 0
226623494 0
226623503 0
226623505 0
226623508 0
226689032 0
226689046 0
226689049 0
226689051 0
226754588 0
226754589 0
226754590 0
226754591 0
226820129 0
226820130 0
226820132 0
226820143 0
226885647 0
226885649 0
226885654 0
226885668 0
226951192 0
226951199 0
226951201 0
226951210 0
227016723 0
227016730 0
227016732 0
227016737 0
227082253 0
227082274 0
227082276 0
227082287 0
227147777 0
227147779 0
227147796 0
227147802 0
227213337 0
227213342 0
227213343 0
227213344 0
227278864 0
227278874 0
227278885 0
227278895 0
227344384 0
227344403 0
227344406 0
227344417 0
227409920 0
227409938 0
227409961 0
227409963 0
227475471 0
227475474 0
227475481 0
227475488 0
227541010 0
227541011 0
227541021 0
227541032 0
227606529 0
227606534 0
227606535 0
227606564 0
227672072 0
227672077 0
227672110 0
227672111 0
227737616 0
227737634 0
227737639 0
227737645 0
227803142 0
227803147 0
227803149 0
227803156 0
227868685 0
227868699 0
227868706 0
227868716 0
227934214 0
227934228 0
227934233 0
227934251 0
227999788 0
227999789 0
227999790 0
227999791 0
228065294 0
228065300 0
228065305 0
228065319 0
228130821 0
228130852 0
228130858 0
228130859 0
228196384 0
228196387 0
228196390 0
228196397 0
228261889 0
228261906 0
228261911 0
228261924 0
228327425 0
228327459 0
228327464 0
228327466 0
228392975 0
228392978 0
228392984 0
228392993 0
228458499 0
228458500 0
228458513 0
228458518 0
228524044 0
228524055 0
228524057 0
228524062 0
228589600 0
228589602 0
228589603 0
228589605 0
228655124 0
228655125 0
228655131 0
228655138 0
228720644 0
228720658 0
228720667 0
228720669 0
228786184 0
228786215 0
228786217 0
228786218 0
228851744 0
228851757 0
228851758 0
228851759 0
228917253 0
228917278 0
228917280 0
228917283 0
228982790 0
228982795 0
228982804 0
228982829 0
229048350 0
229048352 0
229048355 0
229048361 0
229113857 0
229113878 0
229113880 0
229113883 0
229179413 0
229179423 0
229179428 0
229179438 0
229244970 0
229244971 0
229244972 0
229244973 0
229310465 0
229310470 0
229310476 0
229310479 0
229376018 0
229376027 0
229376036 0
229376037 0
229441571 0
229441577 0
229441580 0
229441582 0
229507077 0
229507082 0
229507095 0
229507096 0
229572610 0
229572616 0
229572621 0
229572627 0
229638168 0
229638170 0
229638171 0
229638177 0
229703688 0
229703689 0
229703690 0
229703691 0
229769228 0
229769242 0
229769245 0
229769263 0
229834754 0
229834783 0
229834784 0
229834797 0
229900303 0
229900305 0
229900308 0
229900322 0
229965851 0
229965852 0
229965857 0
229965866 0
230031380 0
230031383 0
230031402 0
230031405 0
230096905 0
230096915 0
230096916 0
230096930 0
230162449 0
230162470 0
230162472 0
230162479 0
230227979 0
230227993 0
230227994 0
230228000 0
230293510 0
230293517 0
230293531 0
230293544 0
230359047 0
230359061 0
230359066 0
230359068 0
230424580 0
230424583 0
230424597 0
230424602 0
230490134 0
230490135 0
230490148 0
230490149 0
230555660 0
230555662 0
230555671 0
230555673 0
230621190 0
230621201 0
230621212 0
230621215 0
230686725 0
230686746 0
230686760 0
230686763 0
230752263 0
230752264 0
230752282 0
230752285 0
230817794 0
230817796 0
230817801 0
230817807 0
230883334 0
230883336 0
230883339 0
230883353 0
230948868 0
230948886 0
230948887 0
230948905 0
231014402 0
231014429 0
231014440 0
231014447 0
231079937 0
231079951 0
231079966 0
231079972 0
231145493 0
231145499 0
231145504 0
231145514 0
231211034 0
231211040 0
231211047 0
231211049 0
231276544 0
231276545 0
231276551 0
231276590 0
231342090 0
231342092 0
231342093 0
231342115 0
231407637 0
231407648 0
231407658 0
231407659 0
231473164 0
231473165 0
231473187 0
231473190 0
231538695 0
231538712 0
231538718 0
231538733 0
231604245 0
231604255 0
231604262 0
231604268 0
231669774 0
231669776 0
231669797 0
231669803 0
231735304 0
231735306 0
231735311 0
231735313 0
231800850 0
231800853 0
231800871 0
231800872 0
231866368 0
231866382 0
231866395 0
231866409 0
231931907 0
231931909 0
231931940 0
231931942 0
231997446 0
231997469 0
231997476 0
231997479 0
232062977 0
232062994 0
232062996 0
232062999 0
232128519 0
232128532 0
232128538 0
232128541 0
232194055 0
232194072 0
232194081 0
232194090 0
232259600 0
232259602 0
232259615 0
232259621 0
232325125 0
232325131 0
232325136 0
232325162 0
232390669 0
232390671 0
232390700 0
232390702 0
232456196 0
232456225 0
232456227 0
232456230 0
232521729 0
232521731 0
232521748 0
232521762 0
232587264 0
232587269 0
232587278 0
232587295 0
232652806 0
232652825 0
232652835 0
232652836 0
232718344 0
232718362 0
232718381 0
232718383 0
232783878 0
232783880 0
232783885 0
232783911 0
232849413 0
232849415 0
232849434 0
232849436 0
232914978 0
232914983 0
232914985 0
232914988 0
232980494 0
232980508 0
232980523 0
232980525 0
233046025 0
233046027 0
233046040 0
233046042 0
233111575 0
233111580 0
233111585 0
233111590 0
233177088 0
233177093 0
233177107 0
233177114 0
233242634 0
233242636 0
233242665 0
233242671 0
233308173 0
233308178 0
233308183 0
233308188 0
233373715 0
233373718 0
233373728 0
233373729 0
233439234 0
233439257 0
233439263 0
233439268 0
233504772 0
233504787 0
233504789 0
233504798 0
233570306 0
233570332 0
233570343 0
233570345 0
233635841 0
233635859 0
233635878 0
233635880 0
233701407 0
233701409 0
233701412 0
233701414 0
233766919 0
233766933 0
233766936 0
233766938 0
233832465 0
233832468 0
233832474 0
233832483 0
233897989 0
233897998 0
233898003 0
233898024 0
233963522 0
233963541 0
233963555 0
233963560 0
234029074 0
234029083 0
234029092 0
234029097 0
234094594 0
234094596 0
234094607 0
234094609 0
234160150 0
234160163 0
234160168 0
234160173 0
234225678 0
234225683 0
234225685 0
234225696 0
234291215 0
234291222 0
234291225 0
234291228 0
234356745 0
234356746 0
234356760 0
234356767 0
234422291 0
234422300 0
234422305 0
234422314 0
234487811 0
234487824 0
234487829 0
234487834 0
234553353 0
234553371 0
234553374 0
234553376 0
234618882 0
234618885 0
234618899 0
234618920 0
234684422 0
234684424 0
234684441 0
234684455 0
234749953 0
234749962 0
234749968 0
234749987 0
234815489 0
234815492 0
234815519 0
234815526 0
234881041 0
234881066 0
234881067 0
234881068 0
234946567 0
234946568 0
234946573 0
234946574 0
235012098 0
235012109 0
235012120 0
235012127 0
235077634 0
235077636 0
235077641 0
235077655 0
235143172 0
235143178 0
235143189 0
235143191 0
235208704 0
235208710 0
235208713 0
235208727 0
235274246 0
235274249 0
235274268 0
235274271 0
235339786 0
235339801 0
235339811 0
235339812 0
235405316 0
235405327 0
235405341 0
235405342 0
235470850 0
235470852 0
235470855 0
235470873 0
235536403 0
235536406 0
235536417 0
235536424 0
235601928 0
235601930 0
235601935 0
235601957 0
235667468 0
235667477 0
235667486 0
235667491 0
235732992 0
235733018 0
235733025 0
235733027 0
235798539 0
235798541 0
235798556 0
235798566 0
235864076 0
235864081 0
235864086 0
235864107 0
235929628 0
235929645 0
235929646 0
235929647 0
235995142 0
235995144 0
235995147 0
235995161 0
236060675 0
236060680 0
236060682 0
236060689 0
236126228 0
236126229 0
236126230 0
236126235 0
236191758 0
236191772 0
236191773 0
236191787 0
236257281 0
236257283 0
236257308 0
236257314 0
236322831 0
236322833 0
236322836 0
236322854 0
236388362 0
236388364 0
236388373 0
236388387 0
236453900 0
236453901 0
236453903 0
236453906 0
236519443 0
236519444 0
236519454 0
236519461 0
236584996 0
236584998 0
236585001 0
236585007 0
236650497 0
236650498 0
236650499 0
236650500 0
236716041 0
236716044 0
236716059 0
236716066 0
236781591 0
236781608 0
236781610 0
236781613 0
236847107 0
236847110 0
236847128 0
236847129 0
236912641 0
236912642 0
236912643 0
236912672 0
236978181 0
236978184 0
236978190 0
236978211 0
237043721 0
237043723 0
237043736 0
237043750 0
237109248 0
237109253 0
237109262 0
237109295 0
237174801 0
237174802 0
237174804 0
237174815 0
237240322 0
237240335 0
237240356 0
237240357 0
237305879 0
237305894 0
237305896 0
237305901 0
237371404 0
237371406 0
237371419 0
237371421 0
237436931 0
237436933 0
237436960 0
237436974 0
237502467 0
237502473 0
237502478 0
237502492 0
237568009 0
237568034 0
237568036 0
237568047 0
237633536 0
237633553 0
237633562 0
237633575 0
237699074 0
237699103 0
237699108 0
237699113 0
237764617 0
237764624 0
237764639 0
237764650 0
237830155 0
237830173 0
237830178 0
237830184 0
237895703 0
237895704 0
237895710 0
237895713 0
237961216 0
237961221 0
237961226 0
237961239 0
238026762 0
238026769 0
238026771 0
238026776 0
238092290 0
238092304 0
238092333 0
238092335 0
238157824 0
238157825 0
238157827 0
238157834 0
238223369 0
238223374 0
238223387 0
238223392 0
238288912 0
238288922 0
238288933 0
238288939 0
238354448 0
238354459 0
238354461 0
238354466 0
238419988 0
238419991 0
238420002 0
238420013 0
238485511 0
238485524 0
238485530 0
238485545 0
238551067 0
238551072 0
238551077 0
238551078 0
238616596 0
238616617 0
238616618 0
238616619 0
238682129 0
238682131 0
238682140 0
238682150 0
238747648 0
238747655 0
238747662 0
238747673 0
238813203 0
238813210 0
238813213 0
238813224 0
238878726 0
238878728 0
238878731 0
238878745 0
238944272 0
238944279 0
238944285 0
238944286 0
239009804 0
239009807 0
239009818 0
239009837 0
239075335 0
239075353 0
239075354 0
239075356 0
239140868 0
239140873 0
239140902 0
239140911 0
239206402 0
239206409 0
239206415 0
239206440 0
239271939 0
239271945 0
239271980 0
239271982 0
239337492 0
239337495 0
239337509 0
239337514 0
239403008 0
239403010 0
239403013 0
239403031 0
239468569 0
239468578 0
239468580 0
239468587 0
239534103 0
239534106 0
239534121 0
239534124 0
239599620 0
239599621 0
239599631 0
239599662 0
239665169 0
239665184 0
239665186 0
239665187 0
239730692 0
239730710 0
239730713 0
239730719 0
239796241 0
239796243 0
239796246 0
239796252 0
239861780 0
239861785 0
239861787 0
239861790 0
239927314 0
239927317 0
239927327 0
239927328 0
239992835 0
239992857 0
239992858 0
239992860 0
240058368 0
240058386 0
240058391 0
240058409 0
240123939 0
240123940 0
240123946 0
240123949 0
240189445 0
240189454 0
240189463 0
240189480 0
240254985 0
240254988 0
240254995 0
240255010 0
240320512 0
240320523 0
240320542 0
240320545 0
240386064 0
240386085 0
240386086 0
240386095 0
240451593 0
240451615 0
240451620 0
240451622 0
240517125 0
240517144 0
240517147 0
240517150 0
240582690 0
240582696 0
240582701 0
240582703 0
240648207 0
240648221 0
240648236 0
240648238 0
240713730 0
240713732 0
240713733 0
240713755 0
240779281 0
240779291 0
240779294 0
240779300 0
240844803 0
240844806 0
240844816 0
240844841 0
240910345 0
240910372 0
240910378 0
240910383 0
240975901 0
240975902 0
240975911 0
240975916 0
241041408 0
241041410 0
241041419 0
241041437 0
241106945 0
241106952 0
241106962 0
241106983 0
241172484 0
241172499 0
241172517 0
241172526 0
241238042 0
241238044 0
241238057 0
241238059 0
241303554 0
241303563 0
241303580 0
241303589 0
241369090 0
241369091 0
241369097 0
241369100 0
241434624 0
241434627 0
241434638 0
241434645 0
241500180 0
241500182 0
241500183 0
241500197 0
241565697 0
241565710 0
241565711 0
241565712 0
241631250 0
241631252 0
241631253 0
241631275 0
241696783 0
241696800 0
241696805 0
241696810 0
241762305 0
241762308 0
241762310 0
241762311 0
241827864 0
241827869 0
241827879 0
241827882 0
241893410 0
241893413 0
241893419 0
241893420 0
241958919 0
241958925 0
241958942 0
241958956 0
242024463 0
242024473 0
242024482 0
242024484 0
242089994 0
242089997 0
242090016 0
242090023 0
242155534 0
242155549 0
242155555 0
242155560 0
242221057 0
242221083 0
242221094 0
242221096 0
242286598 0
242286600 0
242286605 0
242286607 0
242352144 0
242352147 0
242352150 0
242352157 0
242417671 0
242417676 0
242417690 0
242417697 0
242483206 0
242483224 0
242483225 0
242483227 0
242548744 0
242548754 0
242548761 0
242548767 0
242614282 0
242614284 0
242614293 0
242614319 0
242679814 0
242679817 0
242679847 0
242679848 0
242745361 0
242745388 0
242745390 0
242745391 0
242810905 0
242810916 0
242810918 0
242810919 0
242876431 0
242876450 0
242876452 0
242876453 0
242941955 0
242941970 0
242941980 0
242941993 0
243007513 0
243007520 0
243007523 0
243007530 0
243073042 0
243073043 0
243073052 0
243073057 0
243138576 0
243138579 0
243138585 0
243138590 0
243204097 0
243204111 0
243204114 0
243204132 0
243269656 0
243269669 0
243269674 0
243269679 0
243335199 0
243335200 0
243335209 0
243335214 0
243400718 0
243400721 0
243400728 0
243400739 0
243466266 0
243466272 0
243466279 0
243466281 0
243531800 0
243531807 0
243531809 0
243531818 0
243597313 0
243597332 0
243597334 0
243597351 0
243662855 0
243662869 0
243662888 0
243662890 0
243728404 0
243728405 0
243728410 0
243728431 0
243793922 0
243793931 0
243793956 0
243793965 0
243859468 0
243859470 0
243859477 0
243859491 0
243924994 0
243925024 0
243925029 0
243925031 0
243990528 0
243990546 0
243990549 0
243990551 0
244056072 0
244056087 0
244056090 0
244056101 0
244121618 0
244121624 0
244121627 0
244121637 0
244187142 0
244187147 0
244187149 0
244187152 0
244252679 0
244252684 0
244252701 0
244252714 0
244318213 0
244318216 0
244318238 0
244318247 0
244383755 0
244383757 0
244383770 0
244383776 0
244449315 0
244449316 0
244449317 0
244449322 0
244514832 0
244514833 0
244514842 0
244514851 0
244580377 0
244580386 0
244580392 0
244580399 0
244645898 0
244645901 0
244645912 0
244645919 0
244711425 0
244711430 0
244711432 0
244711447 0
244776960 0
244776985 0
244776995 0
244777002 0
244842498 0
244842519 0
244842532 0
244842541 0
244908053 0
244908062 0
244908068 0
244908075 0
244973592 0
244973613 0
244973614 0
244973615 0
245039109 0
245039127 0
245039136 0
245039150 0
245104676 0
245104679 0
245104681 0
245104686 0
245170182 0
245170185 0
245170191 0
245170200 0
245235712 0
245235715 0
245235722 0
245235733 0
245301265 0
245301283 0
245301284 0
245301286 0
245366810 0
245366820 0
245366825 0
245366827 0
245432350 0
245432356 0
245432357 0
245432367 0
245497859 0
245497861 0
245497892 0
245497902 0
245563425 0
245563427 0
245563434 0
245563436 0
245628936 0
245628939 0
245628946 0
245628953 0
245694464 0
245694475 0
245694481 0
245694490 0
245760014 0
245760015 0
245760016 0
245760017 0
245825539 0
245825544 0
245825565 0
245825566 0
245891076 0
245891079 0
245891105 0
245891106 0
245956624 0
245956627 0
245956642 0
245956645 0
246022157 0
246022159 0
246022160 0
246022190 0
246087700 0
246087701 0
246087702 0
246087703 0
246153216 0
246153218 0
246153233 0
246153255 0
246218758 0
246218776 0
246218789 0
246218795 0
246284298 0
246284305 0
246284312 0
246284327 0
246349825 0
246349828 0
246349838 0
246349855 0
246415384 0
246415389 0
246415402 0
246415403 0
246480899 0
246480921 0
246480928 0
246480934 0
246546449 0
246546452 0
246546463 0
246546474 0
246611985 0
246611986 0
246612004 0
246612015 0
246677506 0
246677521 0
246677540 0
246677551 0
246743040 0
246743042 0
246743085 0
246743087 0
246808594 0
246808597 0
246808604 0
246808615 0
246874119 0
246874122 0
246874133 0
246874136 0
246939657 0
246939658 0
246939660 0
246939679 0
247005197 0
247005200 0
247005211 0
247005230 0
247070730 0
247070732 0
247070749 0
247070767 0
247136257 0
247136258 0
247136259 0
247136264 0
247201807 0
247201808 0
247201810 0
247201813 0
247267347 0
247267350 0
247267369 0
247267372 0
247332883 0
247332886 0
247332896 0
247332897 0
247398418 0
247398424 0
247398429 0
247398431 0
247463943 0
247463958 0
247463960 0
247463965 0
247529481 0
247529504 0
247529506 0
247529511 0
247595037 0
247595039 0
247595050 0
247595052 0
247660544 0
247660549 0
247660551 0
247660570 0
247726088 0
247726101 0
247726118 0
247726123 0
247791623 0
247791624 0
247791625 0
247791626 0
247857176 0
247857179 0
247857181 0
247857198 0
247922697 0
247922716 0
247922719 0
247922730 0
247988263 0
247988265 0
247988268 0
247988270 0
248053769 0
248053772 0
248053786 0
248053791 0
248119324 0
248119329 0
248119331 0
248119338 0
248184843 0
248184845 0
248184868 0
248184870 0
248250383 0
248250401 0
248250408 0
248250414 0
248315912 0
248315921 0
248315926 0
248315939 0
248381440 0
248381441 0
248381455 0
248381482 0
248447002 0
248447015 0
248447016 0
248447017 0
248512515 0
248512524 0
248512529 0
248512558 0
248578056 0
248578057 0
248578078 0
248578079 0
248643596 0
248643617 0
248643630 0
248643631 0
248709125 0
248709155 0
248709156 0
248709166 0
248774656 0
248774658 0
248774659 0
248774697 0
248840219 0
248840232 0
248840233 0
248840238 0
248905735 0
248905737 0
248905756 0
248905758 0
248971291 0
248971294 0
248971300 0
248971301 0
249036802 0
249036828 0
249036829 0
249036847 0
249102341 0
249102346 0
249102372 0
249102383 0
249167901 0
249167912 0
249167914 0
249167915 0
249233420 0
249233439 0
249233453 0
249233454 0
249298962 0
249298973 0
249298975 0
249298980 0
249364483 0
249364504 0
249364521 0
249364526 0
249430016 0
249430019 0
249430026 0
249430037 0
249495571 0
249495576 0
249495578 0
249495589 0
249561099 0
249561101 0
249561122 0
249561128 0
249626635 0
249626641 0
249626652 0
249626654 0
249692175 0
249692189 0
249692198 0
249692200 0
249757703 0
249757704 0
249757710 0
249757717 0
249823237 0
249823252 0
249823255 0
249823278 0
249888790 0
249888791 0
249888797 0
249888812 0
249954336 0
249954343 0
249954349 0
249954350 0
250019846 0
250019849 0
250019860 0
250019879 0
250085380 0
250085394 0
250085397 0
250085399 0
250150924 0
250150955 0
250150957 0
250150958 0
250216459 0
250216460 0
250216470 0
250216481 0
250281992 0
250281994 0
250282005 0
250282019 0
250347536 0
250347545 0
250347558 0
250347559 0
250413080 0
250413089 0
250413098 0
250413099 0
250478604 0
250478606 0
250478615 0
250478637 0
250544139 0
250544152 0
250544166 0
250544169 0
250609668 0
250609687 0
250609689 0
250609698 0
250675202 0
250675212 0
250675229 0
250675231 0
250740769 0
250740771 0
250740774 0
250740776 0
250806285 0
250806308 0
250806315 0
250806318 0
250871809 0
250871810 0
250871811 0
250871824 0
250937354 0
250937377 0
250937383 0
250937388 0
251002911 0
251002917 0
251002918 0
251002920 0
251068419 0
251068420 0
251068454 0
251068461 0
251133960 0
251133969 0
251133970 0
251133979 0
251199518 0
251199519 0
251199532 0
251199533 0
251265046 0
251265064 0
251265069 0
251265071 0
251330577 0
251330584 0
251330586 0
251330587 0
251396118 0
251396132 0
251396137 0
251396139 0
251461632 0
251461637 0
251461670 0
251461671 0
251527170 0
251527180 0
251527181 0
251527203 0
251592737 0
251592746 0
251592747 0
251592748 0
251658248 0
251658253 0
251658283 0
251658286 0
251723784 0
251723817 0
251723819 0
251723822 0
251789315 0
251789329 0
251789332 0
251789334 0
251854880 0
251854882 0
251854891 0
251854893 0
251920399 0
251920422 0
251920424 0
251920429 0
251985937 0
251985938 0
251985947 0
251985952 0
252051456 0
252051459 0
252051466 0
252051477 0
252117026 0
252117032 0
252117035 0
252117037 0
252182542 0
252182563 0
252182565 0
252182568 0
252248076 0
252248099 0
252248105 0
252248106 0
252313606 0
252313632 0
252313641 0
252313647 0
252379143 0
252379164 0
252379166 0
252379169 0
252444695 0
252444712 0
252444714 0
252444717 0
252510210 0
252510223 0
252510224 0
252510233 0
252575764 0
252575767 0
252575781 0
252575782 0
252641292 0
252641297 0
252641306 0
252641319 0
252706834 0
252706843 0
252706848 0
252706861 0
252772357 0
252772360 0
252772374 0
252772379 0
252837892 0
252837898 0
252837907 0
252837909 0
252903425 0
252903426 0
252903440 0
252903443 0
252968961 0
252968964 0
252968967 0
252968990 0
253034508 0
253034531 0
253034538 0
253034541 0
253100055 0
253100058 0
253100072 0
253100077 0
253165569 0
253165604 0
253165614 0
253165615 0
253231130 0
253231135 0
253231137 0
253231144 0
253296677 0
253296678 0
253296683 0
253296684 0
253362181 0
253362208 0
253362214 0
253362219 0
253427722 0
253427727 0
253427737 0
253427740 0
253493258 0
253493267 0
253493277 0
253493288 0
253558789 0
253558798 0
253558812 0
253558827 0
253624324 0
253624338 0
253624361 0
253624367 0
253689865 0
253689866 0
253689880 0
253689887 0
253755409 0
253755414 0
253755424 0
253755427 0
253820938 0
253820940 0
253820953 0
253820967 0
253886477 0
253886478 0
253886491 0
253886492 0
253952019 0
253952028 0
253952029 0
253952038 0
254017568 0
254017569 0
254017571 0
254017578 0
254083104 0
254083110 0
254083115 0
254083117 0
254148614 0
254148621 0
254148623 0
254148624 0
254214176 0
254214181 0
254214190 0
254214191 0
254279691 0
254279704 0
254279713 0
254279718 0
254345217 0
254345218 0
254345220 0
254345255 0
254410780 0
254410782 0
254410783 0
254410797 0
254476294 0
254476320 0
254476321 0
254476327 0
254541825 0
254541827 0
254541854 0
254541856 0
254607402 0
254607403 0
254607404 0
254607405 0
254672916 0
254672935 0
254672937 0
254672942 0
254738466 0
254738471 0
254738473 0
254738476 0
254803972 0
254803974 0
254803993 0
254804007 0
254869525 0
254869539 0
254869544 0
254869546 0
254935069 0
254935070 0
254935071 0
254935076 0
255000576 0
255000586 0
255000587 0
255000609 0
255066153 0
255066155 0
255066156 0
255066158 0
255131648 0
255131650 0
255131655 0
255131669 0
255197200 0
255197221 0
255197223 0
255197230 0
255262721 0
255262723 0
255262736 0
255262738 0
255328286 0
255328289 0
255328296 0
255328303 0
255393792 0
255393811 0
255393834 0
255393837 0
255459348 0
255459354 0
255459367 0
255459369 0
255524867 0
255524869 0
255524874 0
255524908 0
255590404 0
255590406 0
255590425 0
255590427 0
255655941 0
255655951 0
255655976 0
255655982 0
255721475 0
255721478 0
255721508 0
255721513 0
255787042 0
255787047 0
255787052 0
255787053 0
255852556 0
255852558 0
255852575 0
255852589 0
255918083 0
255918084 0
255918114 0
255918121 0
255983639 0
255983649 0
255983658 0
255983660 0
256049159 0
256049173 0
256049178 0
256049196 0
256114702 0
256114704 0
256114725 0
256114727 0
256180226 0
256180229 0
256180248 0
256180267 0
256245771 0
256245773 0
256245778 0
256245800 0
256311301 0
256311340 0
256311342 0
256311343 0
256376852 0
256376853 0
256376855 0
256376878 0
256442383 0
256442401 0
256442404 0
256442414 0
256507910 0
256507947 0
256507948 0
256507949 0
256573441 0
256573444 0
256573451 0
256573462 0
256638978 0
256639001 0
256639020 0
256639023 0
256704535 0
256704548 0
256704557 0
256704558 0
256770051 0
256770065 0
256770078 0
256770088 0
256835587 0
256835596 0
256835614 0
256835625 0
256901129 0
256901136 0
256901143 0
256901162 0
256966661 0
256966680 0
256966682 0
256966703 0
257032198 0
257032203 0
257032221 0
257032228 0
257097750 0
257097752 0
257097755 0
257097773 0
257163296 0
257163299 0
257163309 0
257163310 0
257228834 0
257228836 0
257228843 0
257228845 0
257294373 0
257294376 0
257294379 0
257294382 0
257359872 0
257359886 0
257359891 0
257359909 0
257425442 0
257425447 0
257425449 0
257425452 0
257490950 0
257490969 0
257490987 0
257490988 0
257556509 0
257556524 0
257556526 0
257556527 0
257622031 0
257622032 0
257622050 0
257622061 0
257687567 0
257687568 0
257687585 0
257687586 0
257753088 0
257753125 0
257753126 0
257753127 0
257818650 0
257818668 0
257818669 0
257818671 0
257884180 0
257884199 0
257884201 0
257884206 0
257949699 0
257949729 0
257949734 0
257949740 0
258015255 0
258015261 0
258015262 0
258015268 0
258080804 0
258080806 0
258080809 0
258080811 0
258146332 0
258146342 0
258146345 0
258146347 0
258211848 0
258211849 0
258211863 0
258211882 0
258277378 0
258277413 0
258277415 0
258277416 0
258342920 0
258342921 0
258342939 0
258342954 0
258408471 0
258408474 0
258408476 0
258408485 0
258473987 0
258474028 0
258474029 0
258474030 0
258539550 0
258539559 0
258539561 0
258539564 0
258605085 0
258605088 0
258605090 0
258605103 0
258670631 0
258670633 0
258670636 0
258670638 0
258736156 0
258736166 0
258736167 0
258736173 0
258801681 0
258801683 0
258801684 0
258801686 0
258867202 0
258867241 0
258867244 0
258867247 0
258932763 0
258932766 0
258932777 0
258932780 0
258998277 0
258998294 0
258998307 0
258998316 0
259063817 0
259063818 0
259063819 0
259063840 0
259129348 0
259129378 0
259129381 0
259129383 0
259194910 0
259194912 0
259194913 0
259194927 0
259260426 0
259260441 0
259260452 0
259260455 0
259325959 0
259325985 0
259325994 0
259325996 0
259391512 0
259391517 0
259391527 0
259391534 0
259457044 0
259457047 0
259457061 0
259457070 0
259522572 0
259522590 0
259522591 0
259522593 0
259588097 0
259588100 0
259588115 0
259588130 0
259653632 0
259653657 0
259653666 0
259653679 0
259719197 0
259719198 0
259719199 0
259719200 0
259784727 0
259784730 0
259784733 0
259784748 0
259850280 0
259850285 0
259850286 0
259850287 0
259915781 0
259915804 0
259915818 0
259915819 0
259981324 0
259981345 0
259981347 0
259981350 0
260046876 0
260046883 0
260046889 0
260046890 0
260112384 0
260112389 0
260112394 0
260112431 0
260177924 0
260177926 0
260177951 0
260177957 0
260243484 0
260243486 0
260243489 0
260243503 0
260309018 0
260309019 0
260309032 0
260309037 0
260374529 0
260374535 0
260374552 0
260374570 0
260440082 0
260440099 0
260440100 0
260440109 0
260505628 0
260505633 0
260505646 0
260505647 0
260571171 0
260571173 0
260571178 0
260571180 0
260636674 0
260636709 0
260636716 0
260636719 0
260702232 0
260702237 0
260702246 0
260702247 0
260767745 0
260767776 0
260767790 0
260767791 0
260833284 0
260833310 0
260833321 0
260833327 0
260898825 0
260898848 0
260898855 0
260898858 0
260964359 0
260964364 0
260964394 0
260964397 0
261029915 0
261029929 0
261029932 0
261029934 0
261095450 0
261095459 0
261095464 0
261095469 0
261160986 0
261161004 0
261161005 0
261161007 0
261226509 0
261226514 0
261226532 0
261226543 0
261292032 0
261292046 0
261292049 0
261292051 0
261357589 0
261357592 0
261357603 0
261357610 0
261423117 0
261423135 0
261423136 0
261423146 0
261488674 0
261488679 0
261488681 0
261488684 0
261554197 0
261554214 0
261554216 0
261554219 0
261619712 0
261619731 0
261619750 0
261619753 0
261685276 0
261685278 0
261685285 0
261685295 0
261750802 0
261750808 0
261750821 0
261750823 0
261816355 0
261816362 0
261816364 0
261816365 0
261881864 0
261881866 0
261881885 0
261881899 0
261947400 0
261947405 0
261947426 0
261947431 0
262012948 0
262012965 0
262012966 0
262012975 0
262078470 0
262078479 0
262078493 0
262078500 0
262144007 0
262144010 0
262144029 0
262144044 0
262209564 0
262209573 0
262209578 0
262209579 0
262275092 0
262275094 0
262275111 0
262275113 0
262340639 0
262340640 0
262340642 0
262340653 0
262406157 0
262406159 0
262406164 0
262406190 0
262471707 0
262471714 0
262471716 0
262471725 0
262537223 0
262537245 0
262537258 0
262537260 0
262602763 0
262602786 0
262602789 0
262602792 0
262668294 0
262668299 0
262668328 0
262668329 0
262733865 0
262733867 0
262733868 0
262733870 0
262799363 0
262799386 0
262799400 0
262799405 0
262864910 0
262864931 0
262864940 0
262864941 0
262930437 0
262930464 0
262930475 0
262930478 0
262995973 0
262996000 0
262996003 0
262996014 0
263061512 0
263061538 0
263061539 0
263061541 0
263127067 0
263127081 0
263127082 0
263127084 0
263192586 0
263192613 0
263192616 0
263192619 0
263258120 0
263258125 0
263258143 0
263258146 0
263323675 0
263323680 0
263323682 0
263323685 0
263389225 0
263389227 0
263389228 0
263389230 0
263454720 0
263454734 0
263454755 0
263454757 0
263520272 0
263520298 0
263520299 0
263520301 0
263585817 0
263585826 0
263585836 0
263585839 0
263651347 0
263651365 0
263651368 0
263651370 0
263716871 0
263716904 0
263716909 0
263716910 0
263782424 0
263782430 0
263782431 0
263782445 0
263847941 0
263847946 0
263847976 0
263847979 0
263913477 0
263913500 0
263913510 0
263913519 0
263979025 0
263979046 0
263979052 0
263979055 0
264044578 0
264044583 0
264044585 0
264044588 0
264110124 0
264110125 0
264110126 0
264110127 0
264175644 0
264175661 0
264175662 0
264175663 0
264241156 0
264241158 0
264241159 0
264241161 0
264306690 0
264306691 0
264306693 0
264306696 0
264372225 0
264372256 0
264372262 0
264372263 0
264437761 0
264437771 0
264437776 0
264437778 0
264503315 0
264503317 0
264503330 0
264503332 0
264568835 0
264568840 0
264568842 0
264568845 0
264634369 0
264634371 0
264634384 0
264634398 0
264699917 0
264699919 0
264699920 0
264699934 0
264765444 0
264765450 0
264765451 0
264765453 0
264830976 0
264830994 0
264831013 0
264831019 0
264896524 0
264896531 0
264896542 0
264896553 0
264962049 0
264962052 0
264962054 0
264962055 0
265027584 0
265027599 0
265027605 0
265027622 0
265093134 0
265093135 0
265093136 0
265093137 0
265158680 0
265158683 0
265158689 0
265158690 0
265224195 0
265224197 0
265224198 0
265224204 0
265289732 0
265289733 0
265289734 0
265289751 0
265355266 0
265355269 0
265355283 0
265355296 0
265420811 0
265420821 0
265420822 0
265420824 0
265486357 0
265486360 0
265486367 0
265486374 0
265551881 0
265551882 0
265551883 0
265551888 0
265617422 0
265617432 0
265617437 0
265617451 0
265682953 0
265682954 0
265682955 0
265682960 0
265748497 0
265748512 0
265748514 0
265748527 0
265814016 0
265814023 0
265814026 0
265814041 0
265879557 0
265879562 0
265879579 0
265879580 0
265945097 0
265945098 0
265945112 0
265945115 0
266010637 0
266010638 0
266010639 0
266010656 0
266076168 0
266076169 0
266076183 0
266076186 0
266141696 0
266141697 0
266141711 0
266141722 0
266207232 0
266207235 0
266207238 0
266207241 0
266272769 0
266272771 0
266272792 0
266272806 0
266338319 0
266338324 0
266338337 0
266338338 0
266403840 0
266403843 0
266403845 0
266403862 0
266469376 0
266469393 0
266469399 0
266469406 0
266534914 0
266534916 0
266534929 0
266534943 0
266600457 0
266600459 0
266600460 0
266600474 0
266666000 0
266666001 0
266666015 0
266666022 0
266731528 0
266731533 0
266731534 0
266731551 0
266797065 0
266797080 0
266797082 0
266797083 0
266862605 0
266862614 0
266862631 0
266862632 0
266928129 0
266928130 0
266928139 0
266928156 0
266993678 0
266993687 0
266993693 0
266993696 0
267059205 0
267059207 0
267059208 0
267059222 0
267124747 0
267124750 0
267124752 0
267124753 0
267190272 0
267190309 0
267190310 0
267190311 0
267255818 0
267255819 0
267255832 0
267255833 0
267321345 0
267321355 0
267321360 0
267321362 0
267386882 0
267386888 0
267386889 0
267386895 0
267452433 0
267452436 0
267452439 0
267452442 0
267517968 0
267517970 0
267517971 0
267517973 0
267583488 0
267583490 0
267583503 0
267583505 0
267649028 0
267649030 0
267649031 0
267649033 0
267714564 0
267714571 0
267714574 0
267714581 0
267780104 0
267780125 0
267780127 0
267780130 0
267845642 0
267845647 0
267845660 0
267845665 0
267911175 0
267911190 0
267911196 0
267911205 0
267976713 0
267976716 0
267976723 0
267976746 0
268042244 0
268042250 0
268042253 0
268042267 0
268107793 0
268107806 0
268107815 0
268107820 0
268173316 0
268173334 0
268173353 0
268173355 0
268238870 0
268238873 0
268238875 0
268238884 0
268304389 0
268304392 0
268304414 0
268304427 0
268369948 0
268369950 0
268369951 0
268369953 0
268435474 0
268435475 0
268435488 0
268435497 0
268501009 0
268501012 0
268501023 0
268501030 0
268566530 0
268566531 0
268566532 0
268566537 0
268632071 0
268632072 0
268632098 0
268632101 0
268697619 0
268697622 0
268697628 0
268697629 0
268763136 0
268763138 0
268763139 0
268763141 0
268828678 0
268828680 0
268828689 0
268828691 0
268894214 0
268894233 0
268894235 0
268894236 0
268959744 0
268959745 0
268959747 0
268959766 0
269025288 0
269025291 0
269025301 0
269025302 0
269090816 0
269090818 0
269090829 0
269090839 0
269156368 0
269156371 0
269156373 0
269156390 0
269221889 0
269221890 0
269221892 0
269221895 0
269287437 0
269287451 0
269287454 0
269287456 0
269352971 0
269352976 0
269352978 0
269352981 0
269418500 0
269418509 0
269418514 0
269418519 0
269484036 0
269484037 0
269484039 0
269484042 0
269549568 0
269549573 0
269549582 0
269549591 0
269615120 0
269615129 0
269615131 0
269615134 0
269680649 0
269680651 0
269680664 0
269680682 0
269746178 0
269746200 0
269746201 0
269746207 0
269811713 0
269811722 0
269811732 0
269811759 0
269877249 0
269877251 0
269877262 0
269877264 0
269942787 0
269942790 0
269942792 0
269942793 0
270008354 0
270008357 0
270008363 0
270008364 0
270073865 0
270073866 0
270073868 0
270073883 0
270139397 0
270139398 0
270139403 0
270139404 0
270204933 0
270204948 0
270204951 0
270204966 0
270270482 0
270270492 0
270270501 0
270270503 0
270336023 0
270336030 0
270336040 0
270336045 0
270401546 0
270401547 0
270401548 0
270401553 0
270467080 0
270467081 0
270467086 0
270467115 0
270532639 0
270532641 0
270532646 0
270532652 0
270598145 0
270598155 0
270598158 0
270598160 0
270663681 0
270663683 0
270663702 0
270663716 0
270729222 0
270729225 0
270729227 0
270729228 0
270794767 0
270794780 0
270794782 0
270794785 0
270860291 0
270860309 0
270860318 0
270860320 0
270925827 0
270925829 0
270925832 0
270925870 0
270991362 0
270991363 0
270991376 0
270991377 0
271056904 0
271056914 0
271056921 0
271056923 0
271122450 0
271122453 0
271122456 0
271122463 0
271187975 0
271187977 0
271187978 0
271187988 0
271253508 0
271253513 0
271253515 0
271253530 0
271319050 0
271319051 0
271319053 0
271319064 0
271384613 0
271384619 0
271384620 0
271384622 0
271450113 0
271450116 0
271450118 0
271450123 0
271515661 0
271515683 0
271515684 0
271515690 0
271581204 0
271581206 0
271581207 0
271581209 0
271646752 0
271646753 0
271646754 0
271646755 0
271712258 0
271712261 0
271712264 0
271712303 0
271777809 0
271777812 0
271777815 0
271777830 0
271843337 0
271843339 0
271843340 0
271843366 0
271908864 0
271908890 0
271908893 0
271908899 0
271974406 0
271974421 0
271974432 0
271974443 0
272039952 0
272039954 0
272039957 0
272039979 0
272105480 0
272105487 0
272105490 0
272105501 0
272171008 0
272171010 0
272171019 0
272171033 0
272236567 0
272236568 0
272236581 0
272236582 0
272302081 0
272302082 0
272302083 0
272302100 0
272367616 0
272367645 0
272367647 0
272367662 0
272433155 0
272433164 0
272433165 0
272433198 0
272498694 0
272498704 0
272498717 0
272498731 0
272564224 0
272564230 0
272564239 0
272564249 0
272629772 0
272629782 0
272629793 0
272629807 0
272695300 0
272695303 0
272695309 0
272695310 0
272760842 0
272760845 0
272760848 0
272760859 0
272826372 0
272826373 0
272826375 0
272826378 0
272891905 0
272891918 0
272891935 0
272891940 0
272957454 0
272957465 0
272957472 0
272957483 0
273022991 0
273022994 0
273023000 0
273023005 0
273088531 0
273088534 0
273088536 0
273088537 0
273154076 0
273154078 0
273154079 0
273154089 0
273219603 0
273219604 0
273219606 0
273219625 0
273285123 0
273285126 0
273285128 0
273285149 0
273350657 0
273350664 0
273350675 0
273350678 0
273416204 0
273416205 0
273416215 0
273416218 0
273481734 0
273481753 0
273481767 0
273481768 0
273547267 0
273547269 0
273547286 0
273547300 0
273612804 0
273612819 0
273612829 0
273612834 0
273678337 0
273678348 0
273678355 0
273678362 0
273743873 0
273743876 0
273743886 0
273743891 0
273809412 0
273809415 0
273809425 0
273809446 0
273874955 0
273874957 0
273874988 0
273874990 0
273940508 0
273940513 0
273940522 0
273940523 0
274006021 0
274006024 0
274006047 0
274006058 0
274071559 0
274071562 0
274071565 0
274071572 0
274137095 0
274137114 0
274137117 0
274137132 0
274202628 0
274202630 0
274202639 0
274202641 0
274268164 0
274268186 0
274268195 0
274268205 0
274333696 0
274333707 0
274333710 0
274333713 0
274399241 0
274399258 0
274399259 0
274399272 0
274464771 0
274464774 0
274464777 0
274464812 0
274530318 0
274530319 0
274530321 0
274530336 0
274595849 0
274595858 0
274595859 0
274595876 0
274661379 0
274661381 0
274661384 0
274661398 0
274726919 0
274726933 0
274726934 0
274726956 0
274792457 0
274792458 0
274792464 0
274792491 0
274857986 0
274857988 0
274857989 0
274858003 0
274923538 0
274923556 0
274923565 0
274923567 0
274989058 0
274989064 0
274989067 0
274989085 0
275054616 0
275054617 0
275054631 0
275054634 0
275120132 0
275120158 0
275120165 0
275120167 0
275185673 0
275185676 0
275185679 0
275185682 0
275251208 0
275251210 0
275251215 0
275251225 0
275316763 0
275316764 0
275316766 0
275316773 0
275382272 0
275382273 0
275382283 0
275382302 0
275447812 0
275447818 0
275447821 0
275447839 0
275513349 0
275513360 0
275513375 0
275513378 0
275578886 0
275578900 0
275578907 0
275578925 0
275644429 0
275644442 0
275644448 0
275644459 0
275709960 0
275709965 0
275709970 0
275709975 0
275775497 0
275775506 0
275775508 0
275775531 0
275841028 0
275841033 0
275841035 0
275841038 0
275906576 0
275906595 0
275906597 0
275906598 0
275972101 0
275972111 0
275972124 0
275972130 0
276037633 0
276037648 0
276037667 0
276037670 0
276103168 0
276103183 0
276103185 0
276103190 0
276168705 0
276168710 0
276168711 0
276168732 0
276234254 0
276234257 0
276234259 0
276234260 0
276299776 0
276299779 0
276299793 0
276299798 0
276365324 0
276365333 0
276365343 0
276365346 0
276430858 0
276430860 0
276430883 0
276430885 0
276496385 0
276496400 0
276496419 0
276496426 0
276561932 0
276561946 0
276561949 0
276561951 0
276627468 0
276627469 0
276627478 0
276627479 0
276692993 0
276693003 0
276693010 0
276693020 0
276758541 0
276758544 0
276758547 0
276758550 0
276824081 0
276824084 0
276824099 0
276824110 0
276889622 0
276889633 0
276889635 0
276889640 0
276955137 0
276955138 0
276955139 0
276955140 0
277020699 0
277020700 0
277020702 0
277020709 0
277086225 0
277086227 0
277086242 0
277086248 0
277151748 0
277151750 0
277151759 0
277151761 0
277217291 0
277217292 0
277217298 0
277217301 0
277282817 0
277282838 0
277282840 0
277282843 0
277348372 0
277348381 0
277348386 0
277348395 0
277413893 0
277413914 0
277413916 0
277413923 0
277479449 0
277479454 0
277479459 0
277479468 0
277544977 0
277544978 0
277544979 0
277544980 0
277610502 0
277610525 0
277610532 0
277610539 0
277676034 0
277676035 0
277676036 0
277676037 0
277741570 0
277741581 0
277741583 0
277741588 0
277807106 0
277807107 0
277807113 0
277807120 0
277872640 0
277872659 0
277872661 0
277872670 0
277938176 0
277938181 0
277938194 0
277938207 0
278003714 0
278003716 0
278003717 0
278003743 0
278069254 0
278069257 0
278069259 0
278069292 0
278134798 0
278134803 0
278134809 0
278134824 0
278200334 0
278200344 0
278200347 0
278200361 0
278265856 0
278265861 0
278265866 0
278265871 0
278331408 0
278331425 0
278331427 0
278331438 0
278396934 0
278396939 0
278396948 0
278396973 0
278462475 0
278462480 0
278462485 0
278462498 0
278528006 0
278528009 0
278528020 0
278528031 0
278593557 0
278593562 0
278593564 0
278593575 0
278659077 0
278659098 0
278659104 0
278659115 0
278724621 0
278724624 0
278724626 0
278724647 0
278790148 0
278790153 0
278790159 0
278790162 0
278855681 0
278855696 0
278855699 0
278855710 0
278921232 0
278921234 0
278921249 0
278921251 0
278986774 0
278986775 0
278986776 0
278986781 0
279052302 0
279052308 0
279052313 0
279052315 0
279117832 0
279117834 0
279117859 0
279117861 0
279183361 0
279183362 0
279183364 0
279183367 0
279248910 0
279248921 0
279248924 0
279248943 0
279314434 0
279314436 0
279314451 0
279314477 0
279379986 0
279379987 0
279379988 0
279379993 0
279445517 0
279445518 0
279445519 0
279445548 0
279511062 0
279511075 0
279511076 0
279511081 0
279576576 0
279576583 0
279576590 0
279576617 0
279642114 0
279642124 0
279642131 0
279642141 0
279707649 0
279707650 0
279707664 0
279707675 0
279773198 0
279773199 0
279773200 0
279773217 0
279838732 0
279838734 0
279838749 0
279838767 0
279904258 0
279904271 0
279904272 0
279904285 0
279969812 0
279969822 0
279969823 0
279969829 0
280035339 0
280035342 0
280035360 0
280035373 0
280100864 0
280100881 0
280100891 0
280100894 0
280166411 0
280166420 0
280166437 0
280166438 0
280231958 0
280231959 0
280231960 0
280231973 0
280297483 0
280297486 0
280297488 0
280297509 0
280363031 0
280363042 0
280363045 0
280363048 0
280428548 0
280428557 0
280428558 0
280428575 0
280494087 0
280494089 0
280494090 0
280494092 0
280559623 0
280559628 0
280559642 0
280559653 0
280625157 0
280625160 0
280625162 0
280625171 0
280690694 0
280690708 0
280690717 0
280690731 0
280756227 0
280756230 0
280756233 0
280756268 0
280821772 0
280821774 0
280821789 0
280821791 0
280887308 0
280887311 0
280887326 0
280887329 0
280952844 0
280952846 0
280952847 0
280952865 0
281018369 0
281018371 0
281018384 0
281018394 0
281083907 0
281083921 0
281083924 0
281083926 0
281149461 0
281149470 0
281149479 0
281149484 0
281214983 0
281214985 0
281214988 0
281215006 0
281280526 0
281280528 0
281280537 0
281280543 0
281346048 0
281346053 0
281346058 0
281346059 0
281411591 0
281411605 0
281411606 0
281411620 0
281477134 0
281477152 0
281477159 0
281477165 0
281542667 0
281542688 0
281542701 0
281542702 0
281608208 0
281608211 0
281608218 0
281608229 0
281673728 0
281673730 0
281673733 0
281673735 0
281739265 0
281739274 0
281739280 0
281739299 0
281804802 0
281804833 0
281804836 0
281804847 0
281870338 0
281870341 0
281870355 0
281870360 0
281935875 0
281935886 0
281935896 0
281935897 0
282001425 0
282001427 0
282001428 0
282001430 0
282066955 0
282066958 0
282066976 0
282066985 0
282132499 0
282132509 0
282132518 0
282132520 0
282198029 0
282198030 0
282198048 0
282198063 0
282263587 0
282263593 0
282263596 0
282263598 0
282329094 0
282329112 0
282329115 0
282329117 0
282394625 0
282394632 0
282394642 0
282394663 0
282460169 0
282460172 0
282460187 0
282460190 0
282525729 0
282525730 0
282525731 0
282525736 0
282591245 0
282591246 0
282591248 0
282591251 0
282656778 0
282656789 0
282656796 0
282656799 0
282722305 0
282722311 0
282722312 0
282722338 0
282787842 0
282787848 0
282787851 0
282787865 0
282853376 0
282853379 0
282853381 0
282853382 0
282918920 0
282918923 0
282918933 0
282918938 0
282984485 0
282984486 0
282984488 0
282984495 0
283049998 0
283049999 0
283050008 0
283050009 0
283115528 0
283115538 0
283115543 0
283115561 0
283181070 0
283181079 0
283181081 0
283181084 0
283246603 0
283246612 0
283246626 0
283246637 0
283312132 0
283312135 0
283312149 0
283312150 0
283377664 0
283377679 0
283377681 0
283377682 0
283443207 0
283443212 0
283443217 0
283443218 0
283508760 0
283508763 0
283508774 0
283508781 0
283574275 0
283574282 0
283574289 0
283574312 0
283639809 0
283639830 0
283639831 0
283639836 0
283705353 0
283705359 0
283705370 0
283705380 0
283770881 0
283770900 0
283770915 0
283770918 0
283836427 0
283836432 0
283836445 0
283836462 0
283901959 0
283901969 0
283901972 0
283901986 0
283967488 0
283967498 0
283967501 0
283967523 0
284033024 0
284033037 0
284033054 0
284033059 0
284098568 0
284098569 0
284098579 0
284098594 0
284164098 0
284164100 0
284164101 0
284164103 0
284229662 0
284229668 0
284229669 0
284229675 0
284295190 0
284295192 0
284295195 0
284295197 0
284360705 0
284360707 0
284360714 0
284360716 0
284426267 0
284426272 0
284426277 0
284426278 0
284491789 0
284491815 0
284491816 0
284491822 0
284557319 0
284557324 0
284557334 0
284557337 0
284622849 0
284622851 0
284622856 0
284622862 0
284688388 0
284688421 0
284688423 0
284688426 0
284753928 0
284753930 0
284753931 0
284753941 0
284819461 0
284819488 0
284819490 0
284819491 0
284884999 0
284885001 0
284885018 0
284885020 0
284950529 0
284950555 0
284950568 0
284950574 0
285016074 0
285016077 0
285016088 0
285016091 0
285081618 0
285081625 0
285081632 0
285081639 0
285147156 0
285147159 0
285147161 0
285147166 0
285212672 0
285212687 0
285212693 0
285212694 0
285278224 0
285278226 0
285278227 0
285278241 0
285343750 0
285343752 0
285343769 0
285343779 0
285409286 0
285409289 0
285409311 0
285409320 0
285474828 0
285474831 0
285474849 0
285474862 0
285540367 0
285540392 0
285540393 0
285540394 0
285605900 0
285605902 0
285605909 0
285605911 0
285671446 0
285671451 0
285671453 0
285671464 0
285736964 0
285736973 0
285736978 0
285736987 0
285802528 0
285802529 0
285802531 0
285802534 0
285868033 0
285868044 0
285868046 0
285868051 0
285933568 0
285933573 0
285933574 0
285933575 0
285999107 0
285999128 0
285999137 0
285999142 0
286064648 0
286064657 0
286064682 0
286064683 0
286130180 0
286130183 0
286130186 0
286130201 0
286195718 0
286195725 0
286195728 0
286195759 0
286261248 0
286261251 0
286261269 0
286261278 0
286326803 0
286326805 0
286326808 0
286326814 0
286392337 0
286392340 0
286392347 0
286392366 0
286457862 0
286457865 0
286457876 0
286457879 0
286523416 0
286523417 0
286523430 0
286523435 0
286588928 0
286588966 0
286588969 0
286588971 0
286654491 0
286654504 0
286654509 0
286654510 0
286720000 0
286720002 0
286720003 0
286720013 0
286785546 0
286785551 0
286785557 0
286785564 0
286851079 0
286851085 0
286851090 0
286851096 0
286916621 0
286916626 0
286916635 0
286916644 0
286982153 0
286982156 0
286982166 0
286982167 0
287047689 0
287047691 0
287047692 0
287047702 0
287113232 0
287113235 0
287113249 0
287113254 0
287178760 0
287178775 0
287178781 0
287178794 0
287244288 0
287244291 0
287244294 0
287244313 0
287309832 0
287309843 0
287309857 0
287309866 0
287375360 0
287375367 0
287375378 0
287375381 0
287440902 0
287440909 0
287440916 0
287440919 0
287506436 0
287506447 0
287506457 0
287506462 0
287571988 0
287571991 0
287572009 0
287572010 0
287637506 0
287637516 0
287637545 0
287637551 0
287703048 0
287703059 0
287703073 0
287703074 0
287768579 0
287768596 0
287768609 0
287768622 0
287834113 0
287834127 0
287834152 0
287834154 0
287899681 0
287899682 0
287899687 0
287899688 0
287965185 0
287965194 0
287965228 0
287965231 0
288030731 0
288030732 0
288030738 0
288030741 0
288096256 0
288096281 0
288096282 0
288096291 0
288161798 0
288161805 0
288161812 0
288161815 0
288227353 0
288227355 0
288227356 0
288227366 0
288292866 0
288292871 0
288292872 0
288292905 0
288358407 0
288358428 0
288358429 0
288358442 0
288423941 0
288423964 0
288423974 0
288423975 0
288489485 0
288489496 0
288489503 0
288489514 0
288555022 0
288555025 0
288555040 0
288555055 0
288620564 0
288620567 0
288620569 0
288620574 0
288686084 0
288686087 0
288686089 0
288686094 0
288751621 0
288751626 0
288751628 0
288751635 0
288817155 0
288817182 0
288817185 0
288817192 0
288882699 0
288882706 0
288882709 0
288882712 0
288948246 0
288948247 0
288948253 0
288948260 0
289013763 0
289013765 0
289013766 0
289013792 0
289079304 0
289079315 0
289079329 0
289079330 0
289144833 0
289144839 0
289144854 0
289144872 0
289210387 0
289210401 0
289210408 0
289210414 0
289275932 0
289275934 0
289275947 0
289275949 0
289341442 0
289341452 0
289341455 0
289341457 0
289406987 0
289406989 0
289407010 0
289407020 0
289472545 0
289472548 0
289472550 0
289472555 0
289538055 0
289538061 0
289538070 0
289538084 0
289603597 0
289603604 0
289603607 0
289603618 0
289669140 0
289669142 0
289669143 0
289669153 0
289734671 0
289734681 0
289734692 0
289734698 0
289800194 0
289800196 0
289800197 0
289800203 0
289865728 0
289865735 0
289865742 0
289865745 0
289931270 0
289931279 0
289931280 0
289931281 0
289996807 0
289996809 0
289996822 0
289996824 0
290062344 0
290062378 0
290062381 0
290062383 0
290127878 0
290127881 0
290127904 0
290127911 0
290193417 0
290193428 0
290193435 0
290193442 0
290258951 0
290258962 0
290258965 0
290258972 0
290324497 0
290324502 0
290324507 0
290324508 0
290390016 0
290390030 0
290390037 0
290390051 0
290455588 0
290455597 0
290455598 0
290455599 0
290521095 0
290521109 0
290521132 0
290521134 0
290586628 0
290586650 0
290586659 0
290586665 0
290652171 0
290652178 0
290652184 0
290652189 0
290717724 0
290717727 0
290717729 0
290717730 0
290783268 0
290783270 0
290783273 0
290783275 0
290848781 0
290848782 0
290848792 0
290848799 0
290914331 0
290914338 0
290914340 0
290914345 0
290979845 0
290979859 0
290979882 0
290979884 0
291045377 0
291045383 0
291045394 0
291045396 0
291110914 0
291110940 0
291110945 0
291110959 0
291176467 0
291176474 0
291176476 0
291176481 0
291241996 0
291241998 0
291242005 0
291242023 0
291307524 0
291307538 0
291307543 0
291307549 0
291373063 0
291373088 0
291373093 0
291373098 0
291438617 0
291438622 0
291438623 0
291438624 0
291504135 0
291504150 0
291504165 0
291504168 0
291569677 0
291569698 0
291569708 0
291569711 0
291635200 0
291635202 0
291635233 0
291635243 0
291700742 0
291700749 0
291700751 0
291700764 0
291766283 0
291766288 0
291766293 0
291766298 0
291831837 0
291831838 0
291831839 0
291831844 0
291897348 0
291897366 0
291897369 0
291897375 0
291962886 0
291962892 0
291962909 0
291962911 0
292028416 0
292028435 0
292028438 0
292028449 0
292093962 0
292093987 0
292093993 0
292093996 0
292159491 0
292159498 0
292159516 0
292159529 0
292225030 0
292225056 0
292225061 0
292225063 0
292290568 0
292290582 0
292290585 0
292290587 0
292356102 0
292356111 0
292356113 0
292356116 0
292421648 0
292421649 0
292421650 0
292421651 0
292487194 0
292487196 0
292487199 0
292487213 0
292552705 0
292552739 0
292552744 0
292552746 0
292618246 0
292618251 0
292618253 0
292618260 0
292683789 0
292683814 0
292683820 0
292683823 0
292749325 0
292749346 0
292749348 0
292749359 0
292814849 0
292814860 0
292814874 0
292814895 0
292880390 0
292880409 0
292880427 0
292880428 0
292945936 0
292945942 0
292945947 0
292945965 0
293011456 0
293011487 0
293011489 0
293011490 0
293076995 0
293076997 0
293077012 0
293077018 0
293142546 0
293142547 0
293142557 0
293142568 0
293208065 0
293208076 0
293208082 0
293208087 0
293273621 0
293273626 0
293273639 0
293273640 0
293339154 0
293339161 0
293339168 0
293339179 0
293404685 0
293404692 0
293404694 0
293404699 0
293470209 0
293470244 0
293470250 0
293470251 0
293535758 0
293535764 0
293535769 0
293535783 0
293601296 0
293601301 0
293601314 0
293601319 0
293666831 0
293666833 0
293666838 0
293666852 0
293732354 0
293732356 0
293732379 0
293732381 0
293797889 0
293797906 0
293797911 0
293797924 0
293863456 0
293863459 0
293863462 0
293863469 0
293928988 0
293928993 0
293928994 0
293929007 0
293994497 0
293994502 0
293994503 0
293994532 0
294060048 0
294060058 0
294060069 0
294060079 0
294125602 0
294125607 0
294125609 0
294125612 0
294191107 0
294191108 0
294191121 0
294191126 0
294256655 0
294256658 0
294256664 0
294256673 0
294322180 0
294322185 0
294322206 0
294322219 0
294387712 0
294387730 0
294387753 0
294387755 0
294453255 0
294453272 0
294453281 0
294453290 0
294518786 0
294518792 0
294518797 0
294518803 0
294584332 0
294584343 0
294584345 0
294584350 0
294649887 0
294649890 0
294649892 0
294649893 0
294715419 0
294715428 0
294715429 0
294715438 0
294780932 0
294780961 0
294780963 0
294780966 0
294846482 0
294846499 0
294846505 0
294846508 0
294912008 0
294912013 0
294912046 0
294912047 0
294977557 0
294977568 0
294977571 0
294977582 0
295043078 0
295043101 0
295043108 0
295043111 0
295108609 0
295108619 0
295108634 0
295108640 0
295174152 0
295174162 0
295174171 0
295174173 0
295239684 0
295239719 0
295239721 0
295239722 0
295305236 0
295305237 0
295305243 0
295305246 0
295370767 0
295370769 0
295370772 0
295370786 0
295436289 0
295436310 0
295436312 0
295436315 0
295501846 0
295501847 0
295501860 0
295501861 0
295567366 0
295567368 0
295567371 0
295567385 0
295632896 0
295632897 0
295632927 0
295632942 0
295698438 0
295698443 0
295698445 0
295698452 0
295763982 0
295763984 0
295764005 0
295764011 0
295829506 0
295829525 0
295829535 0
295829544 0
295895048 0
295895049 0
295895050 0
295895051 0
295960583 0
295960600 0
295960606 0
295960621 0
296026120 0
296026138 0
296026157 0
296026159 0
296091650 0
296091652 0
296091657 0
296091663 0
296157205 0
296157215 0
296157222 0
296157228 0
296222746 0
296222752 0
296222759 0
296222761 0
296288261 0
296288286 0
296288288 0
296288291 0
296353807 0
296353817 0
296353822 0
296353828 0
296419335 0
296419336 0
296419354 0
296419357 0
296484874 0
296484879 0
296484896 0
296484909 0
296550406 0
296550425 0
296550435 0
296550436 0
296615953 0
296615955 0
296615956 0
296615970 0
296681500 0
296681503 0
296681505 0
296681510 0
296747008 0
296747022 0
296747035 0
296747049 0
296812548 0
296812551 0
296812565 0
296812570 0
296878085 0
296878091 0
296878096 0
296878122 0
296943643 0
296943644 0
296943649 0
296943658 0
297009194 0
297009195 0
297009196 0
297009197 0
297074705 0
297074726 0
297074728 0
297074735 0
297140229 0
297140250 0
297140264 0
297140267 0
297205767 0
297205781 0
297205786 0
297205788 0
297271303 0
297271320 0
297271329 0
297271338 0
297336844 0
297336845 0
297336867 0
297336870 0
297402392 0
297402394 0
297402395 0
297402401 0
297467936 0
297467949 0
297467950 0
297467951 0
297533441 0
297533458 0
297533460 0
297533463 0
297598988 0
297599002 0
297599005 0
297599023 0
297664518 0
297664520 0
297664525 0
297664551 0
297730049 0
297730051 0
297730068 0
297730082 0
297795600 0
297795602 0
297795615 0
297795621 0
297861122 0
297861137 0
297861160 0
297861167 0
297926663 0
297926676 0
297926682 0
297926685 0
297992195 0
297992197 0
297992198 0
297992228 0
298057760 0
298057762 0
298057763 0
298057769 0
298123282 0
298123291 0
298123300 0
298123305 0
298188805 0
298188823 0
298188824 0
298188842 0
298254348 0
298254350 0
298254359 0
298254361 0
298319893 0
298319899 0
298319904 0
298319914 0
298385418 0
298385420 0
298385421 0
298385443 0
298450944 0
298450949 0
298450958 0
298450975 0
298516484 0
298516499 0
298516501 0
298516510 0
298582020 0
298582038 0
298582039 0
298582057 0
298647554 0
298647565 0
298647567 0
298647596 0
298713098 0
298713100 0
298713129 0
298713135 0
298778644 0
298778647 0
298778666 0
298778669 0
298844175 0
298844182 0
298844185 0
298844188 0
298909700 0
298909702 0
298909707 0
298909721 0
298975234 0
298975253 0
298975267 0
298975272 0
299040771 0
299040773 0
299040796 0
299040814 0
299106338 0
299106343 0
299106345 0
299106348 0
299171841 0
299171846 0
299171852 0
299171855 0
299237389 0
299237394 0
299237399 0
299237404 0
299302916 0
299302922 0
299302933 0
299302935 0
299368454 0
299368461 0
299368475 0
299368488 0
299433989 0
299433991 0
299434000 0
299434010 0
299499551 0
299499553 0
299499556 0
299499558 0
299565065 0
299565066 0
299565084 0
299565087 0
299630593 0
299630611 0
299630630 0
299630632 0
299696137 0
299696138 0
299696140 0
299696159 0
299761666 0
299761692 0
299761703 0
299761705 0
299827215 0
299827217 0
299827220 0
299827226 0
299892748 0
299892749 0
299892766 0
299892783 0
299958281 0
299958283 0
299958296 0
299958298 0
300023818 0
300023821 0
300023836 0
300023851 0
300089356 0
300089365 0
300089367 0
300089386 0
300154915 0
300154920 0
300154925 0
300154926 0
300220421 0
300220424 0
300220430 0
300220455 0
300285966 0
300285980 0
300285981 0
300285995 0
300351491 0
300351494 0
300351512 0
300351513 0
300417047 0
300417052 0
300417057 0
300417062 0
300482578 0
300482580 0
300482589 0
300482591 0
300548111 0
300548112 0
300548117 0
300548122 0
300613657 0
300613663 0
300613668 0
300613678 0
300679180 0
300679182 0
300679195 0
300679197 0
300744713 0
300744715 0
300744728 0
300744742 0
300810241 0
300810244 0
300810278 0
300810283 0
300875795 0
300875798 0
300875808 0
300875809 0
300941321 0
300941339 0
300941342 0
300941344 0
301006863 0
301006866 0
301006868 0
301006885 0
301072399 0
301072401 0
301072404 0
301072422 0
301137931 0
301137941 0
301137952 0
301137958 0
301203470 0
301203484 0
301203499 0
301203501 0
301269014 0
301269016 0
301269035 0
301269037 0
301334547 0
301334564 0
301334566 0
301334569 0
301400064 0
301400070 0
301400073 0
301400087 0
301465605 0
301465614 0
301465619 0
301465640 0
301531142 0
301531144 0
301531161 0
301531175 0
301596689 0
301596700 0
301596718 0
301596719 0
301662210 0
301662212 0
301662215 0
301662233 0
301727744 0
301727770 0
301727777 0
301727779 0
301793282 0
301793284 0
301793295 0
301793297 0
301858816 0
301858821 0
301858835 0
301858842 0
301924375 0
301924389 0
301924390 0
301924392 0
301989897 0
301989900 0
301989915 0
301989922 0
302055429 0
302055438 0
302055443 0
302055464 0
302120963 0
302120968 0
302120970 0
302120977 0
302186516 0
302186518 0
302186523 0
302186525 0
302252039 0
302252053 0
302252054 0
302252072 0
302317569 0
302317570 0
302317571 0
302317600 0
302383126 0
302383139 0
302383144 0
302383149 0
302448646 0
302448648 0
302448665 0
302448675 0
302514178 0
302514200 0
302514207 0
302514221 0
302579717 0
302579720 0
302579726 0
302579747 0
302645262 0
302645267 0
302645269 0
302645280 0
302710792 0
302710794 0
302710799 0
302710821 0
302776323 0
302776324 0
302776349 0
302776350 0
302841875 0
302841880 0
302841882 0
302841889 0
302907402 0
302907404 0
302907413 0
302907427 0
302972930 0
302972936 0
302972937 0
302972951 0
303038466 0
303038499 0
303038500 0
303038509 0
303104007 0
303104008 0
303104013 0
303104014 0
303169537 0
303169546 0
303169564 0
303169571 0
303235073 0
303235074 0
303235075 0
303235076 0
303300642 0
303300648 0
303300653 0
303300655 0
303366147 0
303366153 0
303366158 0
303366172 0
303431699 0
303431712 0
303431713 0
303431722 0
303497217 0
303497219 0
303497244 0
303497250 0
303562752 0
303562769 0
303562770 0
303562799 0
303628300 0
303628303 0
303628314 0
303628333 0
303693841 0
303693843 0
303693846 0
303693852 0
303759377 0
303759391 0
303759394 0
303759404 0
303824912 0
303824922 0
303824933 0
303824939 0
303890435 0
303890441 0
303890476 0
303890478 0
303955991 0
303955998 0
303956000 0
303956001 0
304021510 0
304021512 0
304021515 0
304021529 0
304087057 0
304087072 0
304087074 0
304087075 0
304152596 0
304152599 0
304152618 0
304152621 0
304218127 0
304218129 0
304218136 0
304218146 0
304283648 0
304283653 0
304283658 0
304283671 0
304349207 0
304349210 0
304349224 0
304349225 0
304414720 0
304414737 0
304414746 0
304414759 0
304480272 0
304480279 0
304480285 0
304480286 0
304545792 0
304545794 0
304545813 0
304545815 0
304611364 0
304611366 0
304611367 0
304611369 0
304676866 0
304676880 0
304676909 0
304676911 0
304742403 0
304742406 0
304742416 0
304742441 0
304807945 0
304807967 0
304807972 0
304807978 0
304873482 0
304873485 0
304873504 0
304873511 0
304939008 0
304939011 0
304939022 0
304939029 0
305004545 0
305004548 0
305004550 0
305004551 0
305070087 0
305070106 0
305070109 0
305070120 0
305135635 0
305135641 0
305135652 0
305135662 0
305201172 0
305201175 0
305201189 0
305201194 0
305266688 0
305266695 0
305266714 0
305266721 0
305332235 0
305332252 0
305332254 0
305332261 0
305397760 0
305397778 0
305397783 0
305397801 0
305463300 0
305463301 0
305463311 0
305463342 0
305528842 0
305528861 0
305528875 0
305528876 0
305594368 0
305594369 0
305594371 0
305594378 0
305659922 0
305659925 0
305659935 0
305659936 0
305725444 0
305725449 0
305725478 0
305725487 0
305790976 0
305790978 0
305790987 0
305791005 0
305856547 0
305856548 0
305856554 0
305856557 0
305922050 0
305922059 0
305922076 0
305922085 0
305987586 0
305987588 0
305987589 0
305987611 0
306053136 0
306053147 0
306053149 0
306053154 0
306118657 0
306118672 0
306118674 0
306118699 0
306184207 0
306184224 0
306184229 0
306184234 0
306249752 0
306249753 0
306249755 0
306249758 0
306315273 0
306315298 0
306315300 0
306315311 0
306380817 0
306380827 0
306380830 0
306380836 0
306446353 0
306446355 0
306446364 0
306446374 0
306511874 0
306511903 0
306511908 0
306511913 0
306577413 0
306577438 0
306577439 0
306577452 0
306642949 0
306642968 0
306642971 0
306642974 0
306708489 0
306708492 0
306708499 0
306708514 0
306774040 0
306774043 0
306774053 0
306774054 0
306839570 0
306839572 0
306839575 0
306839589 0
306905097 0
306905102 0
306905115 0
306905120 0
306970631 0
306970644 0
306970650 0
306970665 0
307036162 0
307036163 0
307036169 0
307036172 0
307101707 0
307101725 0
307101730 0
307101736 0
307167237 0
307167246 0
307167255 0
307167272 0
307232774 0
307232776 0
307232781 0
307232783 0
307298324 0
307298345 0
307298346 0
307298347 0
307363844 0
307363865 0
307363871 0
307363874 0
307429390 0
307429391 0
307429405 0
307429412 0
307494938 0
307494940 0
307494953 0
307494955 0
307560452 0
307560467 0
307560485 0
307560494 0
307626009 0
307626018 0
307626019 0
307626024 0
307691540 0
307691549 0
307691559 0
307691562 0
307757057 0
307757078 0
307757092 0
307757095 0
307822608 0
307822617 0
307822630 0
307822639 0
307888142 0
307888143 0
307888148 0
307888149 0
307953667 0
307953680 0
307953686 0
307953689 0
308019213 0
308019219 0
308019230 0
308019244 0
308084767 0
308084768 0
308084777 0
308084782 0
308150273 0
308150278 0
308150280 0
308150295 0
308215810 0
308215827 0
308215840 0
308215845 0
308281345 0
308281371 0
308281382 0
308281384 0
308346890 0
308346892 0
308346901 0
308346927 0
308412418 0
308412425 0
308412431 0
308412460 0
308477958 0
308477961 0
308477991 0
308477992 0
308543495 0
308543500 0
308543514 0
308543521 0
308609046 0
308609047 0
308609061 0
308609068 0
308674562 0
308674571 0
308674576 0
308674605 0
308740105 0
308740132 0
308740138 0
308740143 0
308805632 0
308805634 0
308805639 0
308805657 0
308871185 0
308871212 0
308871214 0
308871215 0
308936711 0
308936714 0
308936725 0
308936728 0
309002256 0
309002257 0
309002266 0
309002275 0
309067791 0
309067810 0
309067812 0
309067813 0
309133336 0
309133343 0
309133345 0
309133354 0
309198864 0
309198873 0
309198874 0
309198887 0
309264392 0
309264407 0
309264410 0
309264421 0
309329945 0
309329952 0
309329955 0
309329962 0
309395456 0
309395467 0
309395473 0
309395482 0
309461004 0
309461006 0
309461013 0
309461027 0
309526564 0
309526567 0
309526569 0
309526574 0
309592083 0
309592090 0
309592092 0
309592093 0
309657624 0
309657645 0
309657646 0
309657647 0
309723138 0
309723153 0
309723168 0
309723175 0
309788686 0
309788693 0
309788708 0
309788715 0
309854209 0
309854227 0
309854228 0
309854230 0
309919772 0
309919777 0
309919778 0
309919783 0
309985304 0
309985307 0
309985317 0
309985326 0
310050818 0
310050833 0
310050852 0
310050863 0
310116353 0
310116367 0
310116370 0
310116388 0
310181901 0
310181912 0
310181919 0
310181930 0
310247424 0
310247427 0
310247434 0
310247445 0
310312966 0
310312969 0
310312975 0
310312984 0
310378509 0
310378512 0
310378526 0
310378527 0
310444050 0
310444053 0
310444060 0
310444071 0
310509603 0
310509604 0
310509605 0
310509610 0
310575134 0
310575140 0
310575145 0
310575147 0
310640651 0
310640653 0
310640658 0
310640668 0
310706176 0
310706194 0
310706197 0
310706199 0
310771728 0
310771729 0
310771731 0
310771742 0
310837268 0
310837277 0
310837279 0
310837282 0
310902784 0
310902809 0
310902819 0
310902826 0
310968320 0
310968346 0
310968361 0
310968367 0
311033859 0
311033862 0
311033869 0
311033872 0
311099399 0
311099404 0
311099421 0
311099434 0
311164936 0
311164946 0
311164953 0
311164959 0
311230467 0
311230490 0
311230496 0
311230505 0
311296024 0
311296030 0
311296035 0
311296045 0
311361539 0
311361541 0
311361572 0
311361582 0
311427078 0
311427092 0
311427093 0
311427095 0
311492625 0
311492626 0
311492644 0
311492655 0
311558168 0
311558181 0
311558186 0
311558191 0
311623700 0
311623701 0
311623706 0
311623727 0
311689220 0
311689223 0
311689225 0
311689250 0
311754753 0
311754756 0
311754766 0
311754783 0
311820293 0
311820306 0
311820311 0
311820320 0
311885853 0
311885855 0
311885866 0
311885868 0
311951366 0
311951384 0
311951385 0
311951387 0
312016910 0
312016911 0
312016912 0
312016913 0
312082439 0
312082453 0
312082472 0
312082474 0
312147985 0
312148003 0
312148004 0
312148006 0
312213507 0
312213512 0
312213545 0
312213546 0
312279051 0
312279065 0
312279072 0
312279078 0
312344601 0
312344612 0
312344614 0
312344615 0
312410121 0
312410122 0
312410124 0
312410143 0
312475658 0
312475665 0
312475672 0
312475687 0
312541194 0
312541196 0
312541213 0
312541231 0
312606742 0
312606744 0
312606757 0
312606763 0
312672275 0
312672278 0
312672288 0
312672289 0
312737802 0
312737807 0
312737821 0
312737828 0
312803343 0
312803344 0
312803346 0
312803349 0
312868869 0
312868872 0
312868894 0
312868903 0
312934427 0
312934430 0
312934436 0
312934437 0
312999954 0
312999961 0
312999976 0
312999983 0
313065480 0
313065483 0
313065490 0
313065497 0
313131018 0
313131041 0
313131043 0
313131052 0
313196562 0
313196568 0
313196573 0
313196575 0
313262082 0
313262116 0
313262123 0
313262125 0
313327617 0
313327618 0
313327619 0
313327624 0
313393152 0
313393157 0
313393159 0
313393178 0
313458696 0
313458709 0
313458726 0
313458731 0
313524231 0
313524246 0
313524248 0
313524253 0
313589793 0
313589795 0
313589798 0
313589800 0
313655308 0
313655329 0
313655342 0
313655343 0
313720841 0
313720844 0
313720863 0
313720874 0
313786381 0
313786384 0
313786395 0
313786406 0
313851928 0
313851945 0
313851947 0
313851950 0
313917459 0
313917462 0
313917481 0
313917484 0
313983000 0
313983005 0
313983018 0
313983019 0
314048527 0
314048542 0
314048552 0
314048557 0
314114070 0
314114084 0
314114085 0
314114091 0
314179623 0
314179625 0
314179628 0
314179630 0
314245128 0
314245141 0
314245155 0
314245162 0
314310680 0
314310683 0
314310685 0
314310702 0
314376195 0
314376196 0
314376230 0
314376237 0
314441757 0
314441768 0
314441770 0
314441771 0
314507264 0
314507267 0
314507274 0
314507285 0
314572802 0
314572812 0
314572829 0
314572831 0
314638336 0
314638338 0
314638353 0
314638375 0
314703912 0
314703913 0
314703918 0
314703919 0
314769420 0
314769439 0
314769453 0
314769454 0
314834946 0
314834972 0
314834973 0
314834991 0
314900489 0
314900514 0
314900516 0
314900519 0
314966016 0
314966021 0
314966054 0
314966055 0
315031565 0
315031588 0
315031595 0
315031598 0
315097097 0
315097116 0
315097119 0
315097130 0
315162632 0
315162633 0
315162654 0
315162655 0
315228171 0
315228173 0
315228196 0
315228198 0
315293720 0
315293721 0
315293734 0
315293735 0
315359235 0
315359266 0
315359272 0
315359277 0
315424771 0
315424792 0
315424809 0
315424814 0
315490309 0
315490314 0
315490340 0
315490351 0
315555840 0
315555841 0
315555855 0
315555882 0
315621394 0
315621409 0
315621415 0
315621420 0
315686927 0
315686945 0
315686952 0
315686958 0
315752474 0
315752476 0
315752481 0
315752483 0
315817992 0
315818001 0
315818011 0
315818014 0
315883532 0
315883534 0
315883543 0
315883565 0
315949056 0
315949058 0
315949059 0
315949097 0
316014599 0
316014601 0
316014620 0
316014622 0
316080133 0
316080163 0
316080164 0
316080174 0
316145668 0
316145671 0
316145673 0
316145674 0
316211211 0
316211232 0
316211234 0
316211245 0
316276743 0
316276744 0
316276750 0
316276757 0
316342277 0
316342292 0
316342295 0
316342318 0
316407820 0
316407827 0
316407834 0
316407841 0
316473355 0
316473361 0
316473372 0
316473382 0
316538895 0
316538909 0
316538920 0
316538922 0
316604424 0
316604457 0
316604459 0
316604462 0
316669983 0
316669989 0
316669990 0
316669992 0
316735506 0
316735519 0
316735532 0
316735533 0
316801027 0
316801036 0
316801041 0
316801070 0
316866564 0
316866570 0
316866581 0
316866583 0
316932104 0
316932113 0
316932118 0
316932131 0
316997644 0
316997675 0
316997677 0
316997678 0
317063200 0
317063207 0
317063213 0
317063214 0
317128730 0
317128743 0
317128744 0
317128745 0
317194243 0
317194257 0
317194258 0
317194272 0
317259778 0
317259788 0
317259789 0
317259811 0
317325323 0
317325324 0
317325334 0
317325345 0
317390858 0
317390864 0
317390881 0
317390891 0
317456408 0
317456419 0
317456421 0
317456426 0
317521921 0
317521922 0
317521923 0
317521936 0
317587462 0
317587465 0
317587476 0
317587495 0
317653000 0
317653005 0
317653035 0
317653038 0
317718555 0
317718564 0
317718565 0
317718566 0
317784066 0
317784080 0
317784087 0
317784101 0
317849620 0
317849638 0
317849645 0
317849647 0
317915139 0
317915153 0
317915156 0
317915158 0
317980694 0
317980712 0
317980717 0
317980719 0
318046212 0
318046226 0
318046249 0
318046255 0
318111752 0
318111767 0
318111769 0
318111770 0
318177286 0
318177312 0
318177321 0
318177327 0
318242816 0
318242826 0
318242837 0
318242859 0
318308363 0
318308365 0
318308386 0
318308392 0
318373910 0
318373911 0
318373917 0
318373932 0
318439457 0
318439466 0
318439467 0
318439468 0
318504974 0
318504995 0
318504997 0
318505000 0
318570530 0
318570535 0
318570537 0
318570540 0
318636038 0
318636047 0
318636048 0
318636069 0
318701575 0
318701589 0
318701594 0
318701612 0
318767124 0
318767130 0
318767143 0
318767145 0
318832645 0
318832655 0
318832658 0
318832672 0
318898216 0
318898221 0
318898222 0
318898223 0
318963738 0
318963743 0
318963745 0
318963752 0
319029257 0
319029266 0
319029272 0
319029279 0
319094807 0
319094824 0
319094826 0
319094829 0
319160330 0
319160332 0
319160345 0
319160359 0
319225873 0
319225880 0
319225882 0
319225883 0
319291399 0
319291420 0
319291422 0
319291425 0
319356962 0
319356965 0
319356971 0
319356972 0
319422465 0
319422468 0
319422471 0
319422494 0
319488005 0
319488008 0
319488022 0
319488027 0
319553540 0
319553542 0
319553561 0
319553575 0
319619085 0
319619104 0
319619118 0
319619119 0
319684611 0
319684613 0
319684618 0
319684652 0
319750149 0
319750156 0
319750178 0
319750183 0
319815697 0
319815708 0
319815723 0
319815726 0
319881237 0
319881251 0
319881256 0
319881258 0
319946772 0
319946791 0
319946793 0
319946798 0
320012298 0
320012307 0
320012317 0
320012328 0
320077827 0
320077840 0
320077842 0
320077845 0
320143364 0
320143370 0
320143379 0
320143381 0
320208913 0
320208918 0
320208928 0
320208931 0
320274473 0
320274475 0
320274476 0
320274478 0
320340000 0
320340006 0
320340011 0
320340013 0
320405509 0
320405548 0
320405550 0
320405551 0
320471063 0
320471066 0
320471080 0
320471085 0
320536595 0
320536604 0
320536605 0
320536614 0
320602118 0
320602155 0
320602156 0
320602157 0
320667653 0
320667680 0
320667686 0
320667691 0
320733199 0
320733209 0
320733220 0
320733230 0
320798732 0
320798755 0
320798762 0
320798765 0
320864258 0
320864261 0
320864280 0
320864299 0
320929822 0
320929825 0
320929832 0
320929839 0
320995329 0
320995330 0
320995344 0
320995347 0
321060870 0
321060896 0
321060897 0
321060903 0
321126400 0
321126410 0
321126411 0
321126433 0
321191964 0
321191966 0
321191967 0
321191981 0
321257488 0
321257509 0
321257511 0
321257518 0
321323012 0
321323031 0
321323046 0
321323049 0
321388586 0
321388587 0
321388588 0
321388589 0
321454093 0
321454094 0
321454107 0
321454108 0
321519628 0
321519630 0
321519647 0
321519661 0
321585156 0
321585158 0
321585177 0
321585179 0
321650698 0
321650703 0
321650713 0
321650720 0
321716256 0
321716257 0
321716259 0
321716266 0
321781761 0
321781775 0
321781790 0
321781792 0
321847296 0
321847315 0
321847338 0
321847341 0
321912861 0
321912862 0
321912863 0
321912864 0
321978395 0
321978402 0
321978404 0
321978409 0
322043907 0
322043940 0
322043949 0
322043950 0
322109440 0
322109442 0
322109447 0
322109461 0
322174977 0
322174996 0
322174999 0
322175022 0
322240515 0
322240545 0
322240548 0
322240558 0
322306054 0
322306087 0
322306092 0
322306093 0
322371588 0
322371618 0
322371621 0
322371623 0
322437121 0
322437124 0
322437131 0
322437142 0
322502656 0
322502693 0
322502694 0
322502695 0
322568215 0
322568218 0
322568220 0
322568229 0
322633742 0
322633744 0
322633765 0
322633767 0
322699287 0
322699297 0
322699306 0
322699308 0
322764811 0
322764824 0
322764833 0
322764838 0
322830338 0
322830361 0
322830363 0
322830380 0
322895904 0
322895907 0
322895917 0
322895918 0
322961437 0
322961440 0
322961442 0
322961455 0
323026972 0
323026982 0
323026983 0
323026989 0
323092482 0
323092484 0
323092513 0
323092519 0
323158016 0
323158041 0
323158050 0
323158063 0
323223588 0
323223590 0
323223593 0
323223595 0
323289118 0
323289127 0
323289129 0
323289132 0
323354652 0
323354659 0
323354665 0
323354666 0
323420194 0
323420196 0
323420203 0
323420205 0
323485705 0
323485712 0
323485719 0
323485738 0
323551240 0
323551241 0
323551250 0
323551255 0
323616791 0
323616797 0
323616798 0
323616804 0
323682305 0
323682320 0
323682338 0
323682351 0
323747843 0
323747857 0
323747870 0
323747880 0
323813378 0
323813417 0
323813420 0
323813423 0
323878919 0
323878945 0
323878954 0
323878956 0
323944460 0
323944478 0
323944479 0
323944481 0
324009994 0
324010009 0
324010020 0
324010023 0
324075540 0
324075559 0
324075561 0
324075566 0
324141093 0
324141096 0
324141099 0
324141102 0
324206618 0
324206636 0
324206637 0
324206639 0
324272129 0
324272146 0
324272152 0
324272155 0
324337670 0
324337675 0
324337693 0
324337700 0
324403211 0
324403213 0
324403222 0
324403240 0
324468760 0
324468761 0
324468779 0
324468782 0
324534277 0
324534296 0
324534298 0
324534319 0
324599838 0
324599840 0
324599841 0
324599855 0
324665356 0
324665377 0
324665379 0
324665382 0
324730895 0
324730896 0
324730914 0
324730925 0
324796445 0
324796446 0
324796447 0
324796448 0
324861955 0
324861964 0
324861982 0
324861993 0
324927488 0
324927502 0
324927515 0
324927525 0
324993041 0
324993043 0
324993044 0
324993046 0
325058561 0
325058567 0
325058584 0
325058602 0
325124104 0
325124105 0
325124123 0
325124138 0
325189666 0
325189671 0
325189673 0
325189676 0
325255170 0
325255205 0
325255207 0
325255208 0
325320704 0
325320709 0
325320714 0
325320751 0
325386268 0
325386278 0
325386281 0
325386283 0
325451795 0
325451802 0
325451816 0
325451821 0
325517315 0
325517356 0
325517357 0
325517358 0
325582849 0
325582852 0
325582867 0
325582882 0
325648404 0
325648407 0
325648421 0
325648430 0
325713934 0
325713949 0
325713964 0
325713967 0
325779462 0
325779487 0
325779492 0
325779501 0
325844995 0
325845025 0
325845030 0
325845036 0
325910567 0
325910569 0
325910572 0
325910574 0
325976069 0
325976092 0
325976106 0
325976107 0
326041623 0
326041626 0
326041629 0
326041644 0
326107164 0
326107169 0
326107182 0
326107183 0
326172678 0
326172701 0
326172711 0
326172716 0
326238212 0
326238238 0
326238249 0
326238251 0
326303772 0
326303774 0
326303777 0
326303791 0
326369320 0
326369325 0
326369326 0
326369327 0
326434843 0
326434846 0
326434857 0
326434860 0
326500354 0
326500389 0
326500396 0
326500399 0
326565912 0
326565917 0
326565926 0
326565927 0
326631429 0
326631443 0
326631446 0
326631468 0
326696995 0
326696997 0
326697002 0
326697004 0
326762500 0
326762526 0
326762531 0
326762533 0
326828041 0
326828042 0
326828043 0
326828064 0
326893575 0
326893580 0
326893610 0
326893613 0
326959130 0
326959139 0
326959144 0
326959149 0
327024653 0
327024671 0
327024672 0
327024682 0
327090210 0
327090215 0
327090217 0
327090220 0
327155718 0
327155727 0
327155741 0
327155748 0
327221268 0
327221282 0
327221289 0
327221295 0
327286812 0
327286821 0
327286826 0
327286827 0
327352347 0
327352361 0
327352364 0
327352366 0
327417883 0
327417890 0
327417892 0
327417901 0
327483392 0
327483411 0
327483430 0
327483433 0
327548956 0
327548958 0
327548965 0
327548975 0
327614472 0
327614474 0
327614493 0
327614507 0
327680007 0
327680029 0
327680042 0
327680044 0
327745549 0
327745551 0
327745554 0
327745572 0
327811103 0
327811104 0
327811106 0
327811117 0
327876629 0
327876643 0
327876648 0
327876650 0
327942145 0
327942176 0
327942190 0
327942191 0
328007701 0
328007704 0
328007715 0
328007722 0
328073223 0
328073226 0
328073245 0
328073260 0
328138765 0
328138767 0
328138772 0
328138798 0
328204308 0
328204310 0
328204327 0
328204329 0
328269862 0
328269868 0
328269869 0
328269871 0
328335360 0
328335374 0
328335377 0
328335395 0
328400904 0
328400909 0
328400934 0
328400935 0
328466450 0
328466456 0
328466469 0
328466471 0
328531977 0
328531996 0
328532007 0
328532010 0
328597509 0
328597536 0
328597547 0
328597550 0
328663066 0
328663084 0
328663085 0
328663087 0
328728603 0
328728608 0
328728610 0
328728613 0
328794153 0
328794155 0
328794156 0
328794158 0
328859656 0
328859679 0
328859682 0
328859693 0
328925189 0
328925216 0
328925219 0
328925230 0
328990734 0
328990755 0
328990764 0
328990765 0
329056267 0
329056290 0
329056293 0
329056296 0
329121795 0
329121818 0
329121832 0
329121837 0
329187341 0
329187344 0
329187370 0
329187371 0
329252889 0
329252898 0
329252908 0
329252911 0
329318406 0
329318411 0
329318440 0
329318441 0
329383963 0
329383973 0
329383978 0
329383980 0
329449480 0
329449506 0
329449507 0
329449509 0
329515049 0
329515051 0
329515052 0
329515054 0
329580544 0
329580558 0
329580579 0
329580581 0
329646099 0
329646117 0
329646120 0
329646122 0
329711626 0
329711653 0
329711656 0
329711659 0
329777157 0
329777180 0
329777190 0
329777199 0
329842712 0
329842718 0
329842719 0
329842733 0
329908268 0
329908269 0
329908270 0
329908271 0
329973767 0
329973800 0
329973805 0
329973806 0
330039313 0
330039334 0
330039340 0
330039343 0
330104866 0
330104871 0
330104873 0
330104876 0
330170373 0
330170378 0
330170408 0
330170411 0
330235932 0
330235949 0
330235950 0
330235951 0
330301441 0
330301451 0
330301456 0
330301458 0
330366977 0
330366978 0
330366984 0
330367015 0
330432516 0
330432518 0
330432519 0
330432521 0
330498051 0
330498053 0
330498080 0
330498086 0
330563603 0
330563605 0
330563618 0
330563620 0
330629123 0
330629128 0
330629130 0
330629133 0
330694656 0
330694671 0
330694677 0
330694694 0
330760194 0
330760197 0
330760211 0
330760224 0
330825729 0
330825731 0
330825744 0
330825758 0
330891279 0
330891280 0
330891294 0
330891297 0
330956801 0
330956804 0
330956806 0
330956807 0
331022340 0
331022346 0
331022347 0
331022349 0
331087884 0
331087886 0
331087891 0
331087913 0
331153411 0
331153413 0
331153414 0
331153420 0
331218955 0
331218965 0
331218966 0
331218968 0
331284493 0
331284504 0
331284507 0
331284514 0
331350020 0
331350021 0
331350022 0
331350039 0
331415573 0
331415576 0
331415583 0
331415590 0
331481088 0
331481106 0
331481125 0
331481131 0
331546633 0
331546634 0
331546635 0
331546640 0
331612175 0
331612176 0
331612177 0
331612190 0
331677705 0
331677706 0
331677707 0
331677712 0
331743249 0
331743256 0
331743266 0
331743275 0
331808782 0
331808797 0
331808800 0
331808815 0
331874309 0
331874314 0
331874331 0
331874332 0
331939840 0
331939853 0
331939863 0
331939870 0
332005385 0
332005388 0
332005390 0
332005399 0
332070914 0
332070916 0
332070929 0
332070943 0
332136464 0
332136465 0
332136474 0
332136479 0
332201993 0
332202006 0
332202008 0
332202023 0
332267528 0
332267529 0
332267543 0
332267546 0
332333071 0
332333076 0
332333089 0
332333090 0
332398592 0
332398595 0
332398598 0
332398601 0
332464129 0
332464146 0
332464147 0
332464152 0
332529674 0
332529675 0
332529688 0
332529689 0
332595210 0
332595213 0
332595227 0
332595240 0
332660744 0
332660750 0
332660753 0
332660767 0
332726275 0
332726288 0
332726293 0
332726310 0
332791815 0
332791817 0
332791832 0
332791834 0
332857357 0
332857358 0
332857359 0
332857376 0
332922880 0
332922882 0
332922895 0
332922897 0
332988433 0
332988446 0
332988455 0
332988460 0
333053954 0
333053960 0
333053961 0
333053967 0
333119488 0
333119493 0
333119510 0
333119511 0
333185024 0
333185031 0
333185034 0
333185045 0
333250561 0
333250562 0
333250571 0
333250588 0
333316100 0
333316102 0
333316103 0
333316105 0
333381635 0
333381649 0
333381652 0
333381658 0
333447168 0
333447169 0
333447183 0
333447194 0
333512715 0
333512733 0
333512736 0
333512742 0
333578251 0
333578254 0
333578256 0
333578257 0
333643780 0
333643787 0
333643790 0
333643801 0
333709313 0
333709323 0
333709328 0
333709330 0
333774853 0
333774855 0
333774856 0
333774870 0
333840384 0
333840402 0
333840403 0
333840421 0
333905956 0
333905958 0
333905959 0
333905961 0
333971478 0
333971483 0
333971484 0
333971493 0
334036996 0
334037014 0
334037029 0
334037035 0
334102550 0
334102553 0
334102555 0
334102564 0
334168069 0
334168070 0
334168072 0
334168083 0
334233610 0
334233615 0
334233628 0
334233633 0
334299141 0
334299150 0
334299152 0
334299159 0
334364680 0
334364701 0
334364703 0
334364706 0
334430221 0
334430227 0
334430230 0
334430236 0
334495753 0
334495756 0
334495763 0
334495774 0
334561314 0
334561317 0
334561323 0
334561324 0
334626818 0
334626837 0
334626840 0
334626847 0
334692358 0
334692361 0
334692363 0
334692364 0
334757892 0
334757893 0
334757895 0
334757898 0
334823451 0
334823453 0
334823454 0
334823456 0
334888964 0
334888970 0
334888973 0
334888987 0
334954497 0
334954506 0
334954507 0
334954512 0
335020049 0
335020052 0
335020063 0
335020070 0
335085569 0
335085570 0
335085572 0
335085575 0
335151106 0
335151107 0
335151120 0
335151121 0
335216645 0
335216648 0
335216670 0
335216683 0
335282185 0
335282187 0
335282200 0
335282218 0
335347720 0
335347721 0
335347726 0
335347755 0
335413251 0
335413252 0
335413253 0
335413286 0
335478787 0
335478790 0
335478792 0
335478793 0
335544327 0
335544328 0
335544354 0
335544361 0
335609861 0
335609862 0
335609867 0
335609868 0
335675392 0
335675393 0
335675394 0
335675415 0
335740944 0
335740946 0
335740947 0
335740953 0
335806464 0
335806465 0
335806467 0
335806486 0
335872003 0
335872005 0
335872008 0
335872046 0
335937539 0
335937557 0
335937566 0
335937568 0
336003080 0
336003083 0
336003093 0
336003094 0
336068608 0
336068633 0
336068635 0
336068638 0
336134172 0
336134175 0
336134177 0
336134186 0
336199703 0
336199710 0
336199720 0
336199725 0
336265217 0
336265219 0
336265238 0
336265252 0
336330758 0
336330777 0
336330779 0
336330780 0
336396290 0
336396297 0
336396308 0
336396311 0
336461842 0
336461844 0
336461845 0
336461871 0
336527391 0
336527393 0
336527398 0
336527404 0
336592896 0
336592898 0
336592899 0
336592905 0
336658435 0
336658445 0
336658446 0
336658448 0
336723977 0
336723978 0
336723980 0
336723995 0
336789505 0
336789515 0
336789518 0
336789520 0
336855048 0
336855058 0
336855065 0
336855067 0
336920580 0
336920589 0
336920594 0
336920599 0
336986140 0
336986149 0
336986150 0
336986151 0
337051658 0
337051659 0
337051660 0
337051665 0
337117204 0
337117206 0
337117207 0
337117209 0
337182728 0
337182735 0
337182738 0
337182749 0
337248269 0
337248288 0
337248291 0
337248298 0
337313799 0
337313802 0
337313809 0
337313812 0
337379346 0
337379349 0
337379352 0
337379371 0
337444901 0
337444907 0
337444908 0
337444910 0
337510415 0
337510428 0
337510430 0
337510433 0
337575954 0
337575955 0
337575957 0
337575960 0
337641473 0
337641474 0
337641476 0
337641483 0
337707012 0
337707017 0
337707019 0
337707034 0
337772549 0
337772550 0
337772552 0
337772591 0
337838083 0
337838092 0
337838093 0
337838126 0
337903620 0
337903621 0
337903623 0
337903626 0
337969161 0
337969172 0
337969175 0
337969190 0
338034689 0
338034696 0
338034707 0
338034710 0
338100240 0
338100247 0
338100261 0
338100262 0
338165763 0
338165766 0
338165768 0
338165789 0
338231308 0
338231309 0
338231319 0
338231322 0
338296833 0
338296834 0
338296835 0
338296852 0
338362369 0
338362387 0
338362396 0
338362410 0
338427904 0
338427906 0
338427915 0
338427929 0
338493445 0
338493448 0
338493471 0
338493482 0
338558995 0
338558996 0
338558998 0
338559017 0
338624518 0
338624533 0
338624544 0
338624555 0
338690061 0
338690062 0
338690072 0
338690079 0
338755590 0
338755600 0
338755613 0
338755627 0
338821127 0
338821146 0
338821149 0
338821164 0
338886688 0
338886689 0
338886690 0
338886691 0
338952192 0
338952203 0
338952206 0
338952209 0
339017734 0
339017753 0
339017767 0
339017768 0
339083268 0
339083271 0
339083281 0
339083302 0
339148801 0
339148814 0
339148831 0
339148836 0
339214340 0
339214343 0
339214354 0
339214377 0
339279875 0
339279896 0
339279897 0
339279914 0
339345418 0
339345419 0
339345421 0
339345432 0
339410956 0
339410959 0
339410961 0
339410962 0
339476480 0
339476509 0
339476511 0
339476526 0
339542031 0
339542044 0
339542045 0
339542046 0
339607565 0
339607571 0
339607574 0
339607576 0
339673115 0
339673116 0
339673118 0
339673125 0
339738628 0
339738650 0
339738659 0
339738669 0
339804174 0
339804185 0
339804192 0
339804203 0
339869707 0
339869709 0
339869740 0
339869742 0
339935257 0
339935258 0
339935264 0
339935275 0
340000768 0
340000794 0
340000797 0
340000803 0
340066306 0
340066312 0
340066315 0
340066333 0
340131858 0
340131876 0
340131885 0
340131887 0
340197385 0
340197388 0
340197394 0
340197407 0
340262916 0
340262918 0
340262925 0
340262927 0
340328456 0
340328458 0
340328463 0
340328473 0
340393993 0
340393995 0
340393996 0
340394022 0
340459524 0
340459549 0
340459551 0
340459554 0
340525057 0
340525060 0
340525070 0
340525075 0
340590595 0
340590597 0
340590614 0
340590628 0
340656136 0
340656141 0
340656146 0
340656151 0
340721671 0
340721685 0
340721686 0
340721708 0
340787214 0
340787217 0
340787219 0
340787220 0
340852736 0
340852746 0
340852761 0
340852767 0
340918278 0
340918281 0
340918311 0
340918316 0
340983818 0
340983821 0
340983824 0
340983835 0
341049348 0
341049374 0
341049381 0
341049383 0
341114881 0
341114896 0
341114915 0
341114918 0
341180428 0
341180442 0
341180449 0
341180459 0
341245952 0
341245967 0
341245969 0
341245974 0
341311498 0
341311500 0
341311523 0
341311525 0
341377036 0
341377046 0
341377057 0
341377071 0
341442569 0
341442586 0
341442595 0
341442600 0
341508105 0
341508106 0
341508112 0
341508139 0
341573633 0
341573644 0
341573654 0
341573663 0
341639184 0
341639185 0
341639203 0
341639210 0
341704709 0
341704720 0
341704722 0
341704735 0
341770249 0
341770260 0
341770274 0
341770283 0
341835793 0
341835796 0
341835811 0
341835822 0
341901334 0
341901339 0
341901349 0
341901352 0
341966852 0
341966854 0
341966863 0
341966865 0
342032387 0
342032389 0
342032392 0
342032406 0
342097935 0
342097937 0
342097946 0
342097952 0
342163461 0
342163471 0
342163484 0
342163490 0
342228993 0
342228998 0
342228999 0
342229020 0
342294528 0
342294535 0
342294538 0
342294541 0
342360075 0
342360084 0
342360094 0
342360097 0
342425611 0
342425612 0
342425618 0
342425621 0
342491153 0
342491154 0
342491155 0
342491156 0
342556684 0
342556685 0
342556694 0
342556695 0
342622210 0
342622211 0
342622212 0
342622213 0
342687755 0
342687761 0
342687762 0
342687772 0
342753285 0
342753306 0
342753308 0
342753315 0
342818832 0
342818851 0
342818853 0
342818854 0
342884374 0
342884377 0
342884379 0
342884396 0
342949889 0
342949907 0
342949922 0
342949928 0
343015426 0
343015428 0
343015429 0
343015443 0
343080962 0
343080963 0
343080969 0
343080976 0
343146502 0
343146516 0
343146523 0
343146541 0
343212036 0
343212038 0
343212047 0
343212049 0
343277584 0
343277587 0
343277597 0
343277614 0
343343104 0
343343107 0
343343125 0
343343138 0
343408654 0
343408673 0
343408675 0
343408676 0
343474177 0
343474198 0
343474200 0
343474203 0
343539718 0
343539719 0
343539721 0
343539756 0
343605253 0
343605272 0
343605274 0
343605275 0
343670784 0
343670789 0
343670794 0
343670795 0
343736333 0
343736336 0
343736339 0
343736342 0
343801876 0
343801877 0
343801882 0
343801887 0
343867406 0
343867424 0
343867433 0
343867435 0
343932942 0
343932947 0
343932953 0
343932968 0
343998475 0
343998478 0
343998496 0
343998509 0
344064018 0
344064019 0
344064020 0
344064025 0
344129536 0
344129554 0
344129555 0
344129557 0
344195073 0
344195074 0
344195079 0
344195092 0
344260619 0
344260624 0
344260629 0
344260642 0
344326172 0
344326174 0
344326177 0
344326179 0
344391686 0
344391691 0
344391700 0
344391725 0
344457220 0
344457225 0
344457231 0
344457234 0
344522772 0
344522781 0
344522786 0
344522795 0
344588301 0
344588304 0
344588306 0
344588327 0
344653825 0
344653826 0
344653827 0
344653828 0
344719382 0
344719395 0
344719396 0
344719401 0
344784910 0
344784916 0
344784921 0
344784923 0
344850446 0
344850457 0
344850460 0
344850479 0
344915972 0
344915977 0
344915982 0
344915983 0
344981506 0
344981508 0
344981509 0
344981535 0
345047046 0
345047069 0
345047076 0
345047083 0
345112592 0
345112606 0
345112609 0
345112611 0
345178124 0
345178127 0
345178142 0
345178145 0
345243648 0
345243653 0
345243666 0
345243679 0
345309196 0
345309198 0
345309213 0
345309231 0
345374721 0
345374722 0
345374736 0
345374747 0
345440261 0
345440264 0
345440266 0
345440275 0
345505801 0
345505820 0
345505826 0
345505831 0
345571336 0
345571338 0
345571363 0
345571365 0
345636866 0
345636879 0
345636880 0
345636893 0
345702401 0
345702412 0
345702414 0
345702415 0
345767950 0
345767968 0
345767975 0
345767981 0
345833492 0
345833495 0
345833501 0
345833502 0
345899022 0
345899023 0
345899024 0
345899041 0
345964564 0
345964574 0
345964575 0
345964581 0
346030102 0
346030103 0
346030104 0
346030117 0
346095629 0
346095630 0
346095631 0
346095660 0
346161153 0
346161168 0
346161171 0
346161182 0
346226695 0
346226697 0
346226698 0
346226700 0
346292226 0
346292237 0
346292239 0
346292244 0
346357761 0
346357763 0
346357776 0
346357786 0
346423303 0
346423317 0
346423318 0
346423332 0
346488834 0
346488843 0
346488864 0
346488865 0
346554371 0
346554382 0
346554392 0
346554393 0
346619918 0
346619940 0
346619945 0
346619951 0
346685443 0
346685446 0
346685449 0
346685484 0
346750983 0
346750985 0
346750988 0
346751006 0
346816512 0
346816529 0
346816539 0
346816542 0
346882050 0
346882052 0
346882067 0
346882093 0
346947584 0
346947595 0
346947598 0
346947625 0
347013127 0
347013132 0
347013146 0
347013157 0
347078662 0
347078679 0
347078693 0
347078696 0
347144203 0
347144216 0
347144229 0
347144230 0
347209729 0
347209738 0
347209744 0
347209763 0
347275276 0
347275278 0
347275293 0
347275295 0
347340816 0
347340819 0
347340826 0
347340837 0
347406347 0
347406350 0
347406352 0
347406373 0
347471886 0
347471888 0
347471897 0
347471903 0
347537412 0
347537421 0
347537422 0
347537439 0
347602958 0
347602959 0
347602968 0
347602969 0
347668501 0
347668510 0
347668519 0
347668524 0
347734017 0
347734024 0
347734034 0
347734035 0
347799554 0
347799564 0
347799571 0
347799581 0
347865097 0
347865099 0
347865120 0
347865134 0
347930630 0
347930644 0
347930653 0
347930667 0
347996169 0
347996172 0
347996187 0
347996190 0
348061700 0
348061713 0
348061715 0
348061718 0
348127235 0
348127249 0
348127252 0
348127254 0
348192768 0
348192770 0
348192773 0
348192775 0
348258305 0
348258324 0
348258339 0
348258342 0
348323850 0
348323861 0
348323868 0
348323871 0
348389378 0
348389381 0
348389395 0
348389400 0
348454931 0
348454941 0
348454950 0
348454952 0
348520454 0
348520472 0
348520475 0
348520477 0
348585987 0
348585994 0
348586001 0
348586024 0
348651544 0
348651547 0
348651558 0
348651565 0
348717091 0
348717097 0
348717100 0
348717102 0
348782605 0
348782606 0
348782608 0
348782631 0
348848135 0
348848140 0
348848150 0
348848153 0
348913668 0
348913686 0
348913687 0
348913689 0
348979213 0
348979214 0
348979232 0
348979247 0
349044769 0
349044770 0
349044771 0
349044776 0
349110280 0
349110283 0
349110293 0
349110298 0
349175822 0
349175831 0
349175833 0
349175836 0
349241346 0
349241352 0
349241355 0
349241369 0
349306910 0
349306916 0
349306917 0
349306923 0
349372417 0
349372438 0
349372439 0
349372444 0
349437989 0
349437990 0
349437992 0
349437999 0
349503496 0
349503499 0
349503506 0
349503529 0
349569025 0
349569031 0
349569032 0
349569058 0
349634560 0
349634575 0
349634577 0
349634578 0
349700114 0
349700121 0
349700128 0
349700135 0
349765643 0
349765648 0
349765661 0
349765678 0
349831181 0
349831207 0
349831208 0
349831214 0
349896720 0
349896722 0
349896723 0
349896737 0
349962243 0
349962245 0
349962272 0
349962274 0
350027778 0
350027780 0
350027781 0
350027783 0
350093319 0
350093332 0
350093333 0
350093342 0
350158849 0
350158856 0
350158862 0
350158863 0
350224392 0
350224394 0
350224405 0
350224407 0
350289935 0
350289946 0
350289956 0
350289965 0
350355456 0
350355469 0
350355486 0
350355491 0
350421000 0
350421001 0
350421011 0
350421026 0
350486528 0
350486531 0
350486533 0
350486534 0
350552071 0
350552081 0
350552084 0
350552098 0
350617610 0
350617613 0
350617624 0
350617627 0
350683158 0
350683163 0
350683165 0
350683176 0
350748684 0
350748687 0
350748705 0
350748718 0
350814220 0
350814225 0
350814226 0
350814235 0
350879745 0
350879754 0
350879756 0
350879779 0
350945286 0
350945288 0
350945305 0
350945315 0
351010816 0
351010821 0
351010826 0
351010827 0
351076358 0
351076361 0
351076383 0
351076392 0
351141888 0
351141895 0
351141897 0
351141926 0
351207424 0
351207434 0
351207437 0
351207459 0
351272987 0
351272992 0
351272997 0
351272998 0
351338503 0
351338518 0
351338520 0
351338525 0
351404051 0
351404053 0
351404056 0
351404062 0
351469571 0
351469592 0
351469601 0
351469606 0
351535105 0
351535131 0
351535144 0
351535150 0
351600646 0
351600653 0
351600656 0
351600687 0
351666196 0
351666199 0
351666210 0
351666221 0
351731712 0
351731715 0
351731733 0
351731742 0
351797265 0
351797268 0
351797275 0
351797294 0
351862788 0
351862821 0
351862823 0
351862826 0
351928324 0
351928333 0
351928338 0
351928347 0
351993871 0
351993896 0
351993897 0
351993898 0
352059392 0
352059397 0
352059398 0
352059435 0
352124940 0
352124942 0
352124949 0
352124951 0
352190490 0
352190492 0
352190505 0
352190507 0
352256000 0
352256002 0
352256003 0
352256013 0
352321542 0
352321549 0
352321556 0
352321559 0
352387096 0
352387097 0
352387110 0
352387115 0
352452617 0
352452620 0
352452627 0
352452630 0
352518171 0
352518184 0
352518189 0
352518190 0
352583689 0
352583692 0
352583702 0
352583703 0
352649216 0
352649219 0
352649237 0
352649238 0
352714784 0
352714785 0
352714787 0
352714790 0
352780294 0
352780297 0
352780308 0
352780311 0
352845828 0
352845831 0
352845834 0
352845849 0
352911370 0
352911375 0
352911381 0
352911388 0
352976907 0
352976912 0
352976929 0
352976934 0
353042445 0
353042450 0
353042459 0
353042468 0
353107971 0
353107974 0
353107976 0
353107993 0
353173511 0
353173517 0
353173522 0
353173524 0
353239051 0
353239064 0
353239065 0
353239070 0
353304576 0
353304583 0
353304594 0
353304597 0
353370137 0
353370139 0
353370140 0
353370150 0
353435651 0
353435653 0
353435654 0
353435680 0
353501192 0
353501203 0
353501217 0
353501218 0
353566753 0
353566754 0
353566759 0
353566760 0
353632258 0
353632268 0
353632279 0
353632285 0
353697798 0
353697805 0
353697812 0
353697815 0
353763329 0
353763340 0
353763342 0
353763347 0
353828871 0
353828872 0
353828881 0
353828906 0
353894408 0
353894441 0
353894442 0
353894447 0
353959937 0
353959943 0
353959958 0
353959976 0
354025475 0
354025492 0
354025505 0
354025518 0
354091019 0
354091020 0
354091026 0
354091029 0
354156545 0
354156567 0
354156584 0
354156586 0
354222080 0
354222099 0
354222113 0
354222122 0
354287644 0
354287646 0
354287659 0
354287661 0
354353157 0
354353180 0
354353190 0
354353191 0
354418707 0
354418716 0
354418717 0
354418730 0
354484228 0
354484239 0
354484246 0
354484265 0
354549778 0
354549781 0
354549783 0
354549796 0
354615301 0
354615303 0
354615306 0
354615308 0
354680843 0
354680854 0
354680856 0
354680861 0
354746369 0
354746378 0
354746412 0
354746415 0
354811918 0
354811921 0
354811936 0
354811951 0
354877449 0
354877459 0
354877462 0
354877464 0
354942978 0
354942980 0
354942981 0
354942987 0
355008545 0
355008548 0
355008550 0
355008555 0
355074050 0
355074060 0
355074063 0
355074065 0
355139591 0
355139597 0
355139606 0
355139620 0
355205122 0
355205127 0
355205128 0
355205161 0
355270660 0
355270663 0
355270665 0
355270670 0
355336199 0
355336225 0
355336232 0
355336238 0
355401736 0
355401747 0
355401761 0
355401762 0
355467264 0
355467289 0
355467290 0
355467299 0
355532801 0
355532818 0
355532820 0
355532847 0
355598344 0
355598378 0
355598381 0
355598383 0
355663879 0
355663885 0
355663906 0
355663916 0
355729428 0
355729430 0
355729431 0
355729441 0
355794955 0
355794957 0
355794978 0
355794980 0
355860516 0
355860525 0
355860526 0
355860527 0
355926016 0
355926030 0
355926037 0
355926051 0
355991552 0
355991559 0
355991566 0
355991569 0
356057101 0
356057103 0
356057108 0
356057122 0
356122648 0
356122653 0
356122655 0
356122662 0
356188163 0
356188165 0
356188190 0
356188200 0
356253716 0
356253719 0
356253721 0
356253726 0
356319236 0
356319258 0
356319267 0
356319273 0
356384774 0
356384777 0
356384800 0
356384807 0
356450311 0
356450336 0
356450341 0
356450346 0
356515841 0
356515875 0
356515880 0
356515882 0
356581391 0
356581401 0
356581418 0
356581420 0
356646937 0
356646942 0
356646943 0
356646944 0
356712450 0
356712455 0
356712476 0
356712481 0
356777994 0
356777997 0
356778008 0
356778015 0
356843531 0
356843538 0
356843548 0
356843553 0
356909067 0
356909072 0
356909077 0
356909086 0
356974609 0
356974619 0
356974620 0
356974634 0
357040144 0
357040145 0
357040146 0
357040147 0
357105698 0
357105700 0
357105705 0
357105707 0
357171209 0
357171220 0
357171227 0
357171234 0
357236743 0
357236757 0
357236780 0
357236782 0
357302275 0
357302277 0
357302290 0
357302300 0
357367815 0
357367829 0
357367834 0
357367844 0
357433350 0
357433359 0
357433360 0
357433361 0
357498884 0
357498898 0
357498909 0
357498919 0
357564442 0
357564445 0
357564447 0
357564452 0
357629952 0
357629971 0
357629974 0
357629985 0
357695507 0
357695514 0
357695516 0
357695521 0
357761046 0
357761061 0
357761064 0
357761071 0
357826564 0
357826582 0
357826585 0
357826591 0
357892122 0
357892124 0
357892127 0
357892141 0
357957644 0
357957646 0
357957653 0
357957671 0
358023174 0
358023180 0
358023197 0
358023199 0
358088717 0
358088736 0
358088738 0
358088743 0
358154240 0
358154242 0
358154273 0
358154283 0
358219803 0
358219810 0
358219812 0
358219817 0
358285312 0
358285343 0
358285345 0
358285346 0
358350861 0
358350862 0
358350872 0
358350879 0
358416403 0
358416417 0
358416426 0
358416428 0
358481935 0
358481937 0
358481942 0
358481956 0
358547464 0
358547478 0
358547481 0
358547483 0
358612998 0
358613017 0
358613035 0
358613036 0
358678534 0
358678564 0
358678565 0
358678575 0
358744070 0
358744079 0
358744081 0
358744084 0
358809606 0
358809611 0
358809613 0
358809620 0
358875154 0
358875155 0
358875165 0
358875176 0
358940688 0
358940694 0
358940699 0
358940717 0
359006209 0
359006220 0
359006226 0
359006231 0
359071758 0
359071764 0
359071769 0
359071783 0
359137293 0
359137300 0
359137302 0
359137307 0
359202837 0
359202842 0
359202855 0
359202856 0
359268355 0
359268362 0
359268380 0
359268393 0
359333891 0
359333892 0
359333905 0
359333910 0
359399456 0
359399459 0
359399462 0
359399469 0
359464995 0
359465001 0
359465002 0
359465004 0
359530512 0
359530517 0
359530519 0
359530530 0
359596038 0
359596045 0
359596047 0
359596060 0
359661581 0
359661606 0
359661612 0
359661615 0
359727105 0
359727116 0
359727130 0
359727151 0
359792647 0
359792664 0
359792673 0
359792682 0
359858192 0
359858202 0
359858213 0
359858223 0
359923713 0
359923732 0
359923754 0
359923755 0
359989252 0
359989257 0
359989278 0
359989291 0
360054802 0
360054819 0
360054821 0
360054828 0
360120321 0
360120326 0
360120327 0
360120356 0
360185858 0
360185860 0
360185883 0
360185885 0
360251404 0
360251415 0
360251417 0
360251422 0
360316930 0
360316936 0
360316941 0
360316947 0
360382468 0
360382497 0
360382499 0
360382502 0
360448001 0
360448018 0
360448023 0
360448036 0
360513536 0
360513554 0
360513577 0
360513579 0
360579073 0
360579083 0
360579098 0
360579104 0
360644616 0
360644621 0
360644654 0
360644655 0
360710159 0
360710162 0
360710168 0
360710177 0
360775711 0
360775714 0
360775716 0
360775717 0
360841217 0
360841238 0
360841240 0
360841243 0
360906773 0
360906783 0
360906790 0
360906796 0
360972314 0
360972320 0
360972327 0
360972329 0
361037851 0
361037852 0
361037857 0
361037866 0
361103382 0
361103383 0
361103396 0
361103397 0
361168924 0
361168929 0
361168938 0
361168939 0
361234438 0
361234461 0
361234468 0
361234471 0
361299970 0
361299983 0
361299989 0
361300008 0
361365522 0
361365529 0
361365536 0
361365547 0
361431060 0
361431061 0
361431067 0
361431070 0
361496582 0
361496584 0
361496587 0
361496601 0
361562146 0
361562151 0
361562153 0
361562156 0
361627650 0
361627652 0
361627657 0
361627663 0
361693218 0
361693228 0
361693229 0
361693231 0
361758741 0
361758752 0
361758755 0
361758766 0
361824270 0
361824272 0
361824293 0
361824299 0
361889800 0
361889810 0
361889819 0
361889821 0
361955334 0
361955339 0
361955341 0
361955348 0
362020864 0
362020865 0
362020895 0
362020910 0
362086418 0
362086427 0
362086436 0
362086441 0
362151963 0
362151972 0
362151977 0
362151982 0
362217479 0
362217493 0
362217498 0
362217500 0
362283023 0
362283025 0
362283028 0
362283042 0
362348546 0
362348561 0
362348584 0
362348591 0
362414087 0
362414088 0
362414106 0
362414109 0
362479626 0
362479647 0
362479648 0
362479661 0
362545159 0
362545176 0
362545182 0
362545197 0
362610694 0
362610705 0
362610708 0
362610719 0
362676232 0
362676250 0
362676269 0
362676271 0
362741767 0
362741784 0
362741793 0
362741802 0
362807302 0
362807304 0
362807309 0
362807335 0
362872838 0
362872857 0
362872867 0
362872868 0
362938385 0
362938406 0
362938408 0
362938415 0
363003905 0
363003907 0
363003924 0
363003938 0
363069445 0
363069470 0
363069472 0
363069475 0
363134981 0
363135002 0
363135016 0
363135019 0
363200520 0
363200521 0
363200522 0
363200523 0
363266052 0
363266055 0
363266069 0
363266074 0
363331586 0
363331589 0
363331595 0
363331628 0
363397132 0
363397133 0
363397155 0
363397158 0
363462660 0
363462675 0
363462677 0
363462686 0
363528205 0
363528207 0
363528208 0
363528234 0
363593732 0
363593766 0
363593767 0
363593769 0
363659296 0
363659306 0
363659309 0
363659311 0
363724824 0
363724826 0
363724827 0
363724833 0
363790336 0
363790350 0
363790363 0
363790377 0
363855884 0
363855898 0
363855901 0
363855919 0
363921415 0
363921428 0
363921434 0
363921437 0
363986949 0
363986963 0
363986972 0
363986978 0
364052480 0
364052485 0
364052494 0
364052511 0
364118033 0
364118043 0
364118048 0
364118058 0
364183568 0
364183570 0
364183583 0
364183589 0
364249093 0
364249111 0
364249112 0
364249130 0
364314633 0
364314635 0
364314648 0
364314650 0
364380162 0
364380181 0
364380195 0
364380200 0
364445716 0
364445719 0
364445738 0
364445741 0
364511264 0
364511266 0
364511267 0
364511273 0
364576778 0
364576780 0
364576809 0
364576815 0
364642305 0
364642310 0
364642316 0
364642319 0
364707855 0
364707865 0
364707870 0
364707876 0
364773410 0
364773415 0
364773417 0
364773420 0
364838913 0
364838930 0
364838932 0
364838935 0
364904460 0
364904469 0
364904483 0
364904490 0
364969994 0
364969996 0
364969997 0
364970019 0
365035525 0
365035527 0
365035536 0
365035546 0
365101079 0
365101096 0
365101101 0
365101102 0
365166604 0
365166606 0
365166615 0
365166617 0
365232132 0
365232150 0
365232151 0
365232169 0
365297667 0
365297670 0
365297688 0
365297689 0
365363215 0
365363220 0
365363221 0
365363226 0
365428745 0
365428746 0
365428748 0
365428767 0
365494280 0
365494281 0
365494282 0
365494303 0
365559811 0
365559818 0
365559828 0
365559837 0
365625344 0
365625349 0
365625363 0
365625370 0
365690889 0
365690891 0
365690904 0
365690918 0
365756431 0
365756432 0
365756437 0
365756442 0
365821967 0
365821974 0
365821977 0
365821980 0
365887489 0
365887526 0
365887531 0
365887532 0
365953027 0
365953057 0
365953060 0
365953062 0
366018561 0
366018579 0
366018598 0
366018600 0
366084102 0
366084109 0
366084123 0
366084136 0
366149638 0
366149643 0
366149657 0
366149676 0
366215172 0
366215178 0
366215189 0
366215191 0
366280707 0
366280709 0
366280732 0
366280750 0
366346252 0
366346255 0
366346258 0
366346277 0
366411795 0
366411796 0
366411806 0
366411817 0
366477331 0
366477344 0
366477345 0
366477346 0
366542855 0
366542869 0
366542870 0
366542888 0
366608402 0
366608404 0
366608413 0
366608415 0
366673930 0
366673933 0
366673948 0
366673963 0
366739467 0
366739477 0
366739488 0
366739494 0
366805001 0
366805019 0
366805022 0
366805024 0
366870533 0
366870542 0
366870547 0
366870568 0
366936086 0
366936099 0
366936104 0
366936109 0
367001622 0
367001640 0
367001645 0
367001647 0
367067138 0
367067164 0
367067175 0
367067177 0
367132677 0
367132680 0
367132686 0
367132707 0
367198208 0
367198234 0
367198241 0
367198243 0
367263754 0
367263772 0
367263775 0
367263777 0
367329285 0
367329288 0
367329294 0
367329319 0
367394830 0
367394844 0
367394859 0
367394861 0
367460364 0
367460366 0
367460379 0
367460381 0
367525896 0
367525905 0
367525910 0
367525915 0
367591447 0
367591452 0
367591457 0
367591462 0
367656995 0
367656997 0
367656998 0
367657000 0
367722498 0
367722500 0
367722503 0
367722521 0
367788041 0
367788044 0
367788059 0
367788066 0
367853573 0
367853582 0
367853587 0
367853608 0
367919117 0
367919122 0
367919127 0
367919132 0
367984654 0
367984668 0
367984669 0
367984683 0
368050182 0
368050201 0
368050204 0
368050211 0
368115718 0
368115720 0
368115737 0
368115751 0
368181267 0
368181280 0
368181281 0
368181290 0
368246791 0
368246792 0
368246797 0
368246798 0
368312322 0
368312324 0
368312329 0
368312343 0
368377859 0
368377865 0
368377870 0
368377884 0
368443400 0
368443402 0
368443407 0
368443429 0
368508929 0
368508931 0
368508932 0
368508946 0
368574486 0
368574488 0
368574507 0
368574509 0
368640025 0
368640031 0
368640036 0
368640046 0
368705555 0
368705560 0
368705562 0
368705569 0
368771085 0
368771108 0
368771110 0
368771119 0
368836608 0
368836614 0
368836617 0
368836631 0
368902161 0
368902172 0
368902190 0
368902191 0
368967682 0
368967684 0
368967695 0
368967697 0
369033228 0
369033237 0
369033242 0
369033251 0
369098764 0
369098767 0
369098778 0
369098797 0
369164302 0
369164307 0
369164309 0
369164320 0
369229827 0
369229828 0
369229853 0
369229854 0
369295362 0
369295383 0
369295396 0
369295405 0
369360911 0
369360913 0
369360916 0
369360934 0
369426433 0
369426467 0
369426468 0
369426478 0
369491975 0
369491994 0
369491997 0
369492008 0
369557505 0
369557506 0
369557507 0
369557536 0
369623044 0
369623057 0
369623071 0
369623074 0
369688599 0
369688602 0
369688616 0
369688617 0
369754114 0
369754136 0
369754143 0
369754157 0
369819665 0
369819680 0
369819682 0
369819683 0
369885195 0
369885212 0
369885214 0
369885217 0
369950720 0
369950758 0
369950759 0
369950761 0
370016257 0
370016259 0
370016260 0
370016290 0
370081801 0
370081823 0
370081828 0
370081834 0
370147331 0
370147337 0
370147372 0
370147374 0
370212881 0
370212883 0
370212886 0
370212892 0
370278402 0
370278416 0
370278445 0
370278447 0
370343936 0
370343941 0
370343946 0
370343959 0
370409472 0
370409473 0
370409475 0
370409482 0
370475008 0
370475025 0
370475026 0
370475055 0
370540564 0
370540567 0
370540581 0
370540586 0
370606083 0
370606086 0
370606096 0
370606121 0
370671622 0
370671624 0
370671627 0
370671641 0
370737172 0
370737175 0
370737194 0
370737197 0
370802711 0
370802718 0
370802720 0
370802721 0
370868226 0
370868245 0
370868247 0
370868260 0
370933760 0
370933777 0
370933786 0
370933799 0
370999306 0
370999311 0
370999313 0
370999320 0
371064851 0
371064861 0
371064866 0
371064868 0
371130378 0
371130384 0
371130405 0
371130411 0
371195904 0
371195906 0
371195927 0
371195945 0
371261441 0
371261444 0
371261446 0
371261447 0
371326994 0
371326997 0
371327007 0
371327008 0
371392523 0
371392541 0
371392546 0
371392552 0
371458048 0
371458051 0
371458062 0
371458069 0
371523600 0
371523607 0
371523613 0
371523614 0
371589121 0
371589136 0
371589138 0
371589163 0
371654658 0
371654660 0
371654661 0
371654683 0
371720216 0
371720217 0
371720219 0
371720222 0
371785763 0
371785764 0
371785770 0
371785773 0
371851273 0
371851298 0
371851300 0
371851311 0
371916807 0
371916820 0
371916826 0
371916841 0
371982341 0
371982351 0
371982364 0
371982382 0
372047888 0
372047899 0
372047901 0
372047906 0
372113418 0
372113421 0
372113440 0
372113447 0
372178953 0
372178956 0
372178963 0
372178978 0
372244494 0
372244495 0
372244509 0
372244516 0
372310016 0
372310018 0
372310045 0
372310059 0
372375557 0
372375582 0
372375583 0
372375596 0
372441097 0
372441102 0
372441115 0
372441120 0
372506649 0
372506667 0
372506668 0
372506670 0
372572185 0
372572194 0
372572195 0
372572200 0
372637714 0
372637716 0
372637733 0
372637735 0
372703236 0
372703251 0
372703269 0
372703278 0
372768792 0
372768795 0
372768805 0
372768806 0
372834306 0
372834315 0
372834332 0
372834341 0
372899845 0
372899854 0
372899863 0
372899880 0
372965381 0
372965400 0
372965403 0
372965406 0
373030916 0
373030921 0
373030950 0
373030959 0
373096454 0
373096456 0
373096461 0
373096463 0
373162001 0
373162011 0
373162014 0
373162020 0
373227522 0
373227551 0
373227556 0
373227561 0
373293071 0
373293088 0
373293093 0
373293098 0
373358609 0
373358611 0
373358620 0
373358630 0
373424129 0
373424150 0
373424151 0
373424164 0
373489665 0
373489670 0
373489672 0
373489687 0
373555206 0
373555209 0
373555239 0
373555240 0
373620756 0
373620777 0
373620778 0
373620779 0
373686276 0
373686297 0
373686303 0
373686306 0
373751819 0
373751834 0
373751836 0
373751849 0
373817346 0
373817347 0
373817353 0
373817356 0
373882880 0
373882887 0
373882906 0
373882917 0
373948447 0
373948448 0
373948457 0
373948462 0
374013954 0
374013961 0
374013967 0
374013996 0
374079508 0
374079517 0
374079527 0
374079530 0
374145026 0
374145040 0
374145043 0
374145049 0
374210586 0
374210592 0
374210599 0
374210601 0
374276097 0
374276123 0
374276134 0
374276136 0
374341648 0
374341657 0
374341670 0
374341679 0
374407181 0
374407187 0
374407198 0
374407212 0
374472718 0
374472719 0
374472724 0
374472725 0
374538247 0
374538252 0
374538266 0
374538273 0
374603776 0
374603778 0
374603783 0
374603801 0
374669314 0
374669323 0
374669328 0
374669357 0
374734873 0
374734880 0
374734883 0
374734890 0
374800384 0
374800409 0
374800419 0
374800426 0
374865937 0
374865964 0
374865966 0
374865967 0
374931459 0
374931472 0
374931478 0
374931481 0
374997002 0
374997003 0
374997004 0
374997013 0
375062558 0
375062564 0
375062565 0
375062571 0
375128083 0
375128090 0
375128092 0
375128093 0
375193609 0
375193636 0
375193642 0
375193647 0
375259171 0
375259172 0
375259173 0
375259178 0
375324687 0
375324706 0
375324708 0
375324709 0
375390224 0
375390234 0
375390243 0
375390253 0
375455761 0
375455768 0
375455790 0
375455791 0
375521316 0
375521319 0
375521321 0
375521326 0
375586838 0
375586839 0
375586853 0
375586860 0
375652376 0
375652383 0
375652385 0
375652394 0
375717908 0
375717909 0
375717914 0
375717935 0
375783436 0
375783438 0
375783445 0
375783459 0
375848976 0
375848977 0
375848979 0
375848990 0
375914500 0
375914503 0
375914505 0
375914530 0
375980038 0
375980056 0
375980057 0
375980059 0
376045571 0
376045573 0
376045604 0
376045614 0
376111104 0
376111122 0
376111125 0
376111127 0
376176648 0
376176663 0
376176666 0
376176677 0
376242196 0
376242205 0
376242207 0
376242210 0
376307719 0
376307722 0
376307733 0
376307736 0
376373248 0
376373259 0
376373265 0
376373274 0
376438790 0
376438793 0
376438799 0
376438808 0
376504321 0
376504339 0
376504342 0
376504348 0
376569889 0
376569890 0
376569896 0
376569903 0
376635397 0
376635410 0
376635415 0
376635416 0
376700938 0
376700941 0
376700944 0
376700959 0
376766471 0
376766476 0
376766493 0
376766506 0
376832025 0
376832036 0
376832038 0
376832039 0
376897560 0
376897573 0
376897578 0
376897583 0
376963080 0
376963090 0
376963097 0
376963103 0
377028608 0
377028611 0
377028618 0
377028629 0
377094171 0
377094176 0
377094181 0
377094190 0
377159683 0
377159706 0
377159708 0
377159721 0
377225230 0
377225231 0
377225232 0
377225233 0
377290781 0
377290783 0
377290794 0
377290796 0
377356289 0
377356303 0
377356306 0
377356324 0
377421825 0
377421828 0
377421838 0
377421855 0
377487366 0
377487380 0
377487381 0
377487383 0
377552909 0
377552920 0
377552927 0
377552938 0
377618439 0
377618453 0
377618472 0
377618474 0
377683986 0
377683989 0
377683996 0
377684007 0
377749521 0
377749522 0
377749540 0
377749551 0
377815067 0
377815070 0
377815076 0
377815077 0
377880594 0
377880600 0
377880605 0
377880607 0
377946117 0
377946120 0
377946142 0
377946151 0
378011661 0
378011666 0
378011680 0
378011695 0
378077194 0
378077201 0
378077208 0
378077223 0
378142728 0
378142741 0
378142758 0
378142763 0
378208258 0
378208273 0
378208292 0
378208303 0
378273798 0
378273803 0
378273805 0
378273808 0
378339345 0
378339352 0
378339354 0
378339363 0
378404885 0
378404894 0
378404896 0
378404903 0
378470422 0
378470424 0
378470437 0
378470443 0
378535953 0
378535963 0
378535966 0
378535980 0
378601481 0
378601482 0
378601484 0
378601503 0
378667025 0
378667043 0
378667044 0
378667046 0
378732551 0
378732552 0
378732562 0
378732569 0
378798082 0
378798116 0
378798123 0
378798125 0
378863616 0
378863630 0
378863657 0
378863659 0
378929155 0
378929160 0
378929193 0
378929194 0
378994690 0
378994724 0
378994733 0
378994735 0
379060224 0
379060227 0
379060234 0
379060245 0
379125768 0
379125781 0
379125795 0
379125802 0
379191306 0
379191329 0
379191331 0
379191340 0
379256833 0
379256834 0
379256835 0
379256840 0
379322378 0
379322380 0
379322397 0
379322415 0
379387923 0
379387926 0
379387936 0
379387937 0
379453455 0
379453458 0
379453469 0
379453476 0
379518976 0
379518981 0
379518983 0
379519002 0
379584523 0
379584534 0
379584536 0
379584541 0
379650063 0
379650064 0
379650066 0
379650069 0
379715606 0
379715620 0
379715621 0
379715627 0
379781150 0
379781153 0
379781159 0
379781164 0
379846659 0
379846681 0
379846688 0
379846694 0
379912210 0
379912212 0
379912217 0
379912231 0
379977757 0
379977768 0
379977770 0
379977771 0
380043276 0
380043297 0
380043310 0
380043311 0
380108809 0
380108812 0
380108831 0
380108842 0
380174360 0
380174363 0
380174365 0
380174382 0
380239885 0
380239888 0
380239899 0
380239910 0
380305440 0
380305449 0
380305451 0
380305454 0
380370947 0
380370948 0
380370982 0
380370989 0
380436491 0
380436493 0
380436516 0
380436518 0
380502042 0
380502044 0
380502049 0
380502051 0
380567567 0
380567580 0
380567581 0
380567590 0
380633100 0
380633119 0
380633121 0
380633126 0
380698663 0
380698665 0
380698668 0
380698670 0
380764172 0
380764174 0
380764183 0
380764205 0
380829736 0
380829737 0
380829742 0
380829743 0
380895236 0
380895241 0
380895242 0
380895255 0
380960770 0
380960797 0
380960803 0
380960808 0
381026316 0
381026335 0
381026349 0
381026350 0
381091864 0
381091865 0
381091878 0
381091879 0
381157390 0
381157411 0
381157413 0
381157416 0
381222927 0
381222942 0
381222952 0
381222957 0
381288450 0
381288476 0
381288477 0
381288495 0
381353987 0
381354001 0
381354002 0
381354008 0
381419520 0
381419523 0
381419525 0
381419558 0
381485059 0
381485080 0
381485097 0
381485102 0
381550592 0
381550593 0
381550595 0
381550634 0
381616136 0
381616147 0
381616150 0
381616169 0
381681676 0
381681683 0
381681690 0
381681697 0
381747210 0
381747232 0
381747233 0
381747243 0
381812739 0
381812746 0
381812776 0
381812781 0
381878283 0
381878289 0
381878312 0
381878314 0
381943819 0
381943832 0
381943842 0
381943853 0
382009349 0
382009364 0
382009367 0
382009390 0
382074880 0
382074882 0
382074897 0
382074919 0
382140440 0
382140451 0
382140453 0
382140458 0
382205961 0
382205980 0
382205983 0
382205994 0
382271501 0
382271524 0
382271531 0
382271534 0
382337039 0
382337057 0
382337064 0
382337070 0
382402567 0
382402569 0
382402588 0
382402590 0
382468127 0
382468133 0
382468134 0
382468136 0
382533639 0
382533640 0
382533646 0
382533653 0
382599194 0
382599207 0
382599208 0
382599209 0
382664733 0
382664736 0
382664746 0
382664747 0
382730248 0
382730257 0
382730262 0
382730275 0
382795785 0
382795810 0
382795812 0
382795815 0
382861312 0
382861353 0
382861355 0
382861358 0
382926855 0
382926856 0
382926857 0
382926858 0
382992390 0
382992393 0
382992404 0
382992423 0
383057932 0
383057935 0
383057937 0
383057966 0
383123464 0
383123465 0
383123486 0
383123487 0
383188992 0
383189013 0
383189026 0
383189035 0
383254536 0
383254541 0
383254571 0
383254574 0
383320075 0
383320076 0
383320086 0
383320097 0
383385604 0
383385623 0
383385625 0
383385626 0
383451144 0
383451154 0
383451167 0
383451181 0
383516674 0
383516675 0
383516684 0
383516717 0
383582213 0
383582218 0
383582244 0
383582255 0
383647755 0
383647757 0
383647778 0
383647784 0
383713298 0
383713301 0
383713304 0
383713311 0
383778819 0
383778833 0
383778836 0
383778838 0
383844374 0
383844392 0
383844397 0
383844399 0
383909921 0
383909922 0
383909928 0
383909931 0
383975426 0
383975440 0
383975447 0
383975461 0
384040996 0
384040998 0
384041005 0
384041007 0
384106501 0
384106531 0
384106532 0
384106542 0
384172038 0
384172048 0
384172073 0
384172079 0
384237574 0
384237583 0
384237584 0
384237605 0
384303106 0
384303116 0
384303117 0
384303139 0
384368660 0
384368662 0
384368663 0
384368669 0
384434194 0
384434208 0
384434221 0
384434223 0
384499713 0
384499714 0
384499728 0
384499751 0
384565275 0
384565284 0
384565285 0
384565286 0
384630791 0
384630812 0
384630814 0
384630817 0
384696325 0
384696364 0
384696366 0
384696367 0
384761890 0
384761895 0
384761897 0
384761900 0
384827418 0
384827431 0
384827433 0
384827436 0
384892936 0
384892969 0
384892971 0
384892974 0
384958485 0
384958499 0
384958504 0
384958506 0
385024007 0
385024021 0
385024026 0
385024044 0
385089553 0
385089560 0
385089562 0
385089563 0
385155076 0
385155103 0
385155109 0
385155110 0
385220618 0
385220620 0
385220633 0
385220647 0
385286167 0
385286184 0
385286186 0
385286189 0
385351685 0
385351708 0
385351714 0
385351719 0
385417221 0
385417248 0
385417254 0
385417259 0
385482784 0
385482790 0
385482795 0
385482797 0
385548293 0
385548303 0
385548328 0
385548334 0
385613828 0
385613842 0
385613865 0
385613871 0
385679365 0
385679368 0
385679379 0
385679382 0
385744902 0
385744939 0
385744940 0
385744941 0
385810433 0
385810436 0
385810439 0
385810462 0
385875974 0
385876000 0
385876001 0
385876007 0
385941536 0
385941543 0
385941549 0
385941550 0
386007044 0
386007050 0
386007059 0
386007061 0
386072577 0
386072591 0
386072606 0
386072608 0
386138125 0
386138144 0
386138158 0
386138159 0
386203681 0
386203690 0
386203691 0
386203692 0
386269225 0
386269227 0
386269228 0
386269230 0
386334723 0
386334725 0
386334730 0
386334764 0
386400257 0
386400258 0
386400272 0
386400275 0
386465812 0
386465831 0
386465833 0
386465838 0
386531332 0
386531334 0
386531353 0
386531367 0
386596891 0
386596892 0
386596893 0
386596906 0
386662412 0
386662435 0
386662442 0
386662445 0
386727952 0
386727973 0
386727975 0
386727982 0
386793487 0
386793492 0
386793497 0
386793518 0
386859021 0
386859022 0
386859035 0
386859036 0
386924554 0
386924563 0
386924573 0
386924584 0
386990083 0
386990106 0
386990121 0
386990124 0
387055639 0
387055642 0
387055656 0
387055661 0
387121152 0
387121162 0
387121163 0
387121185 0
387186692 0
387186694 0
387186713 0
387186715 0
387252241 0
387252246 0
387252256 0
387252259 0
387317772 0
387317777 0
387317803 0
387317806 0
387383312 0
387383314 0
387383317 0
387383319 0
387448844 0
387448846 0
387448863 0
387448877 0
387514391 0
387514404 0
387514413 0
387514414 0
387579934 0
387579937 0
387579944 0
387579951 0
387645443 0
387645460 0
387645469 0
387645486 0
387711004 0
387711006 0
387711007 0
387711021 0
387776544 0
387776545 0
387776547 0
387776550 0
387842090 0
387842091 0
387842092 0
387842093 0
387907584 0
387907603 0
387907626 0
387907629 0
387973122 0
387973125 0
387973144 0
387973163 0
388038656 0
388038658 0
388038663 0
388038677 0
388104206 0
388104208 0
388104229 0
388104231 0
388169738 0
388169743 0
388169753 0
388169760 0
388235291 0
388235298 0
388235300 0
388235305 0
388300829 0
388300830 0
388300831 0
388300832 0
388366359 0
388366362 0
388366364 0
388366373 0
388431875 0
388431905 0
388431908 0
388431918 0
388497409 0
388497412 0
388497419 0
388497430 0
388562980 0
388562982 0
388562985 0
388562987 0
388628480 0
388628517 0
388628518 0
388628519 0
388694018 0
388694020 0
388694049 0
388694055 0
388759555 0
388759569 0
388759582 0
388759592 0
388825092 0
388825122 0
388825125 0
388825127 0
388890634 0
388890649 0
388890660 0
388890663 0
388956190 0
388956199 0
388956201 0
388956204 0
389021696 0
389021721 0
389021730 0
389021743 0
389087266 0
389087268 0
389087275 0
389087277 0
389152776 0
389152777 0
389152786 0
389152791 0
389218310 0
389218343 0
389218348 0
389218349 0
389283864 0
389283873 0
389283878 0
389283883 0
389349384 0
389349385 0
389349403 0
389349418 0
389414941 0
389414942 0
389414943 0
389414944 0
389480449 0
389480459 0
389480470 0
389480472 0
389546007 0
389546013 0
389546014 0
389546020 0
389611548 0
389611558 0
389611559 0
389611565 0
389677067 0
389677093 0
389677096 0
389677102 0
389742601 0
389742608 0
389742615 0
389742634 0
389808133 0
389808152 0
389808154 0
389808175 0
389873693 0
389873696 0
389873698 0
389873711 0
389939212 0
389939233 0
389939235 0
389939238 0
390004738 0
390004761 0
390004763 0
390004780 0
390070287 0
390070288 0
390070306 0
390070317 0
390135840 0
390135843 0
390135853 0
390135854 0
390201367 0
390201377 0
390201386 0
390201388 0
390266887 0
390266913 0
390266922 0
390266924 0
390332444 0
390332451 0
390332457 0
390332458 0
390397982 0
390397984 0
390397985 0
390397999 0
390463508 0
390463527 0
390463529 0
390463534 0
390529025 0
390529040 0
390529058 0
390529071 0
390594562 0
390594600 0
390594601 0
390594607 0
390660120 0
390660121 0
390660135 0
390660142 0
390725632 0
390725637 0
390725642 0
390725679 0
390791168 0
390791182 0
390791195 0
390791205 0
390856732 0
390856742 0
390856745 0
390856747 0
390922246 0
390922251 0
390922269 0
390922276 0
390987810 0
390987815 0
390987817 0
390987820 0
391053329 0
391053331 0
391053332 0
391053334 0
391118853 0
391118876 0
391118890 0
391118891 0
391184412 0
391184414 0
391184417 0
391184431 0
391249960 0
391249965 0
391249966 0
391249967 0
391315457 0
391315463 0
391315480 0
391315498 0
391381005 0
391381010 0
391381019 0
391381032 0
391446540 0
391446558 0
391446559 0
391446561 0
391512103 0
391512105 0
391512108 0
391512110 0
391577623 0
391577626 0
391577629 0
391577644 0
391643139 0
391643169 0
391643174 0
391643180 0
391708698 0
391708716 0
391708717 0
391708719 0
391774211 0
391774220 0
391774238 0
391774249 0
391839750 0
391839775 0
391839780 0
391839781 0
391905294 0
391905309 0
391905324 0
391905327 0
391970836 0
391970839 0
391970853 0
391970862 0
392036356 0
392036382 0
392036387 0
392036397 0
392101893 0
392101907 0
392101910 0
392101932 0
392167425 0
392167428 0
392167443 0
392167458 0
392232963 0
392233004 0
392233005 0
392233006 0
392298505 0
392298506 0
392298507 0
392298528 0
392364034 0
392364069 0
392364071 0
392364072 0
392429587 0
392429594 0
392429608 0
392429613 0
392495132 0
392495137 0
392495150 0
392495151 0
392560675 0
392560677 0
392560682 0
392560684 0
392626183 0
392626188 0
392626218 0
392626221 0
392691716 0
392691742 0
392691753 0
392691755 0
392757261 0
392757279 0
392757280 0
392757290 0
392822811 0
392822818 0
392822820 0
392822829 0
392888326 0
392888349 0
392888363 0
392888364 0
392953858 0
392953893 0
392953900 0
392953903 0
393019420 0
393019429 0
393019434 0
393019435 0
393084952 0
393084957 0
393084966 0
393084967 0
393150471 0
393150493 0
393150506 0
393150508 0
393216027 0
393216041 0
393216044 0
393216046 0
393281556 0
393281570 0
393281577 0
393281583 0
393347099 0
393347102 0
393347113 0
393347116 0
393412642 0
393412647 0
393412649 0
393412652 0
393478170 0
393478179 0
393478188 0
393478189 0
393543681 0
393543686 0
393543695 0
393543716 0
393609244 0
393609246 0
393609253 0
393609263 0
393674783 0
393674784 0
393674786 0
393674797 0
393740309 0
393740312 0
393740323 0
393740330 0
393805837 0
393805839 0
393805842 0
393805860 0
393871386 0
393871404 0
393871405 0
393871407 0
393936917 0
393936931 0
393936936 0
393936938 0
394002470 0
394002476 0
394002477 0
394002479 0
394067975 0
394067978 0
394067997 0
394068012 0
394133517 0
394133519 0
394133524 0
394133550 0
394199048 0
394199050 0
394199069 0
394199083 0
394264596 0
394264598 0
394264601 0
394264615 0
394330144 0
394330153 0
394330155 0
394330158 0
394395648 0
394395662 0
394395665 0
394395683 0
394461185 0
394461216 0
394461230 0
394461231 0
394526720 0
394526739 0
394526758 0
394526761 0
394592274 0
394592280 0
394592293 0
394592295 0
394657801 0
394657820 0
394657831 0
394657834 0
394723331 0
394723354 0
394723368 0
394723373 0
394788878 0
394788899 0
394788908 0
394788909 0
394854408 0
394854413 0
394854438 0
394854439 0
394919949 0
394919952 0
394919967 0
394919970 0
394985480 0
394985514 0
394985515 0
394985517 0
395051035 0
395051040 0
395051042 0
395051045 0
395116585 0
395116587 0
395116588 0
395116590 0
395182107 0
395182117 0
395182122 0
395182124 0
395247616 0
395247630 0
395247651 0
395247653 0
395313157 0
395313180 0
395313190 0
395313199 0
395378693 0
395378720 0
395378723 0
395378734 0
395444258 0
395444261 0
395444264 0
395444267 0
395509765 0
395509794 0
395509804 0
395509807 0
395575307 0
395575337 0
395575340 0
395575342 0
395640851 0
395640869 0
395640872 0
395640874 0
395706374 0
395706379 0
395706408 0
395706409 0
395771912 0
395771938 0
395771939 0
395771941 0
395837450 0
395837477 0
395837480 0
395837483 0
395903000 0
395903006 0
395903007 0
395903021 0
395968556 0
395968557 0
395968558 0
395968559 0
396034055 0
396034088 0
396034093 0
396034094 0
396099601 0
396099622 0
396099628 0
396099631 0
396165154 0
396165159 0
396165161 0
396165164 0
396230661 0
396230666 0
396230696 0
396230699 0
396296220 0
396296237 0
396296238 0
396296239 0
396361729 0
396361730 0
396361736 0
396361767 0
396427265 0
396427275 0
396427280 0
396427282 0
396492803 0
396492805 0
396492832 0
396492838 0
396558340 0
396558342 0
396558343 0
396558345 0
396623891 0
396623893 0
396623906 0
396623908 0
396689411 0
396689416 0
396689418 0
396689421 0
396754944 0
396754959 0
396754965 0
396754982 0
396820493 0
396820495 0
396820496 0
396820510 0
396886017 0
396886019 0
396886032 0
396886046 0
396951573 0
396951576 0
396951583 0
396951590 0
397017099 0
397017109 0
397017110 0
397017112 0
397082628 0
397082634 0
397082635 0
397082637 0
397148184 0
397148187 0
397148193 0
397148194 0
397213698 0
397213701 0
397213715 0
397213728 0
397279244 0
397279246 0
397279249 0
397279251 0
397344769 0
397344772 0
397344774 0
397344775 0
397410307 0
397410309 0
397410310 0
397410316 0
397475849 0
397475850 0
397475851 0
397475856 0
397541390 0
397541393 0
397541400 0
397541419 0
397606927 0
397606928 0
397606942 0
397606953 0
397672457 0
397672458 0
397672459 0
397672464 0
397738013 0
397738016 0
397738018 0
397738031 0
397803520 0
397803533 0
397803543 0
397803550 0
397869065 0
397869078 0
397869080 0
397869095 0
397934597 0
397934602 0
397934619 0
397934620 0
398000132 0
398000133 0
398000134 0
398000151 0
398065664 0
398065682 0
398065701 0
398065707 0
398131209 0
398131212 0
398131214 0
398131223 0
398196736 0
398196739 0
398196742 0
398196745 0
398262282 0
398262283 0
398262296 0
398262297 0
398327809 0
398327824 0
398327826 0
398327827 0
398393353 0
398393367 0
398393370 0
398393388 0
398458896 0
398458897 0
398458906 0
398458911 0
398524419 0
398524437 0
398524440 0
398524454 0
398589953 0
398589954 0
398589963 0
398589980 0
398655497 0
398655512 0
398655514 0
398655515 0
398721028 0
398721030 0
398721031 0
398721033 0
398786560 0
398786565 0
398786582 0
398786583 0
398852098 0
398852100 0
398852113 0
398852127 0
398917632 0
398917639 0
398917642 0
398917653 0
398983168 0
398983169 0
398983183 0
398983194 0
399048712 0
399048718 0
399048721 0
399048735 0
399114248 0
399114257 0
399114270 0
399114279 0
399179789 0
399179790 0
399179791 0
399179808 0
399245314 0
399245320 0
399245321 0
399245327 0
399310852 0
399310859 0
399310862 0
399310873 0
399376394 0
399376397 0
399376411 0
399376424 0
399441925 0
399441927 0
399441928 0
399441942 0
399507475 0
399507476 0
399507489 0
399507490 0
399573028 0
399573030 0
399573031 0
399573033 0
399638535 0
399638550 0
399638556 0
399638565 0
399704067 0
399704081 0
399704084 0
399704090 0
399769611 0
399769614 0
399769616 0
399769617 0
399835137 0
399835147 0
399835152 0
399835154 0
399900672 0
399900674 0
399900687 0
399900689 0
399966212 0
399966230 0
399966245 0
399966251 0
400031755 0
400031773 0
400031776 0
400031782 0
400097280 0
400097295 0
400097298 0
400097317 0
400162818 0
400162837 0
400162840 0
400162847 0
400228353 0
400228362 0
400228363 0
400228368 0
400293893 0
400293902 0
400293904 0
400293911 0
400359446 0
400359449 0
400359451 0
400359460 0
400424965 0
400424966 0
400424968 0
400424979 0
400490530 0
400490533 0
400490539 0
400490540 0
400556045 0
400556051 0
400556054 0
400556060 0
400621574 0
400621577 0
400621579 0
400621580 0
400687106 0
400687107 0
400687120 0
400687121 0
400752657 0
400752660 0
400752671 0
400752678 0
400818181 0
400818184 0
400818206 0
400818219 0
400883721 0
400883724 0
400883731 0
400883754 0
400949252 0
400949253 0
400949255 0
400949258 0
401014784 0
401014785 0
401014787 0
401014806 0
401080347 0
401080349 0
401080350 0
401080352 0
401145866 0
401145871 0
401145884 0
401145889 0
401211410 0
401211412 0
401211413 0
401211439 0
401276929 0
401276930 0
401276932 0
401276935 0
401342467 0
401342470 0
401342472 0
401342473 0
401408008 0
401408029 0
401408031 0
401408034 0
401473540 0
401473546 0
401473549 0
401473563 0
401539072 0
401539097 0
401539099 0
401539102 0
401604611 0
401604613 0
401604616 0
401604654 0
401670151 0
401670152 0
401670178 0
401670185 0
401735685 0
401735686 0
401735691 0
401735692 0
401801216 0
401801229 0
401801230 0
401801239 0
401866768 0
401866770 0
401866771 0
401866777 0
401932311 0
401932318 0
401932328 0
401932333 0
401997827 0
401997845 0
401997854 0
401997856 0
402063391 0
402063393 0
402063398 0
402063404 0
402128898 0
402128899 0
402128900 0
402128917 0
402194441 0
402194443 0
402194456 0
402194474 0
402259973 0
402259976 0
402259979 0
402259990 0
402325513 0
402325524 0
402325527 0
402325542 0
402391068 0
402391070 0
402391071 0
402391073 0
402456585 0
402456586 0
402456588 0
402456603 0
402522120 0
402522121 0
402522126 0
402522155 0
402587652 0
402587661 0
402587666 0
402587671 0
402653197 0
402653216 0
402653219 0
402653226 0
402718730 0
402718732 0
402718737 0
402718743 0
402784284 0
402784293 0
402784294 0
402784295 0
402849793 0
402849795 0
402849814 0
402849828 0
402915329 0
402915330 0
402915331 0
402915344 0
402980870 0
402980889 0
402980891 0
402980892 0
403046408 0
403046418 0
403046425 0
403046427 0
403111936 0
403111938 0
403111939 0
403111945 0
403177489 0
403177490 0
403177492 0
403177495 0
403243032 0
403243045 0
403243046 0
403243051 0
403308553 0
403308564 0
403308567 0
403308582 0
403374117 0
403374123 0
403374124 0
403374126 0
403439627 0
403439636 0
403439638 0
403439641 0
403505153 0
403505163 0
403505166 0
403505168 0
403570692 0
403570697 0
403570699 0
403570714 0
403636225 0
403636236 0
403636243 0
403636246 0
403701763 0
403701772 0
403701773 0
403701806 0
403767304 0
403767311 0
403767314 0
403767325 0
403832840 0
403832845 0
403832855 0
403832858 0
403898386 0
403898387 0
403898389 0
403898392 0
403963908 0
403963911 0
403963921 0
403963942 0
404029455 0
404029468 0
404029470 0
404029473 0
404094977 0
404094978 0
404094980 0
404094987 0
404160513 0
404160531 0
404160540 0
404160554 0
404226048 0
404226050 0
404226059 0
404226073 0
404291597 0
404291598 0
404291608 0
404291615 0
404357139 0
404357140 0
404357142 0
404357161 0
404422662 0
404422677 0
404422688 0
404422699 0
404488192 0
404488203 0
404488206 0
404488209 0
404553733 0
404553734 0
404553736 0
404553775 0
404619265 0
404619266 0
404619267 0
404619284 0
404684801 0
404684814 0
404684831 0
404684836 0
404750340 0
404750365 0
404750367 0
404750370 0
404815878 0
404815888 0
404815901 0
404815915 0
404881411 0
404881414 0
404881416 0
404881437 0
404946952 0
404946954 0
404946959 0
404946969 0
405012480 0
405012506 0
405012509 0
405012515 0
405078018 0
405078020 0
405078021 0
405078027 0
405143559 0
405143560 0
405143562 0
405143581 0
405209115 0
405209116 0
405209118 0
405209125 0
405274631 0
405274645 0
405274646 0
405274668 0
405340166 0
405340185 0
405340199 0
405340200 0
405405699 0
405405720 0
405405721 0
405405738 0
405471264 0
405471265 0
405471266 0
405471267 0
405536777 0
405536780 0
405536786 0
405536799 0
405602322 0
405602340 0
405602349 0
405602351 0
405667840 0
405667869 0
405667871 0
405667886 0
405733390 0
405733393 0
405733395 0
405733396 0
405798916 0
405798918 0
405798925 0
405798927 0
405864462 0
405864473 0
405864480 0
405864491 0
405929988 0
405929999 0
405930002 0
405930013 0
405995525 0
405995528 0
405995551 0
405995562 0
406061063 0
406061082 0
406061085 0
406061100 0
406126593 0
406126596 0
406126606 0
406126611 0
406192141 0
406192147 0
406192150 0
406192152 0
406257671 0
406257692 0
406257694 0
406257705 0
406323212 0
406323215 0
406323217 0
406323218 0
406388744 0
406388749 0
406388754 0
406388759 0
406454275 0
406454282 0
406454285 0
406454296 0
406519819 0
406519821 0
406519852 0
406519854 0
406585351 0
406585354 0
406585360 0
406585365 0
406650895 0
406650897 0
406650906 0
406650912 0
406716425 0
406716427 0
406716428 0
406716454 0
406781977 0
406781978 0
406781984 0
406781995 0
406847491 0
406847493 0
406847510 0
406847524 0
406913028 0
406913050 0
406913059 0
406913069 0
406978569 0
406978570 0
406978576 0
406978603 0
407044097 0
407044112 0
407044131 0
407044134 0
407109636 0
407109662 0
407109669 0
407109671 0
407175174 0
407175177 0
407175207 0
407175212 0
407240721 0
407240724 0
407240739 0
407240750 0
407306240 0
407306255 0
407306257 0
407306262 0
407371776 0
407371786 0
407371801 0
407371807 0
407437317 0
407437320 0
407437323 0
407437334 0
407502860 0
407502874 0
407502881 0
407502891 0
407568391 0
407568394 0
407568404 0
407568417 0
407633930 0
407633932 0
407633955 0
407633957 0
407699465 0
407699482 0
407699491 0
407699496 0
407764997 0
407765007 0
407765020 0
407765026 0
407830550 0
407830555 0
407830565 0
407830568 0
407896064 0
407896065 0
407896086 0
407896095 0
407961611 0
407961614 0
407961632 0
407961645 0
408027148 0
408027158 0
408027169 0
408027183 0
408092689 0
408092690 0
408092691 0
408092692 0
408158211 0
408158220 0
408158225 0
408158242 0
408223756 0
408223757 0
408223766 0
408223767 0
408289285 0
408289296 0
408289311 0
408289314 0
408354825 0
408354834 0
408354836 0
408354859 0
408420368 0
408420371 0
408420381 0
408420398 0
408485889 0
408485894 0
408485895 0
408485916 0
408551424 0
408551435 0
408551437 0
408551454 0
408616971 0
408616972 0
408616978 0
408616981 0
408682497 0
408682507 0
408682530 0
408682536 0
408748037 0
408748042 0
408748048 0
408748059 0
408813573 0
408813582 0
408813592 0
408813611 0
408879120 0
408879139 0
408879141 0
408879142 0
408944644 0
408944646 0
408944655 0
408944657 0
409010190 0
409010209 0
409010211 0
409010212 0
409075729 0
409075730 0
409075731 0
409075740 0
409141248 0
409141253 0
409141258 0
409141259 0
409206785 0
409206806 0
409206808 0
409206811 0
409272333 0
409272346 0
409272348 0
409272355 0
409337858 0
409337860 0
409337861 0
409337875 0
409403411 0
409403412 0
409403413 0
409403414 0
409468930 0
409468931 0
409468937 0
409468944 0
409534490 0
409534491 0
409534496 0
409534505 0
409600014 0
409600025 0
409600028 0
409600047 0
409665558 0
409665561 0
409665563 0
409665580 0
409731092 0
409731101 0
409731106 0
409731115 0
409796614 0
409796628 0
409796635 0
409796653 0
409862172 0
409862174 0
409862177 0
409862179 0
409927680 0
409927698 0
409927699 0
409927701 0
409993220 0
409993225 0
409993231 0
409993234 0
410058766 0
410058772 0
410058777 0
410058779 0
410124294 0
410124299 0
410124308 0
410124333 0
410189828 0
410189830 0
410189839 0
410189841 0
410255378 0
410255379 0
410255384 0
410255385 0
410320918 0
410320931 0
410320932 0
410320937 0
410386438 0
410386439 0
410386441 0
410386476 0
410451974 0
410451997 0
410452004 0
410452011 0
410517515 0
410517520 0
410517525 0
410517538 0
410583056 0
410583061 0
410583075 0
410583082 0
410648589 0
410648592 0
410648602 0
410648607 0
410714126 0
410714131 0
410714137 0
410714152 0
410779650 0
410779651 0
410779652 0
410779653 0
410845200 0
410845213 0
410845214 0
410845215 0
410910722 0
410910724 0
410910725 0
410910751 0
410976260 0
410976265 0
410976270 0
410976271 0
411041808 0
411041822 0
411041825 0
411041827 0
411107329 0
411107330 0
411107335 0
411107348 0
411172878 0
411172879 0
411172880 0
411172897 0
411238402 0
411238411 0
411238432 0
411238433 0
411303941 0
411303944 0
411303946 0
411303955 0
411369472 0
411369477 0
411369490 0
411369503 0
411435009 0
411435018 0
411435024 0
411435043 0
411500556 0
411500558 0
411500573 0
411500591 0
411566088 0
411566090 0
411566115 0
411566117 0
411631627 0
411631636 0
411631645 0
411631646 0
411697153 0
411697154 0
411697155 0
411697156 0
411762689 0
411762704 0
411762707 0
411762718 0
411828237 0
411828240 0
411828242 0
411828263 0
411893783 0
411893784 0
411893797 0
411893798 0
411959303 0
411959317 0
411959318 0
411959332 0
412024833 0
412024834 0
412024848 0
412024859 0
412090388 0
412090390 0
412090391 0
412090405 0
412155916 0
412155919 0
412155934 0
412155937 0
412221447 0
412221449 0
412221452 0
412221470 0
412286985 0
412287004 0
412287010 0
412287015 0
412352526 0
412352544 0
412352551 0
412352557 0
412418048 0
412418059 0
412418062 0
412418089 0
412483590 0
412483607 0
412483621 0
412483624 0
412549122 0
412549135 0
412549140 0
412549157 0
412614659 0
412614662 0
412614665 0
412614700 0
412680193 0
412680204 0
412680206 0
412680207 0
412745729 0
412745731 0
412745744 0
412745754 0
412811278 0
412811300 0
412811305 0
412811311 0
412876811 0
412876814 0
412876816 0
412876837 0
412942338 0
412942340 0
412942355 0
412942381 0
413007872 0
413007889 0
413007899 0
413007902 0
413073422 0
413073424 0
413073433 0
413073439 0
413138957 0
413138958 0
413138959 0
413138988 0
413204496 0
413204499 0
413204506 0
413204517 0
413270025 0
413270028 0
413270030 0
413270047 0
413335556 0
413335565 0
413335566 0
413335583 0
413401095 0
413401097 0
413401098 0
413401100 0
413466627 0
413466638 0
413466648 0
413466649 0
413532166 0
413532184 0
413532187 0
413532189 0
413597702 0
413597716 0
413597725 0
413597739 0
413663246 0
413663247 0
413663256 0
413663257 0
413728789 0
413728798 0
413728807 0
413728812 0
413794305 0
413794312 0
413794322 0
413794323 0
413859851 0
413859869 0
413859872 0
413859886 0
413925378 0
413925381 0
413925404 0
413925407 0
413990921 0
413990924 0
413990939 0
413990942 0
414056462 0
414056471 0
414056473 0
414056476 0
414121991 0
414121996 0
414122021 0
414122030 0
414187522 0
414187533 0
414187535 0
414187540 0
414253082 0
414253091 0
414253097 0
414253100 0
414318610 0
414318617 0
414318624 0
414318631 0
414384132 0
414384145 0
414384147 0
414384150 0
414449666 0
414449676 0
414449683 0
414449693 0
414515219 0
414515229 0
414515238 0
414515240 0
414580739 0
414580746 0
414580753 0
414580776 0
414646302 0
414646308 0
414646309 0
414646315 0
414711821 0
414711822 0
414711840 0
414711855 0
414777346 0
414777349 0
414777363 0
414777368 0
414842884 0
414842887 0
414842902 0
414842905 0
414908417 0
414908423 0
414908424 0
414908450 0
414973960 0
414973963 0
414973973 0
414973978 0
415039489 0
415039508 0
415039523 0
415039526 0
415105024 0
415105031 0
415105034 0
415105045 0
415170561 0
415170563 0
415170592 0
415170594 0
415236129 0
415236130 0
415236131 0
415236136 0
415301645 0
415301646 0
415301648 0
415301655 0
415367183 0
415367194 0
415367204 0
415367213 0
415432707 0
415432721 0
415432724 0
415432726 0
415498277 0
415498278 0
415498280 0
415498287 0
415563800 0
415563803 0
415563814 0
415563821 0
415629312 0
415629327 0
415629329 0
415629330 0
415694854 0
415694856 0
415694873 0
415694883 0
415760385 0
415760406 0
415760407 0
415760412 0
415825928 0
415825931 0
415825938 0
415825961 0
415891458 0
415891460 0
415891461 0
415891463 0
415956992 0
415956997 0
415956998 0
415956999 0
416022547 0
416022549 0
416022552 0
416022558 0
416088071 0
416088076 0
416088086 0
416088089 0
416153607 0
416153612 0
416153617 0
416153618 0
416219137 0
416219144 0
416219150 0
416219151 0
416284680 0
416284682 0
416284693 0
416284695 0
416350210 0
416350216 0
416350219 0
416350233 0
416415750 0
416415753 0
416415775 0
416415784 0
416481297 0
416481300 0
416481307 0
416481326 0
416546827 0
416546832 0
416546845 0
416546862 0
416612379 0
416612384 0
416612389 0
416612390 0
416677888 0
416677901 0
416677918 0
416677923 0
416743434 0
416743437 0
416743448 0
416743451 0
416808960 0
416808963 0
416808981 0
416808990 0
416874496 0
416874506 0
416874509 0
416874531 0
416940054 0
416940059 0
416940061 0
416940072 0
417005584 0
417005586 0
417005587 0
417005601 0
417071126 0
417071128 0
417071131 0
417071133 0
417136643 0
417136657 0
417136660 0
417136674 0
417202176 0
417202183 0
417202185 0
417202214 0
417267718 0
417267725 0
417267728 0
417267759 0
417333257 0
417333259 0
417333260 0
417333270 0
417398792 0
417398793 0
417398803 0
417398818 0
417464323 0
417464326 0
417464328 0
417464345 0
417529861 0
417529866 0
417529868 0
417529891 0
417595395 0
417595412 0
417595413 0
417595422 0
417660960 0
417660961 0
417660963 0
417660966 0
417726477 0
417726503 0
417726504 0
417726510 0
417792012 0
417792015 0
417792033 0
417792046 0
417857536 0
417857538 0
417857539 0
417857549 0
417923072 0
417923077 0
417923082 0
417923083 0
417988612 0
417988645 0
417988647 0
417988650 0
418054156 0
418054158 0
418054165 0
418054167 0
418119681 0
418119707 0
418119720 0
418119726 0
418185240 0
418185241 0
418185254 0
418185259 0
418250752 0
418250757 0
418250758 0
418250795 0
418316295 0
418316301 0
418316306 0
418316308 0
418381847 0
418381848 0
418381857 0
418381862 0
418447380 0
418447383 0
418447394 0
418447405 0
418512908 0
418512925 0
418512938 0
418512943 0
418578457 0
418578459 0
418578460 0
418578470 0
418643972 0
418643979 0
418643990 0
418643993 0
418709520 0
418709523 0
418709537 0
418709542 0
418775051 0
418775052 0
418775058 0
418775061 0
418840577 0
418840599 0
418840616 0
418840618 0
418906113 0
418906124 0
418906126 0
418906131 0
418971666 0
418971669 0
418971671 0
418971684 0
419037211 0
419037224 0
419037229 0
419037230 0
419102735 0
419102760 0
419102761 0
419102762 0
419168269 0
419168274 0
419168283 0
419168292 0
419233797 0
419233820 0
419233830 0
419233831 0
419299343 0
419299352 0
419299358 0
419299369 0
419364874 0
419364879 0
419364885 0
419364892 0
419430406 0
419430413 0
419430420 0
419430423 0
419495962 0
419495964 0
419495977 0
419495979 0
419561473 0
419561479 0
419561494 0
419561512 0
419627012 0
419627015 0
419627018 0
419627033 0
419692577 0
419692578 0
419692583 0
419692584 0
419758108 0
419758110 0
419758123 0
419758125 0
419823619 0
419823621 0
419823622 0
419823648 0
419889152 0
419889171 0
419889185 0
419889194 0
419954688 0
419954695 0
419954706 0
419954709 0
420020232 0
420020243 0
420020257 0
420020258 0
420085780 0
420085793 0
420085799 0
420085806 0
420151302 0
420151309 0
420151316 0
420151319 0
420216851 0
420216860 0
420216861 0
420216874 0
420282382 0
420282385 0
420282400 0
420282415 0
420347908 0
420347917 0
420347922 0
420347931 0
420413449 0
420413452 0
420413462 0
420413463 0
420478976 0
420478978 0
420478979 0
420478997 0
420544518 0
420544521 0
420544532 0
420544551 0
420610050 0
420610056 0
420610071 0
420610089 0
420675589 0
420675594 0
420675596 0
420675603 0
420741129 0
420741142 0
420741144 0
420741159 0
420806660 0
420806665 0
420806670 0
420806679 0
420872194 0
420872204 0
420872207 0
420872209 0
420937729 0
420937746 0
420937748 0
420937775 0
421003271 0
421003297 0
421003304 0
421003310 0
421068808 0
421068819 0
421068833 0
421068834 0
421134344 0
421134378 0
421134381 0
421134383 0
421199905 0
421199908 0
421199910 0
421199915 0
421265412 0
421265419 0
421265430 0
421265437 0
421330955 0
421330957 0
421330978 0
421330980 0
421396487 0
421396488 0
421396497 0
421396522 0
421462023 0
421462029 0
421462038 0
421462052 0
421527552 0
421527577 0
421527578 0
421527587 0
421593094 0
421593097 0
421593120 0
421593127 0
421658637 0
421658639 0
421658644 0
421658658 0
421724164 0
421724165 0
421724171 0
421724178 0
421789699 0
421789701 0
421789726 0
421789736 0
421855256 0
421855261 0
421855263 0
421855270 0
421920778 0
421920781 0
421920792 0
421920799 0
421986324 0
421986326 0
421986327 0
421986337 0
422051860 0
422051863 0
422051865 0
422051870 0
422117383 0
422117389 0
422117410 0
422117420 0
422182913 0
422182922 0
422182956 0
422182959 0
422248448 0
422248462 0
422248469 0
422248483 0
422314012 0
422314018 0
422314025 0
422314027 0
422379522 0
422379527 0
422379548 0
422379553 0
422445058 0
422445063 0
422445064 0
422445097 0
422510603 0
422510610 0
422510625 0
422510628 0
422576144 0
422576145 0
422576147 0
422576150 0
422641689 0
422641700 0
422641707 0
422641710 0
422707200 0
422707231 0
422707233 0
422707234 0
422772743 0
422772757 0
422772780 0
422772782 0
422838284 0
422838286 0
422838293 0
422838311 0
422903817 0
422903828 0
422903835 0
422903842 0
422969350 0
422969351 0
422969356 0
422969361 0
423034883 0
423034885 0
423034898 0
423034908 0
423100420 0
423100423 0
423100434 0
423100461 0
423165974 0
423165989 0
423165992 0
423165999 0
423231495 0
423231520 0
423231525 0
423231530 0
423297039 0
423297049 0
423297066 0
423297068 0
423362563 0
423362573 0
423362592 0
423362594 0
423428122 0
423428124 0
423428125 0
423428127 0
423493651 0
423493665 0
423493674 0
423493676 0
423559175 0
423559189 0
423559194 0
423559204 0
423624708 0
423624726 0
423624729 0
423624735 0
423690264 0
423690266 0
423690275 0
423690281 0
423755792 0
423755802 0
423755805 0
423755807 0
423821320 0
423821334 0
423821337 0
423821339 0
423886863 0
423886865 0
423886870 0
423886884 0
423952384 0
423952386 0
423952417 0
423952427 0
424017947 0
424017954 0
424017956 0
424017961 0
424083467 0
424083477 0
424083486 0
424083492 0
424148999 0
424149016 0
424149025 0
424149034 0
424214545 0
424214555 0
424214556 0
424214570 0
424280083 0
424280090 0
424280092 0
424280097 0
424345600 0
424345619 0
424345622 0
424345633 0
424411142 0
424411148 0
424411165 0
424411167 0
424476672 0
424476679 0
424476686 0
424476689 0
424542222 0
424542228 0
424542233 0
424542247 0
424607750 0
424607759 0
424607761 0
424607764 0
424673293 0
424673300 0
424673302 0
424673307 0
424738841 0
424738846 0
424738847 0
424738848 0
424804353 0
424804387 0
424804392 0
424804394 0
424869923 0
424869929 0
424869930 0
424869932 0
424935430 0
424935460 0
424935461 0
424935471 0
425000976 0
425000981 0
425000983 0
425000994 0
425066499 0
425066500 0
425066513 0
425066518 0
425132038 0
425132043 0
425132045 0
425132052 0
425197581 0
425197596 0
425197606 0
425197615 0
425263105 0
425263126 0
425263128 0
425263131 0
425328646 0
425328653 0
425328655 0
425328668 0
425394177 0
425394191 0
425394192 0
425394194 0
425459715 0
425459722 0
425459740 0
425459753 0
425525266 0
425525283 0
425525285 0
425525292 0
425590786 0
425590788 0
425590811 0
425590813 0
425656338 0
425656339 0
425656349 0
425656360 0
425721862 0
425721900 0
425721901 0
425721903 0
425787405 0
425787406 0
425787412 0
425787423 0
425852932 0
425852937 0
425852950 0
425852955 0
425918465 0
425918482 0
425918487 0
425918500 0
425984032 0
425984035 0
425984038 0
425984045 0
426049537 0
426049547 0
426049562 0
426049568 0
426115073 0
426115084 0
426115098 0
426115119 0
426180629 0
426180634 0
426180647 0
426180648 0
426246146 0
426246152 0
426246157 0
426246163 0
426311697 0
426311700 0
426311718 0
426311723 0
426377242 0
426377248 0
426377255 0
426377257 0
426442773 0
426442775 0
426442782 0
426442784 0
426508303 0
426508305 0
426508308 0
426508322 0
426573852 0
426573857 0
426573866 0
426573867 0
426639361 0
426639400 0
426639402 0
426639407 0
426704903 0
426704917 0
426704922 0
426704924 0
426770444 0
426770457 0
426770466 0
426770467 0
426835999 0
426836004 0
426836005 0
426836014 0
426901538 0
426901548 0
426901549 0
426901551 0
426967052 0
426967053 0
426967075 0
426967078 0
427032577 0
427032582 0
427032583 0
427032612 0
427098130 0
427098139 0
427098148 0
427098153 0
427163666 0
427163675 0
427163677 0
427163680 0
427229198 0
427229200 0
427229221 0
427229227 0
427294741 0
427294751 0
427294758 0
427294764 0
427360274 0
427360281 0
427360288 0
427360299 0
427425808 0
427425818 0
427425829 0
427425839 0
427491349 0
427491352 0
427491355 0
427491358 0
427556864 0
427556865 0
427556895 0
427556910 0
427622402 0
427622417 0
427622440 0
427622447 0
427687936 0
427687954 0
427687977 0
427687979 0
427753480 0
427753485 0
427753518 0
427753519 0
427819035 0
427819041 0
427819050 0
427819052 0
427884551 0
427884568 0
427884577 0
427884586 0
427950088 0
427950119 0
427950121 0
427950122 0
428015622 0
428015632 0
428015633 0
428015647 0
428081154 0
428081156 0
428081161 0
428081167 0
428146694 0
428146696 0
428146699 0
428146713 0
428212228 0
428212257 0
428212259 0
428212262 0
428277762 0
428277775 0
428277792 0
428277805 0
428343303 0
428343320 0
428343326 0
428343341 0
428408838 0
428408861 0
428408868 0
428408871 0
428474383 0
428474390 0
428474392 0
428474401 0
428539927 0
428539930 0
428539940 0
428539941 0
428605460 0
428605470 0
428605483 0
428605485 0
428670981 0
428671006 0
428671008 0
428671011 0
428736521 0
428736523 0
428736536 0
428736538 0
428802054 0
428802073 0
428802083 0
428802084 0
428867588 0
428867591 0
428867605 0
428867610 0
428933154 0
428933159 0
428933161 0
428933164 0
428998663 0
428998664 0
428998682 0
428998685 0
429064217 0
429064226 0
429064231 0
429064236 0
429129736 0
429129746 0
429129773 0
429129775 0
429195271 0
429195284 0
429195290 0
429195293 0
429260810 0
429260812 0
429260841 0
429260847 0
429326360 0
429326362 0
429326363 0
429326369 0
429391892 0
429391895 0
429391914 0
429391917 0
429457409 0
429457411 0
429457428 0
429457442 0
429522956 0
429522970 0
429522973 0
429522991 0
429588486 0
429588488 0
429588493 0
429588519 0
429654033 0
429654042 0
429654043 0
429654048 0
429719554 0
429719557 0
429719563 0
429719596 0
429785094 0
429785099 0
429785101 0
429785108 0
429850632 0
429850633 0
429850634 0
429850635 0
429916165 0
429916183 0
429916184 0
429916202 0
429981697 0
429981702 0
429981708 0
429981723 0
430047234 0
430047253 0
430047267 0
430047272 0
430112773 0
430112794 0
430112808 0
430112811 0
430178316 0
430178325 0
430178339 0
430178346 0
430243850 0
430243861 0
430243871 0
430243880 0
430309381 0
430309395 0
430309404 0
430309410 0
430374913 0
430374930 0
430374932 0
430374935 0
430440452 0
430440467 0
430440469 0
430440478 0
430505989 0
430505998 0
430506003 0
430506024 0
430571539 0
430571552 0
430571553 0
430571554 0
430637088 0
430637090 0
430637091 0
430637097 0
430702605 0
430702607 0
430702608 0
430702634 0
430768136 0
430768137 0
430768138 0
430768159 0
430833667 0
430833674 0
430833684 0
430833693 0
430899222 0
430899235 0
430899240 0
430899245 0
430964742 0
430964745 0
430964747 0
430964780 0
431030276 0
431030282 0
431030295 0
431030301 0
431095831 0
431095848 0
431095853 0
431095854 0
431161347 0
431161350 0
431161368 0
431161369 0
431226880 0
431226885 0
431226899 0
431226906 0
431292432 0
431292434 0
431292447 0
431292453 0
431357964 0
431357966 0
431357975 0
431357977 0
431423493 0
431423495 0
431423504 0
431423514 0
431489052 0
431489062 0
431489069 0
431489071 0
431554565 0
431554568 0
431554574 0
431554595 0
431620134 0
431620139 0
431620140 0
431620141 0
431685635 0
431685665 0
431685668 0
431685670 0
431751175 0
431751189 0
431751190 0
431751208 0
431816716 0
431816719 0
431816722 0
431816741 0
431882242 0
431882268 0
431882279 0
431882281 0
431947776 0
431947781 0
431947790 0
431947791 0
432013316 0
432013333 0
432013342 0
432013343 0
432078852 0
432078870 0
432078871 0
432078889 0
432144399 0
432144406 0
432144409 0
432144412 0
432209921 0
432209939 0
432209958 0
432209960 0
432275471 0
432275476 0
432275477 0
432275498 0
432341003 0
432341013 0
432341020 0
432341030 0
432406538 0
432406540 0
432406541 0
432406563 0
432472079 0
432472100 0
432472105 0
432472110 0
432537609 0
432537627 0
432537630 0
432537632 0
432603136 0
432603150 0
432603163 0
432603177 0
432668707 0
432668709 0
432668710 0
432668712 0
432734227 0
432734228 0
432734238 0
432734249 0
432799753 0
432799754 0
432799756 0
432799775 0
432865297 0
432865304 0
432865323 0
432865326 0
432930831 0
432930846 0
432930852 0
432930857 0
432996377 0
432996383 0
432996388 0
432996398 0
433061888 0
433061914 0
433061921 0
433061923 0
433127446 0
433127464 0
433127469 0
433127471 0
433192966 0
433192973 0
433192987 0
433193000 0
433258509 0
433258514 0
433258519 0
433258524 0
433324042 0
433324045 0
433324064 0
433324075 0
433389591 0
433389596 0
433389601 0
433389606 0
433455106 0
433455108 0
433455127 0
433455129 0
433520659 0
433520664 0
433520666 0
433520673 0
433586188 0
433586190 0
433586197 0
433586203 0
433651726 0
433651740 0
433651741 0
433651755 0
433717262 0
433717267 0
433717269 0
433717280 0
433782787 0
433782789 0
433782812 0
433782830 0
433848322 0
433848324 0
433848327 0
433848345 0
433913870 0
433913884 0
433913899 0
433913901 0
433979401 0
433979403 0
433979416 0
433979430 0
434044929 0
434044931 0
434044932 0
434044946 0
434110469 0
434110472 0
434110478 0
434110503 0
434176008 0
434176010 0
434176015 0
434176037 0
434241536 0
434241538 0
434241553 0
434241563 0
434307094 0
434307108 0
434307111 0
434307113 0
434372621 0
434372644 0
434372646 0
434372655 0
434438166 0
434438172 0
434438189 0
434438191 0
434503686 0
434503688 0
434503705 0
434503719 0
434569219 0
434569232 0
434569242 0
434569245 0
434634764 0
434634767 0
434634778 0
434634797 0
434700289 0
434700292 0
434700319 0
434700322 0
434765824 0
434765830 0
434765833 0
434765847 0
434831362 0
434831364 0
434831375 0
434831377 0
434896897 0
434896898 0
434896899 0
434896928 0
434962451 0
434962464 0
434962465 0
434962474 0
435027986 0
435027988 0
435027997 0
435027999 0
435093510 0
435093529 0
435093532 0
435093539 0
435159041 0
435159044 0
435159050 0
435159071 0
435224583 0
435224584 0
435224589 0
435224590 0
435290117 0
435290126 0
435290131 0
435290152 0
435355671 0
435355674 0
435355688 0
435355689 0
435421193 0
435421196 0
435421211 0
435421218 0
435486732 0
435486741 0
435486746 0
435486755 0
435552262 0
435552264 0
435552267 0
435552281 0
435617809 0
435617824 0
435617826 0
435617827 0
435683337 0
435683359 0
435683364 0
435683370 0
435748867 0
435748873 0
435748908 0
435748910 0
435814415 0
435814417 0
435814420 0
435814438 0
435879936 0
435879953 0
435879962 0
435879975 0
435945472 0
435945489 0
435945490 0
435945519 0
436011010 0
436011032 0
436011039 0
436011053 0
436076546 0
436076567 0
436076580 0
436076589 0
436142083 0
436142085 0
436142108 0
436142114 0
436207623 0
436207625 0
436207630 0
436207644 0
436273157 0
436273160 0
436273175 0
436273182 0
436338708 0
436338711 0
436338725 0
436338730 0
436404235 0
436404250 0
436404252 0
436404257 0
436469783 0
436469790 0
436469792 0
436469793 0
436535299 0
436535322 0
436535325 0
436535336 0
436600853 0
436600863 0
436600870 0
436600876 0
436666385 0
436666387 0
436666390 0
436666396 0
436731913 0
436731916 0
436731938 0
436731939 0
436797464 0
436797465 0
436797467 0
436797470 0
436862979 0
436862982 0
436862992 0
436863017 0
436928514 0
436928535 0
436928548 0
436928557 0
436994050 0
436994064 0
436994093 0
436994095 0
437059585 0
437059588 0
437059599 0
437059630 0
437125120 0
437125122 0
437125131 0
437125149 0
437190673 0
437190676 0
437190679 0
437190698 0
437256194 0
437256196 0
437256197 0
437256219 0
437321737 0
437321762 0
437321764 0
437321775 0
437387283 0
437387297 0
437387300 0
437387310 0
437452801 0
437452816 0
437452818 0
437452843 0
437518354 0
437518357 0
437518367 0
437518368 0
437583872 0
437583873 0
437583875 0
437583882 0
437649424 0
437649431 0
437649437 0
437649438 0
437714944 0
437714949 0
437714954 0
437714967 0
437780495 0
437780497 0
437780514 0
437780516 0
437846035 0
437846045 0
437846060 0
437846062 0
437911562 0
437911568 0
437911589 0
437911595 0
437977098 0
437977101 0
437977120 0
437977127 0
438042625 0
438042628 0
438042630 0
438042631 0
438108170 0
438108184 0
438108185 0
438108203 0
438173713 0
438173723 0
438173726 0
438173732 0
438239241 0
438239246 0
438239259 0
438239264 0
438304775 0
438304788 0
438304794 0
438304809 0
438370304 0
438370311 0
438370318 0
438370325 0
438435841 0
438435846 0
438435848 0
438435863 0
438501392 0
438501403 0
438501405 0
438501410 0
438566913 0
438566939 0
438566950 0
438566952 0
438632468 0
438632477 0
438632487 0
438632490 0
438698002 0
438698004 0
438698007 0
438698021 0
438763531 0
438763549 0
438763554 0
438763560 0
438829056 0
438829063 0
438829086 0
438829093 0
438894607 0
438894624 0
438894629 0
438894634 0
438960159 0
438960160 0
438960169 0
438960174 0
439025668 0
439025683 0
439025701 0
439025710 0
439091204 0
439091225 0
439091231 0
439091234 0
439156756 0
439156777 0
439156778 0
439156779 0
439222274 0
439222303 0
439222308 0
439222313 0
439287808 0
439287833 0
439287843 0
439287850 0
439353344 0
439353379 0
439353385 0
439353386 0
439418881 0
439418902 0
439418916 0
439418919 0
439484432 0
439484441 0
439484454 0
439484463 0
439549969 0
439549971 0
439549980 0
439549990 0
439615494 0
439615497 0
439615527 0
439615528 0
439681026 0
439681035 0
439681052 0
439681061 0
439746589 0
439746594 0
439746595 0
439746596 0
439812122 0
439812124 0
439812137 0
439812139 0
439877637 0
439877656 0
439877659 0
439877662 0
439943173 0
439943182 0
439943191 0
439943208 0
440008706 0
440008707 0
440008713 0
440008716 0
440074261 0
440074264 0
440074267 0
440074278 0
440139782 0
440139784 0
440139789 0
440139791 0
440205316 0
440205321 0
440205350 0
440205359 0
440270862 0
440270863 0
440270873 0
440270888 0
440336409 0
440336416 0
440336419 0
440336426 0
440401936 0
440401946 0
440401955 0
440401965 0
440467456 0
440467458 0
440467463 0
440467481 0
440533020 0
440533025 0
440533026 0
440533039 0
440598531 0
440598540 0
440598542 0
440598565 0
440664067 0
440664076 0
440664090 0
440664097 0
440729606 0
440729624 0
440729625 0
440729627 0
440795138 0
440795152 0
440795155 0
440795173 0
440860674 0
440860681 0
440860687 0
440860716 0
440926213 0
440926243 0
440926244 0
440926254 0
440991754 0
440991756 0
440991757 0
440991791 0
441057297 0
441057304 0
441057326 0
441057327 0
441122819 0
441122832 0
441122838 0
441122841 0
441188377 0
441188388 0
441188390 0
441188391 0
441253908 0
441253909 0
441253914 0
441253935 0
441319426 0
441319435 0
441319440 0
441319469 0
441384977 0
441385004 0
441385006 0
441385007 0
441450510 0
441450511 0
441450516 0
441450517 0
441516048 0
441516049 0
441516062 0
441516063 0
441581590 0
441581591 0
441581605 0
441581612 0
441647130 0
441647136 0
441647143 0
441647145 0
441712653 0
441712659 0
441712670 0
441712684 0
441778176 0
441778179 0
441778186 0
441778197 0
441843748 0
441843751 0
441843753 0
441843758 0
441909266 0
441909269 0
441909276 0
441909287 0
441974792 0
441974807 0
441974810 0
441974821 0
442040344 0
442040351 0
442040353 0
442040362 0
442105880 0
442105893 0
442105898 0
442105903 0
442171427 0
442171428 0
442171429 0
442171434 0
442236947 0
442236948 0
442236957 0
442236962 0
442302475 0
442302482 0
442302485 0
442302496 0
442368019 0
442368026 0
442368028 0
442368029 0
442433551 0
442433570 0
442433572 0
442433573 0
442499097 0
442499102 0
442499108 0
442499115 0
442564608 0
442564626 0
442564629 0
442564631 0
442630151 0
442630156 0
442630173 0
442630186 0
442695687 0
442695690 0
442695701 0
442695704 0
442761217 0
442761235 0
442761238 0
442761256 0
442826781 0
442826783 0
442826794 0
442826796 0
442892314 0
442892316 0
442892319 0
442892321 0
442957832 0
442957842 0
442957849 0
442957855 0
443023364 0
443023367 0
443023369 0
443023394 0
443088902 0
443088917 0
443088919 0
443088920 0
443154442 0
443154445 0
443154463 0
443154476 0
443219978 0
443219981 0
443219999 0
443220012 0
443285531 0
443285534 0
443285540 0
443285541 0
443351048 0
443351061 0
443351078 0
443351083 0
443416593 0
443416606 0
443416608 0
443416611 0
443482130 0
443482135 0
443482136 0
443482149 0
443547664 0
443547677 0
443547678 0
443547687 0
443613189 0
443613192 0
443613214 0
443613223 0
443678727 0
443678741 0
443678760 0
443678762 0
443744265 0
443744292 0
443744298 0
443744303 0
443809793 0
443809807 0
443809810 0
443809828 0
443875342 0
443875343 0
443875344 0
443875345 0
443940864 0
443940867 0
443940870 0
443940873 0
444006402 0
444006421 0
444006424 0
444006439 0
444071950 0
444071972 0
444071977 0
444071979 0
444137474 0
444137508 0
444137515 0
444137517 0
444203032 0
444203041 0
444203043 0
444203050 0
444268555 0
444268557 0
444268560 0
444268582 0
444334105 0
444334112 0
444334122 0
444334123 0
444399633 0
444399634 0
444399652 0
444399663 0
444465162 0
444465167 0
444465176 0
444465193 0
444530693 0
444530715 0
444530720 0
444530734 0
444596233 0
444596236 0
444596259 0
444596266 0
444661760 0
444661786 0
444661805 0
444661807 0
444727297 0
444727300 0
444727310 0
444727327 0
444792852 0
444792854 0
444792869 0
444792875 0
444858377 0
444858378 0
444858380 0
444858399 0
444923919 0
444923932 0
444923933 0
444923942 0
444989440 0
444989451 0
444989457 0
444989466 0
445054993 0
445055003 0
445055006 0
445055020 0
445120514 0
445120529 0
445120548 0
445120559 0
445186056 0
445186069 0
445186083 0
445186090 0
445251594 0
445251601 0
445251608 0
445251623 0
445317132 0
445317151 0
445317165 0
445317166 0
445382656 0
445382661 0
445382663 0
445382682 0
445448199 0
445448200 0
445448214 0
445448217 0
445513740 0
445513761 0
445513774 0
445513775 0
445579264 0
445579267 0
445579269 0
445579302 0
445644817 0
445644818 0
445644832 0
445644843 0
445710347 0
445710354 0
445710360 0
445710365 0
445775882 0
445775884 0
445775901 0
445775919 0
445841419 0
445841421 0
445841444 0
445841446 0
445906952 0
445906963 0
445906966 0
445906985 0
445972483 0
445972486 0
445972509 0
445972520 0
446038019 0
446038024 0
446038038 0
446038057 0
446103555 0
446103578 0
446103580 0
446103597 0
446169088 0
446169089 0
446169091 0
446169130 0
446234636 0
446234638 0
446234647 0
446234669 0
446300163 0
446300184 0
446300189 0
446300202 0
446365709 0
446365715 0
446365718 0
446365728 0
446431243 0
446431248 0
446431266 0
446431273 0
446496792 0
446496795 0
446496806 0
446496813 0
446562328 0
446562331 0
446562333 0
446562350 0
446627855 0
446627870 0
446627880 0
446627881 0
446693415 0
446693417 0
446693420 0
446693422 0
446758914 0
446758924 0
446758943 0
446758945 0
446824481 0
446824484 0
446824491 0
446824494 0
446889998 0
446890019 0
446890021 0
446890024 0
446955537 0
446955555 0
446955556 0
446955558 0
447021069 0
447021088 0
447021099 0
447021102 0
447086610 0
447086612 0
447086617 0
447086631 0
447152131 0
447152132 0
447152166 0
447152173 0
447217682 0
447217688 0
447217693 0
447217695 0
447283203 0
447283224 0
447283241 0
447283246 0
447348737 0
447348738 0
447348739 0
447348744 0
447414281 0
447414300 0
447414303 0
447414314 0
447479813 0
447479823 0
447479824 0
447479826 0
447545384 0
447545385 0
447545390 0
447545391 0
447610888 0
447610897 0
447610902 0
447610915 0
447676431 0
447676434 0
447676449 0
447676452 0
447741956 0
447741961 0
447741962 0
447741975 0
447807524 0
447807525 0
447807530 0
447807531 0
447873032 0
447873042 0
447873055 0
447873069 0
447938562 0
447938588 0
447938589 0
447938607 0
448004127 0
448004133 0
448004134 0
448004136 0
448069651 0
448069656 0
448069665 0
448069674 0
448135192 0
448135193 0
448135206 0
448135207 0
448200707 0
448200738 0
448200744 0
448200749 0
448266240 0
448266281 0
448266283 0
448266286 0
448331783 0
448331785 0
448331804 0
448331806 0
448397317 0
448397347 0
448397348 0
448397358 0
448462855 0
448462856 0
448462862 0
448462869 0
448528400 0
448528407 0
448528421 0
448528422 0
448593938 0
448593941 0
448593944 0
448593951 0
448659485 0
448659491 0
448659494 0
448659496 0
448724997 0
448725002 0
448725028 0
448725039 0
448790554 0
448790567 0
448790568 0
448790569 0
448856071 0
448856092 0
448856094 0
448856097 0
448921608 0
448921609 0
448921630 0
448921631 0
448987146 0
448987168 0
448987169 0
448987179 0
449052692 0
449052693 0
449052695 0
449052718 0
449118217 0
449118242 0
449118244 0
449118247 0
449183752 0
449183757 0
449183787 0
449183790 0
449249291 0
449249292 0
449249302 0
449249313 0
449314828 0
449314831 0
449314833 0
449314862 0
449380358 0
449380367 0
449380368 0
449380389 0
449445903 0
449445921 0
449445928 0
449445934 0
449511428 0
449511433 0
449511434 0
449511447 0
449576968 0
449576985 0
449576986 0
449576999 0
449642502 0
449642505 0
449642516 0
449642535 0
449708043 0
449708049 0
449708072 0
449708074 0
449773570 0
449773604 0
449773613 0
449773615 0
449839116 0
449839130 0
449839139 0
449839141 0
449904646 0
449904656 0
449904681 0
449904687 0
449970178 0
449970179 0
449970188 0
449970221 0
450035732 0
450035733 0
450035734 0
450035735 0
450101248 0
450101250 0
450101265 0
450101287 0
450166784 0
450166794 0
450166805 0
450166827 0
450232342 0
450232360 0
450232365 0
450232367 0
450297879 0
450297896 0
450297898 0
450297901 0
450363395 0
450363409 0
450363412 0
450363414 0
450428961 0
450428962 0
450428968 0
450428971 0
450494470 0
450494507 0
450494508 0
450494509 0
450560001 0
450560002 0
450560016 0
450560039 0
450625538 0
450625548 0
450625549 0
450625571 0
450691076 0
450691082 0
450691091 0
450691093 0
450756621 0
450756640 0
450756654 0
450756655 0
450822155 0
450822157 0
450822178 0
450822184 0
450887690 0
450887692 0
450887705 0
450887719 0
450953224 0
450953239 0
450953242 0
450953257 0
451018767 0
451018770 0
451018784 0
451018797 0
451084314 0
451084317 0
451084327 0
451084332 0
451149829 0
451149868 0
451149870 0
451149871 0
451215377 0
451215384 0
451215386 0
451215387 0
451280928 0
451280935 0
451280941 0
451280942 0
451346436 0
451346458 0
451346463 0
451346469 0
451411984 0
451412005 0
451412007 0
451412014 0
451477510 0
451477536 0
451477537 0
451477543 0
451543045 0
451543047 0
451543068 0
451543074 0
451608603 0
451608612 0
451608613 0
451608614 0
451674113 0
451674116 0
451674119 0
451674142 0
451739682 0
451739687 0
451739689 0
451739692 0
451805225 0
451805227 0
451805228 0
451805230 0
451870741 0
451870755 0
451870760 0
451870762 0
451936263 0
451936277 0
451936282 0
451936300 0
452001797 0
452001832 0
452001838 0
452001839 0
452067332 0
452067346 0
452067369 0
452067375 0
452132904 0
452132907 0
452132909 0
452132910 0
452198405 0
452198408 0
452198419 0
452198422 0
452263948 0
452263971 0
452263978 0
452263981 0
452329492 0
452329511 0
452329513 0
452329518 0
452395011 0
452395013 0
452395018 0
452395052 0
452460576 0
452460582 0
452460587 0
452460589 0
452526108 0
452526109 0
452526115 0
452526122 0
452591617 0
452591631 0
452591646 0
452591648 0
452657157 0
452657184 0
452657190 0
452657195 0
452722721 0
452722730 0
452722731 0
452722732 0
452788227 0
452788262 0
452788265 0
452788268 0
452853761 0
452853762 0
452853776 0
452853779 0
452919300 0
452919302 0
452919321 0
452919335 0
452984862 0
452984865 0
452984872 0
452984879 0
453050404 0
453050406 0
453050409 0
453050411 0
453115904 0
453115923 0
453115946 0
453115949 0
453181440 0
453181450 0
453181451 0
453181473 0
453246978 0
453246981 0
453247000 0
453247019 0
453312535 0
453312538 0
453312540 0
453312549 0
453378071 0
453378084 0
453378093 0
453378094 0
453443609 0
453443611 0
453443620 0
453443622 0
453509123 0
453509153 0
453509156 0
453509166 0
453574667 0
453574676 0
453574681 0
453574702 0
453640202 0
453640207 0
453640217 0
453640224 0
453705753 0
453705756 0
453705758 0
453705759 0
453771278 0
453771280 0
453771301 0
453771303 0
453836803 0
453836816 0
453836818 0
453836821 0
453902346 0
453902355 0
453902365 0
453902376 0
453967876 0
453967878 0
453967897 0
453967899 0
454033410 0
454033412 0
454033441 0
454033447 0
454098986 0
454098987 0
454098988 0
454098989 0
454164481 0
454164484 0
454164491 0
454164502 0
454230029 0
454230030 0
454230043 0
454230044 0
454295564 0
454295569 0
454295595 0
454295598 0
454361117 0
454361118 0
454361119 0
454361120 0
454426654 0
454426663 0
454426665 0
454426668 0
454492160 0
454492162 0
454492167 0
454492181 0
454557716 0
454557719 0
454557725 0
454557742 0
454623259 0
454623266 0
454623268 0
454623273 0
454688771 0
454688785 0
454688798 0
454688808 0
454754316 0
454754318 0
454754335 0
454754349 0
454819857 0
454819862 0
454819872 0
454819875 0
454885405 0
454885406 0
454885407 0
454885408 0
454950936 0
454950945 0
454950950 0
454950955 0
455016452 0
455016482 0
455016485 0
455016487 0
455081995 0
455082021 0
455082024 0
455082030 0
455147552 0
455147555 0
455147565 0
455147566 0
455213056 0
455213093 0
455213094 0
455213095 0
455278620 0
455278630 0
455278631 0
455278637 0
455344136 0
455344137 0
455344146 0
455344151 0
455409692 0
455409694 0
455409697 0
455409711 0
455475200 0
455475234 0
455475245 0
455475247 0
455540770 0
455540772 0
455540779 0
455540781 0
455606280 0
455606281 0
455606299 0
455606314 0
455671836 0
455671843 0
455671849 0
455671850 0
455737345 0
455737360 0
455737378 0
455737391 0
455802880 0
455802894 0
455802907 0
455802917 0
455868428 0
455868449 0
455868451 0
455868454 0
455933967 0
455933968 0
455933986 0
455933997 0
455999518 0
455999520 0
455999521 0
455999535 0
456065031 0
456065057 0
456065066 0
456065068 0
456130570 0
456130592 0
456130593 0
456130599 0
456196102 0
456196135 0
456196140 0
456196141 0
456261672 0
456261677 0
456261678 0
456261679 0
456327197 0
456327200 0
456327202 0
456327215 0
456392705 0
456392719 0
456392726 0
456392728 0
456458263 0
456458269 0
456458270 0
456458276 0
456523778 0
456523801 0
456523803 0
456523820 0
456589340 0
456589350 0
456589353 0
456589355 0
456654854 0
456654859 0
456654877 0
456654884 0
456720393 0
456720407 0
456720408 0
456720426 0
456785936 0
456785945 0
456785959 0
456785966 0
456851457 0
456851463 0
456851480 0
456851498 0
456916995 0
456917004 0
456917022 0
456917033 0
456982537 0
456982538 0
456982539 0
456982560 0
457048087 0
457048097 0
457048106 0
457048108 0
457113639 0
457113641 0
457113644 0
457113646 0
457179136 0
457179141 0
457179146 0
457179183 0
457244706 0
457244711 0
457244713 0
457244716 0
457310236 0
457310241 0
457310254 0
457310255 0
457375749 0
457375772 0
457375786 0
457375787 0
457441315 0
457441317 0
457441322 0
457441324 0
457506821 0
457506840 0
457506842 0
457506863 0
457572378 0
457572396 0
457572397 0
457572399 0
457637907 0
457637914 0
457637928 0
457637933 0
457703437 0
457703442 0
457703451 0
457703464 0
457768961 0
457768964 0
457768979 0
457768994 0
457834516 0
457834535 0
457834537 0
457834542 0
457900034 0
457900069 0
457900071 0
457900072 0
457965572 0
457965574 0
457965599 0
457965605 0
458031116 0
458031134 0
458031135 0
458031137 0
458096643 0
458096684 0
458096685 0
458096686 0
458162181 0
458162195 0
458162198 0
458162220 0
458227726 0
458227741 0
458227756 0
458227759 0
458293252 0
458293278 0
458293289 0
458293291 0
458358801 0
458358803 0
458358804 0
458358806 0
458424350 0
458424355 0
458424356 0
458424365 0
458489879 0
458489882 0
458489885 0
458489900 0
458555412 0
458555415 0
458555429 0
458555438 0
458620930 0
458620968 0
458620969 0
458620975 0
458686467 0
458686497 0
458686502 0
458686508 0
458752020 0
458752034 0
458752041 0
458752047 0
458817549 0
458817567 0
458817568 0
458817578 0
458883098 0
458883107 0
458883116 0
458883117 0
458948610 0
458948645 0
458948652 0
458948655 0
459014172 0
459014174 0
459014181 0
459014191 0
459079704 0
459079709 0
459079718 0
459079719 0
459145217 0
459145222 0
459145231 0
459145252 0
459210779 0
459210793 0
459210796 0
459210798 0
459276315 0
459276322 0
459276324 0
459276333 0
459341830 0
459341853 0
459341867 0
459341868 0
459407388 0
459407397 0
459407402 0
459407403 0
459472903 0
459472908 0
459472938 0
459472941 0
459538459 0
459538462 0
459538464 0
459538473 0
459603981 0
459603983 0
459603986 0
459604004 0
459669511 0
459669533 0
459669546 0
459669548 0
459735061 0
459735064 0
459735075 0
459735082 0
459800610 0
459800615 0
459800617 0
459800620 0
459866119 0
459866122 0
459866141 0
459866156 0
459931686 0
459931688 0
459931693 0
459931695 0
459997197 0
459997199 0
459997204 0
459997230 0
460062720 0
460062734 0
460062737 0
460062755 0
460128257 0
460128288 0
460128302 0
460128303 0
460193813 0
460193827 0
460193834 0
460193836 0
460259359 0
460259362 0
460259372 0
460259373 0
460324884 0
460324889 0
460324903 0
460324910 0
460390400 0
460390419 0
460390438 0
460390441 0
460455944 0
460455946 0
460455965 0
460455979 0
460521475 0
460521498 0
460521512 0
460521517 0
460587035 0
460587040 0
460587042 0
460587045 0
460652562 0
460652568 0
460652581 0
460652583 0
460718102 0
460718112 0
460718121 0
460718123 0
460783642 0
460783660 0
460783661 0
460783663 0
460849165 0
460849168 0
460849183 0
460849186 0
460914693 0
460914716 0
460914726 0
460914735 0
460980224 0
460980238 0
460980259 0
460980261 0
461045769 0
461045788 0
461045799 0
461045802 0
461111310 0
461111331 0
461111340 0
461111341 0
461176873 0
461176875 0
461176876 0
461176878 0
461242376 0
461242410 0
461242411 0
461242413 0
461307909 0
461307938 0
461307948 0
461307951 0
461373448 0
461373453 0
461373467 0
461373478 0
461439013 0
461439015 0
461439018 0
461439020 0
461504531 0
461504549 0
461504552 0
461504554 0
461570059 0
461570082 0
461570085 0
461570088 0
461635615 0
461635625 0
461635628 0
461635630 0
461701126 0
461701131 0
461701160 0
461701161 0
461766664 0
461766690 0
461766691 0
461766693 0
461832216 0
461832222 0
461832235 0
461832237 0
461897733 0
461897760 0
461897763 0
461897774 0
461963308 0
461963309 0
461963310 0
461963311 0
462028810 0
462028837 0
462028840 0
462028843 0
462094343 0
462094376 0
462094381 0
462094382 0
462159906 0
462159911 0
462159913 0
462159916 0
462225425 0
462225446 0
462225452 0
462225455 0
462290972 0
462290989 0
462290990 0
462290991 0
462356485 0
462356490 0
462356520 0
462356523 0
462422017 0
462422027 0
462422032 0
462422034 0
462487553 0
462487554 0
462487555 0
462487560 0
462553093 0
462553120 0
462553126 0
462553127 0
462618628 0
462618630 0
462618631 0
462618633 0
462684179 0
462684181 0
462684194 0
462684196 0
462749709 0
462749711 0
462749712 0
462749726 0
462815235 0
462815240 0
462815242 0
462815245 0
462880789 0
462880792 0
462880799 0
462880806 0
462946315 0
462946325 0
462946326 0
462946328 0
463011840 0
463011855 0
463011861 0
463011878 0
463077400 0
463077403 0
463077409 0
463077410 0
463142914 0
463142917 0
463142931 0
463142944 0
463208451 0
463208453 0
463208454 0
463208460 0
463273985 0
463273987 0
463274000 0
463274014 0
463339524 0
463339530 0
463339531 0
463339533 0
463405057 0
463405060 0
463405062 0
463405063 0
463470604 0
463470606 0
463470607 0
463470609 0
463536142 0
463536145 0
463536152 0
463536171 0
463601664 0
463601677 0
463601687 0
463601694 0
463667209 0
463667222 0
463667224 0
463667239 0
463732745 0
463732746 0
463732747 0
463732752 0
463798276 0
463798277 0
463798278 0
463798295 0
463863817 0
463863820 0
463863822 0
463863831 0
463929344 0
463929347 0
463929350 0
463929353 0
463994889 0
463994903 0
463994906 0
463994924 0
464060421 0
464060426 0
464060443 0
464060444 0
464125981 0
464125984 0
464125986 0
464125999 0
464191504 0
464191507 0
464191518 0
464191529 0
464257024 0
464257042 0
464257061 0
464257067 0
464322570 0
464322571 0
464322584 0
464322585 0
464388097 0
464388099 0
464388114 0
464388120 0
464453648 0
464453649 0
464453658 0
464453663 0
464519184 0
464519187 0
464519189 0
464519206 0
464584712 0
464584718 0
464584721 0
464584735 0
464650249 0
464650250 0
464650251 0
464650256 0
464715780 0
464715782 0
464715783 0
464715785 0
464781312 0
464781313 0
464781327 0
464781338 0
464846853 0
464846855 0
464846856 0
464846870 0
464912403 0
464912404 0
464912417 0
464912418 0
464977956 0
464977958 0
464977959 0
464977961 0
465043456 0
465043463 0
465043466 0
465043481 0
465108994 0
465109000 0
465109001 0
465109007 0
465174529 0
465174530 0
465174539 0
465174556 0
465240086 0
465240088 0
465240091 0
465240101 0
465305609 0
465305626 0
465305628 0
465305631 0
465371137 0
465371147 0
465371152 0
465371154 0
465436675 0
465436689 0
465436692 0
465436694 0
465502210 0
465502212 0
465502225 0
465502239 0
465567744 0
465567746 0
465567759 0
465567761 0
465633288 0
465633297 0
465633310 0
465633319 0
465698829 0
465698830 0
465698831 0
465698848 0
465764362 0
465764365 0
465764379 0
465764392 0
465829888 0
465829893 0
465829911 0
465829914 0
465895446 0
465895449 0
465895451 0
465895460 0
465960964 0
465960971 0
465960974 0
465960981 0
466026500 0
466026501 0
466026503 0
466026506 0
466092038 0
466092041 0
466092043 0
466092044 0
466157572 0
466157575 0
466157590 0
466157605 0
466223138 0
466223141 0
466223147 0
466223148 0
466288657 0
466288660 0
466288671 0
466288678 0
466354187 0
466354205 0
466354208 0
466354214 0
466419723 0
466419726 0
466419728 0
466419729 0
466485256 0
466485282 0
466485289 0
466485291 0
466550789 0
466550790 0
466550792 0
466550803 0
466616333 0
466616339 0
466616342 0
466616348 0
466681859 0
466681861 0
466681864 0
466681902 0
466747393 0
466747402 0
466747403 0
466747408 0
466812955 0
466812957 0
466812958 0
466812960 0
466878469 0
466878472 0
466878494 0
466878507 0
466944019 0
466944028 0
466944033 0
466944042 0
467009538 0
467009555 0
467009557 0
467009560 0
467075072 0
467075073 0
467075075 0
467075094 0
467140608 0
467140623 0
467140626 0
467140645 0
467206148 0
467206154 0
467206157 0
467206171 0
467271685 0
467271694 0
467271696 0
467271703 0
467337216 0
467337218 0
467337229 0
467337239 0
467402754 0
467402755 0
467402768 0
467402769 0
467468298 0
467468303 0
467468316 0
467468321 0
467533824 0
467533849 0
467533851 0
467533854 0
467599364 0
467599373 0
467599378 0
467599383 0
467664914 0
467664916 0
467664917 0
467664943 0
467730437 0
467730438 0
467730443 0
467730444 0
467795976 0
467795986 0
467795993 0
467795995 0
467861513 0
467861515 0
467861528 0
467861546 0
467927048 0
467927069 0
467927071 0
467927074 0
467992578 0
467992593 0
467992596 0
467992619 0
468058115 0
468058133 0
468058142 0
468058144 0
468123655 0
468123681 0
468123686 0
468123692 0
468189221 0
468189227 0
468189228 0
468189230 0
468254722 0
468254723 0
468254724 0
468254741 0
468320265 0
468320276 0
468320279 0
468320294 0
468385801 0
468385802 0
468385804 0
468385819 0
468451333 0
468451336 0
468451339 0
468451350 0
468516873 0
468516884 0
468516887 0
468516902 0
468582418 0
468582425 0
468582428 0
468582431 0
468647937 0
468647939 0
468647958 0
468647972 0
468713480 0
468713487 0
468713490 0
468713501 0
468779012 0
468779017 0
468779019 0
468779034 0
468844567 0
468844574 0
468844584 0
468844589 0
468910081 0
468910082 0
468910084 0
468910087 0
468975622 0
468975641 0
468975643 0
468975644 0
469041158 0
469041160 0
469041161 0
469041175 0
469106696 0
469106697 0
469106702 0
469106731 0
469172234 0
469172235 0
469172236 0
469172241 0
469237760 0
469237763 0
469237778 0
469237797 0
469303312 0
469303333 0
469303334 0
469303335 0
469368835 0
469368852 0
469368854 0
469368857 0
469434381 0
469434400 0
469434403 0
469434410 0
469499910 0
469499920 0
469499933 0
469499947 0
469565441 0
469565443 0
469565454 0
469565456 0
469630983 0
469630984 0
469630986 0
469631005 0
469696516 0
469696519 0
469696529 0
469696550 0
469762067 0
469762068 0
469762070 0
469762089 0
469827593 0
469827596 0
469827614 0
469827615 0
469893129 0
469893143 0
469893144 0
469893158 0
469958657 0
469958667 0
469958670 0
469958672 0
470024192 0
470024194 0
470024203 0
470024217 0
470089728 0
470089739 0
470089742 0
470089745 0
470155267 0
470155288 0
470155289 0
470155306 0
470220801 0
470220808 0
470220819 0
470220822 0
470286336 0
470286365 0
470286367 0
470286382 0
470351899 0
470351900 0
470351902 0
470351909 0
470417408 0
470417434 0
470417437 0
470417443 0
470482953 0
470482956 0
470482962 0
470482975 0
470548492 0
470548493 0
470548503 0
470548506 0
470614034 0
470614035 0
470614037 0
470614040 0
470679555 0
470679564 0
470679565 0
470679598 0
470745092 0
470745117 0
470745119 0
470745122 0
470810630 0
470810649 0
470810663 0
470810664 0
470876161 0
470876179 0
470876188 0
470876202 0
470941700 0
470941709 0
470941710 0
470941727 0
471007233 0
471007234 0
471007235 0
471007236 0
471072771 0
471072774 0
471072776 0
471072797 0
471138336 0
471138337 0
471138338 0
471138339 0
471203841 0
471203854 0
471203871 0
471203876 0
471269391 0
471269394 0
471269404 0
471269409 0
471334913 0
471334914 0
471334916 0
471334923 0
471400454 0
471400461 0
471400463 0
471400468 0
471465990 0
471466005 0
471466016 0
471466027 0
471531522 0
471531524 0
471531525 0
471531531 0
471597064 0
471597066 0
471597071 0
471597081 0
471662599 0
471662616 0
471662621 0
471662622 0
471728133 0
471728144 0
471728159 0
471728162 0
471793678 0
471793681 0
471793683 0
471793684 0
471859207 0
471859221 0
471859222 0
471859244 0
471924747 0
471924749 0
471924780 0
471924782 0
471990294 0
471990296 0
471990297 0
471990315 0
472055838 0
472055844 0
472055853 0
472055855 0
472121359 0
472121360 0
472121373 0
472121390 0
472186886 0
472186889 0
472186919 0
472186924 0
472252419 0
472252424 0
472252426 0
472252429 0
472317957 0
472317958 0
472317960 0
472317999 0
472383489 0
472383500 0
472383510 0
472383519 0
472449031 0
472449050 0
472449053 0
472449068 0
472514575 0
472514578 0
472514588 0
472514601 0
472580097 0
472580100 0
472580110 0
472580115 0
472645646 0
472645664 0
472645669 0
472645675 0
472711173 0
472711179 0
472711190 0
472711192 0
472776709 0
472776712 0
472776735 0
472776746 0
472842241 0
472842256 0
472842275 0
472842278 0
472907787 0
472907790 0
472907808 0
472907821 0
472973312 0
472973327 0
472973329 0
472973334 0
473038857 0
473038859 0
473038860 0
473038886 0
473104393 0
473104410 0
473104419 0
473104424 0
473169937 0
473169940 0
473169955 0
473169966 0
473235456 0
473235466 0
473235481 0
473235487 0
473300992 0
473300995 0
473301009 0
473301034 0
473366532 0
473366554 0
473366563 0
473366573 0
473432069 0
473432079 0
473432092 0
473432098 0
473497612 0
473497613 0
473497622 0
473497623 0
473563146 0
473563148 0
473563171 0
473563173 0
473628675 0
473628677 0
473628694 0
473628708 0
473694225 0
473694227 0
473694234 0
473694240 0
473759753 0
473759754 0
473759760 0
473759763 0
473825297 0
473825298 0
473825300 0
473825323 0
473890828 0
473890842 0
473890849 0
473890859 0
473956364 0
473956374 0
473956385 0
473956399 0
474021895 0
474021898 0
474021901 0
474021908 0
474087438 0
474087457 0
474087459 0
474087460 0
474152982 0
474152985 0
474152987 0
474153000 0
474218503 0
474218506 0
474218512 0
474218517 0
474284046 0
474284057 0
474284060 0
474284079 0
474349576 0
474349581 0
474349586 0
474349591 0
474415117 0
474415123 0
474415130 0
474415136 0
474480664 0
474480666 0
474480667 0
474480681 0
474546195 0
474546196 0
474546197 0
474546198 0
474611713 0
474611719 0
474611726 0
474611740 0
474677253 0
474677258 0
474677264 0
474677275 0
474742796 0
474742799 0
474742801 0
474742802 0
474808340 0
474808342 0
474808355 0
474808361 0
474873876 0
474873885 0
474873890 0
474873899 0
474939396 0
474939398 0
474939407 0
474939409 0
475004939 0
475004940 0
475004946 0
475004949 0
475070466 0
475070468 0
475070469 0
475070483 0
475136006 0
475136019 0
475136025 0
475136040 0
475201558 0
475201561 0
475201563 0
475201580 0
475267100 0
475267102 0
475267105 0
475267107 0
475332619 0
475332625 0
475332626 0
475332636 0
475398150 0
475398171 0
475398180 0
475398189 0
475463681 0
475463702 0
475463704 0
475463707 0
475529221 0
475529230 0
475529248 0
475529259 0
475594754 0
475594755 0
475594756 0
475594757 0
475660302 0
475660308 0
475660313 0
475660315 0
475725828 0
475725854 0
475725861 0
475725863 0
475791366 0
475791371 0
475791380 0
475791405 0
475856902 0
475856903 0
475856905 0
475856940 0
475922432 0
475922447 0
475922462 0
475922465 0
475987984 0
475988003 0
475988005 0
475988006 0
476053508 0
476053510 0
476053519 0
476053521 0
476119046 0
476119069 0
476119076 0
476119083 0
476184580 0
476184585 0
476184591 0
476184594 0
476250125 0
476250138 0
476250140 0
476250147 0
476315649 0
476315667 0
476315682 0
476315688 0
476381200 0
476381205 0
476381218 0
476381219 0
476446726 0
476446729 0
476446740 0
476446763 0
476512256 0
476512261 0
476512266 0
476512267 0
476577792 0
476577810 0
476577811 0
476577813 0
476643339 0
476643344 0
476643349 0
476643362 0
476708866 0
476708867 0
476708873 0
476708880 0
476774418 0
476774419 0
476774424 0
476774425 0
476839943 0
476839957 0
476839958 0
476839972 0
476905485 0
476905488 0
476905498 0
476905503 0
476971036 0
476971042 0
476971045 0
476971047 0
477036544 0
477036561 0
477036571 0
477036574 0
477102081 0
477102082 0
477102096 0
477102107 0
477167628 0
477167630 0
477167645 0
477167663 0
477233157 0
477233160 0
477233162 0
477233171 0
477298704 0
477298717 0
477298718 0
477298719 0
477364237 0
477364238 0
477364239 0
477364268 0
477429761 0
477429763 0
477429776 0
477429786 0
477495319 0
477495320 0
477495326 0
477495333 0
477560834 0
477560864 0
477560865 0
477560879 0
477626369 0
477626378 0
477626384 0
477626403 0
477691918 0
477691919 0
477691920 0
477691937 0
477757456 0
477757459 0
477757466 0
477757477 0
477822977 0
477822978 0
477822983 0
477822996 0
477888524 0
477888527 0
477888542 0
477888545 0
477954059 0
477954062 0
477954084 0
477954089 0
478019593 0
478019596 0
478019598 0
478019615 0
478085122 0
478085124 0
478085125 0
478085151 0
478150659 0
478150662 0
478150665 0
478150700 0
478216205 0
478216208 0
478216210 0
478216231 0
478281729 0
478281730 0
478281731 0
478281732 0
478347278 0
478347296 0
478347303 0
478347309 0
478412801 0
478412816 0
478412819 0
478412830 0
478478344 0
478478346 0
478478371 0
478478373 0
478543878 0
478543892 0
478543901 0
478543915 0
478609424 0
478609438 0
478609441 0
478609443 0
478674955 0
478674958 0
478674960 0
478674981 0
478740480 0
478740485 0
478740498 0
478740511 0
478806022 0
478806025 0
478806039 0
478806056 0
478871554 0
478871556 0
478871571 0
478871597 0
478937089 0
478937092 0
478937095 0
478937102 0
479002624 0
479002635 0
479002638 0
479002665 0
479068167 0
479068169 0
479068170 0
479068172 0
479133703 0
479133705 0
479133708 0
479133726 0
479199246 0
479199248 0
479199257 0
479199263 0
479264772 0
479264781 0
479264782 0
479264799 0
479330307 0
479330318 0
479330328 0
479330329 0
479395842 0
479395843 0
479395860 0
479395877 0
479461397 0
479461406 0
479461415 0
479461420 0
479526913 0
479526923 0
479526924 0
479526926 0
479592456 0
479592459 0
479592469 0
479592474 0
479658002 0
479658009 0
479658016 0
479658023 0
479723524 0
479723537 0
479723539 0
479723542 0
479789057 0
479789064 0
479789074 0
479789075 0
479854592 0
479854594 0
479854597 0
479854623 0
479920140 0
479920163 0
479920165 0
479920174 0
479985682 0
479985688 0
479985691 0
479985693 0
480051211 0
480051220 0
480051229 0
480051238 0
480116742 0
480116744 0
480116761 0
480116771 0
480182285 0
480182286 0
480182288 0
480182295 0
480247817 0
480247820 0
480247835 0
480247838 0
480313364 0
480313366 0
480313367 0
480313381 0
480378893 0
480378894 0
480378912 0
480378927 0
480444416 0
480444431 0
480444433 0
480444434 0
480509954 0
480509965 0
480509967 0
480509972 0
480575491 0
480575498 0
480575505 0
480575528 0
480641061 0
480641062 0
480641064 0
480641071 0
480706561 0
480706582 0
480706583 0
480706588 0
480772110 0
480772119 0
480772121 0
480772124 0
480837634 0
480837636 0
480837637 0
480837639 0
480903169 0
480903183 0
480903200 0
480903202 0
480968705 0
480968724 0
480968739 0
480968742 0
481034255 0
481034266 0
481034269 0
481034272 0
481099778 0
481099788 0
481099795 0
481099805 0
481165312 0
481165317 0
481165318 0
481165319 0
481230859 0
481230884 0
481230893 0
481230894 0
481296417 0
481296418 0
481296419 0
481296424 0
481361944 0
481361947 0
481361958 0
481361965 0
481427486 0
481427492 0
481427493 0
481427499 0
481493000 0
481493001 0
481493007 0
481493026 0
481558530 0
481558533 0
481558547 0
481558552 0
481624078 0
481624079 0
481624088 0
481624089 0
481689608 0
481689611 0
481689618 0
481689641 0
481755143 0
481755162 0
481755177 0
481755180 0
481820679 0
481820682 0
481820693 0
481820700 0
481886208 0
481886218 0
481886221 0
481886243 0
481951744 0
481951746 0
481951747 0
481951757 0
482017296 0
482017298 0
482017299 0
482017313 0
482082820 0
482082823 0
482082838 0
482082841 0
482148371 0
482148381 0
482148390 0
482148392 0
482213900 0
482213905 0
482213906 0
482213915 0
482279436 0
482279453 0
482279466 0
482279471 0
482344980 0
482344981 0
482344983 0
482344990 0
482410497 0
482410504 0
482410510 0
482410511 0
482476035 0
482476049 0
482476052 0
482476054 0
482541568 0
482541575 0
482541577 0
482541606 0
482607110 0
482607113 0
482607135 0
482607144 0
482672652 0
482672655 0
482672673 0
482672686 0
482738200 0
482738201 0
482738214 0
482738219 0
482803715 0
482803729 0
482803730 0
482803732 0
482869270 0
482869275 0
482869277 0
482869288 0
482934804 0
482934807 0
482934818 0
482934829 0
483000339 0
483000341 0
483000344 0
483000350 0
483065863 0
483065864 0
483065869 0
483065874 0
483131403 0
483131408 0
483131421 0
483131438 0
483196931 0
483196934 0
483196936 0
483196953 0
483262471 0
483262476 0
483262486 0
483262489 0
483328010 0
483328013 0
483328024 0
483328027 0
483393548 0
483393550 0
483393557 0
483393559 0
483459089 0
483459092 0
483459099 0
483459118 0
483524617 0
483524619 0
483524620 0
483524630 0
483590149 0
483590154 0
483590156 0
483590179 0
483655680 0
483655693 0
483655710 0
483655715 0
483721220 0
483721253 0
483721255 0
483721258 0
483786759 0
483786774 0
483786776 0
483786781 0
483852315 0
483852320 0
483852325 0
483852326 0
483917832 0
483917833 0
483917843 0
483917858 0
483983361 0
483983387 0
483983400 0
483983406 0
484048909 0
484048935 0
484048936 0
484048942 0
484114464 0
484114465 0
484114467 0
484114470 0
484179971 0
484179992 0
484180001 0
484180006 0
484245514 0
484245524 0
484245525 0
484245527 0
484311040 0
484311043 0
484311061 0
484311070 0
484376576 0
484376581 0
484376582 0
484376619 0
484442139 0
484442152 0
484442157 0
484442158 0
484507654 0
484507661 0
484507664 0
484507695 0
484573186 0
484573192 0
484573195 0
484573209 0
484638733 0
484638738 0
484638747 0
484638756 0
484704258 0
484704264 0
484704279 0
484704297 0
484769820 0
484769822 0
484769835 0
484769837 0
484835329 0
484835335 0
484835350 0
484835368 0
484900864 0
484900869 0
484900874 0
484900875 0
484966400 0
484966419 0
484966433 0
484966442 0
485031947 0
485031948 0
485031954 0
485031957 0
485097472 0
485097479 0
485097490 0
485097493 0
485163024 0
485163027 0
485163041 0
485163046 0
485228564 0
485228577 0
485228583 0
485228590 0
485294106 0
485294108 0
485294121 0
485294123 0
485359641 0
485359643 0
485359644 0
485359654 0
485425157 0
485425180 0
485425190 0
485425191 0
485490707 0
485490716 0
485490717 0
485490730 0
485556225 0
485556247 0
485556264 0
485556266 0
485621764 0
485621775 0
485621785 0
485621790 0
485687311 0
485687336 0
485687337 0
485687338 0
485752838 0
485752845 0
485752852 0
485752855 0
485818374 0
485818381 0
485818388 0
485818391 0
485883912 0
485883923 0
485883937 0
485883938 0
485949473 0
485949474 0
485949479 0
485949480 0
486014979 0
486014981 0
486014982 0
486015008 0
486080516 0
486080525 0
486080530 0
486080539 0
486146062 0
486146065 0
486146080 0
486146095 0
486211593 0
486211596 0
486211606 0
486211607 0
486277126 0
486277129 0
486277140 0
486277159 0
486342660 0
486342666 0
486342681 0
486342687 0
486408196 0
486408213 0
486408214 0
486408215 0
486473728 0
486473730 0
486473731 0
486473749 0
486539265 0
486539276 0
486539278 0
486539283 0
486604800 0
486604825 0
486604826 0
486604835 0
486670347 0
486670358 0
486670360 0
486670377 0
486735882 0
486735887 0
486735893 0
486735900 0
486801413 0
486801418 0
486801420 0
486801427 0
486866951 0
486866968 0
486866973 0
486866982 0
486932482 0
486932487 0
486932488 0
486932521 0
486998017 0
486998034 0
486998036 0
486998063 0
487063556 0
487063561 0
487063566 0
487063575 0
487129092 0
487129093 0
487129099 0
487129106 0
487194634 0
487194637 0
487194648 0
487194655 0
487260171 0
487260173 0
487260194 0
487260196 0
487325703 0
487325709 0
487325718 0
487325732 0
487391252 0
487391254 0
487391255 0
487391265 0
487456775 0
487456801 0
487456808 0
487456814 0
487522315 0
487522333 0
487522338 0
487522340 0
487587843 0
487587845 0
487587870 0
487587880 0
487653383 0
487653389 0
487653410 0
487653420 0
487718914 0
487718924 0
487718927 0
487718929 0
487784454 0
487784457 0
487784480 0
487784487 0
487849997 0
487849999 0
487850004 0
487850018 0
487915521 0
487915530 0
487915564 0
487915567 0
487981064 0
487981075 0
487981089 0
487981090 0
488046601 0
488046614 0
488046616 0
488046631 0
488112139 0
488112156 0
488112161 0
488112162 0
488177671 0
488177672 0
488177681 0
488177706 0
488243233 0
488243236 0
488243238 0
488243243 0
488308744 0
488308778 0
488308781 0
488308783 0
488374272 0
488374286 0
488374293 0
488374307 0
488439810 0
488439815 0
488439836 0
488439841 0
488505344 0
488505375 0
488505377 0
488505378 0
488570900 0
488570903 0
488570905 0
488570910 0
488636423 0
488636440 0
488636449 0
488636458 0
488701971 0
488701985 0
488701994 0
488701996 0
488767491 0
488767493 0
488767506 0
488767516 0
488833027 0
488833037 0
488833056 0
488833058 0
488898574 0
488898580 0
488898585 0
488898599 0
488964118 0
488964133 0
488964136 0
488964143 0
489029657 0
489029662 0
489029663 0
489029664 0
489095186 0
489095204 0
489095209 0
489095211 0
489160715 0
489160720 0
489160725 0
489160734 0
489226244 0
489226262 0
489226265 0
489226271 0
489291783 0
489291797 0
489291820 0
489291822 0
489357319 0
489357333 0
489357338 0
489357348 0
489422873 0
489422884 0
489422891 0
489422894 0
489488403 0
489488410 0
489488412 0
489488417 0
489553920 0
489553927 0
489553934 0
489553937 0
489619462 0
489619471 0
489619473 0
489619476 0
489685007 0
489685009 0
489685014 0
489685028 0
489750543 0
489750553 0
489750570 0
489750572 0
489816071 0
489816090 0
489816092 0
489816093 0
489881609 0
489881620 0
489881627 0
489881634 0
489947153 0
489947163 0
489947164 0
489947178 0
490012688 0
490012689 0
490012691 0
490012694 0
490078209 0
490078243 0
490078248 0
490078250 0
490143768 0
490143770 0
490143779 0
490143785 0
490209280 0
490209299 0
490209302 0
490209313 0
490274822 0
490274823 0
490274828 0
490274833 0
490340356 0
490340370 0
490340383 0
490340397 0
490405900 0
490405902 0
490405909 0
490405927 0
490471424 0
490471426 0
490471457 0
490471467 0
490536987 0
490536994 0
490536996 0
490537001 0
490602503 0
490602528 0
490602533 0
490602538 0
490668058 0
490668061 0
490668063 0
490668068 0
490733576 0
490733590 0
490733593 0
490733595 0
490799117 0
490799124 0
490799126 0
490799131 0
490864646 0
490864652 0
490864669 0
490864671 0
490930182 0
490930187 0
490930189 0
490930196 0
490995725 0
490995740 0
490995750 0
490995759 0
491061254 0
491061284 0
491061285 0
491061295 0
491126790 0
491126828 0
491126829 0
491126831 0
491192326 0
491192333 0
491192335 0
491192348 0
491257857 0
491257868 0
491257882 0
491257903 0
491323427 0
491323433 0
491323434 0
491323436 0
491388929 0
491388939 0
491388954 0
491388960 0
491454496 0
491454499 0
491454502 0
491454509 0
491520003 0
491520010 0
491520028 0
491520041 0
491585537 0
491585554 0
491585559 0
491585572 0
491651090 0
491651091 0
491651101 0
491651112 0
491716609 0
491716623 0
491716624 0
491716626 0
491782162 0
491782179 0
491782181 0
491782188 0
491847693 0
491847694 0
491847700 0
491847711 0
491913220 0
491913225 0
491913238 0
491913243 0
491978768 0
491978773 0
491978775 0
491978786 0
492044289 0
492044310 0
492044312 0
492044315 0
492109826 0
492109828 0
492109835 0
492109853 0
492175363 0
492175364 0
492175377 0
492175382 0
492240898 0
492240904 0
492240909 0
492240915 0
492306460 0
492306466 0
492306477 0
492306479 0
492371989 0
492371994 0
492372007 0
492372008 0
492437511 0
492437528 0
492437537 0
492437546 0
492503044 0
492503073 0
492503075 0
492503078 0
492568603 0
492568609 0
492568618 0
492568620 0
492634120 0
492634130 0
492634139 0
492634141 0
492699669 0
492699672 0
492699675 0
492699678 0
492765202 0
492765209 0
492765216 0
492765227 0
492830738 0
492830747 0
492830756 0
492830761 0
492896279 0
492896280 0
492896282 0
492896289 0
492961813 0
492961815 0
492961822 0
492961824 0
493027342 0
493027344 0
493027365 0
493027371 0
493092885 0
493092895 0
493092902 0
493092908 0
493158415 0
493158417 0
493158420 0
493158434 0
493223969 0
493223978 0
493223979 0
493223980 0
493289478 0
493289501 0
493289508 0
493289511 0
493355015 0
493355032 0
493355038 0
493355053 0
493420552 0
493420557 0
493420590 0
493420591 0
493486087 0
493486101 0
493486106 0
493486108 0
493551628 0
493551641 0
493551650 0
493551651 0
493617152 0
493617170 0
493617193 0
493617195 0
493682700 0
493682701 0
493682723 0
493682726 0
493748240 0
493748241 0
493748254 0
493748255 0
493813776 0
493813786 0
493813797 0
493813807 0
493879313 0
493879316 0
493879334 0
493879339 0
493944833 0
493944872 0
493944874 0
493944879 0
494010370 0
494010385 0
494010408 0
494010415 0
494075910 0
494075924 0
494075947 0
494075949 0
494141466 0
494141472 0
494141479 0
494141481 0
494206977 0
494206982 0
494206983 0
494207012 0
494272512 0
494272513 0
494272543 0
494272558 0
494338080 0
494338087 0
494338089 0
494338090 0
494403586 0
494403599 0
494403616 0
494403629 0
494469126 0
494469128 0
494469145 0
494469147 0
494534687 0
494534692 0
494534693 0
494534702 0
494600217 0
494600226 0
494600231 0
494600236 0
494665743 0
494665746 0
494665764 0
494665765 0
494731266 0
494731272 0
494731273 0
494731279 0
494796834 0
494796839 0
494796841 0
494796844 0
494862353 0
494862362 0
494862363 0
494862368 0
494927878 0
494927897 0
494927907 0
494927908 0
494993417 0
494993419 0
494993432 0
494993434 0
495058949 0
495058974 0
495058976 0
495058979 0
495124484 0
495124486 0
495124493 0
495124519 0
495190028 0
495190037 0
495190051 0
495190058 0
495255558 0
495255563 0
495255565 0
495255572 0
495321096 0
495321097 0
495321098 0
495321099 0
495386629 0
495386647 0
495386648 0
495386666 0
495452184 0
495452186 0
495452187 0
495452193 0
495517706 0
495517708 0
495517737 0
495517743 0
495583239 0
495583240 0
495583258 0
495583261 0
495648770 0
495648789 0
495648803 0
495648808 0
495714324 0
495714327 0
495714346 0
495714349 0
495779842 0
495779845 0
495779851 0
495779884 0
495845377 0
495845382 0
495845388 0
495845403 0
495910913 0
495910915 0
495910932 0
495910946 0
495976471 0
495976488 0
495976493 0
495976494 0
496041988 0
496041991 0
496042005 0
496042010 0
496107528 0
496107542 0
496107565 0
496107567 0
496173066 0
496173077 0
496173087 0
496173096 0
496238604 0
496238618 0
496238621 0
496238639 0
496304133 0
496304147 0
496304156 0
496304162 0
496369674 0
496369681 0
496369688 0
496369707 0
496435228 0
496435238 0
496435245 0
496435247 0
496500736 0
496500741 0
496500755 0
496500762 0
496566279 0
496566292 0
496566298 0
496566301 0
496631812 0
496631822 0
496631829 0
496631839 0
496697360 0
496697362 0
496697375 0
496697381 0
496762888 0
496762889 0
496762890 0
496762911 0
496828435 0
496828448 0
496828449 0
496828450 0
496893984 0
496893986 0
496893987 0
496893993 0
496959501 0
496959503 0
496959504 0
496959530 0
497025028 0
497025034 0
497025047 0
497025053 0
497090567 0
497090581 0
497090582 0
497090600 0
497156099 0
497156102 0
497156120 0
497156121 0
497221647 0
497221668 0
497221673 0
497221678 0
497287188 0
497287203 0
497287205 0
497287206 0
497352707 0
497352737 0
497352740 0
497352742 0
497418245 0
497418266 0
497418280 0
497418283 0
497483778 0
497483804 0
497483815 0
497483817 0
497549334 0
497549347 0
497549352 0
497549357 0
497614853 0
497614855 0
497614864 0
497614874 0
497680396 0
497680398 0
497680407 0
497680409 0
497745935 0
497745942 0
497745945 0
497745948 0
497811461 0
497811470 0
497811475 0
497811496 0
497877030 0
497877035 0
497877036 0
497877037 0
497942529 0
497942546 0
497942548 0
497942555 0
498008069 0
498008072 0
498008078 0
498008099 0
498073609 0
498073623 0
498073630 0
498073632 0
498139142 0
498139145 0
498139147 0
498139180 0
498204684 0
498204687 0
498204690 0
498204709 0
498270219 0
498270229 0
498270236 0
498270246 0
498335747 0
498335754 0
498335764 0
498335773 0
498401284 0
498401302 0
498401303 0
498401321 0
498466835 0
498466836 0
498466846 0
498466857 0
498532377 0
498532383 0
498532388 0
498532398 0
498597897 0
498597900 0
498597919 0
498597934 0
498663437 0
498663442 0
498663447 0
498663452 0
498728970 0
498728972 0
498728973 0
498728995 0
498794513 0
498794518 0
498794532 0
498794535 0
498860032 0
498860058 0
498860065 0
498860067 0
498925583 0
498925589 0
498925608 0
498925610 0
498991104 0
498991109 0
498991119 0
498991130 0
499056652 0
499056655 0
499056666 0
499056685 0
499122177 0
499122195 0
499122214 0
499122216 0
499187726 0
499187731 0
499187733 0
499187744 0
499253250 0
499253252 0
499253255 0
499253273 0
499318806 0
499318824 0
499318829 0
499318831 0
499384335 0
499384350 0
499384356 0
499384361 0
499449869 0
499449892 0
499449894 0
499449903 0
499515394 0
499515396 0
499515415 0
499515417 0
499580931 0
499580944 0
499580957 0
499580958 0
499646482 0
499646484 0
499646493 0
499646495 0
499712023 0
499712028 0
499712033 0
499712038 0
499777537 0
499777540 0
499777567 0
499777570 0
499843074 0
499843076 0
499843087 0
499843089 0
499908618 0
499908621 0
499908640 0
499908651 0
499974144 0
499974153 0
499974158 0
499974171 0
500039681 0
500039683 0
500039684 0
500039698 0
500105228 0
500105230 0
500105237 0
500105243 0
500170761 0
500170764 0
500170779 0
500170786 0
500236293 0
500236296 0
500236302 0
500236327 0
500301828 0
500301843 0
500301845 0
500301854 0
500367360 0
500367366 0
500367369 0
500367383 0
500432899 0
500432924 0
500432929 0
500432938 0
500498441 0
500498443 0
500498456 0
500498470 0
500563974 0
500563981 0
500563995 0
500564008 0
500629518 0
500629532 0
500629547 0
500629549 0
500695062 0
500695068 0
500695085 0
500695087 0
500760577 0
500760578 0
500760579 0
500760608 0
500826117 0
500826126 0
500826131 0
500826152 0
500891654 0
500891656 0
500891673 0
500891687 0
500957198 0
500957212 0
500957213 0
500957227 0
501022732 0
501022741 0
501022746 0
501022755 0
501088256 0
501088258 0
501088283 0
501088297 0
501153815 0
501153818 0
501153832 0
501153833 0
501219333 0
501219347 0
501219360 0
501219374 0
501284883 0
501284888 0
501284890 0
501284897 0
501350407 0
501350408 0
501350413 0
501350414 0
501415944 0
501415946 0
501415951 0
501415973 0
501481473 0
501481476 0
501481482 0
501481503 0
501547039 0
501547044 0
501547049 0
501547050 0
501612546 0
501612567 0
501612580 0
501612589 0
501678097 0
501678099 0
501678102 0
501678108 0
501743616 0
501743617 0
501743619 0
501743626 0
501809169 0
501809184 0
501809186 0
501809187 0
501874694 0
501874713 0
501874716 0
501874723 0
501940230 0
501940232 0
501940235 0
501940249 0
502005775 0
502005778 0
502005781 0
502005792 0
502071313 0
502071316 0
502071327 0
502071334 0
502136834 0
502136848 0
502136877 0
502136879 0
502202391 0
502202398 0
502202400 0
502202401 0
502267904 0
502267921 0
502267930 0
502267943 0
502333441 0
502333444 0
502333455 0
502333474 0
502398979 0
502398982 0
502398992 0
502399017 0
502464522 0
502464525 0
502464544 0
502464551 0
502530065 0
502530068 0
502530071 0
502530090 0
502595585 0
502595600 0
502595602 0
502595627 0
502661123 0
502661129 0
502661164 0
502661166 0
502726658 0
502726660 0
502726661 0
502726683 0
502792199 0
502792201 0
502792206 0
502792220 0
502857752 0
502857753 0
502857755 0
502857758 0
502923273 0
502923276 0
502923298 0
502923299 0
502988805 0
502988808 0
502988823 0
502988830 0
503054357 0
503054367 0
503054374 0
503054380 0
503119872 0
503119889 0
503119890 0
503119919 0
503185411 0
503185413 0
503185436 0
503185454 0
503250963 0
503250977 0
503250980 0
503250990 0
503316489 0
503316514 0
503316516 0
503316527 0
503382033 0
503382035 0
503382050 0
503382052 0
503447553 0
503447556 0
503447558 0
503447559 0
503513091 0
503513114 0
503513117 0
503513128 0
503578625 0
503578630 0
503578632 0
503578647 0
503644180 0
503644183 0
503644197 0
503644202 0
503709698 0
503709707 0
503709724 0
503709733 0
503775234 0
503775255 0
503775268 0
503775277 0
503840768 0
503840773 0
503840778 0
503840791 0
503906319 0
503906333 0
503906348 0
503906350 0
503971840 0
503971842 0
503971851 0
503971869 0
504037387 0
504037402 0
504037404 0
504037409 0
504102914 0
504102936 0
504102943 0
504102957 0
504168458 0
504168464 0
504168485 0
504168491 0
504233984 0
504233991 0
504233998 0
504234005 0
504299540 0
504299561 0
504299562 0
504299563 0
504365072 0
504365079 0
504365085 0
504365086 0
504430596 0
504430601 0
504430630 0
504430639 0
504496159 0
504496160 0
504496169 0
504496174 0
504561680 0
504561691 0
504561693 0
504561698 0
504627217 0
504627227 0
504627230 0
504627236 0
504692765 0
504692770 0
504692771 0
504692772 0
504758287 0
504758304 0
504758309 0
504758314 0
504823817 0
504823822 0
504823835 0
504823840 0
504889362 0
504889364 0
504889367 0
504889381 0
504954886 0
504954888 0
504954893 0
504954895 0
505020416 0
505020451 0
505020457 0
505020458 0
505085957 0
505085966 0
505085975 0
505085992 0
505151509 0
505151512 0
505151515 0
505151526 0
505217025 0
505217051 0
505217062 0
505217064 0
505282586 0
505282588 0
505282601 0
505282603 0
505348116 0
505348125 0
505348135 0
505348138 0
505413643 0
505413661 0
505413666 0
505413672 0
505479173 0
505479192 0
505479195 0
505479198 0
505544720 0
505544729 0
505544734 0
505544751 0
505610247 0
505610260 0
505610266 0
505610281 0
505675778 0
505675807 0
505675812 0
505675817 0
505741322 0
505741336 0
505741337 0
505741355 0
505806854 0
505806857 0
505806887 0
505806888 0
505872386 0
505872387 0
505872393 0
505872396 0
505937920 0
505937945 0
505937955 0
505937962 0
506003460 0
506003475 0
506003493 0
506003502 0
506069008 0
506069009 0
506069018 0
506069027 0
506134547 0
506134556 0
506134561 0
506134562 0
506200072 0
506200087 0
506200090 0
506200101 0
506265617 0
506265619 0
506265628 0
506265638 0
506331137 0
506331158 0
506331172 0
506331175 0
506396676 0
506396697 0
506396703 0
506396706 0
506462224 0
506462225 0
506462238 0
506462239 0
506527747 0
506527749 0
506527756 0
506527790 0
506593305 0
506593312 0
506593315 0
506593322 0
506658836 0
506658837 0
506658842 0
506658863 0
506724366 0
506724387 0
506724388 0
506724389 0
506789888 0
506789890 0
506789895 0
506789913 0
506855448 0
506855469 0
506855470 0
506855471 0
506920979 0
506920980 0
506920989 0
506920994 0
506986510 0
506986511 0
506986521 0
506986536 0
507052046 0
507052047 0
507052052 0
507052053 0
507117593 0
507117604 0
507117606 0
507117607 0
507183110 0
507183128 0
507183129 0
507183131 0
507248643 0
507248656 0
507248662 0
507248665 0
507314178 0
507314187 0
507314192 0
507314221 0
507379715 0
507379724 0
507379738 0
507379745 0
507445284 0
507445287 0
507445289 0
507445294 0
507510786 0
507510800 0
507510803 0
507510809 0
507576321 0
507576342 0
507576360 0
507576367 0
507641874 0
507641877 0
507641884 0
507641895 0
507707392 0
507707399 0
507707429 0
507707430 0
507772941 0
507772947 0
507772958 0
507772972 0
507838494 0
507838496 0
507838501 0
507838503 0
507904035 0
507904036 0
507904037 0
507904042 0
507969553 0
507969580 0
507969582 0
507969583 0
508035074 0
508035081 0
508035087 0
508035116 0
508100634 0
508100644 0
508100649 0
508100651 0
508166151 0
508166154 0
508166165 0
508166168 0
508231695 0
508231714 0
508231716 0
508231717 0
508297216 0
508297219 0
508297226 0
508297237 0
508362759 0
508362764 0
508362781 0
508362794 0
508428310 0
508428311 0
508428325 0
508428332 0
508493824 0
508493842 0
508493845 0
508493847 0
508559370 0
508559371 0
508559373 0
508559392 0
508624908 0
508624914 0
508624917 0
508624943 0
508690451 0
508690458 0
508690460 0
508690461 0
508755992 0
508755999 0
508756001 0
508756010 0
508821511 0
508821525 0
508821544 0
508821546 0
508887069 0
508887071 0
508887082 0
508887084 0
508952586 0
508952589 0
508952607 0
508952620 0
509018117 0
509018120 0
509018142 0
509018151 0
509083651 0
509083658 0
509083672 0
509083689 0
509149188 0
509149191 0
509149193 0
509149218 0
509214722 0
509214756 0
509214763 0
509214765 0
509280262 0
509280276 0
509280277 0
509280279 0
509345816 0
509345829 0
509345834 0
509345839 0
509411355 0
509411358 0
509411364 0
509411365 0
509476872 0
509476885 0
509476902 0
509476907 0
509542400 0
509542406 0
509542409 0
509542415 0
509607937 0
509607951 0
509607954 0
509607972 0
509673482 0
509673485 0
509673503 0
509673516 0
509739008 0
509739010 0
509739025 0
509739043 0
509804562 0
509804567 0
509804568 0
509804581 0
509870093 0
509870112 0
509870118 0
509870123 0
509935637 0
509935640 0
509935642 0
509935655 0
510001166 0
510001184 0
510001193 0
510001195 0
510066718 0
510066724 0
510066733 0
510066735 0
510132246 0
510132248 0
510132261 0
510132267 0
510197765 0
510197787 0
510197792 0
510197806 0
510263305 0
510263308 0
510263322 0
510263327 0
510328840 0
510328850 0
510328857 0
510328863 0
510394382 0
510394383 0
510394384 0
510394385 0
510459920 0
510459933 0
510459934 0
510459943 0
510525468 0
510525473 0
510525475 0
510525482 0
510590993 0
510590994 0
510591012 0
510591023 0
510656521 0
510656548 0
510656554 0
510656559 0
510722059 0
510722064 0
510722073 0
510722090 0
510787584 0
510787595 0
510787601 0
510787610 0
510853128 0
510853139 0
510853142 0
510853161 0
510918673 0
510918683 0
510918686 0
510918700 0
510984193 0
510984196 0
510984206 0
510984223 0
511049746 0
511049757 0
511049760 0
511049771 0
511115267 0
511115290 0
511115292 0
511115305 0
511180800 0
511180805 0
511180807 0
511180826 0
511246351 0
511246364 0
511246365 0
511246374 0
511311896 0
511311905 0
511311907 0
511311914 0
511377410 0
511377411 0
511377412 0
511377425 0
511442953 0
511442954 0
511442956 0
511442975 0
511508492 0
511508494 0
511508503 0
511508525 0
511574028 0
511574047 0
511574061 0
511574062 0
511639571 0
511639584 0
511639585 0
511639598 0
511705103 0
511705118 0
511705128 0
511705133 0
511770632 0
511770645 0
511770659 0
511770666 0
511836173 0
511836192 0
511836203 0
511836206 0
511901699 0
511901720 0
511901737 0
511901742 0
511967232 0
511967235 0
511967237 0
511967270 0
512032792 0
512032795 0
512032797 0
512032814 0
512098306 0
512098316 0
512098335 0
512098337 0
512163847 0
512163848 0
512163858 0
512163865 0
512229387 0
512229398 0
512229400 0
512229405 0
512294916 0
512294921 0
512294922 0
512294935 0
512360451 0
512360456 0
512360470 0
512360489 0
512425996 0
512426017 0
512426030 0
512426031 0
512491559 0
512491561 0
512491564 0
512491566 0
512557074 0
512557076 0
512557081 0
512557095 0
512622603 0
512622605 0
512622628 0
512622630 0
512688129 0
512688130 0
512688131 0
512688136 0
512753677 0
512753686 0
512753700 0
512753707 0
512819236 0
512819238 0
512819245 0
512819247 0
512884750 0
512884771 0
512884773 0
512884776 0
512950296 0
512950299 0
512950310 0
512950313 0
513015818 0
513015825 0
513015832 0
513015847 0
513081355 0
513081360 0
513081378 0
513081389 0
513146890 0
513146892 0
513146909 0
513146927 0
513212434 0
513212440 0
513212445 0
513212447 0
513277961 0
513277980 0
513277983 0
513277994 0
513343528 0
513343529 0
513343534 0
513343535 0
513409027 0
513409030 0
513409053 0
513409064 0
513474563 0
513474577 0
513474584 0
513474602 0
513540096 0
513540097 0
513540111 0
513540138 0
513605651 0
513605656 0
513605665 0
513605674 0
513671173 0
513671183 0
513671184 0
513671186 0
513736719 0
513736722 0
513736737 0
513736740 0
513802257 0
513802275 0
513802276 0
513802278 0
513867784 0
513867793 0
513867798 0
513867811 0
513933322 0
513933337 0
513933344 0
513933351 0
513998857 0
513998882 0
513998884 0
513998887 0
514064389 0
514064394 0
514064420 0
514064431 0
514129922 0
514129948 0
514129949 0
514129967 0
514195459 0
514195490 0
514195496 0
514195501 0
514261016 0
514261025 0
514261030 0
514261035 0
514326536 0
514326546 0
514326559 0
514326573 0
514392084 0
514392085 0
514392087 0
514392110 0
514457607 0
514457609 0
514457628 0
514457630 0
514523143 0
514523144 0
514523150 0
514523157 0
514588679 0
514588700 0
514588702 0
514588705 0
514654211 0
514654220 0
514654225 0
514654254 0
514719780 0
514719781 0
514719786 0
514719787 0
514785306 0
514785319 0
514785320 0
514785321 0
514850838 0
514850856 0
514850861 0
514850863 0
514916385 0
514916386 0
514916392 0
514916395 0
514981906 0
514981909 0
514981912 0
514981919 0
515047430 0
515047440 0
515047465 0
515047471 0
515112989 0
515112995 0
515112998 0
515113000 0
515178504 0
515178505 0
515178526 0
515178527 0
515244038 0
515244047 0
515244048 0
515244069 0
515309588 0
515309589 0
515309590 0
515309591 0
515375116 0
515375130 0
515375139 0
515375141 0
515440651 0
515440657 0
515440680 0
515440682 0
515506207 0
515506213 0
515506214 0
515506216 0
515571728 0
515571735 0
515571749 0
515571750 0
515637253 0
515637283 0
515637284 0
515637294 0
515702799 0
515702817 0
515702824 0
515702830 0
515768323 0
515768337 0
515768340 0
515768342 0
515833860 0
515833865 0
515833866 0
515833895 0
515899400 0
515899417 0
515899418 0
515899435 0
515964934 0
515964937 0
515964948 0
515964967 0
516030464 0
516030466 0
516030481 0
516030503 0
516096011 0
516096012 0
516096022 0
516096033 0
516161538 0
516161572 0
516161581 0
516161583 0
516227079 0
516227093 0
516227098 0
516227116 0
516292631 0
516292648 0
516292650 0
516292653 0
516358144 0
516358154 0
516358165 0
516358187 0
516423680 0
516423683 0
516423721 0
516423726 0
516489233 0
516489240 0
516489242 0
516489243 0
516554754 0
516554764 0
516554795 0
516554797 0
516620322 0
516620327 0
516620329 0
516620332 0
516685829 0
516685868 0
516685870 0
516685871 0
516751387 0
516751396 0
516751397 0
516751398 0
516816900 0
516816922 0
516816927 0
516816933 0
516882440 0
516882445 0
516882475 0
516882478 0
516947969 0
516947983 0
516947998 0
516948000 0
517013509 0
517013511 0
517013532 0
517013538 0
517079055 0
517079058 0
517079072 0
517079085 0
517144586 0
517144588 0
517144601 0
517144615 0
517210144 0
517210150 0
517210155 0
517210157 0
517275649 0
517275650 0
517275664 0
517275687 0
517341185 0
517341188 0
517341191 0
517341214 0
517406733 0
517406752 0
517406766 0
517406767 0
517472258 0
517472268 0
517472269 0
517472291 0
517537796 0
517537802 0
517537811 0
517537813 0
517603360 0
517603367 0
517603373 0
517603374 0
517668880 0
517668901 0
517668903 0
517668910 0
517734403 0
517734405 0
517734410 0
517734444 0
517799947 0
517799949 0
517799970 0
517799976 0
517865513 0
517865515 0
517865516 0
517865518 0
517931013 0
517931016 0
517931027 0
517931030 0
517996552 0
517996567 0
517996570 0
517996585 0
518062085 0
518062112 0
518062118 0
518062123 0
518127649 0
518127658 0
518127659 0
518127660 0
518193156 0
518193170 0
518193193 0
518193199 0
518258716 0
518258717 0
518258723 0
518258730 0
518324229 0
518324264 0
518324270 0
518324271 0
518389772 0
518389795 0
518389802 0
518389805 0
518455299 0
518455334 0
518455337 0
518455340 0
518520872 0
518520875 0
518520877 0
518520878 0
518586389 0
518586403 0
518586408 0
518586410 0
518651910 0
518651947 0
518651948 0
518651949 0
518717466 0
518717469 0
518717479 0
518717484 0
518782996 0
518783015 0
518783017 0
518783022 0
518848518 0
518848548 0
518848551 0
518848553 0
518914049 0
518914050 0
518914064 0
518914067 0
518979586 0
518979589 0
518979608 0
518979627 0
519045123 0
519045136 0
519045138 0
519045141 0
519110668 0
519110673 0
519110679 0
519110702 0
519176198 0
519176224 0
519176225 0
519176231 0
519241729 0
519241732 0
519241739 0
519241750 0
519307306 0
519307307 0
519307308 0
519307309 0
519372811 0
519372820 0
519372825 0
519372846 0
519438366 0
519438369 0
519438376 0
519438383 0
519503875 0
519503905 0
519503908 0
519503918 0
519569438 0
519569447 0
519569449 0
519569452 0
519634954 0
519634963 0
519634973 0
519634984 0
519700497 0
519700502 0
519700512 0
519700515 0
519766020 0
519766041 0
519766054 0
519766059 0
519831577 0
519831579 0
519831588 0
519831590 0
519897111 0
519897124 0
519897133 0
519897134 0
519962634 0
519962639 0
519962649 0
519962656 0
520028180 0
520028183 0
520028189 0
520028206 0
520093709 0
520093710 0
520093723 0
520093724 0
520159236 0
520159238 0
520159257 0
520159259 0
520224770 0
520224772 0
520224801 0
520224807 0
520290318 0
520290320 0
520290341 0
520290343 0
520355865 0
520355868 0
520355870 0
520355871 0
520421405 0
520421406 0
520421407 0
520421408 0
520486935 0
520486938 0
520486940 0
520486949 0
520552448 0
520552450 0
520552455 0
520552469 0
520617984 0
520617994 0
520617995 0
520618017 0
520683523 0
520683537 0
520683550 0
520683560 0
520749056 0
520749075 0
520749098 0
520749101 0
520814619 0
520814626 0
520814628 0
520814633 0
520880140 0
520880142 0
520880159 0
520880173 0
520945674 0
520945696 0
520945697 0
520945703 0
521011211 0
521011224 0
521011233 0
521011246 0
521076736 0
521076771 0
521076773 0
521076774 0
521142276 0
521142306 0
521142309 0
521142311 0
521207836 0
521207838 0
521207841 0
521207855 0
521273373 0
521273374 0
521273375 0
521273376 0
521338887 0
521338913 0
521338922 0
521338924 0
521404424 0
521404425 0
521404434 0
521404439 0
521469992 0
521469997 0
521469998 0
521469999 0
521535520 0
521535523 0
521535533 0
521535534 0
521601032 0
521601033 0
521601051 0
521601066 0
521666572 0
521666593 0
521666595 0
521666598 0
521732111 0
521732112 0
521732130 0
521732141 0
521797655 0
521797661 0
521797662 0
521797668 0
521863174 0
521863207 0
521863212 0
521863213 0
521928738 0
521928740 0
521928747 0
521928749 0
521994268 0
521994278 0
521994279 0
521994285 0
522059805 0
522059808 0
522059810 0
522059823 0
522125312 0
522125326 0
522125339 0
522125349 0
522190849 0
522190864 0
522190882 0
522190895 0
522256421 0
522256422 0
522256424 0
522256427 0
522321920 0
522321954 0
522321965 0
522321967 0
522387484 0
522387494 0
522387497 0
522387499 0
522452998 0
522453003 0
522453021 0
522453028 0
522518530 0
522518553 0
522518555 0
522518572 0
522584065 0
522584079 0
522584086 0
522584088 0
522649630 0
522649632 0
522649633 0
522649647 0
522715145 0
522715152 0
522715159 0
522715178 0
522780673 0
522780679 0
522780696 0
522780714 0
522846217 0
522846218 0
522846219 0
522846240 0
522911749 0
522911772 0
522911786 0
522911787 0
522977304 0
522977305 0
522977319 0
522977326 0
523042844 0
523042855 0
523042857 0
523042858 0
523108355 0
523108364 0
523108382 0
523108393 0
523173922 0
523173927 0
523173929 0
523173932 0
523239459 0
523239461 0
523239466 0
523239468 0
523304983 0
523304993 0
523305002 0
523305004 0
523370516 0
523370535 0
523370537 0
523370542 0
523436034 0
523436072 0
523436073 0
523436079 0
523501571 0
523501612 0
523501613 0
523501614 0
523567109 0
523567128 0
523567130 0
523567151 0
523632641 0
523632644 0
523632659 0
523632674 0
523698190 0
523698205 0
523698220 0
523698223 0
523763716 0
523763742 0
523763753 0
523763755 0
523829268 0
523829271 0
523829285 0
523829294 0
523894801 0
523894803 0
523894804 0
523894806 0
523960359 0
523960361 0
523960364 0
523960366 0
524025882 0
524025900 0
524025901 0
524025903 0
524091405 0
524091410 0
524091419 0
524091432 0
524156934 0
524156959 0
524156964 0
524156965 0
524222469 0
524222483 0
524222486 0
524222508 0
524288019 0
524288026 0
524288040 0
524288045 0
524353564 0
524353569 0
524353582 0
524353583 0
524419072 0
524419077 0
524419082 0
524419119 0
524484621 0
524484639 0
524484640 0
524484650 0
524550147 0
524550177 0
524550182 0
524550188 0
524615700 0
524615714 0
524615721 0
524615727 0
524681242 0
524681245 0
524681259 0
524681260 0
524746764 0
524746782 0
524746783 0
524746785 0
524812290 0
524812325 0
524812327 0
524812328 0
524877826 0
524877861 0
524877868 0
524877871 0
524943383 0
524943388 0
524943397 0
524943402 0
525008924 0
525008926 0
525008933 0
525008943 0
525074436 0
525074462 0
525074467 0
525074477 0
525139975 0
525139997 0
525140010 0
525140012 0
525205530 0
525205539 0
525205548 0
525205549 0
525271041 0
525271046 0
525271055 0
525271076 0
525336600 0
525336605 0
525336614 0
525336615 0
525402139 0
525402153 0
525402156 0
525402158 0
525467682 0
525467687 0
525467689 0
525467692 0
525533190 0
525533213 0
525533227 0
525533228 0
525598733 0
525598735 0
525598738 0
525598756 0
525664263 0
525664268 0
525664298 0
525664301 0
525729819 0
525729822 0
525729824 0
525729833 0
525795349 0
525795352 0
525795363 0
525795370 0
525860891 0
525860898 0
525860900 0
525860909 0
525926401 0
525926432 0
525926446 0
525926447 0
525991974 0
525991976 0
525991981 0
525991983 0
526057479 0
526057482 0
526057501 0
526057516 0
526123021 0
526123023 0
526123028 0
526123054 0
526188570 0
526188588 0
526188589 0
526188591 0
526254088 0
526254090 0
526254109 0
526254123 0
526319647 0
526319650 0
526319660 0
526319661 0
526385172 0
526385177 0
526385191 0
526385198 0
526450688 0
526450702 0
526450705 0
526450723 0
526516242 0
526516248 0
526516261 0
526516263 0
526581781 0
526581795 0
526581802 0
526581804 0
526647318 0
526647328 0
526647337 0
526647339 0
526712832 0
526712851 0
526712870 0
526712873 0
526778371 0
526778394 0
526778408 0
526778413 0
526843917 0
526843920 0
526843935 0
526843938 0
526909467 0
526909472 0
526909474 0
526909477 0
526974981 0
526975004 0
526975014 0
526975023 0
527040553 0
527040555 0
527040556 0
527040558 0
527106056 0
527106061 0
527106075 0
527106086 0
527171603 0
527171621 0
527171624 0
527171626 0
527237120 0
527237134 0
527237155 0
527237157 0
527302670 0
527302691 0
527302700 0
527302701 0
527368229 0
527368231 0
527368234 0
527368236 0
527433736 0
527433770 0
527433771 0
527433773 0
527499273 0
527499292 0
527499303 0
527499306 0
527564805 0
527564834 0
527564844 0
527564847 0
527630344 0
527630370 0
527630371 0
527630373 0
527695903 0
527695906 0
527695909 0
527695912 0
527761413 0
527761440 0
527761443 0
527761454 0
527826950 0
527826955 0
527826984 0
527826985 0
527892504 0
527892510 0
527892521 0
527892523 0
527958027 0
527958060 0
527958061 0
527958062 0
528023562 0
528023589 0
528023592 0
528023595 0
528089132 0
528089133 0
528089134 0
528089135 0
528154631 0
528154664 0
528154669 0
528154670 0
528220177 0
528220198 0
528220204 0
528220207 0
528285730 0
528285735 0
528285737 0
528285740 0
528351260 0
528351277 0
528351278 0
528351279 0
528416773 0
528416778 0
528416808 0
528416811 0
528482305 0
528482315 0
528482320 0
528482322 0
528547841 0
528547842 0
528547848 0
528547879 0
528613379 0
528613381 0
528613408 0
528613414 0
528678916 0
528678918 0
528678919 0
528678921 0
528744467 0
528744469 0
528744482 0
528744484 0
528809997 0
528809999 0
528810000 0
528810014 0
528875541 0
528875544 0
528875551 0
528875558 0
528941059 0
528941064 0
528941066 0
528941069 0
529006603 0
529006613 0
529006614 0
529006616 0
529072152 0
529072155 0
529072161 0
529072162 0
529137666 0
529137669 0
529137683 0
529137696 0
529203200 0
529203215 0
529203221 0
529203238 0
529268739 0
529268741 0
529268742 0
529268748 0
529334273 0
529334276 0
529334278 0
529334279 0
529399822 0
529399832 0
529399837 0
529399851 0
529465348 0
529465354 0
529465357 0
529465359 0
529530880 0
529530893 0
529530903 0
529530910 0
529596427 0
529596428 0
529596430 0
529596433 0
529661961 0
529661962 0
529661963 0
529661968 0
529727489 0
529727491 0
529727504 0
529727518 0
529793033 0
529793047 0
529793050 0
529793068 0
529858569 0
529858582 0
529858584 0
529858599 0
529924101 0
529924106 0
529924123 0
529924124 0
529989632 0
529989635 0
529989638 0
529989641 0
530055177 0
530055180 0
530055182 0
530055191 0
530120704 0
530120722 0
530120741 0
530120747 0
530186250 0
530186251 0
530186264 0
530186265 0
530251780 0
530251781 0
530251782 0
530251799 0
530317328 0
530317329 0
530317338 0
530317343 0
530382865 0
530382880 0
530382882 0
530382895 0
530448400 0
530448403 0
530448414 0
530448425 0
530513928 0
530513934 0
530513937 0
530513951 0
530579457 0
530579459 0
530579474 0
530579480 0
530645008 0
530645011 0
530645013 0
530645030 0
530710547 0
530710561 0
530710562 0
530710564 0
530776064 0
530776065 0
530776079 0
530776090 0
530841609 0
530841610 0
530841611 0
530841616 0
530907145 0
530907158 0
530907160 0
530907163 0
530972674 0
530972680 0
530972681 0
530972687 0
531038209 0
531038210 0
531038219 0
531038236 0
531103745 0
531103755 0
531103760 0
531103762 0
531169283 0
531169297 0
531169300 0
531169302 0
531234836 0
531234854 0
531234855 0
531234857 0
531300360 0
531300369 0
531300382 0
531300391 0
531365901 0
531365902 0
531365903 0
531365920 0
531431426 0
531431428 0
531431441 0
531431455 0
531496986 0
531496988 0
531496991 0
531496997 0
531562502 0
531562505 0
531562507 0
531562508 0
531628036 0
531628038 0
531628039 0
531628041 0
531693573 0
531693575 0
531693576 0
531693590 0
531759104 0
531759106 0
531759119 0
531759121 0
531824640 0
531824645 0
531824663 0
531824666 0
531890186 0
531890189 0
531890203 0
531890216 0
531955712 0
531955719 0
531955722 0
531955737 0
532021252 0
532021253 0
532021255 0
532021258 0
532086806 0
532086809 0
532086811 0
532086820 0
532152324 0
532152331 0
532152334 0
532152341 0
532217860 0
532217863 0
532217878 0
532217893 0
532283397 0
532283398 0
532283400 0
532283411 0
532348931 0
532348933 0
532348936 0
532348974 0
532414498 0
532414501 0
532414507 0
532414508 0
532480011 0
532480014 0
532480016 0
532480017 0
532545536 0
532545537 0
532545539 0
532545558 0
532611085 0
532611091 0
532611094 0
532611100 0
532676625 0
532676628 0
532676639 0
532676646 0
532742155 0
532742173 0
532742176 0
532742182 0
532807685 0
532807694 0
532807696 0
532807703 0
532873224 0
532873250 0
532873257 0
532873259 0
532938753 0
532938762 0
532938763 0
532938768 0
533004292 0
533004298 0
533004301 0
533004315 0
533069851 0
533069853 0
533069854 0
533069856 0
533135365 0
533135368 0
533135390 0
533135403 0
533200896 0
533200911 0
533200914 0
533200933 0
533266451 0
533266460 0
533266465 0
533266474 0
533331968 0
533331981 0
533331982 0
533331991 0
533397506 0
533397523 0
533397525 0
533397528 0
533463048 0
533463058 0
533463065 0
533463067 0
533528586 0
533528591 0
533528604 0
533528609 0
533594114 0
533594115 0
533594128 0
533594129 0
533659651 0
533659669 0
533659678 0
533659680 0
533725186 0
533725187 0
533725188 0
533725189 0
533790731 0
533790740 0
533790741 0
533790758 0
533856265 0
533856276 0
533856279 0
533856294 0
533921799 0
533921825 0
533921830 0
533921836 0
533987330 0
533987345 0
533987348 0
533987371 0
534052872 0
534052893 0
534052895 0
534052898 0
534118401 0
534118402 0
534118404 0
534118407 0
534183954 0
534183961 0
534183964 0
534183967 0
534249472 0
534249497 0
534249499 0
534249502 0
534315019 0
534315032 0
534315045 0
534315050 0
534380553 0
534380587 0
534380588 0
534380590 0
534446098 0
534446100 0
534446101 0
534446127 0
534511624 0
534511631 0
534511634 0
534511645 0
534577175 0
534577182 0
534577192 0
534577197 0
534642692 0
534642701 0
534642706 0
534642711 0
534708230 0
534708232 0
534708233 0
534708247 0
534773769 0
534773770 0
534773772 0
534773787 0
534839301 0
534839302 0
534839307 0
534839308 0
534904842 0
534904843 0
534904844 0
534904849 0
534970374 0
534970393 0
534970395 0
534970396 0
535035904 0
535035907 0
535035922 0
535035941 0
535101448 0
535101449 0
535101454 0
535101483 0
535166983 0
535166984 0
535166986 0
535167005 0
535232515 0
535232532 0
535232534 0
535232537 0
535298049 0
535298051 0
535298070 0
535298084 0
535363588 0
535363593 0
535363595 0
535363610 0
535429128 0
535429129 0
535429142 0
535429143 0
535494669 0
535494688 0
535494691 0
535494698 0
535560193 0
535560194 0
535560195 0
535560208 0
535625734 0
535625744 0
535625757 0
535625771 0
535691268 0
535691271 0
535691281 0
535691302 0
535756816 0
535756837 0
535756838 0
535756839 0
535822345 0
535822348 0
535822366 0
535822367 0
535887881 0
535887895 0
535887896 0
535887910 0
535953408 0
535953434 0
535953437 0
535953443 0
536018945 0
536018955 0
536018958 0
536018960 0
536084488 0
536084493 0
536084499 0
536084502 0
536150017 0
536150028 0
536150039 0
536150042 0
536215579 0
536215580 0
536215582 0
536215589 0
536281092 0
536281101 0
536281102 0
536281119 0
536346630 0
536346649 0
536346663 0
536346664 0
536412169 0
536412172 0
536412178 0
536412191 0
536477714 0
536477715 0
536477717 0
536477720 0
536543232 0
536543243 0
536543246 0
536543249 0
536608787 0
536608788 0
536608790 0
536608809 0
536674307 0
536674310 0
536674312 0
536674333 0
536739840 0
536739842 0
536739851 0
536739865 0
536805408 0
536805409 0
536805410 0
536805411 0
536870920 0
536870922 0
536870927 0
536870937 0
536936451 0
536936460 0
536936461 0
536936494 0
537001985 0
537002003 0
537002012 0
537002026 0
537067524 0
537067549 0
537067551 0
537067554 0
537133059 0
537133080 0
537133081 0
537133098 0
537198593 0
537198606 0
537198623 0
537198628 0
537264143 0
537264146 0
537264156 0
537264161 0
537329671 0
537329685 0
537329686 0
537329708 0
537395214 0
537395217 0
537395219 0
537395220 0
537460738 0
537460740 0
537460741 0
537460747 0
537526273 0
537526276 0
537526286 0
537526291 0
537591815 0
537591832 0
537591837 0
537591838 0
537657345 0
537657346 0
537657348 0
537657359 0
537722880 0
537722909 0
537722911 0
537722926 0
537788421 0
537788432 0
537788447 0
537788450 0
537853953 0
537853954 0
537853956 0
537853963 0
537919493 0
537919494 0
537919496 0
537919535 0
537985035 0
537985037 0
537985068 0
537985070 0
538050575 0
538050578 0
538050588 0
538050601 0
538116099 0
538116102 0
538116109 0
538116116 0
538181638 0
538181641 0
538181671 0
538181676 0
538247173 0
538247176 0
538247178 0
538247179 0
538312718 0
538312736 0
538312741 0
538312747 0
538378270 0
538378276 0
538378285 0
538378287 0
538443781 0
538443784 0
538443807 0
538443818 0
538509327 0
538509328 0
538509329 0
538509358 0
538574859 0
538574862 0
538574880 0
538574893 0
538640401 0
538640404 0
538640419 0
538640430 0
538705927 0
538705946 0
538705949 0
538705964 0
538771465 0
538771467 0
538771468 0
538771494 0
538836993 0
538837004 0
538837014 0
538837023 0
538902547 0
538902554 0
538902557 0
538902560 0
538968067 0
538968077 0
538968086 0
538968088 0
539033610 0
539033612 0
539033635 0
539033637 0
539099141 0
539099142 0
539099168 0
539099179 0
539164673 0
539164688 0
539164707 0
539164710 0
539230230 0
539230232 0
539230233 0
539230251 0
539295753 0
539295770 0
539295779 0
539295784 0
539361289 0
539361290 0
539361299 0
539361300 0
539426840 0
539426842 0
539426843 0
539426857 0
539492359 0
539492362 0
539492365 0
539492372 0
539557892 0
539557914 0
539557923 0
539557933 0
539623424 0
539623434 0
539623449 0
539623455 0
539688972 0
539688973 0
539688982 0
539688983 0
539754496 0
539754511 0
539754513 0
539754518 0
539820032 0
539820035 0
539820049 0
539820074 0
539885571 0
539885589 0
539885590 0
539885604 0
539951118 0
539951129 0
539951132 0
539951151 0
540016654 0
540016673 0
540016675 0
540016676 0
540082192 0
540082193 0
540082194 0
540082219 0
540147717 0
540147727 0
540147740 0
540147746 0
540213270 0
540213273 0
540213275 0
540213276 0
540278785 0
540278790 0
540278791 0
540278812 0
540344334 0
540344339 0
540344345 0
540344360 0
540409864 0
540409869 0
540409874 0
540409879 0
540475404 0
540475407 0
540475409 0
540475410 0
540540940 0
540540950 0
540540961 0
540540975 0
540606469 0
540606474 0
540606480 0
540606491 0
540672020 0
540672022 0
540672035 0
540672041 0
540737543 0
540737546 0
540737552 0
540737557 0
540803091 0
540803092 0
540803093 0
540803094 0
540868621 0
540868627 0
540868634 0
540868640 0
540934166 0
540934169 0
540934171 0
540934188 0
540999692 0
540999706 0
540999713 0
540999723 0
541065232 0
541065251 0
541065253 0
541065254 0
541130763 0
541130764 0
541130770 0
541130773 0
541196289 0
541196310 0
541196312 0
541196315 0
541261829 0
541261838 0
541261856 0
541261867 0
541327380 0
541327389 0
541327394 0
541327403 0
541392900 0
541392902 0
541392911 0
541392913 0
541458438 0
541458439 0
541458441 0
541458476 0
541523982 0
541523988 0
541523993 0
541523995 0
541589510 0
541589531 0
541589540 0
541589549 0
541655070 0
541655073 0
541655075 0
541655080 0
541720578 0
541720580 0
541720581 0
541720595 0
541786128 0
541786133 0
541786146 0
541786147 0
541851649 0
541851659 0
541851666 0
541851676 0
541917201 0
541917203 0
541917218 0
541917224 0
541982722 0
541982723 0
541982724 0
541982725 0
542048262 0
542048267 0
542048276 0
542048301 0
542113792 0
542113807 0
542113822 0
542113825 0
542179330 0
542179360 0
542179361 0
542179375 0
542244864 0
542244869 0
542244874 0
542244875 0
542310406 0
542310409 0
542310420 0
542310443 0
542375936 0
542375954 0
542375955 0
542375957 0
542441476 0
542441502 0
542441509 0
542441511 0
542507012 0
542507015 0
542507017 0
542507026 0
542572548 0
542572550 0
542572559 0
542572561 0
542638082 0
542638083 0
542638089 0
542638096 0
542703631 0
542703637 0
542703638 0
542703652 0
542769165 0
542769178 0
542769180 0
542769187 0
542834706 0
542834707 0
542834712 0
542834713 0
542900229 0
542900232 0
542900234 0
542900243 0
542965773 0
542965774 0
542965775 0
542965804 0
543031307 0
543031312 0
543031317 0
543031330 0
543096845 0
543096858 0
543096860 0
543096863 0
543162402 0
543162405 0
543162407 0
543162408 0
543227904 0
543227921 0
543227931 0
543227934 0
543293441 0
543293442 0
543293456 0
543293467 0
543358992 0
543359005 0
543359006 0
543359007 0
543424524 0
543424526 0
543424541 0
543424559 0
543490062 0
543490063 0
543490064 0
543490081 0
543555586 0
543555588 0
543555589 0
543555615 0
543621133 0
543621136 0
543621138 0
543621159 0
543686667 0
543686670 0
543686692 0
543686697 0
543752193 0
543752195 0
543752208 0
543752218 0
543817731 0
543817734 0
543817737 0
543817772 0
543883265 0
543883274 0
543883280 0
543883299 0
543948806 0
543948829 0
543948836 0
543948843 0
544014359 0
544014360 0
544014366 0
544014373 0
544079884 0
544079887 0
544079902 0
544079905 0
544145414 0
544145428 0
544145437 0
544145451 0
544210960 0
544210974 0
544210977 0
544210979 0
544276481 0
544276484 0
544276487 0
544276494 0
544342017 0
544342018 0
544342023 0
544342036 0
544407570 0
544407577 0
544407584 0
544407591 0
544473096 0
544473098 0
544473123 0
544473125 0
544538624 0
544538635 0
544538638 0
544538665 0
544604171 0
544604174 0
544604176 0
544604197 0
544669710 0
544669728 0
544669735 0
544669741 0
544735241 0
544735244 0
544735246 0
544735263 0
544800775 0
544800777 0
544800778 0
544800780 0
544866305 0
544866320 0
544866323 0
544866334 0
544931847 0
544931849 0
544931852 0
544931870 0
544997384 0
544997387 0
544997397 0
544997402 0
545062913 0
545062914 0
545062915 0
545062916 0
545128450 0
545128452 0
545128467 0
545128493 0
545193984 0
545193986 0
545193989 0
545194015 0
545259523 0
545259534 0
545259544 0
545259545 0
545325072 0
545325075 0
545325082 0
545325093 0
545390613 0
545390622 0
545390631 0
545390636 0
545456142 0
545456151 0
545456153 0
545456156 0
545521670 0
545521672 0
545521689 0
545521699 0
545587206 0
545587209 0
545587216 0
545587223 0
545652756 0
545652758 0
545652759 0
545652773 0
545718276 0
545718285 0
545718286 0
545718303 0
545783821 0
545783822 0
545783840 0
545783855 0
545849345 0
545849346 0
545849347 0
545849364 0
545914898 0
545914904 0
545914907 0
545914909 0
545980427 0
545980436 0
545980445 0
545980454 0
546045952 0
546045967 0
546045969 0
546045970 0
546111496 0
546111501 0
546111506 0
546111507 0
546177033 0
546177036 0
546177051 0
546177054 0
546242572 0
546242595 0
546242597 0
546242606 0
546308099 0
546308106 0
546308113 0
546308136 0
546373633 0
546373646 0
546373648 0
546373655 0
546439172 0
546439185 0
546439187 0
546439190 0
546504704 0
546504709 0
546504710 0
546504711 0
546570254 0
546570256 0
546570265 0
546570271 0
546635813 0
546635814 0
546635816 0
546635823 0
546701327 0
546701338 0
546701341 0
546701344 0
546766848 0
546766853 0
546766866 0
546766879 0
546832385 0
546832395 0
546832396 0
546832398 0
546897934 0
546897935 0
546897944 0
546897945 0
546963458 0
546963469 0
546963471 0
546963476 0
547028993 0
547029014 0
547029015 0
547029020 0
547094561 0
547094562 0
547094563 0
547094568 0
547160094 0
547160100 0
547160101 0
547160107 0
547225611 0
547225636 0
547225645 0
547225646 0
547291160 0
547291163 0
547291174 0
547291181 0
547356673 0
547356692 0
547356707 0
547356710 0
547422210 0
547422212 0
547422213 0
547422215 0
547487752 0
547487755 0
547487762 0
547487785 0
547553292 0
547553297 0
547553298 0
547553307 0
547618831 0
547618848 0
547618850 0
547618853 0
547684359 0
547684362 0
547684373 0
547684380 0
547749895 0
547749914 0
547749929 0
547749932 0
547815426 0
547815429 0
547815443 0
547815448 0
547880962 0
547880972 0
547880979 0
547880989 0
547946515 0
547946517 0
547946520 0
547946526 0
548012036 0
548012055 0
548012057 0
548012062 0
548077569 0
548077576 0
548077582 0
548077583 0
548143104 0
548143106 0
548143107 0
548143117 0
548208664 0
548208665 0
548208678 0
548208683 0
548274192 0
548274194 0
548274195 0
548274209 0
548339712 0
548339719 0
548339721 0
548339750 0
548405254 0
548405257 0
548405279 0
548405288 0
548470796 0
548470798 0
548470805 0
548470807 0
548536328 0
548536329 0
548536335 0
548536354 0
548601878 0
548601883 0
548601885 0
548601896 0
548667392 0
548667395 0
548667413 0
548667422 0
548732928 0
548732938 0
548732941 0
548732963 0
548798469 0
548798474 0
548798476 0
548798499 0
548864020 0
548864023 0
548864034 0
548864045 0
548929555 0
548929565 0
548929574 0
548929576 0
548995076 0
548995109 0
548995111 0
548995114 0
549060620 0
549060637 0
549060650 0
549060655 0
549126156 0
549126159 0
549126177 0
549126190 0
549191687 0
549191700 0
549191701 0
549191702 0
549257219 0
549257233 0
549257236 0
549257238 0
549322769 0
549322772 0
549322779 0
549322798 0
549388297 0
549388299 0
549388300 0
549388310 0
549453831 0
549453846 0
549453848 0
549453853 0
549519367 0
549519368 0
549519370 0
549519373 0
549584899 0
549584902 0
549584904 0
549584921 0
549650450 0
549650452 0
549650453 0
549650455 0
549715978 0
549715981 0
549715992 0
549715995 0
549781515 0
549781520 0
549781533 0
549781550 0
549847067 0
549847072 0
549847077 0
549847078 0
549912579 0
549912593 0
549912594 0
549912596 0
549978113 0
549978139 0
549978152 0
549978158 0
550043648 0
550043661 0
550043678 0
550043683 0
550109216 0
550109217 0
550109219 0
550109222 0
550174721 0
550174727 0
550174742 0
550174760 0
550240269 0
550240295 0
550240296 0
550240302 0
550305800 0
550305801 0
550305811 0
550305826 0
550371328 0
550371333 0
550371334 0
550371371 0
550436880 0
550436883 0
550436897 0
550436902 0
550502407 0
550502412 0
550502422 0
550502425 0
550567939 0
550567960 0
550567969 0
550567974 0
550633478 0
550633485 0
550633488 0
550633519 0
550699021 0
550699026 0
550699035 0
550699044 0
550764545 0
550764567 0
550764584 0
550764586 0
550830080 0
550830099 0
550830113 0
550830122 0
550895636 0
550895649 0
550895655 0
550895662 0
550961154 0
550961160 0
550961163 0
550961177 0
551026715 0
551026728 0
551026733 0
551026734 0
551092228 0
551092239 0
551092249 0
551092254 0
551157788 0
551157790 0
551157803 0
551157805 0
551223300 0
551223306 0
551223321 0
551223327 0
551288834 0
551288840 0
551288855 0
551288873 0
551354394 0
551354396 0
551354409 0
551354411 0
551419923 0
551419932 0
551419933 0
551419946 0
551485448 0
551485459 0
551485473 0
551485474 0
551550987 0
551550988 0
551550994 0
551550997 0
551616545 0
551616546 0
551616551 0
551616552 0
551682048 0
551682055 0
551682066 0
551682069 0
551747587 0
551747589 0
551747590 0
551747616 0
551813125 0
551813148 0
551813158 0
551813159 0
551878656 0
551878661 0
551878666 0
551878667 0
551944198 0
551944205 0
551944212 0
551944215 0
552009753 0
552009755 0
552009756 0
552009766 0
552075274 0
552075279 0
552075285 0
552075292 0
552140806 0
552140813 0
552140820 0
552140823 0
552206340 0
552206349 0
552206354 0
552206363 0
552271873 0
552271884 0
552271886 0
552271891 0
552337423 0
552337448 0
552337449 0
552337450 0
552402950 0
552402953 0
552402964 0
552402983 0
552468494 0
552468497 0
552468512 0
552468527 0
552534016 0
552534018 0
552534019 0
552534021 0
552599559 0
552599585 0
552599592 0
552599598 0
552665097 0
552665100 0
552665110 0
552665111 0
552730629 0
552730634 0
552730636 0
552730643 0
552796164 0
552796171 0
552796178 0
552796181 0
552861696 0
552861721 0
552861722 0
552861731 0
552927243 0
552927254 0
552927256 0
552927273 0
552992775 0
552992781 0
552992790 0
552992804 0
553058311 0
553058328 0
553058333 0
553058342 0
553123844 0
553123861 0
553123862 0
553123863 0
553189386 0
553189389 0
553189400 0
553189407 0
553254913 0
553254930 0
553254932 0
553254959 0
553320459 0
553320477 0
553320482 0
553320484 0
553385986 0
553385996 0
553385999 0
553386001 0
553451531 0
553451533 0
553451554 0
553451556 0
553517058 0
553517063 0
553517064 0
553517097 0
553582601 0
553582614 0
553582616 0
553582631 0
553648148 0
553648150 0
553648151 0
553648161 0
553713671 0
553713677 0
553713698 0
553713708 0
553779207 0
553779208 0
553779217 0
553779242 0
553844742 0
553844745 0
553844768 0
553844775 0
553910276 0
553910281 0
553910286 0
553910295 0
553975810 0
553975815 0
553975836 0
553975841 0
554041345 0
554041354 0
554041388 0
554041391 0
554106883 0
554106885 0
554106910 0
554106920 0
554172429 0
554172431 0
554172436 0
554172450 0
554237963 0
554237980 0
554237985 0
554237986 0
554303496 0
554303507 0
554303521 0
554303522 0
554369031 0
554369050 0
554369052 0
554369053 0
554434567 0
554434584 0
554434593 0
554434602 0
554500099 0
554500101 0
554500114 0
554500124 0
554565632 0
554565646 0
554565653 0
554565667 0
554631193 0
554631204 0
554631211 0
554631214 0
554696729 0
554696734 0
554696735 0
554696736 0
554762273 0
554762276 0
554762278 0
554762283 0
554827784 0
554827818 0
554827821 0
554827823 0
554893326 0
554893332 0
554893337 0
554893351 0
554958851 0
554958861 0
554958880 0
554958882 0
555024400 0
555024401 0
555024403 0
555024406 0
555089935 0
555089937 0
555089942 0
555089956 0
555155478 0
555155493 0
555155496 0
555155503 0
555221011 0
555221025 0
555221034 0
555221036 0
555286546 0
555286564 0
555286569 0
555286571 0
555352083 0
555352090 0
555352092 0
555352097 0
555417611 0
555417616 0
555417621 0
555417630 0
555483156 0
555483159 0
555483161 0
555483166 0
555548672 0
555548703 0
555548705 0
555548706 0
555614215 0
555614229 0
555614234 0
555614244 0
555679748 0
555679766 0
555679769 0
555679775 0
555745304 0
555745306 0
555745315 0
555745321 0
555810823 0
555810837 0
555810860 0
555810862 0
555876378 0
555876381 0
555876383 0
555876388 0
555941888 0
555941895 0
555941902 0
555941905 0
556007431 0
556007456 0
556007461 0
556007466 0
556072966 0
556072975 0
556072977 0
556072980 0
556138500 0
556138514 0
556138527 0
556138541 0
556204038 0
556204039 0
556204044 0
556204049 0
556269580 0
556269582 0
556269589 0
556269607 0
556335104 0
556335123 0
556335126 0
556335137 0
556400649 0
556400660 0
556400667 0
556400674 0
556466177 0
556466211 0
556466216 0
556466218 0
556531712 0
556531714 0
556531745 0
556531755 0
556597263 0
556597273 0
556597290 0
556597292 0
556662797 0
556662804 0
556662806 0
556662811 0
556728328 0
556728342 0
556728345 0
556728347 0
556793873 0
556793883 0
556793884 0
556793898 0
556859419 0
556859426 0
556859428 0
556859433 0
556924934 0
556924972 0
556924973 0
556924975 0
556990477 0
556990492 0
556990502 0
556990511 0
557056006 0
557056012 0
557056029 0
557056031 0
557121539 0
557121546 0
557121564 0
557121577 0
557187073 0
557187084 0
557187098 0
557187119 0
557252640 0
557252643 0
557252646 0
557252653 0
557318150 0
557318180 0
557318181 0
557318191 0
557383686 0
557383691 0
557383693 0
557383700 0
557449217 0
557449227 0
557449242 0
557449248 0
557514758 0
557514765 0
557514767 0
557514780 0
557580306 0
557580323 0
557580325 0
557580332 0
557645842 0
557645843 0
557645853 0
557645864 0
557711361 0
557711378 0
557711383 0
557711396 0
557776931 0
557776937 0
557776938 0
557776940 0
557842445 0
557842446 0
557842452 0
557842463 0
557907972 0
557907977 0
557907990 0
557907995 0
557973505 0
557973526 0
557973528 0
557973531 0
558039061 0
558039066 0
558039079 0
558039080 0
558104579 0
558104580 0
558104593 0
558104598 0
558170114 0
558170116 0
558170123 0
558170141 0
558235666 0
558235675 0
558235684 0
558235689 0
558301212 0
558301218 0
558301229 0
558301231 0
558366724 0
558366753 0
558366755 0
558366758 0
558432272 0
558432277 0
558432279 0
558432290 0
558497793 0
558497807 0
558497808 0
558497810 0
558563335 0
558563352 0
558563361 0
558563370 0
558628882 0
558628889 0
558628896 0
558628907 0
558694408 0
558694418 0
558694427 0
558694429 0
558759951 0
558759953 0
558759956 0
558759970 0
558825493 0
558825503 0
558825510 0
558825516 0
558891010 0
558891016 0
558891021 0
558891027 0
558956558 0
558956560 0
558956581 0
558956587 0
559022086 0
559022109 0
559022116 0
559022119 0
559087617 0
559087656 0
559087658 0
559087659 0
559153185 0
559153194 0
559153195 0
559153196 0
559218709 0
559218712 0
559218715 0
559218718 0
559284236 0
559284245 0
559284247 0
559284254 0
559349787 0
559349793 0
559349802 0
559349804 0
559415319 0
559415320 0
559415322 0
559415329 0
559480848 0
559480858 0
559480869 0
559480879 0
559546368 0
559546386 0
559546409 0
559546411 0
559611920 0
559611921 0
559611934 0
559611935 0
559677447 0
559677461 0
559677466 0
559677468 0
559742982 0
559742996 0
559743019 0
559743021 0
559808519 0
559808536 0
559808542 0
559808557 0
559874060 0
559874061 0
559874083 0
559874086 0
559939586 0
559939601 0
559939624 0
559939631 0
560005126 0
560005128 0
560005145 0
560005147 0
560070681 0
560070688 0
560070690 0
560070691 0
560136218 0
560136224 0
560136231 0
560136233 0
560201759 0
560201764 0
560201765 0
560201774 0
560267272 0
560267277 0
560267310 0
560267311 0
560332817 0
560332820 0
560332838 0
560332847 0
560398368 0
560398375 0
560398377 0
560398378 0
560463873 0
560463878 0
560463879 0
560463908 0
560529408 0
560529409 0
560529439 0
560529454 0
560594950 0
560594969 0
560594979 0
560594980 0
560660505 0
560660514 0
560660519 0
560660524 0
560726033 0
560726042 0
560726043 0
560726048 0
560791557 0
560791582 0
560791584 0
560791587 0
560857122 0
560857127 0
560857129 0
560857132 0
560922639 0
560922642 0
560922660 0
560922661 0
560988162 0
560988168 0
560988169 0
560988199 0
561053722 0
561053723 0
561053729 0
561053736 0
561119240 0
561119241 0
561119242 0
561119243 0
561184788 0
561184791 0
561184810 0
561184813 0
561250308 0
561250310 0
561250317 0
561250319 0
561315845 0
561315863 0
561315864 0
561315882 0
561381377 0
561381382 0
561381388 0
561381403 0
561446914 0
561446927 0
561446944 0
561446957 0
561512454 0
561512459 0
561512461 0
561512468 0
561578012 0
561578022 0
561578029 0
561578031 0
561643530 0
561643532 0
561643561 0
561643567 0
561709063 0
561709064 0
561709082 0
561709085 0
561774604 0
561774613 0
561774615 0
561774634 0
561840137 0
561840139 0
561840152 0
561840154 0
561905672 0
561905686 0
561905709 0
561905711 0
561971202 0
561971205 0
561971211 0
561971244 0
562036771 0
562036776 0
562036781 0
562036782 0
562102277 0
562102298 0
562102312 0
562102315 0
562167812 0
562167815 0
562167829 0
562167834 0
562233346 0
562233372 0
562233383 0
562233385 0
562298896 0
562298898 0
562298911 0
562298917 0
562364417 0
562364419 0
562364436 0
562364450 0
562429952 0
562429957 0
562429971 0
562429978 0
562495489 0
562495506 0
562495508 0
562495515 0
562561034 0
562561045 0
562561055 0
562561064 0
562626570 0
562626577 0
562626584 0
562626591 0
562692100 0
562692110 0
562692117 0
562692127 0
562757635 0
562757638 0
562757656 0
562757657 0
562823176 0
562823177 0
562823178 0
562823199 0
562888719 0
562888740 0
562888745 0
562888750 0
562954247 0
562954260 0
562954266 0
562954269 0
563019781 0
563019795 0
563019804 0
563019810 0
563085314 0
563085333 0
563085347 0
563085352 0
563150855 0
563150869 0
563150870 0
563150888 0
563216389 0
563216392 0
563216398 0
563216419 0
563281939 0
563281952 0
563281953 0
563281954 0
563347460 0
563347466 0
563347479 0
563347485 0
563413007 0
563413014 0
563413017 0
563413020 0
563478540 0
563478554 0
563478557 0
563478575 0
563544077 0
563544079 0
563544100 0
563544106 0
563609620 0
563609635 0
563609637 0
563609638 0
563675148 0
563675150 0
563675159 0
563675161 0
563740681 0
563740684 0
563740715 0
563740718 0
563806230 0
563806232 0
563806243 0
563806253 0
563871755 0
563871765 0
563871772 0
563871782 0
563937312 0
563937314 0
563937315 0
563937321 0
564002819 0
564002833 0
564002836 0
564002838 0
564068357 0
564068359 0
564068368 0
564068378 0
564133898 0
564133917 0
564133924 0
564133927 0
564199440 0
564199449 0
564199455 0
564199470 0
564264998 0
564265003 0
564265004 0
564265005 0
564330508 0
564330511 0
564330514 0
564330533 0
564396041 0
564396055 0
564396062 0
564396064 0
564461580 0
564461583 0
564461594 0
564461613 0
564527123 0
564527124 0
564527134 0
564527145 0
564592645 0
564592654 0
564592659 0
564592680 0
564658179 0
564658209 0
564658212 0
564658214 0
564723714 0
564723716 0
564723719 0
564723737 0
564789252 0
564789270 0
564789271 0
564789289 0
564854784 0
564854810 0
564854817 0
564854819 0
564920335 0
564920341 0
564920360 0
564920362 0
564985856 0
564985861 0
564985871 0
564985882 0
565051405 0
565051410 0
565051415 0
565051420 0
565116929 0
565116947 0
565116966 0
565116968 0
565182464 0
565182473 0
565182478 0
565182491 0
565248014 0
565248019 0
565248021 0
565248032 0
565313558 0
565313576 0
565313581 0
565313583 0
565379074 0
565379076 0
565379083 0
565379097 0
565444614 0
565444617 0
565444631 0
565444652 0
565510147 0
565510160 0
565510173 0
565510174 0
565575690 0
565575692 0
565575693 0
565575715 0
565641239 0
565641244 0
565641249 0
565641254 0
565706764 0
565706766 0
565706773 0
565706779 0
565772306 0
565772308 0
565772317 0
565772319 0
565837825 0
565837828 0
565837855 0
565837858 0
565903373 0
565903396 0
565903398 0
565903407 0
565968899 0
565968924 0
565968929 0
565968938 0
566034436 0
566034447 0
566034449 0
566034458 0
566099973 0
566099976 0
566099982 0
566100007 0
566165509 0
566165518 0
566165523 0
566165544 0
566231049 0
566231052 0
566231067 0
566231074 0
566296577 0
566296579 0
566296580 0
566296594 0
566362127 0
566362142 0
566362148 0
566362153 0
566427662 0
566427676 0
566427691 0
566427693 0
566493206 0
566493212 0
566493229 0
566493231 0
566558724 0
566558739 0
566558741 0
566558750 0
566624256 0
566624262 0
566624265 0
566624279 0
566689794 0
566689804 0
566689813 0
566689827 0
566755334 0
566755341 0
566755355 0
566755368 0
566820874 0
566820877 0
566820896 0
566820907 0
566886409 0
566886411 0
566886424 0
566886438 0
566951950 0
566951964 0
566951965 0
566951979 0
567017495 0
567017498 0
567017512 0
567017513 0
567083008 0
567083009 0
567083011 0
567083018 0
567148550 0
567148569 0
567148572 0
567148579 0
567214099 0
567214104 0
567214106 0
567214113 0
567279617 0
567279620 0
567279626 0
567279647 0
567345157 0
567345171 0
567345184 0
567345198 0
567410719 0
567410724 0
567410729 0
567410730 0
567476226 0
567476247 0
567476260 0
567476269 0
567541761 0
567541762 0
567541763 0
567541792 0
567607319 0
567607326 0
567607328 0
567607329 0
567672838 0
567672840 0
567672857 0
567672871 0
567738368 0
567738370 0
567738395 0
567738409 0
567803911 0
567803912 0
567803917 0
567803918 0
567869457 0
567869460 0
567869463 0
567869482 0
567934991 0
567934993 0
567934994 0
567934996 0
568000529 0
568000544 0
568000546 0
568000547 0
568066050 0
568066064 0
568066093 0
568066095 0
568131605 0
568131615 0
568131616 0
568131622 0
568197137 0
568197139 0
568197142 0
568197148 0
568262664 0
568262666 0
568262671 0
568262693 0
568328195 0
568328201 0
568328206 0
568328220 0
568393735 0
568393754 0
568393757 0
568393768 0
568459267 0
568459273 0
568459308 0
568459310 0
568524803 0
568524806 0
568524816 0
568524841 0
568590337 0
568590352 0
568590354 0
568590379 0
568655887 0
568655889 0
568655906 0
568655908 0
568721413 0
568721416 0
568721431 0
568721438 0
568786945 0
568786947 0
568786948 0
568786978 0
568852490 0
568852493 0
568852512 0
568852519 0
568918016 0
568918033 0
568918042 0
568918055 0
568983571 0
568983581 0
568983596 0
568983598 0
569049090 0
569049111 0
569049124 0
569049133 0
569114645 0
569114655 0
569114662 0
569114668 0
569180160 0
569180167 0
569180174 0
569180181 0
569245702 0
569245704 0
569245707 0
569245721 0
569311233 0
569311236 0
569311238 0
569311239 0
569376792 0
569376793 0
569376795 0
569376798 0
569442304 0
569442321 0
569442322 0
569442351 0
569507841 0
569507846 0
569507848 0
569507863 0
569573378 0
569573400 0
569573407 0
569573421 0
569638921 0
569638946 0
569638948 0
569638959 0
569704457 0
569704467 0
569704482 0
569704484 0
569769996 0
569770017 0
569770019 0
569770030 0
569835520 0
569835522 0
569835531 0
569835549 0
569901061 0
569901071 0
569901084 0
569901102 0
569966592 0
569966597 0
569966602 0
569966615 0
570032138 0
570032144 0
570032165 0
570032171 0
570097684 0
570097693 0
570097703 0
570097706 0
570163202 0
570163204 0
570163205 0
570163227 0
570228756 0
570228759 0
570228773 0
570228778 0
570294292 0
570294313 0
570294314 0
570294315 0
570359826 0
570359828 0
570359831 0
570359845 0
570425361 0
570425371 0
570425374 0
570425380 0
570490891 0
570490906 0
570490908 0
570490913 0
570556420 0
570556425 0
570556454 0
570556463 0
570621954 0
570621963 0
570621980 0
570621989 0
570687503 0
570687520 0
570687525 0
570687530 0
570753040 0
570753047 0
570753053 0
570753070 0
570818560 0
570818595 0
570818601 0
570818602 0
570884105 0
570884110 0
570884123 0
570884128 0
570949661 0
570949666 0
570949667 0
570949668 0
571015198 0
571015199 0
571015200 0
571015209 0
571080720 0
571080731 0
571080733 0
571080738 0
571146246 0
571146248 0
571146253 0
571146255 0
571211781 0
571211790 0
571211799 0
571211816 0
571277328 0
571277337 0
571277342 0
571277359 0
571342850 0
571342851 0
571342857 0
571342860 0
571408410 0
571408412 0
571408425 0
571408427 0
571473920 0
571473945 0
571473955 0
571473962 0
571539477 0
571539480 0
571539483 0
571539494 0
571604997 0
571605016 0
571605019 0
571605022 0
571670529 0
571670555 0
571670566 0
571670568 0
571736075 0
571736093 0
571736098 0
571736104 0
571801606 0
571801609 0
571801639 0
571801640 0
571867155 0
571867164 0
571867169 0
571867170 0
571932679 0
571932692 0
571932698 0
571932713 0
571998212 0
571998233 0
571998239 0
571998242 0
572063760 0
572063761 0
572063770 0
572063779 0
572129296 0
572129297 0
572129299 0
572129310 0
572194840 0
572194861 0
572194862 0
572194863 0
572260362 0
572260376 0
572260377 0
572260395 0
572325905 0
572325907 0
572325916 0
572325926 0
572391426 0
572391455 0
572391460 0
572391465 0
572456980 0
572456981 0
572456986 0
572457007 0
572522510 0
572522511 0
572522516 0
572522517 0
572588036 0
572588051 0
572588069 0
572588078 0
572653569 0
572653590 0
572653604 0
572653607 0
572719107 0
572719116 0
572719130 0
572719137 0
572784642 0
572784656 0
572784659 0
572784665 0
572850182 0
572850200 0
572850201 0
572850203 0
572915732 0
572915741 0
572915743 0
572915746 0
572981266 0
572981269 0
572981276 0
572981287 0
573046787 0
573046789 0
573046796 0
573046830 0
573112321 0
573112342 0
573112360 0
573112367 0
573177870 0
573177891 0
573177892 0
573177893 0
573243392 0
573243399 0
573243429 0
573243430 0
573308936 0
573308951 0
573308954 0
573308965 0
573374466 0
573374475 0
573374480 0
573374509 0
573440007 0
573440010 0
573440021 0
573440024 0
573505561 0
573505568 0
573505571 0
573505578 0
573571089 0
573571116 0
573571118 0
573571119 0
573636611 0
573636624 0
573636630 0
573636633 0
573702158 0
573702159 0
573702169 0
573702184 0
573767705 0
573767716 0
573767718 0
573767719 0
573833229 0
573833235 0
573833246 0
573833260 0
573898782 0
573898784 0
573898789 0
573898791 0
573964288 0
573964291 0
573964298 0
573964309 0
574029839 0
574029858 0
574029860 0
574029861 0
574095396 0
574095399 0
574095401 0
574095406 0
574160903 0
574160908 0
574160925 0
574160938 0
574226432 0
574226434 0
574226439 0
574226457 0
574292003 0
574292004 0
574292005 0
574292010 0
574357514 0
574357515 0
574357517 0
574357536 0
574423043 0
574423050 0
574423064 0
574423081 0
574488602 0
574488612 0
574488617 0
574488619 0
574554114 0
574554121 0
574554127 0
574554156 0
574619653 0
574619656 0
574619678 0
574619687 0
574685186 0
574685207 0
574685221 0
574685228 0
574750732 0
574750738 0
574750741 0
574750767 0
574816280 0
574816293 0
574816298 0
574816303 0
574881802 0
574881805 0
574881823 0
574881836 0
574947347 0
574947354 0
574947356 0
574947357 0
575012893 0
575012895 0
575012906 0
575012908 0
575078424 0
575078431 0
575078433 0
575078442 0
575143945 0
575143964 0
575143967 0
575143978 0
575209473 0
575209487 0
575209490 0
575209508 0
575275016 0
575275026 0
575275033 0
575275039 0
575340544 0
575340561 0
575340570 0
575340579 0
575406087 0
575406101 0
575406120 0
575406122 0
575471624 0
575471637 0
575471654 0
575471659 0
575537162 0
575537165 0
575537183 0
575537196 0
575602693 0
575602711 0
575602712 0
575602734 0
575668224 0
575668242 0
575668245 0
575668247 0
575733762 0
575733781 0
575733784 0
575733799 0
575799307 0
575799309 0
575799312 0
575799334 0
575864857 0
575864864 0
575864874 0
575864875 0
575930382 0
575930400 0
575930409 0
575930411 0
575995934 0
575995940 0
575995949 0
575995951 0
576061467 0
576061470 0
576061476 0
576061477 0
576126991 0
576126992 0
576126993 0
576127022 0
576192512 0
576192518 0
576192521 0
576192527 0
576258054 0
576258069 0
576258071 0
576258072 0
576323602 0
576323611 0
576323616 0
576323621 0
576389129 0
576389156 0
576389162 0
576389167 0
576454678 0
576454692 0
576454699 0
576454701 0
576520208 0
576520221 0
576520222 0
576520231 0
576585736 0
576585747 0
576585750 0
576585769 0
576651281 0
576651291 0
576651294 0
576651308 0
576716804 0
576716807 0
576716809 0
576716834 0
576782348 0
576782362 0
576782369 0
576782371 0
576847884 0
576847886 0
576847895 0
576847917 0
576913425 0
576913426 0
576913444 0
576913455 0
576978944 0
576978955 0
576978961 0
576978970 0
577044484 0
577044494 0
577044509 0
577044511 0
577110024 0
577110037 0
577110051 0
577110058 0
577175553 0
577175570 0
577175584 0
577175595 0
577241103 0
577241116 0
577241117 0
577241126 0
577306644 0
577306646 0
577306661 0
577306667 0
577372160 0
577372165 0
577372167 0
577372186 0
577437710 0
577437715 0
577437728 0
577437729 0
577503234 0
577503244 0
577503263 0
577503265 0
577568792 0
577568801 0
577568803 0
577568810 0
577634306 0
577634307 0
577634308 0
577634321 0
577699852 0
577699871 0
577699885 0
577699886 0
577765379 0
577765400 0
577765417 0
577765422 0
577830915 0
577830938 0
577830940 0
577830953 0
577896449 0
577896450 0
577896451 0
577896456 0
577961997 0
577962016 0
577962027 0
577962030 0
578027528 0
578027531 0
578027542 0
578027545 0
578093069 0
578093078 0
578093092 0
578093099 0
578158603 0
578158605 0
578158628 0
578158630 0
578224132 0
578224137 0
578224138 0
578224151 0
578289682 0
578289684 0
578289689 0
578289703 0
578355214 0
578355235 0
578355237 0
578355240 0
578420739 0
578420744 0
578420758 0
578420777 0
578486287 0
578486302 0
578486312 0
578486317 0
578551817 0
578551818 0
578551820 0
578551839 0
578617360 0
578617371 0
578617382 0
578617385 0
578682887 0
578682898 0
578682904 0
578682909 0
578748416 0
578748419 0
578748421 0
578748454 0
578813970 0
578813976 0
578813981 0
578813983 0
578879512 0
578879515 0
578879517 0
578879534 0
578945060 0
578945061 0
578945066 0
578945067 0
579010560 0
579010561 0
579010575 0
579010602 0
579076135 0
579076137 0
579076140 0
579076142 0
579141647 0
579141650 0
579141665 0
579141668 0
579207204 0
579207206 0
579207213 0
579207215 0
579272714 0
579272716 0
579272733 0
579272751 0
579338245 0
579338255 0
579338256 0
579338258 0
579403778 0
579403804 0
579403805 0
579403823 0
579469322 0
579469329 0
579469336 0
579469351 0
579534858 0
579534872 0
579534873 0
579534887 0
579600395 0
579600408 0
579600418 0
579600429 0
579665928 0
579665937 0
579665942 0
579665955 0
579731459 0
579731473 0
579731480 0
579731498 0
579797004 0
579797025 0
579797038 0
579797039 0
579862537 0
579862556 0
579862559 0
579862570 0
579928073 0
579928098 0
579928100 0
579928103 0
579993617 0
579993635 0
579993636 0
579993638 0
580059154 0
580059157 0
580059160 0
580059167 0
580124675 0
580124706 0
580124712 0
580124717 0
580190216 0
580190226 0
580190239 0
580190253 0
580255751 0
580255752 0
580255758 0
580255765 0
580321285 0
580321290 0
580321316 0
580321327 0
580386822 0
580386832 0
580386849 0
580386859 0
580452371 0
580452376 0
580452385 0
580452394 0
580517919 0
580517925 0
580517926 0
580517928 0
580583431 0
580583433 0
580583452 0
580583454 0
580648976 0
580648983 0
580648997 0
580648998 0
580714499 0
580714502 0
580714525 0
580714536 0
580780058 0
580780071 0
580780072 0
580780073 0
580845588 0
580845589 0
580845591 0
580845614 0
580911119 0
580911137 0
580911144 0
580911150 0
580976643 0
580976652 0
580976657 0
580976686 0
581042216 0
581042217 0
581042222 0
581042223 0
581107719 0
581107740 0
581107742 0
581107745 0
581173268 0
581173269 0
581173270 0
581173271 0
581238790 0
581238793 0
581238804 0
581238823 0
581304349 0
581304355 0
581304358 0
581304360 0
581369864 0
581369865 0
581369886 0
581369887 0
581435425 0
581435426 0
581435432 0
581435435 0
581500940 0
581500954 0
581500963 0
581500965 0
581566486 0
581566504 0
581566509 0
581566511 0
581632032 0
581632038 0
581632041 0
581632047 0
581697544 0
581697545 0
581697546 0
581697575 0
581763089 0
581763096 0
581763098 0
581763099 0
581828614 0
581828623 0
581828624 0
581828645 0
581894147 0
581894161 0
581894164 0
581894166 0
581959685 0
581959715 0
581959716 0
581959726 0
582025239 0
582025256 0
582025258 0
582025261 0
582090763 0
582090769 0
582090792 0
582090794 0
582156290 0
582156324 0
582156333 0
582156335 0
582221851 0
582221860 0
582221861 0
582221862 0
582287367 0
582287381 0
582287386 0
582287404 0
582352897 0
582352911 0
582352926 0
582352928 0
582418432 0
582418434 0
582418449 0
582418471 0
582483979 0
582483980 0
582483990 0
582484001 0
582549508 0
582549529 0
582549530 0
582549547 0
582615045 0
582615084 0
582615086 0
582615087 0
582680616 0
582680617 0
582680619 0
582680622 0
582746112 0
582746122 0
582746133 0
582746155 0
582811648 0
582811651 0
582811689 0
582811694 0
582877197 0
582877216 0
582877230 0
582877231 0
582942754 0
582942759 0
582942761 0
582942764 0
583008266 0
583008268 0
583008281 0
583008295 0
583073797 0
583073799 0
583073820 0
583073826 0
583139330 0
583139340 0
583139361 0
583139363 0
583204896 0
583204902 0
583204907 0
583204909 0
583270408 0
583270413 0
583270443 0
583270446 0
583335938 0
583335948 0
583335979 0
583335981 0
583401485 0
583401514 0
583401515 0
583401516 0
583467023 0
583467026 0
583467040 0
583467053 0
583532545 0
583532548 0
583532551 0
583532574 0
583598084 0
583598106 0
583598111 0
583598117 0
583663632 0
583663653 0
583663655 0
583663662 0
583729155 0
583729157 0
583729162 0
583729196 0
583794693 0
583794720 0
583794726 0
583794731 0
583860228 0
583860234 0
583860243 0
583860245 0
583925765 0
583925800 0
583925806 0
583925807 0
583991300 0
583991314 0
583991337 0
583991343 0
584056837 0
584056840 0
584056851 0
584056874 0
584122374 0
584122411 0
584122412 0
584122413 0
584187905 0
584187906 0
584187920 0
584187943 0
584253462 0
584253468 0
584253469 0
584253475 0
584318979 0
584319014 0
584319017 0
584319020 0
584384533 0
584384547 0
584384552 0
584384554 0
584450068 0
584450087 0
584450089 0
584450094 0
584515585 0
584515586 0
584515600 0
584515603 0
584581126 0
584581156 0
584581159 0
584581161 0
584646662 0
584646688 0
584646689 0
584646695 0
584712224 0
584712231 0
584712237 0
584712238 0
584777740 0
584777763 0
584777770 0
584777773 0
584843275 0
584843277 0
584843298 0
584843304 0
584908826 0
584908829 0
584908839 0
584908844 0
584974338 0
584974341 0
584974360 0
584974379 0
585039902 0
585039905 0
585039912 0
585039919 0
585105416 0
585105431 0
585105434 0
585105453 0
585170986 0
585170987 0
585170988 0
585170989 0
585236521 0
585236523 0
585236524 0
585236526 0
585302028 0
585302033 0
585302039 0
585302062 0
585367554 0
585367556 0
585367585 0
585367591 0
585433091 0
585433121 0
585433124 0
585433134 0
585498641 0
585498646 0
585498656 0
585498659 0
585564176 0
585564178 0
585564181 0
585564183 0
585629706 0
585629711 0
585629721 0
585629728 0
585695233 0
585695236 0
585695243 0
585695254 0
585760771 0
585760788 0
585760797 0
585760814 0
585826315 0
585826324 0
585826329 0
585826350 0
585891853 0
585891854 0
585891867 0
585891868 0
585957380 0
585957401 0
585957414 0
585957419 0
586022922 0
586022931 0
586022941 0
586022952 0
586088475 0
586088482 0
586088484 0
586088489 0
586154007 0
586154020 0
586154029 0
586154030 0
586219550 0
586219559 0
586219561 0
586219564 0
586285081 0
586285083 0
586285092 0
586285094 0
586350621 0
586350622 0
586350623 0
586350624 0
586416132 0
586416134 0
586416153 0
586416155 0
586481689 0
586481692 0
586481694 0
586481695 0
586547200 0
586547210 0
586547211 0
586547233 0
586612736 0
586612755 0
586612778 0
586612781 0
586678295 0
586678298 0
586678300 0
586678309 0
586743811 0
586743825 0
586743838 0
586743848 0
586809358 0
586809360 0
586809381 0
586809383 0
586874892 0
586874894 0
586874911 0
586874925 0
586940416 0
586940418 0
586940423 0
586940437 0
587005967 0
587005968 0
587005986 0
587005997 0
587071516 0
587071526 0
587071527 0
587071533 0
587137024 0
587137059 0
587137061 0
587137062 0
587202570 0
587202592 0
587202593 0
587202599 0
587268128 0
587268131 0
587268141 0
587268142 0
587333639 0
587333665 0
587333674 0
587333676 0
587399191 0
587399197 0
587399198 0
587399204 0
587464712 0
587464713 0
587464722 0
587464727 0
587530240 0
587530254 0
587530267 0
587530277 0
587595816 0
587595821 0
587595822 0
587595823 0
587661340 0
587661342 0
587661345 0
587661359 0
587726876 0
587726886 0
587726889 0
587726891 0
587792418 0
587792420 0
587792427 0
587792429 0
587857949 0
587857952 0
587857954 0
587857967 0
587923467 0
587923480 0
587923489 0
587923502 0
587988998 0
587989031 0
587989036 0
587989037 0
588054565 0
588054566 0
588054568 0
588054571 0
588120093 0
588120094 0
588120095 0
588120096 0
588185608 0
588185609 0
588185627 0
588185642 0
588251137 0
588251152 0
588251170 0
588251183 0
588316676 0
588316706 0
588316709 0
588316711 0
588382220 0
588382241 0
588382243 0
588382246 0
588447764 0
588447783 0
588447785 0
588447790 0
588513282 0
588513305 0
588513307 0
588513324 0
588578817 0
588578823 0
588578840 0
588578858 0
588644358 0
588644363 0
588644381 0
588644388 0
588709918 0
588709920 0
588709921 0
588709935 0
588775429 0
588775452 0
588775466 0
588775467 0
588840969 0
588840970 0
588840971 0
588840992 0
588906524 0
588906535 0
588906537 0
588906538 0
588972035 0
588972044 0
588972062 0
588972073 0
589037582 0
589037597 0
589037612 0
589037615 0
589103130 0
589103133 0
589103147 0
589103148 0
589168649 0
589168656 0
589168663 0
589168682 0
589234201 0
589234215 0
589234220 0
589234222 0
589299735 0
589299745 0
589299754 0
589299756 0
589365250 0
589365288 0
589365289 0
589365295 0
589430810 0
589430828 0
589430829 0
589430831 0
589496321 0
589496335 0
589496338 0
589496360 0
589561856 0
589561890 0
589561893 0
589561903 0
589627395 0
589627436 0
589627437 0
589627438 0
589692948 0
589692951 0
589692965 0
589692974 0
589758498 0
589758503 0
589758505 0
589758508 0
589824005 0
589824019 0
589824022 0
589824044 0
589889537 0
589889540 0
589889555 0
589889570 0
589955085 0
589955094 0
589955096 0
589955099 0
590020613 0
590020632 0
590020634 0
590020655 0
590086179 0
590086186 0
590086188 0
590086189 0
590151684 0
590151710 0
590151721 0
590151723 0
590217235 0
590217242 0
590217256 0
590217261 0
590282769 0
590282771 0
590282772 0
590282774 0
590348308 0
590348322 0
590348329 0
590348335 0
590413830 0
590413855 0
590413860 0
590413861 0
590479362 0
590479397 0
590479404 0
590479407 0
590544896 0
590544901 0
590544906 0
590544943 0
590610471 0
590610473 0
590610476 0
590610478 0
590675981 0
590675999 0
590676000 0
590676010 0
590741507 0
590741537 0
590741542 0
590741548 0
590807052 0
590807070 0
590807071 0
590807073 0
590872578 0
590872613 0
590872615 0
590872616 0
590938113 0
590938118 0
590938127 0
590938148 0
591003676 0
591003681 0
591003694 0
591003695 0
591069210 0
591069219 0
591069228 0
591069229 0
591134754 0
591134759 0
591134761 0
591134764 0
591200284 0
591200286 0
591200293 0
591200303 0
591265796 0
591265822 0
591265827 0
591265837 0
591331355 0
591331369 0
591331372 0
591331374 0
591396871 0
591396876 0
591396906 0
591396909 0
591462424 0
591462429 0
591462438 0
591462439 0
591527942 0
591527960 0
591527965 0
591527979 0
591593499 0
591593506 0
591593508 0
591593517 0
591659015 0
591659037 0
591659050 0
591659052 0
591724571 0
591724574 0
591724576 0
591724585 0
591790103 0
591790108 0
591790117 0
591790122 0
591855637 0
591855640 0
591855651 0
591855658 0
591921165 0
591921167 0
591921170 0
591921188 0
591986714 0
591986732 0
591986733 0
591986735 0
592052262 0
592052264 0
592052269 0
592052271 0
592117773 0
592117775 0
592117780 0
592117806 0
592183297 0
592183328 0
592183342 0
592183343 0
592248852 0
592248857 0
592248871 0
592248878 0
592314399 0
592314402 0
592314412 0
592314413 0
592379911 0
592379914 0
592379933 0
592379948 0
592445453 0
592445456 0
592445471 0
592445474 0
592510984 0
592510986 0
592511005 0
592511019 0
592576512 0
592576531 0
592576550 0
592576553 0
592642051 0
592642074 0
592642088 0
592642093 0
592707584 0
592707598 0
592707601 0
592707619 0
592773138 0
592773144 0
592773157 0
592773159 0
592838683 0
592838688 0
592838690 0
592838693 0
592904213 0
592904227 0
592904234 0
592904236 0
592969750 0
592969760 0
592969769 0
592969771 0
593035269 0
593035292 0
593035302 0
593035311 0
593100808 0
593100813 0
593100838 0
593100839 0
593166377 0
593166379 0
593166380 0
593166382 0
593231872 0
593231886 0
593231907 0
593231909 0
593297422 0
593297443 0
593297452 0
593297453 0
593362971 0
593362981 0
593362986 0
593362988 0
593428488 0
593428514 0
593428515 0
593428517 0
593494035 0
593494053 0
593494056 0
593494058 0
593559561 0
593559580 0
593559591 0
593559594 0
593625096 0
593625130 0
593625131 0
593625133 0
593690668 0
593690669 0
593690670 0
593690671 0
593756191 0
593756194 0
593756197 0
593756200 0
593821701 0
593821730 0
593821740 0
593821743 0
593887256 0
593887262 0
593887273 0
593887275 0
593952773 0
593952800 0
593952803 0
593952814 0
594018314 0
594018341 0
594018344 0
594018347 0
594083851 0
594083884 0
594083885 0
594083886 0
594149382 0
594149387 0
594149416 0
594149417 0
594214919 0
594214952 0
594214957 0
594214958 0
594280465 0
594280486 0
594280492 0
594280495 0
594346018 0
594346023 0
594346025 0
594346028 0
594411548 0
594411565 0
594411566 0
594411567 0
594477061 0
594477066 0
594477096 0
594477099 0
594542593 0
594542603 0
594542608 0
594542610 0
594608129 0
594608130 0
594608136 0
594608167 0
594673667 0
594673669 0
594673696 0
594673702 0
594739204 0
594739206 0
594739207 0
594739209 0
594804755 0
594804757 0
594804770 0
594804772 0
594870282 0
594870283 0
594870285 0
594870296 0
594935821 0
594935823 0
594935824 0
594935838 0
595001347 0
595001352 0
595001365 0
595001366 0
595066882 0
595066885 0
595066899 0
595066912 0
595132430 0
595132431 0
595132437 0
595132440 0
595197976 0
595197979 0
595197985 0
595197986 0
595263488 0
595263517 0
595263526 0
595263531 0
595329045 0
595329048 0
595329055 0
595329062 0
595394564 0
595394570 0
595394573 0
595394575 0
595460105 0
595460118 0
595460120 0
595460135 0
595525633 0
595525635 0
595525648 0
595525662 0
595591171 0
595591173 0
595591174 0
595591180 0
595656704 0
595656717 0
595656727 0
595656734 0
595722241 0
595722244 0
595722246 0
595722247 0
595787785 0
595787786 0
595787787 0
595787792 0
595853323 0
595853324 0
595853326 0
595853329 0
595918853 0
595918858 0
595918875 0
595918876 0
595984393 0
595984407 0
595984410 0
595984428 0
596049930 0
596049931 0
596049944 0
596049945 0
596115465 0
596115468 0
596115470 0
596115479 0
596180992 0
596180995 0
596180998 0
596181001 0
596246532 0
596246533 0
596246534 0
596246551 0
596312080 0
596312083 0
596312094 0
596312105 0
596377600 0
596377618 0
596377637 0
596377643 0
596443144 0
596443150 0
596443153 0
596443167 0
596508673 0
596508675 0
596508690 0
596508696 0
596574225 0
596574240 0
596574242 0
596574255 0
596639763 0
596639777 0
596639778 0
596639780 0
596705296 0
596705297 0
596705306 0
596705311 0
596770816 0
596770817 0
596770831 0
596770842 0
596836361 0
596836374 0
596836376 0
596836379 0
596901904 0
596901907 0
596901909 0
596901926 0
596967433 0
596967434 0
596967435 0
596967440 0
597032968 0
597032977 0
597032990 0
597032999 0
597098497 0
597098498 0
597098507 0
597098524 0
597164034 0
597164040 0
597164041 0
597164047 0
597229568 0
597229575 0
597229578 0
597229593 0
597295124 0
597295142 0
597295143 0
597295145 0
597360653 0
597360654 0
597360655 0
597360672 0
597426178 0
597426180 0
597426193 0
597426207 0
597491715 0
597491717 0
597491732 0
597491734 0
597557248 0
597557250 0
597557263 0
597557265 0
597622790 0
597622793 0
597622795 0
597622796 0
597688321 0
597688331 0
597688336 0
597688338 0
597753860 0
597753862 0
597753863 0
597753865 0
597819396 0
597819397 0
597819399 0
597819402 0
597884954 0
597884956 0
597884959 0
597884965 0
597950474 0
597950477 0
597950491 0
597950504 0
598016005 0
598016007 0
598016008 0
598016022 0
598081536 0
598081553 0
598081559 0
598081562 0
598147077 0
598147078 0
598147080 0
598147091 0
598212612 0
598212615 0
598212630 0
598212645 0
598278147 0
598278149 0
598278152 0
598278190 0
598343702 0
598343705 0
598343707 0
598343716 0
598409250 0
598409253 0
598409259 0
598409260 0
598474757 0
598474766 0
598474768 0
598474775 0
598540299 0
598540302 0
598540304 0
598540305 0
598605835 0
598605853 0
598605856 0
598605862 0
598671377 0
598671380 0
598671391 0
598671398 0
598736896 0
598736897 0
598736899 0
598736918 0
598802436 0
598802442 0
598802445 0
598802459 0
598867969 0
598867978 0
598867979 0
598867984 0
598933517 0
598933523 0
598933526 0
598933532 0
598999044 0
598999051 0
598999054 0
598999061 0
599064576 0
599064589 0
599064590 0
599064599 0
599130112 0
599130127 0
599130130 0
599130149 0
599195656 0
599195682 0
599195689 0
599195691 0
599261203 0
599261212 0
599261217 0
599261226 0
599326725 0
599326728 0
599326750 0
599326763 0
599392258 0
599392275 0
599392277 0
599392280 0
599457819 0
599457821 0
599457822 0
599457824 0
599523331 0
599523349 0
599523358 0
599523360 0
599588870 0
599588872 0
599588873 0
599588887 0
599654402 0
599654403 0
599654416 0
599654417 0
599719946 0
599719951 0
599719964 0
599719969 0
599785483 0
599785496 0
599785509 0
599785514 0
599851010 0
599851011 0
599851012 0
599851013 0
599916562 0
599916564 0
599916565 0
599916591 0
599982087 0
599982113 0
599982118 0
599982124 0
600047624 0
600047634 0
600047641 0
600047643 0
600113175 0
600113182 0
600113192 0
600113197 0
600178690 0
600178705 0
600178708 0
600178731 0
600244232 0
600244235 0
600244245 0
600244262 0
600309768 0
600309789 0
600309791 0
600309794 0
600375314 0
600375321 0
600375324 0
600375327 0
600440841 0
600440852 0
600440855 0
600440870 0
600506376 0
600506383 0
600506386 0
600506397 0
600571910 0
600571929 0
600571931 0
600571932 0
600637441 0
600637442 0
600637444 0
600637447 0
600702980 0
600702983 0
600702993 0
600703014 0
600768516 0
600768525 0
600768530 0
600768535 0
600834057 0
600834091 0
600834092 0
600834094 0
600899593 0
600899594 0
600899596 0
600899611 0
600965130 0
600965131 0
600965132 0
600965137 0
601030663 0
601030664 0
601030666 0
601030685 0
601096197 0
601096198 0
601096203 0
601096204 0
601161741 0
601161760 0
601161763 0
601161770 0
601227264 0
601227267 0
601227273 0
601227282 0
601292803 0
601292820 0
601292822 0
601292825 0
601358340 0
601358345 0
601358347 0
601358362 0
601423872 0
601423873 0
601423899 0
601423902 0
601489417 0
601489428 0
601489430 0
601489431 0
601554945 0
601554947 0
601554966 0
601554980 0
601620489 0
601620492 0
601620510 0
601620511 0
601686017 0
601686027 0
601686030 0
601686032 0
601751575 0
601751576 0
601751589 0
601751590 0
601817094 0
601817104 0
601817117 0
601817131 0
601882651 0
601882652 0
601882654 0
601882661 0
601948168 0
601948169 0
601948174 0
601948203 0
602013699 0
602013702 0
602013704 0
602013725 0
602079248 0
602079269 0
602079270 0
602079271 0
602144772 0
602144781 0
602144782 0
602144799 0
602210305 0
602210312 0
602210323 0
602210326 0
602275841 0
602275842 0
602275843 0
602275856 0
602341395 0
602341401 0
602341404 0
602341418 0
602406912 0
602406938 0
602406941 0
602406947 0
602472460 0
602472461 0
602472471 0
602472474 0
602537998 0
602538001 0
602538003 0
602538004 0
602603524 0
602603538 0
602603539 0
602603541 0
602669059 0
602669080 0
602669081 0
602669098 0
602734598 0
602734617 0
602734631 0
602734632 0
602800128 0
602800130 0
602800139 0
602800153 0
602865688 0
602865693 0
602865695 0
602865698 0
602931209 0
602931212 0
602931218 0
602931231 0
602996736 0
602996747 0
602996750 0
602996753 0
603062280 0
603062282 0
603062287 0
603062297 0
603127823 0
603127826 0
603127836 0
603127841 0
603193376 0
603193377 0
603193378 0
603193379 0
603258883 0
603258892 0
603258893 0
603258926 0
603324422 0
603324425 0
603324455 0
603324460 0
603389959 0
603389973 0
603389974 0
603389996 0
603455502 0
603455520 0
603455525 0
603455531 0
603521025 0
603521026 0
603521028 0
603521035 0
603586565 0
603586568 0
603586570 0
603586571 0
603652096 0
603652125 0
603652127 0
603652142 0
603717633 0
603717636 0
603717646 0
603717651 0
603783179 0
603783182 0
603783200 0
603783213 0
603848705 0
603848706 0
603848707 0
603848708 0
603914245 0
603914256 0
603914271 0
603914274 0
603979777 0
603979788 0
603979798 0
603979807 0
604045327 0
604045330 0
604045336 0
604045341 0
604110863 0
604110865 0
604110874 0
604110880 0
604176403 0
604176413 0
604176420 0
604176430 0
604241925 0
604241926 0
604241928 0
604241967 0
604307486 0
604307492 0
604307501 0
604307503 0
604372998 0
604373005 0
604373007 0
604373012 0
604438529 0
604438542 0
604438559 0
604438564 0
604504075 0
604504077 0
604504108 0
604504110 0
604569619 0
604569620 0
604569622 0
604569641 0
604635138 0
604635140 0
604635141 0
604635147 0
604700677 0
604700680 0
604700703 0
604700714 0
604766215 0
604766234 0
604766237 0
604766252 0
604831751 0
604831772 0
604831774 0
604831785 0
604897297 0
604897300 0
604897315 0
604897326 0
604962825 0
604962826 0
604962832 0
604962835 0
605028376 0
605028378 0
605028379 0
605028393 0
605093898 0
605093900 0
605093923 0
605093925 0
605159446 0
605159448 0
605159449 0
605159467 0
605224961 0
605224976 0
605224995 0
605224998 0
605290499 0
605290509 0
605290518 0
605290520 0
605356039 0
605356042 0
605356045 0
605356052 0
605421577 0
605421594 0
605421603 0
605421608 0
605487109 0
605487110 0
605487136 0
605487147 0
605552652 0
605552653 0
605552662 0
605552663 0
605618176 0
605618186 0
605618201 0
605618207 0
605683715 0
605683733 0
605683734 0
605683748 0
605749252 0
605749274 0
605749283 0
605749293 0
605814784 0
605814799 0
605814801 0
605814806 0
605880332 0
605880337 0
605880338 0
605880347 0
605945865 0
605945867 0
605945868 0
605945894 0
606011406 0
606011417 0
606011420 0
606011439 0
606076928 0
606076931 0
606076945 0
606076970 0
606142481 0
606142482 0
606142484 0
606142507 0
606208014 0
606208016 0
606208033 0
606208035 0
606273552 0
606273571 0
606273573 0
606273574 0
606339080 0
606339085 0
606339090 0
606339095 0
606404628 0
606404630 0
606404643 0
606404649 0
606470166 0
606470169 0
606470171 0
606470172 0
606535699 0
606535700 0
606535701 0
606535702 0
606601227 0
606601228 0
606601234 0
606601237 0
606666759 0
606666762 0
606666768 0
606666773 0
606732308 0
606732317 0
606732322 0
606732331 0
606797846 0
606797849 0
606797851 0
606797868 0
606863361 0
606863366 0
606863379 0
606863388 0
606928901 0
606928911 0
606928924 0
606928930 0
606994439 0
606994446 0
606994457 0
606994472 0
607059969 0
607059983 0
607059990 0
607059992 0
607125509 0
607125514 0
607125520 0
607125531 0
607191054 0
607191060 0
607191065 0
607191067 0
607256577 0
607256587 0
607256594 0
607256604 0
607322118 0
607322119 0
607322121 0
607322156 0
607387653 0
607387662 0
607387680 0
607387691 0
607453197 0
607453203 0
607453210 0
607453216 0
607518732 0
607518746 0
607518753 0
607518763 0
607584260 0
607584262 0
607584271 0
607584273 0
607649804 0
607649814 0
607649825 0
607649839 0
607715345 0
607715347 0
607715362 0
607715368 0
607780864 0
607780879 0
607780894 0
607780897 0
607846411 0
607846416 0
607846421 0
607846434 0
607911966 0
607911969 0
607911971 0
607911976 0
607977478 0
607977483 0
607977492 0
607977517 0
608043014 0
608043035 0
608043044 0
608043053 0
608108548 0
608108574 0
608108581 0
608108583 0
608174098 0
608174099 0
608174104 0
608174105 0
608239618 0
608239619 0
608239620 0
608239621 0
608305154 0
608305184 0
608305185 0
608305199 0
608370704 0
608370709 0
608370722 0
608370723 0
608436237 0
608436250 0
608436252 0
608436255 0
608501765 0
608501768 0
608501770 0
608501779 0
608567300 0
608567302 0
608567311 0
608567313 0
608632834 0
608632836 0
608632837 0
608632851 0
608698372 0
608698377 0
608698383 0
608698386 0
608763917 0
608763920 0
608763922 0
608763943 0
608829440 0
608829445 0
608829447 0
608829450 0
608894976 0
608894994 0
608894995 0
608894997 0
608960518 0
608960521 0
608960532 0
608960555 0
609026050 0
609026051 0
609026057 0
609026064 0
609091597 0
609091610 0
609091612 0
609091619 0
609157136 0
609157149 0
609157150 0
609157151 0
609222663 0
609222677 0
609222678 0
609222692 0
609288192 0
609288209 0
609288219 0
609288222 0
609353762 0
609353765 0
609353767 0
609353768 0
609419265 0
609419274 0
609419280 0
609419299 0
609484801 0
609484802 0
609484816 0
609484827 0
609550337 0
609550340 0
609550347 0
609550350 0
609615886 0
609615887 0
609615888 0
609615905 0
609681411 0
609681414 0
609681417 0
609681452 0
609746950 0
609746973 0
609746980 0
609746987 0
609812482 0
609812484 0
609812485 0
609812511 0
609878029 0
609878030 0
609878031 0
609878060 0
609943564 0
609943566 0
609943581 0
609943599 0
610009099 0
610009102 0
610009104 0
610009125 0
610074636 0
610074639 0
610074654 0
610074657 0
610140161 0
610140163 0
610140176 0
610140186 0
610205702 0
610205716 0
610205725 0
610205739 0
610271243 0
610271246 0
610271268 0
610271273 0
610336786 0
610336793 0
610336800 0
610336807 0
610402320 0
610402334 0
610402337 0
610402339 0
610467863 0
610467864 0
610467870 0
610467877 0
610533376 0
610533387 0
610533390 0
610533417 0
610598920 0
610598923 0
610598933 0
610598938 0
610664451 0
610664462 0
610664472 0
610664473 0
610729985 0
610729986 0
610729987 0
610729988 0
610795527 0
610795529 0
610795530 0
610795532 0
610861065 0
610861068 0
610861070 0
610861087 0
610926608 0
610926611 0
610926618 0
610926629 0
610992129 0
610992144 0
610992147 0
610992158 0
611057665 0
611057666 0
611057671 0
611057684 0
611123200 0
611123202 0
611123205 0
611123231 0
611188744 0
611188746 0
611188771 0
611188773 0
611254279 0
611254281 0
611254284 0
611254302 0
611319822 0
611319840 0
611319847 0
611319853 0
611385358 0
611385367 0
611385369 0
611385372 0
611450901 0
611450910 0
611450919 0
611450924 0
611516430 0
611516432 0
611516441 0
611516447 0
611581958 0
611581960 0
611581977 0
611581987 0
611647502 0
611647503 0
611647512 0
611647513 0
611713032 0
611713037 0
611713042 0
611713047 0
611778569 0
611778572 0
611778587 0
611778590 0
611844116 0
611844118 0
611844119 0
611844133 0
611909650 0
611909656 0
611909659 0
611909661 0
611975180 0
611975203 0
611975205 0
611975214 0
612040719 0
612040730 0
612040733 0
612040736 0
612106270 0
612106276 0
612106277 0
612106283 0
612171778 0
612171780 0
612171795 0
612171821 0
612237313 0
612237314 0
612237315 0
612237332 0
612302861 0
612302862 0
612302880 0
612302895 0
612368395 0
612368404 0
612368413 0
612368422 0
612433920 0
612433935 0
612433937 0
612433938 0
612499460 0
612499469 0
612499470 0
612499487 0
612564992 0
612564997 0
612565010 0
612565023 0
612630529 0
612630542 0
612630544 0
612630547 0
612696066 0
612696077 0
612696079 0
612696084 0
612761608 0
612761611 0
612761618 0
612761641 0
612827137 0
612827158 0
612827159 0
612827164 0
612892675 0
612892682 0
612892689 0
612892712 0
612958245 0
612958246 0
612958248 0
612958255 0
613023745 0
613023755 0
613023756 0
613023758 0
613089304 0
613089307 0
613089318 0
613089325 0
613154816 0
613154821 0
613154822 0
613154823 0
613220363 0
613220388 0
613220397 0
613220398 0
613285894 0
613285897 0
613285904 0
613285911 0
613351428 0
613351441 0
613351443 0
613351446 0
613416975 0
613416992 0
613416994 0
613416997 0
613482498 0
613482508 0
613482515 0
613482525 0
613548039 0
613548042 0
613548053 0
613548060 0
613613569 0
613613588 0
613613603 0
613613606 0
613679116 0
613679121 0
613679122 0
613679131 0
613744673 0
613744674 0
613744675 0
613744680 0
613810177 0
613810184 0
613810190 0
613810191 0
613875714 0
613875716 0
613875717 0
613875719 0
613941267 0
613941269 0
613941272 0
613941278 0
614006788 0
614006807 0
614006809 0
614006814 0
614072328 0
614072329 0
614072335 0
614072354 0
614137863 0
614137882 0
614137897 0
614137900 0
614203398 0
614203401 0
614203423 0
614203432 0
614268928 0
614268931 0
614268949 0
614268958 0
614334476 0
614334478 0
614334485 0
614334487 0
614400024 0
614400025 0
614400038 0
614400043 0
614465553 0
614465556 0
614465563 0
614465582 0
614531075 0
614531089 0
614531092 0
614531094 0
614596610 0
614596613 0
614596627 0
614596632 0
614662148 0
614662181 0
614662183 0
614662186 0
614727680 0
614727687 0
614727689 0
614727718 0
614793238 0
614793243 0
614793245 0
614793256 0
614858752 0
614858762 0
614858765 0
614858787 0
614924288 0
614924290 0
614924291 0
614924301 0
614989829 0
614989834 0
614989836 0
614989859 0
615055370 0
615055373 0
615055384 0
615055387 0
615120912 0
615120914 0
615120915 0
615120929 0
615186439 0
615186440 0
615186442 0
615186445 0
615251986 0
615251988 0
615251991 0
615251993 0
615317515 0
615317520 0
615317533 0
615317550 0
615383047 0
615383062 0
615383064 0
615383069 0
615448595 0
615448605 0
615448614 0
615448616 0
615514124 0
615514141 0
615514154 0
615514159 0
615579657 0
615579659 0
615579660 0
615579670 0
615645187 0
615645201 0
615645202 0
615645204 0
615710740 0
615710743 0
615710754 0
615710765 0
615776268 0
615776271 0
615776289 0
615776302 0
615841795 0
615841798 0
615841800 0
615841817 0
615907344 0
615907347 0
615907361 0
615907366 0
615972865 0
615972891 0
615972904 0
615972910 0
616038403 0
616038420 0
616038421 0
616038422 0
616103937 0
616103959 0
616103976 0
616103978 0
616169472 0
616169485 0
616169502 0
616169507 0
616235040 0
616235041 0
616235043 0
616235046 0
616300571 0
616300576 0
616300581 0
616300582 0
616366080 0
616366085 0
616366086 0
616366123 0
616431629 0
616431634 0
616431643 0
616431652 0
616497179 0
616497192 0
616497197 0
616497198 0
616562695 0
616562700 0
616562710 0
616562713 0
616628225 0
616628231 0
616628246 0
616628264 0
616693773 0
616693799 0
616693800 0
616693806 0
616759298 0
616759301 0
616759304 0
616759307 0
616824836 0
616824842 0
616824857 0
616824863 0
616890374 0
616890381 0
616890384 0
616890415 0
616955904 0
616955923 0
616955937 0
616955946 0
617021448 0
617021459 0
617021473 0
617021474 0
617086981 0
617087004 0
617087014 0
617087015 0
617152516 0
617152523 0
617152533 0
617152542 0
617218054 0
617218061 0
617218068 0
617218071 0
617283591 0
617283608 0
617283617 0
617283622 0
617349148 0
617349150 0
617349163 0
617349165 0
617414667 0
617414668 0
617414674 0
617414677 0
617480225 0
617480226 0
617480231 0
617480232 0
617545731 0
617545733 0
617545734 0
617545760 0
617611283 0
617611292 0
617611293 0
617611306 0
617676820 0
617676833 0
617676839 0
617676846 0
617742362 0
617742364 0
617742377 0
617742379 0
617807872 0
617807879 0
617807890 0
617807893 0
617873416 0
617873417 0
617873427 0
617873442 0
617938944 0
617938949 0
617938954 0
617938955 0
618004492 0
618004493 0
618004494 0
618004499 0
618070022 0
618070029 0
618070036 0
618070039 0
618135561 0
618135564 0
618135574 0
618135575 0
618201097 0
618201098 0
618201100 0
618201107 0
618266625 0
618266631 0
618266646 0
618266660 0
618332160 0
618332185 0
618332186 0
618332195 0
618397703 0
618397729 0
618397736 0
618397742 0
618463232 0
618463234 0
618463235 0
618463237 0
618528783 0
618528790 0
618528792 0
618528809 0
618594329 0
618594331 0
618594332 0
618594342 0
618659846 0
618659849 0
618659860 0
618659879 0
618725398 0
618725400 0
618725401 0
618725415 0
618790913 0
618790930 0
618790932 0
618790959 0
618856458 0
618856461 0
618856472 0
618856479 0
618921986 0
618921992 0
618922007 0
618922025 0
618987524 0
618987531 0
618987538 0
618987541 0
619053067 0
619053077 0
619053078 0
619053092 0
619118596 0
619118605 0
619118610 0
619118619 0
619184138 0
619184143 0
619184149 0
619184156 0
619249678 0
619249681 0
619249696 0
619249711 0
619315208 0
619315242 0
619315245 0
619315247 0
619380740 0
619380745 0
619380750 0
619380759 0
619446279 0
619446296 0
619446301 0
619446310 0
619511811 0
619511813 0
619511838 0
619511848 0
619577346 0
619577356 0
619577359 0
619577361 0
619642881 0
619642890 0
619642924 0
619642927 0
619708423 0
619708429 0
619708450 0
619708460 0
619773958 0
619773961 0
619773984 0
619773991 0
619839499 0
619839501 0
619839522 0
619839524 0
619905031 0
619905032 0
619905041 0
619905066 0
619970573 0
619970575 0
619970580 0
619970594 0
620036098 0
620036103 0
620036124 0
620036129 0
620101639 0
620101656 0
620101665 0
620101674 0
620167183 0
620167208 0
620167209 0
620167210 0
620232707 0
620232709 0
620232722 0
620232732 0
620298247 0
620298266 0
620298268 0
620298269 0
620363809 0
620363812 0
620363814 0
620363819 0
620429316 0
620429335 0
620429341 0
620429346 0
620494868 0
620494870 0
620494871 0
620494873 0
620560386 0
620560391 0
620560392 0
620560425 0
620625931 0
620625946 0
620625949 0
620625956 0
620691474 0
620691484 0
620691489 0
620691499 0
620757011 0
620757025 0
620757034 0
620757036 0
620822528 0
620822559 0
620822561 0
620822562 0
620888078 0
620888084 0
620888089 0
620888103 0
620953600 0
620953614 0
620953621 0
620953635 0
621019152 0
621019153 0
621019155 0
621019158 0
621084683 0
621084706 0
621084708 0
621084713 0
621150216 0
621150227 0
621150241 0
621150242 0
621215777 0
621215780 0
621215787 0
621215790 0
621281295 0
621281297 0
621281302 0
621281316 0
621346836 0
621346839 0
621346841 0
621346846 0
621412355 0
621412365 0
621412384 0
621412386 0
621477913 0
621477918 0
621477919 0
621477920 0
621543428 0
621543446 0
621543449 0
621543455 0
621608967 0
621608981 0
621609004 0
621609006 0
621674503 0
621674517 0
621674522 0
621674532 0
621740054 0
621740069 0
621740072 0
621740079 0
621805584 0
621805589 0
621805598 0
621805599 0
621871110 0
621871111 0
621871116 0
621871121 0
621936664 0
621936666 0
621936675 0
621936681 0
622002177 0
622002211 0
622002216 0
622002218 0
622067712 0
622067719 0
622067726 0
622067729 0
622133254 0
622133263 0
622133265 0
622133268 0
622198803 0
622198810 0
622198812 0
622198817 0
622264347 0
622264354 0
622264356 0
622264361 0
622329860 0
622329874 0
622329887 0
622329901 0
622395398 0
622395428 0
622395429 0
622395439 0
622460940 0
622460942 0
622460949 0
622460967 0
622526473 0
622526484 0
622526491 0
622526498 0
622592007 0
622592032 0
622592037 0
622592042 0
622657536 0
622657538 0
622657569 0
622657579 0
622723080 0
622723094 0
622723097 0
622723099 0
622788621 0
622788636 0
622788646 0
622788655 0
622854150 0
622854188 0
622854189 0
622854191 0
622919695 0
622919705 0
622919722 0
622919724 0
622985229 0
622985236 0
622985238 0
622985243 0
623050753 0
623050764 0
623050778 0
623050799 0
623116288 0
623116307 0
623116310 0
623116321 0
623181841 0
623181851 0
623181852 0
623181866 0
623247366 0
623247372 0
623247389 0
623247391 0
623312917 0
623312922 0
623312935 0
623312936 0
623378435 0
623378442 0
623378460 0
623378473 0
623443996 0
623444002 0
623444013 0
623444015 0
623509505 0
623509515 0
623509530 0
623509536 0
623575053 0
623575058 0
623575068 0
623575083 0
623640611 0
623640617 0
623640618 0
623640620 0
623706118 0
623706123 0
623706125 0
623706132 0
623771654 0
623771663 0
623771673 0
623771680 0
623837187 0
623837188 0
623837201 0
623837206 0
623902738 0
623902739 0
623902749 0
623902760 0
623968257 0
623968278 0
623968280 0
623968283 0
624033796 0
624033801 0
624033814 0
624033819 0
624099346 0
624099363 0
624099365 0
624099372 0
624164896 0
624164899 0
624164902 0
624164909 0
624230401 0
624230418 0
624230423 0
624230436 0
624295937 0
624295951 0
624295952 0
624295954 0
624361493 0
624361503 0
624361510 0
624361516 0
624427015 0
624427032 0
624427038 0
624427053 0
624492548 0
624492577 0
624492579 0
624492582 0
624558095 0
624558097 0
624558100 0
624558114 0
624623618 0
624623620 0
624623627 0
624623645 0
624689168 0
624689178 0
624689189 0
624689199 0
624754721 0
624754730 0
624754731 0
624754732 0
624820231 0
624820248 0
624820257 0
624820266 0
624885761 0
624885798 0
624885800 0
624885803 0
624951304 0
624951309 0
624951342 0
624951343 0
625016846 0
625016852 0
625016853 0
625016859 0
625082389 0
625082391 0
625082398 0
625082400 0
625147929 0
625147935 0
625147940 0
625147950 0
625213442 0
625213448 0
625213453 0
625213459 0
625278994 0
625279003 0
625279012 0
625279017 0
625344514 0
625344529 0
625344552 0
625344559 0
625410071 0
625410072 0
625410074 0
625410081 0
625475590 0
625475613 0
625475620 0
625475623 0
625541133 0
625541144 0
625541150 0
625541151 0
625606664 0
625606674 0
625606683 0
625606685 0
625672204 0
625672205 0
625672227 0
625672230 0
625737744 0
625737749 0
625737751 0
625737762 0
625803296 0
625803303 0
625803305 0
625803306 0
625868806 0
625868816 0
625868831 0
625868845 0
625934336 0
625934354 0
625934377 0
625934379 0
625999873 0
625999878 0
625999879 0
625999908 0
626065433 0
626065442 0
626065447 0
626065452 0
626130958 0
626130960 0
626130981 0
626130987 0
626196506 0
626196512 0
626196519 0
626196521 0
626262028 0
626262050 0
626262051 0
626262053 0
626327559 0
626327573 0
626327578 0
626327580 0
626393115 0
626393121 0
626393130 0
626393132 0
626458630 0
626458649 0
626458659 0
626458660 0
626524195 0
626524200 0
626524205 0
626524206 0
626589730 0
626589735 0
626589737 0
626589740 0
626655238 0
626655240 0
626655257 0
626655259 0
626720785 0
626720794 0
626720795 0
626720800 0
626786321 0
626786324 0
626786334 0
626786347 0
626851845 0
626851863 0
626851864 0
626851882 0
626917376 0
626917377 0
626917407 0
626917422 0
626982927 0
626982930 0
626982948 0
626982949 0
627048450 0
627048456 0
627048457 0
627048463 0
627113992 0
627114006 0
627114029 0
627114031 0
627179525 0
627179550 0
627179552 0
627179555 0
627245058 0
627245071 0
627245088 0
627245101 0
627310601 0
627310603 0
627310616 0
627310618 0
627376148 0
627376151 0
627376170 0
627376173 0
627441690 0
627441697 0
627441699 0
627441704 0
627507208 0
627507209 0
627507210 0
627507211 0
627572753 0
627572756 0
627572778 0
627572783 0
627638282 0
627638284 0
627638313 0
627638319 0
627703812 0
627703814 0
627703821 0
627703847 0
627769345 0
627769350 0
627769356 0
627769371 0
627834882 0
627834885 0
627834891 0
627834924 0
627900418 0
627900444 0
627900455 0
627900457 0
627965959 0
627965960 0
627965978 0
627965981 0
628031500 0
628031509 0
628031511 0
628031530 0
628097030 0
628097035 0
628097037 0
628097044 0
628162565 0
628162586 0
628162600 0
628162603 0
628228097 0
628228099 0
628228116 0
628228130 0
628293660 0
628293670 0
628293677 0
628293679 0
628359169 0
628359186 0
628359188 0
628359195 0
628424717 0
628424719 0
628424740 0
628424746 0
628490262 0
628490264 0
628490267 0
628490285 0
628555791 0
628555798 0
628555801 0
628555804 0
628621316 0
628621319 0
628621321 0
628621322 0
628686864 0
628686866 0
628686879 0
628686885 0
628752422 0
628752427 0
628752428 0
628752429 0
628817925 0
628817939 0
628817954 0
628817956 0
628883468 0
628883482 0
628883485 0
628883503 0
628949004 0
628949007 0
628949018 0
628949037 0
629014532 0
629014542 0
629014549 0
629014559 0
629080069 0
629080072 0
629080078 0
629080099 0
629145600 0
629145605 0
629145619 0
629145626 0
629211144 0
629211157 0
629211162 0
629211167 0
629276679 0
629276692 0
629276698 0
629276701 0
629342217 0
629342218 0
629342220 0
629342239 0
629407754 0
629407765 0
629407775 0
629407784 0
629473312 0
629473314 0
629473315 0
629473321 0
629538819 0
629538822 0
629538840 0
629538841 0
629604356 0
629604362 0
629604375 0
629604381 0
629669891 0
629669905 0
629669908 0
629669910 0
629735443 0
629735456 0
629735457 0
629735458 0
629800977 0
629800984 0
629801003 0
629801006 0
629866498 0
629866517 0
629866531 0
629866536 0
629932041 0
629932055 0
629932062 0
629932064 0
629997583 0
629997604 0
629997609 0
629997614 0
630063104 0
630063118 0
630063127 0
630063129 0
630128645 0
630128654 0
630128659 0
630128680 0
630194186 0
630194205 0
630194212 0
630194215 0
630259719 0
630259733 0
630259734 0
630259752 0
630325268 0
630325283 0
630325285 0
630325286 0
630390789 0
630390791 0
630390800 0
630390810 0
630456336 0
630456345 0
630456351 0
630456366 0
630521868 0
630521882 0
630521889 0
630521891 0
630587393 0
630587411 0
630587430 0
630587432 0
630652951 0
630652956 0
630652961 0
630652966 0
630718464 0
630718473 0
630718478 0
630718491 0
630784011 0
630784021 0
630784028 0
630784038 0
630849539 0
630849564 0
630849569 0
630849574 0
630915085 0
630915090 0
630915095 0
630915100 0
630980612 0
630980630 0
630980631 0
630980649 0
631046146 0
631046148 0
631046151 0
631046169 0
631111694 0
631111699 0
631111701 0
631111712 0
631177218 0
631177225 0
631177239 0
631177260 0
631242755 0
631242780 0
631242785 0
631242794 0
631308288 0
631308291 0
631308293 0
631308318 0
631373825 0
631373827 0
631373828 0
631373842 0
631439361 0
631439364 0
631439391 0
631439394 0
631504918 0
631504936 0
631504941 0
631504943 0
631570436 0
631570438 0
631570443 0
631570457 0
631635986 0
631635988 0
631635997 0
631635999 0
631701519 0
631701525 0
631701544 0
631701546 0
631767050 0
631767052 0
631767053 0
631767075 0
631832588 0
631832589 0
631832591 0
631832594 0
631898131 0
631898132 0
631898142 0
631898149 0
631963653 0
631963662 0
631963667 0
631963688 0
632029199 0
632029200 0
632029210 0
632029213 0
632094726 0
632094733 0
632094747 0
632094760 0
632160256 0
632160262 0
632160265 0
632160279 0
632225798 0
632225817 0
632225820 0
632225827 0
632291351 0
632291354 0
632291368 0
632291369 0
632356878 0
632356892 0
632356907 0
632356909 0
632422415 0
632422430 0
632422436 0
632422441 0
632487946 0
632487949 0
632487968 0
632487979 0
632553486 0
632553500 0
632553501 0
632553515 0
632619039 0
632619044 0
632619049 0
632619050 0
632684556 0
632684558 0
632684565 0
632684571 0
632750085 0
632750099 0
632750112 0
632750126 0
632815616 0
632815617 0
632815619 0
632815626 0
632881156 0
632881167 0
632881169 0
632881178 0
632946724 0
632946726 0
632946729 0
632946735 0
633012246 0
633012252 0
633012269 0
633012271 0
633077764 0
633077779 0
633077781 0
633077790 0
633143298 0
633143308 0
633143317 0
633143331 0
633208834 0
633208855 0
633208868 0
633208877 0
633274373 0
633274376 0
633274382 0
633274407 0
633339913 0
633339915 0
633339928 0
633339942 0
633405447 0
633405448 0
633405453 0
633405454 0
633470985 0
633470988 0
633471003 0
633471010 0
633536531 0
633536536 0
633536538 0
633536545 0
633602049 0
633602052 0
633602058 0
633602079 0
633667586 0
633667600 0
633667629 0
633667631 0
633733120 0
633733137 0
633733138 0
633733167 0
633798659 0
633798665 0
633798670 0
633798684 0
633864209 0
633864212 0
633864215 0
633864234 0
633929729 0
633929731 0
633929732 0
633929762 0
633995265 0
633995268 0
633995270 0
633995271 0
634060817 0
634060832 0
634060834 0
634060835 0
634126359 0
634126366 0
634126368 0
634126369 0
634191891 0
634191901 0
634191906 0
634191908 0
634257408 0
634257410 0
634257431 0
634257449 0
634322947 0
634322950 0
634322960 0
634322985 0
634388481 0
634388482 0
634388483 0
634388512 0
634454022 0
634454024 0
634454041 0
634454055 0
634519560 0
634519562 0
634519567 0
634519589 0
634585095 0
634585114 0
634585117 0
634585128 0
634650639 0
634650641 0
634650644 0
634650662 0
634716160 0
634716177 0
634716186 0
634716199 0
634781696 0
634781703 0
634781710 0
634781717 0
634847247 0
634847249 0
634847276 0
634847278 0
634912778 0
634912781 0
634912800 0
634912807 0
634978322 0
634978325 0
634978335 0
634978336 0
635043846 0
635043848 0
635043851 0
635043865 0
635109393 0
635109395 0
635109396 0
635109406 0
635174936 0
635174937 0
635174939 0
635174954 0
635240449 0
635240464 0
635240466 0
635240491 0
635305989 0
635305992 0
635306011 0
635306014 0
635371523 0
635371529 0
635371564 0
635371566 0
635437077 0
635437087 0
635437094 0
635437100 0
635502609 0
635502619 0
635502622 0
635502628 0
635568148 0
635568151 0
635568165 0
635568170 0
635633666 0
635633675 0
635633692 0
635633701 0
635699229 0
635699234 0
635699235 0
635699236 0
635764745 0
635764770 0
635764772 0
635764783 0
635830281 0
635830284 0
635830291 0
635830306 0
635895841 0
635895843 0
635895844 0
635895854 0
635961354 0
635961360 0
635961381 0
635961387 0
636026885 0
636026895 0
636026908 0
636026926 0
636092418 0
636092440 0
636092447 0
636092461 0
636157974 0
636157980 0
636157981 0
636157991 0
636223489 0
636223494 0
636223496 0
636223511 0
636289026 0
636289028 0
636289029 0
636289051 0
636354580 0
636354601 0
636354602 0
636354603 0
636420114 0
636420116 0
636420119 0
636420133 0
636485632 0
636485637 0
636485642 0
636485655 0
636551168 0
636551170 0
636551179 0
636551197 0
636616706 0
636616727 0
636616740 0
636616749 0
636682256 0
636682263 0
636682269 0
636682286 0
636747787 0
636747805 0
636747810 0
636747816 0
636813328 0
636813329 0
636813338 0
636813347 0
636878852 0
636878867 0
636878885 0
636878894 0
636944414 0
636944415 0
636944416 0
636944425 0
637009929 0
637009934 0
637009947 0
637009952 0
637075456 0
637075491 0
637075497 0
637075498 0
637141007 0
637141024 0
637141029 0
637141034 0
637206547 0
637206556 0
637206561 0
637206562 0
637272090 0
637272092 0
637272105 0
637272107 0
637337606 0
637337609 0
637337639 0
637337640 0
637403147 0
637403152 0
637403162 0
637403169 0
637468700 0
637468702 0
637468709 0
637468719 0
637534213 0
637534222 0
637534231 0
637534248 0
637599749 0
637599768 0
637599771 0
637599774 0
637665284 0
637665289 0
637665318 0
637665327 0
637730822 0
637730824 0
637730829 0
637730831 0
637796356 0
637796377 0
637796383 0
637796386 0
637861904 0
637861915 0
637861917 0
637861922 0
637927445 0
637927448 0
637927451 0
637927462 0
637992962 0
637992963 0
637992969 0
637992972 0
638058497 0
638058523 0
638058534 0
638058536 0
638124049 0
638124051 0
638124060 0
638124070 0
638189578 0
638189592 0
638189593 0
638189611 0
638255120 0
638255123 0
638255133 0
638255134 0
638320642 0
638320671 0
638320676 0
638320681 0
638386196 0
638386197 0
638386202 0
638386223 0
638451729 0
638451732 0
638451743 0
638451746 0
638517262 0
638517263 0
638517268 0
638517269 0
638582790 0
638582791 0
638582804 0
638582809 0
638648344 0
638648346 0
638648347 0
638648361 0
638713880 0
638713901 0
638713902 0
638713903 0
638779417 0
638779424 0
638779427 0
638779434 0
638844943 0
638844962 0
638844964 0
638844965 0
638910482 0
638910485 0
638910492 0
638910503 0
638976005 0
638976008 0
638976030 0
638976039 0
639041537 0
639041558 0
639041572 0
639041575 0
639107072 0
639107097 0
639107107 0
639107114 0
639172615 0
639172618 0
639172629 0
639172632 0
639238146 0
639238160 0
639238163 0
639238169 0
639303716 0
639303719 0
639303721 0
639303726 0
639369219 0
639369228 0
639369230 0
639369253 0
639434755 0
639434764 0
639434778 0
639434785 0
639500288 0
639500295 0
639500313 0
639500326 0
639565837 0
639565843 0
639565854 0
639565868 0
639631361 0
639631382 0
639631400 0
639631407 0
639696896 0
639696899 0
639696906 0
639696917 0
639762435 0
639762448 0
639762454 0
639762457 0
639827982 0
639827983 0
639827993 0
639828008 0
639893521 0
639893548 0
639893550 0
639893551 0
639959042 0
639959051 0
639959056 0
639959085 0
640024605 0
640024607 0
640024618 0
640024620 0
640090114 0
640090121 0
640090127 0
640090156 0
640155678 0
640155680 0
640155685 0
640155687 0
640221191 0
640221205 0
640221224 0
640221226 0
640286721 0
640286735 0
640286738 0
640286756 0
640352266 0
640352269 0
640352287 0
640352300 0
640417816 0
640417829 0
640417834 0
640417839 0
640483333 0
640483363 0
640483364 0
640483374 0
640548874 0
640548875 0
640548876 0
640548877 0
640614408 0
640614423 0
640614426 0
640614437 0
640679938 0
640679959 0
640679973 0
640679980 0
640745498 0
640745508 0
640745513 0
640745515 0
640811027 0
640811034 0
640811036 0
640811037 0
640876558 0
640876561 0
640876568 0
640876579 0
640942101 0
640942110 0
640942116 0
640942119 0
641007616 0
641007618 0
641007623 0
641007641 0
641073162 0
641073165 0
641073183 0
641073196 0
641138693 0
641138711 0
641138712 0
641138734 0
641204232 0
641204245 0
641204262 0
641204267 0
641269771 0
641269773 0
641269776 0
641269798 0
641335304 0
641335314 0
641335321 0
641335327 0
641400867 0
641400868 0
641400869 0
641400874 0
641466371 0
641466377 0
641466378 0
641466392 0
641531929 0
641531940 0
641531942 0
641531943 0
641597449 0
641597468 0
641597471 0
641597482 0
641662983 0
641662988 0
641663005 0
641663018 0
641728512 0
641728530 0
641728533 0
641728535 0
641794066 0
641794069 0
641794080 0
641794095 0
641859608 0
641859615 0
641859617 0
641859626 0
641925122 0
641925152 0
641925161 0
641925163 0
641990673 0
641990674 0
641990692 0
641990703 0
642056210 0
642056219 0
642056224 0
642056229 0
642121730 0
642121731 0
642121732 0
642121745 0
642187276 0
642187295 0
642187309 0
642187310 0
642252802 0
642252812 0
642252831 0
642252833 0
642318336 0
642318342 0
642318351 0
642318377 0
642383873 0
642383890 0
642383903 0
642383904 0
642449411 0
642449432 0
642449449 0
642449454 0
642514956 0
642514958 0
642514967 0
642514989 0
642580480 0
642580485 0
642580487 0
642580506 0
642646024 0
642646027 0
642646038 0
642646041 0
642711574 0
642711588 0
642711595 0
642711597 0
642777088 0
642777114 0
642777133 0
642777135 0
642842624 0
642842635 0
642842641 0
642842650 0
642908185 0
642908192 0
642908202 0
642908203 0
642973708 0
642973722 0
642973729 0
642973731 0
643039246 0
643039247 0
643039248 0
643039265 0
643104777 0
643104804 0
643104810 0
643104815 0
643170312 0
643170323 0
643170326 0
643170345 0
643235844 0
643235847 0
643235849 0
643235874 0
643301382 0
643301396 0
643301397 0
643301399 0
643366920 0
643366933 0
643366947 0
643366954 0
643432452 0
643432462 0
643432477 0
643432491 0
643498000 0
643498013 0
643498014 0
643498023 0
643563537 0
643563547 0
643563550 0
643563564 0
643629071 0
643629084 0
643629085 0
643629094 0
643694609 0
643694611 0
643694624 0
643694638 0
643760155 0
643760158 0
643760164 0
643760165 0
643825665 0
643825666 0
643825667 0
643825672 0
643891203 0
643891236 0
643891237 0
643891242 0
643956760 0
643956769 0
643956771 0
643956778 0
644022286 0
644022307 0
644022309 0
644022312 0
644087815 0
644087826 0
644087832 0
644087837 0
644153355 0
644153357 0
644153360 0
644153390 0
644218916 0
644218918 0
644218925 0
644218927 0
644284431 0
644284442 0
644284444 0
644284457 0
644349970 0
644349976 0
644349981 0
644349983 0
644415506 0
644415508 0
644415513 0
644415527 0
644481035 0
644481037 0
644481060 0
644481062 0
644546582 0
644546584 0
644546597 0
644546603 0
644612123 0
644612128 0
644612134 0
644612137 0
644677645 0
644677654 0
644677668 0
644677675 0
644743176 0
644743190 0
644743209 0
644743211 0
644808708 0
644808713 0
644808714 0
644808727 0
644874243 0
644874270 0
644874280 0
644874285 0
644939785 0
644939786 0
644939788 0
644939807 0
645005312 0
645005313 0
645005327 0
645005354 0
645070860 0
645070881 0
645070894 0
645070895 0
645136394 0
645136408 0
645136409 0
645136423 0
645201928 0
645201937 0
645201942 0
645201955 0
645267475 0
645267480 0
645267489 0
645267498 0
645333016 0
645333019 0
645333021 0
645333038 0
645398559 0
645398565 0
645398566 0
645398568 0
645464079 0
645464082 0
645464097 0
645464100 0
645529600 0
645529603 0
645529605 0
645529638 0
645595143 0
645595164 0
645595166 0
645595169 0
645660711 0
645660713 0
645660716 0
645660718 0
645726216 0
645726226 0
645726239 0
645726253 0
645791747 0
645791778 0
645791784 0
645791789 0
645857286 0
645857289 0
645857300 0
645857319 0
645922840 0
645922850 0
645922859 0
645922861 0
645988359 0
645988361 0
645988380 0
645988382 0
646053898 0
646053900 0
646053917 0
646053935 0
646119426 0
646119452 0
646119453 0
646119471 0
646184969 0
646184994 0
646184996 0
646184999 0
646250522 0
646250535 0
646250536 0
646250537 0
646316049 0
646316067 0
646316068 0
646316070 0
646381573 0
646381583 0
646381584 0
646381586 0
646447114 0
646447121 0
646447128 0
646447143 0
646512645 0
646512650 0
646512676 0
646512687 0
646578183 0
646578184 0
646578190 0
646578197 0
646643721 0
646643740 0
646643743 0
646643754 0
646709251 0
646709265 0
646709272 0
646709290 0
646774790 0
646774800 0
646774817 0
646774827 0
646840335 0
646840353 0
646840360 0
646840366 0
646905859 0
646905862 0
646905885 0
646905896 0
646971410 0
646971413 0
646971416 0
646971423 0
647036931 0
647036940 0
647036945 0
647036974 0
647102480 0
647102487 0
647102501 0
647102502 0
647168008 0
647168009 0
647168030 0
647168031 0
647233537 0
647233551 0
647233566 0
647233568 0
647299083 0
647299089 0
647299112 0
647299114 0
647364648 0
647364649 0
647364654 0
647364655 0
647430150 0
647430159 0
647430160 0
647430181 0
647495693 0
647495712 0
647495726 0
647495727 0
647561223 0
647561237 0
647561242 0
647561260 0
647626764 0
647626778 0
647626787 0
647626789 0
647692308 0
647692309 0
647692310 0
647692311 0
647757847 0
647757864 0
647757866 0
647757869 0
647823392 0
647823398 0
647823401 0
647823407 0
647888918 0
647888936 0
647888941 0
647888943 0
647954461 0
647954467 0
647954470 0
647954472 0
648020001 0
648020002 0
648020008 0
648020011 0
648085524 0
648085525 0
648085527 0
648085550 0
648151080 0
648151081 0
648151083 0
648151086 0
648216581 0
648216611 0
648216612 0
648216622 0
648282129 0
648282136 0
648282138 0
648282139 0
648347675 0
648347684 0
648347685 0
648347686 0
648413192 0
648413193 0
648413194 0
648413223 0
648478720 0
648478722 0
648478737 0
648478759 0
648544258 0
648544292 0
648544301 0
648544303 0
648609795 0
648609809 0
648609812 0
648609814 0
648675339 0
648675340 0
648675350 0
648675361 0
648740868 0
648740874 0
648740883 0
648740885 0
648806401 0
648806402 0
648806416 0
648806439 0
648871941 0
648871955 0
648871958 0
648871964 0
648937478 0
648937504 0
648937505 0
648937511 0
649003024 0
649003045 0
649003047 0
649003054 0
649068547 0
649068549 0
649068554 0
649068588 0
649134088 0
649134093 0
649134123 0
649134126 0
649199650 0
649199655 0
649199657 0
649199660 0
649265156 0
649265178 0
649265183 0
649265189 0
649330688 0
649330690 0
649330691 0
649330729 0
649396227 0
649396262 0
649396265 0
649396268 0
649461768 0
649461789 0
649461795 0
649461802 0
649527300 0
649527314 0
649527337 0
649527343 0
649592833 0
649592836 0
649592839 0
649592862 0
649658372 0
649658375 0
649658393 0
649658394 0
649723910 0
649723947 0
649723948 0
649723949 0
649789452 0
649789483 0
649789485 0
649789486 0
649854991 0
649854994 0
649855008 0
649855021 0
649920513 0
649920514 0
649920528 0
649920531 0
649986053 0
649986092 0
649986094 0
649986095 0
650051589 0
650051616 0
650051622 0
650051627 0
650117125 0
650117148 0
650117154 0
650117163 0
650182656 0
650182666 0
650182677 0
650182699 0
650248197 0
650248232 0
650248238 0
650248239 0
650313738 0
650313740 0
650313753 0
650313767 0
650379266 0
650379276 0
650379277 0
650379299 0
650444821 0
650444835 0
650444840 0
650444842 0
650510369 0
650510378 0
650510379 0
650510380 0
650575904 0
650575910 0
650575915 0
650575917 0
650641438 0
650641441 0
650641448 0
650641455 0
650706964 0
650706983 0
650706985 0
650706990 0
650772491 0
650772493 0
650772514 0
650772520 0
650838028 0
650838051 0
650838058 0
650838061 0
650903554 0
650903557 0
650903576 0
650903595 0
650969114 0
650969117 0
650969127 0
650969132 0
651034634 0
651034639 0
651034649 0
651034656 0
651100164 0
651100166 0
651100199 0
651100201 0
651165697 0
651165700 0
651165707 0
651165718 0
651231273 0
651231275 0
651231276 0
651231278 0
651296810 0
651296811 0
651296812 0
651296813 0
651362306 0
651362308 0
651362337 0
651362343 0
651427872 0
651427879 0
651427885 0
651427886 0
651493388 0
651493393 0
651493399 0
651493422 0
651558920 0
651558935 0
651558938 0
651558957 0
651624465 0
651624470 0
651624480 0
651624483 0
651689987 0
651690017 0
651690020 0
651690030 0
651755550 0
651755559 0
651755561 0
651755564 0
651821081 0
651821092 0
651821094 0
651821099 0
651886606 0
651886608 0
651886629 0
651886631 0
651952131 0
651952144 0
651952146 0
651952149 0
652017689 0
652017692 0
652017694 0
652017695 0
652083210 0
652083225 0
652083227 0
652083232 0
652148736 0
652148738 0
652148743 0
652148757 0
652214299 0
652214306 0
652214308 0
652214313 0
652279808 0
652279827 0
652279850 0
652279853 0
652345344 0
652345354 0
652345355 0
652345377 0
652410893 0
652410894 0
652410907 0
652410908 0
652476419 0
652476433 0
652476446 0
652476456 0
652541981 0
652541982 0
652541983 0
652541984 0
652607511 0
652607514 0
652607516 0
652607525 0
652673047 0
652673060 0
652673069 0
652673070 0
652738580 0
652738583 0
652738589 0
652738606 0
652804107 0
652804116 0
652804121 0
652804142 0
652869647 0
652869648 0
652869666 0
652869677 0
652935180 0
652935182 0
652935199 0
652935213 0
653000711 0
653000714 0
653000733 0
653000744 0
653066244 0
653066246 0
653066265 0
653066267 0
653131804 0
653131811 0
653131813 0
653131814 0
653197323 0
653197336 0
653197345 0
653197350 0
653262876 0
653262886 0
653262889 0
653262891 0
653328424 0
653328429 0
653328430 0
653328431 0
653393957 0
653393960 0
653393963 0
653393966 0
653459456 0
653459470 0
653459483 0
653459493 0
653525021 0
653525024 0
653525026 0
653525039 0
653590532 0
653590562 0
653590565 0
653590567 0
653656096 0
653656099 0
653656109 0
653656110 0
653721619 0
653721633 0
653721642 0
653721644 0
653787159 0
653787165 0
653787166 0
653787172 0
653852706 0
653852708 0
653852715 0
653852717 0
653918228 0
653918247 0
653918249 0
653918254 0
653983774 0
653983776 0
653983777 0
653983791 0
654049288 0
654049289 0
654049298 0
654049303 0
654114844 0
654114846 0
654114849 0
654114863 0
654180360 0
654180361 0
654180379 0
654180394 0
654245894 0
654245927 0
654245932 0
654245933 0
654311457 0
654311460 0
654311462 0
654311463 0
654376972 0
654376993 0
654376995 0
654376998 0
654442497 0
654442512 0
654442530 0
654442543 0
654508037 0
654508060 0
654508074 0
654508075 0
654573596 0
654573606 0
654573607 0
654573613 0
654639109 0
654639123 0
654639126 0
654639148 0
654704642 0
654704665 0
654704667 0
654704684 0
654770210 0
654770215 0
654770217 0
654770220 0
654835715 0
654835724 0
654835742 0
654835753 0
654901251 0
654901292 0
654901293 0
654901294 0
654966784 0
654966818 0
654966821 0
654966831 0
655032322 0
655032360 0
655032361 0
655032367 0
655097879 0
655097885 0
655097886 0
655097888 0
655163401 0
655163415 0
655163434 0
655163436 0
655228933 0
655228952 0
655228954 0
655228975 0
655294495 0
655294497 0
655294506 0
655294508 0
655360019 0
655360026 0
655360040 0
655360045 0
655425537 0
655425540 0
655425555 0
655425570 0
655491086 0
655491101 0
655491116 0
655491119 0
655556634 0
655556652 0
655556653 0
655556655 0
655622148 0
655622174 0
655622185 0
655622187 0
655687700 0
655687703 0
655687717 0
655687726 0
655753217 0
655753223 0
655753258 0
655753260 0
655818758 0
655818763 0
655818781 0
655818788 0
655884314 0
655884317 0
655884331 0
655884332 0
655949825 0
655949839 0
655949842 0
655949848 0
656015376 0
656015385 0
656015399 0
656015406 0
656080898 0
656080920 0
656080933 0
656080943 0
656146467 0
656146474 0
656146476 0
656146477 0
656211971 0
656212001 0
656212006 0
656212012 0
656277505 0
656277510 0
656277519 0
656277540 0
656343053 0
656343071 0
656343072 0
656343082 0
656408576 0
656408615 0
656408617 0
656408618 0
656474118 0
656474143 0
656474148 0
656474149 0
656539661 0
656539670 0
656539675 0
656539688 0
656605193 0
656605194 0
656605195 0
656605216 0
656670720 0
656670725 0
656670730 0
656670767 0
656736273 0
656736275 0
656736276 0
656736278 0
656801812 0
656801826 0
656801833 0
656801839 0
656867354 0
656867363 0
656867372 0
656867373 0
656932868 0
656932894 0
656932899 0
656932909 0
656998402 0
656998437 0
656998439 0
656998440 0
657063963 0
657063966 0
657063968 0
657063977 0
657129506 0
657129511 0
657129513 0
657129516 0
657195036 0
657195038 0
657195045 0
657195055 0
657260550 0
657260568 0
657260573 0
657260587 0
657326108 0
657326113 0
657326126 0
657326127 0
657391623 0
657391628 0
657391658 0
657391661 0
657457165 0
657457167 0
657457170 0
657457188 0
657522727 0
657522729 0
657522732 0
657522734 0
657588250 0
657588268 0
657588269 0
657588271 0
657653784 0
657653789 0
657653798 0
657653799 0
657719323 0
657719337 0
657719340 0
657719342 0
657784859 0
657784866 0
657784868 0
657784877 0
657850391 0
657850396 0
657850405 0
657850410 0
657915911 0
657915933 0
657915946 0
657915948 0
657981452 0
657981470 0
657981471 0
657981473 0
658047014 0
658047016 0
658047021 0
658047023 0
658112513 0
658112544 0
658112558 0
658112559 0
658178069 0
658178072 0
658178083 0
658178090 0
658243615 0
658243618 0
658243628 0
658243629 0
658309140 0
658309145 0
658309159 0
658309166 0
658374669 0
658374671 0
658374676 0
658374702 0
658440205 0
658440208 0
658440223 0
658440226 0
658505728 0
658505742 0
658505745 0
658505763 0
658571271 0
658571274 0
658571293 0
658571308 0
658636800 0
658636819 0
658636838 0
658636841 0
658702358 0
658702368 0
658702377 0
658702379 0
658767899 0
658767904 0
658767906 0
658767909 0
658833429 0
658833443 0
658833450 0
658833452 0
658898952 0
658898954 0
658898973 0
658898987 0
658964485 0
658964508 0
658964518 0
658964527 0
659030034 0
659030040 0
659030053 0
659030055 0
659095555 0
659095578 0
659095592 0
659095597 0
659161088 0
659161102 0
659161123 0
659161125 0
659226665 0
659226667 0
659226668 0
659226670 0
659292168 0
659292194 0
659292195 0
659292197 0
659357710 0
659357731 0
659357740 0
659357741 0
659423240 0
659423245 0
659423270 0
659423271 0
659488799 0
659488802 0
659488805 0
659488808 0
659554331 0
659554341 0
659554346 0
659554348 0
659619851 0
659619881 0
659619884 0
659619886 0
659685384 0
659685418 0
659685419 0
659685421 0
659750917 0
659750946 0
659750956 0
659750959 0
659816457 0
659816476 0
659816487 0
659816490 0
659882003 0
659882021 0
659882024 0
659882026 0
659947544 0
659947550 0
659947563 0
659947565 0
660013066 0
660013093 0
660013096 0
660013099 0
660078636 0
660078637 0
660078638 0
660078639 0
660144133 0
660144160 0
660144163 0
660144174 0
660209670 0
660209675 0
660209704 0
660209705 0
660275207 0
660275240 0
660275245 0
660275246 0
660340753 0
660340774 0
660340780 0
660340783 0
660406277 0
660406282 0
660406312 0
660406315 0
660471842 0
660471847 0
660471849 0
660471852 0
660537372 0
660537389 0
660537390 0
660537391 0
660602881 0
660602891 0
660602896 0
660602898 0
660668417 0
660668418 0
660668419 0
660668448 0
660733957 0
660733960 0
660733990 0
660733991 0
660799507 0
660799509 0
660799522 0
660799524 0
660865028 0
660865030 0
660865031 0
660865033 0
660930570 0
660930571 0
660930573 0
660930584 0
660996109 0
660996111 0
660996112 0
660996126 0
661061656 0
661061659 0
661061665 0
661061666 0
661127170 0
661127173 0
661127187 0
661127200 0
661192704 0
661192719 0
661192725 0
661192742 0
661258244 0
661258250 0
661258253 0
661258255 0
661323797 0
661323800 0
661323807 0
661323814 0
661389313 0
661389315 0
661389328 0
661389342 0
661454851 0
661454857 0
661454858 0
661454860 0
661520387 0
661520392 0
661520405 0
661520406 0
661585920 0
661585933 0
661585943 0
661585950 0
661651470 0
661651480 0
661651485 0
661651499 0
661716997 0
661716998 0
661717003 0
661717008 0
661782537 0
661782550 0
661782552 0
661782567 0
661848069 0
661848074 0
661848091 0
661848092 0
661913601 0
661913604 0
661913606 0
661913607 0
661979140 0
661979141 0
661979142 0
661979159 0
662044684 0
662044686 0
662044689 0
662044691 0
662110217 0
662110220 0
662110222 0
662110231 0
662175754 0
662175755 0
662175768 0
662175769 0
662241280 0
662241298 0
662241317 0
662241323 0
662306816 0
662306819 0
662306822 0
662306825 0
662372361 0
662372375 0
662372378 0
662372396 0
662437899 0
662437904 0
662437918 0
662437929 0
662503425 0
662503427 0
662503442 0
662503448 0
662568960 0
662568961 0
662568975 0
662568986 0
662634504 0
662634510 0
662634513 0
662634527 0
662700048 0
662700049 0
662700058 0
662700063 0
662765585 0
662765600 0
662765602 0
662765615 0
662831112 0
662831121 0
662831134 0
662831143 0
662896640 0
662896647 0
662896650 0
662896665 0
662962185 0
662962198 0
662962200 0
662962203 0
663027728 0
663027731 0
663027733 0
663027750 0
663093267 0
663093281 0
663093282 0
663093284 0
663158793 0
663158794 0
663158795 0
663158800 0
663224322 0
663224324 0
663224337 0
663224351 0
663289859 0
663289861 0
663289876 0
663289878 0
663355393 0
663355394 0
663355403 0
663355420 0
663420928 0
663420930 0
663420943 0
663420945 0
663486468 0
663486470 0
663486471 0
663486473 0
663552002 0
663552008 0
663552009 0
663552015 0
663617556 0
663617574 0
663617575 0
663617577 0
663683085 0
663683086 0
663683087 0
663683104 0
663748608 0
663748625 0
663748631 0
663748634 0
663814150 0
663814153 0
663814155 0
663814156 0
663879681 0
663879691 0
663879696 0
663879698 0
663945226 0
663945229 0
663945243 0
663945256 0
664010757 0
664010758 0
664010760 0
664010771 0
664076293 0
664076295 0
664076296 0
664076310 0
664141850 0
664141852 0
664141855 0
664141861 0
664207364 0
664207365 0
664207367 0
664207370 0
664272900 0
664272903 0
664272918 0
664272933 0
664338443 0
664338446 0
664338448 0
664338449 0
664403990 0
664403993 0
664403995 0
664404004 0
664469515 0
664469533 0
664469536 0
664469542 0
664535040 0
664535041 0
664535043 0
664535062 0
664600579 0
664600581 0
664600584 0
664600622 0
664666113 0
664666122 0
664666123 0
664666128 0
664731682 0
664731685 0
664731691 0
664731692 0
664797188 0
664797194 0
664797197 0
664797211 0
664862720 0
664862733 0
664862734 0
664862743 0
664928273 0
664928276 0
664928287 0
664928294 0
664993797 0
664993806 0
664993808 0
664993815 0
665059341 0
665059350 0
665059355 0
665059356 0
665124868 0
665124875 0
665124878 0
665124885 0
665190400 0
665190415 0
665190418 0
665190437 0
665255944 0
665255970 0
665255977 0
665255979 0
665321474 0
665321489 0
665321492 0
665321515 0
665387010 0
665387011 0
665387024 0
665387025 0
665452546 0
665452547 0
665452548 0
665452549 0
665518098 0
665518100 0
665518101 0
665518127 0
665583618 0
665583637 0
665583640 0
665583647 0
665649171 0
665649180 0
665649185 0
665649194 0
665714707 0
665714717 0
665714718 0
665714720 0
665780227 0
665780245 0
665780254 0
665780256 0
665845766 0
665845768 0
665845769 0
665845783 0
665911304 0
665911325 0
665911327 0
665911330 0
665976840 0
665976850 0
665976857 0
665976859 0
666042377 0
666042388 0
666042391 0
666042406 0
666107922 0
666107923 0
666107929 0
666107932 0
666173463 0
666173470 0
666173480 0
666173485 0
666238987 0
666239000 0
666239013 0
666239018 0
666304520 0
666304527 0
666304530 0
666304541 0
666370053 0
666370056 0
666370078 0
666370091 0
666435592 0
666435595 0
666435605 0
666435622 0
666501130 0
666501135 0
666501148 0
666501153 0
666566656 0
666566657 0
666566683 0
666566686 0
666632195 0
666632202 0
666632204 0
666632209 0
666697734 0
666697753 0
666697755 0
666697756 0
666763277 0
666763296 0
666763299 0
666763306 0
666828804 0
666828807 0
666828817 0
666828838 0
666894345 0
666894356 0
666894358 0
666894359 0
666959873 0
666959874 0
666959876 0
666959879 0
667025415 0
667025441 0
667025446 0
667025452 0
667090953 0
667090987 0
667090988 0
667090990 0
667156484 0
667156493 0
667156498 0
667156503 0
667222025 0
667222026 0
667222028 0
667222043 0
667287552 0
667287561 0
667287575 0
667287590 0
667353095 0
667353096 0
667353098 0
667353117 0
667418628 0
667418633 0
667418635 0
667418650 0
667484171 0
667484180 0
667484182 0
667484185 0
667549702 0
667549712 0
667549725 0
667549739 0
667615235 0
667615238 0
667615240 0
667615261 0
667680768 0
667680794 0
667680797 0
667680803 0
667746307 0
667746322 0
667746328 0
667746341 0
667811841 0
667811851 0
667811854 0
667811856 0
667877377 0
667877384 0
667877395 0
667877398 0
667942913 0
667942914 0
667942915 0
667942928 0
668008453 0
668008454 0
668008459 0
668008460 0
668073988 0
668073997 0
668073998 0
668074015 0
668139520 0
668139522 0
668139531 0
668139545 0
668205064 0
668205065 0
668205070 0
668205099 0
668270611 0
668270617 0
668270620 0
668270634 0
668336137 0
668336140 0
668336158 0
668336159 0
668401678 0
668401681 0
668401683 0
668401684 0
668467232 0
668467233 0
668467234 0
668467235 0
668532750 0
668532763 0
668532764 0
668532773 0
668598287 0
668598290 0
668598300 0
668598305 0
668663808 0
668663819 0
668663822 0
668663825 0
668729356 0
668729357 0
668729367 0
668729370 0
668794898 0
668794899 0
668794901 0
668794904 0
668860422 0
668860441 0
668860455 0
668860456 0
668925960 0
668925962 0
668925967 0
668925977 0
668991489 0
668991491 0
668991510 0
668991524 0
669057040 0
669057061 0
669057062 0
669057063 0
669122569 0
669122572 0
669122575 0
669122578 0
669188103 0
669188117 0
669188118 0
669188140 0
669253633 0
669253636 0
669253646 0
669253651 0
669319187 0
669319188 0
669319190 0
669319209 0
669384709 0
669384712 0
669384735 0
669384746 0
669450259 0
669450266 0
669450269 0
669450272 0
669515793 0
669515807 0
669515812 0
669515822 0
669581323 0
669581325 0
669581356 0
669581358 0
669646865 0
669646868 0
669646883 0
669646894 0
669712398 0
669712416 0
669712421 0
669712427 0
669777924 0
669777949 0
669777951 0
669777954 0
669843459 0
669843462 0
669843465 0
669843480 0
669908993 0
669909004 0
669909014 0
669909023 0
669974539 0
669974558 0
669974560 0
669974573 0
670040066 0
670040068 0
670040069 0
670040075 0
670105601 0
670105614 0
670105631 0
670105636 0
670171136 0
670171165 0
670171167 0
670171182 0
670236679 0
670236698 0
670236701 0
670236716 0
670302233 0
670302247 0
670302250 0
670302252 0
670367749 0
670367760 0
670367775 0
670367778 0
670433285 0
670433288 0
670433290 0
670433291 0
670498819 0
670498828 0
670498829 0
670498862 0
670564354 0
670564356 0
670564357 0
670564363 0
670629918 0
670629924 0
670629933 0
670629935 0
670695425 0
670695430 0
670695432 0
670695471 0
670760967 0
670760978 0
670760984 0
670760989 0
670826497 0
670826498 0
670826499 0
670826500 0
670892056 0
670892058 0
670892059 0
670892073 0
670957590 0
670957592 0
670957593 0
670957611 0
671023104 0
671023110 0
671023117 0
671023119 0
671088641 0
671088656 0
671088675 0
671088678 0
671154185 0
671154202 0
671154211 0
671154216 0
671219721 0
671219723 0
671219724 0
671219750 0
671285258 0
671285260 0
671285283 0
671285285 0
671350787 0
671350805 0
671350806 0
671350820 0
671416335 0
671416348 0
671416350 0
671416361 0
671481868 0
671481873 0
671481874 0
671481883 0
671547392 0
671547407 0
671547409 0
671547414 0
671612938 0
671612948 0
671612953 0
671612959 0
671678471 0
671678474 0
671678477 0
671678484 0
671744014 0
671744025 0
671744028 0
671744047 0
671809540 0
671809562 0
671809571 0
671809581 0
671875081 0
671875082 0
671875088 0
671875091 0
671940620 0
671940621 0
671940630 0
671940631 0
672006147 0
672006157 0
672006166 0
672006168 0
672071685 0
672071686 0
672071712 0
672071723 0
672137217 0
672137227 0
672137234 0
672137244 0
672202774 0
672202777 0
672202779 0
672202796 0
672268308 0
672268310 0
672268323 0
672268329 0
672333829 0
672333839 0
672333852 0
672333858 0
672399373 0
672399379 0
672399386 0
672399392 0
672464901 0
672464910 0
672464928 0
672464939 0
672530433 0
672530439 0
672530446 0
672530460 0
672595968 0
672595983 0
672595998 0
672596001 0
672661510 0
672661511 0
672661513 0
672661548 0
672727057 0
672727058 0
672727060 0
672727083 0
672792584 0
672792589 0
672792594 0
672792599 0
672858132 0
672858141 0
672858146 0
672858155 0
672923664 0
672923683 0
672923685 0
672923686 0
672989203 0
672989204 0
672989205 0
672989206 0
673054727 0
673054730 0
673054736 0
673054741 0
673120270 0
673120276 0
673120281 0
673120283 0
673185804 0
673185818 0
673185825 0
673185835 0
673251339 0
673251344 0
673251349 0
673251362 0
673316870 0
673316875 0
673316884 0
673316909 0
673382404 0
673382406 0
673382415 0
673382417 0
673447937 0
673447951 0
673447958 0
673447960 0
673513483 0
673513484 0
673513490 0
673513493 0
673579030 0
673579033 0
673579035 0
673579036 0
673644544 0
673644547 0
673644561 0
673644586 0
673710085 0
673710090 0
673710096 0
673710107 0
673775633 0
673775635 0
673775650 0
673775656 0
673841165 0
673841178 0
673841180 0
673841187 0
673906702 0
673906704 0
673906721 0
673906723 0
673972242 0
673972243 0
673972248 0
673972249 0
674037766 0
674037787 0
674037796 0
674037805 0
674103308 0
674103318 0
674103329 0
674103343 0
674168838 0
674168851 0
674168857 0
674168872 0
674234373 0
674234376 0
674234378 0
674234387 0
674299920 0
674299933 0
674299934 0
674299935 0
674365440 0
674365445 0
674365447 0
674365450 0
674430978 0
674431008 0
674431009 0
674431023 0
674496514 0
674496515 0
674496516 0
674496517 0
674562064 0
674562069 0
674562082 0
674562083 0
674627585 0
674627594 0
674627600 0
674627619 0
674693122 0
674693124 0
674693125 0
674693139 0
674758660 0
674758665 0
674758671 0
674758678 0
674824198 0
674824201 0
674824212 0
674824235 0
674889729 0
674889732 0
674889739 0
674889742 0
674955264 0
674955281 0
674955291 0
674955294 0
675020813 0
675020826 0
675020828 0
675020831 0
675086338 0
675086339 0
675086345 0
675086352 0
675151876 0
675151902 0
675151909 0
675151911 0
675217409 0
675217410 0
675217424 0
675217435 0
675282974 0
675282977 0
675282979 0
675282984 0
675348487 0
675348498 0
675348501 0
675348516 0
675414029 0
675414032 0
675414034 0
675414055 0
675479556 0
675479558 0
675479567 0
675479569 0
675545088 0
675545106 0
675545107 0
675545109 0
675610658 0
675610661 0
675610663 0
675610664 0
675676181 0
675676190 0
675676199 0
675676204 0
675741699 0
675741710 0
675741720 0
675741721 0
675807250 0
675807257 0
675807264 0
675807271 0
675872780 0
675872783 0
675872798 0
675872801 0
675938307 0
675938310 0
675938313 0
675938348 0
676003847 0
676003849 0
676003850 0
676003852 0
676069377 0
676069378 0
676069383 0
676069396 0
676134920 0
676134923 0
676134933 0
676134938 0
676200454 0
676200468 0
676200477 0
676200491 0
676265996 0
676265998 0
676266013 0
676266031 0
676331520 0
676331531 0
676331534 0
676331561 0
676397072 0
676397075 0
676397082 0
676397093 0
676462593 0
676462595 0
676462608 0
676462618 0
676528129 0
676528130 0
676528132 0
676528143 0
676593673 0
676593676 0
676593678 0
676593695 0
676659214 0
676659215 0
676659216 0
676659233 0
676724747 0
676724750 0
676724772 0
676724777 0
676790280 0
676790282 0
676790307 0
676790309 0
676855809 0
676855822 0
676855827 0
676855836 0
676921344 0
676921346 0
676921349 0
676921375 0
676986894 0
676986912 0
676986919 0
676986925 0
677052432 0
677052439 0
677052441 0
677052446 0
677117963 0
677117966 0
677117968 0
677117989 0
677183494 0
677183517 0
677183524 0
677183531 0
677249026 0
677249028 0
677249029 0
677249055 0
677314567 0
677314569 0
677314572 0
677314590 0
677380104 0
677380109 0
677380114 0
677380119 0
677445645 0
677445646 0
677445647 0
677445676 0
677511186 0
677511192 0
677511195 0
677511197 0
677576727 0
677576728 0
677576733 0
677576734 0
677642254 0
677642256 0
677642265 0
677642271 0
677707796 0
677707798 0
677707799 0
677707813 0
677773328 0
677773342 0
677773345 0
677773347 0
677838862 0
677838863 0
677838872 0
677838873 0
677904393 0
677904396 0
677904411 0
677904414 0
677969926 0
677969928 0
677969945 0
677969955 0
678035469 0
678035470 0
678035488 0
678035503 0
678100992 0
678100997 0
678101010 0
678101023 0
678166529 0
678166542 0
678166544 0
678166547 0
678232094 0
678232100 0
678232101 0
678232107 0
678297601 0
678297611 0
678297612 0
678297614 0
678363138 0
678363149 0
678363151 0
678363156 0
678428676 0
678428685 0
678428686 0
678428703 0
678494245 0
678494246 0
678494248 0
678494255 0
678559752 0
678559755 0
678559762 0
678559785 0
678625292 0
678625315 0
678625317 0
678625326 0
678690831 0
678690842 0
678690845 0
678690848 0
678756352 0
678756357 0
678756358 0
678756359 0
678821890 0
678821892 0
678821907 0
678821933 0
678887427 0
678887434 0
678887441 0
678887464 0
678952961 0
678952962 0
678952963 0
678952980 0
679018500 0
679018513 0
679018515 0
679018518 0
679084043 0
679084052 0
679084069 0
679084070 0
679149574 0
679149577 0
679149584 0
679149591 0
679215128 0
679215131 0
679215142 0
679215149 0
679280651 0
679280676 0
679280685 0
679280686 0
679346177 0
679346198 0
679346199 0
679346204 0
679411712 0
679411722 0
679411725 0
679411747 0
679477250 0
679477260 0
679477267 0
679477277 0
679542788 0
679542821 0
679542823 0
679542826 0
679608342 0
679608347 0
679608349 0
679608360 0
679673856 0
679673863 0
679673865 0
679673894 0
679739392 0
679739395 0
679739409 0
679739410 0
679804931 0
679804945 0
679804948 0
679804950 0
679870476 0
679870481 0
679870482 0
679870491 0
679936019 0
679936021 0
679936024 0
679936030 0
680001551 0
680001568 0
680001570 0
680001573 0
680067073 0
680067080 0
680067086 0
680067087 0
680132615 0
680132618 0
680132629 0
680132636 0
680198145 0
680198164 0
680198179 0
680198182 0
680263688 0
680263689 0
680263695 0
680263726 0
680329220 0
680329239 0
680329241 0
680329246 0
680394752 0
680394754 0
680394755 0
680394765 0
680460312 0
680460313 0
680460326 0
680460331 0
680525831 0
680525850 0
680525865 0
680525868 0
680591362 0
680591367 0
680591372 0
680591381 0
680656901 0
680656906 0
680656908 0
680656931 0
680722442 0
680722445 0
680722456 0
680722459 0
680787968 0
680787971 0
680787989 0
680787998 0
680853521 0
680853524 0
680853531 0
680853538 0
680919046 0
680919049 0
680919071 0
680919080 0
680984579 0
680984593 0
680984594 0
680984596 0
681050145 0
681050146 0
681050147 0
681050152 0
681115652 0
681115653 0
681115662 0
681115671 0
681181191 0
681181192 0
681181194 0
681181197 0
681246733 0
681246738 0
681246747 0
681246756 0
681312268 0
681312285 0
681312298 0
681312303 0
681377819 0
681377832 0
681377837 0
681377838 0
681443347 0
681443357 0
681443366 0
681443368 0
681508865 0
681508887 0
681508904 0
681508906 0
681574403 0
681574406 0
681574408 0
681574425 0
681639943 0
681639958 0
681639960 0
681639965 0
681705487 0
681705500 0
681705505 0
681705518 0
681771020 0
681771027 0
681771030 0
681771041 0
681836555 0
681836560 0
681836573 0
681836590 0
681902100 0
681902103 0
681902114 0
681902125 0
681967618 0
681967621 0
681967635 0
681967640 0
682033152 0
682033157 0
682033158 0
682033195 0
682098688 0
682098701 0
682098718 0
682098723 0
682164225 0
682164251 0
682164264 0
682164270 0
682229761 0
682229767 0
682229782 0
682229800 0
682295312 0
682295314 0
682295315 0
682295329 0
682360841 0
682360843 0
682360848 0
682360870 0
682426371 0
682426388 0
682426389 0
682426390 0
682491922 0
682491924 0
682491927 0
682491929 0
682557467 0
682557472 0
682557477 0
682557478 0
682623008 0
682623009 0
682623011 0
682623014 0
682688519 0
682688524 0
682688534 0
682688537 0
682754056 0
682754067 0
682754081 0
682754082 0
682819588 0
682819594 0
682819609 0
682819615 0
682885122 0
682885125 0
682885128 0
682885131 0
682950675 0
682950684 0
682950685 0
682950698 0
683016225 0
683016226 0
683016231 0
683016232 0
683081740 0
683081758 0
683081771 0
683081773 0
683147264 0
683147271 0
683147282 0
683147285 0
683212806 0
683212813 0
683212816 0
683212847 0
683278349 0
683278375 0
683278376 0
683278382 0
683343883 0
683343884 0
683343890 0
683343893 0
683409413 0
683409436 0
683409446 0
683409447 0
683474970 0
683474972 0
683474985 0
683474987 0
683540486 0
683540493 0
683540500 0
683540503 0
683606020 0
683606027 0
683606037 0
683606046 0
683671559 0
683671576 0
683671585 0
683671590 0
683737108 0
683737121 0
683737127 0
683737134 0
683802624 0
683802634 0
683802635 0
683802637 0
683868160 0
683868179 0
683868193 0
683868202 0
683933696 0
683933721 0
683933722 0
683933731 0
683999240 0
683999241 0
683999251 0
683999266 0
684064771 0
684064773 0
684064774 0
684064800 0
684130308 0
684130317 0
684130322 0
684130331 0
684195846 0
684195849 0
684195860 0
684195879 0
684261378 0
684261384 0
684261399 0
684261417 0
684326919 0
684326945 0
684326952 0
684326958 0
684392463 0
684392470 0
684392472 0
684392489 0
684457993 0
684457996 0
684458006 0
684458007 0
684523534 0
684523537 0
684523552 0
684523567 0
684589057 0
684589074 0
684589076 0
684589103 0
684654602 0
684654607 0
684654613 0
684654620 0
684720153 0
684720155 0
684720156 0
684720166 0
684785674 0
684785677 0
684785688 0
684785695 0
684851209 0
684851210 0
684851212 0
684851239 0
684916755 0
684916758 0
684916760 0
684916761 0
684982273 0
684982279 0
684982284 0
684982286 0
685047819 0
685047829 0
685047830 0
685047844 0
685113350 0
685113357 0
685113364 0
685113367 0
685178885 0
685178899 0
685178902 0
685178916 0
685244423 0
685244440 0
685244445 0
685244454 0
685309956 0
685309961 0
685309966 0
685309975 0
685375488 0
685375490 0
685375491 0
685375493 0
685441039 0
685441064 0
685441065 0
685441066 0
685506564 0
685506571 0
685506578 0
685506581 0
685572098 0
685572108 0
685572111 0
685572113 0
685637635 0
685637637 0
685637650 0
685637660 0
685703188 0
685703190 0
685703191 0
685703193 0
685768711 0
685768728 0
685768737 0
685768746 0
685834247 0
685834248 0
685834257 0
685834282 0
685899779 0
685899781 0
685899806 0
685899816 0
685965314 0
685965319 0
685965320 0
685965353 0
686030855 0
686030861 0
686030882 0
686030892 0
686096391 0
686096410 0
686096412 0
686096413 0
686161928 0
686161962 0
686161965 0
686161967 0
686227489 0
686227492 0
686227494 0
686227499 0
686293003 0
686293005 0
686293026 0
686293028 0
686358530 0
686358535 0
686358556 0
686358561 0
686424070 0
686424073 0
686424096 0
686424103 0
686489604 0
686489623 0
686489626 0
686489629 0
686555137 0
686555146 0
686555180 0
686555183 0
686620683 0
686620698 0
686620701 0
686620708 0
686686224 0
686686225 0
686686227 0
686686230 0
686751757 0
686751759 0
686751764 0
686751778 0
686817296 0
686817301 0
686817310 0
686817311 0
686882824 0
686882835 0
686882849 0
686882850 0
686948371 0
686948378 0
686948380 0
686948385 0
687013907 0
687013921 0
687013930 0
687013932 0
687079439 0
687079441 0
687079446 0
687079460 0
687144988 0
687144993 0
687144994 0
687145003 0
687210496 0
687210527 0
687210529 0
687210530 0
687276054 0
687276069 0
687276072 0
687276079 0
687341592 0
687341602 0
687341603 0
687341609 0
687407137 0
687407140 0
687407147 0
687407150 0
687472651 0
687472658 0
687472676 0
687472681 0
687538196 0
687538199 0
687538201 0
687538206 0
687603737 0
687603742 0
687603743 0
687603744 0
687669252 0
687669270 0
687669273 0
687669279 0
687734784 0
687734791 0
687734798 0
687734801 0
687800334 0
687800340 0
687800345 0
687800359 0
687865868 0
687865870 0
687865877 0
687865895 0
687931398 0
687931399 0
687931404 0
687931409 0
687996935 0
687996949 0
687996954 0
687996964 0
688062464 0
688062478 0
688062485 0
688062499 0
688128001 0
688128035 0
688128040 0
688128042 0
688193543 0
688193557 0
688193580 0
688193582 0
688259099 0
688259106 0
688259108 0
688259113 0
688324611 0
688324621 0
688324640 0
688324642 0
688390150 0
688390159 0
688390161 0
688390164 0
688455686 0
688455724 0
688455725 0
688455727 0
688521224 0
688521238 0
688521241 0
688521243 0
688586758 0
688586788 0
688586789 0
688586799 0
688652288 0
688652290 0
688652321 0
688652331 0
688717828 0
688717842 0
688717855 0
688717869 0
688783373 0
688783388 0
688783398 0
688783407 0
688848897 0
688848908 0
688848922 0
688848943 0
688914449 0
688914459 0
688914460 0
688914474 0
688979981 0
688979988 0
688979990 0
688979995 0
689045519 0
689045529 0
689045546 0
689045548 0
689111049 0
689111060 0
689111067 0
689111074 0
689176583 0
689176608 0
689176613 0
689176618 0
689242147 0
689242153 0
689242154 0
689242156 0
689307648 0
689307667 0
689307670 0
689307681 0
689373190 0
689373196 0
689373213 0
689373215 0
689438733 0
689438738 0
689438748 0
689438763 0
689504284 0
689504290 0
689504301 0
689504303 0
689569824 0
689569827 0
689569830 0
689569837 0
689635346 0
689635363 0
689635365 0
689635372 0
689700885 0
689700890 0
689700903 0
689700904 0
689766404 0
689766409 0
689766422 0
689766427 0
689831939 0
689831946 0
689831964 0
689831977 0
689897478 0
689897487 0
689897497 0
689897504 0
689963009 0
689963019 0
689963034 0
689963040 0
690028562 0
690028563 0
690028573 0
690028584 0
690094081 0
690094098 0
690094103 0
690094116 0
690159619 0
690159620 0
690159633 0
690159638 0
690225158 0
690225163 0
690225165 0
690225172 0
690290696 0
690290706 0
690290715 0
690290717 0
690356226 0
690356228 0
690356235 0
690356253 0
690421762 0
690421768 0
690421773 0
690421779 0
690487310 0
690487316 0
690487317 0
690487323 0
690552853 0
690552863 0
690552870 0
690552876 0
690618383 0
690618385 0
690618388 0
690618402 0
690683908 0
690683937 0
690683939 0
690683942 0
690749441 0
690749478 0
690749480 0
690749483 0
690814997 0
690815006 0
690815007 0
690815008 0
690880513 0
690880527 0
690880528 0
690880530 0
690946055 0
690946072 0
690946078 0
690946093 0
691011591 0
691011608 0
691011617 0
691011626 0
691077128 0
691077133 0
691077166 0
691077167 0
691142657 0
691142678 0
691142680 0
691142683 0
691208194 0
691208209 0
691208232 0
691208239 0
691273744 0
691273754 0
691273765 0
691273775 0
691339287 0
691339288 0
691339290 0
691339297 0
691404823 0
691404825 0
691404836 0
691404846 0
691470348 0
691470349 0
691470371 0
691470374 0
691535878 0
691535901 0
691535908 0
691535911 0
691601408 0
691601426 0
691601449 0
691601451 0
691666977 0
691666986 0
691666987 0
691666988 0
691732498 0
691732507 0
691732516 0
691732521 0
691798022 0
691798024 0
691798041 0
691798043 0
691863587 0
691863592 0
691863597 0
691863598 0
691929104 0
691929109 0
691929111 0
691929122 0
691994630 0
691994640 0
691994655 0
691994669 0
692060177 0
692060186 0
692060187 0
692060192 0
692125713 0
692125716 0
692125726 0
692125739 0
692191258 0
692191264 0
692191271 0
692191273 0
692256795 0
692256801 0
692256810 0
692256812 0
692322317 0
692322328 0
692322334 0
692322335 0
692387841 0
692387846 0
692387847 0
692387876 0
692453401 0
692453410 0
692453415 0
692453420 0
692518944 0
692518951 0
692518953 0
692518954 0
692584454 0
692584473 0
692584483 0
692584484 0
692649984 0
692649985 0
692650015 0
692650030 0
692715532 0
692715554 0
692715555 0
692715557 0
692781090 0
692781095 0
692781097 0
692781100 0
692846606 0
692846608 0
692846629 0
692846635 0
692912133 0
692912151 0
692912152 0
692912170 0
692977671 0
692977685 0
692977690 0
692977692 0
693043202 0
693043208 0
693043209 0
693043215 0
693108751 0
693108754 0
693108772 0
693108773 0
693174298 0
693174305 0
693174307 0
693174312 0
693239836 0
693239846 0
693239853 0
693239855 0
693305349 0
693305374 0
693305376 0
693305379 0
693370890 0
693370892 0
693370921 0
693370927 0
693436428 0
693436437 0
693436439 0
693436458 0
693501954 0
693501967 0
693501984 0
693501997 0
693567494 0
693567499 0
693567501 0
693567508 0
693633026 0
693633052 0
693633063 0
693633065 0
693698577 0
693698580 0
693698602 0
693698607 0
693764098 0
693764101 0
693764107 0
693764140 0
693829633 0
693829638 0
693829644 0
693829659 0
693895169 0
693895171 0
693895188 0
693895202 0
693960705 0
693960722 0
693960724 0
693960731 0
694026244 0
694026246 0
694026253 0
694026279 0
694091784 0
694091798 0
694091821 0
694091823 0
694157317 0
694157338 0
694157352 0
694157355 0
694222867 0
694222868 0
694222874 0
694222881 0
694288392 0
694288393 0
694288394 0
694288395 0
694353927 0
694353928 0
694353946 0
694353949 0
694419465 0
694419467 0
694419480 0
694419482 0
694484997 0
694485006 0
694485011 0
694485032 0
694550536 0
694550537 0
694550554 0
694550559 0
694616067 0
694616070 0
694616088 0
694616089 0
694681610 0
694681629 0
694681636 0
694681639 0
694747156 0
694747159 0
694747178 0
694747181 0
694812694 0
694812696 0
694812699 0
694812717 0
694878223 0
694878230 0
694878233 0
694878236 0
694943760 0
694943762 0
694943775 0
694943781 0
695009284 0
695009290 0
695009303 0
695009309 0
695074820 0
695074830 0
695074837 0
695074847 0
695140362 0
695140369 0
695140376 0
695140395 0
695205901 0
695205903 0
695205924 0
695205930 0
695271439 0
695271460 0
695271465 0
695271470 0
695336964 0
695336967 0
695336970 0
695336981 0
695402508 0
695402522 0
695402525 0
695402543 0
695468039 0
695468061 0
695468064 0
695468066 0
695533580 0
695533583 0
695533594 0
695533613 0
695599111 0
695599125 0
695599126 0
695599144 0
695664645 0
695664647 0
695664656 0
695664666 0
695730185 0
695730188 0
695730207 0
695730222 0
695795717 0
695795720 0
695795726 0
695795747 0
695861280 0
695861282 0
695861283 0
695861289 0
695926804 0
695926819 0
695926821 0
695926822 0
695992358 0
695992363 0
695992364 0
695992365 0
696057856 0
696057870 0
696057879 0
696057881 0
696123397 0
696123411 0
696123426 0
696123428 0
696188931 0
696188945 0
696188948 0
696188950 0
696254464 0
696254469 0
696254483 0
696254490 0
696320009 0
696320023 0
696320030 0
696320032 0
696385538 0
696385557 0
696385571 0
696385576 0
696451072 0
696451081 0
696451086 0
696451099 0
696516612 0
696516630 0
696516631 0
696516649 0
696582155 0
696582165 0
696582172 0
696582182 0
696647683 0
696647708 0
696647713 0
696647718 0
696713226 0
696713237 0
696713247 0
696713256 0
696778753 0
696778771 0
696778790 0
696778792 0
696844300 0
696844314 0
696844321 0
696844323 0
696909824 0
696909827 0
696909829 0
696909854 0
696975362 0
696975364 0
696975367 0
696975385 0
697040909 0
697040914 0
697040919 0
697040924 0
697106435 0
697106460 0
697106465 0
697106474 0
697171991 0
697171996 0
697172001 0
697172006 0
697237509 0
697237518 0
697237523 0
697237544 0
697303062 0
697303080 0
697303085 0
697303087 0
697368590 0
697368595 0
697368597 0
697368608 0
697434124 0
697434125 0
697434127 0
697434130 0
697499650 0
697499652 0
697499659 0
697499673 0
697565194 0
697565196 0
697565197 0
697565219 0
697630735 0
697630736 0
697630746 0
697630749 0
697696262 0
697696265 0
697696279 0
697696300 0
697761793 0
697761796 0
697761823 0
697761826 0
697827347 0
697827348 0
697827358 0
697827365 0
697892880 0
697892889 0
697892895 0
697892910 0
697958431 0
697958436 0
697958441 0
697958442 0
698023951 0
698023957 0
698023976 0
698023978 0
698089490 0
698089492 0
698089501 0
698089503 0
698155012 0
698155023 0
698155025 0
698155034 0
698220545 0
698220547 0
698220548 0
698220562 0
698286086 0
698286105 0
698286108 0
698286115 0
698351625 0
698351627 0
698351640 0
698351654 0
698417166 0
698417180 0
698417195 0
698417197 0
698482688 0
698482694 0
698482697 0
698482711 0
698548243 0
698548248 0
698548250 0
698548257 0
698613796 0
698613798 0
698613801 0
698613807 0
698679306 0
698679309 0
698679328 0
698679339 0
698744855 0
698744858 0
698744872 0
698744873 0
698810374 0
698810381 0
698810395 0
698810408 0
698875926 0
698875932 0
698875949 0
698875951 0
698941447 0
698941448 0
698941453 0
698941454 0
699006985 0
699006988 0
699007003 0
699007010 0
699072514 0
699072524 0
699072533 0
699072547 0
699138060 0
699138062 0
699138069 0
699138075 0
699203586 0
699203607 0
699203620 0
699203629 0
699269135 0
699269150 0
699269156 0
699269161 0
699334656 0
699334657 0
699334659 0
699334666 0
699400197 0
699400211 0
699400224 0
699400238 0
699465732 0
699465747 0
699465749 0
699465758 0
699531269 0
699531272 0
699531278 0
699531303 0
699596814 0
699596828 0
699596829 0
699596843 0
699662337 0
699662340 0
699662346 0
699662367 0
699727879 0
699727881 0
699727886 0
699727900 0
699793425 0
699793428 0
699793431 0
699793450 0
699858947 0
699858970 0
699858973 0
699858984 0
699924488 0
699924490 0
699924495 0
699924517 0
699990017 0
699990019 0
699990020 0
699990050 0
700055569 0
700055571 0
700055586 0
700055588 0
700121088 0
700121105 0
700121106 0
700121135 0
700186627 0
700186630 0
700186640 0
700186665 0
700252175 0
700252177 0
700252180 0
700252198 0
700317696 0
700317703 0
700317710 0
700317717 0
700383249 0
700383264 0
700383266 0
700383267 0
700448770 0
700448784 0
700448813 0
700448815 0
700514305 0
700514306 0
700514307 0
700514336 0
700579846 0
700579848 0
700579865 0
700579879 0
700645399 0
700645406 0
700645408 0
700645409 0
700710912 0
700710914 0
700710935 0
700710953 0
700776449 0
700776452 0
700776454 0
700776455 0
700842003 0
700842008 0
700842009 0
700842014 0
700907547 0
700907548 0
700907549 0
700907562 0
700973057 0
700973072 0
700973074 0
700973099 0
701038597 0
701038600 0
701038619 0
701038622 0
701104128 0
701104145 0
701104154 0
701104167 0
701169674 0
701169677 0
701169696 0
701169703 0
701235218 0
701235221 0
701235231 0
701235232 0
701300742 0
701300744 0
701300747 0
701300761 0
701366301 0
701366306 0
701366307 0
701366308 0
701431811 0
701431817 0
701431852 0
701431854 0
701497356 0
701497377 0
701497379 0
701497390 0
701562890 0
701562896 0
701562917 0
701562923 0
701628418 0
701628427 0
701628444 0
701628453 0
701693952 0
701693957 0
701693962 0
701693975 0
701759503 0
701759517 0
701759532 0
701759534 0
701825025 0
701825030 0
701825032 0
701825047 0
701890580 0
701890583 0
701890597 0
701890602 0
701956105 0
701956130 0
701956132 0
701956143 0
702021634 0
702021656 0
702021663 0
702021677 0
702087189 0
702087199 0
702087206 0
702087212 0
702152721 0
702152731 0
702152734 0
702152740 0
702218257 0
702218260 0
702218262 0
702218279 0
702283781 0
702283791 0
702283804 0
702283822 0
702349314 0
702349335 0
702349348 0
702349357 0
702414850 0
702414852 0
702414853 0
702414875 0
702480404 0
702480425 0
702480426 0
702480427 0
702545929 0
702545939 0
702545954 0
702545956 0
702611456 0
702611458 0
702611485 0
702611499 0
702677003 0
702677018 0
702677020 0
702677033 0
702742547 0
702742556 0
702742561 0
702742562 0
702808075 0
702808092 0
702808094 0
702808097 0
702873616 0
702873623 0
702873629 0
702873630 0
702939167 0
702939168 0
702939177 0
702939182 0
703004678 0
703004680 0
703004685 0
703004687 0
703070214 0
703070217 0
703070247 0
703070248 0
703135762 0
703135764 0
703135767 0
703135781 0
703201291 0
703201309 0
703201314 0
703201320 0
703266825 0
703266830 0
703266843 0
703266848 0
703332356 0
703332371 0
703332389 0
703332398 0
703397904 0
703397914 0
703397925 0
703397935 0
703463428 0
703463449 0
703463455 0
703463458 0
703528962 0
703528963 0
703528969 0
703528972 0
703594512 0
703594523 0
703594525 0
703594530 0
703660047 0
703660064 0
703660069 0
703660074 0
703725573 0
703725582 0
703725591 0
703725608 0
703791120 0
703791121 0
703791130 0
703791139 0
703856650 0
703856664 0
703856665 0
703856683 0
703922181 0
703922200 0
703922203 0
703922206 0
703987712 0
703987747 0
703987753 0
703987754 0
704053262 0
704053263 0
704053268 0
704053269 0
704118785 0
704118811 0
704118822 0
704118824 0
704184337 0
704184339 0
704184348 0
704184358 0
704249877 0
704249880 0
704249883 0
704249894 0
704315408 0
704315409 0
704315411 0
704315422 0
704380932 0
704380937 0
704380966 0
704380975 0
704446484 0
704446493 0
704446495 0
704446498 0
704512001 0
704512022 0
704512040 0
704512047 0
704577542 0
704577543 0
704577556 0
704577561 0
704643097 0
704643104 0
704643107 0
704643114 0
704708623 0
704708642 0
704708644 0
704708645 0
704774146 0
704774175 0
704774180 0
704774185 0
704839680 0
704839683 0
704839690 0
704839701 0
704905219 0
704905228 0
704905242 0
704905249 0
704970755 0
704970764 0
704970766 0
704970789 0
705036312 0
705036333 0
705036334 0
705036335 0
705101825 0
705101846 0
705101860 0
705101863 0
705167380 0
705167381 0
705167386 0
705167407 0
705232914 0
705232917 0
705232924 0
705232935 0
705298439 0
705298442 0
705298453 0
705298456 0
705363971 0
705363984 0
705363990 0
705363993 0
705429504 0
705429511 0
705429529 0
705429542 0
705495057 0
705495084 0
705495086 0
705495087 0
705560581 0
705560584 0
705560606 0
705560615 0
705626148 0
705626151 0
705626153 0
705626158 0
705691650 0
705691664 0
705691667 0
705691673 0
705757208 0
705757210 0
705757211 0
705757225 0
705822722 0
705822731 0
705822736 0
705822765 0
705888256 0
705888281 0
705888291 0
705888298 0
705953806 0
705953807 0
705953817 0
705953832 0
706019341 0
706019347 0
706019358 0
706019372 0
706084866 0
706084873 0
706084879 0
706084908 0
706150407 0
706150421 0
706150440 0
706150442 0
706215960 0
706215973 0
706215978 0
706215983 0
706281480 0
706281490 0
706281497 0
706281503 0
706347010 0
706347031 0
706347045 0
706347052 0
706412561 0
706412574 0
706412576 0
706412583 0
706478089 0
706478108 0
706478111 0
706478122 0
706543626 0
706543629 0
706543647 0
706543660 0
706609178 0
706609184 0
706609189 0
706609191 0
706674717 0
706674719 0
706674730 0
706674732 0
706740234 0
706740237 0
706740255 0
706740268 0
706805771 0
706805773 0
706805776 0
706805798 0
706871306 0
706871307 0
706871308 0
706871309 0
706936851 0
706936858 0
706936860 0
706936861 0
707002369 0
707002383 0
707002386 0
707002404 0
707067934 0
707067940 0
707067945 0
707067947 0
707133465 0
707133476 0
707133478 0
707133479 0
707198976 0
707198978 0
707198983 0
707199001 0
707264520 0
707264535 0
707264538 0
707264549 0
707330056 0
707330069 0
707330086 0
707330091 0
707395589 0
707395619 0
707395620 0
707395630 0
707461127 0
707461132 0
707461149 0
707461162 0
707526670 0
707526677 0
707526680 0
707526691 0
707592197 0
707592215 0
707592216 0
707592238 0
707657763 0
707657764 0
707657765 0
707657770 0
707723276 0
707723295 0
707723309 0
707723310 0
707788824 0
707788831 0
707788833 0
707788842 0
707854339 0
707854345 0
707854346 0
707854360 0
707919889 0
707919890 0
707919908 0
707919919 0
707985416 0
707985419 0
707985430 0
707985433 0
708050946 0
708050980 0
708050985 0
708050987 0
708116481 0
708116484 0
708116498 0
708116511 0
708182034 0
708182043 0
708182048 0
708182053 0
708247570 0
708247573 0
708247584 0
708247599 0
708313088 0
708313093 0
708313095 0
708313114 0
708378636 0
708378650 0
708378657 0
708378659 0
708444162 0
708444172 0
708444191 0
708444193 0
708509712 0
708509713 0
708509715 0
708509742 0
708575236 0
708575239 0
708575241 0
708575266 0
708640770 0
708640771 0
708640772 0
708640785 0
708706316 0
708706318 0
708706327 0
708706349 0
708771840 0
708771858 0
708771861 0
708771863 0
708837376 0
708837402 0
708837421 0
708837423 0
708902934 0
708902948 0
708902955 0
708902957 0
708968451 0
708968472 0
708968489 0
708968494 0
709033993 0
709034020 0
709034026 0
709034031 0
709099545 0
709099552 0
709099562 0
709099563 0
709165070 0
709165085 0
709165088 0
709165099 0
709230608 0
709230621 0
709230622 0
709230631 0
709296142 0
709296143 0
709296160 0
709296161 0
709361681 0
709361691 0
709361694 0
709361708 0
709427200 0
709427206 0
709427215 0
709427241 0
709492744 0
709492757 0
709492771 0
709492778 0
709558280 0
709558291 0
709558294 0
709558313 0
709623814 0
709623828 0
709623829 0
709623831 0
709689347 0
709689380 0
709689381 0
709689386 0
709754880 0
709754891 0
709754897 0
709754906 0
709820419 0
709820442 0
709820444 0
709820457 0
709885967 0
709885982 0
709885992 0
709885997 0
709951502 0
709951523 0
709951525 0
709951528 0
710017025 0
710017026 0
710017027 0
710017032 0
710082567 0
710082578 0
710082584 0
710082589 0
710148120 0
710148129 0
710148131 0
710148138 0
710213645 0
710213654 0
710213668 0
710213675 0
710279195 0
710279198 0
710279204 0
710279205 0
710344720 0
710344731 0
710344742 0
710344745 0
710410258 0
710410264 0
710410269 0
710410271 0
710475798 0
710475800 0
710475813 0
710475819 0
710541327 0
710541340 0
710541341 0
710541350 0
710606852 0
710606857 0
710606858 0
710606871 0
710672402 0
710672404 0
710672409 0
710672423 0
710737931 0
710737933 0
710737952 0
710737966 0
710803492 0
710803494 0
710803501 0
710803503 0
710868992 0
710868993 0
710869007 0
710869034 0
710934536 0
710934550 0
710934569 0
710934571 0
711000075 0
711000077 0
711000100 0
711000102 0
711065609 0
711065610 0
711065612 0
711065631 0
711131155 0
711131160 0
711131169 0
711131178 0
711196681 0
711196706 0
711196708 0
711196711 0
711262232 0
711262235 0
711262237 0
711262254 0
711327751 0
711327753 0
711327772 0
711327774 0
711393290 0
711393304 0
711393305 0
711393319 0
711458855 0
711458857 0
711458860 0
711458862 0
711524370 0
711524373 0
711524376 0
711524383 0
711589888 0
711589891 0
711589893 0
711589926 0
711655432 0
711655441 0
711655446 0
711655459 0
711720967 0
711720968 0
711720974 0
711720981 0
711786498 0
711786524 0
711786525 0
711786543 0
711852056 0
711852066 0
711852075 0
711852077 0
711917571 0
711917602 0
711917608 0
711917613 0
711983116 0
711983137 0
711983150 0
711983151 0
712048655 0
712048658 0
712048673 0
712048676 0
712114182 0
712114185 0
712114196 0
712114215 0
712179717 0
712179722 0
712179748 0
712179759 0
712245257 0
712245276 0
712245279 0
712245290 0
712310799 0
712310817 0
712310824 0
712310830 0
712376328 0
712376338 0
712376351 0
712376365 0
712441887 0
712441893 0
712441894 0
712441896 0
712507402 0
712507409 0
712507416 0
712507431 0
712572938 0
712572940 0
712572957 0
712572975 0
712638469 0
712638479 0
712638480 0
712638482 0
712704016 0
712704023 0
712704037 0
712704038 0
712769562 0
712769575 0
712769576 0
712769577 0
712835075 0
712835089 0
712835096 0
712835114 0
712900611 0
712900620 0
712900625 0
712900654 0
712966184 0
712966185 0
712966190 0
712966191 0
713031687 0
713031708 0
713031710 0
713031713 0
713097233 0
713097251 0
713097252 0
713097254 0
713162755 0
713162758 0
713162781 0
713162792 0
713228321 0
713228322 0
713228328 0
713228331 0
713293832 0
713293833 0
713293854 0
713293855 0
713359380 0
713359381 0
713359382 0
713359383 0
713424916 0
713424917 0
713424919 0
713424942 0
713490438 0
713490464 0
713490465 0
713490475 0
713555984 0
713556006 0
713556009 0
713556015 0
713621505 0
713621519 0
713621534 0
713621536 0
713687063 0
713687080 0
713687082 0
713687085 0
713752598 0
713752616 0
713752621 0
713752623 0
713818123 0
713818129 0
713818152 0
713818154 0
713883655 0
713883669 0
713883674 0
713883692 0
713949192 0
713949193 0
713949194 0
713949223 0
714014749 0
714014755 0
714014758 0
714014760 0
714080261 0
714080291 0
714080292 0
714080302 0
714145793 0
714145794 0
714145808 0
714145831 0
714211368 0
714211369 0
714211371 0
714211374 0
714276870 0
714276879 0
714276880 0
714276901 0
714342403 0
714342417 0
714342420 0
714342422 0
714407936 0
714407938 0
714407953 0
714407975 0
714473484 0
714473498 0
714473507 0
714473509 0
714539010 0
714539044 0
714539053 0
714539055 0
714604557 0
714604576 0
714604590 0
714604591 0
714670091 0
714670092 0
714670102 0
714670113 0
714735624 0
714735629 0
714735659 0
714735662 0
714801179 0
714801188 0
714801189 0
714801190 0
714866705 0
714866712 0
714866714 0
714866715 0
714932228 0
714932229 0
714932231 0
714932250 0
714997794 0
714997799 0
714997801 0
714997804 0
715063327 0
715063333 0
715063334 0
715063340 0
715128842 0
715128844 0
715128857 0
715128871 0
715194374 0
715194400 0
715194401 0
715194407 0
715259905 0
715259908 0
715259911 0
715259934 0
715325444 0
715325450 0
715325459 0
715325461 0
715390981 0
715390984 0
715390995 0
715390998 0
715456514 0
715456515 0
715456524 0
715456553 0
715522053 0
715522092 0
715522094 0
715522095 0
715587584 0
715587627 0
715587629 0
715587630 0
715653121 0
715653122 0
715653136 0
715653139 0
715718681 0
715718684 0
715718690 0
715718699 0
715784220 0
715784221 0
715784227 0
715784234 0
715849749 0
715849763 0
715849768 0
715849770 0
715915279 0
715915282 0
715915296 0
715915309 0
715980803 0
715980804 0
715980826 0
715980841 0
716046341 0
716046376 0
716046382 0
716046383 0
716111888 0
716111909 0
716111911 0
716111918 0
716177411 0
716177413 0
716177418 0
716177452 0
716242976 0
716242982 0
716242987 0
716242989 0
716308482 0
716308492 0
716308493 0
716308523 0
716374016 0
716374026 0
716374037 0
716374059 0
716439563 0
716439565 0
716439586 0
716439592 0
716505092 0
716505106 0
716505129 0
716505135 0
716570636 0
716570659 0
716570666 0
716570669 0
716636166 0
716636203 0
716636204 0
716636205 0
716701701 0
716701728 0
716701734 0
716701739 0
716767265 0
716767267 0
716767274 0
716767276 0
716832794 0
716832797 0
716832807 0
716832812 0
716898308 0
716898310 0
716898343 0
716898345 0
716963870 0
716963873 0
716963880 0
716963887 0
717029396 0
717029415 0
717029417 0
717029422 0
717094914 0
717094917 0
717094936 0
717094955 0
717160458 0
717160463 0
717160473 0
717160480 0
717226016 0
717226023 0
717226029 0
717226030 0
717291562 0
717291563 0
717291564 0
717291565 0
717357057 0
717357060 0
717357067 0
717357078 0
717422633 0
717422635 0
717422636 0
717422638 0
717488140 0
717488145 0
717488151 0
717488174 0
717553666 0
717553668 0
717553697 0
717553703 0
717619208 0
717619223 0
717619226 0
717619245 0
717684749 0
717684764 0
717684766 0
717684767 0
717750275 0
717750305 0
717750308 0
717750318 0
717815822 0
717815824 0
717815845 0
717815847 0
717881374 0
717881383 0
717881385 0
717881388 0
717946880 0
717946882 0
717946887 0
717946901 0
718012441 0
718012444 0
718012446 0
718012447 0
718077977 0
718077988 0
718077990 0
718077995 0
718143488 0
718143507 0
718143530 0
718143533 0
718209027 0
718209040 0
718209042 0
718209045 0
718274571 0
718274580 0
718274585 0
718274606 0
718340113 0
718340118 0
718340128 0
718340131 0
718405632 0
718405642 0
718405643 0
718405665 0
718471191 0
718471204 0
718471213 0
718471214 0
718536724 0
718536727 0
718536733 0
718536750 0
718602250 0
718602265 0
718602267 0
718602272 0
718667779 0
718667793 0
718667806 0
718667816 0
718733326 0
718733339 0
718733341 0
718733344 0
718798871 0
718798874 0
718798876 0
718798885 0
718864411 0
718864418 0
718864420 0
718864425 0
718929931 0
718929944 0
718929953 0
718929958 0
718995468 0
718995470 0
718995487 0
718995501 0
719061029 0
719061032 0
719061035 0
719061038 0
719126528 0
719126542 0
719126555 0
719126565 0
719192070 0
719192103 0
719192108 0
719192109 0
719257607 0
719257610 0
719257629 0
719257640 0
719323170 0
719323172 0
719323179 0
719323181 0
719388691 0
719388705 0
719388714 0
719388716 0
719454228 0
719454247 0
719454249 0
719454254 0
719519759 0
719519760 0
719519778 0
719519789 0
719585284 0
719585286 0
719585305 0
719585307 0
719650824 0
719650825 0
719650843 0
719650858 0
719716380 0
719716390 0
719716393 0
719716395 0
719781921 0
719781924 0
719781926 0
719781927 0
719847464 0
719847469 0
719847470 0
719847471 0
719912990 0
719912992 0
719912993 0
719913007 0
719978524 0
719978531 0
719978533 0
719978534 0
720044036 0
720044066 0
720044069 0
720044071 0
720109576 0
720109577 0
720109586 0
720109591 0
720175105 0
720175120 0
720175138 0
720175151 0
720240668 0
720240670 0
720240673 0
720240687 0
720306210 0
720306215 0
720306217 0
720306220 0
720371724 0
720371745 0
720371747 0
720371750 0
720437271 0
720437277 0
720437278 0
720437284 0
720502787 0
720502796 0
720502814 0
720502825 0
720568352 0
720568355 0
720568365 0
720568366 0
720633861 0
720633875 0
720633878 0
720633900 0
720699420 0
720699430 0
720699431 0
720699437 0
720764937 0
720764951 0
720764970 0
720764972 0
720830493 0
720830496 0
720830498 0
720830511 0
720896003 0
720896044 0
720896045 0
720896046 0
720961559 0
720961565 0
720961568 0
720961578 0
721027077 0
721027100 0
721027114 0
721027115 0
721092638 0
721092639 0
721092641 0
721092652 0
721158146 0
721158184 0
721158185 0
721158191 0
721223680 0
721223714 0
721223717 0
721223727 0
721289218 0
721289241 0
721289243 0
721289260 0
721354757 0
721354776 0
721354778 0
721354799 0
721420289 0
721420292 0
721420307 0
721420322 0
721485828 0
721485854 0
721485865 0
721485867 0
721551380 0
721551383 0
721551397 0
721551406 0
721616915 0
721616922 0
721616936 0
721616941 0
721682443 0
721682461 0
721682466 0
721682468 0
721747994 0
721747997 0
721748011 0
721748012 0
721813505 0
721813511 0
721813528 0
721813546 0
721879066 0
721879084 0
721879085 0
721879087 0
721944590 0
721944605 0
721944620 0
721944623 0
722010113 0
722010127 0
722010130 0
722010136 0
722075683 0
722075690 0
722075692 0
722075693 0
722141186 0
722141221 0
722141228 0
722141231 0
722206736 0
722206745 0
722206759 0
722206766 0
722272262 0
722272276 0
722272297 0
722272303 0
722337793 0
722337798 0
722337807 0
722337828 0
722403328 0
722403367 0
722403369 0
722403370 0
722468870 0
722468895 0
722468900 0
722468901 0
722534403 0
722534433 0
722534438 0
722534444 0
722599945 0
722599946 0
722599947 0
722599968 0
722665485 0
722665494 0
722665499 0
722665512 0
722731015 0
722731020 0
722731050 0
722731053 0
722796561 0
722796563 0
722796564 0
722796566 0
722862080 0
722862085 0
722862090 0
722862127 0
722927642 0
722927651 0
722927660 0
722927661 0
722993165 0
722993183 0
722993184 0
722993194 0
723058692 0
723058718 0
723058723 0
723058733 0
723124258 0
723124263 0
723124265 0
723124268 0
723189787 0
723189790 0
723189792 0
723189801 0
723255302 0
723255320 0
723255325 0
723255339 0
723320871 0
723320873 0
723320876 0
723320878 0
723386394 0
723386412 0
723386413 0
723386415 0
723451932 0
723451937 0
723451950 0
723451951 0
723517442 0
723517477 0
723517479 0
723517480 0
723582989 0
723582991 0
723582994 0
723583012 0
723648539 0
723648553 0
723648556 0
723648558 0
723714076 0
723714078 0
723714085 0
723714095 0
723779611 0
723779618 0
723779620 0
723779629 0
723845144 0
723845149 0
723845158 0
723845159 0
723910668 0
723910686 0
723910687 0
723910689 0
723976213 0
723976216 0
723976227 0
723976234 0
724041729 0
724041760 0
724041774 0
724041775 0
724107284 0
724107289 0
724107303 0
724107310 0
724172823 0
724172828 0
724172837 0
724172842 0
724238349 0
724238351 0
724238356 0
724238382 0
724303879 0
724303901 0
724303914 0
724303916 0
724369408 0
724369422 0
724369425 0
724369443 0
724434957 0
724434960 0
724434975 0
724434978 0
724500511 0
724500514 0
724500524 0
724500525 0
724566037 0
724566054 0
724566056 0
724566063 0
724631552 0
724631571 0
724631590 0
724631593 0
724697123 0
724697130 0
724697132 0
724697133 0
724762631 0
724762634 0
724762653 0
724762668 0
724828165 0
724828188 0
724828198 0
724828207 0
724893704 0
724893706 0
724893725 0
724893739 0
724959235 0
724959258 0
724959272 0
724959277 0
725024809 0
725024811 0
725024812 0
725024814 0
725090331 0
725090336 0
725090338 0
725090341 0
725155840 0
725155854 0
725155875 0
725155877 0
725221394 0
725221400 0
725221413 0
725221415 0
725286920 0
725286946 0
725286947 0
725286949 0
725352470 0
725352480 0
725352489 0
725352491 0
725417998 0
725418019 0
725418028 0
725418029 0
725483528 0
725483533 0
725483558 0
725483559 0
725549087 0
725549090 0
725549093 0
725549096 0
725614597 0
725614626 0
725614636 0
725614639 0
725680155 0
725680165 0
725680170 0
725680172 0
725745672 0
725745706 0
725745707 0
725745709 0
725811211 0
725811241 0
725811244 0
725811246 0
725876745 0
725876764 0
725876775 0
725876778 0
725942282 0
725942309 0
725942312 0
725942315 0
726007832 0
726007838 0
726007851 0
726007853 0
726073363 0
726073381 0
726073384 0
726073386 0
726138924 0
726138925 0
726138926 0
726138927 0
726204421 0
726204448 0
726204451 0
726204462 0
726269959 0
726269992 0
726269997 0
726269998 0
726335494 0
726335499 0
726335528 0
726335529 0
726401025 0
726401035 0
726401040 0
726401042 0
726466577 0
726466598 0
726466604 0
726466607 0
726532101 0
726532106 0
726532136 0
726532139 0
726597666 0
726597671 0
726597673 0
726597676 0
726663169 0
726663170 0
726663171 0
726663176 0
726728709 0
726728736 0
726728742 0
726728743 0
726794268 0
726794285 0
726794286 0
726794287 0
726859780 0
726859782 0
726859783 0
726859785 0
726925331 0
726925333 0
726925346 0
726925348 0
726990858 0
726990859 0
726990861 0
726990872 0
727056386 0
727056389 0
727056403 0
727056416 0
727121933 0
727121935 0
727121944 0
727121950 0
727187472 0
727187483 0
727187489 0
727187490 0
727252995 0
727253001 0
727253002 0
727253004 0
727318532 0
727318538 0
727318541 0
727318543 0
727384067 0
727384072 0
727384085 0
727384086 0
727449600 0
727449615 0
727449621 0
727449638 0
727515137 0
727515139 0
727515152 0
727515166 0
727580693 0
727580696 0
727580703 0
727580710 0
727646222 0
727646232 0
727646237 0
727646251 0
727711744 0
727711757 0
727711767 0
727711774 0
727777289 0
727777302 0
727777304 0
727777319 0
727842821 0
727842822 0
727842827 0
727842832 0
727908357 0
727908362 0
727908379 0
727908380 0
727973889 0
727973892 0
727973894 0
727973895 0
728039436 0
728039438 0
728039441 0
728039443 0
728104964 0
728104965 0
728104966 0
728104983 0
728170506 0
728170507 0
728170520 0
728170521 0
728236041 0
728236044 0
728236046 0
728236055 0
728301577 0
728301591 0
728301594 0
728301612 0
728367104 0
728367122 0
728367141 0
728367147 0
728432640 0
728432643 0
728432646 0
728432649 0
728498177 0
728498179 0
728498194 0
728498200 0
728563721 0
728563723 0
728563728 0
728563742 0
728629256 0
728629262 0
728629265 0
728629279 0
728694801 0
728694816 0
728694818 0
728694831 0
728760320 0
728760321 0
728760335 0
728760346 0
728825872 0
728825875 0
728825877 0
728825894 0
728891408 0
728891409 0
728891418 0
728891423 0
728956928 0
728956935 0
728956938 0
728956953 0
729022486 0
729022488 0
729022491 0
729022505 0
729088008 0
729088017 0
729088030 0
729088039 0
729153545 0
729153546 0
729153547 0
729153552 0
729219091 0
729219105 0
729219106 0
729219108 0
729284611 0
729284613 0
729284628 0
729284630 0
729350145 0
729350146 0
729350155 0
729350172 0
729415684 0
729415686 0
729415687 0
729415689 0
729481222 0
729481225 0
729481227 0
729481228 0
729546754 0
729546760 0
729546761 0
729546767 0
729612308 0
729612326 0
729612327 0
729612329 0
729677824 0
729677841 0
729677847 0
729677850 0
729743362 0
729743364 0
729743377 0
729743391 0
729808896 0
729808898 0
729808911 0
729808913 0
729874445 0
729874446 0
729874447 0
729874464 0
729939969 0
729939979 0
729939984 0
729939986 0
730005514 0
730005517 0
730005531 0
730005544 0
730071045 0
730071046 0
730071048 0
730071059 0
730136587 0
730136590 0
730136592 0
730136593 0
730202116 0
730202119 0
730202134 0
730202149 0
730267651 0
730267653 0
730267656 0
730267694 0
730333189 0
730333191 0
730333192 0
730333206 0
730398720 0
730398721 0
730398723 0
730398742 0
730464282 0
730464284 0
730464287 0
730464293 0
730529814 0
730529817 0
730529819 0
730529828 0
730595339 0
730595357 0
730595360 0
730595366 0
730660868 0
730660874 0
730660877 0
730660891 0
730726404 0
730726405 0
730726407 0
730726410 0
730791937 0
730791946 0
730791947 0
730791952 0
730857489 0
730857492 0
730857503 0
730857510 0
730923008 0
730923021 0
730923022 0
730923031 0
730988578 0
730988581 0
730988587 0
730988588 0
731054084 0
731054091 0
731054094 0
731054101 0
731119618 0
731119633 0
731119636 0
731119659 0
731185157 0
731185166 0
731185168 0
731185175 0
731250688 0
731250703 0
731250706 0
731250725 0
731316237 0
731316246 0
731316251 0
731316252 0
731381762 0
731381781 0
731381784 0
731381791 0
731447298 0
731447299 0
731447312 0
731447313 0
731512840 0
731512850 0
731512857 0
731512859 0
731578387 0
731578396 0
731578401 0
731578410 0
731643912 0
731643938 0
731643945 0
731643947 0
731709446 0
731709448 0
731709449 0
731709463 0
731774994 0
731774996 0
731774997 0
731775023 0
731840521 0
731840532 0
731840535 0
731840550 0
731906050 0
731906051 0
731906052 0
731906069 0
731971595 0
731971608 0
731971621 0
731971626 0
732037125 0
732037128 0
732037131 0
732037158 0
732102661 0
732102664 0
732102686 0
732102699 0
732168200 0
732168221 0
732168223 0
732168226 0
732233747 0
732233757 0
732233758 0
732233760 0
732299287 0
732299294 0
732299304 0
732299309 0
732364818 0
732364819 0
732364825 0
732364828 0
732430339 0
732430357 0
732430366 0
732430368 0
732495882 0
732495887 0
732495900 0
732495905 0
732561416 0
732561423 0
732561426 0
732561437 0
732626953 0
732626987 0
732626988 0
732626990 0
732692480 0
732692481 0
732692507 0
732692510 0
732758022 0
732758041 0
732758043 0
732758044 0
732823559 0
732823585 0
732823590 0
732823596 0
732889097 0
732889108 0
732889110 0
732889111 0
732954627 0
732954634 0
732954636 0
732954641 0
733020161 0
733020162 0
733020164 0
733020167 0
733085705 0
733085706 0
733085708 0
733085723 0
733151236 0
733151245 0
733151250 0
733151255 0
733216772 0
733216775 0
733216785 0
733216806 0
733282317 0
733282336 0
733282339 0
733282346 0
733347847 0
733347848 0
733347850 0
733347869 0
733413376 0
733413385 0
733413394 0
733413399 0
733478916 0
733478921 0
733478923 0
733478938 0
733544451 0
733544454 0
733544456 0
733544477 0
733609995 0
733610004 0
733610006 0
733610009 0
733675521 0
733675528 0
733675539 0
733675542 0
733741056 0
733741082 0
733741085 0
733741091 0
733806595 0
733806616 0
733806629 0
733806630 0
733872133 0
733872134 0
733872139 0
733872140 0
733937665 0
733937666 0
733937667 0
733937680 0
734003218 0
734003219 0
734003221 0
734003224 0
734068744 0
734068745 0
734068750 0
734068779 0
734134278 0
734134288 0
734134301 0
734134315 0
734199827 0
734199833 0
734199836 0
734199850 0
734265353 0
734265356 0
734265374 0
734265375 0
734330892 0
734330893 0
734330903 0
734330906 0
734396423 0
734396437 0
734396438 0
734396460 0
734461961 0
734461964 0
734461967 0
734461970 0
734527489 0
734527499 0
734527502 0
734527504 0
734593024 0
734593026 0
734593035 0
734593049 0
734658564 0
734658573 0
734658574 0
734658591 0
734724110 0
734724113 0
734724115 0
734724116 0
734789646 0
734789664 0
734789669 0
734789675 0
734855168 0
734855179 0
734855182 0
734855185 0
734920720 0
734920741 0
734920742 0
734920743 0
734986248 0
734986250 0
734986255 0
734986265 0
735051793 0
735051802 0
735051807 0
735051808 0
735117331 0
735117332 0
735117334 0
735117353 0
735182849 0
735182851 0
735182870 0
735182884 0
735248395 0
735248398 0
735248412 0
735248421 0
735313939 0
735313949 0
735313956 0
735313966 0
735379462 0
735379481 0
735379495 0
735379496 0
735445007 0
735445010 0
735445020 0
735445025 0
735510560 0
735510561 0
735510562 0
735510563 0
735576091 0
735576094 0
735576096 0
735576109 0
735641601 0
735641604 0
735641614 0
735641619 0
735707140 0
735707165 0
735707167 0
735707170 0
735772674 0
735772676 0
735772677 0
735772683 0
735838219 0
735838221 0
735838252 0
735838254 0
735903745 0
735903756 0
735903766 0
735903775 0
735969283 0
735969286 0
735969289 0
735969304 0
736034819 0
736034828 0
736034829 0
736034862 0
736100357 0
736100360 0
736100383 0
736100394 0
736165893 0
736165904 0
736165919 0
736165922 0
736231429 0
736231432 0
736231434 0
736231435 0
736296967 0
736296986 0
736296989 0
736297004 0
736362521 0
736362535 0
736362538 0
736362540 0
736428032 0
736428061 0
736428063 0
736428078 0
736493585 0
736493588 0
736493603 0
736493614 0
736559134 0
736559140 0
736559149 0
736559151 0
736624641 0
736624642 0
736624643 0
736624644 0
736690177 0
736690182 0
736690184 0
736690223 0
736755726 0
736755729 0
736755743 0
736755748 0
736821250 0
736821252 0
736821253 0
736821259 0
736886794 0
736886796 0
736886819 0
736886821 0
736952327 0
736952338 0
736952344 0
736952349 0
737017857 0
737017872 0
737017891 0
737017894 0
737083392 0
737083398 0
737083405 0
737083407 0
737148943 0
737148956 0
737148958 0
737148969 0
737214486 0
737214488 0
737214489 0
737214507 0
737280003 0
737280021 0
737280022 0
737280032 0
737345536 0
737345537 0
737345551 0
737345558 0
737411096 0
737411098 0
737411099 0
737411113 0
737476618 0
737476628 0
737476633 0
737476639 0
737542149 0
737542150 0
737542180 0
737542187 0
737607689 0
737607706 0
737607715 0
737607720 0
737673228 0
737673233 0
737673234 0
737673243 0
737738766 0
737738777 0
737738780 0
737738799 0
737804297 0
737804298 0
737804304 0
737804307 0
737869827 0
737869837 0
737869846 0
737869848 0
737935360 0
737935367 0
737935370 0
737935373 0
738000918 0
738000921 0
738000923 0
738000940 0
738066437 0
738066446 0
738066464 0
738066475 0
738131972 0
738131994 0
738132003 0
738132013 0
738197516 0
738197517 0
738197526 0
738197527 0
738263053 0
738263059 0
738263066 0
738263072 0
738328585 0
738328587 0
738328588 0
738328614 0
738394127 0
738394132 0
738394142 0
738394145 0
738459649 0
738459659 0
738459666 0
738459676 0
738525204 0
738525206 0
738525219 0
738525225 0
738590728 0
738590733 0
738590738 0
738590743 0
738656272 0
738656291 0
738656293 0
738656294 0
738721797 0
738721807 0
738721820 0
738721826 0
738787347 0
738787348 0
738787349 0
738787350 0
738852884 0
738852893 0
738852898 0
738852907 0
738918414 0
738918420 0
738918425 0
738918427 0
738983953 0
738983954 0
738983956 0
738983979 0
739049478 0
739049479 0
739049481 0
739049516 0
739115020 0
739115034 0
739115041 0
739115051 0
739180566 0
739180569 0
739180571 0
739180572 0
739246085 0
739246090 0
739246096 0
739246107 0
739311623 0
739311626 0
739311632 0
739311637 0
739377153 0
739377167 0
739377174 0
739377176 0
739442689 0
739442695 0
739442702 0
739442716 0
739508235 0
739508236 0
739508242 0
739508245 0
739573766 0
739573775 0
739573777 0
739573784 0
739639307 0
739639312 0
739639317 0
739639330 0
739704838 0
739704843 0
739704852 0
739704877 0
739770385 0
739770387 0
739770402 0
739770408 0
739835904 0
739835907 0
739835921 0
739835938 0
739901444 0
739901458 0
739901459 0
739901465 0
739966982 0
739966995 0
739967001 0
739967016 0
740032526 0
740032528 0
740032545 0
740032547 0
740098060 0
740098070 0
740098081 0
740098095 0
740163590 0
740163611 0
740163620 0
740163629 0
740229136 0
740229149 0
740229150 0
740229151 0
740294669 0
740294682 0
740294684 0
740294691 0
740360192 0
740360193 0
740360199 0
740360206 0
740425732 0
740425733 0
740425738 0
740425739 0
740491266 0
740491296 0
740491297 0
740491311 0
740556802 0
740556804 0
740556805 0
740556819 0
740622342 0
740622345 0
740622356 0
740622379 0
740687873 0
740687882 0
740687888 0
740687907 0
740753438 0
740753441 0
740753443 0
740753448 0
740818945 0
740818946 0
740818960 0
740818971 0
740884482 0
740884483 0
740884489 0
740884496 0
740950020 0
740950025 0
740950031 0
740950034 0
741015578 0
741015580 0
741015583 0
741015589 0
741081101 0
741081104 0
741081106 0
741081127 0
741146628 0
741146654 0
741146661 0
741146663 0
741212165 0
741212168 0
741212170 0
741212179 0
741277709 0
741277730 0
741277735 0
741277736 0
741343250 0
741343257 0
741343264 0
741343271 0
741408770 0
741408771 0
741408772 0
741408773 0
741474325 0
741474334 0
741474343 0
741474348 0
741539844 0
741539846 0
741539855 0
741539857 0
741605376 0
741605393 0
741605403 0
741605406 0
741670919 0
741670933 0
741670934 0
741670948 0
741736464 0
741736469 0
741736483 0
741736490 0
741801984 0
741801986 0
741801989 0
741802015 0
741867523 0
741867534 0
741867544 0
741867545 0
741933057 0
741933058 0
741933063 0
741933076 0
741998592 0
741998610 0
741998611 0
741998613 0
742064139 0
742064142 0
742064164 0
742064169 0
742129665 0
742129667 0
742129680 0
742129690 0
742195203 0
742195206 0
742195209 0
742195244 0
742260744 0
742260749 0
742260754 0
742260759 0
742326272 0
742326283 0
742326286 0
742326313 0
742391814 0
742391828 0
742391837 0
742391851 0
742457352 0
742457355 0
742457365 0
742457370 0
742522881 0
742522882 0
742522884 0
742522895 0
742588430 0
742588431 0
742588432 0
742588449 0
742653968 0
742653971 0
742653978 0
742653989 0
742719490 0
742719492 0
742719493 0
742719519 0
742785036 0
742785038 0
742785053 0
742785071 0
742850572 0
742850575 0
742850590 0
742850593 0
742916104 0
742916106 0
742916131 0
742916133 0
742981633 0
742981646 0
742981651 0
742981660 0
743047182 0
743047200 0
743047207 0
743047213 0
743112713 0
743112716 0
743112718 0
743112735 0
743178256 0
743178263 0
743178265 0
743178270 0
743243783 0
743243785 0
743243786 0
743243788 0
743309326 0
743309327 0
743309336 0
743309337 0
743374855 0
743374857 0
743374860 0
743374878 0
743440397 0
743440398 0
743440399 0
743440428 0
743505929 0
743505932 0
743505947 0
743505950 0
743571462 0
743571485 0
743571492 0
743571499 0
743637015 0
743637016 0
743637021 0
743637022 0
743702546 0
743702552 0
743702555 0
743702557 0
743768084 0
743768086 0
743768087 0
743768101 0
743833611 0
743833614 0
743833616 0
743833617 0
743899142 0
743899144 0
743899161 0
743899171 0
743964672 0
743964677 0
743964678 0
743964679 0
744030222 0
744030233 0
744030239 0
744030244 0
744095745 0
744095758 0
744095760 0
744095763 0
744161280 0
744161285 0
744161298 0
744161311 0
744226817 0
744226827 0
744226828 0
744226830 0
744292368 0
744292382 0
744292389 0
744292395 0
744357900 0
744357923 0
744357925 0
744357934 0
744423437 0
744423438 0
744423456 0
744423471 0
744488968 0
744488971 0
744488978 0
744489001 0
744554499 0
744554506 0
744554513 0
744554536 0
744620033 0
744620040 0
744620046 0
744620047 0
744685579 0
744685588 0
744685605 0
744685606 0
744751119 0
744751130 0
744751133 0
744751136 0
744816656 0
744816670 0
744816673 0
744816675 0
744882178 0
744882179 0
744882196 0
744882213 0
744947713 0
744947727 0
744947744 0
744947746 0
745013250 0
745013261 0
745013263 0
745013268 0
745078786 0
745078788 0
745078803 0
745078829 0
745144344 0
745144347 0
745144358 0
745144365 0
745209860 0
745209873 0
745209875 0
745209878 0
745275393 0
745275414 0
745275415 0
745275420 0
745340940 0
745340946 0
745340955 0
745340965 0
745406468 0
745406477 0
745406478 0
745406495 0
745472002 0
745472012 0
745472019 0
745472029 0
745537544 0
745537545 0
745537551 0
745537582 0
745603109 0
745603110 0
745603112 0
745603119 0
745668619 0
745668644 0
745668653 0
745668654 0
745734150 0
745734153 0
745734160 0
745734167 0
745799683 0
745799697 0
745799700 0
745799702 0
745865216 0
745865223 0
745865225 0
745865254 0
745930752 0
745930755 0
745930769 0
745930770 0
745996310 0
745996315 0
745996317 0
745996328 0
746061824 0
746061834 0
746061837 0
746061859 0
746127362 0
746127367 0
746127372 0
746127381 0
746192900 0
746192933 0
746192935 0
746192938 0
746258433 0
746258452 0
746258467 0
746258470 0
746323968 0
746323971 0
746323989 0
746323998 0
746389507 0
746389521 0
746389522 0
746389524 0
746455047 0
746455066 0
746455081 0
746455084 0
746520583 0
746520586 0
746520597 0
746520604 0
746586131 0
746586133 0
746586136 0
746586142 0
746651654 0
746651657 0
746651679 0
746651688 0
746717188 0
746717207 0
746717209 0
746717214 0
746782720 0
746782722 0
746782723 0
746782733 0
746848261 0
746848266 0
746848268 0
746848291 0
746913816 0
746913817 0
746913830 0
746913835 0
746979338 0
746979341 0
746979352 0
746979355 0
747044871 0
747044872 0
747044874 0
747044877 0
747110415 0
747110428 0
747110433 0
747110446 0
747175963 0
747175976 0
747175981 0
747175982 0
747241492 0
747241495 0
747241506 0
747241517 0
747307027 0
747307037 0
747307046 0
747307048 0
747372545 0
747372567 0
747372584 0
747372586 0
747438098 0
747438100 0
747438103 0
747438105 0
747503619 0
747503622 0
747503624 0
747503641 0
747569156 0
747569157 0
747569166 0
747569175 0
747634695 0
747634710 0
747634712 0
747634717 0
747700237 0
747700242 0
747700251 0
747700260 0
747765771 0
747765776 0
747765789 0
747765806 0
747831313 0
747831316 0
747831323 0
747831330 0
747896833 0
747896839 0
747896854 0
747896872 0
747962401 0
747962402 0
747962403 0
747962408 0
748027915 0
748027916 0
748027926 0
748027937 0
748093440 0
748093453 0
748093470 0
748093475 0
748158977 0
748159003 0
748159016 0
748159022 0
748224512 0
748224517 0
748224518 0
748224555 0
748290064 0
748290066 0
748290067 0
748290081 0
748355587 0
748355604 0
748355605 0
748355606 0
748421122 0
748421125 0
748421139 0
748421144 0
748486664 0
748486675 0
748486678 0
748486681 0
748552199 0
748552204 0
748552225 0
748552226 0
748617740 0
748617757 0
748617770 0
748617775 0
748683273 0
748683280 0
748683283 0
748683302 0
748748827 0
748748832 0
748748837 0
748748838 0
748814368 0
748814369 0
748814371 0
748814374 0
748879876 0
748879882 0
748879897 0
748879903 0
748945427 0
748945436 0
748945437 0
748945450 0
749010946 0
749010949 0
749010952 0
749010955 0
749076480 0
749076487 0
749076498 0
749076501 0
749142029 0
749142055 0
749142056 0
749142062 0
749207585 0
749207586 0
749207591 0
749207592 0
749273088 0
749273098 0
749273099 0
749273101 0
749338635 0
749338636 0
749338642 0
749338645 0
749404166 0
749404173 0
749404176 0
749404207 0
749469696 0
749469721 0
749469722 0
749469731 0
749535232 0
749535251 0
749535265 0
749535274 0
749600780 0
749600798 0
749600811 0
749600813 0
749666309 0
749666332 0
749666342 0
749666343 0
749731860 0
749731873 0
749731879 0
749731886 0
749797380 0
749797387 0
749797397 0
749797406 0
749862913 0
749862930 0
749862932 0
749862959 0
749928452 0
749928461 0
749928466 0
749928475 0
749993993 0
749993994 0
749993996 0
749994023 0
750059526 0
750059533 0
750059540 0
750059543 0
750125071 0
750125078 0
750125080 0
750125097 0
750190599 0
750190625 0
750190632 0
750190638 0
750256136 0
750256137 0
750256147 0
750256162 0
750321690 0
750321692 0
750321705 0
750321707 0
750387203 0
750387205 0
750387206 0
750387232 0
750452742 0
750452745 0
750452756 0
750452775 0
750518282 0
750518285 0
750518296 0
750518303 0
750583815 0
750583832 0
750583841 0
750583846 0
750649346 0
750649352 0
750649367 0
750649385 0
750714886 0
750714893 0
750714900 0
750714903 0
750780430 0
750780433 0
750780448 0
750780463 0
750845961 0
750845964 0
750845974 0
750845975 0
750911498 0
750911503 0
750911509 0
750911516 0
750977035 0
750977045 0
750977046 0
750977060 0
751042585 0
751042587 0
751042588 0
751042598 0
751108103 0
751108104 0
751108113 0
751108138 0
751173639 0
751173656 0
751173661 0
751173670 0
751239168 0
751239173 0
751239179 0
751239186 0
751304723 0
751304726 0
751304728 0
751304729 0
751370245 0
751370247 0
751370252 0
751370254 0
751435791 0
751435816 0
751435817 0
751435818 0
751501313 0
751501331 0
751501334 0
751501348 0
751566850 0
751566860 0
751566863 0
751566865 0
751632387 0
751632389 0
751632402 0
751632412 0
751697922 0
751697923 0
751697924 0
751697941 0
751763476 0
751763478 0
751763479 0
751763481 0
751828996 0
751829015 0
751829018 0
751829021 0
751894532 0
751894537 0
751894542 0
751894551 0
751960066 0
751960071 0
751960072 0
751960105 0
752025603 0
752025605 0
752025630 0
752025640 0
752091143 0
752091160 0
752091169 0
752091178 0
752156680 0
752156714 0
752156717 0
752156719 0
752222215 0
752222234 0
752222236 0
752222237 0
752287777 0
752287780 0
752287782 0
752287787 0
752353281 0
752353290 0
752353324 0
752353327 0
752418823 0
752418829 0
752418850 0
752418860 0
752484363 0
752484365 0
752484386 0
752484388 0
752549890 0
752549895 0
752549916 0
752549921 0
752615435 0
752615440 0
752615445 0
752615454 0
752680988 0
752680993 0
752680994 0
752681003 0
752746502 0
752746505 0
752746528 0
752746535 0
752812058 0
752812061 0
752812063 0
752812068 0
752877584 0
752877585 0
752877587 0
752877590 0
752943119 0
752943121 0
752943126 0
752943140 0
753008659 0
753008666 0
753008668 0
753008673 0
753074195 0
753074209 0
753074218 0
753074220 0
753139736 0
753139746 0
753139747 0
753139753 0
753205261 0
753205263 0
753205268 0
753205282 0
753270809 0
753270814 0
753270815 0
753270816 0
753336334 0
753336340 0
753336345 0
753336359 0
753401864 0
753401875 0
753401889 0
753401890 0
753467392 0
753467423 0
753467425 0
753467426 0
753532939 0
753532946 0
753532964 0
753532969 0
753598464 0
753598471 0
753598478 0
753598481 0
753664004 0
753664022 0
753664025 0
753664031 0
753729537 0
753729571 0
753729576 0
753729578 0
753795105 0
753795108 0
753795115 0
753795118 0
753860630 0
753860645 0
753860648 0
753860655 0
753926164 0
753926167 0
753926169 0
753926174 0
753991680 0
753991694 0
753991701 0
753991715 0
754057222 0
754057223 0
754057228 0
754057233 0
754122764 0
754122766 0
754122773 0
754122791 0
754188295 0
754188309 0
754188314 0
754188324 0
754253827 0
754253837 0
754253856 0
754253858 0
754319367 0
754319381 0
754319404 0
754319406 0
754384909 0
754384916 0
754384918 0
754384923 0
754450438 0
754450476 0
754450477 0
754450479 0
754515972 0
754515986 0
754515999 0
754516013 0
754581513 0
754581524 0
754581531 0
754581538 0
754647048 0
754647062 0
754647065 0
754647067 0
754712589 0
754712604 0
754712614 0
754712623 0
754778139 0
754778146 0
754778148 0
754778153 0
754843655 0
754843680 0
754843685 0
754843690 0
754909201 0
754909211 0
754909212 0
754909226 0
754974721 0
754974732 0
754974746 0
754974767 0
755040262 0
755040292 0
755040293 0
755040303 0
755105798 0
755105807 0
755105809 0
755105812 0
755171343 0
755171353 0
755171370 0
755171372 0
755236864 0
755236866 0
755236897 0
755236907 0
755302435 0
755302441 0
755302442 0
755302444 0
755367949 0
755367951 0
755367954 0
755367964 0
755433478 0
755433497 0
755433504 0
755433515 0
755499014 0
755499020 0
755499037 0
755499039 0
755564562 0
755564579 0
755564581 0
755564588 0
755630112 0
755630115 0
755630118 0
755630125 0
755695637 0
755695642 0
755695655 0
755695656 0
755761152 0
755761171 0
755761174 0
755761185 0
755826706 0
755826707 0
755826717 0
755826728 0
755892252 0
755892258 0
755892269 0
755892271 0
755957761 0
755957771 0
755957786 0
755957792 0
756023299 0
756023300 0
756023313 0
756023318 0
756088836 0
756088841 0
756088854 0
756088859 0
756154371 0
756154378 0
756154396 0
756154409 0
756219910 0
756219915 0
756219917 0
756219924 0
756285448 0
756285458 0
756285467 0
756285469 0
756350977 0
756350991 0
756350992 0
756350994 0
756416514 0
756416520 0
756416525 0
756416531 0
756482049 0
756482066 0
756482071 0
756482084 0
756547598 0
756547604 0
756547605 0
756547611 0
756613141 0
756613150 0
756613151 0
756613152 0
756678671 0
756678673 0
756678676 0
756678690 0
756744213 0
756744223 0
756744230 0
756744236 0
756809730 0
756809732 0
756809739 0
756809757 0
756875271 0
756875288 0
756875297 0
756875306 0
756940823 0
756940824 0
756940826 0
756940833 0
757006344 0
757006349 0
757006382 0
757006383 0
757071874 0
757071889 0
757071912 0
757071919 0
757137409 0
757137430 0
757137432 0
757137435 0
757202945 0
757202982 0
757202984 0
757202987 0
757268487 0
757268504 0
757268510 0
757268525 0
757334016 0
757334034 0
757334057 0
757334059 0
757399585 0
757399594 0
757399595 0
757399596 0
757465104 0
757465114 0
757465125 0
757465135 0
757530630 0
757530640 0
757530655 0
757530669 0
757596164 0
757596193 0
757596195 0
757596198 0
757661731 0
757661736 0
757661741 0
757661742 0
757727238 0
757727261 0
757727268 0
757727271 0
757792780 0
757792781 0
757792803 0
757792806 0
757858331 0
757858337 0
757858346 0
757858348 0
757923872 0
757923872 0
757923879 0
757923881 0
757923882 0
757989399 0
757989401 0
757989410 0
757989412 0
758054918 0
758054920 0
758054937 0
758054939 0
758120466 0
758120475 0
758120484 0
758120489 0
758185989 0
758186007 0
758186008 0
758186026 0
758251521 0
758251526 0
758251527 0
758251556 0
758317073 0
758317082 0
758317083 0
758317088 0
758382606 0
758382608 0
758382629 0
758382635 0
758448145 0
758448148 0
758448158 0
758448171 0
758513680 0
758513685 0
758513687 0
758513698 0
758579226 0
758579232 0
758579239 0
758579241 0
758644736 0
758644737 0
758644767 0
758644782 0
758710279 0
758710293 0
758710298 0
758710300 0
758775821 0
758775832 0
758775838 0
758775839 0
758841370 0
758841377 0
758841379 0
758841384 0
758906908 0
758906918 0
758906925 0
758906927 0
758972428 0
758972451 0
758972453 0
758972462 0
759037986 0
759037991 0
759037993 0
759037996 0
759103490 0
759103496 0
759103497 0
759103503 0
759169039 0
759169042 0
759169060 0
759169061 0
759234585 0
759234594 0
759234599 0
759234604 0
759300101 0
759300126 0
759300128 0
759300131 0
759365638 0
759365657 0
759365667 0
759365668 0
759431187 0
759431188 0
759431194 0
759431201 0
759496705 0
759496722 0
759496724 0
759496731 0
759562246 0
759562251 0
759562253 0
759562260 0
759627793 0
759627796 0
759627818 0
759627823 0
759693324 0
759693333 0
759693335 0
759693354 0
759758850 0
759758876 0
759758887 0
759758889 0
759824394 0
759824396 0
759824425 0
759824431 0
759889922 0
759889925 0
759889931 0
759889964 0
759955457 0
759955462 0
759955468 0
759955483 0
760021000 0
760021001 0
760021002 0
760021003 0
760086533 0
760086554 0
760086568 0
760086571 0
760152069 0
760152078 0
760152083 0
760152104 0
760217601 0
760217603 0
760217620 0
760217634 0
760283140 0
760283142 0
760283149 0
760283175 0
760348682 0
760348701 0
760348708 0
760348711 0
760414211 0
760414214 0
760414232 0
760414233 0
760479753 0
760479755 0
760479768 0
760479770 0
760545288 0
760545289 0
760545306 0
760545311 0
760610818 0
760610831 0
760610848 0
760610861 0
760676356 0
760676366 0
760676373 0
760676383 0
760741896 0
760741910 0
760741933 0
760741935 0
760807439 0
760807446 0
760807449 0
760807452 0
760872967 0
760872968 0
760872986 0
760872989 0
760938509 0
760938511 0
760938532 0
760938538 0
761004042 0
761004049 0
761004056 0
761004075 0
761069584 0
761069586 0
761069599 0
761069605 0
761135108 0
761135114 0
761135127 0
761135133 0
761200662 0
761200664 0
761200667 0
761200685 0
761266191 0
761266212 0
761266217 0
761266222 0
761331732 0
761331735 0
761331754 0
761331757 0
761397280 0
761397282 0
761397283 0
761397289 0
761462796 0
761462810 0
761462813 0
761462831 0
761528325 0
761528339 0
761528354 0
761528356 0
761593860 0
761593863 0
761593866 0
761593877 0
761659397 0
761659399 0
761659408 0
761659418 0
761724928 0
761724937 0
761724942 0
761724955 0
761790484 0
761790499 0
761790501 0
761790502 0
761856005 0
761856008 0
761856014 0
761856035 0
761921539 0
761921553 0
761921556 0
761921558 0
761987074 0
761987076 0
761987079 0
761987097 0
762052615 0
762052629 0
762052630 0
762052648 0
762118156 0
762118158 0
762118167 0
762118169 0
762183684 0
762183702 0
762183703 0
762183721 0
762249228 0
762249231 0
762249242 0
762249261 0
762314754 0
762314773 0
762314787 0
762314792 0
762380289 0
762380307 0
762380326 0
762380328 0
762445833 0
762445847 0
762445854 0
762445856 0
762511360 0
762511386 0
762511393 0
762511395 0
762576905 0
762576908 0
762576927 0
762576942 0
762642470 0
762642475 0
762642476 0
762642477 0
762707991 0
762707996 0
762708001 0
762708006 0
762773514 0
762773525 0
762773535 0
762773544 0
762839047 0
762839069 0
762839072 0
762839074 0
762904589 0
762904594 0
762904599 0
762904604 0
762970115 0
762970140 0
762970145 0
762970150 0
763035662 0
763035667 0
763035669 0
763035680 0
763101187 0
763101212 0
763101217 0
763101226 0
763166720 0
763166725 0
763166739 0
763166746 0
763232267 0
763232267 0
763232277 0
763232284 0
763232294 0
763297792 0
763297797 0
763297807 0
763297818 0
763363330 0
763363332 0
763363337 0
763363339 0
763428877 0
763428879 0
763428882 0
763428884 0
763494406 0
763494423 0
763494425 0
763494444 0
763559941 0
763559950 0
763559955 0
763559976 0
763625490 0
763625492 0
763625501 0
763625503 0
763691039 0
763691044 0
763691049 0
763691050 0
763756545 0
763756547 0
763756548 0
763756562 0
763822090 0
763822092 0
763822093 0
763822115 0
763887622 0
763887641 0
763887644 0
763887651 0
763953168 0
763953177 0
763953183 0
763953198 0
764018691 0
764018704 0
764018717 0
764018718 0
764084228 0
764084239 0
764084241 0
764084250 0
764149774 0
764149788 0
764149803 0
764149805 0
764215318 0
764215336 0
764215341 0
764215343 0
764280847 0
764280853 0
764280872 0
764280874 0
764346369 0
764346372 0
764346399 0
764346402 0
764411923 0
764411934 0
764411940 0
764411941 0
764477452 0
764477478 0
764477481 0
764477487 0
764542982 0
764542989 0
764543003 0
764543016 0
764608521 0
764608523 0
764608536 0
764608550 0
764674048 0
764674054 0
764674057 0
764674071 0
764739589 0
764739603 0
764739616 0
764739630 0
764805142 0
764805148 0
764805165 0
764805165 0
764805167 0
764870658 0
764870668 0
764870677 0
764870691 0
764936215 0
764936218 0
764936232 0
764936233 0
765001735 0
765001736 0
765001741 0
765001742 0
765067269 0
765067272 0
765067278 0
765067303 0
765132800 0
765132801 0
765132803 0
765132810 0
765198355 0
765198360 0
765198362 0
765198369 0
765263876 0
765263891 0
765263893 0
765263902 0
765329417 0
765329420 0
765329435 0
765329442 0
765394954 0
765394957 0
765394976 0
765394987 0
765460492 0
765460494 0
765460501 0
765460507 0
765526031 0
765526046 0
765526052 0
765526057 0
765591569 0
765591571 0
765591586 0
765591588 0
765657090 0
765657111 0
765657124 0
765657133 0
765722632 0
765722634 0
765722639 0
765722661 0
765788160 0
765788177 0
765788178 0
765788207 0
765853697 0
765853700 0
765853706 0
765853727 0
765919246 0
765919260 0
765919261 0
765919275 0
765984785 0
765984788 0
765984791 0
765984810 0
766050311 0
766050313 0
766050318 0
766050332 0
766115855 0
766115857 0
766115860 0
766115878 0
766181377 0
766181392 0
766181394 0
766181419 0
766246913 0
766246915 0
766246916 0
766246946 0
766312449 0
766312450 0
766312451 0
766312480 0
766377984 0
766377986 0
766377989 0
766378007 0
766443522 0
766443536 0
766443565 0
766443567 0
766509059 0
766509062 0
766509072 0
766509097 0
766574609 0
766574624 0
766574626 0
766574627 0
766640131 0
766640154 0
766640157 0
766640168 0
766705665 0
766705668 0
766705670 0
766705671 0
766771219 0
766771225 0
766771228 0
766771230 0
766836736 0
766836743 0
766836750 0
766836757 0
766902278 0
766902280 0
766902297 0
766902311 0
766967831 0
766967838 0
766967840 0
766967841 0
767033368 0
767033371 0
767033373 0
767033386 0
767098880 0
767098897 0
767098906 0
767098919 0
767164426 0
767164429 0
767164448 0
767164455 0
767229981 0
767229986 0
767229987 0
767229988 0
767295496 0
767295515 0
767295518 0
767295529 0
767361027 0
767361033 0
767361068 0
767361070 0
767426560 0
767426565 0
767426570 0
767426583 0
767492105 0
767492130 0
767492132 0
767492143 0
767557642 0
767557648 0
767557665 0
767557675 0
767623174 0
767623176 0
767623179 0
767623193 0
767688705 0
767688710 0
767688712 0
767688727 0
767754245 0
767754255 0
767754268 0
767754286 0
767819794 0
767819797 0
767819807 0
767819808 0
767885327 0
767885341 0
767885356 0
767885358 0
767950869 0
767950879 0
767950879 0
767950886 0
767950892 0
768016386 0
768016395 0
768016412 0
768016421 0
768081940 0
768081943 0
768081957 0
768081962 0
768147476 0
768147497 0
768147498 0
768147499 0
768213009 0
768213012 0
768213014 0
768213031 0
768278537 0
768278540 0
768278563 0
768278574 0
768344064 0
768344066 0
768344093 0
768344107 0
768409619 0
768409628 0
768409634 0
768409637 0
768475152 0
768475166 0
768475167 0
768475177 0
768540674 0
768540676 0
768540677 0
768540699 0
768606214 0
768606216 0
768606221 0
768606223 0
768671767 0
768671773 0
768671776 0
768671790 0
768737291 0
768737308 0
768737310 0
768737313 0
768802834 0
768802836 0
768802839 0
768802853 0
768868363 0
768868378 0
768868380 0
768868393 0
768933890 0
768933912 0
768933919 0
768933933 0
768999426 0
768999447 0
768999460 0
768999469 0
769064976 0
769064986 0
769064997 0
769065007 0
769130500 0
769130515 0
769130533 0
769130542 0
769196038 0
769196041 0
769196071 0
769196072 0
769261583 0
769261600 0
769261605 0
769261610 0
769327115 0
769327133 0
769327138 0
769327144 0
769392656 0
769392657 0
769392666 0
769392675 0
769458181 0
769458190 0
769458199 0
769458216 0
769523716 0
769523737 0
769523743 0
769523746 0
769589265 0
769589275 0
769589278 0
769589284 0
769654803 0
769654817 0
769654818 0
769654820 0
769720336 0
769720347 0
769720349 0
769720354 0
769785870 0
769785871 0
769785876 0
769785877 0
769851401 0
769851406 0
769851419 0
769851424 0
769916930 0
769916931 0
769916937 0
769916940 0
769982469 0
769982488 0
769982491 0
769982494 0
770048004 0
770048009 0
770048038 0
770048047 0
770113553 0
770113555 0
770113564 0
770113574 0
770179078 0
770179079 0
770179092 0
770179097 0
770244624 0
770244627 0
770244637 0
770244638 0
770310154 0
770310168 0
770310169 0
770310187 0
770375701 0
770375704 0
770375707 0
770375718 0
770441233 0
770441236 0
770441247 0
770441250 0
770506753 0
770506774 0
770506792 0
770506799 0
770572289 0
770572315 0
770572326 0
770572328 0
770637824 0
770637859 0
770637865 0
770637866 0
770703375 0
770703394 0
770703396 0
770703397 0
770768920 0
770768922 0
770768923 0
770768937 0
770834439 0
770834442 0
770834453 0
770834456 0
770899968 0
770899971 0
770899978 0
770899989 0
770965506 0
770965535 0
770965540 0
770965545 0
771031065 0
771031072 0
771031075 0
771031082 0
771096594 0
771096597 0
771096604 0
771096615 0
771162115 0
771162128 0
771162134 0
771162137 0
771227653 0
771227656 0
771227678 0
771227687 0
771293186 0
771293200 0
771293203 0
771293209 0
771358737 0
771358764 0
771358766 0
771358767 0
771424256 0
771424263 0
771424281 0
771424294 0
771489816 0
771489837 0
771489838 0
771489839 0
771555348 0
771555349 0
771555354 0
771555375 0
771620865 0
771620886 0
771620900 0
771620903 0
771686409 0
771686428 0
771686431 0
771686442 0
771751939 0
771751948 0
771751950 0
771751973 0
771817485 0
771817491 0
771817502 0
771817516 0
771883044 0
771883047 0
771883049 0
771883054 0
771948546 0
771948553 0
771948559 0
771948588 0
772014090 0
772014093 0
772014111 0
772014124 0
772079618 0
772079627 0
772079632 0
772079661 0
772145153 0
772145167 0
772145170 0
772145188 0
772210714 0
772210720 0
772210725 0
772210727 0
772276238 0
772276239 0
772276249 0
772276264 0
772341760 0
772341785 0
772341795 0
772341802 0
772407299 0
772407308 0
772407322 0
772407329 0
772472840 0
772472850 0
772472857 0
772472857 0
772472863 0
772538385 0
772538398 0
772538400 0
772538407 0
772603911 0
772603925 0
772603944 0
772603946 0
772669464 0
772669477 0
772669482 0
772669487 0
772735005 0
772735007 0
772735018 0
772735020 0
772800517 0
772800547 0
772800548 0
772800558 0
772866073 0
772866084 0
772866086 0
772866087 0
772931603 0
772931610 0
772931612 0
772931613 0
772997120 0
772997122 0
772997127 0
772997145 0
773062666 0
773062667 0
773062668 0
773062669 0
773128197 0
773128215 0
773128216 0
773128238 0
773193746 0
773193749 0
773193760 0
773193775 0
773259274 0
773259277 0
773259295 0
773259308 0
773324802 0
773324823 0
773324837 0
773324844 0
773390344 0
773390357 0
773390374 0
773390379 0
773455902 0
773455908 0
773455913 0
773455915 0
773521419 0
773521421 0
773521424 0
773521446 0
773586951 0
773586956 0
773586973 0
773586986 0
773652482 0
773652501 0
773652504 0
773652515 0
773718024 0
773718039 0
773718042 0
773718053 0
773783566 0
773783588 0
773783593 0
773783595 0
773849091 0
773849097 0
773849098 0
773849112 0
773914636 0
773914655 0
773914669 0
773914670 0
773980168 0
773980171 0
773980182 0
773980185 0
773980185 0
774045698 0
774045708 0
774045727 0
774045729 0
774111246 0
774111248 0
774111249 0
774111251 0
774176770 0
774176771 0
774176772 0
774176785 0
774242308 0
774242311 0
774242313 0
774242338 0
774307864 0
774307871 0
774307873 0
774307882 0
774373380 0
774373390 0
774373405 0
774373407 0
774438913 0
774438930 0
774438944 0
774438955 0
774504460 0
774504474 0
774504481 0
774504483 0
774570019 0
774570020 0
774570021 0
774570026 0
774635520 0
774635525 0
774635527 0
774635546 0
774701081 0
774701088 0
774701098 0
774701099 0
774766607 0
774766624 0
774766625 0
774766638 0
774832128 0
774832154 0
774832173 0
774832175 0
774897673 0
774897700 0
774897706 0
774897711 0
774963203 0
774963224 0
774963241 0
774963246 0
775028748 0
775028750 0
775028759 0
775028781 0
775094290 0
775094299 0
775094304 0
775094309 0
775159825 0
775159826 0
775159844 0
775159855 0
775225366 0
775225380 0
775225387 0
775225389 0
775290897 0
775290907 0
775290910 0
775290924 0
775356416 0
775356434 0
775356437 0
775356439 0
775421968 0
775421981 0
775421982 0
775421991 0
775487488 0
775487494 0
775487503 0
775487529 0
775553032 0
775553043 0
775553046 0
775553065 0
775618566 0
775618580 0
775618581 0
775618583 0
775684097 0
775684098 0
775684099 0
775684104 0
775749640 0
775749653 0
775749667 0
775749674 0
775815171 0
775815194 0
775815196 0
775815209 0
775880707 0
775880740 0
775880741 0
775880746 0
775946247 0
775946258 0
775946264 0
775946269 0
776011776 0
776011787 0
776011793 0
776011802 0
776077327 0
776077342 0
776077352 0
776077357 0
776142864 0
776142875 0
776142886 0
776142889 0
776208384 0
776208385 0
776208399 0
776208426 0
776273938 0
776273944 0
776273949 0
776273951 0
776339460 0
776339465 0
776339466 0
776339479 0
776405000 0
776405014 0
776405033 0
776405035 0
776470555 0
776470558 0
776470564 0
776470565 0
776536077 0
776536086 0
776536100 0
776536107 0
776601614 0
776601635 0
776601637 0
776601640 0
776667160 0
776667169 0
776667171 0
776667178 0
776732681 0
776732706 0
776732708 0
776732711 0
776798230 0
776798232 0
776798245 0
776798251 0
776863763 0
776863768 0
776863777 0
776863786 0
776929316 0
776929318 0
776929325 0
776929327 0
776994834 0
776994836 0
776994841 0
776994855 0
777060363 0
777060365 0
777060388 0
777060390 0
777125899 0
777125901 0
777125920 0
777125934 0
777191463 0
777191465 0
777191468 0
777191470 0
777256965 0
777256970 0
777256996 0
777257007 0
777322498 0
777322524 0
777322525 0
777322543 0
777388039 0
777388041 0
777388060 0
777388062 0
777453583 0
777453596 0
777453597 0
777453606 0
777519114 0
777519128 0
777519129 0
777519143 0
777584649 0
777584650 0
777584652 0
777584671 0
777650184 0
777650193 0
777650198 0
777650211 0
777715727 0
777715730 0
777715745 0
777715748 0
777781266 0
777781269 0
777781272 0
777781279 0
777846808 0
777846811 0
777846813 0
777846830 0
777912332 0
777912353 0
777912366 0
777912367 0
777977862 0
777977865 0
777977876 0
777977895 0
778043401 0
778043420 0
778043423 0
778043434 0
778108931 0
778108962 0
778108968 0
778108973 0
778174474 0
778174476 0
778174493 0
778174511 0
778240031 0
778240037 0
778240038 0
778240040 0
778305544 0
778305554 0
778305567 0
778305581 0
778371082 0
778371089 0
778371096 0
778371111 0
778436608 0
778436611 0
778436613 0
778436646 0
778502151 0
778502152 0
778502158 0
778502165 0
778567683 0
778567686 0
778567709 0
778567720 0
778633223 0
778633244 0
778633246 0
778633249 0
778698792 0
778698793 0
778698798 0
778698799 0
778764296 0
778764297 0
778764318 0
778764319 0
778829839 0
778829857 0
778829864 0
778829870 0
778895365 0
778895375 0
778895376 0
778895378 0
778960920 0
778960930 0
778960939 0
778960941 0
779026465 0
779026466 0
779026472 0
779026475 0
779091988 0
779091989 0
779091991 0
779092014 0
779157505 0
779157519 0
779157534 0
779157536 0
779223056 0
779223063 0
779223077 0
779223078 0
779288579 0
779288593 0
779288600 0
779288618 0
779354129 0
779354147 0
779354148 0
779354150 0
779419668 0
779419669 0
779419670 0
779419671 0
779485206 0
779485224 0
779485229 0
779485231 0
779550731 0
779550737 0
779550760 0
779550762 0
779616259 0
779616268 0
779616273 0
779616302 0
779681808 0
779681825 0
779681830 0
779681835 0
779747334 0
779747341 0
779747343 0
779747344 0
779812872 0
779812873 0
779812874 0
779812903 0
779878429 0
779878435 0
779878438 0
779878440 0
779943959 0
779943976 0
779943978 0
779943981 0
780009498 0
780009511 0
780009512 0
780009513 0
780075040 0
780075045 0
780075054 0
780075055 0
780140544 0
780140546 0
780140561 0
780140583 0
780206081 0
780206082 0
780206096 0
780206119 0
780271633 0
780271640 0
780271642 0
780271643 0
780337159 0
780337173 0
780337178 0
780337196 0
780402694 0
780402720 0
780402729 0
780402735 0
780468226 0
780468260 0
780468269 0
780468271 0
780533800 0
780533801 0
780533803 0
780533806 0
780599299 0
780599313 0
780599316 0
780599318 0
780664843 0
780664844 0
780664854 0
780664865 0
780730372 0
780730373 0
780730402 0
780730411 0
780795909 0
780795939 0
780795940 0
780795950 0
780861474 0
780861479 0
780861481 0
780861484 0
780926981 0
780926984 0
780926995 0
780926998 0
780992524 0
780992538 0
780992547 0
780992549 0
781058049 0
781058050 0
781058064 0
781058067 0
781123587 0
781123610 0
781123621 0
781123628 0
781189124 0
781189130 0
781189139 0
781189141 0
781254666 0
781254668 0
781254681 0
781254695 0
781320200 0
781320205 0
781320235 0
781320235 0
781320238 0
781385735 0
781385753 0
781385754 0
781385756 0
781451291 0
781451291 0
781451300 0
781451301 0
781451302 0
781516802 0
781516812 0
781516813 0
781516843 0
781582342 0
781582368 0
781582369 0
781582375 0
781647877 0
781647890 0
781647904 0
781647919 0
781713410 0
781713411 0
781713420 0
781713449 0
781778972 0
781778973 0
781778979 0
781778986 0
781844480 0
781844523 0
781844525 0
781844526 0
781910032 0
781910053 0
781910055 0
781910062 0
781975567 0
781975592 0
781975597 0
781975598 0
782041089 0
782041092 0
782041095 0
782041118 0
782106645 0
782106659 0
782106664 0
782106666 0
782172192 0
782172198 0
782172203 0
782172205 0
782237696 0
782237706 0
782237717 0
782237739 0
782303236 0
782303263 0
782303270 0
782303273 0
782368773 0
782368812 0
782368814 0
782368815 0
782434308 0
782434322 0
782434345 0
782434351 0
782499851 0
782499853 0
782499874 0
782499880 0
782565379 0
782565381 0
782565386 0
782565420 0
782630914 0
782630917 0
782630936 0
782630955 0
782696460 0
782696483 0
782696490 0
782696493 0
782762017 0
782762019 0
782762026 0
782762028 0
782827524 0
782827526 0
782827559 0
782827561 0
782893062 0
782893099 0
782893100 0
782893101 0
782958618 0
782958621 0
782958631 0
782958636 0
783024133 0
783024160 0
783024166 0
783024171 0
783089684 0
783089703 0
783089705 0
783089710 0
783155230 0
783155233 0
783155240 0
783155247 0
783220768 0
783220775 0
783220781 0
783220782 0
783286313 0
783286315 0
783286316 0
783286318 0
783351818 0
783351823 0
783351833 0
783351840 0
783417346 0
783417348 0
783417377 0
783417377 0
783417383 0
783482888 0
783482903 0
783482906 0
783482925 0
783548458 0
783548459 0
783548460 0
783548461 0
783613965 0
783613979 0
783613980 0
783613982 0
783679489 0
783679492 0
783679499 0
783679510 0
783745049 0
783745060 0
783745062 0
783745067 0
783810572 0
783810577 0
783810583 0
783810606 0
783876126 0
783876135 0
783876137 0
783876137 0
783876140 0
783941632 0
783941642 0
783941643 0
783941665 0
784007182 0
784007184 0
784007205 0
784007207 0
784072704 0
784072706 0
784072711 0
784072725 0
784138243 0
784138273 0
784138276 0
784138286 0
784203786 0
784203801 0
784203803 0
784203808 0
784269337 0
784269340 0
784269342 0
784269343 0
784334862 0
784334877 0
784334879 0
784334880 0
784400400 0
784400402 0
784400405 0
784400407 0
784465937 0
784465942 0
784465952 0
784465955 0
784531459 0
784531476 0
784531485 0
784531502 0
784597003 0
784597012 0
784597017 0
784597038 0
784662531 0
784662545 0
784662558 0
784662568 0
784728064 0
784728083 0
784728106 0
784728109 0
784793627 0
784793634 0
784793636 0
784793641 0
784859148 0
784859150 0
784859167 0
784859181 0
784924672 0
784924686 0
784924699 0
784924709 0
784990231 0
784990244 0
784990253 0
784990254 0
785055767 0
785055770 0
785055772 0
785055781 0
785121291 0
785121304 0
785121313 0
785121318 0
785186836 0
785186855 0
785186857 0
785186862 0
785252356 0
785252358 0
785252377 0
785252379 0
785317895 0
785317898 0
785317917 0
785317928 0
785383430 0
785383463 0
785383468 0
785383469 0
785383469 0
785448975 0
785448976 0
785448994 0
785449005 0
785514530 0
785514532 0
785514539 0
785514541 0
785580065 0
785580068 0
785580070 0
785580071 0
785645605 0
785645608 0
785645611 0
785645614 0
785711132 0
785711142 0
785711145 0
785711147 0
785776680 0
785776685 0
785776686 0
785776687 0
785842184 0
785842185 0
785842203 0
785842218 0
785907740 0
785907747 0
785907749 0
785907750 0
785973260 0
785973281 0
785973283 0
785973286 0
786038788 0
786038818 0
786038821 0
786038823 0
786104328 0
786104329 0
786104338 0
786104343 0
786169875 0
786169889 0
786169898 0
786169900 0
786235393 0
786235408 0
786235426 0
786235439 0
786300956 0
786300958 0
786300961 0
786300975 0
786366467 0
786366476 0
786366494 0
786366505 0
786432028 0
786432038 0
786432039 0
786432045 0
786497566 0
786497568 0
786497569 0
786497583 0
786563104 0
786563107 0
786563117 0
786563118 0
786628631 0
786628637 0
786628638 0
786628644 0
786694178 0
786694183 0
786694185 0
786694188 0
786759685 0
786759699 0
786759702 0
786759724 0
786825219 0
786825260 0
786825261 0
786825262 0
786890754 0
786890792 0
786890793 0
786890799 0
786956317 0
786956320 0
786956322 0
786956335 0
787021829 0
787021852 0
787021866 0
787021867 0
787087369 0
787087383 0
787087402 0
787087404 0
787152900 0
787152926 0
787152937 0
787152939 0
787218461 0
787218462 0
787218463 0
787218464 0
787283979 0
787284002 0
787284004 0
787284009 0
787349530 0
787349533 0
787349547 0
787349548 0
787415041 0
787415042 0
787415084 0
787415087 0
787480577 0
787480580 0
787480595 0
787480610 0
787546117 0
787546136 0
787546138 0
787546159 0
787611648 0
787611682 0
787611685 0
787611695 0
787677186 0
787677209 0
787677211 0
787677228 0
787742746 0
787742764 0
787742765 0
787742767 0
787808276 0
787808279 0
787808293 0
787808302 0
787873811 0
787873818 0
787873832 0
787873837 0
787939342 0
787939357 0
787939372 0
787939375 0
788004871 0
788004888 0
788004901 0
788004901 0
788004906 0
788070423 0
788070433 0
788070442 0
788070444 0
788135971 0
788135978 0
788135980 0
788135981 0
788201473 0
788201487 0
788201490 0
788201496 0
788267024 0
788267033 0
788267047 0
788267054 0
788332544 0
788332583 0
788332585 0
788332586 0
788398089 0
788398090 0
788398091 0
788398112 0
788463622 0
788463647 0
788463652 0
788463653 0
788529158 0
788529172 0
788529181 0
788529199 0
788594689 0
788594694 0
788594703 0
788594724 0
788660227 0
788660257 0
788660262 0
788660268 0
788725777 0
788725779 0
788725780 0
788725782 0
788791303 0
788791308 0
788791338 0
788791341 0
788856858 0
788856867 0
788856876 0
788856877 0
788922381 0
788922399 0
788922400 0
788922410 0
788987917 0
788987926 0
788987931 0
788987944 0
789053444 0
789053470 0
789053475 0
789053485 0
789119015 0
789119017 0
789119020 0
789119022 0
789184538 0
789184556 0
789184557 0
789184559 0
789250076 0
789250081 0
789250094 0
789250095 0
789315584 0
789315589 0
789315594 0
789315631 0
789381126 0
789381144 0
789381149 0
789381163 0
789446690 0
789446695 0
789446697 0
789446700 0
789512219 0
789512222 0
789512224 0
789512233 0
789577730 0
789577765 0
789577767 0
789577768 0
789643292 0
789643294 0
789643301 0
789643311 0
789708827 0
789708841 0
789708844 0
789708846 0
789774363 0
789774370 0
789774372 0
789774381 0
789839873 0
789839904 0
789839918 0
789839919 0
789905421 0
789905423 0
789905426 0
789905444 0
789970968 0
789970973 0
789970982 0
789970983 0
790036492 0
790036510 0
790036511 0
790036513 0
790102037 0
790102040 0
790102051 0
790102058 0
790167572 0
790167577 0
790167591 0
790167598 0
790233095 0
790233117 0
790233130 0
790233132 0
790298637 0
790298639 0
790298644 0
790298670 0
790364183 0
790364188 0
790364197 0
790364202 0
790429727 0
790429730 0
790429740 0
790429741 0
790495253 0
790495270 0
790495272 0
790495279 0
790560768 0
790560787 0
790560806 0
790560809 0
790626304 0
790626318 0
790626321 0
790626339 0
790691853 0
790691856 0
790691871 0
790691874 0
790757411 0
790757418 0
790757420 0
790757421 0
790822953 0
790822955 0
790822956 0
790822958 0
790888456 0
790888482 0
790888483 0
790888485 0
790953991 0
790953994 0
790954013 0
790954028 0
791019547 0
791019552 0
791019554 0
791019557 0
791085057 0
791085067 0
791085072 0
791085074 0
791150595 0
791150618 0
791150632 0
791150637 0
791216133 0
791216156 0
791216166 0
791216175 0
791281682 0
791281688 0
791281701 0
791281703 0
791347208 0
791347210 0
791347229 0
791347243 0
791412736 0
791412750 0
791412771 0
791412773 0
791478286 0
791478307 0
791478316 0
791478317 0
791543830 0
791543840 0
791543849 0
791543851 0
791609349 0
791609378 0
791609388 0
791609391 0
791674888 0
791674922 0
791674923 0
791674925 0
791740417 0
791740418 0
791740419 0
791740424 0
791805960 0
791805965 0
791805990 0
791805991 0
791871519 0
791871522 0
791871525 0
791871528 0
791937029 0
791937056 0
791937062 0
791937063 0
792002587 0
792002597 0
792002602 0
792002604 0
792068105 0
792068124 0
792068135 0
792068138 0
792133656 0
792133662 0
792133673 0
792133675 0
792199179 0
792199212 0
792199213 0
792199214 0
792264714 0
792264741 0
792264744 0
792264747 0
792330259 0
792330277 0
792330280 0
792330282 0
792395780 0
792395782 0
792395783 0
792395785 0
792461331 0
792461333 0
792461346 0
792461348 0
792526892 0
792526893 0
792526894 0
792526895 0
792592394 0
792592395 0
792592397 0
792592408 0
792657925 0
792657952 0
792657955 0
792657966 0
792723463 0
792723496 0
792723501 0
792723502 0
792788994 0
792788997 0
792789011 0
792789024 0
792854534 0
792854539 0
792854568 0
792854569 0
792920067 0
792920073 0
792920074 0
792920076 0
792985613 0
792985615 0
792985616 0
792985630 0
793051160 0
793051163 0
793051169 0
793051170 0
793116672 0
793116687 0
793116693 0
793116710 0
793182212 0
793182218 0
793182221 0
793182223 0
793247747 0
793247752 0
793247765 0
793247766 0
793313280 0
793313293 0
793313303 0
793313310 0
793378830 0
793378840 0
793378845 0
793378859 0
793444357 0
793444362 0
793444392 0
793444395 0
793509909 0
793509912 0
793509919 0
793509926 0
793575425 0
793575427 0
793575440 0
793575454 0
793640969 0
793640982 0
793640984 0
793640999 0
793706513 0
793706534 0
793706540 0
793706543 0
793772037 0
793772038 0
793772043 0
793772048 0
793837602 0
793837607 0
793837609 0
793837612 0
793903105 0
793903108 0
793903110 0
793903111 0
793968652 0
793968654 0
793968657 0
793968659 0
794034181 0
794034186 0
794034203 0
794034204 0
794099722 0
794099723 0
794099736 0
794099737 0
794165252 0
794165253 0
794165254 0
794165271 0
794230812 0
794230829 0
794230830 0
794230831 0
794296329 0
794296332 0
794296334 0
794296343 0
794361865 0
794361879 0
794361882 0
794361900 0
794427401 0
794427403 0
794427408 0
794427422 0
794492929 0
794492931 0
794492946 0
794492952 0
794558464 0
794558467 0
794558470 0
794558473 0
794624000 0
794624018 0
794624037 0
794624043 0
794689545 0
794689546 0
794689547 0
794689552 0
794755080 0
794755086 0
794755089 0
794755103 0
794820624 0
794820627 0
794820629 0
794820646 0
794886144 0
794886145 0
794886159 0
794886170 0
794951680 0
794951687 0
794951690 0
794951705 0
795017238 0
795017240 0
795017243 0
795017257 0
795082768 0
795082769 0
795082778 0
795082783 0
795148307 0
795148321 0
795148322 0
795148324 0
795213832 0
795213841 0
795213854 0
795213863 0
795279377 0
795279392 0
795279394 0
795279407 0
795344898 0
795344904 0
795344905 0
795344911 0
795410432 0
795410435 0
795410449 0
795410454 0
795475973 0
795475988 0
795475991 0
795475994 0
795541505 0
795541506 0
795541515 0
795541532 0
795607044 0
795607046 0
795607047 0
795607049 0
795672582 0
795672585 0
795672587 0
795672588 0
795738125 0
795738126 0
795738127 0
795738144 0
795803668 0
795803686 0
795803687 0
795803689 0
795869189 0
795869190 0
795869192 0
795869203 0
795934720 0
795934722 0
795934735 0
795934737 0
796000260 0
796000263 0
796000278 0
796000293 0
796065794 0
796065796 0
796065809 0
796065823 0
796131332 0
796131338 0
796131341 0
796131355 0
796196875 0
796196878 0
796196880 0
796196881 0
796262410 0
796262413 0
796262427 0
796262440 0
796327936 0
796327937 0
796327939 0
796327958 0
796393498 0
796393500 0
796393503 0
796393509 0
796459009 0
796459019 0
796459024 0
796459026 0
796524566 0
796524569 0
796524571 0
796524580 0
796590083 0
796590085 0
796590088 0
796590126 0
796655627 0
796655645 0
796655648 0
796655654 0
796721169 0
796721172 0
796721183 0
796721190 0
796786693 0
796786695 0
796786696 0
796786710 0
796852228 0
796852229 0
796852231 0
796852234 0
796917762 0
796917777 0
796917780 0
796917803 0
796983330 0
796983333 0
796983339 0
796983340 0
797048832 0
797048845 0
797048846 0
797048855 0
797114381 0
797114390 0
797114395 0
797114396 0
797179906 0
797179907 0
797179920 0
797179921 0
797245459 0
797245468 0
797245473 0
797245482 0
797310976 0
797310991 0
797310994 0
797311013 0
797376517 0
797376526 0
797376528 0
797376535 0
797442049 0
797442058 0
797442059 0
797442064 0
797507588 0
797507595 0
797507598 0
797507605 0
797573122 0
797573141 0
797573144 0
797573151 0
797638664 0
797638674 0
797638681 0
797638683 0
797704198 0
797704200 0
797704201 0
797704215 0
797769739 0
797769752 0
797769765 0
797769770 0
797835266 0
797835267 0
797835268 0
797835285 0
797900808 0
797900829 0
797900831 0
797900834 0
797966344 0
797966370 0
797966377 0
797966379 0
798031877 0
798031880 0
798031902 0
798031915 0
798097413 0
798097416 0
798097419 0
798097446 0
798162953 0
798162964 0
798162967 0
798162982 0
798228490 0
798228495 0
798228508 0
798228513 0
798294039 0
798294046 0
798294056 0
798294061 0
798359555 0
798359573 0
798359582 0
798359584 0
798425106 0
798425107 0
798425113 0
798425116 0
798490633 0
798490644 0
798490646 0
798490647 0
798556179 0
798556189 0
798556190 0
798556192 0
798621714 0
798621716 0
798621717 0
798621743 0
798687241 0
798687275 0
798687276 0
798687278 0
798752776 0
798752783 0
798752786 0
798752797 0
798818310 0
798818329 0
798818331 0
798818332 0
798883843 0
798883850 0
798883852 0
798883857 0
798949380 0
798949389 0
798949394 0
798949399 0
799014919 0
799014945 0
799014950 0
799014956 0
799080449 0
799080450 0
799080452 0
799080455 0
799145984 0
799145985 0
799146011 0
799146014 0
799211521 0
799211528 0
799211539 0
799211542 0
799277059 0
799277062 0
799277064 0
799277085 0
799342592 0
799342601 0
799342610 0
799342615 0
799408137 0
799408138 0
799408140 0
799408155 0
799473677 0
799473696 0
799473699 0
799473706 0
799539204 0
799539209 0
799539211 0
799539226 0
799604736 0
799604762 0
799604765 0
799604771 0
799670279 0
799670280 0
799670282 0
799670301 0
799735819 0
799735828 0
799735830 0
799735833 0
799801347 0
799801368 0
799801381 0
799801382 0
799866898 0
799866899 0
799866901 0
799866904 0
799932420 0
799932423 0
799932433 0
799932454 0
799997957 0
799997958 0
799997963 0
799997964 0
800063497 0
800063500 0
800063518 0
800063519 0
800129031 0
800129032 0
800129033 0
800129038 0
800194579 0
800194585 0
800194588 0
800194602 0
800260117 0
800260118 0
800260139 0
800260140 0
800325633 0
800325643 0
800325646 0
800325648 0
800391182 0
800391200 0
800391205 0
800391211 0
800456704 0
800456706 0
800456715 0
800456729 0
800522244 0
800522253 0
800522254 0
800522271 0
800587777 0
800587778 0
800587779 0
800587792 0
800653312 0
800653323 0
800653326 0
800653329 0
800718854 0
800718864 0
800718877 0
800718891 0
800784398 0
800784401 0
800784403 0
800784404 0
800849929 0
800849932 0
800849935 0
800849938 0
800915464 0
800915466 0
800915471 0
800915481 0
800981008 0
800981029 0
800981030 0
800981031 0
801046547 0
801046548 0
801046550 0
801046569 0
801112083 0
801112093 0
801112100 0
801112110 0
801177612 0
801177613 0
801177623 0
801177626 0
801243142 0
801243161 0
801243175 0
801243176 0
801308686 0
801308699 0
801308704 0
801308709 0
801374219 0
801374236 0
801374238 0
801374253 0
801439761 0
801439770 0
801439775 0
801439776 0
801505282 0
801505284 0
801505285 0
801505291 0
801570848 0
801570849 0
801570850 0
801570851 0
801636353 0
801636355 0
801636374 0
801636388 0
801701889 0
801701900 0
801701910 0
801701919 0
801767439 0
801767442 0
801767452 0
801767457 0
801832964 0
801832989 0
801832991 0
801832994 0
801898499 0
801898508 0
801898509 0
801898542 0
801964035 0
801964056 0
801964057 0
801964074 0
802029575 0
802029594 0
802029597 0
802029612 0
802095109 0
802095112 0
802095114 0
802095115 0
802160651 0
802160653 0
802160684 0
802160686 0
802226181 0
802226184 0
802226207 0
802226218 0
802291726 0
802291729 0
802291743 0
802291748 0
802357253 0
802357264 0
802357279 0
802357282 0
802422790 0
802422793 0
802422823 0
802422828 0
802488321 0
802488324 0
802488339 0
802488366 0
802553870 0
802553873 0
802553876 0
802553891 0
802619394 0
802619396 0
802619397 0
802619403 0
802684929 0
802684930 0
802684931 0
802684932 0
802750465 0
802750470 0
802750472 0
802750511 0
802816000 0
802816029 0
802816031 0
802816046 0
802881536 0
802881542 0
802881549 0
802881551 0
802947094 0
802947096 0
802947097 0
802947115 0
803012638 0
803012644 0
803012653 0
803012655 0
803078145 0
803078160 0
803078179 0
803078182 0
803143687 0
803143698 0
803143704 0
803143721 0
803209226 0
803209228 0
803209251 0
803209253 0
803274755 0
803274773 0
803274774 0
803274784 0
803340300 0
803340305 0
803340306 0
803340315 0
803405839 0
803405852 0
803405853 0
803405854 0
803471370 0
803471380 0
803471385 0
803471391 0
803536920 0
803536922 0
803536923 0
803536937 0
803602432 0
803602433 0
803602447 0
803602454 0
803667977 0
803667994 0
803668003 0
803668008 0
803733507 0
803733517 0
803733526 0
803733528 0
803799045 0
803799046 0
803799076 0
803799083 0
803864580 0
803864602 0
803864611 0
803864621 0
803930124 0
803930125 0
803930134 0
803930135 0
803995653 0
803995662 0
803995680 0
803995691 0
804061184 0
804061191 0
804061194 0
804061197 0
804126729 0
804126731 0
804126732 0
804126758 0
804192278 0
804192281 0
804192283 0
804192300 0
804257801 0
804257802 0
804257808 0
804257811 0
804323341 0
804323347 0
804323354 0
804323360 0
804388884 0
804388886 0
804388899 0
804388905 0
804454416 0
804454435 0
804454437 0
804454438 0
804519950 0
804519961 0
804519964 0
804519983 0
804585480 0
804585485 0
804585490 0
804585495 0
804651009 0
804651019 0
804651026 0
804651036 0
804716545 0
804716551 0
804716558 0
804716572 0
804782095 0
804782100 0
804782110 0
804782113 0
804847635 0
804847636 0
804847637 0
804847638 0
804913163 0
804913164 0
804913170 0
804913173 0
804978693 0
804978703 0
804978716 0
804978722 0
805044241 0
805044242 0
805044244 0
805044267 0
805109767 0
805109770 0
805109776 0
805109781 0
805175297 0
805175311 0
805175318 0
805175320 0
805240854 0
805240857 0
805240859 0
805240860 0
805306374 0
805306383 0
805306385 0
805306392 0
805371909 0
805371914 0
805371920 0
805371931 0
805437452 0
805437466 0
805437473 0
805437483 0
805502996 0
805503005 0
805503010 0
805503019 0
805568518 0
805568531 0
805568537 0
805568552 0
805634048 0
805634051 0
805634065 0
805634082 0
805699598 0
805699604 0
805699609 0
805699611 0
805765126 0
805765127 0
805765129 0
805765164 0
805830660 0
805830674 0
805830675 0
805830681 0
805896209 0
805896211 0
805896226 0
805896232 0
805961739 0
805961744 0
805961749 0
805961762 0
806027266 0
806027296 0
806027297 0
806027311 0
806092818 0
806092825 0
806092832 0
806092839 0
806158350 0
806158352 0
806158369 0
806158371 0
806223878 0
806223883 0
806223892 0
806223917 0
806289421 0
806289434 0
806289436 0
806289443 0
806354956 0
806354966 0
806354977 0
806354991 0
806420510 0
806420513 0
806420515 0
806420520 0
806486022 0
806486025 0
806486036 0
806486059 0
806551553 0
806551562 0
806551568 0
806551587 0
806617114 0
806617116 0
806617119 0
806617125 0
806682626 0
806682628 0
806682629 0
806682643 0
806748161 0
806748162 0
806748176 0
806748187 0
806813702 0
806813723 0
806813732 0
806813741 0
806879236 0
806879241 0
806879247 0
806879250 0
806944769 0
806944772 0
806944775 0
806944778 0
807010320 0
807010333 0
807010334 0
807010335 0
807075842 0
807075843 0
807075849 0
807075856 0
807141397 0
807141406 0
807141415 0
807141420 0
807206925 0
807206928 0
807206930 0
807206951 0
807272452 0
807272478 0
807272485 0
807272487 0
807337984 0
807338001 0
807338011 0
807338014 0
807403522 0
807403523 0
807403524 0
807403525 0
807469060 0
807469062 0
807469071 0
807469073 0
807534605 0
807534626 0
807534631 0
807534632 0
807600128 0
807600133 0
807600139 0
807600142 0
807665669 0
807665672 0
807665674 0
807665683 0
807731200 0
807731218 0
807731219 0
807731221 0
807796738 0
807796740 0
807796741 0
807796767 0
807862273 0
807862274 0
807862279 0
807862292 0
807927819 0
807927822 0
807927844 0
807927849 0
807993345 0
807993346 0
807993348 0
807993359 0
808058888 0
808058891 0
808058901 0
808058906 0
808124423 0
808124437 0
808124438 0
808124452 0
808189960 0
808189965 0
808189970 0
808189975 0
808255504 0
808255509 0
808255523 0
808255530 0
808321027 0
808321038 0
808321048 0
808321049 0
808386566 0
808386580 0
808386589 0
808386603 0
808452096 0
808452107 0
808452110 0
808452137 0
808517632 0
808517634 0
808517637 0
808517663 0
808583169 0
808583171 0
808583184 0
808583194 0
808648718 0
808648736 0
808648743 0
808648749 0
808714243 0
808714246 0
808714249 0
808714284 0
808779788 0
808779791 0
808779806 0
808779809 0
808845321 0
808845324 0
808845326 0
808845343 0
808910862 0
808910863 0
808910864 0
808910881 0
808976400 0
808976403 0
808976410 0
808976421 0
809041934 0
809041945 0
809041951 0
809041956 0
809107463 0
809107465 0
809107466 0
809107480 0
809173004 0
809173006 0
809173007 0
809173017 0
809238529 0
809238544 0
809238551 0
809238558 0
809304065 0
809304075 0
809304076 0
809304078 0
809369607 0
809369609 0
809369612 0
809369630 0
809435148 0
809435150 0
809435165 0
809435183 0
809500672 0
809500677 0
809500678 0
809500679 0
809566214 0
809566237 0
809566244 0
809566251 0
809631753 0
809631756 0
809631771 0
809631774 0
809697281 0
809697294 0
809697296 0
809697299 0
809762830 0
809762835 0
809762841 0
809762844 0
809828363 0
809828376 0
809828381 0
809828382 0
809893899 0
809893899 0
809893902 0
809893904 0
809893905 0
809959430 0
809959432 0
809959449 0
809959459 0
810024978 0
810024984 0
810024987 0
810024989 0
810090504 0
810090506 0
810090531 0
810090533 0
810156052 0
810156054 0
810156055 0
810156069 0
810221569 0
810221576 0
810221582 0
810221583 0
810287124 0
810287127 0
810287141 0
810287142 0
810352655 0
810352666 0
810352669 0
810352672 0
810418189 0
810418190 0
810418208 0
810418223 0
810483724 0
810483747 0
810483749 0
810483758 0
810549261 0
810549262 0
810549263 0
810549292 0
810614784 0
810614789 0
810614802 0
810614815 0
810680328 0
810680331 0
810680338 0
810680361 0
810745872 0
810745886 0
810745893 0
810745899 0
810811393 0
810811394 0
810811407 0
810811412 0
810876944 0
810876958 0
810876961 0
810876963 0
810942467 0
810942496 0
810942498 0
810942501 0
811008003 0
811008010 0
811008017 0
811008040 0
811073560 0
811073563 0
811073574 0
811073581 0
811139080 0
811139081 0
811139087 0
811139118 0
811204610 0
811204612 0
811204627 0
811204653 0
811270147 0
811270161 0
811270164 0
811270166 0
811335681 0
811335702 0
811335703 0
811335708 0
811401228 0
811401234 0
811401243 0
811401253 0
811466756 0
811466769 0
811466771 0
811466774 0
811532290 0
811532300 0
811532307 0
811532317 0
811597828 0
811597837 0
811597838 0
811597855 0
811663362 0
811663367 0
811663372 0
811663381 0
811728900 0
811728933 0
811728935 0
811728938 0
811794443 0
811794468 0
811794477 0
811794478 0
811859968 0
811859978 0
811859981 0
811860003 0
811925526 0
811925531 0
811925533 0
811925544 0
811991040 0
811991047 0
811991049 0
811991078 0
812056576 0
812056579 0
812056593 0
812056594 0
812122119 0
812122122 0
812122133 0
812122140 0
812187685 0
812187686 0
812187688 0
812187695 0
812253203 0
812253205 0
812253208 0
812253214 0
812318721 0
812318740 0
812318755 0
812318758 0
812384262 0
812384265 0
812384272 0
812384279 0
812449794 0
812449805 0
812449807 0
812449812 0
812515332 0
812515351 0
812515353 0
812515358 0
812580871 0
812580890 0
812580905 0
812580908 0
812646424 0
812646425 0
812646438 0
812646443 0
812711946 0
812711949 0
812711960 0
812711963 0
812777472 0
812777474 0
812777475 0
812777485 0
812843015 0
812843016 0
812843018 0
812843021 0
812908549 0
812908554 0
812908556 0
812908579 0
812974080 0
812974083 0
812974101 0
812974110 0
813039622 0
813039625 0
813039647 0
813039656 0
813105155 0
813105169 0
813105170 0
813105172 0
813170706 0
813170708 0
813170711 0
813170713 0
813236225 0
813236247 0
813236264 0
813236266 0
813301767 0
813301782 0
813301784 0
813301789 0
813367315 0
813367325 0
813367334 0
813367336 0
813432847 0
813432860 0
813432865 0
813432878 0
813498371 0
813498374 0
813498376 0
813498393 0
813563917 0
813563922 0
813563931 0
813563940 0
813629441 0
813629447 0
813629462 0
813629480 0
813694987 0
813694988 0
813694998 0
813695009 0
813760545 0
813760546 0
813760547 0
813760552 0
813826052 0
813826053 0
813826062 0
813826071 0
813891604 0
813891607 0
813891618 0
813891629 0
813957137 0
813957140 0
813957147 0
813957154 0
814022656 0
814022669 0
814022686 0
814022691 0
814088203 0
814088208 0
814088221 0
814088238 0
814153744 0
814153746 0
814153747 0
814153761 0
814219267 0
814219284 0
814219285 0
814219286 0
814284801 0
814284827 0
814284840 0
814284846 0
814350343 0
814350348 0
814350358 0
814350361 0
814415880 0
814415891 0
814415905 0
814415906 0
814481417 0
814481424 0
814481427 0
814481446 0
814546956 0
814546973 0
814546986 0
814546991 0
814612480 0
814612485 0
814612486 0
814612523 0
814678018 0
814678021 0
814678035 0
814678040 0
814743579 0
814743592 0
814743597 0
814743598 0
814809115 0
814809120 0
814809125 0
814809126 0
814874656 0
814874657 0
814874659 0
814874662 0
814940160 0
814940170 0
814940171 0
814940173 0
815005700 0
815005706 0
815005721 0
815005727 0
815071245 0
815071271 0
815071272 0
815071278 0
815136770 0
815136773 0
815136776 0
815136779 0
815202309 0
815202332 0
815202342 0
815202343 0
815267844 0
815267853 0
815267858 0
815267867 0
815333395 0
815333404 0
815333405 0
815333418 0
815398945 0
815398946 0
815398951 0
815398952 0
815464452 0
815464459 0
815464470 0
815464489 0
815529999 0
815530005 0
815530008 0
815530014 0
815595521 0
815595538 0
815595540 0
815595567 0
815661067 0
815661068 0
815661074 0
815661077 0
815726599 0
815726616 0
815726625 0
815726630 0
815792128 0
815792153 0
815792154 0
815792163 0
815857670 0
815857673 0
815857684 0
815857703 0
815923203 0
815923205 0
815923206 0
815923232 0
815988742 0
815988749 0
815988752 0
815988783 0
816054297 0
816054299 0
816054300 0
816054310 0
816119834 0
816119836 0
816119849 0
816119851 0
816185356 0
816185374 0
816185387 0
816185389 0
816250886 0
816250893 0
816250900 0
816250903 0
816316423 0
816316449 0
816316456 0
816316462 0
816381961 0
816381964 0
816381974 0
816381975 0
816447496 0
816447497 0
816447507 0
816447522 0
816513031 0
816513048 0
816513053 0
816513062 0
816578569 0
816578570 0
816578572 0
816578599 0
816644107 0
816644117 0
816644118 0
816644132 0
816709638 0
816709645 0
816709652 0
816709655 0
816775182 0
816775185 0
816775200 0
816775215 0
816840706 0
816840712 0
816840727 0
816840745 0
816906250 0
816906253 0
816906264 0
816906271 0
816971796 0
816971809 0
816971815 0
816971822 0
817037312 0
817037331 0
817037345 0
817037354 0
817102848 0
817102855 0
817102866 0
817102869 0
817168384 0
817168389 0
817168395 0
817168402 0
817233935 0
817233960 0
817233961 0
817233962 0
817299466 0
817299471 0
817299477 0
817299484 0
817364994 0
817365004 0
817365007 0
817365009 0
817430547 0
817430550 0
817430552 0
817430553 0
817496067 0
817496069 0
817496082 0
817496092 0
817561607 0
817561624 0
817561633 0
817561642 0
817627143 0
817627144 0
817627153 0
817627178 0
817692673 0
817692679 0
817692684 0
817692686 0
817758213 0
817758227 0
817758230 0
817758244 0
817823745 0
817823754 0
817823788 0
817823791 0
817889284 0
817889289 0
817889294 0
817889303 0
817954823 0
817954842 0
817954844 0
817954845 0
818020354 0
818020355 0
818020356 0
818020373 0
818085896 0
818085930 0
818085933 0
818085935 0
818151427 0
818151429 0
818151454 0
818151464 0
818216993 0
818216996 0
818216998 0
818217003 0
818282503 0
818282509 0
818282530 0
818282540 0
818348036 0
818348055 0
818348058 0
818348061 0
818413588 0
818413590 0
818413591 0
818413593 0
818479106 0
818479111 0
818479112 0
818479145 0
818544646 0
818544649 0
818544672 0
818544679 0
818610187 0
818610192 0
818610197 0
818610206 0
818675728 0
818675729 0
818675731 0
818675734 0
818741248 0
818741279 0
818741281 0
818741282 0
818806803 0
818806817 0
818806826 0
818806828 0
818872331 0
818872338 0
818872353 0
818872356 0
818937875 0
818937882 0
818937884 0
818937889 0
819003396 0
819003414 0
819003417 0
819003423 0
819068936 0
819068947 0
819068961 0
819068962 0
819134479 0
819134481 0
819134486 0
819134500 0
819200013 0
819200015 0
819200020 0
819200034 0
819265558 0
819265564 0
819265569 0
819265583 0
819331086 0
819331092 0
819331097 0
819331111 0
819396636 0
819396642 0
819396649 0
819396651 0
819462168 0
819462178 0
819462179 0
819462185 0
819527706 0
819527709 0
819527711 0
819527716 0
819593218 0
819593223 0
819593253 0
819593256 0
819658772 0
819658775 0
819658777 0
819658782 0
819724288 0
819724295 0
819724302 0
819724305 0
819789835 0
819789837 0
819789858 0
819789860 0
819855361 0
819855395 0
819855400 0
819855402 0
819920908 0
819920910 0
819920917 0
819920935 0
819986465 0
819986468 0
819986478 0
819986479 0
820051974 0
820051975 0
820051980 0
820051985 0
820117512 0
820117526 0
820117529 0
820117531 0
820183044 0
820183058 0
820183071 0
820183085 0
820248583 0
820248597 0
820248602 0
820248612 0
820314112 0
820314126 0
820314133 0
820314147 0
820379655 0
820379680 0
820379685 0
820379690 0
820445197 0
820445212 0
820445222 0
820445231 0
820510745 0
820510750 0
820510751 0
820510752 0
820576257 0
820576268 0
820576282 0
820576303 0
820641805 0
820641812 0
820641814 0
820641819 0
820707334 0
820707371 0
820707372 0
820707373 0
820772867 0
820772870 0
820772896 0
820772901 0
820838407 0
820838421 0
820838444 0
820838446 0
820903945 0
820903956 0
820903963 0
820903970 0
820969485 0
820969506 0
820969508 0
820969519 0
821035035 0
821035042 0
821035044 0
821035049 0
821100559 0
821100569 0
821100586 0
821100588 0
821166097 0
821166107 0
821166108 0
821166122 0
821231622 0
821231631 0
821231633 0
821231636 0
821297152 0
821297171 0
821297174 0
821297185 0
821362694 0
821362701 0
821362703 0
821362716 0
821428224 0
821428226 0
821428257 0
821428267 0
821493778 0
821493795 0
821493797 0
821493804 0
821559314 0
821559321 0
821559328 0
821559339 0
821624864 0
821624867 0
821624870 0
821624877 0
821690386 0
821690387 0
821690397 0
821690408 0
821755912 0
821755922 0
821755931 0
821755933 0
821821461 0
821821466 0
821821479 0
821821480 0
821886978 0
821886984 0
821886989 0
821886995 0
821952518 0
821952523 0
821952525 0
821952532 0
822018051 0
822018052 0
822018065 0
822018070 0
822083619 0
822083625 0
822083626 0
822083628 0
822149135 0
822149137 0
822149140 0
822149154 0
822214670 0
822214676 0
822214677 0
822214683 0
822280196 0
822280201 0
822280214 0
822280219 0
822345749 0
822345758 0
822345759 0
822345760 0
822411265 0
822411275 0
822411290 0
822411296 0
822476806 0
822476812 0
822476829 0
822476831 0
822542364 0
822542370 0
822542381 0
822542383 0
822607875 0
822607882 0
822607900 0
822607913 0
822673410 0
822673412 0
822673419 0
822673437 0
822738945 0
822738959 0
822738960 0
822738962 0
822804503 0
822804505 0
822804514 0
822804516 0
822870016 0
822870034 0
822870057 0
822870059 0
822935559 0
822935576 0
822935585 0
822935594 0
823001089 0
823001126 0
823001128 0
823001131 0
823066632 0
823066637 0
823066670 0
823066671 0
823132176 0
823132186 0
823132197 0
823132207 0
823197702 0
823197712 0
823197727 0
823197741 0
823263267 0
823263272 0
823263277 0
823263278 0
823328780 0
823328781 0
823328803 0
823328806 0
823394337 0
823394346 0
823394347 0
823394348 0
823459841 0
823459862 0
823459864 0
823459867 0
823525377 0
823525394 0
823525399 0
823525412 0
823590935 0
823590936 0
823590938 0
823590945 0
823656475 0
823656481 0
823656490 0
823656492 0
823721986 0
823722001 0
823722024 0
823722031 0
823787541 0
823787551 0
823787558 0
823787564 0
823853057 0
823853062 0
823853063 0
823853092 0
823918599 0
823918616 0
823918622 0
823918637 0
823984160 0
823984167 0
823984169 0
823984170 0
824049698 0
824049703 0
824049705 0
824049708 0
824115214 0
824115216 0
824115237 0
824115243 0
824180753 0
824180762 0
824180763 0
824180768 0
824246298 0
824246305 0
824246307 0
824246312 0
824311808 0
824311809 0
824311839 0
824311854 0
824377348 0
824377377 0
824377379 0
824377382 0
824442886 0
824442909 0
824442916 0
824442919 0
824508422 0
824508424 0
824508441 0
824508443 0
824573968 0
824573973 0
824573975 0
824573986 0
824639505 0
824639508 0
824639518 0
824639531 0
824705042 0
824705051 0
824705060 0
824705065 0
824770567 0
824770581 0
824770586 0
824770588 0
824836124 0
824836134 0
824836141 0
824836143 0
824901644 0
824901667 0
824901669 0
824901678 0
824967187 0
824967188 0
824967194 0
824967201 0
825032717 0
825032728 0
825032734 0
825032735 0
825098242 0
825098248 0
825098249 0
825098255 0
825163781 0
825163799 0
825163800 0
825163818 0
825229338 0
825229344 0
825229351 0
825229353 0
825294873 0
825294882 0
825294887 0
825294892 0
825360386 0
825360412 0
825360423 0
825360425 0
825425921 0
825425938 0
825425940 0
825425947 0
825491471 0
825491474 0
825491492 0
825491493 0
825556997 0
825557022 0
825557024 0
825557027 0
825622538 0
825622540 0
825622569 0
825622575 0
825688069 0
825688078 0
825688083 0
825688104 0
825753606 0
825753625 0
825753635 0
825753636 0
825819148 0
825819157 0
825819159 0
825819178 0
825884689 0
825884692 0
825884714 0
825884719 0
825950214 0
825950219 0
825950221 0
825950228 0
826015749 0
826015770 0
826015784 0
826015787 0
826081288 0
826081289 0
826081290 0
826081291 0
826146824 0
826146825 0
826146842 0
826146847 0
826212353 0
826212358 0
826212364 0
826212379 0
826277890 0
826277903 0
826277920 0
826277933 0
826343427 0
826343430 0
826343448 0
826343449 0
826408961 0
826408963 0
826408980 0
826408994 0
826474506 0
826474525 0
826474532 0
826474535 0
826540034 0
826540037 0
826540043 0
826540076 0
826605572 0
826605578 0
826605591 0
826605597 0
826671112 0
826671126 0
826671149 0
826671151 0
826736662 0
826736664 0
826736667 0
826736685 0
826802178 0
826802180 0
826802183 0
826802201 0
826867716 0
826867718 0
826867725 0
826867751 0
826933252 0
826933262 0
826933269 0
826933279 0
826998791 0
826998792 0
826998810 0
826998813 0
827064352 0
827064354 0
827064355 0
827064361 0
827129876 0
827129891 0
827129893 0
827129894 0
827195402 0
827195409 0
827195416 0
827195423 0
827260948 0
827260951 0
827260970 0
827260973 0
827326479 0
827326486 0
827326489 0
827326492 0
827392012 0
827392014 0
827392023 0
827392025 0
827457551 0
827457572 0
827457577 0
827457582 0
827523088 0
827523090 0
827523103 0
827523109 0
827588621 0
827588623 0
827588644 0
827588650 0
827654144 0
827654153 0
827654158 0
827654171 0
827719689 0
827719691 0
827719704 0
827719706 0
827785223 0
827785245 0
827785248 0
827785250 0
827850755 0
827850757 0
827850780 0
827850786 0
827916311 0
827916316 0
827916321 0
827916326 0
827981828 0
827981846 0
827981847 0
827981865 0
828047372 0
828047386 0
828047389 0
828047407 0
828112897 0
828112915 0
828112934 0
828112936 0
828178437 0
828178439 0
828178448 0
828178458 0
828243972 0
828243975 0
828243978 0
828243989 0
828309511 0
828309525 0
828309526 0
828309544 0
828375051 0
828375061 0
828375068 0
828375078 0
828440595 0
828440609 0
828440612 0
828440614 0
828506124 0
828506127 0
828506138 0
828506157 0
828571657 0
828571671 0
828571678 0
828571680 0
828637193 0
828637196 0
828637227 0
828637230 0
828702722 0
828702724 0
828702731 0
828702745 0
828768261 0
828768264 0
828768270 0
828768291 0
828833794 0
828833813 0
828833827 0
828833832 0
828899328 0
828899354 0
828899361 0
828899363 0
828964874 0
828964885 0
828964895 0
828964904 0
829030413 0
829030415 0
829030418 0
829030420 0
829095939 0
829095953 0
829095956 0
829095958 0
829161476 0
829161506 0
829161515 0
829161517 0
829227021 0
829227026 0
829227031 0
829227036 0
829292550 0
829292569 0
829292572 0
829292579 0
829358086 0
829358093 0
829358107 0
829358120 0
829423647 0
829423652 0
829423657 0
829423658 0
829489156 0
829489167 0
829489169 0
829489178 0
829554691 0
829554716 0
829554721 0
829554730 0
829620225 0
829620255 0
829620262 0
829620268 0
829685770 0
829685772 0
829685773 0
829685795 0
829751301 0
829751310 0
829751315 0
829751336 0
829816833 0
829816835 0
829816836 0
829816850 0
829882390 0
829882408 0
829882413 0
829882415 0
829947910 0
829947913 0
829947927 0
829947948 0
830013455 0
830013461 0
830013480 0
830013482 0
830078992 0
830079001 0
830079007 0
830079022 0
830144526 0
830144531 0
830144533 0
830144544 0
830210057 0
830210059 0
830210072 0
830210086 0
830275584 0
830275589 0
830275599 0
830275610 0
830341120 0
830341125 0
830341139 0
830341146 0
830406674 0
830406676 0
830406685 0
830406687 0
830472206 0
830472220 0
830472235 0
830472237 0
830537728 0
830537729 0
830537731 0
830537738 0
830603267 0
830603280 0
830603293 0
830603294 0
830668800 0
830668806 0
830668809 0
830668823 0
830734343 0
830734344 0
830734349 0
830734350 0
830799887 0
830799902 0
830799908 0
830799913 0
830865427 0
830865438 0
830865444 0
830865445 0
830930949 0
830930963 0
830930976 0
830930990 0
830996497 0
830996499 0
830996514 0
830996516 0
831062026 0
831062029 0
831062048 0
831062059 0
831127564 0
831127590 0
831127593 0
831127599 0
831193090 0
831193100 0
831193109 0
831193123 0
831258636 0
831258638 0
831258645 0
831258651 0
831324182 0
831324188 0
831324205 0
831324207 0
831389719 0
831389722 0
831389736 0
831389737 0
831455237 0
831455240 0
831455246 0
831455271 0
831520777 0
831520780 0
831520795 0
831520802 0
831586306 0
831586327 0
831586340 0
831586349 0
831651844 0
831651859 0
831651861 0
831651870 0
831717384 0
831717386 0
831717391 0
831717413 0
831782913 0
831782916 0
831782922 0
831782943 0
831848467 0
831848472 0
831848474 0
831848481 0
831913985 0
831913986 0
831913987 0
831914016 0
831979535 0
831979537 0
831979540 0
831979558 0
832045079 0
832045086 0
832045088 0
832045089 0
832110609 0
832110612 0
832110615 0
832110634 0
832176131 0
832176137 0
832176154 0
832176156 0
832241678 0
832241692 0
832241693 0
832241707 0
832307219 0
832307225 0
832307228 0
832307230 0
832372737 0
832372739 0
832372740 0
832372770 0
832438279 0
832438286 0
832438301 0
832438312 0
832503808 0
832503825 0
832503826 0
832503855 0
832569345 0
832569360 0
832569362 0
832569387 0
832634897 0
832634912 0
832634914 0
832634915 0
832700416 0
832700418 0
832700421 0
832700439 0
832765955 0
832765958 0
832765968 0
832765993 0
832831490 0
832831504 0
832831533 0
832831535 0
832897024 0
832897031 0
832897038 0
832897045 0
832962561 0
832962564 0
832962566 0
832962567 0
833028096 0
833028113 0
833028122 0
833028135 0
833093653 0
833093662 0
833093663 0
833093676 0
833159178 0
833159181 0
833159200 0
833159207 0
833224710 0
833224712 0
833224729 0
833224743 0
833290250 0
833290256 0
833290273 0
833290283 0
833355805 0
833355810 0
833355811 0
833355812 0
833421330 0
833421333 0
833421343 0
833421344 0
833486865 0
833486868 0
833486875 0
833486890 0
833552387 0
833552393 0
833552428 0
833552430 0
833617929 0
833617954 0
833617956 0
833617967 0
833683461 0
833683471 0
833683484 0
833683502 0
833748992 0
833748994 0
833749021 0
833749035 0
833814528 0
833814533 0
833814538 0
833814551 0
833880070 0
833880072 0
833880075 0
833880089 0
833945622 0
833945624 0
833945629 0
833945639 0
834011156 0
834011159 0
834011173 0
834011178 0
834076676 0
834076691 0
834076709 0
834076718 0
834142210 0
834142231 0
834142244 0
834142253 0
834207764 0
834207785 0
834207786 0
834207787 0
834273291 0
834273306 0
834273308 0
834273321 0
834338825 0
834338828 0
834338851 0
834338862 0
834404371 0
834404380 0
834404386 0
834404389 0
834469894 0
834469896 0
834469901 0
834469903 0
834535425 0
834535430 0
834535432 0
834535447 0
834600962 0
834600971 0
834600988 0
834600997 0
834666514 0
834666516 0
834666519 0
834666533 0
834732034 0
834732036 0
834732037 0
834732059 0
834797583 0
834797597 0
834797612 0
834797614 0
834863112 0
834863131 0
834863142 0
834863145 0
834928656 0
834928663 0
834928670 0
834928681 0
834994178 0
834994200 0
834994207 0
834994221 0
835059723 0
835059738 0
835059740 0
835059745 0
835125277 0
835125279 0
835125280 0
835125294 0
835190789 0
835190798 0
835190807 0
835190824 0
835256326 0
835256329 0
835256359 0
835256360 0
835321872 0
835321873 0
835321882 0
835321891 0
835387394 0
835387395 0
835387401 0
835387404 0
835452932 0
835452953 0
835452959 0
835452962 0
835518470 0
835518471 0
835518484 0
835518489 0
835584019 0
835584033 0
835584034 0
835584036 0
835649552 0
835649563 0
835649565 0
835649570 0
835715081 0
835715086 0
835715099 0
835715104 0
835780623 0
835780640 0
835780645 0
835780650 0
835846155 0
835846173 0
835846178 0
835846184 0
835911696 0
835911699 0
835911709 0
835911710 0
835977233 0
835977235 0
835977244 0
835977254 0
836042769 0
836042779 0
836042782 0
836042788 0
836108302 0
836108303 0
836108308 0
836108309 0
836173831 0
836173840 0
836173854 0
836173861 0
836239362 0
836239391 0
836239396 0
836239401 0
836304909 0
836304915 0
836304926 0
836304940 0
836370442 0
836370456 0
836370457 0
836370475 0
836435968 0
836436003 0
836436009 0
836436010 0
836501508 0
836501513 0
836501542 0
836501551 0
836567041 0
836567067 0
836567078 0
836567080 0
836632577 0
836632598 0
836632616 0
836632623 0
836698119 0
836698122 0
836698133 0
836698136 0
836763673 0
836763680 0
836763683 0
836763690 0
836829204 0
836829205 0
836829210 0
836829231 0
836894737 0
836894740 0
836894751 0
836894754 0
836960277 0
836960280 0
836960283 0
836960294 0
837025816 0
837025818 0
837025819 0
837025833 0
837091328 0
837091353 0
837091366 0
837091375 0
837156882 0
837156885 0
837156892 0
837156903 0
837222405 0
837222424 0
837222427 0
837222438 0
837287953 0
837287980 0
837287982 0
837287983 0
837353475 0
837353488 0
837353494 0
837353497 0
837419023 0
837419042 0
837419044 0
837419045 0
837484549 0
837484552 0
837484574 0
837484583 0
837550082 0
837550089 0
837550095 0
837550124 0
837615616 0
837615619 0
837615626 0
837615637 0
837681153 0
837681174 0
837681188 0
837681191 0
837746702 0
837746703 0
837746713 0
837746728 0
837812229 0
837812247 0
837812248 0
837812270 0
837877784 0
837877805 0
837877806 0
837877807 0
837943298 0
837943312 0
837943315 0
837943321 0
838008839 0
838008853 0
838008872 0
838008874 0
838074368 0
838074370 0
838074375 0
838074393 0
838139912 0
838139922 0
838139929 0
838139935 0
838205443 0
838205445 0
838205452 0
838205454 0
838271012 0
838271015 0
838271017 0
838271022 0
838336538 0
838336544 0
838336549 0
838336551 0
838402083 0
838402084 0
838402085 0
838402094 0
838467584 0
838467609 0
838467619 0
838467626 0
838533149 0
838533151 0
838533162 0
838533164 0
838598673 0
838598686 0
838598688 0
838598695 0
838664202 0
838664205 0
838664223 0
838664236 0
838729729 0
838729743 0
838729746 0
838729764 0
838795267 0
838795276 0
838795290 0
838795297 0
838860824 0
838860837 0
838860842 0
838860847 0
838926345 0
838926364 0
838926367 0
838926378 0
838991874 0
838991883 0
838991888 0
838991917 0
839057418 0
839057419 0
839057420 0
839057421 0
839122952 0
839122967 0
839122970 0
839122981 0
839188487 0
839188492 0
839188509 0
839188522 0
839254018 0
839254039 0
839254053 0
839254060 0
839319566 0
839319587 0
839319588 0
839319593 0
839385112 0
839385119 0
839385121 0
839385130 0
839450634 0
839450637 0
839450655 0
839450668 0
839516162 0
839516163 0
839516164 0
839516177 0
839581726 0
839581732 0
839581737 0
839581739 0
839647257 0
839647262 0
839647268 0
839647271 0
839712787 0
839712794 0
839712796 0
839712797 0
839778316 0
839778335 0
839778349 0
839778350 0
839843848 0
839843861 0
839843878 0
839843883 0
839909387 0
839909389 0
839909392 0
839909414 0
839974937 0
839974944 0
839974954 0
839974955 0
840040466 0
840040469 0
840040480 0
840040495 0
840105993 0
840106020 0
840106026 0
840106031 0
840171534 0
840171535 0
840171536 0
840171537 0
840237056 0
840237061 0
840237063 0
840237082 0
840302610 0
840302619 0
840302624 0
840302629 0
840368132 0
840368142 0
840368157 0
840368159 0
840433681 0
840433682 0
840433700 0
840433711 0
840499235 0
840499236 0
840499237 0
840499242 0
840564736 0
840564738 0
840564757 0
840564779 0
840630296 0
840630298 0
840630317 0
840630319 0
840695810 0
840695820 0
840695839 0
840695841 0
840761347 0
840761368 0
840761385 0
840761390 0
840826881 0
840826898 0
840826912 0
840826923 0
840892438 0
840892452 0
840892459 0
840892461 0
840957968 0
840957981 0
840957982 0
840957991 0
841023492 0
841023495 0
841023497 0
841023522 0
841089043 0
841089056 0
841089057 0
841089070 0
841154568 0
841154571 0
841154582 0
841154585 0
841220108 0
841220110 0
841220119 0
841220141 0
841285644 0
841285658 0
841285665 0
841285667 0
841351168 0
841351171 0
841351174 0
841351177 0
841416714 0
841416719 0
841416728 0
841416745 0
841482243 0
841482266 0
841482268 0
841482281 0
841547784 0
841547797 0
841547811 0
841547818 0
841613312 0
841613313 0
841613327 0
841613354 0
841678866 0
841678872 0
841678877 0
841678879 0
841744384 0
841744402 0
841744405 0
841744407 0
841809928 0
841809939 0
841809942 0
841809961 0
841875456 0
841875467 0
841875473 0
841875482 0
841940998 0
841941012 0
841941013 0
841941015 0
842006529 0
842006530 0
842006531 0
842006536 0
842072100 0
842072102 0
842072109 0
842072111 0
842137615 0
842137630 0
842137640 0
842137645 0
842203155 0
842203160 0
842203169 0
842203178 0
842268688 0
842268699 0
842268710 0
842268713 0
842334232 0
842334241 0
842334243 0
842334250 0
842399771 0
842399774 0
842399780 0
842399781 0
842465297 0
842465307 0
842465310 0
842465324 0
842530819 0
842530838 0
842530852 0
842530853 0
842596366 0
842596387 0
842596389 0
842596392 0
842661892 0
842661897 0
842661898 0
842661911 0
842727431 0
842727442 0
842727448 0
842727453 0
842792999 0
842793001 0
842793004 0
842793006 0
842858501 0
842858506 0
842858532 0
842858543 0
842924043 0
842924045 0
842924064 0
842924078 0
842989590 0
842989592 0
842989605 0
842989611 0
843055117 0
843055126 0
843055140 0
843055147 0
843120658 0
843120660 0
843120665 0
843120679 0
843186207 0
843186213 0
843186214 0
843186216 0
843251723 0
843251725 0
843251748 0
843251750 0
843317260 0
843317281 0
843317294 0
843317295 0
843382802 0
843382805 0
843382808 0
843382815 0
843448344 0
843448347 0
843448349 0
843448366 0
843513865 0
843513866 0
843513868 0
843513887 0
843579401 0
843579420 0
843579423 0
843579434 0
843644935 0
843644937 0
843644956 0
843644958 0
843710479 0
843710482 0
843710497 0
843710500 0
843776007 0
843776008 0
843776014 0
843776021 0
843841536 0
843841539 0
843841541 0
843841574 0
843907081 0
843907106 0
843907108 0
843907111 0
843972614 0
843972617 0
843972628 0
843972647 0
844038152 0
844038162 0
844038175 0
844038189 0
844103690 0
844103704 0
844103705 0
844103719 0
844169224 0
844169257 0
844169258 0
844169259 0
844234755 0
844234786 0
844234792 0
844234797 0
844300296 0
844300305 0
844300310 0
844300323 0
844365826 0
844365852 0
844365853 0
844365871 0
844431370 0
844431377 0
844431384 0
844431399 0
844496911 0
844496929 0
844496936 0
844496942 0
844562456 0
844562466 0
844562475 0
844562477 0
844627983 0
844627996 0
844627997 0
844628006 0
844693505 0
844693519 0
844693534 0
844693536 0
844759055 0
844759056 0
844759058 0
844759061 0
844824586 0
844824588 0
844824605 0
844824623 0
844890119 0
844890140 0
844890142 0
844890145 0
844955688 0
844955689 0
844955694 0
844955695 0
845021192 0
845021193 0
845021194 0
845021223 0
845086725 0
845086740 0
845086743 0
845086766 0
845152264 0
845152265 0
845152286 0
845152287 0
845217795 0
845217809 0
845217816 0
845217834 0
845283361 0
845283362 0
845283368 0
845283371 0
845348867 0
845348870 0
845348893 0
845348904 0
845414417 0
845414435 0
845414436 0
845414438 0
845479965 0
845479971 0
845479974 0
845479976 0
845545492 0
845545493 0
845545494 0
845545495 0
845611024 0
845611031 0
845611045 0
845611046 0
845676560 0
845676577 0
845676582 0
845676587 0
845742103 0
845742120 0
845742122 0
845742125 0
845807622 0
845807631 0
845807632 0
845807653 0
845873159 0
845873173 0
845873178 0
845873196 0
845938701 0
845938720 0
845938734 0
845938735 0
846004230 0
846004256 0
846004265 0
846004271 0
846069800 0
846069801 0
846069803 0
846069806 0
846135296 0
846135298 0
846135313 0
846135335 0
846200843 0
846200844 0
846200854 0
846200865 0
846266373 0
846266403 0
846266404 0
846266414 0
846331907 0
846331921 0
846331924 0
846331926 0
846397466 0
846397479 0
846397480 0
846397481 0
846462998 0
846463016 0
846463021 0
846463023 0
846528513 0
846528514 0
846528528 0
846528551 0
846594052 0
846594053 0
846594082 0
846594091 0
846659601 0
846659608 0
846659610 0
846659611 0
846725123 0
846725132 0
846725137 0
846725166 0
846790658 0
846790667 0
846790672 0
846790673 0
846856194 0
846856228 0
846856237 0
846856239 0
846921734 0
846921760 0
846921761 0
846921767 0
846987276 0
846987290 0
846987299 0
846987301 0
847052827 0
847052836 0
847052837 0
847052838 0
847118343 0
847118361 0
847118362 0
847118364 0
847183880 0
847183885 0
847183915 0
847183918 0
847249442 0
847249447 0
847249449 0
847249452 0
847314948 0
847314962 0
847314985 0
847314991 0
847380485 0
847380499 0
847380502 0
847380508 0
847446021 0
847446060 0
847446062 0
847446063 0
847511556 0
847511578 0
847511583 0
847511589 0
847577093 0
847577103 0
847577106 0
847577120 0
847642624 0
847642626 0
847642665 0
847642667 0
847708162 0
847708172 0
847708173 0
847708203 0
847773712 0
847773733 0
847773735 0
847773742 0
847839235 0
847839244 0
847839277 0
847839278 0
847904776 0
847904797 0
847904803 0
847904810 0
847970314 0
847970316 0
847970329 0
847970343 0
848035841 0
848035859 0
848035880 0
848035882 0
848101379 0
848101414 0
848101417 0
848101420 0
848166916 0
848166922 0
848166931 0
848166933 0
848232488 0
848232493 0
848232494 0
848232495 0
848298005 0
848298019 0
848298024 0
848298026 0
848363520 0
848363530 0
848363541 0
848363563 0
848429059 0
848429061 0
848429066 0
848429100 0
848494598 0
848494635 0
848494636 0
848494637 0
848560132 0
848560134 0
848560167 0
848560169 0
848625675 0
848625677 0
848625698 0
848625704 0
848691201 0
848691204 0
848691207 0
848691230 0
848756741 0
848756768 0
848756774 0
848756779 0
848822302 0
848822305 0
848822312 0
848822319 0
848887841 0
848887843 0
848887850 0
848887852 0
848953370 0
848953373 0
848953383 0
848953388 0
849018912 0
849018918 0
849018923 0
849018925 0
849084458 0
849084459 0
849084460 0
849084461 0
849149954 0
849149957 0
849149976 0
849149995 0
849215513 0
849215524 0
849215526 0
849215531 0
849281056 0
849281063 0
849281069 0
849281070 0
849346572 0
849346595 0
849346602 0
849346605 0
849412137 0
849412139 0
849412140 0
849412142 0
849477652 0
849477671 0
849477673 0
849477678 0
849543171 0
849543184 0
849543189 0
849543214 0
849608706 0
849608708 0
849608737 0
849608743 0
849674254 0
849674256 0
849674277 0
849674279 0
849739786 0
849739791 0
849739801 0
849739808 0
849805325 0
849805326 0
849805339 0
849805340 0
849870860 0
849870865 0
849870871 0
849870894 0
849936384 0
849936394 0
849936395 0
849936417 0
850001949 0
850001950 0
850001951 0
850001952 0
850067459 0
850067473 0
850067486 0
850067496 0
850133022 0
850133031 0
850133033 0
850133036 0
850198548 0
850198567 0
850198569 0
850198574 0
850264087 0
850264100 0
850264109 0
850264110 0
850329608 0
850329623 0
850329626 0
850329645 0
850395147 0
850395160 0
850395169 0
850395174 0
850460697 0
850460700 0
850460702 0
850460703 0
850526208 0
850526222 0
850526235 0
850526245 0
850591762 0
850591764 0
850591767 0
850591773 0
850657280 0
850657299 0
850657322 0
850657325 0
850722826 0
850722843 0
850722848 0
850722849 0
850788355 0
850788385 0
850788388 0
850788398 0
850853913 0
850853924 0
850853926 0
850853927 0
850919425 0
850919428 0
850919435 0
850919446 0
850984967 0
850984970 0
850984989 0
850985000 0
851050523 0
851050530 0
851050532 0
851050537 0
851116044 0
851116046 0
851116063 0
851116077 0
851181568 0
851181570 0
851181575 0
851181589 0
851247115 0
851247124 0
851247129 0
851247150 0
851312657 0
851312662 0
851312672 0
851312675 0
851378199 0
851378202 0
851378204 0
851378213 0
851443716 0
851443718 0
851443737 0
851443739 0
851509254 0
851509287 0
851509292 0
851509293 0
851574812 0
851574822 0
851574825 0
851574827 0
851640332 0
851640353 0
851640355 0
851640358 0
851705884 0
851705891 0
851705893 0
851705894 0
851771429 0
851771432 0
851771435 0
851771438 0
851836932 0
851836962 0
851836965 0
851836967 0
851902465 0
851902480 0
851902498 0
851902511 0
851968015 0
851968016 0
851968034 0
851968045 0
852033570 0
852033572 0
852033579 0
852033581 0
852099100 0
852099102 0
852099105 0
852099119 0
852164616 0
852164617 0
852164635 0
852164650 0
852230184 0
852230189 0
852230190 0
852230191 0
852295688 0
852295689 0
852295698 0
852295703 0
852361248 0
852361251 0
852361261 0
852361262 0
852426775 0
852426781 0
852426782 0
852426788 0
852492293 0
852492307 0
852492310 0
852492332 0
852557852 0
852557862 0
852557863 0
852557869 0
852623363 0
852623372 0
852623390 0
852623401 0
852688915 0
852688929 0
852688938 0
852688940 0
852754458 0
852754461 0
852754475 0
852754476 0
852819997 0
852820000 0
852820002 0
852820015 0
852885533 0
852885534 0
852885535 0
852885536 0
852951042 0
852951080 0
852951081 0
852951087 0
853016581 0
853016600 0
853016602 0
853016623 0
853082123 0
853082146 0
853082148 0
853082153 0
853147652 0
853147678 0
853147689 0
853147691 0
853213218 0
853213223 0
853213225 0
853213228 0
853278750 0
853278752 0
853278753 0
853278767 0
853344265 0
853344279 0
853344298 0
853344300 0
853409797 0
853409820 0
853409834 0
853409835 0
853475331 0
853475372 0
853475373 0
853475374 0
853540864 0
853540903 0
853540905 0
853540906 0
853606401 0
853606404 0
853606419 0
853606434 0
853671959 0
853671969 0
853671978 0
853671980 0
853737492 0
853737495 0
853737509 0
853737518 0
853803009 0
853803015 0
853803032 0
853803050 0
853868558 0
853868573 0
853868588 0
853868591 0
853934080 0
853934115 0
853934117 0
853934122 0
853999618 0
853999653 0
853999660 0
853999663 0
854065171 0
854065178 0
854065192 0
854065197 0
854130690 0
854130713 0
854130715 0
854130732 0
854196250 0
854196268 0
854196269 0
854196271 0
854261794 0
854261804 0
854261805 0
854261807 0
854327302 0
854327316 0
854327325 0
854327343 0
854392833 0
854392847 0
854392850 0
854392856 0
854458384 0
854458393 0
854458407 0
854458414 0
854523913 0
854523914 0
854523915 0
854523936 0
854589466 0
854589475 0
854589484 0
854589485 0
854654979 0
854655009 0
854655014 0
854655020 0
854720525 0
854720543 0
854720544 0
854720554 0
854786054 0
854786079 0
854786084 0
854786085 0
854851601 0
854851603 0
854851604 0
854851606 0
854917121 0
854917131 0
854917136 0
854917138 0
854982695 0
854982697 0
854982700 0
854982702 0
855048193 0
855048198 0
855048207 0
855048228 0
855113756 0
855113761 0
855113774 0
855113775 0
855179271 0
855179276 0
855179306 0
855179309 0
855244804 0
855244830 0
855244835 0
855244845 0
855310336 0
855310341 0
855310346 0
855310383 0
855375874 0
855375909 0
855375911 0
855375912 0
855441421 0
855441430 0
855441435 0
855441448 0
855506970 0
855506988 0
855506989 0
855506991 0
855572514 0
855572519 0
855572521 0
855572524 0
855638017 0
855638018 0
855638019 0
855638048 0
855703580 0
855703582 0
855703589 0
855703599 0
855769115 0
855769129 0
855769132 0
855769134 0
855834629 0
855834632 0
855834662 0
855834663 0
855900181 0
855900184 0
855900195 0
855900202 0
855965702 0
855965720 0
855965725 0
855965739 0
856031259 0
856031262 0
856031264 0
856031273 0
856096772 0
856096774 0
856096775 0
856096777 0
856162305 0
856162336 0
856162350 0
856162351 0
856227852 0
856227870 0
856227871 0
856227873 0
856293396 0
856293401 0
856293415 0
856293422 0
856358919 0
856358941 0
856358954 0
856358956 0
856424461 0
856424463 0
856424468 0
856424494 0
856489997 0
856489999 0
856490002 0
856490020 0
856555547 0
856555554 0
856555556 0
856555565 0
856621080 0
856621085 0
856621094 0
856621095 0
856686611 0
856686613 0
856686626 0
856686628 0
856752159 0
856752162 0
856752172 0
856752173 0
856817677 0
856817680 0
856817695 0
856817698 0
856883221 0
856883235 0
856883238 0
856883244 0
856948746 0
856948747 0
856948749 0
856948760 0
857014312 0
857014314 0
857014317 0
857014319 0
857079808 0
857079822 0
857079825 0
857079843 0
857145367 0
857145372 0
857145381 0
857145386 0
857210880 0
857210899 0
857210918 0
857210921 0
857276424 0
857276450 0
857276451 0
857276453 0
857341979 0
857341984 0
857341986 0
857341989 0
857407491 0
857407497 0
857407498 0
857407500 0
857473027 0
857473050 0
857473064 0
857473069 0
857538567 0
857538570 0
857538589 0
857538604 0
857604137 0
857604139 0
857604140 0
857604142 0
857669645 0
857669648 0
857669659 0
857669662 0
857735186 0
857735192 0
857735205 0
857735207 0
857800706 0
857800709 0
857800723 0
857800736 0
857866240 0
857866254 0
857866275 0
857866277 0
857931791 0
857931800 0
857931809 0
857931810 0
857997317 0
857997340 0
857997350 0
857997359 0
858062853 0
858062882 0
858062891 0
858062892 0
858128392 0
858128394 0
858128413 0
858128427 0
858193934 0
858193955 0
858193964 0
858193965 0
858259460 0
858259466 0
858259469 0
858259471 0
858325023 0
858325026 0
858325029 0
858325032 0
858390542 0
858390543 0
858390549 0
858390552 0
858456072 0
858456077 0
858456102 0
858456103 0
858521600 0
858521613 0
858521623 0
858521630 0
858587136 0
858587165 0
858587174 0
858587179 0
858652675 0
858652680 0
858652693 0
858652694 0
858718213 0
858718214 0
858718219 0
858718224 0
858783745 0
858783747 0
858783760 0
858783774 0
858849301 0
858849304 0
858849311 0
858849318 0
858914824 0
858914858 0
858914859 0
858914861 0
858980374 0
858980384 0
858980393 0
858980399 0
859045897 0
859045910 0
859045912 0
859045927 0
859111451 0
859111461 0
859111466 0
859111468 0
859176961 0
859176964 0
859176966 0
859176967 0
859242505 0
859242519 0
859242522 0
859242540 0
859308042 0
859308069 0
859308072 0
859308075 0
859373577 0
859373596 0
859373607 0
859373610 0
859439115 0
859439128 0
859439134 0
859439145 0
859504650 0
859504651 0
859504664 0
859504665 0
859570180 0
859570181 0
859570182 0
859570199 0
859635731 0
859635749 0
859635752 0
859635754 0
859701291 0
859701292 0
859701293 0
859701294 0
859766793 0
859766796 0
859766798 0
859766807 0
859832325 0
859832330 0
859832347 0
859832348 0
859897865 0
859897867 0
859897868 0
859897870 0
859963392 0
859963393 0
859963407 0
859963418 0
860028944 0
860028945 0
860028947 0
860028958 0
860094464 0
860094482 0
860094501 0
860094507 0
860160044 0
860160045 0
860160046 0
860160047 0
860225544 0
860225553 0
860225566 0
860225575 0
860291079 0
860291112 0
860291117 0
860291118 0
860356617 0
860356618 0
860356619 0
860356624 0
860422145 0
860422147 0
860422162 0
860422168 0
860487680 0
860487687 0
860487690 0
860487705 0
860553224 0
860553230 0
860553233 0
860553247 0
860618768 0
860618769 0
860618778 0
860618783 0
860684288 0
860684291 0
860684294 0
860684297 0
860749829 0
860749856 0
860749859 0
860749870 0
860815376 0
860815379 0
860815381 0
860815398 0
860880918 0
860880920 0
860880923 0
860880937 0
860946451 0
860946465 0
860946466 0
860946468 0
861011974 0
861011977 0
861011979 0
861011980 0
861077510 0
861077515 0
861077544 0
861077545 0
861143057 0
861143072 0
861143074 0
861143087 0
861208578 0
861208584 0
861208585 0
861208591 0
861274112 0
861274114 0
861274127 0
861274129 0
861339652 0
861339654 0
861339655 0
861339657 0
861405186 0
861405188 0
861405201 0
861405215 0
861470720 0
861470723 0
861470737 0
861470742 0
861536276 0
861536294 0
861536295 0
861536297 0
861601803 0
861601806 0
861601808 0
861601809 0
861667338 0
861667341 0
861667355 0
861667368 0
861732865 0
861732866 0
861732875 0
861732892 0
861798413 0
861798414 0
861798415 0
861798432 0
861863940 0
861863943 0
861863958 0
861863973 0
861929476 0
861929482 0
861929485 0
861929499 0
861995013 0
861995028 0
861995031 0
861995034 0
862060549 0
862060550 0
862060552 0
862060563 0
862126102 0
862126105 0
862126107 0
862126116 0
862191616 0
862191617 0
862191619 0
862191638 0
862257163 0
862257181 0
862257184 0
862257190 0
862322689 0
862322699 0
862322704 0
862322706 0
862388229 0
862388231 0
862388232 0
862388246 0
862453764 0
862453765 0
862453767 0
862453770 0
862519322 0
862519324 0
862519327 0
862519333 0
862584866 0
862584869 0
862584875 0
862584876 0
862650387 0
862650396 0
862650401 0
862650410 0
862715909 0
862715914 0
862715944 0
862715947 0
862781457 0
862781478 0
862781484 0
862781487 0
862846993 0
862846996 0
862847007 0
862847014 0
862912515 0
862912517 0
862912520 0
862912558 0
862978050 0
862978051 0
862978064 0
862978065 0
863043597 0
863043606 0
863043611 0
863043612 0
863109154 0
863109159 0
863109161 0
863109164 0
863174667 0
863174680 0
863174693 0
863174698 0
863240192 0
863240205 0
863240206 0
863240215 0
863305737 0
863305748 0
863305751 0
863305766 0
863371265 0
863371274 0
863371275 0
863371280 0
863436808 0
863436834 0
863436841 0
863436843 0
863502336 0
863502351 0
863502354 0
863502373 0
863567878 0
863567880 0
863567881 0
863567895 0
863633416 0
863633437 0
863633439 0
863633442 0
863698946 0
863698965 0
863698968 0
863698975 0
863764485 0
863764488 0
863764510 0
863764523 0
863830018 0
863830033 0
863830036 0
863830059 0
863895554 0
863895555 0
863895556 0
863895573 0
863961093 0
863961096 0
863961099 0
863961126 0
864026652 0
864026669 0
864026670 0
864026671 0
864092168 0
864092178 0
864092185 0
864092187 0
864157700 0
864157707 0
864157710 0
864157717 0
864223250 0
864223251 0
864223257 0
864223260 0
864288778 0
864288783 0
864288796 0
864288801 0
864354307 0
864354314 0
864354316 0
864354321 0
864419849 0
864419883 0
864419884 0
864419886 0
864485377 0
864485390 0
864485392 0
864485399 0
864550930 0
864550932 0
864550933 0
864550959 0
864616471 0
864616478 0
864616488 0
864616493 0
864681990 0
864682009 0
864682011 0
864682012 0
864747523 0
864747541 0
864747550 0
864747552 0
864813075 0
864813085 0
864813086 0
864813088 0
864878601 0
864878612 0
864878614 0
864878615 0
864944136 0
864944143 0
864944146 0
864944157 0
865009664 0
865009669 0
865009691 0
865009694 0
865075204 0
865075213 0
865075218 0
865075223 0
865140737 0
865140738 0
865140740 0
865140743 0
865206279 0
865206305 0
865206310 0
865206316 0
865271812 0
865271817 0
865271819 0
865271834 0
865337351 0
865337352 0
865337354 0
865337373 0
865402889 0
865402890 0
865402892 0
865402907 0
865468434 0
865468435 0
865468437 0
865468440 0
865533953 0
865533960 0
865533971 0
865533974 0
865599497 0
865599500 0
865599518 0
865599519 0
865665024 0
865665033 0
865665042 0
865665047 0
865730573 0
865730592 0
865730595 0
865730602 0
865796099 0
865796102 0
865796104 0
865796125 0
865861633 0
865861634 0
865861635 0
865861648 0
865927168 0
865927170 0
865927179 0
865927193 0
865992704 0
865992730 0
865992733 0
865992739 0
866058247 0
866058248 0
866058249 0
866058254 0
866123787 0
866123796 0
866123798 0
866123801 0
866189321 0
866189324 0
866189327 0
866189358 0
866254866 0
866254867 0
866254877 0
866254884 0
866320384 0
866320395 0
866320398 0
866320401 0
866385936 0
866385957 0
866385958 0
866385959 0
866451461 0
866451462 0
866451467 0
866451468 0
866516998 0
866517008 0
866517021 0
866517035 0
866582549 0
866582550 0
866582571 0
866582572 0
866648078 0
866648096 0
866648101 0
866648107 0
866713603 0
866713624 0
866713637 0
866713638 0
866779137 0
866779147 0
866779150 0
866779152 0
866844691 0
866844697 0
866844700 0
866844714 0
866910227 0
866910228 0
866910230 0
866910249 0
866975748 0
866975751 0
866975761 0
866975782 0
867041288 0
867041290 0
867041295 0
867041305 0
867106820 0
867106829 0
867106830 0
867106847 0
867172355 0
867172364 0
867172365 0
867172398 0
867237894 0
867237913 0
867237927 0
867237928 0
867303428 0
867303453 0
867303455 0
867303458 0
867368967 0
867368986 0
867368989 0
867369004 0
867434510 0
867434513 0
867434515 0
867434516 0
867500064 0
867500065 0
867500066 0
867500067 0
867565583 0
867565586 0
867565596 0
867565601 0
867631105 0
867631107 0
867631126 0
867631140 0
867696651 0
867696653 0
867696684 0
867696686 0
867762190 0
867762203 0
867762208 0
867762213 0
867827713 0
867827716 0
867827726 0
867827747 0
867893253 0
867893256 0
867893279 0
867893290 0
867958801 0
867958810 0
867958815 0
867958816 0
868024323 0
868024344 0
868024345 0
868024362 0
868089867 0
868089884 0
868089886 0
868089901 0
868155404 0
868155405 0
868155415 0
868155418 0
868220929 0
868220930 0
868220932 0
868220939 0
868286465 0
868286476 0
868286486 0
868286495 0
868352005 0
868352008 0
868352010 0
868352011 0
868417536 0
868417565 0
868417567 0
868417582 0
868483086 0
868483089 0
868483103 0
868483108 0
868548615 0
868548626 0
868548632 0
868548649 0
868614150 0
868614153 0
868614183 0
868614188 0
868679695 0
868679708 0
868679709 0
868679710 0
868745226 0
868745228 0
868745251 0
868745253 0
868810774 0
868810776 0
868810777 0
868810795 0
868876293 0
868876304 0
868876319 0
868876322 0
868941854 0
868941860 0
868941869 0
868941871 0
869007365 0
869007366 0
869007368 0
869007407 0
869072897 0
869072912 0
869072931 0
869072934 0
869138435 0
869138453 0
869138454 0
869138464 0
869203980 0
869203985 0
869203986 0
869203995 0
869269528 0
869269530 0
869269531 0
869269545 0
869335040 0
869335041 0
869335043 0
869335046 0
869400593 0
869400595 0
869400596 0
869400622 0
869466114 0
869466116 0
869466117 0
869466123 0
869531650 0
869531652 0
869531661 0
869531663 0
869597193 0
869597210 0
869597219 0
869597224 0
869662725 0
869662734 0
869662752 0
869662763 0
869728269 0
869728275 0
869728282 0
869728288 0
869793804 0
869793805 0
869793814 0
869793815 0
869859328 0
869859335 0
869859338 0
869859341 0
869924874 0
869924884 0
869924889 0
869924895 0
869990405 0
869990406 0
869990436 0
869990443 0
870055956 0
870055958 0
870055971 0
870055977 0
870121475 0
870121485 0
870121494 0
870121496 0
870187030 0
870187033 0
870187035 0
870187052 0
870252553 0
870252555 0
870252556 0
870252582 0
870318080 0
870318081 0
870318095 0
870318102 0
870383620 0
870383642 0
870383651 0
870383661 0
870449161 0
870449162 0
870449168 0
870449171 0
870514689 0
870514699 0
870514706 0
870514716 0
870580229 0
870580234 0
870580240 0
870580251 0
870645782 0
870645785 0
870645787 0
870645788 0
870711311 0
870711316 0
870711326 0
870711329 0
870776840 0
870776845 0
870776850 0
870776855 0
870842387 0
870842388 0
870842389 0
870842390 0
870907905 0
870907911 0
870907918 0
870907932 0
870973445 0
870973455 0
870973468 0
870973474 0
871038983 0
871038986 0
871038992 0
871038997 0
871104524 0
871104538 0
871104545 0
871104555 0
871170064 0
871170083 0
871170085 0
871170086 0
871235601 0
871235602 0
871235604 0
871235627 0
871301124 0
871301126 0
871301135 0
871301137 0
871366674 0
871366681 0
871366688 0
871366695 0
871432203 0
871432204 0
871432210 0
871432213 0
871497729 0
871497743 0
871497750 0
871497752 0
871563284 0
871563293 0
871563298 0
871563307 0
871628814 0
871628825 0
871628828 0
871628847 0
871694348 0
871694358 0
871694369 0
871694383 0
871759886 0
871759892 0
871759897 0
871759899 0
871825410 0
871825440 0
871825441 0
871825455 0
871890957 0
871890970 0
871890972 0
871890979 0
871956486 0
871956499 0
871956505 0
871956520 0
872022022 0
872022023 0
872022025 0
872022060 0
872087570 0
872087571 0
872087576 0
872087577 0
872153114 0
872153116 0
872153119 0
872153125 0
872218628 0
872218633 0
872218639 0
872218642 0
872284171 0
872284176 0
872284181 0
872284194 0
872349726 0
872349729 0
872349731 0
872349736 0
872415253 0
872415262 0
872415271 0
872415276 0
872480785 0
872480787 0
872480802 0
872480808 0
872546310 0
872546315 0
872546324 0
872546349 0
872611841 0
872611842 0
872611856 0
872611867 0
872677378 0
872677379 0
872677385 0
872677392 0
872742913 0
872742916 0
872742919 0
872742922 0
872808462 0
872808464 0
872808481 0
872808483 0
872874000 0
872874013 0
872874014 0
872874015 0
872939520 0
872939523 0
872939537 0
872939554 0
873005057 0
873005066 0
873005072 0
873005091 0
873070594 0
873070596 0
873070597 0
873070611 0
873136134 0
873136137 0
873136148 0
873136171 0
873201677 0
873201680 0
873201682 0
873201703 0
873267206 0
873267227 0
873267236 0
873267245 0
873332736 0
873332741 0
873332747 0
873332750 0
873398276 0
873398302 0
873398309 0
873398311 0
873463819 0
873463822 0
873463844 0
873463849 0
873529346 0
873529347 0
873529348 0
873529349 0
873594881 0
873594882 0
873594887 0
873594900 0
873660424 0
873660427 0
873660437 0
873660442 0
873725956 0
873725958 0
873725967 0
873725969 0
873791490 0
873791492 0
873791493 0
873791519 0
873857024 0
873857041 0
873857051 0
873857054 0
873922573 0
873922594 0
873922599 0
873922600 0
873988097 0
873988104 0
873988114 0
873988119 0
874053633 0
874053648 0
874053655 0
874053662 0
874119169 0
874119179 0
874119180 0
874119182 0
874184704 0
874184722 0
874184723 0
874184725 0
874250256 0
874250261 0
874250275 0
874250282 0
874315776 0
874315778 0
874315781 0
874315807 0
874381324 0
874381327 0
874381342 0
874381345 0
874446853 0
874446856 0
874446858 0
874446867 0
874512391 0
874512405 0
874512406 0
874512420 0
874577921 0
874577923 0
874577936 0
874577946 0
874643456 0
874643467 0
874643470 0
874643497 0
874708998 0
874709012 0
874709021 0
874709035 0
874774542 0
874774553 0
874774559 0
874774564 0
874840080 0
874840083 0
874840090 0
874840101 0
874905607 0
874905610 0
874905612 0
874905625 0
874971150 0
874971151 0
874971152 0
874971169 0
875036679 0
875036681 0
875036684 0
875036702 0
875102222 0
875102240 0
875102247 0
875102253 0
875167753 0
875167756 0
875167758 0
875167775 0
875233283 0
875233294 0
875233304 0
875233305 0
875298825 0
875298830 0
875298831 0
875298840 0
875364360 0
875364362 0
875364387 0
875364389 0
875429889 0
875429890 0
875429892 0
875429903 0
875495432 0
875495435 0
875495442 0
875495465 0
875560966 0
875560989 0
875560996 0
875561003 0
875626499 0
875626502 0
875626505 0
875626540 0
875692045 0
875692046 0
875692048 0
875692051 0
875757581 0
875757582 0
875757600 0
875757615 0
875823104 0
875823109 0
875823122 0
875823135 0
875888641 0
875888648 0
875888654 0
875888655 0
875954194 0
875954200 0
875954203 0
875954205 0
876019725 0
876019726 0
876019727 0
876019756 0
876085249 0
876085250 0
876085251 0
876085268 0
876150795 0
876150804 0
876150813 0
876150814 0
876216340 0
876216342 0
876216343 0
876216357 0
876281856 0
876281861 0
876281862 0
876281863 0
876347408 0
876347422 0
876347425 0
876347427 0
876412943 0
876412954 0
876412957 0
876412960 0
876478473 0
876478476 0
876478491 0
876478494 0
876544012 0
876544035 0
876544037 0
876544046 0
876609559 0
876609560 0
876609573 0
876609574 0
876675087 0
876675104 0
876675106 0
876675109 0
876740616 0
876740617 0
876740623 0
876740654 0
876806158 0
876806163 0
876806169 0
876806172 0
876871691 0
876871694 0
876871696 0
876871697 0
876937228 0
876937230 0
876937245 0
876937263 0
877002768 0
877002782 0
877002789 0
877002795 0
877068288 0
877068291 0
877068305 0
877068306 0
877133824 0
877133834 0
877133837 0
877133859 0
877199366 0
877199368 0
877199385 0
877199395 0
877264898 0
877264908 0
877264915 0
877264925 0
877330433 0
877330452 0
877330467 0
877330470 0
877395972 0
877396005 0
877396007 0
877396010 0
877461511 0
877461514 0
877461525 0
877461532 0
877527059 0
877527061 0
877527064 0
877527070 0
877592579 0
877592586 0
877592593 0
877592616 0
877658114 0
877658116 0
877658131 0
877658157 0
877723650 0
877723655 0
877723660 0
877723669 0
877789185 0
877789206 0
877789207 0
877789212 0
877854744 0
877854747 0
877854758 0
877854765 0
877920258 0
877920269 0
877920271 0
877920276 0
877985796 0
877985809 0
877985811 0
877985814 0
878051337 0
878051344 0
878051351 0
878051366 0
878116868 0
878116878 0
878116891 0
878116893 0
878182404 0
878182423 0
878182425 0
878182430 0
878247936 0
878247943 0
878247945 0
878247974 0
878313478 0
878313496 0
878313497 0
878313515 0
878379021 0
878379030 0
878379039 0
878379048 0
878444556 0
878444562 0
878444571 0
878444581 0
878510087 0
878510106 0
878510121 0
878510124 0
878575619 0
878575633 0
878575636 0
878575638 0
878641189 0
878641190 0
878641192 0
878641199 0
878706696 0
878706698 0
878706711 0
878706713 0
878772235 0
878772260 0
878772269 0
878772270 0
878837779 0
878837789 0
878837798 0
878837800 0
878903297 0
878903319 0
878903336 0
878903338 0
878968838 0
878968841 0
878968863 0
878968872 0
879034371 0
879034374 0
879034376 0
879034393 0
879099911 0
879099926 0
879099928 0
879099933 0
879165447 0
879165453 0
879165458 0
879165460 0
879230991 0
879231004 0
879231009 0
879231022 0
879296512 0
879296515 0
879296533 0
879296542 0
879362051 0
879362065 0
879362066 0
879362068 0
879427584 0
879427586 0
879427587 0
879427597 0
879493130 0
879493133 0
879493144 0
879493147 0
879558657 0
879558683 0
879558696 0
879558702 0
879624197 0
879624202 0
879624204 0
879624227 0
879689737 0
879689739 0
879689740 0
879689766 0
879755281 0
879755284 0
879755291 0
879755298 0
879820812 0
879820829 0
879820842 0
879820847 0
879886352 0
879886355 0
879886358 0
879886369 0
879951888 0
879951890 0
879951891 0
879951905 0
880017412 0
880017413 0
880017422 0
880017431 0
880082946 0
880082949 0
880082963 0
880082968 0
880148491 0
880148496 0
880148509 0
880148526 0
880214024 0
880214035 0
880214038 0
880214041 0
880279552 0
880279565 0
880279582 0
880279587 0
880345101 0
880345106 0
880345115 0
880345124 0
880410627 0
880410644 0
880410645 0
880410646 0
880476193 0
880476194 0
880476195 0
880476200 0
880541697 0
880541703 0
880541718 0
880541736 0
880607239 0
880607244 0
880607265 0
880607266 0
880672795 0
880672808 0
880672813 0
880672814 0
880738304 0
880738309 0
880738310 0
880738347 0
880803860 0
880803863 0
880803874 0
880803885 0
880869380 0
880869386 0
880869401 0
880869407 0
880934939 0
880934944 0
880934949 0
880934950 0
881000461 0
881000487 0
881000488 0
881000494 0
881065984 0
881065994 0
881065995 0
881065997 0
881131525 0
881131548 0
881131558 0
881131559 0
881197088 0
881197089 0
881197091 0
881197094 0
881262594 0
881262597 0
881262600 0
881262603 0
881328161 0
881328162 0
881328167 0
881328168 0
881393665 0
881393682 0
881393684 0
881393711 0
881459214 0
881459217 0
881459232 0
881459247 0
881524740 0
881524749 0
881524754 0
881524763 0
881590291 0
881590300 0
881590301 0
881590314 0
881655817 0
881655818 0
881655820 0
881655847 0
881721350 0
881721353 0
881721364 0
881721383 0
881786886 0
881786893 0
881786900 0
881786903 0
881852423 0
881852440 0
881852445 0
881852454 0
881917977 0
881917979 0
881917980 0
881917990 0
881983491 0
881983493 0
881983494 0
881983520 0
882049030 0
882049037 0
882049040 0
882049071 0
882114586 0
882114588 0
882114601 0
882114603 0
882180107 0
882180108 0
882180114 0
882180117 0
882245639 0
882245656 0
882245665 0
882245670 0
882311188 0
882311201 0
882311207 0
882311214 0
882376704 0
882376711 0
882376722 0
882376725 0
882442251 0
882442261 0
882442262 0
882442264 0
882507787 0
882507797 0
882507798 0
882507812 0
882573318 0
882573325 0
882573332 0
882573335 0
882638858 0
882638861 0
882638872 0
882638879 0
882704396 0
882704414 0
882704427 0
882704429 0
882769928 0
882769929 0
882769939 0
882769954 0
882835458 0
882835464 0
882835479 0
882835497 0
882900999 0
882901025 0
882901032 0
882901038 0
882966528 0
882966547 0
882966561 0
882966570 0
883032073 0
883032076 0
883032086 0
883032087 0
883097607 0
883097624 0
883097633 0
883097642 0
883163140 0
883163151 0
883163166 0
883163177 0
883228687 0
883228712 0
883228713 0
883228714 0
883294218 0
883294223 0
883294229 0
883294236 0
883359751 0
883359752 0
883359761 0
883359786 0
883425280 0
883425305 0
883425306 0
883425315 0
883490818 0
883490828 0
883490831 0
883490833 0
883556371 0
883556374 0
883556376 0
883556377 0
883621888 0
883621893 0
883621899 0
883621906 0
883687427 0
883687429 0
883687442 0
883687452 0
883752962 0
883752963 0
883752964 0
883752981 0
883818504 0
883818538 0
883818541 0
883818543 0
883884054 0
883884060 0
883884065 0
883884079 0
883949569 0
883949578 0
883949612 0
883949615 0
884015111 0
884015130 0
884015132 0
884015133 0
884080646 0
884080649 0
884080672 0
884080679 0
884146180 0
884146199 0
884146202 0
884146205 0
884211716 0
884211721 0
884211726 0
884211735 0
884277268 0
884277270 0
884277271 0
884277273 0
884342785 0
884342791 0
884342796 0
884342798 0
884408353 0
884408356 0
884408358 0
884408363 0
884473859 0
884473861 0
884473886 0
884473896 0
884539397 0
884539411 0
884539414 0
884539428 0
884604935 0
884604941 0
884604962 0
884604972 0
884670466 0
884670471 0
884670472 0
884670505 0
884736011 0
884736016 0
884736021 0
884736030 0
884801536 0
884801567 0
884801569 0
884801570 0
884867091 0
884867105 0
884867114 0
884867116 0
884932616 0
884932627 0
884932641 0
884932642 0
884998168 0
884998178 0
884998179 0
884998185 0
885063699 0
885063706 0
885063708 0
885063713 0
885129231 0
885129233 0
885129238 0
885129252 0
885194770 0
885194785 0
885194788 0
885194795 0
885260314 0
885260317 0
885260319 0
885260324 0
885325826 0
885325831 0
885325861 0
885325864 0
885391376 0
885391377 0
885391379 0
885391382 0
885456907 0
885456909 0
885456930 0
885456932 0
885522452 0
885522455 0
885522457 0
885522462 0
885587972 0
885587990 0
885587993 0
885587999 0
885653517 0
885653519 0
885653524 0
885653538 0
885719051 0
885719068 0
885719074 0
885719081 0
885784590 0
885784596 0
885784601 0
885784615 0
885850119 0
885850133 0
885850138 0
885850148 0
885915648 0
885915655 0
885915662 0
885915665 0
885981197 0
885981204 0
885981206 0
885981211 0
886046753 0
886046756 0
886046763 0
886046766 0
886112268 0
886112270 0
886112277 0
886112295 0
886177793 0
886177804 0
886177818 0
886177839 0
886243335 0
886243360 0
886243365 0
886243370 0
886308865 0
886308899 0
886308904 0
886308906 0
886374400 0
886374414 0
886374421 0
886374435 0
886439945 0
886439956 0
886439963 0
886439970 0
886505479 0
886505493 0
886505516 0
886505518 0
886571012 0
886571026 0
886571039 0
886571053 0
886636550 0
886636551 0
886636556 0
886636561 0
886702088 0
886702102 0
886702105 0
886702107 0
886767641 0
886767646 0
886767647 0
886767648 0
886833165 0
886833180 0
886833190 0
886833199 0
886898691 0
886898694 0
886898720 0
886898725 0
886964251 0
886964258 0
886964260 0
886964265 0
887029775 0
887029785 0
887029802 0
887029804 0
887095296 0
887095315 0
887095318 0
887095329 0
887160845 0
887160866 0
887160868 0
887160879 0
887226374 0
887226412 0
887226413 0
887226415 0
887291904 0
887291906 0
887291937 0
887291947 0
887357458 0
887357475 0
887357477 0
887357484 0
887422982 0
887422989 0
887422991 0
887423004 0
887488530 0
887488531 0
887488541 0
887488552 0
887554080 0
887554083 0
887554086 0
887554093 0
887619590 0
887619599 0
887619601 0
887619604 0
887685137 0
887685147 0
887685148 0
887685162 0
887750674 0
887750681 0
887750688 0
887750699 0
887816213 0
887816218 0
887816231 0
887816232 0
887881736 0
887881746 0
887881755 0
887881757 0
887947266 0
887947272 0
887947277 0
887947283 0
888012803 0
888012817 0
888012822 0
888012832 0
888078351 0
888078353 0
888078356 0
888078370 0
888143878 0
888143883 0
888143885 0
888143892 0
888209422 0
888209428 0
888209429 0
888209435 0
888274948 0
888274969 0
888274974 0
888274975 0
888340481 0
888340491 0
888340506 0
888340512 0
888406044 0
888406050 0
888406061 0
888406063 0
888471587 0
888471593 0
888471594 0
888471596 0
888537094 0
888537100 0
888537117 0
888537119 0
888602640 0
888602650 0
888602661 0
888602671 0
888668164 0
888668169 0
888668182 0
888668187 0
888733698 0
888733700 0
888733707 0
888733725 0
888799235 0
888799242 0
888799260 0
888799273 0
888864769 0
888864790 0
888864792 0
888864795 0
888930311 0
888930328 0
888930337 0
888930346 0
888995840 0
888995858 0
888995881 0
888995883 0
889061382 0
889061392 0
889061407 0
889061421 0
889126939 0
889126945 0
889126954 0
889126956 0
889192449 0
889192463 0
889192464 0
889192466 0
889257992 0
889257997 0
889258030 0
889258031 0
889323543 0
889323544 0
889323546 0
889323553 0
889389089 0
889389098 0
889389099 0
889389100 0
889454613 0
889454615 0
889454626 0
889454628 0
889520129 0
889520166 0
889520168 0
889520171 0
889585676 0
889585677 0
889585699 0
889585702 0
889651201 0
889651218 0
889651223 0
889651236 0
889716771 0
889716776 0
889716781 0
889716782 0
889782274 0
889782289 0
889782312 0
889782319 0
889847829 0
889847839 0
889847846 0
889847852 0
889913345 0
889913350 0
889913351 0
889913380 0
889978886 0
889978909 0
889978916 0
889978919 0
890044423 0
890044440 0
890044446 0
890044461 0
890109970 0
890109979 0
890109988 0
890109993 0
890175514 0
890175521 0
890175523 0
890175528 0
890241028 0
890241057 0
890241059 0
890241062 0
890306592 0
890306599 0
890306601 0
890306602 0
890372130 0
890372135 0
890372137 0
890372140 0
890437646 0
890437648 0
890437669 0
890437675 0
890503184 0
890503189 0
890503191 0
890503202 0
890568721 0
890568730 0
890568731 0
890568736 0
890634240 0
890634241 0
890634271 0
890634286 0
890699804 0
890699814 0
890699821 0
890699823 0
890765329 0
890765332 0
890765342 0
890765355 0
890830867 0
890830868 0
890830874 0
890830881 0
890896386 0
890896392 0
890896393 0
890896399 0
890961926 0
890961928 0
890961945 0
890961947 0
891027468 0
891027491 0
891027493 0
891027502 0
891093017 0
891093026 0
891093031 0
891093036 0
891158529 0
891158546 0
891158548 0
891158555 0
891224077 0
891224088 0
891224094 0
891224095 0
891289602 0
891289628 0
891289639 0
891289641 0
891355151 0
891355154 0
891355172 0
891355173 0
891420698 0
891420704 0
891420711 0
891420713 0
891486213 0
891486231 0
891486232 0
891486250 0
891551750 0
891551769 0
891551779 0
891551780 0
891617286 0
891617291 0
891617293 0
891617300 0
891682821 0
891682846 0
891682848 0
891682851 0
891748359 0
891748373 0
891748378 0
891748380 0
891813896 0
891813897 0
891813914 0
891813919 0
891879429 0
891879438 0
891879443 0
891879464 0
891944965 0
891944986 0
891945000 0
891945003 0
892010513 0
892010516 0
892010538 0
892010543 0
892076044 0
892076053 0
892076055 0
892076074 0
892141571 0
892141574 0
892141592 0
892141593 0
892207114 0
892207116 0
892207145 0
892207151 0
892272641 0
892272646 0
892272652 0
892272667 0
892338186 0
892338205 0
892338212 0
892338215 0
892403713 0
892403715 0
892403732 0
892403746 0
892469250 0
892469263 0
892469280 0
892469293 0
892534792 0
892534793 0
892534794 0
892534795 0
892600324 0
892600330 0
892600343 0
892600349 0
892665858 0
892665861 0
892665867 0
892665900 0
892731404 0
892731406 0
892731415 0
892731417 0
892796943 0
892796950 0
892796953 0
892796956 0
892862496 0
892862498 0
892862499 0
892862505 0
892928020 0
892928023 0
892928042 0
892928045 0
892993558 0
892993560 0
892993563 0
892993581 0
893059076 0
893059078 0
893059085 0
893059111 0
893124624 0
893124626 0
893124639 0
893124645 0
893190151 0
893190152 0
893190170 0
893190173 0
893255684 0
893255694 0
893255701 0
893255711 0
893321218 0
893321220 0
893321223 0
893321241 0
893386767 0
893386788 0
893386793 0
893386798 0
893452296 0
893452310 0
893452333 0
893452335 0
893517834 0
893517841 0
893517848 0
893517855 0
893583373 0
893583375 0
893583396 0
893583402 0
893648905 0
893648907 0
893648920 0
893648922 0
893714452 0
893714467 0
893714469 0
893714470 0
893779975 0
893779997 0
893780000 0
893780002 0
893845513 0
893845527 0
893845534 0
893845536 0
893911047 0
893911061 0
893911062 0
893911080 0
893976599 0
893976604 0
893976609 0
893976614 0
894042112 0
894042121 0
894042126 0
894042139 0
894107659 0
894107669 0
894107676 0
894107686 0
894173196 0
894173199 0
894173210 0
894173229 0
894238724 0
894238742 0
894238743 0
894238761 0
894304258 0
894304277 0
894304291 0
894304296 0
894369797 0
894369811 0
894369820 0
894369826 0
894435333 0
894435335 0
894435344 0
894435354 0
894500867 0
894500881 0
894500884 0
894500886 0
894566402 0
894566404 0
894566411 0
894566425 0
894631940 0
894631943 0
894631946 0
894631957 0
894697473 0
894697491 0
894697510 0
894697512 0
894763011 0
894763041 0
894763044 0
894763046 0
894828556 0
894828570 0
894828573 0
894828591 0
894894085 0
894894088 0
894894094 0
894894115 0
894959625 0
894959628 0
894959659 0
894959662 0
895025153 0
895025156 0
895025186 0
895025195 0
895090691 0
895090716 0
895090721 0
895090730 0
895156237 0
895156239 0
895156242 0
895156244 0
895221760 0
895221786 0
895221793 0
895221795 0
895287306 0
895287317 0
895287327 0
895287336 0
895352836 0
895352847 0
895352849 0
895352858 0
895418399 0
895418404 0
895418409 0
895418410 0
895483935 0
895483942 0
895483948 0
895483949 0
895549445 0
895549454 0
895549459 0
895549480 0
895614991 0
895614997 0
895615016 0
895615018 0
895680534 0
895680552 0
895680557 0
895680559 0
895746054 0
895746061 0
895746075 0
895746088 0
895811590 0
895811609 0
895811612 0
895811619 0
895877130 0
895877132 0
895877133 0
895877155 0
895942662 0
895942665 0
895942679 0
895942700 0
896008193 0
896008195 0
896008196 0
896008210 0
896073742 0
896073747 0
896073749 0
896073760 0
896139277 0
896139282 0
896139287 0
896139292 0
896204809 0
896204811 0
896204824 0
896204838 0
896270336 0
896270337 0
896270339 0
896270346 0
896335886 0
896335900 0
896335915 0
896335917 0
896401408 0
896401413 0
896401427 0
896401434 0
896466962 0
896466964 0
896466973 0
896466975 0
896532480 0
896532483 0
896532485 0
896532506 0
896598018 0
896598028 0
896598037 0
896598051 0
896663557 0
896663571 0
896663584 0
896663598 0
896729103 0
896729104 0
896729117 0
896729118 0
896794624 0
896794630 0
896794633 0
896794647 0
896860167 0
896860168 0
896860173 0
896860174 0
896925718 0
896925724 0
896925741 0
896925743 0
896991248 0
896991257 0
896991263 0
896991278 0
897056783 0
897056798 0
897056804 0
897056809 0
897122314 0
897122317 0
897122336 0
897122347 0
897187863 0
897187866 0
897187880 0
897187881 0
897253388 0
897253390 0
897253397 0
897253403 0
897318924 0
897318931 0
897318942 0
897318949 0
897384453 0
897384456 0
897384462 0
897384487 0
897449993 0
897449996 0
897450011 0
897450018 0
897515522 0
897515543 0
897515556 0
897515565 0
897581060 0
897581075 0
897581077 0
897581086 0
897646611 0
897646617 0
897646620 0
897646622 0
897712164 0
897712166 0
897712169 0
897712175 0
897777681 0
897777683 0
897777698 0
897777700 0
897843215 0
897843217 0
897843220 0
897843238 0
897908744 0
897908746 0
897908751 0
897908773 0
897974273 0
897974274 0
897974275 0
897974304 0
898039809 0
898039812 0
898039818 0
898039839 0
898105347 0
898105353 0
898105358 0
898105372 0
898170899 0
898170904 0
898170906 0
898170913 0
898236433 0
898236436 0
898236439 0
898236458 0
898301953 0
898301955 0
898301956 0
898301986 0
898367505 0
898367520 0
898367522 0
898367523 0
898433026 0
898433040 0
898433069 0
898433071 0
898498561 0
898498576 0
898498578 0
898498603 0
898564103 0
898564122 0
898564125 0
898564136 0
898629646 0
898629660 0
898629661 0
898629675 0
898695178 0
898695181 0
898695200 0
898695207 0
898760707 0
898760710 0
898760720 0
898760745 0
898826240 0
898826257 0
898826258 0
898826287 0
898891776 0
898891778 0
898891781 0
898891799 0
898957312 0
898957319 0
898957326 0
898957333 0
899022871 0
899022878 0
899022880 0
899022881 0
899088384 0
899088401 0
899088410 0
899088423 0
899153938 0
899153941 0
899153951 0
899153952 0
899219462 0
899219464 0
899219467 0
899219481 0
899284998 0
899285000 0
899285017 0
899285031 0
899350529 0
899350532 0
899350534 0
899350535 0
899416081 0
899416084 0
899416091 0
899416106 0
899481610 0
899481616 0
899481633 0
899481643 0
899547157 0
899547163 0
899547166 0
899547180 0
899612677 0
899612687 0
899612700 0
899612718 0
899678228 0
899678231 0
899678245 0
899678250 0
899743773 0
899743778 0
899743779 0
899743780 0
899809280 0
899809285 0
899809290 0
899809303 0
899874825 0
899874850 0
899874852 0
899874863 0
899940352 0
899940354 0
899940381 0
899940395 0
900005910 0
900005912 0
900005917 0
900005927 0
900071425 0
900071430 0
900071432 0
900071447 0
900136964 0
900136979 0
900136997 0
900137006 0
900202515 0
900202524 0
900202530 0
900202533 0
900268041 0
900268044 0
900268067 0
900268078 0
900333579 0
900333594 0
900333596 0
900333601 0
900399120 0
900399127 0
900399134 0
900399145 0
900464660 0
900464681 0
900464682 0
900464683 0
900530178 0
900530187 0
900530204 0
900530213 0
900595723 0
900595738 0
900595740 0
900595753 0
900661263 0
900661277 0
900661292 0
900661294 0
900726786 0
900726807 0
900726820 0
900726829 0
900792322 0
900792324 0
900792325 0
900792347 0
900857859 0
900857865 0
900857900 0
900857902 0
900923394 0
900923416 0
900923423 0
900923437 0
900988934 0
900988936 0
900988941 0
900988943 0
901054472 0
901054495 0
901054502 0
901054505 0
901120029 0
901120031 0
901120032 0
901120046 0
901185552 0
901185553 0
901185562 0
901185571 0
901251090 0
901251092 0
901251095 0
901251109 0
901316619 0
901316637 0
901316642 0
901316648 0
901382148 0
901382169 0
901382175 0
901382178 0
901447685 0
901447694 0
901447703 0
901447720 0
901513218 0
901513219 0
901513225 0
901513228 0
901578761 0
901578766 0
901578779 0
901578784 0
901644304 0
901644315 0
901644317 0
901644322 0
901709830 0
901709833 0
901709863 0
901709864 0
901775376 0
901775379 0
901775389 0
901775390 0
901840913 0
901840923 0
901840926 0
901840932 0
901906439 0
901906448 0
901906462 0
901906469 0
901971972 0
901971977 0
901972006 0
901972015 0
902037518 0
902037519 0
902037524 0
902037525 0
902103059 0
902103073 0
902103074 0
902103076 0
902168593 0
902168604 0
902168611 0
902168614 0
902234125 0
902234131 0
902234142 0
902234156 0
902299667 0
902299673 0
902299680 0
902299690 0
902365185 0
902365211 0
902365222 0
902365224 0
902430730 0
902430744 0
902430745 0
902430763 0
902496271 0
902496288 0
902496293 0
902496298 0
902561798 0
902561799 0
902561812 0
902561817 0
902627330 0
902627359 0
902627364 0
902627369 0
902692864 0
902692889 0
902692902 0
902692911 0
902758417 0
902758420 0
902758431 0
902758434 0
902823953 0
902823980 0
902823982 0
902823983 0
902889479 0
902889482 0
902889493 0
902889496 0
902955008 0
902955043 0
902955049 0
902955050 0
903020565 0
903020568 0
903020571 0
903020582 0
903086081 0
903086102 0
903086120 0
903086127 0
903151616 0
903151619 0
903151626 0
903151637 0
903217170 0
903217173 0
903217180 0
903217191 0
903282693 0
903282712 0
903282715 0
903282726 0
903348248 0
903348250 0
903348251 0
903348265 0
903413780 0
903413781 0
903413786 0
903413807 0
903479311 0
903479330 0
903479332 0
903479333 0
903544856 0
903544877 0
903544878 0
903544879 0
903610373 0
903610391 0
903610392 0
903610414 0
903675907 0
903675920 0
903675926 0
903675929 0
903741445 0
903741448 0
903741470 0
903741479 0
903806979 0
903806990 0
903807012 0
903807013 0
903872513 0
903872534 0
903872548 0
903872551 0
903938055 0
903938069 0
903938088 0
903938090 0
904003586 0
904003600 0
904003603 0
904003609 0
904069156 0
904069159 0
904069161 0
904069166 0
904134664 0
904134674 0
904134681 0
904134687 0
904200202 0
904200205 0
904200223 0
904200236 0
904265742 0
904265743 0
904265753 0
904265768 0
904331266 0
904331273 0
904331279 0
904331308 0
904396805 0
904396812 0
904396835 0
904396846 0
904462362 0
904462368 0
904462373 0
904462375 0
904527889 0
904527902 0
904527904 0
904527911 0
904593409 0
904593423 0
904593426 0
904593444 0
904658944 0
904658969 0
904658979 0
904658986 0
904724480 0
904724482 0
904724487 0
904724505 0
904790019 0
904790028 0
904790042 0
904790049 0
904855561 0
904855580 0
904855583 0
904855594 0
904921090 0
904921099 0
904921104 0
904921133 0
904986634 0
904986635 0
904986636 0
904986637 0
905052184 0
905052197 0
905052202 0
905052207 0
905117725 0
905117727 0
905117738 0
905117740 0
905183234 0
905183255 0
905183269 0
905183276 0
905248770 0
905248771 0
905248772 0
905248785 0
905314328 0
905314335 0
905314337 0
905314346 0
905379850 0
905379853 0
905379871 0
905379884 0
905445384 0
905445399 0
905445402 0
905445413 0
905510926 0
905510947 0
905510948 0
905510953 0
905576459 0
905576461 0
905576480 0
905576486 0
905641991 0
905641996 0
905642013 0
905642026 0
905707532 0
905707551 0
905707565 0
905707566 0
905773074 0
905773077 0
905773084 0
905773103 0
905838617 0
905838622 0
905838628 0
905838631 0
905904136 0
905904149 0
905904166 0
905904171 0
905969683 0
905969690 0
905969692 0
905969693 0
906035230 0
906035236 0
906035241 0
906035243 0
906100752 0
906100761 0
906100778 0
906100779 0
906166275 0
906166296 0
906166313 0
906166318 0
906231826 0
906231835 0
906231840 0
906231845 0
906297361 0
906297362 0
906297380 0
906297391 0
906362881 0
906362884 0
906362894 0
906362923 0
906428426 0
906428431 0
906428440 0
906428457 0
906493952 0
906493954 0
906493973 0
906493995 0
906559500 0
906559514 0
906559521 0
906559523 0
906625026 0
906625036 0
906625055 0
906625057 0
906690584 0
906690586 0
906690605 0
906690607 0
906756105 0
906756132 0
906756138 0
906756143 0
906821648 0
906821661 0
906821662 0
906821671 0
906887203 0
906887204 0
906887205 0
906887210 0
906952704 0
906952709 0
906952711 0
906952730 0
907018248 0
907018261 0
907018275 0
907018282 0
907083794 0
907083805 0
907083807 0
907083808 0
907149324 0
907149326 0
907149335 0
907149357 0
907214856 0
907214859 0
907214870 0
907214873 0
907280384 0
907280385 0
907280399 0
907280426 0
907345924 0
907345927 0
907345929 0
907345954 0
907411471 0
907411472 0
907411473 0
907411502 0
907477006 0
907477011 0
907477024 0
907477025 0
907542550 0
907542564 0
907542571 0
907542573 0
907608064 0
907608067 0
907608070 0
907608073 0
907673615 0
907673626 0
907673632 0
907673641 0
907739144 0
907739155 0
907739158 0
907739177 0
907804686 0
907804707 0
907804709 0
907804712 0
907870209 0
907870210 0
907870211 0
907870216 0
907935762 0
907935768 0
907935773 0
907935775 0
908001304 0
908001313 0
908001315 0
908001322 0
908066820 0
908066825 0
908066826 0
908066839 0
908132352 0
908132370 0
908132373 0
908132375 0
908197888 0
908197899 0
908197905 0
908197914 0
908263427 0
908263454 0
908263464 0
908263469 0
908328979 0
908328984 0
908328993 0
908329002 0
908394513 0
908394523 0
908394526 0
908394540 0
908460059 0
908460062 0
908460068 0
908460069 0
908525604 0
908525606 0
908525613 0
908525615 0
908591110 0
908591124 0
908591125 0
908591127 0
908656656 0
908656667 0
908656678 0
908656681 0
908722179 0
908722198 0
908722212 0
908722213 0
908787719 0
908787730 0
908787736 0
908787741 0
908853260 0
908853281 0
908853294 0
908853295 0
908918802 0
908918804 0
908918809 0
908918823 0
908984359 0
908984361 0
908984364 0
908984366 0
909049867 0
909049869 0
909049892 0
909049894 0
909115410 0
909115413 0
909115416 0
909115423 0
909180937 0
909180938 0
909180940 0
909180959 0
909246475 0
909246477 0
909246496 0
909246510 0
909312024 0
909312027 0
909312029 0
909312046 0
909377541 0
909377546 0
909377572 0
909377583 0
909443103 0
909443109 0
909443110 0
909443112 0
909508616 0
909508626 0
909508639 0
909508653 0
909574157 0
909574166 0
909574180 0
909574187 0
909639690 0
909639704 0
909639705 0
909639719 0
909705231 0
909705234 0
909705249 0
909705252 0
909770759 0
909770761 0
909770780 0
909770782 0
909836294 0
909836297 0
909836308 0
909836327 0
909901832 0
909901865 0
909901866 0
909901867 0
909967360 0
909967363 0
909967365 0
909967398 0
910032905 0
910032924 0
910032927 0
910032938 0
910098442 0
910098449 0
910098456 0
910098471 0
910163971 0
910164002 0
910164008 0
910164013 0
910229511 0
910229512 0
910229518 0
910229525 0
910295042 0
910295068 0
910295069 0
910295087 0
910360581 0
910360591 0
910360594 0
910360596 0
910426120 0
910426129 0
910426134 0
910426147 0
910491649 0
910491663 0
910491678 0
910491680 0
910557224 0
910557225 0
910557230 0
910557231 0
910622742 0
910622744 0
910622757 0
910622763 0
910688272 0
910688277 0
910688279 0
910688302 0
910753802 0
910753804 0
910753821 0
910753839 0
910819331 0
910819345 0
910819352 0
910819370 0
910884873 0
910884898 0
910884900 0
910884903 0
910950415 0
910950433 0
910950440 0
910950446 0
911015944 0
911015945 0
911015966 0
911015967 0
911081501 0
911081507 0
911081510 0
911081512 0
911147024 0
911147041 0
911147046 0
911147051 0
911212551 0
911212572 0
911212574 0
911212577 0
911278104 0
911278114 0
911278123 0
911278125 0
911343639 0
911343656 0
911343658 0
911343661 0
911409160 0
911409161 0
911409162 0
911409191 0
911474703 0
911474716 0
911474717 0
911474726 0
911540227 0
911540230 0
911540253 0
911540264 0
911605776 0
911605783 0
911605797 0
911605798 0
911671329 0
911671330 0
911671336 0
911671339 0
911736849 0
911736867 0
911736868 0
911736870 0
911802388 0
911802389 0
911802390 0
911802391 0
911867930 0
911867943 0
911867944 0
911867945 0
911933446 0
911933453 0
911933455 0
911933456 0
911998987 0
911998988 0
911998998 0
911999009 0
912064519 0
912064533 0
912064538 0
912064556 0
912130080 0
912130085 0
912130094 0
912130095 0
912195587 0
912195596 0
912195601 0
912195630 0
912261123 0
912261137 0
912261140 0
912261142 0
912326661 0
912326691 0
912326692 0
912326702 0
912392193 0
912392194 0
912392208 0
912392231 0
912457732 0
912457733 0
912457762 0
912457771 0
912523264 0
912523266 0
912523281 0
912523303 0
912588840 0
912588841 0
912588843 0
912588846 0
912654358 0
912654376 0
912654381 0
912654383 0
912719889 0
912719896 0
912719898 0
912719899 0
912785414 0
912785440 0
912785449 0
912785455 0
912850952 0
912850957 0
912850987 0
912850990 0
912916482 0
912916491 0
912916496 0
912916497 0
912982016 0
912982018 0
912982019 0
912982057 0
913047586 0
913047591 0
913047593 0
913047596 0
913113093 0
913113107 0
913113110 0
913113116 0
913178636 0
913178667 0
913178669 0
913178670 0
913244187 0
913244196 0
913244197 0
913244198 0
913309702 0
913309728 0
913309729 0
913309735 0
913375236 0
913375250 0
913375273 0
913375279 0
913440773 0
913440812 0
913440814 0
913440815 0
913506308 0
913506330 0
913506335 0
913506341 0
913571842 0
913571876 0
913571885 0
913571887 0
913637377 0
913637395 0
913637416 0
913637418 0
913702919 0
913702937 0
913702938 0
913702940 0
913768464 0
913768485 0
913768487 0
913768494 0
913833994 0
913833996 0
913834009 0
913834023 0
913899532 0
913899546 0
913899555 0
913899557 0
913965059 0
913965094 0
913965097 0
913965100 0
914030597 0
914030607 0
914030610 0
914030624 0
914096130 0
914096140 0
914096141 0
914096171 0
914161704 0
914161709 0
914161710 0
914161711 0
914227203 0
914227205 0
914227210 0
914227244 0
914292740 0
914292746 0
914292755 0
914292757 0
914358283 0
914358285 0
914358306 0
914358312 0
914423829 0
914423843 0
914423848 0
914423850 0
914489377 0
914489379 0
914489386 0
914489388 0
914554906 0
914554909 0
914554919 0
914554924 0
914620448 0
914620454 0
914620459 0
914620461 0
914685960 0
914685981 0
914685987 0
914685994 0
914751494 0
914751531 0
914751532 0
914751533 0
914817024 0
914817034 0
914817045 0
914817067 0
914882565 0
914882592 0
914882598 0
914882603 0
914948100 0
914948102 0
914948135 0
914948137 0
915013634 0
915013637 0
915013656 0
915013675 0
915079198 0
915079201 0
915079208 0
915079215 0
915144705 0
915144708 0
915144711 0
915144734 0
915210282 0
915210283 0
915210284 0
915210285 0
915275788 0
915275811 0
915275818 0
915275821 0
915341353 0
915341355 0
915341356 0
915341358 0
915406880 0
915406887 0
915406893 0
915406894 0
915472409 0
915472420 0
915472422 0
915472427 0
915537932 0
915537937 0
915537943 0
915537966 0
915603470 0
915603472 0
915603493 0
915603495 0
915669005 0
915669019 0
915669020 0
915669022 0
915734548 0
915734567 0
915734569 0
915734574 0
915800066 0
915800068 0
915800097 0
915800103 0
915865610 0
915865615 0
915865625 0
915865632 0
915931150 0
915931165 0
915931167 0
915931168 0
915996675 0
915996688 0
915996693 0
915996718 0
916062231 0
916062244 0
916062253 0
916062254 0
916127755 0
916127768 0
916127777 0
916127782 0
916193287 0
916193290 0
916193309 0
916193320 0
916258848 0
916258849 0
916258854 0
916258855 0
916324355 0
916324385 0
916324388 0
916324398 0
916389896 0
916389911 0
916389914 0
916389933 0
916455424 0
916455438 0
916455451 0
916455461 0
916520963 0
916520977 0
916520990 0
916521000 0
916586516 0
916586535 0
916586537 0
916586542 0
916652033 0
916652043 0
916652048 0
916652050 0
916717598 0
916717607 0
916717609 0
916717612 0
916783104 0
916783114 0
916783115 0
916783137 0
916848640 0
916848642 0
916848647 0
916848661 0
916914188 0
916914190 0
916914207 0
916914221 0
916979713 0
916979716 0
916979723 0
916979734 0
917045248 0
917045267 0
917045290 0
917045293 0
917110809 0
917110812 0
917110814 0
917110815 0
917176338 0
917176340 0
917176343 0
917176349 0
917241862 0
917241883 0
917241892 0
917241897 0
917307402 0
917307417 0
917307419 0
917307428 0
917372930 0
917372931 0
917372933 0
917372936 0
917438468 0
917438470 0
917438489 0
917438491 0
917504001 0
917504032 0
917504038 0
917504039 0
917569564 0
917569574 0
917569577 0
917569579 0
917635109 0
917635112 0
917635115 0
917635118 0
917700620 0
917700641 0
917700643 0
917700646 0
917766178 0
917766183 0
917766188 0
917766189 0
917831697 0
917831702 0
917831712 0
917831715 0
917897244 0
917897246 0
917897249 0
917897263 0
917962756 0
917962786 0
917962789 0
917962791 0
918028299 0
918028308 0
918028313 0
918028334 0
918093839 0
918093840 0
918093858 0
918093869 0
918159368 0
918159369 0
918159378 0
918159383 0
918224924 0
918224934 0
918224935 0
918224941 0
918290455 0
918290458 0
918290460 0
918290469 0
918356002 0
918356004 0
918356011 0
918356013 0
918421532 0
918421539 0
918421541 0
918421542 0
918487063 0
918487069 0
918487070 0
918487076 0
918552580 0
918552582 0
918552583 0
918552585 0
918618144 0
918618147 0
918618157 0
918618158 0
918683653 0
918683667 0
918683670 0
918683692 0
918749185 0
918749200 0
918749218 0
918749231 0
918814731 0
918814754 0
918814756 0
918814761 0
918880264 0
918880265 0
918880283 0
918880298 0
918945832 0
918945837 0
918945838 0
918945839 0
919011357 0
919011358 0
919011359 0
919011360 0
919076890 0
919076893 0
919076907 0
919076908 0
919142419 0
919142421 0
919142434 0
919142436 0
919207939 0
919207948 0
919207966 0
919207977 0
919273491 0
919273505 0
919273514 0
919273516 0
919339038 0
919339040 0
919339041 0
919339055 0
919404573 0
919404576 0
919404578 0
919404591 0
919470089 0
919470103 0
919470122 0
919470124 0
919535618 0
919535656 0
919535657 0
919535663 0
919601162 0
919601163 0
919601165 0
919601176 0
919666689 0
919666692 0
919666707 0
919666722 0
919732229 0
919732252 0
919732266 0
919732267 0
919797764 0
919797790 0
919797801 0
919797803 0
919863298 0
919863303 0
919863320 0
919863333 0
919928832 0
919928871 0
919928873 0
919928874 0
919994402 0
919994407 0
919994409 0
919994412 0
920059909 0
920059928 0
920059930 0
920059951 0
920125443 0
920125484 0
920125485 0
920125486 0
920191002 0
920191020 0
920191021 0
920191023 0
920256532 0
920256535 0
920256549 0
920256558 0
920322049 0
920322090 0
920322092 0
920322095 0
920387603 0
920387610 0
920387624 0
920387629 0
920453143 0
920453153 0
920453162 0
920453164 0
920518659 0
920518665 0
920518666 0
920518668 0
920584208 0
920584217 0
920584231 0
920584238 0
920649730 0
920649753 0
920649755 0
920649772 0
920715278 0
920715293 0
920715308 0
920715311 0
920780800 0
920780835 0
920780837 0
920780842 0
920846370 0
920846380 0
920846381 0
920846383 0
920911885 0
920911888 0
920911899 0
920911902 0
920977409 0
920977423 0
920977426 0
920977432 0
921042953 0
921042954 0
921042955 0
921042976 0
921108486 0
921108500 0
921108509 0
921108527 0
921174033 0
921174035 0
921174036 0
921174038 0
921239565 0
921239583 0
921239584 0
921239594 0
921305090 0
921305093 0
921305107 0
921305120 0
921370625 0
921370630 0
921370639 0
921370660 0
921436188 0
921436193 0
921436206 0
921436207 0
921501711 0
921501720 0
921501729 0
921501730 0
921567258 0
921567267 0
921567276 0
921567277 0
921632772 0
921632774 0
921632799 0
921632805 0
921698307 0
921698337 0
921698342 0
921698348 0
921763879 0
921763881 0
921763884 0
921763886 0
921829406 0
921829411 0
921829412 0
921829421 0
921894919 0
921894924 0
921894954 0
921894957 0
921960448 0
921960461 0
921960471 0
921960478 0
922025986 0
922026021 0
922026023 0
922026024 0
922091548 0
922091550 0
922091557 0
922091567 0
922157082 0
922157100 0
922157101 0
922157103 0
922222596 0
922222602 0
922222605 0
922222607 0
922288128 0
922288143 0
922288149 0
922288166 0
922353664 0
922353669 0
922353674 0
922353695 0
922419234 0
922419239 0
922419241 0
922419244 0
922484739 0
922484744 0
922484757 0
922484758 0
922550293 0
922550296 0
922550310 0
922550319 0
922615822 0
922615832 0
922615837 0
922615851 0
922681365 0
922681368 0
922681379 0
922681386 0
922746889 0
922746902 0
922746904 0
922746919 0
922812417 0
922812419 0
922812432 0
922812446 0
922877965 0
922877974 0
922877979 0
922877992 0
922943493 0
922943494 0
922943499 0
922943504 0
923009051 0
923009058 0
923009060 0
923009069 0
923074573 0
923074575 0
923074580 0
923074606 0
923140102 0
923140120 0
923140125 0
923140139 0
923205659 0
923205673 0
923205676 0
923205678 0
923271169 0
923271172 0
923271174 0
923271175 0
923336724 0
923336729 0
923336743 0
923336750 0
923402264 0
923402269 0
923402278 0
923402279 0
923467777 0
923467808 0
923467822 0
923467823 0
923533324 0
923533342 0
923533343 0
923533345 0
923598852 0
923598853 0
923598854 0
923598871 0
923664411 0
923664414 0
923664416 0
923664425 0
923729930 0
923729931 0
923729944 0
923729945 0
923795463 0
923795485 0
923795498 0
923795500 0
923861023 0
923861026 0
923861036 0
923861037 0
923926537 0
923926551 0
923926554 0
923926572 0
923992073 0
923992076 0
923992078 0
923992087 0
924057609 0
924057611 0
924057612 0
924057614 0
924123141 0
924123146 0
924123163 0
924123164 0
924188672 0
924188673 0
924188687 0
924188698 0
924254221 0
924254223 0
924254226 0
924254244 0
924319744 0
924319763 0
924319782 0
924319785 0
924385280 0
924385294 0
924385297 0
924385315 0
924450825 0
924450826 0
924450827 0
924450832 0
924516360 0
924516366 0
924516369 0
924516383 0
924581909 0
924581926 0
924581928 0
924581935 0
924647440 0
924647441 0
924647443 0
924647454 0
924712968 0
924712977 0
924712990 0
924712999 0
924778509 0
924778512 0
924778527 0
924778530 0
924844032 0
924844035 0
924844038 0
924844041 0
924909569 0
924909571 0
924909584 0
924909606 0
924975120 0
924975121 0
924975130 0
924975135 0
925040640 0
925040647 0
925040650 0
925040665 0
925106176 0
925106194 0
925106213 0
925106219 0
925171735 0
925171740 0
925171749 0
925171754 0
925237275 0
925237280 0
925237282 0
925237285 0
925302792 0
925302818 0
925302819 0
925302821 0
925368338 0
925368339 0
925368341 0
925368344 0
925433859 0
925433882 0
925433896 0
925433901 0
925499427 0
925499434 0
925499436 0
925499437 0
925564935 0
925564938 0
925564957 0
925564972 0
925630505 0
925630507 0
925630508 0
925630510 0
925696017 0
925696032 0
925696034 0
925696047 0
925761555 0
925761569 0
925761570 0
925761572 0
925827090 0
925827096 0
925827109 0
925827111 0
925892608 0
925892622 0
925892643 0
925892645 0
925958150 0
925958153 0
925958155 0
925958156 0
926023691 0
926023694 0
926023696 0
926023697 0
926089238 0
926089240 0
926089243 0
926089257 0
926154754 0
926154760 0
926154761 0
926154767 0
926220293 0
926220316 0
926220326 0
926220335 0
926285824 0
926285827 0
926285841 0
926285846 0
926351370 0
926351373 0
926351387 0
926351400 0
926416900 0
926416902 0
926416903 0
926416905 0
926482437 0
926482466 0
926482475 0
926482476 0
926547972 0
926547975 0
926547990 0
926548005 0
926613524 0
926613542 0
926613543 0
926613545 0
926679045 0
926679046 0
926679048 0
926679059 0
926744578 0
926744580 0
926744593 0
926744607 0
926810120 0
926810125 0
926810150 0
926810151 0
926875652 0
926875658 0
926875661 0
926875675 0
926941192 0
926941194 0
926941213 0
926941227 0
927006733 0
927006734 0
927006735 0
927006752 0
927072256 0
927072258 0
927072271 0
927072273 0
927137793 0
927137794 0
927137803 0
927137820 0
927203333 0
927203348 0
927203351 0
927203354 0
927268895 0
927268898 0
927268901 0
927268904 0
927334411 0
927334429 0
927334432 0
927334438 0
927399944 0
927399978 0
927399979 0
927399981 0
927465473 0
927465483 0
927465488 0
927465490 0
927531030 0
927531033 0
927531035 0
927531044 0
927596570 0
927596572 0
927596575 0
927596581 0
927662107 0
927662117 0
927662122 0
927662124 0
927727650 0
927727653 0
927727659 0
927727660 0
927793155 0
927793157 0
927793160 0
927793198 0
927858693 0
927858695 0
927858696 0
927858710 0
927924238 0
927924259 0
927924268 0
927924269 0
927989764 0
927989765 0
927989767 0
927989770 0
928055296 0
928055297 0
928055299 0
928055318 0
928120843 0
928120856 0
928120869 0
928120874 0
928186387 0
928186396 0
928186401 0
928186410 0
928251917 0
928251926 0
928251931 0
928251932 0
928317440 0
928317453 0
928317454 0
928317463 0
928382978 0
928382979 0
928382992 0
928382993 0
928448534 0
928448544 0
928448553 0
928448559 0
928514057 0
928514076 0
928514087 0
928514090 0
928579601 0
928579604 0
928579615 0
928579622 0
928645120 0
928645135 0
928645138 0
928645157 0
928710665 0
928710676 0
928710679 0
928710694 0
928776202 0
928776229 0
928776232 0
928776235 0
928841730 0
928841731 0
928841732 0
928841749 0
928907283 0
928907301 0
928907304 0
928907306 0
928972824 0
928972830 0
928972841 0
928972843 0
929038337 0
929038346 0
929038347 0
929038352 0
929103874 0
929103889 0
929103892 0
929103915 0
929169419 0
929169452 0
929169453 0
929169454 0
929234952 0
929234962 0
929234969 0
929234971 0
929300488 0
929300514 0
929300521 0
929300523 0
929366024 0
929366045 0
929366047 0
929366050 0
929431556 0
929431563 0
929431566 0
929431573 0
929497089 0
929497102 0
929497104 0
929497111 0
929562629 0
929562632 0
929562654 0
929562667 0
929628166 0
929628168 0
929628169 0
929628183 0
929693740 0
929693741 0
929693742 0
929693743 0
929759234 0
929759251 0
929759253 0
929759256 0
929824777 0
929824811 0
929824812 0
929824814 0
929890322 0
929890329 0
929890332 0
929890335 0
929955843 0
929955850 0
929955852 0
929955857 0
930021381 0
930021408 0
930021411 0
930021422 0
930086922 0
930086927 0
930086940 0
930086945 0
930152466 0
930152468 0
930152469 0
930152495 0
930217987 0
930218005 0
930218014 0
930218016 0
930283525 0
930283528 0
930283531 0
930283558 0
930349065 0
930349076 0
930349078 0
930349079 0
930414611 0
930414621 0
930414622 0
930414624 0
930480151 0
930480158 0
930480168 0
930480173 0
930545670 0
930545689 0
930545691 0
930545692 0
930611208 0
930611215 0
930611218 0
930611229 0
930676743 0
930676776 0
930676781 0
930676782 0
930742279 0
930742305 0
930742310 0
930742316 0
930807812 0
930807821 0
930807826 0
930807831 0
930873344 0
930873349 0
930873371 0
930873374 0
930938884 0
930938889 0
930938891 0
930938906 0
931004423 0
931004424 0
931004426 0
931004445 0
931069953 0
931069954 0
931069956 0
931069959 0
931135497 0
931135500 0
931135518 0
931135519 0
931201033 0
931201034 0
931201036 0
931201051 0
931266561 0
931266568 0
931266579 0
931266582 0
931332102 0
931332107 0
931332136 0
931332137 0
931397632 0
931397641 0
931397650 0
931397655 0
931463186 0
931463187 0
931463189 0
931463192 0
931528718 0
931528736 0
931528741 0
931528747 0
931594247 0
931594248 0
931594249 0
931594254 0
931659779 0
931659800 0
931659813 0
931659814 0
931725325 0
931725344 0
931725347 0
931725354 0
931790848 0
931790874 0
931790877 0
931790883 0
931856387 0
931856390 0
931856392 0
931856413 0
931921925 0
931921926 0
931921931 0
931921932 0
931987472 0
931987493 0
931987494 0
931987495 0
932052992 0
932052994 0
932053003 0
932053017 0
932118529 0
932118530 0
932118531 0
932118544 0
932184085 0
932184086 0
932184107 0
932184108 0
932249601 0
932249611 0
932249614 0
932249616 0
932315142 0
932315152 0
932315165 0
932315179 0
932380681 0
932380684 0
932380687 0
932380718 0
932446212 0
932446237 0
932446239 0
932446242 0
932511748 0
932511751 0
932511761 0
932511782 0
932577280 0
932577291 0
932577294 0
932577297 0
932642827 0
932642836 0
932642838 0
932642841 0
932708360 0
932708362 0
932708367 0
932708377 0
932773902 0
932773915 0
932773920 0
932773925 0
932839443 0
932839449 0
932839452 0
932839466 0
932904961 0
932904964 0
932904974 0
932904995 0
932970500 0
932970509 0
932970510 0
932970527 0
933036050 0
933036051 0
933036061 0
933036064 0
933101582 0
933101585 0
933101587 0
933101588 0
933167119 0
933167122 0
933167132 0
933167137 0
933232657 0
933232678 0
933232684 0
933232687 0
933298183 0
933298202 0
933298205 0
933298220 0
933363715 0
933363724 0
933363725 0
933363758 0
933429253 0
933429258 0
933429288 0
933429291 0
933494785 0
933494786 0
933494788 0
933494795 0
933560331 0
933560333 0
933560364 0
933560366 0
933625862 0
933625881 0
933625895 0
933625896 0
933691424 0
933691425 0
933691426 0
933691427 0
933756940 0
933756941 0
933756951 0
933756954 0
933822467 0
933822488 0
933822489 0
933822506 0
933888005 0
933888008 0
933888031 0
933888042 0
933953555 0
933953556 0
933953558 0
933953577 0
934019082 0
934019084 0
934019101 0
934019103 0
934084623 0
934084626 0
934084632 0
934084637 0
934150145 0
934150156 0
934150166 0
934150175 0
934215680 0
934215715 0
934215717 0
934215726 0
934281233 0
934281242 0
934281247 0
934281252 0
934346766 0
934346769 0
934346783 0
934346788 0
934412289 0
934412291 0
934412310 0
934412324 0
934477835 0
934477852 0
934477854 0
934477869 0
934543365 0
934543368 0
934543370 0
934543371 0
934608930 0
934608935 0
934608937 0
934608940 0
934674454 0
934674456 0
934674457 0
934674475 0
934739974 0
934739977 0
934740007 0
934740012 0
934805532 0
934805549 0
934805550 0
934805551 0
934871070 0
934871076 0
934871085 0
934871087 0
934936583 0
934936604 0
934936606 0
934936617 0
935002117 0
935002128 0
935002143 0
935002146 0
935067651 0
935067669 0
935067670 0
935067680 0
935133184 0
935133185 0
935133186 0
935133187 0
935198732 0
935198737 0
935198738 0
935198747 0
935264257 0
935264272 0
935264291 0
935264294 0
935329816 0
935329818 0
935329819 0
935329833 0
935395333 0
935395334 0
935395336 0
935395375 0
935460881 0
935460883 0
935460884 0
935460910 0
935526402 0
935526404 0
935526405 0
935526411 0
935591940 0
935591942 0
935591949 0
935591951 0
935657481 0
935657494 0
935657499 0
935657512 0
935723020 0
935723021 0
935723030 0
935723031 0
935788557 0
935788563 0
935788570 0
935788576 0
935854085 0
935854086 0
935854116 0
935854123 0
935919636 0
935919638 0
935919651 0
935919657 0
935985155 0
935985165 0
935985174 0
935985176 0
936050688 0
936050695 0
936050698 0
936050701 0
936116234 0
936116244 0
936116249 0
936116255 0
936181764 0
936181786 0
936181795 0
936181805 0
936247301 0
936247310 0
936247328 0
936247339 0
936312857 0
936312858 0
936312867 0
936312876 0
936378368 0
936378369 0
936378383 0
936378390 0
936443923 0
936443924 0
936443925 0
936443926 0
936509455 0
936509460 0
936509470 0
936509473 0
936574985 0
936574987 0
936574988 0
936575014 0
936640521 0
936640522 0
936640528 0
936640531 0
936706055 0
936706058 0
936706064 0
936706069 0
936771589 0
936771599 0
936771612 0
936771618 0
936837128 0
936837133 0
936837138 0
936837143 0
936902661 0
936902666 0
936902672 0
936902683 0
936968193 0
936968203 0
936968210 0
936968220 0
937033750 0
937033753 0
937033755 0
937033756 0
937099265 0
937099271 0
937099278 0
937099292 0
937164817 0
937164818 0
937164820 0
937164843 0
937230354 0
937230361 0
937230368 0
937230375 0
937295874 0
937295888 0
937295907 0
937295909 0
937361420 0
937361430 0
937361441 0
937361455 0
937426956 0
937426970 0
937426977 0
937426987 0
937492484 0
937492486 0
937492495 0
937492505 0
937558048 0
937558049 0
937558054 0
937558063 0
937623553 0
937623567 0
937623574 0
937623576 0
937689105 0
937689106 0
937689107 0
937689112 0
937754635 0
937754636 0
937754642 0
937754645 0
937820190 0
937820193 0
937820195 0
937820200 0
937885716 0
937885725 0
937885730 0
937885739 0
937951245 0
937951258 0
937951260 0
937951267 0
938016794 0
938016796 0
938016799 0
938016805 0
938082310 0
938082323 0
938082329 0
938082344 0
938147846 0
938147847 0
938147849 0
938147884 0
938213397 0
938213406 0
938213415 0
938213420 0
938278926 0
938278937 0
938278940 0
938278959 0
938344464 0
938344477 0
938344478 0
938344479 0
938409986 0
938409987 0
938409993 0
938410000 0
938475520 0
938475523 0
938475537 0
938475554 0
938541058 0
938541060 0
938541061 0
938541075 0
938606609 0
938606611 0
938606626 0
938606632 0
938672129 0
938672138 0
938672144 0
938672163 0
938737678 0
938737684 0
938737689 0
938737691 0
938803206 0
938803211 0
938803220 0
938803245 0
938868737 0
938868740 0
938868743 0
938868746 0
938934276 0
938934281 0
938934287 0
938934290 0
938999822 0
938999824 0
938999841 0
938999843 0
939065345 0
939065346 0
939065360 0
939065371 0
939130891 0
939130896 0
939130901 0
939130914 0
939196420 0
939196446 0
939196453 0
939196455 0
939261952 0
939261957 0
939261963 0
939261966 0
939327499 0
939327502 0
939327524 0
939327529 0
939393026 0
939393027 0
939393028 0
939393029 0
939458566 0
939458587 0
939458596 0
939458605 0
939524102 0
939524105 0
939524116 0
939524139 0
939589645 0
939589648 0
939589650 0
939589671 0
939655172 0
939655174 0
939655183 0
939655185 0
939720705 0
939720706 0
939720711 0
939720724 0
939786241 0
939786256 0
939786263 0
939786270 0
939851777 0
939851784 0
939851794 0
939851799 0
939917320 0
939917323 0
939917333 0
939917338 0
939982850 0
939982852 0
939982853 0
939982879 0
940048384 0
940048401 0
940048411 0
940048414 0
940113933 0
940113954 0
940113959 0
940113960 0
940179468 0
940179471 0
940179486 0
940179489 0
940245008 0
940245013 0
940245027 0
940245034 0
940310528 0
940310546 0
940310547 0
940310549 0
940376071 0
940376074 0
940376076 0
940376089 0
940441606 0
940441620 0
940441629 0
940441643 0
940507137 0
940507147 0
940507148 0
940507150 0
940572673 0
940572675 0
940572688 0
940572698 0
940638213 0
940638216 0
940638218 0
940638227 0
940703744 0
940703746 0
940703749 0
940703775 0
940769287 0
940769289 0
940769292 0
940769310 0
940834823 0
940834837 0
940834838 0
940834852 0
940900360 0
940900362 0
940900387 0
940900389 0
940965888 0
940965899 0
940965902 0
940965929 0
941031433 0
941031436 0
941031438 0
941031455 0
941096974 0
941096992 0
941096999 0
941097005 0
941162499 0
941162510 0
941162520 0
941162521 0
941228038 0
941228061 0
941228068 0
941228075 0
941293577 0
941293582 0
941293583 0
941293592 0
941359118 0
941359119 0
941359120 0
941359137 0
941424654 0
941424665 0
941424671 0
941424676 0
941490189 0
941490190 0
941490208 0
941490223 0
941555728 0
941555731 0
941555738 0
941555749 0
941621266 0
941621272 0
941621275 0
941621277 0
941686785 0
941686792 0
941686798 0
941686799 0
941752331 0
941752340 0
941752349 0
941752350 0
941817857 0
941817858 0
941817860 0
941817871 0
941883395 0
941883398 0
941883401 0
941883436 0
941948928 0
941948933 0
941948946 0
941948959 0
942014476 0
942014499 0
942014501 0
942014510 0
942080001 0
942080002 0
942080003 0
942080020 0
942145544 0
942145547 0
942145554 0
942145577 0
942211087 0
942211098 0
942211101 0
942211104 0
942276617 0
942276620 0
942276635 0
942276638 0
942342164 0
942342166 0
942342167 0
942342181 0
942407680 0
942407685 0
942407686 0
942407687 0
942473239 0
942473240 0
942473253 0
942473254 0
942538765 0
942538766 0
942538768 0
942538771 0
942604300 0
942604302 0
942604317 0
942604335 0
942669826 0
942669828 0
942669843 0
942669869 0
942735373 0
942735374 0
942735375 0
942735404 0
942800907 0
942800910 0
942800912 0
942800913 0
942866448 0
942866462 0
942866465 0
942866467 0
942931983 0
942932000 0
942932002 0
942932005 0
942997511 0
942997514 0
942997525 0
942997532 0
943063040 0
943063043 0
943063057 0
943063058 0
943128590 0
943128595 0
943128601 0
943128604 0
943194116 0
943194129 0
943194131 0
943194134 0
943259654 0
943259656 0
943259673 0
943259683 0
943325200 0
943325214 0
943325221 0
943325227 0
943390721 0
943390742 0
943390743 0
943390748 0
943456257 0
943456276 0
943456291 0
943456294 0
943521792 0
943521802 0
943521805 0
943521827 0
943587336 0
943587337 0
943587343 0
943587374 0
943652866 0
943652871 0
943652876 0
943652885 0
943718403 0
943718410 0
943718417 0
943718440 0
943783938 0
943783948 0
943783955 0
943783965 0
943849484 0
943849490 0
943849499 0
943849509 0
943915027 0
943915029 0
943915032 0
943915038 0
943980548 0
943980567 0
943980569 0
943980574 0
944046083 0
944046097 0
944046100 0
944046102 0
944111620 0
944111630 0
944111643 0
944111645 0
944177156 0
944177189 0
944177191 0
944177194 0
944242712 0
944242715 0
944242726 0
944242733 0
944308226 0
944308237 0
944308239 0
944308244 0
944373760 0
944373767 0
944373769 0
944373798 0
944439302 0
944439312 0
944439319 0
944439321 0
944504869 0
944504870 0
944504872 0
944504879 0
944570381 0
944570390 0
944570399 0
944570408 0
944635911 0
944635930 0
944635945 0
944635948 0
944701448 0
944701450 0
944701453 0
944701463 0
944766987 0
944767012 0
944767021 0
944767022 0
944832513 0
944832535 0
944832552 0
944832554 0
944898063 0
944898076 0
944898081 0
944898094 0
944963587 0
944963601 0
944963602 0
944963604 0
945029129 0
945029144 0
945029158 0
945029163 0
945094663 0
945094674 0
945094676 0
945094681 0
945160199 0
945160214 0
945160216 0
945160221 0
945225731 0
945225734 0
945225736 0
945225753 0
945291264 0
945291267 0
945291285 0
945291294 0
945356806 0
945356809 0
945356831 0
945356840 0
945422355 0
945422365 0
945422374 0
945422376 0
945487872 0
945487874 0
945487875 0
945487885 0
945553418 0
945553421 0
945553432 0
945553435 0
945618949 0
945618954 0
945618956 0
945618979 0
945684496 0
945684498 0
945684499 0
945684513 0
945750025 0
945750028 0
945750035 0
945750038 0
945815569 0
945815572 0
945815579 0
945815586 0
945881099 0
945881104 0
945881117 0
945881134 0
945946635 0
945946640 0
945946657 0
945946662 0
946012161 0
946012187 0
946012200 0
946012206 0
946077709 0
946077714 0
946077723 0
946077732 0
946143240 0
946143251 0
946143254 0
946143257 0
946208768 0
946208781 0
946208798 0
946208803 0
946274316 0
946274333 0
946274346 0
946274351 0
946339873 0
946339874 0
946339875 0
946339880 0
946405380 0
946405381 0
946405390 0
946405399 0
946470914 0
946470917 0
946470931 0
946470936 0
946536475 0
946536488 0
946536493 0
946536494 0
946602011 0
946602016 0
946602021 0
946602022 0
946667540 0
946667543 0
946667554 0
946667565 0
946733059 0
946733076 0
946733077 0
946733078 0
946798599 0
946798604 0
946798625 0
946798626 0
946864141 0
946864167 0
946864168 0
946864174 0
946929668 0
946929674 0
946929689 0
946929695 0
946995200 0
946995210 0
946995211 0
946995213 0
947060737 0
947060743 0
947060758 0
947060776 0
947126272 0
947126277 0
947126278 0
947126315 0
947191813 0
947191836 0
947191846 0
947191847 0
947257349 0
947257352 0
947257354 0
947257383 0
947322881 0
947322898 0
947322900 0
947322927 0
947388448 0
947388449 0
947388451 0
947388454 0
947453956 0
947453965 0
947453970 0
947453979 0
947519499 0
947519509 0
947519510 0
947519512 0
947585043 0
947585052 0
947585053 0
947585066 0
947650593 0
947650594 0
947650599 0
947650600 0
947716103 0
947716120 0
947716129 0
947716134 0
947781643 0
947781644 0
947781650 0
947781653 0
947847182 0
947847185 0
947847200 0
947847215 0
947912710 0
947912713 0
947912724 0
947912743 0
947978265 0
947978267 0
947978268 0
947978278 0
948043802 0
948043804 0
948043817 0
948043819 0
948109314 0
948109321 0
948109323 0
948109324 0
948174855 0
948174872 0
948174877 0
948174886 0
948240390 0
948240397 0
948240404 0
948240407 0
948305926 0
948305933 0
948305936 0
948305967 0
948371468 0
948371486 0
948371499 0
948371501 0
948437002 0
948437005 0
948437016 0
948437023 0
948502536 0
948502537 0
948502547 0
948502562 0
948568066 0
948568072 0
948568087 0
948568105 0
948633603 0
948633605 0
948633606 0
948633632 0
948699142 0
948699149 0
948699156 0
948699159 0
948764672 0
948764691 0
948764705 0
948764714 0
948830219 0
948830229 0
948830230 0
948830244 0
948895764 0
948895777 0
948895783 0
948895790 0
948961280 0
948961287 0
948961298 0
948961301 0
949026823 0
949026849 0
949026856 0
949026862 0
949092359 0
949092360 0
949092369 0
949092394 0
949157903 0
949157928 0
949157929 0
949157930 0
949223443 0
949223446 0
949223448 0
949223449 0
949288963 0
949288965 0
949288978 0
949288988 0
949354503 0
949354520 0
949354529 0
949354538 0
949420042 0
949420047 0
949420053 0
949420060 0
949485568 0
949485593 0
949485594 0
949485603 0
949551113 0
949551116 0
949551126 0
949551127 0
949616644 0
949616655 0
949616670 0
949616681 0
949682178 0
949682188 0
949682191 0
949682193 0
949747714 0
949747715 0
949747716 0
949747717 0
949813252 0
949813257 0
949813262 0
949813271 0
949878806 0
949878812 0
949878817 0
949878831 0
949944326 0
949944329 0
949944352 0
949944359 0
950009857 0
950009866 0
950009900 0
950009903 0
950075392 0
950075403 0
950075410 0
950075413 0
950140936 0
950140970 0
950140973 0
950140975 0
950206484 0
950206486 0
950206487 0
950206489 0
950272004 0
950272023 0
950272026 0
950272029 0
950337543 0
950337562 0
950337564 0
950337565 0
950403073 0
950403079 0
950403084 0
950403094 0
950468611 0
950468613 0
950468638 0
950468648 0
950534155 0
950534160 0
950534165 0
950534174 0
950599687 0
950599693 0
950599714 0
950599724 0
950665221 0
950665230 0
950665235 0
950665252 0
950730754 0
950730759 0
950730760 0
950730793 0
950796321 0
950796324 0
950796326 0
950796331 0
950861843 0
950861857 0
950861866 0
950861868 0
950927368 0
950927379 0
950927393 0
950927394 0
950992912 0
950992913 0
950992915 0
950992918 0
951058432 0
951058463 0
951058465 0
951058466 0
951123970 0
951123975 0
951124005 0
951124008 0
951189530 0
951189533 0
951189535 0
951189540 0
951255055 0
951255057 0
951255062 0
951255076 0
951320600 0
951320610 0
951320611 0
951320617 0
951386131 0
951386138 0
951386140 0
951386145 0
951451666 0
951451676 0
951451681 0
951451691 0
951517197 0
951517204 0
951517206 0
951517211 0
951582731 0
951582733 0
951582754 0
951582756 0
951648269 0
951648271 0
951648276 0
951648290 0
951713812 0
951713815 0
951713817 0
951713822 0
951779339 0
951779362 0
951779364 0
951779369 0
951844868 0
951844886 0
951844889 0
951844895 0
951910400 0
951910407 0
951910414 0
951910417 0
951975943 0
951975968 0
951975973 0
951975978 0
952041473 0
952041507 0
952041512 0
952041514 0
952107020 0
952107022 0
952107029 0
952107047 0
952172545 0
952172556 0
952172570 0
952172591 0
952238094 0
952238100 0
952238105 0
952238119 0
952303623 0
952303637 0
952303642 0
952303652 0
952369167 0
952369177 0
952369194 0
952369196 0
952434713 0
952434718 0
952434719 0
952434720 0
952500237 0
952500252 0
952500262 0
952500271 0
952565769 0
952565780 0
952565787 0
952565794 0
952631329 0
952631332 0
952631339 0
952631342 0
952696840 0
952696854 0
952696857 0
952696859 0
952762372 0
952762386 0
952762399 0
952762413 0
952827910 0
952827911 0
952827916 0
952827921 0
952893447 0
952893461 0
952893484 0
952893486 0
952959003 0
952959010 0
952959012 0
952959017 0
953024512 0
953024526 0
953024533 0
953024547 0
953090066 0
953090083 0
953090085 0
953090092 0
953155590 0
953155628 0
953155629 0
953155631 0
953221123 0
953221126 0
953221133 0
953221152 0
953286662 0
953286669 0
953286671 0
953286684 0
953352226 0
953352228 0
953352229 0
953352239 0
953417728 0
953417747 0
953417750 0
953417761 0
953483282 0
953483283 0
953483293 0
953483304 0
953548832 0
953548835 0
953548838 0
953548845 0
953614336 0
953614338 0
953614369 0
953614379 0
953679889 0
953679899 0
953679900 0
953679914 0
953745429 0
953745434 0
953745447 0
953745448 0
953810950 0
953810955 0
953810957 0
953810964 0
953876486 0
953876495 0
953876497 0
953876500 0
953942018 0
953942024 0
953942029 0
953942035 0
954007560 0
954007570 0
954007579 0
954007581 0
954073091 0
954073105 0
954073110 0
954073120 0
954138642 0
954138649 0
954138656 0
954138667 0
954204175 0
954204177 0
954204180 0
954204194 0
954269700 0
954269721 0
954269726 0
954269727 0
954335246 0
954335252 0
954335253 0
954335259 0
954400774 0
954400780 0
954400797 0
954400799 0
954466332 0
954466338 0
954466349 0
954466351 0
954531856 0
954531866 0
954531877 0
954531887 0
954597411 0
954597417 0
954597418 0
954597420 0
954662916 0
954662921 0
954662934 0
954662939 0
954728451 0
954728458 0
954728476 0
954728489 0
954793986 0
954793988 0
954793995 0
954794013 0
954859521 0
954859531 0
954859546 0
954859552 0
954925056 0
954925074 0
954925097 0
954925099 0
954990598 0
954990608 0
954990623 0
954990637 0
955056161 0
955056170 0
955056171 0
955056172 0
955121691 0
955121697 0
955121706 0
955121708 0
955187201 0
955187222 0
955187224 0
955187227 0
955252744 0
955252749 0
955252782 0
955252783 0
955318279 0
955318296 0
955318305 0
955318314 0
955383809 0
955383823 0
955383824 0
955383826 0
955449356 0
955449357 0
955449379 0
955449382 0
955514903 0
955514904 0
955514906 0
955514913 0
955580417 0
955580434 0
955580439 0
955580452 0
955645973 0
955645983 0
955645990 0
955645996 0
955711514 0
955711521 0
955711523 0
955711528 0
955777059 0
955777064 0
955777069 0
955777070 0
955842561 0
955842566 0
955842567 0
955842596 0
955908097 0
955908134 0
955908136 0
955908139 0
955973634 0
955973649 0
955973672 0
955973679 0
956039174 0
956039197 0
956039204 0
956039207 0
956104708 0
956104737 0
956104739 0
956104742 0
956170258 0
956170267 0
956170276 0
956170281 0
956235783 0
956235800 0
956235806 0
956235821 0
956301329 0
956301338 0
956301339 0
956301344 0
956366848 0
956366849 0
956366879 0
956366894 0
956432405 0
956432407 0
956432418 0
956432420 0
956497922 0
956497928 0
956497929 0
956497935 0
956563470 0
956563472 0
956563493 0
956563499 0
956629020 0
956629030 0
956629031 0
956629033 0
956694560 0
956694570 0
956694573 0
956694575 0
956760083 0
956760084 0
956760090 0
956760097 0
956825634 0
956825639 0
956825641 0
956825644 0
956891148 0
956891171 0
956891173 0
956891182 0
956956688 0
956956693 0
956956695 0
956956706 0
957022214 0
957022216 0
957022233 0
957022235 0
957087761 0
957087764 0
957087774 0
957087787 0
957153281 0
957153298 0
957153300 0
957153307 0
957218841 0
957218850 0
957218855 0
957218860 0
957284365 0
957284376 0
957284382 0
957284383 0
957349890 0
957349916 0
957349927 0
957349929 0
957415439 0
957415442 0
957415460 0
957415461 0
957480966 0
957480985 0
957480995 0
957480996 0
957546522 0
957546528 0
957546535 0
957546537 0
957612037 0
957612055 0
957612056 0
957612074 0
957677576 0
957677577 0
957677594 0
957677599 0
957743111 0
957743125 0
957743130 0
957743132 0
957808645 0
957808666 0
957808680 0
957808683 0
957874177 0
957874182 0
957874188 0
957874203 0
957939718 0
957939723 0
957939725 0
957939732 0
958005265 0
958005268 0
958005290 0
958005295 0
958070785 0
958070787 0
958070804 0
958070818 0
958136323 0
958136326 0
958136344 0
958136345 0
958201861 0
958201870 0
958201875 0
958201896 0
958267404 0
958267413 0
958267415 0
958267434 0
958332938 0
958332957 0
958332964 0
958332967 0
958398474 0
958398476 0
958398505 0
958398511 0
958464005 0
958464030 0
958464032 0
958464035 0
958529568 0
958529570 0
958529571 0
958529577 0
958595074 0
958595077 0
958595083 0
958595116 0
958660610 0
958660623 0
958660640 0
958660653 0
958726156 0
958726158 0
958726167 0
958726169 0
958791688 0
958791689 0
958791690 0
958791691 0
958857236 0
958857239 0
958857258 0
958857261 0
958922756 0
958922766 0
958922773 0
958922783 0
958988292 0
958988298 0
958988311 0
958988317 0
959053839 0
959053846 0
959053849 0
959053852 0
959119367 0
959119368 0
959119386 0
959119389 0
959184918 0
959184920 0
959184923 0
959184941 0
959250434 0
959250436 0
959250439 0
959250457 0
959315983 0
959316004 0
959316009 0
959316014 0
959381520 0
959381522 0
959381535 0
959381541 0
959447044 0
959447062 0
959447063 0
959447081 0
959512586 0
959512593 0
959512600 0
959512607 0
959578116 0
959578118 0
959578125 0
959578151 0
959643650 0
959643669 0
959643683 0
959643688 0
959709204 0
959709219 0
959709221 0
959709222 0
959774720 0
959774729 0
959774734 0
959774747 0
959840261 0
959840275 0
959840284 0
959840290 0
959905805 0
959905807 0
959905828 0
959905834 0
959971336 0
959971350 0
959971373 0
959971375 0
960036871 0
960036885 0
960036886 0
960036904 0
960102409 0
960102411 0
960102424 0
960102426 0
960167945 0
960167959 0
960167966 0
960167968 0
960233475 0
960233505 0
960233508 0
960233510 0
960299019 0
960299029 0
960299036 0
960299046 0
960364551 0
960364573 0
960364576 0
960364578 0
960430085 0
960430087 0
960430096 0
960430106 0
960495639 0
960495644 0
960495649 0
960495654 0
960561153 0
960561171 0
960561190 0
960561192 0
960626690 0
960626692 0
960626699 0
960626713 0
960692228 0
960692231 0
960692234 0
960692245 0
960757772 0
960757775 0
960757786 0
960757805 0
960823300 0
960823311 0
960823313 0
960823322 0
960888844 0
960888858 0
960888861 0
960888879 0
960954381 0
960954383 0
960954386 0
960954388 0
961019913 0
961019916 0
961019947 0
961019950 0
961085462 0
961085480 0
961085485 0
961085487 0
961151007 0
961151012 0
961151017 0
961151018 0
961216515 0
961216540 0
961216545 0
961216554 0
961282049 0
961282052 0
961282079 0
961282082 0
961347589 0
961347592 0
961347598 0
961347619 0
961413135 0
961413141 0
961413160 0
961413162 0
961478656 0
961478682 0
961478689 0
961478691 0
961544192 0
961544197 0
961544211 0
961544218 0
961609766 0
961609771 0
961609772 0
961609773 0
961675277 0
961675282 0
961675287 0
961675292 0
961740806 0
961740813 0
961740827 0
961740840 0
961806339 0
961806353 0
961806356 0
961806358 0
961871882 0
961871884 0
961871885 0
961871907 0
961937414 0
961937433 0
961937436 0
961937443 0
962002945 0
962002947 0
962002948 0
962002962 0
962068490 0
962068501 0
962068511 0
962068520 0
962134030 0
962134035 0
962134037 0
962134048 0
962199557 0
962199566 0
962199571 0
962199592 0
962265094 0
962265097 0
962265111 0
962265132 0
962330624 0
962330627 0
962330629 0
962330650 0
962396160 0
962396166 0
962396169 0
962396183 0
962461710 0
962461724 0
962461739 0
962461741 0
962527234 0
962527244 0
962527253 0
962527267 0
962592768 0
962592769 0
962592771 0
962592778 0
962658309 0
962658323 0
962658336 0
962658350 0
962723847 0
962723848 0
962723853 0
962723854 0
962789394 0
962789396 0
962789405 0
962789407 0
962854927 0
962854942 0
962854948 0
962854953 0
962920458 0
962920461 0
962920480 0
962920491 0
962986007 0
962986010 0
962986024 0
962986025 0
963051529 0
963051531 0
963051544 0
963051558 0
963117078 0
963117084 0
963117101 0
963117103 0
963182608 0
963182617 0
963182623 0
963182638 0
963248147 0
963248153 0
963248156 0
963248158 0
963313668 0
963313683 0
963313685 0
963313694 0
963379215 0
963379216 0
963379229 0
963379230 0
963444748 0
963444755 0
963444766 0
963444773 0
963510281 0
963510284 0
963510299 0
963510306 0
963575820 0
963575822 0
963575829 0
963575835 0
963641349 0
963641352 0
963641358 0
963641383 0
963706916 0
963706918 0
963706921 0
963706927 0
963772418 0
963772439 0
963772452 0
963772461 0
963837953 0
963837955 0
963837956 0
963837986 0
963903489 0
963903492 0
963903498 0
963903519 0
963969041 0
963969043 0
963969058 0
963969060 0
964034562 0
964034576 0
964034605 0
964034607 0
964100106 0
964100109 0
964100128 0
964100135 0
964165646 0
964165660 0
964165661 0
964165675 0
964231183 0
964231185 0
964231188 0
964231206 0
964296721 0
964296724 0
964296727 0
964296746 0
964362259 0
964362264 0
964362266 0
964362273 0
964427793 0
964427808 0
964427810 0
964427811 0
964493313 0
964493314 0
964493315 0
964493344 0
964558856 0
964558858 0
964558863 0
964558885 0
964624384 0
964624391 0
964624398 0
964624405 0
964689921 0
964689936 0
964689938 0
964689963 0
964755459 0
964755465 0
964755470 0
964755484 0
964820992 0
964821009 0
964821010 0
964821039 0
964886538 0
964886544 0
964886561 0
964886571 0
964952067 0
964952070 0
964952080 0
964952105 0
965017600 0
965017602 0
965017605 0
965017623 0
965083143 0
965083162 0
965083165 0
965083176 0
965148695 0
965148702 0
965148704 0
965148705 0
965214229 0
965214235 0
965214238 0
965214252 0
965279764 0
965279767 0
965279781 0
965279786 0
965345298 0
965345301 0
965345311 0
965345312 0
965410821 0
965410831 0
965410844 0
965410862 0
965476358 0
965476360 0
965476377 0
965476391 0
965541889 0
965541892 0
965541894 0
965541895 0
965607441 0
965607444 0
965607451 0
965607466 0
965672960 0
965672977 0
965672986 0
965672999 0
965738502 0
965738504 0
965738507 0
965738521 0
965804061 0
965804066 0
965804067 0
965804068 0
965869577 0
965869602 0
965869604 0
965869615 0
965935106 0
965935127 0
965935140 0
965935149 0
966000660 0
966000681 0
966000682 0
966000683 0
966066176 0
966066178 0
966066187 0
966066205 0
966131716 0
966131731 0
966131749 0
966131758 0
966197270 0
966197272 0
966197277 0
966197287 0
966262810 0
966262812 0
966262825 0
966262827 0
966328321 0
966328326 0
966328328 0
966328343 0
966393859 0
966393865 0
966393900 0
966393902 0
966459392 0
966459397 0
966459402 0
966459415 0
966524930 0
966524952 0
966524959 0
966524973 0
966590479 0
966590493 0
966590508 0
966590510 0
966656002 0
966656004 0
966656005 0
966656027 0
966721555 0
966721564 0
966721570 0
966721573 0
966787081 0
966787084 0
966787107 0
966787118 0
966852610 0
966852619 0
966852636 0
966852645 0
966918162 0
966918164 0
966918167 0
966918181 0
966983686 0
966983688 0
966983693 0
966983695 0
967049232 0
967049239 0
967049245 0
967049246 0
967114763 0
967114778 0
967114780 0
967114785 0
967180296 0
967180319 0
967180326 0
967180329 0
967245855 0
967245856 0
967245865 0
967245870 0
967311376 0
967311377 0
967311386 0
967311395 0
967376907 0
967376925 0
967376930 0
967376936 0
967442436 0
967442457 0
967442463 0
967442466 0
967507973 0
967507982 0
967507991 0
967508008 0
967573518 0
967573519 0
967573524 0
967573525 0
967639049 0
967639054 0
967639067 0
967639072 0
967704583 0
967704592 0
967704606 0
967704613 0
967770128 0
967770131 0
967770141 0
967770142 0
967835667 0
967835673 0
967835676 0
967835686 0
967901200 0
967901211 0
967901213 0
967901218 0
967966724 0
967966729 0
967966758 0
967966767 0
968032273 0
968032283 0
968032286 0
968032292 0
968097794 0
968097795 0
968097801 0
968097804 0
968163334 0
968163337 0
968163367 0
968163368 0
968228870 0
968228871 0
968228884 0
968228889 0
968294417 0
968294432 0
968294435 0
968294442 0
968359936 0
968359961 0
968359974 0
968359983 0
968425485 0
968425491 0
968425502 0
968425516 0
968491025 0
968491052 0
968491054 0
968491055 0
968556544 0
968556579 0
968556585 0
968556586 0
968622081 0
968622102 0
968622120 0
968622127 0
968687626 0
968687640 0
968687641 0
968687659 0
968753171 0
968753185 0
968753186 0
968753188 0
968818709 0
968818712 0
968818715 0
968818726 0
968884241 0
968884244 0
968884255 0
968884258 0
968949775 0
968949792 0
968949797 0
968949802 0
969015298 0
969015327 0
969015332 0
969015337 0
969080847 0
969080866 0
969080868 0
969080869 0
969146388 0
969146389 0
969146394 0
969146415 0
969211911 0
969211914 0
969211925 0
969211928 0
969277440 0
969277443 0
969277450 0
969277461 0
969342977 0
969343003 0
969343014 0
969343016 0
969408517 0
969408536 0
969408539 0
969408550 0
969474065 0
969474078 0
969474080 0
969474087 0
969539587 0
969539598 0
969539620 0
969539621 0
969605121 0
969605142 0
969605156 0
969605159 0
969670674 0
969670677 0
969670684 0
969670695 0
969736199 0
969736213 0
969736232 0
969736234 0
969801764 0
969801767 0
969801769 0
969801774 0
969867267 0
969867280 0
969867286 0
969867289 0
969932802 0
969932816 0
969932819 0
969932825 0
969998360 0
969998381 0
969998382 0
969998383 0
970063877 0
970063895 0
970063896 0
970063918 0
970129432 0
970129434 0
970129435 0
970129449 0
970194944 0
970194969 0
970194979 0
970194986 0
970260490 0
970260493 0
970260511 0
970260524 0
970326030 0
970326031 0
970326041 0
970326056 0
970391555 0
970391564 0
970391578 0
970391585 0
970457096 0
970457106 0
970457113 0
970457119 0
970522629 0
970522632 0
970522654 0
970522663 0
970588169 0
970588188 0
970588191 0
970588202 0
970653697 0
970653711 0
970653714 0
970653732 0
970719232 0
970719234 0
970719239 0
970719257 0
970784794 0
970784800 0
970784805 0
970784807 0
970850306 0
970850315 0
970850320 0
970850349 0
970915845 0
970915852 0
970915875 0
970915886 0
970981378 0
970981385 0
970981391 0
970981420 0
971046941 0
971046943 0
971046954 0
971046956 0
971112456 0
971112471 0
971112474 0
971112485 0
971177994 0
971177997 0
971178012 0
971178031 0
971243522 0
971243543 0
971243557 0
971243564 0
971309080 0
971309087 0
971309089 0
971309098 0
971374594 0
971374595 0
971374596 0
971374609 0
971440152 0
971440165 0
971440170 0
971440175 0
971505675 0
971505676 0
971505682 0
971505685 0
971571212 0
971571231 0
971571245 0
971571246 0
971636747 0
971636749 0
971636768 0
971636774 0
971702279 0
971702284 0
971702301 0
971702314 0
971767818 0
971767821 0
971767839 0
971767852 0
971833369 0
971833374 0
971833380 0
971833383 0
971898890 0
971898895 0
971898904 0
971898921 0
971964446 0
971964452 0
971964457 0
971964459 0
972029971 0
972029978 0
972029980 0
972029981 0
972095496 0
972095509 0
972095526 0
972095531 0
972161038 0
972161045 0
972161059 0
972161060 0
972226569 0
972226596 0
972226602 0
972226607 0
972292112 0
972292121 0
972292138 0
972292139 0
972357649 0
972357650 0
972357668 0
972357679 0
972423171 0
972423192 0
972423209 0
972423214 0
972488712 0
972488715 0
972488726 0
972488729 0
972554244 0
972554247 0
972554249 0
972554274 0
972619788 0
972619802 0
972619809 0
972619811 0
972685312 0
972685314 0
972685353 0
972685355 0
972750863 0
972750864 0
972750865 0
972750894 0
972816388 0
972816398 0
972816413 0
972816415 0
972881921 0
972881938 0
972881952 0
972881963 0
972947468 0
972947470 0
972947479 0
972947501 0
973013000 0
973013013 0
973013027 0
973013034 0
973078552 0
973078554 0
973078573 0
973078575 0
973144066 0
973144076 0
973144095 0
973144097 0
973209635 0
973209636 0
973209637 0
973209642 0
973275136 0
973275137 0
973275151 0
973275178 0
973340690 0
973340699 0
973340704 0
973340709 0
973406224 0
973406237 0
973406238 0
973406247 0
973471766 0
973471780 0
973471787 0
973471789 0
973537294 0
973537299 0
973537312 0
973537313 0
973602830 0
973602851 0
973602853 0
973602856 0
973668376 0
973668385 0
973668387 0
973668394 0
973733896 0
973733907 0
973733910 0
973733929 0
973799442 0
973799448 0
973799453 0
973799455 0
973864961 0
973864962 0
973864963 0
973864968 0
973930496 0
973930499 0
973930502 0
973930505 0
973996032 0
973996037 0
973996039 0
973996058 0
974061568 0
974061586 0
974061589 0
974061591 0
974127119 0
974127130 0
974127136 0
974127145 0
974192657 0
974192667 0
974192670 0
974192684 0
974258179 0
974258206 0
974258216 0
974258221 0
974323731 0
974323736 0
974323745 0
974323754 0
974389264 0
974389275 0
974389286 0
974389289 0
974454820 0
974454822 0
974454829 0
974454831 0
974520326 0
974520340 0
974520341 0
974520343 0
974585863 0
974585874 0
974585880 0
974585885 0
974651419 0
974651422 0
974651428 0
974651429 0
974716928 0
974716939 0
974716945 0
974716954 0
974782476 0
974782497 0
974782510 0
974782511 0
974848011 0
974848013 0
974848032 0
974848046 0
974913539 0
974913544 0
974913558 0
974913573 0
974979076 0
974979081 0
974979082 0
974979095 0
975044617 0
975044618 0
975044620 0
975044639 0
975110162 0
975110164 0
975110169 0
975110183 0
975175698 0
975175701 0
975175704 0
975175711 0
975241227 0
975241229 0
975241252 0
975241254 0
975306791 0
975306793 0
975306796 0
975306798 0
975372293 0
975372298 0
975372324 0
975372335 0
975437855 0
975437861 0
975437862 0
975437864 0
975503366 0
975503369 0
975503380 0
975503399 0
975568932 0
975568937 0
975568938 0
975568939 0
975634439 0
975634441 0
975634460 0
975634462 0
975699992 0
975699995 0
975699997 0
975700014 0
975765514 0
975765528 0
975765529 0
975765543 0
975831055 0
975831058 0
975831073 0
975831076 0
975896585 0
975896604 0
975896607 0
975896618 0
975962120 0
975962130 0
975962143 0
975962157 0
976027658 0
976027665 0
976027672 0
976027687 0
976093206 0
976093208 0
976093221 0
976093227 0
976158725 0
976158735 0
976158738 0
976158740 0
976224257 0
976224271 0
976224286 0
976224288 0
976289799 0
976289800 0
976289806 0
976289813 0
976355344 0
976355349 0
976355351 0
976355374 0
976420872 0
976420881 0
976420886 0
976420899 0
976486413 0
976486422 0
976486436 0
976486443 0
976551936 0
976551939 0
976551941 0
976551974 0
976617501 0
976617507 0
976617510 0
976617512 0
976683011 0
976683042 0
976683048 0
976683053 0
976748584 0
976748585 0
976748590 0
976748591 0
976814082 0
976814108 0
976814109 0
976814127 0
976879624 0
976879625 0
976879626 0
976879655 0
976945159 0
976945180 0
976945182 0
976945185 0
977010698 0
977010700 0
977010717 0
977010735 0
977076232 0
977076233 0
977076254 0
977076255 0
977141783 0
977141800 0
977141802 0
977141805 0
977207312 0
977207329 0
977207334 0
977207339 0
977272835 0
977272849 0
977272856 0
977272874 0
977338383 0
977338401 0
977338408 0
977338414 0
977403928 0
977403938 0
977403947 0
977403949 0
977469443 0
977469446 0
977469469 0
977469480 0
977534985 0
977535010 0
977535012 0
977535015 0
977600529 0
977600547 0
977600548 0
977600550 0
977666081 0
977666082 0
977666088 0
977666091 0
977731599 0
977731612 0
977731613 0
977731622 0
977797136 0
977797143 0
977797157 0
977797158 0
977862662 0
977862671 0
977862688 0
977862693 0
977928212 0
977928213 0
977928214 0
977928215 0
977993729 0
977993739 0
977993744 0
977993746 0
978059267 0
978059276 0
978059281 0
978059310 0
978124801 0
978124802 0
978124816 0
978124839 0
978190343 0
978190357 0
978190362 0
978190380 0
978255898 0
978255911 0
978255912 0
978255913 0
978321419 0
978321420 0
978321430 0
978321441 0
978386949 0
978386979 0
978386980 0
978386990 0
978452502 0
978452520 0
978452525 0
978452527 0
978518029 0
978518032 0
978518062 0
978518063 0
978583556 0
978583557 0
978583586 0
978583595 0
978649088 0
978649090 0
978649105 0
978649127 0
978714627 0
978714641 0
978714644 0
978714646 0
978780162 0
978780163 0
978780165 0
978780168 0
978845702 0
978845728 0
978845729 0
978845735 0
978911272 0
978911273 0
978911275 0
978911278 0
978976774 0
978976800 0
978976809 0
978976815 0
979042331 0
979042340 0
979042341 0
979042342 0
979107857 0
979107864 0
979107866 0
979107867 0
979173377 0
979173408 0
979173414 0
979173415 0
979238914 0
979238923 0
979238928 0
979238929 0
979304464 0
979304485 0
979304487 0
979304494 0
979369984 0
979369986 0
979370025 0
979370027 0
979435525 0
979435539 0
979435542 0
979435548 0
979501064 0
979501069 0
979501099 0
979501102 0
979566595 0
979566604 0
979566637 0
979566638 0
979632140 0
979632154 0
979632163 0
979632165 0
979697667 0
979697668 0
979697690 0
979697701 0
979763210 0
979763225 0
979763239 0
979763244 0
979828770 0
979828775 0
979828777 0
979828780 0
979894277 0
979894316 0
979894318 0
979894319 0
979959812 0
979959826 0
979959849 0
979959855 0
980025346 0
980025380 0
980025389 0
980025391 0
980090912 0
980090925 0
980090926 0
980090927 0
980156417 0
980156435 0
980156456 0
980156458 0
980221956 0
980221958 0
980221959 0
980221961 0
980287519 0
980287526 0
980287529 0
980287532 0
980353026 0
980353036 0
980353037 0
980353067 0
980418567 0
980418585 0
980418586 0
980418588 0
980484100 0
980484106 0
980484115 0
980484117 0
980549635 0
980549637 0
980549642 0
980549676 0
980615179 0
980615181 0
980615202 0
980615208 0
980680710 0
980680747 0
980680748 0
980680749 0
980746244 0
980746246 0
980746279 0
980746281 0
980811797 0
980811811 0
980811816 0
980811818 0
980877331 0
980877333 0
980877346 0
980877348 0
980942874 0
980942877 0
980942887 0
980942892 0
981008417 0
981008419 0
981008426 0
981008428 0
981073925 0
981073935 0
981073938 0
981073960 0
981139456 0
981139466 0
981139477 0
981139499 0
981205024 0
981205030 0
981205035 0
981205037 0
981270558 0
981270561 0
981270568 0
981270575 0
981336074 0
981336075 0
981336077 0
981336088 0
981401605 0
981401632 0
981401638 0
981401643 0
981467137 0
981467140 0
981467143 0
981467166 0
981532704 0
981532711 0
981532717 0
981532718 0
981598220 0
981598243 0
981598250 0
981598253 0
981663746 0
981663749 0
981663768 0
981663787 0
981729292 0
981729322 0
981729323 0
981729325 0
981794857 0
981794859 0
981794860 0
981794862 0
981860360 0
981860381 0
981860387 0
981860394 0
981925913 0
981925924 0
981925926 0
981925931 0
981991436 0
981991441 0
981991447 0
981991470 0
982056974 0
982056976 0
982056997 0
982056999 0
982122499 0
982122505 0
982122506 0
982122508 0
982188045 0
982188059 0
982188060 0
982188062 0
982253571 0
982253584 0
982253589 0
982253614 0
982319114 0
982319119 0
982319129 0
982319136 0
982384642 0
982384644 0
982384673 0
982384679 0
982450196 0
982450215 0
982450217 0
982450222 0
982515723 0
982515736 0
982515745 0
982515750 0
982581261 0
982581264 0
982581275 0
982581278 0
982646807 0
982646820 0
982646829 0
982646830 0
982712327 0
982712330 0
982712349 0
982712360 0
982777888 0
982777889 0
982777894 0
982777895 0
982843392 0
982843406 0
982843419 0
982843429 0
982908942 0
982908957 0
982908959 0
982908960 0
982974466 0
982974469 0
982974483 0
982974496 0
983040000 0
983040010 0
983040011 0
983040033 0
983105556 0
983105575 0
983105577 0
983105582 0
983171097 0
983171100 0
983171102 0
983171103 0
983236623 0
983236632 0
983236641 0
983236642 0
983302147 0
983302161 0
983302174 0
983302184 0
983367683 0
983367713 0
983367716 0
983367726 0
983433224 0
983433239 0
983433242 0
983433261 0
983498753 0
983498756 0
983498763 0
983498774 0
983564306 0
983564308 0
983564311 0
983564317 0
983629824 0
983629826 0
983629831 0
983629845 0
983695390 0
983695399 0
983695401 0
983695404 0
983760908 0
983760910 0
983760927 0
983760941 0
983826432 0
983826451 0
983826474 0
983826477 0
983891968 0
983891981 0
983891991 0
983891998 0
983957541 0
983957544 0
983957547 0
983957550 0
984023046 0
984023067 0
984023076 0
984023081 0
984088586 0
984088601 0
984088603 0
984088612 0
984154116 0
984154118 0
984154137 0
984154139 0
984219663 0
984219664 0
984219682 0
984219693 0
984285218 0
984285223 0
984285228 0
984285229 0
984350732 0
984350753 0
984350755 0
984350758 0
984416260 0
984416290 0
984416293 0
984416295 0
984481792 0
984481807 0
984481813 0
984481830 0
984547332 0
984547338 0
984547341 0
984547343 0
984612881 0
984612886 0
984612896 0
984612899 0
984678428 0
984678438 0
984678441 0
984678443 0
984743964 0
984743974 0
984743975 0
984743981 0
984809473 0
984809488 0
984809506 0
984809519 0
984875017 0
984875030 0
984875032 0
984875047 0
984940572 0
984940574 0
984940577 0
984940591 0
985006114 0
985006116 0
985006123 0
985006125 0
985071627 0
985071650 0
985071652 0
985071657 0
985137160 0
985137161 0
985137170 0
985137175 0
985202691 0
985202696 0
985202709 0
985202710 0
985268225 0
985268227 0
985268240 0
985268254 0
985333783 0
985333786 0
985333788 0
985333797 0
985399328 0
985399331 0
985399341 0
985399342 0
985464841 0
985464855 0
985464874 0
985464876 0
985530396 0
985530403 0
985530405 0
985530406 0
985595944 0
985595949 0
985595950 0
985595951 0
985661466 0
985661469 0
985661483 0
985661484 0
985726987 0
985726996 0
985727001 0
985727022 0
985792515 0
985792524 0
985792542 0
985792553 0
985858071 0
985858077 0
985858078 0
985858084 0
985923589 0
985923590 0
985923595 0
985923600 0
985989134 0
985989144 0
985989149 0
985989163 0
986054677 0
986054680 0
986054687 0
986054694 0
986120193 0
986120196 0
986120198 0
986120199 0
986185757 0
986185758 0
986185759 0
986185760 0
986251269 0
986251283 0
986251286 0
986251308 0
986316808 0
986316809 0
986316827 0
986316842 0
986382341 0
986382364 0
986382378 0
986382379 0
986447901 0
986447904 0
986447906 0
986447919 0
986513427 0
986513441 0
986513450 0
986513452 0
986578948 0
986578974 0
986578985 0
986578987 0
986644489 0
986644491 0
986644492 0
986644494 0
986710020 0
986710021 0
986710022 0
986710039 0
986775553 0
986775556 0
986775571 0
986775586 0
986841090 0
986841128 0
986841129 0
986841135 0
986906633 0
986906647 0
986906650 0
986906668 0
986972170 0
986972171 0
986972184 0
986972185 0
987037726 0
987037728 0
987037729 0
987037743 0
987103241 0
987103244 0
987103246 0
987103255 0
987168802 0
987168807 0
987168809 0
987168812 0
987234306 0
987234311 0
987234328 0
987234341 0
987299845 0
987299864 0
987299866 0
987299887 0
987365376 0
987365415 0
987365417 0
987365418 0
987430932 0
987430935 0
987430949 0
987430958 0
987496453 0
987496458 0
987496475 0
987496476 0
987562003 0
987562010 0
987562024 0
987562029 0
987627543 0
987627553 0
987627562 0
987627564 0
987693082 0
987693100 0
987693101 0
987693103 0
987758594 0
987758617 0
987758619 0
987758636 0
987824128 0
987824163 0
987824165 0
987824170 0
987889680 0
987889689 0
987889703 0
987889710 0
987955209 0
987955210 0
987955211 0
987955216 0
988020736 0
988020739 0
988020761 0
988020782 0
988086272 0
988086273 0
988086287 0
988086298 0
988151809 0
988151850 0
988151852 0
988151855 0
988217345 0
988217347 0
988217360 0
988217382 0
988282880 0
988282883 0
988282886 0
988282889 0
988348424 0
988348433 0
988348446 0
988348455 0
988413968 0
988413969 0
988413971 0
988413982 0
988479496 0
988479502 0
988479505 0
988479519 0
988545031 0
988545034 0
988545068 0
988545069 0
988610576 0
988610577 0
988610586 0
988610591 0
988676105 0
988676106 0
988676107 0
988676128 0
988741646 0
988741661 0
988741676 0
988741679 0
988807185 0
988807187 0
988807188 0
988807190 0
988872732 0
988872737 0
988872750 0
988872751 0
988938241 0
988938255 0
988938258 0
988938264 0
989003810 0
989003820 0
989003821 0
989003823 0
989069334 0
989069336 0
989069339 0
989069353 0
989134866 0
989134867 0
989134869 0
989134872 0
989200390 0
989200404 0
989200413 0
989200431 0
989265920 0
989265938 0
989265957 0
989265963 0
989331473 0
989331488 0
989331490 0
989331503 0
989397005 0
989397023 0
989397024 0
989397034 0
989462547 0
989462561 0
989462562 0
989462564 0
989528065 0
989528070 0
989528079 0
989528100 0
989593639 0
989593641 0
989593644 0
989593646 0
989659140 0
989659142 0
989659167 0
989659173 0
989724698 0
989724707 0
989724716 0
989724717 0
989790210 0
989790216 0
989790217 0
989790223 0
989855772 0
989855774 0
989855781 0
989855791 0
989921310 0
989921315 0
989921316 0
989921325 0
989986818 0
989986853 0
989986855 0
989986856 0
990052355 0
990052385 0
990052390 0
990052396 0
990117894 0
990117897 0
990117899 0
990117900 0
990183428 0
990183433 0
990183458 0
990183463 0
990248970 0
990248973 0
990248987 0
990249000 0
990314507 0
990314510 0
990314512 0
990314513 0
990380032 0
990380035 0
990380037 0
990380054 0
990445569 0
990445570 0
990445579 0
990445596 0
990511109 0
990511110 0
990511112 0
990511123 0
990576647 0
990576652 0
990576682 0
990576685 0
990642176 0
990642181 0
990642186 0
990642223 0
990707718 0
990707719 0
990707753 0
990707756 0
990773274 0
990773292 0
990773293 0
990773295 0
990838788 0
990838794 0
990838797 0
990838811 0
990904340 0
990904358 0
990904359 0
990904361 0
990969869 0
990969870 0
990969871 0
990969888 0
991035409 0
991035412 0
991035415 0
991035418 0
991100932 0
991100935 0
991100950 0
991100965 0
991166485 0
991166488 0
991166499 0
991166506 0
991232011 0
991232029 0
991232032 0
991232038 0
991297549 0
991297558 0
991297563 0
991297576 0
991363074 0
991363076 0
991363089 0
991363103 0
991428630 0
991428633 0
991428635 0
991428644 0
991494144 0
991494146 0
991494159 0
991494161 0
991559693 0
991559695 0
991559700 0
991559726 0
991625217 0
991625248 0
991625262 0
991625263 0
991690771 0
991690780 0
991690785 0
991690794 0
991756315 0
991756322 0
991756324 0
991756333 0
991821844 0
991821849 0
991821863 0
991821870 0
991887366 0
991887384 0
991887389 0
991887403 0
991952908 0
991952926 0
991952927 0
991952929 0
992018459 0
992018473 0
992018476 0
992018478 0
992083994 0
992083996 0
992083999 0
992084005 0
992149538 0
992149541 0
992149547 0
992149548 0
992215043 0
992215045 0
992215048 0
992215086 0
992280577 0
992280587 0
992280592 0
992280594 0
992346136 0
992346141 0
992346150 0
992346151 0
992411661 0
992411670 0
992411675 0
992411676 0
992477189 0
992477191 0
992477192 0
992477206 0
992542731 0
992542744 0
992542757 0
992542762 0
992608283 0
992608286 0
992608288 0
992608297 0
992673823 0
992673826 0
992673836 0
992673837 0
992739332 0
992739333 0
992739335 0
992739338 0
992804864 0
992804877 0
992804878 0
992804887 0
992870402 0
992870403 0
992870416 0
992870417 0
992935953 0
992935956 0
992935967 0
992935974 0
993001472 0
993001491 0
993001510 0
993001513 0
993067021 0
993067023 0
993067026 0
993067044 0
993132544 0
993132558 0
993132561 0
993132579 0
993198087 0
993198109 0
993198122 0
993198124 0
993263616 0
993263617 0
993263619 0
993263638 0
993329152 0
993329167 0
993329170 0
993329189 0
993394701 0
993394704 0
993394719 0
993394722 0
993460233 0
993460244 0
993460247 0
993460262 0
993525762 0
993525777 0
993525780 0
993525803 0
993591298 0
993591299 0
993591300 0
993591317 0
993656833 0
993656846 0
993656848 0
993656855 0
993722372 0
993722379 0
993722382 0
993722389 0
993787931 0
993787936 0
993787938 0
993787941 0
993853448 0
993853469 0
993853471 0
993853474 0
993918984 0
993919010 0
993919017 0
993919019 0
993984513 0
993984522 0
993984523 0
993984528 0
994050056 0
994050082 0
994050083 0
994050085 0
994115605 0
994115622 0
994115624 0
994115631 0
994181143 0
994181148 0
994181157 0
994181162 0
994246659 0
994246664 0
994246665 0
994246666 0
994312200 0
994312210 0
994312217 0
994312219 0
994377735 0
994377738 0
994377749 0
994377772 0
994443269 0
994443272 0
994443294 0
994443307 0
994508841 0
994508843 0
994508844 0
994508846 0
994574354 0
994574355 0
994574357 0
994574360 0
994639875 0
994639898 0
994639912 0
994639917 0
994705410 0
994705433 0
994705436 0
994705439 0
994770979 0
994770986 0
994770988 0
994770989 0
994836490 0
994836495 0
994836508 0
994836513 0
994902016 0
994902030 0
994902051 0
994902053 0
994967558 0
994967564 0
994967569 0
994967575 0
995033097 0
995033131 0
995033132 0
995033134 0
995098642 0
995098644 0
995098645 0
995098671 0
995164178 0
995164184 0
995164197 0
995164199 0
995229699 0
995229725 0
995229726 0
995229728 0
995295237 0
995295240 0
995295243 0
995295254 0
995360787 0
995360797 0
995360798 0
995360800 0
995426327 0
995426334 0
995426344 0
995426349 0
995491849 0
995491860 0
995491863 0
995491878 0
995557384 0
995557391 0
995557394 0
995557405 0
995622919 0
995622920 0
995622922 0
995622941 0
995688452 0
995688457 0
995688459 0
995688474 0
995753985 0
995753986 0
995753988 0
995753991 0
995819526 0
995819545 0
995819547 0
995819548 0
995885061 0
995885084 0
995885094 0
995885103 0
995950596 0
995950605 0
995950610 0
995950615 0
996016129 0
996016136 0
996016147 0
996016150 0
996081673 0
996081676 0
996081694 0
996081695 0
996147207 0
996147233 0
996147238 0
996147244 0
996212744 0
996212749 0
996212774 0
996212775 0
996278275 0
996278281 0
996278290 0
996278296 0
996343808 0
996343813 0
996343835 0
996343838 0
996409353 0
996409354 0
996409356 0
996409371 0
996474898 0
996474899 0
996474901 0
996474904 0
996540430 0
996540448 0
996540453 0
996540459 0
996605960 0
996605962 0
996605981 0
996605995 0
996671519 0
996671522 0
996671525 0
996671528 0
996737029 0
996737058 0
996737067 0
996737068 0
996802567 0
996802568 0
996802569 0
996802574 0
996868104 0
996868138 0
996868139 0
996868141 0
996933659 0
996933669 0
996933674 0
996933676 0
996999168 0
996999191 0
996999205 0
996999206 0
997064707 0
997064710 0
997064712 0
997064733 0
997130253 0
997130272 0
997130275 0
997130282 0
997195777 0
997195778 0
997195779 0
997195792 0
997261312 0
997261314 0
997261323 0
997261337 0
997326849 0
997326859 0
997326862 0
997326864 0
997392388 0
997392391 0
997392401 0
997392422 0
997457929 0
997457932 0
997457935 0
997457966 0
997523470 0
997523483 0
997523488 0
997523493 0
997588992 0
997589003 0
997589006 0
997589009 0
997654536 0
997654538 0
997654543 0
997654553 0
997720069 0
997720070 0
997720075 0
997720076 0
997785600 0
997785626 0
997785629 0
997785635 0
997851150 0
997851171 0
997851180 0
997851181 0
997916688 0
997916709 0
997916710 0
997916711 0
997982219 0
997982228 0
997982230 0
997982233 0
998047765 0
998047766 0
998047787 0
998047788 0
998113286 0
998113296 0
998113309 0
998113323 0
998178820 0
998178845 0
998178847 0
998178850 0
998244353 0
998244356 0
998244366 0
998244387 0
998309902 0
998309905 0
998309907 0
998309908 0
998375446 0
998375456 0
998375465 0
998375471 0
998440975 0
998440978 0
998440988 0
998440993 0
998506515 0
998506521 0
998506524 0
998506538 0
998572036 0
998572045 0
998572046 0
998572063 0
998637580 0
998637581 0
998637591 0
998637594 0
998703111 0
998703130 0
998703133 0
998703148 0
998768643 0
998768652 0
998768653 0
998768686 0
998834194 0
998834195 0
998834205 0
998834208 0
998899721 0
998899740 0
998899751 0
998899754 0
998965259 0
998965261 0
998965292 0
998965294 0
999030803 0
999030808 0
999030813 0
999030826 0
999096344 0
999096350 0
999096361 0
999096363 0
999161857 0
999161858 0
999161860 0
999161867 0
999227402 0
999227429 0
999227432 0
999227435 0
999292934 0
999292953 0
999292967 0
999292968 0
999358467 0
999358488 0
999358489 0
999358506 0
999424005 0
999424008 0
999424031 0
999424042 0
999489547 0
999489580 0
999489581 0
999489582 0
999555073 0
999555084 0
999555094 0
999555103 0
999620623 0
999620626 0
999620645 0
999620648 0
999686150 0
999686153 0
999686183 0
999686188 0
999751697 0
999751706 0
999751711 0
999751716 0
999817238 0
999817240 0
999817241 0
999817259 0
999882782 0
999882788 0
999882797 0
999882799 0
999948295 0
999948316 0
999948318 0
999948329 0
1000013836 0
1000013841 0
1000013842 0
1000013851 0
1000079370 0
1000079372 0
1000079389 0
1000079391 0
1000144896 0
1000144931 0
1000144933 0
1000144942 0
1000210451 0
1000210452 0
1000210454 0
1000210473 0
1000276000 0
1000276001 0
1000276002 0
1000276003 0
1000341548 0
1000341549 0
1000341550 0
1000341551 0
1000407054 0
1000407057 0
1000407071 0
1000407076 0
1000472577 0
1000472579 0
1000472598 0
1000472612 0
1000538117 0
1000538120 0
1000538122 0
1000538123 0
1000603653 0
1000603680 0
1000603683 0
1000603694 0
1000669184 0
1000669185 0
1000669186 0
1000669187 0
1000734725 0
1000734726 0
1000734728 0
1000734767 0
1000800261 0
1000800272 0
1000800287 0
1000800290 0
1000865793 0
1000865808 0
1000865827 0
1000865830 0
1000931331 0
1000931349 0
1000931350 0
1000931360 0
1000996873 0
1000996886 0
1000996891 0
1000996904 0
1001062402 0
1001062404 0
1001062405 0
1001062411 0
1001127947 0
1001127964 0
1001127966 0
1001127981 0
1001193476 0
1001193478 0
1001193485 0
1001193487 0
1001259025 0
1001259027 0
1001259028 0
1001259054 0
1001324556 0
1001324557 0
1001324566 0
1001324567 0
1001390083 0
1001390093 0
1001390102 0
1001390104 0
1001455626 0
1001455636 0
1001455641 0
1001455647 0
1001521165 0
1001521171 0
1001521178 0
1001521184 0
1001586695 0
1001586728 0
1001586733 0
1001586734 0
1001652229 0
1001652248 0
1001652250 0
1001652251 0
1001717764 0
1001717786 0
1001717795 0
1001717805 0
1001783301 0
1001783302 0
1001783332 0
1001783339 0
1001848852 0
1001848854 0
1001848867 0
1001848873 0
1001914375 0
1001914378 0
1001914381 0
1001914388 0
1001979904 0
1001979919 0
1001979934 0
1001979937 0
1002045440 0
1002045441 0
1002045455 0
1002045462 0
1002110982 0
1002110987 0
1002111016 0
1002111017 0
1002176526 0
1002176544 0
1002176553 0
1002176555 0
1002242067 0
1002242068 0
1002242069 0
1002242070 0
1002307593 0
1002307595 0
1002307596 0
1002307622 0
1002373145 0
1002373146 0
1002373155 0
1002373164 0
1002438665 0
1002438666 0
1002438672 0
1002438675 0
1002504199 0
1002504202 0
1002504208 0
1002504213 0
1002569736 0
1002569741 0
1002569746 0
1002569751 0
1002635269 0
1002635279 0
1002635292 0
1002635298 0
1002700802 0
1002700816 0
1002700835 0
1002700837 0
1002766354 0
1002766361 0
1002766368 0
1002766375 0
1002831876 0
1002831878 0
1002831887 0
1002831889 0
1002897409 0
1002897419 0
1002897426 0
1002897436 0
1002962966 0
1002962969 0
1002962971 0
1002962972 0
1003028485 0
1003028490 0
1003028496 0
1003028507 0
1003094048 0
1003094049 0
1003094054 0
1003094063 0
1003159564 0
1003159574 0
1003159585 0
1003159599 0
1003225089 0
1003225103 0
1003225110 0
1003225112 0
1003290625 0
1003290631 0
1003290638 0
1003290652 0
1003356177 0
1003356178 0
1003356180 0
1003356203 0
1003421726 0
1003421729 0
1003421731 0
1003421736 0
1003487244 0
1003487258 0
1003487265 0
1003487275 0
1003552785 0
1003552806 0
1003552812 0
1003552815 0
1003618330 0
1003618332 0
1003618335 0
1003618341 0
1003683861 0
1003683870 0
1003683879 0
1003683884 0
1003749378 0
1003749380 0
1003749381 0
1003749395 0
1003814925 0
1003814938 0
1003814940 0
1003814947 0
1003880454 0
1003880455 0
1003880457 0
1003880492 0
1003946002 0
1003946003 0
1003946008 0
1003946009 0
1004011531 0
1004011532 0
1004011538 0
1004011541 0
1004077076 0
1004077085 0
1004077090 0
1004077099 0
1004142609 0
1004142611 0
1004142626 0
1004142632 0
1004208134 0
1004208147 0
1004208153 0
1004208168 0
1004273664 0
1004273667 0
1004273681 0
1004273698 0
1004339202 0
1004339203 0
1004339209 0
1004339216 0
1004404750 0
1004404761 0
1004404764 0
1004404783 0
1004470306 0
1004470311 0
1004470313 0
1004470316 0
1004535813 0
1004535818 0
1004535848 0
1004535851 0
1004601355 0
1004601358 0
1004601380 0
1004601385 0
1004666896 0
1004666909 0
1004666910 0
1004666911 0
1004732416 0
1004732417 0
1004732426 0
1004732427 0
1004797956 0
1004797957 0
1004797959 0
1004797966 0
1004863492 0
1004863497 0
1004863503 0
1004863506 0
1004929038 0
1004929040 0
1004929057 0
1004929059 0
1004994571 0
1004994576 0
1004994581 0
1004994594 0
1005060110 0
1005060116 0
1005060121 0
1005060123 0
1005125638 0
1005125643 0
1005125652 0
1005125677 0
1005191169 0
1005191170 0
1005191184 0
1005191195 0
1005256732 0
1005256749 0
1005256750 0
1005256751 0
1005322242 0
1005322243 0
1005322244 0
1005322245 0
1005387777 0
1005387792 0
1005387799 0
1005387806 0
1005453318 0
1005453321 0
1005453332 0
1005453355 0
1005518852 0
1005518854 0
1005518863 0
1005518865 0
1005584385 0
1005584394 0
1005584400 0
1005584419 0
1005649924 0
1005649950 0
1005649957 0
1005649959 0
1005715469 0
1005715472 0
1005715474 0
1005715495 0
1005780998 0
1005781019 0
1005781028 0
1005781037 0
1005846529 0
1005846530 0
1005846535 0
1005846548 0
1005912076 0
1005912079 0
1005912094 0
1005912097 0
1005977600 0
1005977618 0
1005977619 0
1005977621 0
1006043138 0
1006043140 0
1006043141 0
1006043167 0
1006108672 0
1006108689 0
1006108699 0
1006108702 0
1006174216 0
1006174219 0
1006174229 0
1006174234 0
1006239745 0
1006239752 0
1006239762 0
1006239767 0
1006305287 0
1006305290 0
1006305292 0
1006305305 0
1006370822 0
1006370836 0
1006370845 0
1006370859 0
1006436368 0
1006436373 0
1006436387 0
1006436394 0
1006501901 0
1006501922 0
1006501927 0
1006501928 0
1006567429 0
1006567432 0
1006567434 0
1006567443 0
1006632961 0
1006632971 0
1006632972 0
1006632974 0
1006698496 0
1006698498 0
1006698501 0
1006698527 0
1006764039 0
1006764041 0
1006764044 0
1006764062 0
1006829569 0
1006829571 0
1006829584 0
1006829594 0
1006895111 0
1006895125 0
1006895126 0
1006895140 0
1006960654 0
1006960655 0
1006960656 0
1006960673 0
1007026188 0
1007026211 0
1007026213 0
1007026222 0
1007091720 0
1007091722 0
1007091747 0
1007091749 0
1007157262 0
1007157280 0
1007157287 0
1007157293 0
1007222802 0
1007222808 0
1007222811 0
1007222813 0
1007288333 0
1007288334 0
1007288352 0
1007288367 0
1007353857 0
1007353864 0
1007353870 0
1007353871 0
1007419406 0
1007419417 0
1007419423 0
1007419428 0
1007484944 0
1007484947 0
1007484954 0
1007484965 0
1007550464 0
1007550475 0
1007550478 0
1007550505 0
1007616001 0
1007616002 0
1007616003 0
1007616020 0
1007681542 0
1007681565 0
1007681572 0
1007681579 0
1007747084 0
1007747086 0
1007747087 0
1007747101 0
1007812617 0
1007812622 0
1007812623 0
1007812632 0
1007878152 0
1007878155 0
1007878162 0
1007878185 0
1007943683 0
1007943686 0
1007943689 0
1007943724 0
1008009219 0
1008009230 0
1008009240 0
1008009241 0
1008074761 0
1008074778 0
1008074783 0
1008074784 0
1008140297 0
1008140300 0
1008140315 0
1008140318 0
1008205824 0
1008205829 0
1008205842 0
1008205855 0
1008271371 0
1008271380 0
1008271389 0
1008271390 0
1008336907 0
1008336910 0
1008336912 0
1008336913 0
1008402452 0
1008402454 0
1008402455 0
1008402469 0
1008467969 0
1008467970 0
1008467971 0
1008467972 0
1008533516 0
1008533518 0
1008533533 0
1008533551 0
1008599055 0
1008599072 0
1008599074 0
1008599077 0
1008664599 0
1008664600 0
1008664613 0
1008664614 0
1008730112 0
1008730117 0
1008730118 0
1008730119 0
1008795650 0
1008795652 0
1008795667 0
1008795693 0
1008861197 0
1008861198 0
1008861200 0
1008861203 0
1008926736 0
1008926750 0
1008926753 0
1008926755 0
1008992269 0
1008992270 0
1008992271 0
1008992300 0
1009057793 0
1009057812 0
1009057827 0
1009057830 0
1009123328 0
1009123343 0
1009123345 0
1009123346 0
1009188866 0
1009188876 0
1009188883 0
1009188893 0
1009254406 0
1009254408 0
1009254425 0
1009254435 0
1009319937 0
1009319958 0
1009319959 0
1009319964 0
1009385486 0
1009385491 0
1009385497 0
1009385500 0
1009451010 0
1009451015 0
1009451020 0
1009451029 0
1009516560 0
1009516574 0
1009516581 0
1009516587 0
1009582088 0
1009582089 0
1009582095 0
1009582126 0
1009647623 0
1009647626 0
1009647637 0
1009647644 0
1009713156 0
1009713175 0
1009713177 0
1009713182 0
1009778688 0
1009778698 0
1009778701 0
1009778723 0
1009844243 0
1009844245 0
1009844248 0
1009844254 0
1009909764 0
1009909777 0
1009909779 0
1009909782 0
1009975299 0
1009975313 0
1009975316 0
1009975318 0
1010040844 0
1010040850 0
1010040859 0
1010040869 0
1010106371 0
1010106378 0
1010106385 0
1010106408 0
1010171906 0
1010171917 0
1010171919 0
1010171924 0
1010237446 0
1010237456 0
1010237463 0
1010237465 0
1010303000 0
1010303003 0
1010303014 0
1010303021 0
1010368516 0
1010368549 0
1010368551 0
1010368554 0
1010434056 0
1010434058 0
1010434061 0
1010434071 0
1010499591 0
1010499610 0
1010499625 0
1010499628 0
1010565124 0
1010565133 0
1010565134 0
1010565147 0
1010630693 0
1010630694 0
1010630696 0
1010630703 0
1010696195 0
1010696209 0
1010696210 0
1010696212 0
1010761728 0
1010761735 0
1010761737 0
1010761766 0
1010827275 0
1010827300 0
1010827309 0
1010827310 0
1010892801 0
1010892823 0
1010892840 0
1010892842 0
1010958345 0
1010958360 0
1010958374 0
1010958379 0
1011023872 0
1011023875 0
1011023893 0
1011023902 0
1011089430 0
1011089437 0
1011089439 0
1011089448 0
1011154950 0
1011154953 0
1011154975 0
1011154984 0
1011220495 0
1011220508 0
1011220513 0
1011220526 0
1011286019 0
1011286022 0
1011286024 0
1011286041 0
1011351559 0
1011351574 0
1011351576 0
1011351581 0
1011417097 0
1011417099 0
1011417100 0
1011417110 0
1011482629 0
1011482634 0
1011482636 0
1011482659 0
1011548170 0
1011548173 0
1011548184 0
1011548187 0
1011613703 0
1011613714 0
1011613716 0
1011613721 0
1011679248 0
1011679250 0
1011679251 0
1011679265 0
1011744768 0
1011744770 0
1011744771 0
1011744781 0
1011810315 0
1011810320 0
1011810333 0
1011810350 0
1011875844 0
1011875845 0
1011875854 0
1011875863 0
1011941395 0
1011941405 0
1011941414 0
1011941416 0
1012006912 0
1012006925 0
1012006942 0
1012006947 0
1012072464 0
1012072467 0
1012072481 0
1012072486 0
1012138001 0
1012138004 0
1012138011 0
1012138018 0
1012203522 0
1012203525 0
1012203539 0
1012203544 0
1012269064 0
1012269075 0
1012269078 0
1012269081 0
1012334605 0
1012334610 0
1012334619 0
1012334628 0
1012400140 0
1012400157 0
1012400170 0
1012400175 0
1012465697 0
1012465698 0
1012465699 0
1012465704 0
1012531201 0
1012531227 0
1012531240 0
1012531246 0
1012596763 0
1012596768 0
1012596773 0
1012596774 0
1012662299 0
1012662312 0
1012662317 0
1012662318 0
1012727815 0
1012727820 0
1012727841 0
1012727842 0
1012793349 0
1012793372 0
1012793382 0
1012793383 0
1012858900 0
1012858903 0
1012858914 0
1012858925 0
1012924429 0
1012924455 0
1012924456 0
1012924462 0
1012989953 0
1012989970 0
1012989972 0
1012989999 0
1013055493 0
1013055496 0
1013055498 0
1013055527 0
1013121024 0
1013121034 0
1013121035 0
1013121037 0
1013186592 0
1013186593 0
1013186595 0
1013186598 0
1013252099 0
1013252116 0
1013252117 0
1013252118 0
1013317633 0
1013317639 0
1013317654 0
1013317672 0
1013383172 0
1013383178 0
1013383193 0
1013383199 0
1013448712 0
1013448713 0
1013448723 0
1013448738 0
1013514240 0
1013514245 0
1013514246 0
1013514283 0
1013579780 0
1013579789 0
1013579794 0
1013579803 0
1013645323 0
1013645333 0
1013645334 0
1013645336 0
1013710874 0
1013710876 0
1013710889 0
1013710891 0
1013776395 0
1013776396 0
1013776402 0
1013776405 0
1013841953 0
1013841954 0
1013841959 0
1013841960 0
1013907481 0
1013907483 0
1013907484 0
1013907494 0
1013973011 0
1013973020 0
1013973021 0
1013973034 0
1014038534 0
1014038541 0
1014038548 0
1014038551 0
1014104064 0
1014104083 0
1014104097 0
1014104106 0
1014169606 0
1014169613 0
1014169620 0
1014169623 0
1014235146 0
1014235149 0
1014235160 0
1014235167 0
1014300678 0
1014300685 0
1014300688 0
1014300719 0
1014366215 0
1014366232 0
1014366241 0
1014366246 0
1014431750 0
1014431753 0
1014431764 0
1014431783 0
1014497282 0
1014497289 0
1014497291 0
1014497292 0
1014562830 0
1014562833 0
1014562848 0
1014562863 0
1014628354 0
1014628360 0
1014628375 0
1014628393 0
1014693900 0
1014693918 0
1014693931 0
1014693933 0
1014759427 0
1014759429 0
1014759430 0
1014759456 0
1014824971 0
1014824981 0
1014824982 0
1014824996 0
1014890503 0
1014890520 0
1014890525 0
1014890534 0
1014956042 0
1014956047 0
1014956053 0
1014956060 0
1015021570 0
1015021580 0
1015021583 0
1015021585 0
1015087111 0
1015087112 0
1015087121 0
1015087146 0
1015152655 0
1015152680 0
1015152681 0
1015152682 0
1015218183 0
1015218209 0
1015218216 0
1015218222 0
1015283719 0
1015283736 0
1015283745 0
1015283754 0
1015349267 0
1015349270 0
1015349272 0
1015349273 0
1015414788 0
1015414799 0
1015414814 0
1015414825 0
1015480340 0
1015480353 0
1015480359 0
1015480366 0
1015545865 0
1015545868 0
1015545878 0
1015545879 0
1015611395 0
1015611397 0
1015611410 0
1015611420 0
1015676928 0
1015676953 0
1015676954 0
1015676963 0
1015742486 0
1015742492 0
1015742497 0
1015742511 0
1015808004 0
1015808009 0
1015808014 0
1015808023 0
1015873536 0
1015873543 0
1015873554 0
1015873557 0
1015939076 0
1015939095 0
1015939098 0
1015939101 0
1016004608 0
1016004610 0
1016004611 0
1016004613 0
1016070148 0
1016070155 0
1016070162 0
1016070165 0
1016135681 0
1016135687 0
1016135692 0
1016135694 0
1016201223 0
1016201242 0
1016201244 0
1016201245 0
1016266757 0
1016266771 0
1016266774 0
1016266788 0
1016332289 0
1016332298 0
1016332332 0
1016332335 0
1016397827 0
1016397829 0
1016397854 0
1016397864 0
1016463366 0
1016463369 0
1016463392 0
1016463399 0
1016528904 0
1016528938 0
1016528941 0
1016528943 0
1016594443 0
1016594448 0
1016594453 0
1016594462 0
1016659970 0
1016659975 0
1016659976 0
1016660009 0
1016725537 0
1016725540 0
1016725542 0
1016725547 0
1016791060 0
1016791062 0
1016791063 0
1016791065 0
1016856583 0
1016856589 0
1016856610 0
1016856620 0
1016922131 0
1016922138 0
1016922140 0
1016922145 0
1016987667 0
1016987681 0
1016987690 0
1016987692 0
1017053208 0
1017053218 0
1017053219 0
1017053225 0
1017118731 0
1017118738 0
1017118748 0
1017118753 0
1017184256 0
1017184287 0
1017184289 0
1017184290 0
1017249808 0
1017249809 0
1017249811 0
1017249814 0
1017315343 0
1017315345 0
1017315350 0
1017315364 0
1017380872 0
1017380883 0
1017380897 0
1017380898 0
1017446426 0
1017446429 0
1017446431 0
1017446436 0
1017511949 0
1017511956 0
1017511958 0
1017511963 0
1017577474 0
1017577479 0
1017577509 0
1017577512 0
1017643009 0
1017643043 0
1017643048 0
1017643050 0
1017708556 0
1017708558 0
1017708565 0
1017708583 0
1017774114 0
1017774116 0
1017774121 0
1017774123 0
1017839629 0
1017839636 0
1017839639 0
1017839646 0
1017905159 0
1017905184 0
1017905189 0
1017905194 0
1017970692 0
1017970710 0
1017970713 0
1017970719 0
1018036235 0
1018036237 0
1018036258 0
1018036260 0
1018101760 0
1018101767 0
1018101774 0
1018101777 0
1018167311 0
1018167321 0
1018167338 0
1018167340 0
1018232833 0
1018232844 0
1018232858 0
1018232879 0
1018298375 0
1018298389 0
1018298394 0
1018298404 0
1018363929 0
1018363932 0
1018363942 0
1018363951 0
1018429453 0
1018429455 0
1018429460 0
1018429474 0
1018494983 0
1018494997 0
1018495020 0
1018495022 0
1018560518 0
1018560519 0
1018560524 0
1018560529 0
1018626062 0
1018626068 0
1018626073 0
1018626087 0
1018691617 0
1018691620 0
1018691627 0
1018691630 0
1018757145 0
1018757150 0
1018757151 0
1018757152 0
1018822683 0
1018822690 0
1018822692 0
1018822697 0
1018888196 0
1018888210 0
1018888223 0
1018888237 0
1018953734 0
1018953741 0
1018953743 0
1018953756 0
1019019272 0
1019019286 0
1019019289 0
1019019291 0
1019084800 0
1019084814 0
1019084821 0
1019084835 0
1019150342 0
1019150380 0
1019150381 0
1019150383 0
1019215890 0
1019215907 0
1019215909 0
1019215916 0
1019281411 0
1019281421 0
1019281440 0
1019281442 0
1019346976 0
1019346979 0
1019346982 0
1019346989 0
1019412480 0
1019412499 0
1019412502 0
1019412513 0
1019478034 0
1019478035 0
1019478045 0
1019478056 0
1019543561 0
1019543572 0
1019543579 0
1019543586 0
1019609092 0
1019609105 0
1019609118 0
1019609119 0
1019674630 0
1019674660 0
1019674661 0
1019674671 0
1019740160 0
1019740162 0
1019740193 0
1019740203 0
1019805702 0
1019805707 0
1019805709 0
1019805716 0
1019871234 0
1019871240 0
1019871245 0
1019871251 0
1019936782 0
1019936788 0
1019936789 0
1019936795 0
1020002325 0
1020002330 0
1020002343 0
1020002344 0
1020067843 0
1020067862 0
1020067865 0
1020067872 0
1020133404 0
1020133410 0
1020133421 0
1020133423 0
1020198918 0
1020198927 0
1020198929 0
1020198932 0
1020264454 0
1020264460 0
1020264477 0
1020264479 0
1020329999 0
1020330001 0
1020330004 0
1020330018 0
1020395523 0
1020395530 0
1020395548 0
1020395561 0
1020461064 0
1020461074 0
1020461083 0
1020461085 0
1020526610 0
1020526617 0
1020526624 0
1020526635 0
1020592130 0
1020592132 0
1020592139 0
1020592157 0
1020657681 0
1020657691 0
1020657692 0
1020657706 0
1020723216 0
1020723226 0
1020723237 0
1020723247 0
1020788771 0
1020788777 0
1020788778 0
1020788780 0
1020854273 0
1020854283 0
1020854298 0
1020854304 0
1020919812 0
1020919817 0
1020919830 0
1020919835 0
1020985345 0
1020985359 0
1020985360 0
1020985362 0
1021050907 0
1021050913 0
1021050922 0
1021050924 0
1021116437 0
1021116447 0
1021116454 0
1021116460 0
1021181952 0
1021181970 0
1021181993 0
1021181995 0
1021247494 0
1021247504 0
1021247519 0
1021247533 0
1021313050 0
1021313057 0
1021313059 0
1021313064 0
1021378567 0
1021378584 0
1021378593 0
1021378602 0
1021444104 0
1021444109 0
1021444142 0
1021444143 0
1021509633 0
1021509650 0
1021509655 0
1021509668 0
1021575169 0
1021575190 0
1021575192 0
1021575195 0
1021640727 0
1021640728 0
1021640730 0
1021640737 0
1021706273 0
1021706282 0
1021706283 0
1021706284 0
1021771780 0
1021771809 0
1021771811 0
1021771814 0
1021837313 0
1021837318 0
1021837319 0
1021837348 0
1021902869 0
1021902871 0
1021902882 0
1021902884 0
1021968390 0
1021968413 0
1021968420 0
1021968423 0
1022033921 0
1022033958 0
1022033960 0
1022033963 0
1022099456 0
1022099457 0
1022099487 0
1022099502 0
1022165027 0
1022165032 0
1022165037 0
1022165038 0
1022230530 0
1022230545 0
1022230568 0
1022230575 0
1022296071 0
1022296088 0
1022296094 0
1022296109 0
1022361612 0
1022361613 0
1022361635 0
1022361638 0
1022427154 0
1022427163 0
1022427172 0
1022427177 0
1022492700 0
1022492710 0
1022492711 0
1022492713 0
1022558240 0
1022558250 0
1022558253 0
1022558255 0
1022623758 0
1022623760 0
1022623781 0
1022623787 0
1022689297 0
1022689306 0
1022689307 0
1022689312 0
1022754835 0
1022754836 0
1022754842 0
1022754849 0
1022820358 0
1022820360 0
1022820377 0
1022820379 0
1022885922 0
1022885927 0
1022885929 0
1022885932 0
1022951441 0
1022951444 0
1022951454 0
1022951467 0
1023016976 0
1023016981 0
1023016983 0
1023016994 0
1023082497 0
1023082514 0
1023082516 0
1023082523 0
1023148044 0
1023148067 0
1023148069 0
1023148078 0
1023213581 0
1023213592 0
1023213598 0
1023213599 0
1023279106 0
1023279112 0
1023279113 0
1023279119 0
1023344655 0
1023344658 0
1023344676 0
1023344677 0
1023410184 0
1023410185 0
1023410202 0
1023410207 0
1023475717 0
1023475735 0
1023475736 0
1023475754 0
1023541273 0
1023541282 0
1023541287 0
1023541292 0
1023606790 0
1023606809 0
1023606819 0
1023606820 0
1023672346 0
1023672352 0
1023672359 0
1023672361 0
1023737858 0
1023737884 0
1023737895 0
1023737897 0
1023803404 0
1023803413 0
1023803415 0
1023803434 0
1023868933 0
1023868958 0
1023868960 0
1023868963 0
1023934496 0
1023934498 0
1023934499 0
1023934505 0
1024000005 0
1024000026 0
1024000040 0
1024000043 0
1024065543 0
1024065557 0
1024065562 0
1024065564 0
1024131084 0
1024131086 0
1024131095 0
1024131097 0
1024196618 0
1024196620 0
1024196649 0
1024196655 0
1024262147 0
1024262150 0
1024262168 0
1024262169 0
1024327685 0
1024327694 0
1024327699 0
1024327720 0
1024393218 0
1024393231 0
1024393248 0
1024393261 0
1024458762 0
1024458781 0
1024458788 0
1024458791 0
1024524289 0
1024524294 0
1024524300 0
1024524315 0
1024589841 0
1024589844 0
1024589866 0
1024589871 0
1024655368 0
1024655369 0
1024655370 0
1024655371 0
1024720897 0
1024720899 0
1024720916 0
1024720930 0
1024786434 0
1024786437 0
1024786443 0
1024786476 0
1024851974 0
1024851979 0
1024851981 0
1024851988 0
1024917508 0
1024917518 0
1024917525 0
1024917535 0
1024983044 0
1024983062 0
1024983063 0
1024983081 0
1025048591 0
1025048598 0
1025048601 0
1025048604 0
1025114134 0
1025114136 0
1025114139 0
1025114157 0
1025179652 0
1025179654 0
1025179661 0
1025179687 0
1025245186 0
1025245188 0
1025245191 0
1025245209 0
1025310730 0
1025310737 0
1025310744 0
1025310751 0
1025376276 0
1025376279 0
1025376298 0
1025376301 0
1025441808 0
1025441810 0
1025441823 0
1025441829 0
1025507335 0
1025507336 0
1025507354 0
1025507357 0
1025572879 0
1025572900 0
1025572905 0
1025572910 0
1025638404 0
1025638410 0
1025638423 0
1025638429 0
1025703938 0
1025703957 0
1025703971 0
1025703976 0
1025769477 0
1025769491 0
1025769500 0
1025769506 0
1025835015 0
1025835029 0
1025835030 0
1025835048 0
1025900567 0
1025900568 0
1025900570 0
1025900577 0
1025966085 0
1025966087 0
1025966096 0
1025966106 0
1026031627 0
1026031637 0
1026031644 0
1026031654 0
1026097161 0
1026097175 0
1026097182 0
1026097184 0
1026162701 0
1026162703 0
1026162724 0
1026162730 0
1026228233 0
1026228235 0
1026228252 0
1026228262 0
1026293780 0
1026293795 0
1026293797 0
1026293798 0
1026359304 0
1026359318 0
1026359341 0
1026359343 0
1026424835 0
1026424865 0
1026424868 0
1026424870 0
1026490380 0
1026490383 0
1026490394 0
1026490413 0
1026555911 0
1026555933 0
1026555936 0
1026555938 0
1026621442 0
1026621444 0
1026621451 0
1026621465 0
1026686976 0
1026686985 0
1026686990 0
1026687003 0
1026752524 0
1026752538 0
1026752541 0
1026752559 0
1026818057 0
1026818060 0
1026818091 0
1026818094 0
1026883588 0
1026883591 0
1026883594 0
1026883605 0
1026949124 0
1026949135 0
1026949137 0
1026949146 0
1027014687 0
1027014692 0
1027014697 0
1027014698 0
1027080193 0
1027080211 0
1027080230 0
1027080232 0
1027145731 0
1027145756 0
1027145761 0
1027145770 0
1027211268 0
1027211295 0
1027211298 0
1027211309 0
1027276800 0
1027276805 0
1027276819 0
1027276826 0
1027342341 0
1027342344 0
1027342350 0
1027342371 0
1027407894 0
1027407912 0
1027407917 0
1027407919 0
1027473423 0
1027473429 0
1027473448 0
1027473450 0
1027538945 0
1027538982 0
1027538987 0
1027538988 0
1027604490 0
1027604501 0
1027604511 0
1027604520 0
1027670019 0
1027670033 0
1027670036 0
1027670038 0
1027735565 0
1027735567 0
1027735570 0
1027735572 0
1027801088 0
1027801114 0
1027801121 0
1027801123 0
1027866634 0
1027866636 0
1027866637 0
1027866659 0
1027932166 0
1027932185 0
1027932188 0
1027932195 0
1027997702 0
1027997705 0
1027997719 0
1027997740 0
1028063250 0
1028063252 0
1028063261 0
1028063263 0
1028128768 0
1028128769 0
1028128771 0
1028128778 0
1028194305 0
1028194307 0
1028194308 0
1028194322 0
1028259853 0
1028259858 0
1028259863 0
1028259868 0
1028325382 0
1028325389 0
1028325403 0
1028325416 0
1028390914 0
1028390924 0
1028390933 0
1028390947 0
1028456467 0
1028456473 0
1028456476 0
1028456478 0
1028521984 0
1028521990 0
1028521993 0
1028522007 0
1028587534 0
1028587539 0
1028587541 0
1028587552 0
1028653070 0
1028653084 0
1028653099 0
1028653101 0
1028718599 0
1028718600 0
1028718605 0
1028718606 0
1028784128 0
1028784131 0
1028784133 0
1028784154 0
1028849669 0
1028849678 0
1028849683 0
1028849704 0
1028915204 0
1028915219 0
1028915221 0
1028915230 0
1028980758 0
1028980764 0
1028980781 0
1028980783 0
1029046287 0
1029046302 0
1029046308 0
1029046313 0
1029111818 0
1029111821 0
1029111840 0
1029111851 0
1029177374 0
1029177380 0
1029177381 0
1029177391 0
1029242903 0
1029242906 0
1029242920 0
1029242921 0
1029308432 0
1029308441 0
1029308447 0
1029308462 0
1029373961 0
1029373963 0
1029373976 0
1029373990 0
1029439500 0
1029439502 0
1029439509 0
1029439515 0
1029505036 0
1029505043 0
1029505062 0
1029505065 0
1029570569 0
1029570572 0
1029570587 0
1029570594 0
1029636101 0
1029636115 0
1029636128 0
1029636142 0
1029701647 0
1029701648 0
1029701661 0
1029701662 0
1029767170 0
1029767184 0
1029767213 0
1029767215 0
1029832718 0
1029832732 0
1029832733 0
1029832747 0
1029898242 0
1029898263 0
1029898276 0
1029898285 0
1029963793 0
1029963808 0
1029963810 0
1029963811 0
1030029327 0
1030029329 0
1030029332 0
1030029350 0
1030094849 0
1030094850 0
1030094851 0
1030094880 0
1030160387 0
1030160393 0
1030160398 0
1030160412 0
1030225939 0
1030225944 0
1030225946 0
1030225953 0
1030291461 0
1030291464 0
1030291470 0
1030291495 0
1030357000 0
1030357002 0
1030357007 0
1030357029 0
1030422529 0
1030422531 0
1030422532 0
1030422562 0
1030488081 0
1030488084 0
1030488087 0
1030488106 0
1030553600 0
1030553607 0
1030553614 0
1030553621 0
1030619137 0
1030619140 0
1030619146 0
1030619167 0
1030684682 0
1030684685 0
1030684704 0
1030684711 0
1030750208 0
1030750225 0
1030750226 0
1030750255 0
1030815754 0
1030815760 0
1030815777 0
1030815787 0
1030881286 0
1030881288 0
1030881291 0
1030881305 0
1030946816 0
1030946818 0
1030946837 0
1030946839 0
1031012379 0
1031012382 0
1031012393 0
1031012396 0
1031077889 0
1031077904 0
1031077906 0
1031077931 0
1031143447 0
1031143454 0
1031143456 0
1031143457 0
1031208977 0
1031208979 0
1031208994 0
1031208996 0
1031274514 0
1031274517 0
1031274527 0
1031274528 0
1031340039 0
1031340058 0
1031340061 0
1031340072 0
1031405571 0
1031405574 0
1031405584 0
1031405609 0
1031471105 0
1031471108 0
1031471110 0
1031471111 0
1031536644 0
1031536659 0
1031536677 0
1031536686 0
1031602196 0
1031602217 0
1031602218 0
1031602219 0
1031667718 0
1031667720 0
1031667737 0
1031667751 0
1031733250 0
1031733271 0
1031733284 0
1031733293 0
1031798804 0
1031798807 0
1031798821 0
1031798826 0
1031864322 0
1031864331 0
1031864348 0
1031864349 0
1031929861 0
1031929871 0
1031929884 0
1031929902 0
1031995395 0
1031995401 0
1031995436 0
1031995438 0
1032060937 0
1032060962 0
1032060964 0
1032060975 0
1032126464 0
1032126490 0
1032126505 0
1032126507 0
1032192017 0
1032192020 0
1032192022 0
1032192027 0
1032257538 0
1032257560 0
1032257567 0
1032257581 0
1032323101 0
1032323106 0
1032323107 0
1032323108 0
1032388608 0
1032388625 0
1032388634 0
1032388647 0
1032454149 0
1032454152 0
1032454175 0
1032454182 0
1032519704 0
1032519709 0
1032519719 0
1032519722 0
1032585218 0
1032585220 0
1032585221 0
1032585243 0
1032650758 0
1032650760 0
1032650765 0
1032650767 0
1032716303 0
1032716317 0
1032716332 0
1032716334 0
1032781833 0
1032781836 0
1032781859 0
1032781870 0
1032847362 0
1032847371 0
1032847388 0
1032847397 0
1032912896 0
1032912901 0
1032912906 0
1032912919 0
1032978433 0
1032978438 0
1032978440 0
1032978455 0
1033043984 0
1033043991 0
1033043997 0
1033043998 0
1033109535 0
1033109536 0
1033109545 0
1033109550 0
1033175051 0
1033175066 0
1033175068 0
1033175073 0
1033240594 0
1033240596 0
1033240599 0
1033240613 0
1033306131 0
1033306140 0
1033306146 0
1033306149 0
1033371659 0
1033371677 0
1033371682 0
1033371688 0
1033437201 0
1033437203 0
1033437212 0
1033437222 0
1033502736 0
1033502737 0
1033502746 0
1033502755 0
1033568281 0
1033568288 0
1033568291 0
1033568298 0
1033633797 0
1033633806 0
1033633815 0
1033633832 0
1033699337 0
1033699342 0
1033699355 0
1033699360 0
1033764870 0
1033764873 0
1033764903 0
1033764904 0
1033830416 0
1033830427 0
1033830429 0
1033830434 0
1033895950 0
1033895951 0
1033895956 0
1033895957 0
1033961489 0
1033961499 0
1033961502 0
1033961508 0
1034027012 0
1034027033 0
1034027039 0
1034027042 0
1034092546 0
1034092547 0
1034092553 0
1034092556 0
1034158084 0
1034158089 0
1034158118 0
1034158127 0
1034223623 0
1034223632 0
1034223646 0
1034223653 0
1034289168 0
1034289171 0
1034289181 0
1034289182 0
1034354708 0
1034354709 0
1034354714 0
1034354735 0
1034420241 0
1034420244 0
1034420255 0
1034420258 0
1034485760 0
1034485795 0
1034485801 0
1034485802 0
1034551311 0
1034551328 0
1034551333 0
1034551338 0
1034616838 0
1034616839 0
1034616852 0
1034616857 0
1034682370 0
1034682399 0
1034682404 0
1034682409 0
1034747919 0
1034747938 0
1034747940 0
1034747941 0
1034813447 0
1034813450 0
1034813461 0
1034813464 0
1034878995 0
1034879009 0
1034879010 0
1034879012 0
1034944529 0
1034944542 0
1034944544 0
1034944551 0
1035010049 0
1035010070 0
1035010088 0
1035010095 0
1035075587 0
1035075605 0
1035075608 0
1035075622 0
1035141137 0
1035141164 0
1035141166 0
1035141167 0
1035206669 0
1035206675 0
1035206686 0
1035206700 0
1035272192 0
1035272217 0
1035272230 0
1035272239 0
1035337738 0
1035337752 0
1035337753 0
1035337771 0
1035403264 0
1035403267 0
1035403274 0
1035403285 0
1035468800 0
1035468825 0
1035468835 0
1035468842 0
1035534337 0
1035534358 0
1035534372 0
1035534375 0
1035599874 0
1035599888 0
1035599891 0
1035599897 0
1035665409 0
1035665423 0
1035665426 0
1035665444 0
1035730949 0
1035730967 0
1035730968 0
1035730990 0
1035796504 0
1035796525 0
1035796526 0
1035796527 0
1035862021 0
1035862040 0
1035862043 0
1035862054 0
1035927559 0
1035927573 0
1035927592 0
1035927594 0
1035993091 0
1035993104 0
1035993110 0
1035993113 0
1036058629 0
1036058632 0
1036058654 0
1036058663 0
1036124170 0
1036124173 0
1036124191 0
1036124204 0
1036189732 0
1036189735 0
1036189737 0
1036189742 0
1036255233 0
1036255259 0
1036255270 0
1036255272 0
1036320786 0
1036320789 0
1036320796 0
1036320807 0
1036386304 0
1036386306 0
1036386311 0
1036386329 0
1036451848 0
1036451863 0
1036451866 0
1036451877 0
1036517381 0
1036517390 0
1036517403 0
1036517412 0
1036582915 0
1036582924 0
1036582938 0
1036582945 0
1036648474 0
1036648480 0
1036648485 0
1036648487 0
1036713998 0
1036713999 0
1036714009 0
1036714024 0
1036779529 0
1036779548 0
1036779551 0
1036779562 0
1036845064 0
1036845074 0
1036845081 0
1036845087 0
1036910594 0
1036910601 0
1036910607 0
1036910636 0
1036976138 0
1036976139 0
1036976140 0
1036976141 0
1037041666 0
1037041687 0
1037041701 0
1037041708 0
1037107224 0
1037107226 0
1037107227 0
1037107241 0
1037172754 0
1037172757 0
1037172764 0
1037172783 0
1037238274 0
1037238275 0
1037238276 0
1037238289 0
1037303832 0
1037303839 0
1037303841 0
1037303850 0
1037369346 0
1037369355 0
1037369360 0
1037369389 0
1037434891 0
1037434893 0
1037434912 0
1037434918 0
1037500445 0
1037500447 0
1037500458 0
1037500460 0
1037565964 0
1037565987 0
1037565989 0
1037565998 0
1037631495 0
1037631500 0
1037631517 0
1037631530 0
1037697036 0
1037697055 0
1037697069 0
1037697070 0
1037762577 0
1037762578 0
1037762596 0
1037762607 0
1037828106 0
1037828109 0
1037828127 0
1037828140 0
1037893656 0
1037893669 0
1037893674 0
1037893679 0
1037959193 0
1037959198 0
1037959204 0
1037959207 0
1038024714 0
1038024719 0
1038024728 0
1038024745 0
1038090249 0
1038090276 0
1038090282 0
1038090287 0
1038155795 0
1038155802 0
1038155804 0
1038155805 0
1038221326 0
1038221333 0
1038221347 0
1038221348 0
1038286856 0
1038286869 0
1038286886 0
1038286891 0
1038352387 0
1038352408 0
1038352425 0
1038352430 0
1038417950 0
1038417956 0
1038417961 0
1038417963 0
1038483468 0
1038483482 0
1038483489 0
1038483491 0
1038548993 0
1038549006 0
1038549024 0
1038549035 0
1038614542 0
1038614543 0
1038614544 0
1038614545 0
1038680066 0
1038680088 0
1038680105 0
1038680107 0
1038745612 0
1038745614 0
1038745623 0
1038745645 0
1038811152 0
1038811161 0
1038811178 0
1038811179 0
1038876672 0
1038876698 0
1038876717 0
1038876719 0
1038942216 0
1038942229 0
1038942243 0
1038942250 0
1039007762 0
1039007768 0
1039007773 0
1039007775 0
1039073298 0
1039073307 0
1039073312 0
1039073317 0
1039138824 0
1039138827 0
1039138838 0
1039138841 0
1039204353 0
1039204354 0
1039204355 0
1039204360 0
1039269889 0
1039269899 0
1039269904 0
1039269906 0
1039335459 0
1039335460 0
1039335461 0
1039335466 0
1039400984 0
1039400993 0
1039400995 0
1039401002 0
1039466496 0
1039466497 0
1039466511 0
1039466538 0
1039532054 0
1039532068 0
1039532075 0
1039532077 0
1039597572 0
1039597575 0
1039597577 0
1039597602 0
1039663120 0
1039663133 0
1039663134 0
1039663143 0
1039728648 0
1039728659 0
1039728662 0
1039728681 0
1039794180 0
1039794194 0
1039794205 0
1039794207 0
1039859714 0
1039859724 0
1039859743 0
1039859745 0
1039925267 0
1039925280 0
1039925281 0
1039925294 0
1039990798 0
1039990819 0
1039990821 0
1039990824 0
1040056320 0
1040056338 0
1040056341 0
1040056343 0
1040121856 0
1040121861 0
1040121863 0
1040121882 0
1040187407 0
1040187418 0
1040187424 0
1040187433 0
1040252940 0
1040252961 0
1040252974 0
1040252975 0
1040318471 0
1040318482 0
1040318488 0
1040318493 0
1040384016 0
1040384027 0
1040384038 0
1040384041 0
1040449542 0
1040449556 0
1040449557 0
1040449559 0
1040515091 0
1040515096 0
1040515105 0
1040515114 0
1040580625 0
1040580635 0
1040580638 0
1040580652 0
1040646145 0
1040646146 0
1040646147 0
1040646152 0
1040711680 0
1040711683 0
1040711686 0
1040711689 0
1040777219 0
1040777246 0
1040777256 0
1040777261 0
1040842757 0
1040842784 0
1040842790 0
1040842791 0
1040908288 0
1040908299 0
1040908305 0
1040908314 0
1040973830 0
1040973833 0
1040973844 0
1040973863 0
1041039371 0
1041039373 0
1041039392 0
1041039406 0
1041104900 0
1041104902 0
1041104903 0
1041104905 0
1041170441 0
1041170442 0
1041170444 0
1041170463 0
1041235971 0
1041235976 0
1041235990 0
1041236005 0
1041301540 0
1041301542 0
1041301549 0
1041301551 0
1041367047 0
1041367049 0
1041367068 0
1041367070 0
1041432594 0
1041432596 0
1041432601 0
1041432615 0
1041498122 0
1041498136 0
1041498137 0
1041498151 0
1041563679 0
1041563685 0
1041563686 0
1041563688 0
1041629223 0
1041629225 0
1041629228 0
1041629230 0
1041694730 0
1041694737 0
1041694744 0
1041694759 0
1041760260 0
1041760266 0
1041760277 0
1041760279 0
1041825797 0
1041825802 0
1041825828 0
1041825839 0
1041891339 0
1041891341 0
1041891364 0
1041891366 0
1041956879 0
1041956882 0
1041956897 0
1041956900 0
1042022409 0
1042022418 0
1042022424 0
1042022431 0
1042087972 0
1042087977 0
1042087978 0
1042087979 0
1042153499 0
1042153502 0
1042153508 0
1042153509 0
1042219015 0
1042219036 0
1042219038 0
1042219041 0
1042284552 0
1042284562 0
1042284575 0
1042284589 0
1042350081 0
1042350095 0
1042350110 0
1042350112 0
1042415640 0
1042415643 0
1042415645 0
1042415662 0
1042481162 0
1042481164 0
1042481181 0
1042481199 0
1042546688 0
1042546691 0
1042546693 0
1042546726 0
1042612234 0
1042612235 0
1042612237 0
1042612248 0
1042677789 0
1042677795 0
1042677798 0
1042677800 0
1042743301 0
1042743311 0
1042743312 0
1042743342 0
1042808847 0
1042808865 0
1042808872 0
1042808878 0
1042874377 0
1042874396 0
1042874399 0
1042874410 0
1042939923 0
1042939925 0
1042939938 0
1042939940 0
1043005462 0
1043005464 0
1043005477 0
1043005483 0
1043070984 0
1043070985 0
1043071006 0
1043071007 0
1043136530 0
1043136532 0
1043136533 0
1043136535 0
1043202055 0
1043202056 0
1043202062 0
1043202069 0
1043267624 0
1043267625 0
1043267630 0
1043267631 0
1043333123 0
1043333154 0
1043333160 0
1043333165 0
1043398669 0
1043398678 0
1043398692 0
1043398699 0
1043464200 0
1043464201 0
1043464202 0
1043464231 0
1043529736 0
1043529745 0
1043529750 0
1043529763 0
1043595266 0
1043595292 0
1043595293 0
1043595311 0
1043660806 0
1043660815 0
1043660832 0
1043660837 0
1043726360 0
1043726370 0
1043726379 0
1043726381 0
1043791875 0
1043791889 0
1043791896 0
1043791914 0
1043857411 0
1043857414 0
1043857437 0
1043857448 0
1043922945 0
1043922946 0
1043922960 0
1043922983 0
1043988513 0
1043988514 0
1043988520 0
1043988523 0
1044054033 0
1044054051 0
1044054052 0
1044054054 0
1044119555 0
1044119561 0
1044119562 0
1044119564 0
1044185104 0
1044185121 0
1044185126 0
1044185131 0
1044250633 0
1044250658 0
1044250660 0
1044250663 0
1044316180 0
1044316181 0
1044316182 0
1044316183 0
1044381719 0
1044381736 0
1044381738 0
1044381741 0
1044447247 0
1044447260 0
1044447261 0
1044447270 0
1044512784 0
1044512791 0
1044512805 0
1044512806 0
1044578311 0
1044578325 0
1044578330 0
1044578348 0
1044643857 0
1044643864 0
1044643866 0
1044643867 0
1044709382 0
1044709408 0
1044709409 0
1044709415 0
1044774915 0
1044774924 0
1044774929 0
1044774958 0
1044840474 0
1044840487 0
1044840488 0
1044840489 0
1044905997 0
1044905999 0
1044906000 0
1044906014 0
1044971525 0
1044971555 0
1044971556 0
1044971566 0
1045037067 0
1045037068 0
1045037078 0
1045037089 0
1045102596 0
1045102597 0
1045102626 0
1045102635 0
1045168144 0
1045168165 0
1045168167 0
1045168174 0
1045233677 0
1045233680 0
1045233710 0
1045233711 0
1045299224 0
1045299227 0
1045299233 0
1045299234 0
1045364776 0
1045364777 0
1045364779 0
1045364782 0
1045430294 0
1045430312 0
1045430317 0
1045430319 0
1045495808 0
1045495810 0
1045495825 0
1045495847 0
1045561347 0
1045561361 0
1045561364 0
1045561366 0
1045626907 0
1045626916 0
1045626917 0
1045626918 0
1045692416 0
1045692457 0
1045692459 0
1045692462 0
1045757955 0
1045757957 0
1045757962 0
1045757996 0
1045823522 0
1045823527 0
1045823529 0
1045823532 0
1045889036 0
1045889050 0
1045889059 0
1045889061 0
1045954562 0
1045954571 0
1045954576 0
1045954577 0
1046020099 0
1046020100 0
1046020122 0
1046020133 0
1046085663 0
1046085670 0
1046085676 0
1046085677 0
1046151176 0
1046151181 0
1046151211 0
1046151214 0
1046216709 0
1046216748 0
1046216750 0
1046216751 0
1046282242 0
1046282243 0
1046282252 0
1046282285 0
1046347808 0
1046347821 0
1046347822 0
1046347823 0
1046413317 0
1046413331 0
1046413334 0
1046413340 0
1046478852 0
1046478866 0
1046478889 0
1046478895 0
1046544390 0
1046544416 0
1046544425 0
1046544431 0
1046609921 0
1046609939 0
1046609960 0
1046609962 0
1046675458 0
1046675492 0
1046675501 0
1046675503 0
1046740999 0
1046741017 0
1046741018 0
1046741020 0
1046806530 0
1046806533 0
1046806547 0
1046806560 0
1046872074 0
1046872076 0
1046872089 0
1046872103 0
1046937609 0
1046937622 0
1046937624 0
1046937639 0
1047003140 0
1047003146 0
1047003155 0
1047003157 0
1047068672 0
1047068678 0
1047068685 0
1047068695 0
1047134214 0
1047134251 0
1047134252 0
1047134253 0
1047199774 0
1047199777 0
1047199784 0
1047199791 0
1047265301 0
1047265315 0
1047265320 0
1047265322 0
1047330820 0
1047330846 0
1047330855 0
1047330857 0
1047396352 0
1047396367 0
1047396373 0
1047396390 0
1047461890 0
1047461900 0
1047461921 0
1047461923 0
1047527437 0
1047527466 0
1047527467 0
1047527468 0
1047592971 0
1047592973 0
1047592994 0
1047593000 0
1047658517 0
1047658520 0
1047658527 0
1047658534 0
1047724035 0
1047724040 0
1047724053 0
1047724054 0
1047789600 0
1047789606 0
1047789611 0
1047789613 0
1047855108 0
1047855114 0
1047855117 0
1047855119 0
1047920666 0
1047920669 0
1047920679 0
1047920684 0
1047986181 0
1047986191 0
1047986194 0
1047986216 0
1048051713 0
1048051715 0
1048051728 0
1048051742 0
1048117256 0
1048117277 0
1048117283 0
1048117290 0
1048182786 0
1048182789 0
1048182808 0
1048182827 0
1048248321 0
1048248324 0
1048248326 0
1048248327 0
1048313857 0
1048313860 0
1048313863 0
1048313886 0
1048379417 0
1048379428 0
1048379430 0
1048379435 0
1048444970 0
1048444971 0
1048444972 0
1048444973 0
1048510505 0
1048510507 0
1048510508 0
1048510510 0
1048576005 0
1048576006 0
1048576011 0
1048576016 0
1048641541 0
1048641568 0
1048641574 0
1048641579 0
1048707085 0
1048707099 0
1048707100 0
1048707102 0
1048772620 0
1048772643 0
1048772650 0
1048772653 0
1048838144 0
1048838154 0
1048838165 0
1048838187 0
1048903694 0
1048903696 0
1048903717 0
1048903719 0
1048969220 0
1048969221 0
1048969239 0
1048969262 0
1049034755 0
1049034768 0
1049034773 0
1049034798 0
1049100298 0
1049100303 0
1049100313 0
1049100320 0
1049165830 0
1049165856 0
1049165863 0
1049165869 0
1049231370 0
1049231371 0
1049231384 0
1049231385 0
1049296908 0
1049296913 0
1049296919 0
1049296942 0
1049362441 0
1049362444 0
1049362446 0
1049362455 0
1049427977 0
1049427991 0
1049427994 0
1049428012 0
1049493515 0
1049493528 0
1049493537 0
1049493542 0
1049559040 0
1049559054 0
1049559067 0
1049559077 0
1049624590 0
1049624600 0
1049624605 0
1049624619 0
1049690112 0
1049690151 0
1049690153 0
1049690158 0
1049755650 0
1049755652 0
1049755681 0
1049755687 0
1049821193 0
1049821195 0
1049821196 0
1049821198 0
1049886727 0
1049886730 0
1049886749 0
1049886760 0
1049952279 0
1049952292 0
1049952297 0
1049952302 0
1050017795 0
1050017809 0
1050017822 0
1050017832 0
1050083328 0
1050083338 0
1050083339 0
1050083361 0
1050148874 0
1050148896 0
1050148897 0
1050148903 0
1050214425 0
1050214428 0
1050214430 0
1050214431 0
1050279952 0
1050279953 0
1050279955 0
1050279966 0
1050345477 0
1050345482 0
1050345499 0
1050345500 0
1050411022 0
1050411037 0
1050411039 0
1050411040 0
1050476544 0
1050476545 0
1050476559 0
1050476570 0
1050542088 0
1050542097 0
1050542110 0
1050542119 0
1050607625 0
1050607626 0
1050607627 0
1050607632 0
1050673189 0
1050673192 0
1050673195 0
1050673198 0
1050738691 0
1050738694 0
1050738697 0
1050738708 0
1050804240 0
1050804241 0
1050804250 0
1050804255 0
1050869768 0
1050869774 0
1050869777 0
1050869791 0
1050935300 0
1050935302 0
1050935321 0
1050935323 0
1051000835 0
1051000865 0
1051000868 0
1051000878 0
1051066380 0
1051066382 0
1051066399 0
1051066413 0
1051131924 0
1051131943 0
1051131945 0
1051131950 0
1051197458 0
1051197460 0
1051197463 0
1051197469 0
1051263006 0
1051263015 0
1051263017 0
1051263020 0
1051328513 0
1051328516 0
1051328523 0
1051328534 0
1051394048 0
1051394067 0
1051394090 0
1051394093 0
1051459592 0
1051459607 0
1051459610 0
1051459629 0
1051525120 0
1051525122 0
1051525127 0
1051525141 0
1051590657 0
1051590659 0
1051590674 0
1051590680 0
1051656208 0
1051656211 0
1051656213 0
1051656230 0
1051721747 0
1051721761 0
1051721762 0
1051721764 0
1051787281 0
1051787286 0
1051787296 0
1051787299 0
1051852828 0
1051852830 0
1051852833 0
1051852847 0
1051918338 0
1051918344 0
1051918345 0
1051918351 0
1051983876 0
1051983906 0
1051983909 0
1051983911 0
1052049423 0
1052049424 0
1052049442 0
1052049453 0
1052114966 0
1052114968 0
1052114971 0
1052114985 0
1052180508 0
1052180518 0
1052180519 0
1052180525 0
1052246033 0
1052246048 0
1052246050 0
1052246063 0
1052311584 0
1052311587 0
1052311597 0
1052311598 0
1052377094 0
1052377115 0
1052377124 0
1052377129 0
1052442625 0
1052442640 0
1052442658 0
1052442671 0
1052508169 0
1052508183 0
1052508202 0
1052508204 0
1052573721 0
1052573723 0
1052573732 0
1052573734 0
1052639272 0
1052639277 0
1052639278 0
1052639279 0
1052704802 0
1052704804 0
1052704811 0
1052704813 0
1052770316 0
1052770337 0
1052770339 0
1052770342 0
1052835866 0
1052835869 0
1052835883 0
1052835884 0
1052901410 0
1052901415 0
1052901420 0
1052901421 0
1052966940 0
1052966950 0
1052966953 0
1052966955 0
1053032459 0
1053032468 0
1053032473 0
1053032494 0
1053098012 0
1053098019 0
1053098021 0
1053098022 0
1053163520 0
1053163538 0
1053163557 0
1053163563 0
1053229062 0
1053229065 0
1053229067 0
1053229068 0
1053294603 0
1053294606 0
1053294608 0
1053294609 0
1053360128 0
1053360135 0
1053360138 0
1053360153 0
1053425665 0
1053425666 0
1053425675 0
1053425692 0
1053491203 0
1053491212 0
1053491230 0
1053491241 0
1053556736 0
1053556739 0
1053556741 0
1053556758 0
1053622282 0
1053622285 0
1053622299 0
1053622312 0
1053687831 0
1053687834 0
1053687836 0
1053687845 0
1053753367 0
1053753373 0
1053753374 0
1053753380 0
1053818884 0
1053818890 0
1053818893 0
1053818907 0
1053884427 0
1053884450 0
1053884452 0
1053884457 0
1053949971 0
1053949985 0
1053949994 0
1053949996 0
1054015493 0
1054015507 0
1054015510 0
1054015532 0
1054081035 0
1054081053 0
1054081056 0
1054081062 0
1054146565 0
1054146566 0
1054146568 0
1054146579 0
1054212125 0
1054212126 0
1054212127 0
1054212128 0
1054277661 0
1054277664 0
1054277666 0
1054277679 0
1054343176 0
1054343177 0
1054343195 0
1054343210 0
1054408721 0
1054408724 0
1054408727 0
1054408730 0
1054474245 0
1054474268 0
1054474282 0
1054474283 0
1054539776 0
1054539778 0
1054539791 0
1054539793 0
1054605325 0
1054605326 0
1054605327 0
1054605344 0
1054670856 0
1054670857 0
1054670866 0
1054670871 0
1054736386 0
1054736388 0
1054736401 0
1054736415 0
1054801940 0
1054801958 0
1054801959 0
1054801961 0
1054867460 0
1054867463 0
1054867478 0
1054867493 0
1054933014 0
1054933017 0
1054933019 0
1054933028 0
1054998548 0
1054998551 0
1054998565 0
1054998574 0
1055064084 0
1055064090 0
1055064109 0
1055064111 0
1055129630 0
1055129632 0
1055129633 0
1055129647 0
1055195140 0
1055195166 0
1055195177 0
1055195179 0
1055260695 0
1055260705 0
1055260714 0
1055260716 0
1055326211 0
1055326252 0
1055326253 0
1055326254 0
1055391746 0
1055391751 0
1055391768 0
1055391781 0
1055457314 0
1055457319 0
1055457321 0
1055457324 0
1055522818 0
1055522856 0
1055522857 0
1055522863 0
1055588371 0
1055588378 0
1055588392 0
1055588397 0
1055653922 0
1055653925 0
1055653931 0
1055653932 0
1055719424 0
1055719459 0
1055719461 0
1055719466 0
1055784961 0
1055784964 0
1055784979 0
1055784994 0
1055850496 0
1055850535 0
1055850537 0
1055850538 0
1055916036 0
1055916038 0
1055916039 0
1055916041 0
1055981579 0
1055981592 0
1055981605 0
1055981610 0
1056047109 0
1056047128 0
1056047130 0
1056047151 0
1056112666 0
1056112668 0
1056112671 0
1056112677 0
1056178181 0
1056178183 0
1056178184 0
1056178198 0
1056243714 0
1056243715 0
1056243728 0
1056243729 0
1056309250 0
1056309273 0
1056309275 0
1056309292 0
1056374785 0
1056374795 0
1056374800 0
1056374802 0
1056440336 0
1056440345 0
1056440359 0
1056440366 0
1056505857 0
1056505898 0
1056505900 0
1056505903 0
1056571395 0
1056571397 0
1056571400 0
1056571434 0
1056636932 0
1056636933 0
1056636935 0
1056636938 0
1056702483 0
1056702492 0
1056702497 0
1056702506 0
1056768013 0
1056768022 0
1056768027 0
1056768028 0
1056833536 0
1056833549 0
1056833550 0
1056833559 0
1056899089 0
1056899091 0
1056899092 0
1056899094 0
1056964622 0
1056964637 0
1056964652 0
1056964655 0
1057030146 0
1057030164 0
1057030177 0
1057030191 0
1057095682 0
1057095683 0
1057095684 0
1057095701 0
1057161225 0
1057161226 0
1057161227 0
1057161248 0
1057226752 0
1057226767 0
1057226770 0
1057226789 0
1057292305 0
1057292316 0
1057292331 0
1057292334 0
1057357825 0
1057357839 0
1057357842 0
1057357848 0
1057423377 0
1057423391 0
1057423398 0
1057423404 0
1057488896 0
1057488897 0
1057488899 0
1057488918 0
1057554466 0
1057554476 0
1057554477 0
1057554479 0
1057619977 0
1057619988 0
1057619991 0
1057620006 0
1057685505 0
1057685518 0
1057685520 0
1057685527 0
1057751070 0
1057751071 0
1057751076 0
1057751085 0
1057816584 0
1057816610 0
1057816617 0
1057816619 0
1057882114 0
1057882149 0
1057882151 0
1057882152 0
1057947676 0
1057947678 0
1057947685 0
1057947695 0
1058013185 0
1058013194 0
1058013195 0
1058013200 0
1058078746 0
1058078755 0
1058078764 0
1058078765 0
1058144262 0
1058144276 0
1058144285 0
1058144303 0
1058209805 0
1058209823 0
1058209824 0
1058209838 0
1058275329 0
1058275334 0
1058275343 0
1058275364 0
1058340903 0
1058340905 0
1058340908 0
1058340910 0
1058406403 0
1058406433 0
1058406438 0
1058406444 0
1058471941 0
1058471944 0
1058471966 0
1058471979 0
1058537490 0
1058537491 0
1058537493 0
1058537496 0
1058603016 0
1058603026 0
1058603033 0
1058603035 0
1058668552 0
1058668573 0
1058668575 0
1058668578 0
1058734083 0
1058734088 0
1058734089 0
1058734090 0
1058799620 0
1058799622 0
1058799651 0
1058799653 0
1058865159 0
1058865164 0
1058865194 0
1058865197 0
1058930692 0
1058930699 0
1058930702 0
1058930709 0
1058996234 0
1058996239 0
1058996252 0
1058996257 0
1059061765 0
1059061768 0
1059061771 0
1059061782 0
1059127302 0
1059127308 0
1059127313 0
1059127319 0
1059192834 0
1059192857 0
1059192860 0
1059192863 0
1059258387 0
1059258397 0
1059258398 0
1059258400 0
1059323925 0
1059323928 0
1059323939 0
1059323946 0
1059389466 0
1059389484 0
1059389485 0
1059389487 0
1059455010 0
1059455015 0
1059455017 0
1059455020 0
1059520513 0
1059520514 0
1059520516 0
1059520519 0
1059586048 0
1059586053 0
1059586058 0
1059586095 0
1059651593 0
1059651604 0
1059651607 0
1059651622 0
1059717138 0
1059717140 0
1059717141 0
1059717167 0
1059782669 0
1059782678 0
1059782683 0
1059782696 0
1059848199 0
1059848200 0
1059848202 0
1059848221 0
1059913734 0
1059913753 0
1059913755 0
1059913756 0
1059979268 0
1059979273 0
1059979275 0
1059979290 0
1060044809 0
1060044843 0
1060044844 0
1060044846 0
1060110344 0
1060110351 0
1060110354 0
1060110365 0
1060175881 0
1060175884 0
1060175902 0
1060175903 0
1060241431 0
1060241438 0
1060241448 0
1060241453 0
1060306968 0
1060306973 0
1060306982 0
1060306983 0
1060372480 0
1060372485 0
1060372507 0
1060372510 0
1060438043 0
1060438050 0
1060438052 0
1060438061 0
1060503579 0
1060503593 0
1060503596 0
1060503598 0
1060569095 0
1060569096 0
1060569097 0
1060569102 0
1060634642 0
1060634643 0
1060634645 0
1060634648 0
1060700166 0
1060700184 0
1060700189 0
1060700203 0
1060765710 0
1060765728 0
1060765733 0
1060765739 0
1060831232 0
1060831241 0
1060831250 0
1060831255 0
1060896769 0
1060896800 0
1060896814 0
1060896815 0
1060962305 0
1060962312 0
1060962323 0
1060962326 0
1061027860 0
1061027865 0
1061027879 0
1061027886 0
1061093389 0
1061093391 0
1061093396 0
1061093422 0
1061158916 0
1061158925 0
1061158930 0
1061158935 0
1061224455 0
1061224481 0
1061224486 0
1061224492 0
1061289987 0
1061290008 0
1061290021 0
1061290022 0
1061355547 0
1061355550 0
1061355552 0
1061355561 0
1061421065 0
1061421066 0
1061421068 0
1061421083 0
1061486592 0
1061486606 0
1061486609 0
1061486627 0
1061552141 0
1061552143 0
1061552146 0
1061552164 0
1061617675 0
1061617684 0
1061617686 0
1061617689 0
1061683200 0
1061683226 0
1061683229 0
1061683235 0
1061748757 0
1061748758 0
1061748779 0
1061748780 0
1061814284 0
1061814302 0
1061814303 0
1061814305 0
1061879822 0
1061879825 0
1061879827 0
1061879828 0
1061945344 0
1061945363 0
1061945382 0
1061945385 0
1062010893 0
1062010912 0
1062010915 0
1062010922 0
1062076430 0
1062076443 0
1062076448 0
1062076453 0
1062141955 0
1062141973 0
1062141982 0
1062141984 0
1062207492 0
1062207495 0
1062207505 0
1062207526 0
1062273037 0
1062273040 0
1062273055 0
1062273058 0
1062338560 0
1062338562 0
1062338571 0
1062338585 0
1062404097 0
1062404100 0
1062404110 0
1062404131 0
1062469633 0
1062469634 0
1062469635 0
1062469648 0
1062535175 0
1062535197 0
1062535210 0
1062535212 0
1062600735 0
1062600738 0
1062600748 0
1062600749 0
1062666248 0
1062666250 0
1062666255 0
1062666265 0
1062731780 0
1062731805 0
1062731807 0
1062731810 0
1062797312 0
1062797323 0
1062797326 0
1062797329 0
1062862849 0
1062862859 0
1062862862 0
1062862864 0
1062928389 0
1062928390 0
1062928395 0
1062928396 0
1062993936 0
1062993957 0
1062993958 0
1062993959 0
1063059465 0
1063059468 0
1063059471 0
1063059502 0
1063124995 0
1063124998 0
1063125000 0
1063125021 0
1063190543 0
1063190546 0
1063190556 0
1063190561 0
1063256075 0
1063256077 0
1063256108 0
1063256110 0
1063321608 0
1063321625 0
1063321634 0
1063321635 0
1063387142 0
1063387152 0
1063387165 0
1063387179 0
1063452689 0
1063452690 0
1063452691 0
1063452704 0
1063518214 0
1063518233 0
1063518247 0
1063518248 0
1063583765 0
1063583782 0
1063583784 0
1063583791 0
1063649284 0
1063649293 0
1063649294 0
1063649311 0
1063714823 0
1063714842 0
1063714845 0
1063714860 0
1063780355 0
1063780378 0
1063780392 0
1063780397 0
1063845891 0
1063845900 0
1063845901 0
1063845934 0
1063911426 0
1063911428 0
1063911435 0
1063911461 0
1063976979 0
1063976985 0
1063976988 0
1063977002 0
1064042537 0
1064042539 0
1064042540 0
1064042542 0
1064108058 0
1064108061 0
1064108063 0
1064108068 0
1064173591 0
1064173596 0
1064173605 0
1064173610 0
1064239105 0
1064239131 0
1064239136 0
1064239138 0
1064304640 0
1064304650 0
1064304671 0
1064304677 0
1064370188 0
1064370189 0
1064370199 0
1064370202 0
1064435731 0
1064435732 0
1064435734 0
1064435753 0
1064501255 0
1064501272 0
1064501277 0
1064501278 0
1064566799 0
1064566812 0
1064566825 0
1064566826 0
1064632323 0
1064632344 0
1064632357 0
1064632362 0
1064697856 0
1064697870 0
1064697891 0
1064697893 0
1064763397 0
1064763400 0
1064763423 0
1064763434 0
1064828950 0
1064828952 0
1064828953 0
1064828971 0
1064894469 0
1064894480 0
1064894495 0
1064894498 0
1064960030 0
1064960036 0
1064960045 0
1064960047 0
1065025536 0
1065025537 0
1065025538 0
1065025539 0
1065091077 0
1065091080 0
1065091082 0
1065091083 0
1065156626 0
1065156632 0
1065156645 0
1065156647 0
1065222145 0
1065222147 0
1065222166 0
1065222180 0
1065287692 0
1065287709 0
1065287715 0
1065287726 0
1065353223 0
1065353226 0
1065353245 0
1065353260 0
1065418764 0
1065418769 0
1065418770 0
1065418779 0
1065484323 0
1065484330 0
1065484332 0
1065484333 0
1065549825 0
1065549840 0
1065549859 0
1065549862 0
1065615392 0
1065615393 0
1065615394 0
1065615395 0
1065680910 0
1065680913 0
1065680927 0
1065680932 0
1065746438 0
1065746441 0
1065746471 0
1065746476 0
1065811969 0
1065811980 0
1065811990 0
1065811999 0
1065877507 0
1065877525 0
1065877526 0
1065877536 0
1065943045 0
1065943046 0
1065943048 0
1065943087 0
1066008581 0
1066008604 0
1066008614 0
1066008623 0
1066074129 0
1066074131 0
1066074132 0
1066074158 0
1066139650 0
1066139652 0
1066139653 0
1066139659 0
1066205188 0
1066205190 0
1066205197 0
1066205199 0
1066270729 0
1066270742 0
1066270747 0
1066270760 0
1066336264 0
1066336266 0
1066336285 0
1066336299 0
1066401800 0
1066401834 0
1066401835 0
1066401837 0
1066467333 0
1066467362 0
1066467371 0
1066467372 0
1066532875 0
1066532892 0
1066532894 0
1066532909 0
1066598431 0
1066598434 0
1066598437 0
1066598440 0
1066663946 0
1066663956 0
1066663961 0
1066663967 0
1066729480 0
1066729499 0
1066729509 0
1066729510 0
1066795021 0
1066795047 0
1066795050 0
1066795052 0
1066860557 0
1066860563 0
1066860570 0
1066860576 0
1066926085 0
1066926094 0
1066926112 0
1066926123 0
1066991616 0
1066991617 0
1066991631 0
1066991638 0
1067057164 0
1067057165 0
1067057174 0
1067057175 0
1067122695 0
1067122698 0
1067122701 0
1067122708 0
1067188243 0
1067188244 0
1067188245 0
1067188246 0
1067253780 0
1067253782 0
1067253795 0
1067253801 0
1067319320 0
1067319322 0
1067319323 0
1067319337 0
1067384837 0
1067384838 0
1067384868 0
1067384875 0
1067450382 0
1067450399 0
1067450412 0
1067450413 0
1067515908 0
1067515930 0
1067515939 0
1067515949 0
1067581443 0
1067581453 0
1067581462 0
1067581464 0
1067646985 0
1067646987 0
1067646988 0
1067647014 0
1067712537 0
1067712538 0
1067712547 0
1067712556 0
1067778048 0
1067778063 0
1067778078 0
1067778081 0
1067843596 0
1067843606 0
1067843617 0
1067843631 0
1067909138 0
1067909145 0
1067909152 0
1067909159 0
1067974678 0
1067974681 0
1067974683 0
1067974696 0
1068040199 0
1068040202 0
1068040208 0
1068040213 0
1068105746 0
1068105747 0
1068105765 0
1068105768 0
1068171266 0
1068171280 0
1068171297 0
1068171299 0
1068236801 0
1068236811 0
1068236818 0
1068236828 0
1068302364 0
1068302366 0
1068302369 0
1068302371 0
1068367894 0
1068367904 0
1068367913 0
1068367919 0
1068433432 0
1068433438 0
1068433449 0
1068433451 0
1068498953 0
1068498954 0
1068498960 0
1068498963 0
1068564490 0
1068564517 0
1068564520 0
1068564523 0
1068630017 0
1068630031 0
1068630038 0
1068630040 0
1068695557 0
1068695567 0
1068695580 0
1068695586 0
1068761092 0
1068761094 0
1068761103 0
1068761105 0
1068826633 0
1068826652 0
1068826663 0
1068826666 0
1068892168 0
1068892173 0
1068892178 0
1068892183 0
1068957728 0
1068957733 0
1068957734 0
1068957743 0
1069023237 0
1069023242 0
1069023248 0
1069023259 0
1069088769 0
1069088775 0
1069088782 0
1069088796 0
1069154321 0
1069154322 0
1069154324 0
1069154347 0
1069219861 0
1069219870 0
1069219879 0
1069219884 0
1069285378 0
1069285380 0
1069285381 0
1069285395 0
1069350918 0
1069350919 0
1069350921 0
1069350956 0
1069416465 0
1069416467 0
1069416482 0
1069416488 0
1069482028 0
1069482029 0
1069482030 0
1069482031 0
1069547540 0
1069547549 0
1069547554 0
1069547563 0
1069613061 0
1069613088 0
1069613091 0
1069613102 0
1069678598 0
1069678611 0
1069678617 0
1069678632 0
1069744139 0
1069744172 0
1069744173 0
1069744174 0
1069809690 0
1069809692 0
1069809699 0
1069809701 0
1069875211 0
1069875212 0
1069875218 0
1069875221 0
1069940749 0
1069940762 0
1069940764 0
1069940771 0
1070006274 0
1070006275 0
1070006281 0
1070006288 0
1070071820 0
1070071834 0
1070071841 0
1070071851 0
1070137345 0
1070137360 0
1070137367 0
1070137374 0
1070202894 0
1070202896 0
1070202913 0
1070202915 0
1070268430 0
1070268441 0
1070268444 0
1070268463 0
1070333970 0
1070333971 0
1070333976 0
1070333977 0
1070399494 0
1070399499 0
1070399508 0
1070399533 0
1070465025 0
1070465034 0
1070465040 0
1070465059 0
1070530576 0
1070530589 0
1070530590 0
1070530591 0
1070596096 0
1070596097 0
1070596103 0
1070596106 0
1070661643 0
1070661648 0
1070661653 0
1070661666 0
1070727179 0
1070727182 0
1070727204 0
1070727209 0
1070792710 0
1070792713 0
1070792724 0
1070792747 0
1070858244 0
1070858249 0
1070858255 0
1070858258 0
1070923780 0
1070923781 0
1070923787 0
1070923790 0
1070989312 0
1070989315 0
1070989329 0
1070989346 0
1071054849 0
1071054850 0
1071054864 0
1071054875 0
1071120388 0
1071120390 0
1071120399 0
1071120401 0
1071185922 0
1071185923 0
1071185924 0
1071185925 0
1071251470 0
1071251476 0
1071251481 0
1071251483 0
1071316998 0
1071317019 0
1071317028 0
1071317037 0
1071382536 0
1071382539 0
1071382549 0
1071382554 0
1071448071 0
1071448074 0
1071448076 0
1071448089 0
1071513604 0
1071513630 0
1071513637 0
1071513639 0
1071579136 0
1071579154 0
1071579155 0
1071579157 0
1071644674 0
1071644676 0
1071644677 0
1071644703 0
1071710209 0
1071710210 0
1071710215 0
1071710228 0
1071775756 0
1071775759 0
1071775774 0
1071775777 0
1071841293 0
1071841296 0
1071841298 0
1071841319 0
1071906822 0
1071906827 0
1071906856 0
1071906857 0
1071972358 0
1071972372 0
1071972381 0
1071972395 0
1072037889 0
1072037896 0
1072037906 0
1072037911 0
1072103424 0
1072103441 0
1072103451 0
1072103454 0
1072168976 0
1072168981 0
1072168995 0
1072169002 0
1072234503 0
1072234536 0
1072234541 0
1072234542 0
1072300033 0
1072300043 0
1072300044 0
1072300046 0
1072365584 0
1072365587 0
1072365594 0
1072365605 0
1072431116 0
1072431139 0
1072431141 0
1072431150 0
1072496653 0
1072496674 0
1072496679 0
1072496680 0
1072562190 0
1072562208 0
1072562215 0
1072562221 0
1072627725 0
1072627726 0
1072627744 0
1072627759 0
1072693249 0
1072693251 0
1072693264 0
1072693274 0
1072758789 0
1072758792 0
1072758794 0
1072758803 0
1072824334 0
1072824335 0
1072824336 0
1072824353 0
1072889870 0
1072889881 0
1072889887 0
1072889892 0
1072955399 0
1072955413 0
1072955414 0
1072955428 0
1073020928 0
1073020939 0
1073020942 0
1073020969 0
1073086464 0
1073086466 0
1073086469 0
1073086495 0
1073152008 0
1073152010 0
1073152035 0
1073152037 0
1073217542 0
1073217565 0
1073217572 0
1073217579 0
1073283073 0
1073283080 0
1073283086 0
1073283087 0
1073348626 0
1073348632 0
1073348635 0
1073348637 0
1073414144 0
1073414149 0
1073414162 0
1073414175 0
1073479687 0
1073479689 0
1073479692 0
1073479710 0
1073545233 0
1073545254 0
1073545260 0
1073545263 0
1073610764 0
1073610766 0
1073610767 0
1073610781 0
1073676296 0
1073676299 0
1073676306 0
1073676329 0
1073741837 0
1073741838 0
1073741840 0
1073741843 0
1073807369 0
1073807372 0
1073807387 0
1073807390 0
1073872908 0
1073872910 0
1073872925 0
1073872943 0
1073938432 0
1073938433 0
1073938434 0
1073938435 0
1074003972 0
1074003983 0
1074003985 0
1074003986 0
1074069538 0
1074069543 0
1074069545 0
1074069548 0
1074135049 0
1074135054 0
1074135055 0
1074135064 0
1074200579 0
1074200582 0
1074200585 0
1074200620 0
1074266117 0
1074266138 0
1074266143 0
1074266144 0
1074331659 0
1074331662 0
1074331664 0
1074331665 0
1074397184 0
1074397189 0
1074397190 0
1074397191 0
1074462731 0
1074462740 0
1074462749 0
1074462750 0
1074528276 0
1074528278 0
1074528279 0
1074528293 0
1074593815 0
1074593816 0
1074593829 0
1074593830 0
1074659330 0
1074659331 0
1074659348 0
1074659365 0
1074724865 0
1074724879 0
1074724896 0
1074724898 0
1074790407 0
1074790410 0
1074790421 0
1074790428 0
1074855939 0
1074855950 0
1074855960 0
1074855961 0
1074921474 0
1074921476 0
1074921491 0
1074921517 0
1074987024 0
1074987038 0
1074987041 0
1074987043 0
1075052556 0
1075052562 0
1075052571 0
1075052581 0
1075118084 0
1075118097 0
1075118099 0
1075118102 0
1075183625 0
1075183626 0
1075183656 0
1075183659 0
1075249168 0
1075249182 0
1075249189 0
1075249195 0
1075314690 0
1075314695 0
1075314700 0
1075314709 0
1075380225 0
1075380246 0
1075380247 0
1075380252 0
1075445773 0
1075445774 0
1075445775 0
1075445804 0
1075511315 0
1075511317 0
1075511320 0
1075511326 0
1075576834 0
1075576845 0
1075576847 0
1075576852 0
1075642376 0
1075642377 0
1075642383 0
1075642414 0
1075707910 0
1075707912 0
1075707929 0
1075707939 0
1075773440 0
1075773450 0
1075773453 0
1075773475 0
1075838980 0
1075838999 0
1075839001 0
1075839006 0
1075904516 0
1075904549 0
1075904551 0
1075904554 0
1075970054 0
1075970064 0
1075970071 0
1075970073 0
1076035587 0
1076035601 0
1076035604 0
1076035606 0
1076101122 0
1076101132 0
1076101139 0
1076101149 0
1076166670 0
1076166675 0
1076166681 0
1076166684 0
1076232193 0
1076232212 0
1076232227 0
1076232230 0
1076297731 0
1076297738 0
1076297745 0
1076297768 0
1076363264 0
1076363271 0
1076363273 0
1076363302 0
1076428828 0
1076428845 0
1076428846 0
1076428847 0
1076494360 0
1076494363 0
1076494374 0
1076494381 0
1076559909 0
1076559910 0
1076559912 0
1076559919 0
1076625412 0
1076625421 0
1076625422 0
1076625435 0
1076690950 0
1076690953 0
1076690975 0
1076690984 0
1076756480 0
1076756483 0
1076756501 0
1076756510 0
1076822027 0
1076822052 0
1076822061 0
1076822062 0
1076887561 0
1076887576 0
1076887590 0
1076887595 0
1076953107 0
1076953117 0
1076953126 0
1076953128 0
1077018646 0
1077018653 0
1077018655 0
1077018664 0
1077084167 0
1077084186 0
1077084201 0
1077084204 0
1077149699 0
1077149713 0
1077149714 0
1077149716 0
1077215232 0
1077215234 0
1077215235 0
1077215245 0
1077280769 0
1077280791 0
1077280808 0
1077280810 0
1077346320 0
1077346322 0
1077346323 0
1077346337 0
1077411847 0
1077411848 0
1077411853 0
1077411858 0
1077477386 0
1077477396 0
1077477399 0
1077477401 0
1077542921 0
1077542923 0
1077542924 0
1077542934 0
1077608451 0
1077608454 0
1077608456 0
1077608473 0
1077673999 0
1077674012 0
1077674017 0
1077674030 0
1077739524 0
1077739525 0
1077739534 0
1077739543 0
1077805067 0
1077805072 0
1077805085 0
1077805102 0
1077870597 0
1077870602 0
1077870604 0
1077870627 0
1077936128 0
1077936141 0
1077936158 0
1077936163 0
1078001671 0
1078001686 0
1078001688 0
1078001693 0
1078067210 0
1078067213 0
1078067224 0
1078067227 0
1078132748 0
1078132765 0
1078132778 0
1078132783 0
1078198274 0
1078198277 0
1078198291 0
1078198296 0
1078263815 0
1078263820 0
1078263830 0
1078263841 0
1078329371 0
1078329376 0
1078329381 0
1078329382 0
1078394897 0
1078394900 0
1078394907 0
1078394914 0
1078460443 0
1078460456 0
1078460461 0
1078460462 0
1078525968 0
1078525971 0
1078525985 0
1078525990 0
1078591489 0
1078591515 0
1078591528 0
1078591534 0
1078657029 0
1078657052 0
1078657058 0
1078657059 0
1078722593 0
1078722598 0
1078722599 0
1078722600 0
1078788109 0
1078788114 0
1078788123 0
1078788132 0
1078853640 0
1078853651 0
1078853657 0
1078853666 0
1078919173 0
1078919176 0
1078919178 0
1078919207 0
1078984705 0
1078984722 0
1078984724 0
1078984751 0
1079050240 0
1079050250 0
1079050251 0
1079050253 0
1079115780 0
1079115786 0
1079115801 0
1079115807 0
1079181325 0
1079181351 0
1079181352 0
1079181358 0
1079246851 0
1079246868 0
1079246869 0
1079246870 0
1079312385 0
1079312391 0
1079312406 0
1079312424 0
1079377940 0
1079377943 0
1079377954 0
1079377965 0
1079443488 0
1079443489 0
1079443491 0
1079443494 0
1079508998 0
1079509005 0
1079509012 0
1079509015 0
1079574528 0
1079574533 0
1079574534 0
1079574571 0
1079640097 0
1079640098 0
1079640103 0
1079640104 0
1079705625 0
1079705627 0
1079705628 0
1079705638 0
1079771147 0
1079771157 0
1079771158 0
1079771160 0
1079836680 0
1079836681 0
1079836691 0
1079836706 0
1079902215 0
1079902232 0
1079902241 0
1079902246 0
1079967763 0
1079967772 0
1079967773 0
1079967786 0
1080033282 0
1080033289 0
1080033291 0
1080033292 0
1080098822 0
1080098829 0
1080098836 0
1080098839 0
1080164378 0
1080164380 0
1080164393 0
1080164395 0
1080229892 0
1080229901 0
1080229906 0
1080229915 0
1080295426 0
1080295432 0
1080295447 0
1080295465 0
1080360970 0
1080360973 0
1080360984 0
1080360991 0
1080426496 0
1080426515 0
1080426529 0
1080426538 0
1080492038 0
1080492041 0
1080492052 0
1080492071 0
1080557570 0
1080557580 0
1080557583 0
1080557585 0
1080623110 0
1080623117 0
1080623120 0
1080623151 0
1080688654 0
1080688657 0
1080688672 0
1080688687 0
1080754188 0
1080754206 0
1080754219 0
1080754221 0
1080819727 0
1080819752 0
1080819753 0
1080819754 0
1080885251 0
1080885253 0
1080885254 0
1080885280 0
1080950795 0
1080950796 0
1080950802 0
1080950805 0
1081016331 0
1081016341 0
1081016342 0
1081016356 0
1081081863 0
1081081880 0
1081081889 0
1081081898 0
1081147412 0
1081147425 0
1081147431 0
1081147438 0
1081212947 0
1081212950 0
1081212952 0
1081212953 0
1081278471 0
1081278472 0
1081278481 0
1081278506 0
1081344010 0
1081344015 0
1081344021 0
1081344028 0
1081409543 0
1081409560 0
1081409565 0
1081409574 0
1081475076 0
1081475087 0
1081475102 0
1081475113 0
1081540617 0
1081540620 0
1081540630 0
1081540631 0
1081606151 0
1081606177 0
1081606184 0
1081606190 0
1081671683 0
1081671685 0
1081671698 0
1081671708 0
1081737220 0
1081737225 0
1081737230 0
1081737239 0
1081802774 0
1081802780 0
1081802785 0
1081802799 0
1081868288 0
1081868313 0
1081868314 0
1081868323 0
1081933828 0
1081933847 0
1081933850 0
1081933853 0
1081999360 0
1081999365 0
1081999371 0
1081999378 0
1082064898 0
1082064899 0
1082064900 0
1082064917 0
1082130432 0
1082130439 0
1082130450 0
1082130453 0
1082195976 0
1082196010 0
1082196013 0
1082196015 0
1082261510 0
1082261513 0
1082261536 0
1082261543 0
1082327041 0
1082327050 0
1082327084 0
1082327087 0
1082392583 0
1082392602 0
1082392604 0
1082392605 0
1082458119 0
1082458125 0
1082458146 0
1082458156 0
1082523649 0
1082523655 0
1082523660 0
1082523662 0
1082589187 0
1082589189 0
1082589214 0
1082589224 0
1082654740 0
1082654742 0
1082654743 0
1082654745 0
1082720289 0
1082720292 0
1082720294 0
1082720299 0
1082785803 0
1082785808 0
1082785813 0
1082785822 0
1082851333 0
1082851347 0
1082851350 0
1082851364 0
1082916866 0
1082916871 0
1082916872 0
1082916905 0
1082982419 0
1082982433 0
1082982442 0
1082982444 0
1083047938 0
1083047943 0
1083047973 0
1083047976 0
1083113483 0
1083113490 0
1083113500 0
1083113505 0
1083179016 0
1083179027 0
1083179041 0
1083179042 0
1083244557 0
1083244564 0
1083244566 0
1083244571 0
1083310096 0
1083310097 0
1083310099 0
1083310102 0
1083375640 0
1083375650 0
1083375651 0
1083375657 0
1083441171 0
1083441178 0
1083441180 0
1083441185 0
1083506688 0
1083506719 0
1083506721 0
1083506722 0
1083572225 0
1083572259 0
1083572264 0
1083572266 0
1083637775 0
1083637777 0
1083637782 0
1083637796 0
1083703308 0
1083703310 0
1083703317 0
1083703335 0
1083768858 0
1083768861 0
1083768863 0
1083768868 0
1083834402 0
1083834404 0
1083834409 0
1083834411 0
1083899918 0
1083899924 0
1083899929 0
1083899943 0
1083965447 0
1083965472 0
1083965477 0
1083965482 0
1084030987 0
1084030989 0
1084031010 0
1084031012 0
1084096532 0
1084096535 0
1084096537 0
1084096542 0
1084162061 0
1084162063 0
1084162068 0
1084162082 0
1084227597 0
1084227612 0
1084227622 0
1084227631 0
1084293120 0
1084293127 0
1084293134 0
1084293137 0
1084358663 0
1084358677 0
1084358700 0
1084358702 0
1084424198 0
1084424199 0
1084424204 0
1084424209 0
1084489743 0
1084489753 0
1084489770 0
1084489772 0
1084555289 0
1084555294 0
1084555295 0
1084555296 0
1084620801 0
1084620812 0
1084620826 0
1084620847 0
1084686340 0
1084686358 0
1084686361 0
1084686367 0
1084751879 0
1084751893 0
1084751898 0
1084751908 0
1084817412 0
1084817426 0
1084817439 0
1084817453 0
1084882971 0
1084882978 0
1084882980 0
1084882985 0
1084948486 0
1084948513 0
1084948516 0
1084948523 0
1085014060 0
1085014061 0
1085014062 0
1085014063 0
1085079552 0
1085079566 0
1085079573 0
1085079587 0
1085145094 0
1085145101 0
1085145103 0
1085145116 0
1085210632 0
1085210646 0
1085210649 0
1085210651 0
1085276160 0
1085276179 0
1085276182 0
1085276193 0
1085341705 0
1085341716 0
1085341723 0
1085341730 0
1085407235 0
1085407245 0
1085407264 0
1085407266 0
1085472786 0
1085472803 0
1085472805 0
1085472812 0
1085538336 0
1085538339 0
1085538342 0
1085538349 0
1085603858 0
1085603859 0
1085603869 0
1085603880 0
1085669379 0
1085669380 0
1085669398 0
1085669401 0
1085734918 0
1085734948 0
1085734949 0
1085734959 0
1085800465 0
1085800478 0
1085800479 0
1085800480 0
1085865990 0
1085865995 0
1085865997 0
1085866004 0
1085931520 0
1085931522 0
1085931553 0
1085931563 0
1085997058 0
1085997064 0
1085997069 0
1085997075 0
1086062620 0
1086062626 0
1086062637 0
1086062639 0
1086128142 0
1086128148 0
1086128149 0
1086128155 0
1086193670 0
1086193676 0
1086193693 0
1086193695 0
1086259221 0
1086259226 0
1086259239 0
1086259240 0
1086324742 0
1086324751 0
1086324753 0
1086324756 0
1086390274 0
1086390276 0
1086390283 0
1086390301 0
1086455811 0
1086455818 0
1086455836 0
1086455849 0
1086521359 0
1086521361 0
1086521364 0
1086521378 0
1086586915 0
1086586921 0
1086586922 0
1086586924 0
1086652424 0
1086652434 0
1086652443 0
1086652445 0
1086717968 0
1086717978 0
1086717989 0
1086717999 0
1086783506 0
1086783513 0
1086783520 0
1086783531 0
1086849028 0
1086849033 0
1086849046 0
1086849051 0
1086914577 0
1086914587 0
1086914588 0
1086914602 0
1086980097 0
1086980107 0
1086980122 0
1086980128 0
1087045632 0
1087045650 0
1087045673 0
1087045675 0
1087111169 0
1087111183 0
1087111184 0
1087111186 0
1087176731 0
1087176737 0
1087176746 0
1087176748 0
1087242261 0
1087242271 0
1087242278 0
1087242284 0
1087307782 0
1087307792 0
1087307807 0
1087307821 0
1087373313 0
1087373334 0
1087373336 0
1087373339 0
1087438855 0
1087438872 0
1087438881 0
1087438890 0
1087504385 0
1087504390 0
1087504391 0
1087504420 0
1087569953 0
1087569962 0
1087569963 0
1087569964 0
1087635482 0
1087635489 0
1087635491 0
1087635496 0
1087701015 0
1087701016 0
1087701018 0
1087701025 0
1087766536 0
1087766541 0
1087766574 0
1087766575 0
1087832070 0
1087832093 0
1087832100 0
1087832103 0
1087897604 0
1087897633 0
1087897635 0
1087897638 0
1087963137 0
1087963154 0
1087963159 0
1087963172 0
1088028707 0
1088028712 0
1088028717 0
1088028718 0
1088094236 0
1088094246 0
1088094247 0
1088094249 0
1088159762 0
1088159771 0
1088159780 0
1088159785 0
1088225301 0
1088225303 0
1088225314 0
1088225316 0
1088290828 0
1088290829 0
1088290851 0
1088290854 0
1088356352 0
1088356353 0
1088356383 0
1088356398 0
1088421895 0
1088421912 0
1088421918 0
1088421933 0
1088487456 0
1088487466 0
1088487469 0
1088487471 0
1088552961 0
1088552998 0
1088553000 0
1088553003 0
1088618498 0
1088618513 0
1088618536 0
1088618543 0
1088684046 0
1088684048 0
1088684069 0
1088684075 0
1088749587 0
1088749588 0
1088749594 0
1088749601 0
1088815121 0
1088815130 0
1088815131 0
1088815136 0
1088880653 0
1088880664 0
1088880670 0
1088880671 0
1088946193 0
1088946196 0
1088946206 0
1088946219 0
1089011714 0
1089011720 0
1089011721 0
1089011727 0
1089077254 0
1089077256 0
1089077273 0
1089077275 0
1089142796 0
1089142819 0
1089142821 0
1089142830 0
1089208321 0
1089208338 0
1089208340 0
1089208347 0
1089273890 0
1089273895 0
1089273897 0
1089273900 0
1089339408 0
1089339413 0
1089339415 0
1089339426 0
1089404953 0
1089404962 0
1089404967 0
1089404972 0
1089470472 0
1089470473 0
1089470490 0
1089470495 0
1089536006 0
1089536025 0
1089536035 0
1089536036 0
1089601551 0
1089601554 0
1089601572 0
1089601573 0
1089667077 0
1089667095 0
1089667096 0
1089667114 0
1089732610 0
1089732636 0
1089732647 0
1089732649 0
1089798156 0
1089798165 0
1089798167 0
1089798186 0
1089863690 0
1089863709 0
1089863716 0
1089863719 0
1089929228 0
1089929230 0
1089929239 0
1089929241 0
1089994778 0
1089994784 0
1089994791 0
1089994793 0
1090060293 0
1090060314 0
1090060328 0
1090060331 0
1090125834 0
1090125836 0
1090125865 0
1090125871 0
1090191361 0
1090191366 0
1090191372 0
1090191387 0
1090256901 0
1090256926 0
1090256928 0
1090256931 0
1090322437 0
1090322446 0
1090322451 0
1090322472 0
1090387969 0
1090387971 0
1090387988 0
1090388002 0
1090453521 0
1090453524 0
1090453546 0
1090453551 0
1090519046 0
1090519051 0
1090519053 0
1090519060 0
1090584583 0
1090584597 0
1090584602 0
1090584604 0
1090650115 0
1090650118 0
1090650136 0
1090650137 0
1090715680 0
1090715682 0
1090715683 0
1090715689 0
1090781186 0
1090781189 0
1090781195 0
1090781228 0
1090846722 0
1090846735 0
1090846752 0
1090846765 0
1090912258 0
1090912260 0
1090912263 0
1090912281 0
1090977800 0
1090977801 0
1090977802 0
1090977803 0
1091043332 0
1091043342 0
1091043349 0
1091043359 0
1091108868 0
1091108870 0
1091108877 0
1091108903 0
1091174404 0
1091174422 0
1091174423 0
1091174441 0
1091239943 0
1091239944 0
1091239962 0
1091239965 0
1091305494 0
1091305496 0
1091305499 0
1091305517 0
1091371023 0
1091371044 0
1091371049 0
1091371054 0
1091436564 0
1091436567 0
1091436586 0
1091436589 0
1091502095 0
1091502102 0
1091502105 0
1091502108 0
1091567632 0
1091567634 0
1091567647 0
1091567653 0
1091633162 0
1091633169 0
1091633176 0
1091633183 0
1091698692 0
1091698698 0
1091698711 0
1091698717 0
1091764226 0
1091764245 0
1091764259 0
1091764264 0
1091829765 0
1091829779 0
1091829788 0
1091829794 0
1091895301 0
1091895303 0
1091895312 0
1091895322 0
1091960845 0
1091960847 0
1091960868 0
1091960874 0
1092026377 0
1092026391 0
1092026392 0
1092026394 0
1092091915 0
1092091932 0
1092091937 0
1092091942 0
1092157451 0
1092157461 0
1092157468 0
1092157478 0
1092222983 0
1092222997 0
1092222998 0
1092223016 0
1092288524 0
1092288527 0
1092288538 0
1092288557 0
1092354048 0
1092354057 0
1092354075 0
1092354090 0
1092419592 0
1092419606 0
1092419629 0
1092419631 0
1092485127 0
1092485149 0
1092485152 0
1092485154 0
1092550670 0
1092550687 0
1092550692 0
1092550697 0
1092616201 0
1092616215 0
1092616222 0
1092616224 0
1092681730 0
1092681732 0
1092681739 0
1092681753 0
1092747267 0
1092747297 0
1092747300 0
1092747302 0
1092812820 0
1092812835 0
1092812837 0
1092812838 0
1092878341 0
1092878344 0
1092878350 0
1092878371 0
1092943884 0
1092943898 0
1092943901 0
1092943919 0
1093009409 0
1093009427 0
1093009446 0
1093009448 0
1093074966 0
1093074984 0
1093074989 0
1093074991 0
1093140480 0
1093140485 0
1093140499 0
1093140506 0
1093206020 0
1093206031 0
1093206033 0
1093206042 0
1093271555 0
1093271569 0
1093271572 0
1093271574 0
1093337091 0
1093337116 0
1093337121 0
1093337130 0
1093402628 0
1093402631 0
1093402634 0
1093402645 0
1093468169 0
1093468172 0
1093468203 0
1093468206 0
1093533709 0
1093533711 0
1093533714 0
1093533716 0
1093599233 0
1093599236 0
1093599263 0
1093599266 0
1093664806 0
1093664811 0
1093664812 0
1093664813 0
1093730323 0
1093730329 0
1093730332 0
1093730334 0
1093795855 0
1093795861 0
1093795880 0
1093795882 0
1093861386 0
1093861397 0
1093861407 0
1093861416 0
1093926912 0
1093926938 0
1093926945 0
1093926947 0
1093992461 0
1093992466 0
1093992471 0
1093992476 0
1094057984 0
1094057990 0
1094057993 0
1094058007 0
1094123530 0
1094123532 0
1094123533 0
1094123555 0
1094189056 0
1094189057 0
1094189059 0
1094189066 0
1094254598 0
1094254617 0
1094254620 0
1094254627 0
1094320129 0
1094320131 0
1094320132 0
1094320146 0
1094385678 0
1094385683 0
1094385685 0
1094385696 0
1094451206 0
1094451209 0
1094451223 0
1094451244 0
1094516754 0
1094516756 0
1094516765 0
1094516767 0
1094582278 0
1094582285 0
1094582299 0
1094582312 0
1094647810 0
1094647820 0
1094647829 0
1094647843 0
1094713349 0
1094713358 0
1094713363 0
1094713384 0
1094778880 0
1094778883 0
1094778885 0
1094778906 0
1094844438 0
1094844444 0
1094844461 0
1094844463 0
1094909959 0
1094909960 0
1094909965 0
1094909966 0
1094975502 0
1094975516 0
1094975531 0
1094975533 0
1095041054 0
1095041060 0
1095041061 0
1095041071 0
1095106576 0
1095106585 0
1095106591 0
1095106606 0
1095172105 0
1095172107 0
1095172120 0
1095172134 0
1095237642 0
1095237645 0
1095237664 0
1095237675 0
1095303183 0
1095303184 0
1095303197 0
1095303198 0
1095368719 0
1095368734 0
1095368740 0
1095368745 0
1095434245 0
1095434259 0
1095434272 0
1095434286 0
1095499780 0
1095499795 0
1095499797 0
1095499806 0
1095565335 0
1095565338 0
1095565352 0
1095565353 0
1095630860 0
1095630862 0
1095630869 0
1095630875 0
1095696396 0
1095696403 0
1095696422 0
1095696425 0
1095761929 0
1095761932 0
1095761947 0
1095761954 0
1095827458 0
1095827479 0
1095827492 0
1095827501 0
1095893006 0
1095893020 0
1095893021 0
1095893035 0
1095958528 0
1095958535 0
1095958542 0
1095958549 0
1096024065 0
1096024068 0
1096024074 0
1096024095 0
1096089615 0
1096089617 0
1096089620 0
1096089638 0
1096155155 0
1096155160 0
1096155162 0
1096155169 0
1096220677 0
1096220680 0
1096220686 0
1096220711 0
1096286225 0
1096286240 0
1096286242 0
1096286243 0
1096351746 0
1096351760 0
1096351789 0
1096351791 0
1096417281 0
1096417282 0
1096417283 0
1096417312 0
1096482824 0
1096482826 0
1096482831 0
1096482853 0
1096548369 0
1096548372 0
1096548375 0
1096548394 0
1096613898 0
1096613901 0
1096613920 0
1096613927 0
1096679427 0
1096679433 0
1096679438 0
1096679452 0
1096744960 0
1096744977 0
1096744978 0
1096745007 0
1096810497 0
1096810499 0
1096810500 0
1096810530 0
1096876050 0
1096876053 0
1096876063 0
1096876064 0
1096941568 0
1096941591 0
1096941598 0
1096941609 0
1097007127 0
1097007134 0
1097007136 0
1097007137 0
1097072641 0
1097072656 0
1097072658 0
1097072683 0
1097138182 0
1097138184 0
1097138187 0
1097138201 0
1097203722 0
1097203728 0
1097203745 0
1097203755 0
1097269265 0
1097269267 0
1097269282 0
1097269284 0
1097334786 0
1097334805 0
1097334811 0
1097334828 0
1097400323 0
1097400326 0
1097400336 0
1097400361 0
1097465863 0
1097465882 0
1097465885 0
1097465896 0
1097531396 0
1097531411 0
1097531429 0
1097531438 0
1097596929 0
1097596932 0
1097596934 0
1097596935 0
1097662467 0
1097662473 0
1097662508 0
1097662510 0
1097728020 0
1097728023 0
1097728037 0
1097728042 0
1097793553 0
1097793556 0
1097793558 0
1097793563 0
1097859074 0
1097859095 0
1097859108 0
1097859117 0
1097924628 0
1097924649 0
1097924650 0
1097924651 0
1097990153 0
1097990178 0
1097990180 0
1097990191 0
1098055686 0
1098055688 0
1098055705 0
1098055719 0
1098121218 0
1098121227 0
1098121244 0
1098121245 0
1098186757 0
1098186767 0
1098186780 0
1098186798 0
1098252290 0
1098252299 0
1098252316 0
1098252325 0
1098317833 0
1098317836 0
1098317859 0
1098317870 0
1098383360 0
1098383386 0
1098383401 0
1098383403 0
1098448911 0
1098448925 0
1098448940 0
1098448942 0
1098514432 0
1098514449 0
1098514458 0
1098514471 0
1098579992 0
1098579997 0
1098580007 0
1098580010 0
1098645506 0
1098645528 0
1098645535 0
1098645549 0
1098711045 0
1098711048 0
1098711071 0
1098711078 0
1098776592 0
1098776599 0
1098776605 0
1098776606 0
1098842118 0
1098842120 0
1098842125 0
1098842127 0
1098907677 0
1098907682 0
1098907683 0
1098907684 0
1098973203 0
1098973212 0
1098973218 0
1098973221 0
1099038722 0
1099038724 0
1099038725 0
1099038747 0
1099104257 0
1099104262 0
1099104264 0
1099104279 0
1099169823 0
1099169824 0
1099169833 0
1099169838 0
1099235328 0
1099235333 0
1099235338 0
1099235351 0
1099300875 0
1099300890 0
1099300892 0
1099300897 0
1099366416 0
1099366417 0
1099366426 0
1099366435 0
1099431954 0
1099431956 0
1099431959 0
1099431973 0
1099497483 0
1099497501 0
1099497506 0
1099497512 0
1099563027 0
1099563033 0
1099563036 0
1099563046 0
1099628561 0
1099628576 0
1099628579 0
1099628586 0
1099694085 0
1099694094 0
1099694103 0
1099694120 0
1099759632 0
1099759643 0
1099759645 0
1099759650 0
1099825169 0
1099825179 0
1099825182 0
1099825188 0
1099890697 0
1099890702 0
1099890715 0
1099890720 0
1099956226 0
1099956227 0
1099956233 0
1099956236 0
1100021764 0
1100021785 0
1100021791 0
1100021794 0
1100087310 0
1100087311 0
1100087316 0
1100087317 0
1100152848 0
1100152851 0
1100152861 0
1100152862 0
1100218374 0
1100218377 0
1100218407 0
1100218408 0
1100283924 0
1100283925 0
1100283930 0
1100283951 0
1100349455 0
1100349474 0
1100349476 0
1100349477 0
1100414983 0
1100414992 0
1100415001 0
1100415006 0
1100480529 0
1100480532 0
1100480543 0
1100480546 0
1100546063 0
1100546080 0
1100546085 0
1100546090 0
1100611588 0
1100611593 0
1100611622 0
1100611631 0
1100677120 0
1100677157 0
1100677158 0
1100677167 0
1100742663 0
1100742666 0
1100742677 0
1100742680 0
1100808192 0
1100808227 0
1100808233 0
1100808234 0
1100873747 0
1100873761 0
1100873762 0
1100873764 0
1100939277 0
1100939283 0
1100939294 0
1100939308 0
1101004802 0
1101004831 0
1101004836 0
1101004841 0
1101070353 0
1101070380 0
1101070382 0
1101070383 0
1101135878 0
1101135879 0
1101135892 0
1101135897 0
1101201425 0
1101201438 0
1101201440 0
1101201447 0
1101266947 0
1101266965 0
1101266968 0
1101266982 0
1101332481 0
1101332488 0
1101332491 0
1101332498 0
1101398017 0
1101398038 0
1101398052 0
1101398055 0
1101463552 0
1101463555 0
1101463562 0
1101463573 0
1101529088 0
1101529113 0
1101529123 0
1101529130 0
1101594625 0
1101594646 0
1101594664 0
1101594671 0
1101660161 0
1101660175 0
1101660178 0
1101660196 0
1101725697 0
1101725723 0
1101725734 0
1101725736 0
1101791237 0
1101791256 0
1101791259 0
1101791270 0
1101856770 0
1101856792 0
1101856813 0
1101856815 0
1101922314 0
1101922317 0
1101922335 0
1101922348 0
1101987876 0
1101987879 0
1101987881 0
1101987886 0
1102053383 0
1102053397 0
1102053416 0
1102053418 0
1102118914 0
1102118928 0
1102118931 0
1102118937 0
1102184451 0
1102184464 0
1102184470 0
1102184473 0
1102250000 0
1102250007 0
1102250010 0
1102250021 0
1102315525 0
1102315528 0
1102315550 0
1102315559 0
1102381061 0
1102381079 0
1102381080 0
1102381102 0
1102446597 0
1102446606 0
1102446619 0
1102446628 0
1102512137 0
1102512156 0
1102512159 0
1102512170 0
1102577682 0
1102577685 0
1102577692 0
1102577703 0
1102643210 0
1102643224 0
1102643225 0
1102643243 0
1102708736 0
1102708738 0
1102708743 0
1102708761 0
1102774286 0
1102774287 0
1102774297 0
1102774312 0
1102839811 0
1102839820 0
1102839834 0
1102839841 0
1102905345 0
1102905347 0
1102905376 0
1102905382 0
1102970890 0
1102970892 0
1102970901 0
1102970927 0
1103036420 0
1103036422 0
1103036423 0
1103036425 0
1103101976 0
1103101978 0
1103101979 0
1103101993 0
1103167512 0
1103167519 0
1103167521 0
1103167530 0
1103233026 0
1103233047 0
1103233061 0
1103233068 0
1103298562 0
1103298569 0
1103298575 0
1103298604 0
1103364125 0
1103364127 0
1103364138 0
1103364140 0
1103429640 0
1103429650 0
1103429657 0
1103429663 0
1103495194 0
1103495200 0
1103495205 0
1103495207 0
1103560706 0
1103560715 0
1103560720 0
1103560749 0
1103626251 0
1103626253 0
1103626272 0
1103626278 0
1103691781 0
1103691784 0
1103691815 0
1103691822 0
1103757324 0
1103757347 0
1103757349 0
1103757358 0
1103822859 0
1103822861 0
1103822866 0
1103822876 0
1103888408 0
1103888421 0
1103888426 0
1103888431 0
1103953922 0
1103953923 0
1103953924 0
1103953937 0
1104019468 0
1104019487 0
1104019501 0
1104019502 0
1104084999 0
1104085004 0
1104085013 0
1104085026 0
1104150547 0
1104150554 0
1104150556 0
1104150557 0
1104216078 0
1104216085 0
1104216099 0
1104216100 0
1104281610 0
1104281613 0
1104281631 0
1104281644 0
1104347161 0
1104347166 0
1104347172 0
1104347175 0
1104412682 0
1104412683 0
1104412685 0
1104412696 0
1104478227 0
1104478237 0
1104478244 0
1104478250 0
1104543754 0
1104543759 0
1104543768 0
1104543785 0
1104609297 0
1104609298 0
1104609316 0
1104609327 0
1104674825 0
1104674852 0
1104674858 0
1104674863 0
1104740355 0
1104740376 0
1104740393 0
1104740398 0
1104805896 0
1104805909 0
1104805926 0
1104805931 0
1104871454 0
1104871460 0
1104871465 0
1104871467 0
1104936972 0
1104936974 0
1104936983 0
1104937005 0
1105002510 0
1105002511 0
1105002512 0
1105002513 0
1105068050 0
1105068059 0
1105068064 0
1105068069 0
1105133584 0
1105133593 0
1105133610 0
1105133611 0
1105199116 0
1105199130 0
1105199137 0
1105199139 0
1105264641 0
1105264658 0
1105264672 0
1105264683 0
1105330176 0
1105330177 0
1105330191 0
1105330218 0
1105395713 0
1105395714 0
1105395715 0
1105395720 0
1105461256 0
1105461269 0
1105461283 0
1105461290 0
1105526819 0
1105526820 0
1105526821 0
1105526826 0
1105592328 0
1105592331 0
1105592342 0
1105592345 0
1105657874 0
1105657880 0
1105657885 0
1105657887 0
1105723394 0
1105723416 0
1105723433 0
1105723435 0
1105788936 0
1105788947 0
1105788950 0
1105788969 0
1105854486 0
1105854500 0
1105854507 0
1105854509 0
1105920024 0
1105920033 0
1105920035 0
1105920042 0
1105985555 0
1105985568 0
1105985569 0
1105985582 0
1106051088 0
1106051101 0
1106051102 0
1106051111 0
1106116612 0
1106116615 0
1106116617 0
1106116642 0
1106182144 0
1106182170 0
1106182189 0
1106182191 0
1106247694 0
1106247715 0
1106247717 0
1106247720 0
1106313220 0
1106313230 0
1106313245 0
1106313247 0
1106378755 0
1106378761 0
1106378762 0
1106378764 0
1106444288 0
1106444293 0
1106444295 0
1106444314 0
1106509826 0
1106509836 0
1106509855 0
1106509857 0
1106575360 0
1106575378 0
1106575381 0
1106575383 0
1106640911 0
1106640922 0
1106640928 0
1106640937 0
1106706444 0
1106706465 0
1106706478 0
1106706479 0
1106771975 0
1106771986 0
1106771992 0
1106771997 0
1106837523 0
1106837528 0
1106837537 0
1106837546 0
1106903053 0
1106903055 0
1106903056 0
1106903070 0
1106968582 0
1106968596 0
1106968597 0
1106968599 0
1107034125 0
1107034128 0
1107034139 0
1107034150 0
1107099651 0
1107099678 0
1107099688 0
1107099693 0
1107165184 0
1107165187 0
1107165190 0
1107165193 0
1107230737 0
1107230747 0
1107230750 0
1107230764 0
1107296262 0
1107296265 0
1107296276 0
1107296295 0
1107361792 0
1107361803 0
1107361809 0
1107361818 0
1107427346 0
1107427348 0
1107427353 0
1107427367 0
1107492900 0
1107492902 0
1107492909 0
1107492911 0
1107558404 0
1107558410 0
1107558421 0
1107558423 0
1107623975 0
1107623977 0
1107623980 0
1107623982 0
1107689475 0
1107689480 0
1107689494 0
1107689509 0
1107755039 0
1107755045 0
1107755046 0
1107755048 0
1107820555 0
1107820576 0
1107820585 0
1107820590 0
1107886104 0
1107886107 0
1107886113 0
1107886114 0
1107951652 0
1107951657 0
1107951658 0
1107951659 0
1108017162 0
1108017176 0
1108017177 0
1108017191 0
1108082690 0
1108082707 0
1108082724 0
1108082725 0
1108148233 0
1108148234 0
1108148236 0
1108148255 0
1108213765 0
1108213770 0
1108213796 0
1108213807 0
1108279306 0
1108279313 0
1108279320 0
1108279335 0
1108344841 0
1108344850 0
1108344856 0
1108344863 0
1108410379 0
1108410381 0
1108410404 0
1108410406 0
1108475912 0
1108475922 0
1108475935 0
1108475949 0
1108541464 0
1108541467 0
1108541469 0
1108541486 0
1108606981 0
1108607003 0
1108607006 0
1108607008 0
1108672521 0
1108672534 0
1108672536 0
1108672551 0
1108738049 0
1108738063 0
1108738078 0
1108738080 0
1108803591 0
1108803593 0
1108803612 0
1108803614 0
1108869127 0
1108869148 0
1108869150 0
1108869153 0
1108934685 0
1108934691 0
1108934694 0
1108934696 0
1109000207 0
1109000210 0
1109000225 0
1109000228 0
1109065733 0
1109065743 0
1109065744 0
1109065774 0
1109131285 0
1109131288 0
1109131295 0
1109131302 0
1109196813 0
1109196822 0
1109196836 0
1109196843 0
1109262338 0
1109262364 0
1109262365 0
1109262383 0
1109327872 0
1109327887 0
1109327893 0
1109327910 0
1109393448 0
1109393449 0
1109393454 0
1109393455 0
1109458954 0
1109458956 0
1109458973 0
1109458991 0
1109524487 0
1109524488 0
1109524494 0
1109524501 0
1109590025 0
1109590044 0
1109590047 0
1109590058 0
1109655560 0
1109655569 0
1109655574 0
1109655587 0
1109721091 0
1109721122 0
1109721128 0
1109721133 0
1109786639 0
1109786657 0
1109786664 0
1109786670 0
1109852168 0
1109852169 0
1109852190 0
1109852191 0
1109917718 0
1109917720 0
1109917733 0
1109917739 0
1109983232 0
1109983234 0
1109983235 0
1109983237 0
1110048769 0
1110048771 0
1110048784 0
1110048798 0
1110114307 0
1110114321 0
1110114328 0
1110114346 0
1110179844 0
1110179850 0
1110179853 0
1110179855 0
1110245393 0
1110245411 0
1110245412 0
1110245414 0
1110310918 0
1110310927 0
1110310944 0
1110310949 0
1110376451 0
1110376454 0
1110376477 0
1110376488 0
1110441985 0
1110441988 0
1110441990 0
1110441991 0
1110507538 0
1110507540 0
1110507541 0
1110507543 0
1110573071 0
1110573084 0
1110573085 0
1110573094 0
1110638595 0
1110638600 0
1110638613 0
1110638614 0
1110704151 0
1110704168 0
1110704170 0
1110704173 0
1110769672 0
1110769673 0
1110769674 0
1110769703 0
1110835233 0
1110835234 0
1110835240 0
1110835243 0
1110900741 0
1110900742 0
1110900747 0
1110900752 0
1110966273 0
1110966288 0
1110966310 0
1110966311 0
1111031824 0
1111031841 0
1111031846 0
1111031851 0
1111097364 0
1111097365 0
1111097366 0
1111097367 0
1111162889 0
1111162914 0
1111162916 0
1111162919 0
1111228440 0
1111228450 0
1111228459 0
1111228461 0
1111293955 0
1111293964 0
1111293969 0
1111293998 0
1111359495 0
1111359509 0
1111359514 0
1111359532 0
1111425040 0
1111425061 0
1111425063 0
1111425070 0
1111490565 0
1111490571 0
1111490574 0
1111490596 0
1111556096 0
1111556109 0
1111556119 0
1111556126 0
1111621658 0
1111621671 0
1111621672 0
1111621673 0
1111687178 0
1111687179 0
1111687192 0
1111687193 0
1111752713 0
1111752727 0
1111752730 0
1111752748 0
1111818251 0
1111818252 0
1111818262 0
1111818273 0
1111883785 0
1111883788 0
1111883790 0
1111883799 0
1111949318 0
1111949344 0
1111949345 0
1111949351 0
1112014852 0
1112014853 0
1112014882 0
1112014891 0
1112080401 0
1112080408 0
1112080410 0
1112080411 0
1112145924 0
1112145925 0
1112145926 0
1112145943 0
1112211469 0
1112211472 0
1112211502 0
1112211503 0
1112277008 0
1112277015 0
1112277029 0
1112277030 0
1112342531 0
1112342538 0
1112342552 0
1112342557 0
1112408104 0
1112408105 0
1112408107 0
1112408110 0
1112473610 0
1112473616 0
1112473639 0
1112473641 0
1112539141 0
1112539150 0
1112539179 0
1112539180 0
1112604681 0
1112604684 0
1112604691 0
1112604702 0
1112670208 0
1112670210 0
1112670225 0
1112670247 0
1112735749 0
1112735754 0
1112735771 0
1112735772 0
1112801296 0
1112801297 0
1112801315 0
1112801326 0
1112866816 0
1112866817 0
1112866831 0
1112866842 0
1112932374 0
1112932392 0
1112932397 0
1112932399 0
1112997888 0
1112997891 0
1112997929 0
1112997934 0
1113063432 0
1113063441 0
1113063454 0
1113063463 0
1113128966 0
1113128968 0
1113128977 0
1113128991 0
1113194523 0
1113194532 0
1113194533 0
1113194534 0
1113260048 0
1113260049 0
1113260058 0
1113260063 0
1113325571 0
1113325605 0
1113325606 0
1113325612 0
1113391113 0
1113391115 0
1113391138 0
1113391148 0
1113456642 0
1113456652 0
1113456683 0
1113456685 0
1113522179 0
1113522193 0
1113522196 0
1113522198 0
1113587717 0
1113587731 0
1113587734 0
1113587740 0
1113653252 0
1113653266 0
1113653289 0
1113653295 0
1113718784 0
1113718787 0
1113718790 0
1113718793 0
1113784321 0
1113784344 0
1113784366 0
1113784367 0
1113849858 0
1113849867 0
1113849872 0
1113849873 0
1113915404 0
1113915418 0
1113915427 0
1113915429 0
1113980960 0
1113980973 0
1113980974 0
1113980975 0
1114046472 0
1114046477 0
1114046507 0
1114046510 0
1114112002 0
1114112036 0
1114112045 0
1114112047 0
1114177542 0
1114177579 0
1114177580 0
1114177581 0
1114243073 0
1114243091 0
1114243112 0
1114243114 0
1114308612 0
1114308634 0
1114308639 0
1114308653 0
1114374154 0
1114374156 0
1114374169 0
1114374183 0
1114439701 0
1114439715 0
1114439720 0
1114439722 0
1114505235 0
1114505249 0
1114505250 0
1114505252 0
1114570758 0
1114570784 0
1114570793 0
1114570799 0
1114636295 0
1114636313 0
1114636314 0
1114636316 0
1114701854 0
1114701857 0
1114701864 0
1114701871 0
1114767363 0
1114767365 0
1114767376 0
1114767378 0
1114832900 0
1114832906 0
1114832915 0
1114832917 0
1114898454 0
1114898456 0
1114898459 0
1114898473 0
1114963987 0
1114963989 0
1114964006 0
1114964012 0
1115029508 0
1115029518 0
1115029543 0
1115029545 0
1115095042 0
1115095048 0
1115095049 0
1115095055 0
1115160602 0
1115160605 0
1115160615 0
1115160620 0
1115226123 0
1115226125 0
1115226146 0
1115226152 0
1115291654 0
1115291657 0
1115291659 0
1115291660 0
1115357184 0
1115357202 0
1115357221 0
1115357227 0
1115422737 0
1115422752 0
1115422754 0
1115422767 0
1115488288 0
1115488294 0
1115488299 0
1115488301 0
1115553794 0
1115553804 0
1115553825 0
1115553827 0
1115619328 0
1115619335 0
1115619338 0
1115619353 0
1115684866 0
1115684869 0
1115684888 0
1115684907 0
1115750411 0
1115750414 0
1115750416 0
1115750417 0
1115815936 0
1115815939 0
1115815958 0
1115815981 0
1115881482 0
1115881485 0
1115881499 0
1115881512 0
1115947009 0
1115947012 0
1115947015 0
1115947038 0
1116012569 0
1116012580 0
1116012582 0
1116012587 0
1116078085 0
1116078095 0
1116078098 0
1116078120 0
1116143621 0
1116143622 0
1116143624 0
1116143635 0
1116209165 0
1116209194 0
1116209195 0
1116209196 0
1116274692 0
1116274693 0
1116274698 0
1116274715 0
1116340229 0
1116340244 0
1116340250 0
1116340267 0
1116405773 0
1116405792 0
1116405798 0
1116405803 0
1116471309 0
1116471310 0
1116471311 0
1116471328 0
1116536844 0
1116536867 0
1116536874 0
1116536877 0
1116602409 0
1116602411 0
1116602412 0
1116602414 0
1116667918 0
1116667920 0
1116667941 0
1116667943 0
1116733451 0
1116733469 0
1116733472 0
1116733478 0
1116798984 0
1116799005 0
1116799011 0
1116799018 0
1116864522 0
1116864527 0
1116864537 0
1116864544 0
1116930049 0
1116930050 0
1116930059 0
1116930076 0
1116995587 0
1116995600 0
1116995605 0
1116995630 0
1117061137 0
1117061143 0
1117061162 0
1117061164 0
1117126656 0
1117126666 0
1117126677 0
1117126699 0
1117192205 0
1117192219 0
1117192220 0
1117192222 0
1117257760 0
1117257767 0
1117257773 0
1117257774 0
1117323276 0
1117323281 0
1117323287 0
1117323310 0
1117388800 0
1117388814 0
1117388827 0
1117388837 0
1117454336 0
1117454338 0
1117454351 0
1117454353 0
1117519892 0
1117519911 0
1117519913 0
1117519918 0
1117585430 0
1117585433 0
1117585435 0
1117585444 0
1117650946 0
1117650948 0
1117650961 0
1117650975 0
1117716500 0
1117716518 0
1117716519 0
1117716521 0
1117782023 0
1117782026 0
1117782045 0
1117782056 0
1117847575 0
1117847588 0
1117847593 0
1117847598 0
1117913099 0
1117913112 0
1117913121 0
1117913126 0
1117978626 0
1117978628 0
1117978657 0
1117978663 0
1118044171 0
1118044184 0
1118044193 0
1118044202 0
1118109700 0
1118109703 0
1118109718 0
1118109733 0
1118175235 0
1118175249 0
1118175262 0
1118175272 0
1118240778 0
1118240800 0
1118240801 0
1118240807 0
1118306329 0
1118306332 0
1118306334 0
1118306335 0
1118371840 0
1118371845 0
1118371850 0
1118371851 0
1118437402 0
1118437404 0
1118437407 0
1118437413 0
1118502914 0
1118502915 0
1118502928 0
1118502929 0
1118568452 0
1118568454 0
1118568455 0
1118568457 0
1118634003 0
1118634012 0
1118634017 0
1118634026 0
1118699554 0
1118699557 0
1118699563 0
1118699564 0
1118765070 0
1118765085 0
1118765087 0
1118765088 0
1118830596 0
1118830598 0
1118830617 0
1118830619 0
1118896141 0
1118896150 0
1118896155 0
1118896156 0
1118961671 0
1118961672 0
1118961686 0
1118961697 0
1119027220 0
1119027239 0
1119027241 0
1119027246 0
1119092773 0
1119092776 0
1119092779 0
1119092782 0
1119158284 0
1119158286 0
1119158303 0
1119158317 0
1119223838 0
1119223847 0
1119223849 0
1119223852 0
1119289345 0
1119289360 0
1119289362 0
1119289375 0
1119354880 0
1119354899 0
1119354922 0
1119354925 0
1119420434 0
1119420436 0
1119420439 0
1119420445 0
1119485960 0
1119485974 0
1119485975 0
1119485997 0
1119551492 0
1119551493 0
1119551495 0
1119551498 0
1119617024 0
1119617037 0
1119617038 0
1119617047 0
1119682561 0
1119682564 0
1119682571 0
1119682582 0
1119748096 0
1119748098 0
1119748103 0
1119748117 0
1119813632 0
1119813647 0
1119813650 0
1119813669 0
1119879196 0
1119879198 0
1119879201 0
1119879215 0
1119944710 0
1119944731 0
1119944740 0
1119944745 0
1120010240 0
1120010241 0
1120010243 0
1120010266 0
1120075780 0
1120075785 0
1120075810 0
1120075815 0
1120141332 0
1120141335 0
1120141350 0
1120141357 0
1120206874 0
1120206877 0
1120206891 0
1120206892 0
1120272418 0
1120272420 0
1120272427 0
1120272429 0
1120337921 0
1120337936 0
1120337954 0
1120337967 0
1120403459 0
1120403489 0
1120403492 0
1120403502 0
1120469032 0
1120469037 0
1120469038 0
1120469039 0
1120534529 0
1120534542 0
1120534544 0
1120534551 0
1120600098 0
1120600103 0
1120600108 0
1120600109 0
1120665609 0
1120665623 0
1120665642 0
1120665644 0
1120731138 0
1120731139 0
1120731140 0
1120731157 0
1120796684 0
1120796707 0
1120796709 0
1120796710 0
1120862225 0
1120862230 0
1120862240 0
1120862243 0
1120927745 0
1120927754 0
1120927755 0
1120927760 0
1120993308 0
1120993318 0
1120993319 0
1120993325 0
1121058831 0
1121058832 0
1121058850 0
1121058861 0
1121124354 0
1121124369 0
1121124372 0
1121124395 0
1121189897 0
1121189920 0
1121189923 0
1121189934 0
1121255432 0
1121255458 0
1121255465 0
1121255467 0
1121320988 0
1121320995 0
1121320997 0
1121320998 0
1121386499 0
1121386501 0
1121386504 0
1121386526 0
1121452060 0
1121452070 0
1121452073 0
1121452075 0
1121517580 0
1121517586 0
1121517587 0
1121517589 0
1121583112 0
1121583133 0
1121583135 0
1121583138 0
1121648651 0
1121648660 0
1121648665 0
1121648686 0
1121714179 0
1121714184 0
1121714186 0
1121714193 0
1121779737 0
1121779739 0
1121779748 0
1121779750 0
1121845251 0
1121845272 0
1121845273 0
1121845278 0
1121910789 0
1121910792 0
1121910814 0
1121910827 0
1121976343 0
1121976346 0
1121976348 0
1121976357 0
1122041861 0
1122041864 0
1122041867 0
1122041878 0
1122107400 0
1122107410 0
1122107417 0
1122107419 0
1122172938 0
1122172943 0
1122172956 0
1122172961 0
1122238493 0
1122238494 0
1122238495 0
1122238496 0
1122304005 0
1122304028 0
1122304042 0
1122304043 0
1122369541 0
1122369555 0
1122369558 0
1122369580 0
1122435074 0
1122435100 0
1122435103 0
1122435113 0
1122500631 0
1122500637 0
1122500644 0
1122500650 0
1122566148 0
1122566155 0
1122566158 0
1122566165 0
1122631700 0
1122631703 0
1122631709 0
1122631714 0
1122697227 0
1122697250 0
1122697252 0
1122697257 0
1122762758 0
1122762764 0
1122762775 0
1122762789 0
1122828297 0
1122828320 0
1122828326 0
1122828335 0
1122893828 0
1122893833 0
1122893835 0
1122893850 0
1122959379 0
1122959393 0
1122959402 0
1122959404 0
1123024897 0
1123024898 0
1123024900 0
1123024903 0
1123090450 0
1123090452 0
1123090453 0
1123090479 0
1123155971 0
1123156012 0
1123156013 0
1123156014 0
1123221512 0
1123221513 0
1123221531 0
1123221546 0
1123287049 0
1123287083 0
1123287084 0
1123287086 0
1123352584 0
1123352585 0
1123352594 0
1123352599 0
1123418131 0
1123418141 0
1123418142 0
1123418144 0
1123483659 0
1123483665 0
1123483668 0
1123483674 0
1123549221 0
1123549222 0
1123549227 0
1123549228 0
1123614727 0
1123614728 0
1123614730 0
1123614749 0
1123680265 0
1123680268 0
1123680286 0
1123680287 0
1123745806 0
1123745824 0
1123745837 0
1123745839 0
1123811334 0
1123811353 0
1123811355 0
1123811356 0
1123876887 0
1123876897 0
1123876906 0
1123876908 0
1123942402 0
1123942407 0
1123942424 0
1123942437 0
1124007936 0
1124007971 0
1124007973 0
1124007978 0
1124073474 0
1124073512 0
1124073513 0
1124073519 0
1124139031 0
1124139038 0
1124139048 0
1124139053 0
1124204548 0
1124204574 0
1124204585 0
1124204587 0
1124270081 0
1124270088 0
1124270099 0
1124270102 0
1124335624 0
1124335631 0
1124335634 0
1124335645 0
1124401159 0
1124401160 0
1124401161 0
1124401166 0
1124466718 0
1124466720 0
1124466721 0
1124466735 0
1124532226 0
1124532249 0
1124532251 0
1124532268 0
1124597794 0
1124597799 0
1124597801 0
1124597804 0
1124663301 0
1124663320 0
1124663322 0
1124663343 0
1124728832 0
1124728871 0
1124728873 0
1124728874 0
1124794387 0
1124794394 0
1124794408 0
1124794413 0
1124859904 0
1124859909 0
1124859931 0
1124859934 0
1124925456 0
1124925465 0
1124925479 0
1124925486 0
1124990976 0
1124990985 0
1124990994 0
1124990999 0
1125056536 0
1125056549 0
1125056550 0
1125056559 0
1125122055 0
1125122081 0
1125122086 0
1125122092 0
1125187588 0
1125187597 0
1125187602 0
1125187607 0
1125253121 0
1125253124 0
1125253139 0
1125253154 0
1125318657 0
1125318698 0
1125318700 0
1125318703 0
1125384209 0
1125384211 0
1125384212 0
1125384214 0
1125449746 0
1125449747 0
1125449749 0
1125449752 0
1125515278 0
1125515293 0
1125515308 0
1125515311 0
1125580803 0
1125580821 0
1125580830 0
1125580832 0
1125646356 0
1125646359 0
1125646373 0
1125646382 0
1125711886 0
1125711889 0
1125711891 0
1125711892 0
1125777419 0
1125777428 0
1125777430 0
1125777433 0
1125842953 0
1125842954 0
1125842955 0
1125842976 0
1125908484 0
1125908487 0
1125908497 0
1125908518 0
1125974025 0
1125974026 0
1125974028 0
1125974043 0
1126039555 0
1126039580 0
1126039585 0
1126039598 0
1126105109 0
1126105110 0
1126105131 0
1126105132 0
1126170625 0
1126170635 0
1126170638 0
1126170640 0
1126236160 0
1126236162 0
1126236171 0
1126236185 0
1126301697 0
1126301711 0
1126301714 0
1126301720 0
1126367233 0
1126367236 0
1126367246 0
1126367267 0
1126432781 0
1126432800 0
1126432803 0
1126432810 0
1126498318 0
1126498331 0
1126498336 0
1126498341 0
1126563848 0
1126563850 0
1126563855 0
1126563865 0
1126629376 0
1126629402 0
1126629405 0
1126629411 0
1126694913 0
1126694914 0
1126694915 0
1126694928 0
1126760448 0
1126760459 0
1126760462 0
1126760465 0
1126825987 0
1126826018 0
1126826028 0
1126826029 0
1126891524 0
1126891549 0
1126891551 0
1126891554 0
1126957061 0
1126957062 0
1126957067 0
1126957068 0
1127022601 0
1127022604 0
1127022607 0
1127022638 0
1127088143 0
1127088146 0
1127088156 0
1127088161 0
1127153668 0
1127153677 0
1127153678 0
1127153695 0
1127219206 0
1127219208 0
1127219229 0
1127219247 0
1127284742 0
1127284767 0
1127284772 0
1127284781 0
1127350278 0
1127350292 0
1127350301 0
1127350319 0
1127415809 0
1127415810 0
1127415812 0
1127415819 0
1127481370 0
1127481379 0
1127481388 0
1127481389 0
1127546882 0
1127546917 0
1127546919 0
1127546920 0
1127612444 0
1127612446 0
1127612453 0
1127612463 0
1127677958 0
1127677977 0
1127677991 0
1127677992 0
1127743494 0
1127743504 0
1127743517 0
1127743531 0
1127809027 0
1127809057 0
1127809062 0
1127809068 0
1127874599 0
1127874601 0
1127874604 0
1127874606 0
1127940113 0
1127940114 0
1127940115 0
1127940128 0
1128005645 0
1128005663 0
1128005664 0
1128005678 0
1128071184 0
1128071205 0
1128071206 0
1128071207 0
1128136715 0
1128136717 0
1128136748 0
1128136750 0
1128202266 0
1128202269 0
1128202271 0
1128202276 0
1128267788 0
1128267789 0
1128267799 0
1128267802 0
1128333312 0
1128333319 0
1128333338 0
1128333341 0
1128398855 0
1128398860 0
1128398890 0
1128398893 0
1128464388 0
1128464414 0
1128464419 0
1128464421 0
1128529921 0
1128529926 0
1128529935 0
1128529956 0
1128595475 0
1128595481 0
1128595484 0
1128595498 0
1128661014 0
1128661016 0
1128661017 0
1128661035 0
1128726554 0
1128726572 0
1128726573 0
1128726575 0
1128792067 0
1128792076 0
1128792077 0
1128792110 0
1128857621 0
1128857624 0
1128857635 0
1128857642 0
1128923143 0
1128923160 0
1128923165 0
1128923166 0
1128988672 0
1128988682 0
1128988701 0
1128988703 0
1129054238 0
1129054244 0
1129054253 0
1129054255 0
1129119745 0
1129119747 0
1129119766 0
1129119780 0
1129185285 0
1129185288 0
1129185290 0
1129185291 0
1129250835 0
1129250836 0
1129250838 0
1129250857 0
1129316357 0
1129316362 0
1129316396 0
1129316399 0
1129381893 0
1129381896 0
1129381919 0
1129381930 0
1129447436 0
1129447459 0
1129447461 0
1129447470 0
1129512965 0
1129512976 0
1129512991 0
1129512994 0
1129578509 0
1129578518 0
1129578523 0
1129578536 0
1129644047 0
1129644060 0
1129644073 0
1129644074 0
1129709602 0
1129709607 0
1129709609 0
1129709612 0
1129775116 0
1129775121 0
1129775122 0
1129775131 0
1129840641 0
1129840656 0
1129840675 0
1129840678 0
1129906176 0
1129906177 0
1129906178 0
1129906179 0
1129971713 0
1129971724 0
1129971734 0
1129971743 0
1130037275 0
1130037282 0
1130037284 0
1130037293 0
1130102808 0
1130102813 0
1130102822 0
1130102823 0
1130168352 0
1130168353 0
1130168354 0
1130168355 0
1130233859 0
1130233862 0
1130233865 0
1130233880 0
1130299417 0
1130299431 0
1130299434 0
1130299436 0
1130364955 0
1130364969 0
1130364972 0
1130364974 0
1130430478 0
1130430481 0
1130430495 0
1130430500 0
1130496004 0
1130496006 0
1130496013 0
1130496015 0
1130561545 0
1130561551 0
1130561558 0
1130561576 0
1130627074 0
1130627076 0
1130627077 0
1130627083 0
1130692613 0
1130692614 0
1130692616 0
1130692655 0
1130758157 0
1130758159 0
1130758164 0
1130758190 0
1130823700 0
1130823705 0
1130823719 0
1130823726 0
1130889219 0
1130889237 0
1130889238 0
1130889248 0
1130954769 0
1130954771 0
1130954772 0
1130954798 0
1131020289 0
1131020320 0
1131020334 0
1131020335 0
1131085830 0
1131085848 0
1131085853 0
1131085867 0
1131151373 0
1131151379 0
1131151386 0
1131151392 0
1131216908 0
1131216926 0
1131216927 0
1131216929 0
1131282445 0
1131282450 0
1131282459 0
1131282468 0
1131347979 0
1131347996 0
1131347998 0
1131348013 0
1131413516 0
1131413517 0
1131413526 0
1131413527 0
1131479040 0
1131479041 0
1131479055 0
1131479062 0
1131544603 0
1131544606 0
1131544608 0
1131544617 0
1131610117 0
1131610126 0
1131610144 0
1131610155 0
1131675657 0
1131675659 0
1131675660 0
1131675686 0
1131741203 0
1131741204 0
1131741205 0
1131741206 0
1131806730 0
1131806740 0
1131806745 0
1131806751 0
1131872263 0
1131872266 0
1131872269 0
1131872276 0
1131937799 0
1131937821 0
1131937834 0
1131937836 0
1132003328 0
1132003342 0
1132003345 0
1132003363 0
1132068888 0
1132068890 0
1132068891 0
1132068905 0
1132134425 0
1132134426 0
1132134435 0
1132134444 0
1132199936 0
1132199955 0
1132199974 0
1132199977 0
1132265503 0
1132265506 0
1132265516 0
1132265517 0
1132331013 0
1132331014 0
1132331044 0
1132331051 0
1132396557 0
1132396560 0
1132396575 0
1132396578 0
1132462083 0
1132462093 0
1132462102 0
1132462104 0
1132527620 0
1132527642 0
1132527651 0
1132527661 0
1132593172 0
1132593174 0
1132593187 0
1132593193 0
1132658688 0
1132658703 0
1132658718 0
1132658721 0
1132724232 0
1132724258 0
1132724259 0
1132724261 0
1132789772 0
1132789782 0
1132789793 0
1132789807 0
1132855298 0
1132855328 0
1132855329 0
1132855331 0
1132920850 0
1132920857 0
1132920864 0
1132920871 0
1132986384 0
1132986405 0
1132986406 0
1132986415 0
1133051907 0
1133051930 0
1133051944 0
1133051949 0
1133117462 0
1133117465 0
1133117467 0
1133117480 0
1133182983 0
1133182986 0
1133182992 0
1133182997 0
1133248520 0
1133248525 0
1133248530 0
1133248535 0
1133314052 0
1133314054 0
1133314055 0
1133314065 0
1133379625 0
1133379627 0
1133379628 0
1133379630 0
1133445141 0
1133445158 0
1133445160 0
1133445167 0
1133510657 0
1133510671 0
1133510678 0
1133510680 0
1133576219 0
1133576224 0
1133576226 0
1133576229 0
1133641756 0
1133641758 0
1133641761 0
1133641763 0
1133707269 0
1133707274 0
1133707280 0
1133707291 0
1133772809 0
1133772810 0
1133772816 0
1133772819 0
1133838359 0
1133838364 0
1133838373 0
1133838378 0
1133903873 0
1133903883 0
1133903890 0
1133903900 0
1133969413 0
1133969423 0
1133969436 0
1133969442 0
1134034945 0
1134034951 0
1134034958 0
1134034972 0
1134100497 0
1134100499 0
1134100514 0
1134100520 0
1134166037 0
1134166046 0
1134166055 0
1134166060 0
1134231552 0
1134231566 0
1134231587 0
1134231589 0
1134297090 0
1134297092 0
1134297093 0
1134297107 0
1134362630 0
1134362631 0
1134362633 0
1134362668 0
1134428177 0
1134428178 0
1134428180 0
1134428203 0
1134493708 0
1134493722 0
1134493729 0
1134493739 0
1134559243 0
1134559244 0
1134559250 0
1134559253 0
1134624786 0
1134624792 0
1134624805 0
1134624807 0
1134690306 0
1134690307 0
1134690313 0
1134690348 0
1134755860 0
1134755869 0
1134755874 0
1134755883 0
1134821392 0
1134821411 0
1134821418 0
1134821421 0
1134886918 0
1134886931 0
1134886937 0
1134886952 0
1134952458 0
1134952463 0
1134952472 0
1134952473 0
1135017997 0
1135018010 0
1135018012 0
1135018019 0
1135083520 0
1135083521 0
1135083527 0
1135083530 0
1135149064 0
1135149066 0
1135149085 0
1135149099 0
1135214603 0
1135214608 0
1135214613 0
1135214626 0
1135280136 0
1135280170 0
1135280171 0
1135280173 0
1135345668 0
1135345669 0
1135345702 0
1135345711 0
1135411216 0
1135411229 0
1135411230 0
1135411231 0
1135476754 0
1135476755 0
1135476765 0
1135476780 0
1135542273 0
1135542288 0
1135542295 0
1135542302 0
1135607809 0
1135607818 0
1135607824 0
1135607843 0
1135673350 0
1135673355 0
1135673364 0
1135673389 0
1135738884 0
1135738885 0
1135738891 0
1135738894 0
1135804417 0
1135804418 0
1135804432 0
1135804443 0
1135869960 0
1135869965 0
1135869979 0
1135869990 0
1135935492 0
1135935494 0
1135935503 0
1135935505 0
1136001033 0
1136001039 0
1136001042 0
1136001052 0
1136066574 0
1136066585 0
1136066588 0
1136066607 0
1136132107 0
1136132110 0
1136132132 0
1136132137 0
1136197646 0
1136197648 0
1136197665 0
1136197667 0
1136263205 0
1136263207 0
1136263210 0
1136263212 0
1136328710 0
1136328713 0
1136328724 0
1136328747 0
1136394248 0
1136394251 0
1136394258 0
1136394261 0
1136459776 0
1136459779 0
1136459793 0
1136459810 0
1136525312 0
1136525330 0
1136525331 0
1136525333 0
1136590854 0
1136590875 0
1136590884 0
1136590893 0
1136656389 0
1136656418 0
1136656427 0
1136656428 0
1136721922 0
1136721923 0
1136721924 0
1136721925 0
1136787458 0
1136787460 0
1136787461 0
1136787487 0
1136852993 0
1136852994 0
1136852999 0
1136853012 0
1136918559 0
1136918562 0
1136918565 0
1136918568 0
1136984071 0
1136984074 0
1136984076 0
1136984089 0
1137049604 0
1137049630 0
1137049637 0
1137049639 0
1137115150 0
1137115156 0
1137115161 0
1137115163 0
1137180684 0
1137180687 0
1137180702 0
1137180705 0
1137246221 0
1137246224 0
1137246226 0
1137246247 0
1137311758 0
1137311772 0
1137311775 0
1137311781 0
1137377306 0
1137377319 0
1137377324 0
1137377325 0
1137442817 0
1137442827 0
1137442828 0
1137442830 0
1137508353 0
1137508360 0
1137508370 0
1137508375 0
1137573894 0
1137573908 0
1137573917 0
1137573931 0
1137639434 0
1137639461 0
1137639464 0
1137639467 0
1137704976 0
1137704981 0
1137704995 0
1137705002 0
1137770512 0
1137770515 0
1137770522 0
1137770533 0
1137836045 0
1137836046 0
1137836064 0
1137836079 0
1137901568 0
1137901570 0
1137901573 0
1137901599 0
1137967116 0
1137967139 0
1137967141 0
1137967150 0
1138032654 0
1138032655 0
1138032656 0
1138032673 0
1138098176 0
1138098193 0
1138098203 0
1138098206 0
1138163726 0
1138163737 0
1138163743 0
1138163748 0
1138229255 0
1138229269 0
1138229270 0
1138229284 0
1138294793 0
1138294812 0
1138294823 0
1138294826 0
1138360339 0
1138360346 0
1138360357 0
1138360360 0
1138425857 0
1138425859 0
1138425872 0
1138425882 0
1138491392 0
1138491403 0
1138491406 0
1138491433 0
1138556934 0
1138556957 0
1138556964 0
1138556971 0
1138622478 0
1138622496 0
1138622503 0
1138622509 0
1138688008 0
1138688010 0
1138688035 0
1138688037 0
1138753541 0
1138753544 0
1138753546 0
1138753555 0
1138819094 0
1138819104 0
1138819113 0
1138819119 0
1138884615 0
1138884617 0
1138884620 0
1138884638 0
1138950156 0
1138950158 0
1138950159 0
1138950173 0
1139015698 0
1139015704 0
1139015707 0
1139015709 0
1139081240 0
1139081246 0
1139081257 0
1139081259 0
1139146757 0
1139146784 0
1139146787 0
1139146798 0
1139212289 0
1139212296 0
1139212302 0
1139212303 0
1139277837 0
1139277858 0
1139277859 0
1139277864 0
1139343372 0
1139343374 0
1139343389 0
1139343407 0
1139408896 0
1139408901 0
1139408914 0
1139408927 0
1139474440 0
1139474443 0
1139474450 0
1139474473 0
1139539973 0
1139540012 0
1139540014 0
1139540015 0
1139605513 0
1139605516 0
1139605531 0
1139605534 0
1139671051 0
1139671084 0
1139671085 0
1139671086 0
1139736587 0
1139736588 0
1139736590 0
1139736593 0
1139802132 0
1139802134 0
1139802135 0
1139802149 0
1139867664 0
1139867678 0
1139867681 0
1139867683 0
1139933197 0
1139933198 0
1139933200 0
1139933203 0
1139998720 0
1139998721 0
1139998722 0
1139998723 0
1140064259 0
1140064262 0
1140064265 0
1140064300 0
1140129799 0
1140129802 0
1140129813 0
1140129820 0
1140195331 0
1140195342 0
1140195352 0
1140195353 0
1140260864 0
1140260870 0
1140260871 0
1140260909 0
1140326411 0
1140326420 0
1140326429 0
1140326430 0
1140391938 0
1140391940 0
1140391955 0
1140391981 0
1140457485 0
1140457486 0
1140457487 0
1140457516 0
1140523012 0
1140523023 0
1140523025 0
1140523026 0
1140588546 0
1140588547 0
1140588564 0
1140588581 0
1140654096 0
1140654098 0
1140654107 0
1140654117 0
1140719617 0
1140719631 0
1140719648 0
1140719650 0
1140785153 0
1140785174 0
1140785175 0
1140785180 0
1140850697 0
1140850702 0
1140850703 0
1140850712 0
1140916243 0
1140916245 0
1140916248 0
1140916254 0
1140981776 0
1140981790 0
1140981797 0
1140981803 0
1141047319 0
1141047320 0
1141047333 0
1141047334 0
1141112834 0
1141112839 0
1141112844 0
1141112853 0
1141178372 0
1141178391 0
1141178393 0
1141178398 0
1141243907 0
1141243921 0
1141243924 0
1141243926 0
1141309448 0
1141309449 0
1141309455 0
1141309486 0
1141374982 0
1141374984 0
1141375001 0
1141375011 0
1141440512 0
1141440522 0
1141440525 0
1141440547 0
1141506049 0
1141506068 0
1141506083 0
1141506086 0
1141571587 0
1141571594 0
1141571601 0
1141571624 0
1141637122 0
1141637132 0
1141637139 0
1141637149 0
1141702658 0
1141702667 0
1141702669 0
1141702676 0
1141768207 0
1141768210 0
1141768232 0
1141768233 0
1141833732 0
1141833745 0
1141833747 0
1141833750 0
1141899288 0
1141899291 0
1141899302 0
1141899309 0
1141964814 0
1141964819 0
1141964825 0
1141964828 0
1142030342 0
1142030345 0
1142030367 0
1142030376 0
1142095878 0
1142095888 0
1142095895 0
1142095897 0
1142161412 0
1142161421 0
1142161422 0
1142161435 0
1142226944 0
1142226947 0
1142226965 0
1142226974 0
1142292517 0
1142292518 0
1142292520 0
1142292527 0
1142358016 0
1142358023 0
1142358025 0
1142358054 0
1142423571 0
1142423581 0
1142423590 0
1142423592 0
1142489092 0
1142489125 0
1142489127 0
1142489130 0
1142554633 0
1142554648 0
1142554662 0
1142554667 0
1142620167 0
1142620186 0
1142620201 0
1142620204 0
1142685705 0
1142685707 0
1142685722 0
1142685728 0
1142751263 0
1142751268 0
1142751277 0
1142751278 0
1142816790 0
1142816797 0
1142816799 0
1142816808 0
1142882311 0
1142882313 0
1142882316 0
1142882350 0
1142947843 0
1142947857 0
1142947858 0
1142947860 0
1143013377 0
1143013399 0
1143013416 0
1143013418 0
1143078918 0
1143078928 0
1143078931 0
1143078945 0
1143144448 0
1143144450 0
1143144451 0
1143144461 0
1143209999 0
1143210012 0
1143210017 0
1143210030 0
1143275527 0
1143275530 0
1143275533 0
1143275540 0
1143341059 0
1143341062 0
1143341064 0
1143341081 0
1143406599 0
1143406614 0
1143406616 0
1143406621 0
1143472136 0
1143472146 0
1143472151 0
1143472153 0
1143537676 0
1143537693 0
1143537706 0
1143537711 0
1143603200 0
1143603213 0
1143603230 0
1143603235 0
1143668747 0
1143668752 0
1143668758 0
1143668781 0
1143734289 0
1143734310 0
1143734316 0
1143734319 0
1143799819 0
1143799824 0
1143799837 0
1143799854 0
1143865349 0
1143865354 0
1143865356 0
1143865379 0
1143930884 0
1143930885 0
1143930894 0
1143930903 0
1143996433 0
1143996436 0
1143996443 0
1143996450 0
1144061971 0
1144061985 0
1144061990 0
1144061992 0
1144127498 0
1144127501 0
1144127512 0
1144127515 0
1144193058 0
1144193063 0
1144193065 0
1144193068 0
1144258587 0
1144258592 0
1144258597 0
1144258598 0
1144324103 0
1144324108 0
1144324118 0
1144324129 0
1144389633 0
1144389659 0
1144389672 0
1144389678 0
1144455195 0
1144455208 0
1144455213 0
1144455214 0
1144520706 0
1144520709 0
1144520723 0
1144520728 0
1144586248 0
1144586259 0
1144586265 0
1144586274 0
1144651781 0
1144651784 0
1144651786 0
1144651815 0
1144717325 0
1144717330 0
1144717339 0
1144717348 0
1144782853 0
1144782876 0
1144782882 0
1144782883 0
1144848417 0
1144848422 0
1144848423 0
1144848424 0
1144913921 0
1144913938 0
1144913940 0
1144913967 0
1144979460 0
1144979466 0
1144979481 0
1144979487 0
1145044997 0
1145045002 0
1145045032 0
1145045035 0
1145110556 0
1145110573 0
1145110574 0
1145110575 0
1145176064 0
1145176074 0
1145176075 0
1145176077 0
1145241601 0
1145241607 0
1145241622 0
1145241640 0
1145307149 0
1145307175 0
1145307176 0
1145307182 0
1145372692 0
1145372695 0
1145372706 0
1145372717 0
1145438211 0
1145438228 0
1145438229 0
1145438230 0
1145503755 0
1145503765 0
1145503766 0
1145503768 0
1145569312 0
1145569313 0
1145569315 0
1145569318 0
1145634849 0
1145634850 0
1145634855 0
1145634856 0
1145700358 0
1145700365 0
1145700372 0
1145700375 0
1145765895 0
1145765912 0
1145765921 0
1145765926 0
1145831426 0
1145831432 0
1145831447 0
1145831465 0
1145896960 0
1145896965 0
1145896966 0
1145897003 0
1145962498 0
1145962505 0
1145962507 0
1145962508 0
1146028051 0
1146028060 0
1146028061 0
1146028074 0
1146093576 0
1146093577 0
1146093587 0
1146093602 0
1146159129 0
1146159131 0
1146159132 0
1146159142 0
1146224646 0
1146224649 0
1146224660 0
1146224679 0
1146290180 0
1146290189 0
1146290194 0
1146290203 0
1146355714 0
1146355724 0
1146355727 0
1146355729 0
1146421274 0
1146421276 0
1146421289 0
1146421291 0
1146486787 0
1146486789 0
1146486790 0
1146486816 0
1146552330 0
1146552333 0
1146552344 0
1146552351 0
1146617856 0
1146617875 0
1146617889 0
1146617898 0
1146683398 0
1146683405 0
1146683408 0
1146683439 0
1146748934 0
1146748941 0
1146748948 0
1146748951 0
1146814479 0
1146814504 0
1146814505 0
1146814506 0
1146880019 0
1146880022 0
1146880024 0
1146880025 0
1146945547 0
1146945557 0
1146945558 0
1146945572 0
1147011086 0
1147011089 0
1147011104 0
1147011119 0
1147076611 0
1147076613 0
1147076626 0
1147076636 0
1147142151 0
1147142152 0
1147142161 0
1147142186 0
1147207684 0
1147207695 0
1147207710 0
1147207721 0
1147273223 0
1147273240 0
1147273249 0
1147273258 0
1147338764 0
1147338782 0
1147338795 0
1147338797 0
1147404299 0
1147404300 0
1147404306 0
1147404309 0
1147469844 0
1147469857 0
1147469863 0
1147469870 0
1147535369 0
1147535372 0
1147535382 0
1147535383 0
1147600903 0
1147600929 0
1147600936 0
1147600942 0
1147666442 0
1147666447 0
1147666453 0
1147666460 0
1147731975 0
1147731992 0
1147731997 0
1147732006 0
1147797508 0
1147797513 0
1147797518 0
1147797527 0
1147863040 0
1147863043 0
1147863045 0
1147863058 0
1147928598 0
1147928604 0
1147928609 0
1147928623 0
1147994112 0
1147994137 0
1147994138 0
1147994147 0
1148059652 0
1148059671 0
1148059674 0
1148059677 0
1148125185 0
1148125194 0
1148125228 0
1148125231 0
1148190720 0
1148190727 0
1148190738 0
1148190741 0
1148256262 0
1148256265 0
1148256288 0
1148256295 0
1148321799 0
1148321805 0
1148321826 0
1148321836 0
1148387330 0
1148387332 0
1148387339 0
1148387349 0
1148452871 0
1148452890 0
1148452892 0
1148452893 0
1148518408 0
1148518442 0
1148518445 0
1148518447 0
1148583937 0
1148583943 0
1148583948 0
1148583950 0
1148649483 0
1148649488 0
1148649493 0
1148649502 0
1148715013 0
1148715027 0
1148715030 0
1148715044 0
1148780563 0
1148780574 0
1148780577 0
1148780584 0
1148846100 0
1148846102 0
1148846103 0
1148846105 0
1148911618 0
1148911623 0
1148911624 0
1148911657 0
1148977155 0
1148977157 0
1148977194 0
1148977196 0
1149042704 0
1149042705 0
1149042707 0
1149042710 0
1149108226 0
1149108231 0
1149108261 0
1149108264 0
1149173760 0
1149173791 0
1149173793 0
1149173794 0
1149239329 0
1149239332 0
1149239334 0
1149239339 0
1149304845 0
1149304852 0
1149304854 0
1149304859 0
1149370394 0
1149370397 0
1149370399 0
1149370404 0
1149435919 0
1149435921 0
1149435926 0
1149435940 0
1149501459 0
1149501466 0
1149501468 0
1149501473 0
1149567000 0
1149567010 0
1149567011 0
1149567017 0
1149632523 0
1149632530 0
1149632540 0
1149632545 0
1149698056 0
1149698067 0
1149698081 0
1149698082 0
1149763585 0
1149763619 0
1149763624 0
1149763626 0
1149829132 0
1149829134 0
1149829141 0
1149829159 0
1149894690 0
1149894692 0
1149894697 0
1149894699 0
1149960199 0
1149960224 0
1149960229 0
1149960234 0
1150025741 0
1150025743 0
1150025748 0
1150025762 0
1150091278 0
1150091284 0
1150091289 0
1150091303 0
1150156820 0
1150156823 0
1150156825 0
1150156830 0
1150222347 0
1150222349 0
1150222370 0
1150222372 0
1150287897 0
1150287902 0
1150287903 0
1150287904 0
1150353408 0
1150353415 0
1150353422 0
1150353425 0
1150418959 0
1150418969 0
1150418986 0
1150418988 0
1150484486 0
1150484487 0
1150484492 0
1150484497 0
1150550017 0
1150550028 0
1150550042 0
1150550063 0
1150615556 0
1150615574 0
1150615577 0
1150615583 0
1150681101 0
1150681116 0
1150681126 0
1150681135 0
1150746631 0
1150746645 0
1150746668 0
1150746670 0
1150812167 0
1150812181 0
1150812186 0
1150812196 0
1150877714 0
1150877731 0
1150877733 0
1150877740 0
1150943236 0
1150943250 0
1150943263 0
1150943277 0
1151008774 0
1151008801 0
1151008804 0
1151008811 0
1151074331 0
1151074338 0
1151074340 0
1151074345 0
1151139884 0
1151139885 0
1151139886 0
1151139887 0
1151205376 0
1151205390 0
1151205397 0
1151205411 0
1151270921 0
1151270932 0
1151270939 0
1151270946 0
1151336480 0
1151336483 0
1151336486 0
1151336493 0
1151401987 0
1151401997 0
1151402016 0
1151402018 0
1151467520 0
1151467539 0
1151467542 0
1151467553 0
1151533074 0
1151533075 0
1151533085 0
1151533096 0
1151598595 0
1151598596 0
1151598609 0
1151598614 0
1151664134 0
1151664141 0
1151664143 0
1151664156 0
1151729672 0
1151729686 0
1151729689 0
1151729691 0
1151795200 0
1151795202 0
1151795233 0
1151795243 0
1151860742 0
1151860747 0
1151860749 0
1151860756 0
1151926278 0
1151926308 0
1151926309 0
1151926319 0
1151991810 0
1151991816 0
1151991821 0
1151991827 0
1152057369 0
1152057374 0
1152057375 0
1152057376 0
1152122894 0
1152122900 0
1152122901 0
1152122907 0
1152188422 0
1152188428 0
1152188445 0
1152188447 0
1152253973 0
1152253978 0
1152253991 0
1152253992 0
1152319516 0
1152319522 0
1152319533 0
1152319535 0
1152385030 0
1152385039 0
1152385041 0
1152385044 0
1152450595 0
1152450601 0
1152450602 0
1152450604 0
1152516112 0
1152516122 0
1152516133 0
1152516143 0
1152581634 0
1152581636 0
1152581643 0
1152581661 0
1152647185 0
1152647195 0
1152647196 0
1152647210 0
1152712712 0
1152712722 0
1152712731 0
1152712733 0
1152778243 0
1152778250 0
1152778268 0
1152778281 0
1152843777 0
1152843791 0
1152843792 0
1152843794 0
1152909327 0
1152909329 0
1152909332 0
1152909346 0
1152974866 0
1152974873 0
1152974880 0
1152974891 0
1153040388 0
1153040393 0
1153040406 0
1153040411 0
1153105920 0
1153105938 0
1153105961 0
1153105963 0
1153171457 0
1153171467 0
1153171482 0
1153171488 0
1153237019 0
1153237025 0
1153237034 0
1153237036 0
1153302549 0
1153302559 0
1153302566 0
1153302572 0
1153368065 0
1153368086 0
1153368088 0
1153368091 0
1153433606 0
1153433616 0
1153433631 0
1153433645 0
1153499137 0
1153499142 0
1153499143 0
1153499172 0
1153564705 0
1153564714 0
1153564715 0
1153564716 0
1153630234 0
1153630241 0
1153630243 0
1153630248 0
1153695752 0
1153695757 0
1153695790 0
1153695791 0
1153761298 0
1153761307 0
1153761316 0
1153761321 0
1153826844 0
1153826854 0
1153826855 0
1153826857 0
1153892375 0
1153892376 0
1153892378 0
1153892385 0
1153957894 0
1153957917 0
1153957924 0
1153957927 0
1154023428 0
1154023457 0
1154023459 0
1154023462 0
1154088995 0
1154089000 0
1154089005 0
1154089006 0
1154154503 0
1154154520 0
1154154529 0
1154154538 0
1154220053 0
1154220055 0
1154220066 0
1154220068 0
1154285569 0
1154285606 0
1154285608 0
1154285611 0
1154351116 0
1154351117 0
1154351139 0
1154351142 0
1154416647 0
1154416664 0
1154416670 0
1154416685 0
1154482190 0
1154482192 0
1154482213 0
1154482219 0
1154547713 0
1154547730 0
1154547735 0
1154547748 0
1154613267 0
1154613268 0
1154613274 0
1154613281 0
1154678816 0
1154678826 0
1154678829 0
1154678831 0
1154744322 0
1154744337 0
1154744360 0
1154744367 0
1154809856 0
1154809857 0
1154809887 0
1154809902 0
1154875393 0
1154875410 0
1154875412 0
1154875419 0
1154940945 0
1154940948 0
1154940958 0
1154940971 0
1155006481 0
1155006490 0
1155006491 0
1155006496 0
1155072012 0
1155072035 0
1155072037 0
1155072046 0
1155137561 0
1155137570 0
1155137575 0
1155137580 0
1155203085 0
1155203096 0
1155203102 0
1155203103 0
1155268610 0
1155268616 0
1155268617 0
1155268623 0
1155334150 0
1155334169 0
1155334179 0
1155334180 0
1155399714 0
1155399719 0
1155399721 0
1155399724 0
1155465232 0
1155465237 0
1155465239 0
1155465250 0
1155530758 0
1155530760 0
1155530777 0
1155530779 0
1155596293 0
1155596311 0
1155596312 0
1155596330 0
1155661826 0
1155661852 0
1155661863 0
1155661865 0
1155727368 0
1155727369 0
1155727386 0
1155727391 0
1155792922 0
1155792928 0
1155792935 0
1155792937 0
1155858444 0
1155858446 0
1155858455 0
1155858457 0
1155923973 0
1155923994 0
1155924008 0
1155924011 0
1155989516 0
1155989525 0
1155989527 0
1155989546 0
1156055055 0
1156055058 0
1156055076 0
1156055077 0
1156120586 0
1156120605 0
1156120612 0
1156120615 0
1156186117 0
1156186126 0
1156186131 0
1156186152 0
1156251658 0
1156251660 0
1156251689 0
1156251695 0
1156317185 0
1156317190 0
1156317196 0
1156317211 0
1156382723 0
1156382726 0
1156382744 0
1156382745 0
1156448273 0
1156448276 0
1156448298 0
1156448303 0
1156513824 0
1156513826 0
1156513827 0
1156513833 0
1156579334 0
1156579339 0
1156579341 0
1156579348 0
1156644871 0
1156644885 0
1156644890 0
1156644892 0
1156710401 0
1156710403 0
1156710420 0
1156710434 0
1156775938 0
1156775941 0
1156775947 0
1156775980 0
1156841477 0
1156841502 0
1156841504 0
1156841507 0
1156907023 0
1156907044 0
1156907049 0
1156907054 0
1156972546 0
1156972548 0
1156972551 0
1156972569 0
1157038100 0
1157038103 0
1157038122 0
1157038125 0
1157103620 0
1157103622 0
1157103629 0
1157103655 0
1157169162 0
1157169169 0
1157169176 0
1157169183 0
1157234690 0
1157234703 0
1157234720 0
1157234733 0
1157300231 0
1157300232 0
1157300250 0
1157300253 0
1157365764 0
1157365774 0
1157365781 0
1157365791 0
1157431304 0
1157431305 0
1157431306 0
1157431307 0
1157496848 0
1157496850 0
1157496863 0
1157496869 0
1157562383 0
1157562390 0
1157562393 0
1157562396 0
1157627908 0
1157627914 0
1157627927 0
1157627933 0
1157693449 0
1157693463 0
1157693464 0
1157693466 0
1157758998 0
1157759000 0
1157759003 0
1157759021 0
1157824516 0
1157824534 0
1157824535 0
1157824553 0
1157890053 0
1157890055 0
1157890064 0
1157890074 0
1157955593 0
1157955598 0
1157955611 0
1157955620 0
1158021125 0
1158021139 0
1158021148 0
1158021154 0
1158086667 0
1158086677 0
1158086684 0
1158086694 0
1158152199 0
1158152213 0
1158152214 0
1158152232 0
1158217728 0
1158217759 0
1158217769 0
1158217770 0
1158283276 0
1158283279 0
1158283290 0
1158283309 0
1158348811 0
1158348828 0
1158348833 0
1158348838 0
1158414349 0
1158414351 0
1158414372 0
1158414378 0
1158479874 0
1158479893 0
1158479907 0
1158479912 0
1158545411 0
1158545441 0
1158545444 0
1158545446 0
1158610946 0
1158610948 0
1158610955 0
1158610969 0
1158676487 0
1158676509 0
1158676512 0
1158676514 0
1158742025 0
1158742039 0
1158742046 0
1158742048 0
1158807556 0
1158807567 0
1158807569 0
1158807578 0
1158873108 0
1158873123 0
1158873125 0
1158873126 0
1158938632 0
1158938646 0
1158938669 0
1158938671 0
1159004163 0
1159004188 0
1159004193 0
1159004202 0
1159069701 0
1159069704 0
1159069710 0
1159069731 0
1159135236 0
1159135239 0
1159135242 0
1159135253 0
1159200781 0
1159200783 0
1159200786 0
1159200788 0
1159266307 0
1159266321 0
1159266324 0
1159266326 0
1159331841 0
1159331859 0
1159331878 0
1159331880 0
1159397376 0
1159397381 0
1159397395 0
1159397402 0
1159462924 0
1159462938 0
1159462941 0
1159462959 0
1159528457 0
1159528460 0
1159528491 0
1159528494 0
1159594006 0
1159594024 0
1159594029 0
1159594031 0
1159659539 0
1159659545 0
1159659548 0
1159659550 0
1159725057 0
1159725060 0
1159725087 0
1159725090 0
1159790630 0
1159790635 0
1159790636 0
1159790637 0
1159856128 0
1159856134 0
1159856137 0
1159856151 0
1159921679 0
1159921685 0
1159921704 0
1159921706 0
1159987210 0
1159987221 0
1159987231 0
1159987240 0
1160052736 0
1160052762 0
1160052769 0
1160052771 0
1160118285 0
1160118290 0
1160118295 0
1160118300 0
1160183818 0
1160183820 0
1160183821 0
1160183843 0
1160249350 0
1160249353 0
1160249367 0
1160249388 0
1160314898 0
1160314900 0
1160314909 0
1160314911 0
1160380430 0
1160380435 0
1160380437 0
1160380448 0
1160445952 0
1160445953 0
1160445955 0
1160445962 0
1160511494 0
1160511513 0
1160511516 0
1160511523 0
1160577026 0
1160577036 0
1160577045 0
1160577059 0
