0 127
1 127
2 127
3 127
65540 127
65541 127
65542 127
65543 127
131072 127
131073 127
131074 127
131075 127
196612 127
196613 127
196614 127
196615 127
262144 127
262145 127
262146 127
262147 127
327684 127
327685 127
327686 127
327687 127
393216 127
393217 127
393218 127
393219 127
458756 127
458757 127
458758 127
458759 127
524288 127
524289 127
524290 127
524291 127
589828 127
589829 127
589830 127
589831 127
655360 127
655361 127
655362 127
655363 127
720900 127
720901 127
720902 127
720903 127
786432 127
786433 127
786434 127
786435 127
851972 127
851973 127
851974 127
851975 127
917504 127
917505 127
917506 127
917507 127
983044 127
983045 127
983046 127
983047 127
1048576 127
1048577 127
1048578 127
1048579 127
1114116 127
1114117 127
1114118 127
1114119 127
1179648 127
1179649 127
1179650 127
1179651 127
1245188 127
1245189 127
1245190 127
1245191 127
1310720 127
1310721 127
1310722 127
1310723 127
1376260 127
1376261 127
1376262 127
1376263 127
1441792 127
1441793 127
1441794 127
1441795 127
1507332 127
1507333 127
1507334 127
1507335 127
1572864 127
1572865 127
1572866 127
1572867 127
1638404 127
1638405 127
1638406 127
1638407 127
1703936 127
1703937 127
1703938 127
1703939 127
1769476 127
1769477 127
1769478 127
1769479 127
1835008 127
1835009 127
1835010 127
1835011 127
1900548 127
1900549 127
1900550 127
1900551 127
1966080 127
1966081 127
1966082 127
1966083 127
2031620 127
2031621 127
2031622 127
2031623 127
2097152 127
2097153 127
2097154 127
2097155 127
2162692 127
2162693 127
2162694 127
2162695 127
2228224 127
2228225 127
2228226 127
2228227 127
2293764 127
2293765 127
2293766 127
2293767 127
2359296 127
2359297 127
2359298 127
2359299 127
2424836 127
2424837 127
2424838 127
2424839 127
2490368 127
2490369 127
2490370 127
2490371 127
2555908 127
2555909 127
2555910 127
2555911 127
2621440 127
2621441 127
2621442 127
2621443 127
2686980 127
2686981 127
2686982 127
2686983 127
2752512 127
2752513 127
2752514 127
2752515 127
2818052 127
2818053 127
2818054 127
2818055 127
2883584 127
2883585 127
2883586 127
2883587 127
2949124 127
2949125 127
2949126 127
2949127 127
3014656 127
3014657 127
3014658 127
3014659 127
3080196 127
3080197 127
3080198 127
3080199 127
3145728 127
3145729 127
3145730 127
3145731 127
3211268 127
3211269 127
3211270 127
3211271 127
3276800 127
3276801 127
3276802 127
3276803 127
3342340 127
3342341 127
3342342 127
3342343 127
3407872 127
3407873 127
3407874 127
3407875 127
3473412 127
3473413 127
3473414 127
3473415 127
3538944 127
3538945 127
3538946 127
3538947 127
3604484 127
3604485 127
3604486 127
3604487 127
3670016 127
3670017 127
3670018 127
3670019 127
3735556 127
3735557 127
3735558 127
3735559 127
3801088 127
3801089 127
3801090 127
3801091 127
3866628 127
3866629 127
3866630 127
3866631 127
3932160 127
3932161 127
3932162 127
3932163 127
3997700 127
3997701 127
3997702 127
3997703 127
4063232 127
4063233 127
4063234 127
4063235 127
4128772 127
4128773 127
4128774 127
4128775 127
4194304 127
4194305 127
4194306 127
4194307 127
4259844 127
4259845 127
4259846 127
4259847 127
4325376 127
4325377 127
4325378 127
4325379 127
4390916 127
4390917 127
4390918 127
4390919 127
4456448 127
4456449 127
4456450 127
4456451 127
4521988 127
4521989 127
4521990 127
4521991 127
4587520 127
4587521 127
4587522 127
4587523 127
4653060 127
4653061 127
4653062 127
4653063 127
4718592 127
4718593 127
4718594 127
4718595 127
4784132 127
4784133 127
4784134 127
4784135 127
4849664 127
4849665 127
4849666 127
4849667 127
4915204 127
4915205 127
4915206 127
4915207 127
4980736 127
4980737 127
4980738 127
4980739 127
5046276 127
5046277 127
5046278 127
5046279 127
5111808 127
5111809 127
5111810 127
5111811 127
5177348 127
5177349 127
5177350 127
5177351 127
5242880 127
5242881 127
5242882 127
5242883 127
5308420 127
5308421 127
5308422 127
5308423 127
5373952 127
5373953 127
5373954 127
5373955 127
5439492 127
5439493 127
5439494 127
5439495 127
5505024 127
5505025 127
5505026 127
5505027 127
5570564 127
5570565 127
5570566 127
5570567 127
5636096 127
5636097 127
5636098 127
5636099 127
5701636 127
5701637 127
5701638 127
5701639 127
5767168 127
5767169 127
5767170 127
5767171 127
5832708 127
5832709 127
5832710 127
5832711 127
5898240 127
5898241 127
5898242 127
5898243 127
5963780 127
5963781 127
5963782 127
5963783 127
6029312 127
6029313 127
6029314 127
6029315 127
6094852 127
6094853 127
6094854 127
6094855 127
6160384 127
6160385 127
6160386 127
6160387 127
6225924 127
6225925 127
6225926 127
6225927 127
6291456 127
6291457 127
6291458 127
6291459 127
6356996 127
6356997 127
6356998 127
6356999 127
6422528 127
6422529 127
6422530 127
6422531 127
6488068 127
6488069 127
6488070 127
6488071 127
6553600 127
6553601 127
6553602 127
6553603 127
6619140 127
6619141 127
6619142 127
6619143 127
6684672 127
6684673 127
6684674 127
6684675 127
6750212 127
6750213 127
6750214 127
6750215 127
6815744 127
6815745 127
6815746 127
6815747 127
6881284 127
6881285 127
6881286 127
6881287 127
6946816 127
6946817 127
6946818 127
6946819 127
7012356 127
7012357 127
7012358 127
7012359 127
7077888 127
7077889 127
7077890 127
7077891 127
7143428 127
7143429 127
7143430 127
7143431 127
7208960 127
7208961 127
7208962 127
7208963 127
7274500 127
7274501 127
7274502 127
7274503 127
7340032 127
7340033 127
7340034 127
7340035 127
7405572 127
7405573 127
7405574 127
7405575 127
7471104 127
7471105 127
7471106 127
7471107 127
7536644 127
7536645 127
7536646 127
7536647 127
7602176 127
7602177 127
7602178 127
7602179 127
7667716 127
7667717 127
7667718 127
7667719 127
7733248 127
7733249 127
7733250 127
7733251 127
7798788 127
7798789 127
7798790 127
7798791 127
7864320 127
7864321 127
7864322 127
7864323 127
7929860 127
7929861 127
7929862 127
7929863 127
7995392 127
7995393 127
7995394 127
7995395 127
8060932 127
8060933 127
8060934 127
8060935 127
8126464 127
8126465 127
8126466 127
8126467 127
8192004 127
8192005 127
8192006 127
8192007 127
8257536 127
8257537 127
8257538 127
8257539 127
8323076 127
8323077 127
8323078 127
8323079 127
8388608 127
8388609 127
8388610 127
8388611 127
8454148 127
8454149 127
8454150 127
8454151 127
8519680 127
8519681 127
8519682 127
8519683 127
8585220 127
8585221 127
8585222 127
8585223 127
8650752 127
8650753 127
8650754 127
8650755 127
8716292 127
8716293 127
8716294 127
8716295 127
8781824 127
8781825 127
8781826 127
8781827 127
8847364 127
8847365 127
8847366 127
8847367 127
8912896 127
8912897 127
8912898 127
8912899 127
8978436 127
8978437 127
8978438 127
8978439 127
9043968 127
9043969 127
9043970 127
9043971 127
9109508 127
9109509 127
9109510 127
9109511 127
9175040 127
9175041 127
9175042 127
9175043 127
9240580 127
9240581 127
9240582 127
9240583 127
9306112 127
9306113 127
9306114 127
9306115 127
9371652 127
9371653 127
9371654 127
9371655 127
9437184 127
9437185 127
9437186 127
9437187 127
9502724 127
9502725 127
9502726 127
9502727 127
9568256 127
9568257 127
9568258 127
9568259 127
9633796 127
9633797 127
9633798 127
9633799 127
9699328 127
9699329 127
9699330 127
9699331 127
9764868 127
9764869 127
9764870 127
9764871 127
9830400 127
9830401 127
9830402 127
9830403 127
9895940 127
9895941 127
9895942 127
9895943 127
9961472 127
9961473 127
9961474 127
9961475 127
10027012 127
10027013 127
10027014 127
10027015 127
10092544 127
10092545 127
10092546 127
10092547 127
10158084 127
10158085 127
10158086 127
10158087 127
10223616 127
10223617 127
10223618 127
10223619 127
10289156 127
10289157 127
10289158 127
10289159 127
10354688 127
10354689 127
10354690 127
10354691 127
10420228 127
10420229 127
10420230 127
10420231 127
10485760 127
10485761 127
10485762 127
10485763 127
10551300 127
10551301 127
10551302 127
10551303 127
10616832 127
10616833 127
10616834 127
10616835 127
10682372 127
10682373 127
10682374 127
10682375 127
10747904 127
10747905 127
10747906 127
10747907 127
10813444 127
10813445 127
10813446 127
10813447 127
10878976 127
10878977 127
10878978 127
10878979 127
10944516 127
10944517 127
10944518 127
10944519 127
11010056 127
11010057 127
11010058 127
11010059 127
11075596 127
11075597 127
11075598 127
11075599 127
11141128 127
11141129 127
11141130 127
11141131 127
11206668 127
11206669 127
11206670 127
11206671 127
11272200 127
11272201 127
11272202 127
11272203 127
11337740 127
11337741 127
11337742 127
11337743 127
11403272 127
11403273 127
11403274 127
11403275 127
11468812 127
11468813 127
11468814 127
11468815 127
11534344 127
11534345 127
11534346 127
11534347 127
11599884 127
11599885 127
11599886 127
11599887 127
11665416 127
11665417 127
11665418 127
11665419 127
11730956 127
11730957 127
11730958 127
11730959 127
11796488 127
11796489 127
11796490 127
11796491 127
11862028 127
11862029 127
11862030 127
11862031 127
11927560 127
11927561 127
11927562 127
11927563 127
11993100 127
11993101 127
11993102 127
11993103 127
12058632 127
12058633 127
12058634 127
12058635 127
12124172 127
12124173 127
12124174 127
12124175 127
12189704 127
12189705 127
12189706 127
12189707 127
12255244 127
12255245 127
12255246 127
12255247 127
12320776 127
12320777 127
12320778 127
12320779 127
12386316 127
12386317 127
12386318 127
12386319 127
12451848 127
12451849 127
12451850 127
12451851 127
12517388 127
12517389 127
12517390 127
12517391 127
12582920 127
12582921 127
12582922 127
12582923 127
12648460 127
12648461 127
12648462 127
12648463 127
12713992 127
12713993 127
12713994 127
12713995 127
12779532 127
12779533 127
12779534 127
12779535 127
12845064 127
12845065 127
12845066 127
12845067 127
12910604 127
12910605 127
12910606 127
12910607 127
12976136 127
12976137 127
12976138 127
12976139 127
13041676 127
13041677 127
13041678 127
13041679 127
13107208 127
13107209 127
13107210 127
13107211 127
13172748 127
13172749 127
13172750 127
13172751 127
13238280 127
13238281 127
13238282 127
13238283 127
13303820 127
13303821 127
13303822 127
13303823 127
13369352 127
13369353 127
13369354 127
13369355 127
13434892 127
13434893 127
13434894 127
13434895 127
13500424 127
13500425 127
13500426 127
13500427 127
13565964 127
13565965 127
13565966 127
13565967 127
13631496 127
13631497 127
13631498 127
13631499 127
13697036 127
13697037 127
13697038 127
13697039 127
13762568 127
13762569 127
13762570 127
13762571 127
13828108 127
13828109 127
13828110 127
13828111 127
13893640 127
13893641 127
13893642 127
13893643 127
13959180 127
13959181 127
13959182 127
13959183 127
14024712 127
14024713 127
14024714 127
14024715 127
14090252 127
14090253 127
14090254 127
14090255 127
14155784 127
14155785 127
14155786 127
14155787 127
14221324 127
14221325 127
14221326 127
14221327 127
14286856 127
14286857 127
14286858 127
14286859 127
14352396 127
14352397 127
14352398 127
14352399 127
14417928 127
14417929 127
14417930 127
14417931 127
14483468 127
14483469 127
14483470 127
14483471 127
14549000 127
14549001 127
14549002 127
14549003 127
14614540 127
14614541 127
14614542 127
14614543 127
14680072 127
14680073 127
14680074 127
14680075 127
14745612 127
14745613 127
14745614 127
14745615 127
14811144 127
14811145 127
14811146 127
14811147 127
14876684 127
14876685 127
14876686 127
14876687 127
14942216 127
14942217 127
14942218 127
14942219 127
15007756 127
15007757 127
15007758 127
15007759 127
15073288 127
15073289 127
15073290 127
15073291 127
15138828 127
15138829 127
15138830 127
15138831 127
15204360 127
15204361 127
15204362 127
15204363 127
15269900 127
15269901 127
15269902 127
15269903 127
15335432 127
15335433 127
15335434 127
15335435 127
15400972 127
15400973 127
15400974 127
15400975 127
15466504 127
15466505 127
15466506 127
15466507 127
15532044 127
15532045 127
15532046 127
15532047 127
15597576 127
15597577 127
15597578 127
15597579 127
15663116 127
15663117 127
15663118 127
15663119 127
15728648 127
15728649 127
15728650 127
15728651 127
15794188 127
15794189 127
15794190 127
15794191 127
15859720 127
15859721 127
15859722 127
15859723 127
15925260 127
15925261 127
15925262 127
15925263 127
15990792 127
15990793 127
15990794 127
15990795 127
16056332 127
16056333 127
16056334 127
16056335 127
16121864 127
16121865 127
16121866 127
16121867 127
16187404 127
16187405 127
16187406 127
16187407 127
16252936 127
16252937 127
16252938 127
16252939 127
16318476 127
16318477 127
16318478 127
16318479 127
16384008 127
16384009 127
16384010 127
16384011 127
16449548 127
16449549 127
16449550 127
16449551 127
16515080 127
16515081 127
16515082 127
16515083 127
16580620 127
16580621 127
16580622 127
16580623 127
16646152 127
16646153 127
16646154 127
16646155 127
16711692 127
16711693 127
16711694 127
16711695 127
16777224 127
16777225 127
16777226 127
16777227 127
16842764 127
16842765 127
16842766 127
16842767 127
16908296 127
16908297 127
16908298 127
16908299 127
16973836 127
16973837 127
16973838 127
16973839 127
17039368 127
17039369 127
17039370 127
17039371 127
17104908 127
17104909 127
17104910 127
17104911 127
17170440 127
17170441 127
17170442 127
17170443 127
17235980 127
17235981 127
17235982 127
17235983 127
17301512 127
17301513 127
17301514 127
17301515 127
17367052 127
17367053 127
17367054 127
17367055 127
17432584 127
17432585 127
17432586 127
17432587 127
17498124 127
17498125 127
17498126 127
17498127 127
17563656 127
17563657 127
17563658 127
17563659 127
17629196 127
17629197 127
17629198 127
17629199 127
17694728 127
17694729 127
17694730 127
17694731 127
17760268 127
17760269 127
17760270 127
17760271 127
17825800 127
17825801 127
17825802 127
17825803 127
17891340 127
17891341 127
17891342 127
17891343 127
17956872 127
17956873 127
17956874 127
17956875 127
18022412 127
18022413 127
18022414 127
18022415 127
18087944 127
18087945 127
18087946 127
18087947 126
18153484 127
18153485 127
18153486 127
18153487 127
18219016 127
18219017 127
18219018 127
18219019 127
18284556 127
18284557 127
18284558 127
18284559 127
18350088 127
18350089 127
18350090 127
18350091 127
18415628 127
18415629 127
18415630 127
18415631 127
18481160 127
18481161 127
18481162 127
18481163 127
18546700 127
18546701 127
18546702 127
18546703 127
18612232 127
18612233 127
18612234 127
18612235 127
18677772 127
18677773 127
18677774 127
18677775 127
18743304 127
18743305 127
18743306 127
18743307 127
18808844 127
18808845 127
18808846 127
18808847 127
18874376 127
18874377 127
18874378 127
18874379 127
18939916 127
18939917 127
18939918 127
18939919 127
19005448 127
19005449 127
19005450 127
19005451 127
19070988 127
19070989 127
19070990 127
19070991 127
19136520 127
19136521 127
19136522 127
19136523 127
19202060 127
19202061 127
19202062 127
19202063 127
19267592 127
19267593 127
19267594 127
19267595 127
19333132 127
19333133 127
19333134 127
19333135 127
19398664 127
19398665 127
19398666 127
19398667 127
19464204 127
19464205 127
19464206 127
19464207 127
19529736 127
19529737 127
19529738 127
19529739 127
19595276 127
19595277 127
19595278 127
19595279 127
19660808 127
19660809 127
19660810 127
19660811 127
19726348 127
19726349 127
19726350 127
19726351 127
19791880 127
19791881 127
19791882 127
19791883 127
19857420 127
19857421 127
19857422 127
19857423 127
19922952 127
19922953 127
19922954 127
19922955 127
19988492 127
19988493 127
19988494 127
19988495 127
20054024 127
20054025 127
20054026 127
20054027 127
20119564 127
20119565 127
20119566 127
20119567 127
20185096 127
20185097 127
20185098 127
20185099 127
20250636 127
20250637 127
20250638 127
20250639 127
20316168 127
20316169 127
20316170 127
20316171 127
20381708 127
20381709 127
20381710 127
20381711 127
20447240 127
20447241 127
20447242 127
20447243 127
20512780 127
20512781 127
20512782 127
20512783 127
20578312 127
20578313 127
20578314 127
20578315 127
20643852 127
20643853 127
20643854 127
20643855 127
20709384 127
20709385 127
20709386 127
20709387 127
20774924 127
20774925 127
20774926 127
20774927 127
20840456 127
20840457 127
20840458 127
20840459 127
20905996 127
20905997 127
20905998 127
20905999 127
20971528 127
20971529 127
20971530 127
20971531 127
21037068 127
21037069 127
21037070 127
21037071 127
21102600 127
21102601 127
21102602 127
21102603 127
21168140 127
21168141 127
21168142 127
21168143 127
21233672 127
21233673 127
21233674 127
21233675 127
21299212 127
21299213 127
21299214 127
21299215 127
21364744 127
21364745 127
21364746 127
21364747 127
21430284 127
21430285 127
21430286 127
21430287 127
21495816 127
21495817 127
21495818 127
21495819 127
21561356 127
21561357 127
21561358 127
21561359 127
21626888 127
21626889 127
21626890 127
21626891 127
21692428 127
21692429 127
21692430 127
21692431 127
21757960 127
21757961 127
21757962 127
21757963 127
21823500 127
21823501 127
21823502 127
21823503 127
21889032 127
21889033 127
21889034 127
21889035 127
21954572 127
21954573 127
21954574 127
21954575 127
22020112 127
22020113 127
22020114 127
22020115 127
22085652 127
22085653 127
22085654 127
22085655 127
22151184 127
22151185 127
22151186 127
22151187 127
22216724 127
22216725 127
22216726 127
22216727 127
22282256 127
22282257 127
22282258 127
22282259 127
22347796 127
22347797 127
22347798 127
22347799 127
22413328 127
22413329 127
22413330 127
22413331 127
22478868 127
22478869 127
22478870 127
22478871 127
22544400 127
22544401 127
22544402 127
22544403 127
22609940 127
22609941 127
22609942 127
22609943 127
22675472 127
22675473 127
22675474 127
22675475 127
22741012 127
22741013 127
22741014 127
22741015 127
22806544 127
22806545 127
22806546 127
22806547 127
22872084 127
22872085 127
22872086 127
22872087 127
22937616 127
22937617 127
22937618 127
22937619 127
23003156 127
23003157 127
23003158 127
23003159 127
23068688 127
23068689 127
23068690 127
23068691 127
23134228 127
23134229 127
23134230 127
23134231 127
23199760 127
23199761 127
23199762 127
23199763 127
23265300 127
23265301 127
23265302 127
23265303 127
23330832 127
23330833 127
23330834 127
23330835 127
23396372 127
23396373 127
23396374 127
23396375 127
23461904 127
23461905 127
23461906 127
23461907 127
23527444 127
23527445 127
23527446 127
23527447 127
23592976 127
23592977 127
23592978 127
23592979 127
23658516 127
23658517 127
23658518 127
23658519 127
23724048 127
23724049 127
23724050 127
23724051 127
23789588 127
23789589 127
23789590 127
23789591 127
23855120 127
23855121 127
23855122 127
23855123 127
23920660 127
23920661 127
23920662 127
23920663 127
23986192 127
23986193 127
23986194 127
23986195 127
24051732 127
24051733 127
24051734 127
24051735 127
24117264 127
24117265 127
24117266 127
24117267 127
24182804 127
24182805 127
24182806 127
24182807 127
24248336 127
24248337 127
24248338 127
24248339 127
24313876 127
24313877 127
24313878 127
24313879 127
24379408 127
24379409 127
24379410 127
24379411 127
24444948 127
24444949 127
24444950 127
24444951 127
24510480 127
24510481 127
24510482 127
24510483 127
24576020 127
24576021 127
24576022 127
24576023 127
24641552 127
24641553 127
24641554 127
24641555 127
24707092 127
24707093 127
24707094 127
24707095 127
24772624 127
24772625 127
24772626 127
24772627 127
24838164 127
24838165 127
24838166 127
24838167 127
24903696 127
24903697 127
24903698 127
24903699 127
24969236 127
24969237 127
24969238 127
24969239 127
25034768 127
25034769 127
25034770 127
25034771 127
25100308 127
25100309 127
25100310 127
25100311 127
25165840 127
25165841 127
25165842 127
25165843 127
25231380 127
25231381 127
25231382 127
25231383 127
25296912 127
25296913 127
25296914 127
25296915 127
25362452 127
25362453 127
25362454 127
25362455 127
25427984 127
25427985 127
25427986 127
25427987 127
25493524 127
25493525 127
25493526 127
25493527 127
25559056 127
25559057 127
25559058 127
25559059 127
25624596 127
25624597 127
25624598 127
25624599 127
25690128 127
25690129 127
25690130 127
25690131 127
25755668 127
25755669 127
25755670 127
25755671 127
25821200 127
25821201 127
25821202 127
25821203 127
25886740 127
25886741 127
25886742 127
25886743 127
25952272 127
25952273 127
25952274 127
25952275 127
26017812 127
26017813 127
26017814 127
26017815 127
26083344 127
26083345 127
26083346 127
26083347 127
26148884 127
26148885 127
26148886 127
26148887 127
26214416 127
26214417 127
26214418 127
26214419 127
26279956 127
26279957 127
26279958 127
26279959 127
26345488 127
26345489 127
26345490 127
26345491 127
26411028 127
26411029 127
26411030 127
26411031 127
26476560 127
26476561 127
26476562 127
26476563 127
26542100 127
26542101 127
26542102 127
26542103 127
26607632 127
26607633 127
26607634 127
26607635 127
26673172 127
26673173 127
26673174 127
26673175 127
26738704 127
26738705 127
26738706 127
26738707 127
26804244 127
26804245 127
26804246 127
26804247 127
26869776 127
26869777 127
26869778 127
26869779 127
26935316 127
26935317 127
26935318 127
26935319 127
27000848 127
27000849 127
27000850 127
27000851 127
27066388 127
27066389 127
27066390 127
27066391 127
27131920 127
27131921 127
27131922 127
27131923 127
27197460 127
27197461 127
27197462 127
27197463 127
27262992 127
27262993 127
27262994 127
27262995 127
27328532 127
27328533 127
27328534 127
27328535 127
27394064 127
27394065 127
27394066 127
27394067 127
27459604 127
27459605 127
27459606 127
27459607 127
27525136 127
27525137 127
27525138 127
27525139 127
27590676 127
27590677 127
27590678 127
27590679 127
27656208 127
27656209 127
27656210 127
27656211 127
27721748 127
27721749 127
27721750 127
27721751 127
27787280 127
27787281 127
27787282 127
27787283 127
27852820 127
27852821 127
27852822 127
27852823 127
27918352 127
27918353 127
27918354 127
27918355 127
27983892 127
27983893 127
27983894 127
27983895 127
28049424 127
28049425 127
28049426 127
28049427 127
28114964 127
28114965 127
28114966 127
28114967 127
28180496 127
28180497 127
28180498 127
28180499 127
28246036 127
28246037 127
28246038 127
28246039 127
28311568 127
28311569 127
28311570 127
28311571 127
28377108 127
28377109 127
28377110 127
28377111 127
28442640 127
28442641 127
28442642 127
28442643 127
28508180 127
28508181 127
28508182 127
28508183 127
28573712 127
28573713 127
28573714 127
28573715 127
28639252 127
28639253 127
28639254 127
28639255 127
28704784 127
28704785 127
28704786 127
28704787 127
28770324 127
28770325 127
28770326 127
28770327 127
28835856 127
28835857 127
28835858 127
28835859 127
28901396 127
28901397 127
28901398 127
28901399 127
28966928 127
28966929 127
28966930 127
28966931 127
29032468 127
29032469 127
29032470 127
29032471 127
29098000 127
29098001 127
29098002 127
29098003 127
29163540 127
29163541 127
29163542 127
29163543 127
29229072 127
29229073 127
29229074 127
29229075 127
29294612 127
29294613 127
29294614 127
29294615 127
29360144 127
29360145 127
29360146 127
29360147 127
29425684 127
29425685 127
29425686 127
29425687 127
29491216 127
29491217 127
29491218 127
29491219 127
29556756 127
29556757 127
29556758 127
29556759 127
29622288 127
29622289 127
29622290 127
29622291 127
29687828 127
29687829 127
29687830 127
29687831 127
29753360 127
29753361 127
29753362 127
29753363 127
29818900 127
29818901 127
29818902 127
29818903 127
29884432 127
29884433 127
29884434 127
29884435 127
29949972 127
29949973 127
29949974 127
29949975 127
30015504 127
30015505 127
30015506 127
30015507 127
30081044 127
30081045 127
30081046 127
30081047 127
30146576 127
30146577 127
30146578 127
30146579 127
30212116 127
30212117 127
30212118 127
30212119 127
30277648 127
30277649 127
30277650 127
30277651 127
30343188 127
30343189 127
30343190 127
30343191 127
30408720 127
30408721 127
30408722 127
30408723 127
30474260 127
30474261 127
30474262 127
30474263 127
30539792 127
30539793 127
30539794 127
30539795 127
30605332 127
30605333 127
30605334 127
30605335 127
30670864 127
30670865 127
30670866 127
30670867 127
30736404 127
30736405 127
30736406 127
30736407 127
30801936 127
30801937 127
30801938 127
30801939 127
30867476 127
30867477 127
30867478 127
30867479 127
30933008 127
30933009 127
30933010 127
30933011 127
30998548 127
30998549 127
30998550 127
30998551 127
31064080 127
31064081 127
31064082 127
31064083 127
31129620 127
31129621 127
31129622 127
31129623 127
31195152 127
31195153 127
31195154 127
31195155 127
31260692 127
31260693 127
31260694 127
31260695 127
31326224 127
31326225 127
31326226 127
31326227 127
31391764 127
31391765 127
31391766 127
31391767 127
31457296 127
31457297 127
31457298 127
31457299 127
31522836 127
31522837 127
31522838 127
31522839 127
31588368 127
31588369 127
31588370 127
31588371 127
31653908 127
31653909 127
31653910 127
31653911 127
31719440 127
31719441 127
31719442 127
31719443 127
31784980 127
31784981 127
31784982 127
31784983 127
31850512 127
31850513 127
31850514 127
31850515 127
31916052 127
31916053 127
31916054 127
31916055 127
31981584 127
31981585 127
31981586 127
31981587 127
32047124 127
32047125 127
32047126 127
32047127 127
32112656 127
32112657 127
32112658 127
32112659 127
32178196 127
32178197 127
32178198 127
32178199 127
32243728 127
32243729 127
32243730 127
32243731 127
32309268 127
32309269 127
32309270 127
32309271 127
32374800 127
32374801 127
32374802 127
32374803 127
32440340 127
32440341 127
32440342 127
32440343 127
32505872 127
32505873 127
32505874 127
32505875 127
32571412 127
32571413 127
32571414 127
32571415 127
32636944 127
32636945 127
32636946 127
32636947 127
32702484 127
32702485 127
32702486 127
32702487 127
32768016 127
32768017 127
32768018 127
32768019 127
32833556 127
32833557 127
32833558 127
32833559 127
32899088 127
32899089 127
32899090 127
32899091 127
32964628 127
32964629 127
32964630 127
32964631 127
33030168 127
33030169 127
33030170 127
33030171 127
33095708 127
33095709 127
33095710 127
33095711 127
33161240 127
33161241 127
33161242 127
33161243 127
33226780 127
33226781 127
33226782 127
33226783 127
33292312 127
33292313 127
33292314 127
33292315 127
33357852 127
33357853 127
33357854 127
33357855 127
33423384 127
33423385 127
33423386 127
33423387 127
33488924 127
33488925 127
33488926 127
33488927 127
33554456 127
33554457 127
33554458 127
33554459 127
33619996 127
33619997 127
33619998 127
33619999 127
33685528 127
33685529 127
33685530 127
33685531 127
33751068 127
33751069 127
33751070 127
33751071 127
33816600 127
33816601 127
33816602 127
33816603 127
33882140 127
33882141 127
33882142 127
33882143 127
33947672 127
33947673 127
33947674 127
33947675 127
34013212 127
34013213 127
34013214 127
34013215 127
34078744 127
34078745 127
34078746 127
34078747 127
34144284 127
34144285 127
34144286 127
34144287 127
34209816 127
34209817 127
34209818 127
34209819 127
34275356 127
34275357 127
34275358 127
34275359 127
34340888 127
34340889 127
34340890 127
34340891 127
34406428 127
34406429 127
34406430 127
34406431 127
34471960 127
34471961 127
34471962 127
34471963 127
34537500 127
34537501 127
34537502 127
34537503 127
34603032 127
34603033 127
34603034 127
34603035 127
34668572 127
34668573 127
34668574 127
34668575 127
34734104 127
34734105 127
34734106 127
34734107 127
34799644 127
34799645 127
34799646 127
34799647 127
34865176 127
34865177 127
34865178 127
34865179 127
34930716 127
34930717 127
34930718 127
34930719 127
34996248 127
34996249 127
34996250 127
34996251 127
35061788 127
35061789 127
35061790 127
35061791 127
35127320 127
35127321 127
35127322 127
35127323 127
35192860 127
35192861 127
35192862 127
35192863 127
35258392 127
35258393 127
35258394 127
35258395 127
35323932 127
35323933 127
35323934 127
35323935 127
35389464 127
35389465 127
35389466 127
35389467 127
35455004 127
35455005 127
35455006 127
35455007 127
35520536 127
35520537 127
35520538 127
35520539 127
35586076 127
35586077 127
35586078 127
35586079 127
35651608 127
35651609 127
35651610 127
35651611 127
35717148 127
35717149 127
35717150 127
35717151 127
35782680 127
35782681 127
35782682 127
35782683 127
35848220 127
35848221 127
35848222 127
35848223 127
35913752 127
35913753 127
35913754 127
35913755 127
35979292 127
35979293 127
35979294 127
35979295 127
36044824 127
36044825 127
36044826 127
36044827 127
36110364 127
36110365 127
36110366 127
36110367 127
36175896 127
36175897 127
36175898 127
36175899 127
36241436 126
36241437 127
36241438 127
36241439 127
36306968 127
36306969 127
36306970 127
36306971 127
36372508 127
36372509 127
36372510 127
36372511 127
36438040 127
36438041 127
36438042 127
36438043 127
36503580 127
36503581 127
36503582 127
36503583 127
36569112 127
36569113 127
36569114 127
36569115 127
36634652 127
36634653 127
36634654 127
36634655 127
36700184 127
36700185 127
36700186 127
36700187 127
36765724 127
36765725 127
36765726 127
36765727 127
36831256 127
36831257 127
36831258 127
36831259 127
36896796 127
36896797 127
36896798 127
36896799 127
36962328 127
36962329 127
36962330 127
36962331 127
37027868 127
37027869 127
37027870 127
37027871 127
37093400 127
37093401 127
37093402 127
37093403 127
37158940 127
37158941 127
37158942 127
37158943 127
37224472 127
37224473 127
37224474 127
37224475 127
37290012 127
37290013 127
37290014 127
37290015 127
37355544 127
37355545 127
37355546 127
37355547 127
37421084 127
37421085 127
37421086 127
37421087 127
37486616 127
37486617 127
37486618 127
37486619 127
37552156 127
37552157 127
37552158 127
37552159 127
37617688 127
37617689 127
37617690 127
37617691 127
37683228 127
37683229 127
37683230 127
37683231 127
37748760 127
37748761 127
37748762 127
37748763 127
37814300 127
37814301 127
37814302 127
37814303 127
37879832 127
37879833 127
37879834 127
37879835 127
37945372 127
37945373 127
37945374 127
37945375 127
38010904 127
38010905 127
38010906 127
38010907 127
38076444 127
38076445 127
38076446 127
38076447 127
38141976 127
38141977 127
38141978 127
38141979 127
38207516 127
38207517 127
38207518 127
38207519 127
38273048 127
38273049 127
38273050 127
38273051 127
38338588 127
38338589 127
38338590 127
38338591 127
38404120 127
38404121 127
38404122 127
38404123 127
38469660 127
38469661 127
38469662 127
38469663 127
38535192 127
38535193 127
38535194 127
38535195 127
38600732 127
38600733 127
38600734 127
38600735 127
38666264 127
38666265 127
38666266 127
38666267 127
38731804 127
38731805 127
38731806 127
38731807 127
38797336 127
38797337 127
38797338 127
38797339 127
38862876 127
38862877 127
38862878 127
38862879 127
38928408 127
38928409 127
38928410 127
38928411 127
38993948 127
38993949 127
38993950 127
38993951 127
39059480 127
39059481 127
39059482 127
39059483 127
39125020 127
39125021 127
39125022 127
39125023 127
39190552 127
39190553 127
39190554 127
39190555 127
39256092 127
39256093 127
39256094 127
39256095 127
39321624 127
39321625 127
39321626 127
39321627 127
39387164 127
39387165 127
39387166 127
39387167 127
39452696 127
39452697 127
39452698 127
39452699 127
39518236 127
39518237 127
39518238 127
39518239 127
39583768 127
39583769 127
39583770 127
39583771 127
39649308 127
39649309 127
39649310 127
39649311 127
39714840 127
39714841 127
39714842 127
39714843 127
39780380 127
39780381 127
39780382 127
39780383 127
39845912 127
39845913 127
39845914 127
39845915 127
39911452 127
39911453 127
39911454 127
39911455 127
39976984 127
39976985 127
39976986 127
39976987 127
40042524 127
40042525 127
40042526 127
40042527 127
40108056 127
40108057 127
40108058 127
40108059 127
40173596 127
40173597 127
40173598 127
40173599 127
40239128 127
40239129 127
40239130 127
40239131 127
40304668 127
40304669 127
40304670 127
40304671 127
40370200 127
40370201 127
40370202 127
40370203 127
40435740 127
40435741 127
40435742 127
40435743 127
40501272 127
40501273 127
40501274 127
40501275 127
40566812 127
40566813 127
40566814 127
40566815 127
40632344 127
40632345 127
40632346 127
40632347 127
40697884 127
40697885 127
40697886 127
40697887 127
40763416 127
40763417 127
40763418 127
40763419 127
40828956 127
40828957 127
40828958 127
40828959 127
40894488 127
40894489 127
40894490 127
40894491 127
40960028 127
40960029 127
40960030 127
40960031 127
41025560 127
41025561 127
41025562 127
41025563 127
41091100 127
41091101 127
41091102 127
41091103 127
41156632 127
41156633 127
41156634 127
41156635 127
41222172 127
41222173 127
41222174 127
41222175 127
41287704 127
41287705 127
41287706 127
41287707 127
41353244 127
41353245 127
41353246 127
41353247 127
41418776 127
41418777 127
41418778 127
41418779 127
41484316 127
41484317 127
41484318 127
41484319 127
41549848 127
41549849 127
41549850 127
41549851 127
41615388 127
41615389 127
41615390 127
41615391 127
41680920 127
41680921 127
41680922 127
41680923 127
41746460 127
41746461 127
41746462 127
41746463 127
41811992 127
41811993 127
41811994 127
41811995 127
41877532 127
41877533 127
41877534 127
41877535 127
41943064 127
41943065 127
41943066 127
41943067 127
42008604 127
42008605 127
42008606 127
42008607 127
42074136 127
42074137 127
42074138 127
42074139 127
42139676 127
42139677 127
42139678 127
42139679 127
42205208 127
42205209 127
42205210 127
42205211 127
42270748 127
42270749 127
42270750 127
42270751 127
42336280 127
42336281 127
42336282 127
42336283 127
42401820 127
42401821 127
42401822 127
42401823 127
42467352 127
42467353 127
42467354 127
42467355 127
42532892 127
42532893 127
42532894 127
42532895 127
42598424 127
42598425 127
42598426 127
42598427 127
42663964 127
42663965 127
42663966 127
42663967 127
42729496 127
42729497 127
42729498 127
42729499 127
42795036 127
42795037 127
42795038 127
42795039 127
42860568 127
42860569 127
42860570 127
42860571 127
42926108 127
42926109 127
42926110 127
42926111 127
42991640 127
42991641 127
42991642 127
42991643 127
43057180 127
43057181 127
43057182 127
43057183 127
43122712 127
43122713 127
43122714 127
43122715 127
43188252 127
43188253 127
43188254 127
43188255 127
43253784 127
43253785 127
43253786 127
43253787 127
43319324 127
43319325 127
43319326 127
43319327 127
43384856 127
43384857 127
43384858 127
43384859 127
43450396 127
43450397 127
43450398 127
43450399 127
43515928 127
43515929 127
43515930 127
43515931 127
43581468 127
43581469 127
43581470 127
43581471 127
43647000 127
43647001 127
43647002 127
43647003 127
43712540 127
43712541 127
43712542 127
43712543 127
43778072 127
43778073 127
43778074 127
43778075 127
43843612 127
43843613 127
43843614 127
43843615 127
43909144 127
43909145 127
43909146 127
43909147 127
43974684 127
43974685 127
43974686 127
43974687 127
44040224 127
44040225 127
44040226 127
44040227 127
44105764 127
44105765 127
44105766 127
44105767 127
44171296 127
44171297 127
44171298 127
44171299 127
44236836 127
44236837 127
44236838 127
44236839 127
44302368 127
44302369 127
44302370 127
44302371 127
44367908 127
44367909 127
44367910 127
44367911 127
44433440 127
44433441 127
44433442 127
44433443 127
44498980 127
44498981 127
44498982 127
44498983 127
44564512 127
44564513 127
44564514 127
44564515 127
44630052 127
44630053 127
44630054 127
44630055 127
44695584 127
44695585 127
44695586 127
44695587 127
44761124 127
44761125 127
44761126 127
44761127 127
44826656 127
44826657 127
44826658 127
44826659 127
44892196 127
44892197 127
44892198 127
44892199 127
44957728 127
44957729 127
44957730 127
44957731 127
45023268 127
45023269 127
45023270 127
45023271 127
45088800 127
45088801 127
45088802 127
45088803 127
45154340 127
45154341 127
45154342 127
45154343 127
45219872 127
45219873 127
45219874 127
45219875 127
45285412 127
45285413 127
45285414 127
45285415 127
45350944 127
45350945 127
45350946 127
45350947 127
45416484 127
45416485 127
45416486 127
45416487 127
45482016 127
45482017 127
45482018 127
45482019 127
45547556 127
45547557 127
45547558 127
45547559 127
45613088 127
45613089 127
45613090 127
45613091 127
45678628 127
45678629 127
45678630 127
45678631 127
45744160 127
45744161 127
45744162 127
45744163 127
45809700 127
45809701 127
45809702 127
45809703 127
45875232 127
45875233 127
45875234 127
45875235 127
45940772 127
45940773 127
45940774 127
45940775 127
46006304 127
46006305 127
46006306 127
46006307 127
46071844 127
46071845 127
46071846 127
46071847 127
46137376 127
46137377 127
46137378 127
46137379 127
46202916 127
46202917 127
46202918 127
46202919 127
46268448 127
46268449 127
46268450 127
46268451 127
46333988 127
46333989 127
46333990 127
46333991 127
46399520 127
46399521 127
46399522 127
46399523 127
46465060 127
46465061 127
46465062 127
46465063 127
46530592 127
46530593 127
46530594 127
46530595 127
46596132 127
46596133 127
46596134 127
46596135 127
46661664 127
46661665 127
46661666 127
46661667 127
46727204 127
46727205 127
46727206 127
46727207 127
46792736 127
46792737 127
46792738 127
46792739 127
46858276 127
46858277 127
46858278 127
46858279 127
46923808 127
46923809 127
46923810 127
46923811 127
46989348 127
46989349 127
46989350 127
46989351 127
47054880 127
47054881 127
47054882 127
47054883 127
47120420 127
47120421 127
47120422 127
47120423 127
47185952 127
47185953 127
47185954 127
47185955 127
47251492 127
47251493 127
47251494 127
47251495 127
47317024 127
47317025 127
47317026 127
47317027 127
47382564 127
47382565 127
47382566 127
47382567 127
47448096 127
47448097 127
47448098 127
47448099 127
47513636 127
47513637 127
47513638 127
47513639 127
47579168 127
47579169 127
47579170 127
47579171 127
47644708 127
47644709 127
47644710 127
47644711 127
47710240 127
47710241 127
47710242 127
47710243 127
47775780 127
47775781 127
47775782 127
47775783 127
47841312 127
47841313 127
47841314 127
47841315 127
47906852 127
47906853 127
47906854 127
47906855 127
47972384 127
47972385 127
47972386 127
47972387 127
48037924 127
48037925 127
48037926 127
48037927 127
48103456 127
48103457 127
48103458 127
48103459 127
48168996 127
48168997 127
48168998 127
48168999 127
48234528 127
48234529 127
48234530 127
48234531 127
48300068 127
48300069 127
48300070 127
48300071 127
48365600 127
48365601 127
48365602 127
48365603 127
48431140 127
48431141 127
48431142 127
48431143 127
48496672 127
48496673 127
48496674 127
48496675 127
48562212 127
48562213 127
48562214 127
48562215 127
48627744 127
48627745 127
48627746 127
48627747 127
48693284 127
48693285 127
48693286 127
48693287 127
48758816 127
48758817 127
48758818 127
48758819 127
48824356 127
48824357 127
48824358 127
48824359 127
48889888 127
48889889 127
48889890 127
48889891 127
48955428 127
48955429 127
48955430 127
48955431 127
49020960 127
49020961 127
49020962 127
49020963 127
49086500 127
49086501 127
49086502 127
49086503 127
49152032 127
49152033 127
49152034 127
49152035 127
49217572 127
49217573 127
49217574 127
49217575 127
49283104 127
49283105 127
49283106 127
49283107 127
49348644 127
49348645 127
49348646 127
49348647 127
49414176 127
49414177 127
49414178 127
49414179 127
49479716 127
49479717 127
49479718 127
49479719 127
49545248 127
49545249 127
49545250 127
49545251 127
49610788 127
49610789 127
49610790 127
49610791 127
49676320 127
49676321 127
49676322 127
49676323 127
49741860 127
49741861 127
49741862 127
49741863 127
49807392 127
49807393 127
49807394 127
49807395 127
49872932 127
49872933 127
49872934 127
49872935 127
49938464 127
49938465 127
49938466 127
49938467 127
50004004 127
50004005 127
50004006 127
50004007 127
50069536 127
50069537 127
50069538 127
50069539 127
50135076 127
50135077 127
50135078 127
50135079 127
50200608 127
50200609 127
50200610 127
50200611 127
50266148 127
50266149 127
50266150 127
50266151 127
50331680 127
50331681 127
50331682 127
50331683 127
50397220 127
50397221 127
50397222 127
50397223 127
50462752 127
50462753 127
50462754 127
50462755 127
50528292 127
50528293 127
50528294 127
50528295 127
50593824 127
50593825 127
50593826 127
50593827 127
50659364 127
50659365 127
50659366 127
50659367 127
50724896 127
50724897 127
50724898 127
50724899 127
50790436 127
50790437 127
50790438 127
50790439 127
50855968 127
50855969 127
50855970 127
50855971 127
50921508 127
50921509 127
50921510 127
50921511 127
50987040 127
50987041 127
50987042 127
50987043 127
51052580 127
51052581 127
51052582 127
51052583 127
51118112 127
51118113 127
51118114 127
51118115 127
51183652 127
51183653 127
51183654 127
51183655 127
51249184 127
51249185 127
51249186 127
51249187 127
51314724 127
51314725 127
51314726 127
51314727 127
51380256 127
51380257 127
51380258 127
51380259 127
51445796 127
51445797 127
51445798 127
51445799 127
51511328 127
51511329 127
51511330 127
51511331 127
51576868 127
51576869 127
51576870 127
51576871 127
51642400 127
51642401 127
51642402 127
51642403 127
51707940 127
51707941 127
51707942 127
51707943 127
51773472 127
51773473 127
51773474 127
51773475 127
51839012 127
51839013 127
51839014 127
51839015 127
51904544 127
51904545 127
51904546 127
51904547 127
51970084 127
51970085 127
51970086 127
51970087 127
52035616 127
52035617 127
52035618 127
52035619 127
52101156 127
52101157 127
52101158 127
52101159 127
52166688 127
52166689 127
52166690 127
52166691 127
52232228 127
52232229 127
52232230 127
52232231 127
52297760 127
52297761 127
52297762 127
52297763 127
52363300 127
52363301 127
52363302 127
52363303 127
52428832 127
52428833 127
52428834 127
52428835 127
52494372 127
52494373 127
52494374 127
52494375 127
52559904 127
52559905 127
52559906 127
52559907 127
52625444 127
52625445 127
52625446 127
52625447 127
52690976 127
52690977 127
52690978 127
52690979 127
52756516 127
52756517 127
52756518 127
52756519 127
52822048 127
52822049 127
52822050 127
52822051 127
52887588 127
52887589 127
52887590 127
52887591 127
52953120 127
52953121 127
52953122 127
52953123 127
53018660 127
53018661 127
53018662 127
53018663 127
53084192 127
53084193 127
53084194 127
53084195 127
53149732 127
53149733 127
53149734 127
53149735 127
53215264 127
53215265 127
53215266 127
53215267 127
53280804 127
53280805 127
53280806 127
53280807 127
53346336 127
53346337 127
53346338 127
53346339 127
53411876 127
53411877 127
53411878 127
53411879 127
53477408 127
53477409 127
53477410 127
53477411 127
53542948 127
53542949 127
53542950 127
53542951 127
53608480 127
53608481 127
53608482 127
53608483 127
53674020 127
53674021 127
53674022 127
53674023 127
53739552 127
53739553 127
53739554 127
53739555 127
53805092 127
53805093 127
53805094 127
53805095 127
53870624 127
53870625 127
53870626 127
53870627 127
53936164 127
53936165 127
53936166 127
53936167 127
54001696 127
54001697 127
54001698 127
54001699 127
54067236 127
54067237 127
54067238 127
54067239 127
54132768 127
54132769 127
54132770 127
54132771 127
54198308 127
54198309 127
54198310 127
54198311 127
54263840 127
54263841 127
54263842 127
54263843 127
54329380 127
54329381 127
54329382 127
54329383 127
54394912 127
54394913 127
54394914 126
54394915 127
54460452 127
54460453 127
54460454 127
54460455 127
54525984 127
54525985 127
54525986 127
54525987 127
54591524 127
54591525 127
54591526 127
54591527 127
54657056 127
54657057 127
54657058 127
54657059 127
54722596 127
54722597 127
54722598 127
54722599 127
54788128 127
54788129 127
54788130 127
54788131 127
54853668 127
54853669 127
54853670 127
54853671 127
54919200 127
54919201 127
54919202 127
54919203 127
54984740 127
54984741 127
54984742 127
54984743 127
55050280 127
55050281 127
55050282 127
55050283 127
55115820 127
55115821 127
55115822 127
55115823 127
55181352 127
55181353 127
55181354 127
55181355 127
55246892 127
55246893 127
55246894 127
55246895 127
55312424 127
55312425 127
55312426 127
55312427 127
55377964 127
55377965 127
55377966 127
55377967 127
55443496 127
55443497 127
55443498 127
55443499 127
55509036 127
55509037 127
55509038 127
55509039 127
55574568 127
55574569 127
55574570 127
55574571 127
55640108 127
55640109 127
55640110 127
55640111 127
55705640 127
55705641 127
55705642 127
55705643 127
55771180 127
55771181 127
55771182 127
55771183 127
55836712 127
55836713 127
55836714 127
55836715 127
55902252 127
55902253 127
55902254 127
55902255 127
55967784 127
55967785 127
55967786 127
55967787 127
56033324 127
56033325 127
56033326 127
56033327 127
56098856 127
56098857 127
56098858 127
56098859 127
56164396 127
56164397 127
56164398 127
56164399 127
56229928 127
56229929 127
56229930 127
56229931 127
56295468 127
56295469 127
56295470 127
56295471 127
56361000 127
56361001 127
56361002 127
56361003 127
56426540 127
56426541 127
56426542 127
56426543 127
56492072 127
56492073 127
56492074 127
56492075 127
56557612 127
56557613 127
56557614 127
56557615 127
56623144 127
56623145 127
56623146 127
56623147 127
56688684 127
56688685 127
56688686 127
56688687 127
56754216 127
56754217 127
56754218 127
56754219 127
56819756 127
56819757 127
56819758 127
56819759 127
56885288 127
56885289 127
56885290 127
56885291 127
56950828 127
56950829 127
56950830 127
56950831 127
57016360 127
57016361 127
57016362 127
57016363 127
57081900 127
57081901 127
57081902 127
57081903 127
57147432 127
57147433 127
57147434 127
57147435 127
57212972 127
57212973 127
57212974 127
57212975 127
57278504 127
57278505 127
57278506 127
57278507 127
57344044 127
57344045 127
57344046 127
57344047 127
57409576 127
57409577 127
57409578 127
57409579 127
57475116 127
57475117 127
57475118 127
57475119 127
57540648 127
57540649 127
57540650 127
57540651 127
57606188 127
57606189 127
57606190 127
57606191 127
57671720 127
57671721 127
57671722 127
57671723 127
57737260 127
57737261 127
57737262 127
57737263 127
57802792 127
57802793 127
57802794 127
57802795 127
57868332 127
57868333 127
57868334 127
57868335 127
57933864 127
57933865 127
57933866 127
57933867 127
57999404 127
57999405 127
57999406 127
57999407 127
58064936 127
58064937 127
58064938 127
58064939 127
58130476 127
58130477 127
58130478 127
58130479 127
58196008 127
58196009 127
58196010 127
58196011 127
58261548 127
58261549 127
58261550 127
58261551 127
58327080 127
58327081 127
58327082 127
58327083 127
58392620 127
58392621 127
58392622 127
58392623 127
58458152 127
58458153 127
58458154 127
58458155 127
58523692 127
58523693 127
58523694 127
58523695 127
58589224 127
58589225 127
58589226 127
58589227 127
58654764 127
58654765 127
58654766 127
58654767 127
58720296 127
58720297 127
58720298 127
58720299 127
58785836 127
58785837 127
58785838 127
58785839 127
58851368 127
58851369 127
58851370 127
58851371 127
58916908 127
58916909 127
58916910 127
58916911 127
58982440 127
58982441 127
58982442 127
58982443 127
59047980 127
59047981 127
59047982 127
59047983 127
59113512 127
59113513 127
59113514 127
59113515 127
59179052 127
59179053 127
59179054 127
59179055 127
59244584 127
59244585 127
59244586 127
59244587 127
59310124 127
59310125 127
59310126 127
59310127 127
59375656 127
59375657 127
59375658 127
59375659 127
59441196 127
59441197 127
59441198 127
59441199 127
59506728 127
59506729 127
59506730 127
59506731 127
59572268 127
59572269 127
59572270 127
59572271 127
59637800 127
59637801 127
59637802 127
59637803 127
59703340 127
59703341 127
59703342 127
59703343 127
59768872 127
59768873 127
59768874 127
59768875 127
59834412 127
59834413 127
59834414 127
59834415 127
59899944 127
59899945 127
59899946 127
59899947 127
59965484 127
59965485 127
59965486 127
59965487 127
60031016 127
60031017 127
60031018 127
60031019 127
60096556 127
60096557 127
60096558 127
60096559 127
60162088 127
60162089 127
60162090 127
60162091 127
60227628 127
60227629 127
60227630 127
60227631 127
60293160 127
60293161 127
60293162 127
60293163 127
60358700 127
60358701 127
60358702 127
60358703 127
60424232 127
60424233 127
60424234 127
60424235 127
60489772 127
60489773 127
60489774 127
60489775 127
60555304 127
60555305 127
60555306 127
60555307 127
60620844 127
60620845 127
60620846 127
60620847 127
60686376 127
60686377 127
60686378 127
60686379 127
60751916 127
60751917 127
60751918 127
60751919 127
60817448 127
60817449 127
60817450 127
60817451 127
60882988 127
60882989 127
60882990 127
60882991 127
60948520 127
60948521 127
60948522 127
60948523 127
61014060 127
61014061 127
61014062 127
61014063 127
61079592 127
61079593 127
61079594 127
61079595 127
61145132 127
61145133 127
61145134 127
61145135 127
61210664 127
61210665 127
61210666 127
61210667 127
61276204 127
61276205 127
61276206 127
61276207 127
61341736 127
61341737 127
61341738 127
61341739 127
61407276 127
61407277 127
61407278 127
61407279 127
61472808 127
61472809 127
61472810 127
61472811 127
61538348 127
61538349 127
61538350 127
61538351 127
61603880 127
61603881 127
61603882 127
61603883 127
61669420 127
61669421 127
61669422 127
61669423 127
61734952 127
61734953 127
61734954 127
61734955 127
61800492 127
61800493 127
61800494 127
61800495 127
61866024 127
61866025 127
61866026 127
61866027 127
61931564 127
61931565 127
61931566 127
61931567 127
61997096 127
61997097 127
61997098 127
61997099 127
62062636 127
62062637 127
62062638 127
62062639 127
62128168 127
62128169 127
62128170 127
62128171 127
62193708 127
62193709 127
62193710 127
62193711 127
62259240 127
62259241 127
62259242 127
62259243 127
62324780 127
62324781 127
62324782 127
62324783 127
62390312 127
62390313 127
62390314 127
62390315 127
62455852 127
62455853 127
62455854 127
62455855 127
62521384 127
62521385 127
62521386 127
62521387 127
62586924 127
62586925 127
62586926 127
62586927 127
62652456 127
62652457 127
62652458 127
62652459 127
62717996 127
62717997 127
62717998 127
62717999 127
62783528 127
62783529 127
62783530 127
62783531 127
62849068 127
62849069 127
62849070 127
62849071 127
62914600 127
62914601 127
62914602 127
62914603 127
62980140 127
62980141 127
62980142 127
62980143 127
63045672 127
63045673 127
63045674 127
63045675 127
63111212 127
63111213 127
63111214 127
63111215 127
63176744 127
63176745 127
63176746 127
63176747 127
63242284 127
63242285 127
63242286 127
63242287 127
63307816 127
63307817 127
63307818 127
63307819 127
63373356 127
63373357 127
63373358 127
63373359 127
63438888 127
63438889 127
63438890 127
63438891 127
63504428 127
63504429 127
63504430 127
63504431 127
63569960 127
63569961 127
63569962 127
63569963 127
63635500 127
63635501 127
63635502 127
63635503 127
63701032 127
63701033 127
63701034 127
63701035 127
63766572 127
63766573 127
63766574 127
63766575 127
63832104 127
63832105 127
63832106 127
63832107 127
63897644 127
63897645 127
63897646 127
63897647 127
63963176 127
63963177 127
63963178 127
63963179 127
64028716 127
64028717 127
64028718 127
64028719 127
64094248 127
64094249 127
64094250 127
64094251 127
64159788 127
64159789 127
64159790 127
64159791 127
64225320 127
64225321 127
64225322 127
64225323 127
64290860 127
64290861 127
64290862 127
64290863 127
64356392 127
64356393 127
64356394 127
64356395 127
64421932 127
64421933 127
64421934 127
64421935 127
64487464 127
64487465 127
64487466 127
64487467 127
64553004 127
64553005 127
64553006 127
64553007 127
64618536 127
64618537 127
64618538 127
64618539 127
64684076 127
64684077 127
64684078 127
64684079 127
64749608 127
64749609 127
64749610 127
64749611 127
64815148 127
64815149 127
64815150 127
64815151 127
64880680 127
64880681 127
64880682 127
64880683 127
64946220 127
64946221 127
64946222 127
64946223 127
65011752 127
65011753 127
65011754 127
65011755 127
65077292 127
65077293 127
65077294 127
65077295 127
65142824 127
65142825 127
65142826 127
65142827 127
65208364 127
65208365 127
65208366 127
65208367 127
65273896 127
65273897 127
65273898 127
65273899 127
65339436 127
65339437 127
65339438 127
65339439 127
65404968 127
65404969 127
65404970 127
65404971 127
65470508 127
65470509 127
65470510 127
65470511 127
65536040 127
65536041 127
65536042 127
65536043 127
65601580 127
65601581 127
65601582 127
65601583 127
65667112 127
65667113 127
65667114 127
65667115 127
65732652 127
65732653 127
65732654 127
65732655 127
65798184 127
65798185 127
65798186 127
65798187 127
65863724 127
65863725 127
65863726 127
65863727 127
65929256 127
65929257 127
65929258 127
65929259 127
65994796 127
65994797 127
65994798 127
65994799 127
66060292 127
66060294 127
66060295 127
66060297 127
66125832 127
66125834 127
66125835 127
66125837 127
66191364 127
66191370 127
66191371 127
66191373 127
66256908 127
66256910 127
66256911 127
66256913 127
66322433 127
66322436 127
66322438 127
66322455 127
66387969 127
66387972 127
66387975 127
66387978 127
66453505 127
66453515 127
66453520 127
66453522 127
66519040 127
66519041 127
66519042 127
66519043 127
66584581 127
66584584 127
66584594 127
66584615 127
66650125 127
66650127 127
66650128 127
66650142 127
66715680 127
66715685 127
66715686 127
66715691 127
66781208 127
66781211 127
66781217 127
66781218 127
66846723 127
66846725 127
66846726 127
66846732 127
66912265 127
66912266 127
66912267 127
66912272 127
66977805 127
66977806 127
66977807 127
66977824 127
67043328 127
67043329 127
67043343 127
67043354 127
67108864 127
67108889 127
67108890 127
67108891 127
67174400 127
67174401 127
67174403 127
67174430 127
67239951 127
67239952 127
67239969 127
67239978 127
67305477 127
67305482 127
67305500 127
67305503 127
67371012 127
67371013 127
67371014 127
67371015 127
67436552 127
67436558 127
67436561 127
67436571 127
67502099 127
67502112 127
67502114 127
67502121 127
67567616 127
67567625 127
67567630 127
67567631 127
67633164 127
67633169 127
67633171 127
67633190 127
67698693 127
67698694 127
67698699 127
67698704 127
67764244 127
67764245 127
67764266 127
67764267 127
67829761 127
67829776 127
67829778 127
67829779 127
67895313 127
67895316 127
67895327 127
67895330 127
67960853 127
67960868 127
67960870 127
67960875 127
68026368 127
68026369 127
68026370 127
68026371 127
68091917 127
68091918 127
68091919 127
68091920 127
68157445 127
68157447 127
68157448 127
68157462 127
68222976 127
68222977 127
68222979 127
68222990 127
68288517 127
68288528 127
68288531 127
68288534 127
68354057 127
68354058 127
68354072 127
68354075 127
68419597 127
68419606 127
68419623 127
68419624 127
68485141 127
68485143 127
68485144 127
68485150 127
68550690 127
68550699 127
68550700 127
68550701 127
68616199 127
68616201 127
68616208 127
68616214 127
68681747 127
68681752 127
68681753 127
68681754 127
68747266 127
68747269 127
68747275 127
68747292 127
68812827 127
68812828 127
68812830 127
68812841 127
68878337 127
68878338 127
68878340 127
68878351 127
68943877 127
68943882 127
68943884 127
68943891 127
69009424 127
69009425 127
69009426 127
69009431 127
69074966 127
69074972 127
69074975 127
69074977 127
69140486 127
69140501 127
69140504 127
69140507 127
69206041 127
69206044 127
69206047 127
69206054 127
69271561 127
69271563 127
69271564 127
69271570 127
69337103 127
69337104 127
69337105 127
69337114 127
69402647 127
69402652 127
69402653 127
69402654 127
69468191 127
69468192 127
69468193 127
69468198 127
69533696 127
69533698 127
69533711 127
69533713 127
69599232 127
69599235 127
69599237 127
69599250 127
69664784 127
69664785 127
69664787 127
69664790 127
69730306 127
69730309 127
69730312 127
69730315 127
69795846 127
69795849 127
69795852 127
69795855 127
69861396 127
69861399 127
69861402 127
69861405 127
69926936 127
69926943 127
69926949 127
69926950 127
69992448 127
69992449 127
69992458 127
69992471 127
70057992 127
70057997 127
70057998 127
70058015 127
70123522 127
70123524 127
70123537 127
70123551 127
70189069 127
70189076 127
70189091 127
70189094 127
70254605 127
70254624 127
70254627 127
70254634 127
70320130 127
70320131 127
70320132 127
70320133 127
70385670 127
70385672 127
70385673 127
70385683 127
70451206 127
70451208 127
70451209 127
70451223 127
70516746 127
70516752 127
70516753 127
70516779 127
70582272 127
70582273 127
70582274 127
70582275 127
70647808 127
70647809 127
70647815 127
70647818 127
70713348 127
70713349 127
70713355 127
70713358 127
70778888 127
70778890 127
70778891 127
70778893 127
70844435 127
70844438 127
70844440 127
70844441 127
70909960 127
70909971 127
70909973 127
70909974 127
70975500 127
70975511 127
70975513 127
70975514 127
71041051 127
71041052 127
71041053 127
71041066 127
71106567 127
71106568 127
71106569 127
71106574 127
71172117 127
71172118 127
71172139 127
71172140 127
71237638 127
71237663 127
71237676 127
71237677 127
71303171 127
71303176 127
71303177 127
71303198 127
71368716 127
71368717 127
71368747 127
71368750 127
71434246 127
71434264 127
71434269 127
71434275 127
71499777 127
71499784 127
71499786 127
71499787 127
71565321 127
71565327 127
71565328 127
71565338 127
71630849 127
71630851 127
71630864 127
71630866 127
71696403 127
71696405 127
71696406 127
71696408 127
71761920 127
71761921 127
71761922 127
71761923 127
71827460 127
71827462 127
71827463 127
71827465 127
71893017 127
71893019 127
71893022 127
71893024 127
71958561 127
71958563 127
71958564 127
71958566 127
72024066 127
72024067 127
72024068 127
72024069 127
72089607 127
72089608 127
72089609 127
72089622 127
72155140 127
72155143 127
72155158 127
72155173 127
72220680 127
72220706 127
72220713 127
72220715 127
72286219 127
72286228 127
72286229 127
72286246 127
72351744 127
72351775 127
72351781 127
72351790 127
72417289 127
72417299 127
72417300 127
72417302 127
72482817 127
72482820 126
72482830 127
72482835 127
72548363 127
72548366 127
72548377 127
72548384 127
72613916 127
72613921 127
72613922 127
72613935 127
72679432 127
72679442 127
72679453 127
72679459 127
72744971 127
72744973 127
72745004 127
72745006 127
72810498 127
72810500 127
72810501 127
72810503 127
72876040 127
72876041 127
72876042 127
72876043 127
72941573 127
72941576 127
72941578 127
72941587 127
73007107 127
73007121 127
73007126 127
73007136 127
73072665 127
73072666 127
73072676 127
73072679 127
73138185 127
73138192 127
73138210 127
73138219 127
73203721 127
73203726 127
73203727 127
73203728 127
73269265 127
73269266 127
73269267 127
73269280 127
73334788 127
73334791 127
73334793 127
73334794 127
73400331 127
73400332 127
73400333 127
73400334 127
73465871 127
73465874 127
73465880 127
73465897 127
73531395 127
73531400 127
73531401 127
73531402 127
73596939 127
73596941 127
73596944 127
73596950 127
73662473 127
73662475 127
73662488 127
73662506 127
73728037 127
73728043 127
73728044 127
73728046 127
73793555 127
73793560 127
73793561 127
73793566 127
73859083 127
73859085 127
73859088 127
73859094 127
73924632 127
73924633 127
73924634 127
73924651 127
73990162 127
73990180 127
73990181 127
73990183 127
74055685 127
74055686 127
74055688 127
74055691 127
74121225 127
74121226 127
74121228 127
74121231 127
74186765 127
74186768 127
74186770 127
74186779 127
74252314 127
74252316 127
74252317 127
74252323 127
74317824 127
74317826 127
74317835 127
74317837 127
74383383 127
74383394 127
74383400 127
74383405 127
74448899 127
74448901 127
74448902 127
74448904 127
74514441 127
74514442 127
74514444 127
74514455 127
74579985 127
74579988 127
74579990 127
74579995 127
74645505 127
74645515 127
74645518 127
74645520 127
74711042 127
74711045 127
74711051 127
74711052 127
74776591 127
74776592 127
74776593 127
74776594 127
74842132 127
74842133 127
74842142 127
74842159 127
74907654 127
74907664 127
74907677 127
74907691 127
74973186 127
74973188 127
74973203 127
74973205 127
75038736 127
75038738 127
75038745 127
75038751 127
75104280 127
75104282 127
75104285 127
75104291 127
75169820 127
75169829 127
75169830 127
75169831 127
75235332 127
75235334 127
75235345 127
75235351 127
75300864 127
75300865 127
75300866 127
75300867 127
75366404 127
75366406 127
75366411 127
75366413 127
75431946 127
75431951 127
75431952 127
75431961 127
75497473 127
75497475 127
75497494 127
75497508 127
75563027 127
75563028 127
75563029 127
75563038 127
75628546 127
75628547 127
75628548 127
75628553 127
75694086 127
75694099 127
75694104 127
75694105 127
75759616 127
75759621 127
75759626 127
75759627 127
75825156 127
75825161 127
75825166 127
75825167 127
75890727 127
75890730 127
75890732 127
75890733 127
75956224 127
75956225 127
75956226 127
75956227 127
76021764 127
76021767 127
76021777 127
76021782 127
76087299 127
76087302 127
76087313 127
76087328 127
76152843 127
76152844 127
76152853 127
76152870 127
76218376 127
76218401 127
76218406 127
76218407 127
76283908 127
76283911 127
76283922 127
76283933 127
76349448 127
76349451 127
76349466 127
76349477 127
76414999 127
76415006 127
76415017 127
76415020 127
76480520 127
76480533 127
76480535 127
76480538 127
76546075 127
76546076 127
76546077 127
76546078 127
76611585 127
76611588 127
76611591 127
76611594 127
76677125 127
76677132 127
76677135 127
76677138 127
76742665 127
76742676 127
76742678 127
76742679 127
76808209 127
76808216 127
76808219 127
76808222 127
76873749 127
76873766 127
76873767 127
76873772 127
76939273 127
76939275 127
76939276 127
76939302 127
77004802 127
77004803 127
77004804 127
77004805 127
77070349 127
77070352 127
77070354 127
77070355 127
77135889 127
77135892 127
77135894 127
77135911 127
77201412 127
77201415 127
77201417 127
77201426 127
77266949 127
77266971 127
77266982 127
77266984 127
77332480 127
77332487 127
77332493 127
77332494 127
77398016 127
77398019 127
77398021 127
77398022 127
77463559 127
77463560 127
77463561 127
77463566 127
77529095 127
77529096 127
77529098 127
77529101 127
77594635 127
77594636 127
77594638 127
77594641 127
77660171 127
77660201 127
77660204 127
77660206 127
77725711 127
77725712 127
77725729 127
77725730 127
77791250 127
77791252 127
77791253 127
77791255 127
77856779 127
77856792 127
77856793 127
77856794 127
77922334 127
77922336 127
77922339 127
77922345 127
77987854 127
77987855 127
77987865 127
77987884 127
78053388 127
78053401 127
78053402 127
78053403 127
78118940 127
78118945 127
78118954 127
78118955 127
78184462 127
78184473 127
78184476 127
78184495 127
78250014 127
78250015 127
78250016 127
78250029 127
78315540 127
78315541 127
78315554 127
78315559 127
78381068 127
78381078 127
78381089 127
78381103 127
78446592 127
78446593 127
78446599 127
78446602 127
78512132 127
78512137 127
78512142 127
78512143 127
78577665 127
78577666 127
78577668 127
78577675 127
78643205 127
78643206 127
78643208 127
78643247 127
78708749 127
78708752 127
78708755 127
78708758 127
78774289 127
78774299 127
78774302 127
78774308 127
78839809 127
78839814 127
78839827 127
78839836 127
78905363 127
78905372 127
78905373 127
78905378 127
78970885 127
78970892 127
78970910 127
78970911 127
79036422 127
79036452 127
79036459 127
79036461 127
79101964 127
79101966 127
79101969 127
79101979 127
79167506 127
79167508 127
79167519 127
79167525 127
79233030 127
79233033 127
79233035 127
79233044 127
79298584 127
79298585 127
79298586 127
79298587 127
79364099 127
79364102 127
79364104 127
79364105 127
79429642 127
79429648 127
79429651 127
79429661 127
79495198 127
79495203 127
79495205 127
79495208 127
79560724 127
79560733 127
79560738 127
79560747 127
79626277 127
79626280 127
79626282 127
79626287 127
79691778 127
79691780 127
79691797 127
79691803 127
79757344 127
79757345 127
79757346 127
79757347 127
79822849 127
79822858 127
79822864 127
79822883 127
79888399 127
79888402 127
79888404 127
79888405 127
79953932 127
79953934 127
79953949 127
79953967 127
80019478 127
80019483 127
80019492 127
80019497 127
80084998 127
80085003 127
80085012 127
80085029 127
80150532 127
80150535 127
80150537 127
80150538 127
80216076 127
80216077 127
80216078 127
80216079 127
80281612 127
80281615 127
80281629 127
80281630 127
80347155 127
80347168 127
80347169 127
80347170 127
80412685 127
80412688 127
80412691 127
80412694 127
80478228 127
80478229 127
80478231 127
80478234 127
80543769 127
80543772 127
80543775 127
80543778 127
80609280 127
80609295 127
80609301 127
80609310 127
80674818 127
80674828 127
80674833 127
80674839 127
80740352 127
80740353 127
80740354 127
80740355 127
80805893 127
80805896 127
80805899 127
80805902 127
80871436 127
80871437 127
80871447 127
80871454 127
80936976 127
80936977 127
80936991 127
80936994 127
81002498 127
81002500 127
81002501 127
81002527 127
81068038 127
81068045 127
81068048 127
81068079 127
81133568 127
81133571 127
81133577 127
81133582 127
81199115 127
81199116 127
81199133 127
81199150 127
81264647 127
81264664 127
81264665 127
81264666 127
81330195 127
81330198 127
81330200 127
81330201 127
81395735 127
81395740 127
81395742 127
81395745 127
81461253 127
81461262 127
81461263 127
81461264 127
81526793 127
81526802 127
81526803 127
81526804 127
81592355 127
81592357 127
81592358 127
81592360 127
81657857 127
81657859 127
81657872 127
81657882 127
81723392 127
81723393 127
81723394 127
81723395 127
81788933 127
81788936 127
81788938 127
81788939 127
81854473 127
81854476 127
81854483 127
81854486 127
81920000 127
81920002 127
81920003 127
81920013 127
81985550 127
81985556 127
81985557 127
81985579 127
82051073 127
82051083 127
82051086 127
82051088 127
82116621 127
82116627 127
82116628 127
82116630 127
82182145 127
82182146 127
82182148 127
82182151 127
82247697 127
82247699 127
82247700 127
82247702 127
82313233 127
82313239 127
82313244 127
82313250 127
82378776 127
82378779 127
82378785 127
82378786 127
82444301 127
82444306 127
82444308 127
82444319 127
82509852 127
82509862 127
82509865 127
82509867 127
82575362 127
82575364 127
82575373 127
82575383 127
82640902 127
82640908 127
82640921 127
82640923 127
82706433 127
82706443 127
82706446 127
82706460 127
82771985 127
82771986 127
82771987 127
82772004 127
82837524 127
82837526 127
82837533 127
82837539 127
82903065 127
82903070 127
82903071 127
82903080 127
82968598 127
82968600 127
82968603 127
82968605 127
83034138 127
83034143 127
83034149 127
83034152 127
83099662 127
83099677 127
83099691 127
83099692 127
83165188 127
83165199 127
83165201 127
83165202 127
83230723 127
83230724 127
83230741 127
83230742 127
83296263 127
83296276 127
83296286 127
83296289 127
83361793 127
83361794 127
83361795 127
83361796 127
83427336 127
83427339 127
83427342 127
83427349 127
83492867 127
83492874 127
83492881 127
83492904 127
83558400 127
83558401 127
83558402 127
83558423 127
83623950 127
83623963 127
83623964 127
83623969 127
83689488 127
83689491 127
83689498 127
83689509 127
83755012 127
83755045 127
83755047 127
83755050 127
83820557 127
83820583 127
83820584 127
83820590 127
83886088 127
83886090 127
83886115 127
83886117 127
83951623 127
83951642 127
83951648 127
83951649 127
84017158 127
84017160 127
84017177 127
84017187 127
84082702 127
84082724 127
84082733 127
84082735 127
84148227 127
84148254 127
84148257 127
84148264 127
84213760 127
84213762 127
84213763 127
84213765 127
84279305 127
84279306 127
84279307 127
84279308 127
84344833 127
84344834 127
84344847 127
84344848 127
84410381 127
84410386 127
84410387 127
84410388 127
84475917 127
84475918 127
84475920 127
84475923 127
84541441 127
84541451 127
84541454 127
84541476 127
84607016 127
84607017 127
84607022 127
84607023 127
84672525 127
84672526 127
84672544 127
84672559 127
84738051 127
84738054 127
84738056 127
84738057 127
84803591 127
84803594 127
84803597 127
84803604 127
84869129 127
84869131 127
84869132 127
84869134 127
84934671 127
84934682 127
84934685 127
84934688 127
85000203 127
85000209 127
85000210 127
85000236 127
85065728 127
85065741 127
85065742 127
85065747 127
85131293 127
85131304 127
85131306 127
85131307 127
85196816 127
85196818 127
85196819 127
85196833 127
85262368 127
85262371 127
85262373 127
85262378 127
85327879 127
85327894 127
85327896 127
85327901 127
85393412 127
85393417 127
85393427 127
85393430 127
85458964 127
85458969 127
85458974 127
85458975 127
85524504 127
85524507 127
85524518 127
85524525 127
85590021 127
85590024 127
85590038 127
85590039 127
85655556 127
85655557 127
85655559 127
85655570 127
85721097 127
85721100 127
85721110 127
85721111 127
85786631 127
85786634 127
85786636 127
85786653 127
85852174 127
85852192 127
85852195 127
85852205 127
85917702 127
85917707 127
85917721 127
85917736 127
85983263 127
85983273 127
85983274 127
85983276 127
86048778 127
86048785 127
86048812 127
86048815 127
86114305 127
86114311 127
86114326 127
86114340 127
86179841 127
86179842 127
86179843 127
86179844 127
86245381 127
86245382 127
86245384 127
86245395 127
86310921 127
86310926 127
86310928 127
86310935 127
86376461 127
86376466 127
86376468 127
86376487 127
86441988 127
86441991 127
86441993 127
86441994 127
86507532 127
86507545 127
86507547 127
86507550 127
86573061 127
86573079 127
86573080 127
86573094 127
86638617 127
86638619 127
86638636 127
86638638 127
86704128 127
86704133 127
86704143 127
86704146 127
86769680 127
86769681 127
86769683 127
86769686 127
86835202 127
86835208 127
86835223 127
86835241 127
86900748 127
86900749 127
86900762 127
86900763 127
86966297 127
86966300 127
86966303 127
86966310 127
87031808 127
87031810 127
87031813 127
87031823 127
87097356 127
87097361 127
87097362 127
87097375 127
87162909 127
87162915 127
87162916 127
87162926 127
87228448 127
87228449 127
87228450 127
87228451 127
87293987 127
87293989 127
87293996 127
87293998 127
87359494 127
87359512 127
87359515 127
87359517 127
87425030 127
87425053 127
87425063 127
87425064 127
87490560 127
87490562 127
87490565 127
87490567 127
87556106 127
87556113 127
87556116 127
87556127 127
87621634 127
87621659 127
87621660 127
87621665 127
87687190 127
87687203 127
87687205 127
87687208 127
87752725 127
87752732 127
87752739 127
87752750 127
87818250 127
87818251 127
87818252 127
87818253 127
87883790 127
87883795 127
87883800 127
87883801 127
87949312 127
87949313 127
87949315 127
87949318 127
88014864 127
88014865 127
88014875 127
88014878 127
88080406 127
88080411 127
88080412 127
88080413 127
88145950 127
88145951 127
88145952 127
88145953 127
88211476 127
88211489 127
88211491 127
88211494 127
88277002 127
88277007 127
88277012 127
88277013 127
88342546 127
88342557 127
88342560 127
88342563 127
88408098 127
88408103 127
88408104 127
88408105 127
88473600 127
88473603 127
88473614 127
88473617 127
88539143 127
88539157 127
88539166 127
88539168 127
88604673 127
88604678 127
88604679 127
88604700 127
88670218 127
88670223 127
88670229 127
88670244 127
88735759 127
88735765 127
88735766 127
88735780 127
88801299 127
88801306 127
88801308 127
88801313 127
88866823 127
88866837 127
88866856 127
88866862 127
88932357 127
88932371 127
88932394 127
88932396 127
88997889 127
88997906 127
88997908 127
88997923 127
89063433 127
89063456 127
89063462 127
89063463 127
89128974 127
89128983 127
89128985 127
89129000 127
89194496 127
89194499 127
89194510 127
89194521 127
89260033 127
89260052 127
89260066 127
89260067 127
89325579 127
89325586 127
89325592 127
89325593 127
89391131 127
89391132 127
89391133 127
89391134 127
89456650 127
89456653 127
89456664 127
89456667 127
89522176 127
89522186 127
89522189 127
89522211 127
89587737 127
89587743 127
89587748 127
89587758 127
89653275 127
89653286 127
89653288 127
89653289 127
89718784 127
89718798 127
89718805 127
89718827 127
89784328 127
89784357 127
89784358 127
89784363 127
89849874 127
89849877 127
89849883 127
89849892 127
89915417 127
89915422 127
89915423 127
89915428 127
89980972 127
89980973 127
89980974 127
89980975 127
90046468 127
90046485 127
90046486 127
90046487 127
90112000 127
90112005 127
90112034 127
90112039 127
90177560 127
90177563 127
90177573 127
90177574 127
90243083 127
90243096 127
90243098 127
90243101 127
90308615 127
90308642 127
90308645 127
90308652 127
90374176 127
90374181 127
90374183 127
90374190 127
90439680 127
90439682 127
90439683 127
90439685 127
90505222 127
90505223 127
90505224 127
90505233 127
90570763 127
90570768 127
90570770 127
90570773 127
90636308 126
90636310 127
90636311 127
90636317 127
90701824 127
90701827 127
90701829 127
90701830 127
90767367 127
90767374 127
90767377 127
90767392 127
90832920 127
90832922 127
90832931 127
90832933 127
90898432 127
90898435 127
90898442 127
90898449 127
90963975 127
90963996 127
90963997 127
90964006 127
91029536 127
91029545 127
91029546 127
91029547 127
91095058 127
91095061 127
91095068 127
91095079 127
91160589 127
91160591 127
91160610 127
91160612 127
91226118 127
91226127 127
91226129 127
91226132 127
91291654 127
91291661 127
91291663 127
91291676 127
91357202 127
91357209 127
91357216 127
91357227 127
91422727 127
91422748 127
91422753 127
91422766 127
91488295 127
91488296 127
91488298 127
91488301 127
91553829 127
91553830 127
91553836 127
91553839 127
91619330 127
91619332 127
91619355 127
91619357 127
91684865 127
91684871 127
91684886 127
91684900 127
91750433 127
91750438 127
91750440 127
91750443 127
91815937 127
91815943 127
91815944 127
91815970 127
91881484 127
91881489 127
91881499 127
91881518 127
91947015 127
91947020 127
91947026 127
91947029 127
92012555 127
92012564 127
92012570 127
92012577 127
92078081 127
92078095 127
92078120 127
92078122 127
92143616 127
92143619 127
92143622 127
92143641 127
92209160 127
92209171 127
92209185 127
92209194 127
92274694 127
92274701 127
92274708 127
92274711 127
92340232 127
92340255 127
92340257 127
92340258 127
92405778 127
92405791 127
92405793 127
92405796 127
92471320 127
92471327 127
92471329 127
92471338 127
92536832 127
92536857 127
92536858 127
92536867 127
92602368 127
92602375 127
92602386 127
92602389 127
92667910 127
92667917 127
92667919 127
92667924 127
92733463 127
92733474 127
92733476 127
92733485 127
92799002 127
92799016 127
92799019 127
92799021 127
92864516 127
92864526 127
92864539 127
92864553 127
92930050 127
92930052 127
92930055 127
92930069 127
92995600 127
92995602 127
92995607 127
92995609 127
93061121 127
93061124 127
93061126 127
93061135 127
93126665 127
93126670 127
93126672 127
93126679 127
93192216 127
93192218 127
93192221 127
93192231 127
93257743 127
93257752 127
93257753 127
93257758 127
93323291 127
93323292 127
93323305 127
93323306 127
93388806 127
93388820 127
93388829 127
93388831 127
93454342 127
93454356 127
93454369 127
93454379 127
93519894 127
93519916 127
93519917 127
93519919 127
93585420 127
93585422 127
93585429 127
93585447 127
93650957 127
93650960 127
93650990 127
93650991 127
93716493 127
93716500 127
93716503 127
93716518 127
93782037 127
93782055 127
93782056 127
93782058 127
93847558 127
93847563 127
93847572 127
93847585 127
93913088 127
93913101 127
93913110 127
93913115 127
93978644 127
93978658 127
93978663 127
93978665 127
94044167 127
94044181 127
94044186 127
94044188 127
94109701 127
94109703 127
94109712 127
94109714 127
94175238 127
94175248 127
94175253 127
94175263 127
94240802 127
94240804 127
94240813 127
94240815 127
94306312 127
94306322 127
94306331 127
94306333 127
94371866 127
94371872 127
94371879 127
94371885 127
94437377 127
94437379 127
94437396 127
94437402 127
94502929 127
94502948 127
94502950 127
94502955 127
94568461 127
94568468 127
94568471 127
94568482 127
94633992 127
94634019 127
94634025 127
94634026 127
94699529 127
94699531 127
94699532 127
94699534 127
94765069 127
94765072 127
94765075 127
94765078 127
94830604 127
94830606 127
94830607 127
94830625 127
94896156 127
94896158 127
94896171 127
94896173 127
94961684 127
94961685 127
94961691 127
94961694 127
95027224 127
95027231 127
95027233 127
95027238 127
95092754 127
95092759 127
95092769 127
95092772 127
95158279 127
95158284 127
95158289 127
95158290 127
95223814 127
95223836 127
95223839 127
95223853 127
95289344 127
95289362 127
95289385 127
95289387 127
95354882 127
95354893 127
95354895 127
95354920 127
95420436 127
95420439 127
95420450 127
95420457 127
95485980 127
95485990 127
95485995 127
95485997 127
95551488 127
95551495 127
95551505 127
95551514 127
95617029 127
95617054 127
95617056 127
95617059 127
95682566 127
95682571 127
95682573 127
95682584 127
95748122 127
95748129 127
95748139 127
95748140 127
95813635 127
95813656 127
95813662 127
95813677 127
95879169 127
95879174 127
95879180 127
95879183 127
95944718 127
95944721 127
95944739 127
95944740 127
96010252 127
96010253 127
96010275 127
96010278 127
96075778 127
96075803 127
96075816 127
96075817 127
96141320 127
96141327 127
96141337 127
96141342 127
96206879 127
96206880 127
96206881 127
96206886 127
96272384 127
96272389 127
96272398 127
96272415 127
96337921 127
96337927 127
96337928 127
96337930 127
96403465 127
96403467 127
96403474 127
96403476 127
96468999 127
96469018 127
96469024 127
96469029 127
96534541 127
96534555 127
96534562 127
96534572 127
96600073 127
96600099 127
96600104 127
96600106 127
96665615 127
96665621 127
96665622 127
96665628 127
96731136 127
96731155 127
96731158 127
96731169 127
96796688 127
96796698 127
96796709 127
96796719 127
96862210 127
96862225 127
96862239 127
96862240 127
96927773 127
96927779 127
96927782 127
96927784 127
96993286 127
96993312 127
96993315 127
96993321 127
97058831 127
97058838 127
97058840 127
97058861 127
97124356 127
97124361 127
97124382 127
97124391 127
97189889 127
97189900 127
97189914 127
97189935 127
97255430 127
97255449 127
97255459 127
97255460 127
97320960 127
97320965 127
97320979 127
97320986 127
97386508 127
97386525 127
97386542 127
97386543 127
97452035 127
97452053 127
97452062 127
97452068 127
97517573 127
97517594 127
97517608 127
97517611 127
97583117 127
97583138 127
97583140 127
97583151 127
97648641 127
97648662 127
97648664 127
97648667 127
97714202 127
97714208 127
97714215 127
97714217 127
97779726 127
97779731 127
97779733 127
97779756 127
97845249 127
97845255 127
97845258 127
97845260 127
97910799 127
97910809 127
97910820 127
97910822 127
97976330 127
97976332 127
97976341 127
97976367 127
98041877 127
98041887 127
98041894 127
98041900 127
98107394 127
98107399 127
98107413 127
98107416 127
98172947 127
98172950 127
98172956 127
98172961 127
98238466 127
98238468 127
98238469 127
98238487 127
98304006 127
98304008 127
98304009 127
98304027 127
98369566 127
98369573 127
98369576 127
98369583 127
98435084 127
98435089 127
98435090 127
98435103 127
98500615 127
98500632 127
98500634 127
98500637 127
98566148 127
98566157 127
98566158 127
98566163 127
98631707 127
98631714 127
98631716 127
98631721 127
98697220 127
98697235 127
98697237 127
98697246 127
98762757 127
98762760 127
98762775 127
98762794 127
98828301 127
98828315 127
98828322 127
98828328 127
98893831 127
98893846 127
98893848 127
98893861 127
98959361 127
98959378 127
98959383 127
98959392 127
99024914 127
99024916 127
99024933 127
99024943 127
99090434 127
99090452 127
99090463 127
99090477 127
99155968 127
99155978 127
99155985 127
99155999 127
99221512 127
99221522 127
99221525 127
99221543 127
99287056 127
99287062 127
99287065 127
99287079 127
99352584 127
99352609 127
99352610 127
99352611 127
99418124 127
99418131 127
99418142 127
99418145 127
99483648 127
99483661 127
99483683 127
99483694 127
99549195 127
99549214 127
99549216 127
99549225 127
99614724 127
99614746 127
99614749 127
99614751 127
99680257 127
99680260 127
99680271 127
99680274 127
99745800 127
99745809 127
99745814 127
99745819 127
99811344 127
99811353 127
99811359 127
99811362 127
99876870 127
99876872 127
99876875 127
99876881 127
99942410 127
99942424 127
99942425 127
99942431 127
100007964 127
100007979 127
100007981 127
100007982 127
100073476 127
100073482 127
100073489 127
100073515 127
100139014 127
100139037 127
100139044 127
100139047 127
100204556 127
100204561 127
100204570 127
100204571 127
100270086 127
100270091 127
100270096 127
100270105 127
100335616 127
100335617 127
100335631 127
100335658 127
100401174 127
100401176 127
100401179 127
100401185 127
100466703 127
100466710 127
100466713 127
100466716 127
100532246 127
100532253 127
100532256 127
100532271 127
100597763 127
100597764 127
100597781 127
100597782 127
100663308 127
100663319 127
100663321 127
100663326 127
100728860 127
100728863 127
100728865 127
100728866 127
100794400 127
100794405 127
100794411 127
100794414 127
100859919 127
100859921 127
100859924 127
100859938 127
100925444 127
100925457 127
100925474 127
100925483 127
100990978 127
100990985 127
100991016 127
100991023 127
101056517 127
101056519 127
101056540 127
101056558 127
101122048 127
101122050 127
101122069 127
101122083 127
101187585 127
101187602 127
101187620 127
101187627 127
101253125 127
101253139 127
101253156 127
101253162 127
101318670 127
101318684 127
101318685 127
101318687 127
101384198 127
101384200 127
101384205 127
101384207 127
101449731 127
101449733 127
101449736 127
101449750 127
101515267 127
101515284 127
101515293 127
101515294 127
101580801 127
101580804 127
101580819 127
101580842 127
101646340 127
101646343 127
101646345 127
101646374 127
101711873 127
101711874 127
101711875 127
101711876 127
101777416 127
101777417 127
101777419 127
101777446 127
101842953 127
101842966 127
101842967 127
101842984 127
101908499 127
101908508 127
101908513 127
101908514 127
101974024 127
101974025 127
101974042 127
101974043 127
102039553 127
102039556 127
102039562 127
102039583 127
102105088 127
102105106 127
102105107 127
102105125 127
102170650 127
102170663 127
102170664 127
102170665 127
102236173 127
102236196 127
102236198 127
102236207 127
102301697 127
102301698 127
102301699 127
102301728 127
102367233 127
102367252 127
102367263 127
102367270 127
102432770 127
102432791 127
102432800 127
102432805 127
102498306 127
102498319 127
102498344 127
102498345 127
102563841 127
102563878 127
102563880 127
102563883 127
102629400 127
102629414 127
102629417 127
102629419 127
102694912 127
102694914 127
102694917 127
102694919 127
102760467 127
102760473 127
102760488 127
102760494 127
102825992 127
102826009 127
102826018 127
102826023 127
102891525 127
102891530 127
102891543 127
102891544 127
102957069 127
102957084 127
102957090 127
102957091 127
103022613 127
103022624 127
103022634 127
103022635 127
103088135 127
103088136 127
103088141 127
103088142 127
103153676 127
103153677 127
103153698 127
103153711 127
103219201 127
103219234 127
103219239 127
103219244 127
103284742 127
103284763 127
103284764 127
103284769 127
103350284 127
103350286 127
103350295 127
103350297 127
103415834 127
103415841 127
103415843 127
103415848 127
103481345 127
103481347 127
103481350 127
103481352 127
103546891 127
103546896 127
103546905 127
103546914 127
103612433 127
103612435 127
103612448 127
103612458 127
103677954 127
103677956 127
103677959 127
103677977 127
103743490 127
103743499 127
103743516 127
103743525 127
103809039 127
103809042 127
103809044 127
103809061 127
103874574 127
103874579 127
103874585 127
103874588 127
103940111 127
103940116 127
103940122 127
103940141 127
104005642 127
104005644 127
104005661 127
104005663 127
104071175 127
104071177 127
104071192 127
104071194 127
104136715 127
104136732 127
104136737 127
104136738 127
104202257 127
104202272 127
104202274 127
104202275 127
104267776 127
104267777 127
104267778 127
104267791 127
104333318 127
104333321 127
104333332 127
104333335 127
104398850 127
104398863 127
104398876 127
104398885 127
104464393 127
104464394 127
104464404 127
104464407 127
104529924 127
104529929 127
104529930 127
104529955 127
104595459 127
104595465 127
104595482 127
104595484 127
104660999 127
104661005 127
104661022 127
104661032 127
104726532 127
104726550 127
104726551 127
104726569 127
104792088 127
104792097 127
104792102 127
104792107 127
104857605 127
104857612 127
104857619 127
104857642 127
104923138 127
104923140 127
104923141 127
104923163 127
104988704 127
104988711 127
104988713 127
104988714 127
105054212 127
105054214 127
105054219 127
105054233 127
105119763 127
105119770 127
105119777 127
105119780 127
105185290 127
105185297 127
105185300 127
105185307 127
105250825 127
105250856 127
105250858 127
105250863 127
105316354 127
105316361 127
105316363 127
105316388 127
105381902 127
105381907 127
105381909 127
105381932 127
105447424 127
105447433 127
105447462 127
105447471 127
105512969 127
105512983 127
105512986 127
105513004 127
105578517 127
105578528 127
105578538 127
105578543 127
105644038 127
105644040 127
105644041 127
105644067 127
105709569 127
105709570 127
105709572 127
105709575 127
105775118 127
105775139 127
105775140 127
105775149 127
105840651 127
105840665 127
105840676 127
105840678 127
105906176 127
105906194 127
105906197 127
105906199 127
105971712 127
105971723 127
105971741 127
105971746 127
106037255 127
106037272 127
106037274 127
106037281 127
106102795 127
106102812 127
106102814 127
106102821 127
106168335 127
106168337 127
106168340 127
106168358 127
106233859 127
106233861 127
106233870 127
106233872 127
106299393 127
106299398 127
106299408 127
106299423 127
106364947 127
106364953 127
106364958 127
106364968 127
106430481 127
106430491 127
106430504 127
106430506 127
106496003 127
106496016 127
106496037 127
106496038 127
106561536 127
106561546 127
106561559 127
106561565 127
106627091 127
106627097 127
106627098 127
106627104 127
106692630 127
106692633 127
106692648 127
106692655 127
106758146 127
106758156 127
106758159 127
106758165 127
106823682 127
106823716 127
106823721 127
106823723 127
106889223 127
106889226 127
106889252 127
106889253 127
106954754 127
106954755 127
106954761 127
106954764 127
107020298 127
107020303 127
107020321 127
107020324 127
107085845 127
107085847 127
107085868 127
107085870 127
107151373 127
107151378 127
107151380 127
107151383 127
107216898 127
107216913 127
107216923 127
107216932 127
107282441 127
107282443 127
107282446 127
107282476 127
107347989 127
107347998 127
107347999 127
107348012 127
107413532 127
107413537 127
107413538 127
107413539 127
107479056 127
107479065 127
107479066 127
107479087 127
107544607 127
107544608 127
107544613 127
107544618 127
107610115 127
107610117 127
107610126 127
107610136 127
107675669 127
107675676 127
107675678 127
107675687 127
107741189 127
107741196 127
107741198 127
107741231 127
107806732 127
107806741 127
107806743 127
107806750 127
107872276 127
107872285 127
107872291 127
107872298 127
107937795 127
107937798 127
107937812 127
107937813 127
108003352 127
108003353 127
108003366 127
108003367 127
108068868 127
108068874 127
108068885 127
108068887 127
108134403 127
108134405 127
108134414 127
108134424 127
108199945 127
108199970 127
108199972 127
108199983 127
108265478 127
108265495 127
108265508 127
108265513 127
108331020 127
108331022 127
108331035 127
108331037 127
108396558 127
108396559 127
108396573 127
108396584 127
108462090 127
108462103 127
108462116 127
108462121 127
108527619 127
108527660 127
108527661 127
108527662 127
108593169 127
108593179 127
108593184 127
108593198 127
108658708 127
108658709 127
108658714 127
108658735 127
108724244 127
108724265 127
108724266 127
108724267 127
108789762 127
108789773 127
108789776 127
108789783 126
108855314 127
108855324 127
108855335 127
108855337 127
108920843 127
108920848 127
108920849 127
108920850 127
108986381 127
108986383 127
108986408 127
108986414 127
109051922 127
109051925 127
109051928 127
109051935 127
109117453 127
109117455 127
109117476 127
109117478 127
109182976 127
109182994 127
109183011 127
109183021 127
109248529 127
109248531 127
109248532 127
109248534 127
109314072 127
109314073 127
109314075 127
109314078 127
109379590 127
109379592 127
109379593 127
109379599 127
109445135 127
109445154 127
109445156 127
109445165 127
109510677 127
109510679 127
109510686 127
109510688 127
109576192 127
109576195 127
109576201 127
109576202 127
109641733 127
109641735 127
109641740 127
109641770 127
109707293 127
109707299 127
109707300 127
109707302 127
109772822 127
109772825 127
109772832 127
109772839 127
109838339 127
109838346 127
109838373 127
109838380 127
109903878 127
109903879 127
109903892 127
109903913 127
109969410 127
109969423 127
109969424 127
109969453 127
110034952 127
110034954 127
110034955 127
110034969 127
110100481 127
110100483 127
110100486 127
110100496 127
110166032 127
110166045 127
110166047 127
110166050 127
110231582 127
110231588 127
110231589 127
110231599 127
110297096 127
110297107 127
110297110 127
110297125 127
110362634 127
110362637 127
110362655 127
110362656 127
110428186 127
110428189 127
110428199 127
110428204 127
110493704 127
110493727 127
110493738 127
110493741 127
110559256 127
110559257 127
110559258 127
110559259 127
110624799 127
110624802 127
110624805 127
110624812 127
110690306 127
110690315 127
110690332 127
110690333 127
110755866 127
110755872 127
110755883 127
110755885 127
110821412 127
110821415 127
110821417 127
110821418 127
110886921 127
110886924 127
110886927 127
110886942 127
110952467 127
110952472 127
110952473 127
110952482 127
111018001 127
111018016 127
111018019 127
111018022 127
111083523 127
111083534 127
111083536 127
111083541 127
111149065 127
111149080 127
111149083 127
111149090 127
111214596 127
111214610 127
111214635 127
111214637 127
111280146 127
111280147 127
111280148 127
111280161 127
111345682 127
111345687 127
111345688 127
111345701 127
111411201 127
111411218 127
111411236 127
111411247 127
111476748 127
111476771 127
111476773 127
111476774 127
111542293 127
111542294 127
111542296 127
111542315 127
111607810 127
111607820 127
111607839 127
111607841 127
111673347 127
111673360 127
111673378 127
111673385 127
111738880 127
111738921 127
111738923 127
111738926 127
111804423 127
111804432 127
111804442 127
111804461 127
111869959 127
111869974 127
111869980 127
111869981 127
111935488 127
111935494 127
111935525 127
111935527 127
112001024 127
112001043 127
112001053 127
112001062 127
112066571 127
112066585 127
112066592 127
112066602 127
112132128 127
112132133 127
112132139 127
112132142 127
112197642 127
112197668 127
112197673 127
112197679 127
112263195 127
112263204 127
112263205 127
112263214 127
112328707 127
112328714 127
112328716 127
112328717 127
112394263 127
112394284 127
112394285 127
112394286 127
112459776 127
112459781 127
112459783 127
112459802 127
112525320 127
112525330 127
112525337 127
112525343 127
112590852 127
112590866 127
112590867 127
112590877 127
112656397 127
112656408 127
112656414 127
112656415 127
112721937 127
112721944 127
112721950 127
112721955 127
112787458 127
112787459 127
112787468 127
112787497 127
112852992 127
112853007 127
112853009 127
112853034 127
112918538 127
112918545 127
112918548 127
112918551 127
112984078 127
112984095 127
112984096 127
112984105 127
113049611 127
113049613 127
113049634 127
113049640 127
113115159 127
113115164 127
113115173 127
113115178 127
113180689 127
113180690 127
113180699 127
113180716 127
113246232 127
113246235 127
113246249 127
113246250 127
113311755 127
113311781 127
113311784 127
113311790 127
113377299 127
113377301 127
113377320 127
113377322 127
113442838 127
113442844 127
113442851 127
113442853 127
113508352 127
113508366 127
113508369 127
113508379 127
113573921 127
113573928 127
113573934 127
113573935 127
113639452 127
113639453 127
113639463 127
113639466 127
113704971 127
113704981 127
113704986 127
113704988 127
113770503 127
113770504 127
113770505 127
113770506 127
113836046 127
113836047 127
113836048 127
113836065 127
113901573 127
113901604 127
113901606 127
113901607 127
113967105 127
113967108 127
113967118 127
113967147 127
114032665 127
114032670 127
114032676 127
114032687 127
114098193 127
114098212 127
114098214 127
114098223 127
114163718 127
114163727 127
114163733 127
114163736 127
114229248 127
114229250 127
114229251 127
114229265 127
114294791 127
114294796 127
114294798 127
114294817 127
114360321 127
114360323 127
114360328 127
114360342 127
114425873 127
114425876 127
114425879 127
114425898 127
114491396 127
114491399 127
114491425 127
114491434 127
114556948 127
114556965 127
114556974 127
114556975 127
114622466 127
114622476 127
114622495 127
114622497 127
114688008 127
114688009 127
114688031 127
114688042 127
114753560 127
114753566 127
114753569 127
114753571 127
114819096 127
114819109 127
114819110 127
114819119 127
114884613 127
114884643 127
114884644 127
114884654 127
114950152 127
114950167 127
114950170 127
114950181 127
115015683 127
115015692 127
115015713 127
115015726 127
115081233 127
115081235 127
115081238 127
115081248 127
115146753 127
115146756 127
115146782 127
115146799 127
115212294 127
115212296 127
115212313 127
115212323 127
115277840 127
115277846 127
115277853 127
115277863 127
115343367 127
115343368 127
115343370 127
115343381 127
115408900 127
115408913 127
115408914 127
115408919 127
115474434 127
115474435 127
115474437 127
115474448 127
115539978 127
115539980 127
115539993 127
115540003 127
115605528 127
115605533 127
115605546 127
115605551 127
115671041 127
115671042 127
115671043 127
115671048 127
115736582 127
115736589 127
115736591 127
115736592 127
115802129 127
115802130 127
115802143 127
115802144 127
115867659 127
115867664 127
115867686 127
115867689 127
115933187 127
115933209 127
115933222 127
115933224 127
115998735 127
115998738 127
115998752 127
115998757 127
116064261 127
116064286 127
116064295 127
116064296 127
116129799 127
116129805 127
116129820 127
116129822 127
116195336 127
116195349 127
116195351 127
116195366 127
116260866 127
116260893 127
116260899 127
116260904 127
116326412 127
116326413 127
116326439 127
116326442 127
116391949 127
116391972 127
116391979 127
116391982 127
116457492 127
116457494 127
116457501 127
116457511 127
116523009 127
116523042 127
116523047 127
116523048 127
116588549 127
116588571 127
116588576 127
116588590 127
116654108 127
116654113 127
116654126 127
116654127 127
116719624 127
116719637 127
116719638 127
116719659 127
116785170 127
116785173 127
116785187 127
116785188 127
116850697 127
116850708 127
116850727 127
116850730 127
116916236 127
116916257 127
116916270 127
116916271 127
116981769 127
116981770 127
116981804 127
116981807 127
117047315 127
117047318 127
117047337 127
117047340 127
117112841 127
117112855 127
117112862 127
117112864 127
117178368 127
117178383 127
117178394 127
117178409 127
117243909 127
117243924 127
117243931 127
117243934 127
117309456 127
117309475 127
117309477 127
117309482 127
117375004 127
117375018 127
117375019 127
117375021 127
117440530 127
117440543 127
117440545 127
117440548 127
117506087 127
117506092 127
117506093 127
117506094 127
117571593 127
117571611 127
117571614 127
117571620 127
117637122 127
117637143 127
117637156 127
117637165 127
117702657 127
117702671 127
117702672 127
117702682 127
117768198 127
117768219 127
117768232 127
117768233 127
117833730 127
117833731 127
117833732 127
117833745 127
117899287 127
117899304 127
117899305 127
117899306 127
117964826 127
117964836 127
117964839 127
117964841 127
118030342 127
118030365 127
118030376 127
118030379 127
118095876 127
118095881 127
118095882 127
118095883 127
118161422 127
118161443 127
118161448 127
118161453 127
118226963 127
118226972 127
118226973 127
118226974 127
118292497 127
118292510 127
118292515 127
118292516 127
118358024 127
118358059 127
118358061 127
118358062 127
118423581 127
118423583 127
118423584 127
118423590 127
118489092 127
118489094 127
118489115 127
118489133 127
118554648 127
118554650 127
118554661 127
118554663 127
118620160 127
118620161 127
118620198 127
118620199 127
118685734 127
118685736 127
118685737 127
118685739 127
118751233 127
118751242 127
118751256 127
118751275 127
118816773 127
118816804 127
118816810 127
118816815 127
118882323 127
118882330 127
118882348 127
118882349 127
118947856 127
118947858 127
118947871 127
118947873 127
119013377 127
119013392 127
119013415 127
119013422 127
119078919 127
119078940 127
119078941 127
119078958 127
119144459 127
119144468 127
119144481 127
119144486 127
119210004 127
119210007 127
119210013 127
119210030 127
119275523 127
119275544 127
119275561 127
119275566 127
119341072 127
119341077 127
119341095 127
119341102 127
119406600 127
119406622 127
119406623 127
119406637 127
119472160 127
119472167 127
119472173 127
119472174 127
119537677 127
119537680 127
119537707 127
119537710 127
119603200 127
119603203 127
119603210 127
119603233 127
119668741 127
119668754 127
119668768 127
119668779 127
119734275 127
119734277 127
119734282 127
119734316 127
119799809 127
119799820 127
119799823 127
119799834 127
119865353 127
119865364 127
119865367 127
119865382 127
119930893 127
119930907 127
119930908 127
119930922 127
119996426 127
119996452 127
119996453 127
119996455 127
120061971 127
120061974 127
120061989 127
120061992 127
120127525 127
120127526 127
120127527 127
120127528 127
120193029 127
120193036 127
120193050 127
120193055 127
120258571 127
120258574 127
120258593 127
120258596 127
120324113 127
120324114 127
120324119 127
120324120 127
120389632 127
120389639 127
120389653 127
120389654 127
120455174 127
120455195 127
120455197 127
120455200 127
120520720 127
120520731 127
120520733 127
120520746 127
120586283 127
120586284 127
120586285 127
120586286 127
120651805 127
120651807 127
120651810 127
120651812 127
120717345 127
120717351 127
120717354 127
120717356 127
120782850 127
120782876 127
120782877 127
120782895 127
120848388 127
120848399 127
120848402 127
120848425 127
120913925 127
120913932 127
120913943 127
120913946 127
120979459 127
120979480 127
120979482 127
120979501 127
121044997 127
121045014 127
121045024 127
121045039 127
121110559 127
121110561 127
121110564 127
121110566 127
121176096 127
121176105 127
121176106 127
121176111 127
121241639 127
121241640 127
121241642 127
121241645 127
121307140 127
121307142 127
121307161 127
121307175 127
121372680 127
121372689 127
121372707 127
121372714 127
121438224 127
121438239 127
121438241 127
121438254 127
121503756 127
121503778 127
121503779 127
121503785 127
121569280 127
121569283 127
121569314 127
121569325 127
121634829 127
121634830 127
121634843 127
121634844 127
121700377 127
121700394 127
121700396 127
121700399 127
121765893 127
121765912 127
121765931 127
121765934 127
121831448 127
121831458 127
121831467 127
121831469 127
121896995 127
121897000 127
121897002 127
121897005 127
121962510 127
121962513 127
121962515 127
121962540 127
122028044 127
122028067 127
122028074 127
122028077 127
122093586 127
122093603 127
122093604 127
122093605 127
122159107 127
122159137 127
122159142 127
122159148 127
122224663 127
122224666 127
122224681 127
122224684 127
122290187 127
122290209 127
122290210 127
122290212 127
122355751 127
122355753 127
122355756 127
122355758 127
122421264 127
122421282 127
122421293 127
122421295 127
122486784 127
122486786 127
122486813 127
122486827 127
122552335 127
122552356 127
122552361 127
122552362 127
122617863 127
122617877 127
122617882 127
122617900 127
122683418 127
122683421 127
122683432 127
122683439 127
122748959 127
122748969 127
122748972 127
122748974 127
122814470 127
122814473 127
122814487 127
122814500 127
122880031 127
122880038 127
122880040 127
122880045 127
122945538 127
122945575 127
122945576 127
122945577 127
123011106 127
123011108 127
123011113 127
123011119 127
123076622 127
123076624 127
123076637 127
123076643 127
123142181 127
123142182 127
123142184 127
123142187 127
123207681 127
123207698 127
123207700 127
123207703 127
123273219 127
123273249 127
123273254 127
123273256 127
123338760 127
123338761 127
123338779 127
123338794 127
123404314 127
123404316 127
123404321 127
123404327 127
123469868 127
123469869 127
123469870 127
123469871 127
123535367 127
123535372 127
123535374 127
123535405 127
123600923 127
123600926 127
123600928 127
123600941 127
123666436 127
123666446 127
123666449 127
123666471 127
123732002 127
123732004 127
123732005 127
123732007 127
123797504 127
123797509 127
123797514 127
123797551 127
123863080 127
123863083 127
123863085 127
123863086 127
123928581 127
123928584 127
123928586 127
123928595 127
123994139 127
123994140 127
123994141 127
123994150 127
124059649 127
124059651 127
124059678 127
124059680 127
124125199 127
124125217 127
124125220 127
124125230 127
124190752 127
124190753 127
124190755 127
124190762 127
124256266 127
124256271 127
124256281 127
124256284 127
124321826 127
124321831 127
124321833 127
124321836 127
124387350 127
124387364 127
124387365 127
124387367 127
124452866 127
124452888 127
124452907 127
124452909 127
124518420 127
124518439 127
124518441 127
124518446 127
124583966 127
124583975 127
124583977 127
124583980 127
124649497 127
124649500 127
124649510 127
124649511 127
124715034 127
124715052 127
124715053 127
124715055 127
124780565 127
124780566 127
124780575 127
124780576 127
124846080 127
124846105 127
124846111 127
124846114 127
124911628 127
124911646 127
124911657 127
124911663 127
124977156 127
124977189 127
124977195 127
124977198 127
125042689 127
125042712 127
125042730 127
125042731 127
125108237 127
125108254 127
125108255 127
125108256 127
125173787 127
125173790 127
125173801 127
125173804 127
125239300 127
125239330 127
125239333 127
125239335 127
125304836 127
125304866 127
125304877 127
125304879 127
125370374 127
125370384 127
125370397 127
125370407 127
125435932 127
125435934 127
125435937 127
125435939 127
125501445 127
125501464 127
125501483 127
125501486 127
125566982 127
125566989 127
125567015 127
125567020 127
125632550 127
125632552 127
125632555 127
125632557 127
125698051 127
125698074 127
125698088 127
125698089 127
125763590 127
125763599 127
125763620 127
125763629 127
125829152 127
125829155 127
125829165 127
125829166 127
125894692 127
125894694 127
125894697 127
125894699 127
125960196 127
125960203 127
125960210 127
125960213 127
126025758 127
126025760 127
126025769 127
126025775 127
126091264 127
126091283 127
126091306 127
126091309 127
126156825 127
126156828 127
126156834 127
126156843 127
126222371 127
126222373 127
126222374 127
126222376 127
126287891 127
126287898 127
126287909 127
126287916 127
126353420 127
126353433 127
126353447 127
126353450 127
126418954 127
126418967 127
126418973 127
126418988 127
126484482 127
126484505 127
126484524 127
126484527 127
126550045 127
126550060 127
126550062 127
126550063 127
126615562 127
126615595 127
126615596 127
126615597 127
126681129 127
126681131 127
126681132 127
126681134 127
126746630 127
126746659 127
126746660 127
126746665 127
126812181 127
126812182 127
126812184 127
126812191 127
126877708 127
126877729 127
126877731 127
126877734 127
126943252 126
126943261 127
126943266 127
126943279 127
127008791 127
127008792 127
127008813 127
127008814 127
127074304 127
127074311 127
127074337 127
127074346 127
127139847 127
127139852 127
127139882 127
127139885 127
127205404 127
127205406 127
127205413 127
127205423 127
127270954 127
127270956 127
127270957 127
127270959 127
127336459 127
127336470 127
127336473 127
127336488 127
127401984 127
127402023 127
127402025 127
127402026 127
127467529 127
127467530 127
127467531 127
127467552 127
127533085 127
127533088 127
127533090 127
127533103 127
127598600 127
127598627 127
127598629 127
127598634 127
127664149 127
127664154 127
127664171 127
127664172 127
127729694 127
127729695 127
127729696 127
127729697 127
127795219 127
127795237 127
127795240 127
127795242 127
127860764 127
127860766 127
127860769 127
127860783 127
127926273 127
127926274 127
127926276 127
127926291 127
127991832 127
127991837 127
127991846 127
127991847 127
128057367 127
128057378 127
128057388 127
128057389 127
128122880 127
128122915 127
128122917 127
128122926 127
128188443 127
128188444 127
128188454 127
128188461 127
128253959 127
128253994 127
128253996 127
128253997 127
128319490 127
128319528 127
128319533 127
128319535 127
128385047 127
128385053 127
128385060 127
128385066 127
128450594 127
128450601 127
128450604 127
128450607 127
128516117 127
128516120 127
128516131 127
128516138 127
128581635 127
128581649 127
128581662 127
128581672 127
128647196 127
128647206 127
128647209 127
128647215 127
128712730 127
128712739 127
128712745 127
128712748 127
128778253 127
128778255 127
128778258 127
128778276 127
128843777 127
128843808 127
128843822 127
128843823 127
128909332 127
128909351 127
128909353 127
128909358 127
128974856 127
128974858 127
128974877 127
128974895 127
129040389 127
129040392 127
129040414 127
129040415 127
129105929 127
129105932 127
129105959 127
129105962 127
129171487 127
129171488 127
129171501 127
129171502 127
129237007 127
129237012 127
129237037 127
129237038 127
129302541 127
129302555 127
129302566 127
129302572 127
129368090 127
129368092 127
129368101 127
129368107 127
129433620 127
129433622 127
129433641 127
129433643 127
129499140 127
129499157 127
129499159 127
129499166 127
129564696 127
129564709 127
129564710 127
129564715 127
129630249 127
129630251 127
129630252 127
129630254 127
129695744 127
129695763 127
129695781 127
129695782 127
129761298 127
129761304 127
129761317 127
129761319 127
129826844 127
129826849 127
129826862 127
129826863 127
129892363 127
129892377 127
129892386 127
129892392 127
129957893 127
129957916 127
129957930 127
129957931 127
130023465 127
130023467 127
130023468 127
130023470 127
130088977 127
130088979 127
130088982 127
130088992 127
130154531 127
130154537 127
130154540 127
130154542 127
130220037 127
130220072 127
130220078 127
130220079 127
130285576 127
130285581 127
130285599 127
130285602 127
130351138 127
130351143 127
130351145 127
130351148 127
130416650 127
130416677 127
130416680 127
130416683 127
130482181 127
130482186 127
130482216 127
130482219 127
130547718 127
130547723 127
130547752 127
130547753 127
130613253 127
130613280 127
130613282 127
130613295 127
130678791 127
130678794 127
130678813 127
130678828 127
130744324 127
130744347 127
130744354 127
130744357 127
130809879 127
130809892 127
130809901 127
130809902 127
130875408 127
130875434 127
130875435 127
130875437 127
130940968 127
130940973 127
130940974 127
130940975 127
131006467 127
131006490 127
131006508 127
131006509 127
131072024 127
131072031 127
131072041 127
131072046 127
131137538 127
131137573 127
131137580 127
131137583 127
131203072 127
131203086 127
131203107 127
131203109 127
131268638 127
131268651 127
131268652 127
131268653 127
131334171 127
131334178 127
131334188 127
131334189 127
131399687 127
131399720 127
131399725 127
131399726 127
131465256 127
131465258 127
131465261 127
131465263 127
131530757 127
131530784 127
131530787 127
131530798 127
131596296 127
131596325 127
131596327 127
131596330 127
131661841 127
131661862 127
131661868 127
131661871 127
131727394 127
131727399 127
131727401 127
131727404 127
131792910 127
131792931 127
131792940 127
131792941 127
131858460 127
131858477 127
131858478 127
131858479 127
131924000 127
131924002 127
131924003 127
131924005 127
131989529 127
131989543 127
131989548 127
131989550 127
132055084 127
132055085 127
132055086 127
132055087 127
132120577 127
132120587 127
132120592 127
132120594 127
132186116 127
132186118 127
132186119 127
132186121 127
132251656 127
132251658 127
132251659 127
132251661 127
132317188 127
132317194 127
132317195 127
132317201 127
132382721 127
132382724 127
132382726 127
132382743 127
132448259 127
132448265 127
132448266 127
132448268 127
132513793 127
132513794 127
132513795 127
132513800 127
132579333 127
132579360 127
132579366 127
132579367 127
132644876 127
132644877 127
132644878 127
132644879 127
132710401 127
132710404 127
132710406 127
132710407 127
132775955 127
132775957 127
132775970 127
132775972 127
132841485 127
132841487 127
132841488 127
132841502 127
132907032 127
132907035 127
132907041 127
132907042 127
132972544 127
132972545 127
132972559 127
132972570 127
133038085 127
133038086 127
133038091 127
133038096 127
133103621 127
133103626 127
133103643 127
133103644 127
133169153 127
133169155 127
133169168 127
133169182 127
133234689 127
133234691 127
133234710 127
133234712 127
133300233 127
133300234 127
133300248 127
133300263 127
133365760 127
133365778 127
133365797 127
133365803 127
133431309 127
133431318 127
133431323 127
133431336 127
133496837 127
133496842 127
133496843 127
133496848 127
133562368 127
133562383 127
133562389 127
133562406 127
133627912 127
133627918 127
133627921 127
133627935 127
133693453 127
133693454 127
133693455 127
133693472 127
133758985 127
133758992 127
133758995 127
133759002 127
133824536 127
133824539 127
133824542 127
133824553 127
133890050 127
133890053 127
133890059 127
133890076 127
133955585 127
133955595 127
133955600 127
133955602 127
134021120 127
134021122 127
134021135 127
134021137 127
134086665 127
134086668 127
134086679 127
134086682 127
134152201 127
134152204 127
134152206 127
134152211 127
134217752 127
134217757 127
134217770 127
134217771 127
134283280 127
134283281 127
134283295 127
134283302 127
134348802 127
134348805 127
134348819 127
134348832 127
134414357 127
134414360 127
134414367 127
134414374 127
134479874 127
134479880 127
134479881 127
134479887 127
134545408 127
134545411 127
134545425 127
134545430 127
134610949 127
134610951 127
134610952 127
134610966 127
134676481 127
134676483 127
134676496 127
134676498 127
134742037 127
134742040 127
134742043 127
134742054 127
134807552 127
134807555 127
134807558 127
134807561 127
134873093 127
134873108 127
134873111 127
134873114 127
134938635 127
134938653 127
134938654 127
134938656 127
135004170 127
135004171 127
135004184 127
135004185 127
135069696 127
135069703 127
135069710 127
135069721 127
135135260 127
135135265 127
135135266 127
135135279 127
135200768 127
135200778 127
135200781 127
135200791 127
135266312 127
135266318 127
135266321 127
135266335 127
135331850 127
135331855 127
135331868 127
135331873 127
135397376 127
135397394 127
135397409 127
135397411 127
135462932 127
135462946 127
135462949 127
135462951 127
135528450 127
135528452 127
135528465 127
135528479 127
135594008 127
135594013 127
135594015 127
135594018 127
135659535 127
135659556 127
135659558 127
135659561 127
135725060 127
135725069 127
135725074 127
135725079 127
135790596 127
135790598 127
135790599 127
135790601 127
135856137 127
135856139 127
135856152 127
135856170 127
135921664 127
135921665 127
135921666 127
135921667 127
135987213 127
135987214 127
135987216 127
135987223 127
136052744 127
136052745 127
136052766 127
136052779 127
136118289 127
136118302 127
136118303 127
136118304 127
136183825 127
136183828 127
136183839 127
136183846 127
136249346 127
136249347 127
136249348 127
136249349 127
136314884 127
136314902 127
136314921 127
136314923 127
136380424 127
136380425 127
136380439 127
136380442 127
136445969 127
136445982 127
136445991 127
136445996 127
136511490 127
136511491 127
136511493 127
136511496 127
136577032 127
136577033 127
136577038 127
136577067 127
136642567 127
136642588 127
136642597 127
136642598 127
136708096 127
136708101 127
136708119 127
136708126 127
136773666 127
136773669 127
136773675 127
136773676 127
136839182 127
136839184 127
136839189 127
136839195 127
136904712 127
136904715 127
136904725 127
136904726 127
136970244 127
136970251 127
136970261 127
136970262 127
137035777 127
137035787 127
137035790 127
137035792 127
137101318 127
137101337 127
137101339 127
137101340 127
137166855 127
137166869 127
137166870 127
137166892 127
137232385 127
137232396 127
137232406 127
137232415 127
137297921 127
137297931 127
137297936 127
137297938 127
137363469 127
137363475 127
137363478 127
137363484 127
137428997 127
137429000 127
137429002 127
137429011 127
137494534 127
137494559 127
137494561 127
137494572 127
137560075 127
137560080 127
137560093 127
137560098 127
137625613 127
137625619 127
137625632 127
137625642 127
137691163 127
137691165 127
137691166 127
137691168 127
137756673 127
137756684 127
137756695 127
137756698 127
137822228 127
137822229 127
137822238 127
137822255 127
137887767 127
137887769 127
137887774 127
137887780 127
137953280 127
137953286 127
137953287 127
137953289 127
138018826 127
138018833 127
138018835 127
138018836 127
138084359 127
138084361 127
138084372 127
138084390 127
138149893 127
138149894 127
138149899 127
138149900 127
138215440 127
138215442 127
138215459 127
138215461 127
138280964 127
138280965 127
138280978 127
138280983 127
138346505 127
138346508 127
138346518 127
138346523 127
138412032 127
138412050 127
138412057 127
138412059 127
138477575 127
138477576 127
138477602 127
138477605 127
138543110 127
138543112 127
138543113 127
138543115 127
138608650 127
138608652 127
138608655 127
138608669 127
138674178 127
138674195 127
138674197 127
138674200 127
138739730 127
138739737 127
138739740 127
138739743 127
138805274 127
138805283 127
138805284 127
138805285 127
138870788 127
138870822 127
138870823 127
138870829 127
138936324 127
138936326 127
138936335 127
138936337 127
139001875 127
139001878 127
139001888 127
139001889 127
139067394 127
139067396 127
139067397 127
139067399 127
139132936 127
139132938 127
139132939 127
139132957 127
139198478 127
139198489 127
139198496 127
139198507 127
139264006 127
139264016 127
139264029 127
139264043 127
139329537 127
139329539 127
139329558 127
139329572 127
139395072 127
139395073 127
139395075 127
139395094 127
139460612 127
139460619 127
139460625 127
139460646 127
139526147 127
139526150 127
139526161 127
139526176 127
139591681 127
139591682 127
139591684 127
139591687 127
139657220 127
139657225 127
139657226 127
139657231 127
139722764 127
139722765 127
139722766 127
139722779 127
139788292 127
139788297 127
139788298 127
139788299 127
139853832 127
139853839 127
139853849 127
139853850 127
139919368 127
139919386 127
139919389 127
139919395 127
139984899 127
139984902 127
139984904 127
139984905 127
140050442 127
140050443 127
140050444 127
140050449 127
140115975 127
140115986 127
140115992 127
140115997 127
140181520 127
140181521 127
140181539 127
140181546 127
140247044 127
140247047 127
140247070 127
140247077 127
140312582 127
140312597 127
140312603 127
140312612 127
140378121 127
140378126 127
140378127 127
140378144 127
140443665 127
140443666 127
140443667 127
140443684 127
140509197 127
140509206 127
140509208 127
140509227 127
140574736 127
140574738 127
140574741 127
140574743 127
140640262 127
140640276 127
140640291 127
140640301 127
140705805 127
140705808 127
140705810 127
140705819 127
140771329 127
140771330 127
140771332 127
140771339 127
140836868 127
140836874 127
140836877 127
140836891 127
140902400 127
140902401 127
140902406 127
140902415 127
140967945 127
140967952 127
140967970 127
140967979 127
141033474 127
141033477 127
141033484 127
141033487 127
141099008 127
141099039 127
141099045 127
141099054 127
141164563 127
141164564 127
141164566 127
141164585 127
141230094 127
141230095 127
141230108 127
141230113 127
141295653 127
141295659 127
141295660 127
141295662 127
141361153 127
141361156 127
141361166 127
141361171 127
141426716 127
141426718 127
141426719 127
141426729 127
141492258 127
141492259 127
141492264 127
141492269 127
141557760 127
141557761 127
141557762 127
141557763 127
141623306 127
141623307 127
141623309 127
141623312 127
141688835 127
141688837 127
141688840 127
141688878 127
141754379 127
141754381 127
141754412 127
141754414 127
141819905 127
141819914 127
141819924 127
141819943 127
141885449 127
141885451 127
141885452 127
141885478 127
141950976 127
141950978 127
141950987 127
141951001 127
142016524 127
142016534 127
142016545 127
142016559 127
142082052 127
142082067 127
142082069 127
142082086 127
142147596 127
142147603 127
142147609 127
142147610 127
142213139 127
142213145 127
142213146 127
142213152 127
142278659 127
142278662 127
142278665 127
142278700 127
142344192 127
142344197 127
142344202 127
142344203 127
142409731 127
142409733 127
142409750 127
142409760 127
142475292 127
142475297 127
142475306 127
142475307 127
142540820 127
142540822 127
142540823 127
142540825 127
142606337 127
142606342 127
142606355 127
142606364 127
142671874 127
142671875 127
142671876 127
142671885 127
142737418 127
142737424 127
142737433 127
142737439 127
142802947 127
142802949 127
142802954 127
142802968 127
142868483 127
142868493 127
142868494 127
142868508 127
142934028 127
142934041 127
142934062 127
142934063 127
142999555 127
142999558 127
142999560 127
142999561 127
143065098 127
143065104 127
143065117 127
143065131 127
143130633 127
143130651 127
143130654 127
143130664 127
143196165 127
143196168 127
143196191 127
143196202 127
143261701 127
143261702 127
143261704 127
143261743 127
143327247 127
143327252 127
143327253 127
143327262 127
143392776 127
143392779 127
143392781 127
143392790 127
143458309 127
143458312 127
143458314 127
143458323 127
143523845 127
143523866 127
143523868 127
143523875 127
143589380 127
143589385 127
143589390 127
143589391 127
143654934 127
143654937 127
143654951 127
143654952 127
143720472 127
143720474 127
143720475 127
143720489 127
143786000 127
143786003 127
143786009 127
143786014 127
143851531 127
143851534 127
143851540 127
143851557 127
143917058 127
143917060 127
143917061 127
143917075 127
143982609 127
143982612 127
143982614 127
143982631 127
144048150 127
144048155 127
144048164 127
144048169 127
144113669 127
144113678 127
144113696 127
144113707 127
144179206 127
144179216 127
144179229 127
144179243 127
144244749 127
144244754 127
144244756 127
144244767 127
144310280 127
144310286 127
144310289 127
144310295 127
144375810 127
144375812 127
144375813 127
144375839 127
144441351 127
144441361 127
144441368 127
144441374 127
144506900 127
144506905 127
144506918 127
144506923 127
144572420 127
144572453 127
144572454 127
144572459 127
144637976 127
144637977 127
144637991 127
144637994 127
144703489 127
144703499 127
144703502 127
144703516 127
144769043 127
144769049 127
144769058 127
144769060 127
144834575 127
144834581 127
144834598 127
144834604 127
144900097 127
144900108 127
144900118 127
144900119 127
144965632 127
144965635 127
144965653 127
144965666 127
145031194 127
145031197 127
145031207 126
145031212 127
145096713 127
145096723 127
145096724 127
145096726 127
145162241 127
145162254 127
145162255 127
145162256 127
145227776 127
145227782 127
145227783 127
145227785 127
145293319 127
145293324 127
145293329 127
145293342 127
145358866 127
145358884 127
145358893 127
145358895 127
145424404 127
145424413 127
145424418 127
145424427 127
145489920 127
145489927 127
145489929 127
145489942 127
145555473 127
145555486 127
145555487 127
145555492 127
145620999 127
145621006 127
145621016 127
145621017 127
145686548 127
145686551 127
145686553 127
145686554 127
145752081 127
145752082 127
145752083 127
145752084 127
145817608 127
145817611 127
145817621 127
145817626 127
145883149 127
145883150 127
145883151 127
145883180 127
145948690 127
145948691 127
145948696 127
145948697 127
146014213 127
146014215 127
146014220 127
146014226 127
146079750 127
146079755 127
146079764 127
146079789 127
146145301 127
146145303 127
146145306 127
146145308 127
146210816 127
146210818 127
146210827 127
146210829 127
146276368 127
146276370 127
146276381 127
146276383 127
146341899 127
146341902 127
146341929 127
146341932 127
146407443 127
146407452 127
146407453 127
146407458 127
146472960 127
146472978 127
146472979 127
146472993 127
146538504 127
146538506 127
146538531 127
146538533 127
146604034 127
146604045 127
146604048 127
146604059 127
146669569 127
146669571 127
146669572 127
146669586 127
146735118 127
146735127 127
146735129 127
146735144 127
146800652 127
146800655 127
146800670 127
146800673 127
146866180 127
146866183 127
146866185 127
146866194 127
146931715 127
146931725 127
146931728 127
146931730 127
146997262 127
146997263 127
146997264 127
146997269 127
147062791 127
147062793 127
147062794 127
147062796 127
147128325 127
147128340 127
147128355 127
147128366 127
147193878 127
147193889 127
147193891 127
147193896 127
147259405 127
147259408 127
147259423 127
147259426 127
147324936 127
147324937 127
147324943 127
147324962 127
147390466 127
147390468 127
147390483 127
147390509 127
147456001 127
147456010 127
147456015 127
147456020 127
147521551 127
147521557 127
147521558 127
147521572 127
147587086 127
147587091 127
147587092 127
147587105 127
147652608 127
147652609 127
147652635 127
147652638 127
147718160 127
147718161 127
147718179 127
147718182 127
147783707 127
147783708 127
147783710 127
147783717 127
147849223 127
147849228 127
147849253 127
147849262 127
147914766 127
147914771 127
147914781 127
147914792 127
147980294 127
147980308 127
147980317 127
147980331 127
148045840 127
148045843 127
148045850 127
148045861 127
148111372 127
148111377 127
148111378 127
148111387 127
148176898 127
148176915 127
148176920 127
148176929 127
148242443 127
148242456 127
148242469 127
148242470 127
148307974 127
148308005 127
148308007 127
148308008 127
148373505 127
148373506 127
148373508 127
148373511 127
148439051 127
148439054 127
148439056 127
148439061 127
148504589 127
148504590 127
148504600 127
148504607 127
148570115 127
148570142 127
148570144 127
148570149 127
148635652 127
148635661 127
148635662 127
148635663 127
148701201 127
148701203 127
148701204 127
148701218 127
148766722 127
148766733 127
148766735 127
148766736 127
148832259 127
148832261 127
148832266 127
148832272 127
148897809 127
148897811 127
148897812 127
148897814 127
148963329 127
148963338 127
148963344 127
148963375 127
149028865 127
149028866 127
149028896 127
149028911 127
149094417 127
149094418 127
149094431 127
149094440 127
149159948 127
149159950 127
149159965 127
149159983 127
149225482 127
149225484 127
149225501 127
149225507 127
149291022 127
149291040 127
149291047 127
149291053 127
149356550 127
149356553 127
149356575 127
149356584 127
149422096 127
149422101 127
149422110 127
149422115 127
149487628 127
149487641 127
149487642 127
149487647 127
149553168 127
149553181 127
149553187 127
149553198 127
149618694 127
149618696 127
149618713 127
149618723 127
149684226 127
149684227 127
149684228 127
149684237 127
149749761 127
149749782 127
149749783 127
149749788 127
149815307 127
149815308 127
149815325 127
149815342 127
149880856 127
149880859 127
149880870 127
149880877 127
149946369 127
149946371 127
149946384 127
149946394 127
150011909 127
150011910 127
150011912 127
150011939 127
150077452 127
150077465 127
150077467 127
150077470 127
150142990 127
150143003 127
150143009 127
150143012 127
150208516 127
150208534 127
150208535 127
150208545 127
150274082 127
150274083 127
150274085 127
150274088 127
150339589 127
150339596 127
150339618 127
150339619 127
150405123 127
150405130 127
150405137 127
150405160 127
150470663 127
150470676 127
150470678 127
150470681 127
150536193 127
150536200 127
150536206 127
150536207 127
150601741 127
150601742 127
150601760 127
150601763 127
150667264 127
150667266 127
150667273 127
150667275 127
150732803 127
150732806 127
150732808 127
150732809 127
150798345 127
150798348 127
150798362 127
150798367 127
150863894 127
150863901 127
150863915 127
150863916 127
150929410 127
150929415 127
150929420 127
150929429 127
150994948 127
150994981 127
150994983 127
150994986 127
151060480 127
151060482 127
151060485 127
151060495 127
151126017 127
151126030 127
151126039 127
151126044 127
151191552 127
151191554 127
151191567 127
151191569 127
151257103 127
151257120 127
151257125 127
151257130 127
151322647 127
151322648 127
151322654 127
151322657 127
151388160 127
151388170 127
151388173 127
151388195 127
151453707 127
151453736 127
151453737 127
151453742 127
151519238 127
151519245 127
151519248 127
151519279 127
151584776 127
151584810 127
151584813 127
151584815 127
151650331 127
151650342 127
151650344 127
151650345 127
151715841 127
151715848 127
151715858 127
151715859 127
151781406 127
151781408 127
151781409 127
151781411 127
151846923 127
151846926 127
151846937 127
151846944 127
151912448 127
151912461 127
151912467 127
151912478 127
151977984 127
151977986 127
151977991 127
151978001 127
152043547 127
152043548 127
152043550 127
152043557 127
152109066 127
152109077 127
152109084 127
152109087 127
152174593 127
152174612 127
152174627 127
152174630 127
152240129 127
152240140 127
152240142 127
152240147 127
152305670 127
152305688 127
152305691 127
152305693 127
152371237 127
152371238 127
152371240 127
152371247 127
152436737 127
152436746 127
152436755 127
152436756 127
152502275 127
152502281 127
152502298 127
152502300 127
152567815 127
152567818 127
152567825 127
152567828 127
152633362 127
152633365 127
152633367 127
152633388 127
152698895 127
152698909 127
152698916 127
152698926 127
152764438 127
152764443 127
152764445 127
152764456 127
152829955 127
152829956 127
152829973 127
152829990 127
152895488 127
152895491 127
152895509 127
152895510 127
152961037 127
152961063 127
152961064 127
152961070 127
153026560 127
153026574 127
153026581 127
153026595 127
153092112 127
153092133 127
153092134 127
153092139 127
153157642 127
153157647 127
153157653 127
153157660 127
153223181 127
153223186 127
153223195 127
153223204 127
153288709 127
153288718 127
153288720 127
153288727 127
153354240 127
153354278 127
153354281 127
153354283 127
153419777 127
153419782 127
153419783 127
153419784 127
153485319 127
153485334 127
153485336 127
153485341 127
153550860 127
153550865 127
153550866 127
153550879 127
153616411 127
153616412 127
153616417 127
153616422 127
153681937 127
153681940 127
153681947 127
153681954 127
153747460 127
153747461 127
153747470 127
153747479 127
153813000 127
153813003 127
153813010 127
153813033 127
153878548 127
153878551 127
153878562 127
153878573 127
153944071 127
153944076 127
153944078 127
153944089 127
154009600 127
154009607 127
154009617 127
154009642 127
154075164 127
154075165 127
154075171 127
154075178 127
154140679 127
154140680 127
154140681 127
154140682 127
154206219 127
154206220 127
154206230 127
154206233 127
154271744 127
154271746 127
154271747 127
154271757 127
154337306 127
154337313 127
154337315 127
154337320 127
154402834 127
154402849 127
154402860 127
154402863 127
154468359 127
154468365 127
154468374 127
154468388 127
154533892 127
154533895 127
154533897 127
154533906 127
154599446 127
154599447 127
154599460 127
154599469 127
154664963 127
154664990 127
154664993 127
154665000 127
154730506 127
154730509 127
154730520 127
154730523 127
154796050 127
154796056 127
154796057 127
154796059 127
154861572 127
154861579 127
154861593 127
154861598 127
154927109 127
154927132 127
154927142 127
154927143 127
154992649 127
154992660 127
154992667 127
154992674 127
155058177 127
155058198 127
155058216 127
155058219 127
155123719 127
155123730 127
155123733 127
155123740 127
155189259 127
155189273 127
155189290 127
155189292 127
155254786 127
155254792 127
155254807 127
155254825 127
155320354 127
155320359 127
155320361 127
155320364 127
155385879 127
155385886 127
155385900 127
155385901 127
155451398 127
155451401 127
155451412 127
155451431 127
155516932 127
155516939 127
155516945 127
155516946 127
155582464 127
155582467 127
155582478 127
155582485 127
155648002 127
155648004 127
155648005 127
155648019 127
155713536 127
155713538 127
155713563 127
155713569 127
155779085 127
155779087 127
155779094 127
155779096 127
155844618 127
155844632 127
155844637 127
155844639 127
155910151 127
155910177 127
155910180 127
155910182 127
155975690 127
155975691 127
155975704 127
155975713 127
156041229 127
156041235 127
156041238 127
156041248 127
156106763 127
156106765 127
156106766 127
156106768 127
156172307 127
156172309 127
156172312 127
156172326 127
156237836 127
156237839 127
156237857 127
156237870 127
156303372 127
156303389 127
156303391 127
156303406 127
156368896 127
156368899 127
156368901 127
156368902 127
156434439 127
156434449 127
156434450 127
156434452 127
156499979 127
156499989 127
156499990 127
156499992 127
156565533 127
156565538 127
156565539 127
156565540 127
156631043 127
156631045 127
156631046 127
156631072 127
156696578 127
156696581 127
156696592 127
156696595 127
156762119 127
156762133 127
156762156 127
156762158 127
156827657 127
156827660 127
156827670 127
156827671 127
156893208 127
156893209 127
156893222 127
156893227 127
156958728 127
156958739 127
156958753 127
156958754 127
157024262 127
157024265 127
157024288 127
157024295 127
157089823 127
157089826 127
157089833 127
157089836 127
157155328 127
157155331 127
157155334 127
157155353 127
157220872 127
157220883 127
157220897 127
157220906 127
157286419 127
157286426 127
157286428 127
157286433 127
157351947 127
157351948 127
157351954 127
157351957 127
157417473 127
157417492 127
157417495 127
157417506 127
157483020 127
157483030 127
157483039 127
157483041 127
157548545 127
157548550 127
157548551 127
157548580 127
157614081 127
157614115 127
157614120 127
157614122 127
157679620 127
157679639 127
157679642 127
157679657 127
157745159 127
157745169 127
157745182 127
157745184 127
157810701 127
157810703 127
157810722 127
157810724 127
157876231 127
157876257 127
157876264 127
157876270 127
157941771 127
157941776 127
157941781 127
157941786 127
158007324 127
158007325 127
158007326 127
158007327 127
158072832 127
158072839 127
158072846 127
158072849 127
158138381 127
158138383 127
158138408 127
158138410 127
158203932 127
158203934 127
158203947 127
158203949 127
158269466 127
158269468 127
158269473 127
158269483 127
158334976 127
158335001 127
158335002 127
158335011 127
158400516 127
158400518 127
158400519 127
158400521 127
158466071 127
158466072 127
158466074 127
158466077 127
158531590 127
158531597 127
158531604 127
158531607 127
158597125 127
158597139 127
158597162 127
158597164 127
158662661 127
158662668 127
158662683 127
158662702 127
158728195 127
158728212 127
158728225 127
158728238 127
158793730 127
158793737 127
158793740 127
158793767 127
158859282 127
158859289 127
158859296 127
158859311 127
158924819 127
158924821 127
158924824 127
158924830 127
158990363 127
158990364 127
158990377 127
158990378 127
159055873 127
159055886 127
159055887 127
159055888 127
159121414 127
159121423 127
159121425 127
159121428 127
159186958 127
159186964 127
159186969 127
159186983 127
159252486 127
159252493 127
159252500 127
159252503 127
159318043 127
159318050 127
159318052 127
159318057 127
159383572 127
159383577 127
159383595 127
159383598 127
159449096 127
159449123 127
159449130 127
159449133 127
159514626 127
159514628 127
159514651 127
159514653 127
159580182 127
159580188 127
159580193 127
159580207 127
159645704 127
159645719 127
159645725 127
159645738 127
159711250 127
159711253 127
159711259 127
159711260 127
159776776 127
159776781 127
159776814 127
159776815 127
159842316 127
159842318 127
159842325 127
159842343 127
159907851 127
159907874 127
159907876 127
159907881 127
159973380 127
159973398 127
159973401 127
159973407 127
160038928 127
160038943 127
160038946 127
160038957 127
160104448 127
160104449 127
160104462 127
160104475 127
160169985 127
160169991 127
160170002 127
160170004 127
160235533 127
160235554 127
160235564 127
160235567 127
160301063 127
160301082 127
160301088 127
160301093 127
160366605 127
160366607 127
160366610 127
160366620 127
160432146 127
160432151 127
160432152 127
160432161 127
160497670 127
160497689 127
160497696 127
160497707 127
160563200 127
160563207 127
160563218 127
160563221 127
160628749 127
160628756 127
160628774 127
160628783 127
160694272 127
160694303 127
160694305 127
160694306 127
160759833 127
160759838 127
160759839 127
160759840 127
160825350 127
160825377 127
160825388 127
160825391 127
160890880 127
160890898 127
160890921 127
160890923 127
160956442 127
160956456 127
160956459 127
160956461 127
161021958 127
161021963 127
161021965 127
161021972 127
161087500 127
161087514 127
161087529 127
161087535 127
161153031 127
161153041 127
161153046 127
161153060 127
161218581 127
161218583 127
161218598 127
161218600 127
161284125 127
161284128 127
161284131 127
161284134 127
161349633 127
161349639 127
161349650 127
161349668 127
161415171 127
161415178 127
161415196 127
161415209 127
161480716 127
161480721 127
161480722 127
161480727 127
161546246 127
161546253 127
161546272 127
161546279 127
161611800 127
161611807 127
161611809 127
161611818 127
161677318 127
161677341 127
161677348 127
161677351 127
161742861 127
161742868 127
161742870 127
161742875 127
161808418 127
161808423 127
161808425 127
161808428 127
161873921 127
161873926 127
161873935 127
161873956 127
161939473 127
161939474 127
161939491 127
161939500 127
162004993 127
162004995 127
162005012 127
162005018 127
162070533 127
162070564 127
162070566 127
162070571 127
162136098 127
162136100 127
162136101 127
162136111 127
162201607 127
162201620 127
162201626 127
162201633 127
162267136 127
162267155 127
162267158 127
162267169 127
162332706 127
162332708 127
162332715 127
162332717 127
162398210 127
162398215 127
162398245 127
162398248 127
162463748 127
162463771 127
162463774 127
162463777 127
162529285 127
162529310 127
162529312 127
162529315 127
162594822 127
162594827 127
162594829 127
162594836 127
162660385 127
162660394 127
162660396 127
162660399 127
162725908 127
162725927 127
162725930 127
162725933 127
162791426 127
162791432 127
162791437 127
162791443 127
162856974 127
162856976 127
162856997 127
162857003 127
162922512 127
162922518 127
162922527 127
162922537 127
162988033 127
162988054 127
162988056 127
162988059 127
163053584 127
163053594 127
163053605 127
163053615 127
163119112 127
163119126 127
163119129 127
163119131 127
163184655 127
163184662 126
163184676 127
163184677 127
163250194 127
163250203 127
163250205 127
163250208 127
163315714 127
163315749 127
163315752 127
163315759 127
163381253 127
163381264 127
163381274 127
163381279 127
163446805 127
163446815 127
163446822 127
163446828 127
163512322 127
163512335 127
163512341 127
163512360 127
163577873 127
163577896 127
163577898 127
163577903 127
163643400 127
163643401 127
163643402 127
163643403 127
163708937 127
163708948 127
163708955 127
163708958 127
163774496 127
163774498 127
163774499 127
163774505 127
163840015 127
163840021 127
163840026 127
163840028 127
163905543 127
163905557 127
163905562 127
163905564 127
163971088 127
163971103 127
163971106 127
163971109 127
164036610 127
164036621 127
164036623 127
164036648 127
164102162 127
164102163 127
164102173 127
164102188 127
164167683 127
164167684 127
164167697 127
164167702 127
164233237 127
164233239 127
164233246 127
164233248 127
164298777 127
164298783 127
164298786 127
164298788 127
164364300 127
164364317 127
164364334 127
164364335 127
164429830 127
164429832 127
164429835 127
164429849 127
164495361 127
164495378 127
164495383 127
164495392 127
164560911 127
164560918 127
164560921 127
164560924 127
164626449 127
164626452 127
164626466 127
164626475 127
164691970 127
164691972 127
164691977 127
164691983 127
164757511 127
164757512 127
164757530 127
164757533 127
164823040 127
164823047 127
164823053 127
164823086 127
164888587 127
164888601 127
164888602 127
164888608 127
164954117 127
164954138 127
164954152 127
164954155 127
165019654 127
165019667 127
165019684 127
165019693 127
165085193 127
165085208 127
165085211 127
165085226 127
165150735 127
165150737 127
165150740 127
165150754 127
165216262 127
165216269 127
165216295 127
165216296 127
165281793 127
165281802 127
165281804 127
165281827 127
165347328 127
165347333 127
165347347 127
165347354 127
165412891 127
165412892 127
165412897 127
165412906 127
165478408 127
165478426 127
165478445 127
165478447 127
165543942 127
165543944 127
165543949 127
165543975 127
165609474 127
165609496 127
165609503 127
165609517 127
165675016 127
165675018 127
165675039 127
165675053 127
165740574 127
165740580 127
165740583 127
165740585 127
165806085 127
165806091 127
165806096 127
165806122 127
165871628 127
165871630 127
165871639 127
165871641 127
165937153 127
165937155 127
165937172 127
165937186 127
166002692 127
166002721 127
166002723 127
166002726 127
166068227 127
166068229 127
166068248 127
166068254 127
166133781 127
166133783 127
166133784 127
166133802 127
166199320 127
166199329 127
166199338 127
166199343 127
166264833 127
166264839 127
166264840 127
166264858 127
166330374 127
166330393 127
166330403 127
166330404 127
166395916 127
166395917 127
166395939 127
166395942 127
166461444 127
166461462 127
166461463 127
166461481 127
166526981 127
166526986 127
166527008 127
166527019 127
166592515 127
166592517 127
166592540 127
166592550 127
166658074 127
166658080 127
166658087 127
166658089 127
166723603 127
166723606 127
166723613 127
166723616 127
166789126 127
166789128 127
166789145 127
166789159 127
166854660 127
166854675 127
166854677 127
166854686 127
166920201 127
166920203 127
166920216 127
166920230 127
166985753 127
166985759 127
166985764 127
166985774 127
167051267 127
167051268 127
167051278 127
167051285 127
167116800 127
167116817 127
167116818 127
167116839 127
167182346 127
167182348 127
167182357 127
167182383 127
167247874 127
167247876 127
167247881 127
167247883 127
167313412 127
167313418 127
167313425 127
167313451 127
167378945 127
167378959 127
167378978 127
167378988 127
167444487 127
167444508 127
167444525 127
167444526 127
167510038 127
167510049 127
167510051 127
167510056 127
167575559 127
167575560 127
167575565 127
167575566 127
167641097 127
167641098 127
167641112 127
167641119 127
167706646 127
167706652 127
167706667 127
167706669 127
167772164 127
167772165 127
167772198 127
167772199 127
167837705 127
167837724 127
167837738 127
167837743 127
167903244 127
167903267 127
167903269 127
167903278 127
167968780 127
167968783 127
167968786 127
167968801 127
168034306 127
168034325 127
168034339 127
168034344 127
168099841 127
168099858 127
168099867 127
168099876 127
168165393 127
168165402 127
168165403 127
168165408 127
168230947 127
168230949 127
168230952 127
168230954 127
168296448 127
168296463 127
168296477 127
168296478 127
168361993 127
168361995 127
168362008 127
168362010 127
168427543 127
168427548 127
168427553 127
168427554 127
168493056 127
168493062 127
168493065 127
168493079 127
168558594 127
168558620 127
168558631 127
168558633 127
168624142 127
168624147 127
168624149 127
168624160 127
168689668 127
168689674 127
168689685 127
168689687 127
168755204 127
168755206 127
168755209 127
168755231 127
168820744 127
168820746 127
168820761 127
168820771 127
168886274 127
168886287 127
168886292 127
168886317 127
168951808 127
168951810 127
168951827 127
168951833 127
169017361 127
169017362 127
169017364 127
169017375 127
169082894 127
169082899 127
169082917 127
169082920 127
169148417 127
169148418 127
169148420 127
169148439 127
169213954 127
169213964 127
169213967 127
169213973 127
169279493 127
169279496 127
169279502 127
169279523 127
169345032 127
169345034 127
169345039 127
169345061 127
169410562 127
169410564 127
169410567 127
169410585 127
169476096 127
169476122 127
169476129 127
169476131 127
169541641 127
169541644 127
169541659 127
169541666 127
169607170 127
169607177 127
169607183 127
169607208 127
169672727 127
169672730 127
169672745 127
169672748 127
169738247 127
169738261 127
169738262 127
169738264 127
169803795 127
169803802 127
169803809 127
169803816 127
169869321 127
169869332 127
169869339 127
169869342 127
169934854 127
169934856 127
169934871 127
169934873 127
170000389 127
170000391 127
170000398 127
170000424 127
170065921 127
170065939 127
170065958 127
170065960 127
170131468 127
170131487 127
170131489 127
170131502 127
170197006 127
170197020 127
170197021 127
170197023 127
170262529 127
170262531 127
170262546 127
170262556 127
170328081 127
170328087 127
170328104 127
170328110 127
170393604 127
170393617 127
170393631 127
170393634 127
170459174 127
170459179 127
170459180 127
170459181 127
170524675 127
170524681 127
170524686 127
170524700 127
170590227 127
170590234 127
170590237 127
170590248 127
170655756 127
170655759 127
170655761 127
170655770 127
170721307 127
170721310 127
170721316 127
170721325 127
170786831 127
170786833 127
170786836 127
170786854 127
170852357 127
170852366 127
170852384 127
170852399 127
170917901 127
170917907 127
170917908 127
170917918 127
170983424 127
170983450 127
170983463 127
170983465 127
171048967 127
171048980 127
171048986 127
171049001 127
171114499 127
171114504 127
171114506 127
171114513 127
171180052 127
171180053 127
171180054 127
171180055 127
171245570 127
171245583 127
171245584 127
171245613 127
171311116 127
171311118 127
171311131 127
171311133 127
171376655 127
171376657 127
171376674 127
171376676 127
171442190 127
171442204 127
171442219 127
171442221 127
171507746 127
171507748 127
171507749 127
171507759 127
171573248 127
171573255 127
171573274 127
171573281 127
171638795 127
171638812 127
171638814 127
171638821 127
171704321 127
171704322 127
171704323 127
171704352 127
171769858 127
171769892 127
171769897 127
171769899 127
171835403 127
171835405 127
171835420 127
171835430 127
171900948 127
171900969 127
171900970 127
171900971 127
171966477 127
171966482 127
171966487 127
171966492 127
172032009 127
172032034 127
172032036 127
172032047 127
172097537 127
172097563 127
172097574 127
172097576 127
172163088 127
172163106 127
172163107 127
172163113 127
172228623 127
172228633 127
172228642 127
172228644 127
172294155 127
172294173 127
172294178 127
172294184 127
172359681 127
172359698 127
172359700 127
172359719 127
172425216 127
172425217 127
172425219 127
172425262 127
172490770 127
172490773 127
172490775 127
172490788 127
172556300 127
172556309 127
172556311 127
172556318 127
172621859 127
172621864 127
172621866 127
172621869 127
172687363 127
172687366 127
172687380 127
172687385 127
172752905 127
172752932 127
172752938 127
172752943 127
172818439 127
172818445 127
172818462 127
172818476 127
172883969 127
172883970 127
172883983 127
172883984 127
172949527 127
172949528 127
172949534 127
172949537 127
173015067 127
173015072 127
173015077 127
173015078 127
173080579 127
173080620 127
173080621 127
173080622 127
173146116 127
173146117 127
173146127 127
173146158 127
173211651 127
173211666 127
173211684 127
173211689 127
173277189 127
173277196 127
173277198 127
173277231 127
173342735 127
173342752 127
173342757 127
173342762 127
173408260 127
173408278 127
173408281 127
173408299 127
173473802 127
173473811 127
173473828 127
173473837 127
173539328 127
173539337 127
173539366 127
173539375 127
173604883 127
173604889 127
173604892 127
173604902 127
173670400 127
173670405 127
173670410 127
173670423 127
173735953 127
173735955 127
173735956 127
173735958 127
173801497 127
173801499 127
173801500 127
173801502 127
173867014 127
173867016 127
173867021 127
173867023 127
173932563 127
173932576 127
173932577 127
173932586 127
173998082 127
173998084 127
173998085 127
173998107 127
174063622 127
174063624 127
174063627 127
174063641 127
174129168 127
174129175 127
174129182 127
174129193 127
174194710 127
174194711 127
174194724 127
174194725 127
174260228 127
174260231 127
174260234 127
174260261 127
174325761 127
174325764 127
174325766 127
174325767 127
174391313 127
174391328 127
174391330 127
174391331 127
174456834 127
174456848 127
174456871 127
174456873 127
174522389 127
174522399 127
174522400 127
174522410 127
174587920 127
174587923 127
174587929 127
174587930 127
174653456 127
174653467 127
174653469 127
174653478 127
174718978 127
174718979 127
174718985 127
174718988 127
174784514 127
174784523 127
174784540 127
174784549 127
174850075 127
174850078 127
174850088 127
174850093 127
174915593 127
174915598 127
174915611 127
174915616 127
174981123 127
174981126 127
174981136 127
174981161 127
175046679 127
175046680 127
175046693 127
175046698 127
175112202 127
175112211 127
175112216 127
175112217 127
175177757 127
175177771 127
175177772 127
175177774 127
175243264 127
175243282 127
175243285 127
175243287 127
175308814 127
175308817 127
175308824 127
175308839 127
175374337 127
175374356 127
175374359 127
175374378 127
175439879 127
175439882 127
175439893 127
175439896 127
175505432 127
175505437 127
175505447 127
175505450 127
175570960 127
175570963 127
175570969 127
175570970 127
175636508 127
175636514 127
175636515 127
175636517 127
175702019 127
175702026 127
175702029 127
175702044 127
175767558 127
175767561 127
175767591 127
175767592 127
175833091 127
175833101 127
175833104 127
175833126 127
175898624 127
175898629 127
175898643 127
175898662 127
175964174 127
175964189 127
175964195 127
175964200 127
176029696 127
176029702 127
176029731 127
176029741 127
176095234 127
176095243 127
176095260 127
176095261 127
176160783 127
176160802 127
176160804 127
176160813 127
176226321 127
176226322 127
176226340 127
176226351 127
176291846 127
176291849 127
176291855 127
176291864 127
176357378 127
176357385 127
176357387 127
176357392 127
176422943 127
176422948 127
176422954 127
176422957 127
176488458 127
176488461 127
176488480 127
176488487 127
176553993 127
176554011 127
176554014 127
176554020 127
176619541 127
176619550 127
176619552 127
176619555 127
176685080 127
176685085 127
176685087 127
176685094 127
176750610 127
176750627 127
176750628 127
176750629 127
176816131 127
176816150 127
176816156 127
176816157 127
176881695 127
176881698 127
176881701 127
176881708 127
176947205 127
176947224 127
176947234 127
176947239 127
177012761 127
177012772 127
177012774 127
177012783 127
177078272 127
177078282 127
177078293 127
177078295 127
177143819 127
177143820 127
177143826 127
177143829 127
177209370 127
177209376 127
177209389 127
177209391 127
177274891 127
177274896 127
177274897 127
177274898 127
177340435 127
177340442 127
177340448 127
177340453 127
177405971 127
177405973 127
177405992 127
177405994 127
177471494 127
177471512 127
177471513 127
177471515 127
177537037 127
177537039 127
177537068 127
177537070 127
177602574 127
177602581 127
177602595 127
177602600 127
177668107 127
177668113 127
177668140 127
177668142 127
177733640 127
177733650 127
177733657 127
177733663 127
177799182 127
177799185 127
177799188 127
177799211 127
177864722 127
177864725 127
177864740 127
177864751 127
177930245 127
177930248 127
177930270 127
177930279 127
177995776 127
177995779 127
177995790 127
177995797 127
178061319 127
178061324 127
178061338 127
178061345 127
178126856 127
178126871 127
178126874 127
178126885 127
178192395 127
178192409 127
178192416 127
178192426 127
178257938 127
178257953 127
178257959 127
178257960 127
178323461 127
178323479 127
178323480 127
178323502 127
178389012 127
178389013 127
178389014 127
178389015 127
178454541 127
178454544 127
178454555 127
178454574 127
178520078 127
178520079 127
178520080 127
178520081 127
178585600 127
178585626 127
178585641 127
178585643 127
178651137 127
178651140 127
178651150 127
178651179 127
178716689 127
178716690 127
178716696 127
178716719 127
178782220 127
178782223 127
178782249 127
178782250 127
178847744 127
178847759 127
178847770 127
178847785 127
178913282 127
178913309 127
178913311 127
178913324 127
178978823 127
178978828 127
178978845 127
178978858 127
179044372 127
179044373 127
179044378 127
179044399 127
179109888 127
179109891 127
179109898 127
179109909 127
179175460 127
179175463 127
179175465 127
179175470 127
179240960 127
179240985 127
179240995 127
179241002 127
179306497 127
179306498 127
179306499 127
179306504 127
179372048 127
179372049 127
179372058 127
179372067 127
179437592 127
179437613 127
179437614 127
179437615 127
179503123 127
179503126 127
179503145 127
179503148 127
179568650 127
179568653 127
179568664 127
179568671 127
179634193 127
179634208 127
179634211 127
179634218 127
179699736 127
179699749 127
179699754 127
179699759 127
179765258 127
179765265 127
179765279 127
179765280 127
179830785 127
179830802 127
179830820 127
179830831 127
179896323 127
179896325 127
179896332 127
179896366 127
179961875 127
179961878 127
179961888 127
179961889 127
180027408 127
180027417 127
180027423 127
180027430 127
180092931 127
180092932 127
180092966 127
180092973 127
180158481 127
180158499 127
180158500 127
180158502 127
180224024 127
180224031 127
180224041 127
180224042 127
180289539 127
180289544 127
180289553 127
180289566 127
180355088 127
180355091 127
180355101 127
180355110 127
180420628 127
180420639 127
180420645 127
180420650 127
180486161 127
180486162 127
180486171 127
180486188 127
180551680 127
180551681 127
180551718 127
180551719 127
180617225 127
180617236 127
180617255 127
180617258 127
180682753 127
180682772 127
180682774 127
180682799 127
180748313 127
180748318 127
180748324 127
180748331 127
180813836 127
180813857 127
180813870 127
180813871 127
180879362 127
180879372 127
180879391 127
180879393 127
180944914 127
180944917 127
180944924 127
180944935 127
181010465 127
181010467 127
181010474 127
181010476 127
181075971 127
181075980 127
181075982 127
181076013 127
181141519 127
181141532 127
181141533 127
181141534 127
181207041 127
181207046 127
181207048 127
181207063 127
181272585 127
181272586 127
181272607 127
181272620 127
181338139 127
181338141 126
181338144 127
181338154 127
181403661 127
181403668 127
181403671 127
181403694 127
181469186 127
181469220 127
181469225 127
181469227 127
181534746 127
181534760 127
181534765 127
181534767 127
181600267 127
181600269 127
181600290 127
181600296 127
181665802 127
181665804 127
181665821 127
181665839 127
181731346 127
181731355 127
181731360 127
181731365 127
181796866 127
181796887 127
181796900 127
181796909 127
181862427 127
181862436 127
181862437 127
181862446 127
181927949 127
181927972 127
181927979 127
181927982 127
181993501 127
181993503 127
181993514 127
181993516 127
182059014 127
182059016 127
182059029 127
182059043 127
182124574 127
182124584 127
182124585 127
182124591 127
182190082 127
182190092 127
182190109 127
182190115 127
182255640 127
182255649 127
182255655 127
182255658 127
182321159 127
182321161 127
182321180 127
182321182 127
182386691 127
182386705 127
182386708 127
182386710 127
182452238 127
182452259 127
182452261 127
182452264 127
182517764 127
182517767 127
182517793 127
182517794 127
182583308 127
182583333 127
182583335 127
182583338 127
182648832 127
182648835 127
182648849 127
182648878 127
182714376 127
182714398 127
182714399 127
182714409 127
182779914 127
182779920 127
182779933 127
182779935 127
182845451 127
182845472 127
182845478 127
182845481 127
182910985 127
182911004 127
182911007 127
182911018 127
182976522 127
182976537 127
182976544 127
182976551 127
183042048 127
183042051 127
183042058 127
183042093 127
183107591 127
183107592 127
183107602 127
183107609 127
183173131 127
183173142 127
183173144 127
183173149 127
183238658 127
183238660 127
183238673 127
183238695 127
183304210 127
183304225 127
183304228 127
183304231 127
183369734 127
183369752 127
183369765 127
183369771 127
183435270 127
183435293 127
183435304 127
183435307 127
183500813 127
183500815 127
183500836 127
183500838 127
183566351 127
183566366 127
183566372 127
183566377 127
183631874 127
183631875 127
183631884 127
183631913 127
183697435 127
183697445 127
183697446 127
183697448 127
183762944 127
183762949 127
183762951 127
183762970 127
183828507 127
183828509 127
183828512 127
183828526 127
183894024 127
183894025 127
183894046 127
183894047 127
183959552 127
183959595 127
183959597 127
183959598 127
184025104 127
184025110 127
184025121 127
184025131 127
184090637 127
184090667 127
184090668 127
184090670 127
184156165 127
184156172 127
184156206 127
184156207 127
184221713 127
184221720 127
184221722 127
184221723 127
184287256 127
184287273 127
184287274 127
184287279 127
184352775 127
184352776 127
184352777 127
184352778 127
184418307 127
184418328 127
184418345 127
184418350 127
184483872 127
184483879 127
184483885 127
184483886 127
184549378 127
184549404 127
184549405 127
184549423 127
184614921 127
184614944 127
184614946 127
184614951 127
184680456 127
184680465 127
184680470 127
184680483 127
184745991 127
184746005 127
184746018 127
184746024 127
184811551 127
184811557 127
184811558 127
184811560 127
184877082 127
184877085 127
184877095 127
184877100 127
184942631 127
184942633 127
184942636 127
184942638 127
185008154 127
185008168 127
185008169 127
185008171 127
185073668 127
185073673 127
185073674 127
185073675 127
185139226 127
185139236 127
185139239 127
185139241 127
185204754 127
185204763 127
185204768 127
185204781 127
185270280 127
185270285 127
185270315 127
185270318 127
185335813 127
185335843 127
185335844 127
185335854 127
185401362 127
185401365 127
185401367 127
185401368 127
185466885 127
185466890 127
185466916 127
185466927 127
185532418 127
185532419 127
185532421 127
185532432 127
185597953 127
185597954 127
185597964 127
185597983 127
185663504 127
185663527 127
185663533 127
185663534 127
185729035 127
185729064 127
185729069 127
185729070 127
185794569 127
185794572 127
185794583 127
185794586 127
185860109 127
185860112 127
185860123 127
185860134 127
185925660 127
185925663 127
185925665 127
185925674 127
185991192 127
185991194 127
185991203 127
185991209 127
186056705 127
186056708 127
186056711 127
186056734 127
186122242 127
186122256 127
186122257 127
186122259 127
186187783 127
186187784 127
186187790 127
186187797 127
186253312 127
186253322 127
186253331 127
186253341 127
186318856 127
186318869 127
186318871 127
186318886 127
186384400 127
186384421 127
186384423 127
186384430 127
186449931 127
186449932 127
186449942 127
186449953 127
186515476 127
186515478 127
186515479 127
186515497 127
186581022 127
186581025 127
186581032 127
186581039 127
186646529 127
186646539 127
186646566 127
186646568 127
186712069 127
186712070 127
186712079 127
186712096 127
186777607 127
186777628 127
186777630 127
186777633 127
186843137 127
186843139 127
186843166 127
186843168 127
186908684 127
186908707 127
186908714 127
186908717 127
186974222 127
186974224 127
186974237 127
186974243 127
187039747 127
187039748 127
187039770 127
187039777 127
187105311 127
187105313 127
187105322 127
187105324 127
187170820 127
187170822 127
187170841 127
187170855 127
187236362 127
187236377 127
187236391 127
187236396 127
187301892 127
187301894 127
187301915 127
187301933 127
187367455 127
187367460 127
187367461 127
187367462 127
187432968 127
187432983 127
187433005 127
187433006 127
187498501 127
187498528 127
187498534 127
187498539 127
187564056 127
187564066 127
187564075 127
187564077 127
187629574 127
187629592 127
187629601 127
187629607 127
187695124 127
187695143 127
187695149 127
187695150 127
187760650 127
187760652 127
187760673 127
187760687 127
187826213 127
187826214 127
187826215 127
187826216 127
187891712 127
187891719 127
187891733 127
187891746 127
187957251 127
187957264 127
187957269 127
187957294 127
188022788 127
188022794 127
188022803 127
188022805 127
188088321 127
188088331 127
188088340 127
188088358 127
188153896 127
188153897 127
188153899 127
188153902 127
188219396 127
188219397 127
188219415 127
188219426 127
188284940 127
188284945 127
188284967 127
188284974 127
188350504 127
188350506 127
188350507 127
188350509 127
188416002 127
188416015 127
188416020 127
188416025 127
188481546 127
188481551 127
188481561 127
188481564 127
188547085 127
188547088 127
188547094 127
188547119 127
188612623 127
188612630 127
188612644 127
188612649 127
188678149 127
188678158 127
188678171 127
188678172 127
188743686 127
188743723 127
188743724 127
188743725 127
188809233 127
188809238 127
188809247 127
188809248 127
188874766 127
188874777 127
188874780 127
188874795 127
188940295 127
188940309 127
188940314 127
188940332 127
189005829 127
189005864 127
189005867 127
189005870 127
189071363 127
189071365 127
189071370 127
189071404 127
189136901 127
189136904 127
189136906 127
189136915 127
189202454 127
189202460 127
189202461 127
189202467 127
189267971 127
189268001 127
189268006 127
189268008 127
189333527 127
189333533 127
189333534 127
189333540 127
189399062 127
189399084 127
189399085 127
189399087 127
189464603 127
189464608 127
189464609 127
189464614 127
189530143 127
189530145 127
189530154 127
189530156 127
189595663 127
189595681 127
189595684 127
189595694 127
189661205 127
189661219 127
189661224 127
189661226 127
189726721 127
189726755 127
189726756 127
189726766 127
189792256 127
189792259 127
189792286 127
189792297 127
189857795 127
189857798 127
189857828 127
189857833 127
189923362 127
189923367 127
189923372 127
189923373 127
189988875 127
189988888 127
189988897 127
189988902 127
190054437 127
190054440 127
190054443 127
190054446 127
190119937 127
190119954 127
190119956 127
190119959 127
190185490 127
190185509 127
190185512 127
190185515 127
190251012 127
190251026 127
190251049 127
190251055 127
190316546 127
190316583 127
190316584 127
190316585 127
190382114 127
190382119 127
190382121 127
190382124 127
190447639 127
190447650 127
190447660 127
190447661 127
190513152 127
190513171 127
190513194 127
190513197 127
190578699 127
190578710 127
190578712 127
190578733 127
190644247 127
190644253 127
190644254 127
190644260 127
190709767 127
190709793 127
190709802 127
190709804 127
190775325 127
190775328 127
190775330 127
190775343 127
190840838 127
190840841 127
190840848 127
190840875 127
190906370 127
190906373 127
190906392 127
190906411 127
190971916 127
190971946 127
190971947 127
190971949 127
191037443 127
191037484 127
191037485 127
191037486 127
191102977 127
191103000 127
191103018 127
191103019 127
191168544 127
191168550 127
191168555 127
191168557 127
191234048 127
191234062 127
191234067 127
191234085 127
191299584 127
191299589 127
191299594 127
191299631 127
191365161 127
191365163 127
191365164 127
191365166 127
191430690 127
191430695 127
191430697 127
191430700 127
191496217 127
191496220 127
191496230 127
191496231 127
191561728 127
191561753 127
191561758 127
191561763 127
191627296 127
191627299 127
191627309 127
191627310 127
191692804 127
191692806 127
191692809 127
191692823 127
191758361 127
191758375 127
191758378 127
191758380 127
191823876 127
191823887 127
191823905 127
191823906 127
191889411 127
191889425 127
191889438 127
191889448 127
191954956 127
191954958 127
191954975 127
191954989 127
192020514 127
192020516 127
192020523 127
192020525 127
192086046 127
192086055 127
192086057 127
192086060 127
192151554 127
192151577 127
192151596 127
192151599 127
192217115 127
192217118 127
192217129 127
192217132 127
192282638 127
192282643 127
192282661 127
192282668 127
192348160 127
192348195 127
192348197 127
192348198 127
192413732 127
192413734 127
192413737 127
192413739 127
192479260 127
192479271 127
192479273 127
192479274 127
192544774 127
192544797 127
192544803 127
192544804 127
192610334 127
192610336 127
192610337 127
192610351 127
192675848 127
192675849 127
192675867 127
192675882 127
192741382 127
192741391 127
192741405 127
192741412 127
192806913 127
192806914 127
192806916 127
192806931 127
192872476 127
192872482 127
192872485 127
192872495 127
192937988 127
192938007 127
192938021 127
192938030 127
193003545 127
193003556 127
193003559 127
193003562 127
193069082 127
193069085 127
193069100 127
193069103 127
193134618 127
193134619 127
193134632 127
193134637 127
193200151 127
193200157 127
193200170 127
193200172 127
193265679 127
193265680 127
193265698 127
193265709 127
193331204 127
193331234 127
193331237 127
193331239 127
193396745 127
193396746 127
193396747 127
193396768 127
193462292 127
193462311 127
193462313 127
193462318 127
193527816 127
193527826 127
193527839 127
193527845 127
193593346 127
193593384 127
193593389 127
193593391 127
193658908 127
193658910 127
193658913 127
193658927 127
193724442 127
193724460 127
193724461 127
193724463 127
193789979 127
193789993 127
193789996 127
193789998 127
193855523 127
193855524 127
193855530 127
193855533 127
193921047 127
193921048 127
193921053 127
193921070 127
193986599 127
193986601 127
193986604 127
193986606 127
194052101 127
194052124 127
194052138 127
194052139 127
194117672 127
194117677 127
194117678 127
194117679 127
194183180 127
194183201 127
194183203 127
194183206 127
194248721 127
194248723 127
194248724 127
194248726 127
194314253 127
194314271 127
194314272 127
194314282 127
194379814 127
194379817 127
194379819 127
194379820 127
194445341 127
194445342 127
194445343 127
194445344 127
194510869 127
194510872 127
194510883 127
194510890 127
194576389 127
194576408 127
194576410 127
194576431 127
194641940 127
194641954 127
194641961 127
194641967 127
194707464 127
194707466 127
194707485 127
194707503 127
194773005 127
194773007 127
194773012 127
194773038 127
194838548 127
194838550 127
194838569 127
194838571 127
194904071 127
194904076 127
194904106 127
194904109 127
194969626 127
194969628 127
194969645 127
194969647 127
195035148 127
195035166 127
195035167 127
195035169 127
195100672 127
195100691 127
195100709 127
195100710 127
195166234 127
195166243 127
195166249 127
195166252 127
195231753 127
195231776 127
195231783 127
195231786 127
195297308 127
195297313 127
195297326 127
195297327 127
195362816 127
195362833 127
195362851 127
195362862 127
195428365 127
195428379 127
195428390 127
195428396 127
195493892 127
195493911 127
195493914 127
195493925 127
195559452 127
195559454 127
195559465 127
195559467 127
195624984 127
195624989 127
195624998 127
195624999 127
195690524 127
195690526 127
195690533 127
195690543 127
195756058 127
195756060 127
195756069 127
195756075 127
195821609 127
195821611 127
195821612 127
195821614 127
195887111 127
195887133 127
195887146 127
195887148 127
195952658 127
195952664 127
195952677 127
195952679 127
196018189 127
196018194 127
196018212 127
196018223 127
196083720 127
196083725 127
196083743 127
196083746 127
196149250 127
196149285 127
196149292 127
196149295 127
196214803 127
196214821 127
196214824 127
196214826 127
196280354 127
196280359 127
196280361 127
196280364 127
196345887 127
196345888 127
196345890 127
196345901 127
196411393 127
196411424 127
196411438 127
196411439 127
196476939 127
196476962 127
196476965 127
196476968 127
196542467 127
196542490 127
196542504 127
196542509 127
196608027 127
196608034 127
196608036 127
196608045 127
196673557 127
196673571 127
196673574 127
196673580 127
196739079 127
196739082 127
196739101 127
196739116 127
196804614 127
196804619 127
196804648 127
196804649 127
196870152 127
196870181 127
196870183 127
196870186 127
196935707 127
196935712 127
196935714 127
196935717 127
197001232 127
197001258 127
197001259 127
197001261 127
197066757 127
197066780 127
197066790 127
197066799 127
197132328 127
197132330 127
197132333 127
197132335 127
197197824 127
197197838 127
197197859 127
197197861 127
197263370 127
197263397 127
197263400 127
197263403 127
197328901 127
197328928 127
197328930 127
197328943 127
197394446 127
197394467 127
197394476 127
197394477 127
197459992 127
197459998 127
197460009 127
197460011 127
197525512 127
197525538 127
197525539 127
197525541 127
197591065 127
197591079 127
197591084 127
197591086 127
197656581 127
197656608 127
197656611 127
197656622 127
197722156 127
197722157 127
197722158 127
197722159 127
197787679 127
197787692 127
197787693 127
197787694 127
197853201 127
197853222 127
197853228 127
197853231 127
197918727 127
197918760 127
197918765 127
197918766 127
197984261 127
197984266 127
197984296 127
197984299 127
198049826 127
198049831 127
198049833 127
198049836 127
198115356 127
198115373 127
198115374 127
198115375 127
198180865 127
198180875 127
198180880 127
198180882 127
198246404 127
198246406 127
198246407 127
198246409 127
198311937 127
198311938 127
198311939 127
198311968 127
198377477 127
198377480 127
198377510 127
198377511 127
198443016 127
198443018 127
198443019 127
198443021 127
198508563 127
198508565 127
198508578 127
198508580 127
198574084 127
198574085 127
198574086 127
198574103 127
198639620 127
198639626 127
198639627 127
198639629 127
198705165 127
198705167 127
198705168 127
198705182 127
198770700 127
198770702 127
198770703 127
198770705 127
198836248 127
198836251 127
198836257 127
198836258 127
198901761 127
198901764 127
198901766 127
198901767 127
198967311 127
198967317 127
198967320 127
198967334 127
199032832 127
199032846 127
199032861 127
199032875 127
199098368 127
199098386 127
199098405 127
199098411 127
199163920 127
199163923 127
199163934 127
199163945 127
199229443 127
199229445 127
199229446 127
199229452 127
199294978 127
199294981 127
199294995 127
199295008 127
199360512 127
199360513 127
199360527 127
199360538 127
199426049 126
199426051 127
199426064 127
199426078 127
199491587 127
199491605 127
199491606 127
199491608 127
199557130 127
199557133 127
199557144 127
199557147 127
199622665 127
199622668 127
199622679 127
199622682 127
199688201 127
199688214 127
199688231 127
199688232 127
199753733 127
199753738 127
199753739 127
199753744 127
199819285 127
199819288 127
199819295 127
199819302 127
199884800 127
199884802 127
199884815 127
199884817 127
199950352 127
199950365 127
199950367 127
199950374 127
200015881 127
200015896 127
200015898 127
200015899 127
200081408 127
200081411 127
200081414 127
200081417 127
200146945 127
200146955 127
200146960 127
200146962 127
200212481 127
200212482 127
200212491 127
200212508 127
200278025 127
200278028 127
200278035 127
200278050 127
200343569 127
200343584 127
200343594 127
200343599 127
200409093 127
200409098 127
200409115 127
200409116 127
200474624 127
200474631 127
200474638 127
200474649 127
200540160 127
200540173 127
200540174 127
200540183 127
200605705 127
200605706 127
200605707 127
200605712 127
200671242 127
200671243 127
200671256 127
200671257 127
200736776 127
200736782 127
200736785 127
200736799 127
200802305 127
200802307 127
200802320 127
200802322 127
200867842 127
200867848 127
200867849 127
200867855 127
200933386 127
200933391 127
200933404 127
200933409 127
200998933 127
200998936 127
200998939 127
200998950 127
201064448 127
201064451 127
201064453 127
201064470 127
201129984 127
201129999 127
201130017 127
201130022 127
201195540 127
201195554 127
201195557 127
201195559 127
201261064 127
201261073 127
201261086 127
201261087 127
201326594 127
201326596 127
201326609 127
201326623 127
201392137 127
201392151 127
201392158 127
201392172 127
201457677 127
201457678 127
201457679 127
201457696 127
201523207 127
201523228 127
201523237 127
201523238 127
201588753 127
201588756 127
201588759 127
201588762 127
201654283 127
201654288 127
201654301 127
201654306 127
201719819 127
201719825 127
201719838 127
201719840 127
201785349 127
201785351 127
201785352 127
201785366 127
201850884 127
201850890 127
201850891 127
201850901 127
201916420 127
201916422 127
201916423 127
201916425 127
201981976 127
201981981 127
201981983 127
201981986 127
202047516 127
202047518 127
202047519 127
202047521 127
202113028 127
202113046 127
202113065 127
202113067 127
202178568 127
202178577 127
202178586 127
202178599 127
202244098 127
202244099 127
202244109 127
202244112 127
202309640 127
202309641 127
202309662 127
202309675 127
202375186 127
202375187 127
202375200 127
202375209 127
202440704 127
202440705 127
202440718 127
202440727 127
202506253 127
202506259 127
202506262 127
202506268 127
202571777 127
202571786 127
202571792 127
202571823 127
202637312 127
202637314 127
202637315 127
202637317 127
202702849 127
202702864 127
202702871 127
202702878 127
202768418 127
202768421 127
202768427 127
202768428 127
202833947 127
202833949 127
202833950 127
202833952 127
202899460 127
202899469 127
202899474 127
202899479 127
202964998 127
202965017 127
202965019 127
202965020 127
203030545 127
203030548 127
203030559 127
203030566 127
203096073 127
203096075 127
203096088 127
203096106 127
203161601 127
203161602 127
203161604 127
203161607 127
203227149 127
203227171 127
203227172 127
203227178 127
203292673 127
203292683 127
203292686 127
203292688 127
203358214 127
203358215 127
203358216 127
203358217 127
203423746 127
203423747 127
203423748 127
203423749 127
203489284 127
203489285 127
203489290 127
203489303 127
203554827 127
203554834 127
203554836 127
203554837 127
203620362 127
203620369 127
203620371 127
203620372 127
203685896 127
203685897 127
203685902 127
203685931 127
203751424 127
203751429 127
203751438 127
203751451 127
203816979 127
203816982 127
203816985 127
203816996 127
203882519 127
203882526 127
203882536 127
203882541 127
203948040 127
203948043 127
203948053 127
203948054 127
204013576 127
204013577 127
204013578 127
204013579 127
204079109 127
204079110 127
204079115 127
204079116 127
204144644 127
204144650 127
204144653 127
204144667 127
204210182 127
204210207 127
204210209 127
204210220 127
204275720 127
204275730 127
204275737 127
204275739 127
204341250 127
204341264 127
204341267 127
204341273 127
204406802 127
204406808 127
204406815 127
204406821 127
204472323 127
204472326 127
204472332 127
204472337 127
204537877 127
204537884 127
204537894 127
204537895 127
204603393 127
204603395 127
204603414 127
204603428 127
204668931 127
204668949 127
204668958 127
204668960 127
204734464 127
204734465 127
204734467 127
204734486 127
204800014 127
204800015 127
204800028 127
204800033 127
204865540 127
204865547 127
204865553 127
204865574 127
204931081 127
204931092 127
204931095 127
204931110 127
204996615 127
204996616 127
204996642 127
204996645 127
205062153 127
205062154 127
205062156 127
205062171 127
205127693 127
205127698 127
205127704 127
205127711 127
205193217 127
205193228 127
205193235 127
205193238 127
205258771 127
205258772 127
205258774 127
205258793 127
205324293 127
205324296 127
205324311 127
205324314 127
205389837 127
205389846 127
205389848 127
205389867 127
205455369 127
205455375 127
205455378 127
205455396 127
205520928 127
205520929 127
205520930 127
205520931 127
205586439 127
205586441 127
205586444 127
205586450 127
205651984 127
205651986 127
205651989 127
205652003 127
205717506 127
205717507 127
205717517 127
205717520 127
205783040 127
205783066 127
205783069 127
205783075 127
205848598 127
205848601 127
205848615 127
205848616 127
205914113 127
205914124 127
205914134 127
205914143 127
205979655 127
205979678 127
205979685 127
205979692 127
206045187 127
206045189 127
206045192 127
206045230 127
206110724 127
206110739 127
206110757 127
206110758 127
206176260 127
206176271 127
206176285 127
206176286 127
206241812 127
206241814 127
206241815 127
206241817 127
206307335 127
206307349 127
206307350 127
206307372 127
206372870 127
206372873 127
206372875 127
206372876 127
206438410 127
206438415 127
206438416 127
206438429 127
206503973 127
206503979 127
206503980 127
206503982 127
206569474 127
206569476 127
206569477 127
206569483 127
206635012 127
206635017 127
206635019 127
206635034 127
206700544 127
206700546 127
206700555 127
206700569 127
206766087 127
206766088 127
206766090 127
206766109 127
206831616 127
206831617 127
206831618 127
206831631 127
206897163 127
206897165 127
206897196 127
206897198 127
206962704 127
206962706 127
206962709 127
206962711 127
207028248 127
207028261 127
207028262 127
207028267 127
207093765 127
207093766 127
207093792 127
207093803 127
207159310 127
207159321 127
207159328 127
207159339 127
207224840 127
207224842 127
207224847 127
207224857 127
207290373 127
207290376 127
207290386 127
207290395 127
207355904 127
207355921 127
207355939 127
207355946 127
207421444 127
207421446 127
207421475 127
207421485 127
207486995 127
207487001 127
207487002 127
207487008 127
207552521 127
207552528 127
207552530 127
207552543 127
207618053 127
207618063 127
207618076 127
207618082 127
207683590 127
207683600 127
207683613 127
207683627 127
207749137 127
207749140 127
207749142 127
207749147 127
207814665 127
207814667 127
207814668 127
207814694 127
207880195 127
207880198 127
207880201 127
207880236 127
207945731 127
207945740 127
207945741 127
207945774 127
208011270 127
208011284 127
208011291 127
208011309 127
208076813 127
208076820 127
208076834 127
208076843 127
208142350 127
208142353 127
208142355 127
208142368 127
208207884 127
208207891 127
208207897 127
208207898 127
208273411 127
208273414 127
208273416 127
208273417 127
208338956 127
208338966 127
208338977 127
208338991 127
208404483 127
208404484 127
208404486 127
208404493 127
208470030 127
208470036 127
208470041 127
208470047 127
208535559 127
208535566 127
208535580 127
208535593 127
208601088 127
208601117 127
208601119 127
208601134 127
208666624 127
208666625 127
208666631 127
208666634 127
208732171 127
208732177 127
208732180 127
208732190 127
208797699 127
208797701 127
208797704 127
208797706 127
208863243 127
208863245 127
208863254 127
208863256 127
208928769 127
208928770 127
208928772 127
208928779 127
208994307 127
208994325 127
208994326 127
208994340 127
209059868 127
209059873 127
209059882 127
209059883 127
209125381 127
209125382 127
209125384 127
209125423 127
209190936 127
209190937 127
209190951 127
209190954 127
209256452 127
209256474 127
209256477 127
209256487 127
209321987 127
209322000 127
209322005 127
209322018 127
209387521 127
209387527 127
209387534 127
209387548 127
209453058 127
209453060 127
209453061 127
209453075 127
209518610 127
209518628 127
209518637 127
209518639 127
209584129 127
209584142 127
209584159 127
209584164 127
209649665 127
209649679 127
209649688 127
209649702 127
209715209 127
209715226 127
209715227 127
209715240 127
209780746 127
209780752 127
209780765 127
209780779 127
209846276 127
209846278 127
209846287 127
209846289 127
209911813 127
209911816 127
209911839 127
209911850 127
209977348 127
209977353 127
209977355 127
209977358 127
210042880 127
210042891 127
210042894 127
210042897 127
210108424 127
210108434 127
210108439 127
210108453 127
210173965 127
210173978 127
210173980 127
210173987 127
210239510 127
210239523 127
210239524 127
210239529 127
210305025 127
210305028 127
210305038 127
210305043 127
210370565 127
210370580 127
210370595 127
210370606 127
210436101 127
210436103 127
210436108 127
210436114 127
210501646 127
210501657 127
210501660 127
210501679 127
210567178 127
210567179 127
210567184 127
210567205 127
210632725 127
210632734 127
210632743 127
210632748 127
210698254 127
210698264 127
210698267 127
210698281 127
210763781 127
210763802 127
210763808 127
210763819 127
210829312 127
210829327 127
210829329 127
210829334 127
210894848 127
210894853 127
210894858 127
210894863 127
210960385 127
210960395 127
210960412 127
210960418 127
211025925 127
211025928 127
211025930 127
211025939 127
211091472 127
211091475 127
211091478 127
211091493 127
211157005 127
211157008 127
211157010 127
211157031 127
211222532 127
211222535 127
211222537 127
211222546 127
211288091 127
211288092 127
211288094 127
211288101 127
211353620 127
211353621 127
211353623 127
211353626 127
211419143 127
211419150 127
211419160 127
211419161 127
211484678 127
211484681 127
211484683 127
211484716 127
211550220 127
211550223 127
211550241 127
211550242 127
211615752 127
211615754 127
211615779 127
211615781 127
211681297 127
211681298 127
211681299 127
211681300 127
211746830 127
211746833 127
211746835 127
211746836 127
211812352 127
211812370 127
211812371 127
211812385 127
211877889 127
211877900 127
211877910 127
211877911 127
211943450 127
211943453 127
211943460 127
211943467 127
212008974 127
212008980 127
212008985 127
212008987 127
212074498 127
212074500 127
212074501 127
212074527 127
212140042 127
212140044 127
212140067 127
212140069 127
212205583 127
212205589 127
212205590 127
212205604 127
212271105 127
212271120 127
212271139 127
212271142 127
212336653 127
212336655 127
212336656 127
212336670 127
212402182 127
212402187 127
212402196 127
212402221 127
212467725 127
212467726 127
212467727 127
212467756 127
212533254 127
212533267 127
212533273 127
212533288 127
212598791 127
212598793 127
212598796 127
212598814 127
212664327 127
212664329 127
212664330 127
212664332 127
212729862 127
212729871 127
212729873 127
212729880 127
212795394 127
212795395 127
212795396 127
212795397 127
212860940 127
212860943 127
212860958 127
212860961 127
212926482 127
212926483 127
212926484 127
212926489 127
212992003 127
212992017 127
212992020 127
212992022 127
213057536 127
213057553 127
213057563 127
213057566 127
213123074 127
213123085 127
213123088 127
213123099 127
213188610 127
213188637 127
213188639 127
213188640 127
213254146 127
213254148 127
213254163 127
213254189 127
213319686 127
213319700 127
213319709 127
213319723 127
213385228 127
213385242 127
213385245 127
213385247 127
213450768 127
213450785 127
213450787 127
213450798 127
213516288 127
213516293 127
213516306 127
213516319 127
213581833 127
213581852 127
213581855 127
213581858 127
213647360 127
213647367 127
213647374 127
213647401 127
213712916 127
213712925 127
213712930 127
213712939 127
213778433 127
213778434 127
213778436 127
213778439 127
213843990 127
213843995 127
213843996 127
213844001 127
213909518 127
213909536 127
213909543 127
213909549 127
213975042 127
213975055 127
213975056 127
213975061 127
214040577 127
214040579 127
214040592 127
214040602 127
214106123 127
214106132 127
214106137 127
214106142 127
214171671 127
214171685 127
214171686 127
214171692 127
214237185 127
214237200 127
214237203 127
214237214 127
214302722 127
214302732 127
214302739 127
214302749 127
214368286 127
214368291 127
214368293 127
214368296 127
214433806 127
214433809 127
214433811 127
214433828 127
214499346 127
214499353 127
214499359 127
214499368 127
214564867 127
214564870 127
214564872 127
214564873 127
214630412 127
214630414 127
214630429 127
214630431 127
214695937 127
214695938 127
214695939 127
214695940 127
214761474 127
214761485 127
214761487 127
214761492 127
214827008 127
214827010 127
214827011 127
214827013 127
214892553 127
214892554 127
214892555 127
214892560 127
214958094 127
214958099 127
214958104 127
214958113 127
215023627 127
215023632 127
215023637 127
215023650 127
215089163 127
215089168 127
215089181 127
215089198 127
215154694 127
215154701 127
215154727 127
215154728 127
215220236 127
215220238 127
215220253 127
215220271 127
215285767 127
215285772 127
215285797 127
215285806 127
215351318 127
215351320 127
215351325 127
215351331 127
215416836 127
215416845 127
215416846 127
215416863 127
215482384 127
215482389 127
215482398 127
215482403 127
215547908 127
215547926 127
215547927 127
215547937 127
215613442 127
215613451 127
215613472 127
215613473 127
215678990 127
215679003 127
215679012 127
215679017 127
215744519 127
215744524 127
215744529 127
215744530 127
215810065 127
215810067 127
215810068 127
215810070 127
215875585 127
215875592 127
215875602 127
215875607 127
215941132 127
215941145 127
215941147 127
215941150 127
216006663 127
216006676 127
216006678 127
216006689 127
216072206 127
216072215 127
216072217 127
216072220 127
216137733 127
216137734 127
216137736 127
216137771 127
216203264 127
216203266 127
216203271 127
216203281 127
216268824 127
216268827 127
216268838 127
216268845 127
216334336 127
216334351 127
216334353 127
216334354 127
216399882 127
216399893 127
216399900 127
216399903 127
216465409 127
216465448 127
216465454 127
216465455 127
216530960 127
216530963 127
216530970 127
216530981 127
216596482 127
216596487 127
216596492 127
216596501 127
216662024 127
216662025 127
216662030 127
216662035 127
216727553 127
216727560 127
216727566 127
216727567 127
216793101 127
216793106 127
216793111 127
216793116 127
216858628 127
216858637 127
216858638 127
216858639 127
216924168 127
216924171 127
216924181 127
216924186 127
216989699 127
216989701 127
216989706 127
216989708 127
217055238 127
217055256 127
217055259 127
217055261 127
217120769 127
217120778 127
217120784 127
217120815 127
217186310 127
217186312 127
217186329 127
217186339 127
217251841 127
217251860 127
217251875 127
217251878 127
217317384 127
217317387 127
217317394 127
217317417 127
217382922 127
217382923 127
217382933 127
217382956 127
217448448 127
217448458 127
217448461 127
217448483 127
217514003 127
217514013 127
217514022 127
217514024 127
217579524 127
217579557 127
217579559 127
217579562 126
217645069 127
217645070 127
217645088 127
217645091 127
217710593 127
217710614 127
217710619 127
217710628 127
217776131 127
217776132 127
217776153 127
217776158 127
217841701 127
217841702 127
217841704 127
217841711 127
217907203 127
217907209 127
217907226 127
217907228 127
217972745 127
217972751 127
217972762 127
217972768 127
218038273 127
218038292 127
218038306 127
218038307 127
218103811 127
218103818 127
218103825 127
218103848 127
218169365 127
218169367 127
218169368 127
218169382 127
218234893 127
218234894 127
218234896 127
218234899 127
218300432 127
218300434 127
218300435 127
218300449 127
218365952 127
218365965 127
218365982 127
218365987 127
218431494 127
218431497 127
218431519 127
218431528 127
218497040 127
218497054 127
218497061 127
218497067 127
218562594 127
218562595 127
218562597 127
218562600 127
218628100 127
218628101 127
218628110 127
218628119 127
218693643 127
218693668 127
218693677 127
218693678 127
218759186 127
218759192 127
218759193 127
218759195 127
218824705 127
218824711 127
218824712 127
218824738 127
218890250 127
218890253 127
218890264 127
218890267 127
218955776 127
218955783 127
218955793 127
218955818 127
219021344 127
219021345 127
219021347 127
219021350 127
219086848 127
219086851 127
219086869 127
219086870 127
219152406 127
219152408 127
219152411 127
219152413 127
219217947 127
219217952 127
219217957 127
219217958 127
219283478 127
219283483 127
219283485 127
219283496 127
219348998 127
219349005 127
219349008 127
219349039 127
219414554 127
219414563 127
219414568 127
219414569 127
219480076 127
219480079 127
219480097 127
219480110 127
219545615 127
219545640 127
219545641 127
219545642 127
219611146 127
219611151 127
219611157 127
219611164 127
219676692 127
219676695 127
219676706 127
219676717 127
219742214 127
219742217 127
219742228 127
219742247 127
219807748 127
219807751 127
219807753 127
219807754 127
219873293 127
219873319 127
219873320 127
219873326 127
219938816 127
219938819 127
219938821 127
219938822 127
220004359 127
220004372 127
220004373 127
220004386 127
220069895 127
220069900 127
220069902 127
220069913 127
220135435 127
220135446 127
220135456 127
220135469 127
220200962 127
220200968 127
220200971 127
220200985 127
220266497 127
220266508 127
220266510 127
220266515 127
220332043 127
220332044 127
220332046 127
220332065 127
220397587 127
220397589 127
220397592 127
220397598 127
220463115 127
220463116 127
220463122 127
220463125 127
220528641 127
220528655 127
220528680 127
220528682 127
220594178 127
220594188 127
220594191 127
220594193 127
220659713 127
220659722 127
220659756 127
220659759 127
220725249 127
220725255 127
220725270 127
220725284 127
220790801 127
220790804 127
220790811 127
220790830 127
220856322 127
220856332 127
220856345 127
220856359 127
220921874 127
220921885 127
220921888 127
220921903 127
220987409 127
220987414 127
220987416 127
220987427 127
221052938 127
221052947 127
221052952 127
221052961 127
221118483 127
221118492 127
221118493 127
221118506 127
221184025 127
221184027 127
221184028 127
221184038 127
221249536 127
221249538 127
221249539 127
221249549 127
221315077 127
221315079 127
221315082 127
221315084 127
221380608 127
221380611 127
221380622 127
221380625 127
221446165 127
221446174 127
221446176 127
221446191 127
221511688 127
221511703 127
221511721 127
221511722 127
221577224 127
221577229 127
221577247 127
221577250 127
221642759 127
221642765 127
221642774 127
221642788 127
221708295 127
221708301 127
221708306 127
221708312 127
221773839 127
221773841 127
221773852 127
221773854 127
221839380 127
221839383 127
221839385 127
221839390 127
221904902 127
221904908 127
221904925 127
221904927 127
221970443 127
221970458 127
221970461 127
221970468 127
222035972 127
222035990 127
222035991 127
222035997 127
222101513 127
222101520 127
222101523 127
222101526 127
222167053 127
222167064 127
222167071 127
222167078 127
222232585 127
222232595 127
222232600 127
222232602 127
222298132 127
222298135 127
222298137 127
222298154 127
222363656 127
222363667 127
222363681 127
222363682 127
222429188 127
222429190 127
222429191 127
222429193 127
222494723 127
222494750 127
222494753 127
222494760 127
222560262 127
222560265 127
222560288 127
222560295 127
222625825 127
222625830 127
222625832 127
222625835 127
222691356 127
222691358 127
222691371 127
222691373 127
222756871 127
222756897 127
222756904 127
222756910 127
222822403 127
222822420 127
222822433 127
222822446 127
222887941 127
222887964 127
222887974 127
222887975 127
222953494 127
222953495 127
222953505 127
222953508 127
223019010 127
223019012 127
223019013 127
223019019 127
223084548 127
223084566 127
223084571 127
223084585 127
223150083 127
223150086 127
223150097 127
223150112 127
223215620 127
223215634 127
223215639 127
223215657 127
223281152 127
223281190 127
223281193 127
223281195 127
223346699 127
223346706 127
223346712 127
223346717 127
223412233 127
223412244 127
223412251 127
223412258 127
223477760 127
223477765 127
223477767 127
223477774 127
223543302 127
223543309 127
223543316 127
223543319 127
223608832 127
223608835 127
223608838 127
223608857 127
223674381 127
223674388 127
223674391 127
223674402 127
223739937 127
223739938 127
223739943 127
223739948 127
223805441 127
223805454 127
223805455 127
223805456 127
223870982 127
223870989 127
223870996 127
223870999 127
223936519 127
223936530 127
223936533 127
223936540 127
224002072 127
224002073 127
224002086 127
224002091 127
224067592 127
224067603 127
224067617 127
224067626 127
224133120 127
224133134 127
224133141 127
224133155 127
224198665 127
224198668 127
224198678 127
224198679 127
224264199 127
224264213 127
224264236 127
224264238 127
224329739 127
224329741 127
224329762 127
224329764 127
224395264 127
224395271 127
224395282 127
224395285 127
224460800 127
224460802 127
224460827 127
224460833 127
224526376 127
224526379 127
224526381 127
224526382 127
224591887 127
224591897 127
224591914 127
224591916 127
224657416 127
224657450 127
224657453 127
224657455 127
224722946 127
224722951 127
224722952 127
224722985 127
224788480 127
224788505 127
224788506 127
224788515 127
224854027 127
224854032 127
224854037 127
224854042 127
224919564 127
224919566 127
224919573 127
224919591 127
224985095 127
224985120 127
224985125 127
224985130 127
225050625 127
225050631 127
225050642 127
225050668 127
225116187 127
225116194 127
225116196 127
225116201 127
225181709 127
225181716 127
225181730 127
225181743 127
225247238 127
225247245 127
225247260 127
225247275 127
225312770 127
225312796 127
225312801 127
225312815 127
225378325 127
225378330 127
225378332 127
225378335 127
225443873 127
225443876 127
225443878 127
225443879 127
225509383 127
225509398 127
225509413 127
225509416 127
225574928 127
225574934 127
225574939 127
225574957 127
225640468 127
225640470 127
225640487 127
225640489 127
225705987 127
225705994 127
225706012 127
225706025 127
225771533 127
225771558 127
225771564 127
225771567 127
225837057 127
225837068 127
225837082 127
225837103 127
225902597 127
225902611 127
225902634 127
225902636 127
225968128 127
225968159 127
225968161 127
225968162 127
226033699 127
226033705 127
226033706 127
226033708 127
226099206 127
226099232 127
226099237 127
226099239 127
226164740 127
226164758 127
226164761 127
226164767 127
226230288 127
226230289 127
226230290 127
226230291 127
226295842 127
226295848 127
226295849 127
226295851 127
226361346 127
226361348 127
226361371 127
226361373 127
226426892 127
226426897 127
226426898 127
226426903 127
226492434 127
226492437 127
226492444 127
226492447 127
226557956 127
226557982 127
226557985 127
226557995 127
226623494 127
226623503 127
226623505 127
226623508 127
226689032 127
226689046 127
226689049 127
226689051 127
226754588 127
226754589 127
226754590 127
226754591 127
226820129 127
226820130 127
226820132 127
226820143 127
226885647 127
226885649 127
226885654 127
226885668 127
226951192 127
226951199 127
226951201 127
226951210 127
227016723 127
227016730 127
227016732 127
227016737 127
227082253 127
227082274 127
227082276 127
227082287 127
227147777 127
227147779 127
227147796 127
227147802 127
227213337 127
227213342 127
227213343 127
227213344 127
227278864 127
227278874 127
227278885 127
227278895 127
227344384 127
227344403 127
227344406 127
227344417 127
227409920 127
227409938 127
227409961 127
227409963 127
227475471 127
227475474 127
227475481 127
227475488 127
227541010 127
227541011 127
227541021 127
227541032 127
227606529 127
227606534 127
227606535 127
227606564 127
227672072 127
227672077 127
227672110 127
227672111 127
227737616 127
227737634 127
227737639 127
227737645 127
227803142 127
227803147 127
227803149 127
227803156 127
227868685 127
227868699 127
227868706 127
227868716 127
227934214 127
227934228 127
227934233 127
227934251 127
227999788 127
227999789 127
227999790 127
227999791 127
228065294 127
228065300 127
228065305 127
228065319 127
228130821 127
228130852 127
228130858 127
228130859 127
228196384 127
228196387 127
228196390 127
228196397 127
228261889 127
228261906 127
228261911 127
228261924 127
228327425 127
228327459 127
228327464 127
228327466 127
228392975 127
228392978 127
228392984 127
228392993 127
228458499 127
228458500 127
228458513 127
228458518 127
228524044 127
228524055 127
228524057 127
228524062 127
228589600 127
228589602 127
228589603 127
228589605 127
228655124 127
228655125 127
228655131 127
228655138 127
228720644 127
228720658 127
228720667 127
228720669 127
228786184 127
228786215 127
228786217 127
228786218 127
228851744 127
228851757 127
228851758 127
228851759 127
228917253 127
228917278 127
228917280 127
228917283 127
228982790 127
228982795 127
228982804 127
228982829 127
229048350 127
229048352 127
229048355 127
229048361 127
229113857 127
229113878 127
229113880 127
229113883 127
229179413 127
229179423 127
229179428 127
229179438 127
229244970 127
229244971 127
229244972 127
229244973 127
229310465 127
229310470 127
229310476 127
229310479 127
229376018 127
229376027 127
229376036 127
229376037 127
229441571 127
229441577 127
229441580 127
229441582 127
229507077 127
229507082 127
229507095 127
229507096 127
229572610 127
229572616 127
229572621 127
229572627 127
229638168 127
229638170 127
229638171 127
229638177 127
229703688 127
229703689 127
229703690 127
229703691 127
229769228 127
229769242 127
229769245 127
229769263 127
229834754 127
229834783 127
229834784 127
229834797 127
229900303 127
229900305 127
229900308 127
229900322 127
229965851 127
229965852 127
229965857 127
229965866 127
230031380 127
230031383 127
230031402 127
230031405 127
230096905 127
230096915 127
230096916 127
230096930 127
230162449 127
230162470 127
230162472 127
230162479 127
230227979 127
230227993 127
230227994 127
230228000 127
230293510 127
230293517 127
230293531 127
230293544 127
230359047 127
230359061 127
230359066 127
230359068 127
230424580 127
230424583 127
230424597 127
230424602 127
230490134 127
230490135 127
230490148 127
230490149 127
230555660 127
230555662 127
230555671 127
230555673 127
230621190 127
230621201 127
230621212 127
230621215 127
230686725 127
230686746 127
230686760 127
230686763 127
230752263 127
230752264 127
230752282 127
230752285 127
230817794 127
230817796 127
230817801 127
230817807 127
230883334 127
230883336 127
230883339 127
230883353 127
230948868 127
230948886 127
230948887 127
230948905 127
231014402 127
231014429 127
231014440 127
231014447 127
231079937 127
231079951 127
231079966 127
231079972 127
231145493 127
231145499 127
231145504 127
231145514 127
231211034 127
231211040 127
231211047 127
231211049 127
231276544 127
231276545 127
231276551 127
231276590 127
231342090 127
231342092 127
231342093 127
231342115 127
231407637 127
231407648 127
231407658 127
231407659 127
231473164 127
231473165 127
231473187 127
231473190 127
231538695 127
231538712 127
231538718 127
231538733 127
231604245 127
231604255 127
231604262 127
231604268 127
231669774 127
231669776 127
231669797 127
231669803 127
231735304 127
231735306 127
231735311 127
231735313 127
231800850 127
231800853 127
231800871 127
231800872 127
231866368 127
231866382 127
231866395 127
231866409 127
231931907 127
231931909 127
231931940 127
231931942 127
231997446 127
231997469 127
231997476 127
231997479 127
232062977 127
232062994 127
232062996 127
232062999 127
232128519 127
232128532 127
232128538 127
232128541 127
232194055 127
232194072 127
232194081 127
232194090 127
232259600 127
232259602 127
232259615 127
232259621 127
232325125 127
232325131 127
232325136 127
232325162 127
232390669 127
232390671 127
232390700 127
232390702 127
232456196 127
232456225 127
232456227 127
232456230 127
232521729 127
232521731 127
232521748 127
232521762 127
232587264 127
232587269 127
232587278 127
232587295 127
232652806 127
232652825 127
232652835 127
232652836 127
232718344 127
232718362 127
232718381 127
232718383 127
232783878 127
232783880 127
232783885 127
232783911 127
232849413 127
232849415 127
232849434 127
232849436 127
232914978 127
232914983 127
232914985 127
232914988 127
232980494 127
232980508 127
232980523 127
232980525 127
233046025 127
233046027 127
233046040 127
233046042 127
233111575 127
233111580 127
233111585 127
233111590 127
233177088 127
233177093 127
233177107 127
233177114 127
233242634 127
233242636 127
233242665 127
233242671 127
233308173 127
233308178 127
233308183 127
233308188 127
233373715 127
233373718 127
233373728 127
233373729 127
233439234 127
233439257 127
233439263 127
233439268 127
233504772 127
233504787 127
233504789 127
233504798 127
233570306 127
233570332 127
233570343 127
233570345 127
233635841 127
233635859 127
233635878 127
233635880 127
233701407 127
233701409 127
233701412 127
233701414 127
233766919 127
233766933 127
233766936 127
233766938 127
233832465 127
233832468 127
233832474 127
233832483 127
233897989 127
233897998 127
233898003 127
233898024 127
233963522 127
233963541 127
233963555 127
233963560 127
234029074 127
234029083 127
234029092 127
234029097 127
234094594 127
234094596 127
234094607 127
234094609 127
234160150 127
234160163 127
234160168 127
234160173 127
234225678 127
234225683 127
234225685 127
234225696 127
234291215 127
234291222 127
234291225 127
234291228 127
234356745 127
234356746 127
234356760 127
234356767 127
234422291 127
234422300 127
234422305 127
234422314 127
234487811 127
234487824 127
234487829 127
234487834 127
234553353 127
234553371 127
234553374 127
234553376 127
234618882 127
234618885 127
234618899 127
234618920 127
234684422 127
234684424 127
234684441 127
234684455 127
234749953 127
234749962 127
234749968 127
234749987 127
234815489 127
234815492 127
234815519 127
234815526 127
234881041 127
234881066 127
234881067 127
234881068 127
234946567 127
234946568 127
234946573 127
234946574 127
235012098 127
235012109 127
235012120 127
235012127 127
235077634 127
235077636 127
235077641 127
235077655 127
235143172 127
235143178 127
235143189 127
235143191 127
235208704 127
235208710 127
235208713 127
235208727 127
235274246 127
235274249 127
235274268 127
235274271 127
235339786 127
235339801 127
235339811 127
235339812 127
235405316 127
235405327 127
235405341 127
235405342 127
235470850 127
235470852 127
235470855 127
235470873 127
235536403 127
235536406 127
235536417 127
235536424 127
235601928 127
235601930 127
235601935 127
235601957 127
235667468 127
235667477 127
235667486 127
235667491 127
235732992 127
235733018 127
235733025 127
235733027 126
235798539 127
235798541 127
235798556 127
235798566 127
235864076 127
235864081 127
235864086 127
235864107 127
235929628 127
235929645 127
235929646 127
235929647 127
235995142 127
235995144 127
235995147 127
235995161 127
236060675 127
236060680 127
236060682 127
236060689 127
236126228 127
236126229 127
236126230 127
236126235 127
236191758 127
236191772 127
236191773 127
236191787 127
236257281 127
236257283 127
236257308 127
236257314 127
236322831 127
236322833 127
236322836 127
236322854 127
236388362 127
236388364 127
236388373 127
236388387 127
236453900 127
236453901 127
236453903 127
236453906 127
236519443 127
236519444 127
236519454 127
236519461 127
236584996 127
236584998 127
236585001 127
236585007 127
236650497 127
236650498 127
236650499 127
236650500 127
236716041 127
236716044 127
236716059 127
236716066 127
236781591 127
236781608 127
236781610 127
236781613 127
236847107 127
236847110 127
236847128 127
236847129 127
236912641 127
236912642 127
236912643 127
236912672 127
236978181 127
236978184 127
236978190 127
236978211 127
237043721 127
237043723 127
237043736 127
237043750 127
237109248 127
237109253 127
237109262 127
237109295 127
237174801 127
237174802 127
237174804 127
237174815 127
237240322 127
237240335 127
237240356 127
237240357 127
237305879 127
237305894 127
237305896 127
237305901 127
237371404 127
237371406 127
237371419 127
237371421 127
237436931 127
237436933 127
237436960 127
237436974 127
237502467 127
237502473 127
237502478 127
237502492 127
237568009 127
237568034 127
237568036 127
237568047 127
237633536 127
237633553 127
237633562 127
237633575 127
237699074 127
237699103 127
237699108 127
237699113 127
237764617 127
237764624 127
237764639 127
237764650 127
237830155 127
237830173 127
237830178 127
237830184 127
237895703 127
237895704 127
237895710 127
237895713 127
237961216 127
237961221 127
237961226 127
237961239 127
238026762 127
238026769 127
238026771 127
238026776 127
238092290 127
238092304 127
238092333 127
238092335 127
238157824 127
238157825 127
238157827 127
238157834 127
238223369 127
238223374 127
238223387 127
238223392 127
238288912 127
238288922 127
238288933 127
238288939 127
238354448 127
238354459 127
238354461 127
238354466 127
238419988 127
238419991 127
238420002 127
238420013 127
238485511 127
238485524 127
238485530 127
238485545 127
238551067 127
238551072 127
238551077 127
238551078 127
238616596 127
238616617 127
238616618 127
238616619 127
238682129 127
238682131 127
238682140 127
238682150 127
238747648 127
238747655 127
238747662 127
238747673 127
238813203 127
238813210 127
238813213 127
238813224 127
238878726 127
238878728 127
238878731 127
238878745 127
238944272 127
238944279 127
238944285 127
238944286 127
239009804 127
239009807 127
239009818 127
239009837 127
239075335 127
239075353 127
239075354 127
239075356 127
239140868 127
239140873 127
239140902 127
239140911 127
239206402 127
239206409 127
239206415 127
239206440 127
239271939 127
239271945 127
239271980 127
239271982 127
239337492 127
239337495 127
239337509 127
239337514 127
239403008 127
239403010 127
239403013 127
239403031 127
239468569 127
239468578 127
239468580 127
239468587 127
239534103 127
239534106 127
239534121 127
239534124 127
239599620 127
239599621 127
239599631 127
239599662 127
239665169 127
239665184 127
239665186 127
239665187 127
239730692 127
239730710 127
239730713 127
239730719 127
239796241 127
239796243 127
239796246 127
239796252 127
239861780 127
239861785 127
239861787 127
239861790 127
239927314 127
239927317 127
239927327 127
239927328 127
239992835 127
239992857 127
239992858 127
239992860 127
240058368 127
240058386 127
240058391 127
240058409 127
240123939 127
240123940 127
240123946 127
240123949 127
240189445 127
240189454 127
240189463 127
240189480 127
240254985 127
240254988 127
240254995 127
240255010 127
240320512 127
240320523 127
240320542 127
240320545 127
240386064 127
240386085 127
240386086 127
240386095 127
240451593 127
240451615 127
240451620 127
240451622 127
240517125 127
240517144 127
240517147 127
240517150 127
240582690 127
240582696 127
240582701 127
240582703 127
240648207 127
240648221 127
240648236 127
240648238 127
240713730 127
240713732 127
240713733 127
240713755 127
240779281 127
240779291 127
240779294 127
240779300 127
240844803 127
240844806 127
240844816 127
240844841 127
240910345 127
240910372 127
240910378 127
240910383 127
240975901 127
240975902 127
240975911 127
240975916 127
241041408 127
241041410 127
241041419 127
241041437 127
241106945 127
241106952 127
241106962 127
241106983 127
241172484 127
241172499 127
241172517 127
241172526 127
241238042 127
241238044 127
241238057 127
241238059 127
241303554 127
241303563 127
241303580 127
241303589 127
241369090 127
241369091 127
241369097 127
241369100 127
241434624 127
241434627 127
241434638 127
241434645 127
241500180 127
241500182 127
241500183 127
241500197 127
241565697 127
241565710 127
241565711 127
241565712 127
241631250 127
241631252 127
241631253 127
241631275 127
241696783 127
241696800 127
241696805 127
241696810 127
241762305 127
241762308 127
241762310 127
241762311 127
241827864 127
241827869 127
241827879 127
241827882 127
241893410 127
241893413 127
241893419 127
241893420 127
241958919 127
241958925 127
241958942 127
241958956 127
242024463 127
242024473 127
242024482 127
242024484 127
242089994 127
242089997 127
242090016 127
242090023 127
242155534 127
242155549 127
242155555 127
242155560 127
242221057 127
242221083 127
242221094 127
242221096 127
242286598 127
242286600 127
242286605 127
242286607 127
242352144 127
242352147 127
242352150 127
242352157 127
242417671 127
242417676 127
242417690 127
242417697 127
242483206 127
242483224 127
242483225 127
242483227 127
242548744 127
242548754 127
242548761 127
242548767 127
242614282 127
242614284 127
242614293 127
242614319 127
242679814 127
242679817 127
242679847 127
242679848 127
242745361 127
242745388 127
242745390 127
242745391 127
242810905 127
242810916 127
242810918 127
242810919 127
242876431 127
242876450 127
242876452 127
242876453 127
242941955 127
242941970 127
242941980 127
242941993 127
243007513 127
243007520 127
243007523 127
243007530 127
243073042 127
243073043 127
243073052 127
243073057 127
243138576 127
243138579 127
243138585 127
243138590 127
243204097 127
243204111 127
243204114 127
243204132 127
243269656 127
243269669 127
243269674 127
243269679 127
243335199 127
243335200 127
243335209 127
243335214 127
243400718 127
243400721 127
243400728 127
243400739 127
243466266 127
243466272 127
243466279 127
243466281 127
243531800 127
243531807 127
243531809 127
243531818 127
243597313 127
243597332 127
243597334 127
243597351 127
243662855 127
243662869 127
243662888 127
243662890 127
243728404 127
243728405 127
243728410 127
243728431 127
243793922 127
243793931 127
243793956 127
243793965 127
243859468 127
243859470 127
243859477 127
243859491 127
243924994 127
243925024 127
243925029 127
243925031 127
243990528 127
243990546 127
243990549 127
243990551 127
244056072 127
244056087 127
244056090 127
244056101 127
244121618 127
244121624 127
244121627 127
244121637 127
244187142 127
244187147 127
244187149 127
244187152 127
244252679 127
244252684 127
244252701 127
244252714 127
244318213 127
244318216 127
244318238 127
244318247 127
244383755 127
244383757 127
244383770 127
244383776 127
244449315 127
244449316 127
244449317 127
244449322 127
244514832 127
244514833 127
244514842 127
244514851 127
244580377 127
244580386 127
244580392 127
244580399 127
244645898 127
244645901 127
244645912 127
244645919 127
244711425 127
244711430 127
244711432 127
244711447 127
244776960 127
244776985 127
244776995 127
244777002 127
244842498 127
244842519 127
244842532 127
244842541 127
244908053 127
244908062 127
244908068 127
244908075 127
244973592 127
244973613 127
244973614 127
244973615 127
245039109 127
245039127 127
245039136 127
245039150 127
245104676 127
245104679 127
245104681 127
245104686 127
245170182 127
245170185 127
245170191 127
245170200 127
245235712 127
245235715 127
245235722 127
245235733 127
245301265 127
245301283 127
245301284 127
245301286 127
245366810 127
245366820 127
245366825 127
245366827 127
245432350 127
245432356 127
245432357 127
245432367 127
245497859 127
245497861 127
245497892 127
245497902 127
245563425 127
245563427 127
245563434 127
245563436 127
245628936 127
245628939 127
245628946 127
245628953 127
245694464 127
245694475 127
245694481 127
245694490 127
245760014 127
245760015 127
245760016 127
245760017 127
245825539 127
245825544 127
245825565 127
245825566 127
245891076 127
245891079 127
245891105 127
245891106 127
245956624 127
245956627 127
245956642 127
245956645 127
246022157 127
246022159 127
246022160 127
246022190 127
246087700 127
246087701 127
246087702 127
246087703 127
246153216 127
246153218 127
246153233 127
246153255 127
246218758 127
246218776 127
246218789 127
246218795 127
246284298 127
246284305 127
246284312 127
246284327 127
246349825 127
246349828 127
246349838 127
246349855 127
246415384 127
246415389 127
246415402 127
246415403 127
246480899 127
246480921 127
246480928 127
246480934 127
246546449 127
246546452 127
246546463 127
246546474 127
246611985 127
246611986 127
246612004 127
246612015 127
246677506 127
246677521 127
246677540 127
246677551 127
246743040 127
246743042 127
246743085 127
246743087 127
246808594 127
246808597 127
246808604 127
246808615 127
246874119 127
246874122 127
246874133 127
246874136 127
246939657 127
246939658 127
246939660 127
246939679 127
247005197 127
247005200 127
247005211 127
247005230 127
247070730 127
247070732 127
247070749 127
247070767 127
247136257 127
247136258 127
247136259 127
247136264 127
247201807 127
247201808 127
247201810 127
247201813 127
247267347 127
247267350 127
247267369 127
247267372 127
247332883 127
247332886 127
247332896 127
247332897 127
247398418 127
247398424 127
247398429 127
247398431 127
247463943 127
247463958 127
247463960 127
247463965 127
247529481 127
247529504 127
247529506 127
247529511 127
247595037 127
247595039 127
247595050 127
247595052 127
247660544 127
247660549 127
247660551 127
247660570 127
247726088 127
247726101 127
247726118 127
247726123 127
247791623 127
247791624 127
247791625 127
247791626 127
247857176 127
247857179 127
247857181 127
247857198 127
247922697 127
247922716 127
247922719 127
247922730 127
247988263 127
247988265 127
247988268 127
247988270 127
248053769 127
248053772 127
248053786 127
248053791 127
248119324 127
248119329 127
248119331 127
248119338 127
248184843 127
248184845 127
248184868 127
248184870 127
248250383 127
248250401 127
248250408 127
248250414 127
248315912 127
248315921 127
248315926 127
248315939 127
248381440 127
248381441 127
248381455 127
248381482 127
248447002 127
248447015 127
248447016 127
248447017 127
248512515 127
248512524 127
248512529 127
248512558 127
248578056 127
248578057 127
248578078 127
248578079 127
248643596 127
248643617 127
248643630 127
248643631 127
248709125 127
248709155 127
248709156 127
248709166 127
248774656 127
248774658 127
248774659 127
248774697 127
248840219 127
248840232 127
248840233 127
248840238 127
248905735 127
248905737 127
248905756 127
248905758 127
248971291 127
248971294 127
248971300 127
248971301 127
249036802 127
249036828 127
249036829 127
249036847 127
249102341 127
249102346 127
249102372 127
249102383 127
249167901 127
249167912 127
249167914 127
249167915 127
249233420 127
249233439 127
249233453 127
249233454 127
249298962 127
249298973 127
249298975 127
249298980 127
249364483 127
249364504 127
249364521 127
249364526 127
249430016 127
249430019 127
249430026 127
249430037 127
249495571 127
249495576 127
249495578 127
249495589 127
249561099 127
249561101 127
249561122 127
249561128 127
249626635 127
249626641 127
249626652 127
249626654 127
249692175 127
249692189 127
249692198 127
249692200 127
249757703 127
249757704 127
249757710 127
249757717 127
249823237 127
249823252 127
249823255 127
249823278 127
249888790 127
249888791 127
249888797 127
249888812 127
249954336 127
249954343 127
249954349 127
249954350 127
250019846 127
250019849 127
250019860 127
250019879 127
250085380 127
250085394 127
250085397 127
250085399 127
250150924 127
250150955 127
250150957 127
250150958 127
250216459 127
250216460 127
250216470 127
250216481 127
250281992 127
250281994 127
250282005 127
250282019 127
250347536 127
250347545 127
250347558 127
250347559 127
250413080 127
250413089 127
250413098 127
250413099 127
250478604 127
250478606 127
250478615 127
250478637 127
250544139 127
250544152 127
250544166 127
250544169 127
250609668 127
250609687 127
250609689 127
250609698 127
250675202 127
250675212 127
250675229 127
250675231 127
250740769 127
250740771 127
250740774 127
250740776 127
250806285 127
250806308 127
250806315 127
250806318 127
250871809 127
250871810 127
250871811 127
250871824 127
250937354 127
250937377 127
250937383 127
250937388 127
251002911 127
251002917 127
251002918 127
251002920 127
251068419 127
251068420 127
251068454 127
251068461 127
251133960 127
251133969 127
251133970 127
251133979 127
251199518 127
251199519 127
251199532 127
251199533 127
251265046 127
251265064 127
251265069 127
251265071 127
251330577 127
251330584 127
251330586 127
251330587 127
251396118 127
251396132 127
251396137 127
251396139 127
251461632 127
251461637 127
251461670 127
251461671 127
251527170 127
251527180 127
251527181 127
251527203 127
251592737 127
251592746 127
251592747 127
251592748 127
251658248 127
251658253 127
251658283 127
251658286 127
251723784 127
251723817 127
251723819 127
251723822 127
251789315 127
251789329 127
251789332 127
251789334 127
251854880 127
251854882 127
251854891 127
251854893 127
251920399 127
251920422 127
251920424 127
251920429 127
251985937 127
251985938 127
251985947 127
251985952 127
252051456 127
252051459 127
252051466 127
252051477 127
252117026 127
252117032 127
252117035 127
252117037 127
252182542 127
252182563 127
252182565 127
252182568 127
252248076 127
252248099 127
252248105 127
252248106 127
252313606 127
252313632 127
252313641 127
252313647 127
252379143 127
252379164 127
252379166 127
252379169 127
252444695 127
252444712 127
252444714 127
252444717 127
252510210 127
252510223 127
252510224 127
252510233 127
252575764 127
252575767 127
252575781 127
252575782 127
252641292 127
252641297 127
252641306 127
252641319 127
252706834 127
252706843 127
252706848 127
252706861 127
252772357 127
252772360 127
252772374 127
252772379 127
252837892 127
252837898 127
252837907 127
252837909 127
252903425 127
252903426 127
252903440 127
252903443 127
252968961 127
252968964 127
252968967 127
252968990 127
253034508 127
253034531 127
253034538 127
253034541 127
253100055 127
253100058 127
253100072 127
253100077 127
253165569 127
253165604 127
253165614 127
253165615 127
253231130 127
253231135 127
253231137 127
253231144 127
253296677 127
253296678 127
253296683 127
253296684 127
253362181 127
253362208 127
253362214 127
253362219 127
253427722 127
253427727 127
253427737 127
253427740 127
253493258 127
253493267 127
253493277 127
253493288 127
253558789 127
253558798 127
253558812 127
253558827 127
253624324 127
253624338 127
253624361 127
253624367 127
253689865 127
253689866 127
253689880 127
253689887 127
253755409 127
253755414 127
253755424 127
253755427 127
253820938 127
253820940 127
253820953 127
253820967 127
253886477 127
253886478 126
253886491 127
253886492 127
253952019 127
253952028 127
253952029 127
253952038 127
254017568 127
254017569 127
254017571 127
254017578 127
254083104 127
254083110 127
254083115 127
254083117 127
254148614 127
254148621 127
254148623 127
254148624 127
254214176 127
254214181 127
254214190 127
254214191 127
254279691 127
254279704 127
254279713 127
254279718 127
254345217 127
254345218 127
254345220 127
254345255 127
254410780 127
254410782 127
254410783 127
254410797 127
254476294 127
254476320 127
254476321 127
254476327 127
254541825 127
254541827 127
254541854 127
254541856 127
254607402 127
254607403 127
254607404 127
254607405 127
254672916 127
254672935 127
254672937 127
254672942 127
254738466 127
254738471 127
254738473 127
254738476 127
254803972 127
254803974 127
254803993 127
254804007 127
254869525 127
254869539 127
254869544 127
254869546 127
254935069 127
254935070 127
254935071 127
254935076 127
255000576 127
255000586 127
255000587 127
255000609 127
255066153 127
255066155 127
255066156 127
255066158 127
255131648 127
255131650 127
255131655 127
255131669 127
255197200 127
255197221 127
255197223 127
255197230 127
255262721 127
255262723 127
255262736 127
255262738 127
255328286 127
255328289 127
255328296 127
255328303 127
255393792 127
255393811 127
255393834 127
255393837 127
255459348 127
255459354 127
255459367 127
255459369 127
255524867 127
255524869 127
255524874 127
255524908 127
255590404 127
255590406 127
255590425 127
255590427 127
255655941 127
255655951 127
255655976 127
255655982 127
255721475 127
255721478 127
255721508 127
255721513 127
255787042 127
255787047 127
255787052 127
255787053 127
255852556 127
255852558 127
255852575 127
255852589 127
255918083 127
255918084 127
255918114 127
255918121 127
255983639 127
255983649 127
255983658 127
255983660 127
256049159 127
256049173 127
256049178 127
256049196 127
256114702 127
256114704 127
256114725 127
256114727 127
256180226 127
256180229 127
256180248 127
256180267 127
256245771 127
256245773 127
256245778 127
256245800 127
256311301 127
256311340 127
256311342 127
256311343 127
256376852 127
256376853 127
256376855 127
256376878 127
256442383 127
256442401 127
256442404 127
256442414 127
256507910 127
256507947 127
256507948 127
256507949 127
256573441 127
256573444 127
256573451 127
256573462 127
256638978 127
256639001 127
256639020 127
256639023 127
256704535 127
256704548 127
256704557 127
256704558 127
256770051 127
256770065 127
256770078 127
256770088 127
256835587 127
256835596 127
256835614 127
256835625 127
256901129 127
256901136 127
256901143 127
256901162 127
256966661 127
256966680 127
256966682 127
256966703 127
257032198 127
257032203 127
257032221 127
257032228 127
257097750 127
257097752 127
257097755 127
257097773 127
257163296 127
257163299 127
257163309 127
257163310 127
257228834 127
257228836 127
257228843 127
257228845 127
257294373 127
257294376 127
257294379 127
257294382 127
257359872 127
257359886 127
257359891 127
257359909 127
257425442 127
257425447 127
257425449 127
257425452 127
257490950 127
257490969 127
257490987 127
257490988 127
257556509 127
257556524 127
257556526 127
257556527 127
257622031 127
257622032 127
257622050 127
257622061 127
257687567 127
257687568 127
257687585 127
257687586 127
257753088 127
257753125 127
257753126 127
257753127 127
257818650 127
257818668 127
257818669 127
257818671 127
257884180 127
257884199 127
257884201 127
257884206 127
257949699 127
257949729 127
257949734 127
257949740 127
258015255 127
258015261 127
258015262 127
258015268 127
258080804 127
258080806 127
258080809 127
258080811 127
258146332 127
258146342 127
258146345 127
258146347 127
258211848 127
258211849 127
258211863 127
258211882 127
258277378 127
258277413 127
258277415 127
258277416 127
258342920 127
258342921 127
258342939 127
258342954 127
258408471 127
258408474 127
258408476 127
258408485 127
258473987 127
258474028 127
258474029 127
258474030 127
258539550 127
258539559 127
258539561 127
258539564 127
258605085 127
258605088 127
258605090 127
258605103 127
258670631 127
258670633 127
258670636 127
258670638 127
258736156 127
258736166 127
258736167 127
258736173 127
258801681 127
258801683 127
258801684 127
258801686 127
258867202 127
258867241 127
258867244 127
258867247 127
258932763 127
258932766 127
258932777 127
258932780 127
258998277 127
258998294 127
258998307 127
258998316 127
259063817 127
259063818 127
259063819 127
259063840 127
259129348 127
259129378 127
259129381 127
259129383 127
259194910 127
259194912 127
259194913 127
259194927 127
259260426 127
259260441 127
259260452 127
259260455 127
259325959 127
259325985 127
259325994 127
259325996 127
259391512 127
259391517 127
259391527 127
259391534 127
259457044 127
259457047 127
259457061 127
259457070 127
259522572 127
259522590 127
259522591 127
259522593 127
259588097 127
259588100 127
259588115 127
259588130 127
259653632 127
259653657 127
259653666 127
259653679 127
259719197 127
259719198 127
259719199 127
259719200 127
259784727 127
259784730 127
259784733 127
259784748 127
259850280 127
259850285 127
259850286 127
259850287 127
259915781 127
259915804 127
259915818 127
259915819 127
259981324 127
259981345 127
259981347 127
259981350 127
260046876 127
260046883 127
260046889 127
260046890 127
260112384 127
260112389 127
260112394 127
260112431 127
260177924 127
260177926 127
260177951 127
260177957 127
260243484 127
260243486 127
260243489 127
260243503 127
260309018 127
260309019 127
260309032 127
260309037 127
260374529 127
260374535 127
260374552 127
260374570 127
260440082 127
260440099 127
260440100 127
260440109 127
260505628 127
260505633 127
260505646 127
260505647 127
260571171 127
260571173 127
260571178 127
260571180 127
260636674 127
260636709 127
260636716 127
260636719 127
260702232 127
260702237 127
260702246 127
260702247 127
260767745 127
260767776 127
260767790 127
260767791 127
260833284 127
260833310 127
260833321 127
260833327 127
260898825 127
260898848 127
260898855 127
260898858 127
260964359 127
260964364 127
260964394 127
260964397 127
261029915 127
261029929 127
261029932 127
261029934 127
261095450 127
261095459 127
261095464 127
261095469 127
261160986 127
261161004 127
261161005 127
261161007 127
261226509 127
261226514 127
261226532 127
261226543 127
261292032 127
261292046 127
261292049 127
261292051 127
261357589 127
261357592 127
261357603 127
261357610 127
261423117 127
261423135 127
261423136 127
261423146 127
261488674 127
261488679 127
261488681 127
261488684 127
261554197 127
261554214 127
261554216 127
261554219 127
261619712 127
261619731 127
261619750 127
261619753 127
261685276 127
261685278 127
261685285 127
261685295 127
261750802 127
261750808 127
261750821 127
261750823 127
261816355 127
261816362 127
261816364 127
261816365 127
261881864 127
261881866 127
261881885 127
261881899 127
261947400 127
261947405 127
261947426 127
261947431 127
262012948 127
262012965 127
262012966 127
262012975 127
262078470 127
262078479 127
262078493 127
262078500 127
262144007 127
262144010 127
262144029 127
262144044 127
262209564 127
262209573 127
262209578 127
262209579 127
262275092 127
262275094 127
262275111 127
262275113 127
262340639 127
262340640 127
262340642 127
262340653 127
262406157 127
262406159 127
262406164 127
262406190 127
262471707 127
262471714 127
262471716 127
262471725 127
262537223 127
262537245 127
262537258 127
262537260 127
262602763 127
262602786 127
262602789 127
262602792 127
262668294 127
262668299 127
262668328 127
262668329 127
262733865 127
262733867 127
262733868 127
262733870 127
262799363 127
262799386 127
262799400 127
262799405 127
262864910 127
262864931 127
262864940 127
262864941 127
262930437 127
262930464 127
262930475 127
262930478 127
262995973 127
262996000 127
262996003 127
262996014 127
263061512 127
263061538 127
263061539 127
263061541 127
263127067 127
263127081 127
263127082 127
263127084 127
263192586 127
263192613 127
263192616 127
263192619 127
263258120 127
263258125 127
263258143 127
263258146 127
263323675 127
263323680 127
263323682 127
263323685 127
263389225 127
263389227 127
263389228 127
263389230 127
263454720 127
263454734 127
263454755 127
263454757 127
263520272 127
263520298 127
263520299 127
263520301 127
263585817 127
263585826 127
263585836 127
263585839 127
263651347 127
263651365 127
263651368 127
263651370 127
263716871 127
263716904 127
263716909 127
263716910 127
263782424 127
263782430 127
263782431 127
263782445 127
263847941 127
263847946 127
263847976 127
263847979 127
263913477 127
263913500 127
263913510 127
263913519 127
263979025 127
263979046 127
263979052 127
263979055 127
264044578 127
264044583 127
264044585 127
264044588 127
264110124 127
264110125 127
264110126 127
264110127 127
264175644 127
264175661 127
264175662 127
264175663 127
264241156 127
264241158 127
264241159 127
264241161 127
264306690 127
264306691 127
264306693 127
264306696 127
264372225 127
264372256 127
264372262 127
264372263 127
264437761 127
264437771 127
264437776 127
264437778 127
264503315 127
264503317 127
264503330 127
264503332 127
264568835 127
264568840 127
264568842 127
264568845 127
264634369 127
264634371 127
264634384 127
264634398 127
264699917 127
264699919 127
264699920 127
264699934 127
264765444 127
264765450 127
264765451 127
264765453 127
264830976 127
264830994 127
264831013 127
264831019 127
264896524 127
264896531 127
264896542 127
264896553 127
264962049 127
264962052 127
264962054 127
264962055 127
265027584 127
265027599 127
265027605 127
265027622 127
265093134 127
265093135 127
265093136 127
265093137 127
265158680 127
265158683 127
265158689 127
265158690 127
265224195 127
265224197 127
265224198 127
265224204 127
265289732 127
265289733 127
265289734 127
265289751 127
265355266 127
265355269 127
265355283 127
265355296 127
265420811 127
265420821 127
265420822 127
265420824 127
265486357 127
265486360 127
265486367 127
265486374 127
265551881 127
265551882 127
265551883 127
265551888 127
265617422 127
265617432 127
265617437 127
265617451 127
265682953 127
265682954 127
265682955 127
265682960 127
265748497 127
265748512 127
265748514 127
265748527 127
265814016 127
265814023 127
265814026 127
265814041 127
265879557 127
265879562 127
265879579 127
265879580 127
265945097 127
265945098 127
265945112 127
265945115 127
266010637 127
266010638 127
266010639 127
266010656 127
266076168 127
266076169 127
266076183 127
266076186 127
266141696 127
266141697 127
266141711 127
266141722 127
266207232 127
266207235 127
266207238 127
266207241 127
266272769 127
266272771 127
266272792 127
266272806 127
266338319 127
266338324 127
266338337 127
266338338 127
266403840 127
266403843 127
266403845 127
266403862 127
266469376 127
266469393 127
266469399 127
266469406 127
266534914 127
266534916 127
266534929 127
266534943 127
266600457 127
266600459 127
266600460 127
266600474 127
266666000 127
266666001 127
266666015 127
266666022 127
266731528 127
266731533 127
266731534 127
266731551 127
266797065 127
266797080 127
266797082 127
266797083 127
266862605 127
266862614 127
266862631 127
266862632 127
266928129 127
266928130 127
266928139 127
266928156 127
266993678 127
266993687 127
266993693 127
266993696 127
267059205 127
267059207 127
267059208 127
267059222 127
267124747 127
267124750 127
267124752 127
267124753 127
267190272 127
267190309 127
267190310 127
267190311 127
267255818 127
267255819 127
267255832 127
267255833 127
267321345 127
267321355 127
267321360 127
267321362 127
267386882 127
267386888 127
267386889 127
267386895 127
267452433 127
267452436 127
267452439 127
267452442 127
267517968 127
267517970 127
267517971 127
267517973 127
267583488 127
267583490 127
267583503 127
267583505 127
267649028 127
267649030 127
267649031 127
267649033 127
267714564 127
267714571 127
267714574 127
267714581 127
267780104 127
267780125 127
267780127 127
267780130 127
267845642 127
267845647 127
267845660 127
267845665 127
267911175 127
267911190 127
267911196 127
267911205 127
267976713 127
267976716 127
267976723 127
267976746 127
268042244 127
268042250 127
268042253 127
268042267 127
268107793 127
268107806 127
268107815 127
268107820 127
268173316 127
268173334 127
268173353 127
268173355 127
268238870 127
268238873 127
268238875 127
268238884 127
268304389 127
268304392 127
268304414 127
268304427 127
268369948 127
268369950 127
268369951 127
268369953 127
268435474 127
268435475 127
268435488 127
268435497 127
268501009 127
268501012 127
268501023 127
268501030 127
268566530 127
268566531 127
268566532 127
268566537 127
268632071 127
268632072 127
268632098 127
268632101 127
268697619 127
268697622 127
268697628 127
268697629 127
268763136 127
268763138 127
268763139 127
268763141 127
268828678 127
268828680 127
268828689 127
268828691 127
268894214 127
268894233 127
268894235 127
268894236 127
268959744 127
268959745 127
268959747 127
268959766 127
269025288 127
269025291 127
269025301 127
269025302 127
269090816 127
269090818 127
269090829 127
269090839 127
269156368 127
269156371 127
269156373 127
269156390 127
269221889 127
269221890 127
269221892 127
269221895 127
269287437 127
269287451 127
269287454 127
269287456 127
269352971 127
269352976 127
269352978 127
269352981 127
269418500 127
269418509 127
269418514 127
269418519 127
269484036 127
269484037 127
269484039 127
269484042 127
269549568 127
269549573 127
269549582 127
269549591 127
269615120 127
269615129 127
269615131 127
269615134 127
269680649 127
269680651 127
269680664 127
269680682 127
269746178 127
269746200 127
269746201 127
269746207 127
269811713 127
269811722 127
269811732 127
269811759 127
269877249 127
269877251 127
269877262 127
269877264 127
269942787 127
269942790 127
269942792 127
269942793 127
270008354 127
270008357 127
270008363 127
270008364 127
270073865 127
270073866 127
270073868 127
270073883 127
270139397 127
270139398 127
270139403 127
270139404 127
270204933 127
270204948 127
270204951 127
270204966 127
270270482 127
270270492 127
270270501 127
270270503 127
270336023 127
270336030 127
270336040 127
270336045 127
270401546 127
270401547 127
270401548 127
270401553 127
270467080 127
270467081 127
270467086 127
270467115 127
270532639 127
270532641 127
270532646 127
270532652 127
270598145 127
270598155 127
270598158 127
270598160 127
270663681 127
270663683 127
270663702 127
270663716 127
270729222 127
270729225 127
270729227 127
270729228 127
270794767 127
270794780 127
270794782 127
270794785 127
270860291 127
270860309 127
270860318 127
270860320 127
270925827 127
270925829 127
270925832 127
270925870 127
270991362 127
270991363 127
270991376 127
270991377 127
271056904 127
271056914 127
271056921 127
271056923 127
271122450 127
271122453 127
271122456 127
271122463 127
271187975 127
271187977 127
271187978 127
271187988 127
271253508 127
271253513 127
271253515 127
271253530 127
271319050 127
271319051 127
271319053 127
271319064 127
271384613 127
271384619 127
271384620 127
271384622 127
271450113 127
271450116 127
271450118 127
271450123 127
271515661 127
271515683 127
271515684 127
271515690 127
271581204 127
271581206 127
271581207 127
271581209 127
271646752 127
271646753 127
271646754 127
271646755 127
271712258 127
271712261 127
271712264 127
271712303 127
271777809 127
271777812 127
271777815 127
271777830 127
271843337 127
271843339 127
271843340 127
271843366 127
271908864 127
271908890 127
271908893 127
271908899 127
271974406 127
271974421 127
271974432 126
271974443 127
272039952 127
272039954 127
272039957 127
272039979 127
272105480 127
272105487 127
272105490 127
272105501 127
272171008 127
272171010 127
272171019 127
272171033 127
272236567 127
272236568 127
272236581 127
272236582 127
272302081 127
272302082 127
272302083 127
272302100 127
272367616 127
272367645 127
272367647 127
272367662 127
272433155 127
272433164 127
272433165 127
272433198 127
272498694 127
272498704 127
272498717 127
272498731 127
272564224 127
272564230 127
272564239 127
272564249 127
272629772 127
272629782 127
272629793 127
272629807 127
272695300 127
272695303 127
272695309 127
272695310 127
272760842 127
272760845 127
272760848 127
272760859 127
272826372 127
272826373 127
272826375 127
272826378 127
272891905 127
272891918 127
272891935 127
272891940 127
272957454 127
272957465 127
272957472 127
272957483 127
273022991 127
273022994 127
273023000 127
273023005 127
273088531 127
273088534 127
273088536 127
273088537 127
273154076 127
273154078 127
273154079 127
273154089 127
273219603 127
273219604 127
273219606 127
273219625 127
273285123 127
273285126 127
273285128 127
273285149 127
273350657 127
273350664 127
273350675 127
273350678 127
273416204 127
273416205 127
273416215 127
273416218 127
273481734 127
273481753 127
273481767 127
273481768 127
273547267 127
273547269 127
273547286 127
273547300 127
273612804 127
273612819 127
273612829 127
273612834 127
273678337 127
273678348 127
273678355 127
273678362 127
273743873 127
273743876 127
273743886 127
273743891 127
273809412 127
273809415 127
273809425 127
273809446 127
273874955 127
273874957 127
273874988 127
273874990 127
273940508 127
273940513 127
273940522 127
273940523 127
274006021 127
274006024 127
274006047 127
274006058 127
274071559 127
274071562 127
274071565 127
274071572 127
274137095 127
274137114 127
274137117 127
274137132 127
274202628 127
274202630 127
274202639 127
274202641 127
274268164 127
274268186 127
274268195 127
274268205 127
274333696 127
274333707 127
274333710 127
274333713 127
274399241 127
274399258 127
274399259 127
274399272 127
274464771 127
274464774 127
274464777 127
274464812 127
274530318 127
274530319 127
274530321 127
274530336 127
274595849 127
274595858 127
274595859 127
274595876 127
274661379 127
274661381 127
274661384 127
274661398 127
274726919 127
274726933 127
274726934 127
274726956 127
274792457 127
274792458 127
274792464 127
274792491 127
274857986 127
274857988 127
274857989 127
274858003 127
274923538 127
274923556 127
274923565 127
274923567 127
274989058 127
274989064 127
274989067 127
274989085 127
275054616 127
275054617 127
275054631 127
275054634 127
275120132 127
275120158 127
275120165 127
275120167 127
275185673 127
275185676 127
275185679 127
275185682 127
275251208 127
275251210 127
275251215 127
275251225 127
275316763 127
275316764 127
275316766 127
275316773 127
275382272 127
275382273 127
275382283 127
275382302 127
275447812 127
275447818 127
275447821 127
275447839 127
275513349 127
275513360 127
275513375 127
275513378 127
275578886 127
275578900 127
275578907 127
275578925 127
275644429 127
275644442 127
275644448 127
275644459 127
275709960 127
275709965 127
275709970 127
275709975 127
275775497 127
275775506 127
275775508 127
275775531 127
275841028 127
275841033 127
275841035 127
275841038 127
275906576 127
275906595 127
275906597 127
275906598 127
275972101 127
275972111 127
275972124 127
275972130 127
276037633 127
276037648 127
276037667 127
276037670 127
276103168 127
276103183 127
276103185 127
276103190 127
276168705 127
276168710 127
276168711 127
276168732 127
276234254 127
276234257 127
276234259 127
276234260 127
276299776 127
276299779 127
276299793 127
276299798 127
276365324 127
276365333 127
276365343 127
276365346 127
276430858 127
276430860 127
276430883 127
276430885 127
276496385 127
276496400 127
276496419 127
276496426 127
276561932 127
276561946 127
276561949 127
276561951 127
276627468 127
276627469 127
276627478 127
276627479 127
276692993 127
276693003 127
276693010 127
276693020 127
276758541 127
276758544 127
276758547 127
276758550 127
276824081 127
276824084 127
276824099 127
276824110 127
276889622 127
276889633 127
276889635 127
276889640 127
276955137 127
276955138 127
276955139 127
276955140 127
277020699 127
277020700 127
277020702 127
277020709 127
277086225 127
277086227 127
277086242 127
277086248 127
277151748 127
277151750 127
277151759 127
277151761 127
277217291 127
277217292 127
277217298 127
277217301 127
277282817 127
277282838 127
277282840 127
277282843 127
277348372 127
277348381 127
277348386 127
277348395 127
277413893 127
277413914 127
277413916 127
277413923 127
277479449 127
277479454 127
277479459 127
277479468 127
277544977 127
277544978 127
277544979 127
277544980 127
277610502 127
277610525 127
277610532 127
277610539 127
277676034 127
277676035 127
277676036 127
277676037 127
277741570 127
277741581 127
277741583 127
277741588 127
277807106 127
277807107 127
277807113 127
277807120 127
277872640 127
277872659 127
277872661 127
277872670 127
277938176 127
277938181 127
277938194 127
277938207 127
278003714 127
278003716 127
278003717 127
278003743 127
278069254 127
278069257 127
278069259 127
278069292 127
278134798 127
278134803 127
278134809 127
278134824 127
278200334 127
278200344 127
278200347 127
278200361 127
278265856 127
278265861 127
278265866 127
278265871 127
278331408 127
278331425 127
278331427 127
278331438 127
278396934 127
278396939 127
278396948 127
278396973 127
278462475 127
278462480 127
278462485 127
278462498 127
278528006 127
278528009 127
278528020 127
278528031 127
278593557 127
278593562 127
278593564 127
278593575 127
278659077 127
278659098 127
278659104 127
278659115 127
278724621 127
278724624 127
278724626 127
278724647 127
278790148 127
278790153 127
278790159 127
278790162 127
278855681 127
278855696 127
278855699 127
278855710 127
278921232 127
278921234 127
278921249 127
278921251 127
278986774 127
278986775 127
278986776 127
278986781 127
279052302 127
279052308 127
279052313 127
279052315 127
279117832 127
279117834 127
279117859 127
279117861 127
279183361 127
279183362 127
279183364 127
279183367 127
279248910 127
279248921 127
279248924 127
279248943 127
279314434 127
279314436 127
279314451 127
279314477 127
279379986 127
279379987 127
279379988 127
279379993 127
279445517 127
279445518 127
279445519 127
279445548 127
279511062 127
279511075 127
279511076 127
279511081 127
279576576 127
279576583 127
279576590 127
279576617 127
279642114 127
279642124 127
279642131 127
279642141 127
279707649 127
279707650 127
279707664 127
279707675 127
279773198 127
279773199 127
279773200 127
279773217 127
279838732 127
279838734 127
279838749 127
279838767 127
279904258 127
279904271 127
279904272 127
279904285 127
279969812 127
279969822 127
279969823 127
279969829 127
280035339 127
280035342 127
280035360 127
280035373 127
280100864 127
280100881 127
280100891 127
280100894 127
280166411 127
280166420 127
280166437 127
280166438 127
280231958 127
280231959 127
280231960 127
280231973 127
280297483 127
280297486 127
280297488 127
280297509 127
280363031 127
280363042 127
280363045 127
280363048 127
280428548 127
280428557 127
280428558 127
280428575 127
280494087 127
280494089 127
280494090 127
280494092 127
280559623 127
280559628 127
280559642 127
280559653 127
280625157 127
280625160 127
280625162 127
280625171 127
280690694 127
280690708 127
280690717 127
280690731 127
280756227 127
280756230 127
280756233 127
280756268 127
280821772 127
280821774 127
280821789 127
280821791 127
280887308 127
280887311 127
280887326 127
280887329 127
280952844 127
280952846 127
280952847 127
280952865 127
281018369 127
281018371 127
281018384 127
281018394 127
281083907 127
281083921 127
281083924 127
281083926 127
281149461 127
281149470 127
281149479 127
281149484 127
281214983 127
281214985 127
281214988 127
281215006 127
281280526 127
281280528 127
281280537 127
281280543 127
281346048 127
281346053 127
281346058 127
281346059 127
281411591 127
281411605 127
281411606 127
281411620 127
281477134 127
281477152 127
281477159 127
281477165 127
281542667 127
281542688 127
281542701 127
281542702 127
281608208 127
281608211 127
281608218 127
281608229 127
281673728 127
281673730 127
281673733 127
281673735 127
281739265 127
281739274 127
281739280 127
281739299 127
281804802 127
281804833 127
281804836 127
281804847 127
281870338 127
281870341 127
281870355 127
281870360 127
281935875 127
281935886 127
281935896 127
281935897 127
282001425 127
282001427 127
282001428 127
282001430 127
282066955 127
282066958 127
282066976 127
282066985 127
282132499 127
282132509 127
282132518 127
282132520 127
282198029 127
282198030 127
282198048 127
282198063 127
282263587 127
282263593 127
282263596 127
282263598 127
282329094 127
282329112 127
282329115 127
282329117 127
282394625 127
282394632 127
282394642 127
282394663 127
282460169 127
282460172 127
282460187 127
282460190 127
282525729 127
282525730 127
282525731 127
282525736 127
282591245 127
282591246 127
282591248 127
282591251 127
282656778 127
282656789 127
282656796 127
282656799 127
282722305 127
282722311 127
282722312 127
282722338 127
282787842 127
282787848 127
282787851 127
282787865 127
282853376 127
282853379 127
282853381 127
282853382 127
282918920 127
282918923 127
282918933 127
282918938 127
282984485 127
282984486 127
282984488 127
282984495 127
283049998 127
283049999 127
283050008 127
283050009 127
283115528 127
283115538 127
283115543 127
283115561 127
283181070 127
283181079 127
283181081 127
283181084 127
283246603 127
283246612 127
283246626 127
283246637 127
283312132 127
283312135 127
283312149 127
283312150 127
283377664 127
283377679 127
283377681 127
283377682 127
283443207 127
283443212 127
283443217 127
283443218 127
283508760 127
283508763 127
283508774 127
283508781 127
283574275 127
283574282 127
283574289 127
283574312 127
283639809 127
283639830 127
283639831 127
283639836 127
283705353 127
283705359 127
283705370 127
283705380 127
283770881 127
283770900 127
283770915 127
283770918 127
283836427 127
283836432 127
283836445 127
283836462 127
283901959 127
283901969 127
283901972 127
283901986 127
283967488 127
283967498 127
283967501 127
283967523 127
284033024 127
284033037 127
284033054 127
284033059 127
284098568 127
284098569 127
284098579 127
284098594 127
284164098 127
284164100 127
284164101 127
284164103 127
284229662 127
284229668 127
284229669 127
284229675 127
284295190 127
284295192 127
284295195 127
284295197 127
284360705 127
284360707 127
284360714 127
284360716 127
284426267 127
284426272 127
284426277 127
284426278 127
284491789 127
284491815 127
284491816 127
284491822 127
284557319 127
284557324 127
284557334 127
284557337 127
284622849 127
284622851 127
284622856 127
284622862 127
284688388 127
284688421 127
284688423 127
284688426 127
284753928 127
284753930 127
284753931 127
284753941 127
284819461 127
284819488 127
284819490 127
284819491 127
284884999 127
284885001 127
284885018 127
284885020 127
284950529 127
284950555 127
284950568 127
284950574 127
285016074 127
285016077 127
285016088 127
285016091 127
285081618 127
285081625 127
285081632 127
285081639 127
285147156 127
285147159 127
285147161 127
285147166 127
285212672 127
285212687 127
285212693 127
285212694 127
285278224 127
285278226 127
285278227 127
285278241 127
285343750 127
285343752 127
285343769 127
285343779 127
285409286 127
285409289 127
285409311 127
285409320 127
285474828 127
285474831 127
285474849 127
285474862 127
285540367 127
285540392 127
285540393 127
285540394 127
285605900 127
285605902 127
285605909 127
285605911 127
285671446 127
285671451 127
285671453 127
285671464 127
285736964 127
285736973 127
285736978 127
285736987 127
285802528 127
285802529 127
285802531 127
285802534 127
285868033 127
285868044 127
285868046 127
285868051 127
285933568 127
285933573 127
285933574 127
285933575 127
285999107 127
285999128 127
285999137 127
285999142 127
286064648 127
286064657 127
286064682 127
286064683 127
286130180 127
286130183 127
286130186 127
286130201 127
286195718 127
286195725 127
286195728 127
286195759 127
286261248 127
286261251 127
286261269 127
286261278 127
286326803 127
286326805 127
286326808 127
286326814 127
286392337 127
286392340 127
286392347 127
286392366 127
286457862 127
286457865 127
286457876 127
286457879 127
286523416 127
286523417 127
286523430 127
286523435 127
286588928 127
286588966 127
286588969 127
286588971 127
286654491 127
286654504 127
286654509 127
286654510 127
286720000 127
286720002 127
286720003 127
286720013 127
286785546 127
286785551 127
286785557 127
286785564 127
286851079 127
286851085 127
286851090 127
286851096 127
286916621 127
286916626 127
286916635 127
286916644 127
286982153 127
286982156 127
286982166 127
286982167 127
287047689 127
287047691 127
287047692 127
287047702 127
287113232 127
287113235 127
287113249 127
287113254 127
287178760 127
287178775 127
287178781 127
287178794 127
287244288 127
287244291 127
287244294 127
287244313 127
287309832 127
287309843 127
287309857 127
287309866 127
287375360 127
287375367 127
287375378 127
287375381 127
287440902 127
287440909 127
287440916 127
287440919 127
287506436 127
287506447 127
287506457 127
287506462 127
287571988 127
287571991 127
287572009 127
287572010 127
287637506 127
287637516 127
287637545 127
287637551 127
287703048 127
287703059 127
287703073 127
287703074 127
287768579 127
287768596 127
287768609 127
287768622 127
287834113 127
287834127 127
287834152 127
287834154 127
287899681 127
287899682 127
287899687 127
287899688 127
287965185 127
287965194 127
287965228 127
287965231 127
288030731 127
288030732 127
288030738 127
288030741 127
288096256 127
288096281 127
288096282 127
288096291 127
288161798 127
288161805 127
288161812 127
288161815 127
288227353 127
288227355 127
288227356 127
288227366 127
288292866 127
288292871 127
288292872 127
288292905 127
288358407 127
288358428 127
288358429 127
288358442 127
288423941 127
288423964 127
288423974 127
288423975 127
288489485 127
288489496 127
288489503 127
288489514 127
288555022 127
288555025 127
288555040 127
288555055 127
288620564 127
288620567 127
288620569 127
288620574 127
288686084 127
288686087 127
288686089 127
288686094 127
288751621 127
288751626 127
288751628 127
288751635 127
288817155 127
288817182 127
288817185 127
288817192 127
288882699 127
288882706 127
288882709 127
288882712 127
288948246 127
288948247 127
288948253 127
288948260 127
289013763 127
289013765 127
289013766 127
289013792 127
289079304 127
289079315 127
289079329 127
289079330 127
289144833 127
289144839 127
289144854 127
289144872 127
289210387 127
289210401 127
289210408 127
289210414 127
289275932 127
289275934 127
289275947 127
289275949 127
289341442 127
289341452 127
289341455 127
289341457 127
289406987 127
289406989 127
289407010 127
289407020 127
289472545 127
289472548 127
289472550 127
289472555 127
289538055 127
289538061 127
289538070 127
289538084 127
289603597 127
289603604 127
289603607 127
289603618 127
289669140 127
289669142 127
289669143 127
289669153 127
289734671 127
289734681 127
289734692 127
289734698 127
289800194 127
289800196 127
289800197 127
289800203 127
289865728 127
289865735 127
289865742 127
289865745 127
289931270 127
289931279 127
289931280 127
289931281 127
289996807 127
289996809 127
289996822 127
289996824 127
290062344 127
290062378 127
290062381 127
290062383 127
290127878 127
290127881 126
290127904 127
290127911 127
290193417 127
290193428 127
290193435 127
290193442 127
290258951 127
290258962 127
290258965 127
290258972 127
290324497 127
290324502 127
290324507 127
290324508 127
290390016 127
290390030 127
290390037 127
290390051 127
290455588 127
290455597 127
290455598 127
290455599 127
290521095 127
290521109 127
290521132 127
290521134 127
290586628 127
290586650 127
290586659 127
290586665 127
290652171 127
290652178 127
290652184 127
290652189 127
290717724 127
290717727 127
290717729 127
290717730 127
290783268 127
290783270 127
290783273 127
290783275 127
290848781 127
290848782 127
290848792 127
290848799 127
290914331 127
290914338 127
290914340 127
290914345 127
290979845 127
290979859 127
290979882 127
290979884 127
291045377 127
291045383 127
291045394 127
291045396 127
291110914 127
291110940 127
291110945 127
291110959 127
291176467 127
291176474 127
291176476 127
291176481 127
291241996 127
291241998 127
291242005 127
291242023 127
291307524 127
291307538 127
291307543 127
291307549 127
291373063 127
291373088 127
291373093 127
291373098 127
291438617 127
291438622 127
291438623 127
291438624 127
291504135 127
291504150 127
291504165 127
291504168 127
291569677 127
291569698 127
291569708 127
291569711 127
291635200 127
291635202 127
291635233 127
291635243 127
291700742 127
291700749 127
291700751 127
291700764 127
291766283 127
291766288 127
291766293 127
291766298 127
291831837 127
291831838 127
291831839 127
291831844 127
291897348 127
291897366 127
291897369 127
291897375 127
291962886 127
291962892 127
291962909 127
291962911 127
292028416 127
292028435 127
292028438 127
292028449 127
292093962 127
292093987 127
292093993 127
292093996 127
292159491 127
292159498 127
292159516 127
292159529 127
292225030 127
292225056 127
292225061 127
292225063 127
292290568 127
292290582 127
292290585 127
292290587 127
292356102 127
292356111 127
292356113 127
292356116 127
292421648 127
292421649 127
292421650 127
292421651 127
292487194 127
292487196 127
292487199 127
292487213 127
292552705 127
292552739 127
292552744 127
292552746 127
292618246 127
292618251 127
292618253 127
292618260 127
292683789 127
292683814 127
292683820 127
292683823 127
292749325 127
292749346 127
292749348 127
292749359 127
292814849 127
292814860 127
292814874 127
292814895 127
292880390 127
292880409 127
292880427 127
292880428 127
292945936 127
292945942 127
292945947 127
292945965 127
293011456 127
293011487 127
293011489 127
293011490 127
293076995 127
293076997 127
293077012 127
293077018 127
293142546 127
293142547 127
293142557 127
293142568 127
293208065 127
293208076 127
293208082 127
293208087 127
293273621 127
293273626 127
293273639 127
293273640 127
293339154 127
293339161 127
293339168 127
293339179 127
293404685 127
293404692 127
293404694 127
293404699 127
293470209 127
293470244 127
293470250 127
293470251 127
293535758 127
293535764 127
293535769 127
293535783 127
293601296 127
293601301 127
293601314 127
293601319 127
293666831 127
293666833 127
293666838 127
293666852 127
293732354 127
293732356 127
293732379 127
293732381 127
293797889 127
293797906 127
293797911 127
293797924 127
293863456 127
293863459 127
293863462 127
293863469 127
293928988 127
293928993 127
293928994 127
293929007 127
293994497 127
293994502 127
293994503 127
293994532 127
294060048 127
294060058 127
294060069 127
294060079 127
294125602 127
294125607 127
294125609 127
294125612 127
294191107 127
294191108 127
294191121 127
294191126 127
294256655 127
294256658 127
294256664 127
294256673 127
294322180 127
294322185 127
294322206 127
294322219 127
294387712 127
294387730 127
294387753 127
294387755 127
294453255 127
294453272 127
294453281 127
294453290 127
294518786 127
294518792 127
294518797 127
294518803 127
294584332 127
294584343 127
294584345 127
294584350 127
294649887 127
294649890 127
294649892 127
294649893 127
294715419 127
294715428 127
294715429 127
294715438 127
294780932 127
294780961 127
294780963 127
294780966 127
294846482 127
294846499 127
294846505 127
294846508 127
294912008 127
294912013 127
294912046 127
294912047 127
294977557 127
294977568 127
294977571 127
294977582 127
295043078 127
295043101 127
295043108 127
295043111 127
295108609 127
295108619 127
295108634 127
295108640 127
295174152 127
295174162 127
295174171 127
295174173 127
295239684 127
295239719 127
295239721 127
295239722 127
295305236 127
295305237 127
295305243 127
295305246 127
295370767 127
295370769 127
295370772 127
295370786 127
295436289 127
295436310 127
295436312 127
295436315 127
295501846 127
295501847 127
295501860 127
295501861 127
295567366 127
295567368 127
295567371 127
295567385 127
295632896 127
295632897 127
295632927 127
295632942 127
295698438 127
295698443 127
295698445 127
295698452 127
295763982 127
295763984 127
295764005 127
295764011 127
295829506 127
295829525 127
295829535 127
295829544 127
295895048 127
295895049 127
295895050 127
295895051 127
295960583 127
295960600 127
295960606 127
295960621 127
296026120 127
296026138 127
296026157 127
296026159 127
296091650 127
296091652 127
296091657 127
296091663 127
296157205 127
296157215 127
296157222 127
296157228 127
296222746 127
296222752 127
296222759 127
296222761 127
296288261 127
296288286 127
296288288 127
296288291 127
296353807 127
296353817 127
296353822 127
296353828 127
296419335 127
296419336 127
296419354 127
296419357 127
296484874 127
296484879 127
296484896 127
296484909 127
296550406 127
296550425 127
296550435 127
296550436 127
296615953 127
296615955 127
296615956 127
296615970 127
296681500 127
296681503 127
296681505 127
296681510 127
296747008 127
296747022 127
296747035 127
296747049 127
296812548 127
296812551 127
296812565 127
296812570 127
296878085 127
296878091 127
296878096 127
296878122 127
296943643 127
296943644 127
296943649 127
296943658 127
297009194 127
297009195 127
297009196 127
297009197 127
297074705 127
297074726 127
297074728 127
297074735 127
297140229 127
297140250 127
297140264 127
297140267 127
297205767 127
297205781 127
297205786 127
297205788 127
297271303 127
297271320 127
297271329 127
297271338 127
297336844 127
297336845 127
297336867 127
297336870 127
297402392 127
297402394 127
297402395 127
297402401 127
297467936 127
297467949 127
297467950 127
297467951 127
297533441 127
297533458 127
297533460 127
297533463 127
297598988 127
297599002 127
297599005 127
297599023 127
297664518 127
297664520 127
297664525 127
297664551 127
297730049 127
297730051 127
297730068 127
297730082 127
297795600 127
297795602 127
297795615 127
297795621 127
297861122 127
297861137 127
297861160 127
297861167 127
297926663 127
297926676 127
297926682 127
297926685 127
297992195 127
297992197 127
297992198 127
297992228 127
298057760 127
298057762 127
298057763 127
298057769 127
298123282 127
298123291 127
298123300 127
298123305 127
298188805 127
298188823 127
298188824 127
298188842 127
298254348 127
298254350 127
298254359 127
298254361 127
298319893 127
298319899 127
298319904 127
298319914 127
298385418 127
298385420 127
298385421 127
298385443 127
298450944 127
298450949 127
298450958 127
298450975 127
298516484 127
298516499 127
298516501 127
298516510 127
298582020 127
298582038 127
298582039 127
298582057 127
298647554 127
298647565 127
298647567 127
298647596 127
298713098 127
298713100 127
298713129 127
298713135 127
298778644 127
298778647 127
298778666 127
298778669 127
298844175 127
298844182 127
298844185 127
298844188 127
298909700 127
298909702 127
298909707 127
298909721 127
298975234 127
298975253 127
298975267 127
298975272 127
299040771 127
299040773 127
299040796 127
299040814 127
299106338 127
299106343 127
299106345 127
299106348 127
299171841 127
299171846 127
299171852 127
299171855 127
299237389 127
299237394 127
299237399 127
299237404 127
299302916 127
299302922 127
299302933 127
299302935 127
299368454 127
299368461 127
299368475 127
299368488 127
299433989 127
299433991 127
299434000 127
299434010 127
299499551 127
299499553 127
299499556 127
299499558 127
299565065 127
299565066 127
299565084 127
299565087 127
299630593 127
299630611 127
299630630 127
299630632 127
299696137 127
299696138 127
299696140 127
299696159 127
299761666 127
299761692 127
299761703 127
299761705 127
299827215 127
299827217 127
299827220 127
299827226 127
299892748 127
299892749 127
299892766 127
299892783 127
299958281 127
299958283 127
299958296 127
299958298 127
300023818 127
300023821 127
300023836 127
300023851 127
300089356 127
300089365 127
300089367 127
300089386 127
300154915 127
300154920 127
300154925 127
300154926 127
300220421 127
300220424 127
300220430 127
300220455 127
300285966 127
300285980 127
300285981 127
300285995 127
300351491 127
300351494 127
300351512 127
300351513 127
300417047 127
300417052 127
300417057 127
300417062 127
300482578 127
300482580 127
300482589 127
300482591 127
300548111 127
300548112 127
300548117 127
300548122 127
300613657 127
300613663 127
300613668 127
300613678 127
300679180 127
300679182 127
300679195 127
300679197 127
300744713 127
300744715 127
300744728 127
300744742 127
300810241 127
300810244 127
300810278 127
300810283 127
300875795 127
300875798 127
300875808 127
300875809 127
300941321 127
300941339 127
300941342 127
300941344 127
301006863 127
301006866 127
301006868 127
301006885 127
301072399 127
301072401 127
301072404 127
301072422 127
301137931 127
301137941 127
301137952 127
301137958 127
301203470 127
301203484 127
301203499 127
301203501 127
301269014 127
301269016 127
301269035 127
301269037 127
301334547 127
301334564 127
301334566 127
301334569 127
301400064 127
301400070 127
301400073 127
301400087 127
301465605 127
301465614 127
301465619 127
301465640 127
301531142 127
301531144 127
301531161 127
301531175 127
301596689 127
301596700 127
301596718 127
301596719 127
301662210 127
301662212 127
301662215 127
301662233 127
301727744 127
301727770 127
301727777 127
301727779 127
301793282 127
301793284 127
301793295 127
301793297 127
301858816 127
301858821 127
301858835 127
301858842 127
301924375 127
301924389 127
301924390 127
301924392 127
301989897 127
301989900 127
301989915 127
301989922 127
302055429 127
302055438 127
302055443 127
302055464 127
302120963 127
302120968 127
302120970 127
302120977 127
302186516 127
302186518 127
302186523 127
302186525 127
302252039 127
302252053 127
302252054 127
302252072 127
302317569 127
302317570 127
302317571 127
302317600 127
302383126 127
302383139 127
302383144 127
302383149 127
302448646 127
302448648 127
302448665 127
302448675 127
302514178 127
302514200 127
302514207 127
302514221 127
302579717 127
302579720 127
302579726 127
302579747 127
302645262 127
302645267 127
302645269 127
302645280 127
302710792 127
302710794 127
302710799 127
302710821 127
302776323 127
302776324 127
302776349 127
302776350 127
302841875 127
302841880 127
302841882 127
302841889 127
302907402 127
302907404 127
302907413 127
302907427 127
302972930 127
302972936 127
302972937 127
302972951 127
303038466 127
303038499 127
303038500 127
303038509 127
303104007 127
303104008 127
303104013 127
303104014 127
303169537 127
303169546 127
303169564 127
303169571 127
303235073 127
303235074 127
303235075 127
303235076 127
303300642 127
303300648 127
303300653 127
303300655 127
303366147 127
303366153 127
303366158 127
303366172 127
303431699 127
303431712 127
303431713 127
303431722 127
303497217 127
303497219 127
303497244 127
303497250 127
303562752 127
303562769 127
303562770 127
303562799 127
303628300 127
303628303 127
303628314 127
303628333 127
303693841 127
303693843 127
303693846 127
303693852 127
303759377 127
303759391 127
303759394 127
303759404 127
303824912 127
303824922 127
303824933 127
303824939 127
303890435 127
303890441 127
303890476 127
303890478 127
303955991 127
303955998 127
303956000 127
303956001 127
304021510 127
304021512 127
304021515 127
304021529 127
304087057 127
304087072 127
304087074 127
304087075 127
304152596 127
304152599 127
304152618 127
304152621 127
304218127 127
304218129 127
304218136 127
304218146 127
304283648 127
304283653 127
304283658 127
304283671 127
304349207 127
304349210 127
304349224 127
304349225 127
304414720 127
304414737 127
304414746 127
304414759 127
304480272 127
304480279 127
304480285 127
304480286 127
304545792 127
304545794 127
304545813 127
304545815 127
304611364 127
304611366 127
304611367 127
304611369 127
304676866 127
304676880 127
304676909 127
304676911 127
304742403 127
304742406 127
304742416 127
304742441 127
304807945 127
304807967 127
304807972 127
304807978 127
304873482 127
304873485 127
304873504 127
304873511 127
304939008 127
304939011 127
304939022 127
304939029 127
305004545 127
305004548 127
305004550 127
305004551 127
305070087 127
305070106 127
305070109 127
305070120 127
305135635 127
305135641 127
305135652 127
305135662 127
305201172 127
305201175 127
305201189 127
305201194 127
305266688 127
305266695 127
305266714 127
305266721 127
305332235 127
305332252 127
305332254 127
305332261 127
305397760 127
305397778 127
305397783 127
305397801 127
305463300 127
305463301 127
305463311 127
305463342 127
305528842 127
305528861 127
305528875 127
305528876 127
305594368 127
305594369 127
305594371 127
305594378 127
305659922 127
305659925 127
305659935 127
305659936 127
305725444 127
305725449 127
305725478 127
305725487 127
305790976 127
305790978 127
305790987 127
305791005 127
305856547 127
305856548 127
305856554 127
305856557 127
305922050 127
305922059 127
305922076 127
305922085 127
305987586 127
305987588 127
305987589 127
305987611 127
306053136 127
306053147 127
306053149 127
306053154 127
306118657 127
306118672 127
306118674 127
306118699 127
306184207 127
306184224 127
306184229 127
306184234 127
306249752 127
306249753 127
306249755 127
306249758 127
306315273 127
306315298 127
306315300 127
306315311 127
306380817 127
306380827 127
306380830 127
306380836 127
306446353 127
306446355 127
306446364 127
306446374 127
306511874 127
306511903 127
306511908 127
306511913 127
306577413 127
306577438 127
306577439 127
306577452 127
306642949 127
306642968 127
306642971 127
306642974 127
306708489 127
306708492 127
306708499 127
306708514 127
306774040 127
306774043 127
306774053 127
306774054 127
306839570 127
306839572 127
306839575 127
306839589 127
306905097 127
306905102 127
306905115 127
306905120 127
306970631 127
306970644 127
306970650 127
306970665 127
307036162 127
307036163 127
307036169 127
307036172 127
307101707 127
307101725 127
307101730 127
307101736 127
307167237 127
307167246 127
307167255 127
307167272 127
307232774 127
307232776 127
307232781 127
307232783 127
307298324 127
307298345 127
307298346 127
307298347 127
307363844 127
307363865 127
307363871 127
307363874 127
307429390 127
307429391 127
307429405 127
307429412 127
307494938 127
307494940 127
307494953 127
307494955 127
307560452 127
307560467 127
307560485 127
307560494 127
307626009 127
307626018 127
307626019 127
307626024 127
307691540 127
307691549 127
307691559 127
307691562 127
307757057 127
307757078 127
307757092 127
307757095 127
307822608 127
307822617 127
307822630 127
307822639 127
307888142 127
307888143 127
307888148 127
307888149 127
307953667 127
307953680 127
307953686 127
307953689 127
308019213 127
308019219 127
308019230 127
308019244 127
308084767 127
308084768 127
308084777 127
308084782 127
308150273 127
308150278 127
308150280 127
308150295 127
308215810 127
308215827 127
308215840 127
308215845 127
308281345 126
308281371 127
308281382 127
308281384 127
308346890 127
308346892 127
308346901 127
308346927 127
308412418 127
308412425 127
308412431 127
308412460 127
308477958 127
308477961 127
308477991 127
308477992 127
308543495 127
308543500 127
308543514 127
308543521 127
308609046 127
308609047 127
308609061 127
308609068 127
308674562 127
308674571 127
308674576 127
308674605 127
308740105 127
308740132 127
308740138 127
308740143 127
308805632 127
308805634 127
308805639 127
308805657 127
308871185 127
308871212 127
308871214 127
308871215 127
308936711 127
308936714 127
308936725 127
308936728 127
309002256 127
309002257 127
309002266 127
309002275 127
309067791 127
309067810 127
309067812 127
309067813 127
309133336 127
309133343 127
309133345 127
309133354 127
309198864 127
309198873 127
309198874 127
309198887 127
309264392 127
309264407 127
309264410 127
309264421 127
309329945 127
309329952 127
309329955 127
309329962 127
309395456 127
309395467 127
309395473 127
309395482 127
309461004 127
309461006 127
309461013 127
309461027 127
309526564 127
309526567 127
309526569 127
309526574 127
309592083 127
309592090 127
309592092 127
309592093 127
309657624 127
309657645 127
309657646 127
309657647 127
309723138 127
309723153 127
309723168 127
309723175 127
309788686 127
309788693 127
309788708 127
309788715 127
309854209 127
309854227 127
309854228 127
309854230 127
309919772 127
309919777 127
309919778 127
309919783 127
309985304 127
309985307 127
309985317 127
309985326 127
310050818 127
310050833 127
310050852 127
310050863 127
310116353 127
310116367 127
310116370 127
310116388 127
310181901 127
310181912 127
310181919 127
310181930 127
310247424 127
310247427 127
310247434 127
310247445 127
310312966 127
310312969 127
310312975 127
310312984 127
310378509 127
310378512 127
310378526 127
310378527 127
310444050 127
310444053 127
310444060 127
310444071 127
310509603 127
310509604 127
310509605 127
310509610 127
310575134 127
310575140 127
310575145 127
310575147 127
310640651 127
310640653 127
310640658 127
310640668 127
310706176 127
310706194 127
310706197 127
310706199 127
310771728 127
310771729 127
310771731 127
310771742 127
310837268 127
310837277 127
310837279 127
310837282 127
310902784 127
310902809 127
310902819 127
310902826 127
310968320 127
310968346 127
310968361 127
310968367 127
311033859 127
311033862 127
311033869 127
311033872 127
311099399 127
311099404 127
311099421 127
311099434 127
311164936 127
311164946 127
311164953 127
311164959 127
311230467 127
311230490 127
311230496 127
311230505 127
311296024 127
311296030 127
311296035 127
311296045 127
311361539 127
311361541 127
311361572 127
311361582 127
311427078 127
311427092 127
311427093 127
311427095 127
311492625 127
311492626 127
311492644 127
311492655 127
311558168 127
311558181 127
311558186 127
311558191 127
311623700 127
311623701 127
311623706 127
311623727 127
311689220 127
311689223 127
311689225 127
311689250 127
311754753 127
311754756 127
311754766 127
311754783 127
311820293 127
311820306 127
311820311 127
311820320 127
311885853 127
311885855 127
311885866 127
311885868 127
311951366 127
311951384 127
311951385 127
311951387 127
312016910 127
312016911 127
312016912 127
312016913 127
312082439 127
312082453 127
312082472 127
312082474 127
312147985 127
312148003 127
312148004 127
312148006 127
312213507 127
312213512 127
312213545 127
312213546 127
312279051 127
312279065 127
312279072 127
312279078 127
312344601 127
312344612 127
312344614 127
312344615 127
312410121 127
312410122 127
312410124 127
312410143 127
312475658 127
312475665 127
312475672 127
312475687 127
312541194 127
312541196 127
312541213 127
312541231 127
312606742 127
312606744 127
312606757 127
312606763 127
312672275 127
312672278 127
312672288 127
312672289 127
312737802 127
312737807 127
312737821 127
312737828 127
312803343 127
312803344 127
312803346 127
312803349 127
312868869 127
312868872 127
312868894 127
312868903 127
312934427 127
312934430 127
312934436 127
312934437 127
312999954 127
312999961 127
312999976 127
312999983 127
313065480 127
313065483 127
313065490 127
313065497 127
313131018 127
313131041 127
313131043 127
313131052 127
313196562 127
313196568 127
313196573 127
313196575 127
313262082 127
313262116 127
313262123 127
313262125 127
313327617 127
313327618 127
313327619 127
313327624 127
313393152 127
313393157 127
313393159 127
313393178 127
313458696 127
313458709 127
313458726 127
313458731 127
313524231 127
313524246 127
313524248 127
313524253 127
313589793 127
313589795 127
313589798 127
313589800 127
313655308 127
313655329 127
313655342 127
313655343 127
313720841 127
313720844 127
313720863 127
313720874 127
313786381 127
313786384 127
313786395 127
313786406 127
313851928 127
313851945 127
313851947 127
313851950 127
313917459 127
313917462 127
313917481 127
313917484 127
313983000 127
313983005 127
313983018 127
313983019 127
314048527 127
314048542 127
314048552 127
314048557 127
314114070 127
314114084 127
314114085 127
314114091 127
314179623 127
314179625 127
314179628 127
314179630 127
314245128 127
314245141 127
314245155 127
314245162 127
314310680 127
314310683 127
314310685 127
314310702 127
314376195 127
314376196 127
314376230 127
314376237 127
314441757 127
314441768 127
314441770 127
314441771 127
314507264 127
314507267 127
314507274 127
314507285 127
314572802 127
314572812 127
314572829 127
314572831 127
314638336 127
314638338 127
314638353 127
314638375 127
314703912 127
314703913 127
314703918 127
314703919 127
314769420 127
314769439 127
314769453 127
314769454 127
314834946 127
314834972 127
314834973 127
314834991 127
314900489 127
314900514 127
314900516 127
314900519 127
314966016 127
314966021 127
314966054 127
314966055 127
315031565 127
315031588 127
315031595 127
315031598 127
315097097 127
315097116 127
315097119 127
315097130 127
315162632 127
315162633 127
315162654 127
315162655 127
315228171 127
315228173 127
315228196 127
315228198 127
315293720 127
315293721 127
315293734 127
315293735 127
315359235 127
315359266 127
315359272 127
315359277 127
315424771 127
315424792 127
315424809 127
315424814 127
315490309 127
315490314 127
315490340 127
315490351 127
315555840 127
315555841 127
315555855 127
315555882 127
315621394 127
315621409 127
315621415 127
315621420 127
315686927 127
315686945 127
315686952 127
315686958 127
315752474 127
315752476 127
315752481 127
315752483 127
315817992 127
315818001 127
315818011 127
315818014 127
315883532 127
315883534 127
315883543 127
315883565 127
315949056 127
315949058 127
315949059 127
315949097 127
316014599 127
316014601 127
316014620 127
316014622 127
316080133 127
316080163 127
316080164 127
316080174 127
316145668 127
316145671 127
316145673 127
316145674 127
316211211 127
316211232 127
316211234 127
316211245 127
316276743 127
316276744 127
316276750 127
316276757 127
316342277 127
316342292 127
316342295 127
316342318 127
316407820 127
316407827 127
316407834 127
316407841 127
316473355 127
316473361 127
316473372 127
316473382 127
316538895 127
316538909 127
316538920 127
316538922 127
316604424 127
316604457 127
316604459 127
316604462 127
316669983 127
316669989 127
316669990 127
316669992 127
316735506 127
316735519 127
316735532 127
316735533 127
316801027 127
316801036 127
316801041 127
316801070 127
316866564 127
316866570 127
316866581 127
316866583 127
316932104 127
316932113 127
316932118 127
316932131 127
316997644 127
316997675 127
316997677 127
316997678 127
317063200 127
317063207 127
317063213 127
317063214 127
317128730 127
317128743 127
317128744 127
317128745 127
317194243 127
317194257 127
317194258 127
317194272 127
317259778 127
317259788 127
317259789 127
317259811 127
317325323 127
317325324 127
317325334 127
317325345 127
317390858 127
317390864 127
317390881 127
317390891 127
317456408 127
317456419 127
317456421 127
317456426 127
317521921 127
317521922 127
317521923 127
317521936 127
317587462 127
317587465 127
317587476 127
317587495 127
317653000 127
317653005 127
317653035 127
317653038 127
317718555 127
317718564 127
317718565 127
317718566 127
317784066 127
317784080 127
317784087 127
317784101 127
317849620 127
317849638 127
317849645 127
317849647 127
317915139 127
317915153 127
317915156 127
317915158 127
317980694 127
317980712 127
317980717 127
317980719 127
318046212 127
318046226 127
318046249 127
318046255 127
318111752 127
318111767 127
318111769 127
318111770 127
318177286 127
318177312 127
318177321 127
318177327 127
318242816 127
318242826 127
318242837 127
318242859 127
318308363 127
318308365 127
318308386 127
318308392 127
318373910 127
318373911 127
318373917 127
318373932 127
318439457 127
318439466 127
318439467 127
318439468 127
318504974 127
318504995 127
318504997 127
318505000 127
318570530 127
318570535 127
318570537 127
318570540 127
318636038 127
318636047 127
318636048 127
318636069 127
318701575 127
318701589 127
318701594 127
318701612 127
318767124 127
318767130 127
318767143 127
318767145 127
318832645 127
318832655 127
318832658 127
318832672 127
318898216 127
318898221 127
318898222 127
318898223 127
318963738 127
318963743 127
318963745 127
318963752 127
319029257 127
319029266 127
319029272 127
319029279 127
319094807 127
319094824 127
319094826 127
319094829 127
319160330 127
319160332 127
319160345 127
319160359 127
319225873 127
319225880 127
319225882 127
319225883 127
319291399 127
319291420 127
319291422 127
319291425 127
319356962 127
319356965 127
319356971 127
319356972 127
319422465 127
319422468 127
319422471 127
319422494 127
319488005 127
319488008 127
319488022 127
319488027 127
319553540 127
319553542 127
319553561 127
319553575 127
319619085 127
319619104 127
319619118 127
319619119 127
319684611 127
319684613 127
319684618 127
319684652 127
319750149 127
319750156 127
319750178 127
319750183 127
319815697 127
319815708 127
319815723 127
319815726 127
319881237 127
319881251 127
319881256 127
319881258 127
319946772 127
319946791 127
319946793 127
319946798 127
320012298 127
320012307 127
320012317 127
320012328 127
320077827 127
320077840 127
320077842 127
320077845 127
320143364 127
320143370 127
320143379 127
320143381 127
320208913 127
320208918 127
320208928 127
320208931 127
320274473 127
320274475 127
320274476 127
320274478 127
320340000 127
320340006 127
320340011 127
320340013 127
320405509 127
320405548 127
320405550 127
320405551 127
320471063 127
320471066 127
320471080 127
320471085 127
320536595 127
320536604 127
320536605 127
320536614 127
320602118 127
320602155 127
320602156 127
320602157 127
320667653 127
320667680 127
320667686 127
320667691 127
320733199 127
320733209 127
320733220 127
320733230 127
320798732 127
320798755 127
320798762 127
320798765 127
320864258 127
320864261 127
320864280 127
320864299 127
320929822 127
320929825 127
320929832 127
320929839 127
320995329 127
320995330 127
320995344 127
320995347 127
321060870 127
321060896 127
321060897 127
321060903 127
321126400 127
321126410 127
321126411 127
321126433 127
321191964 127
321191966 127
321191967 127
321191981 127
321257488 127
321257509 127
321257511 127
321257518 127
321323012 127
321323031 127
321323046 127
321323049 127
321388586 127
321388587 127
321388588 127
321388589 127
321454093 127
321454094 127
321454107 127
321454108 127
321519628 127
321519630 127
321519647 127
321519661 127
321585156 127
321585158 127
321585177 127
321585179 127
321650698 127
321650703 127
321650713 127
321650720 127
321716256 127
321716257 127
321716259 127
321716266 127
321781761 127
321781775 127
321781790 127
321781792 127
321847296 127
321847315 127
321847338 127
321847341 127
321912861 127
321912862 127
321912863 127
321912864 127
321978395 127
321978402 127
321978404 127
321978409 127
322043907 127
322043940 127
322043949 127
322043950 127
322109440 127
322109442 127
322109447 127
322109461 127
322174977 127
322174996 127
322174999 127
322175022 127
322240515 127
322240545 127
322240548 127
322240558 127
322306054 127
322306087 127
322306092 127
322306093 127
322371588 127
322371618 127
322371621 127
322371623 127
322437121 127
322437124 127
322437131 127
322437142 127
322502656 127
322502693 127
322502694 127
322502695 127
322568215 127
322568218 127
322568220 127
322568229 127
322633742 127
322633744 127
322633765 127
322633767 127
322699287 127
322699297 127
322699306 127
322699308 127
322764811 127
322764824 127
322764833 127
322764838 127
322830338 127
322830361 127
322830363 127
322830380 127
322895904 127
322895907 127
322895917 127
322895918 127
322961437 127
322961440 127
322961442 127
322961455 127
323026972 127
323026982 127
323026983 127
323026989 127
323092482 127
323092484 127
323092513 127
323092519 127
323158016 127
323158041 127
323158050 127
323158063 127
323223588 127
323223590 127
323223593 127
323223595 127
323289118 127
323289127 127
323289129 127
323289132 127
323354652 127
323354659 127
323354665 127
323354666 127
323420194 127
323420196 127
323420203 127
323420205 127
323485705 127
323485712 127
323485719 127
323485738 127
323551240 127
323551241 127
323551250 127
323551255 127
323616791 127
323616797 127
323616798 127
323616804 127
323682305 127
323682320 127
323682338 127
323682351 127
323747843 127
323747857 127
323747870 127
323747880 127
323813378 127
323813417 127
323813420 127
323813423 127
323878919 127
323878945 127
323878954 127
323878956 127
323944460 127
323944478 127
323944479 127
323944481 127
324009994 127
324010009 127
324010020 127
324010023 127
324075540 127
324075559 127
324075561 127
324075566 127
324141093 127
324141096 127
324141099 127
324141102 127
324206618 127
324206636 127
324206637 127
324206639 127
324272129 127
324272146 127
324272152 127
324272155 127
324337670 127
324337675 127
324337693 127
324337700 127
324403211 127
324403213 127
324403222 127
324403240 127
324468760 127
324468761 127
324468779 127
324468782 127
324534277 127
324534296 127
324534298 127
324534319 127
324599838 127
324599840 127
324599841 127
324599855 127
324665356 127
324665377 127
324665379 127
324665382 127
324730895 127
324730896 127
324730914 127
324730925 127
324796445 127
324796446 127
324796447 127
324796448 127
324861955 127
324861964 127
324861982 127
324861993 127
324927488 127
324927502 127
324927515 127
324927525 127
324993041 127
324993043 127
324993044 127
324993046 127
325058561 127
325058567 127
325058584 127
325058602 127
325124104 127
325124105 127
325124123 127
325124138 127
325189666 127
325189671 127
325189673 127
325189676 127
325255170 127
325255205 127
325255207 127
325255208 127
325320704 127
325320709 127
325320714 127
325320751 127
325386268 127
325386278 127
325386281 127
325386283 127
325451795 127
325451802 127
325451816 127
325451821 127
325517315 127
325517356 127
325517357 127
325517358 127
325582849 127
325582852 127
325582867 127
325582882 127
325648404 127
325648407 127
325648421 127
325648430 127
325713934 127
325713949 127
325713964 127
325713967 127
325779462 127
325779487 127
325779492 127
325779501 127
325844995 127
325845025 127
325845030 127
325845036 127
325910567 127
325910569 127
325910572 127
325910574 127
325976069 127
325976092 127
325976106 127
325976107 127
326041623 127
326041626 127
326041629 127
326041644 127
326107164 127
326107169 127
326107182 127
326107183 127
326172678 127
326172701 127
326172711 127
326172716 127
326238212 127
326238238 127
326238249 127
326238251 127
326303772 127
326303774 127
326303777 127
326303791 127
326369320 127
326369325 126
326369326 127
326369327 127
326434843 127
326434846 127
326434857 127
326434860 127
326500354 127
326500389 127
326500396 127
326500399 127
326565912 127
326565917 127
326565926 127
326565927 127
326631429 127
326631443 127
326631446 127
326631468 127
326696995 127
326696997 127
326697002 127
326697004 127
326762500 127
326762526 127
326762531 127
326762533 127
326828041 127
326828042 127
326828043 127
326828064 127
326893575 127
326893580 127
326893610 127
326893613 127
326959130 127
326959139 127
326959144 127
326959149 127
327024653 127
327024671 127
327024672 127
327024682 127
327090210 127
327090215 127
327090217 127
327090220 127
327155718 127
327155727 127
327155741 127
327155748 127
327221268 127
327221282 127
327221289 127
327221295 127
327286812 127
327286821 127
327286826 127
327286827 127
327352347 127
327352361 127
327352364 127
327352366 127
327417883 127
327417890 127
327417892 127
327417901 127
327483392 127
327483411 127
327483430 127
327483433 127
327548956 127
327548958 127
327548965 127
327548975 127
327614472 127
327614474 127
327614493 127
327614507 127
327680007 127
327680029 127
327680042 127
327680044 127
327745549 127
327745551 127
327745554 127
327745572 127
327811103 127
327811104 127
327811106 127
327811117 127
327876629 127
327876643 127
327876648 127
327876650 127
327942145 127
327942176 127
327942190 127
327942191 127
328007701 127
328007704 127
328007715 127
328007722 127
328073223 127
328073226 127
328073245 127
328073260 127
328138765 127
328138767 127
328138772 127
328138798 127
328204308 127
328204310 127
328204327 127
328204329 127
328269862 127
328269868 127
328269869 127
328269871 127
328335360 127
328335374 127
328335377 127
328335395 127
328400904 127
328400909 127
328400934 127
328400935 127
328466450 127
328466456 127
328466469 127
328466471 127
328531977 127
328531996 127
328532007 127
328532010 127
328597509 127
328597536 127
328597547 127
328597550 127
328663066 127
328663084 127
328663085 127
328663087 127
328728603 127
328728608 127
328728610 127
328728613 127
328794153 127
328794155 127
328794156 127
328794158 127
328859656 127
328859679 127
328859682 127
328859693 127
328925189 127
328925216 127
328925219 127
328925230 127
328990734 127
328990755 127
328990764 127
328990765 127
329056267 127
329056290 127
329056293 127
329056296 127
329121795 127
329121818 127
329121832 127
329121837 127
329187341 127
329187344 127
329187370 127
329187371 127
329252889 127
329252898 127
329252908 127
329252911 127
329318406 127
329318411 127
329318440 127
329318441 127
329383963 127
329383973 127
329383978 127
329383980 127
329449480 127
329449506 127
329449507 127
329449509 127
329515049 127
329515051 127
329515052 127
329515054 127
329580544 127
329580558 127
329580579 127
329580581 127
329646099 127
329646117 127
329646120 127
329646122 127
329711626 127
329711653 127
329711656 127
329711659 127
329777157 127
329777180 127
329777190 127
329777199 127
329842712 127
329842718 127
329842719 127
329842733 127
329908268 127
329908269 127
329908270 127
329908271 127
329973767 127
329973800 127
329973805 127
329973806 127
330039313 127
330039334 127
330039340 127
330039343 127
330104866 127
330104871 127
330104873 127
330104876 127
330170373 127
330170378 127
330170408 127
330170411 127
330235932 127
330235949 127
330235950 127
330235951 127
330301441 127
330301451 127
330301456 127
330301458 127
330366977 127
330366978 127
330366984 127
330367015 127
330432516 127
330432518 127
330432519 127
330432521 127
330498051 127
330498053 127
330498080 127
330498086 127
330563603 127
330563605 127
330563618 127
330563620 127
330629123 127
330629128 127
330629130 127
330629133 127
330694656 127
330694671 127
330694677 127
330694694 127
330760194 127
330760197 127
330760211 127
330760224 127
330825729 127
330825731 127
330825744 127
330825758 127
330891279 127
330891280 127
330891294 127
330891297 127
330956801 127
330956804 127
330956806 127
330956807 127
331022340 127
331022346 127
331022347 127
331022349 127
331087884 127
331087886 127
331087891 127
331087913 127
331153411 127
331153413 127
331153414 127
331153420 127
331218955 127
331218965 127
331218966 127
331218968 127
331284493 127
331284504 127
331284507 127
331284514 127
331350020 127
331350021 127
331350022 127
331350039 127
331415573 127
331415576 127
331415583 127
331415590 127
331481088 127
331481106 127
331481125 127
331481131 127
331546633 127
331546634 127
331546635 127
331546640 127
331612175 127
331612176 127
331612177 127
331612190 127
331677705 127
331677706 127
331677707 127
331677712 127
331743249 127
331743256 127
331743266 127
331743275 127
331808782 127
331808797 127
331808800 127
331808815 127
331874309 127
331874314 127
331874331 127
331874332 127
331939840 127
331939853 127
331939863 127
331939870 127
332005385 127
332005388 127
332005390 127
332005399 127
332070914 127
332070916 127
332070929 127
332070943 127
332136464 127
332136465 127
332136474 127
332136479 127
332201993 127
332202006 127
332202008 127
332202023 127
332267528 127
332267529 127
332267543 127
332267546 127
332333071 127
332333076 127
332333089 127
332333090 127
332398592 127
332398595 127
332398598 127
332398601 127
332464129 127
332464146 127
332464147 127
332464152 127
332529674 127
332529675 127
332529688 127
332529689 127
332595210 127
332595213 127
332595227 127
332595240 127
332660744 127
332660750 127
332660753 127
332660767 127
332726275 127
332726288 127
332726293 127
332726310 127
332791815 127
332791817 127
332791832 127
332791834 127
332857357 127
332857358 127
332857359 127
332857376 127
332922880 127
332922882 127
332922895 127
332922897 127
332988433 127
332988446 127
332988455 127
332988460 127
333053954 127
333053960 127
333053961 127
333053967 127
333119488 127
333119493 127
333119510 127
333119511 127
333185024 127
333185031 127
333185034 127
333185045 127
333250561 127
333250562 127
333250571 127
333250588 127
333316100 127
333316102 127
333316103 127
333316105 127
333381635 127
333381649 127
333381652 127
333381658 127
333447168 127
333447169 127
333447183 127
333447194 127
333512715 127
333512733 127
333512736 127
333512742 127
333578251 127
333578254 127
333578256 127
333578257 127
333643780 127
333643787 127
333643790 127
333643801 127
333709313 127
333709323 127
333709328 127
333709330 127
333774853 127
333774855 127
333774856 127
333774870 127
333840384 127
333840402 127
333840403 127
333840421 127
333905956 127
333905958 127
333905959 127
333905961 127
333971478 127
333971483 127
333971484 127
333971493 127
334036996 127
334037014 127
334037029 127
334037035 127
334102550 127
334102553 127
334102555 127
334102564 127
334168069 127
334168070 127
334168072 127
334168083 127
334233610 127
334233615 127
334233628 127
334233633 127
334299141 127
334299150 127
334299152 127
334299159 127
334364680 127
334364701 127
334364703 127
334364706 127
334430221 127
334430227 127
334430230 127
334430236 127
334495753 127
334495756 127
334495763 127
334495774 127
334561314 127
334561317 127
334561323 127
334561324 127
334626818 127
334626837 127
334626840 127
334626847 127
334692358 127
334692361 127
334692363 127
334692364 127
334757892 127
334757893 127
334757895 127
334757898 127
334823451 127
334823453 127
334823454 127
334823456 127
334888964 127
334888970 127
334888973 127
334888987 127
334954497 127
334954506 127
334954507 127
334954512 127
335020049 127
335020052 127
335020063 127
335020070 127
335085569 127
335085570 127
335085572 127
335085575 127
335151106 127
335151107 127
335151120 127
335151121 127
335216645 127
335216648 127
335216670 127
335216683 127
335282185 127
335282187 127
335282200 127
335282218 127
335347720 127
335347721 127
335347726 127
335347755 127
335413251 127
335413252 127
335413253 127
335413286 127
335478787 127
335478790 127
335478792 127
335478793 127
335544327 127
335544328 127
335544354 127
335544361 127
335609861 127
335609862 127
335609867 127
335609868 127
335675392 127
335675393 127
335675394 127
335675415 127
335740944 127
335740946 127
335740947 127
335740953 127
335806464 127
335806465 127
335806467 127
335806486 127
335872003 127
335872005 127
335872008 127
335872046 127
335937539 127
335937557 127
335937566 127
335937568 127
336003080 127
336003083 127
336003093 127
336003094 127
336068608 127
336068633 127
336068635 127
336068638 127
336134172 127
336134175 127
336134177 127
336134186 127
336199703 127
336199710 127
336199720 127
336199725 127
336265217 127
336265219 127
336265238 127
336265252 127
336330758 127
336330777 127
336330779 127
336330780 127
336396290 127
336396297 127
336396308 127
336396311 127
336461842 127
336461844 127
336461845 127
336461871 127
336527391 127
336527393 127
336527398 127
336527404 127
336592896 127
336592898 127
336592899 127
336592905 127
336658435 127
336658445 127
336658446 127
336658448 127
336723977 127
336723978 127
336723980 127
336723995 127
336789505 127
336789515 127
336789518 127
336789520 127
336855048 127
336855058 127
336855065 127
336855067 127
336920580 127
336920589 127
336920594 127
336920599 127
336986140 127
336986149 127
336986150 127
336986151 127
337051658 127
337051659 127
337051660 127
337051665 127
337117204 127
337117206 127
337117207 127
337117209 127
337182728 127
337182735 127
337182738 127
337182749 127
337248269 127
337248288 127
337248291 127
337248298 127
337313799 127
337313802 127
337313809 127
337313812 127
337379346 127
337379349 127
337379352 127
337379371 127
337444901 127
337444907 127
337444908 127
337444910 127
337510415 127
337510428 127
337510430 127
337510433 127
337575954 127
337575955 127
337575957 127
337575960 127
337641473 127
337641474 127
337641476 127
337641483 127
337707012 127
337707017 127
337707019 127
337707034 127
337772549 127
337772550 127
337772552 127
337772591 127
337838083 127
337838092 127
337838093 127
337838126 127
337903620 127
337903621 127
337903623 127
337903626 127
337969161 127
337969172 127
337969175 127
337969190 127
338034689 127
338034696 127
338034707 127
338034710 127
338100240 127
338100247 127
338100261 127
338100262 127
338165763 127
338165766 127
338165768 127
338165789 127
338231308 127
338231309 127
338231319 127
338231322 127
338296833 127
338296834 127
338296835 127
338296852 127
338362369 127
338362387 127
338362396 127
338362410 127
338427904 127
338427906 127
338427915 127
338427929 127
338493445 127
338493448 127
338493471 127
338493482 127
338558995 127
338558996 127
338558998 127
338559017 127
338624518 127
338624533 127
338624544 127
338624555 127
338690061 127
338690062 127
338690072 127
338690079 127
338755590 127
338755600 127
338755613 127
338755627 127
338821127 127
338821146 127
338821149 127
338821164 127
338886688 127
338886689 127
338886690 127
338886691 127
338952192 127
338952203 127
338952206 127
338952209 127
339017734 127
339017753 127
339017767 127
339017768 127
339083268 127
339083271 127
339083281 127
339083302 127
339148801 127
339148814 127
339148831 127
339148836 127
339214340 127
339214343 127
339214354 127
339214377 127
339279875 127
339279896 127
339279897 127
339279914 127
339345418 127
339345419 127
339345421 127
339345432 127
339410956 127
339410959 127
339410961 127
339410962 127
339476480 127
339476509 127
339476511 127
339476526 127
339542031 127
339542044 127
339542045 127
339542046 127
339607565 127
339607571 127
339607574 127
339607576 127
339673115 127
339673116 127
339673118 127
339673125 127
339738628 127
339738650 127
339738659 127
339738669 127
339804174 127
339804185 127
339804192 127
339804203 127
339869707 127
339869709 127
339869740 127
339869742 127
339935257 127
339935258 127
339935264 127
339935275 127
340000768 127
340000794 127
340000797 127
340000803 127
340066306 127
340066312 127
340066315 127
340066333 127
340131858 127
340131876 127
340131885 127
340131887 127
340197385 127
340197388 127
340197394 127
340197407 127
340262916 127
340262918 127
340262925 127
340262927 127
340328456 127
340328458 127
340328463 127
340328473 127
340393993 127
340393995 127
340393996 127
340394022 127
340459524 127
340459549 127
340459551 127
340459554 127
340525057 127
340525060 127
340525070 127
340525075 127
340590595 127
340590597 127
340590614 127
340590628 127
340656136 127
340656141 127
340656146 127
340656151 127
340721671 127
340721685 127
340721686 127
340721708 127
340787214 127
340787217 127
340787219 127
340787220 127
340852736 127
340852746 127
340852761 127
340852767 127
340918278 127
340918281 127
340918311 127
340918316 127
340983818 127
340983821 127
340983824 127
340983835 127
341049348 127
341049374 127
341049381 127
341049383 127
341114881 127
341114896 127
341114915 127
341114918 127
341180428 127
341180442 127
341180449 127
341180459 127
341245952 127
341245967 127
341245969 127
341245974 127
341311498 127
341311500 127
341311523 127
341311525 127
341377036 127
341377046 127
341377057 127
341377071 127
341442569 127
341442586 127
341442595 127
341442600 127
341508105 127
341508106 127
341508112 127
341508139 127
341573633 127
341573644 127
341573654 127
341573663 127
341639184 127
341639185 127
341639203 127
341639210 127
341704709 127
341704720 127
341704722 127
341704735 127
341770249 127
341770260 127
341770274 127
341770283 127
341835793 127
341835796 127
341835811 127
341835822 127
341901334 127
341901339 127
341901349 127
341901352 127
341966852 127
341966854 127
341966863 127
341966865 127
342032387 127
342032389 127
342032392 127
342032406 127
342097935 127
342097937 127
342097946 127
342097952 127
342163461 127
342163471 127
342163484 127
342163490 127
342228993 127
342228998 127
342228999 127
342229020 127
342294528 127
342294535 127
342294538 127
342294541 127
342360075 127
342360084 127
342360094 127
342360097 127
342425611 127
342425612 127
342425618 127
342425621 127
342491153 127
342491154 127
342491155 127
342491156 127
342556684 127
342556685 127
342556694 127
342556695 127
342622210 127
342622211 127
342622212 127
342622213 127
342687755 127
342687761 127
342687762 127
342687772 127
342753285 127
342753306 127
342753308 127
342753315 127
342818832 127
342818851 127
342818853 127
342818854 127
342884374 127
342884377 127
342884379 127
342884396 127
342949889 127
342949907 127
342949922 127
342949928 127
343015426 127
343015428 127
343015429 127
343015443 127
343080962 127
343080963 127
343080969 127
343080976 127
343146502 127
343146516 127
343146523 127
343146541 127
343212036 127
343212038 127
343212047 127
343212049 127
343277584 127
343277587 127
343277597 127
343277614 127
343343104 127
343343107 127
343343125 127
343343138 127
343408654 127
343408673 127
343408675 127
343408676 127
343474177 127
343474198 127
343474200 127
343474203 127
343539718 127
343539719 127
343539721 127
343539756 127
343605253 127
343605272 127
343605274 127
343605275 127
343670784 127
343670789 127
343670794 127
343670795 127
343736333 127
343736336 127
343736339 127
343736342 127
343801876 127
343801877 127
343801882 127
343801887 127
343867406 127
343867424 127
343867433 127
343867435 127
343932942 127
343932947 127
343932953 127
343932968 127
343998475 127
343998478 127
343998496 127
343998509 127
344064018 127
344064019 127
344064020 127
344064025 127
344129536 127
344129554 127
344129555 127
344129557 127
344195073 127
344195074 127
344195079 127
344195092 127
344260619 127
344260624 127
344260629 127
344260642 127
344326172 127
344326174 127
344326177 127
344326179 127
344391686 127
344391691 127
344391700 127
344391725 127
344457220 127
344457225 127
344457231 127
344457234 127
344522772 127
344522781 127
344522786 127
344522795 126
344588301 127
344588304 127
344588306 127
344588327 127
344653825 127
344653826 127
344653827 127
344653828 127
344719382 127
344719395 127
344719396 127
344719401 127
344784910 127
344784916 127
344784921 127
344784923 127
344850446 127
344850457 127
344850460 127
344850479 127
344915972 127
344915977 127
344915982 127
344915983 127
344981506 127
344981508 127
344981509 127
344981535 127
345047046 127
345047069 127
345047076 127
345047083 127
345112592 127
345112606 127
345112609 127
345112611 127
345178124 127
345178127 127
345178142 127
345178145 127
345243648 127
345243653 127
345243666 127
345243679 127
345309196 127
345309198 127
345309213 127
345309231 127
345374721 127
345374722 127
345374736 127
345374747 127
345440261 127
345440264 127
345440266 127
345440275 127
345505801 127
345505820 127
345505826 127
345505831 127
345571336 127
345571338 127
345571363 127
345571365 127
345636866 127
345636879 127
345636880 127
345636893 127
345702401 127
345702412 127
345702414 127
345702415 127
345767950 127
345767968 127
345767975 127
345767981 127
345833492 127
345833495 127
345833501 127
345833502 127
345899022 127
345899023 127
345899024 127
345899041 127
345964564 127
345964574 127
345964575 127
345964581 127
346030102 127
346030103 127
346030104 127
346030117 127
346095629 127
346095630 127
346095631 127
346095660 127
346161153 127
346161168 127
346161171 127
346161182 127
346226695 127
346226697 127
346226698 127
346226700 127
346292226 127
346292237 127
346292239 127
346292244 127
346357761 127
346357763 127
346357776 127
346357786 127
346423303 127
346423317 127
346423318 127
346423332 127
346488834 127
346488843 127
346488864 127
346488865 127
346554371 127
346554382 127
346554392 127
346554393 127
346619918 127
346619940 127
346619945 127
346619951 127
346685443 127
346685446 127
346685449 127
346685484 127
346750983 127
346750985 127
346750988 127
346751006 127
346816512 127
346816529 127
346816539 127
346816542 127
346882050 127
346882052 127
346882067 127
346882093 127
346947584 127
346947595 127
346947598 127
346947625 127
347013127 127
347013132 127
347013146 127
347013157 127
347078662 127
347078679 127
347078693 127
347078696 127
347144203 127
347144216 127
347144229 127
347144230 127
347209729 127
347209738 127
347209744 127
347209763 127
347275276 127
347275278 127
347275293 127
347275295 127
347340816 127
347340819 127
347340826 127
347340837 127
347406347 127
347406350 127
347406352 127
347406373 127
347471886 127
347471888 127
347471897 127
347471903 127
347537412 127
347537421 127
347537422 127
347537439 127
347602958 127
347602959 127
347602968 127
347602969 127
347668501 127
347668510 127
347668519 127
347668524 127
347734017 127
347734024 127
347734034 127
347734035 127
347799554 127
347799564 127
347799571 127
347799581 127
347865097 127
347865099 127
347865120 127
347865134 127
347930630 127
347930644 127
347930653 127
347930667 127
347996169 127
347996172 127
347996187 127
347996190 127
348061700 127
348061713 127
348061715 127
348061718 127
348127235 127
348127249 127
348127252 127
348127254 127
348192768 127
348192770 127
348192773 127
348192775 127
348258305 127
348258324 127
348258339 127
348258342 127
348323850 127
348323861 127
348323868 127
348323871 127
348389378 127
348389381 127
348389395 127
348389400 127
348454931 127
348454941 127
348454950 127
348454952 127
348520454 127
348520472 127
348520475 127
348520477 127
348585987 127
348585994 127
348586001 127
348586024 127
348651544 127
348651547 127
348651558 127
348651565 127
348717091 127
348717097 127
348717100 127
348717102 127
348782605 127
348782606 127
348782608 127
348782631 127
348848135 127
348848140 127
348848150 127
348848153 127
348913668 127
348913686 127
348913687 127
348913689 127
348979213 127
348979214 127
348979232 127
348979247 127
349044769 127
349044770 127
349044771 127
349044776 127
349110280 127
349110283 127
349110293 127
349110298 127
349175822 127
349175831 127
349175833 127
349175836 127
349241346 127
349241352 127
349241355 127
349241369 127
349306910 127
349306916 127
349306917 127
349306923 127
349372417 127
349372438 127
349372439 127
349372444 127
349437989 127
349437990 127
349437992 127
349437999 127
349503496 127
349503499 127
349503506 127
349503529 127
349569025 127
349569031 127
349569032 127
349569058 127
349634560 127
349634575 127
349634577 127
349634578 127
349700114 127
349700121 127
349700128 127
349700135 127
349765643 127
349765648 127
349765661 127
349765678 127
349831181 127
349831207 127
349831208 127
349831214 127
349896720 127
349896722 127
349896723 127
349896737 127
349962243 127
349962245 127
349962272 127
349962274 127
350027778 127
350027780 127
350027781 127
350027783 127
350093319 127
350093332 127
350093333 127
350093342 127
350158849 127
350158856 127
350158862 127
350158863 127
350224392 127
350224394 127
350224405 127
350224407 127
350289935 127
350289946 127
350289956 127
350289965 127
350355456 127
350355469 127
350355486 127
350355491 127
350421000 127
350421001 127
350421011 127
350421026 127
350486528 127
350486531 127
350486533 127
350486534 127
350552071 127
350552081 127
350552084 127
350552098 127
350617610 127
350617613 127
350617624 127
350617627 127
350683158 127
350683163 127
350683165 127
350683176 127
350748684 127
350748687 127
350748705 127
350748718 127
350814220 127
350814225 127
350814226 127
350814235 127
350879745 127
350879754 127
350879756 127
350879779 127
350945286 127
350945288 127
350945305 127
350945315 127
351010816 127
351010821 127
351010826 127
351010827 127
351076358 127
351076361 127
351076383 127
351076392 127
351141888 127
351141895 127
351141897 127
351141926 127
351207424 127
351207434 127
351207437 127
351207459 127
351272987 127
351272992 127
351272997 127
351272998 127
351338503 127
351338518 127
351338520 127
351338525 127
351404051 127
351404053 127
351404056 127
351404062 127
351469571 127
351469592 127
351469601 127
351469606 127
351535105 127
351535131 127
351535144 127
351535150 127
351600646 127
351600653 127
351600656 127
351600687 127
351666196 127
351666199 127
351666210 127
351666221 127
351731712 127
351731715 127
351731733 127
351731742 127
351797265 127
351797268 127
351797275 127
351797294 127
351862788 127
351862821 127
351862823 127
351862826 127
351928324 127
351928333 127
351928338 127
351928347 127
351993871 127
351993896 127
351993897 127
351993898 127
352059392 127
352059397 127
352059398 127
352059435 127
352124940 127
352124942 127
352124949 127
352124951 127
352190490 127
352190492 127
352190505 127
352190507 127
352256000 127
352256002 127
352256003 127
352256013 127
352321542 127
352321549 127
352321556 127
352321559 127
352387096 127
352387097 127
352387110 127
352387115 127
352452617 127
352452620 127
352452627 127
352452630 127
352518171 127
352518184 127
352518189 127
352518190 127
352583689 127
352583692 127
352583702 127
352583703 127
352649216 127
352649219 127
352649237 127
352649238 127
352714784 127
352714785 127
352714787 127
352714790 127
352780294 127
352780297 127
352780308 127
352780311 127
352845828 127
352845831 127
352845834 127
352845849 127
352911370 127
352911375 127
352911381 127
352911388 127
352976907 127
352976912 127
352976929 127
352976934 127
353042445 127
353042450 127
353042459 127
353042468 127
353107971 127
353107974 127
353107976 127
353107993 127
353173511 127
353173517 127
353173522 127
353173524 127
353239051 127
353239064 127
353239065 127
353239070 127
353304576 127
353304583 127
353304594 127
353304597 127
353370137 127
353370139 127
353370140 127
353370150 127
353435651 127
353435653 127
353435654 127
353435680 127
353501192 127
353501203 127
353501217 127
353501218 127
353566753 127
353566754 127
353566759 127
353566760 127
353632258 127
353632268 127
353632279 127
353632285 127
353697798 127
353697805 127
353697812 127
353697815 127
353763329 127
353763340 127
353763342 127
353763347 127
353828871 127
353828872 127
353828881 127
353828906 127
353894408 127
353894441 127
353894442 127
353894447 127
353959937 127
353959943 127
353959958 127
353959976 127
354025475 127
354025492 127
354025505 127
354025518 127
354091019 127
354091020 127
354091026 127
354091029 127
354156545 127
354156567 127
354156584 127
354156586 127
354222080 127
354222099 127
354222113 127
354222122 127
354287644 127
354287646 127
354287659 127
354287661 127
354353157 127
354353180 127
354353190 127
354353191 127
354418707 127
354418716 127
354418717 127
354418730 127
354484228 127
354484239 127
354484246 127
354484265 127
354549778 127
354549781 127
354549783 127
354549796 127
354615301 127
354615303 127
354615306 127
354615308 127
354680843 127
354680854 127
354680856 127
354680861 127
354746369 127
354746378 127
354746412 127
354746415 127
354811918 127
354811921 127
354811936 127
354811951 127
354877449 127
354877459 127
354877462 127
354877464 127
354942978 127
354942980 127
354942981 127
354942987 127
355008545 127
355008548 127
355008550 127
355008555 127
355074050 127
355074060 127
355074063 127
355074065 127
355139591 127
355139597 127
355139606 127
355139620 127
355205122 127
355205127 127
355205128 127
355205161 127
355270660 127
355270663 127
355270665 127
355270670 127
355336199 127
355336225 127
355336232 127
355336238 127
355401736 127
355401747 127
355401761 127
355401762 127
355467264 127
355467289 127
355467290 127
355467299 127
355532801 127
355532818 127
355532820 127
355532847 127
355598344 127
355598378 127
355598381 127
355598383 127
355663879 127
355663885 127
355663906 127
355663916 127
355729428 127
355729430 127
355729431 127
355729441 127
355794955 127
355794957 127
355794978 127
355794980 127
355860516 127
355860525 127
355860526 127
355860527 127
355926016 127
355926030 127
355926037 127
355926051 127
355991552 127
355991559 127
355991566 127
355991569 127
356057101 127
356057103 127
356057108 127
356057122 127
356122648 127
356122653 127
356122655 127
356122662 127
356188163 127
356188165 127
356188190 127
356188200 127
356253716 127
356253719 127
356253721 127
356253726 127
356319236 127
356319258 127
356319267 127
356319273 127
356384774 127
356384777 127
356384800 127
356384807 127
356450311 127
356450336 127
356450341 127
356450346 127
356515841 127
356515875 127
356515880 127
356515882 127
356581391 127
356581401 127
356581418 127
356581420 127
356646937 127
356646942 127
356646943 127
356646944 127
356712450 127
356712455 127
356712476 127
356712481 127
356777994 127
356777997 127
356778008 127
356778015 127
356843531 127
356843538 127
356843548 127
356843553 127
356909067 127
356909072 127
356909077 127
356909086 127
356974609 127
356974619 127
356974620 127
356974634 127
357040144 127
357040145 127
357040146 127
357040147 127
357105698 127
357105700 127
357105705 127
357105707 127
357171209 127
357171220 127
357171227 127
357171234 127
357236743 127
357236757 127
357236780 127
357236782 127
357302275 127
357302277 127
357302290 127
357302300 127
357367815 127
357367829 127
357367834 127
357367844 127
357433350 127
357433359 127
357433360 127
357433361 127
357498884 127
357498898 127
357498909 127
357498919 127
357564442 127
357564445 127
357564447 127
357564452 127
357629952 127
357629971 127
357629974 127
357629985 127
357695507 127
357695514 127
357695516 127
357695521 127
357761046 127
357761061 127
357761064 127
357761071 127
357826564 127
357826582 127
357826585 127
357826591 127
357892122 127
357892124 127
357892127 127
357892141 127
357957644 127
357957646 127
357957653 127
357957671 127
358023174 127
358023180 127
358023197 127
358023199 127
358088717 127
358088736 127
358088738 127
358088743 127
358154240 127
358154242 127
358154273 127
358154283 127
358219803 127
358219810 127
358219812 127
358219817 127
358285312 127
358285343 127
358285345 127
358285346 127
358350861 127
358350862 127
358350872 127
358350879 127
358416403 127
358416417 127
358416426 127
358416428 127
358481935 127
358481937 127
358481942 127
358481956 127
358547464 127
358547478 127
358547481 127
358547483 127
358612998 127
358613017 127
358613035 127
358613036 127
358678534 127
358678564 127
358678565 127
358678575 127
358744070 127
358744079 127
358744081 127
358744084 127
358809606 127
358809611 127
358809613 127
358809620 127
358875154 127
358875155 127
358875165 127
358875176 127
358940688 127
358940694 127
358940699 127
358940717 127
359006209 127
359006220 127
359006226 127
359006231 127
359071758 127
359071764 127
359071769 127
359071783 127
359137293 127
359137300 127
359137302 127
359137307 127
359202837 127
359202842 127
359202855 127
359202856 127
359268355 127
359268362 127
359268380 127
359268393 127
359333891 127
359333892 127
359333905 127
359333910 127
359399456 127
359399459 127
359399462 127
359399469 127
359464995 127
359465001 127
359465002 127
359465004 127
359530512 127
359530517 127
359530519 127
359530530 127
359596038 127
359596045 127
359596047 127
359596060 127
359661581 127
359661606 127
359661612 127
359661615 127
359727105 127
359727116 127
359727130 127
359727151 127
359792647 127
359792664 127
359792673 127
359792682 127
359858192 127
359858202 127
359858213 127
359858223 127
359923713 127
359923732 127
359923754 127
359923755 127
359989252 127
359989257 127
359989278 127
359989291 127
360054802 127
360054819 127
360054821 127
360054828 127
360120321 127
360120326 127
360120327 127
360120356 127
360185858 127
360185860 127
360185883 127
360185885 127
360251404 127
360251415 127
360251417 127
360251422 127
360316930 127
360316936 127
360316941 127
360316947 127
360382468 127
360382497 127
360382499 127
360382502 127
360448001 127
360448018 127
360448023 127
360448036 127
360513536 127
360513554 127
360513577 127
360513579 127
360579073 127
360579083 127
360579098 127
360579104 127
360644616 127
360644621 127
360644654 127
360644655 127
360710159 127
360710162 127
360710168 127
360710177 127
360775711 127
360775714 127
360775716 127
360775717 127
360841217 127
360841238 127
360841240 127
360841243 127
360906773 127
360906783 127
360906790 127
360906796 127
360972314 127
360972320 127
360972327 127
360972329 127
361037851 127
361037852 127
361037857 127
361037866 127
361103382 127
361103383 127
361103396 127
361103397 127
361168924 127
361168929 127
361168938 127
361168939 127
361234438 127
361234461 127
361234468 127
361234471 127
361299970 127
361299983 127
361299989 127
361300008 127
361365522 127
361365529 127
361365536 127
361365547 127
361431060 127
361431061 127
361431067 127
361431070 127
361496582 127
361496584 127
361496587 127
361496601 127
361562146 127
361562151 127
361562153 127
361562156 127
361627650 127
361627652 127
361627657 127
361627663 127
361693218 127
361693228 127
361693229 127
361693231 127
361758741 127
361758752 127
361758755 127
361758766 127
361824270 127
361824272 127
361824293 127
361824299 127
361889800 127
361889810 127
361889819 127
361889821 127
361955334 127
361955339 127
361955341 127
361955348 127
362020864 127
362020865 127
362020895 127
362020910 127
362086418 127
362086427 127
362086436 127
362086441 127
362151963 127
362151972 127
362151977 127
362151982 127
362217479 127
362217493 127
362217498 127
362217500 127
362283023 127
362283025 127
362283028 127
362283042 127
362348546 127
362348561 127
362348584 127
362348591 127
362414087 127
362414088 127
362414106 127
362414109 127
362479626 127
362479647 127
362479648 127
362479661 127
362545159 127
362545176 127
362545182 127
362545197 127
362610694 127
362610705 127
362610708 127
362610719 127
362676232 127
362676250 126
362676269 127
362676271 127
362741767 127
362741784 127
362741793 127
362741802 127
362807302 127
362807304 127
362807309 127
362807335 127
362872838 127
362872857 127
362872867 127
362872868 127
362938385 127
362938406 127
362938408 127
362938415 127
363003905 127
363003907 127
363003924 127
363003938 127
363069445 127
363069470 127
363069472 127
363069475 127
363134981 127
363135002 127
363135016 127
363135019 127
363200520 127
363200521 127
363200522 127
363200523 127
363266052 127
363266055 127
363266069 127
363266074 127
363331586 127
363331589 127
363331595 127
363331628 127
363397132 127
363397133 127
363397155 127
363397158 127
363462660 127
363462675 127
363462677 127
363462686 127
363528205 127
363528207 127
363528208 127
363528234 127
363593732 127
363593766 127
363593767 127
363593769 127
363659296 127
363659306 127
363659309 127
363659311 127
363724824 127
363724826 127
363724827 127
363724833 127
363790336 127
363790350 127
363790363 127
363790377 127
363855884 127
363855898 127
363855901 127
363855919 127
363921415 127
363921428 127
363921434 127
363921437 127
363986949 127
363986963 127
363986972 127
363986978 127
364052480 127
364052485 127
364052494 127
364052511 127
364118033 127
364118043 127
364118048 127
364118058 127
364183568 127
364183570 127
364183583 127
364183589 127
364249093 127
364249111 127
364249112 127
364249130 127
364314633 127
364314635 127
364314648 127
364314650 127
364380162 127
364380181 127
364380195 127
364380200 127
364445716 127
364445719 127
364445738 127
364445741 127
364511264 127
364511266 127
364511267 127
364511273 127
364576778 127
364576780 127
364576809 127
364576815 127
364642305 127
364642310 127
364642316 127
364642319 127
364707855 127
364707865 127
364707870 127
364707876 127
364773410 127
364773415 127
364773417 127
364773420 127
364838913 127
364838930 127
364838932 127
364838935 127
364904460 127
364904469 127
364904483 127
364904490 127
364969994 127
364969996 127
364969997 127
364970019 127
365035525 127
365035527 127
365035536 127
365035546 127
365101079 127
365101096 127
365101101 127
365101102 127
365166604 127
365166606 127
365166615 127
365166617 127
365232132 127
365232150 127
365232151 127
365232169 127
365297667 127
365297670 127
365297688 127
365297689 127
365363215 127
365363220 127
365363221 127
365363226 127
365428745 127
365428746 127
365428748 127
365428767 127
365494280 127
365494281 127
365494282 127
365494303 127
365559811 127
365559818 127
365559828 127
365559837 127
365625344 127
365625349 127
365625363 127
365625370 127
365690889 127
365690891 127
365690904 127
365690918 127
365756431 127
365756432 127
365756437 127
365756442 127
365821967 127
365821974 127
365821977 127
365821980 127
365887489 127
365887526 127
365887531 127
365887532 127
365953027 127
365953057 127
365953060 127
365953062 127
366018561 127
366018579 127
366018598 127
366018600 127
366084102 127
366084109 127
366084123 127
366084136 127
366149638 127
366149643 127
366149657 127
366149676 127
366215172 127
366215178 127
366215189 127
366215191 127
366280707 127
366280709 127
366280732 127
366280750 127
366346252 127
366346255 127
366346258 127
366346277 127
366411795 127
366411796 127
366411806 127
366411817 127
366477331 127
366477344 127
366477345 127
366477346 127
366542855 127
366542869 127
366542870 127
366542888 127
366608402 127
366608404 127
366608413 127
366608415 127
366673930 127
366673933 127
366673948 127
366673963 127
366739467 127
366739477 127
366739488 127
366739494 127
366805001 127
366805019 127
366805022 127
366805024 127
366870533 127
366870542 127
366870547 127
366870568 127
366936086 127
366936099 127
366936104 127
366936109 127
367001622 127
367001640 127
367001645 127
367001647 127
367067138 127
367067164 127
367067175 127
367067177 127
367132677 127
367132680 127
367132686 127
367132707 127
367198208 127
367198234 127
367198241 127
367198243 127
367263754 127
367263772 127
367263775 127
367263777 127
367329285 127
367329288 127
367329294 127
367329319 127
367394830 127
367394844 127
367394859 127
367394861 127
367460364 127
367460366 127
367460379 127
367460381 127
367525896 127
367525905 127
367525910 127
367525915 127
367591447 127
367591452 127
367591457 127
367591462 127
367656995 127
367656997 127
367656998 127
367657000 127
367722498 127
367722500 127
367722503 127
367722521 127
367788041 127
367788044 127
367788059 127
367788066 127
367853573 127
367853582 127
367853587 127
367853608 127
367919117 127
367919122 127
367919127 127
367919132 127
367984654 127
367984668 127
367984669 127
367984683 127
368050182 127
368050201 127
368050204 127
368050211 127
368115718 127
368115720 127
368115737 127
368115751 127
368181267 127
368181280 127
368181281 127
368181290 127
368246791 127
368246792 127
368246797 127
368246798 127
368312322 127
368312324 127
368312329 127
368312343 127
368377859 127
368377865 127
368377870 127
368377884 127
368443400 127
368443402 127
368443407 127
368443429 127
368508929 127
368508931 127
368508932 127
368508946 127
368574486 127
368574488 127
368574507 127
368574509 127
368640025 127
368640031 127
368640036 127
368640046 127
368705555 127
368705560 127
368705562 127
368705569 127
368771085 127
368771108 127
368771110 127
368771119 127
368836608 127
368836614 127
368836617 127
368836631 127
368902161 127
368902172 127
368902190 127
368902191 127
368967682 127
368967684 127
368967695 127
368967697 127
369033228 127
369033237 127
369033242 127
369033251 127
369098764 127
369098767 127
369098778 127
369098797 127
369164302 127
369164307 127
369164309 127
369164320 127
369229827 127
369229828 127
369229853 127
369229854 127
369295362 127
369295383 127
369295396 127
369295405 127
369360911 127
369360913 127
369360916 127
369360934 127
369426433 127
369426467 127
369426468 127
369426478 127
369491975 127
369491994 127
369491997 127
369492008 127
369557505 127
369557506 127
369557507 127
369557536 127
369623044 127
369623057 127
369623071 127
369623074 127
369688599 127
369688602 127
369688616 127
369688617 127
369754114 127
369754136 127
369754143 127
369754157 127
369819665 127
369819680 127
369819682 127
369819683 127
369885195 127
369885212 127
369885214 127
369885217 127
369950720 127
369950758 127
369950759 127
369950761 127
370016257 127
370016259 127
370016260 127
370016290 127
370081801 127
370081823 127
370081828 127
370081834 127
370147331 127
370147337 127
370147372 127
370147374 127
370212881 127
370212883 127
370212886 127
370212892 127
370278402 127
370278416 127
370278445 127
370278447 127
370343936 127
370343941 127
370343946 127
370343959 127
370409472 127
370409473 127
370409475 127
370409482 127
370475008 127
370475025 127
370475026 127
370475055 127
370540564 127
370540567 127
370540581 127
370540586 127
370606083 127
370606086 127
370606096 127
370606121 127
370671622 127
370671624 127
370671627 127
370671641 127
370737172 127
370737175 127
370737194 127
370737197 127
370802711 127
370802718 127
370802720 127
370802721 127
370868226 127
370868245 127
370868247 127
370868260 127
370933760 127
370933777 127
370933786 127
370933799 127
370999306 127
370999311 127
370999313 127
370999320 127
371064851 127
371064861 127
371064866 127
371064868 127
371130378 127
371130384 127
371130405 127
371130411 127
371195904 127
371195906 127
371195927 127
371195945 127
371261441 127
371261444 127
371261446 127
371261447 127
371326994 127
371326997 127
371327007 127
371327008 127
371392523 127
371392541 127
371392546 127
371392552 127
371458048 127
371458051 127
371458062 127
371458069 127
371523600 127
371523607 127
371523613 127
371523614 127
371589121 127
371589136 127
371589138 127
371589163 127
371654658 127
371654660 127
371654661 127
371654683 127
371720216 127
371720217 127
371720219 127
371720222 127
371785763 127
371785764 127
371785770 127
371785773 127
371851273 127
371851298 127
371851300 127
371851311 127
371916807 127
371916820 127
371916826 127
371916841 127
371982341 127
371982351 127
371982364 127
371982382 127
372047888 127
372047899 127
372047901 127
372047906 127
372113418 127
372113421 127
372113440 127
372113447 127
372178953 127
372178956 127
372178963 127
372178978 127
372244494 127
372244495 127
372244509 127
372244516 127
372310016 127
372310018 127
372310045 127
372310059 127
372375557 127
372375582 127
372375583 127
372375596 127
372441097 127
372441102 127
372441115 127
372441120 127
372506649 127
372506667 127
372506668 127
372506670 127
372572185 127
372572194 127
372572195 127
372572200 127
372637714 127
372637716 127
372637733 127
372637735 127
372703236 127
372703251 127
372703269 127
372703278 127
372768792 127
372768795 127
372768805 127
372768806 127
372834306 127
372834315 127
372834332 127
372834341 127
372899845 127
372899854 127
372899863 127
372899880 127
372965381 127
372965400 127
372965403 127
372965406 127
373030916 127
373030921 127
373030950 127
373030959 127
373096454 127
373096456 127
373096461 127
373096463 127
373162001 127
373162011 127
373162014 127
373162020 127
373227522 127
373227551 127
373227556 127
373227561 127
373293071 127
373293088 127
373293093 127
373293098 127
373358609 127
373358611 127
373358620 127
373358630 127
373424129 127
373424150 127
373424151 127
373424164 127
373489665 127
373489670 127
373489672 127
373489687 127
373555206 127
373555209 127
373555239 127
373555240 127
373620756 127
373620777 127
373620778 127
373620779 127
373686276 127
373686297 127
373686303 127
373686306 127
373751819 127
373751834 127
373751836 127
373751849 127
373817346 127
373817347 127
373817353 127
373817356 127
373882880 127
373882887 127
373882906 127
373882917 127
373948447 127
373948448 127
373948457 127
373948462 127
374013954 127
374013961 127
374013967 127
374013996 127
374079508 127
374079517 127
374079527 127
374079530 127
374145026 127
374145040 127
374145043 127
374145049 127
374210586 127
374210592 127
374210599 127
374210601 127
374276097 127
374276123 127
374276134 127
374276136 127
374341648 127
374341657 127
374341670 127
374341679 127
374407181 127
374407187 127
374407198 127
374407212 127
374472718 127
374472719 127
374472724 127
374472725 127
374538247 127
374538252 127
374538266 127
374538273 127
374603776 127
374603778 127
374603783 127
374603801 127
374669314 127
374669323 127
374669328 127
374669357 127
374734873 127
374734880 127
374734883 127
374734890 127
374800384 127
374800409 127
374800419 127
374800426 127
374865937 127
374865964 127
374865966 127
374865967 127
374931459 127
374931472 127
374931478 127
374931481 127
374997002 127
374997003 127
374997004 127
374997013 127
375062558 127
375062564 127
375062565 127
375062571 127
375128083 127
375128090 127
375128092 127
375128093 127
375193609 127
375193636 127
375193642 127
375193647 127
375259171 127
375259172 127
375259173 127
375259178 127
375324687 127
375324706 127
375324708 127
375324709 127
375390224 127
375390234 127
375390243 127
375390253 127
375455761 127
375455768 127
375455790 127
375455791 127
375521316 127
375521319 127
375521321 127
375521326 127
375586838 127
375586839 127
375586853 127
375586860 127
375652376 127
375652383 127
375652385 127
375652394 127
375717908 127
375717909 127
375717914 127
375717935 127
375783436 127
375783438 127
375783445 127
375783459 127
375848976 127
375848977 127
375848979 127
375848990 127
375914500 127
375914503 127
375914505 127
375914530 127
375980038 127
375980056 127
375980057 127
375980059 127
376045571 127
376045573 127
376045604 127
376045614 127
376111104 127
376111122 127
376111125 127
376111127 127
376176648 127
376176663 127
376176666 127
376176677 127
376242196 127
376242205 127
376242207 127
376242210 127
376307719 127
376307722 127
376307733 127
376307736 127
376373248 127
376373259 127
376373265 127
376373274 127
376438790 127
376438793 127
376438799 127
376438808 127
376504321 127
376504339 127
376504342 127
376504348 127
376569889 127
376569890 127
376569896 127
376569903 127
376635397 127
376635410 127
376635415 127
376635416 127
376700938 127
376700941 127
376700944 127
376700959 127
376766471 127
376766476 127
376766493 127
376766506 127
376832025 127
376832036 127
376832038 127
376832039 127
376897560 127
376897573 127
376897578 127
376897583 127
376963080 127
376963090 127
376963097 127
376963103 127
377028608 127
377028611 127
377028618 127
377028629 127
377094171 127
377094176 127
377094181 127
377094190 127
377159683 127
377159706 127
377159708 127
377159721 127
377225230 127
377225231 127
377225232 127
377225233 127
377290781 127
377290783 127
377290794 127
377290796 127
377356289 127
377356303 127
377356306 127
377356324 127
377421825 127
377421828 127
377421838 127
377421855 127
377487366 127
377487380 127
377487381 127
377487383 127
377552909 127
377552920 127
377552927 127
377552938 127
377618439 127
377618453 127
377618472 127
377618474 127
377683986 127
377683989 127
377683996 127
377684007 127
377749521 127
377749522 127
377749540 127
377749551 127
377815067 127
377815070 127
377815076 127
377815077 127
377880594 127
377880600 127
377880605 127
377880607 127
377946117 127
377946120 127
377946142 127
377946151 127
378011661 127
378011666 127
378011680 127
378011695 127
378077194 127
378077201 127
378077208 127
378077223 127
378142728 127
378142741 127
378142758 127
378142763 127
378208258 127
378208273 127
378208292 127
378208303 127
378273798 127
378273803 127
378273805 127
378273808 127
378339345 127
378339352 127
378339354 127
378339363 127
378404885 127
378404894 127
378404896 127
378404903 127
378470422 127
378470424 127
378470437 127
378470443 127
378535953 127
378535963 127
378535966 127
378535980 127
378601481 127
378601482 127
378601484 127
378601503 127
378667025 127
378667043 127
378667044 127
378667046 127
378732551 127
378732552 127
378732562 127
378732569 127
378798082 127
378798116 127
378798123 127
378798125 127
378863616 127
378863630 127
378863657 127
378863659 127
378929155 127
378929160 127
378929193 127
378929194 127
378994690 127
378994724 127
378994733 127
378994735 127
379060224 127
379060227 127
379060234 127
379060245 127
379125768 127
379125781 127
379125795 127
379125802 127
379191306 127
379191329 127
379191331 127
379191340 127
379256833 127
379256834 127
379256835 127
379256840 127
379322378 127
379322380 127
379322397 127
379322415 127
379387923 127
379387926 127
379387936 127
379387937 127
379453455 127
379453458 127
379453469 127
379453476 127
379518976 127
379518981 127
379518983 127
379519002 127
379584523 127
379584534 127
379584536 127
379584541 127
379650063 127
379650064 127
379650066 127
379650069 127
379715606 127
379715620 127
379715621 127
379715627 127
379781150 127
379781153 127
379781159 127
379781164 127
379846659 127
379846681 127
379846688 127
379846694 127
379912210 127
379912212 127
379912217 127
379912231 127
379977757 127
379977768 127
379977770 127
379977771 127
380043276 127
380043297 127
380043310 127
380043311 127
380108809 127
380108812 127
380108831 127
380108842 127
380174360 127
380174363 127
380174365 127
380174382 127
380239885 127
380239888 127
380239899 127
380239910 127
380305440 127
380305449 127
380305451 127
380305454 127
380370947 127
380370948 127
380370982 127
380370989 127
380436491 127
380436493 127
380436516 127
380436518 127
380502042 127
380502044 127
380502049 127
380502051 127
380567567 127
380567580 127
380567581 127
380567590 127
380633100 127
380633119 127
380633121 127
380633126 127
380698663 127
380698665 127
380698668 127
380698670 127
380764172 127
380764174 127
380764183 127
380764205 127
380829736 126
380829737 127
380829742 127
380829743 127
380895236 127
380895241 127
380895242 127
380895255 127
380960770 127
380960797 127
380960803 127
380960808 127
381026316 127
381026335 127
381026349 127
381026350 127
381091864 127
381091865 127
381091878 127
381091879 127
381157390 127
381157411 127
381157413 127
381157416 127
381222927 127
381222942 127
381222952 127
381222957 127
381288450 127
381288476 127
381288477 127
381288495 127
381353987 127
381354001 127
381354002 127
381354008 127
381419520 127
381419523 127
381419525 127
381419558 127
381485059 127
381485080 127
381485097 127
381485102 127
381550592 127
381550593 127
381550595 127
381550634 127
381616136 127
381616147 127
381616150 127
381616169 127
381681676 127
381681683 127
381681690 127
381681697 127
381747210 127
381747232 127
381747233 127
381747243 127
381812739 127
381812746 127
381812776 127
381812781 127
381878283 127
381878289 127
381878312 127
381878314 127
381943819 127
381943832 127
381943842 127
381943853 127
382009349 127
382009364 127
382009367 127
382009390 127
382074880 127
382074882 127
382074897 127
382074919 127
382140440 127
382140451 127
382140453 127
382140458 127
382205961 127
382205980 127
382205983 127
382205994 127
382271501 127
382271524 127
382271531 127
382271534 127
382337039 127
382337057 127
382337064 127
382337070 127
382402567 127
382402569 127
382402588 127
382402590 127
382468127 127
382468133 127
382468134 127
382468136 127
382533639 127
382533640 127
382533646 127
382533653 127
382599194 127
382599207 127
382599208 127
382599209 127
382664733 127
382664736 127
382664746 127
382664747 127
382730248 127
382730257 127
382730262 127
382730275 127
382795785 127
382795810 127
382795812 127
382795815 127
382861312 127
382861353 127
382861355 127
382861358 127
382926855 127
382926856 127
382926857 127
382926858 127
382992390 127
382992393 127
382992404 127
382992423 127
383057932 127
383057935 127
383057937 127
383057966 127
383123464 127
383123465 127
383123486 127
383123487 127
383188992 127
383189013 127
383189026 127
383189035 127
383254536 127
383254541 127
383254571 127
383254574 127
383320075 127
383320076 127
383320086 127
383320097 127
383385604 127
383385623 127
383385625 127
383385626 127
383451144 127
383451154 127
383451167 127
383451181 127
383516674 127
383516675 127
383516684 127
383516717 127
383582213 127
383582218 127
383582244 127
383582255 127
383647755 127
383647757 127
383647778 127
383647784 127
383713298 127
383713301 127
383713304 127
383713311 127
383778819 127
383778833 127
383778836 127
383778838 127
383844374 127
383844392 127
383844397 127
383844399 127
383909921 127
383909922 127
383909928 127
383909931 127
383975426 127
383975440 127
383975447 127
383975461 127
384040996 127
384040998 127
384041005 127
384041007 127
384106501 127
384106531 127
384106532 127
384106542 127
384172038 127
384172048 127
384172073 127
384172079 127
384237574 127
384237583 127
384237584 127
384237605 127
384303106 127
384303116 127
384303117 127
384303139 127
384368660 127
384368662 127
384368663 127
384368669 127
384434194 127
384434208 127
384434221 127
384434223 127
384499713 127
384499714 127
384499728 127
384499751 127
384565275 127
384565284 127
384565285 127
384565286 127
384630791 127
384630812 127
384630814 127
384630817 127
384696325 127
384696364 127
384696366 127
384696367 127
384761890 127
384761895 127
384761897 127
384761900 127
384827418 127
384827431 127
384827433 127
384827436 127
384892936 127
384892969 127
384892971 127
384892974 127
384958485 127
384958499 127
384958504 127
384958506 127
385024007 127
385024021 127
385024026 127
385024044 127
385089553 127
385089560 127
385089562 127
385089563 127
385155076 127
385155103 127
385155109 127
385155110 127
385220618 127
385220620 127
385220633 127
385220647 127
385286167 127
385286184 127
385286186 127
385286189 127
385351685 127
385351708 127
385351714 127
385351719 127
385417221 127
385417248 127
385417254 127
385417259 127
385482784 127
385482790 127
385482795 127
385482797 127
385548293 127
385548303 127
385548328 127
385548334 127
385613828 127
385613842 127
385613865 127
385613871 127
385679365 127
385679368 127
385679379 127
385679382 127
385744902 127
385744939 127
385744940 127
385744941 127
385810433 127
385810436 127
385810439 127
385810462 127
385875974 127
385876000 127
385876001 127
385876007 127
385941536 127
385941543 127
385941549 127
385941550 127
386007044 127
386007050 127
386007059 127
386007061 127
386072577 127
386072591 127
386072606 127
386072608 127
386138125 127
386138144 127
386138158 127
386138159 127
386203681 127
386203690 127
386203691 127
386203692 127
386269225 127
386269227 127
386269228 127
386269230 127
386334723 127
386334725 127
386334730 127
386334764 127
386400257 127
386400258 127
386400272 127
386400275 127
386465812 127
386465831 127
386465833 127
386465838 127
386531332 127
386531334 127
386531353 127
386531367 127
386596891 127
386596892 127
386596893 127
386596906 127
386662412 127
386662435 127
386662442 127
386662445 127
386727952 127
386727973 127
386727975 127
386727982 127
386793487 127
386793492 127
386793497 127
386793518 127
386859021 127
386859022 127
386859035 127
386859036 127
386924554 127
386924563 127
386924573 127
386924584 127
386990083 127
386990106 127
386990121 127
386990124 127
387055639 127
387055642 127
387055656 127
387055661 127
387121152 127
387121162 127
387121163 127
387121185 127
387186692 127
387186694 127
387186713 127
387186715 127
387252241 127
387252246 127
387252256 127
387252259 127
387317772 127
387317777 127
387317803 127
387317806 127
387383312 127
387383314 127
387383317 127
387383319 127
387448844 127
387448846 127
387448863 127
387448877 127
387514391 127
387514404 127
387514413 127
387514414 127
387579934 127
387579937 127
387579944 127
387579951 127
387645443 127
387645460 127
387645469 127
387645486 127
387711004 127
387711006 127
387711007 127
387711021 127
387776544 127
387776545 127
387776547 127
387776550 127
387842090 127
387842091 127
387842092 127
387842093 127
387907584 127
387907603 127
387907626 127
387907629 127
387973122 127
387973125 127
387973144 127
387973163 127
388038656 127
388038658 127
388038663 127
388038677 127
388104206 127
388104208 127
388104229 127
388104231 127
388169738 127
388169743 127
388169753 127
388169760 127
388235291 127
388235298 127
388235300 127
388235305 127
388300829 127
388300830 127
388300831 127
388300832 127
388366359 127
388366362 127
388366364 127
388366373 127
388431875 127
388431905 127
388431908 127
388431918 127
388497409 127
388497412 127
388497419 127
388497430 127
388562980 127
388562982 127
388562985 127
388562987 127
388628480 127
388628517 127
388628518 127
388628519 127
388694018 127
388694020 127
388694049 127
388694055 127
388759555 127
388759569 127
388759582 127
388759592 127
388825092 127
388825122 127
388825125 127
388825127 127
388890634 127
388890649 127
388890660 127
388890663 127
388956190 127
388956199 127
388956201 127
388956204 127
389021696 127
389021721 127
389021730 127
389021743 127
389087266 127
389087268 127
389087275 127
389087277 127
389152776 127
389152777 127
389152786 127
389152791 127
389218310 127
389218343 127
389218348 127
389218349 127
389283864 127
389283873 127
389283878 127
389283883 127
389349384 127
389349385 127
389349403 127
389349418 127
389414941 127
389414942 127
389414943 127
389414944 127
389480449 127
389480459 127
389480470 127
389480472 127
389546007 127
389546013 127
389546014 127
389546020 127
389611548 127
389611558 127
389611559 127
389611565 127
389677067 127
389677093 127
389677096 127
389677102 127
389742601 127
389742608 127
389742615 127
389742634 127
389808133 127
389808152 127
389808154 127
389808175 127
389873693 127
389873696 127
389873698 127
389873711 127
389939212 127
389939233 127
389939235 127
389939238 127
390004738 127
390004761 127
390004763 127
390004780 127
390070287 127
390070288 127
390070306 127
390070317 127
390135840 127
390135843 127
390135853 127
390135854 127
390201367 127
390201377 127
390201386 127
390201388 127
390266887 127
390266913 127
390266922 127
390266924 127
390332444 127
390332451 127
390332457 127
390332458 127
390397982 127
390397984 127
390397985 127
390397999 127
390463508 127
390463527 127
390463529 127
390463534 127
390529025 127
390529040 127
390529058 127
390529071 127
390594562 127
390594600 127
390594601 127
390594607 127
390660120 127
390660121 127
390660135 127
390660142 127
390725632 127
390725637 127
390725642 127
390725679 127
390791168 127
390791182 127
390791195 127
390791205 127
390856732 127
390856742 127
390856745 127
390856747 127
390922246 127
390922251 127
390922269 127
390922276 127
390987810 127
390987815 127
390987817 127
390987820 127
391053329 127
391053331 127
391053332 127
391053334 127
391118853 127
391118876 127
391118890 127
391118891 127
391184412 127
391184414 127
391184417 127
391184431 127
391249960 127
391249965 127
391249966 127
391249967 127
391315457 127
391315463 127
391315480 127
391315498 127
391381005 127
391381010 127
391381019 127
391381032 127
391446540 127
391446558 127
391446559 127
391446561 127
391512103 127
391512105 127
391512108 127
391512110 127
391577623 127
391577626 127
391577629 127
391577644 127
391643139 127
391643169 127
391643174 127
391643180 127
391708698 127
391708716 127
391708717 127
391708719 127
391774211 127
391774220 127
391774238 127
391774249 127
391839750 127
391839775 127
391839780 127
391839781 127
391905294 127
391905309 127
391905324 127
391905327 127
391970836 127
391970839 127
391970853 127
391970862 127
392036356 127
392036382 127
392036387 127
392036397 127
392101893 127
392101907 127
392101910 127
392101932 127
392167425 127
392167428 127
392167443 127
392167458 127
392232963 127
392233004 127
392233005 127
392233006 127
392298505 127
392298506 127
392298507 127
392298528 127
392364034 127
392364069 127
392364071 127
392364072 127
392429587 127
392429594 127
392429608 127
392429613 127
392495132 127
392495137 127
392495150 127
392495151 127
392560675 127
392560677 127
392560682 127
392560684 127
392626183 127
392626188 127
392626218 127
392626221 127
392691716 127
392691742 127
392691753 127
392691755 127
392757261 127
392757279 127
392757280 127
392757290 127
392822811 127
392822818 127
392822820 127
392822829 127
392888326 127
392888349 127
392888363 127
392888364 127
392953858 127
392953893 127
392953900 127
392953903 127
393019420 127
393019429 127
393019434 127
393019435 127
393084952 127
393084957 127
393084966 127
393084967 127
393150471 127
393150493 127
393150506 127
393150508 127
393216027 127
393216041 127
393216044 127
393216046 127
393281556 127
393281570 127
393281577 127
393281583 127
393347099 127
393347102 127
393347113 127
393347116 127
393412642 127
393412647 127
393412649 127
393412652 127
393478170 127
393478179 127
393478188 127
393478189 127
393543681 127
393543686 127
393543695 127
393543716 127
393609244 127
393609246 127
393609253 127
393609263 127
393674783 127
393674784 127
393674786 127
393674797 127
393740309 127
393740312 127
393740323 127
393740330 127
393805837 127
393805839 127
393805842 127
393805860 127
393871386 127
393871404 127
393871405 127
393871407 127
393936917 127
393936931 127
393936936 127
393936938 127
394002470 127
394002476 127
394002477 127
394002479 127
394067975 127
394067978 127
394067997 127
394068012 127
394133517 127
394133519 127
394133524 127
394133550 127
394199048 127
394199050 127
394199069 127
394199083 127
394264596 127
394264598 127
394264601 127
394264615 127
394330144 127
394330153 127
394330155 127
394330158 127
394395648 127
394395662 127
394395665 127
394395683 127
394461185 127
394461216 127
394461230 127
394461231 127
394526720 127
394526739 127
394526758 127
394526761 127
394592274 127
394592280 127
394592293 127
394592295 127
394657801 127
394657820 127
394657831 127
394657834 127
394723331 127
394723354 127
394723368 127
394723373 127
394788878 127
394788899 127
394788908 127
394788909 127
394854408 127
394854413 127
394854438 127
394854439 127
394919949 127
394919952 127
394919967 127
394919970 127
394985480 127
394985514 127
394985515 127
394985517 127
395051035 127
395051040 127
395051042 127
395051045 127
395116585 127
395116587 127
395116588 127
395116590 127
395182107 127
395182117 127
395182122 127
395182124 127
395247616 127
395247630 127
395247651 127
395247653 127
395313157 127
395313180 127
395313190 127
395313199 127
395378693 127
395378720 127
395378723 127
395378734 127
395444258 127
395444261 127
395444264 127
395444267 127
395509765 127
395509794 127
395509804 127
395509807 127
395575307 127
395575337 127
395575340 127
395575342 127
395640851 127
395640869 127
395640872 127
395640874 127
395706374 127
395706379 127
395706408 127
395706409 127
395771912 127
395771938 127
395771939 127
395771941 127
395837450 127
395837477 127
395837480 127
395837483 127
395903000 127
395903006 127
395903007 127
395903021 127
395968556 127
395968557 127
395968558 127
395968559 127
396034055 127
396034088 127
396034093 127
396034094 127
396099601 127
396099622 127
396099628 127
396099631 127
396165154 127
396165159 127
396165161 127
396165164 127
396230661 127
396230666 127
396230696 127
396230699 127
396296220 127
396296237 127
396296238 127
396296239 127
396361729 127
396361730 127
396361736 127
396361767 127
396427265 127
396427275 127
396427280 127
396427282 127
396492803 127
396492805 127
396492832 127
396492838 127
396558340 127
396558342 127
396558343 127
396558345 127
396623891 127
396623893 127
396623906 127
396623908 127
396689411 127
396689416 127
396689418 127
396689421 127
396754944 127
396754959 127
396754965 127
396754982 127
396820493 127
396820495 127
396820496 127
396820510 127
396886017 127
396886019 127
396886032 127
396886046 127
396951573 127
396951576 127
396951583 127
396951590 127
397017099 127
397017109 127
397017110 127
397017112 127
397082628 127
397082634 127
397082635 127
397082637 127
397148184 127
397148187 127
397148193 127
397148194 127
397213698 127
397213701 127
397213715 127
397213728 127
397279244 127
397279246 127
397279249 127
397279251 127
397344769 127
397344772 127
397344774 127
397344775 127
397410307 127
397410309 127
397410310 127
397410316 127
397475849 127
397475850 127
397475851 127
397475856 127
397541390 127
397541393 127
397541400 127
397541419 127
397606927 127
397606928 127
397606942 127
397606953 127
397672457 127
397672458 127
397672459 127
397672464 127
397738013 127
397738016 127
397738018 127
397738031 127
397803520 127
397803533 127
397803543 127
397803550 127
397869065 127
397869078 127
397869080 127
397869095 127
397934597 127
397934602 127
397934619 127
397934620 127
398000132 127
398000133 127
398000134 127
398000151 127
398065664 127
398065682 127
398065701 127
398065707 127
398131209 127
398131212 127
398131214 127
398131223 127
398196736 127
398196739 127
398196742 127
398196745 127
398262282 127
398262283 127
398262296 127
398262297 127
398327809 127
398327824 127
398327826 127
398327827 127
398393353 127
398393367 127
398393370 127
398393388 127
398458896 127
398458897 127
398458906 127
398458911 127
398524419 127
398524437 127
398524440 127
398524454 127
398589953 127
398589954 127
398589963 127
398589980 127
398655497 127
398655512 127
398655514 127
398655515 127
398721028 127
398721030 127
398721031 127
398721033 127
398786560 127
398786565 127
398786582 127
398786583 127
398852098 127
398852100 127
398852113 127
398852127 127
398917632 126
398917639 127
398917642 127
398917653 127
398983168 127
398983169 127
398983183 127
398983194 127
399048712 127
399048718 127
399048721 127
399048735 127
399114248 127
399114257 127
399114270 127
399114279 127
399179789 127
399179790 127
399179791 127
399179808 127
399245314 127
399245320 127
399245321 127
399245327 127
399310852 127
399310859 127
399310862 127
399310873 127
399376394 127
399376397 127
399376411 127
399376424 127
399441925 127
399441927 127
399441928 127
399441942 127
399507475 127
399507476 127
399507489 127
399507490 127
399573028 127
399573030 127
399573031 127
399573033 127
399638535 127
399638550 127
399638556 127
399638565 127
399704067 127
399704081 127
399704084 127
399704090 127
399769611 127
399769614 127
399769616 127
399769617 127
399835137 127
399835147 127
399835152 127
399835154 127
399900672 127
399900674 127
399900687 127
399900689 127
399966212 127
399966230 127
399966245 127
399966251 127
400031755 127
400031773 127
400031776 127
400031782 127
400097280 127
400097295 127
400097298 127
400097317 127
400162818 127
400162837 127
400162840 127
400162847 127
400228353 127
400228362 127
400228363 127
400228368 127
400293893 127
400293902 127
400293904 127
400293911 127
400359446 127
400359449 127
400359451 127
400359460 127
400424965 127
400424966 127
400424968 127
400424979 127
400490530 127
400490533 127
400490539 127
400490540 127
400556045 127
400556051 127
400556054 127
400556060 127
400621574 127
400621577 127
400621579 127
400621580 127
400687106 127
400687107 127
400687120 127
400687121 127
400752657 127
400752660 127
400752671 127
400752678 127
400818181 127
400818184 127
400818206 127
400818219 127
400883721 127
400883724 127
400883731 127
400883754 127
400949252 127
400949253 127
400949255 127
400949258 127
401014784 127
401014785 127
401014787 127
401014806 127
401080347 127
401080349 127
401080350 127
401080352 127
401145866 127
401145871 127
401145884 127
401145889 127
401211410 127
401211412 127
401211413 127
401211439 127
401276929 127
401276930 127
401276932 127
401276935 127
401342467 127
401342470 127
401342472 127
401342473 127
401408008 127
401408029 127
401408031 127
401408034 127
401473540 127
401473546 127
401473549 127
401473563 127
401539072 127
401539097 127
401539099 127
401539102 127
401604611 127
401604613 127
401604616 127
401604654 127
401670151 127
401670152 127
401670178 127
401670185 127
401735685 127
401735686 127
401735691 127
401735692 127
401801216 127
401801229 127
401801230 127
401801239 127
401866768 127
401866770 127
401866771 127
401866777 127
401932311 127
401932318 127
401932328 127
401932333 127
401997827 127
401997845 127
401997854 127
401997856 127
402063391 127
402063393 127
402063398 127
402063404 127
402128898 127
402128899 127
402128900 127
402128917 127
402194441 127
402194443 127
402194456 127
402194474 127
402259973 127
402259976 127
402259979 127
402259990 127
402325513 127
402325524 127
402325527 127
402325542 127
402391068 127
402391070 127
402391071 127
402391073 127
402456585 127
402456586 127
402456588 127
402456603 127
402522120 127
402522121 127
402522126 127
402522155 127
402587652 127
402587661 127
402587666 127
402587671 127
402653197 127
402653216 127
402653219 127
402653226 127
402718730 127
402718732 127
402718737 127
402718743 127
402784284 127
402784293 127
402784294 127
402784295 127
402849793 127
402849795 127
402849814 127
402849828 127
402915329 127
402915330 127
402915331 127
402915344 127
402980870 127
402980889 127
402980891 127
402980892 127
403046408 127
403046418 127
403046425 127
403046427 127
403111936 127
403111938 127
403111939 127
403111945 127
403177489 127
403177490 127
403177492 127
403177495 127
403243032 127
403243045 127
403243046 127
403243051 127
403308553 127
403308564 127
403308567 127
403308582 127
403374117 127
403374123 127
403374124 127
403374126 127
403439627 127
403439636 127
403439638 127
403439641 127
403505153 127
403505163 127
403505166 127
403505168 127
403570692 127
403570697 127
403570699 127
403570714 127
403636225 127
403636236 127
403636243 127
403636246 127
403701763 127
403701772 127
403701773 127
403701806 127
403767304 127
403767311 127
403767314 127
403767325 127
403832840 127
403832845 127
403832855 127
403832858 127
403898386 127
403898387 127
403898389 127
403898392 127
403963908 127
403963911 127
403963921 127
403963942 127
404029455 127
404029468 127
404029470 127
404029473 127
404094977 127
404094978 127
404094980 127
404094987 127
404160513 127
404160531 127
404160540 127
404160554 127
404226048 127
404226050 127
404226059 127
404226073 127
404291597 127
404291598 127
404291608 127
404291615 127
404357139 127
404357140 127
404357142 127
404357161 127
404422662 127
404422677 127
404422688 127
404422699 127
404488192 127
404488203 127
404488206 127
404488209 127
404553733 127
404553734 127
404553736 127
404553775 127
404619265 127
404619266 127
404619267 127
404619284 127
404684801 127
404684814 127
404684831 127
404684836 127
404750340 127
404750365 127
404750367 127
404750370 127
404815878 127
404815888 127
404815901 127
404815915 127
404881411 127
404881414 127
404881416 127
404881437 127
404946952 127
404946954 127
404946959 127
404946969 127
405012480 127
405012506 127
405012509 127
405012515 127
405078018 127
405078020 127
405078021 127
405078027 127
405143559 127
405143560 127
405143562 127
405143581 127
405209115 127
405209116 127
405209118 127
405209125 127
405274631 127
405274645 127
405274646 127
405274668 127
405340166 127
405340185 127
405340199 127
405340200 127
405405699 127
405405720 127
405405721 127
405405738 127
405471264 127
405471265 127
405471266 127
405471267 127
405536777 127
405536780 127
405536786 127
405536799 127
405602322 127
405602340 127
405602349 127
405602351 127
405667840 127
405667869 127
405667871 127
405667886 127
405733390 127
405733393 127
405733395 127
405733396 127
405798916 127
405798918 127
405798925 127
405798927 127
405864462 127
405864473 127
405864480 127
405864491 127
405929988 127
405929999 127
405930002 127
405930013 127
405995525 127
405995528 127
405995551 127
405995562 127
406061063 127
406061082 127
406061085 127
406061100 127
406126593 127
406126596 127
406126606 127
406126611 127
406192141 127
406192147 127
406192150 127
406192152 127
406257671 127
406257692 127
406257694 127
406257705 127
406323212 127
406323215 127
406323217 127
406323218 127
406388744 127
406388749 127
406388754 127
406388759 127
406454275 127
406454282 127
406454285 127
406454296 127
406519819 127
406519821 127
406519852 127
406519854 127
406585351 127
406585354 127
406585360 127
406585365 127
406650895 127
406650897 127
406650906 127
406650912 127
406716425 127
406716427 127
406716428 127
406716454 127
406781977 127
406781978 127
406781984 127
406781995 127
406847491 127
406847493 127
406847510 127
406847524 127
406913028 127
406913050 127
406913059 127
406913069 127
406978569 127
406978570 127
406978576 127
406978603 127
407044097 127
407044112 127
407044131 127
407044134 127
407109636 127
407109662 127
407109669 127
407109671 127
407175174 127
407175177 127
407175207 127
407175212 127
407240721 127
407240724 127
407240739 127
407240750 127
407306240 127
407306255 127
407306257 127
407306262 127
407371776 127
407371786 127
407371801 127
407371807 127
407437317 127
407437320 127
407437323 127
407437334 127
407502860 127
407502874 127
407502881 127
407502891 127
407568391 127
407568394 127
407568404 127
407568417 127
407633930 127
407633932 127
407633955 127
407633957 127
407699465 127
407699482 127
407699491 127
407699496 127
407764997 127
407765007 127
407765020 127
407765026 127
407830550 127
407830555 127
407830565 127
407830568 127
407896064 127
407896065 127
407896086 127
407896095 127
407961611 127
407961614 127
407961632 127
407961645 127
408027148 127
408027158 127
408027169 127
408027183 127
408092689 127
408092690 127
408092691 127
408092692 127
408158211 127
408158220 127
408158225 127
408158242 127
408223756 127
408223757 127
408223766 127
408223767 127
408289285 127
408289296 127
408289311 127
408289314 127
408354825 127
408354834 127
408354836 127
408354859 127
408420368 127
408420371 127
408420381 127
408420398 127
408485889 127
408485894 127
408485895 127
408485916 127
408551424 127
408551435 127
408551437 127
408551454 127
408616971 127
408616972 127
408616978 127
408616981 127
408682497 127
408682507 127
408682530 127
408682536 127
408748037 127
408748042 127
408748048 127
408748059 127
408813573 127
408813582 127
408813592 127
408813611 127
408879120 127
408879139 127
408879141 127
408879142 127
408944644 127
408944646 127
408944655 127
408944657 127
409010190 127
409010209 127
409010211 127
409010212 127
409075729 127
409075730 127
409075731 127
409075740 127
409141248 127
409141253 127
409141258 127
409141259 127
409206785 127
409206806 127
409206808 127
409206811 127
409272333 127
409272346 127
409272348 127
409272355 127
409337858 127
409337860 127
409337861 127
409337875 127
409403411 127
409403412 127
409403413 127
409403414 127
409468930 127
409468931 127
409468937 127
409468944 127
409534490 127
409534491 127
409534496 127
409534505 127
409600014 127
409600025 127
409600028 127
409600047 127
409665558 127
409665561 127
409665563 127
409665580 127
409731092 127
409731101 127
409731106 127
409731115 127
409796614 127
409796628 127
409796635 127
409796653 127
409862172 127
409862174 127
409862177 127
409862179 127
409927680 127
409927698 127
409927699 127
409927701 127
409993220 127
409993225 127
409993231 127
409993234 127
410058766 127
410058772 127
410058777 127
410058779 127
410124294 127
410124299 127
410124308 127
410124333 127
410189828 127
410189830 127
410189839 127
410189841 127
410255378 127
410255379 127
410255384 127
410255385 127
410320918 127
410320931 127
410320932 127
410320937 127
410386438 127
410386439 127
410386441 127
410386476 127
410451974 127
410451997 127
410452004 127
410452011 127
410517515 127
410517520 127
410517525 127
410517538 127
410583056 127
410583061 127
410583075 127
410583082 127
410648589 127
410648592 127
410648602 127
410648607 127
410714126 127
410714131 127
410714137 127
410714152 127
410779650 127
410779651 127
410779652 127
410779653 127
410845200 127
410845213 127
410845214 127
410845215 127
410910722 127
410910724 127
410910725 127
410910751 127
410976260 127
410976265 127
410976270 127
410976271 127
411041808 127
411041822 127
411041825 127
411041827 127
411107329 127
411107330 127
411107335 127
411107348 127
411172878 127
411172879 127
411172880 127
411172897 127
411238402 127
411238411 127
411238432 127
411238433 127
411303941 127
411303944 127
411303946 127
411303955 127
411369472 127
411369477 127
411369490 127
411369503 127
411435009 127
411435018 127
411435024 127
411435043 127
411500556 127
411500558 127
411500573 127
411500591 127
411566088 127
411566090 127
411566115 127
411566117 127
411631627 127
411631636 127
411631645 127
411631646 127
411697153 127
411697154 127
411697155 127
411697156 127
411762689 127
411762704 127
411762707 127
411762718 127
411828237 127
411828240 127
411828242 127
411828263 127
411893783 127
411893784 127
411893797 127
411893798 127
411959303 127
411959317 127
411959318 127
411959332 127
412024833 127
412024834 127
412024848 127
412024859 127
412090388 127
412090390 127
412090391 127
412090405 127
412155916 127
412155919 127
412155934 127
412155937 127
412221447 127
412221449 127
412221452 127
412221470 127
412286985 127
412287004 127
412287010 127
412287015 127
412352526 127
412352544 127
412352551 127
412352557 127
412418048 127
412418059 127
412418062 127
412418089 127
412483590 127
412483607 127
412483621 127
412483624 127
412549122 127
412549135 127
412549140 127
412549157 127
412614659 127
412614662 127
412614665 127
412614700 127
412680193 127
412680204 127
412680206 127
412680207 127
412745729 127
412745731 127
412745744 127
412745754 127
412811278 127
412811300 127
412811305 127
412811311 127
412876811 127
412876814 127
412876816 127
412876837 127
412942338 127
412942340 127
412942355 127
412942381 127
413007872 127
413007889 127
413007899 127
413007902 127
413073422 127
413073424 127
413073433 127
413073439 127
413138957 127
413138958 127
413138959 127
413138988 127
413204496 127
413204499 127
413204506 127
413204517 127
413270025 127
413270028 127
413270030 127
413270047 127
413335556 127
413335565 127
413335566 127
413335583 127
413401095 127
413401097 127
413401098 127
413401100 127
413466627 127
413466638 127
413466648 127
413466649 127
413532166 127
413532184 127
413532187 127
413532189 127
413597702 127
413597716 127
413597725 127
413597739 127
413663246 127
413663247 127
413663256 127
413663257 127
413728789 127
413728798 127
413728807 127
413728812 127
413794305 127
413794312 127
413794322 127
413794323 127
413859851 127
413859869 127
413859872 127
413859886 127
413925378 127
413925381 127
413925404 127
413925407 127
413990921 127
413990924 127
413990939 127
413990942 127
414056462 127
414056471 127
414056473 127
414056476 127
414121991 127
414121996 127
414122021 127
414122030 127
414187522 127
414187533 127
414187535 127
414187540 127
414253082 127
414253091 127
414253097 127
414253100 127
414318610 127
414318617 127
414318624 127
414318631 127
414384132 127
414384145 127
414384147 127
414384150 127
414449666 127
414449676 127
414449683 127
414449693 127
414515219 127
414515229 127
414515238 127
414515240 127
414580739 127
414580746 127
414580753 127
414580776 127
414646302 127
414646308 127
414646309 127
414646315 127
414711821 127
414711822 127
414711840 127
414711855 127
414777346 127
414777349 127
414777363 127
414777368 127
414842884 127
414842887 127
414842902 127
414842905 127
414908417 127
414908423 127
414908424 127
414908450 127
414973960 127
414973963 127
414973973 127
414973978 127
415039489 127
415039508 127
415039523 127
415039526 127
415105024 127
415105031 127
415105034 127
415105045 127
415170561 127
415170563 127
415170592 127
415170594 127
415236129 127
415236130 127
415236131 127
415236136 127
415301645 127
415301646 127
415301648 127
415301655 127
415367183 127
415367194 127
415367204 127
415367213 127
415432707 127
415432721 127
415432724 127
415432726 127
415498277 127
415498278 127
415498280 127
415498287 127
415563800 127
415563803 127
415563814 127
415563821 127
415629312 127
415629327 127
415629329 127
415629330 127
415694854 127
415694856 127
415694873 127
415694883 127
415760385 127
415760406 127
415760407 127
415760412 127
415825928 127
415825931 127
415825938 127
415825961 127
415891458 127
415891460 127
415891461 127
415891463 127
415956992 127
415956997 127
415956998 127
415956999 127
416022547 127
416022549 127
416022552 127
416022558 127
416088071 127
416088076 127
416088086 127
416088089 127
416153607 127
416153612 127
416153617 127
416153618 127
416219137 127
416219144 127
416219150 127
416219151 127
416284680 127
416284682 127
416284693 127
416284695 127
416350210 127
416350216 127
416350219 127
416350233 127
416415750 127
416415753 127
416415775 127
416415784 127
416481297 127
416481300 127
416481307 127
416481326 127
416546827 127
416546832 127
416546845 127
416546862 127
416612379 127
416612384 127
416612389 127
416612390 127
416677888 127
416677901 127
416677918 127
416677923 127
416743434 127
416743437 127
416743448 127
416743451 127
416808960 127
416808963 127
416808981 127
416808990 127
416874496 127
416874506 127
416874509 127
416874531 127
416940054 127
416940059 127
416940061 127
416940072 127
417005584 127
417005586 127
417005587 127
417005601 127
417071126 126
417071128 127
417071131 127
417071133 127
417136643 127
417136657 127
417136660 127
417136674 127
417202176 127
417202183 127
417202185 127
417202214 127
417267718 127
417267725 127
417267728 127
417267759 127
417333257 127
417333259 127
417333260 127
417333270 127
417398792 127
417398793 127
417398803 127
417398818 127
417464323 127
417464326 127
417464328 127
417464345 127
417529861 127
417529866 127
417529868 127
417529891 127
417595395 127
417595412 127
417595413 127
417595422 127
417660960 127
417660961 127
417660963 127
417660966 127
417726477 127
417726503 127
417726504 127
417726510 127
417792012 127
417792015 127
417792033 127
417792046 127
417857536 127
417857538 127
417857539 127
417857549 127
417923072 127
417923077 127
417923082 127
417923083 127
417988612 127
417988645 127
417988647 127
417988650 127
418054156 127
418054158 127
418054165 127
418054167 127
418119681 127
418119707 127
418119720 127
418119726 127
418185240 127
418185241 127
418185254 127
418185259 127
418250752 127
418250757 127
418250758 127
418250795 127
418316295 127
418316301 127
418316306 127
418316308 127
418381847 127
418381848 127
418381857 127
418381862 127
418447380 127
418447383 127
418447394 127
418447405 127
418512908 127
418512925 127
418512938 127
418512943 127
418578457 127
418578459 127
418578460 127
418578470 127
418643972 127
418643979 127
418643990 127
418643993 127
418709520 127
418709523 127
418709537 127
418709542 127
418775051 127
418775052 127
418775058 127
418775061 127
418840577 127
418840599 127
418840616 127
418840618 127
418906113 127
418906124 127
418906126 127
418906131 127
418971666 127
418971669 127
418971671 127
418971684 127
419037211 127
419037224 127
419037229 127
419037230 127
419102735 127
419102760 127
419102761 127
419102762 127
419168269 127
419168274 127
419168283 127
419168292 127
419233797 127
419233820 127
419233830 127
419233831 127
419299343 127
419299352 127
419299358 127
419299369 127
419364874 127
419364879 127
419364885 127
419364892 127
419430406 127
419430413 127
419430420 127
419430423 127
419495962 127
419495964 127
419495977 127
419495979 127
419561473 127
419561479 127
419561494 127
419561512 127
419627012 127
419627015 127
419627018 127
419627033 127
419692577 127
419692578 127
419692583 127
419692584 127
419758108 127
419758110 127
419758123 127
419758125 127
419823619 127
419823621 127
419823622 127
419823648 127
419889152 127
419889171 127
419889185 127
419889194 127
419954688 127
419954695 127
419954706 127
419954709 127
420020232 127
420020243 127
420020257 127
420020258 127
420085780 127
420085793 127
420085799 127
420085806 127
420151302 127
420151309 127
420151316 127
420151319 127
420216851 127
420216860 127
420216861 127
420216874 127
420282382 127
420282385 127
420282400 127
420282415 127
420347908 127
420347917 127
420347922 127
420347931 127
420413449 127
420413452 127
420413462 127
420413463 127
420478976 127
420478978 127
420478979 127
420478997 127
420544518 127
420544521 127
420544532 127
420544551 127
420610050 127
420610056 127
420610071 127
420610089 127
420675589 127
420675594 127
420675596 127
420675603 127
420741129 127
420741142 127
420741144 127
420741159 127
420806660 127
420806665 127
420806670 127
420806679 127
420872194 127
420872204 127
420872207 127
420872209 127
420937729 127
420937746 127
420937748 127
420937775 127
421003271 127
421003297 127
421003304 127
421003310 127
421068808 127
421068819 127
421068833 127
421068834 127
421134344 127
421134378 127
421134381 127
421134383 127
421199905 127
421199908 127
421199910 127
421199915 127
421265412 127
421265419 127
421265430 127
421265437 127
421330955 127
421330957 127
421330978 127
421330980 127
421396487 127
421396488 127
421396497 127
421396522 127
421462023 127
421462029 127
421462038 127
421462052 127
421527552 127
421527577 127
421527578 127
421527587 127
421593094 127
421593097 127
421593120 127
421593127 127
421658637 127
421658639 127
421658644 127
421658658 127
421724164 127
421724165 127
421724171 127
421724178 127
421789699 127
421789701 127
421789726 127
421789736 127
421855256 127
421855261 127
421855263 127
421855270 127
421920778 127
421920781 127
421920792 127
421920799 127
421986324 127
421986326 127
421986327 127
421986337 127
422051860 127
422051863 127
422051865 127
422051870 127
422117383 127
422117389 127
422117410 127
422117420 127
422182913 127
422182922 127
422182956 127
422182959 127
422248448 127
422248462 127
422248469 127
422248483 127
422314012 127
422314018 127
422314025 127
422314027 127
422379522 127
422379527 127
422379548 127
422379553 127
422445058 127
422445063 127
422445064 127
422445097 127
422510603 127
422510610 127
422510625 127
422510628 127
422576144 127
422576145 127
422576147 127
422576150 127
422641689 127
422641700 127
422641707 127
422641710 127
422707200 127
422707231 127
422707233 127
422707234 127
422772743 127
422772757 127
422772780 127
422772782 127
422838284 127
422838286 127
422838293 127
422838311 127
422903817 127
422903828 127
422903835 127
422903842 127
422969350 127
422969351 127
422969356 127
422969361 127
423034883 127
423034885 127
423034898 127
423034908 127
423100420 127
423100423 127
423100434 127
423100461 127
423165974 127
423165989 127
423165992 127
423165999 127
423231495 127
423231520 127
423231525 127
423231530 127
423297039 127
423297049 127
423297066 127
423297068 127
423362563 127
423362573 127
423362592 127
423362594 127
423428122 127
423428124 127
423428125 127
423428127 127
423493651 127
423493665 127
423493674 127
423493676 127
423559175 127
423559189 127
423559194 127
423559204 127
423624708 127
423624726 127
423624729 127
423624735 127
423690264 127
423690266 127
423690275 127
423690281 127
423755792 127
423755802 127
423755805 127
423755807 127
423821320 127
423821334 127
423821337 127
423821339 127
423886863 127
423886865 127
423886870 127
423886884 127
423952384 127
423952386 127
423952417 127
423952427 127
424017947 127
424017954 127
424017956 127
424017961 127
424083467 127
424083477 127
424083486 127
424083492 127
424148999 127
424149016 127
424149025 127
424149034 127
424214545 127
424214555 127
424214556 127
424214570 127
424280083 127
424280090 127
424280092 127
424280097 127
424345600 127
424345619 127
424345622 127
424345633 127
424411142 127
424411148 127
424411165 127
424411167 127
424476672 127
424476679 127
424476686 127
424476689 127
424542222 127
424542228 127
424542233 127
424542247 127
424607750 127
424607759 127
424607761 127
424607764 127
424673293 127
424673300 127
424673302 127
424673307 127
424738841 127
424738846 127
424738847 127
424738848 127
424804353 127
424804387 127
424804392 127
424804394 127
424869923 127
424869929 127
424869930 127
424869932 127
424935430 127
424935460 127
424935461 127
424935471 127
425000976 127
425000981 127
425000983 127
425000994 127
425066499 127
425066500 127
425066513 127
425066518 127
425132038 127
425132043 127
425132045 127
425132052 127
425197581 127
425197596 127
425197606 127
425197615 127
425263105 127
425263126 127
425263128 127
425263131 127
425328646 127
425328653 127
425328655 127
425328668 127
425394177 127
425394191 127
425394192 127
425394194 127
425459715 127
425459722 127
425459740 127
425459753 127
425525266 127
425525283 127
425525285 127
425525292 127
425590786 127
425590788 127
425590811 127
425590813 127
425656338 127
425656339 127
425656349 127
425656360 127
425721862 127
425721900 127
425721901 127
425721903 127
425787405 127
425787406 127
425787412 127
425787423 127
425852932 127
425852937 127
425852950 127
425852955 127
425918465 127
425918482 127
425918487 127
425918500 127
425984032 127
425984035 127
425984038 127
425984045 127
426049537 127
426049547 127
426049562 127
426049568 127
426115073 127
426115084 127
426115098 127
426115119 127
426180629 127
426180634 127
426180647 127
426180648 127
426246146 127
426246152 127
426246157 127
426246163 127
426311697 127
426311700 127
426311718 127
426311723 127
426377242 127
426377248 127
426377255 127
426377257 127
426442773 127
426442775 127
426442782 127
426442784 127
426508303 127
426508305 127
426508308 127
426508322 127
426573852 127
426573857 127
426573866 127
426573867 127
426639361 127
426639400 127
426639402 127
426639407 127
426704903 127
426704917 127
426704922 127
426704924 127
426770444 127
426770457 127
426770466 127
426770467 127
426835999 127
426836004 127
426836005 127
426836014 127
426901538 127
426901548 127
426901549 127
426901551 127
426967052 127
426967053 127
426967075 127
426967078 127
427032577 127
427032582 127
427032583 127
427032612 127
427098130 127
427098139 127
427098148 127
427098153 127
427163666 127
427163675 127
427163677 127
427163680 127
427229198 127
427229200 127
427229221 127
427229227 127
427294741 127
427294751 127
427294758 127
427294764 127
427360274 127
427360281 127
427360288 127
427360299 127
427425808 127
427425818 127
427425829 127
427425839 127
427491349 127
427491352 127
427491355 127
427491358 127
427556864 127
427556865 127
427556895 127
427556910 127
427622402 127
427622417 127
427622440 127
427622447 127
427687936 127
427687954 127
427687977 127
427687979 127
427753480 127
427753485 127
427753518 127
427753519 127
427819035 127
427819041 127
427819050 127
427819052 127
427884551 127
427884568 127
427884577 127
427884586 127
427950088 127
427950119 127
427950121 127
427950122 127
428015622 127
428015632 127
428015633 127
428015647 127
428081154 127
428081156 127
428081161 127
428081167 127
428146694 127
428146696 127
428146699 127
428146713 127
428212228 127
428212257 127
428212259 127
428212262 127
428277762 127
428277775 127
428277792 127
428277805 127
428343303 127
428343320 127
428343326 127
428343341 127
428408838 127
428408861 127
428408868 127
428408871 127
428474383 127
428474390 127
428474392 127
428474401 127
428539927 127
428539930 127
428539940 127
428539941 127
428605460 127
428605470 127
428605483 127
428605485 127
428670981 127
428671006 127
428671008 127
428671011 127
428736521 127
428736523 127
428736536 127
428736538 127
428802054 127
428802073 127
428802083 127
428802084 127
428867588 127
428867591 127
428867605 127
428867610 127
428933154 127
428933159 127
428933161 127
428933164 127
428998663 127
428998664 127
428998682 127
428998685 127
429064217 127
429064226 127
429064231 127
429064236 127
429129736 127
429129746 127
429129773 127
429129775 127
429195271 127
429195284 127
429195290 127
429195293 127
429260810 127
429260812 127
429260841 127
429260847 127
429326360 127
429326362 127
429326363 127
429326369 127
429391892 127
429391895 127
429391914 127
429391917 127
429457409 127
429457411 127
429457428 127
429457442 127
429522956 127
429522970 127
429522973 127
429522991 127
429588486 127
429588488 127
429588493 127
429588519 127
429654033 127
429654042 127
429654043 127
429654048 127
429719554 127
429719557 127
429719563 127
429719596 127
429785094 127
429785099 127
429785101 127
429785108 127
429850632 127
429850633 127
429850634 127
429850635 127
429916165 127
429916183 127
429916184 127
429916202 127
429981697 127
429981702 127
429981708 127
429981723 127
430047234 127
430047253 127
430047267 127
430047272 127
430112773 127
430112794 127
430112808 127
430112811 127
430178316 127
430178325 127
430178339 127
430178346 127
430243850 127
430243861 127
430243871 127
430243880 127
430309381 127
430309395 127
430309404 127
430309410 127
430374913 127
430374930 127
430374932 127
430374935 127
430440452 127
430440467 127
430440469 127
430440478 127
430505989 127
430505998 127
430506003 127
430506024 127
430571539 127
430571552 127
430571553 127
430571554 127
430637088 127
430637090 127
430637091 127
430637097 127
430702605 127
430702607 127
430702608 127
430702634 127
430768136 127
430768137 127
430768138 127
430768159 127
430833667 127
430833674 127
430833684 127
430833693 127
430899222 127
430899235 127
430899240 127
430899245 127
430964742 127
430964745 127
430964747 127
430964780 127
431030276 127
431030282 127
431030295 127
431030301 127
431095831 127
431095848 127
431095853 127
431095854 127
431161347 127
431161350 127
431161368 127
431161369 127
431226880 127
431226885 127
431226899 127
431226906 127
431292432 127
431292434 127
431292447 127
431292453 127
431357964 127
431357966 127
431357975 127
431357977 127
431423493 127
431423495 127
431423504 127
431423514 127
431489052 127
431489062 127
431489069 127
431489071 127
431554565 127
431554568 127
431554574 127
431554595 127
431620134 127
431620139 127
431620140 127
431620141 127
431685635 127
431685665 127
431685668 127
431685670 127
431751175 127
431751189 127
431751190 127
431751208 127
431816716 127
431816719 127
431816722 127
431816741 127
431882242 127
431882268 127
431882279 127
431882281 127
431947776 127
431947781 127
431947790 127
431947791 127
432013316 127
432013333 127
432013342 127
432013343 127
432078852 127
432078870 127
432078871 127
432078889 127
432144399 127
432144406 127
432144409 127
432144412 127
432209921 127
432209939 127
432209958 127
432209960 127
432275471 127
432275476 127
432275477 127
432275498 127
432341003 127
432341013 127
432341020 127
432341030 127
432406538 127
432406540 127
432406541 127
432406563 127
432472079 127
432472100 127
432472105 127
432472110 127
432537609 127
432537627 127
432537630 127
432537632 127
432603136 127
432603150 127
432603163 127
432603177 127
432668707 127
432668709 127
432668710 127
432668712 127
432734227 127
432734228 127
432734238 127
432734249 127
432799753 127
432799754 127
432799756 127
432799775 127
432865297 127
432865304 127
432865323 127
432865326 127
432930831 127
432930846 127
432930852 127
432930857 127
432996377 127
432996383 127
432996388 127
432996398 127
433061888 127
433061914 127
433061921 127
433061923 127
433127446 127
433127464 127
433127469 127
433127471 127
433192966 127
433192973 127
433192987 127
433193000 127
433258509 127
433258514 127
433258519 127
433258524 127
433324042 127
433324045 127
433324064 127
433324075 127
433389591 127
433389596 127
433389601 127
433389606 127
433455106 127
433455108 127
433455127 127
433455129 127
433520659 127
433520664 127
433520666 127
433520673 127
433586188 127
433586190 127
433586197 127
433586203 127
433651726 127
433651740 127
433651741 127
433651755 127
433717262 127
433717267 127
433717269 127
433717280 127
433782787 127
433782789 127
433782812 127
433782830 127
433848322 127
433848324 127
433848327 127
433848345 127
433913870 127
433913884 127
433913899 127
433913901 127
433979401 127
433979403 127
433979416 127
433979430 127
434044929 127
434044931 127
434044932 127
434044946 127
434110469 127
434110472 127
434110478 127
434110503 127
434176008 127
434176010 127
434176015 127
434176037 127
434241536 127
434241538 127
434241553 127
434241563 127
434307094 127
434307108 127
434307111 127
434307113 127
434372621 127
434372644 127
434372646 127
434372655 127
434438166 127
434438172 127
434438189 127
434438191 127
434503686 127
434503688 127
434503705 127
434503719 127
434569219 127
434569232 127
434569242 127
434569245 127
434634764 127
434634767 127
434634778 127
434634797 127
434700289 127
434700292 127
434700319 127
434700322 127
434765824 127
434765830 127
434765833 127
434765847 127
434831362 127
434831364 127
434831375 127
434831377 127
434896897 127
434896898 127
434896899 127
434896928 127
434962451 127
434962464 127
434962465 127
434962474 127
435027986 127
435027988 127
435027997 127
435027999 127
435093510 127
435093529 127
435093532 127
435093539 127
435159041 127
435159044 127
435159050 127
435159071 127
435224583 127
435224584 127
435224589 126
435224590 127
435290117 127
435290126 127
435290131 127
435290152 127
435355671 127
435355674 127
435355688 127
435355689 127
435421193 127
435421196 127
435421211 127
435421218 127
435486732 127
435486741 127
435486746 127
435486755 127
435552262 127
435552264 127
435552267 127
435552281 127
435617809 127
435617824 127
435617826 127
435617827 127
435683337 127
435683359 127
435683364 127
435683370 127
435748867 127
435748873 127
435748908 127
435748910 127
435814415 127
435814417 127
435814420 127
435814438 127
435879936 127
435879953 127
435879962 127
435879975 127
435945472 127
435945489 127
435945490 127
435945519 127
436011010 127
436011032 127
436011039 127
436011053 127
436076546 127
436076567 127
436076580 127
436076589 127
436142083 127
436142085 127
436142108 127
436142114 127
436207623 127
436207625 127
436207630 127
436207644 127
436273157 127
436273160 127
436273175 127
436273182 127
436338708 127
436338711 127
436338725 127
436338730 127
436404235 127
436404250 127
436404252 127
436404257 127
436469783 127
436469790 127
436469792 127
436469793 127
436535299 127
436535322 127
436535325 127
436535336 127
436600853 127
436600863 127
436600870 127
436600876 127
436666385 127
436666387 127
436666390 127
436666396 127
436731913 127
436731916 127
436731938 127
436731939 127
436797464 127
436797465 127
436797467 127
436797470 127
436862979 127
436862982 127
436862992 127
436863017 127
436928514 127
436928535 127
436928548 127
436928557 127
436994050 127
436994064 127
436994093 127
436994095 127
437059585 127
437059588 127
437059599 127
437059630 127
437125120 127
437125122 127
437125131 127
437125149 127
437190673 127
437190676 127
437190679 127
437190698 127
437256194 127
437256196 127
437256197 127
437256219 127
437321737 127
437321762 127
437321764 127
437321775 127
437387283 127
437387297 127
437387300 127
437387310 127
437452801 127
437452816 127
437452818 127
437452843 127
437518354 127
437518357 127
437518367 127
437518368 127
437583872 127
437583873 127
437583875 127
437583882 127
437649424 127
437649431 127
437649437 127
437649438 127
437714944 127
437714949 127
437714954 127
437714967 127
437780495 127
437780497 127
437780514 127
437780516 127
437846035 127
437846045 127
437846060 127
437846062 127
437911562 127
437911568 127
437911589 127
437911595 127
437977098 127
437977101 127
437977120 127
437977127 127
438042625 127
438042628 127
438042630 127
438042631 127
438108170 127
438108184 127
438108185 127
438108203 127
438173713 127
438173723 127
438173726 127
438173732 127
438239241 127
438239246 127
438239259 127
438239264 127
438304775 127
438304788 127
438304794 127
438304809 127
438370304 127
438370311 127
438370318 127
438370325 127
438435841 127
438435846 127
438435848 127
438435863 127
438501392 127
438501403 127
438501405 127
438501410 127
438566913 127
438566939 127
438566950 127
438566952 127
438632468 127
438632477 127
438632487 127
438632490 127
438698002 127
438698004 127
438698007 127
438698021 127
438763531 127
438763549 127
438763554 127
438763560 127
438829056 127
438829063 127
438829086 127
438829093 127
438894607 127
438894624 127
438894629 127
438894634 127
438960159 127
438960160 127
438960169 127
438960174 127
439025668 127
439025683 127
439025701 127
439025710 127
439091204 127
439091225 127
439091231 127
439091234 127
439156756 127
439156777 127
439156778 127
439156779 127
439222274 127
439222303 127
439222308 127
439222313 127
439287808 127
439287833 127
439287843 127
439287850 127
439353344 127
439353379 127
439353385 127
439353386 127
439418881 127
439418902 127
439418916 127
439418919 127
439484432 127
439484441 127
439484454 127
439484463 127
439549969 127
439549971 127
439549980 127
439549990 127
439615494 127
439615497 127
439615527 127
439615528 127
439681026 127
439681035 127
439681052 127
439681061 127
439746589 127
439746594 127
439746595 127
439746596 127
439812122 127
439812124 127
439812137 127
439812139 127
439877637 127
439877656 127
439877659 127
439877662 127
439943173 127
439943182 127
439943191 127
439943208 127
440008706 127
440008707 127
440008713 127
440008716 127
440074261 127
440074264 127
440074267 127
440074278 127
440139782 127
440139784 127
440139789 127
440139791 127
440205316 127
440205321 127
440205350 127
440205359 127
440270862 127
440270863 127
440270873 127
440270888 127
440336409 127
440336416 127
440336419 127
440336426 127
440401936 127
440401946 127
440401955 127
440401965 127
440467456 127
440467458 127
440467463 127
440467481 127
440533020 127
440533025 127
440533026 127
440533039 127
440598531 127
440598540 127
440598542 127
440598565 127
440664067 127
440664076 127
440664090 127
440664097 127
440729606 127
440729624 127
440729625 127
440729627 127
440795138 127
440795152 127
440795155 127
440795173 127
440860674 127
440860681 127
440860687 127
440860716 127
440926213 127
440926243 127
440926244 127
440926254 127
440991754 127
440991756 127
440991757 127
440991791 127
441057297 127
441057304 127
441057326 127
441057327 127
441122819 127
441122832 127
441122838 127
441122841 127
441188377 127
441188388 127
441188390 127
441188391 127
441253908 127
441253909 127
441253914 127
441253935 127
441319426 127
441319435 127
441319440 127
441319469 127
441384977 127
441385004 127
441385006 127
441385007 127
441450510 127
441450511 127
441450516 127
441450517 127
441516048 127
441516049 127
441516062 127
441516063 127
441581590 127
441581591 127
441581605 127
441581612 127
441647130 127
441647136 127
441647143 127
441647145 127
441712653 127
441712659 127
441712670 127
441712684 127
441778176 127
441778179 127
441778186 127
441778197 127
441843748 127
441843751 127
441843753 127
441843758 127
441909266 127
441909269 127
441909276 127
441909287 127
441974792 127
441974807 127
441974810 127
441974821 127
442040344 127
442040351 127
442040353 127
442040362 127
442105880 127
442105893 127
442105898 127
442105903 127
442171427 127
442171428 127
442171429 127
442171434 127
442236947 127
442236948 127
442236957 127
442236962 127
442302475 127
442302482 127
442302485 127
442302496 127
442368019 127
442368026 127
442368028 127
442368029 127
442433551 127
442433570 127
442433572 127
442433573 127
442499097 127
442499102 127
442499108 127
442499115 127
442564608 127
442564626 127
442564629 127
442564631 127
442630151 127
442630156 127
442630173 127
442630186 127
442695687 127
442695690 127
442695701 127
442695704 127
442761217 127
442761235 127
442761238 127
442761256 127
442826781 127
442826783 127
442826794 127
442826796 127
442892314 127
442892316 127
442892319 127
442892321 127
442957832 127
442957842 127
442957849 127
442957855 127
443023364 127
443023367 127
443023369 127
443023394 127
443088902 127
443088917 127
443088919 127
443088920 127
443154442 127
443154445 127
443154463 127
443154476 127
443219978 127
443219981 127
443219999 127
443220012 127
443285531 127
443285534 127
443285540 127
443285541 127
443351048 127
443351061 127
443351078 127
443351083 127
443416593 127
443416606 127
443416608 127
443416611 127
443482130 127
443482135 127
443482136 127
443482149 127
443547664 127
443547677 127
443547678 127
443547687 127
443613189 127
443613192 127
443613214 127
443613223 127
443678727 127
443678741 127
443678760 127
443678762 127
443744265 127
443744292 127
443744298 127
443744303 127
443809793 127
443809807 127
443809810 127
443809828 127
443875342 127
443875343 127
443875344 127
443875345 127
443940864 127
443940867 127
443940870 127
443940873 127
444006402 127
444006421 127
444006424 127
444006439 127
444071950 127
444071972 127
444071977 127
444071979 127
444137474 127
444137508 127
444137515 127
444137517 127
444203032 127
444203041 127
444203043 127
444203050 127
444268555 127
444268557 127
444268560 127
444268582 127
444334105 127
444334112 127
444334122 127
444334123 127
444399633 127
444399634 127
444399652 127
444399663 127
444465162 127
444465167 127
444465176 127
444465193 127
444530693 127
444530715 127
444530720 127
444530734 127
444596233 127
444596236 127
444596259 127
444596266 127
444661760 127
444661786 127
444661805 127
444661807 127
444727297 127
444727300 127
444727310 127
444727327 127
444792852 127
444792854 127
444792869 127
444792875 127
444858377 127
444858378 127
444858380 127
444858399 127
444923919 127
444923932 127
444923933 127
444923942 127
444989440 127
444989451 127
444989457 127
444989466 127
445054993 127
445055003 127
445055006 127
445055020 127
445120514 127
445120529 127
445120548 127
445120559 127
445186056 127
445186069 127
445186083 127
445186090 127
445251594 127
445251601 127
445251608 127
445251623 127
445317132 127
445317151 127
445317165 127
445317166 127
445382656 127
445382661 127
445382663 127
445382682 127
445448199 127
445448200 127
445448214 127
445448217 127
445513740 127
445513761 127
445513774 127
445513775 127
445579264 127
445579267 127
445579269 127
445579302 127
445644817 127
445644818 127
445644832 127
445644843 127
445710347 127
445710354 127
445710360 127
445710365 127
445775882 127
445775884 127
445775901 127
445775919 127
445841419 127
445841421 127
445841444 127
445841446 127
445906952 127
445906963 127
445906966 127
445906985 127
445972483 127
445972486 127
445972509 127
445972520 127
446038019 127
446038024 127
446038038 127
446038057 127
446103555 127
446103578 127
446103580 127
446103597 127
446169088 127
446169089 127
446169091 127
446169130 127
446234636 127
446234638 127
446234647 127
446234669 127
446300163 127
446300184 127
446300189 127
446300202 127
446365709 127
446365715 127
446365718 127
446365728 127
446431243 127
446431248 127
446431266 127
446431273 127
446496792 127
446496795 127
446496806 127
446496813 127
446562328 127
446562331 127
446562333 127
446562350 127
446627855 127
446627870 127
446627880 127
446627881 127
446693415 127
446693417 127
446693420 127
446693422 127
446758914 127
446758924 127
446758943 127
446758945 127
446824481 127
446824484 127
446824491 127
446824494 127
446889998 127
446890019 127
446890021 127
446890024 127
446955537 127
446955555 127
446955556 127
446955558 127
447021069 127
447021088 127
447021099 127
447021102 127
447086610 127
447086612 127
447086617 127
447086631 127
447152131 127
447152132 127
447152166 127
447152173 127
447217682 127
447217688 127
447217693 127
447217695 127
447283203 127
447283224 127
447283241 127
447283246 127
447348737 127
447348738 127
447348739 127
447348744 127
447414281 127
447414300 127
447414303 127
447414314 127
447479813 127
447479823 127
447479824 127
447479826 127
447545384 127
447545385 127
447545390 127
447545391 127
447610888 127
447610897 127
447610902 127
447610915 127
447676431 127
447676434 127
447676449 127
447676452 127
447741956 127
447741961 127
447741962 127
447741975 127
447807524 127
447807525 127
447807530 127
447807531 127
447873032 127
447873042 127
447873055 127
447873069 127
447938562 127
447938588 127
447938589 127
447938607 127
448004127 127
448004133 127
448004134 127
448004136 127
448069651 127
448069656 127
448069665 127
448069674 127
448135192 127
448135193 127
448135206 127
448135207 127
448200707 127
448200738 127
448200744 127
448200749 127
448266240 127
448266281 127
448266283 127
448266286 127
448331783 127
448331785 127
448331804 127
448331806 127
448397317 127
448397347 127
448397348 127
448397358 127
448462855 127
448462856 127
448462862 127
448462869 127
448528400 127
448528407 127
448528421 127
448528422 127
448593938 127
448593941 127
448593944 127
448593951 127
448659485 127
448659491 127
448659494 127
448659496 127
448724997 127
448725002 127
448725028 127
448725039 127
448790554 127
448790567 127
448790568 127
448790569 127
448856071 127
448856092 127
448856094 127
448856097 127
448921608 127
448921609 127
448921630 127
448921631 127
448987146 127
448987168 127
448987169 127
448987179 127
449052692 127
449052693 127
449052695 127
449052718 127
449118217 127
449118242 127
449118244 127
449118247 127
449183752 127
449183757 127
449183787 127
449183790 127
449249291 127
449249292 127
449249302 127
449249313 127
449314828 127
449314831 127
449314833 127
449314862 127
449380358 127
449380367 127
449380368 127
449380389 127
449445903 127
449445921 127
449445928 127
449445934 127
449511428 127
449511433 127
449511434 127
449511447 127
449576968 127
449576985 127
449576986 127
449576999 127
449642502 127
449642505 127
449642516 127
449642535 127
449708043 127
449708049 127
449708072 127
449708074 127
449773570 127
449773604 127
449773613 127
449773615 127
449839116 127
449839130 127
449839139 127
449839141 127
449904646 127
449904656 127
449904681 127
449904687 127
449970178 127
449970179 127
449970188 127
449970221 127
450035732 127
450035733 127
450035734 127
450035735 127
450101248 127
450101250 127
450101265 127
450101287 127
450166784 127
450166794 127
450166805 127
450166827 127
450232342 127
450232360 127
450232365 127
450232367 127
450297879 127
450297896 127
450297898 127
450297901 127
450363395 127
450363409 127
450363412 127
450363414 127
450428961 127
450428962 127
450428968 127
450428971 127
450494470 127
450494507 127
450494508 127
450494509 127
450560001 127
450560002 127
450560016 127
450560039 127
450625538 127
450625548 127
450625549 127
450625571 127
450691076 127
450691082 127
450691091 127
450691093 127
450756621 127
450756640 127
450756654 127
450756655 127
450822155 127
450822157 127
450822178 127
450822184 127
450887690 127
450887692 127
450887705 127
450887719 127
450953224 127
450953239 127
450953242 127
450953257 127
451018767 127
451018770 127
451018784 127
451018797 127
451084314 127
451084317 127
451084327 127
451084332 127
451149829 127
451149868 127
451149870 127
451149871 127
451215377 127
451215384 127
451215386 127
451215387 127
451280928 127
451280935 127
451280941 127
451280942 127
451346436 127
451346458 127
451346463 127
451346469 127
451411984 127
451412005 127
451412007 127
451412014 127
451477510 127
451477536 127
451477537 127
451477543 127
451543045 127
451543047 127
451543068 127
451543074 127
451608603 127
451608612 127
451608613 127
451608614 127
451674113 127
451674116 127
451674119 127
451674142 127
451739682 127
451739687 127
451739689 127
451739692 127
451805225 127
451805227 127
451805228 127
451805230 127
451870741 127
451870755 127
451870760 127
451870762 127
451936263 127
451936277 127
451936282 127
451936300 127
452001797 127
452001832 127
452001838 127
452001839 127
452067332 127
452067346 127
452067369 127
452067375 127
452132904 127
452132907 127
452132909 127
452132910 127
452198405 127
452198408 127
452198419 127
452198422 127
452263948 127
452263971 127
452263978 127
452263981 127
452329492 127
452329511 127
452329513 127
452329518 127
452395011 127
452395013 127
452395018 127
452395052 127
452460576 127
452460582 127
452460587 127
452460589 127
452526108 127
452526109 127
452526115 127
452526122 127
452591617 127
452591631 127
452591646 127
452591648 127
452657157 127
452657184 127
452657190 127
452657195 127
452722721 127
452722730 127
452722731 127
452722732 127
452788227 127
452788262 127
452788265 127
452788268 127
452853761 127
452853762 127
452853776 127
452853779 127
452919300 127
452919302 127
452919321 127
452919335 127
452984862 127
452984865 127
452984872 127
452984879 127
453050404 127
453050406 127
453050409 127
453050411 127
453115904 127
453115923 127
453115946 127
453115949 127
453181440 127
453181450 127
453181451 127
453181473 127
453246978 127
453246981 127
453247000 127
453247019 127
453312535 127
453312538 127
453312540 126
453312549 127
453378071 127
453378084 127
453378093 127
453378094 127
453443609 127
453443611 127
453443620 127
453443622 127
453509123 127
453509153 127
453509156 127
453509166 127
453574667 127
453574676 127
453574681 127
453574702 127
453640202 127
453640207 127
453640217 127
453640224 127
453705753 127
453705756 127
453705758 127
453705759 127
453771278 127
453771280 127
453771301 127
453771303 127
453836803 127
453836816 127
453836818 127
453836821 127
453902346 127
453902355 127
453902365 127
453902376 127
453967876 127
453967878 127
453967897 127
453967899 127
454033410 127
454033412 127
454033441 127
454033447 127
454098986 127
454098987 127
454098988 127
454098989 127
454164481 127
454164484 127
454164491 127
454164502 127
454230029 127
454230030 127
454230043 127
454230044 127
454295564 127
454295569 127
454295595 127
454295598 127
454361117 127
454361118 127
454361119 127
454361120 127
454426654 127
454426663 127
454426665 127
454426668 127
454492160 127
454492162 127
454492167 127
454492181 127
454557716 127
454557719 127
454557725 127
454557742 127
454623259 127
454623266 127
454623268 127
454623273 127
454688771 127
454688785 127
454688798 127
454688808 127
454754316 127
454754318 127
454754335 127
454754349 127
454819857 127
454819862 127
454819872 127
454819875 127
454885405 127
454885406 127
454885407 127
454885408 127
454950936 127
454950945 127
454950950 127
454950955 127
455016452 127
455016482 127
455016485 127
455016487 127
455081995 127
455082021 127
455082024 127
455082030 127
455147552 127
455147555 127
455147565 127
455147566 127
455213056 127
455213093 127
455213094 127
455213095 127
455278620 127
455278630 127
455278631 127
455278637 127
455344136 127
455344137 127
455344146 127
455344151 127
455409692 127
455409694 127
455409697 127
455409711 127
455475200 127
455475234 127
455475245 127
455475247 127
455540770 127
455540772 127
455540779 127
455540781 127
455606280 127
455606281 127
455606299 127
455606314 127
455671836 127
455671843 127
455671849 127
455671850 127
455737345 127
455737360 127
455737378 127
455737391 127
455802880 127
455802894 127
455802907 127
455802917 127
455868428 127
455868449 127
455868451 127
455868454 127
455933967 127
455933968 127
455933986 127
455933997 127
455999518 127
455999520 127
455999521 127
455999535 127
456065031 127
456065057 127
456065066 127
456065068 127
456130570 127
456130592 127
456130593 127
456130599 127
456196102 127
456196135 127
456196140 127
456196141 127
456261672 127
456261677 127
456261678 127
456261679 127
456327197 127
456327200 127
456327202 127
456327215 127
456392705 127
456392719 127
456392726 127
456392728 127
456458263 127
456458269 127
456458270 127
456458276 127
456523778 127
456523801 127
456523803 127
456523820 127
456589340 127
456589350 127
456589353 127
456589355 127
456654854 127
456654859 127
456654877 127
456654884 127
456720393 127
456720407 127
456720408 127
456720426 127
456785936 127
456785945 127
456785959 127
456785966 127
456851457 127
456851463 127
456851480 127
456851498 127
456916995 127
456917004 127
456917022 127
456917033 127
456982537 127
456982538 127
456982539 127
456982560 127
457048087 127
457048097 127
457048106 127
457048108 127
457113639 127
457113641 127
457113644 127
457113646 127
457179136 127
457179141 127
457179146 127
457179183 127
457244706 127
457244711 127
457244713 127
457244716 127
457310236 127
457310241 127
457310254 127
457310255 127
457375749 127
457375772 127
457375786 127
457375787 127
457441315 127
457441317 127
457441322 127
457441324 127
457506821 127
457506840 127
457506842 127
457506863 127
457572378 127
457572396 127
457572397 127
457572399 127
457637907 127
457637914 127
457637928 127
457637933 127
457703437 127
457703442 127
457703451 127
457703464 127
457768961 127
457768964 127
457768979 127
457768994 127
457834516 127
457834535 127
457834537 127
457834542 127
457900034 127
457900069 127
457900071 127
457900072 127
457965572 127
457965574 127
457965599 127
457965605 127
458031116 127
458031134 127
458031135 127
458031137 127
458096643 127
458096684 127
458096685 127
458096686 127
458162181 127
458162195 127
458162198 127
458162220 127
458227726 127
458227741 127
458227756 127
458227759 127
458293252 127
458293278 127
458293289 127
458293291 127
458358801 127
458358803 127
458358804 127
458358806 127
458424350 127
458424355 127
458424356 127
458424365 127
458489879 127
458489882 127
458489885 127
458489900 127
458555412 127
458555415 127
458555429 127
458555438 127
458620930 127
458620968 127
458620969 127
458620975 127
458686467 127
458686497 127
458686502 127
458686508 127
458752020 127
458752034 127
458752041 127
458752047 127
458817549 127
458817567 127
458817568 127
458817578 127
458883098 127
458883107 127
458883116 127
458883117 127
458948610 127
458948645 127
458948652 127
458948655 127
459014172 127
459014174 127
459014181 127
459014191 127
459079704 127
459079709 127
459079718 127
459079719 127
459145217 127
459145222 127
459145231 127
459145252 127
459210779 127
459210793 127
459210796 127
459210798 127
459276315 127
459276322 127
459276324 127
459276333 127
459341830 127
459341853 127
459341867 127
459341868 127
459407388 127
459407397 127
459407402 127
459407403 127
459472903 127
459472908 127
459472938 127
459472941 127
459538459 127
459538462 127
459538464 127
459538473 127
459603981 127
459603983 127
459603986 127
459604004 127
459669511 127
459669533 127
459669546 127
459669548 127
459735061 127
459735064 127
459735075 127
459735082 127
459800610 127
459800615 127
459800617 127
459800620 127
459866119 127
459866122 127
459866141 127
459866156 127
459931686 127
459931688 127
459931693 127
459931695 127
459997197 127
459997199 127
459997204 127
459997230 127
460062720 127
460062734 127
460062737 127
460062755 127
460128257 127
460128288 127
460128302 127
460128303 127
460193813 127
460193827 127
460193834 127
460193836 127
460259359 127
460259362 127
460259372 127
460259373 127
460324884 127
460324889 127
460324903 127
460324910 127
460390400 127
460390419 127
460390438 127
460390441 127
460455944 127
460455946 127
460455965 127
460455979 127
460521475 127
460521498 127
460521512 127
460521517 127
460587035 127
460587040 127
460587042 127
460587045 127
460652562 127
460652568 127
460652581 127
460652583 127
460718102 127
460718112 127
460718121 127
460718123 127
460783642 127
460783660 127
460783661 127
460783663 127
460849165 127
460849168 127
460849183 127
460849186 127
460914693 127
460914716 127
460914726 127
460914735 127
460980224 127
460980238 127
460980259 127
460980261 127
461045769 127
461045788 127
461045799 127
461045802 127
461111310 127
461111331 127
461111340 127
461111341 127
461176873 127
461176875 127
461176876 127
461176878 127
461242376 127
461242410 127
461242411 127
461242413 127
461307909 127
461307938 127
461307948 127
461307951 127
461373448 127
461373453 127
461373467 127
461373478 127
461439013 127
461439015 127
461439018 127
461439020 127
461504531 127
461504549 127
461504552 127
461504554 127
461570059 127
461570082 127
461570085 127
461570088 127
461635615 127
461635625 127
461635628 127
461635630 127
461701126 127
461701131 127
461701160 127
461701161 127
461766664 127
461766690 127
461766691 127
461766693 127
461832216 127
461832222 127
461832235 127
461832237 127
461897733 127
461897760 127
461897763 127
461897774 127
461963308 127
461963309 127
461963310 127
461963311 127
462028810 127
462028837 127
462028840 127
462028843 127
462094343 127
462094376 127
462094381 127
462094382 127
462159906 127
462159911 127
462159913 127
462159916 127
462225425 127
462225446 127
462225452 127
462225455 127
462290972 127
462290989 127
462290990 127
462290991 127
462356485 127
462356490 127
462356520 127
462356523 127
462422017 127
462422027 127
462422032 127
462422034 127
462487553 127
462487554 127
462487555 127
462487560 127
462553093 127
462553120 127
462553126 127
462553127 127
462618628 127
462618630 127
462618631 127
462618633 127
462684179 127
462684181 127
462684194 127
462684196 127
462749709 127
462749711 127
462749712 127
462749726 127
462815235 127
462815240 127
462815242 127
462815245 127
462880789 127
462880792 127
462880799 127
462880806 127
462946315 127
462946325 127
462946326 127
462946328 127
463011840 127
463011855 127
463011861 127
463011878 127
463077400 127
463077403 127
463077409 127
463077410 127
463142914 127
463142917 127
463142931 127
463142944 127
463208451 127
463208453 127
463208454 127
463208460 127
463273985 127
463273987 127
463274000 127
463274014 127
463339524 127
463339530 127
463339531 127
463339533 127
463405057 127
463405060 127
463405062 127
463405063 127
463470604 127
463470606 127
463470607 127
463470609 127
463536142 127
463536145 127
463536152 127
463536171 127
463601664 127
463601677 127
463601687 127
463601694 127
463667209 127
463667222 127
463667224 127
463667239 127
463732745 127
463732746 127
463732747 127
463732752 127
463798276 127
463798277 127
463798278 127
463798295 127
463863817 127
463863820 127
463863822 127
463863831 127
463929344 127
463929347 127
463929350 127
463929353 127
463994889 127
463994903 127
463994906 127
463994924 127
464060421 127
464060426 127
464060443 127
464060444 127
464125981 127
464125984 127
464125986 127
464125999 127
464191504 127
464191507 127
464191518 127
464191529 127
464257024 127
464257042 127
464257061 127
464257067 127
464322570 127
464322571 127
464322584 127
464322585 127
464388097 127
464388099 127
464388114 127
464388120 127
464453648 127
464453649 127
464453658 127
464453663 127
464519184 127
464519187 127
464519189 127
464519206 127
464584712 127
464584718 127
464584721 127
464584735 127
464650249 127
464650250 127
464650251 127
464650256 127
464715780 127
464715782 127
464715783 127
464715785 127
464781312 127
464781313 127
464781327 127
464781338 127
464846853 127
464846855 127
464846856 127
464846870 127
464912403 127
464912404 127
464912417 127
464912418 127
464977956 127
464977958 127
464977959 127
464977961 127
465043456 127
465043463 127
465043466 127
465043481 127
465108994 127
465109000 127
465109001 127
465109007 127
465174529 127
465174530 127
465174539 127
465174556 127
465240086 127
465240088 127
465240091 127
465240101 127
465305609 127
465305626 127
465305628 127
465305631 127
465371137 127
465371147 127
465371152 127
465371154 127
465436675 127
465436689 127
465436692 127
465436694 127
465502210 127
465502212 127
465502225 127
465502239 127
465567744 127
465567746 127
465567759 127
465567761 127
465633288 127
465633297 127
465633310 127
465633319 127
465698829 127
465698830 127
465698831 127
465698848 127
465764362 127
465764365 127
465764379 127
465764392 127
465829888 127
465829893 127
465829911 127
465829914 127
465895446 127
465895449 127
465895451 127
465895460 127
465960964 127
465960971 127
465960974 127
465960981 127
466026500 127
466026501 127
466026503 127
466026506 127
466092038 127
466092041 127
466092043 127
466092044 127
466157572 127
466157575 127
466157590 127
466157605 127
466223138 127
466223141 127
466223147 127
466223148 127
466288657 127
466288660 127
466288671 127
466288678 127
466354187 127
466354205 127
466354208 127
466354214 127
466419723 127
466419726 127
466419728 127
466419729 127
466485256 127
466485282 127
466485289 127
466485291 127
466550789 127
466550790 127
466550792 127
466550803 127
466616333 127
466616339 127
466616342 127
466616348 127
466681859 127
466681861 127
466681864 127
466681902 127
466747393 127
466747402 127
466747403 127
466747408 127
466812955 127
466812957 127
466812958 127
466812960 127
466878469 127
466878472 127
466878494 127
466878507 127
466944019 127
466944028 127
466944033 127
466944042 127
467009538 127
467009555 127
467009557 127
467009560 127
467075072 127
467075073 127
467075075 127
467075094 127
467140608 127
467140623 127
467140626 127
467140645 127
467206148 127
467206154 127
467206157 127
467206171 127
467271685 127
467271694 127
467271696 127
467271703 127
467337216 127
467337218 127
467337229 127
467337239 127
467402754 127
467402755 127
467402768 127
467402769 127
467468298 127
467468303 127
467468316 127
467468321 127
467533824 127
467533849 127
467533851 127
467533854 127
467599364 127
467599373 127
467599378 127
467599383 127
467664914 127
467664916 127
467664917 127
467664943 127
467730437 127
467730438 127
467730443 127
467730444 127
467795976 127
467795986 127
467795993 127
467795995 127
467861513 127
467861515 127
467861528 127
467861546 127
467927048 127
467927069 127
467927071 127
467927074 127
467992578 127
467992593 127
467992596 127
467992619 127
468058115 127
468058133 127
468058142 127
468058144 127
468123655 127
468123681 127
468123686 127
468123692 127
468189221 127
468189227 127
468189228 127
468189230 127
468254722 127
468254723 127
468254724 127
468254741 127
468320265 127
468320276 127
468320279 127
468320294 127
468385801 127
468385802 127
468385804 127
468385819 127
468451333 127
468451336 127
468451339 127
468451350 127
468516873 127
468516884 127
468516887 127
468516902 127
468582418 127
468582425 127
468582428 127
468582431 127
468647937 127
468647939 127
468647958 127
468647972 127
468713480 127
468713487 127
468713490 127
468713501 127
468779012 127
468779017 127
468779019 127
468779034 127
468844567 127
468844574 127
468844584 127
468844589 127
468910081 127
468910082 127
468910084 127
468910087 127
468975622 127
468975641 127
468975643 127
468975644 127
469041158 127
469041160 127
469041161 127
469041175 127
469106696 127
469106697 127
469106702 127
469106731 127
469172234 127
469172235 127
469172236 127
469172241 127
469237760 127
469237763 127
469237778 127
469237797 127
469303312 127
469303333 127
469303334 127
469303335 127
469368835 127
469368852 127
469368854 127
469368857 127
469434381 127
469434400 127
469434403 127
469434410 127
469499910 127
469499920 127
469499933 127
469499947 127
469565441 127
469565443 127
469565454 127
469565456 127
469630983 127
469630984 127
469630986 127
469631005 127
469696516 127
469696519 127
469696529 127
469696550 127
469762067 127
469762068 127
469762070 127
469762089 127
469827593 127
469827596 127
469827614 127
469827615 127
469893129 127
469893143 127
469893144 127
469893158 127
469958657 127
469958667 127
469958670 127
469958672 127
470024192 127
470024194 127
470024203 127
470024217 127
470089728 127
470089739 127
470089742 127
470089745 127
470155267 127
470155288 127
470155289 127
470155306 127
470220801 127
470220808 127
470220819 127
470220822 127
470286336 127
470286365 127
470286367 127
470286382 127
470351899 127
470351900 127
470351902 127
470351909 127
470417408 127
470417434 127
470417437 127
470417443 127
470482953 127
470482956 127
470482962 127
470482975 127
470548492 127
470548493 127
470548503 127
470548506 127
470614034 127
470614035 127
470614037 127
470614040 127
470679555 127
470679564 127
470679565 127
470679598 127
470745092 127
470745117 127
470745119 127
470745122 127
470810630 127
470810649 127
470810663 127
470810664 127
470876161 127
470876179 127
470876188 127
470876202 127
470941700 127
470941709 127
470941710 127
470941727 127
471007233 127
471007234 127
471007235 127
471007236 127
471072771 127
471072774 127
471072776 127
471072797 127
471138336 127
471138337 127
471138338 127
471138339 127
471203841 127
471203854 127
471203871 127
471203876 127
471269391 127
471269394 127
471269404 127
471269409 127
471334913 127
471334914 127
471334916 127
471334923 127
471400454 127
471400461 127
471400463 127
471400468 127
471465990 127
471466005 127
471466016 127
471466027 126
471531522 127
471531524 127
471531525 127
471531531 127
471597064 127
471597066 127
471597071 127
471597081 127
471662599 127
471662616 127
471662621 127
471662622 127
471728133 127
471728144 127
471728159 127
471728162 127
471793678 127
471793681 127
471793683 127
471793684 127
471859207 127
471859221 127
471859222 127
471859244 127
471924747 127
471924749 127
471924780 127
471924782 127
471990294 127
471990296 127
471990297 127
471990315 127
472055838 127
472055844 127
472055853 127
472055855 127
472121359 127
472121360 127
472121373 127
472121390 127
472186886 127
472186889 127
472186919 127
472186924 127
472252419 127
472252424 127
472252426 127
472252429 127
472317957 127
472317958 127
472317960 127
472317999 127
472383489 127
472383500 127
472383510 127
472383519 127
472449031 127
472449050 127
472449053 127
472449068 127
472514575 127
472514578 127
472514588 127
472514601 127
472580097 127
472580100 127
472580110 127
472580115 127
472645646 127
472645664 127
472645669 127
472645675 127
472711173 127
472711179 127
472711190 127
472711192 127
472776709 127
472776712 127
472776735 127
472776746 127
472842241 127
472842256 127
472842275 127
472842278 127
472907787 127
472907790 127
472907808 127
472907821 127
472973312 127
472973327 127
472973329 127
472973334 127
473038857 127
473038859 127
473038860 127
473038886 127
473104393 127
473104410 127
473104419 127
473104424 127
473169937 127
473169940 127
473169955 127
473169966 127
473235456 127
473235466 127
473235481 127
473235487 127
473300992 127
473300995 127
473301009 127
473301034 127
473366532 127
473366554 127
473366563 127
473366573 127
473432069 127
473432079 127
473432092 127
473432098 127
473497612 127
473497613 127
473497622 127
473497623 127
473563146 127
473563148 127
473563171 127
473563173 127
473628675 127
473628677 127
473628694 127
473628708 127
473694225 127
473694227 127
473694234 127
473694240 127
473759753 127
473759754 127
473759760 127
473759763 127
473825297 127
473825298 127
473825300 127
473825323 127
473890828 127
473890842 127
473890849 127
473890859 127
473956364 127
473956374 127
473956385 127
473956399 127
474021895 127
474021898 127
474021901 127
474021908 127
474087438 127
474087457 127
474087459 127
474087460 127
474152982 127
474152985 127
474152987 127
474153000 127
474218503 127
474218506 127
474218512 127
474218517 127
474284046 127
474284057 127
474284060 127
474284079 127
474349576 127
474349581 127
474349586 127
474349591 127
474415117 127
474415123 127
474415130 127
474415136 127
474480664 127
474480666 127
474480667 127
474480681 127
474546195 127
474546196 127
474546197 127
474546198 127
474611713 127
474611719 127
474611726 127
474611740 127
474677253 127
474677258 127
474677264 127
474677275 127
474742796 127
474742799 127
474742801 127
474742802 127
474808340 127
474808342 127
474808355 127
474808361 127
474873876 127
474873885 127
474873890 127
474873899 127
474939396 127
474939398 127
474939407 127
474939409 127
475004939 127
475004940 127
475004946 127
475004949 127
475070466 127
475070468 127
475070469 127
475070483 127
475136006 127
475136019 127
475136025 127
475136040 127
475201558 127
475201561 127
475201563 127
475201580 127
475267100 127
475267102 127
475267105 127
475267107 127
475332619 127
475332625 127
475332626 127
475332636 127
475398150 127
475398171 127
475398180 127
475398189 127
475463681 127
475463702 127
475463704 127
475463707 127
475529221 127
475529230 127
475529248 127
475529259 127
475594754 127
475594755 127
475594756 127
475594757 127
475660302 127
475660308 127
475660313 127
475660315 127
475725828 127
475725854 127
475725861 127
475725863 127
475791366 127
475791371 127
475791380 127
475791405 127
475856902 127
475856903 127
475856905 127
475856940 127
475922432 127
475922447 127
475922462 127
475922465 127
475987984 127
475988003 127
475988005 127
475988006 127
476053508 127
476053510 127
476053519 127
476053521 127
476119046 127
476119069 127
476119076 127
476119083 127
476184580 127
476184585 127
476184591 127
476184594 127
476250125 127
476250138 127
476250140 127
476250147 127
476315649 127
476315667 127
476315682 127
476315688 127
476381200 127
476381205 127
476381218 127
476381219 127
476446726 127
476446729 127
476446740 127
476446763 127
476512256 127
476512261 127
476512266 127
476512267 127
476577792 127
476577810 127
476577811 127
476577813 127
476643339 127
476643344 127
476643349 127
476643362 127
476708866 127
476708867 127
476708873 127
476708880 127
476774418 127
476774419 127
476774424 127
476774425 127
476839943 127
476839957 127
476839958 127
476839972 127
476905485 127
476905488 127
476905498 127
476905503 127
476971036 127
476971042 127
476971045 127
476971047 127
477036544 127
477036561 127
477036571 127
477036574 127
477102081 127
477102082 127
477102096 127
477102107 127
477167628 127
477167630 127
477167645 127
477167663 127
477233157 127
477233160 127
477233162 127
477233171 127
477298704 127
477298717 127
477298718 127
477298719 127
477364237 127
477364238 127
477364239 127
477364268 127
477429761 127
477429763 127
477429776 127
477429786 127
477495319 127
477495320 127
477495326 127
477495333 127
477560834 127
477560864 127
477560865 127
477560879 127
477626369 127
477626378 127
477626384 127
477626403 127
477691918 127
477691919 127
477691920 127
477691937 127
477757456 127
477757459 127
477757466 127
477757477 127
477822977 127
477822978 127
477822983 127
477822996 127
477888524 127
477888527 127
477888542 127
477888545 127
477954059 127
477954062 127
477954084 127
477954089 127
478019593 127
478019596 127
478019598 127
478019615 127
478085122 127
478085124 127
478085125 127
478085151 127
478150659 127
478150662 127
478150665 127
478150700 127
478216205 127
478216208 127
478216210 127
478216231 127
478281729 127
478281730 127
478281731 127
478281732 127
478347278 127
478347296 127
478347303 127
478347309 127
478412801 127
478412816 127
478412819 127
478412830 127
478478344 127
478478346 127
478478371 127
478478373 127
478543878 127
478543892 127
478543901 127
478543915 127
478609424 127
478609438 127
478609441 127
478609443 127
478674955 127
478674958 127
478674960 127
478674981 127
478740480 127
478740485 127
478740498 127
478740511 127
478806022 127
478806025 127
478806039 127
478806056 127
478871554 127
478871556 127
478871571 127
478871597 127
478937089 127
478937092 127
478937095 127
478937102 127
479002624 127
479002635 127
479002638 127
479002665 127
479068167 127
479068169 127
479068170 127
479068172 127
479133703 127
479133705 127
479133708 127
479133726 127
479199246 127
479199248 127
479199257 127
479199263 127
479264772 127
479264781 127
479264782 127
479264799 127
479330307 127
479330318 127
479330328 127
479330329 127
479395842 127
479395843 127
479395860 127
479395877 127
479461397 127
479461406 127
479461415 127
479461420 127
479526913 127
479526923 127
479526924 127
479526926 127
479592456 127
479592459 127
479592469 127
479592474 127
479658002 127
479658009 127
479658016 127
479658023 127
479723524 127
479723537 127
479723539 127
479723542 127
479789057 127
479789064 127
479789074 127
479789075 127
479854592 127
479854594 127
479854597 127
479854623 127
479920140 127
479920163 127
479920165 127
479920174 127
479985682 127
479985688 127
479985691 127
479985693 127
480051211 127
480051220 127
480051229 127
480051238 127
480116742 127
480116744 127
480116761 127
480116771 127
480182285 127
480182286 127
480182288 127
480182295 127
480247817 127
480247820 127
480247835 127
480247838 127
480313364 127
480313366 127
480313367 127
480313381 127
480378893 127
480378894 127
480378912 127
480378927 127
480444416 127
480444431 127
480444433 127
480444434 127
480509954 127
480509965 127
480509967 127
480509972 127
480575491 127
480575498 127
480575505 127
480575528 127
480641061 127
480641062 127
480641064 127
480641071 127
480706561 127
480706582 127
480706583 127
480706588 127
480772110 127
480772119 127
480772121 127
480772124 127
480837634 127
480837636 127
480837637 127
480837639 127
480903169 127
480903183 127
480903200 127
480903202 127
480968705 127
480968724 127
480968739 127
480968742 127
481034255 127
481034266 127
481034269 127
481034272 127
481099778 127
481099788 127
481099795 127
481099805 127
481165312 127
481165317 127
481165318 127
481165319 127
481230859 127
481230884 127
481230893 127
481230894 127
481296417 127
481296418 127
481296419 127
481296424 127
481361944 127
481361947 127
481361958 127
481361965 127
481427486 127
481427492 127
481427493 127
481427499 127
481493000 127
481493001 127
481493007 127
481493026 127
481558530 127
481558533 127
481558547 127
481558552 127
481624078 127
481624079 127
481624088 127
481624089 127
481689608 127
481689611 127
481689618 127
481689641 127
481755143 127
481755162 127
481755177 127
481755180 127
481820679 127
481820682 127
481820693 127
481820700 127
481886208 127
481886218 127
481886221 127
481886243 127
481951744 127
481951746 127
481951747 127
481951757 127
482017296 127
482017298 127
482017299 127
482017313 127
482082820 127
482082823 127
482082838 127
482082841 127
482148371 127
482148381 127
482148390 127
482148392 127
482213900 127
482213905 127
482213906 127
482213915 127
482279436 127
482279453 127
482279466 127
482279471 127
482344980 127
482344981 127
482344983 127
482344990 127
482410497 127
482410504 127
482410510 127
482410511 127
482476035 127
482476049 127
482476052 127
482476054 127
482541568 127
482541575 127
482541577 127
482541606 127
482607110 127
482607113 127
482607135 127
482607144 127
482672652 127
482672655 127
482672673 127
482672686 127
482738200 127
482738201 127
482738214 127
482738219 127
482803715 127
482803729 127
482803730 127
482803732 127
482869270 127
482869275 127
482869277 127
482869288 127
482934804 127
482934807 127
482934818 127
482934829 127
483000339 127
483000341 127
483000344 127
483000350 127
483065863 127
483065864 127
483065869 127
483065874 127
483131403 127
483131408 127
483131421 127
483131438 127
483196931 127
483196934 127
483196936 127
483196953 127
483262471 127
483262476 127
483262486 127
483262489 127
483328010 127
483328013 127
483328024 127
483328027 127
483393548 127
483393550 127
483393557 127
483393559 127
483459089 127
483459092 127
483459099 127
483459118 127
483524617 127
483524619 127
483524620 127
483524630 127
483590149 127
483590154 127
483590156 127
483590179 127
483655680 127
483655693 127
483655710 127
483655715 127
483721220 127
483721253 127
483721255 127
483721258 127
483786759 127
483786774 127
483786776 127
483786781 127
483852315 127
483852320 127
483852325 127
483852326 127
483917832 127
483917833 127
483917843 127
483917858 127
483983361 127
483983387 127
483983400 127
483983406 127
484048909 127
484048935 127
484048936 127
484048942 127
484114464 127
484114465 127
484114467 127
484114470 127
484179971 127
484179992 127
484180001 127
484180006 127
484245514 127
484245524 127
484245525 127
484245527 127
484311040 127
484311043 127
484311061 127
484311070 127
484376576 127
484376581 127
484376582 127
484376619 127
484442139 127
484442152 127
484442157 127
484442158 127
484507654 127
484507661 127
484507664 127
484507695 127
484573186 127
484573192 127
484573195 127
484573209 127
484638733 127
484638738 127
484638747 127
484638756 127
484704258 127
484704264 127
484704279 127
484704297 127
484769820 127
484769822 127
484769835 127
484769837 127
484835329 127
484835335 127
484835350 127
484835368 127
484900864 127
484900869 127
484900874 127
484900875 127
484966400 127
484966419 127
484966433 127
484966442 127
485031947 127
485031948 127
485031954 127
485031957 127
485097472 127
485097479 127
485097490 127
485097493 127
485163024 127
485163027 127
485163041 127
485163046 127
485228564 127
485228577 127
485228583 127
485228590 127
485294106 127
485294108 127
485294121 127
485294123 127
485359641 127
485359643 127
485359644 127
485359654 127
485425157 127
485425180 127
485425190 127
485425191 127
485490707 127
485490716 127
485490717 127
485490730 127
485556225 127
485556247 127
485556264 127
485556266 127
485621764 127
485621775 127
485621785 127
485621790 127
485687311 127
485687336 127
485687337 127
485687338 127
485752838 127
485752845 127
485752852 127
485752855 127
485818374 127
485818381 127
485818388 127
485818391 127
485883912 127
485883923 127
485883937 127
485883938 127
485949473 127
485949474 127
485949479 127
485949480 127
486014979 127
486014981 127
486014982 127
486015008 127
486080516 127
486080525 127
486080530 127
486080539 127
486146062 127
486146065 127
486146080 127
486146095 127
486211593 127
486211596 127
486211606 127
486211607 127
486277126 127
486277129 127
486277140 127
486277159 127
486342660 127
486342666 127
486342681 127
486342687 127
486408196 127
486408213 127
486408214 127
486408215 127
486473728 127
486473730 127
486473731 127
486473749 127
486539265 127
486539276 127
486539278 127
486539283 127
486604800 127
486604825 127
486604826 127
486604835 127
486670347 127
486670358 127
486670360 127
486670377 127
486735882 127
486735887 127
486735893 127
486735900 127
486801413 127
486801418 127
486801420 127
486801427 127
486866951 127
486866968 127
486866973 127
486866982 127
486932482 127
486932487 127
486932488 127
486932521 127
486998017 127
486998034 127
486998036 127
486998063 127
487063556 127
487063561 127
487063566 127
487063575 127
487129092 127
487129093 127
487129099 127
487129106 127
487194634 127
487194637 127
487194648 127
487194655 127
487260171 127
487260173 127
487260194 127
487260196 127
487325703 127
487325709 127
487325718 127
487325732 127
487391252 127
487391254 127
487391255 127
487391265 127
487456775 127
487456801 127
487456808 127
487456814 127
487522315 127
487522333 127
487522338 127
487522340 127
487587843 127
487587845 127
487587870 127
487587880 127
487653383 127
487653389 127
487653410 127
487653420 127
487718914 127
487718924 127
487718927 127
487718929 127
487784454 127
487784457 127
487784480 127
487784487 127
487849997 127
487849999 127
487850004 127
487850018 127
487915521 127
487915530 127
487915564 127
487915567 127
487981064 127
487981075 127
487981089 127
487981090 127
488046601 127
488046614 127
488046616 127
488046631 127
488112139 127
488112156 127
488112161 127
488112162 127
488177671 127
488177672 127
488177681 127
488177706 127
488243233 127
488243236 127
488243238 127
488243243 127
488308744 127
488308778 127
488308781 127
488308783 127
488374272 127
488374286 127
488374293 127
488374307 127
488439810 127
488439815 127
488439836 127
488439841 127
488505344 127
488505375 127
488505377 127
488505378 127
488570900 127
488570903 127
488570905 127
488570910 127
488636423 127
488636440 127
488636449 127
488636458 127
488701971 127
488701985 127
488701994 127
488701996 127
488767491 127
488767493 127
488767506 127
488767516 127
488833027 127
488833037 127
488833056 127
488833058 127
488898574 127
488898580 127
488898585 127
488898599 127
488964118 127
488964133 127
488964136 127
488964143 127
489029657 127
489029662 127
489029663 127
489029664 127
489095186 127
489095204 127
489095209 127
489095211 127
489160715 127
489160720 127
489160725 127
489160734 127
489226244 127
489226262 127
489226265 127
489226271 127
489291783 127
489291797 127
489291820 127
489291822 127
489357319 127
489357333 127
489357338 127
489357348 127
489422873 127
489422884 127
489422891 127
489422894 127
489488403 127
489488410 127
489488412 127
489488417 127
489553920 127
489553927 127
489553934 127
489553937 127
489619462 127
489619471 127
489619473 126
489619476 127
489685007 127
489685009 127
489685014 127
489685028 127
489750543 127
489750553 127
489750570 127
489750572 127
489816071 127
489816090 127
489816092 127
489816093 127
489881609 127
489881620 127
489881627 127
489881634 127
489947153 127
489947163 127
489947164 127
489947178 127
490012688 127
490012689 127
490012691 127
490012694 127
490078209 127
490078243 127
490078248 127
490078250 127
490143768 127
490143770 127
490143779 127
490143785 127
490209280 127
490209299 127
490209302 127
490209313 127
490274822 127
490274823 127
490274828 127
490274833 127
490340356 127
490340370 127
490340383 127
490340397 127
490405900 127
490405902 127
490405909 127
490405927 127
490471424 127
490471426 127
490471457 127
490471467 127
490536987 127
490536994 127
490536996 127
490537001 127
490602503 127
490602528 127
490602533 127
490602538 127
490668058 127
490668061 127
490668063 127
490668068 127
490733576 127
490733590 127
490733593 127
490733595 127
490799117 127
490799124 127
490799126 127
490799131 127
490864646 127
490864652 127
490864669 127
490864671 127
490930182 127
490930187 127
490930189 127
490930196 127
490995725 127
490995740 127
490995750 127
490995759 127
491061254 127
491061284 127
491061285 127
491061295 127
491126790 127
491126828 127
491126829 127
491126831 127
491192326 127
491192333 127
491192335 127
491192348 127
491257857 127
491257868 127
491257882 127
491257903 127
491323427 127
491323433 127
491323434 127
491323436 127
491388929 127
491388939 127
491388954 127
491388960 127
491454496 127
491454499 127
491454502 127
491454509 127
491520003 127
491520010 127
491520028 127
491520041 127
491585537 127
491585554 127
491585559 127
491585572 127
491651090 127
491651091 127
491651101 127
491651112 127
491716609 127
491716623 127
491716624 127
491716626 127
491782162 127
491782179 127
491782181 127
491782188 127
491847693 127
491847694 127
491847700 127
491847711 127
491913220 127
491913225 127
491913238 127
491913243 127
491978768 127
491978773 127
491978775 127
491978786 127
492044289 127
492044310 127
492044312 127
492044315 127
492109826 127
492109828 127
492109835 127
492109853 127
492175363 127
492175364 127
492175377 127
492175382 127
492240898 127
492240904 127
492240909 127
492240915 127
492306460 127
492306466 127
492306477 127
492306479 127
492371989 127
492371994 127
492372007 127
492372008 127
492437511 127
492437528 127
492437537 127
492437546 127
492503044 127
492503073 127
492503075 127
492503078 127
492568603 127
492568609 127
492568618 127
492568620 127
492634120 127
492634130 127
492634139 127
492634141 127
492699669 127
492699672 127
492699675 127
492699678 127
492765202 127
492765209 127
492765216 127
492765227 127
492830738 127
492830747 127
492830756 127
492830761 127
492896279 127
492896280 127
492896282 127
492896289 127
492961813 127
492961815 127
492961822 127
492961824 127
493027342 127
493027344 127
493027365 127
493027371 127
493092885 127
493092895 127
493092902 127
493092908 127
493158415 127
493158417 127
493158420 127
493158434 127
493223969 127
493223978 127
493223979 127
493223980 127
493289478 127
493289501 127
493289508 127
493289511 127
493355015 127
493355032 127
493355038 127
493355053 127
493420552 127
493420557 127
493420590 127
493420591 127
493486087 127
493486101 127
493486106 127
493486108 127
493551628 127
493551641 127
493551650 127
493551651 127
493617152 127
493617170 127
493617193 127
493617195 127
493682700 127
493682701 127
493682723 127
493682726 127
493748240 127
493748241 127
493748254 127
493748255 127
493813776 127
493813786 127
493813797 127
493813807 127
493879313 127
493879316 127
493879334 127
493879339 127
493944833 127
493944872 127
493944874 127
493944879 127
494010370 127
494010385 127
494010408 127
494010415 127
494075910 127
494075924 127
494075947 127
494075949 127
494141466 127
494141472 127
494141479 127
494141481 127
494206977 127
494206982 127
494206983 127
494207012 127
494272512 127
494272513 127
494272543 127
494272558 127
494338080 127
494338087 127
494338089 127
494338090 127
494403586 127
494403599 127
494403616 127
494403629 127
494469126 127
494469128 127
494469145 127
494469147 127
494534687 127
494534692 127
494534693 127
494534702 127
494600217 127
494600226 127
494600231 127
494600236 127
494665743 127
494665746 127
494665764 127
494665765 127
494731266 127
494731272 127
494731273 127
494731279 127
494796834 127
494796839 127
494796841 127
494796844 127
494862353 127
494862362 127
494862363 127
494862368 127
494927878 127
494927897 127
494927907 127
494927908 127
494993417 127
494993419 127
494993432 127
494993434 127
495058949 127
495058974 127
495058976 127
495058979 127
495124484 127
495124486 127
495124493 127
495124519 127
495190028 127
495190037 127
495190051 127
495190058 127
495255558 127
495255563 127
495255565 127
495255572 127
495321096 127
495321097 127
495321098 127
495321099 127
495386629 127
495386647 127
495386648 127
495386666 127
495452184 127
495452186 127
495452187 127
495452193 127
495517706 127
495517708 127
495517737 127
495517743 127
495583239 127
495583240 127
495583258 127
495583261 127
495648770 127
495648789 127
495648803 127
495648808 127
495714324 127
495714327 127
495714346 127
495714349 127
495779842 127
495779845 127
495779851 127
495779884 127
495845377 127
495845382 127
495845388 127
495845403 127
495910913 127
495910915 127
495910932 127
495910946 127
495976471 127
495976488 127
495976493 127
495976494 127
496041988 127
496041991 127
496042005 127
496042010 127
496107528 127
496107542 127
496107565 127
496107567 127
496173066 127
496173077 127
496173087 127
496173096 127
496238604 127
496238618 127
496238621 127
496238639 127
496304133 127
496304147 127
496304156 127
496304162 127
496369674 127
496369681 127
496369688 127
496369707 127
496435228 127
496435238 127
496435245 127
496435247 127
496500736 127
496500741 127
496500755 127
496500762 127
496566279 127
496566292 127
496566298 127
496566301 127
496631812 127
496631822 127
496631829 127
496631839 127
496697360 127
496697362 127
496697375 127
496697381 127
496762888 127
496762889 127
496762890 127
496762911 127
496828435 127
496828448 127
496828449 127
496828450 127
496893984 127
496893986 127
496893987 127
496893993 127
496959501 127
496959503 127
496959504 127
496959530 127
497025028 127
497025034 127
497025047 127
497025053 127
497090567 127
497090581 127
497090582 127
497090600 127
497156099 127
497156102 127
497156120 127
497156121 127
497221647 127
497221668 127
497221673 127
497221678 127
497287188 127
497287203 127
497287205 127
497287206 127
497352707 127
497352737 127
497352740 127
497352742 127
497418245 127
497418266 127
497418280 127
497418283 127
497483778 127
497483804 127
497483815 127
497483817 127
497549334 127
497549347 127
497549352 127
497549357 127
497614853 127
497614855 127
497614864 127
497614874 127
497680396 127
497680398 127
497680407 127
497680409 127
497745935 127
497745942 127
497745945 127
497745948 127
497811461 127
497811470 127
497811475 127
497811496 127
497877030 127
497877035 127
497877036 127
497877037 127
497942529 127
497942546 127
497942548 127
497942555 127
498008069 127
498008072 127
498008078 127
498008099 127
498073609 127
498073623 127
498073630 127
498073632 127
498139142 127
498139145 127
498139147 127
498139180 127
498204684 127
498204687 127
498204690 127
498204709 127
498270219 127
498270229 127
498270236 127
498270246 127
498335747 127
498335754 127
498335764 127
498335773 127
498401284 127
498401302 127
498401303 127
498401321 127
498466835 127
498466836 127
498466846 127
498466857 127
498532377 127
498532383 127
498532388 127
498532398 127
498597897 127
498597900 127
498597919 127
498597934 127
498663437 127
498663442 127
498663447 127
498663452 127
498728970 127
498728972 127
498728973 127
498728995 127
498794513 127
498794518 127
498794532 127
498794535 127
498860032 127
498860058 127
498860065 127
498860067 127
498925583 127
498925589 127
498925608 127
498925610 127
498991104 127
498991109 127
498991119 127
498991130 127
499056652 127
499056655 127
499056666 127
499056685 127
499122177 127
499122195 127
499122214 127
499122216 127
499187726 127
499187731 127
499187733 127
499187744 127
499253250 127
499253252 127
499253255 127
499253273 127
499318806 127
499318824 127
499318829 127
499318831 127
499384335 127
499384350 127
499384356 127
499384361 127
499449869 127
499449892 127
499449894 127
499449903 127
499515394 127
499515396 127
499515415 127
499515417 127
499580931 127
499580944 127
499580957 127
499580958 127
499646482 127
499646484 127
499646493 127
499646495 127
499712023 127
499712028 127
499712033 127
499712038 127
499777537 127
499777540 127
499777567 127
499777570 127
499843074 127
499843076 127
499843087 127
499843089 127
499908618 127
499908621 127
499908640 127
499908651 127
499974144 127
499974153 127
499974158 127
499974171 127
500039681 127
500039683 127
500039684 127
500039698 127
500105228 127
500105230 127
500105237 127
500105243 127
500170761 127
500170764 127
500170779 127
500170786 127
500236293 127
500236296 127
500236302 127
500236327 127
500301828 127
500301843 127
500301845 127
500301854 127
500367360 127
500367366 127
500367369 127
500367383 127
500432899 127
500432924 127
500432929 127
500432938 127
500498441 127
500498443 127
500498456 127
500498470 127
500563974 127
500563981 127
500563995 127
500564008 127
500629518 127
500629532 127
500629547 127
500629549 127
500695062 127
500695068 127
500695085 127
500695087 127
500760577 127
500760578 127
500760579 127
500760608 127
500826117 127
500826126 127
500826131 127
500826152 127
500891654 127
500891656 127
500891673 127
500891687 127
500957198 127
500957212 127
500957213 127
500957227 127
501022732 127
501022741 127
501022746 127
501022755 127
501088256 127
501088258 127
501088283 127
501088297 127
501153815 127
501153818 127
501153832 127
501153833 127
501219333 127
501219347 127
501219360 127
501219374 127
501284883 127
501284888 127
501284890 127
501284897 127
501350407 127
501350408 127
501350413 127
501350414 127
501415944 127
501415946 127
501415951 127
501415973 127
501481473 127
501481476 127
501481482 127
501481503 127
501547039 127
501547044 127
501547049 127
501547050 127
501612546 127
501612567 127
501612580 127
501612589 127
501678097 127
501678099 127
501678102 127
501678108 127
501743616 127
501743617 127
501743619 127
501743626 127
501809169 127
501809184 127
501809186 127
501809187 127
501874694 127
501874713 127
501874716 127
501874723 127
501940230 127
501940232 127
501940235 127
501940249 127
502005775 127
502005778 127
502005781 127
502005792 127
502071313 127
502071316 127
502071327 127
502071334 127
502136834 127
502136848 127
502136877 127
502136879 127
502202391 127
502202398 127
502202400 127
502202401 127
502267904 127
502267921 127
502267930 127
502267943 127
502333441 127
502333444 127
502333455 127
502333474 127
502398979 127
502398982 127
502398992 127
502399017 127
502464522 127
502464525 127
502464544 127
502464551 127
502530065 127
502530068 127
502530071 127
502530090 127
502595585 127
502595600 127
502595602 127
502595627 127
502661123 127
502661129 127
502661164 127
502661166 127
502726658 127
502726660 127
502726661 127
502726683 127
502792199 127
502792201 127
502792206 127
502792220 127
502857752 127
502857753 127
502857755 127
502857758 127
502923273 127
502923276 127
502923298 127
502923299 127
502988805 127
502988808 127
502988823 127
502988830 127
503054357 127
503054367 127
503054374 127
503054380 127
503119872 127
503119889 127
503119890 127
503119919 127
503185411 127
503185413 127
503185436 127
503185454 127
503250963 127
503250977 127
503250980 127
503250990 127
503316489 127
503316514 127
503316516 127
503316527 127
503382033 127
503382035 127
503382050 127
503382052 127
503447553 127
503447556 127
503447558 127
503447559 127
503513091 127
503513114 127
503513117 127
503513128 127
503578625 127
503578630 127
503578632 127
503578647 127
503644180 127
503644183 127
503644197 127
503644202 127
503709698 127
503709707 127
503709724 127
503709733 127
503775234 127
503775255 127
503775268 127
503775277 127
503840768 127
503840773 127
503840778 127
503840791 127
503906319 127
503906333 127
503906348 127
503906350 127
503971840 127
503971842 127
503971851 127
503971869 127
504037387 127
504037402 127
504037404 127
504037409 127
504102914 127
504102936 127
504102943 127
504102957 127
504168458 127
504168464 127
504168485 127
504168491 127
504233984 127
504233991 127
504233998 127
504234005 127
504299540 127
504299561 127
504299562 127
504299563 127
504365072 127
504365079 127
504365085 127
504365086 127
504430596 127
504430601 127
504430630 127
504430639 127
504496159 127
504496160 127
504496169 127
504496174 127
504561680 127
504561691 127
504561693 127
504561698 127
504627217 127
504627227 127
504627230 127
504627236 127
504692765 127
504692770 127
504692771 127
504692772 127
504758287 127
504758304 127
504758309 127
504758314 127
504823817 127
504823822 127
504823835 127
504823840 127
504889362 127
504889364 127
504889367 127
504889381 127
504954886 127
504954888 127
504954893 127
504954895 127
505020416 127
505020451 127
505020457 127
505020458 127
505085957 127
505085966 127
505085975 127
505085992 127
505151509 127
505151512 127
505151515 127
505151526 127
505217025 127
505217051 127
505217062 127
505217064 127
505282586 127
505282588 127
505282601 127
505282603 127
505348116 127
505348125 127
505348135 127
505348138 127
505413643 127
505413661 127
505413666 127
505413672 127
505479173 127
505479192 127
505479195 127
505479198 127
505544720 127
505544729 127
505544734 127
505544751 127
505610247 127
505610260 127
505610266 127
505610281 127
505675778 127
505675807 127
505675812 127
505675817 127
505741322 127
505741336 127
505741337 127
505741355 127
505806854 127
505806857 127
505806887 127
505806888 127
505872386 127
505872387 127
505872393 127
505872396 127
505937920 127
505937945 127
505937955 127
505937962 127
506003460 127
506003475 127
506003493 127
506003502 127
506069008 127
506069009 127
506069018 127
506069027 127
506134547 127
506134556 127
506134561 127
506134562 127
506200072 127
506200087 127
506200090 127
506200101 127
506265617 127
506265619 127
506265628 127
506265638 127
506331137 127
506331158 127
506331172 127
506331175 127
506396676 127
506396697 127
506396703 127
506396706 127
506462224 127
506462225 127
506462238 127
506462239 127
506527747 127
506527749 127
506527756 127
506527790 127
506593305 127
506593312 127
506593315 127
506593322 127
506658836 127
506658837 127
506658842 127
506658863 127
506724366 127
506724387 127
506724388 127
506724389 127
506789888 127
506789890 127
506789895 127
506789913 127
506855448 127
506855469 127
506855470 127
506855471 127
506920979 127
506920980 127
506920989 127
506920994 127
506986510 127
506986511 127
506986521 127
506986536 127
507052046 127
507052047 127
507052052 127
507052053 127
507117593 127
507117604 127
507117606 127
507117607 127
507183110 127
507183128 127
507183129 127
507183131 127
507248643 127
507248656 127
507248662 127
507248665 127
507314178 127
507314187 127
507314192 127
507314221 127
507379715 127
507379724 127
507379738 127
507379745 127
507445284 127
507445287 127
507445289 127
507445294 127
507510786 127
507510800 127
507510803 127
507510809 127
507576321 127
507576342 127
507576360 127
507576367 127
507641874 127
507641877 127
507641884 127
507641895 127
507707392 127
507707399 127
507707429 127
507707430 127
507772941 127
507772947 126
507772958 127
507772972 127
507838494 127
507838496 127
507838501 127
507838503 127
507904035 127
507904036 127
507904037 127
507904042 127
507969553 127
507969580 127
507969582 127
507969583 127
508035074 127
508035081 127
508035087 127
508035116 127
508100634 127
508100644 127
508100649 127
508100651 127
508166151 127
508166154 127
508166165 127
508166168 127
508231695 127
508231714 127
508231716 127
508231717 127
508297216 127
508297219 127
508297226 127
508297237 127
508362759 127
508362764 127
508362781 127
508362794 127
508428310 127
508428311 127
508428325 127
508428332 127
508493824 127
508493842 127
508493845 127
508493847 127
508559370 127
508559371 127
508559373 127
508559392 127
508624908 127
508624914 127
508624917 127
508624943 127
508690451 127
508690458 127
508690460 127
508690461 127
508755992 127
508755999 127
508756001 127
508756010 127
508821511 127
508821525 127
508821544 127
508821546 127
508887069 127
508887071 127
508887082 127
508887084 127
508952586 127
508952589 127
508952607 127
508952620 127
509018117 127
509018120 127
509018142 127
509018151 127
509083651 127
509083658 127
509083672 127
509083689 127
509149188 127
509149191 127
509149193 127
509149218 127
509214722 127
509214756 127
509214763 127
509214765 127
509280262 127
509280276 127
509280277 127
509280279 127
509345816 127
509345829 127
509345834 127
509345839 127
509411355 127
509411358 127
509411364 127
509411365 127
509476872 127
509476885 127
509476902 127
509476907 127
509542400 127
509542406 127
509542409 127
509542415 127
509607937 127
509607951 127
509607954 127
509607972 127
509673482 127
509673485 127
509673503 127
509673516 127
509739008 127
509739010 127
509739025 127
509739043 127
509804562 127
509804567 127
509804568 127
509804581 127
509870093 127
509870112 127
509870118 127
509870123 127
509935637 127
509935640 127
509935642 127
509935655 127
510001166 127
510001184 127
510001193 127
510001195 127
510066718 127
510066724 127
510066733 127
510066735 127
510132246 127
510132248 127
510132261 127
510132267 127
510197765 127
510197787 127
510197792 127
510197806 127
510263305 127
510263308 127
510263322 127
510263327 127
510328840 127
510328850 127
510328857 127
510328863 127
510394382 127
510394383 127
510394384 127
510394385 127
510459920 127
510459933 127
510459934 127
510459943 127
510525468 127
510525473 127
510525475 127
510525482 127
510590993 127
510590994 127
510591012 127
510591023 127
510656521 127
510656548 127
510656554 127
510656559 127
510722059 127
510722064 127
510722073 127
510722090 127
510787584 127
510787595 127
510787601 127
510787610 127
510853128 127
510853139 127
510853142 127
510853161 127
510918673 127
510918683 127
510918686 127
510918700 127
510984193 127
510984196 127
510984206 127
510984223 127
511049746 127
511049757 127
511049760 127
511049771 127
511115267 127
511115290 127
511115292 127
511115305 127
511180800 127
511180805 127
511180807 127
511180826 127
511246351 127
511246364 127
511246365 127
511246374 127
511311896 127
511311905 127
511311907 127
511311914 127
511377410 127
511377411 127
511377412 127
511377425 127
511442953 127
511442954 127
511442956 127
511442975 127
511508492 127
511508494 127
511508503 127
511508525 127
511574028 127
511574047 127
511574061 127
511574062 127
511639571 127
511639584 127
511639585 127
511639598 127
511705103 127
511705118 127
511705128 127
511705133 127
511770632 127
511770645 127
511770659 127
511770666 127
511836173 127
511836192 127
511836203 127
511836206 127
511901699 127
511901720 127
511901737 127
511901742 127
511967232 127
511967235 127
511967237 127
511967270 127
512032792 127
512032795 127
512032797 127
512032814 127
512098306 127
512098316 127
512098335 127
512098337 127
512163847 127
512163848 127
512163858 127
512163865 127
512229387 127
512229398 127
512229400 127
512229405 127
512294916 127
512294921 127
512294922 127
512294935 127
512360451 127
512360456 127
512360470 127
512360489 127
512425996 127
512426017 127
512426030 127
512426031 127
512491559 127
512491561 127
512491564 127
512491566 127
512557074 127
512557076 127
512557081 127
512557095 127
512622603 127
512622605 127
512622628 127
512622630 127
512688129 127
512688130 127
512688131 127
512688136 127
512753677 127
512753686 127
512753700 127
512753707 127
512819236 127
512819238 127
512819245 127
512819247 127
512884750 127
512884771 127
512884773 127
512884776 127
512950296 127
512950299 127
512950310 127
512950313 127
513015818 127
513015825 127
513015832 127
513015847 127
513081355 127
513081360 127
513081378 127
513081389 127
513146890 127
513146892 127
513146909 127
513146927 127
513212434 127
513212440 127
513212445 127
513212447 127
513277961 127
513277980 127
513277983 127
513277994 127
513343528 127
513343529 127
513343534 127
513343535 127
513409027 127
513409030 127
513409053 127
513409064 127
513474563 127
513474577 127
513474584 127
513474602 127
513540096 127
513540097 127
513540111 127
513540138 127
513605651 127
513605656 127
513605665 127
513605674 127
513671173 127
513671183 127
513671184 127
513671186 127
513736719 127
513736722 127
513736737 127
513736740 127
513802257 127
513802275 127
513802276 127
513802278 127
513867784 127
513867793 127
513867798 127
513867811 127
513933322 127
513933337 127
513933344 127
513933351 127
513998857 127
513998882 127
513998884 127
513998887 127
514064389 127
514064394 127
514064420 127
514064431 127
514129922 127
514129948 127
514129949 127
514129967 127
514195459 127
514195490 127
514195496 127
514195501 127
514261016 127
514261025 127
514261030 127
514261035 127
514326536 127
514326546 127
514326559 127
514326573 127
514392084 127
514392085 127
514392087 127
514392110 127
514457607 127
514457609 127
514457628 127
514457630 127
514523143 127
514523144 127
514523150 127
514523157 127
514588679 127
514588700 127
514588702 127
514588705 127
514654211 127
514654220 127
514654225 127
514654254 127
514719780 127
514719781 127
514719786 127
514719787 127
514785306 127
514785319 127
514785320 127
514785321 127
514850838 127
514850856 127
514850861 127
514850863 127
514916385 127
514916386 127
514916392 127
514916395 127
514981906 127
514981909 127
514981912 127
514981919 127
515047430 127
515047440 127
515047465 127
515047471 127
515112989 127
515112995 127
515112998 127
515113000 127
515178504 127
515178505 127
515178526 127
515178527 127
515244038 127
515244047 127
515244048 127
515244069 127
515309588 127
515309589 127
515309590 127
515309591 127
515375116 127
515375130 127
515375139 127
515375141 127
515440651 127
515440657 127
515440680 127
515440682 127
515506207 127
515506213 127
515506214 127
515506216 127
515571728 127
515571735 127
515571749 127
515571750 127
515637253 127
515637283 127
515637284 127
515637294 127
515702799 127
515702817 127
515702824 127
515702830 127
515768323 127
515768337 127
515768340 127
515768342 127
515833860 127
515833865 127
515833866 127
515833895 127
515899400 127
515899417 127
515899418 127
515899435 127
515964934 127
515964937 127
515964948 127
515964967 127
516030464 127
516030466 127
516030481 127
516030503 127
516096011 127
516096012 127
516096022 127
516096033 127
516161538 127
516161572 127
516161581 127
516161583 127
516227079 127
516227093 127
516227098 127
516227116 127
516292631 127
516292648 127
516292650 127
516292653 127
516358144 127
516358154 127
516358165 127
516358187 127
516423680 127
516423683 127
516423721 127
516423726 127
516489233 127
516489240 127
516489242 127
516489243 127
516554754 127
516554764 127
516554795 127
516554797 127
516620322 127
516620327 127
516620329 127
516620332 127
516685829 127
516685868 127
516685870 127
516685871 127
516751387 127
516751396 127
516751397 127
516751398 127
516816900 127
516816922 127
516816927 127
516816933 127
516882440 127
516882445 127
516882475 127
516882478 127
516947969 127
516947983 127
516947998 127
516948000 127
517013509 127
517013511 127
517013532 127
517013538 127
517079055 127
517079058 127
517079072 127
517079085 127
517144586 127
517144588 127
517144601 127
517144615 127
517210144 127
517210150 127
517210155 127
517210157 127
517275649 127
517275650 127
517275664 127
517275687 127
517341185 127
517341188 127
517341191 127
517341214 127
517406733 127
517406752 127
517406766 127
517406767 127
517472258 127
517472268 127
517472269 127
517472291 127
517537796 127
517537802 127
517537811 127
517537813 127
517603360 127
517603367 127
517603373 127
517603374 127
517668880 127
517668901 127
517668903 127
517668910 127
517734403 127
517734405 127
517734410 127
517734444 127
517799947 127
517799949 127
517799970 127
517799976 127
517865513 127
517865515 127
517865516 127
517865518 127
517931013 127
517931016 127
517931027 127
517931030 127
517996552 127
517996567 127
517996570 127
517996585 127
518062085 127
518062112 127
518062118 127
518062123 127
518127649 127
518127658 127
518127659 127
518127660 127
518193156 127
518193170 127
518193193 127
518193199 127
518258716 127
518258717 127
518258723 127
518258730 127
518324229 127
518324264 127
518324270 127
518324271 127
518389772 127
518389795 127
518389802 127
518389805 127
518455299 127
518455334 127
518455337 127
518455340 127
518520872 127
518520875 127
518520877 127
518520878 127
518586389 127
518586403 127
518586408 127
518586410 127
518651910 127
518651947 127
518651948 127
518651949 127
518717466 127
518717469 127
518717479 127
518717484 127
518782996 127
518783015 127
518783017 127
518783022 127
518848518 127
518848548 127
518848551 127
518848553 127
518914049 127
518914050 127
518914064 127
518914067 127
518979586 127
518979589 127
518979608 127
518979627 127
519045123 127
519045136 127
519045138 127
519045141 127
519110668 127
519110673 127
519110679 127
519110702 127
519176198 127
519176224 127
519176225 127
519176231 127
519241729 127
519241732 127
519241739 127
519241750 127
519307306 127
519307307 127
519307308 127
519307309 127
519372811 127
519372820 127
519372825 127
519372846 127
519438366 127
519438369 127
519438376 127
519438383 127
519503875 127
519503905 127
519503908 127
519503918 127
519569438 127
519569447 127
519569449 127
519569452 127
519634954 127
519634963 127
519634973 127
519634984 127
519700497 127
519700502 127
519700512 127
519700515 127
519766020 127
519766041 127
519766054 127
519766059 127
519831577 127
519831579 127
519831588 127
519831590 127
519897111 127
519897124 127
519897133 127
519897134 127
519962634 127
519962639 127
519962649 127
519962656 127
520028180 127
520028183 127
520028189 127
520028206 127
520093709 127
520093710 127
520093723 127
520093724 127
520159236 127
520159238 127
520159257 127
520159259 127
520224770 127
520224772 127
520224801 127
520224807 127
520290318 127
520290320 127
520290341 127
520290343 127
520355865 127
520355868 127
520355870 127
520355871 127
520421405 127
520421406 127
520421407 127
520421408 127
520486935 127
520486938 127
520486940 127
520486949 127
520552448 127
520552450 127
520552455 127
520552469 127
520617984 127
520617994 127
520617995 127
520618017 127
520683523 127
520683537 127
520683550 127
520683560 127
520749056 127
520749075 127
520749098 127
520749101 127
520814619 127
520814626 127
520814628 127
520814633 127
520880140 127
520880142 127
520880159 127
520880173 127
520945674 127
520945696 127
520945697 127
520945703 127
521011211 127
521011224 127
521011233 127
521011246 127
521076736 127
521076771 127
521076773 127
521076774 127
521142276 127
521142306 127
521142309 127
521142311 127
521207836 127
521207838 127
521207841 127
521207855 127
521273373 127
521273374 127
521273375 127
521273376 127
521338887 127
521338913 127
521338922 127
521338924 127
521404424 127
521404425 127
521404434 127
521404439 127
521469992 127
521469997 127
521469998 127
521469999 127
521535520 127
521535523 127
521535533 127
521535534 127
521601032 127
521601033 127
521601051 127
521601066 127
521666572 127
521666593 127
521666595 127
521666598 127
521732111 127
521732112 127
521732130 127
521732141 127
521797655 127
521797661 127
521797662 127
521797668 127
521863174 127
521863207 127
521863212 127
521863213 127
521928738 127
521928740 127
521928747 127
521928749 127
521994268 127
521994278 127
521994279 127
521994285 127
522059805 127
522059808 127
522059810 127
522059823 127
522125312 127
522125326 127
522125339 127
522125349 127
522190849 127
522190864 127
522190882 127
522190895 127
522256421 127
522256422 127
522256424 127
522256427 127
522321920 127
522321954 127
522321965 127
522321967 127
522387484 127
522387494 127
522387497 127
522387499 127
522452998 127
522453003 127
522453021 127
522453028 127
522518530 127
522518553 127
522518555 127
522518572 127
522584065 127
522584079 127
522584086 127
522584088 127
522649630 127
522649632 127
522649633 127
522649647 127
522715145 127
522715152 127
522715159 127
522715178 127
522780673 127
522780679 127
522780696 127
522780714 127
522846217 127
522846218 127
522846219 127
522846240 127
522911749 127
522911772 127
522911786 127
522911787 127
522977304 127
522977305 127
522977319 127
522977326 127
523042844 127
523042855 127
523042857 127
523042858 127
523108355 127
523108364 127
523108382 127
523108393 127
523173922 127
523173927 127
523173929 127
523173932 127
523239459 127
523239461 127
523239466 127
523239468 127
523304983 127
523304993 127
523305002 127
523305004 127
523370516 127
523370535 127
523370537 127
523370542 127
523436034 127
523436072 127
523436073 127
523436079 127
523501571 127
523501612 127
523501613 127
523501614 127
523567109 127
523567128 127
523567130 127
523567151 127
523632641 127
523632644 127
523632659 127
523632674 127
523698190 127
523698205 127
523698220 127
523698223 127
523763716 127
523763742 127
523763753 127
523763755 127
523829268 127
523829271 127
523829285 127
523829294 127
523894801 127
523894803 127
523894804 127
523894806 127
523960359 127
523960361 127
523960364 127
523960366 127
524025882 127
524025900 127
524025901 127
524025903 127
524091405 127
524091410 127
524091419 127
524091432 127
524156934 127
524156959 127
524156964 127
524156965 127
524222469 127
524222483 127
524222486 127
524222508 127
524288019 127
524288026 127
524288040 127
524288045 127
524353564 127
524353569 127
524353582 127
524353583 127
524419072 127
524419077 127
524419082 127
524419119 127
524484621 127
524484639 127
524484640 127
524484650 127
524550147 127
524550177 127
524550182 127
524550188 127
524615700 127
524615714 127
524615721 127
524615727 127
524681242 127
524681245 127
524681259 127
524681260 127
524746764 127
524746782 127
524746783 127
524746785 127
524812290 127
524812325 127
524812327 127
524812328 127
524877826 127
524877861 127
524877868 127
524877871 127
524943383 127
524943388 127
524943397 127
524943402 127
525008924 127
525008926 127
525008933 127
525008943 127
525074436 127
525074462 127
525074467 127
525074477 127
525139975 127
525139997 127
525140010 127
525140012 127
525205530 127
525205539 127
525205548 127
525205549 127
525271041 127
525271046 127
525271055 127
525271076 127
525336600 127
525336605 127
525336614 127
525336615 127
525402139 127
525402153 127
525402156 127
525402158 127
525467682 127
525467687 127
525467689 127
525467692 127
525533190 127
525533213 127
525533227 127
525533228 127
525598733 127
525598735 127
525598738 127
525598756 127
525664263 127
525664268 127
525664298 127
525664301 127
525729819 127
525729822 127
525729824 127
525729833 127
525795349 127
525795352 127
525795363 127
525795370 127
525860891 126
525860898 127
525860900 127
525860909 127
525926401 127
525926432 127
525926446 127
525926447 127
525991974 127
525991976 127
525991981 127
525991983 127
526057479 127
526057482 127
526057501 127
526057516 127
526123021 127
526123023 127
526123028 127
526123054 127
526188570 127
526188588 127
526188589 127
526188591 127
526254088 127
526254090 127
526254109 127
526254123 127
526319647 127
526319650 127
526319660 127
526319661 127
526385172 127
526385177 127
526385191 127
526385198 127
526450688 127
526450702 127
526450705 127
526450723 127
526516242 127
526516248 127
526516261 127
526516263 127
526581781 127
526581795 127
526581802 127
526581804 127
526647318 127
526647328 127
526647337 127
526647339 127
526712832 127
526712851 127
526712870 127
526712873 127
526778371 127
526778394 127
526778408 127
526778413 127
526843917 127
526843920 127
526843935 127
526843938 127
526909467 127
526909472 127
526909474 127
526909477 127
526974981 127
526975004 127
526975014 127
526975023 127
527040553 127
527040555 127
527040556 127
527040558 127
527106056 127
527106061 127
527106075 127
527106086 127
527171603 127
527171621 127
527171624 127
527171626 127
527237120 127
527237134 127
527237155 127
527237157 127
527302670 127
527302691 127
527302700 127
527302701 127
527368229 127
527368231 127
527368234 127
527368236 127
527433736 127
527433770 127
527433771 127
527433773 127
527499273 127
527499292 127
527499303 127
527499306 127
527564805 127
527564834 127
527564844 127
527564847 127
527630344 127
527630370 127
527630371 127
527630373 127
527695903 127
527695906 127
527695909 127
527695912 127
527761413 127
527761440 127
527761443 127
527761454 127
527826950 127
527826955 127
527826984 127
527826985 127
527892504 127
527892510 127
527892521 127
527892523 127
527958027 127
527958060 127
527958061 127
527958062 127
528023562 127
528023589 127
528023592 127
528023595 127
528089132 127
528089133 127
528089134 127
528089135 127
528154631 127
528154664 127
528154669 127
528154670 127
528220177 127
528220198 127
528220204 127
528220207 127
528285730 127
528285735 127
528285737 127
528285740 127
528351260 127
528351277 127
528351278 127
528351279 127
528416773 127
528416778 127
528416808 127
528416811 127
528482305 127
528482315 127
528482320 127
528482322 127
528547841 127
528547842 127
528547848 127
528547879 127
528613379 127
528613381 127
528613408 127
528613414 127
528678916 127
528678918 127
528678919 127
528678921 127
528744467 127
528744469 127
528744482 127
528744484 127
528809997 127
528809999 127
528810000 127
528810014 127
528875541 127
528875544 127
528875551 127
528875558 127
528941059 127
528941064 127
528941066 127
528941069 127
529006603 127
529006613 127
529006614 127
529006616 127
529072152 127
529072155 127
529072161 127
529072162 127
529137666 127
529137669 127
529137683 127
529137696 127
529203200 127
529203215 127
529203221 127
529203238 127
529268739 127
529268741 127
529268742 127
529268748 127
529334273 127
529334276 127
529334278 127
529334279 127
529399822 127
529399832 127
529399837 127
529399851 127
529465348 127
529465354 127
529465357 127
529465359 127
529530880 127
529530893 127
529530903 127
529530910 127
529596427 127
529596428 127
529596430 127
529596433 127
529661961 127
529661962 127
529661963 127
529661968 127
529727489 127
529727491 127
529727504 127
529727518 127
529793033 127
529793047 127
529793050 127
529793068 127
529858569 127
529858582 127
529858584 127
529858599 127
529924101 127
529924106 127
529924123 127
529924124 127
529989632 127
529989635 127
529989638 127
529989641 127
530055177 127
530055180 127
530055182 127
530055191 127
530120704 127
530120722 127
530120741 127
530120747 127
530186250 127
530186251 127
530186264 127
530186265 127
530251780 127
530251781 127
530251782 127
530251799 127
530317328 127
530317329 127
530317338 127
530317343 127
530382865 127
530382880 127
530382882 127
530382895 127
530448400 127
530448403 127
530448414 127
530448425 127
530513928 127
530513934 127
530513937 127
530513951 127
530579457 127
530579459 127
530579474 127
530579480 127
530645008 127
530645011 127
530645013 127
530645030 127
530710547 127
530710561 127
530710562 127
530710564 127
530776064 127
530776065 127
530776079 127
530776090 127
530841609 127
530841610 127
530841611 127
530841616 127
530907145 127
530907158 127
530907160 127
530907163 127
530972674 127
530972680 127
530972681 127
530972687 127
531038209 127
531038210 127
531038219 127
531038236 127
531103745 127
531103755 127
531103760 127
531103762 127
531169283 127
531169297 127
531169300 127
531169302 127
531234836 127
531234854 127
531234855 127
531234857 127
531300360 127
531300369 127
531300382 127
531300391 127
531365901 127
531365902 127
531365903 127
531365920 127
531431426 127
531431428 127
531431441 127
531431455 127
531496986 127
531496988 127
531496991 127
531496997 127
531562502 127
531562505 127
531562507 127
531562508 127
531628036 127
531628038 127
531628039 127
531628041 127
531693573 127
531693575 127
531693576 127
531693590 127
531759104 127
531759106 127
531759119 127
531759121 127
531824640 127
531824645 127
531824663 127
531824666 127
531890186 127
531890189 127
531890203 127
531890216 127
531955712 127
531955719 127
531955722 127
531955737 127
532021252 127
532021253 127
532021255 127
532021258 127
532086806 127
532086809 127
532086811 127
532086820 127
532152324 127
532152331 127
532152334 127
532152341 127
532217860 127
532217863 127
532217878 127
532217893 127
532283397 127
532283398 127
532283400 127
532283411 127
532348931 127
532348933 127
532348936 127
532348974 127
532414498 127
532414501 127
532414507 127
532414508 127
532480011 127
532480014 127
532480016 127
532480017 127
532545536 127
532545537 127
532545539 127
532545558 127
532611085 127
532611091 127
532611094 127
532611100 127
532676625 127
532676628 127
532676639 127
532676646 127
532742155 127
532742173 127
532742176 127
532742182 127
532807685 127
532807694 127
532807696 127
532807703 127
532873224 127
532873250 127
532873257 127
532873259 127
532938753 127
532938762 127
532938763 127
532938768 127
533004292 127
533004298 127
533004301 127
533004315 127
533069851 127
533069853 127
533069854 127
533069856 127
533135365 127
533135368 127
533135390 127
533135403 127
533200896 127
533200911 127
533200914 127
533200933 127
533266451 127
533266460 127
533266465 127
533266474 127
533331968 127
533331981 127
533331982 127
533331991 127
533397506 127
533397523 127
533397525 127
533397528 127
533463048 127
533463058 127
533463065 127
533463067 127
533528586 127
533528591 127
533528604 127
533528609 127
533594114 127
533594115 127
533594128 127
533594129 127
533659651 127
533659669 127
533659678 127
533659680 127
533725186 127
533725187 127
533725188 127
533725189 127
533790731 127
533790740 127
533790741 127
533790758 127
533856265 127
533856276 127
533856279 127
533856294 127
533921799 127
533921825 127
533921830 127
533921836 127
533987330 127
533987345 127
533987348 127
533987371 127
534052872 127
534052893 127
534052895 127
534052898 127
534118401 127
534118402 127
534118404 127
534118407 127
534183954 127
534183961 127
534183964 127
534183967 127
534249472 127
534249497 127
534249499 127
534249502 127
534315019 127
534315032 127
534315045 127
534315050 127
534380553 127
534380587 127
534380588 127
534380590 127
534446098 127
534446100 127
534446101 127
534446127 127
534511624 127
534511631 127
534511634 127
534511645 127
534577175 127
534577182 127
534577192 127
534577197 127
534642692 127
534642701 127
534642706 127
534642711 127
534708230 127
534708232 127
534708233 127
534708247 127
534773769 127
534773770 127
534773772 127
534773787 127
534839301 127
534839302 127
534839307 127
534839308 127
534904842 127
534904843 127
534904844 127
534904849 127
534970374 127
534970393 127
534970395 127
534970396 127
535035904 127
535035907 127
535035922 127
535035941 127
535101448 127
535101449 127
535101454 127
535101483 127
535166983 127
535166984 127
535166986 127
535167005 127
535232515 127
535232532 127
535232534 127
535232537 127
535298049 127
535298051 127
535298070 127
535298084 127
535363588 127
535363593 127
535363595 127
535363610 127
535429128 127
535429129 127
535429142 127
535429143 127
535494669 127
535494688 127
535494691 127
535494698 127
535560193 127
535560194 127
535560195 127
535560208 127
535625734 127
535625744 127
535625757 127
535625771 127
535691268 127
535691271 127
535691281 127
535691302 127
535756816 127
535756837 127
535756838 127
535756839 127
535822345 127
535822348 127
535822366 127
535822367 127
535887881 127
535887895 127
535887896 127
535887910 127
535953408 127
535953434 127
535953437 127
535953443 127
536018945 127
536018955 127
536018958 127
536018960 127
536084488 127
536084493 127
536084499 127
536084502 127
536150017 127
536150028 127
536150039 127
536150042 127
536215579 127
536215580 127
536215582 127
536215589 127
536281092 127
536281101 127
536281102 127
536281119 127
536346630 127
536346649 127
536346663 127
536346664 127
536412169 127
536412172 127
536412178 127
536412191 127
536477714 127
536477715 127
536477717 127
536477720 127
536543232 127
536543243 127
536543246 127
536543249 127
536608787 127
536608788 127
536608790 127
536608809 127
536674307 127
536674310 127
536674312 127
536674333 127
536739840 127
536739842 127
536739851 127
536739865 127
536805408 127
536805409 127
536805410 127
536805411 127
536870920 127
536870922 127
536870927 127
536870937 127
536936451 127
536936460 127
536936461 127
536936494 127
537001985 127
537002003 127
537002012 127
537002026 127
537067524 127
537067549 127
537067551 127
537067554 127
537133059 127
537133080 127
537133081 127
537133098 127
537198593 127
537198606 127
537198623 127
537198628 127
537264143 127
537264146 127
537264156 127
537264161 127
537329671 127
537329685 127
537329686 127
537329708 127
537395214 127
537395217 127
537395219 127
537395220 127
537460738 127
537460740 127
537460741 127
537460747 127
537526273 127
537526276 127
537526286 127
537526291 127
537591815 127
537591832 127
537591837 127
537591838 127
537657345 127
537657346 127
537657348 127
537657359 127
537722880 127
537722909 127
537722911 127
537722926 127
537788421 127
537788432 127
537788447 127
537788450 127
537853953 127
537853954 127
537853956 127
537853963 127
537919493 127
537919494 127
537919496 127
537919535 127
537985035 127
537985037 127
537985068 127
537985070 127
538050575 127
538050578 127
538050588 127
538050601 127
538116099 127
538116102 127
538116109 127
538116116 127
538181638 127
538181641 127
538181671 127
538181676 127
538247173 127
538247176 127
538247178 127
538247179 127
538312718 127
538312736 127
538312741 127
538312747 127
538378270 127
538378276 127
538378285 127
538378287 127
538443781 127
538443784 127
538443807 127
538443818 127
538509327 127
538509328 127
538509329 127
538509358 127
538574859 127
538574862 127
538574880 127
538574893 127
538640401 127
538640404 127
538640419 127
538640430 127
538705927 127
538705946 127
538705949 127
538705964 127
538771465 127
538771467 127
538771468 127
538771494 127
538836993 127
538837004 127
538837014 127
538837023 127
538902547 127
538902554 127
538902557 127
538902560 127
538968067 127
538968077 127
538968086 127
538968088 127
539033610 127
539033612 127
539033635 127
539033637 127
539099141 127
539099142 127
539099168 127
539099179 127
539164673 127
539164688 127
539164707 127
539164710 127
539230230 127
539230232 127
539230233 127
539230251 127
539295753 127
539295770 127
539295779 127
539295784 127
539361289 127
539361290 127
539361299 127
539361300 127
539426840 127
539426842 127
539426843 127
539426857 127
539492359 127
539492362 127
539492365 127
539492372 127
539557892 127
539557914 127
539557923 127
539557933 127
539623424 127
539623434 127
539623449 127
539623455 127
539688972 127
539688973 127
539688982 127
539688983 127
539754496 127
539754511 127
539754513 127
539754518 127
539820032 127
539820035 127
539820049 127
539820074 127
539885571 127
539885589 127
539885590 127
539885604 127
539951118 127
539951129 127
539951132 127
539951151 127
540016654 127
540016673 127
540016675 127
540016676 127
540082192 127
540082193 127
540082194 127
540082219 127
540147717 127
540147727 127
540147740 127
540147746 127
540213270 127
540213273 127
540213275 127
540213276 127
540278785 127
540278790 127
540278791 127
540278812 127
540344334 127
540344339 127
540344345 127
540344360 127
540409864 127
540409869 127
540409874 127
540409879 127
540475404 127
540475407 127
540475409 127
540475410 127
540540940 127
540540950 127
540540961 127
540540975 127
540606469 127
540606474 127
540606480 127
540606491 127
540672020 127
540672022 127
540672035 127
540672041 127
540737543 127
540737546 127
540737552 127
540737557 127
540803091 127
540803092 127
540803093 127
540803094 127
540868621 127
540868627 127
540868634 127
540868640 127
540934166 127
540934169 127
540934171 127
540934188 127
540999692 127
540999706 127
540999713 127
540999723 127
541065232 127
541065251 127
541065253 127
541065254 127
541130763 127
541130764 127
541130770 127
541130773 127
541196289 127
541196310 127
541196312 127
541196315 127
541261829 127
541261838 127
541261856 127
541261867 127
541327380 127
541327389 127
541327394 127
541327403 127
541392900 127
541392902 127
541392911 127
541392913 127
541458438 127
541458439 127
541458441 127
541458476 127
541523982 127
541523988 127
541523993 127
541523995 127
541589510 127
541589531 127
541589540 127
541589549 127
541655070 127
541655073 127
541655075 127
541655080 127
541720578 127
541720580 127
541720581 127
541720595 127
541786128 127
541786133 127
541786146 127
541786147 127
541851649 127
541851659 127
541851666 127
541851676 127
541917201 127
541917203 127
541917218 127
541917224 127
541982722 127
541982723 127
541982724 127
541982725 127
542048262 127
542048267 127
542048276 127
542048301 127
542113792 127
542113807 127
542113822 127
542113825 127
542179330 127
542179360 127
542179361 127
542179375 127
542244864 127
542244869 127
542244874 127
542244875 127
542310406 127
542310409 127
542310420 127
542310443 127
542375936 127
542375954 127
542375955 127
542375957 127
542441476 127
542441502 127
542441509 127
542441511 127
542507012 127
542507015 127
542507017 127
542507026 127
542572548 127
542572550 127
542572559 127
542572561 127
542638082 127
542638083 127
542638089 127
542638096 127
542703631 127
542703637 127
542703638 127
542703652 127
542769165 127
542769178 127
542769180 127
542769187 127
542834706 127
542834707 127
542834712 127
542834713 127
542900229 127
542900232 127
542900234 127
542900243 127
542965773 127
542965774 127
542965775 127
542965804 127
543031307 127
543031312 127
543031317 127
543031330 127
543096845 127
543096858 127
543096860 127
543096863 127
543162402 127
543162405 127
543162407 127
543162408 127
543227904 127
543227921 127
543227931 127
543227934 127
543293441 127
543293442 127
543293456 127
543293467 127
543358992 127
543359005 127
543359006 127
543359007 127
543424524 127
543424526 127
543424541 127
543424559 127
543490062 127
543490063 127
543490064 127
543490081 127
543555586 127
543555588 127
543555589 127
543555615 127
543621133 127
543621136 127
543621138 127
543621159 127
543686667 127
543686670 127
543686692 127
543686697 127
543752193 127
543752195 127
543752208 127
543752218 127
543817731 127
543817734 127
543817737 127
543817772 127
543883265 127
543883274 127
543883280 127
543883299 127
543948806 127
543948829 127
543948836 127
543948843 127
544014359 126
544014360 127
544014366 127
544014373 127
544079884 127
544079887 127
544079902 127
544079905 127
544145414 127
544145428 127
544145437 127
544145451 127
544210960 127
544210974 127
544210977 127
544210979 127
544276481 127
544276484 127
544276487 127
544276494 127
544342017 127
544342018 127
544342023 127
544342036 127
544407570 127
544407577 127
544407584 127
544407591 127
544473096 127
544473098 127
544473123 127
544473125 127
544538624 127
544538635 127
544538638 127
544538665 127
544604171 127
544604174 127
544604176 127
544604197 127
544669710 127
544669728 127
544669735 127
544669741 127
544735241 127
544735244 127
544735246 127
544735263 127
544800775 127
544800777 127
544800778 127
544800780 127
544866305 127
544866320 127
544866323 127
544866334 127
544931847 127
544931849 127
544931852 127
544931870 127
544997384 127
544997387 127
544997397 127
544997402 127
545062913 127
545062914 127
545062915 127
545062916 127
545128450 127
545128452 127
545128467 127
545128493 127
545193984 127
545193986 127
545193989 127
545194015 127
545259523 127
545259534 127
545259544 127
545259545 127
545325072 127
545325075 127
545325082 127
545325093 127
545390613 127
545390622 127
545390631 127
545390636 127
545456142 127
545456151 127
545456153 127
545456156 127
545521670 127
545521672 127
545521689 127
545521699 127
545587206 127
545587209 127
545587216 127
545587223 127
545652756 127
545652758 127
545652759 127
545652773 127
545718276 127
545718285 127
545718286 127
545718303 127
545783821 127
545783822 127
545783840 127
545783855 127
545849345 127
545849346 127
545849347 127
545849364 127
545914898 127
545914904 127
545914907 127
545914909 127
545980427 127
545980436 127
545980445 127
545980454 127
546045952 127
546045967 127
546045969 127
546045970 127
546111496 127
546111501 127
546111506 127
546111507 127
546177033 127
546177036 127
546177051 127
546177054 127
546242572 127
546242595 127
546242597 127
546242606 127
546308099 127
546308106 127
546308113 127
546308136 127
546373633 127
546373646 127
546373648 127
546373655 127
546439172 127
546439185 127
546439187 127
546439190 127
546504704 127
546504709 127
546504710 127
546504711 127
546570254 127
546570256 127
546570265 127
546570271 127
546635813 127
546635814 127
546635816 127
546635823 127
546701327 127
546701338 127
546701341 127
546701344 127
546766848 127
546766853 127
546766866 127
546766879 127
546832385 127
546832395 127
546832396 127
546832398 127
546897934 127
546897935 127
546897944 127
546897945 127
546963458 127
546963469 127
546963471 127
546963476 127
547028993 127
547029014 127
547029015 127
547029020 127
547094561 127
547094562 127
547094563 127
547094568 127
547160094 127
547160100 127
547160101 127
547160107 127
547225611 127
547225636 127
547225645 127
547225646 127
547291160 127
547291163 127
547291174 127
547291181 127
547356673 127
547356692 127
547356707 127
547356710 127
547422210 127
547422212 127
547422213 127
547422215 127
547487752 127
547487755 127
547487762 127
547487785 127
547553292 127
547553297 127
547553298 127
547553307 127
547618831 127
547618848 127
547618850 127
547618853 127
547684359 127
547684362 127
547684373 127
547684380 127
547749895 127
547749914 127
547749929 127
547749932 127
547815426 127
547815429 127
547815443 127
547815448 127
547880962 127
547880972 127
547880979 127
547880989 127
547946515 127
547946517 127
547946520 127
547946526 127
548012036 127
548012055 127
548012057 127
548012062 127
548077569 127
548077576 127
548077582 127
548077583 127
548143104 127
548143106 127
548143107 127
548143117 127
548208664 127
548208665 127
548208678 127
548208683 127
548274192 127
548274194 127
548274195 127
548274209 127
548339712 127
548339719 127
548339721 127
548339750 127
548405254 127
548405257 127
548405279 127
548405288 127
548470796 127
548470798 127
548470805 127
548470807 127
548536328 127
548536329 127
548536335 127
548536354 127
548601878 127
548601883 127
548601885 127
548601896 127
548667392 127
548667395 127
548667413 127
548667422 127
548732928 127
548732938 127
548732941 127
548732963 127
548798469 127
548798474 127
548798476 127
548798499 127
548864020 127
548864023 127
548864034 127
548864045 127
548929555 127
548929565 127
548929574 127
548929576 127
548995076 127
548995109 127
548995111 127
548995114 127
549060620 127
549060637 127
549060650 127
549060655 127
549126156 127
549126159 127
549126177 127
549126190 127
549191687 127
549191700 127
549191701 127
549191702 127
549257219 127
549257233 127
549257236 127
549257238 127
549322769 127
549322772 127
549322779 127
549322798 127
549388297 127
549388299 127
549388300 127
549388310 127
549453831 127
549453846 127
549453848 127
549453853 127
549519367 127
549519368 127
549519370 127
549519373 127
549584899 127
549584902 127
549584904 127
549584921 127
549650450 127
549650452 127
549650453 127
549650455 127
549715978 127
549715981 127
549715992 127
549715995 127
549781515 127
549781520 127
549781533 127
549781550 127
549847067 127
549847072 127
549847077 127
549847078 127
549912579 127
549912593 127
549912594 127
549912596 127
549978113 127
549978139 127
549978152 127
549978158 127
550043648 127
550043661 127
550043678 127
550043683 127
550109216 127
550109217 127
550109219 127
550109222 127
550174721 127
550174727 127
550174742 127
550174760 127
550240269 127
550240295 127
550240296 127
550240302 127
550305800 127
550305801 127
550305811 127
550305826 127
550371328 127
550371333 127
550371334 127
550371371 127
550436880 127
550436883 127
550436897 127
550436902 127
550502407 127
550502412 127
550502422 127
550502425 127
550567939 127
550567960 127
550567969 127
550567974 127
550633478 127
550633485 127
550633488 127
550633519 127
550699021 127
550699026 127
550699035 127
550699044 127
550764545 127
550764567 127
550764584 127
550764586 127
550830080 127
550830099 127
550830113 127
550830122 127
550895636 127
550895649 127
550895655 127
550895662 127
550961154 127
550961160 127
550961163 127
550961177 127
551026715 127
551026728 127
551026733 127
551026734 127
551092228 127
551092239 127
551092249 127
551092254 127
551157788 127
551157790 127
551157803 127
551157805 127
551223300 127
551223306 127
551223321 127
551223327 127
551288834 127
551288840 127
551288855 127
551288873 127
551354394 127
551354396 127
551354409 127
551354411 127
551419923 127
551419932 127
551419933 127
551419946 127
551485448 127
551485459 127
551485473 127
551485474 127
551550987 127
551550988 127
551550994 127
551550997 127
551616545 127
551616546 127
551616551 127
551616552 127
551682048 127
551682055 127
551682066 127
551682069 127
551747587 127
551747589 127
551747590 127
551747616 127
551813125 127
551813148 127
551813158 127
551813159 127
551878656 127
551878661 127
551878666 127
551878667 127
551944198 127
551944205 127
551944212 127
551944215 127
552009753 127
552009755 127
552009756 127
552009766 127
552075274 127
552075279 127
552075285 127
552075292 127
552140806 127
552140813 127
552140820 127
552140823 127
552206340 127
552206349 127
552206354 127
552206363 127
552271873 127
552271884 127
552271886 127
552271891 127
552337423 127
552337448 127
552337449 127
552337450 127
552402950 127
552402953 127
552402964 127
552402983 127
552468494 127
552468497 127
552468512 127
552468527 127
552534016 127
552534018 127
552534019 127
552534021 127
552599559 127
552599585 127
552599592 127
552599598 127
552665097 127
552665100 127
552665110 127
552665111 127
552730629 127
552730634 127
552730636 127
552730643 127
552796164 127
552796171 127
552796178 127
552796181 127
552861696 127
552861721 127
552861722 127
552861731 127
552927243 127
552927254 127
552927256 127
552927273 127
552992775 127
552992781 127
552992790 127
552992804 127
553058311 127
553058328 127
553058333 127
553058342 127
553123844 127
553123861 127
553123862 127
553123863 127
553189386 127
553189389 127
553189400 127
553189407 127
553254913 127
553254930 127
553254932 127
553254959 127
553320459 127
553320477 127
553320482 127
553320484 127
553385986 127
553385996 127
553385999 127
553386001 127
553451531 127
553451533 127
553451554 127
553451556 127
553517058 127
553517063 127
553517064 127
553517097 127
553582601 127
553582614 127
553582616 127
553582631 127
553648148 127
553648150 127
553648151 127
553648161 127
553713671 127
553713677 127
553713698 127
553713708 127
553779207 127
553779208 127
553779217 127
553779242 127
553844742 127
553844745 127
553844768 127
553844775 127
553910276 127
553910281 127
553910286 127
553910295 127
553975810 127
553975815 127
553975836 127
553975841 127
554041345 127
554041354 127
554041388 127
554041391 127
554106883 127
554106885 127
554106910 127
554106920 127
554172429 127
554172431 127
554172436 127
554172450 127
554237963 127
554237980 127
554237985 127
554237986 127
554303496 127
554303507 127
554303521 127
554303522 127
554369031 127
554369050 127
554369052 127
554369053 127
554434567 127
554434584 127
554434593 127
554434602 127
554500099 127
554500101 127
554500114 127
554500124 127
554565632 127
554565646 127
554565653 127
554565667 127
554631193 127
554631204 127
554631211 127
554631214 127
554696729 127
554696734 127
554696735 127
554696736 127
554762273 127
554762276 127
554762278 127
554762283 127
554827784 127
554827818 127
554827821 127
554827823 127
554893326 127
554893332 127
554893337 127
554893351 127
554958851 127
554958861 127
554958880 127
554958882 127
555024400 127
555024401 127
555024403 127
555024406 127
555089935 127
555089937 127
555089942 127
555089956 127
555155478 127
555155493 127
555155496 127
555155503 127
555221011 127
555221025 127
555221034 127
555221036 127
555286546 127
555286564 127
555286569 127
555286571 127
555352083 127
555352090 127
555352092 127
555352097 127
555417611 127
555417616 127
555417621 127
555417630 127
555483156 127
555483159 127
555483161 127
555483166 127
555548672 127
555548703 127
555548705 127
555548706 127
555614215 127
555614229 127
555614234 127
555614244 127
555679748 127
555679766 127
555679769 127
555679775 127
555745304 127
555745306 127
555745315 127
555745321 127
555810823 127
555810837 127
555810860 127
555810862 127
555876378 127
555876381 127
555876383 127
555876388 127
555941888 127
555941895 127
555941902 127
555941905 127
556007431 127
556007456 127
556007461 127
556007466 127
556072966 127
556072975 127
556072977 127
556072980 127
556138500 127
556138514 127
556138527 127
556138541 127
556204038 127
556204039 127
556204044 127
556204049 127
556269580 127
556269582 127
556269589 127
556269607 127
556335104 127
556335123 127
556335126 127
556335137 127
556400649 127
556400660 127
556400667 127
556400674 127
556466177 127
556466211 127
556466216 127
556466218 127
556531712 127
556531714 127
556531745 127
556531755 127
556597263 127
556597273 127
556597290 127
556597292 127
556662797 127
556662804 127
556662806 127
556662811 127
556728328 127
556728342 127
556728345 127
556728347 127
556793873 127
556793883 127
556793884 127
556793898 127
556859419 127
556859426 127
556859428 127
556859433 127
556924934 127
556924972 127
556924973 127
556924975 127
556990477 127
556990492 127
556990502 127
556990511 127
557056006 127
557056012 127
557056029 127
557056031 127
557121539 127
557121546 127
557121564 127
557121577 127
557187073 127
557187084 127
557187098 127
557187119 127
557252640 127
557252643 127
557252646 127
557252653 127
557318150 127
557318180 127
557318181 127
557318191 127
557383686 127
557383691 127
557383693 127
557383700 127
557449217 127
557449227 127
557449242 127
557449248 127
557514758 127
557514765 127
557514767 127
557514780 127
557580306 127
557580323 127
557580325 127
557580332 127
557645842 127
557645843 127
557645853 127
557645864 127
557711361 127
557711378 127
557711383 127
557711396 127
557776931 127
557776937 127
557776938 127
557776940 127
557842445 127
557842446 127
557842452 127
557842463 127
557907972 127
557907977 127
557907990 127
557907995 127
557973505 127
557973526 127
557973528 127
557973531 127
558039061 127
558039066 127
558039079 127
558039080 127
558104579 127
558104580 127
558104593 127
558104598 127
558170114 127
558170116 127
558170123 127
558170141 127
558235666 127
558235675 127
558235684 127
558235689 127
558301212 127
558301218 127
558301229 127
558301231 127
558366724 127
558366753 127
558366755 127
558366758 127
558432272 127
558432277 127
558432279 127
558432290 127
558497793 127
558497807 127
558497808 127
558497810 127
558563335 127
558563352 127
558563361 127
558563370 127
558628882 127
558628889 127
558628896 127
558628907 127
558694408 127
558694418 127
558694427 127
558694429 127
558759951 127
558759953 127
558759956 127
558759970 127
558825493 127
558825503 127
558825510 127
558825516 127
558891010 127
558891016 127
558891021 127
558891027 127
558956558 127
558956560 127
558956581 127
558956587 127
559022086 127
559022109 127
559022116 127
559022119 127
559087617 127
559087656 127
559087658 127
559087659 127
559153185 127
559153194 127
559153195 127
559153196 127
559218709 127
559218712 127
559218715 127
559218718 127
559284236 127
559284245 127
559284247 127
559284254 127
559349787 127
559349793 127
559349802 127
559349804 127
559415319 127
559415320 127
559415322 127
559415329 127
559480848 127
559480858 127
559480869 127
559480879 127
559546368 127
559546386 127
559546409 127
559546411 127
559611920 127
559611921 127
559611934 127
559611935 127
559677447 127
559677461 127
559677466 127
559677468 127
559742982 127
559742996 127
559743019 127
559743021 127
559808519 127
559808536 127
559808542 127
559808557 127
559874060 127
559874061 127
559874083 127
559874086 127
559939586 127
559939601 127
559939624 127
559939631 127
560005126 127
560005128 127
560005145 127
560005147 127
560070681 127
560070688 127
560070690 127
560070691 127
560136218 127
560136224 127
560136231 127
560136233 127
560201759 127
560201764 127
560201765 127
560201774 127
560267272 127
560267277 127
560267310 127
560267311 127
560332817 127
560332820 127
560332838 127
560332847 127
560398368 127
560398375 127
560398377 127
560398378 127
560463873 127
560463878 127
560463879 127
560463908 127
560529408 127
560529409 127
560529439 127
560529454 127
560594950 127
560594969 127
560594979 127
560594980 127
560660505 127
560660514 127
560660519 127
560660524 127
560726033 127
560726042 127
560726043 127
560726048 127
560791557 127
560791582 127
560791584 127
560791587 127
560857122 127
560857127 127
560857129 127
560857132 127
560922639 127
560922642 127
560922660 127
560922661 127
560988162 127
560988168 127
560988169 127
560988199 127
561053722 127
561053723 127
561053729 127
561053736 127
561119240 127
561119241 127
561119242 127
561119243 127
561184788 127
561184791 127
561184810 127
561184813 127
561250308 127
561250310 127
561250317 127
561250319 127
561315845 127
561315863 127
561315864 127
561315882 127
561381377 127
561381382 127
561381388 127
561381403 127
561446914 127
561446927 127
561446944 127
561446957 127
561512454 127
561512459 127
561512461 127
561512468 127
561578012 127
561578022 127
561578029 127
561578031 127
561643530 127
561643532 127
561643561 127
561643567 127
561709063 127
561709064 127
561709082 127
561709085 127
561774604 127
561774613 127
561774615 127
561774634 127
561840137 127
561840139 127
561840152 127
561840154 127
561905672 127
561905686 127
561905709 127
561905711 127
561971202 127
561971205 127
561971211 127
561971244 127
562036771 127
562036776 127
562036781 127
562036782 127
562102277 127
562102298 127
562102312 127
562102315 127
562167812 126
562167815 127
562167829 127
562167834 127
562233346 127
562233372 127
562233383 127
562233385 127
562298896 127
562298898 127
562298911 127
562298917 127
562364417 127
562364419 127
562364436 127
562364450 127
562429952 127
562429957 127
562429971 127
562429978 127
562495489 127
562495506 127
562495508 127
562495515 127
562561034 127
562561045 127
562561055 127
562561064 127
562626570 127
562626577 127
562626584 127
562626591 127
562692100 127
562692110 127
562692117 127
562692127 127
562757635 127
562757638 127
562757656 127
562757657 127
562823176 127
562823177 127
562823178 127
562823199 127
562888719 127
562888740 127
562888745 127
562888750 127
562954247 127
562954260 127
562954266 127
562954269 127
563019781 127
563019795 127
563019804 127
563019810 127
563085314 127
563085333 127
563085347 127
563085352 127
563150855 127
563150869 127
563150870 127
563150888 127
563216389 127
563216392 127
563216398 127
563216419 127
563281939 127
563281952 127
563281953 127
563281954 127
563347460 127
563347466 127
563347479 127
563347485 127
563413007 127
563413014 127
563413017 127
563413020 127
563478540 127
563478554 127
563478557 127
563478575 127
563544077 127
563544079 127
563544100 127
563544106 127
563609620 127
563609635 127
563609637 127
563609638 127
563675148 127
563675150 127
563675159 127
563675161 127
563740681 127
563740684 127
563740715 127
563740718 127
563806230 127
563806232 127
563806243 127
563806253 127
563871755 127
563871765 127
563871772 127
563871782 127
563937312 127
563937314 127
563937315 127
563937321 127
564002819 127
564002833 127
564002836 127
564002838 127
564068357 127
564068359 127
564068368 127
564068378 127
564133898 127
564133917 127
564133924 127
564133927 127
564199440 127
564199449 127
564199455 127
564199470 127
564264998 127
564265003 127
564265004 127
564265005 127
564330508 127
564330511 127
564330514 127
564330533 127
564396041 127
564396055 127
564396062 127
564396064 127
564461580 127
564461583 127
564461594 127
564461613 127
564527123 127
564527124 127
564527134 127
564527145 127
564592645 127
564592654 127
564592659 127
564592680 127
564658179 127
564658209 127
564658212 127
564658214 127
564723714 127
564723716 127
564723719 127
564723737 127
564789252 127
564789270 127
564789271 127
564789289 127
564854784 127
564854810 127
564854817 127
564854819 127
564920335 127
564920341 127
564920360 127
564920362 127
564985856 127
564985861 127
564985871 127
564985882 127
565051405 127
565051410 127
565051415 127
565051420 127
565116929 127
565116947 127
565116966 127
565116968 127
565182464 127
565182473 127
565182478 127
565182491 127
565248014 127
565248019 127
565248021 127
565248032 127
565313558 127
565313576 127
565313581 127
565313583 127
565379074 127
565379076 127
565379083 127
565379097 127
565444614 127
565444617 127
565444631 127
565444652 127
565510147 127
565510160 127
565510173 127
565510174 127
565575690 127
565575692 127
565575693 127
565575715 127
565641239 127
565641244 127
565641249 127
565641254 127
565706764 127
565706766 127
565706773 127
565706779 127
565772306 127
565772308 127
565772317 127
565772319 127
565837825 127
565837828 127
565837855 127
565837858 127
565903373 127
565903396 127
565903398 127
565903407 127
565968899 127
565968924 127
565968929 127
565968938 127
566034436 127
566034447 127
566034449 127
566034458 127
566099973 127
566099976 127
566099982 127
566100007 127
566165509 127
566165518 127
566165523 127
566165544 127
566231049 127
566231052 127
566231067 127
566231074 127
566296577 127
566296579 127
566296580 127
566296594 127
566362127 127
566362142 127
566362148 127
566362153 127
566427662 127
566427676 127
566427691 127
566427693 127
566493206 127
566493212 127
566493229 127
566493231 127
566558724 127
566558739 127
566558741 127
566558750 127
566624256 127
566624262 127
566624265 127
566624279 127
566689794 127
566689804 127
566689813 127
566689827 127
566755334 127
566755341 127
566755355 127
566755368 127
566820874 127
566820877 127
566820896 127
566820907 127
566886409 127
566886411 127
566886424 127
566886438 127
566951950 127
566951964 127
566951965 127
566951979 127
567017495 127
567017498 127
567017512 127
567017513 127
567083008 127
567083009 127
567083011 127
567083018 127
567148550 127
567148569 127
567148572 127
567148579 127
567214099 127
567214104 127
567214106 127
567214113 127
567279617 127
567279620 127
567279626 127
567279647 127
567345157 127
567345171 127
567345184 127
567345198 127
567410719 127
567410724 127
567410729 127
567410730 127
567476226 127
567476247 127
567476260 127
567476269 127
567541761 127
567541762 127
567541763 127
567541792 127
567607319 127
567607326 127
567607328 127
567607329 127
567672838 127
567672840 127
567672857 127
567672871 127
567738368 127
567738370 127
567738395 127
567738409 127
567803911 127
567803912 127
567803917 127
567803918 127
567869457 127
567869460 127
567869463 127
567869482 127
567934991 127
567934993 127
567934994 127
567934996 127
568000529 127
568000544 127
568000546 127
568000547 127
568066050 127
568066064 127
568066093 127
568066095 127
568131605 127
568131615 127
568131616 127
568131622 127
568197137 127
568197139 127
568197142 127
568197148 127
568262664 127
568262666 127
568262671 127
568262693 127
568328195 127
568328201 127
568328206 127
568328220 127
568393735 127
568393754 127
568393757 127
568393768 127
568459267 127
568459273 127
568459308 127
568459310 127
568524803 127
568524806 127
568524816 127
568524841 127
568590337 127
568590352 127
568590354 127
568590379 127
568655887 127
568655889 127
568655906 127
568655908 127
568721413 127
568721416 127
568721431 127
568721438 127
568786945 127
568786947 127
568786948 127
568786978 127
568852490 127
568852493 127
568852512 127
568852519 127
568918016 127
568918033 127
568918042 127
568918055 127
568983571 127
568983581 127
568983596 127
568983598 127
569049090 127
569049111 127
569049124 127
569049133 127
569114645 127
569114655 127
569114662 127
569114668 127
569180160 127
569180167 127
569180174 127
569180181 127
569245702 127
569245704 127
569245707 127
569245721 127
569311233 127
569311236 127
569311238 127
569311239 127
569376792 127
569376793 127
569376795 127
569376798 127
569442304 127
569442321 127
569442322 127
569442351 127
569507841 127
569507846 127
569507848 127
569507863 127
569573378 127
569573400 127
569573407 127
569573421 127
569638921 127
569638946 127
569638948 127
569638959 127
569704457 127
569704467 127
569704482 127
569704484 127
569769996 127
569770017 127
569770019 127
569770030 127
569835520 127
569835522 127
569835531 127
569835549 127
569901061 127
569901071 127
569901084 127
569901102 127
569966592 127
569966597 127
569966602 127
569966615 127
570032138 127
570032144 127
570032165 127
570032171 127
570097684 127
570097693 127
570097703 127
570097706 127
570163202 127
570163204 127
570163205 127
570163227 127
570228756 127
570228759 127
570228773 127
570228778 127
570294292 127
570294313 127
570294314 127
570294315 127
570359826 127
570359828 127
570359831 127
570359845 127
570425361 127
570425371 127
570425374 127
570425380 127
570490891 127
570490906 127
570490908 127
570490913 127
570556420 127
570556425 127
570556454 127
570556463 127
570621954 127
570621963 127
570621980 127
570621989 127
570687503 127
570687520 127
570687525 127
570687530 127
570753040 127
570753047 127
570753053 127
570753070 127
570818560 127
570818595 127
570818601 127
570818602 127
570884105 127
570884110 127
570884123 127
570884128 127
570949661 127
570949666 127
570949667 127
570949668 127
571015198 127
571015199 127
571015200 127
571015209 127
571080720 127
571080731 127
571080733 127
571080738 127
571146246 127
571146248 127
571146253 127
571146255 127
571211781 127
571211790 127
571211799 127
571211816 127
571277328 127
571277337 127
571277342 127
571277359 127
571342850 127
571342851 127
571342857 127
571342860 127
571408410 127
571408412 127
571408425 127
571408427 127
571473920 127
571473945 127
571473955 127
571473962 127
571539477 127
571539480 127
571539483 127
571539494 127
571604997 127
571605016 127
571605019 127
571605022 127
571670529 127
571670555 127
571670566 127
571670568 127
571736075 127
571736093 127
571736098 127
571736104 127
571801606 127
571801609 127
571801639 127
571801640 127
571867155 127
571867164 127
571867169 127
571867170 127
571932679 127
571932692 127
571932698 127
571932713 127
571998212 127
571998233 127
571998239 127
571998242 127
572063760 127
572063761 127
572063770 127
572063779 127
572129296 127
572129297 127
572129299 127
572129310 127
572194840 127
572194861 127
572194862 127
572194863 127
572260362 127
572260376 127
572260377 127
572260395 127
572325905 127
572325907 127
572325916 127
572325926 127
572391426 127
572391455 127
572391460 127
572391465 127
572456980 127
572456981 127
572456986 127
572457007 127
572522510 127
572522511 127
572522516 127
572522517 127
572588036 127
572588051 127
572588069 127
572588078 127
572653569 127
572653590 127
572653604 127
572653607 127
572719107 127
572719116 127
572719130 127
572719137 127
572784642 127
572784656 127
572784659 127
572784665 127
572850182 127
572850200 127
572850201 127
572850203 127
572915732 127
572915741 127
572915743 127
572915746 127
572981266 127
572981269 127
572981276 127
572981287 127
573046787 127
573046789 127
573046796 127
573046830 127
573112321 127
573112342 127
573112360 127
573112367 127
573177870 127
573177891 127
573177892 127
573177893 127
573243392 127
573243399 127
573243429 127
573243430 127
573308936 127
573308951 127
573308954 127
573308965 127
573374466 127
573374475 127
573374480 127
573374509 127
573440007 127
573440010 127
573440021 127
573440024 127
573505561 127
573505568 127
573505571 127
573505578 127
573571089 127
573571116 127
573571118 127
573571119 127
573636611 127
573636624 127
573636630 127
573636633 127
573702158 127
573702159 127
573702169 127
573702184 127
573767705 127
573767716 127
573767718 127
573767719 127
573833229 127
573833235 127
573833246 127
573833260 127
573898782 127
573898784 127
573898789 127
573898791 127
573964288 127
573964291 127
573964298 127
573964309 127
574029839 127
574029858 127
574029860 127
574029861 127
574095396 127
574095399 127
574095401 127
574095406 127
574160903 127
574160908 127
574160925 127
574160938 127
574226432 127
574226434 127
574226439 127
574226457 127
574292003 127
574292004 127
574292005 127
574292010 127
574357514 127
574357515 127
574357517 127
574357536 127
574423043 127
574423050 127
574423064 127
574423081 127
574488602 127
574488612 127
574488617 127
574488619 127
574554114 127
574554121 127
574554127 127
574554156 127
574619653 127
574619656 127
574619678 127
574619687 127
574685186 127
574685207 127
574685221 127
574685228 127
574750732 127
574750738 127
574750741 127
574750767 127
574816280 127
574816293 127
574816298 127
574816303 127
574881802 127
574881805 127
574881823 127
574881836 127
574947347 127
574947354 127
574947356 127
574947357 127
575012893 127
575012895 127
575012906 127
575012908 127
575078424 127
575078431 127
575078433 127
575078442 127
575143945 127
575143964 127
575143967 127
575143978 127
575209473 127
575209487 127
575209490 127
575209508 127
575275016 127
575275026 127
575275033 127
575275039 127
575340544 127
575340561 127
575340570 127
575340579 127
575406087 127
575406101 127
575406120 127
575406122 127
575471624 127
575471637 127
575471654 127
575471659 127
575537162 127
575537165 127
575537183 127
575537196 127
575602693 127
575602711 127
575602712 127
575602734 127
575668224 127
575668242 127
575668245 127
575668247 127
575733762 127
575733781 127
575733784 127
575733799 127
575799307 127
575799309 127
575799312 127
575799334 127
575864857 127
575864864 127
575864874 127
575864875 127
575930382 127
575930400 127
575930409 127
575930411 127
575995934 127
575995940 127
575995949 127
575995951 127
576061467 127
576061470 127
576061476 127
576061477 127
576126991 127
576126992 127
576126993 127
576127022 127
576192512 127
576192518 127
576192521 127
576192527 127
576258054 127
576258069 127
576258071 127
576258072 127
576323602 127
576323611 127
576323616 127
576323621 127
576389129 127
576389156 127
576389162 127
576389167 127
576454678 127
576454692 127
576454699 127
576454701 127
576520208 127
576520221 127
576520222 127
576520231 127
576585736 127
576585747 127
576585750 127
576585769 127
576651281 127
576651291 127
576651294 127
576651308 127
576716804 127
576716807 127
576716809 127
576716834 127
576782348 127
576782362 127
576782369 127
576782371 127
576847884 127
576847886 127
576847895 127
576847917 127
576913425 127
576913426 127
576913444 127
576913455 127
576978944 127
576978955 127
576978961 127
576978970 127
577044484 127
577044494 127
577044509 127
577044511 127
577110024 127
577110037 127
577110051 127
577110058 127
577175553 127
577175570 127
577175584 127
577175595 127
577241103 127
577241116 127
577241117 127
577241126 127
577306644 127
577306646 127
577306661 127
577306667 127
577372160 127
577372165 127
577372167 127
577372186 127
577437710 127
577437715 127
577437728 127
577437729 127
577503234 127
577503244 127
577503263 127
577503265 127
577568792 127
577568801 127
577568803 127
577568810 127
577634306 127
577634307 127
577634308 127
577634321 127
577699852 127
577699871 127
577699885 127
577699886 127
577765379 127
577765400 127
577765417 127
577765422 127
577830915 127
577830938 127
577830940 127
577830953 127
577896449 127
577896450 127
577896451 127
577896456 127
577961997 127
577962016 127
577962027 127
577962030 127
578027528 127
578027531 127
578027542 127
578027545 127
578093069 127
578093078 127
578093092 127
578093099 127
578158603 127
578158605 127
578158628 127
578158630 127
578224132 127
578224137 127
578224138 127
578224151 127
578289682 127
578289684 127
578289689 127
578289703 127
578355214 127
578355235 127
578355237 127
578355240 127
578420739 127
578420744 127
578420758 127
578420777 127
578486287 127
578486302 127
578486312 127
578486317 127
578551817 127
578551818 127
578551820 127
578551839 127
578617360 127
578617371 127
578617382 127
578617385 127
578682887 127
578682898 127
578682904 127
578682909 127
578748416 127
578748419 127
578748421 127
578748454 127
578813970 127
578813976 127
578813981 127
578813983 127
578879512 127
578879515 127
578879517 127
578879534 127
578945060 127
578945061 127
578945066 127
578945067 127
579010560 127
579010561 127
579010575 127
579010602 127
579076135 127
579076137 127
579076140 127
579076142 127
579141647 127
579141650 127
579141665 127
579141668 127
579207204 127
579207206 127
579207213 127
579207215 127
579272714 127
579272716 127
579272733 127
579272751 127
579338245 127
579338255 127
579338256 127
579338258 127
579403778 127
579403804 127
579403805 127
579403823 127
579469322 127
579469329 127
579469336 127
579469351 127
579534858 127
579534872 127
579534873 127
579534887 127
579600395 127
579600408 127
579600418 127
579600429 127
579665928 127
579665937 127
579665942 127
579665955 127
579731459 127
579731473 127
579731480 127
579731498 127
579797004 127
579797025 127
579797038 127
579797039 127
579862537 127
579862556 127
579862559 127
579862570 127
579928073 127
579928098 127
579928100 127
579928103 127
579993617 127
579993635 127
579993636 127
579993638 127
580059154 127
580059157 127
580059160 127
580059167 127
580124675 127
580124706 127
580124712 127
580124717 127
580190216 127
580190226 127
580190239 127
580190253 127
580255751 127
580255752 127
580255758 127
580255765 127
580321285 127
580321290 127
580321316 127
580321327 127
580386822 127
580386832 127
580386849 127
580386859 127
580452371 127
580452376 127
580452385 127
580452394 127
580517919 127
580517925 127
580517926 127
580517928 127
580583431 127
580583433 127
580583452 127
580583454 127
580648976 127
580648983 127
580648997 127
580648998 127
580714499 127
580714502 127
580714525 127
580714536 127
580780058 127
580780071 127
580780072 127
580780073 127
580845588 127
580845589 127
580845591 127
580845614 127
580911119 127
580911137 127
580911144 127
580911150 127
580976643 127
580976652 127
580976657 127
580976686 127
581042216 127
581042217 127
581042222 127
581042223 127
581107719 127
581107740 127
581107742 127
581107745 127
581173268 127
581173269 127
581173270 127
581173271 127
581238790 127
581238793 127
581238804 127
581238823 127
581304349 127
581304355 127
581304358 127
581304360 127
581369864 127
581369865 127
581369886 127
581369887 127
581435425 127
581435426 127
581435432 127
581435435 127
581500940 127
581500954 127
581500963 127
581500965 127
581566486 127
581566504 127
581566509 127
581566511 127
581632032 127
581632038 127
581632041 127
581632047 127
581697544 127
581697545 127
581697546 127
581697575 127
581763089 127
581763096 127
581763098 127
581763099 127
581828614 127
581828623 127
581828624 127
581828645 127
581894147 127
581894161 127
581894164 127
581894166 127
581959685 127
581959715 127
581959716 127
581959726 127
582025239 127
582025256 127
582025258 127
582025261 127
582090763 127
582090769 127
582090792 127
582090794 127
582156290 127
582156324 127
582156333 127
582156335 127
582221851 127
582221860 127
582221861 127
582221862 127
582287367 127
582287381 127
582287386 127
582287404 127
582352897 127
582352911 127
582352926 127
582352928 127
582418432 127
582418434 127
582418449 127
582418471 127
582483979 127
582483980 127
582483990 127
582484001 127
582549508 127
582549529 127
582549530 127
582549547 127
582615045 127
582615084 127
582615086 127
582615087 127
582680616 127
582680617 127
582680619 127
582680622 127
582746112 127
582746122 127
582746133 127
582746155 127
582811648 127
582811651 127
582811689 127
582811694 127
582877197 127
582877216 127
582877230 127
582877231 127
582942754 127
582942759 127
582942761 127
582942764 127
583008266 127
583008268 127
583008281 127
583008295 127
583073797 127
583073799 127
583073820 127
583073826 127
583139330 127
583139340 127
583139361 127
583139363 127
583204896 127
583204902 127
583204907 127
583204909 127
583270408 127
583270413 127
583270443 127
583270446 127
583335938 127
583335948 127
583335979 127
583335981 127
583401485 127
583401514 127
583401515 127
583401516 127
583467023 127
583467026 127
583467040 127
583467053 127
583532545 127
583532548 127
583532551 127
583532574 127
583598084 127
583598106 127
583598111 127
583598117 127
583663632 127
583663653 127
583663655 127
583663662 127
583729155 127
583729157 127
583729162 127
583729196 127
583794693 127
583794720 127
583794726 127
583794731 127
583860228 127
583860234 127
583860243 127
583860245 127
583925765 127
583925800 127
583925806 127
583925807 127
583991300 127
583991314 127
583991337 127
583991343 127
584056837 127
584056840 127
584056851 127
584056874 127
584122374 127
584122411 127
584122412 127
584122413 127
584187905 127
584187906 127
584187920 127
584187943 127
584253462 127
584253468 127
584253469 127
584253475 127
584318979 127
584319014 127
584319017 127
584319020 127
584384533 127
584384547 127
584384552 127
584384554 127
584450068 127
584450087 127
584450089 127
584450094 127
584515585 127
584515586 127
584515600 127
584515603 127
584581126 127
584581156 127
584581159 127
584581161 127
584646662 127
584646688 127
584646689 127
584646695 127
584712224 127
584712231 127
584712237 127
584712238 127
584777740 127
584777763 127
584777770 127
584777773 127
584843275 127
584843277 127
584843298 127
584843304 127
584908826 127
584908829 127
584908839 127
584908844 127
584974338 127
584974341 127
584974360 127
584974379 127
585039902 127
585039905 127
585039912 127
585039919 127
585105416 127
585105431 127
585105434 127
585105453 127
585170986 127
585170987 127
585170988 127
585170989 127
585236521 127
585236523 127
585236524 127
585236526 127
585302028 127
585302033 127
585302039 127
585302062 127
585367554 127
585367556 127
585367585 127
585367591 127
585433091 127
585433121 127
585433124 127
585433134 127
585498641 127
585498646 127
585498656 127
585498659 127
585564176 127
585564178 127
585564181 127
585564183 127
585629706 127
585629711 127
585629721 127
585629728 127
585695233 127
585695236 127
585695243 127
585695254 127
585760771 127
585760788 127
585760797 127
585760814 127
585826315 127
585826324 127
585826329 127
585826350 127
585891853 127
585891854 127
585891867 127
585891868 127
585957380 127
585957401 127
585957414 127
585957419 127
586022922 127
586022931 127
586022941 127
586022952 127
586088475 127
586088482 127
586088484 127
586088489 127
586154007 127
586154020 127
586154029 127
586154030 127
586219550 127
586219559 127
586219561 127
586219564 127
586285081 127
586285083 127
586285092 127
586285094 127
586350621 127
586350622 127
586350623 127
586350624 127
586416132 127
586416134 127
586416153 127
586416155 127
586481689 127
586481692 127
586481694 127
586481695 127
586547200 127
586547210 127
586547211 127
586547233 127
586612736 127
586612755 127
586612778 127
586612781 127
586678295 127
586678298 127
586678300 127
586678309 127
586743811 127
586743825 127
586743838 127
586743848 127
586809358 127
586809360 127
586809381 127
586809383 127
586874892 127
586874894 127
586874911 127
586874925 127
586940416 127
586940418 127
586940423 127
586940437 127
587005967 127
587005968 127
587005986 127
587005997 127
587071516 127
587071526 127
587071527 127
587071533 127
587137024 127
587137059 127
587137061 127
587137062 127
587202570 127
587202592 127
587202593 127
587202599 127
587268128 127
587268131 127
587268141 127
587268142 127
587333639 127
587333665 127
587333674 127
587333676 127
587399191 127
587399197 127
587399198 127
587399204 127
587464712 127
587464713 127
587464722 127
587464727 127
587530240 127
587530254 127
587530267 127
587530277 127
587595816 127
587595821 127
587595822 127
587595823 127
587661340 127
587661342 127
587661345 127
587661359 127
587726876 127
587726886 127
587726889 127
587726891 127
587792418 127
587792420 127
587792427 127
587792429 127
587857949 127
587857952 127
587857954 127
587857967 127
587923467 127
587923480 127
587923489 127
587923502 127
587988998 127
587989031 127
587989036 127
587989037 127
588054565 127
588054566 127
588054568 127
588054571 127
588120093 127
588120094 127
588120095 127
588120096 127
588185608 127
588185609 127
588185627 127
588185642 127
588251137 127
588251152 127
588251170 127
588251183 127
588316676 127
588316706 127
588316709 127
588316711 127
588382220 127
588382241 127
588382243 127
588382246 127
588447764 127
588447783 127
588447785 127
588447790 127
588513282 127
588513305 127
588513307 127
588513324 127
588578817 127
588578823 127
588578840 127
588578858 127
588644358 127
588644363 127
588644381 127
588644388 127
588709918 127
588709920 127
588709921 127
588709935 127
588775429 127
588775452 127
588775466 127
588775467 127
588840969 127
588840970 127
588840971 127
588840992 127
588906524 127
588906535 127
588906537 127
588906538 127
588972035 127
588972044 127
588972062 127
588972073 127
589037582 127
589037597 127
589037612 127
589037615 127
589103130 127
589103133 127
589103147 127
589103148 127
589168649 127
589168656 127
589168663 127
589168682 127
589234201 127
589234215 127
589234220 127
589234222 127
589299735 127
589299745 127
589299754 127
589299756 127
589365250 127
589365288 127
589365289 127
589365295 127
589430810 127
589430828 127
589430829 127
589430831 127
589496321 127
589496335 127
589496338 127
589496360 127
589561856 127
589561890 127
589561893 127
589561903 127
589627395 127
589627436 127
589627437 127
589627438 127
589692948 127
589692951 127
589692965 127
589692974 127
589758498 127
589758503 127
589758505 127
589758508 127
589824005 127
589824019 127
589824022 127
589824044 127
589889537 127
589889540 127
589889555 127
589889570 127
589955085 127
589955094 127
589955096 127
589955099 127
590020613 127
590020632 127
590020634 127
590020655 127
590086179 127
590086186 127
590086188 127
590086189 127
590151684 127
590151710 127
590151721 127
590151723 127
590217235 127
590217242 127
590217256 127
590217261 127
590282769 127
590282771 127
590282772 127
590282774 127
590348308 127
590348322 127
590348329 127
590348335 127
590413830 127
590413855 127
590413860 127
590413861 127
590479362 127
590479397 127
590479404 127
590479407 127
590544896 127
590544901 127
590544906 127
590544943 127
590610471 127
590610473 127
590610476 127
590610478 127
590675981 127
590675999 127
590676000 127
590676010 127
590741507 127
590741537 127
590741542 127
590741548 127
590807052 127
590807070 127
590807071 127
590807073 127
590872578 127
590872613 127
590872615 127
590872616 127
590938113 127
590938118 127
590938127 127
590938148 127
591003676 127
591003681 127
591003694 127
591003695 127
591069210 127
591069219 127
591069228 127
591069229 127
591134754 127
591134759 127
591134761 127
591134764 127
591200284 127
591200286 127
591200293 127
591200303 127
591265796 127
591265822 127
591265827 127
591265837 127
591331355 127
591331369 127
591331372 127
591331374 127
591396871 127
591396876 127
591396906 127
591396909 127
591462424 127
591462429 127
591462438 127
591462439 127
591527942 127
591527960 127
591527965 127
591527979 127
591593499 127
591593506 127
591593508 127
591593517 127
591659015 127
591659037 127
591659050 127
591659052 127
591724571 127
591724574 127
591724576 127
591724585 127
591790103 127
591790108 127
591790117 127
591790122 127
591855637 127
591855640 127
591855651 127
591855658 127
591921165 127
591921167 127
591921170 127
591921188 127
591986714 127
591986732 127
591986733 127
591986735 127
592052262 127
592052264 127
592052269 127
592052271 127
592117773 127
592117775 127
592117780 127
592117806 127
592183297 127
592183328 127
592183342 127
592183343 127
592248852 127
592248857 127
592248871 127
592248878 127
592314399 127
592314402 127
592314412 127
592314413 127
592379911 127
592379914 127
592379933 127
592379948 127
592445453 127
592445456 127
592445471 127
592445474 127
592510984 127
592510986 127
592511005 127
592511019 127
592576512 127
592576531 127
592576550 127
592576553 127
592642051 127
592642074 127
592642088 127
592642093 127
592707584 127
592707598 127
592707601 127
592707619 127
592773138 127
592773144 127
592773157 127
592773159 127
592838683 127
592838688 127
592838690 127
592838693 127
592904213 127
592904227 127
592904234 127
592904236 127
592969750 127
592969760 127
592969769 127
592969771 127
593035269 127
593035292 127
593035302 127
593035311 127
593100808 127
593100813 127
593100838 127
593100839 127
593166377 127
593166379 127
593166380 127
593166382 127
593231872 127
593231886 127
593231907 127
593231909 127
593297422 127
593297443 127
593297452 127
593297453 127
593362971 127
593362981 127
593362986 127
593362988 127
593428488 127
593428514 127
593428515 127
593428517 127
593494035 127
593494053 127
593494056 127
593494058 127
593559561 127
593559580 127
593559591 127
593559594 127
593625096 127
593625130 127
593625131 127
593625133 127
593690668 127
593690669 127
593690670 127
593690671 127
593756191 127
593756194 127
593756197 127
593756200 127
593821701 127
593821730 127
593821740 127
593821743 127
593887256 127
593887262 127
593887273 127
593887275 127
593952773 127
593952800 127
593952803 127
593952814 127
594018314 127
594018341 127
594018344 127
594018347 127
594083851 127
594083884 127
594083885 127
594083886 127
594149382 127
594149387 127
594149416 127
594149417 127
594214919 127
594214952 127
594214957 127
594214958 127
594280465 127
594280486 127
594280492 127
594280495 127
594346018 127
594346023 127
594346025 127
594346028 127
594411548 127
594411565 127
594411566 127
594411567 127
594477061 127
594477066 127
594477096 127
594477099 127
594542593 127
594542603 127
594542608 127
594542610 127
594608129 127
594608130 127
594608136 127
594608167 127
594673667 127
594673669 127
594673696 127
594673702 127
594739204 127
594739206 127
594739207 127
594739209 127
594804755 127
594804757 127
594804770 127
594804772 127
594870282 127
594870283 127
594870285 127
594870296 127
594935821 127
594935823 127
594935824 127
594935838 127
595001347 127
595001352 127
595001365 127
595001366 127
595066882 127
595066885 127
595066899 127
595066912 127
595132430 127
595132431 127
595132437 127
595132440 127
595197976 127
595197979 127
595197985 127
595197986 127
595263488 127
595263517 127
595263526 127
595263531 127
595329045 127
595329048 127
595329055 127
595329062 127
595394564 127
595394570 127
595394573 127
595394575 127
595460105 127
595460118 127
595460120 127
595460135 127
595525633 127
595525635 127
595525648 127
595525662 127
595591171 127
595591173 127
595591174 127
595591180 127
595656704 127
595656717 127
595656727 127
595656734 127
595722241 127
595722244 127
595722246 127
595722247 127
595787785 127
595787786 127
595787787 127
595787792 127
595853323 127
595853324 127
595853326 127
595853329 127
595918853 127
595918858 127
595918875 127
595918876 127
595984393 127
595984407 127
595984410 127
595984428 127
596049930 127
596049931 127
596049944 127
596049945 127
596115465 127
596115468 127
596115470 127
596115479 127
596180992 127
596180995 127
596180998 127
596181001 127
596246532 127
596246533 127
596246534 127
596246551 127
596312080 127
596312083 127
596312094 127
596312105 127
596377600 127
596377618 127
596377637 127
596377643 127
596443144 127
596443150 127
596443153 127
596443167 127
596508673 127
596508675 127
596508690 127
596508696 127
596574225 127
596574240 127
596574242 127
596574255 127
596639763 127
596639777 127
596639778 127
596639780 127
596705296 127
596705297 127
596705306 127
596705311 127
596770816 127
596770817 127
596770831 127
596770842 127
596836361 127
596836374 127
596836376 127
596836379 127
596901904 127
596901907 127
596901909 127
596901926 127
596967433 127
596967434 127
596967435 127
596967440 127
597032968 127
597032977 127
597032990 127
597032999 127
597098497 127
597098498 127
597098507 127
597098524 127
597164034 127
597164040 127
597164041 127
597164047 127
597229568 127
597229575 127
597229578 127
597229593 127
597295124 127
597295142 127
597295143 127
597295145 127
597360653 127
597360654 127
597360655 127
597360672 127
597426178 127
597426180 127
597426193 127
597426207 127
597491715 127
597491717 127
597491732 127
597491734 127
597557248 127
597557250 127
597557263 127
597557265 127
597622790 127
597622793 127
597622795 127
597622796 127
597688321 127
597688331 127
597688336 127
597688338 127
597753860 127
597753862 127
597753863 127
597753865 127
597819396 127
597819397 127
597819399 127
597819402 127
597884954 127
597884956 127
597884959 127
597884965 127
597950474 127
597950477 127
597950491 127
597950504 127
598016005 127
598016007 127
598016008 127
598016022 127
598081536 127
598081553 127
598081559 127
598081562 127
598147077 127
598147078 127
598147080 127
598147091 127
598212612 127
598212615 127
598212630 127
598212645 127
598278147 127
598278149 127
598278152 127
598278190 127
598343702 127
598343705 127
598343707 127
598343716 127
598409250 126
598409253 127
598409259 127
598409260 127
598474757 127
598474766 127
598474768 127
598474775 127
598540299 127
598540302 127
598540304 127
598540305 127
598605835 127
598605853 127
598605856 127
598605862 127
598671377 127
598671380 127
598671391 127
598671398 127
598736896 127
598736897 127
598736899 127
598736918 127
598802436 127
598802442 127
598802445 127
598802459 127
598867969 127
598867978 127
598867979 127
598867984 127
598933517 127
598933523 127
598933526 127
598933532 127
598999044 127
598999051 127
598999054 127
598999061 127
599064576 127
599064589 127
599064590 127
599064599 127
599130112 127
599130127 127
599130130 127
599130149 127
599195656 127
599195682 127
599195689 127
599195691 127
599261203 127
599261212 127
599261217 127
599261226 127
599326725 127
599326728 127
599326750 127
599326763 127
599392258 127
599392275 127
599392277 127
599392280 127
599457819 127
599457821 127
599457822 127
599457824 127
599523331 127
599523349 127
599523358 127
599523360 127
599588870 127
599588872 127
599588873 127
599588887 127
599654402 127
599654403 127
599654416 127
599654417 127
599719946 127
599719951 127
599719964 127
599719969 127
599785483 127
599785496 127
599785509 127
599785514 127
599851010 127
599851011 127
599851012 127
599851013 127
599916562 127
599916564 127
599916565 127
599916591 127
599982087 127
599982113 127
599982118 127
599982124 127
600047624 127
600047634 127
600047641 127
600047643 127
600113175 127
600113182 127
600113192 127
600113197 127
600178690 127
600178705 127
600178708 127
600178731 127
600244232 127
600244235 127
600244245 127
600244262 127
600309768 127
600309789 127
600309791 127
600309794 127
600375314 127
600375321 127
600375324 127
600375327 127
600440841 127
600440852 127
600440855 127
600440870 127
600506376 127
600506383 127
600506386 127
600506397 127
600571910 127
600571929 127
600571931 127
600571932 127
600637441 127
600637442 127
600637444 127
600637447 127
600702980 127
600702983 127
600702993 127
600703014 127
600768516 127
600768525 127
600768530 127
600768535 127
600834057 127
600834091 127
600834092 127
600834094 127
600899593 127
600899594 127
600899596 127
600899611 127
600965130 127
600965131 127
600965132 127
600965137 127
601030663 127
601030664 127
601030666 127
601030685 127
601096197 127
601096198 127
601096203 127
601096204 127
601161741 127
601161760 127
601161763 127
601161770 127
601227264 127
601227267 127
601227273 127
601227282 127
601292803 127
601292820 127
601292822 127
601292825 127
601358340 127
601358345 127
601358347 127
601358362 127
601423872 127
601423873 127
601423899 127
601423902 127
601489417 127
601489428 127
601489430 127
601489431 127
601554945 127
601554947 127
601554966 127
601554980 127
601620489 127
601620492 127
601620510 127
601620511 127
601686017 127
601686027 127
601686030 127
601686032 127
601751575 127
601751576 127
601751589 127
601751590 127
601817094 127
601817104 127
601817117 127
601817131 127
601882651 127
601882652 127
601882654 127
601882661 127
601948168 127
601948169 127
601948174 127
601948203 127
602013699 127
602013702 127
602013704 127
602013725 127
602079248 127
602079269 127
602079270 127
602079271 127
602144772 127
602144781 127
602144782 127
602144799 127
602210305 127
602210312 127
602210323 127
602210326 127
602275841 127
602275842 127
602275843 127
602275856 127
602341395 127
602341401 127
602341404 127
602341418 127
602406912 127
602406938 127
602406941 127
602406947 127
602472460 127
602472461 127
602472471 127
602472474 127
602537998 127
602538001 127
602538003 127
602538004 127
602603524 127
602603538 127
602603539 127
602603541 127
602669059 127
602669080 127
602669081 127
602669098 127
602734598 127
602734617 127
602734631 127
602734632 127
602800128 127
602800130 127
602800139 127
602800153 127
602865688 127
602865693 127
602865695 127
602865698 127
602931209 127
602931212 127
602931218 127
602931231 127
602996736 127
602996747 127
602996750 127
602996753 127
603062280 127
603062282 127
603062287 127
603062297 127
603127823 127
603127826 127
603127836 127
603127841 127
603193376 127
603193377 127
603193378 127
603193379 127
603258883 127
603258892 127
603258893 127
603258926 127
603324422 127
603324425 127
603324455 127
603324460 127
603389959 127
603389973 127
603389974 127
603389996 127
603455502 127
603455520 127
603455525 127
603455531 127
603521025 127
603521026 127
603521028 127
603521035 127
603586565 127
603586568 127
603586570 127
603586571 127
603652096 127
603652125 127
603652127 127
603652142 127
603717633 127
603717636 127
603717646 127
603717651 127
603783179 127
603783182 127
603783200 127
603783213 127
603848705 127
603848706 127
603848707 127
603848708 127
603914245 127
603914256 127
603914271 127
603914274 127
603979777 127
603979788 127
603979798 127
603979807 127
604045327 127
604045330 127
604045336 127
604045341 127
604110863 127
604110865 127
604110874 127
604110880 127
604176403 127
604176413 127
604176420 127
604176430 127
604241925 127
604241926 127
604241928 127
604241967 127
604307486 127
604307492 127
604307501 127
604307503 127
604372998 127
604373005 127
604373007 127
604373012 127
604438529 127
604438542 127
604438559 127
604438564 127
604504075 127
604504077 127
604504108 127
604504110 127
604569619 127
604569620 127
604569622 127
604569641 127
604635138 127
604635140 127
604635141 127
604635147 127
604700677 127
604700680 127
604700703 127
604700714 127
604766215 127
604766234 127
604766237 127
604766252 127
604831751 127
604831772 127
604831774 127
604831785 127
604897297 127
604897300 127
604897315 127
604897326 127
604962825 127
604962826 127
604962832 127
604962835 127
605028376 127
605028378 127
605028379 127
605028393 127
605093898 127
605093900 127
605093923 127
605093925 127
605159446 127
605159448 127
605159449 127
605159467 127
605224961 127
605224976 127
605224995 127
605224998 127
605290499 127
605290509 127
605290518 127
605290520 127
605356039 127
605356042 127
605356045 127
605356052 127
605421577 127
605421594 127
605421603 127
605421608 127
605487109 127
605487110 127
605487136 127
605487147 127
605552652 127
605552653 127
605552662 127
605552663 127
605618176 127
605618186 127
605618201 127
605618207 127
605683715 127
605683733 127
605683734 127
605683748 127
605749252 127
605749274 127
605749283 127
605749293 127
605814784 127
605814799 127
605814801 127
605814806 127
605880332 127
605880337 127
605880338 127
605880347 127
605945865 127
605945867 127
605945868 127
605945894 127
606011406 127
606011417 127
606011420 127
606011439 127
606076928 127
606076931 127
606076945 127
606076970 127
606142481 127
606142482 127
606142484 127
606142507 127
606208014 127
606208016 127
606208033 127
606208035 127
606273552 127
606273571 127
606273573 127
606273574 127
606339080 127
606339085 127
606339090 127
606339095 127
606404628 127
606404630 127
606404643 127
606404649 127
606470166 127
606470169 127
606470171 127
606470172 127
606535699 127
606535700 127
606535701 127
606535702 127
606601227 127
606601228 127
606601234 127
606601237 127
606666759 127
606666762 127
606666768 127
606666773 127
606732308 127
606732317 127
606732322 127
606732331 127
606797846 127
606797849 127
606797851 127
606797868 127
606863361 127
606863366 127
606863379 127
606863388 127
606928901 127
606928911 127
606928924 127
606928930 127
606994439 127
606994446 127
606994457 127
606994472 127
607059969 127
607059983 127
607059990 127
607059992 127
607125509 127
607125514 127
607125520 127
607125531 127
607191054 127
607191060 127
607191065 127
607191067 127
607256577 127
607256587 127
607256594 127
607256604 127
607322118 127
607322119 127
607322121 127
607322156 127
607387653 127
607387662 127
607387680 127
607387691 127
607453197 127
607453203 127
607453210 127
607453216 127
607518732 127
607518746 127
607518753 127
607518763 127
607584260 127
607584262 127
607584271 127
607584273 127
607649804 127
607649814 127
607649825 127
607649839 127
607715345 127
607715347 127
607715362 127
607715368 127
607780864 127
607780879 127
607780894 127
607780897 127
607846411 127
607846416 127
607846421 127
607846434 127
607911966 127
607911969 127
607911971 127
607911976 127
607977478 127
607977483 127
607977492 127
607977517 127
608043014 127
608043035 127
608043044 127
608043053 127
608108548 127
608108574 127
608108581 127
608108583 127
608174098 127
608174099 127
608174104 127
608174105 127
608239618 127
608239619 127
608239620 127
608239621 127
608305154 127
608305184 127
608305185 127
608305199 127
608370704 127
608370709 127
608370722 127
608370723 127
608436237 127
608436250 127
608436252 127
608436255 127
608501765 127
608501768 127
608501770 127
608501779 127
608567300 127
608567302 127
608567311 127
608567313 127
608632834 127
608632836 127
608632837 127
608632851 127
608698372 127
608698377 127
608698383 127
608698386 127
608763917 127
608763920 127
608763922 127
608763943 127
608829440 127
608829445 127
608829447 127
608829450 127
608894976 127
608894994 127
608894995 127
608894997 127
608960518 127
608960521 127
608960532 127
608960555 127
609026050 127
609026051 127
609026057 127
609026064 127
609091597 127
609091610 127
609091612 127
609091619 127
609157136 127
609157149 127
609157150 127
609157151 127
609222663 127
609222677 127
609222678 127
609222692 127
609288192 127
609288209 127
609288219 127
609288222 127
609353762 127
609353765 127
609353767 127
609353768 127
609419265 127
609419274 127
609419280 127
609419299 127
609484801 127
609484802 127
609484816 127
609484827 127
609550337 127
609550340 127
609550347 127
609550350 127
609615886 127
609615887 127
609615888 127
609615905 127
609681411 127
609681414 127
609681417 127
609681452 127
609746950 127
609746973 127
609746980 127
609746987 127
609812482 127
609812484 127
609812485 127
609812511 127
609878029 127
609878030 127
609878031 127
609878060 127
609943564 127
609943566 127
609943581 127
609943599 127
610009099 127
610009102 127
610009104 127
610009125 127
610074636 127
610074639 127
610074654 127
610074657 127
610140161 127
610140163 127
610140176 127
610140186 127
610205702 127
610205716 127
610205725 127
610205739 127
610271243 127
610271246 127
610271268 127
610271273 127
610336786 127
610336793 127
610336800 127
610336807 127
610402320 127
610402334 127
610402337 127
610402339 127
610467863 127
610467864 127
610467870 127
610467877 127
610533376 127
610533387 127
610533390 127
610533417 127
610598920 127
610598923 127
610598933 127
610598938 127
610664451 127
610664462 127
610664472 127
610664473 127
610729985 127
610729986 127
610729987 127
610729988 127
610795527 127
610795529 127
610795530 127
610795532 127
610861065 127
610861068 127
610861070 127
610861087 127
610926608 127
610926611 127
610926618 127
610926629 127
610992129 127
610992144 127
610992147 127
610992158 127
611057665 127
611057666 127
611057671 127
611057684 127
611123200 127
611123202 127
611123205 127
611123231 127
611188744 127
611188746 127
611188771 127
611188773 127
611254279 127
611254281 127
611254284 127
611254302 127
611319822 127
611319840 127
611319847 127
611319853 127
611385358 127
611385367 127
611385369 127
611385372 127
611450901 127
611450910 127
611450919 127
611450924 127
611516430 127
611516432 127
611516441 127
611516447 127
611581958 127
611581960 127
611581977 127
611581987 127
611647502 127
611647503 127
611647512 127
611647513 127
611713032 127
611713037 127
611713042 127
611713047 127
611778569 127
611778572 127
611778587 127
611778590 127
611844116 127
611844118 127
611844119 127
611844133 127
611909650 127
611909656 127
611909659 127
611909661 127
611975180 127
611975203 127
611975205 127
611975214 127
612040719 127
612040730 127
612040733 127
612040736 127
612106270 127
612106276 127
612106277 127
612106283 127
612171778 127
612171780 127
612171795 127
612171821 127
612237313 127
612237314 127
612237315 127
612237332 127
612302861 127
612302862 127
612302880 127
612302895 127
612368395 127
612368404 127
612368413 127
612368422 127
612433920 127
612433935 127
612433937 127
612433938 127
612499460 127
612499469 127
612499470 127
612499487 127
612564992 127
612564997 127
612565010 127
612565023 127
612630529 127
612630542 127
612630544 127
612630547 127
612696066 127
612696077 127
612696079 127
612696084 127
612761608 127
612761611 127
612761618 127
612761641 127
612827137 127
612827158 127
612827159 127
612827164 127
612892675 127
612892682 127
612892689 127
612892712 127
612958245 127
612958246 127
612958248 127
612958255 127
613023745 127
613023755 127
613023756 127
613023758 127
613089304 127
613089307 127
613089318 127
613089325 127
613154816 127
613154821 127
613154822 127
613154823 127
613220363 127
613220388 127
613220397 127
613220398 127
613285894 127
613285897 127
613285904 127
613285911 127
613351428 127
613351441 127
613351443 127
613351446 127
613416975 127
613416992 127
613416994 127
613416997 127
613482498 127
613482508 127
613482515 127
613482525 127
613548039 127
613548042 127
613548053 127
613548060 127
613613569 127
613613588 127
613613603 127
613613606 127
613679116 127
613679121 127
613679122 127
613679131 127
613744673 127
613744674 127
613744675 127
613744680 127
613810177 127
613810184 127
613810190 127
613810191 127
613875714 127
613875716 127
613875717 127
613875719 127
613941267 127
613941269 127
613941272 127
613941278 127
614006788 127
614006807 127
614006809 127
614006814 127
614072328 127
614072329 127
614072335 127
614072354 127
614137863 127
614137882 127
614137897 127
614137900 127
614203398 127
614203401 127
614203423 127
614203432 127
614268928 127
614268931 127
614268949 127
614268958 127
614334476 127
614334478 127
614334485 127
614334487 127
614400024 127
614400025 127
614400038 127
614400043 127
614465553 127
614465556 127
614465563 127
614465582 127
614531075 127
614531089 127
614531092 127
614531094 127
614596610 127
614596613 127
614596627 127
614596632 127
614662148 127
614662181 127
614662183 127
614662186 127
614727680 127
614727687 127
614727689 127
614727718 127
614793238 127
614793243 127
614793245 127
614793256 127
614858752 127
614858762 127
614858765 127
614858787 127
614924288 127
614924290 127
614924291 127
614924301 127
614989829 127
614989834 127
614989836 127
614989859 127
615055370 127
615055373 127
615055384 127
615055387 127
615120912 127
615120914 127
615120915 127
615120929 127
615186439 127
615186440 127
615186442 127
615186445 127
615251986 127
615251988 127
615251991 127
615251993 127
615317515 127
615317520 127
615317533 127
615317550 127
615383047 127
615383062 127
615383064 127
615383069 127
615448595 127
615448605 127
615448614 127
615448616 127
615514124 127
615514141 127
615514154 127
615514159 127
615579657 127
615579659 127
615579660 127
615579670 127
615645187 127
615645201 127
615645202 127
615645204 127
615710740 127
615710743 127
615710754 127
615710765 127
615776268 127
615776271 127
615776289 127
615776302 127
615841795 127
615841798 127
615841800 127
615841817 127
615907344 127
615907347 127
615907361 127
615907366 127
615972865 127
615972891 127
615972904 127
615972910 127
616038403 127
616038420 127
616038421 127
616038422 127
616103937 127
616103959 127
616103976 127
616103978 127
616169472 127
616169485 127
616169502 127
616169507 127
616235040 127
616235041 127
616235043 127
616235046 127
616300571 127
616300576 127
616300581 127
616300582 127
616366080 127
616366085 127
616366086 127
616366123 127
616431629 127
616431634 127
616431643 127
616431652 127
616497179 127
616497192 127
616497197 127
616497198 127
616562695 126
616562700 127
616562710 127
616562713 127
616628225 127
616628231 127
616628246 127
616628264 127
616693773 127
616693799 127
616693800 127
616693806 127
616759298 127
616759301 127
616759304 127
616759307 127
616824836 127
616824842 127
616824857 127
616824863 127
616890374 127
616890381 127
616890384 127
616890415 127
616955904 127
616955923 127
616955937 127
616955946 127
617021448 127
617021459 127
617021473 127
617021474 127
617086981 127
617087004 127
617087014 127
617087015 127
617152516 127
617152523 127
617152533 127
617152542 127
617218054 127
617218061 127
617218068 127
617218071 127
617283591 127
617283608 127
617283617 127
617283622 127
617349148 127
617349150 127
617349163 127
617349165 127
617414667 127
617414668 127
617414674 127
617414677 127
617480225 127
617480226 127
617480231 127
617480232 127
617545731 127
617545733 127
617545734 127
617545760 127
617611283 127
617611292 127
617611293 127
617611306 127
617676820 127
617676833 127
617676839 127
617676846 127
617742362 127
617742364 127
617742377 127
617742379 127
617807872 127
617807879 127
617807890 127
617807893 127
617873416 127
617873417 127
617873427 127
617873442 127
617938944 127
617938949 127
617938954 127
617938955 127
618004492 127
618004493 127
618004494 127
618004499 127
618070022 127
618070029 127
618070036 127
618070039 127
618135561 127
618135564 127
618135574 127
618135575 127
618201097 127
618201098 127
618201100 127
618201107 127
618266625 127
618266631 127
618266646 127
618266660 127
618332160 127
618332185 127
618332186 127
618332195 127
618397703 127
618397729 127
618397736 127
618397742 127
618463232 127
618463234 127
618463235 127
618463237 127
618528783 127
618528790 127
618528792 127
618528809 127
618594329 127
618594331 127
618594332 127
618594342 127
618659846 127
618659849 127
618659860 127
618659879 127
618725398 127
618725400 127
618725401 127
618725415 127
618790913 127
618790930 127
618790932 127
618790959 127
618856458 127
618856461 127
618856472 127
618856479 127
618921986 127
618921992 127
618922007 127
618922025 127
618987524 127
618987531 127
618987538 127
618987541 127
619053067 127
619053077 127
619053078 127
619053092 127
619118596 127
619118605 127
619118610 127
619118619 127
619184138 127
619184143 127
619184149 127
619184156 127
619249678 127
619249681 127
619249696 127
619249711 127
619315208 127
619315242 127
619315245 127
619315247 127
619380740 127
619380745 127
619380750 127
619380759 127
619446279 127
619446296 127
619446301 127
619446310 127
619511811 127
619511813 127
619511838 127
619511848 127
619577346 127
619577356 127
619577359 127
619577361 127
619642881 127
619642890 127
619642924 127
619642927 127
619708423 127
619708429 127
619708450 127
619708460 127
619773958 127
619773961 127
619773984 127
619773991 127
619839499 127
619839501 127
619839522 127
619839524 127
619905031 127
619905032 127
619905041 127
619905066 127
619970573 127
619970575 127
619970580 127
619970594 127
620036098 127
620036103 127
620036124 127
620036129 127
620101639 127
620101656 127
620101665 127
620101674 127
620167183 127
620167208 127
620167209 127
620167210 127
620232707 127
620232709 127
620232722 127
620232732 127
620298247 127
620298266 127
620298268 127
620298269 127
620363809 127
620363812 127
620363814 127
620363819 127
620429316 127
620429335 127
620429341 127
620429346 127
620494868 127
620494870 127
620494871 127
620494873 127
620560386 127
620560391 127
620560392 127
620560425 127
620625931 127
620625946 127
620625949 127
620625956 127
620691474 127
620691484 127
620691489 127
620691499 127
620757011 127
620757025 127
620757034 127
620757036 127
620822528 127
620822559 127
620822561 127
620822562 127
620888078 127
620888084 127
620888089 127
620888103 127
620953600 127
620953614 127
620953621 127
620953635 127
621019152 127
621019153 127
621019155 127
621019158 127
621084683 127
621084706 127
621084708 127
621084713 127
621150216 127
621150227 127
621150241 127
621150242 127
621215777 127
621215780 127
621215787 127
621215790 127
621281295 127
621281297 127
621281302 127
621281316 127
621346836 127
621346839 127
621346841 127
621346846 127
621412355 127
621412365 127
621412384 127
621412386 127
621477913 127
621477918 127
621477919 127
621477920 127
621543428 127
621543446 127
621543449 127
621543455 127
621608967 127
621608981 127
621609004 127
621609006 127
621674503 127
621674517 127
621674522 127
621674532 127
621740054 127
621740069 127
621740072 127
621740079 127
621805584 127
621805589 127
621805598 127
621805599 127
621871110 127
621871111 127
621871116 127
621871121 127
621936664 127
621936666 127
621936675 127
621936681 127
622002177 127
622002211 127
622002216 127
622002218 127
622067712 127
622067719 127
622067726 127
622067729 127
622133254 127
622133263 127
622133265 127
622133268 127
622198803 127
622198810 127
622198812 127
622198817 127
622264347 127
622264354 127
622264356 127
622264361 127
622329860 127
622329874 127
622329887 127
622329901 127
622395398 127
622395428 127
622395429 127
622395439 127
622460940 127
622460942 127
622460949 127
622460967 127
622526473 127
622526484 127
622526491 127
622526498 127
622592007 127
622592032 127
622592037 127
622592042 127
622657536 127
622657538 127
622657569 127
622657579 127
622723080 127
622723094 127
622723097 127
622723099 127
622788621 127
622788636 127
622788646 127
622788655 127
622854150 127
622854188 127
622854189 127
622854191 127
622919695 127
622919705 127
622919722 127
622919724 127
622985229 127
622985236 127
622985238 127
622985243 127
623050753 127
623050764 127
623050778 127
623050799 127
623116288 127
623116307 127
623116310 127
623116321 127
623181841 127
623181851 127
623181852 127
623181866 127
623247366 127
623247372 127
623247389 127
623247391 127
623312917 127
623312922 127
623312935 127
623312936 127
623378435 127
623378442 127
623378460 127
623378473 127
623443996 127
623444002 127
623444013 127
623444015 127
623509505 127
623509515 127
623509530 127
623509536 127
623575053 127
623575058 127
623575068 127
623575083 127
623640611 127
623640617 127
623640618 127
623640620 127
623706118 127
623706123 127
623706125 127
623706132 127
623771654 127
623771663 127
623771673 127
623771680 127
623837187 127
623837188 127
623837201 127
623837206 127
623902738 127
623902739 127
623902749 127
623902760 127
623968257 127
623968278 127
623968280 127
623968283 127
624033796 127
624033801 127
624033814 127
624033819 127
624099346 127
624099363 127
624099365 127
624099372 127
624164896 127
624164899 127
624164902 127
624164909 127
624230401 127
624230418 127
624230423 127
624230436 127
624295937 127
624295951 127
624295952 127
624295954 127
624361493 127
624361503 127
624361510 127
624361516 127
624427015 127
624427032 127
624427038 127
624427053 127
624492548 127
624492577 127
624492579 127
624492582 127
624558095 127
624558097 127
624558100 127
624558114 127
624623618 127
624623620 127
624623627 127
624623645 127
624689168 127
624689178 127
624689189 127
624689199 127
624754721 127
624754730 127
624754731 127
624754732 127
624820231 127
624820248 127
624820257 127
624820266 127
624885761 127
624885798 127
624885800 127
624885803 127
624951304 127
624951309 127
624951342 127
624951343 127
625016846 127
625016852 127
625016853 127
625016859 127
625082389 127
625082391 127
625082398 127
625082400 127
625147929 127
625147935 127
625147940 127
625147950 127
625213442 127
625213448 127
625213453 127
625213459 127
625278994 127
625279003 127
625279012 127
625279017 127
625344514 127
625344529 127
625344552 127
625344559 127
625410071 127
625410072 127
625410074 127
625410081 127
625475590 127
625475613 127
625475620 127
625475623 127
625541133 127
625541144 127
625541150 127
625541151 127
625606664 127
625606674 127
625606683 127
625606685 127
625672204 127
625672205 127
625672227 127
625672230 127
625737744 127
625737749 127
625737751 127
625737762 127
625803296 127
625803303 127
625803305 127
625803306 127
625868806 127
625868816 127
625868831 127
625868845 127
625934336 127
625934354 127
625934377 127
625934379 127
625999873 127
625999878 127
625999879 127
625999908 127
626065433 127
626065442 127
626065447 127
626065452 127
626130958 127
626130960 127
626130981 127
626130987 127
626196506 127
626196512 127
626196519 127
626196521 127
626262028 127
626262050 127
626262051 127
626262053 127
626327559 127
626327573 127
626327578 127
626327580 127
626393115 127
626393121 127
626393130 127
626393132 127
626458630 127
626458649 127
626458659 127
626458660 127
626524195 127
626524200 127
626524205 127
626524206 127
626589730 127
626589735 127
626589737 127
626589740 127
626655238 127
626655240 127
626655257 127
626655259 127
626720785 127
626720794 127
626720795 127
626720800 127
626786321 127
626786324 127
626786334 127
626786347 127
626851845 127
626851863 127
626851864 127
626851882 127
626917376 127
626917377 127
626917407 127
626917422 127
626982927 127
626982930 127
626982948 127
626982949 127
627048450 127
627048456 127
627048457 127
627048463 127
627113992 127
627114006 127
627114029 127
627114031 127
627179525 127
627179550 127
627179552 127
627179555 127
627245058 127
627245071 127
627245088 127
627245101 127
627310601 127
627310603 127
627310616 127
627310618 127
627376148 127
627376151 127
627376170 127
627376173 127
627441690 127
627441697 127
627441699 127
627441704 127
627507208 127
627507209 127
627507210 127
627507211 127
627572753 127
627572756 127
627572778 127
627572783 127
627638282 127
627638284 127
627638313 127
627638319 127
627703812 127
627703814 127
627703821 127
627703847 127
627769345 127
627769350 127
627769356 127
627769371 127
627834882 127
627834885 127
627834891 127
627834924 127
627900418 127
627900444 127
627900455 127
627900457 127
627965959 127
627965960 127
627965978 127
627965981 127
628031500 127
628031509 127
628031511 127
628031530 127
628097030 127
628097035 127
628097037 127
628097044 127
628162565 127
628162586 127
628162600 127
628162603 127
628228097 127
628228099 127
628228116 127
628228130 127
628293660 127
628293670 127
628293677 127
628293679 127
628359169 127
628359186 127
628359188 127
628359195 127
628424717 127
628424719 127
628424740 127
628424746 127
628490262 127
628490264 127
628490267 127
628490285 127
628555791 127
628555798 127
628555801 127
628555804 127
628621316 127
628621319 127
628621321 127
628621322 127
628686864 127
628686866 127
628686879 127
628686885 127
628752422 127
628752427 127
628752428 127
628752429 127
628817925 127
628817939 127
628817954 127
628817956 127
628883468 127
628883482 127
628883485 127
628883503 127
628949004 127
628949007 127
628949018 127
628949037 127
629014532 127
629014542 127
629014549 127
629014559 127
629080069 127
629080072 127
629080078 127
629080099 127
629145600 127
629145605 127
629145619 127
629145626 127
629211144 127
629211157 127
629211162 127
629211167 127
629276679 127
629276692 127
629276698 127
629276701 127
629342217 127
629342218 127
629342220 127
629342239 127
629407754 127
629407765 127
629407775 127
629407784 127
629473312 127
629473314 127
629473315 127
629473321 127
629538819 127
629538822 127
629538840 127
629538841 127
629604356 127
629604362 127
629604375 127
629604381 127
629669891 127
629669905 127
629669908 127
629669910 127
629735443 127
629735456 127
629735457 127
629735458 127
629800977 127
629800984 127
629801003 127
629801006 127
629866498 127
629866517 127
629866531 127
629866536 127
629932041 127
629932055 127
629932062 127
629932064 127
629997583 127
629997604 127
629997609 127
629997614 127
630063104 127
630063118 127
630063127 127
630063129 127
630128645 127
630128654 127
630128659 127
630128680 127
630194186 127
630194205 127
630194212 127
630194215 127
630259719 127
630259733 127
630259734 127
630259752 127
630325268 127
630325283 127
630325285 127
630325286 127
630390789 127
630390791 127
630390800 127
630390810 127
630456336 127
630456345 127
630456351 127
630456366 127
630521868 127
630521882 127
630521889 127
630521891 127
630587393 127
630587411 127
630587430 127
630587432 127
630652951 127
630652956 127
630652961 127
630652966 127
630718464 127
630718473 127
630718478 127
630718491 127
630784011 127
630784021 127
630784028 127
630784038 127
630849539 127
630849564 127
630849569 127
630849574 127
630915085 127
630915090 127
630915095 127
630915100 127
630980612 127
630980630 127
630980631 127
630980649 127
631046146 127
631046148 127
631046151 127
631046169 127
631111694 127
631111699 127
631111701 127
631111712 127
631177218 127
631177225 127
631177239 127
631177260 127
631242755 127
631242780 127
631242785 127
631242794 127
631308288 127
631308291 127
631308293 127
631308318 127
631373825 127
631373827 127
631373828 127
631373842 127
631439361 127
631439364 127
631439391 127
631439394 127
631504918 127
631504936 127
631504941 127
631504943 127
631570436 127
631570438 127
631570443 127
631570457 127
631635986 127
631635988 127
631635997 127
631635999 127
631701519 127
631701525 127
631701544 127
631701546 127
631767050 127
631767052 127
631767053 127
631767075 127
631832588 127
631832589 127
631832591 127
631832594 127
631898131 127
631898132 127
631898142 127
631898149 127
631963653 127
631963662 127
631963667 127
631963688 127
632029199 127
632029200 127
632029210 127
632029213 127
632094726 127
632094733 127
632094747 127
632094760 127
632160256 127
632160262 127
632160265 127
632160279 127
632225798 127
632225817 127
632225820 127
632225827 127
632291351 127
632291354 127
632291368 127
632291369 127
632356878 127
632356892 127
632356907 127
632356909 127
632422415 127
632422430 127
632422436 127
632422441 127
632487946 127
632487949 127
632487968 127
632487979 127
632553486 127
632553500 127
632553501 127
632553515 127
632619039 127
632619044 127
632619049 127
632619050 127
632684556 127
632684558 127
632684565 127
632684571 127
632750085 127
632750099 127
632750112 127
632750126 127
632815616 127
632815617 127
632815619 127
632815626 127
632881156 127
632881167 127
632881169 127
632881178 127
632946724 127
632946726 127
632946729 127
632946735 127
633012246 127
633012252 127
633012269 127
633012271 127
633077764 127
633077779 127
633077781 127
633077790 127
633143298 127
633143308 127
633143317 127
633143331 127
633208834 127
633208855 127
633208868 127
633208877 127
633274373 127
633274376 127
633274382 127
633274407 127
633339913 127
633339915 127
633339928 127
633339942 127
633405447 127
633405448 127
633405453 127
633405454 127
633470985 127
633470988 127
633471003 127
633471010 127
633536531 127
633536536 127
633536538 127
633536545 127
633602049 127
633602052 127
633602058 127
633602079 127
633667586 127
633667600 127
633667629 127
633667631 127
633733120 127
633733137 127
633733138 127
633733167 127
633798659 127
633798665 127
633798670 127
633798684 127
633864209 127
633864212 127
633864215 127
633864234 127
633929729 127
633929731 127
633929732 127
633929762 127
633995265 127
633995268 127
633995270 127
633995271 127
634060817 127
634060832 127
634060834 127
634060835 127
634126359 127
634126366 127
634126368 127
634126369 127
634191891 127
634191901 127
634191906 127
634191908 127
634257408 127
634257410 127
634257431 127
634257449 127
634322947 127
634322950 127
634322960 127
634322985 127
634388481 127
634388482 127
634388483 127
634388512 127
634454022 127
634454024 127
634454041 127
634454055 127
634519560 127
634519562 127
634519567 127
634519589 127
634585095 127
634585114 127
634585117 127
634585128 127
634650639 127
634650641 127
634650644 127
634650662 127
634716160 127
634716177 126
634716186 127
634716199 127
634781696 127
634781703 127
634781710 127
634781717 127
634847247 127
634847249 127
634847276 127
634847278 127
634912778 127
634912781 127
634912800 127
634912807 127
634978322 127
634978325 127
634978335 127
634978336 127
635043846 127
635043848 127
635043851 127
635043865 127
635109393 127
635109395 127
635109396 127
635109406 127
635174936 127
635174937 127
635174939 127
635174954 127
635240449 127
635240464 127
635240466 127
635240491 127
635305989 127
635305992 127
635306011 127
635306014 127
635371523 127
635371529 127
635371564 127
635371566 127
635437077 127
635437087 127
635437094 127
635437100 127
635502609 127
635502619 127
635502622 127
635502628 127
635568148 127
635568151 127
635568165 127
635568170 127
635633666 127
635633675 127
635633692 127
635633701 127
635699229 127
635699234 127
635699235 127
635699236 127
635764745 127
635764770 127
635764772 127
635764783 127
635830281 127
635830284 127
635830291 127
635830306 127
635895841 127
635895843 127
635895844 127
635895854 127
635961354 127
635961360 127
635961381 127
635961387 127
636026885 127
636026895 127
636026908 127
636026926 127
636092418 127
636092440 127
636092447 127
636092461 127
636157974 127
636157980 127
636157981 127
636157991 127
636223489 127
636223494 127
636223496 127
636223511 127
636289026 127
636289028 127
636289029 127
636289051 127
636354580 127
636354601 127
636354602 127
636354603 127
636420114 127
636420116 127
636420119 127
636420133 127
636485632 127
636485637 127
636485642 127
636485655 127
636551168 127
636551170 127
636551179 127
636551197 127
636616706 127
636616727 127
636616740 127
636616749 127
636682256 127
636682263 127
636682269 127
636682286 127
636747787 127
636747805 127
636747810 127
636747816 127
636813328 127
636813329 127
636813338 127
636813347 127
636878852 127
636878867 127
636878885 127
636878894 127
636944414 127
636944415 127
636944416 127
636944425 127
637009929 127
637009934 127
637009947 127
637009952 127
637075456 127
637075491 127
637075497 127
637075498 127
637141007 127
637141024 127
637141029 127
637141034 127
637206547 127
637206556 127
637206561 127
637206562 127
637272090 127
637272092 127
637272105 127
637272107 127
637337606 127
637337609 127
637337639 127
637337640 127
637403147 127
637403152 127
637403162 127
637403169 127
637468700 127
637468702 127
637468709 127
637468719 127
637534213 127
637534222 127
637534231 127
637534248 127
637599749 127
637599768 127
637599771 127
637599774 127
637665284 127
637665289 127
637665318 127
637665327 127
637730822 127
637730824 127
637730829 127
637730831 127
637796356 127
637796377 127
637796383 127
637796386 127
637861904 127
637861915 127
637861917 127
637861922 127
637927445 127
637927448 127
637927451 127
637927462 127
637992962 127
637992963 127
637992969 127
637992972 127
638058497 127
638058523 127
638058534 127
638058536 127
638124049 127
638124051 127
638124060 127
638124070 127
638189578 127
638189592 127
638189593 127
638189611 127
638255120 127
638255123 127
638255133 127
638255134 127
638320642 127
638320671 127
638320676 127
638320681 127
638386196 127
638386197 127
638386202 127
638386223 127
638451729 127
638451732 127
638451743 127
638451746 127
638517262 127
638517263 127
638517268 127
638517269 127
638582790 127
638582791 127
638582804 127
638582809 127
638648344 127
638648346 127
638648347 127
638648361 127
638713880 127
638713901 127
638713902 127
638713903 127
638779417 127
638779424 127
638779427 127
638779434 127
638844943 127
638844962 127
638844964 127
638844965 127
638910482 127
638910485 127
638910492 127
638910503 127
638976005 127
638976008 127
638976030 127
638976039 127
639041537 127
639041558 127
639041572 127
639041575 127
639107072 127
639107097 127
639107107 127
639107114 127
639172615 127
639172618 127
639172629 127
639172632 127
639238146 127
639238160 127
639238163 127
639238169 127
639303716 127
639303719 127
639303721 127
639303726 127
639369219 127
639369228 127
639369230 127
639369253 127
639434755 127
639434764 127
639434778 127
639434785 127
639500288 127
639500295 127
639500313 127
639500326 127
639565837 127
639565843 127
639565854 127
639565868 127
639631361 127
639631382 127
639631400 127
639631407 127
639696896 127
639696899 127
639696906 127
639696917 127
639762435 127
639762448 127
639762454 127
639762457 127
639827982 127
639827983 127
639827993 127
639828008 127
639893521 127
639893548 127
639893550 127
639893551 127
639959042 127
639959051 127
639959056 127
639959085 127
640024605 127
640024607 127
640024618 127
640024620 127
640090114 127
640090121 127
640090127 127
640090156 127
640155678 127
640155680 127
640155685 127
640155687 127
640221191 127
640221205 127
640221224 127
640221226 127
640286721 127
640286735 127
640286738 127
640286756 127
640352266 127
640352269 127
640352287 127
640352300 127
640417816 127
640417829 127
640417834 127
640417839 127
640483333 127
640483363 127
640483364 127
640483374 127
640548874 127
640548875 127
640548876 127
640548877 127
640614408 127
640614423 127
640614426 127
640614437 127
640679938 127
640679959 127
640679973 127
640679980 127
640745498 127
640745508 127
640745513 127
640745515 127
640811027 127
640811034 127
640811036 127
640811037 127
640876558 127
640876561 127
640876568 127
640876579 127
640942101 127
640942110 127
640942116 127
640942119 127
641007616 127
641007618 127
641007623 127
641007641 127
641073162 127
641073165 127
641073183 127
641073196 127
641138693 127
641138711 127
641138712 127
641138734 127
641204232 127
641204245 127
641204262 127
641204267 127
641269771 127
641269773 127
641269776 127
641269798 127
641335304 127
641335314 127
641335321 127
641335327 127
641400867 127
641400868 127
641400869 127
641400874 127
641466371 127
641466377 127
641466378 127
641466392 127
641531929 127
641531940 127
641531942 127
641531943 127
641597449 127
641597468 127
641597471 127
641597482 127
641662983 127
641662988 127
641663005 127
641663018 127
641728512 127
641728530 127
641728533 127
641728535 127
641794066 127
641794069 127
641794080 127
641794095 127
641859608 127
641859615 127
641859617 127
641859626 127
641925122 127
641925152 127
641925161 127
641925163 127
641990673 127
641990674 127
641990692 127
641990703 127
642056210 127
642056219 127
642056224 127
642056229 127
642121730 127
642121731 127
642121732 127
642121745 127
642187276 127
642187295 127
642187309 127
642187310 127
642252802 127
642252812 127
642252831 127
642252833 127
642318336 127
642318342 127
642318351 127
642318377 127
642383873 127
642383890 127
642383903 127
642383904 127
642449411 127
642449432 127
642449449 127
642449454 127
642514956 127
642514958 127
642514967 127
642514989 127
642580480 127
642580485 127
642580487 127
642580506 127
642646024 127
642646027 127
642646038 127
642646041 127
642711574 127
642711588 127
642711595 127
642711597 127
642777088 127
642777114 127
642777133 127
642777135 127
642842624 127
642842635 127
642842641 127
642842650 127
642908185 127
642908192 127
642908202 127
642908203 127
642973708 127
642973722 127
642973729 127
642973731 127
643039246 127
643039247 127
643039248 127
643039265 127
643104777 127
643104804 127
643104810 127
643104815 127
643170312 127
643170323 127
643170326 127
643170345 127
643235844 127
643235847 127
643235849 127
643235874 127
643301382 127
643301396 127
643301397 127
643301399 127
643366920 127
643366933 127
643366947 127
643366954 127
643432452 127
643432462 127
643432477 127
643432491 127
643498000 127
643498013 127
643498014 127
643498023 127
643563537 127
643563547 127
643563550 127
643563564 127
643629071 127
643629084 127
643629085 127
643629094 127
643694609 127
643694611 127
643694624 127
643694638 127
643760155 127
643760158 127
643760164 127
643760165 127
643825665 127
643825666 127
643825667 127
643825672 127
643891203 127
643891236 127
643891237 127
643891242 127
643956760 127
643956769 127
643956771 127
643956778 127
644022286 127
644022307 127
644022309 127
644022312 127
644087815 127
644087826 127
644087832 127
644087837 127
644153355 127
644153357 127
644153360 127
644153390 127
644218916 127
644218918 127
644218925 127
644218927 127
644284431 127
644284442 127
644284444 127
644284457 127
644349970 127
644349976 127
644349981 127
644349983 127
644415506 127
644415508 127
644415513 127
644415527 127
644481035 127
644481037 127
644481060 127
644481062 127
644546582 127
644546584 127
644546597 127
644546603 127
644612123 127
644612128 127
644612134 127
644612137 127
644677645 127
644677654 127
644677668 127
644677675 127
644743176 127
644743190 127
644743209 127
644743211 127
644808708 127
644808713 127
644808714 127
644808727 127
644874243 127
644874270 127
644874280 127
644874285 127
644939785 127
644939786 127
644939788 127
644939807 127
645005312 127
645005313 127
645005327 127
645005354 127
645070860 127
645070881 127
645070894 127
645070895 127
645136394 127
645136408 127
645136409 127
645136423 127
645201928 127
645201937 127
645201942 127
645201955 127
645267475 127
645267480 127
645267489 127
645267498 127
645333016 127
645333019 127
645333021 127
645333038 127
645398559 127
645398565 127
645398566 127
645398568 127
645464079 127
645464082 127
645464097 127
645464100 127
645529600 127
645529603 127
645529605 127
645529638 127
645595143 127
645595164 127
645595166 127
645595169 127
645660711 127
645660713 127
645660716 127
645660718 127
645726216 127
645726226 127
645726239 127
645726253 127
645791747 127
645791778 127
645791784 127
645791789 127
645857286 127
645857289 127
645857300 127
645857319 127
645922840 127
645922850 127
645922859 127
645922861 127
645988359 127
645988361 127
645988380 127
645988382 127
646053898 127
646053900 127
646053917 127
646053935 127
646119426 127
646119452 127
646119453 127
646119471 127
646184969 127
646184994 127
646184996 127
646184999 127
646250522 127
646250535 127
646250536 127
646250537 127
646316049 127
646316067 127
646316068 127
646316070 127
646381573 127
646381583 127
646381584 127
646381586 127
646447114 127
646447121 127
646447128 127
646447143 127
646512645 127
646512650 127
646512676 127
646512687 127
646578183 127
646578184 127
646578190 127
646578197 127
646643721 127
646643740 127
646643743 127
646643754 127
646709251 127
646709265 127
646709272 127
646709290 127
646774790 127
646774800 127
646774817 127
646774827 127
646840335 127
646840353 127
646840360 127
646840366 127
646905859 127
646905862 127
646905885 127
646905896 127
646971410 127
646971413 127
646971416 127
646971423 127
647036931 127
647036940 127
647036945 127
647036974 127
647102480 127
647102487 127
647102501 127
647102502 127
647168008 127
647168009 127
647168030 127
647168031 127
647233537 127
647233551 127
647233566 127
647233568 127
647299083 127
647299089 127
647299112 127
647299114 127
647364648 127
647364649 127
647364654 127
647364655 127
647430150 127
647430159 127
647430160 127
647430181 127
647495693 127
647495712 127
647495726 127
647495727 127
647561223 127
647561237 127
647561242 127
647561260 127
647626764 127
647626778 127
647626787 127
647626789 127
647692308 127
647692309 127
647692310 127
647692311 127
647757847 127
647757864 127
647757866 127
647757869 127
647823392 127
647823398 127
647823401 127
647823407 127
647888918 127
647888936 127
647888941 127
647888943 127
647954461 127
647954467 127
647954470 127
647954472 127
648020001 127
648020002 127
648020008 127
648020011 127
648085524 127
648085525 127
648085527 127
648085550 127
648151080 127
648151081 127
648151083 127
648151086 127
648216581 127
648216611 127
648216612 127
648216622 127
648282129 127
648282136 127
648282138 127
648282139 127
648347675 127
648347684 127
648347685 127
648347686 127
648413192 127
648413193 127
648413194 127
648413223 127
648478720 127
648478722 127
648478737 127
648478759 127
648544258 127
648544292 127
648544301 127
648544303 127
648609795 127
648609809 127
648609812 127
648609814 127
648675339 127
648675340 127
648675350 127
648675361 127
648740868 127
648740874 127
648740883 127
648740885 127
648806401 127
648806402 127
648806416 127
648806439 127
648871941 127
648871955 127
648871958 127
648871964 127
648937478 127
648937504 127
648937505 127
648937511 127
649003024 127
649003045 127
649003047 127
649003054 127
649068547 127
649068549 127
649068554 127
649068588 127
649134088 127
649134093 127
649134123 127
649134126 127
649199650 127
649199655 127
649199657 127
649199660 127
649265156 127
649265178 127
649265183 127
649265189 127
649330688 127
649330690 127
649330691 127
649330729 127
649396227 127
649396262 127
649396265 127
649396268 127
649461768 127
649461789 127
649461795 127
649461802 127
649527300 127
649527314 127
649527337 127
649527343 127
649592833 127
649592836 127
649592839 127
649592862 127
649658372 127
649658375 127
649658393 127
649658394 127
649723910 127
649723947 127
649723948 127
649723949 127
649789452 127
649789483 127
649789485 127
649789486 127
649854991 127
649854994 127
649855008 127
649855021 127
649920513 127
649920514 127
649920528 127
649920531 127
649986053 127
649986092 127
649986094 127
649986095 127
650051589 127
650051616 127
650051622 127
650051627 127
650117125 127
650117148 127
650117154 127
650117163 127
650182656 127
650182666 127
650182677 127
650182699 127
650248197 127
650248232 127
650248238 127
650248239 127
650313738 127
650313740 127
650313753 127
650313767 127
650379266 127
650379276 127
650379277 127
650379299 127
650444821 127
650444835 127
650444840 127
650444842 127
650510369 127
650510378 127
650510379 127
650510380 127
650575904 127
650575910 127
650575915 127
650575917 127
650641438 127
650641441 127
650641448 127
650641455 127
650706964 127
650706983 127
650706985 127
650706990 127
650772491 127
650772493 127
650772514 127
650772520 127
650838028 127
650838051 127
650838058 127
650838061 127
650903554 127
650903557 127
650903576 127
650903595 127
650969114 127
650969117 127
650969127 127
650969132 127
651034634 127
651034639 127
651034649 127
651034656 127
651100164 127
651100166 127
651100199 127
651100201 127
651165697 127
651165700 127
651165707 127
651165718 127
651231273 127
651231275 127
651231276 127
651231278 127
651296810 127
651296811 127
651296812 127
651296813 127
651362306 127
651362308 127
651362337 127
651362343 127
651427872 127
651427879 127
651427885 127
651427886 127
651493388 127
651493393 127
651493399 127
651493422 127
651558920 127
651558935 127
651558938 127
651558957 127
651624465 127
651624470 127
651624480 127
651624483 127
651689987 127
651690017 127
651690020 127
651690030 127
651755550 127
651755559 127
651755561 127
651755564 127
651821081 127
651821092 127
651821094 127
651821099 127
651886606 127
651886608 127
651886629 127
651886631 127
651952131 127
651952144 127
651952146 127
651952149 127
652017689 127
652017692 127
652017694 127
652017695 127
652083210 127
652083225 127
652083227 127
652083232 127
652148736 127
652148738 127
652148743 127
652148757 127
652214299 127
652214306 127
652214308 127
652214313 127
652279808 127
652279827 127
652279850 127
652279853 127
652345344 127
652345354 127
652345355 127
652345377 127
652410893 127
652410894 127
652410907 127
652410908 127
652476419 127
652476433 127
652476446 127
652476456 127
652541981 127
652541982 127
652541983 127
652541984 127
652607511 127
652607514 127
652607516 127
652607525 127
652673047 127
652673060 127
652673069 127
652673070 127
652738580 127
652738583 127
652738589 127
652738606 127
652804107 127
652804116 127
652804121 126
652804142 127
652869647 127
652869648 127
652869666 127
652869677 127
652935180 127
652935182 127
652935199 127
652935213 127
653000711 127
653000714 127
653000733 127
653000744 127
653066244 127
653066246 127
653066265 127
653066267 127
653131804 127
653131811 127
653131813 127
653131814 127
653197323 127
653197336 127
653197345 127
653197350 127
653262876 127
653262886 127
653262889 127
653262891 127
653328424 127
653328429 127
653328430 127
653328431 127
653393957 127
653393960 127
653393963 127
653393966 127
653459456 127
653459470 127
653459483 127
653459493 127
653525021 127
653525024 127
653525026 127
653525039 127
653590532 127
653590562 127
653590565 127
653590567 127
653656096 127
653656099 127
653656109 127
653656110 127
653721619 127
653721633 127
653721642 127
653721644 127
653787159 127
653787165 127
653787166 127
653787172 127
653852706 127
653852708 127
653852715 127
653852717 127
653918228 127
653918247 127
653918249 127
653918254 127
653983774 127
653983776 127
653983777 127
653983791 127
654049288 127
654049289 127
654049298 127
654049303 127
654114844 127
654114846 127
654114849 127
654114863 127
654180360 127
654180361 127
654180379 127
654180394 127
654245894 127
654245927 127
654245932 127
654245933 127
654311457 127
654311460 127
654311462 127
654311463 127
654376972 127
654376993 127
654376995 127
654376998 127
654442497 127
654442512 127
654442530 127
654442543 127
654508037 127
654508060 127
654508074 127
654508075 127
654573596 127
654573606 127
654573607 127
654573613 127
654639109 127
654639123 127
654639126 127
654639148 127
654704642 127
654704665 127
654704667 127
654704684 127
654770210 127
654770215 127
654770217 127
654770220 127
654835715 127
654835724 127
654835742 127
654835753 127
654901251 127
654901292 127
654901293 127
654901294 127
654966784 127
654966818 127
654966821 127
654966831 127
655032322 127
655032360 127
655032361 127
655032367 127
655097879 127
655097885 127
655097886 127
655097888 127
655163401 127
655163415 127
655163434 127
655163436 127
655228933 127
655228952 127
655228954 127
655228975 127
655294495 127
655294497 127
655294506 127
655294508 127
655360019 127
655360026 127
655360040 127
655360045 127
655425537 127
655425540 127
655425555 127
655425570 127
655491086 127
655491101 127
655491116 127
655491119 127
655556634 127
655556652 127
655556653 127
655556655 127
655622148 127
655622174 127
655622185 127
655622187 127
655687700 127
655687703 127
655687717 127
655687726 127
655753217 127
655753223 127
655753258 127
655753260 127
655818758 127
655818763 127
655818781 127
655818788 127
655884314 127
655884317 127
655884331 127
655884332 127
655949825 127
655949839 127
655949842 127
655949848 127
656015376 127
656015385 127
656015399 127
656015406 127
656080898 127
656080920 127
656080933 127
656080943 127
656146467 127
656146474 127
656146476 127
656146477 127
656211971 127
656212001 127
656212006 127
656212012 127
656277505 127
656277510 127
656277519 127
656277540 127
656343053 127
656343071 127
656343072 127
656343082 127
656408576 127
656408615 127
656408617 127
656408618 127
656474118 127
656474143 127
656474148 127
656474149 127
656539661 127
656539670 127
656539675 127
656539688 127
656605193 127
656605194 127
656605195 127
656605216 127
656670720 127
656670725 127
656670730 127
656670767 127
656736273 127
656736275 127
656736276 127
656736278 127
656801812 127
656801826 127
656801833 127
656801839 127
656867354 127
656867363 127
656867372 127
656867373 127
656932868 127
656932894 127
656932899 127
656932909 127
656998402 127
656998437 127
656998439 127
656998440 127
657063963 127
657063966 127
657063968 127
657063977 127
657129506 127
657129511 127
657129513 127
657129516 127
657195036 127
657195038 127
657195045 127
657195055 127
657260550 127
657260568 127
657260573 127
657260587 127
657326108 127
657326113 127
657326126 127
657326127 127
657391623 127
657391628 127
657391658 127
657391661 127
657457165 127
657457167 127
657457170 127
657457188 127
657522727 127
657522729 127
657522732 127
657522734 127
657588250 127
657588268 127
657588269 127
657588271 127
657653784 127
657653789 127
657653798 127
657653799 127
657719323 127
657719337 127
657719340 127
657719342 127
657784859 127
657784866 127
657784868 127
657784877 127
657850391 127
657850396 127
657850405 127
657850410 127
657915911 127
657915933 127
657915946 127
657915948 127
657981452 127
657981470 127
657981471 127
657981473 127
658047014 127
658047016 127
658047021 127
658047023 127
658112513 127
658112544 127
658112558 127
658112559 127
658178069 127
658178072 127
658178083 127
658178090 127
658243615 127
658243618 127
658243628 127
658243629 127
658309140 127
658309145 127
658309159 127
658309166 127
658374669 127
658374671 127
658374676 127
658374702 127
658440205 127
658440208 127
658440223 127
658440226 127
658505728 127
658505742 127
658505745 127
658505763 127
658571271 127
658571274 127
658571293 127
658571308 127
658636800 127
658636819 127
658636838 127
658636841 127
658702358 127
658702368 127
658702377 127
658702379 127
658767899 127
658767904 127
658767906 127
658767909 127
658833429 127
658833443 127
658833450 127
658833452 127
658898952 127
658898954 127
658898973 127
658898987 127
658964485 127
658964508 127
658964518 127
658964527 127
659030034 127
659030040 127
659030053 127
659030055 127
659095555 127
659095578 127
659095592 127
659095597 127
659161088 127
659161102 127
659161123 127
659161125 127
659226665 127
659226667 127
659226668 127
659226670 127
659292168 127
659292194 127
659292195 127
659292197 127
659357710 127
659357731 127
659357740 127
659357741 127
659423240 127
659423245 127
659423270 127
659423271 127
659488799 127
659488802 127
659488805 127
659488808 127
659554331 127
659554341 127
659554346 127
659554348 127
659619851 127
659619881 127
659619884 127
659619886 127
659685384 127
659685418 127
659685419 127
659685421 127
659750917 127
659750946 127
659750956 127
659750959 127
659816457 127
659816476 127
659816487 127
659816490 127
659882003 127
659882021 127
659882024 127
659882026 127
659947544 127
659947550 127
659947563 127
659947565 127
660013066 127
660013093 127
660013096 127
660013099 127
660078636 127
660078637 127
660078638 127
660078639 127
660144133 127
660144160 127
660144163 127
660144174 127
660209670 127
660209675 127
660209704 127
660209705 127
660275207 127
660275240 127
660275245 127
660275246 127
660340753 127
660340774 127
660340780 127
660340783 127
660406277 127
660406282 127
660406312 127
660406315 127
660471842 127
660471847 127
660471849 127
660471852 127
660537372 127
660537389 127
660537390 127
660537391 127
660602881 127
660602891 127
660602896 127
660602898 127
660668417 127
660668418 127
660668419 127
660668448 127
660733957 127
660733960 127
660733990 127
660733991 127
660799507 127
660799509 127
660799522 127
660799524 127
660865028 127
660865030 127
660865031 127
660865033 127
660930570 127
660930571 127
660930573 127
660930584 127
660996109 127
660996111 127
660996112 127
660996126 127
661061656 127
661061659 127
661061665 127
661061666 127
661127170 127
661127173 127
661127187 127
661127200 127
661192704 127
661192719 127
661192725 127
661192742 127
661258244 127
661258250 127
661258253 127
661258255 127
661323797 127
661323800 127
661323807 127
661323814 127
661389313 127
661389315 127
661389328 127
661389342 127
661454851 127
661454857 127
661454858 127
661454860 127
661520387 127
661520392 127
661520405 127
661520406 127
661585920 127
661585933 127
661585943 127
661585950 127
661651470 127
661651480 127
661651485 127
661651499 127
661716997 127
661716998 127
661717003 127
661717008 127
661782537 127
661782550 127
661782552 127
661782567 127
661848069 127
661848074 127
661848091 127
661848092 127
661913601 127
661913604 127
661913606 127
661913607 127
661979140 127
661979141 127
661979142 127
661979159 127
662044684 127
662044686 127
662044689 127
662044691 127
662110217 127
662110220 127
662110222 127
662110231 127
662175754 127
662175755 127
662175768 127
662175769 127
662241280 127
662241298 127
662241317 127
662241323 127
662306816 127
662306819 127
662306822 127
662306825 127
662372361 127
662372375 127
662372378 127
662372396 127
662437899 127
662437904 127
662437918 127
662437929 127
662503425 127
662503427 127
662503442 127
662503448 127
662568960 127
662568961 127
662568975 127
662568986 127
662634504 127
662634510 127
662634513 127
662634527 127
662700048 127
662700049 127
662700058 127
662700063 127
662765585 127
662765600 127
662765602 127
662765615 127
662831112 127
662831121 127
662831134 127
662831143 127
662896640 127
662896647 127
662896650 127
662896665 127
662962185 127
662962198 127
662962200 127
662962203 127
663027728 127
663027731 127
663027733 127
663027750 127
663093267 127
663093281 127
663093282 127
663093284 127
663158793 127
663158794 127
663158795 127
663158800 127
663224322 127
663224324 127
663224337 127
663224351 127
663289859 127
663289861 127
663289876 127
663289878 127
663355393 127
663355394 127
663355403 127
663355420 127
663420928 127
663420930 127
663420943 127
663420945 127
663486468 127
663486470 127
663486471 127
663486473 127
663552002 127
663552008 127
663552009 127
663552015 127
663617556 127
663617574 127
663617575 127
663617577 127
663683085 127
663683086 127
663683087 127
663683104 127
663748608 127
663748625 127
663748631 127
663748634 127
663814150 127
663814153 127
663814155 127
663814156 127
663879681 127
663879691 127
663879696 127
663879698 127
663945226 127
663945229 127
663945243 127
663945256 127
664010757 127
664010758 127
664010760 127
664010771 127
664076293 127
664076295 127
664076296 127
664076310 127
664141850 127
664141852 127
664141855 127
664141861 127
664207364 127
664207365 127
664207367 127
664207370 127
664272900 127
664272903 127
664272918 127
664272933 127
664338443 127
664338446 127
664338448 127
664338449 127
664403990 127
664403993 127
664403995 127
664404004 127
664469515 127
664469533 127
664469536 127
664469542 127
664535040 127
664535041 127
664535043 127
664535062 127
664600579 127
664600581 127
664600584 127
664600622 127
664666113 127
664666122 127
664666123 127
664666128 127
664731682 127
664731685 127
664731691 127
664731692 127
664797188 127
664797194 127
664797197 127
664797211 127
664862720 127
664862733 127
664862734 127
664862743 127
664928273 127
664928276 127
664928287 127
664928294 127
664993797 127
664993806 127
664993808 127
664993815 127
665059341 127
665059350 127
665059355 127
665059356 127
665124868 127
665124875 127
665124878 127
665124885 127
665190400 127
665190415 127
665190418 127
665190437 127
665255944 127
665255970 127
665255977 127
665255979 127
665321474 127
665321489 127
665321492 127
665321515 127
665387010 127
665387011 127
665387024 127
665387025 127
665452546 127
665452547 127
665452548 127
665452549 127
665518098 127
665518100 127
665518101 127
665518127 127
665583618 127
665583637 127
665583640 127
665583647 127
665649171 127
665649180 127
665649185 127
665649194 127
665714707 127
665714717 127
665714718 127
665714720 127
665780227 127
665780245 127
665780254 127
665780256 127
665845766 127
665845768 127
665845769 127
665845783 127
665911304 127
665911325 127
665911327 127
665911330 127
665976840 127
665976850 127
665976857 127
665976859 127
666042377 127
666042388 127
666042391 127
666042406 127
666107922 127
666107923 127
666107929 127
666107932 127
666173463 127
666173470 127
666173480 127
666173485 127
666238987 127
666239000 127
666239013 127
666239018 127
666304520 127
666304527 127
666304530 127
666304541 127
666370053 127
666370056 127
666370078 127
666370091 127
666435592 127
666435595 127
666435605 127
666435622 127
666501130 127
666501135 127
666501148 127
666501153 127
666566656 127
666566657 127
666566683 127
666566686 127
666632195 127
666632202 127
666632204 127
666632209 127
666697734 127
666697753 127
666697755 127
666697756 127
666763277 127
666763296 127
666763299 127
666763306 127
666828804 127
666828807 127
666828817 127
666828838 127
666894345 127
666894356 127
666894358 127
666894359 127
666959873 127
666959874 127
666959876 127
666959879 127
667025415 127
667025441 127
667025446 127
667025452 127
667090953 127
667090987 127
667090988 127
667090990 127
667156484 127
667156493 127
667156498 127
667156503 127
667222025 127
667222026 127
667222028 127
667222043 127
667287552 127
667287561 127
667287575 127
667287590 127
667353095 127
667353096 127
667353098 127
667353117 127
667418628 127
667418633 127
667418635 127
667418650 127
667484171 127
667484180 127
667484182 127
667484185 127
667549702 127
667549712 127
667549725 127
667549739 127
667615235 127
667615238 127
667615240 127
667615261 127
667680768 127
667680794 127
667680797 127
667680803 127
667746307 127
667746322 127
667746328 127
667746341 127
667811841 127
667811851 127
667811854 127
667811856 127
667877377 127
667877384 127
667877395 127
667877398 127
667942913 127
667942914 127
667942915 127
667942928 127
668008453 127
668008454 127
668008459 127
668008460 127
668073988 127
668073997 127
668073998 127
668074015 127
668139520 127
668139522 127
668139531 127
668139545 127
668205064 127
668205065 127
668205070 127
668205099 127
668270611 127
668270617 127
668270620 127
668270634 127
668336137 127
668336140 127
668336158 127
668336159 127
668401678 127
668401681 127
668401683 127
668401684 127
668467232 127
668467233 127
668467234 127
668467235 127
668532750 127
668532763 127
668532764 127
668532773 127
668598287 127
668598290 127
668598300 127
668598305 127
668663808 127
668663819 127
668663822 127
668663825 127
668729356 127
668729357 127
668729367 127
668729370 127
668794898 127
668794899 127
668794901 127
668794904 127
668860422 127
668860441 127
668860455 127
668860456 127
668925960 127
668925962 127
668925967 127
668925977 127
668991489 127
668991491 127
668991510 127
668991524 127
669057040 127
669057061 127
669057062 127
669057063 127
669122569 127
669122572 127
669122575 127
669122578 127
669188103 127
669188117 127
669188118 127
669188140 127
669253633 127
669253636 127
669253646 127
669253651 127
669319187 127
669319188 127
669319190 127
669319209 127
669384709 127
669384712 127
669384735 127
669384746 127
669450259 127
669450266 127
669450269 127
669450272 127
669515793 127
669515807 127
669515812 127
669515822 127
669581323 127
669581325 127
669581356 127
669581358 127
669646865 127
669646868 127
669646883 127
669646894 127
669712398 127
669712416 127
669712421 127
669712427 127
669777924 127
669777949 127
669777951 127
669777954 127
669843459 127
669843462 127
669843465 127
669843480 127
669908993 127
669909004 127
669909014 127
669909023 127
669974539 127
669974558 127
669974560 127
669974573 127
670040066 127
670040068 127
670040069 127
670040075 127
670105601 127
670105614 127
670105631 127
670105636 127
670171136 127
670171165 127
670171167 127
670171182 127
670236679 127
670236698 127
670236701 127
670236716 127
670302233 127
670302247 127
670302250 127
670302252 127
670367749 127
670367760 127
670367775 127
670367778 127
670433285 127
670433288 127
670433290 127
670433291 127
670498819 127
670498828 127
670498829 127
670498862 127
670564354 127
670564356 127
670564357 127
670564363 127
670629918 127
670629924 127
670629933 127
670629935 127
670695425 127
670695430 127
670695432 127
670695471 127
670760967 127
670760978 127
670760984 127
670760989 127
670826497 127
670826498 127
670826499 127
670826500 127
670892056 127
670892058 127
670892059 127
670892073 127
670957590 126
670957592 127
670957593 127
670957611 127
671023104 127
671023110 127
671023117 127
671023119 127
671088641 127
671088656 127
671088675 127
671088678 127
671154185 127
671154202 127
671154211 127
671154216 127
671219721 127
671219723 127
671219724 127
671219750 127
671285258 127
671285260 127
671285283 127
671285285 127
671350787 127
671350805 127
671350806 127
671350820 127
671416335 127
671416348 127
671416350 127
671416361 127
671481868 127
671481873 127
671481874 127
671481883 127
671547392 127
671547407 127
671547409 127
671547414 127
671612938 127
671612948 127
671612953 127
671612959 127
671678471 127
671678474 127
671678477 127
671678484 127
671744014 127
671744025 127
671744028 127
671744047 127
671809540 127
671809562 127
671809571 127
671809581 127
671875081 127
671875082 127
671875088 127
671875091 127
671940620 127
671940621 127
671940630 127
671940631 127
672006147 127
672006157 127
672006166 127
672006168 127
672071685 127
672071686 127
672071712 127
672071723 127
672137217 127
672137227 127
672137234 127
672137244 127
672202774 127
672202777 127
672202779 127
672202796 127
672268308 127
672268310 127
672268323 127
672268329 127
672333829 127
672333839 127
672333852 127
672333858 127
672399373 127
672399379 127
672399386 127
672399392 127
672464901 127
672464910 127
672464928 127
672464939 127
672530433 127
672530439 127
672530446 127
672530460 127
672595968 127
672595983 127
672595998 127
672596001 127
672661510 127
672661511 127
672661513 127
672661548 127
672727057 127
672727058 127
672727060 127
672727083 127
672792584 127
672792589 127
672792594 127
672792599 127
672858132 127
672858141 127
672858146 127
672858155 127
672923664 127
672923683 127
672923685 127
672923686 127
672989203 127
672989204 127
672989205 127
672989206 127
673054727 127
673054730 127
673054736 127
673054741 127
673120270 127
673120276 127
673120281 127
673120283 127
673185804 127
673185818 127
673185825 127
673185835 127
673251339 127
673251344 127
673251349 127
673251362 127
673316870 127
673316875 127
673316884 127
673316909 127
673382404 127
673382406 127
673382415 127
673382417 127
673447937 127
673447951 127
673447958 127
673447960 127
673513483 127
673513484 127
673513490 127
673513493 127
673579030 127
673579033 127
673579035 127
673579036 127
673644544 127
673644547 127
673644561 127
673644586 127
673710085 127
673710090 127
673710096 127
673710107 127
673775633 127
673775635 127
673775650 127
673775656 127
673841165 127
673841178 127
673841180 127
673841187 127
673906702 127
673906704 127
673906721 127
673906723 127
673972242 127
673972243 127
673972248 127
673972249 127
674037766 127
674037787 127
674037796 127
674037805 127
674103308 127
674103318 127
674103329 127
674103343 127
674168838 127
674168851 127
674168857 127
674168872 127
674234373 127
674234376 127
674234378 127
674234387 127
674299920 127
674299933 127
674299934 127
674299935 127
674365440 127
674365445 127
674365447 127
674365450 127
674430978 127
674431008 127
674431009 127
674431023 127
674496514 127
674496515 127
674496516 127
674496517 127
674562064 127
674562069 127
674562082 127
674562083 127
674627585 127
674627594 127
674627600 127
674627619 127
674693122 127
674693124 127
674693125 127
674693139 127
674758660 127
674758665 127
674758671 127
674758678 127
674824198 127
674824201 127
674824212 127
674824235 127
674889729 127
674889732 127
674889739 127
674889742 127
674955264 127
674955281 127
674955291 127
674955294 127
675020813 127
675020826 127
675020828 127
675020831 127
675086338 127
675086339 127
675086345 127
675086352 127
675151876 127
675151902 127
675151909 127
675151911 127
675217409 127
675217410 127
675217424 127
675217435 127
675282974 127
675282977 127
675282979 127
675282984 127
675348487 127
675348498 127
675348501 127
675348516 127
675414029 127
675414032 127
675414034 127
675414055 127
675479556 127
675479558 127
675479567 127
675479569 127
675545088 127
675545106 127
675545107 127
675545109 127
675610658 127
675610661 127
675610663 127
675610664 127
675676181 127
675676190 127
675676199 127
675676204 127
675741699 127
675741710 127
675741720 127
675741721 127
675807250 127
675807257 127
675807264 127
675807271 127
675872780 127
675872783 127
675872798 127
675872801 127
675938307 127
675938310 127
675938313 127
675938348 127
676003847 127
676003849 127
676003850 127
676003852 127
676069377 127
676069378 127
676069383 127
676069396 127
676134920 127
676134923 127
676134933 127
676134938 127
676200454 127
676200468 127
676200477 127
676200491 127
676265996 127
676265998 127
676266013 127
676266031 127
676331520 127
676331531 127
676331534 127
676331561 127
676397072 127
676397075 127
676397082 127
676397093 127
676462593 127
676462595 127
676462608 127
676462618 127
676528129 127
676528130 127
676528132 127
676528143 127
676593673 127
676593676 127
676593678 127
676593695 127
676659214 127
676659215 127
676659216 127
676659233 127
676724747 127
676724750 127
676724772 127
676724777 127
676790280 127
676790282 127
676790307 127
676790309 127
676855809 127
676855822 127
676855827 127
676855836 127
676921344 127
676921346 127
676921349 127
676921375 127
676986894 127
676986912 127
676986919 127
676986925 127
677052432 127
677052439 127
677052441 127
677052446 127
677117963 127
677117966 127
677117968 127
677117989 127
677183494 127
677183517 127
677183524 127
677183531 127
677249026 127
677249028 127
677249029 127
677249055 127
677314567 127
677314569 127
677314572 127
677314590 127
677380104 127
677380109 127
677380114 127
677380119 127
677445645 127
677445646 127
677445647 127
677445676 127
677511186 127
677511192 127
677511195 127
677511197 127
677576727 127
677576728 127
677576733 127
677576734 127
677642254 127
677642256 127
677642265 127
677642271 127
677707796 127
677707798 127
677707799 127
677707813 127
677773328 127
677773342 127
677773345 127
677773347 127
677838862 127
677838863 127
677838872 127
677838873 127
677904393 127
677904396 127
677904411 127
677904414 127
677969926 127
677969928 127
677969945 127
677969955 127
678035469 127
678035470 127
678035488 127
678035503 127
678100992 127
678100997 127
678101010 127
678101023 127
678166529 127
678166542 127
678166544 127
678166547 127
678232094 127
678232100 127
678232101 127
678232107 127
678297601 127
678297611 127
678297612 127
678297614 127
678363138 127
678363149 127
678363151 127
678363156 127
678428676 127
678428685 127
678428686 127
678428703 127
678494245 127
678494246 127
678494248 127
678494255 127
678559752 127
678559755 127
678559762 127
678559785 127
678625292 127
678625315 127
678625317 127
678625326 127
678690831 127
678690842 127
678690845 127
678690848 127
678756352 127
678756357 127
678756358 127
678756359 127
678821890 127
678821892 127
678821907 127
678821933 127
678887427 127
678887434 127
678887441 127
678887464 127
678952961 127
678952962 127
678952963 127
678952980 127
679018500 127
679018513 127
679018515 127
679018518 127
679084043 127
679084052 127
679084069 127
679084070 127
679149574 127
679149577 127
679149584 127
679149591 127
679215128 127
679215131 127
679215142 127
679215149 127
679280651 127
679280676 127
679280685 127
679280686 127
679346177 127
679346198 127
679346199 127
679346204 127
679411712 127
679411722 127
679411725 127
679411747 127
679477250 127
679477260 127
679477267 127
679477277 127
679542788 127
679542821 127
679542823 127
679542826 127
679608342 127
679608347 127
679608349 127
679608360 127
679673856 127
679673863 127
679673865 127
679673894 127
679739392 127
679739395 127
679739409 127
679739410 127
679804931 127
679804945 127
679804948 127
679804950 127
679870476 127
679870481 127
679870482 127
679870491 127
679936019 127
679936021 127
679936024 127
679936030 127
680001551 127
680001568 127
680001570 127
680001573 127
680067073 127
680067080 127
680067086 127
680067087 127
680132615 127
680132618 127
680132629 127
680132636 127
680198145 127
680198164 127
680198179 127
680198182 127
680263688 127
680263689 127
680263695 127
680263726 127
680329220 127
680329239 127
680329241 127
680329246 127
680394752 127
680394754 127
680394755 127
680394765 127
680460312 127
680460313 127
680460326 127
680460331 127
680525831 127
680525850 127
680525865 127
680525868 127
680591362 127
680591367 127
680591372 127
680591381 127
680656901 127
680656906 127
680656908 127
680656931 127
680722442 127
680722445 127
680722456 127
680722459 127
680787968 127
680787971 127
680787989 127
680787998 127
680853521 127
680853524 127
680853531 127
680853538 127
680919046 127
680919049 127
680919071 127
680919080 127
680984579 127
680984593 127
680984594 127
680984596 127
681050145 127
681050146 127
681050147 127
681050152 127
681115652 127
681115653 127
681115662 127
681115671 127
681181191 127
681181192 127
681181194 127
681181197 127
681246733 127
681246738 127
681246747 127
681246756 127
681312268 127
681312285 127
681312298 127
681312303 127
681377819 127
681377832 127
681377837 127
681377838 127
681443347 127
681443357 127
681443366 127
681443368 127
681508865 127
681508887 127
681508904 127
681508906 127
681574403 127
681574406 127
681574408 127
681574425 127
681639943 127
681639958 127
681639960 127
681639965 127
681705487 127
681705500 127
681705505 127
681705518 127
681771020 127
681771027 127
681771030 127
681771041 127
681836555 127
681836560 127
681836573 127
681836590 127
681902100 127
681902103 127
681902114 127
681902125 127
681967618 127
681967621 127
681967635 127
681967640 127
682033152 127
682033157 127
682033158 127
682033195 127
682098688 127
682098701 127
682098718 127
682098723 127
682164225 127
682164251 127
682164264 127
682164270 127
682229761 127
682229767 127
682229782 127
682229800 127
682295312 127
682295314 127
682295315 127
682295329 127
682360841 127
682360843 127
682360848 127
682360870 127
682426371 127
682426388 127
682426389 127
682426390 127
682491922 127
682491924 127
682491927 127
682491929 127
682557467 127
682557472 127
682557477 127
682557478 127
682623008 127
682623009 127
682623011 127
682623014 127
682688519 127
682688524 127
682688534 127
682688537 127
682754056 127
682754067 127
682754081 127
682754082 127
682819588 127
682819594 127
682819609 127
682819615 127
682885122 127
682885125 127
682885128 127
682885131 127
682950675 127
682950684 127
682950685 127
682950698 127
683016225 127
683016226 127
683016231 127
683016232 127
683081740 127
683081758 127
683081771 127
683081773 127
683147264 127
683147271 127
683147282 127
683147285 127
683212806 127
683212813 127
683212816 127
683212847 127
683278349 127
683278375 127
683278376 127
683278382 127
683343883 127
683343884 127
683343890 127
683343893 127
683409413 127
683409436 127
683409446 127
683409447 127
683474970 127
683474972 127
683474985 127
683474987 127
683540486 127
683540493 127
683540500 127
683540503 127
683606020 127
683606027 127
683606037 127
683606046 127
683671559 127
683671576 127
683671585 127
683671590 127
683737108 127
683737121 127
683737127 127
683737134 127
683802624 127
683802634 127
683802635 127
683802637 127
683868160 127
683868179 127
683868193 127
683868202 127
683933696 127
683933721 127
683933722 127
683933731 127
683999240 127
683999241 127
683999251 127
683999266 127
684064771 127
684064773 127
684064774 127
684064800 127
684130308 127
684130317 127
684130322 127
684130331 127
684195846 127
684195849 127
684195860 127
684195879 127
684261378 127
684261384 127
684261399 127
684261417 127
684326919 127
684326945 127
684326952 127
684326958 127
684392463 127
684392470 127
684392472 127
684392489 127
684457993 127
684457996 127
684458006 127
684458007 127
684523534 127
684523537 127
684523552 127
684523567 127
684589057 127
684589074 127
684589076 127
684589103 127
684654602 127
684654607 127
684654613 127
684654620 127
684720153 127
684720155 127
684720156 127
684720166 127
684785674 127
684785677 127
684785688 127
684785695 127
684851209 127
684851210 127
684851212 127
684851239 127
684916755 127
684916758 127
684916760 127
684916761 127
684982273 127
684982279 127
684982284 127
684982286 127
685047819 127
685047829 127
685047830 127
685047844 127
685113350 127
685113357 127
685113364 127
685113367 127
685178885 127
685178899 127
685178902 127
685178916 127
685244423 127
685244440 127
685244445 127
685244454 127
685309956 127
685309961 127
685309966 127
685309975 127
685375488 127
685375490 127
685375491 127
685375493 127
685441039 127
685441064 127
685441065 127
685441066 127
685506564 127
685506571 127
685506578 127
685506581 127
685572098 127
685572108 127
685572111 127
685572113 127
685637635 127
685637637 127
685637650 127
685637660 127
685703188 127
685703190 127
685703191 127
685703193 127
685768711 127
685768728 127
685768737 127
685768746 127
685834247 127
685834248 127
685834257 127
685834282 127
685899779 127
685899781 127
685899806 127
685899816 127
685965314 127
685965319 127
685965320 127
685965353 127
686030855 127
686030861 127
686030882 127
686030892 127
686096391 127
686096410 127
686096412 127
686096413 127
686161928 127
686161962 127
686161965 127
686161967 127
686227489 127
686227492 127
686227494 127
686227499 127
686293003 127
686293005 127
686293026 127
686293028 127
686358530 127
686358535 127
686358556 127
686358561 127
686424070 127
686424073 127
686424096 127
686424103 127
686489604 127
686489623 127
686489626 127
686489629 127
686555137 127
686555146 127
686555180 127
686555183 127
686620683 127
686620698 127
686620701 127
686620708 127
686686224 127
686686225 127
686686227 127
686686230 127
686751757 127
686751759 127
686751764 127
686751778 127
686817296 127
686817301 127
686817310 127
686817311 127
686882824 127
686882835 127
686882849 127
686882850 127
686948371 127
686948378 127
686948380 127
686948385 127
687013907 127
687013921 127
687013930 127
687013932 127
687079439 127
687079441 127
687079446 127
687079460 127
687144988 127
687144993 127
687144994 127
687145003 127
687210496 127
687210527 127
687210529 127
687210530 127
687276054 127
687276069 127
687276072 127
687276079 127
687341592 127
687341602 127
687341603 127
687341609 127
687407137 127
687407140 127
687407147 127
687407150 127
687472651 127
687472658 127
687472676 127
687472681 127
687538196 127
687538199 127
687538201 127
687538206 127
687603737 127
687603742 127
687603743 127
687603744 127
687669252 127
687669270 127
687669273 127
687669279 127
687734784 127
687734791 127
687734798 127
687734801 127
687800334 127
687800340 127
687800345 127
687800359 127
687865868 127
687865870 127
687865877 127
687865895 127
687931398 127
687931399 127
687931404 127
687931409 127
687996935 127
687996949 127
687996954 127
687996964 127
688062464 127
688062478 127
688062485 127
688062499 127
688128001 127
688128035 127
688128040 127
688128042 127
688193543 127
688193557 127
688193580 127
688193582 127
688259099 127
688259106 127
688259108 127
688259113 127
688324611 127
688324621 127
688324640 127
688324642 127
688390150 127
688390159 127
688390161 127
688390164 127
688455686 127
688455724 127
688455725 127
688455727 127
688521224 127
688521238 127
688521241 127
688521243 127
688586758 127
688586788 127
688586789 127
688586799 127
688652288 127
688652290 127
688652321 127
688652331 127
688717828 127
688717842 127
688717855 127
688717869 127
688783373 127
688783388 127
688783398 127
688783407 127
688848897 127
688848908 127
688848922 127
688848943 127
688914449 127
688914459 127
688914460 127
688914474 127
688979981 127
688979988 127
688979990 127
688979995 127
689045519 127
689045529 127
689045546 127
689045548 127
689111049 127
689111060 127
689111067 126
689111074 127
689176583 127
689176608 127
689176613 127
689176618 127
689242147 127
689242153 127
689242154 127
689242156 127
689307648 127
689307667 127
689307670 127
689307681 127
689373190 127
689373196 127
689373213 127
689373215 127
689438733 127
689438738 127
689438748 127
689438763 127
689504284 127
689504290 127
689504301 127
689504303 127
689569824 127
689569827 127
689569830 127
689569837 127
689635346 127
689635363 127
689635365 127
689635372 127
689700885 127
689700890 127
689700903 127
689700904 127
689766404 127
689766409 127
689766422 127
689766427 127
689831939 127
689831946 127
689831964 127
689831977 127
689897478 127
689897487 127
689897497 127
689897504 127
689963009 127
689963019 127
689963034 127
689963040 127
690028562 127
690028563 127
690028573 127
690028584 127
690094081 127
690094098 127
690094103 127
690094116 127
690159619 127
690159620 127
690159633 127
690159638 127
690225158 127
690225163 127
690225165 127
690225172 127
690290696 127
690290706 127
690290715 127
690290717 127
690356226 127
690356228 127
690356235 127
690356253 127
690421762 127
690421768 127
690421773 127
690421779 127
690487310 127
690487316 127
690487317 127
690487323 127
690552853 127
690552863 127
690552870 127
690552876 127
690618383 127
690618385 127
690618388 127
690618402 127
690683908 127
690683937 127
690683939 127
690683942 127
690749441 127
690749478 127
690749480 127
690749483 127
690814997 127
690815006 127
690815007 127
690815008 127
690880513 127
690880527 127
690880528 127
690880530 127
690946055 127
690946072 127
690946078 127
690946093 127
691011591 127
691011608 127
691011617 127
691011626 127
691077128 127
691077133 127
691077166 127
691077167 127
691142657 127
691142678 127
691142680 127
691142683 127
691208194 127
691208209 127
691208232 127
691208239 127
691273744 127
691273754 127
691273765 127
691273775 127
691339287 127
691339288 127
691339290 127
691339297 127
691404823 127
691404825 127
691404836 127
691404846 127
691470348 127
691470349 127
691470371 127
691470374 127
691535878 127
691535901 127
691535908 127
691535911 127
691601408 127
691601426 127
691601449 127
691601451 127
691666977 127
691666986 127
691666987 127
691666988 127
691732498 127
691732507 127
691732516 127
691732521 127
691798022 127
691798024 127
691798041 127
691798043 127
691863587 127
691863592 127
691863597 127
691863598 127
691929104 127
691929109 127
691929111 127
691929122 127
691994630 127
691994640 127
691994655 127
691994669 127
692060177 127
692060186 127
692060187 127
692060192 127
692125713 127
692125716 127
692125726 127
692125739 127
692191258 127
692191264 127
692191271 127
692191273 127
692256795 127
692256801 127
692256810 127
692256812 127
692322317 127
692322328 127
692322334 127
692322335 127
692387841 127
692387846 127
692387847 127
692387876 127
692453401 127
692453410 127
692453415 127
692453420 127
692518944 127
692518951 127
692518953 127
692518954 127
692584454 127
692584473 127
692584483 127
692584484 127
692649984 127
692649985 127
692650015 127
692650030 127
692715532 127
692715554 127
692715555 127
692715557 127
692781090 127
692781095 127
692781097 127
692781100 127
692846606 127
692846608 127
692846629 127
692846635 127
692912133 127
692912151 127
692912152 127
692912170 127
692977671 127
692977685 127
692977690 127
692977692 127
693043202 127
693043208 127
693043209 127
693043215 127
693108751 127
693108754 127
693108772 127
693108773 127
693174298 127
693174305 127
693174307 127
693174312 127
693239836 127
693239846 127
693239853 127
693239855 127
693305349 127
693305374 127
693305376 127
693305379 127
693370890 127
693370892 127
693370921 127
693370927 127
693436428 127
693436437 127
693436439 127
693436458 127
693501954 127
693501967 127
693501984 127
693501997 127
693567494 127
693567499 127
693567501 127
693567508 127
693633026 127
693633052 127
693633063 127
693633065 127
693698577 127
693698580 127
693698602 127
693698607 127
693764098 127
693764101 127
693764107 127
693764140 127
693829633 127
693829638 127
693829644 127
693829659 127
693895169 127
693895171 127
693895188 127
693895202 127
693960705 127
693960722 127
693960724 127
693960731 127
694026244 127
694026246 127
694026253 127
694026279 127
694091784 127
694091798 127
694091821 127
694091823 127
694157317 127
694157338 127
694157352 127
694157355 127
694222867 127
694222868 127
694222874 127
694222881 127
694288392 127
694288393 127
694288394 127
694288395 127
694353927 127
694353928 127
694353946 127
694353949 127
694419465 127
694419467 127
694419480 127
694419482 127
694484997 127
694485006 127
694485011 127
694485032 127
694550536 127
694550537 127
694550554 127
694550559 127
694616067 127
694616070 127
694616088 127
694616089 127
694681610 127
694681629 127
694681636 127
694681639 127
694747156 127
694747159 127
694747178 127
694747181 127
694812694 127
694812696 127
694812699 127
694812717 127
694878223 127
694878230 127
694878233 127
694878236 127
694943760 127
694943762 127
694943775 127
694943781 127
695009284 127
695009290 127
695009303 127
695009309 127
695074820 127
695074830 127
695074837 127
695074847 127
695140362 127
695140369 127
695140376 127
695140395 127
695205901 127
695205903 127
695205924 127
695205930 127
695271439 127
695271460 127
695271465 127
695271470 127
695336964 127
695336967 127
695336970 127
695336981 127
695402508 127
695402522 127
695402525 127
695402543 127
695468039 127
695468061 127
695468064 127
695468066 127
695533580 127
695533583 127
695533594 127
695533613 127
695599111 127
695599125 127
695599126 127
695599144 127
695664645 127
695664647 127
695664656 127
695664666 127
695730185 127
695730188 127
695730207 127
695730222 127
695795717 127
695795720 127
695795726 127
695795747 127
695861280 127
695861282 127
695861283 127
695861289 127
695926804 127
695926819 127
695926821 127
695926822 127
695992358 127
695992363 127
695992364 127
695992365 127
696057856 127
696057870 127
696057879 127
696057881 127
696123397 127
696123411 127
696123426 127
696123428 127
696188931 127
696188945 127
696188948 127
696188950 127
696254464 127
696254469 127
696254483 127
696254490 127
696320009 127
696320023 127
696320030 127
696320032 127
696385538 127
696385557 127
696385571 127
696385576 127
696451072 127
696451081 127
696451086 127
696451099 127
696516612 127
696516630 127
696516631 127
696516649 127
696582155 127
696582165 127
696582172 127
696582182 127
696647683 127
696647708 127
696647713 127
696647718 127
696713226 127
696713237 127
696713247 127
696713256 127
696778753 127
696778771 127
696778790 127
696778792 127
696844300 127
696844314 127
696844321 127
696844323 127
696909824 127
696909827 127
696909829 127
696909854 127
696975362 127
696975364 127
696975367 127
696975385 127
697040909 127
697040914 127
697040919 127
697040924 127
697106435 127
697106460 127
697106465 127
697106474 127
697171991 127
697171996 127
697172001 127
697172006 127
697237509 127
697237518 127
697237523 127
697237544 127
697303062 127
697303080 127
697303085 127
697303087 127
697368590 127
697368595 127
697368597 127
697368608 127
697434124 127
697434125 127
697434127 127
697434130 127
697499650 127
697499652 127
697499659 127
697499673 127
697565194 127
697565196 127
697565197 127
697565219 127
697630735 127
697630736 127
697630746 127
697630749 127
697696262 127
697696265 127
697696279 127
697696300 127
697761793 127
697761796 127
697761823 127
697761826 127
697827347 127
697827348 127
697827358 127
697827365 127
697892880 127
697892889 127
697892895 127
697892910 127
697958431 127
697958436 127
697958441 127
697958442 127
698023951 127
698023957 127
698023976 127
698023978 127
698089490 127
698089492 127
698089501 127
698089503 127
698155012 127
698155023 127
698155025 127
698155034 127
698220545 127
698220547 127
698220548 127
698220562 127
698286086 127
698286105 127
698286108 127
698286115 127
698351625 127
698351627 127
698351640 127
698351654 127
698417166 127
698417180 127
698417195 127
698417197 127
698482688 127
698482694 127
698482697 127
698482711 127
698548243 127
698548248 127
698548250 127
698548257 127
698613796 127
698613798 127
698613801 127
698613807 127
698679306 127
698679309 127
698679328 127
698679339 127
698744855 127
698744858 127
698744872 127
698744873 127
698810374 127
698810381 127
698810395 127
698810408 127
698875926 127
698875932 127
698875949 127
698875951 127
698941447 127
698941448 127
698941453 127
698941454 127
699006985 127
699006988 127
699007003 127
699007010 127
699072514 127
699072524 127
699072533 127
699072547 127
699138060 127
699138062 127
699138069 127
699138075 127
699203586 127
699203607 127
699203620 127
699203629 127
699269135 127
699269150 127
699269156 127
699269161 127
699334656 127
699334657 127
699334659 127
699334666 127
699400197 127
699400211 127
699400224 127
699400238 127
699465732 127
699465747 127
699465749 127
699465758 127
699531269 127
699531272 127
699531278 127
699531303 127
699596814 127
699596828 127
699596829 127
699596843 127
699662337 127
699662340 127
699662346 127
699662367 127
699727879 127
699727881 127
699727886 127
699727900 127
699793425 127
699793428 127
699793431 127
699793450 127
699858947 127
699858970 127
699858973 127
699858984 127
699924488 127
699924490 127
699924495 127
699924517 127
699990017 127
699990019 127
699990020 127
699990050 127
700055569 127
700055571 127
700055586 127
700055588 127
700121088 127
700121105 127
700121106 127
700121135 127
700186627 127
700186630 127
700186640 127
700186665 127
700252175 127
700252177 127
700252180 127
700252198 127
700317696 127
700317703 127
700317710 127
700317717 127
700383249 127
700383264 127
700383266 127
700383267 127
700448770 127
700448784 127
700448813 127
700448815 127
700514305 127
700514306 127
700514307 127
700514336 127
700579846 127
700579848 127
700579865 127
700579879 127
700645399 127
700645406 127
700645408 127
700645409 127
700710912 127
700710914 127
700710935 127
700710953 127
700776449 127
700776452 127
700776454 127
700776455 127
700842003 127
700842008 127
700842009 127
700842014 127
700907547 127
700907548 127
700907549 127
700907562 127
700973057 127
700973072 127
700973074 127
700973099 127
701038597 127
701038600 127
701038619 127
701038622 127
701104128 127
701104145 127
701104154 127
701104167 127
701169674 127
701169677 127
701169696 127
701169703 127
701235218 127
701235221 127
701235231 127
701235232 127
701300742 127
701300744 127
701300747 127
701300761 127
701366301 127
701366306 127
701366307 127
701366308 127
701431811 127
701431817 127
701431852 127
701431854 127
701497356 127
701497377 127
701497379 127
701497390 127
701562890 127
701562896 127
701562917 127
701562923 127
701628418 127
701628427 127
701628444 127
701628453 127
701693952 127
701693957 127
701693962 127
701693975 127
701759503 127
701759517 127
701759532 127
701759534 127
701825025 127
701825030 127
701825032 127
701825047 127
701890580 127
701890583 127
701890597 127
701890602 127
701956105 127
701956130 127
701956132 127
701956143 127
702021634 127
702021656 127
702021663 127
702021677 127
702087189 127
702087199 127
702087206 127
702087212 127
702152721 127
702152731 127
702152734 127
702152740 127
702218257 127
702218260 127
702218262 127
702218279 127
702283781 127
702283791 127
702283804 127
702283822 127
702349314 127
702349335 127
702349348 127
702349357 127
702414850 127
702414852 127
702414853 127
702414875 127
702480404 127
702480425 127
702480426 127
702480427 127
702545929 127
702545939 127
702545954 127
702545956 127
702611456 127
702611458 127
702611485 127
702611499 127
702677003 127
702677018 127
702677020 127
702677033 127
702742547 127
702742556 127
702742561 127
702742562 127
702808075 127
702808092 127
702808094 127
702808097 127
702873616 127
702873623 127
702873629 127
702873630 127
702939167 127
702939168 127
702939177 127
702939182 127
703004678 127
703004680 127
703004685 127
703004687 127
703070214 127
703070217 127
703070247 127
703070248 127
703135762 127
703135764 127
703135767 127
703135781 127
703201291 127
703201309 127
703201314 127
703201320 127
703266825 127
703266830 127
703266843 127
703266848 127
703332356 127
703332371 127
703332389 127
703332398 127
703397904 127
703397914 127
703397925 127
703397935 127
703463428 127
703463449 127
703463455 127
703463458 127
703528962 127
703528963 127
703528969 127
703528972 127
703594512 127
703594523 127
703594525 127
703594530 127
703660047 127
703660064 127
703660069 127
703660074 127
703725573 127
703725582 127
703725591 127
703725608 127
703791120 127
703791121 127
703791130 127
703791139 127
703856650 127
703856664 127
703856665 127
703856683 127
703922181 127
703922200 127
703922203 127
703922206 127
703987712 127
703987747 127
703987753 127
703987754 127
704053262 127
704053263 127
704053268 127
704053269 127
704118785 127
704118811 127
704118822 127
704118824 127
704184337 127
704184339 127
704184348 127
704184358 127
704249877 127
704249880 127
704249883 127
704249894 127
704315408 127
704315409 127
704315411 127
704315422 127
704380932 127
704380937 127
704380966 127
704380975 127
704446484 127
704446493 127
704446495 127
704446498 127
704512001 127
704512022 127
704512040 127
704512047 127
704577542 127
704577543 127
704577556 127
704577561 127
704643097 127
704643104 127
704643107 127
704643114 127
704708623 127
704708642 127
704708644 127
704708645 127
704774146 127
704774175 127
704774180 127
704774185 127
704839680 127
704839683 127
704839690 127
704839701 127
704905219 127
704905228 127
704905242 127
704905249 127
704970755 127
704970764 127
704970766 127
704970789 127
705036312 127
705036333 127
705036334 127
705036335 127
705101825 127
705101846 127
705101860 127
705101863 127
705167380 127
705167381 127
705167386 127
705167407 127
705232914 127
705232917 127
705232924 127
705232935 127
705298439 127
705298442 127
705298453 127
705298456 127
705363971 127
705363984 127
705363990 127
705363993 127
705429504 127
705429511 127
705429529 127
705429542 127
705495057 127
705495084 127
705495086 127
705495087 127
705560581 127
705560584 127
705560606 127
705560615 127
705626148 127
705626151 127
705626153 127
705626158 127
705691650 127
705691664 127
705691667 127
705691673 127
705757208 127
705757210 127
705757211 127
705757225 127
705822722 127
705822731 127
705822736 127
705822765 127
705888256 127
705888281 127
705888291 127
705888298 127
705953806 127
705953807 127
705953817 127
705953832 127
706019341 127
706019347 127
706019358 127
706019372 127
706084866 127
706084873 127
706084879 127
706084908 127
706150407 127
706150421 127
706150440 127
706150442 127
706215960 127
706215973 127
706215978 127
706215983 127
706281480 127
706281490 127
706281497 127
706281503 127
706347010 127
706347031 127
706347045 127
706347052 127
706412561 127
706412574 127
706412576 127
706412583 127
706478089 127
706478108 127
706478111 127
706478122 127
706543626 127
706543629 127
706543647 127
706543660 127
706609178 127
706609184 127
706609189 127
706609191 127
706674717 127
706674719 127
706674730 127
706674732 127
706740234 127
706740237 127
706740255 127
706740268 127
706805771 127
706805773 127
706805776 127
706805798 127
706871306 127
706871307 127
706871308 127
706871309 127
706936851 127
706936858 127
706936860 127
706936861 127
707002369 127
707002383 127
707002386 127
707002404 127
707067934 127
707067940 127
707067945 127
707067947 127
707133465 127
707133476 127
707133478 127
707133479 127
707198976 127
707198978 126
707198983 127
707199001 127
707264520 127
707264535 127
707264538 127
707264549 127
707330056 127
707330069 127
707330086 127
707330091 127
707395589 127
707395619 127
707395620 127
707395630 127
707461127 127
707461132 127
707461149 127
707461162 127
707526670 127
707526677 127
707526680 127
707526691 127
707592197 127
707592215 127
707592216 127
707592238 127
707657763 127
707657764 127
707657765 127
707657770 127
707723276 127
707723295 127
707723309 127
707723310 127
707788824 127
707788831 127
707788833 127
707788842 127
707854339 127
707854345 127
707854346 127
707854360 127
707919889 127
707919890 127
707919908 127
707919919 127
707985416 127
707985419 127
707985430 127
707985433 127
708050946 127
708050980 127
708050985 127
708050987 127
708116481 127
708116484 127
708116498 127
708116511 127
708182034 127
708182043 127
708182048 127
708182053 127
708247570 127
708247573 127
708247584 127
708247599 127
708313088 127
708313093 127
708313095 127
708313114 127
708378636 127
708378650 127
708378657 127
708378659 127
708444162 127
708444172 127
708444191 127
708444193 127
708509712 127
708509713 127
708509715 127
708509742 127
708575236 127
708575239 127
708575241 127
708575266 127
708640770 127
708640771 127
708640772 127
708640785 127
708706316 127
708706318 127
708706327 127
708706349 127
708771840 127
708771858 127
708771861 127
708771863 127
708837376 127
708837402 127
708837421 127
708837423 127
708902934 127
708902948 127
708902955 127
708902957 127
708968451 127
708968472 127
708968489 127
708968494 127
709033993 127
709034020 127
709034026 127
709034031 127
709099545 127
709099552 127
709099562 127
709099563 127
709165070 127
709165085 127
709165088 127
709165099 127
709230608 127
709230621 127
709230622 127
709230631 127
709296142 127
709296143 127
709296160 127
709296161 127
709361681 127
709361691 127
709361694 127
709361708 127
709427200 127
709427206 127
709427215 127
709427241 127
709492744 127
709492757 127
709492771 127
709492778 127
709558280 127
709558291 127
709558294 127
709558313 127
709623814 127
709623828 127
709623829 127
709623831 127
709689347 127
709689380 127
709689381 127
709689386 127
709754880 127
709754891 127
709754897 127
709754906 127
709820419 127
709820442 127
709820444 127
709820457 127
709885967 127
709885982 127
709885992 127
709885997 127
709951502 127
709951523 127
709951525 127
709951528 127
710017025 127
710017026 127
710017027 127
710017032 127
710082567 127
710082578 127
710082584 127
710082589 127
710148120 127
710148129 127
710148131 127
710148138 127
710213645 127
710213654 127
710213668 127
710213675 127
710279195 127
710279198 127
710279204 127
710279205 127
710344720 127
710344731 127
710344742 127
710344745 127
710410258 127
710410264 127
710410269 127
710410271 127
710475798 127
710475800 127
710475813 127
710475819 127
710541327 127
710541340 127
710541341 127
710541350 127
710606852 127
710606857 127
710606858 127
710606871 127
710672402 127
710672404 127
710672409 127
710672423 127
710737931 127
710737933 127
710737952 127
710737966 127
710803492 127
710803494 127
710803501 127
710803503 127
710868992 127
710868993 127
710869007 127
710869034 127
710934536 127
710934550 127
710934569 127
710934571 127
711000075 127
711000077 127
711000100 127
711000102 127
711065609 127
711065610 127
711065612 127
711065631 127
711131155 127
711131160 127
711131169 127
711131178 127
711196681 127
711196706 127
711196708 127
711196711 127
711262232 127
711262235 127
711262237 127
711262254 127
711327751 127
711327753 127
711327772 127
711327774 127
711393290 127
711393304 127
711393305 127
711393319 127
711458855 127
711458857 127
711458860 127
711458862 127
711524370 127
711524373 127
711524376 127
711524383 127
711589888 127
711589891 127
711589893 127
711589926 127
711655432 127
711655441 127
711655446 127
711655459 127
711720967 127
711720968 127
711720974 127
711720981 127
711786498 127
711786524 127
711786525 127
711786543 127
711852056 127
711852066 127
711852075 127
711852077 127
711917571 127
711917602 127
711917608 127
711917613 127
711983116 127
711983137 127
711983150 127
711983151 127
712048655 127
712048658 127
712048673 127
712048676 127
712114182 127
712114185 127
712114196 127
712114215 127
712179717 127
712179722 127
712179748 127
712179759 127
712245257 127
712245276 127
712245279 127
712245290 127
712310799 127
712310817 127
712310824 127
712310830 127
712376328 127
712376338 127
712376351 127
712376365 127
712441887 127
712441893 127
712441894 127
712441896 127
712507402 127
712507409 127
712507416 127
712507431 127
712572938 127
712572940 127
712572957 127
712572975 127
712638469 127
712638479 127
712638480 127
712638482 127
712704016 127
712704023 127
712704037 127
712704038 127
712769562 127
712769575 127
712769576 127
712769577 127
712835075 127
712835089 127
712835096 127
712835114 127
712900611 127
712900620 127
712900625 127
712900654 127
712966184 127
712966185 127
712966190 127
712966191 127
713031687 127
713031708 127
713031710 127
713031713 127
713097233 127
713097251 127
713097252 127
713097254 127
713162755 127
713162758 127
713162781 127
713162792 127
713228321 127
713228322 127
713228328 127
713228331 127
713293832 127
713293833 127
713293854 127
713293855 127
713359380 127
713359381 127
713359382 127
713359383 127
713424916 127
713424917 127
713424919 127
713424942 127
713490438 127
713490464 127
713490465 127
713490475 127
713555984 127
713556006 127
713556009 127
713556015 127
713621505 127
713621519 127
713621534 127
713621536 127
713687063 127
713687080 127
713687082 127
713687085 127
713752598 127
713752616 127
713752621 127
713752623 127
713818123 127
713818129 127
713818152 127
713818154 127
713883655 127
713883669 127
713883674 127
713883692 127
713949192 127
713949193 127
713949194 127
713949223 127
714014749 127
714014755 127
714014758 127
714014760 127
714080261 127
714080291 127
714080292 127
714080302 127
714145793 127
714145794 127
714145808 127
714145831 127
714211368 127
714211369 127
714211371 127
714211374 127
714276870 127
714276879 127
714276880 127
714276901 127
714342403 127
714342417 127
714342420 127
714342422 127
714407936 127
714407938 127
714407953 127
714407975 127
714473484 127
714473498 127
714473507 127
714473509 127
714539010 127
714539044 127
714539053 127
714539055 127
714604557 127
714604576 127
714604590 127
714604591 127
714670091 127
714670092 127
714670102 127
714670113 127
714735624 127
714735629 127
714735659 127
714735662 127
714801179 127
714801188 127
714801189 127
714801190 127
714866705 127
714866712 127
714866714 127
714866715 127
714932228 127
714932229 127
714932231 127
714932250 127
714997794 127
714997799 127
714997801 127
714997804 127
715063327 127
715063333 127
715063334 127
715063340 127
715128842 127
715128844 127
715128857 127
715128871 127
715194374 127
715194400 127
715194401 127
715194407 127
715259905 127
715259908 127
715259911 127
715259934 127
715325444 127
715325450 127
715325459 127
715325461 127
715390981 127
715390984 127
715390995 127
715390998 127
715456514 127
715456515 127
715456524 127
715456553 127
715522053 127
715522092 127
715522094 127
715522095 127
715587584 127
715587627 127
715587629 127
715587630 127
715653121 127
715653122 127
715653136 127
715653139 127
715718681 127
715718684 127
715718690 127
715718699 127
715784220 127
715784221 127
715784227 127
715784234 127
715849749 127
715849763 127
715849768 127
715849770 127
715915279 127
715915282 127
715915296 127
715915309 127
715980803 127
715980804 127
715980826 127
715980841 127
716046341 127
716046376 127
716046382 127
716046383 127
716111888 127
716111909 127
716111911 127
716111918 127
716177411 127
716177413 127
716177418 127
716177452 127
716242976 127
716242982 127
716242987 127
716242989 127
716308482 127
716308492 127
716308493 127
716308523 127
716374016 127
716374026 127
716374037 127
716374059 127
716439563 127
716439565 127
716439586 127
716439592 127
716505092 127
716505106 127
716505129 127
716505135 127
716570636 127
716570659 127
716570666 127
716570669 127
716636166 127
716636203 127
716636204 127
716636205 127
716701701 127
716701728 127
716701734 127
716701739 127
716767265 127
716767267 127
716767274 127
716767276 127
716832794 127
716832797 127
716832807 127
716832812 127
716898308 127
716898310 127
716898343 127
716898345 127
716963870 127
716963873 127
716963880 127
716963887 127
717029396 127
717029415 127
717029417 127
717029422 127
717094914 127
717094917 127
717094936 127
717094955 127
717160458 127
717160463 127
717160473 127
717160480 127
717226016 127
717226023 127
717226029 127
717226030 127
717291562 127
717291563 127
717291564 127
717291565 127
717357057 127
717357060 127
717357067 127
717357078 127
717422633 127
717422635 127
717422636 127
717422638 127
717488140 127
717488145 127
717488151 127
717488174 127
717553666 127
717553668 127
717553697 127
717553703 127
717619208 127
717619223 127
717619226 127
717619245 127
717684749 127
717684764 127
717684766 127
717684767 127
717750275 127
717750305 127
717750308 127
717750318 127
717815822 127
717815824 127
717815845 127
717815847 127
717881374 127
717881383 127
717881385 127
717881388 127
717946880 127
717946882 127
717946887 127
717946901 127
718012441 127
718012444 127
718012446 127
718012447 127
718077977 127
718077988 127
718077990 127
718077995 127
718143488 127
718143507 127
718143530 127
718143533 127
718209027 127
718209040 127
718209042 127
718209045 127
718274571 127
718274580 127
718274585 127
718274606 127
718340113 127
718340118 127
718340128 127
718340131 127
718405632 127
718405642 127
718405643 127
718405665 127
718471191 127
718471204 127
718471213 127
718471214 127
718536724 127
718536727 127
718536733 127
718536750 127
718602250 127
718602265 127
718602267 127
718602272 127
718667779 127
718667793 127
718667806 127
718667816 127
718733326 127
718733339 127
718733341 127
718733344 127
718798871 127
718798874 127
718798876 127
718798885 127
718864411 127
718864418 127
718864420 127
718864425 127
718929931 127
718929944 127
718929953 127
718929958 127
718995468 127
718995470 127
718995487 127
718995501 127
719061029 127
719061032 127
719061035 127
719061038 127
719126528 127
719126542 127
719126555 127
719126565 127
719192070 127
719192103 127
719192108 127
719192109 127
719257607 127
719257610 127
719257629 127
719257640 127
719323170 127
719323172 127
719323179 127
719323181 127
719388691 127
719388705 127
719388714 127
719388716 127
719454228 127
719454247 127
719454249 127
719454254 127
719519759 127
719519760 127
719519778 127
719519789 127
719585284 127
719585286 127
719585305 127
719585307 127
719650824 127
719650825 127
719650843 127
719650858 127
719716380 127
719716390 127
719716393 127
719716395 127
719781921 127
719781924 127
719781926 127
719781927 127
719847464 127
719847469 127
719847470 127
719847471 127
719912990 127
719912992 127
719912993 127
719913007 127
719978524 127
719978531 127
719978533 127
719978534 127
720044036 127
720044066 127
720044069 127
720044071 127
720109576 127
720109577 127
720109586 127
720109591 127
720175105 127
720175120 127
720175138 127
720175151 127
720240668 127
720240670 127
720240673 127
720240687 127
720306210 127
720306215 127
720306217 127
720306220 127
720371724 127
720371745 127
720371747 127
720371750 127
720437271 127
720437277 127
720437278 127
720437284 127
720502787 127
720502796 127
720502814 127
720502825 127
720568352 127
720568355 127
720568365 127
720568366 127
720633861 127
720633875 127
720633878 127
720633900 127
720699420 127
720699430 127
720699431 127
720699437 127
720764937 127
720764951 127
720764970 127
720764972 127
720830493 127
720830496 127
720830498 127
720830511 127
720896003 127
720896044 127
720896045 127
720896046 127
720961559 127
720961565 127
720961568 127
720961578 127
721027077 127
721027100 127
721027114 127
721027115 127
721092638 127
721092639 127
721092641 127
721092652 127
721158146 127
721158184 127
721158185 127
721158191 127
721223680 127
721223714 127
721223717 127
721223727 127
721289218 127
721289241 127
721289243 127
721289260 127
721354757 127
721354776 127
721354778 127
721354799 127
721420289 127
721420292 127
721420307 127
721420322 127
721485828 127
721485854 127
721485865 127
721485867 127
721551380 127
721551383 127
721551397 127
721551406 127
721616915 127
721616922 127
721616936 127
721616941 127
721682443 127
721682461 127
721682466 127
721682468 127
721747994 127
721747997 127
721748011 127
721748012 127
721813505 127
721813511 127
721813528 127
721813546 127
721879066 127
721879084 127
721879085 127
721879087 127
721944590 127
721944605 127
721944620 127
721944623 127
722010113 127
722010127 127
722010130 127
722010136 127
722075683 127
722075690 127
722075692 127
722075693 127
722141186 127
722141221 127
722141228 127
722141231 127
722206736 127
722206745 127
722206759 127
722206766 127
722272262 127
722272276 127
722272297 127
722272303 127
722337793 127
722337798 127
722337807 127
722337828 127
722403328 127
722403367 127
722403369 127
722403370 127
722468870 127
722468895 127
722468900 127
722468901 127
722534403 127
722534433 127
722534438 127
722534444 127
722599945 127
722599946 127
722599947 127
722599968 127
722665485 127
722665494 127
722665499 127
722665512 127
722731015 127
722731020 127
722731050 127
722731053 127
722796561 127
722796563 127
722796564 127
722796566 127
722862080 127
722862085 127
722862090 127
722862127 127
722927642 127
722927651 127
722927660 127
722927661 127
722993165 127
722993183 127
722993184 127
722993194 127
723058692 127
723058718 127
723058723 127
723058733 127
723124258 127
723124263 127
723124265 127
723124268 127
723189787 127
723189790 127
723189792 127
723189801 127
723255302 127
723255320 127
723255325 127
723255339 127
723320871 127
723320873 127
723320876 127
723320878 127
723386394 127
723386412 127
723386413 127
723386415 127
723451932 127
723451937 127
723451950 127
723451951 127
723517442 127
723517477 127
723517479 127
723517480 127
723582989 127
723582991 127
723582994 127
723583012 127
723648539 127
723648553 127
723648556 127
723648558 127
723714076 127
723714078 127
723714085 127
723714095 127
723779611 127
723779618 127
723779620 127
723779629 127
723845144 127
723845149 127
723845158 127
723845159 127
723910668 127
723910686 127
723910687 127
723910689 127
723976213 127
723976216 127
723976227 127
723976234 127
724041729 127
724041760 127
724041774 127
724041775 127
724107284 127
724107289 127
724107303 127
724107310 127
724172823 127
724172828 127
724172837 127
724172842 127
724238349 127
724238351 127
724238356 127
724238382 127
724303879 127
724303901 127
724303914 127
724303916 127
724369408 127
724369422 127
724369425 127
724369443 127
724434957 127
724434960 127
724434975 127
724434978 127
724500511 127
724500514 127
724500524 127
724500525 127
724566037 127
724566054 127
724566056 127
724566063 127
724631552 127
724631571 127
724631590 127
724631593 127
724697123 127
724697130 127
724697132 127
724697133 127
724762631 127
724762634 127
724762653 127
724762668 127
724828165 127
724828188 127
724828198 127
724828207 127
724893704 127
724893706 127
724893725 127
724893739 127
724959235 127
724959258 127
724959272 127
724959277 127
725024809 127
725024811 127
725024812 127
725024814 127
725090331 127
725090336 127
725090338 127
725090341 127
725155840 127
725155854 127
725155875 127
725155877 127
725221394 127
725221400 127
725221413 127
725221415 127
725286920 127
725286946 127
725286947 127
725286949 127
725352470 127
725352480 127
725352489 126
725352491 127
725417998 127
725418019 127
725418028 127
725418029 127
725483528 127
725483533 127
725483558 127
725483559 127
725549087 127
725549090 127
725549093 127
725549096 127
725614597 127
725614626 127
725614636 127
725614639 127
725680155 127
725680165 127
725680170 127
725680172 127
725745672 127
725745706 127
725745707 127
725745709 127
725811211 127
725811241 127
725811244 127
725811246 127
725876745 127
725876764 127
725876775 127
725876778 127
725942282 127
725942309 127
725942312 127
725942315 127
726007832 127
726007838 127
726007851 127
726007853 127
726073363 127
726073381 127
726073384 127
726073386 127
726138924 127
726138925 127
726138926 127
726138927 127
726204421 127
726204448 127
726204451 127
726204462 127
726269959 127
726269992 127
726269997 127
726269998 127
726335494 127
726335499 127
726335528 127
726335529 127
726401025 127
726401035 127
726401040 127
726401042 127
726466577 127
726466598 127
726466604 127
726466607 127
726532101 127
726532106 127
726532136 127
726532139 127
726597666 127
726597671 127
726597673 127
726597676 127
726663169 127
726663170 127
726663171 127
726663176 127
726728709 127
726728736 127
726728742 127
726728743 127
726794268 127
726794285 127
726794286 127
726794287 127
726859780 127
726859782 127
726859783 127
726859785 127
726925331 127
726925333 127
726925346 127
726925348 127
726990858 127
726990859 127
726990861 127
726990872 127
727056386 127
727056389 127
727056403 127
727056416 127
727121933 127
727121935 127
727121944 127
727121950 127
727187472 127
727187483 127
727187489 127
727187490 127
727252995 127
727253001 127
727253002 127
727253004 127
727318532 127
727318538 127
727318541 127
727318543 127
727384067 127
727384072 127
727384085 127
727384086 127
727449600 127
727449615 127
727449621 127
727449638 127
727515137 127
727515139 127
727515152 127
727515166 127
727580693 127
727580696 127
727580703 127
727580710 127
727646222 127
727646232 127
727646237 127
727646251 127
727711744 127
727711757 127
727711767 127
727711774 127
727777289 127
727777302 127
727777304 127
727777319 127
727842821 127
727842822 127
727842827 127
727842832 127
727908357 127
727908362 127
727908379 127
727908380 127
727973889 127
727973892 127
727973894 127
727973895 127
728039436 127
728039438 127
728039441 127
728039443 127
728104964 127
728104965 127
728104966 127
728104983 127
728170506 127
728170507 127
728170520 127
728170521 127
728236041 127
728236044 127
728236046 127
728236055 127
728301577 127
728301591 127
728301594 127
728301612 127
728367104 127
728367122 127
728367141 127
728367147 127
728432640 127
728432643 127
728432646 127
728432649 127
728498177 127
728498179 127
728498194 127
728498200 127
728563721 127
728563723 127
728563728 127
728563742 127
728629256 127
728629262 127
728629265 127
728629279 127
728694801 127
728694816 127
728694818 127
728694831 127
728760320 127
728760321 127
728760335 127
728760346 127
728825872 127
728825875 127
728825877 127
728825894 127
728891408 127
728891409 127
728891418 127
728891423 127
728956928 127
728956935 127
728956938 127
728956953 127
729022486 127
729022488 127
729022491 127
729022505 127
729088008 127
729088017 127
729088030 127
729088039 127
729153545 127
729153546 127
729153547 127
729153552 127
729219091 127
729219105 127
729219106 127
729219108 127
729284611 127
729284613 127
729284628 127
729284630 127
729350145 127
729350146 127
729350155 127
729350172 127
729415684 127
729415686 127
729415687 127
729415689 127
729481222 127
729481225 127
729481227 127
729481228 127
729546754 127
729546760 127
729546761 127
729546767 127
729612308 127
729612326 127
729612327 127
729612329 127
729677824 127
729677841 127
729677847 127
729677850 127
729743362 127
729743364 127
729743377 127
729743391 127
729808896 127
729808898 127
729808911 127
729808913 127
729874445 127
729874446 127
729874447 127
729874464 127
729939969 127
729939979 127
729939984 127
729939986 127
730005514 127
730005517 127
730005531 127
730005544 127
730071045 127
730071046 127
730071048 127
730071059 127
730136587 127
730136590 127
730136592 127
730136593 127
730202116 127
730202119 127
730202134 127
730202149 127
730267651 127
730267653 127
730267656 127
730267694 127
730333189 127
730333191 127
730333192 127
730333206 127
730398720 127
730398721 127
730398723 127
730398742 127
730464282 127
730464284 127
730464287 127
730464293 127
730529814 127
730529817 127
730529819 127
730529828 127
730595339 127
730595357 127
730595360 127
730595366 127
730660868 127
730660874 127
730660877 127
730660891 127
730726404 127
730726405 127
730726407 127
730726410 127
730791937 127
730791946 127
730791947 127
730791952 127
730857489 127
730857492 127
730857503 127
730857510 127
730923008 127
730923021 127
730923022 127
730923031 127
730988578 127
730988581 127
730988587 127
730988588 127
731054084 127
731054091 127
731054094 127
731054101 127
731119618 127
731119633 127
731119636 127
731119659 127
731185157 127
731185166 127
731185168 127
731185175 127
731250688 127
731250703 127
731250706 127
731250725 127
731316237 127
731316246 127
731316251 127
731316252 127
731381762 127
731381781 127
731381784 127
731381791 127
731447298 127
731447299 127
731447312 127
731447313 127
731512840 127
731512850 127
731512857 127
731512859 127
731578387 127
731578396 127
731578401 127
731578410 127
731643912 127
731643938 127
731643945 127
731643947 127
731709446 127
731709448 127
731709449 127
731709463 127
731774994 127
731774996 127
731774997 127
731775023 127
731840521 127
731840532 127
731840535 127
731840550 127
731906050 127
731906051 127
731906052 127
731906069 127
731971595 127
731971608 127
731971621 127
731971626 127
732037125 127
732037128 127
732037131 127
732037158 127
732102661 127
732102664 127
732102686 127
732102699 127
732168200 127
732168221 127
732168223 127
732168226 127
732233747 127
732233757 127
732233758 127
732233760 127
732299287 127
732299294 127
732299304 127
732299309 127
732364818 127
732364819 127
732364825 127
732364828 127
732430339 127
732430357 127
732430366 127
732430368 127
732495882 127
732495887 127
732495900 127
732495905 127
732561416 127
732561423 127
732561426 127
732561437 127
732626953 127
732626987 127
732626988 127
732626990 127
732692480 127
732692481 127
732692507 127
732692510 127
732758022 127
732758041 127
732758043 127
732758044 127
732823559 127
732823585 127
732823590 127
732823596 127
732889097 127
732889108 127
732889110 127
732889111 127
732954627 127
732954634 127
732954636 127
732954641 127
733020161 127
733020162 127
733020164 127
733020167 127
733085705 127
733085706 127
733085708 127
733085723 127
733151236 127
733151245 127
733151250 127
733151255 127
733216772 127
733216775 127
733216785 127
733216806 127
733282317 127
733282336 127
733282339 127
733282346 127
733347847 127
733347848 127
733347850 127
733347869 127
733413376 127
733413385 127
733413394 127
733413399 127
733478916 127
733478921 127
733478923 127
733478938 127
733544451 127
733544454 127
733544456 127
733544477 127
733609995 127
733610004 127
733610006 127
733610009 127
733675521 127
733675528 127
733675539 127
733675542 127
733741056 127
733741082 127
733741085 127
733741091 127
733806595 127
733806616 127
733806629 127
733806630 127
733872133 127
733872134 127
733872139 127
733872140 127
733937665 127
733937666 127
733937667 127
733937680 127
734003218 127
734003219 127
734003221 127
734003224 127
734068744 127
734068745 127
734068750 127
734068779 127
734134278 127
734134288 127
734134301 127
734134315 127
734199827 127
734199833 127
734199836 127
734199850 127
734265353 127
734265356 127
734265374 127
734265375 127
734330892 127
734330893 127
734330903 127
734330906 127
734396423 127
734396437 127
734396438 127
734396460 127
734461961 127
734461964 127
734461967 127
734461970 127
734527489 127
734527499 127
734527502 127
734527504 127
734593024 127
734593026 127
734593035 127
734593049 127
734658564 127
734658573 127
734658574 127
734658591 127
734724110 127
734724113 127
734724115 127
734724116 127
734789646 127
734789664 127
734789669 127
734789675 127
734855168 127
734855179 127
734855182 127
734855185 127
734920720 127
734920741 127
734920742 127
734920743 127
734986248 127
734986250 127
734986255 127
734986265 127
735051793 127
735051802 127
735051807 127
735051808 127
735117331 127
735117332 127
735117334 127
735117353 127
735182849 127
735182851 127
735182870 127
735182884 127
735248395 127
735248398 127
735248412 127
735248421 127
735313939 127
735313949 127
735313956 127
735313966 127
735379462 127
735379481 127
735379495 127
735379496 127
735445007 127
735445010 127
735445020 127
735445025 127
735510560 127
735510561 127
735510562 127
735510563 127
735576091 127
735576094 127
735576096 127
735576109 127
735641601 127
735641604 127
735641614 127
735641619 127
735707140 127
735707165 127
735707167 127
735707170 127
735772674 127
735772676 127
735772677 127
735772683 127
735838219 127
735838221 127
735838252 127
735838254 127
735903745 127
735903756 127
735903766 127
735903775 127
735969283 127
735969286 127
735969289 127
735969304 127
736034819 127
736034828 127
736034829 127
736034862 127
736100357 127
736100360 127
736100383 127
736100394 127
736165893 127
736165904 127
736165919 127
736165922 127
736231429 127
736231432 127
736231434 127
736231435 127
736296967 127
736296986 127
736296989 127
736297004 127
736362521 127
736362535 127
736362538 127
736362540 127
736428032 127
736428061 127
736428063 127
736428078 127
736493585 127
736493588 127
736493603 127
736493614 127
736559134 127
736559140 127
736559149 127
736559151 127
736624641 127
736624642 127
736624643 127
736624644 127
736690177 127
736690182 127
736690184 127
736690223 127
736755726 127
736755729 127
736755743 127
736755748 127
736821250 127
736821252 127
736821253 127
736821259 127
736886794 127
736886796 127
736886819 127
736886821 127
736952327 127
736952338 127
736952344 127
736952349 127
737017857 127
737017872 127
737017891 127
737017894 127
737083392 127
737083398 127
737083405 127
737083407 127
737148943 127
737148956 127
737148958 127
737148969 127
737214486 127
737214488 127
737214489 127
737214507 127
737280003 127
737280021 127
737280022 127
737280032 127
737345536 127
737345537 127
737345551 127
737345558 127
737411096 127
737411098 127
737411099 127
737411113 127
737476618 127
737476628 127
737476633 127
737476639 127
737542149 127
737542150 127
737542180 127
737542187 127
737607689 127
737607706 127
737607715 127
737607720 127
737673228 127
737673233 127
737673234 127
737673243 127
737738766 127
737738777 127
737738780 127
737738799 127
737804297 127
737804298 127
737804304 127
737804307 127
737869827 127
737869837 127
737869846 127
737869848 127
737935360 127
737935367 127
737935370 127
737935373 127
738000918 127
738000921 127
738000923 127
738000940 127
738066437 127
738066446 127
738066464 127
738066475 127
738131972 127
738131994 127
738132003 127
738132013 127
738197516 127
738197517 127
738197526 127
738197527 127
738263053 127
738263059 127
738263066 127
738263072 127
738328585 127
738328587 127
738328588 127
738328614 127
738394127 127
738394132 127
738394142 127
738394145 127
738459649 127
738459659 127
738459666 127
738459676 127
738525204 127
738525206 127
738525219 127
738525225 127
738590728 127
738590733 127
738590738 127
738590743 127
738656272 127
738656291 127
738656293 127
738656294 127
738721797 127
738721807 127
738721820 127
738721826 127
738787347 127
738787348 127
738787349 127
738787350 127
738852884 127
738852893 127
738852898 127
738852907 127
738918414 127
738918420 127
738918425 127
738918427 127
738983953 127
738983954 127
738983956 127
738983979 127
739049478 127
739049479 127
739049481 127
739049516 127
739115020 127
739115034 127
739115041 127
739115051 127
739180566 127
739180569 127
739180571 127
739180572 127
739246085 127
739246090 127
739246096 127
739246107 127
739311623 127
739311626 127
739311632 127
739311637 127
739377153 127
739377167 127
739377174 127
739377176 127
739442689 127
739442695 127
739442702 127
739442716 127
739508235 127
739508236 127
739508242 127
739508245 127
739573766 127
739573775 127
739573777 127
739573784 127
739639307 127
739639312 127
739639317 127
739639330 127
739704838 127
739704843 127
739704852 127
739704877 127
739770385 127
739770387 127
739770402 127
739770408 127
739835904 127
739835907 127
739835921 127
739835938 127
739901444 127
739901458 127
739901459 127
739901465 127
739966982 127
739966995 127
739967001 127
739967016 127
740032526 127
740032528 127
740032545 127
740032547 127
740098060 127
740098070 127
740098081 127
740098095 127
740163590 127
740163611 127
740163620 127
740163629 127
740229136 127
740229149 127
740229150 127
740229151 127
740294669 127
740294682 127
740294684 127
740294691 127
740360192 127
740360193 127
740360199 127
740360206 127
740425732 127
740425733 127
740425738 127
740425739 127
740491266 127
740491296 127
740491297 127
740491311 127
740556802 127
740556804 127
740556805 127
740556819 127
740622342 127
740622345 127
740622356 127
740622379 127
740687873 127
740687882 127
740687888 127
740687907 127
740753438 127
740753441 127
740753443 127
740753448 127
740818945 127
740818946 127
740818960 127
740818971 127
740884482 127
740884483 127
740884489 127
740884496 127
740950020 127
740950025 127
740950031 127
740950034 127
741015578 127
741015580 127
741015583 127
741015589 127
741081101 127
741081104 127
741081106 127
741081127 127
741146628 127
741146654 127
741146661 127
741146663 127
741212165 127
741212168 127
741212170 127
741212179 127
741277709 127
741277730 127
741277735 127
741277736 127
741343250 127
741343257 127
741343264 127
741343271 127
741408770 127
741408771 127
741408772 127
741408773 127
741474325 127
741474334 127
741474343 127
741474348 127
741539844 127
741539846 127
741539855 127
741539857 127
741605376 127
741605393 127
741605403 127
741605406 127
741670919 127
741670933 127
741670934 127
741670948 127
741736464 127
741736469 127
741736483 127
741736490 127
741801984 127
741801986 127
741801989 127
741802015 127
741867523 127
741867534 127
741867544 127
741867545 127
741933057 127
741933058 127
741933063 127
741933076 127
741998592 127
741998610 127
741998611 127
741998613 127
742064139 127
742064142 127
742064164 127
742064169 127
742129665 127
742129667 127
742129680 127
742129690 127
742195203 127
742195206 127
742195209 127
742195244 127
742260744 127
742260749 127
742260754 127
742260759 127
742326272 127
742326283 127
742326286 127
742326313 127
742391814 127
742391828 127
742391837 127
742391851 127
742457352 127
742457355 127
742457365 127
742457370 127
742522881 127
742522882 127
742522884 127
742522895 127
742588430 127
742588431 127
742588432 127
742588449 127
742653968 127
742653971 127
742653978 127
742653989 127
742719490 127
742719492 127
742719493 127
742719519 127
742785036 127
742785038 127
742785053 127
742785071 127
742850572 127
742850575 127
742850590 127
742850593 127
742916104 127
742916106 127
742916131 127
742916133 127
742981633 127
742981646 127
742981651 127
742981660 127
743047182 127
743047200 127
743047207 127
743047213 127
743112713 127
743112716 127
743112718 127
743112735 127
743178256 127
743178263 127
743178265 127
743178270 127
743243783 127
743243785 127
743243786 127
743243788 127
743309326 127
743309327 127
743309336 127
743309337 127
743374855 127
743374857 127
743374860 127
743374878 127
743440397 127
743440398 127
743440399 127
743440428 127
743505929 127
743505932 127
743505947 126
743505950 127
743571462 127
743571485 127
743571492 127
743571499 127
743637015 127
743637016 127
743637021 127
743637022 127
743702546 127
743702552 127
743702555 127
743702557 127
743768084 127
743768086 127
743768087 127
743768101 127
743833611 127
743833614 127
743833616 127
743833617 127
743899142 127
743899144 127
743899161 127
743899171 127
743964672 127
743964677 127
743964678 127
743964679 127
744030222 127
744030233 127
744030239 127
744030244 127
744095745 127
744095758 127
744095760 127
744095763 127
744161280 127
744161285 127
744161298 127
744161311 127
744226817 127
744226827 127
744226828 127
744226830 127
744292368 127
744292382 127
744292389 127
744292395 127
744357900 127
744357923 127
744357925 127
744357934 127
744423437 127
744423438 127
744423456 127
744423471 127
744488968 127
744488971 127
744488978 127
744489001 127
744554499 127
744554506 127
744554513 127
744554536 127
744620033 127
744620040 127
744620046 127
744620047 127
744685579 127
744685588 127
744685605 127
744685606 127
744751119 127
744751130 127
744751133 127
744751136 127
744816656 127
744816670 127
744816673 127
744816675 127
744882178 127
744882179 127
744882196 127
744882213 127
744947713 127
744947727 127
744947744 127
744947746 127
745013250 127
745013261 127
745013263 127
745013268 127
745078786 127
745078788 127
745078803 127
745078829 127
745144344 127
745144347 127
745144358 127
745144365 127
745209860 127
745209873 127
745209875 127
745209878 127
745275393 127
745275414 127
745275415 127
745275420 127
745340940 127
745340946 127
745340955 127
745340965 127
745406468 127
745406477 127
745406478 127
745406495 127
745472002 127
745472012 127
745472019 127
745472029 127
745537544 127
745537545 127
745537551 127
745537582 127
745603109 127
745603110 127
745603112 127
745603119 127
745668619 127
745668644 127
745668653 127
745668654 127
745734150 127
745734153 127
745734160 127
745734167 127
745799683 127
745799697 127
745799700 127
745799702 127
745865216 127
745865223 127
745865225 127
745865254 127
745930752 127
745930755 127
745930769 127
745930770 127
745996310 127
745996315 127
745996317 127
745996328 127
746061824 127
746061834 127
746061837 127
746061859 127
746127362 127
746127367 127
746127372 127
746127381 127
746192900 127
746192933 127
746192935 127
746192938 127
746258433 127
746258452 127
746258467 127
746258470 127
746323968 127
746323971 127
746323989 127
746323998 127
746389507 127
746389521 127
746389522 127
746389524 127
746455047 127
746455066 127
746455081 127
746455084 127
746520583 127
746520586 127
746520597 127
746520604 127
746586131 127
746586133 127
746586136 127
746586142 127
746651654 127
746651657 127
746651679 127
746651688 127
746717188 127
746717207 127
746717209 127
746717214 127
746782720 127
746782722 127
746782723 127
746782733 127
746848261 127
746848266 127
746848268 127
746848291 127
746913816 127
746913817 127
746913830 127
746913835 127
746979338 127
746979341 127
746979352 127
746979355 127
747044871 127
747044872 127
747044874 127
747044877 127
747110415 127
747110428 127
747110433 127
747110446 127
747175963 127
747175976 127
747175981 127
747175982 127
747241492 127
747241495 127
747241506 127
747241517 127
747307027 127
747307037 127
747307046 127
747307048 127
747372545 127
747372567 127
747372584 127
747372586 127
747438098 127
747438100 127
747438103 127
747438105 127
747503619 127
747503622 127
747503624 127
747503641 127
747569156 127
747569157 127
747569166 127
747569175 127
747634695 127
747634710 127
747634712 127
747634717 127
747700237 127
747700242 127
747700251 127
747700260 127
747765771 127
747765776 127
747765789 127
747765806 127
747831313 127
747831316 127
747831323 127
747831330 127
747896833 127
747896839 127
747896854 127
747896872 127
747962401 127
747962402 127
747962403 127
747962408 127
748027915 127
748027916 127
748027926 127
748027937 127
748093440 127
748093453 127
748093470 127
748093475 127
748158977 127
748159003 127
748159016 127
748159022 127
748224512 127
748224517 127
748224518 127
748224555 127
748290064 127
748290066 127
748290067 127
748290081 127
748355587 127
748355604 127
748355605 127
748355606 127
748421122 127
748421125 127
748421139 127
748421144 127
748486664 127
748486675 127
748486678 127
748486681 127
748552199 127
748552204 127
748552225 127
748552226 127
748617740 127
748617757 127
748617770 127
748617775 127
748683273 127
748683280 127
748683283 127
748683302 127
748748827 127
748748832 127
748748837 127
748748838 127
748814368 127
748814369 127
748814371 127
748814374 127
748879876 127
748879882 127
748879897 127
748879903 127
748945427 127
748945436 127
748945437 127
748945450 127
749010946 127
749010949 127
749010952 127
749010955 127
749076480 127
749076487 127
749076498 127
749076501 127
749142029 127
749142055 127
749142056 127
749142062 127
749207585 127
749207586 127
749207591 127
749207592 127
749273088 127
749273098 127
749273099 127
749273101 127
749338635 127
749338636 127
749338642 127
749338645 127
749404166 127
749404173 127
749404176 127
749404207 127
749469696 127
749469721 127
749469722 127
749469731 127
749535232 127
749535251 127
749535265 127
749535274 127
749600780 127
749600798 127
749600811 127
749600813 127
749666309 127
749666332 127
749666342 127
749666343 127
749731860 127
749731873 127
749731879 127
749731886 127
749797380 127
749797387 127
749797397 127
749797406 127
749862913 127
749862930 127
749862932 127
749862959 127
749928452 127
749928461 127
749928466 127
749928475 127
749993993 127
749993994 127
749993996 127
749994023 127
750059526 127
750059533 127
750059540 127
750059543 127
750125071 127
750125078 127
750125080 127
750125097 127
750190599 127
750190625 127
750190632 127
750190638 127
750256136 127
750256137 127
750256147 127
750256162 127
750321690 127
750321692 127
750321705 127
750321707 127
750387203 127
750387205 127
750387206 127
750387232 127
750452742 127
750452745 127
750452756 127
750452775 127
750518282 127
750518285 127
750518296 127
750518303 127
750583815 127
750583832 127
750583841 127
750583846 127
750649346 127
750649352 127
750649367 127
750649385 127
750714886 127
750714893 127
750714900 127
750714903 127
750780430 127
750780433 127
750780448 127
750780463 127
750845961 127
750845964 127
750845974 127
750845975 127
750911498 127
750911503 127
750911509 127
750911516 127
750977035 127
750977045 127
750977046 127
750977060 127
751042585 127
751042587 127
751042588 127
751042598 127
751108103 127
751108104 127
751108113 127
751108138 127
751173639 127
751173656 127
751173661 127
751173670 127
751239168 127
751239173 127
751239179 127
751239186 127
751304723 127
751304726 127
751304728 127
751304729 127
751370245 127
751370247 127
751370252 127
751370254 127
751435791 127
751435816 127
751435817 127
751435818 127
751501313 127
751501331 127
751501334 127
751501348 127
751566850 127
751566860 127
751566863 127
751566865 127
751632387 127
751632389 127
751632402 127
751632412 127
751697922 127
751697923 127
751697924 127
751697941 127
751763476 127
751763478 127
751763479 127
751763481 127
751828996 127
751829015 127
751829018 127
751829021 127
751894532 127
751894537 127
751894542 127
751894551 127
751960066 127
751960071 127
751960072 127
751960105 127
752025603 127
752025605 127
752025630 127
752025640 127
752091143 127
752091160 127
752091169 127
752091178 127
752156680 127
752156714 127
752156717 127
752156719 127
752222215 127
752222234 127
752222236 127
752222237 127
752287777 127
752287780 127
752287782 127
752287787 127
752353281 127
752353290 127
752353324 127
752353327 127
752418823 127
752418829 127
752418850 127
752418860 127
752484363 127
752484365 127
752484386 127
752484388 127
752549890 127
752549895 127
752549916 127
752549921 127
752615435 127
752615440 127
752615445 127
752615454 127
752680988 127
752680993 127
752680994 127
752681003 127
752746502 127
752746505 127
752746528 127
752746535 127
752812058 127
752812061 127
752812063 127
752812068 127
752877584 127
752877585 127
752877587 127
752877590 127
752943119 127
752943121 127
752943126 127
752943140 127
753008659 127
753008666 127
753008668 127
753008673 127
753074195 127
753074209 127
753074218 127
753074220 127
753139736 127
753139746 127
753139747 127
753139753 127
753205261 127
753205263 127
753205268 127
753205282 127
753270809 127
753270814 127
753270815 127
753270816 127
753336334 127
753336340 127
753336345 127
753336359 127
753401864 127
753401875 127
753401889 127
753401890 127
753467392 127
753467423 127
753467425 127
753467426 127
753532939 127
753532946 127
753532964 127
753532969 127
753598464 127
753598471 127
753598478 127
753598481 127
753664004 127
753664022 127
753664025 127
753664031 127
753729537 127
753729571 127
753729576 127
753729578 127
753795105 127
753795108 127
753795115 127
753795118 127
753860630 127
753860645 127
753860648 127
753860655 127
753926164 127
753926167 127
753926169 127
753926174 127
753991680 127
753991694 127
753991701 127
753991715 127
754057222 127
754057223 127
754057228 127
754057233 127
754122764 127
754122766 127
754122773 127
754122791 127
754188295 127
754188309 127
754188314 127
754188324 127
754253827 127
754253837 127
754253856 127
754253858 127
754319367 127
754319381 127
754319404 127
754319406 127
754384909 127
754384916 127
754384918 127
754384923 127
754450438 127
754450476 127
754450477 127
754450479 127
754515972 127
754515986 127
754515999 127
754516013 127
754581513 127
754581524 127
754581531 127
754581538 127
754647048 127
754647062 127
754647065 127
754647067 127
754712589 127
754712604 127
754712614 127
754712623 127
754778139 127
754778146 127
754778148 127
754778153 127
754843655 127
754843680 127
754843685 127
754843690 127
754909201 127
754909211 127
754909212 127
754909226 127
754974721 127
754974732 127
754974746 127
754974767 127
755040262 127
755040292 127
755040293 127
755040303 127
755105798 127
755105807 127
755105809 127
755105812 127
755171343 127
755171353 127
755171370 127
755171372 127
755236864 127
755236866 127
755236897 127
755236907 127
755302435 127
755302441 127
755302442 127
755302444 127
755367949 127
755367951 127
755367954 127
755367964 127
755433478 127
755433497 127
755433504 127
755433515 127
755499014 127
755499020 127
755499037 127
755499039 127
755564562 127
755564579 127
755564581 127
755564588 127
755630112 127
755630115 127
755630118 127
755630125 127
755695637 127
755695642 127
755695655 127
755695656 127
755761152 127
755761171 127
755761174 127
755761185 127
755826706 127
755826707 127
755826717 127
755826728 127
755892252 127
755892258 127
755892269 127
755892271 127
755957761 127
755957771 127
755957786 127
755957792 127
756023299 127
756023300 127
756023313 127
756023318 127
756088836 127
756088841 127
756088854 127
756088859 127
756154371 127
756154378 127
756154396 127
756154409 127
756219910 127
756219915 127
756219917 127
756219924 127
756285448 127
756285458 127
756285467 127
756285469 127
756350977 127
756350991 127
756350992 127
756350994 127
756416514 127
756416520 127
756416525 127
756416531 127
756482049 127
756482066 127
756482071 127
756482084 127
756547598 127
756547604 127
756547605 127
756547611 127
756613141 127
756613150 127
756613151 127
756613152 127
756678671 127
756678673 127
756678676 127
756678690 127
756744213 127
756744223 127
756744230 127
756744236 127
756809730 127
756809732 127
756809739 127
756809757 127
756875271 127
756875288 127
756875297 127
756875306 127
756940823 127
756940824 127
756940826 127
756940833 127
757006344 127
757006349 127
757006382 127
757006383 127
757071874 127
757071889 127
757071912 127
757071919 127
757137409 127
757137430 127
757137432 127
757137435 127
757202945 127
757202982 127
757202984 127
757202987 127
757268487 127
757268504 127
757268510 127
757268525 127
757334016 127
757334034 127
757334057 127
757334059 127
757399585 127
757399594 127
757399595 127
757399596 127
757465104 127
757465114 127
757465125 127
757465135 127
757530630 127
757530640 127
757530655 127
757530669 127
757596164 127
757596193 127
757596195 127
757596198 127
757661731 127
757661736 127
757661741 127
757661742 127
757727238 127
757727261 127
757727268 127
757727271 127
757792780 127
757792781 127
757792803 127
757792806 127
757858331 127
757858337 127
757858346 127
757858348 127
757923872 127
757923872 127
757923879 127
757923881 127
757923882 127
757989399 127
757989401 127
757989410 127
757989412 127
758054918 127
758054920 127
758054937 127
758054939 127
758120466 127
758120475 127
758120484 127
758120489 127
758185989 127
758186007 127
758186008 127
758186026 127
758251521 127
758251526 127
758251527 127
758251556 127
758317073 127
758317082 127
758317083 127
758317088 127
758382606 127
758382608 127
758382629 127
758382635 127
758448145 127
758448148 127
758448158 127
758448171 127
758513680 127
758513685 127
758513687 127
758513698 127
758579226 127
758579232 127
758579239 127
758579241 127
758644736 127
758644737 127
758644767 127
758644782 127
758710279 127
758710293 127
758710298 127
758710300 127
758775821 127
758775832 127
758775838 127
758775839 127
758841370 127
758841377 127
758841379 127
758841384 127
758906908 127
758906918 127
758906925 127
758906927 127
758972428 127
758972451 127
758972453 127
758972462 127
759037986 127
759037991 127
759037993 127
759037996 127
759103490 127
759103496 127
759103497 127
759103503 127
759169039 127
759169042 127
759169060 127
759169061 127
759234585 127
759234594 127
759234599 127
759234604 127
759300101 127
759300126 127
759300128 127
759300131 127
759365638 127
759365657 127
759365667 127
759365668 127
759431187 127
759431188 127
759431194 127
759431201 127
759496705 127
759496722 127
759496724 127
759496731 127
759562246 127
759562251 127
759562253 127
759562260 127
759627793 127
759627796 127
759627818 127
759627823 127
759693324 127
759693333 127
759693335 127
759693354 127
759758850 127
759758876 127
759758887 127
759758889 127
759824394 127
759824396 127
759824425 127
759824431 127
759889922 127
759889925 127
759889931 127
759889964 127
759955457 127
759955462 127
759955468 127
759955483 127
760021000 127
760021001 127
760021002 127
760021003 127
760086533 127
760086554 127
760086568 127
760086571 127
760152069 127
760152078 127
760152083 127
760152104 127
760217601 127
760217603 127
760217620 127
760217634 127
760283140 127
760283142 127
760283149 127
760283175 127
760348682 127
760348701 127
760348708 127
760348711 127
760414211 127
760414214 127
760414232 127
760414233 127
760479753 127
760479755 127
760479768 127
760479770 127
760545288 127
760545289 127
760545306 127
760545311 127
760610818 127
760610831 127
760610848 127
760610861 127
760676356 127
760676366 127
760676373 127
760676383 127
760741896 127
760741910 127
760741933 127
760741935 127
760807439 127
760807446 127
760807449 127
760807452 127
760872967 127
760872968 127
760872986 127
760872989 127
760938509 127
760938511 127
760938532 127
760938538 127
761004042 127
761004049 127
761004056 127
761004075 127
761069584 127
761069586 127
761069599 127
761069605 127
761135108 127
761135114 127
761135127 127
761135133 127
761200662 127
761200664 127
761200667 127
761200685 127
761266191 127
761266212 127
761266217 127
761266222 127
761331732 127
761331735 127
761331754 127
761331757 127
761397280 127
761397282 127
761397283 127
761397289 127
761462796 127
761462810 127
761462813 127
761462831 127
761528325 127
761528339 127
761528354 127
761528356 127
761593860 127
761593863 127
761593866 127
761593877 127
761659397 126
761659399 127
761659408 127
761659418 127
761724928 127
761724937 127
761724942 127
761724955 127
761790484 127
761790499 127
761790501 127
761790502 127
761856005 127
761856008 127
761856014 127
761856035 127
761921539 127
761921553 127
761921556 127
761921558 127
761987074 127
761987076 127
761987079 127
761987097 127
762052615 127
762052629 127
762052630 127
762052648 127
762118156 127
762118158 127
762118167 127
762118169 127
762183684 127
762183702 127
762183703 127
762183721 127
762249228 127
762249231 127
762249242 127
762249261 127
762314754 127
762314773 127
762314787 127
762314792 127
762380289 127
762380307 127
762380326 127
762380328 127
762445833 127
762445847 127
762445854 127
762445856 127
762511360 127
762511386 127
762511393 127
762511395 127
762576905 127
762576908 127
762576927 127
762576942 127
762642470 127
762642475 127
762642476 127
762642477 127
762707991 127
762707996 127
762708001 127
762708006 127
762773514 127
762773525 127
762773535 127
762773544 127
762839047 127
762839069 127
762839072 127
762839074 127
762904589 127
762904594 127
762904599 127
762904604 127
762970115 127
762970140 127
762970145 127
762970150 127
763035662 127
763035667 127
763035669 127
763035680 127
763101187 127
763101212 127
763101217 127
763101226 127
763166720 127
763166725 127
763166739 127
763166746 127
763232267 127
763232267 127
763232277 127
763232284 127
763232294 127
763297792 127
763297797 127
763297807 127
763297818 127
763363330 127
763363332 127
763363337 127
763363339 127
763428877 127
763428879 127
763428882 127
763428884 127
763494406 127
763494423 127
763494425 127
763494444 127
763559941 127
763559950 127
763559955 127
763559976 127
763625490 127
763625492 127
763625501 127
763625503 127
763691039 127
763691044 127
763691049 127
763691050 127
763756545 127
763756547 127
763756548 127
763756562 127
763822090 127
763822092 127
763822093 127
763822115 127
763887622 127
763887641 127
763887644 127
763887651 127
763953168 127
763953177 127
763953183 127
763953198 127
764018691 127
764018704 127
764018717 127
764018718 127
764084228 127
764084239 127
764084241 127
764084250 127
764149774 127
764149788 127
764149803 127
764149805 127
764215318 127
764215336 127
764215341 127
764215343 127
764280847 127
764280853 127
764280872 127
764280874 127
764346369 127
764346372 127
764346399 127
764346402 127
764411923 127
764411934 127
764411940 127
764411941 127
764477452 127
764477478 127
764477481 127
764477487 127
764542982 127
764542989 127
764543003 127
764543016 127
764608521 127
764608523 127
764608536 127
764608550 127
764674048 127
764674054 127
764674057 127
764674071 127
764739589 127
764739603 127
764739616 127
764739630 127
764805142 127
764805148 127
764805165 127
764805165 127
764805167 127
764870658 127
764870668 127
764870677 127
764870691 127
764936215 127
764936218 127
764936232 127
764936233 127
765001735 127
765001736 127
765001741 127
765001742 127
765067269 127
765067272 127
765067278 127
765067303 127
765132800 127
765132801 127
765132803 127
765132810 127
765198355 127
765198360 127
765198362 127
765198369 127
765263876 127
765263891 127
765263893 127
765263902 127
765329417 127
765329420 127
765329435 127
765329442 127
765394954 127
765394957 127
765394976 127
765394987 127
765460492 127
765460494 127
765460501 127
765460507 127
765526031 127
765526046 127
765526052 127
765526057 127
765591569 127
765591571 127
765591586 127
765591588 127
765657090 127
765657111 127
765657124 127
765657133 127
765722632 127
765722634 127
765722639 127
765722661 127
765788160 127
765788177 127
765788178 127
765788207 127
765853697 127
765853700 127
765853706 127
765853727 127
765919246 127
765919260 127
765919261 127
765919275 127
765984785 127
765984788 127
765984791 127
765984810 127
766050311 127
766050313 127
766050318 127
766050332 127
766115855 127
766115857 127
766115860 127
766115878 127
766181377 127
766181392 127
766181394 127
766181419 127
766246913 127
766246915 127
766246916 127
766246946 127
766312449 127
766312450 127
766312451 127
766312480 127
766377984 127
766377986 127
766377989 127
766378007 127
766443522 127
766443536 127
766443565 127
766443567 127
766509059 127
766509062 127
766509072 127
766509097 127
766574609 127
766574624 127
766574626 127
766574627 127
766640131 127
766640154 127
766640157 127
766640168 127
766705665 127
766705668 127
766705670 127
766705671 127
766771219 127
766771225 127
766771228 127
766771230 127
766836736 127
766836743 127
766836750 127
766836757 127
766902278 127
766902280 127
766902297 127
766902311 127
766967831 127
766967838 127
766967840 127
766967841 127
767033368 127
767033371 126
767033373 127
767033386 127
767098880 127
767098897 127
767098906 127
767098919 127
767164426 127
767164429 127
767164448 127
767164455 127
767229981 127
767229986 127
767229987 127
767229988 127
767295496 127
767295515 127
767295518 127
767295529 127
767361027 127
767361033 127
767361068 127
767361070 127
767426560 127
767426565 127
767426570 127
767426583 127
767492105 127
767492130 127
767492132 127
767492143 127
767557642 127
767557648 127
767557665 127
767557675 127
767623174 127
767623176 127
767623179 127
767623193 127
767688705 127
767688710 127
767688712 127
767688727 127
767754245 127
767754255 127
767754268 127
767754286 127
767819794 127
767819797 127
767819807 127
767819808 127
767885327 127
767885341 127
767885356 127
767885358 127
767950869 127
767950879 127
767950879 127
767950886 127
767950892 127
768016386 127
768016395 127
768016412 127
768016421 127
768081940 127
768081943 127
768081957 127
768081962 127
768147476 127
768147497 127
768147498 127
768147499 127
768213009 127
768213012 127
768213014 127
768213031 127
768278537 127
768278540 127
768278563 127
768278574 127
768344064 127
768344066 127
768344093 127
768344107 127
768409619 127
768409628 127
768409634 127
768409637 127
768475152 127
768475166 127
768475167 127
768475177 127
768540674 127
768540676 127
768540677 127
768540699 127
768606214 127
768606216 127
768606221 127
768606223 127
768671767 127
768671773 127
768671776 127
768671790 127
768737291 127
768737308 127
768737310 127
768737313 127
768802834 127
768802836 127
768802839 127
768802853 127
768868363 127
768868378 127
768868380 127
768868393 127
768933890 127
768933912 127
768933919 127
768933933 127
768999426 127
768999447 127
768999460 127
768999469 127
769064976 127
769064986 127
769064997 127
769065007 127
769130500 127
769130515 127
769130533 127
769130542 127
769196038 127
769196041 127
769196071 127
769196072 127
769261583 127
769261600 127
769261605 127
769261610 127
769327115 127
769327133 127
769327138 127
769327144 127
769392656 127
769392657 127
769392666 127
769392675 127
769458181 127
769458190 127
769458199 127
769458216 127
769523716 127
769523737 127
769523743 127
769523746 127
769589265 127
769589275 127
769589278 127
769589284 127
769654803 127
769654817 127
769654818 127
769654820 127
769720336 127
769720347 127
769720349 127
769720354 127
769785870 127
769785871 127
769785876 127
769785877 127
769851401 127
769851406 127
769851419 127
769851424 127
769916930 127
769916931 127
769916937 127
769916940 127
769982469 127
769982488 127
769982491 127
769982494 127
770048004 127
770048009 127
770048038 127
770048047 127
770113553 127
770113555 127
770113564 127
770113574 127
770179078 127
770179079 127
770179092 127
770179097 127
770244624 127
770244627 127
770244637 127
770244638 127
770310154 127
770310168 127
770310169 127
770310187 127
770375701 127
770375704 127
770375707 127
770375718 127
770441233 127
770441236 127
770441247 127
770441250 127
770506753 127
770506774 127
770506792 127
770506799 127
770572289 127
770572315 127
770572326 127
770572328 127
770637824 127
770637859 127
770637865 127
770637866 127
770703375 127
770703394 127
770703396 127
770703397 127
770768920 127
770768922 127
770768923 127
770768937 127
770834439 127
770834442 127
770834453 127
770834456 127
770899968 127
770899971 127
770899978 127
770899989 127
770965506 127
770965535 127
770965540 127
770965545 127
771031065 127
771031072 127
771031075 127
771031082 127
771096594 127
771096597 127
771096604 127
771096615 127
771162115 127
771162128 127
771162134 127
771162137 127
771227653 127
771227656 127
771227678 127
771227687 127
771293186 127
771293200 127
771293203 127
771293209 127
771358737 127
771358764 127
771358766 127
771358767 127
771424256 127
771424263 127
771424281 127
771424294 127
771489816 127
771489837 127
771489838 127
771489839 127
771555348 127
771555349 127
771555354 127
771555375 127
771620865 127
771620886 127
771620900 127
771620903 127
771686409 127
771686428 127
771686431 127
771686442 127
771751939 127
771751948 127
771751950 127
771751973 127
771817485 127
771817491 127
771817502 127
771817516 127
771883044 127
771883047 127
771883049 127
771883054 127
771948546 127
771948553 127
771948559 127
771948588 127
772014090 127
772014093 127
772014111 127
772014124 127
772079618 127
772079627 127
772079632 127
772079661 127
772145153 127
772145167 127
772145170 127
772145188 127
772210714 127
772210720 127
772210725 127
772210727 127
772276238 127
772276239 127
772276249 127
772276264 127
772341760 127
772341785 127
772341795 127
772341802 127
772407299 127
772407308 127
772407322 127
772407329 127
772472840 127
772472850 127
772472857 127
772472857 127
772472863 127
772538385 127
772538398 127
772538400 127
772538407 127
772603911 127
772603925 127
772603944 127
772603946 127
772669464 127
772669477 127
772669482 127
772669487 127
772735005 127
772735007 127
772735018 127
772735020 127
772800517 127
772800547 127
772800548 127
772800558 127
772866073 127
772866084 127
772866086 127
772866087 127
772931603 127
772931610 127
772931612 127
772931613 127
772997120 127
772997122 127
772997127 127
772997145 127
773062666 127
773062667 127
773062668 127
773062669 127
773128197 127
773128215 127
773128216 127
773128238 127
773193746 127
773193749 127
773193760 127
773193775 127
773259274 127
773259277 127
773259295 127
773259308 127
773324802 127
773324823 127
773324837 127
773324844 127
773390344 127
773390357 127
773390374 127
773390379 127
773455902 127
773455908 127
773455913 127
773455915 127
773521419 127
773521421 127
773521424 127
773521446 127
773586951 127
773586956 127
773586973 127
773586986 127
773652482 127
773652501 127
773652504 127
773652515 127
773718024 127
773718039 127
773718042 127
773718053 127
773783566 127
773783588 127
773783593 127
773783595 127
773849091 127
773849097 127
773849098 127
773849112 127
773914636 127
773914655 127
773914669 127
773914670 127
773980168 127
773980171 127
773980182 127
773980185 127
773980185 127
774045698 127
774045708 127
774045727 127
774045729 127
774111246 127
774111248 127
774111249 127
774111251 127
774176770 127
774176771 127
774176772 127
774176785 127
774242308 127
774242311 127
774242313 127
774242338 127
774307864 127
774307871 127
774307873 127
774307882 127
774373380 127
774373390 127
774373405 127
774373407 127
774438913 127
774438930 127
774438944 127
774438955 127
774504460 127
774504474 127
774504481 127
774504483 127
774570019 127
774570020 127
774570021 127
774570026 127
774635520 127
774635525 127
774635527 127
774635546 127
774701081 127
774701088 127
774701098 127
774701099 127
774766607 127
774766624 127
774766625 127
774766638 127
774832128 127
774832154 127
774832173 127
774832175 127
774897673 127
774897700 127
774897706 127
774897711 127
774963203 127
774963224 127
774963241 127
774963246 127
775028748 127
775028750 127
775028759 127
775028781 127
775094290 127
775094299 127
775094304 127
775094309 127
775159825 127
775159826 127
775159844 127
775159855 127
775225366 127
775225380 127
775225387 127
775225389 127
775290897 127
775290907 127
775290910 127
775290924 127
775356416 127
775356434 127
775356437 127
775356439 127
775421968 127
775421981 127
775421982 127
775421991 127
775487488 127
775487494 127
775487503 127
775487529 127
775553032 127
775553043 127
775553046 127
775553065 127
775618566 127
775618580 127
775618581 127
775618583 127
775684097 127
775684098 127
775684099 127
775684104 127
775749640 127
775749653 127
775749667 127
775749674 127
775815171 127
775815194 127
775815196 127
775815209 127
775880707 127
775880740 127
775880741 127
775880746 127
775946247 127
775946258 127
775946264 127
775946269 127
776011776 127
776011787 127
776011793 127
776011802 127
776077327 127
776077342 127
776077352 127
776077357 127
776142864 127
776142875 127
776142886 127
776142889 127
776208384 127
776208385 127
776208399 127
776208426 127
776273938 127
776273944 127
776273949 127
776273951 127
776339460 127
776339465 127
776339466 127
776339479 127
776405000 127
776405014 127
776405033 127
776405035 127
776470555 127
776470558 127
776470564 127
776470565 127
776536077 127
776536086 127
776536100 127
776536107 127
776601614 127
776601635 127
776601637 127
776601640 127
776667160 127
776667169 127
776667171 127
776667178 127
776732681 127
776732706 127
776732708 127
776732711 127
776798230 127
776798232 127
776798245 127
776798251 127
776863763 127
776863768 127
776863777 127
776863786 127
776929316 127
776929318 127
776929325 127
776929327 127
776994834 127
776994836 127
776994841 127
776994855 127
777060363 127
777060365 127
777060388 127
777060390 127
777125899 127
777125901 127
777125920 127
777125934 127
777191463 127
777191465 127
777191468 127
777191470 127
777256965 127
777256970 127
777256996 127
777257007 127
777322498 127
777322524 127
777322525 127
777322543 127
777388039 127
777388041 127
777388060 127
777388062 127
777453583 127
777453596 127
777453597 127
777453606 127
777519114 127
777519128 127
777519129 127
777519143 127
777584649 127
777584650 127
777584652 127
777584671 127
777650184 127
777650193 127
777650198 127
777650211 127
777715727 127
777715730 127
777715745 127
777715748 127
777781266 127
777781269 127
777781272 127
777781279 127
777846808 127
777846811 127
777846813 127
777846830 127
777912332 127
777912353 127
777912366 127
777912367 127
777977862 127
777977865 127
777977876 127
777977895 127
778043401 127
778043420 127
778043423 127
778043434 127
778108931 127
778108962 127
778108968 127
778108973 127
778174474 127
778174476 127
778174493 127
778174511 127
778240031 127
778240037 127
778240038 127
778240040 127
778305544 127
778305554 127
778305567 127
778305581 127
778371082 127
778371089 127
778371096 127
778371111 127
778436608 127
778436611 127
778436613 127
778436646 127
778502151 127
778502152 127
778502158 127
778502165 127
778567683 127
778567686 127
778567709 127
778567720 127
778633223 127
778633244 127
778633246 127
778633249 127
778698792 127
778698793 127
778698798 127
778698799 127
778764296 127
778764297 127
778764318 127
778764319 127
778829839 127
778829857 127
778829864 127
778829870 127
778895365 127
778895375 127
778895376 127
778895378 127
778960920 127
778960930 127
778960939 127
778960941 127
779026465 127
779026466 127
779026472 127
779026475 127
779091988 127
779091989 127
779091991 127
779092014 127
779157505 127
779157519 127
779157534 127
779157536 127
779223056 127
779223063 127
779223077 127
779223078 127
779288579 127
779288593 127
779288600 127
779288618 127
779354129 127
779354147 127
779354148 127
779354150 127
779419668 127
779419669 127
779419670 127
779419671 127
779485206 127
779485224 127
779485229 127
779485231 127
779550731 127
779550737 127
779550760 127
779550762 127
779616259 127
779616268 127
779616273 127
779616302 127
779681808 127
779681825 127
779681830 127
779681835 127
779747334 126
779747341 127
779747343 127
779747344 127
779812872 127
779812873 127
779812874 127
779812903 127
779878429 127
779878435 127
779878438 127
779878440 127
779943959 127
779943976 127
779943978 127
779943981 127
780009498 127
780009511 127
780009512 127
780009513 127
780075040 127
780075045 127
780075054 127
780075055 127
780140544 127
780140546 127
780140561 127
780140583 127
780206081 127
780206082 127
780206096 127
780206119 127
780271633 127
780271640 127
780271642 127
780271643 127
780337159 127
780337173 127
780337178 127
780337196 127
780402694 127
780402720 127
780402729 127
780402735 127
780468226 127
780468260 127
780468269 127
780468271 127
780533800 127
780533801 127
780533803 127
780533806 127
780599299 127
780599313 127
780599316 127
780599318 127
780664843 127
780664844 127
780664854 127
780664865 127
780730372 127
780730373 127
780730402 127
780730411 127
780795909 127
780795939 127
780795940 127
780795950 127
780861474 127
780861479 127
780861481 127
780861484 127
780926981 127
780926984 127
780926995 127
780926998 127
780992524 127
780992538 127
780992547 127
780992549 127
781058049 127
781058050 127
781058064 127
781058067 127
781123587 127
781123610 127
781123621 127
781123628 127
781189124 127
781189130 127
781189139 127
781189141 127
781254666 127
781254668 127
781254681 127
781254695 127
781320200 127
781320205 127
781320235 127
781320235 127
781320238 127
781385735 127
781385753 127
781385754 127
781385756 127
781451291 127
781451291 127
781451300 127
781451301 127
781451302 127
781516802 127
781516812 127
781516813 127
781516843 127
781582342 127
781582368 127
781582369 127
781582375 127
781647877 127
781647890 127
781647904 127
781647919 127
781713410 127
781713411 127
781713420 127
781713449 127
781778972 127
781778973 127
781778979 127
781778986 127
781844480 127
781844523 127
781844525 127
781844526 127
781910032 127
781910053 127
781910055 127
781910062 127
781975567 127
781975592 127
781975597 127
781975598 127
782041089 127
782041092 127
782041095 127
782041118 127
782106645 127
782106659 127
782106664 127
782106666 127
782172192 127
782172198 127
782172203 127
782172205 127
782237696 127
782237706 127
782237717 127
782237739 127
782303236 127
782303263 127
782303270 127
782303273 127
782368773 126
782368812 127
782368814 127
782368815 127
782434308 127
782434322 127
782434345 127
782434351 127
782499851 127
782499853 127
782499874 127
782499880 127
782565379 127
782565381 127
782565386 127
782565420 127
782630914 127
782630917 127
782630936 127
782630955 127
782696460 127
782696483 127
782696490 127
782696493 127
782762017 127
782762019 127
782762026 127
782762028 127
782827524 127
782827526 127
782827559 127
782827561 127
782893062 127
782893099 127
782893100 127
782893101 127
782958618 127
782958621 127
782958631 127
782958636 127
783024133 127
783024160 127
783024166 127
783024171 127
783089684 127
783089703 127
783089705 127
783089710 127
783155230 127
783155233 127
783155240 127
783155247 127
783220768 127
783220775 127
783220781 127
783220782 127
783286313 127
783286315 127
783286316 127
783286318 127
783351818 127
783351823 127
783351833 127
783351840 127
783417346 127
783417348 127
783417377 127
783417377 127
783417383 127
783482888 127
783482903 127
783482906 127
783482925 127
783548458 127
783548459 127
783548460 127
783548461 127
783613965 127
783613979 127
783613980 127
783613982 127
783679489 127
783679492 127
783679499 127
783679510 127
783745049 127
783745060 127
783745062 127
783745067 127
783810572 127
783810577 127
783810583 127
783810606 127
783876126 127
783876135 127
783876137 127
783876137 127
783876140 127
783941632 127
783941642 127
783941643 127
783941665 127
784007182 127
784007184 127
784007205 127
784007207 127
784072704 127
784072706 127
784072711 127
784072725 127
784138243 127
784138273 127
784138276 127
784138286 127
784203786 127
784203801 127
784203803 127
784203808 127
784269337 127
784269340 127
784269342 127
784269343 127
784334862 127
784334877 127
784334879 127
784334880 127
784400400 127
784400402 127
784400405 127
784400407 127
784465937 127
784465942 127
784465952 127
784465955 127
784531459 127
784531476 127
784531485 127
784531502 127
784597003 127
784597012 127
784597017 127
784597038 127
784662531 127
784662545 127
784662558 127
784662568 127
784728064 127
784728083 127
784728106 127
784728109 127
784793627 127
784793634 127
784793636 127
784793641 127
784859148 127
784859150 127
784859167 127
784859181 127
784924672 127
784924686 127
784924699 127
784924709 127
784990231 127
784990244 127
784990253 127
784990254 127
785055767 127
785055770 127
785055772 127
785055781 127
785121291 127
785121304 127
785121313 127
785121318 127
785186836 127
785186855 127
785186857 127
785186862 127
785252356 127
785252358 127
785252377 127
785252379 127
785317895 127
785317898 127
785317917 127
785317928 127
785383430 127
785383463 127
785383468 127
785383469 127
785383469 127
785448975 127
785448976 127
785448994 127
785449005 127
785514530 127
785514532 127
785514539 127
785514541 127
785580065 127
785580068 127
785580070 127
785580071 127
785645605 127
785645608 127
785645611 127
785645614 127
785711132 127
785711142 127
785711145 127
785711147 127
785776680 127
785776685 127
785776686 127
785776687 127
785842184 127
785842185 127
785842203 127
785842218 127
785907740 127
785907747 127
785907749 127
785907750 127
785973260 127
785973281 127
785973283 127
785973286 127
786038788 127
786038818 127
786038821 127
786038823 127
786104328 127
786104329 127
786104338 127
786104343 127
786169875 127
786169889 127
786169898 127
786169900 127
786235393 127
786235408 127
786235426 127
786235439 127
786300956 127
786300958 127
786300961 127
786300975 127
786366467 127
786366476 127
786366494 127
786366505 127
786432028 127
786432038 127
786432039 127
786432045 127
786497566 127
786497568 127
786497569 127
786497583 127
786563104 127
786563107 127
786563117 127
786563118 127
786628631 127
786628637 127
786628638 127
786628644 127
786694178 127
786694183 127
786694185 127
786694188 127
786759685 127
786759699 127
786759702 127
786759724 127
786825219 127
786825260 127
786825261 127
786825262 127
786890754 127
786890792 127
786890793 127
786890799 127
786956317 127
786956320 127
786956322 127
786956335 127
787021829 127
787021852 127
787021866 127
787021867 127
787087369 127
787087383 127
787087402 127
787087404 127
787152900 127
787152926 127
787152937 127
787152939 127
787218461 127
787218462 127
787218463 127
787218464 127
787283979 127
787284002 127
787284004 127
787284009 127
787349530 127
787349533 127
787349547 127
787349548 127
787415041 127
787415042 127
787415084 127
787415087 127
787480577 127
787480580 127
787480595 127
787480610 127
787546117 127
787546136 127
787546138 127
787546159 127
787611648 127
787611682 127
787611685 127
787611695 127
787677186 127
787677209 127
787677211 127
787677228 127
787742746 127
787742764 127
787742765 127
787742767 127
787808276 127
787808279 127
787808293 127
787808302 127
787873811 127
787873818 127
787873832 127
787873837 127
787939342 127
787939357 127
787939372 127
787939375 127
788004871 127
788004888 127
788004901 127
788004901 127
788004906 127
788070423 127
788070433 127
788070442 127
788070444 127
788135971 127
788135978 127
788135980 127
788135981 127
788201473 127
788201487 127
788201490 127
788201496 127
788267024 127
788267033 127
788267047 127
788267054 127
788332544 127
788332583 127
788332585 127
788332586 127
788398089 127
788398090 127
788398091 127
788398112 127
788463622 127
788463647 127
788463652 127
788463653 127
788529158 127
788529172 127
788529181 127
788529199 127
788594689 127
788594694 127
788594703 127
788594724 127
788660227 127
788660257 127
788660262 127
788660268 127
788725777 127
788725779 127
788725780 127
788725782 127
788791303 127
788791308 127
788791338 127
788791341 127
788856858 127
788856867 127
788856876 127
788856877 127
788922381 127
788922399 127
788922400 127
788922410 127
788987917 127
788987926 127
788987931 127
788987944 127
789053444 127
789053470 127
789053475 127
789053485 127
789119015 127
789119017 127
789119020 127
789119022 127
789184538 127
789184556 127
789184557 127
789184559 127
789250076 127
789250081 127
789250094 127
789250095 127
789315584 127
789315589 127
789315594 127
789315631 127
789381126 127
789381144 127
789381149 127
789381163 127
789446690 127
789446695 127
789446697 127
789446700 127
789512219 127
789512222 127
789512224 127
789512233 127
789577730 127
789577765 127
789577767 127
789577768 127
789643292 127
789643294 127
789643301 127
789643311 127
789708827 127
789708841 127
789708844 127
789708846 127
789774363 127
789774370 127
789774372 127
789774381 127
789839873 127
789839904 127
789839918 127
789839919 127
789905421 127
789905423 127
789905426 127
789905444 127
789970968 127
789970973 127
789970982 127
789970983 127
790036492 127
790036510 127
790036511 127
790036513 127
790102037 127
790102040 127
790102051 127
790102058 127
790167572 127
790167577 127
790167591 127
790167598 127
790233095 127
790233117 127
790233130 127
790233132 127
790298637 127
790298639 127
790298644 127
790298670 127
790364183 127
790364188 127
790364197 127
790364202 127
790429727 127
790429730 127
790429740 127
790429741 127
790495253 127
790495270 127
790495272 127
790495279 127
790560768 127
790560787 127
790560806 127
790560809 127
790626304 127
790626318 127
790626321 127
790626339 127
790691853 127
790691856 127
790691871 127
790691874 127
790757411 127
790757418 127
790757420 127
790757421 127
790822953 127
790822955 127
790822956 127
790822958 127
790888456 127
790888482 127
790888483 127
790888485 127
790953991 127
790953994 127
790954013 127
790954028 127
791019547 127
791019552 127
791019554 127
791019557 127
791085057 127
791085067 127
791085072 127
791085074 127
791150595 127
791150618 127
791150632 127
791150637 127
791216133 127
791216156 127
791216166 127
791216175 127
791281682 127
791281688 127
791281701 127
791281703 127
791347208 127
791347210 127
791347229 127
791347243 127
791412736 127
791412750 127
791412771 127
791412773 127
791478286 127
791478307 127
791478316 127
791478317 127
791543830 127
791543840 127
791543849 127
791543851 127
791609349 127
791609378 127
791609388 127
791609391 127
791674888 127
791674922 127
791674923 127
791674925 127
791740417 127
791740418 127
791740419 127
791740424 127
791805960 127
791805965 127
791805990 127
791805991 127
791871519 127
791871522 127
791871525 127
791871528 127
791937029 127
791937056 127
791937062 127
791937063 127
792002587 127
792002597 127
792002602 127
792002604 127
792068105 127
792068124 127
792068135 127
792068138 127
792133656 127
792133662 127
792133673 127
792133675 127
792199179 127
792199212 127
792199213 127
792199214 127
792264714 127
792264741 127
792264744 127
792264747 127
792330259 127
792330277 127
792330280 127
792330282 127
792395780 127
792395782 127
792395783 127
792395785 127
792461331 127
792461333 127
792461346 127
792461348 127
792526892 127
792526893 127
792526894 127
792526895 127
792592394 127
792592395 127
792592397 127
792592408 127
792657925 127
792657952 127
792657955 127
792657966 127
792723463 127
792723496 127
792723501 127
792723502 127
792788994 127
792788997 127
792789011 127
792789024 127
792854534 127
792854539 127
792854568 127
792854569 127
792920067 127
792920073 127
792920074 127
792920076 127
792985613 127
792985615 127
792985616 127
792985630 127
793051160 127
793051163 127
793051169 127
793051170 127
793116672 127
793116687 127
793116693 127
793116710 127
793182212 127
793182218 127
793182221 127
793182223 127
793247747 127
793247752 127
793247765 127
793247766 127
793313280 127
793313293 127
793313303 127
793313310 127
793378830 127
793378840 127
793378845 127
793378859 127
793444357 127
793444362 127
793444392 127
793444395 127
793509909 127
793509912 127
793509919 127
793509926 127
793575425 127
793575427 127
793575440 127
793575454 127
793640969 127
793640982 127
793640984 127
793640999 127
793706513 127
793706534 127
793706540 127
793706543 127
793772037 127
793772038 127
793772043 127
793772048 127
793837602 127
793837607 127
793837609 127
793837612 127
793903105 127
793903108 127
793903110 127
793903111 127
793968652 127
793968654 127
793968657 127
793968659 127
794034181 127
794034186 127
794034203 127
794034204 127
794099722 127
794099723 127
794099736 127
794099737 127
794165252 127
794165253 127
794165254 127
794165271 127
794230812 127
794230829 127
794230830 127
794230831 127
794296329 127
794296332 127
794296334 127
794296343 127
794361865 127
794361879 127
794361882 127
794361900 127
794427401 127
794427403 127
794427408 127
794427422 127
794492929 127
794492931 127
794492946 127
794492952 127
794558464 127
794558467 127
794558470 127
794558473 127
794624000 127
794624018 127
794624037 127
794624043 127
794689545 127
794689546 127
794689547 127
794689552 127
794755080 127
794755086 127
794755089 127
794755103 127
794820624 127
794820627 127
794820629 127
794820646 127
794886144 127
794886145 127
794886159 127
794886170 127
794951680 127
794951687 127
794951690 127
794951705 127
795017238 127
795017240 127
795017243 127
795017257 127
795082768 127
795082769 127
795082778 127
795082783 127
795148307 127
795148321 127
795148322 127
795148324 127
795213832 127
795213841 127
795213854 127
795213863 127
795279377 127
795279392 127
795279394 127
795279407 127
795344898 127
795344904 126
795344905 127
795344911 127
795410432 127
795410435 127
795410449 127
795410454 127
795475973 127
795475988 127
795475991 127
795475994 127
795541505 127
795541506 127
795541515 127
795541532 127
795607044 127
795607046 127
795607047 127
795607049 127
795672582 127
795672585 127
795672587 127
795672588 127
795738125 127
795738126 127
795738127 127
795738144 127
795803668 127
795803686 127
795803687 127
795803689 127
795869189 127
795869190 127
795869192 127
795869203 127
795934720 127
795934722 127
795934735 127
795934737 127
796000260 127
796000263 127
796000278 127
796000293 127
796065794 127
796065796 127
796065809 127
796065823 127
796131332 127
796131338 127
796131341 127
796131355 127
796196875 127
796196878 127
796196880 127
796196881 127
796262410 127
796262413 127
796262427 127
796262440 127
796327936 127
796327937 127
796327939 127
796327958 127
796393498 127
796393500 127
796393503 127
796393509 127
796459009 127
796459019 127
796459024 127
796459026 127
796524566 127
796524569 127
796524571 127
796524580 127
796590083 127
796590085 127
796590088 127
796590126 127
796655627 127
796655645 127
796655648 127
796655654 127
796721169 127
796721172 127
796721183 127
796721190 127
796786693 127
796786695 127
796786696 127
796786710 127
796852228 127
796852229 127
796852231 127
796852234 127
796917762 127
796917777 127
796917780 127
796917803 127
796983330 127
796983333 127
796983339 127
796983340 127
797048832 127
797048845 127
797048846 127
797048855 127
797114381 127
797114390 127
797114395 127
797114396 127
797179906 127
797179907 127
797179920 127
797179921 127
797245459 127
797245468 127
797245473 127
797245482 127
797310976 127
797310991 127
797310994 127
797311013 127
797376517 127
797376526 127
797376528 127
797376535 127
797442049 127
797442058 127
797442059 127
797442064 127
797507588 127
797507595 127
797507598 127
797507605 127
797573122 127
797573141 127
797573144 127
797573151 127
797638664 127
797638674 127
797638681 127
797638683 127
797704198 127
797704200 127
797704201 127
797704215 127
797769739 127
797769752 127
797769765 127
797769770 127
797835266 127
797835267 127
797835268 127
797835285 127
797900808 127
797900829 126
797900831 127
797900834 127
797966344 127
797966370 127
797966377 127
797966379 127
798031877 127
798031880 127
798031902 127
798031915 127
798097413 127
798097416 127
798097419 127
798097446 127
798162953 127
798162964 127
798162967 127
798162982 127
798228490 127
798228495 127
798228508 127
798228513 127
798294039 127
798294046 127
798294056 127
798294061 127
798359555 127
798359573 127
798359582 127
798359584 127
798425106 127
798425107 127
798425113 127
798425116 127
798490633 127
798490644 127
798490646 127
798490647 127
798556179 127
798556189 127
798556190 127
798556192 127
798621714 127
798621716 127
798621717 127
798621743 127
798687241 127
798687275 127
798687276 127
798687278 127
798752776 127
798752783 127
798752786 127
798752797 127
798818310 127
798818329 127
798818331 127
798818332 127
798883843 127
798883850 127
798883852 127
798883857 127
798949380 127
798949389 127
798949394 127
798949399 127
799014919 127
799014945 127
799014950 127
799014956 127
799080449 127
799080450 127
799080452 127
799080455 127
799145984 127
799145985 127
799146011 127
799146014 127
799211521 127
799211528 127
799211539 127
799211542 127
799277059 127
799277062 127
799277064 127
799277085 127
799342592 127
799342601 127
799342610 127
799342615 127
799408137 127
799408138 127
799408140 127
799408155 127
799473677 127
799473696 127
799473699 127
799473706 127
799539204 127
799539209 127
799539211 127
799539226 127
799604736 127
799604762 127
799604765 127
799604771 127
799670279 127
799670280 127
799670282 127
799670301 127
799735819 127
799735828 127
799735830 127
799735833 127
799801347 127
799801368 127
799801381 127
799801382 127
799866898 127
799866899 127
799866901 127
799866904 127
799932420 127
799932423 127
799932433 127
799932454 127
799997957 127
799997958 127
799997963 127
799997964 127
800063497 127
800063500 127
800063518 127
800063519 127
800129031 127
800129032 127
800129033 127
800129038 127
800194579 127
800194585 127
800194588 127
800194602 127
800260117 127
800260118 127
800260139 127
800260140 127
800325633 127
800325643 127
800325646 127
800325648 127
800391182 127
800391200 127
800391205 127
800391211 127
800456704 127
800456706 127
800456715 127
800456729 127
800522244 127
800522253 127
800522254 127
800522271 127
800587777 127
800587778 127
800587779 127
800587792 127
800653312 127
800653323 127
800653326 127
800653329 127
800718854 127
800718864 127
800718877 127
800718891 127
800784398 127
800784401 127
800784403 127
800784404 127
800849929 127
800849932 127
800849935 127
800849938 127
800915464 127
800915466 127
800915471 127
800915481 127
800981008 127
800981029 127
800981030 127
800981031 127
801046547 127
801046548 127
801046550 127
801046569 127
801112083 127
801112093 127
801112100 127
801112110 127
801177612 127
801177613 127
801177623 127
801177626 127
801243142 127
801243161 127
801243175 127
801243176 127
801308686 127
801308699 127
801308704 127
801308709 127
801374219 127
801374236 127
801374238 127
801374253 127
801439761 127
801439770 127
801439775 127
801439776 127
801505282 127
801505284 127
801505285 127
801505291 127
801570848 127
801570849 127
801570850 127
801570851 127
801636353 127
801636355 127
801636374 127
801636388 127
801701889 127
801701900 127
801701910 127
801701919 127
801767439 127
801767442 127
801767452 127
801767457 127
801832964 127
801832989 127
801832991 127
801832994 127
801898499 127
801898508 127
801898509 127
801898542 127
801964035 127
801964056 127
801964057 127
801964074 127
802029575 127
802029594 127
802029597 127
802029612 127
802095109 127
802095112 127
802095114 127
802095115 127
802160651 127
802160653 127
802160684 127
802160686 127
802226181 127
802226184 127
802226207 127
802226218 127
802291726 127
802291729 127
802291743 127
802291748 127
802357253 127
802357264 127
802357279 127
802357282 127
802422790 127
802422793 127
802422823 127
802422828 127
802488321 127
802488324 127
802488339 127
802488366 127
802553870 127
802553873 127
802553876 127
802553891 127
802619394 127
802619396 127
802619397 127
802619403 127
802684929 127
802684930 127
802684931 127
802684932 127
802750465 127
802750470 127
802750472 127
802750511 127
802816000 127
802816029 127
802816031 127
802816046 127
802881536 127
802881542 127
802881549 127
802881551 127
802947094 127
802947096 127
802947097 127
802947115 127
803012638 127
803012644 127
803012653 127
803012655 127
803078145 127
803078160 127
803078179 127
803078182 127
803143687 127
803143698 127
803143704 127
803143721 127
803209226 127
803209228 127
803209251 127
803209253 127
803274755 127
803274773 127
803274774 127
803274784 127
803340300 127
803340305 127
803340306 127
803340315 127
803405839 127
803405852 127
803405853 127
803405854 127
803471370 127
803471380 127
803471385 127
803471391 127
803536920 127
803536922 127
803536923 127
803536937 127
803602432 127
803602433 127
803602447 127
803602454 127
803667977 127
803667994 127
803668003 127
803668008 127
803733507 127
803733517 127
803733526 127
803733528 127
803799045 127
803799046 127
803799076 127
803799083 127
803864580 127
803864602 127
803864611 127
803864621 127
803930124 127
803930125 127
803930134 127
803930135 127
803995653 127
803995662 127
803995680 127
803995691 127
804061184 127
804061191 127
804061194 127
804061197 127
804126729 127
804126731 127
804126732 127
804126758 127
804192278 127
804192281 127
804192283 127
804192300 127
804257801 127
804257802 127
804257808 127
804257811 127
804323341 127
804323347 127
804323354 127
804323360 127
804388884 127
804388886 127
804388899 127
804388905 127
804454416 127
804454435 127
804454437 127
804454438 127
804519950 127
804519961 127
804519964 127
804519983 127
804585480 127
804585485 127
804585490 127
804585495 127
804651009 127
804651019 127
804651026 127
804651036 127
804716545 127
804716551 127
804716558 127
804716572 127
804782095 127
804782100 127
804782110 127
804782113 127
804847635 127
804847636 127
804847637 127
804847638 127
804913163 127
804913164 127
804913170 127
804913173 127
804978693 127
804978703 127
804978716 127
804978722 127
805044241 127
805044242 127
805044244 127
805044267 127
805109767 127
805109770 127
805109776 127
805109781 127
805175297 127
805175311 127
805175318 127
805175320 127
805240854 127
805240857 127
805240859 127
805240860 127
805306374 127
805306383 127
805306385 127
805306392 127
805371909 127
805371914 127
805371920 127
805371931 127
805437452 127
805437466 127
805437473 127
805437483 127
805502996 127
805503005 127
805503010 127
805503019 127
805568518 127
805568531 127
805568537 127
805568552 127
805634048 127
805634051 127
805634065 127
805634082 127
805699598 127
805699604 127
805699609 127
805699611 127
805765126 127
805765127 127
805765129 127
805765164 127
805830660 127
805830674 127
805830675 127
805830681 127
805896209 127
805896211 127
805896226 127
805896232 127
805961739 127
805961744 127
805961749 127
805961762 127
806027266 127
806027296 127
806027297 127
806027311 127
806092818 127
806092825 127
806092832 127
806092839 127
806158350 127
806158352 127
806158369 127
806158371 127
806223878 127
806223883 127
806223892 127
806223917 127
806289421 127
806289434 127
806289436 127
806289443 127
806354956 127
806354966 127
806354977 127
806354991 127
806420510 127
806420513 127
806420515 127
806420520 127
806486022 127
806486025 127
806486036 127
806486059 127
806551553 127
806551562 127
806551568 127
806551587 127
806617114 127
806617116 127
806617119 127
806617125 127
806682626 127
806682628 127
806682629 127
806682643 127
806748161 127
806748162 127
806748176 127
806748187 127
806813702 127
806813723 127
806813732 127
806813741 127
806879236 127
806879241 127
806879247 127
806879250 127
806944769 127
806944772 127
806944775 127
806944778 127
807010320 127
807010333 127
807010334 127
807010335 127
807075842 127
807075843 127
807075849 127
807075856 127
807141397 127
807141406 127
807141415 127
807141420 127
807206925 127
807206928 127
807206930 127
807206951 127
807272452 127
807272478 127
807272485 127
807272487 127
807337984 127
807338001 127
807338011 127
807338014 127
807403522 127
807403523 127
807403524 127
807403525 127
807469060 127
807469062 127
807469071 127
807469073 127
807534605 127
807534626 127
807534631 127
807534632 127
807600128 127
807600133 127
807600139 127
807600142 127
807665669 127
807665672 127
807665674 127
807665683 127
807731200 127
807731218 127
807731219 127
807731221 127
807796738 127
807796740 127
807796741 127
807796767 127
807862273 127
807862274 127
807862279 127
807862292 127
807927819 127
807927822 127
807927844 127
807927849 127
807993345 127
807993346 127
807993348 127
807993359 127
808058888 127
808058891 127
808058901 127
808058906 127
808124423 127
808124437 127
808124438 127
808124452 127
808189960 127
808189965 127
808189970 127
808189975 127
808255504 127
808255509 127
808255523 127
808255530 127
808321027 127
808321038 127
808321048 127
808321049 127
808386566 127
808386580 127
808386589 127
808386603 127
808452096 127
808452107 127
808452110 127
808452137 127
808517632 127
808517634 127
808517637 127
808517663 127
808583169 127
808583171 127
808583184 127
808583194 127
808648718 127
808648736 127
808648743 127
808648749 127
808714243 127
808714246 127
808714249 127
808714284 127
808779788 127
808779791 127
808779806 127
808779809 127
808845321 127
808845324 127
808845326 127
808845343 127
808910862 127
808910863 127
808910864 127
808910881 127
808976400 127
808976403 127
808976410 127
808976421 127
809041934 127
809041945 127
809041951 127
809041956 127
809107463 127
809107465 127
809107466 127
809107480 127
809173004 127
809173006 127
809173007 127
809173017 127
809238529 127
809238544 127
809238551 127
809238558 127
809304065 127
809304075 127
809304076 127
809304078 127
809369607 127
809369609 127
809369612 127
809369630 127
809435148 127
809435150 127
809435165 127
809435183 127
809500672 127
809500677 127
809500678 127
809500679 127
809566214 127
809566237 127
809566244 127
809566251 127
809631753 127
809631756 127
809631771 127
809631774 127
809697281 127
809697294 127
809697296 127
809697299 127
809762830 127
809762835 127
809762841 127
809762844 127
809828363 127
809828376 127
809828381 127
809828382 127
809893899 127
809893899 127
809893902 127
809893904 127
809893905 127
809959430 127
809959432 127
809959449 127
809959459 127
810024978 127
810024984 127
810024987 127
810024989 127
810090504 127
810090506 127
810090531 127
810090533 127
810156052 127
810156054 127
810156055 127
810156069 127
810221569 127
810221576 127
810221582 127
810221583 127
810287124 127
810287127 127
810287141 127
810287142 127
810352655 127
810352666 127
810352669 127
810352672 127
810418189 127
810418190 127
810418208 127
810418223 127
810483724 127
810483747 127
810483749 127
810483758 127
810549261 127
810549262 127
810549263 127
810549292 127
810614784 127
810614789 127
810614802 127
810614815 127
810680328 127
810680331 127
810680338 127
810680361 127
810745872 127
810745886 127
810745893 127
810745899 127
810811393 127
810811394 127
810811407 127
810811412 127
810876944 127
810876958 127
810876961 127
810876963 127
810942467 127
810942496 127
810942498 127
810942501 127
811008003 127
811008010 127
811008017 127
811008040 127
811073560 127
811073563 127
811073574 127
811073581 127
811139080 127
811139081 127
811139087 127
811139118 127
811204610 127
811204612 127
811204627 127
811204653 127
811270147 127
811270161 127
811270164 127
811270166 127
811335681 127
811335702 127
811335703 127
811335708 127
811401228 127
811401234 127
811401243 127
811401253 127
811466756 127
811466769 127
811466771 127
811466774 127
811532290 127
811532300 127
811532307 127
811532317 127
811597828 127
811597837 127
811597838 127
811597855 127
811663362 127
811663367 127
811663372 127
811663381 127
811728900 127
811728933 127
811728935 127
811728938 127
811794443 127
811794468 127
811794477 127
811794478 127
811859968 127
811859978 127
811859981 127
811860003 127
811925526 127
811925531 127
811925533 127
811925544 127
811991040 127
811991047 127
811991049 127
811991078 127
812056576 127
812056579 127
812056593 127
812056594 127
812122119 127
812122122 127
812122133 127
812122140 127
812187685 127
812187686 127
812187688 127
812187695 127
812253203 127
812253205 127
812253208 127
812253214 127
812318721 127
812318740 127
812318755 127
812318758 127
812384262 127
812384265 127
812384272 127
812384279 127
812449794 127
812449805 127
812449807 127
812449812 127
812515332 127
812515351 127
812515353 127
812515358 127
812580871 127
812580890 127
812580905 127
812580908 127
812646424 127
812646425 127
812646438 127
812646443 127
812711946 127
812711949 127
812711960 127
812711963 126
812777472 127
812777474 127
812777475 127
812777485 127
812843015 127
812843016 127
812843018 127
812843021 127
812908549 127
812908554 127
812908556 127
812908579 127
812974080 127
812974083 127
812974101 127
812974110 127
813039622 127
813039625 127
813039647 127
813039656 127
813105155 127
813105169 127
813105170 127
813105172 127
813170706 127
813170708 127
813170711 127
813170713 127
813236225 127
813236247 127
813236264 127
813236266 127
813301767 127
813301782 127
813301784 127
813301789 127
813367315 127
813367325 127
813367334 127
813367336 127
813432847 127
813432860 127
813432865 127
813432878 127
813498371 127
813498374 127
813498376 127
813498393 127
813563917 127
813563922 127
813563931 127
813563940 127
813629441 127
813629447 127
813629462 127
813629480 127
813694987 127
813694988 127
813694998 127
813695009 127
813760545 127
813760546 127
813760547 127
813760552 127
813826052 127
813826053 127
813826062 127
813826071 127
813891604 127
813891607 127
813891618 127
813891629 127
813957137 127
813957140 127
813957147 127
813957154 127
814022656 127
814022669 127
814022686 127
814022691 127
814088203 127
814088208 127
814088221 127
814088238 127
814153744 127
814153746 127
814153747 127
814153761 127
814219267 127
814219284 127
814219285 127
814219286 127
814284801 127
814284827 127
814284840 127
814284846 127
814350343 127
814350348 127
814350358 127
814350361 127
814415880 127
814415891 127
814415905 127
814415906 127
814481417 127
814481424 127
814481427 127
814481446 127
814546956 127
814546973 127
814546986 127
814546991 127
814612480 127
814612485 127
814612486 127
814612523 127
814678018 127
814678021 127
814678035 127
814678040 127
814743579 127
814743592 127
814743597 127
814743598 127
814809115 127
814809120 127
814809125 127
814809126 127
814874656 127
814874657 126
814874659 127
814874662 127
814940160 127
814940170 127
814940171 127
814940173 127
815005700 127
815005706 127
815005721 127
815005727 127
815071245 127
815071271 127
815071272 127
815071278 127
815136770 127
815136773 127
815136776 127
815136779 127
815202309 127
815202332 127
815202342 127
815202343 127
815267844 127
815267853 127
815267858 127
815267867 127
815333395 127
815333404 127
815333405 127
815333418 127
815398945 127
815398946 127
815398951 127
815398952 127
815464452 127
815464459 127
815464470 127
815464489 127
815529999 127
815530005 127
815530008 127
815530014 127
815595521 127
815595538 127
815595540 127
815595567 127
815661067 127
815661068 127
815661074 127
815661077 127
815726599 127
815726616 127
815726625 127
815726630 127
815792128 127
815792153 127
815792154 127
815792163 127
815857670 127
815857673 127
815857684 127
815857703 127
815923203 127
815923205 127
815923206 127
815923232 127
815988742 127
815988749 127
815988752 127
815988783 127
816054297 126
816054299 127
816054300 127
816054310 127
816119834 127
816119836 127
816119849 127
816119851 127
816185356 127
816185374 127
816185387 127
816185389 127
816250886 127
816250893 127
816250900 127
816250903 127
816316423 127
816316449 127
816316456 127
816316462 127
816381961 127
816381964 127
816381974 127
816381975 127
816447496 127
816447497 127
816447507 127
816447522 127
816513031 127
816513048 127
816513053 127
816513062 127
816578569 127
816578570 127
816578572 127
816578599 127
816644107 127
816644117 127
816644118 127
816644132 127
816709638 127
816709645 127
816709652 127
816709655 127
816775182 127
816775185 127
816775200 127
816775215 127
816840706 127
816840712 127
816840727 127
816840745 127
816906250 127
816906253 127
816906264 127
816906271 127
816971796 127
816971809 127
816971815 127
816971822 127
817037312 127
817037331 127
817037345 127
817037354 127
817102848 127
817102855 127
817102866 127
817102869 127
817168384 127
817168389 127
817168395 127
817168402 127
817233935 127
817233960 127
817233961 127
817233962 127
817299466 127
817299471 127
817299477 127
817299484 127
817364994 127
817365004 127
817365007 127
817365009 127
817430547 127
817430550 127
817430552 127
817430553 127
817496067 127
817496069 127
817496082 127
817496092 127
817561607 127
817561624 127
817561633 127
817561642 127
817627143 127
817627144 127
817627153 127
817627178 127
817692673 127
817692679 127
817692684 127
817692686 127
817758213 127
817758227 127
817758230 127
817758244 127
817823745 127
817823754 127
817823788 127
817823791 127
817889284 127
817889289 127
817889294 127
817889303 127
817954823 127
817954842 127
817954844 127
817954845 127
818020354 127
818020355 127
818020356 127
818020373 127
818085896 127
818085930 127
818085933 127
818085935 127
818151427 127
818151429 127
818151454 127
818151464 127
818216993 127
818216996 127
818216998 127
818217003 127
818282503 127
818282509 127
818282530 127
818282540 127
818348036 127
818348055 127
818348058 127
818348061 127
818413588 127
818413590 127
818413591 127
818413593 127
818479106 127
818479111 127
818479112 127
818479145 127
818544646 127
818544649 127
818544672 127
818544679 127
818610187 127
818610192 127
818610197 127
818610206 127
818675728 127
818675729 127
818675731 127
818675734 127
818741248 127
818741279 127
818741281 127
818741282 127
818806803 127
818806817 127
818806826 127
818806828 127
818872331 127
818872338 127
818872353 127
818872356 127
818937875 127
818937882 127
818937884 127
818937889 127
819003396 127
819003414 127
819003417 127
819003423 127
819068936 127
819068947 127
819068961 127
819068962 127
819134479 127
819134481 127
819134486 127
819134500 127
819200013 127
819200015 127
819200020 127
819200034 127
819265558 127
819265564 127
819265569 127
819265583 127
819331086 127
819331092 127
819331097 127
819331111 127
819396636 127
819396642 126
819396649 127
819396651 127
819462168 127
819462178 127
819462179 127
819462185 126
819527706 127
819527709 127
819527711 127
819527716 127
819593218 127
819593223 127
819593253 127
819593256 127
819658772 127
819658775 127
819658777 127
819658782 127
819724288 127
819724295 127
819724302 127
819724305 127
819789835 127
819789837 127
819789858 127
819789860 127
819855361 127
819855395 127
819855400 127
819855402 127
819920908 127
819920910 127
819920917 127
819920935 127
819986465 127
819986468 127
819986478 127
819986479 127
820051974 127
820051975 127
820051980 127
820051985 127
820117512 127
820117526 127
820117529 127
820117531 127
820183044 127
820183058 127
820183071 127
820183085 127
820248583 127
820248597 127
820248602 127
820248612 127
820314112 127
820314126 127
820314133 127
820314147 127
820379655 127
820379680 127
820379685 127
820379690 127
820445197 127
820445212 127
820445222 127
820445231 127
820510745 127
820510750 127
820510751 127
820510752 127
820576257 127
820576268 127
820576282 127
820576303 127
820641805 127
820641812 127
820641814 127
820641819 127
820707334 127
820707371 127
820707372 127
820707373 127
820772867 127
820772870 127
820772896 127
820772901 127
820838407 127
820838421 127
820838444 127
820838446 127
820903945 127
820903956 127
820903963 127
820903970 127
820969485 127
820969506 127
820969508 127
820969519 127
821035035 127
821035042 127
821035044 127
821035049 127
821100559 127
821100569 127
821100586 127
821100588 127
821166097 127
821166107 127
821166108 127
821166122 127
821231622 127
821231631 127
821231633 127
821231636 127
821297152 127
821297171 127
821297174 127
821297185 127
821362694 127
821362701 127
821362703 127
821362716 127
821428224 127
821428226 127
821428257 127
821428267 127
821493778 127
821493795 127
821493797 127
821493804 127
821559314 127
821559321 127
821559328 127
821559339 127
821624864 127
821624867 127
821624870 127
821624877 127
821690386 127
821690387 127
821690397 127
821690408 127
821755912 127
821755922 127
821755931 127
821755933 127
821821461 127
821821466 127
821821479 127
821821480 127
821886978 127
821886984 127
821886989 127
821886995 127
821952518 127
821952523 127
821952525 127
821952532 127
822018051 127
822018052 127
822018065 127
822018070 127
822083619 127
822083625 127
822083626 127
822083628 127
822149135 127
822149137 127
822149140 127
822149154 127
822214670 127
822214676 127
822214677 127
822214683 127
822280196 127
822280201 127
822280214 127
822280219 127
822345749 127
822345758 127
822345759 127
822345760 127
822411265 127
822411275 127
822411290 127
822411296 127
822476806 127
822476812 127
822476829 127
822476831 127
822542364 127
822542370 127
822542381 127
822542383 127
822607875 127
822607882 127
822607900 127
822607913 127
822673410 127
822673412 127
822673419 127
822673437 127
822738945 127
822738959 127
822738960 127
822738962 127
822804503 127
822804505 127
822804514 127
822804516 127
822870016 127
822870034 127
822870057 127
822870059 127
822935559 127
822935576 127
822935585 127
822935594 127
823001089 127
823001126 127
823001128 127
823001131 127
823066632 127
823066637 127
823066670 127
823066671 127
823132176 127
823132186 127
823132197 127
823132207 127
823197702 127
823197712 127
823197727 127
823197741 127
823263267 127
823263272 127
823263277 127
823263278 127
823328780 127
823328781 127
823328803 127
823328806 127
823394337 127
823394346 127
823394347 127
823394348 127
823459841 127
823459862 127
823459864 127
823459867 127
823525377 127
823525394 126
823525399 127
823525412 127
823590935 127
823590936 127
823590938 127
823590945 127
823656475 127
823656481 127
823656490 127
823656492 127
823721986 127
823722001 127
823722024 127
823722031 127
823787541 127
823787551 127
823787558 127
823787564 127
823853057 127
823853062 127
823853063 127
823853092 127
823918599 127
823918616 127
823918622 127
823918637 127
823984160 127
823984167 127
823984169 127
823984170 127
824049698 127
824049703 127
824049705 127
824049708 127
824115214 127
824115216 127
824115237 127
824115243 127
824180753 127
824180762 127
824180763 127
824180768 127
824246298 127
824246305 127
824246307 127
824246312 127
824311808 127
824311809 127
824311839 127
824311854 127
824377348 127
824377377 127
824377379 127
824377382 127
824442886 127
824442909 127
824442916 127
824442919 127
824508422 127
824508424 127
824508441 127
824508443 127
824573968 127
824573973 127
824573975 127
824573986 127
824639505 127
824639508 127
824639518 127
824639531 127
824705042 127
824705051 127
824705060 127
824705065 127
824770567 127
824770581 127
824770586 127
824770588 127
824836124 127
824836134 127
824836141 127
824836143 127
824901644 127
824901667 127
824901669 127
824901678 127
824967187 127
824967188 127
824967194 127
824967201 127
825032717 127
825032728 127
825032734 127
825032735 127
825098242 127
825098248 127
825098249 127
825098255 127
825163781 127
825163799 127
825163800 127
825163818 127
825229338 127
825229344 127
825229351 127
825229353 127
825294873 127
825294882 127
825294887 127
825294892 127
825360386 127
825360412 127
825360423 127
825360425 127
825425921 127
825425938 127
825425940 127
825425947 127
825491471 127
825491474 127
825491492 127
825491493 127
825556997 127
825557022 127
825557024 127
825557027 127
825622538 127
825622540 127
825622569 127
825622575 127
825688069 127
825688078 127
825688083 127
825688104 127
825753606 127
825753625 127
825753635 127
825753636 127
825819148 127
825819157 127
825819159 127
825819178 127
825884689 127
825884692 127
825884714 127
825884719 127
825950214 127
825950219 127
825950221 127
825950228 127
826015749 127
826015770 127
826015784 127
826015787 127
826081288 127
826081289 127
826081290 127
826081291 127
826146824 127
826146825 127
826146842 127
826146847 127
826212353 127
826212358 127
826212364 127
826212379 127
826277890 127
826277903 127
826277920 127
826277933 127
826343427 127
826343430 127
826343448 127
826343449 127
826408961 127
826408963 127
826408980 127
826408994 127
826474506 127
826474525 127
826474532 127
826474535 127
826540034 127
826540037 127
826540043 127
826540076 127
826605572 127
826605578 127
826605591 127
826605597 127
826671112 127
826671126 127
826671149 127
826671151 127
826736662 127
826736664 127
826736667 127
826736685 127
826802178 127
826802180 127
826802183 127
826802201 127
826867716 127
826867718 127
826867725 127
826867751 127
826933252 127
826933262 127
826933269 127
826933279 127
826998791 127
826998792 127
826998810 127
826998813 127
827064352 127
827064354 127
827064355 127
827064361 127
827129876 127
827129891 127
827129893 127
827129894 127
827195402 127
827195409 127
827195416 127
827195423 127
827260948 127
827260951 127
827260970 127
827260973 127
827326479 127
827326486 127
827326489 127
827326492 127
827392012 127
827392014 127
827392023 127
827392025 127
827457551 127
827457572 127
827457577 127
827457582 127
827523088 127
827523090 127
827523103 127
827523109 127
827588621 127
827588623 127
827588644 127
827588650 127
827654144 127
827654153 127
827654158 127
827654171 127
827719689 127
827719691 127
827719704 127
827719706 127
827785223 127
827785245 127
827785248 127
827785250 127
827850755 127
827850757 127
827850780 127
827850786 127
827916311 127
827916316 127
827916321 127
827916326 127
827981828 127
827981846 127
827981847 127
827981865 127
828047372 127
828047386 127
828047389 127
828047407 127
828112897 127
828112915 127
828112934 127
828112936 127
828178437 127
828178439 127
828178448 127
828178458 127
828243972 127
828243975 127
828243978 127
828243989 127
828309511 127
828309525 127
828309526 127
828309544 127
828375051 127
828375061 127
828375068 127
828375078 127
828440595 127
828440609 127
828440612 127
828440614 127
828506124 127
828506127 127
828506138 127
828506157 127
828571657 127
828571671 127
828571678 127
828571680 127
828637193 127
828637196 127
828637227 127
828637230 127
828702722 127
828702724 127
828702731 127
828702745 127
828768261 127
828768264 127
828768270 127
828768291 127
828833794 127
828833813 127
828833827 127
828833832 127
828899328 127
828899354 127
828899361 127
828899363 127
828964874 127
828964885 127
828964895 127
828964904 127
829030413 127
829030415 127
829030418 127
829030420 127
829095939 127
829095953 127
829095956 127
829095958 127
829161476 127
829161506 127
829161515 127
829161517 127
829227021 127
829227026 127
829227031 127
829227036 127
829292550 127
829292569 127
829292572 127
829292579 127
829358086 127
829358093 127
829358107 127
829358120 127
829423647 127
829423652 127
829423657 127
829423658 127
829489156 127
829489167 127
829489169 127
829489178 127
829554691 127
829554716 127
829554721 127
829554730 127
829620225 127
829620255 127
829620262 127
829620268 127
829685770 127
829685772 127
829685773 127
829685795 127
829751301 127
829751310 127
829751315 127
829751336 127
829816833 127
829816835 127
829816836 127
829816850 127
829882390 127
829882408 127
829882413 127
829882415 127
829947910 127
829947913 127
829947927 127
829947948 127
830013455 127
830013461 127
830013480 127
830013482 127
830078992 127
830079001 127
830079007 127
830079022 127
830144526 127
830144531 127
830144533 127
830144544 127
830210057 127
830210059 127
830210072 127
830210086 127
830275584 127
830275589 127
830275599 127
830275610 127
830341120 127
830341125 127
830341139 127
830341146 127
830406674 127
830406676 127
830406685 127
830406687 127
830472206 127
830472220 127
830472235 127
830472237 127
830537728 127
830537729 127
830537731 127
830537738 127
830603267 127
830603280 127
830603293 127
830603294 127
830668800 127
830668806 127
830668809 127
830668823 127
830734343 127
830734344 127
830734349 127
830734350 127
830799887 127
830799902 127
830799908 127
830799913 127
830865427 127
830865438 127
830865444 127
830865445 127
830930949 127
830930963 127
830930976 127
830930990 127
830996497 127
830996499 127
830996514 127
830996516 127
831062026 127
831062029 127
831062048 127
831062059 127
831127564 127
831127590 127
831127593 127
831127599 127
831193090 127
831193100 127
831193109 127
831193123 127
831258636 127
831258638 127
831258645 127
831258651 127
831324182 127
831324188 127
831324205 127
831324207 127
831389719 127
831389722 127
831389736 127
831389737 127
831455237 127
831455240 127
831455246 127
831455271 127
831520777 127
831520780 127
831520795 127
831520802 127
831586306 127
831586327 127
831586340 127
831586349 127
831651844 127
831651859 127
831651861 127
831651870 127
831717384 127
831717386 127
831717391 127
831717413 127
831782913 127
831782916 127
831782922 127
831782943 127
831848467 127
831848472 127
831848474 127
831848481 127
831913985 127
831913986 127
831913987 127
831914016 127
831979535 127
831979537 127
831979540 127
831979558 127
832045079 127
832045086 127
832045088 127
832045089 127
832110609 127
832110612 127
832110615 127
832110634 127
832176131 127
832176137 127
832176154 127
832176156 127
832241678 127
832241692 127
832241693 127
832241707 127
832307219 127
832307225 127
832307228 127
832307230 127
832372737 127
832372739 127
832372740 127
832372770 127
832438279 127
832438286 127
832438301 127
832438312 127
832503808 127
832503825 127
832503826 127
832503855 127
832569345 127
832569360 127
832569362 127
832569387 127
832634897 127
832634912 127
832634914 127
832634915 127
832700416 127
832700418 127
832700421 127
832700439 127
832765955 127
832765958 127
832765968 127
832765993 127
832831490 127
832831504 127
832831533 127
832831535 127
832897024 127
832897031 127
832897038 127
832897045 127
832962561 127
832962564 127
832962566 127
832962567 127
833028096 127
833028113 127
833028122 127
833028135 127
833093653 127
833093662 127
833093663 127
833093676 127
833159178 127
833159181 127
833159200 127
833159207 127
833224710 127
833224712 127
833224729 127
833224743 127
833290250 127
833290256 127
833290273 127
833290283 127
833355805 127
833355810 127
833355811 127
833355812 127
833421330 127
833421333 127
833421343 127
833421344 127
833486865 127
833486868 127
833486875 127
833486890 127
833552387 127
833552393 127
833552428 127
833552430 127
833617929 127
833617954 127
833617956 127
833617967 127
833683461 127
833683471 127
833683484 127
833683502 127
833748992 127
833748994 127
833749021 127
833749035 127
833814528 127
833814533 127
833814538 127
833814551 127
833880070 127
833880072 127
833880075 127
833880089 127
833945622 127
833945624 127
833945629 127
833945639 127
834011156 127
834011159 127
834011173 127
834011178 127
834076676 127
834076691 127
834076709 127
834076718 127
834142210 127
834142231 126
834142244 127
834142253 127
834207764 127
834207785 127
834207786 127
834207787 127
834273291 127
834273306 127
834273308 127
834273321 127
834338825 127
834338828 127
834338851 127
834338862 127
834404371 127
834404380 127
834404386 127
834404389 127
834469894 127
834469896 127
834469901 127
834469903 127
834535425 127
834535430 127
834535432 127
834535447 127
834600962 127
834600971 127
834600988 127
834600997 127
834666514 127
834666516 127
834666519 127
834666533 127
834732034 127
834732036 127
834732037 127
834732059 127
834797583 127
834797597 127
834797612 127
834797614 127
834863112 127
834863131 127
834863142 127
834863145 127
834928656 127
834928663 127
834928670 127
834928681 127
834994178 127
834994200 127
834994207 127
834994221 127
835059723 127
835059738 127
835059740 127
835059745 127
835125277 127
835125279 127
835125280 127
835125294 127
835190789 127
835190798 127
835190807 127
835190824 127
835256326 127
835256329 127
835256359 127
835256360 127
835321872 127
835321873 127
835321882 127
835321891 127
835387394 127
835387395 127
835387401 127
835387404 127
835452932 127
835452953 127
835452959 127
835452962 127
835518470 127
835518471 127
835518484 127
835518489 127
835584019 127
835584033 127
835584034 127
835584036 127
835649552 127
835649563 127
835649565 127
835649570 127
835715081 127
835715086 127
835715099 127
835715104 127
835780623 127
835780640 127
835780645 127
835780650 127
835846155 127
835846173 127
835846178 127
835846184 127
835911696 127
835911699 127
835911709 127
835911710 127
835977233 127
835977235 127
835977244 127
835977254 127
836042769 127
836042779 127
836042782 127
836042788 127
836108302 127
836108303 127
836108308 127
836108309 127
836173831 127
836173840 127
836173854 127
836173861 127
836239362 127
836239391 127
836239396 127
836239401 127
836304909 127
836304915 127
836304926 127
836304940 127
836370442 127
836370456 127
836370457 127
836370475 127
836435968 127
836436003 127
836436009 127
836436010 127
836501508 127
836501513 127
836501542 127
836501551 127
836567041 127
836567067 127
836567078 127
836567080 127
836632577 127
836632598 127
836632616 127
836632623 127
836698119 127
836698122 127
836698133 127
836698136 127
836763673 127
836763680 127
836763683 127
836763690 127
836829204 127
836829205 127
836829210 127
836829231 127
836894737 127
836894740 127
836894751 127
836894754 127
836960277 127
836960280 127
836960283 127
836960294 127
837025816 127
837025818 127
837025819 127
837025833 127
837091328 127
837091353 127
837091366 127
837091375 127
837156882 127
837156885 127
837156892 127
837156903 127
837222405 127
837222424 127
837222427 127
837222438 127
837287953 127
837287980 127
837287982 127
837287983 127
837353475 127
837353488 127
837353494 127
837353497 127
837419023 127
837419042 127
837419044 127
837419045 127
837484549 127
837484552 127
837484574 127
837484583 127
837550082 127
837550089 127
837550095 127
837550124 127
837615616 127
837615619 127
837615626 127
837615637 127
837681153 127
837681174 127
837681188 127
837681191 127
837746702 127
837746703 127
837746713 127
837746728 127
837812229 127
837812247 127
837812248 127
837812270 127
837877784 127
837877805 127
837877806 127
837877807 127
837943298 127
837943312 127
837943315 127
837943321 127
838008839 127
838008853 127
838008872 127
838008874 127
838074368 127
838074370 127
838074375 127
838074393 127
838139912 127
838139922 127
838139929 127
838139935 127
838205443 127
838205445 127
838205452 127
838205454 127
838271012 127
838271015 127
838271017 127
838271022 127
838336538 127
838336544 127
838336549 127
838336551 127
838402083 127
838402084 127
838402085 127
838402094 127
838467584 127
838467609 127
838467619 127
838467626 127
838533149 127
838533151 127
838533162 127
838533164 127
838598673 127
838598686 127
838598688 127
838598695 127
838664202 127
838664205 127
838664223 127
838664236 127
838729729 127
838729743 127
838729746 127
838729764 127
838795267 127
838795276 127
838795290 127
838795297 127
838860824 127
838860837 127
838860842 127
838860847 127
838926345 127
838926364 127
838926367 127
838926378 127
838991874 127
838991883 127
838991888 127
838991917 127
839057418 127
839057419 127
839057420 127
839057421 127
839122952 127
839122967 127
839122970 127
839122981 127
839188487 127
839188492 127
839188509 127
839188522 127
839254018 127
839254039 127
839254053 127
839254060 127
839319566 127
839319587 127
839319588 127
839319593 127
839385112 127
839385119 127
839385121 127
839385130 127
839450634 127
839450637 127
839450655 127
839450668 127
839516162 127
839516163 127
839516164 127
839516177 127
839581726 127
839581732 127
839581737 127
839581739 127
839647257 127
839647262 127
839647268 127
839647271 127
839712787 127
839712794 127
839712796 127
839712797 127
839778316 127
839778335 127
839778349 127
839778350 127
839843848 127
839843861 127
839843878 127
839843883 127
839909387 127
839909389 127
839909392 127
839909414 127
839974937 127
839974944 127
839974954 127
839974955 127
840040466 127
840040469 127
840040480 127
840040495 127
840105993 127
840106020 127
840106026 127
840106031 127
840171534 127
840171535 127
840171536 127
840171537 127
840237056 127
840237061 127
840237063 127
840237082 127
840302610 127
840302619 127
840302624 127
840302629 127
840368132 127
840368142 127
840368157 127
840368159 127
840433681 127
840433682 127
840433700 127
840433711 127
840499235 127
840499236 127
840499237 127
840499242 127
840564736 127
840564738 127
840564757 127
840564779 127
840630296 127
840630298 127
840630317 127
840630319 127
840695810 127
840695820 127
840695839 127
840695841 127
840761347 127
840761368 127
840761385 127
840761390 127
840826881 127
840826898 127
840826912 127
840826923 127
840892438 127
840892452 127
840892459 127
840892461 127
840957968 127
840957981 127
840957982 127
840957991 127
841023492 127
841023495 127
841023497 127
841023522 127
841089043 127
841089056 127
841089057 127
841089070 127
841154568 127
841154571 127
841154582 127
841154585 127
841220108 127
841220110 127
841220119 127
841220141 127
841285644 127
841285658 127
841285665 127
841285667 127
841351168 127
841351171 127
841351174 127
841351177 127
841416714 127
841416719 127
841416728 127
841416745 127
841482243 127
841482266 127
841482268 127
841482281 127
841547784 127
841547797 127
841547811 127
841547818 127
841613312 127
841613313 127
841613327 127
841613354 127
841678866 127
841678872 127
841678877 127
841678879 127
841744384 127
841744402 127
841744405 127
841744407 127
841809928 127
841809939 127
841809942 127
841809961 127
841875456 127
841875467 127
841875473 127
841875482 127
841940998 127
841941012 127
841941013 127
841941015 127
842006529 127
842006530 127
842006531 127
842006536 127
842072100 127
842072102 127
842072109 127
842072111 127
842137615 127
842137630 127
842137640 127
842137645 127
842203155 127
842203160 127
842203169 127
842203178 127
842268688 127
842268699 127
842268710 127
842268713 127
842334232 127
842334241 127
842334243 127
842334250 127
842399771 127
842399774 127
842399780 127
842399781 127
842465297 127
842465307 127
842465310 127
842465324 127
842530819 127
842530838 127
842530852 127
842530853 127
842596366 127
842596387 127
842596389 127
842596392 127
842661892 127
842661897 127
842661898 127
842661911 127
842727431 127
842727442 127
842727448 127
842727453 127
842792999 127
842793001 127
842793004 127
842793006 127
842858501 127
842858506 127
842858532 127
842858543 127
842924043 127
842924045 127
842924064 127
842924078 127
842989590 127
842989592 127
842989605 127
842989611 127
843055117 127
843055126 127
843055140 127
843055147 127
843120658 127
843120660 127
843120665 127
843120679 127
843186207 127
843186213 127
843186214 127
843186216 127
843251723 127
843251725 127
843251748 127
843251750 127
843317260 127
843317281 127
843317294 127
843317295 127
843382802 127
843382805 127
843382808 127
843382815 127
843448344 127
843448347 127
843448349 127
843448366 127
843513865 127
843513866 127
843513868 127
843513887 127
843579401 127
843579420 127
843579423 127
843579434 127
843644935 127
843644937 127
843644956 127
843644958 127
843710479 127
843710482 127
843710497 127
843710500 127
843776007 127
843776008 127
843776014 127
843776021 127
843841536 127
843841539 127
843841541 127
843841574 127
843907081 127
843907106 127
843907108 127
843907111 127
843972614 127
843972617 127
843972628 127
843972647 127
844038152 127
844038162 127
844038175 127
844038189 127
844103690 127
844103704 127
844103705 127
844103719 127
844169224 127
844169257 127
844169258 127
844169259 127
844234755 127
844234786 127
844234792 127
844234797 127
844300296 127
844300305 127
844300310 127
844300323 127
844365826 127
844365852 127
844365853 127
844365871 127
844431370 127
844431377 127
844431384 127
844431399 127
844496911 127
844496929 127
844496936 127
844496942 127
844562456 127
844562466 127
844562475 127
844562477 127
844627983 127
844627996 127
844627997 127
844628006 127
844693505 127
844693519 127
844693534 127
844693536 127
844759055 127
844759056 127
844759058 127
844759061 127
844824586 127
844824588 127
844824605 127
844824623 127
844890119 127
844890140 127
844890142 127
844890145 127
844955688 127
844955689 127
844955694 127
844955695 127
845021192 127
845021193 127
845021194 127
845021223 127
845086725 127
845086740 127
845086743 127
845086766 127
845152264 127
845152265 127
845152286 127
845152287 127
845217795 127
845217809 127
845217816 127
845217834 127
845283361 127
845283362 127
845283368 127
845283371 127
845348867 127
845348870 127
845348893 127
845348904 127
845414417 127
845414435 127
845414436 127
845414438 127
845479965 127
845479971 127
845479974 127
845479976 127
845545492 127
845545493 127
845545494 127
845545495 127
845611024 127
845611031 127
845611045 127
845611046 127
845676560 127
845676577 127
845676582 127
845676587 127
845742103 127
845742120 127
845742122 127
845742125 127
845807622 127
845807631 127
845807632 127
845807653 127
845873159 127
845873173 127
845873178 127
845873196 127
845938701 127
845938720 127
845938734 127
845938735 127
846004230 127
846004256 127
846004265 127
846004271 127
846069800 127
846069801 127
846069803 127
846069806 127
846135296 127
846135298 127
846135313 127
846135335 127
846200843 127
846200844 127
846200854 127
846200865 127
846266373 127
846266403 127
846266404 127
846266414 127
846331907 127
846331921 127
846331924 127
846331926 127
846397466 127
846397479 127
846397480 127
846397481 127
846462998 127
846463016 127
846463021 127
846463023 127
846528513 127
846528514 127
846528528 127
846528551 127
846594052 127
846594053 127
846594082 127
846594091 127
846659601 127
846659608 127
846659610 127
846659611 127
846725123 127
846725132 127
846725137 127
846725166 127
846790658 127
846790667 127
846790672 127
846790673 127
846856194 127
846856228 127
846856237 127
846856239 127
846921734 127
846921760 127
846921761 127
846921767 127
846987276 127
846987290 127
846987299 127
846987301 127
847052827 127
847052836 127
847052837 127
847052838 127
847118343 127
847118361 127
847118362 127
847118364 127
847183880 127
847183885 127
847183915 127
847183918 127
847249442 127
847249447 127
847249449 127
847249452 127
847314948 127
847314962 127
847314985 127
847314991 127
847380485 127
847380499 127
847380502 127
847380508 127
847446021 127
847446060 127
847446062 127
847446063 127
847511556 127
847511578 127
847511583 127
847511589 127
847577093 127
847577103 127
847577106 127
847577120 127
847642624 127
847642626 127
847642665 127
847642667 127
847708162 127
847708172 127
847708173 127
847708203 127
847773712 127
847773733 127
847773735 127
847773742 127
847839235 127
847839244 127
847839277 127
847839278 127
847904776 127
847904797 127
847904803 127
847904810 127
847970314 127
847970316 127
847970329 127
847970343 127
848035841 127
848035859 127
848035880 127
848035882 127
848101379 127
848101414 127
848101417 127
848101420 127
848166916 127
848166922 127
848166931 127
848166933 127
848232488 127
848232493 127
848232494 127
848232495 127
848298005 127
848298019 127
848298024 127
848298026 127
848363520 127
848363530 127
848363541 127
848363563 127
848429059 127
848429061 127
848429066 127
848429100 127
848494598 127
848494635 127
848494636 127
848494637 127
848560132 127
848560134 127
848560167 127
848560169 127
848625675 127
848625677 127
848625698 127
848625704 127
848691201 127
848691204 127
848691207 127
848691230 127
848756741 127
848756768 127
848756774 127
848756779 127
848822302 127
848822305 127
848822312 127
848822319 127
848887841 127
848887843 127
848887850 127
848887852 127
848953370 127
848953373 127
848953383 127
848953388 127
849018912 127
849018918 127
849018923 127
849018925 127
849084458 127
849084459 127
849084460 127
849084461 127
849149954 127
849149957 127
849149976 127
849149995 127
849215513 127
849215524 127
849215526 127
849215531 127
849281056 127
849281063 127
849281069 127
849281070 127
849346572 127
849346595 127
849346602 127
849346605 127
849412137 127
849412139 127
849412140 127
849412142 127
849477652 127
849477671 127
849477673 127
849477678 127
849543171 127
849543184 127
849543189 127
849543214 127
849608706 127
849608708 127
849608737 127
849608743 127
849674254 127
849674256 127
849674277 127
849674279 127
849739786 127
849739791 127
849739801 127
849739808 127
849805325 127
849805326 127
849805339 127
849805340 127
849870860 127
849870865 127
849870871 127
849870894 127
849936384 127
849936394 127
849936395 127
849936417 127
850001949 127
850001950 127
850001951 127
850001952 127
850067459 127
850067473 127
850067486 127
850067496 127
850133022 127
850133031 127
850133033 127
850133036 127
850198548 127
850198567 127
850198569 127
850198574 127
850264087 127
850264100 127
850264109 127
850264110 127
850329608 127
850329623 127
850329626 127
850329645 127
850395147 127
850395160 127
850395169 127
850395174 127
850460697 127
850460700 127
850460702 127
850460703 127
850526208 127
850526222 127
850526235 127
850526245 127
850591762 127
850591764 127
850591767 127
850591773 127
850657280 127
850657299 127
850657322 127
850657325 127
850722826 127
850722843 127
850722848 127
850722849 127
850788355 127
850788385 127
850788388 127
850788398 127
850853913 127
850853924 127
850853926 127
850853927 127
850919425 127
850919428 127
850919435 127
850919446 127
850984967 127
850984970 127
850984989 127
850985000 127
851050523 127
851050530 127
851050532 127
851050537 127
851116044 127
851116046 127
851116063 127
851116077 127
851181568 127
851181570 127
851181575 127
851181589 127
851247115 127
851247124 127
851247129 127
851247150 127
851312657 127
851312662 127
851312672 127
851312675 127
851378199 127
851378202 127
851378204 127
851378213 127
851443716 127
851443718 127
851443737 127
851443739 127
851509254 127
851509287 127
851509292 127
851509293 127
851574812 127
851574822 127
851574825 127
851574827 127
851640332 127
851640353 127
851640355 127
851640358 127
851705884 127
851705891 127
851705893 127
851705894 127
851771429 127
851771432 127
851771435 127
851771438 127
851836932 127
851836962 127
851836965 127
851836967 127
851902465 127
851902480 127
851902498 127
851902511 127
851968015 127
851968016 127
851968034 127
851968045 127
852033570 127
852033572 127
852033579 127
852033581 127
852099100 127
852099102 127
852099105 127
852099119 127
852164616 127
852164617 127
852164635 127
852164650 127
852230184 127
852230189 127
852230190 127
852230191 127
852295688 127
852295689 126
852295698 127
852295703 127
852361248 127
852361251 127
852361261 127
852361262 127
852426775 127
852426781 127
852426782 127
852426788 127
852492293 127
852492307 127
852492310 127
852492332 127
852557852 127
852557862 127
852557863 127
852557869 127
852623363 127
852623372 127
852623390 127
852623401 127
852688915 127
852688929 127
852688938 127
852688940 127
852754458 127
852754461 127
852754475 127
852754476 127
852819997 127
852820000 127
852820002 127
852820015 127
852885533 127
852885534 127
852885535 127
852885536 127
852951042 127
852951080 127
852951081 127
852951087 127
853016581 127
853016600 127
853016602 127
853016623 127
853082123 127
853082146 127
853082148 127
853082153 127
853147652 127
853147678 127
853147689 127
853147691 127
853213218 127
853213223 127
853213225 127
853213228 127
853278750 127
853278752 127
853278753 127
853278767 127
853344265 127
853344279 127
853344298 127
853344300 127
853409797 127
853409820 127
853409834 127
853409835 127
853475331 127
853475372 127
853475373 127
853475374 127
853540864 127
853540903 127
853540905 127
853540906 127
853606401 127
853606404 127
853606419 127
853606434 127
853671959 127
853671969 127
853671978 127
853671980 127
853737492 127
853737495 127
853737509 127
853737518 127
853803009 127
853803015 127
853803032 127
853803050 127
853868558 127
853868573 127
853868588 127
853868591 127
853934080 127
853934115 127
853934117 127
853934122 127
853999618 127
853999653 127
853999660 127
853999663 127
854065171 127
854065178 127
854065192 127
854065197 127
854130690 127
854130713 127
854130715 127
854130732 127
854196250 127
854196268 127
854196269 127
854196271 127
854261794 127
854261804 127
854261805 127
854261807 127
854327302 127
854327316 127
854327325 127
854327343 127
854392833 127
854392847 127
854392850 127
854392856 127
854458384 127
854458393 127
854458407 127
854458414 127
854523913 127
854523914 127
854523915 127
854523936 127
854589466 127
854589475 127
854589484 127
854589485 127
854654979 127
854655009 127
854655014 127
854655020 127
854720525 127
854720543 127
854720544 127
854720554 127
854786054 127
854786079 127
854786084 127
854786085 127
854851601 127
854851603 127
854851604 127
854851606 127
854917121 127
854917131 127
854917136 127
854917138 127
854982695 127
854982697 127
854982700 127
854982702 127
855048193 127
855048198 127
855048207 127
855048228 127
855113756 127
855113761 127
855113774 127
855113775 127
855179271 127
855179276 127
855179306 127
855179309 127
855244804 127
855244830 127
855244835 127
855244845 127
855310336 127
855310341 127
855310346 127
855310383 127
855375874 127
855375909 127
855375911 127
855375912 127
855441421 127
855441430 127
855441435 127
855441448 127
855506970 127
855506988 127
855506989 127
855506991 127
855572514 127
855572519 127
855572521 127
855572524 127
855638017 127
855638018 127
855638019 127
855638048 127
855703580 127
855703582 127
855703589 127
855703599 127
855769115 127
855769129 127
855769132 127
855769134 127
855834629 127
855834632 127
855834662 127
855834663 127
855900181 127
855900184 127
855900195 127
855900202 127
855965702 127
855965720 127
855965725 127
855965739 127
856031259 127
856031262 127
856031264 127
856031273 127
856096772 127
856096774 127
856096775 127
856096777 127
856162305 127
856162336 127
856162350 127
856162351 127
856227852 127
856227870 127
856227871 127
856227873 127
856293396 127
856293401 127
856293415 127
856293422 127
856358919 127
856358941 127
856358954 127
856358956 127
856424461 127
856424463 127
856424468 127
856424494 127
856489997 127
856489999 127
856490002 127
856490020 127
856555547 127
856555554 127
856555556 127
856555565 127
856621080 127
856621085 127
856621094 127
856621095 127
856686611 127
856686613 127
856686626 127
856686628 127
856752159 127
856752162 127
856752172 127
856752173 127
856817677 127
856817680 127
856817695 127
856817698 127
856883221 127
856883235 127
856883238 127
856883244 127
856948746 127
856948747 127
856948749 127
856948760 127
857014312 127
857014314 127
857014317 127
857014319 127
857079808 127
857079822 127
857079825 127
857079843 127
857145367 127
857145372 127
857145381 127
857145386 127
857210880 127
857210899 127
857210918 127
857210921 127
857276424 127
857276450 127
857276451 127
857276453 127
857341979 127
857341984 127
857341986 127
857341989 127
857407491 127
857407497 127
857407498 127
857407500 127
857473027 127
857473050 127
857473064 127
857473069 127
857538567 127
857538570 127
857538589 127
857538604 127
857604137 127
857604139 127
857604140 127
857604142 127
857669645 127
857669648 127
857669659 127
857669662 127
857735186 127
857735192 127
857735205 127
857735207 127
857800706 127
857800709 127
857800723 127
857800736 127
857866240 127
857866254 127
857866275 127
857866277 127
857931791 127
857931800 127
857931809 127
857931810 127
857997317 127
857997340 127
857997350 127
857997359 127
858062853 127
858062882 127
858062891 127
858062892 127
858128392 127
858128394 127
858128413 127
858128427 127
858193934 127
858193955 127
858193964 127
858193965 127
858259460 127
858259466 127
858259469 127
858259471 127
858325023 127
858325026 127
858325029 127
858325032 127
858390542 127
858390543 127
858390549 127
858390552 127
858456072 127
858456077 127
858456102 127
858456103 127
858521600 127
858521613 127
858521623 127
858521630 127
858587136 127
858587165 127
858587174 127
858587179 127
858652675 127
858652680 127
858652693 127
858652694 127
858718213 127
858718214 127
858718219 127
858718224 127
858783745 127
858783747 127
858783760 127
858783774 127
858849301 127
858849304 127
858849311 127
858849318 127
858914824 127
858914858 127
858914859 127
858914861 127
858980374 127
858980384 127
858980393 127
858980399 127
859045897 127
859045910 127
859045912 127
859045927 127
859111451 127
859111461 127
859111466 127
859111468 127
859176961 127
859176964 127
859176966 127
859176967 127
859242505 127
859242519 127
859242522 127
859242540 127
859308042 127
859308069 127
859308072 127
859308075 127
859373577 127
859373596 127
859373607 127
859373610 127
859439115 127
859439128 127
859439134 127
859439145 127
859504650 127
859504651 127
859504664 127
859504665 127
859570180 127
859570181 127
859570182 127
859570199 127
859635731 127
859635749 127
859635752 127
859635754 127
859701291 127
859701292 127
859701293 127
859701294 127
859766793 127
859766796 127
859766798 127
859766807 127
859832325 127
859832330 127
859832347 127
859832348 127
859897865 127
859897867 127
859897868 127
859897870 127
859963392 127
859963393 127
859963407 127
859963418 127
860028944 127
860028945 127
860028947 127
860028958 127
860094464 127
860094482 127
860094501 127
860094507 127
860160044 127
860160045 127
860160046 127
860160047 127
860225544 127
860225553 127
860225566 127
860225575 127
860291079 127
860291112 127
860291117 127
860291118 127
860356617 127
860356618 127
860356619 127
860356624 127
860422145 127
860422147 127
860422162 127
860422168 127
860487680 127
860487687 127
860487690 127
860487705 127
860553224 127
860553230 127
860553233 127
860553247 127
860618768 127
860618769 127
860618778 127
860618783 127
860684288 127
860684291 127
860684294 127
860684297 127
860749829 127
860749856 127
860749859 127
860749870 127
860815376 127
860815379 127
860815381 127
860815398 127
860880918 127
860880920 127
860880923 127
860880937 127
860946451 127
860946465 127
860946466 127
860946468 127
861011974 127
861011977 127
861011979 127
861011980 127
861077510 127
861077515 127
861077544 127
861077545 127
861143057 127
861143072 127
861143074 127
861143087 127
861208578 127
861208584 127
861208585 127
861208591 127
861274112 127
861274114 127
861274127 127
861274129 127
861339652 127
861339654 127
861339655 127
861339657 127
861405186 127
861405188 127
861405201 127
861405215 127
861470720 127
861470723 127
861470737 127
861470742 127
861536276 127
861536294 127
861536295 127
861536297 127
861601803 127
861601806 127
861601808 127
861601809 127
861667338 127
861667341 127
861667355 127
861667368 127
861732865 127
861732866 127
861732875 127
861732892 127
861798413 127
861798414 127
861798415 127
861798432 127
861863940 127
861863943 127
861863958 127
861863973 127
861929476 127
861929482 127
861929485 127
861929499 127
861995013 127
861995028 127
861995031 127
861995034 127
862060549 127
862060550 127
862060552 127
862060563 127
862126102 127
862126105 127
862126107 127
862126116 127
862191616 127
862191617 127
862191619 127
862191638 127
862257163 127
862257181 127
862257184 127
862257190 127
862322689 127
862322699 127
862322704 127
862322706 127
862388229 127
862388231 127
862388232 127
862388246 127
862453764 127
862453765 127
862453767 127
862453770 127
862519322 127
862519324 127
862519327 127
862519333 127
862584866 127
862584869 127
862584875 127
862584876 127
862650387 127
862650396 127
862650401 127
862650410 127
862715909 127
862715914 127
862715944 127
862715947 127
862781457 127
862781478 127
862781484 127
862781487 127
862846993 127
862846996 127
862847007 127
862847014 127
862912515 127
862912517 127
862912520 127
862912558 127
862978050 127
862978051 127
862978064 127
862978065 127
863043597 127
863043606 127
863043611 127
863043612 127
863109154 127
863109159 127
863109161 127
863109164 127
863174667 127
863174680 127
863174693 127
863174698 127
863240192 127
863240205 127
863240206 127
863240215 127
863305737 127
863305748 127
863305751 127
863305766 127
863371265 127
863371274 127
863371275 127
863371280 127
863436808 127
863436834 127
863436841 127
863436843 127
863502336 127
863502351 127
863502354 127
863502373 127
863567878 127
863567880 127
863567881 127
863567895 127
863633416 127
863633437 127
863633439 127
863633442 127
863698946 127
863698965 127
863698968 127
863698975 127
863764485 127
863764488 127
863764510 127
863764523 127
863830018 127
863830033 127
863830036 127
863830059 127
863895554 127
863895555 127
863895556 127
863895573 127
863961093 127
863961096 127
863961099 127
863961126 127
864026652 127
864026669 127
864026670 127
864026671 127
864092168 127
864092178 127
864092185 127
864092187 127
864157700 127
864157707 127
864157710 127
864157717 127
864223250 127
864223251 127
864223257 127
864223260 127
864288778 127
864288783 127
864288796 127
864288801 127
864354307 127
864354314 127
864354316 127
864354321 127
864419849 127
864419883 127
864419884 127
864419886 127
864485377 127
864485390 127
864485392 127
864485399 127
864550930 127
864550932 127
864550933 127
864550959 127
864616471 127
864616478 127
864616488 127
864616493 127
864681990 127
864682009 127
864682011 127
864682012 127
864747523 127
864747541 127
864747550 127
864747552 127
864813075 127
864813085 127
864813086 127
864813088 127
864878601 127
864878612 127
864878614 127
864878615 127
864944136 127
864944143 127
864944146 127
864944157 127
865009664 127
865009669 127
865009691 127
865009694 127
865075204 127
865075213 127
865075218 127
865075223 127
865140737 127
865140738 127
865140740 127
865140743 127
865206279 127
865206305 127
865206310 127
865206316 127
865271812 127
865271817 127
865271819 127
865271834 127
865337351 127
865337352 127
865337354 127
865337373 127
865402889 127
865402890 127
865402892 127
865402907 127
865468434 127
865468435 127
865468437 127
865468440 127
865533953 127
865533960 127
865533971 127
865533974 127
865599497 127
865599500 127
865599518 127
865599519 127
865665024 127
865665033 127
865665042 127
865665047 127
865730573 127
865730592 127
865730595 127
865730602 127
865796099 127
865796102 127
865796104 127
865796125 127
865861633 127
865861634 127
865861635 127
865861648 127
865927168 127
865927170 127
865927179 127
865927193 127
865992704 127
865992730 127
865992733 127
865992739 127
866058247 127
866058248 127
866058249 127
866058254 127
866123787 127
866123796 127
866123798 127
866123801 127
866189321 127
866189324 127
866189327 127
866189358 127
866254866 127
866254867 127
866254877 127
866254884 127
866320384 127
866320395 127
866320398 127
866320401 127
866385936 127
866385957 127
866385958 127
866385959 127
866451461 127
866451462 127
866451467 127
866451468 127
866516998 127
866517008 127
866517021 127
866517035 127
866582549 127
866582550 127
866582571 127
866582572 127
866648078 127
866648096 127
866648101 127
866648107 127
866713603 127
866713624 127
866713637 127
866713638 127
866779137 127
866779147 127
866779150 127
866779152 127
866844691 127
866844697 127
866844700 127
866844714 127
866910227 127
866910228 127
866910230 127
866910249 127
866975748 127
866975751 127
866975761 127
866975782 127
867041288 127
867041290 127
867041295 127
867041305 127
867106820 127
867106829 127
867106830 127
867106847 127
867172355 127
867172364 127
867172365 127
867172398 127
867237894 127
867237913 127
867237927 127
867237928 127
867303428 127
867303453 127
867303455 127
867303458 127
867368967 127
867368986 127
867368989 127
867369004 127
867434510 127
867434513 127
867434515 127
867434516 127
867500064 127
867500065 127
867500066 127
867500067 127
867565583 127
867565586 127
867565596 127
867565601 127
867631105 127
867631107 127
867631126 127
867631140 127
867696651 127
867696653 127
867696684 127
867696686 127
867762190 127
867762203 127
867762208 127
867762213 127
867827713 127
867827716 127
867827726 127
867827747 127
867893253 127
867893256 127
867893279 127
867893290 127
867958801 127
867958810 127
867958815 127
867958816 127
868024323 127
868024344 127
868024345 127
868024362 127
868089867 127
868089884 127
868089886 127
868089901 127
868155404 127
868155405 127
868155415 127
868155418 127
868220929 127
868220930 127
868220932 127
868220939 127
868286465 127
868286476 127
868286486 127
868286495 127
868352005 127
868352008 127
868352010 127
868352011 127
868417536 127
868417565 127
868417567 127
868417582 127
868483086 127
868483089 127
868483103 127
868483108 127
868548615 127
868548626 127
868548632 127
868548649 127
868614150 127
868614153 127
868614183 127
868614188 127
868679695 127
868679708 127
868679709 127
868679710 127
868745226 127
868745228 127
868745251 127
868745253 127
868810774 127
868810776 127
868810777 127
868810795 127
868876293 127
868876304 127
868876319 127
868876322 127
868941854 127
868941860 127
868941869 127
868941871 127
869007365 127
869007366 127
869007368 127
869007407 127
869072897 127
869072912 127
869072931 127
869072934 127
869138435 127
869138453 127
869138454 127
869138464 127
869203980 127
869203985 127
869203986 127
869203995 127
869269528 127
869269530 127
869269531 127
869269545 127
869335040 127
869335041 127
869335043 127
869335046 127
869400593 127
869400595 127
869400596 127
869400622 127
869466114 127
869466116 127
869466117 127
869466123 127
869531650 127
869531652 127
869531661 127
869531663 127
869597193 127
869597210 127
869597219 127
869597224 127
869662725 127
869662734 127
869662752 127
869662763 127
869728269 127
869728275 127
869728282 127
869728288 127
869793804 127
869793805 127
869793814 127
869793815 127
869859328 127
869859335 127
869859338 127
869859341 127
869924874 127
869924884 127
869924889 127
869924895 127
869990405 127
869990406 127
869990436 127
869990443 127
870055956 127
870055958 127
870055971 127
870055977 127
870121475 127
870121485 127
870121494 127
870121496 127
870187030 127
870187033 127
870187035 127
870187052 127
870252553 127
870252555 127
870252556 127
870252582 127
870318080 127
870318081 127
870318095 127
870318102 127
870383620 127
870383642 127
870383651 127
870383661 127
870449161 127
870449162 127
870449168 126
870449171 127
870514689 127
870514699 127
870514706 127
870514716 127
870580229 127
870580234 127
870580240 127
870580251 127
870645782 127
870645785 127
870645787 127
870645788 127
870711311 127
870711316 127
870711326 127
870711329 127
870776840 127
870776845 127
870776850 127
870776855 127
870842387 127
870842388 127
870842389 127
870842390 127
870907905 127
870907911 127
870907918 127
870907932 127
870973445 127
870973455 127
870973468 127
870973474 127
871038983 127
871038986 127
871038992 127
871038997 127
871104524 127
871104538 127
871104545 127
871104555 127
871170064 127
871170083 127
871170085 127
871170086 127
871235601 127
871235602 127
871235604 127
871235627 127
871301124 127
871301126 127
871301135 127
871301137 127
871366674 127
871366681 127
871366688 127
871366695 127
871432203 127
871432204 127
871432210 127
871432213 127
871497729 127
871497743 127
871497750 127
871497752 127
871563284 127
871563293 127
871563298 127
871563307 127
871628814 127
871628825 127
871628828 127
871628847 127
871694348 127
871694358 127
871694369 127
871694383 127
871759886 127
871759892 127
871759897 127
871759899 127
871825410 127
871825440 127
871825441 127
871825455 127
871890957 127
871890970 127
871890972 127
871890979 127
871956486 127
871956499 127
871956505 127
871956520 127
872022022 127
872022023 127
872022025 127
872022060 127
872087570 127
872087571 127
872087576 127
872087577 127
872153114 127
872153116 127
872153119 127
872153125 127
872218628 127
872218633 127
872218639 127
872218642 127
872284171 127
872284176 127
872284181 127
872284194 127
872349726 127
872349729 127
872349731 127
872349736 127
872415253 127
872415262 127
872415271 127
872415276 127
872480785 127
872480787 127
872480802 127
872480808 127
872546310 127
872546315 127
872546324 127
872546349 127
872611841 127
872611842 127
872611856 127
872611867 127
872677378 127
872677379 127
872677385 127
872677392 127
872742913 127
872742916 127
872742919 127
872742922 127
872808462 127
872808464 127
872808481 127
872808483 127
872874000 127
872874013 127
872874014 127
872874015 127
872939520 127
872939523 127
872939537 127
872939554 127
873005057 127
873005066 127
873005072 127
873005091 127
873070594 127
873070596 127
873070597 127
873070611 127
873136134 127
873136137 127
873136148 127
873136171 127
873201677 127
873201680 127
873201682 127
873201703 127
873267206 127
873267227 127
873267236 127
873267245 127
873332736 127
873332741 127
873332747 127
873332750 127
873398276 127
873398302 127
873398309 127
873398311 127
873463819 127
873463822 127
873463844 127
873463849 127
873529346 127
873529347 127
873529348 127
873529349 127
873594881 127
873594882 127
873594887 127
873594900 127
873660424 127
873660427 127
873660437 127
873660442 127
873725956 127
873725958 127
873725967 127
873725969 127
873791490 127
873791492 127
873791493 127
873791519 127
873857024 127
873857041 127
873857051 127
873857054 127
873922573 127
873922594 127
873922599 127
873922600 127
873988097 127
873988104 127
873988114 127
873988119 127
874053633 127
874053648 127
874053655 127
874053662 127
874119169 127
874119179 127
874119180 127
874119182 127
874184704 127
874184722 127
874184723 127
874184725 127
874250256 127
874250261 127
874250275 127
874250282 127
874315776 127
874315778 127
874315781 127
874315807 127
874381324 127
874381327 127
874381342 127
874381345 127
874446853 127
874446856 127
874446858 127
874446867 127
874512391 127
874512405 127
874512406 127
874512420 127
874577921 127
874577923 127
874577936 127
874577946 127
874643456 127
874643467 127
874643470 127
874643497 127
874708998 127
874709012 127
874709021 127
874709035 127
874774542 127
874774553 127
874774559 127
874774564 127
874840080 127
874840083 127
874840090 127
874840101 127
874905607 127
874905610 127
874905612 127
874905625 127
874971150 127
874971151 127
874971152 127
874971169 127
875036679 127
875036681 127
875036684 127
875036702 127
875102222 127
875102240 127
875102247 127
875102253 127
875167753 127
875167756 127
875167758 127
875167775 127
875233283 127
875233294 127
875233304 127
875233305 127
875298825 127
875298830 127
875298831 127
875298840 127
875364360 127
875364362 127
875364387 127
875364389 127
875429889 127
875429890 127
875429892 127
875429903 127
875495432 127
875495435 127
875495442 127
875495465 127
875560966 127
875560989 127
875560996 127
875561003 127
875626499 127
875626502 127
875626505 127
875626540 127
875692045 127
875692046 127
875692048 127
875692051 127
875757581 127
875757582 127
875757600 127
875757615 127
875823104 127
875823109 127
875823122 127
875823135 127
875888641 127
875888648 127
875888654 127
875888655 127
875954194 127
875954200 127
875954203 127
875954205 127
876019725 127
876019726 127
876019727 127
876019756 127
876085249 127
876085250 127
876085251 127
876085268 127
876150795 127
876150804 127
876150813 127
876150814 127
876216340 127
876216342 127
876216343 127
876216357 127
876281856 127
876281861 127
876281862 127
876281863 127
876347408 127
876347422 127
876347425 127
876347427 127
876412943 127
876412954 127
876412957 127
876412960 127
876478473 127
876478476 127
876478491 127
876478494 127
876544012 127
876544035 127
876544037 127
876544046 127
876609559 127
876609560 127
876609573 127
876609574 127
876675087 127
876675104 127
876675106 127
876675109 127
876740616 127
876740617 127
876740623 127
876740654 127
876806158 127
876806163 127
876806169 127
876806172 127
876871691 127
876871694 127
876871696 127
876871697 127
876937228 127
876937230 127
876937245 127
876937263 127
877002768 127
877002782 127
877002789 127
877002795 127
877068288 127
877068291 127
877068305 127
877068306 127
877133824 127
877133834 127
877133837 127
877133859 127
877199366 127
877199368 127
877199385 127
877199395 127
877264898 127
877264908 127
877264915 127
877264925 127
877330433 127
877330452 127
877330467 127
877330470 127
877395972 127
877396005 127
877396007 127
877396010 127
877461511 127
877461514 127
877461525 127
877461532 127
877527059 127
877527061 127
877527064 127
877527070 127
877592579 127
877592586 127
877592593 127
877592616 127
877658114 127
877658116 127
877658131 127
877658157 127
877723650 127
877723655 127
877723660 127
877723669 127
877789185 127
877789206 127
877789207 127
877789212 127
877854744 127
877854747 127
877854758 127
877854765 127
877920258 127
877920269 127
877920271 127
877920276 127
877985796 127
877985809 127
877985811 127
877985814 127
878051337 127
878051344 127
878051351 127
878051366 127
878116868 127
878116878 127
878116891 127
878116893 127
878182404 127
878182423 127
878182425 127
878182430 127
878247936 127
878247943 127
878247945 127
878247974 127
878313478 127
878313496 127
878313497 127
878313515 127
878379021 127
878379030 127
878379039 127
878379048 127
878444556 127
878444562 127
878444571 127
878444581 127
878510087 127
878510106 127
878510121 127
878510124 127
878575619 127
878575633 127
878575636 127
878575638 127
878641189 127
878641190 127
878641192 127
878641199 127
878706696 127
878706698 127
878706711 127
878706713 127
878772235 127
878772260 127
878772269 127
878772270 127
878837779 127
878837789 127
878837798 127
878837800 127
878903297 127
878903319 127
878903336 127
878903338 127
878968838 127
878968841 127
878968863 127
878968872 127
879034371 127
879034374 127
879034376 127
879034393 127
879099911 127
879099926 127
879099928 127
879099933 127
879165447 127
879165453 127
879165458 127
879165460 127
879230991 127
879231004 127
879231009 127
879231022 127
879296512 127
879296515 127
879296533 127
879296542 127
879362051 127
879362065 127
879362066 127
879362068 127
879427584 127
879427586 127
879427587 127
879427597 127
879493130 127
879493133 127
879493144 127
879493147 127
879558657 127
879558683 127
879558696 127
879558702 127
879624197 127
879624202 127
879624204 127
879624227 127
879689737 127
879689739 127
879689740 127
879689766 127
879755281 127
879755284 127
879755291 127
879755298 127
879820812 127
879820829 127
879820842 127
879820847 127
879886352 127
879886355 127
879886358 127
879886369 127
879951888 127
879951890 127
879951891 127
879951905 127
880017412 127
880017413 127
880017422 127
880017431 127
880082946 127
880082949 127
880082963 127
880082968 127
880148491 127
880148496 127
880148509 127
880148526 127
880214024 127
880214035 127
880214038 127
880214041 127
880279552 127
880279565 127
880279582 127
880279587 127
880345101 127
880345106 127
880345115 127
880345124 127
880410627 127
880410644 127
880410645 127
880410646 127
880476193 127
880476194 127
880476195 127
880476200 127
880541697 127
880541703 127
880541718 127
880541736 127
880607239 127
880607244 127
880607265 127
880607266 127
880672795 127
880672808 127
880672813 127
880672814 127
880738304 127
880738309 127
880738310 127
880738347 127
880803860 127
880803863 127
880803874 127
880803885 127
880869380 127
880869386 127
880869401 127
880869407 127
880934939 127
880934944 127
880934949 127
880934950 127
881000461 127
881000487 127
881000488 127
881000494 127
881065984 127
881065994 127
881065995 127
881065997 127
881131525 127
881131548 127
881131558 127
881131559 127
881197088 127
881197089 127
881197091 127
881197094 127
881262594 127
881262597 127
881262600 127
881262603 127
881328161 127
881328162 127
881328167 127
881328168 127
881393665 127
881393682 127
881393684 127
881393711 127
881459214 127
881459217 127
881459232 127
881459247 127
881524740 127
881524749 127
881524754 127
881524763 127
881590291 127
881590300 127
881590301 127
881590314 127
881655817 127
881655818 127
881655820 127
881655847 127
881721350 127
881721353 127
881721364 127
881721383 127
881786886 127
881786893 127
881786900 127
881786903 127
881852423 127
881852440 127
881852445 127
881852454 127
881917977 127
881917979 127
881917980 127
881917990 127
881983491 127
881983493 127
881983494 127
881983520 127
882049030 127
882049037 127
882049040 127
882049071 127
882114586 127
882114588 127
882114601 127
882114603 127
882180107 127
882180108 127
882180114 127
882180117 127
882245639 127
882245656 127
882245665 127
882245670 127
882311188 127
882311201 127
882311207 127
882311214 127
882376704 127
882376711 127
882376722 127
882376725 127
882442251 127
882442261 127
882442262 127
882442264 127
882507787 127
882507797 127
882507798 127
882507812 127
882573318 127
882573325 127
882573332 127
882573335 127
882638858 127
882638861 127
882638872 127
882638879 127
882704396 127
882704414 127
882704427 127
882704429 127
882769928 127
882769929 127
882769939 127
882769954 127
882835458 127
882835464 127
882835479 127
882835497 127
882900999 127
882901025 127
882901032 127
882901038 127
882966528 127
882966547 127
882966561 127
882966570 127
883032073 127
883032076 127
883032086 127
883032087 127
883097607 127
883097624 127
883097633 127
883097642 127
883163140 127
883163151 127
883163166 127
883163177 127
883228687 127
883228712 127
883228713 127
883228714 127
883294218 127
883294223 127
883294229 127
883294236 127
883359751 127
883359752 127
883359761 127
883359786 127
883425280 127
883425305 127
883425306 127
883425315 127
883490818 127
883490828 127
883490831 127
883490833 127
883556371 127
883556374 127
883556376 127
883556377 127
883621888 127
883621893 127
883621899 127
883621906 127
883687427 127
883687429 127
883687442 127
883687452 127
883752962 127
883752963 127
883752964 127
883752981 127
883818504 127
883818538 127
883818541 127
883818543 127
883884054 127
883884060 127
883884065 127
883884079 127
883949569 127
883949578 127
883949612 127
883949615 127
884015111 127
884015130 127
884015132 127
884015133 127
884080646 127
884080649 127
884080672 127
884080679 127
884146180 127
884146199 127
884146202 127
884146205 127
884211716 127
884211721 127
884211726 127
884211735 127
884277268 127
884277270 127
884277271 127
884277273 127
884342785 127
884342791 127
884342796 127
884342798 127
884408353 127
884408356 127
884408358 127
884408363 127
884473859 127
884473861 127
884473886 127
884473896 127
884539397 127
884539411 127
884539414 127
884539428 127
884604935 127
884604941 127
884604962 127
884604972 127
884670466 127
884670471 127
884670472 127
884670505 127
884736011 127
884736016 127
884736021 127
884736030 127
884801536 127
884801567 127
884801569 127
884801570 127
884867091 127
884867105 127
884867114 127
884867116 127
884932616 127
884932627 127
884932641 127
884932642 127
884998168 127
884998178 127
884998179 127
884998185 127
885063699 127
885063706 127
885063708 127
885063713 127
885129231 127
885129233 127
885129238 127
885129252 127
885194770 127
885194785 127
885194788 127
885194795 127
885260314 127
885260317 127
885260319 127
885260324 127
885325826 127
885325831 127
885325861 127
885325864 127
885391376 127
885391377 127
885391379 127
885391382 127
885456907 127
885456909 127
885456930 127
885456932 127
885522452 127
885522455 127
885522457 127
885522462 127
885587972 127
885587990 127
885587993 127
885587999 127
885653517 127
885653519 127
885653524 127
885653538 127
885719051 127
885719068 127
885719074 127
885719081 127
885784590 127
885784596 127
885784601 127
885784615 127
885850119 127
885850133 127
885850138 127
885850148 127
885915648 127
885915655 127
885915662 127
885915665 127
885981197 127
885981204 127
885981206 127
885981211 127
886046753 127
886046756 127
886046763 127
886046766 127
886112268 127
886112270 127
886112277 127
886112295 127
886177793 127
886177804 127
886177818 127
886177839 127
886243335 127
886243360 127
886243365 127
886243370 127
886308865 127
886308899 127
886308904 127
886308906 127
886374400 127
886374414 127
886374421 127
886374435 127
886439945 127
886439956 127
886439963 127
886439970 127
886505479 127
886505493 127
886505516 127
886505518 127
886571012 127
886571026 127
886571039 127
886571053 127
886636550 127
886636551 127
886636556 127
886636561 127
886702088 127
886702102 127
886702105 127
886702107 127
886767641 127
886767646 127
886767647 127
886767648 127
886833165 127
886833180 127
886833190 127
886833199 127
886898691 127
886898694 127
886898720 127
886898725 127
886964251 127
886964258 127
886964260 127
886964265 127
887029775 127
887029785 127
887029802 127
887029804 127
887095296 127
887095315 127
887095318 127
887095329 127
887160845 127
887160866 127
887160868 127
887160879 127
887226374 127
887226412 127
887226413 127
887226415 127
887291904 127
887291906 127
887291937 127
887291947 127
887357458 127
887357475 127
887357477 127
887357484 127
887422982 127
887422989 127
887422991 127
887423004 127
887488530 127
887488531 127
887488541 127
887488552 127
887554080 127
887554083 127
887554086 127
887554093 127
887619590 127
887619599 127
887619601 127
887619604 127
887685137 127
887685147 127
887685148 127
887685162 127
887750674 127
887750681 127
887750688 127
887750699 127
887816213 127
887816218 127
887816231 127
887816232 127
887881736 127
887881746 127
887881755 127
887881757 127
887947266 127
887947272 127
887947277 127
887947283 127
888012803 127
888012817 127
888012822 127
888012832 127
888078351 127
888078353 127
888078356 127
888078370 127
888143878 127
888143883 127
888143885 127
888143892 127
888209422 127
888209428 127
888209429 127
888209435 127
888274948 127
888274969 127
888274974 127
888274975 127
888340481 127
888340491 127
888340506 127
888340512 127
888406044 127
888406050 127
888406061 127
888406063 127
888471587 127
888471593 127
888471594 127
888471596 127
888537094 127
888537100 127
888537117 127
888537119 127
888602640 127
888602650 127
888602661 126
888602671 127
888668164 127
888668169 127
888668182 127
888668187 127
888733698 127
888733700 127
888733707 127
888733725 127
888799235 127
888799242 127
888799260 127
888799273 127
888864769 127
888864790 127
888864792 127
888864795 127
888930311 127
888930328 127
888930337 127
888930346 127
888995840 127
888995858 127
888995881 127
888995883 127
889061382 127
889061392 127
889061407 127
889061421 127
889126939 127
889126945 127
889126954 127
889126956 127
889192449 127
889192463 127
889192464 127
889192466 127
889257992 127
889257997 127
889258030 127
889258031 127
889323543 127
889323544 127
889323546 127
889323553 127
889389089 127
889389098 127
889389099 127
889389100 127
889454613 127
889454615 127
889454626 127
889454628 127
889520129 127
889520166 127
889520168 127
889520171 127
889585676 127
889585677 127
889585699 127
889585702 127
889651201 127
889651218 127
889651223 127
889651236 127
889716771 127
889716776 127
889716781 127
889716782 127
889782274 127
889782289 127
889782312 127
889782319 127
889847829 127
889847839 127
889847846 127
889847852 127
889913345 127
889913350 127
889913351 127
889913380 127
889978886 127
889978909 127
889978916 127
889978919 127
890044423 127
890044440 127
890044446 127
890044461 127
890109970 127
890109979 127
890109988 127
890109993 127
890175514 127
890175521 127
890175523 127
890175528 127
890241028 127
890241057 127
890241059 127
890241062 127
890306592 127
890306599 127
890306601 127
890306602 127
890372130 127
890372135 127
890372137 127
890372140 127
890437646 127
890437648 127
890437669 127
890437675 127
890503184 127
890503189 127
890503191 127
890503202 127
890568721 127
890568730 127
890568731 127
890568736 127
890634240 127
890634241 127
890634271 127
890634286 127
890699804 127
890699814 127
890699821 127
890699823 127
890765329 127
890765332 127
890765342 127
890765355 127
890830867 127
890830868 127
890830874 127
890830881 127
890896386 127
890896392 127
890896393 127
890896399 127
890961926 127
890961928 127
890961945 127
890961947 127
891027468 127
891027491 127
891027493 127
891027502 127
891093017 127
891093026 127
891093031 127
891093036 127
891158529 127
891158546 127
891158548 127
891158555 127
891224077 127
891224088 127
891224094 127
891224095 127
891289602 127
891289628 127
891289639 127
891289641 127
891355151 127
891355154 127
891355172 127
891355173 127
891420698 127
891420704 127
891420711 127
891420713 127
891486213 127
891486231 127
891486232 127
891486250 127
891551750 127
891551769 127
891551779 127
891551780 127
891617286 127
891617291 127
891617293 127
891617300 127
891682821 127
891682846 127
891682848 127
891682851 127
891748359 127
891748373 127
891748378 127
891748380 127
891813896 127
891813897 127
891813914 127
891813919 127
891879429 127
891879438 127
891879443 127
891879464 127
891944965 127
891944986 127
891945000 127
891945003 127
892010513 127
892010516 127
892010538 127
892010543 127
892076044 127
892076053 127
892076055 127
892076074 127
892141571 127
892141574 127
892141592 127
892141593 127
892207114 127
892207116 127
892207145 127
892207151 127
892272641 127
892272646 127
892272652 127
892272667 127
892338186 127
892338205 127
892338212 127
892338215 127
892403713 127
892403715 127
892403732 127
892403746 127
892469250 127
892469263 127
892469280 127
892469293 127
892534792 127
892534793 127
892534794 127
892534795 127
892600324 127
892600330 127
892600343 127
892600349 127
892665858 127
892665861 127
892665867 127
892665900 127
892731404 127
892731406 127
892731415 127
892731417 127
892796943 127
892796950 127
892796953 127
892796956 127
892862496 127
892862498 127
892862499 127
892862505 127
892928020 127
892928023 127
892928042 127
892928045 127
892993558 127
892993560 127
892993563 127
892993581 127
893059076 127
893059078 127
893059085 127
893059111 127
893124624 127
893124626 127
893124639 127
893124645 127
893190151 127
893190152 127
893190170 127
893190173 127
893255684 127
893255694 127
893255701 127
893255711 127
893321218 127
893321220 127
893321223 127
893321241 127
893386767 127
893386788 127
893386793 127
893386798 127
893452296 127
893452310 127
893452333 127
893452335 127
893517834 127
893517841 127
893517848 127
893517855 127
893583373 127
893583375 127
893583396 127
893583402 127
893648905 127
893648907 127
893648920 127
893648922 127
893714452 127
893714467 127
893714469 127
893714470 127
893779975 127
893779997 127
893780000 127
893780002 127
893845513 127
893845527 127
893845534 127
893845536 127
893911047 127
893911061 127
893911062 127
893911080 127
893976599 127
893976604 127
893976609 127
893976614 127
894042112 127
894042121 127
894042126 127
894042139 127
894107659 127
894107669 127
894107676 127
894107686 127
894173196 127
894173199 127
894173210 127
894173229 127
894238724 127
894238742 127
894238743 127
894238761 127
894304258 127
894304277 127
894304291 127
894304296 127
894369797 127
894369811 127
894369820 127
894369826 127
894435333 127
894435335 127
894435344 127
894435354 127
894500867 127
894500881 127
894500884 127
894500886 127
894566402 127
894566404 127
894566411 127
894566425 127
894631940 127
894631943 127
894631946 127
894631957 127
894697473 127
894697491 127
894697510 127
894697512 127
894763011 127
894763041 127
894763044 127
894763046 127
894828556 127
894828570 127
894828573 127
894828591 127
894894085 127
894894088 127
894894094 127
894894115 127
894959625 127
894959628 127
894959659 127
894959662 127
895025153 127
895025156 127
895025186 127
895025195 127
895090691 127
895090716 127
895090721 127
895090730 127
895156237 127
895156239 127
895156242 127
895156244 127
895221760 127
895221786 127
895221793 127
895221795 127
895287306 127
895287317 127
895287327 127
895287336 127
895352836 127
895352847 127
895352849 127
895352858 127
895418399 127
895418404 127
895418409 127
895418410 127
895483935 127
895483942 127
895483948 127
895483949 127
895549445 127
895549454 127
895549459 127
895549480 127
895614991 127
895614997 127
895615016 127
895615018 127
895680534 127
895680552 127
895680557 127
895680559 127
895746054 127
895746061 127
895746075 127
895746088 127
895811590 127
895811609 127
895811612 127
895811619 127
895877130 127
895877132 127
895877133 127
895877155 127
895942662 127
895942665 127
895942679 127
895942700 127
896008193 127
896008195 127
896008196 127
896008210 127
896073742 127
896073747 127
896073749 127
896073760 127
896139277 127
896139282 127
896139287 127
896139292 127
896204809 127
896204811 127
896204824 127
896204838 127
896270336 127
896270337 127
896270339 127
896270346 127
896335886 127
896335900 127
896335915 127
896335917 127
896401408 127
896401413 127
896401427 127
896401434 127
896466962 127
896466964 127
896466973 127
896466975 127
896532480 127
896532483 127
896532485 127
896532506 127
896598018 127
896598028 127
896598037 127
896598051 127
896663557 127
896663571 127
896663584 127
896663598 127
896729103 127
896729104 127
896729117 127
896729118 127
896794624 127
896794630 127
896794633 127
896794647 127
896860167 127
896860168 127
896860173 127
896860174 127
896925718 127
896925724 127
896925741 127
896925743 127
896991248 127
896991257 127
896991263 127
896991278 127
897056783 127
897056798 127
897056804 127
897056809 127
897122314 127
897122317 127
897122336 127
897122347 127
897187863 127
897187866 127
897187880 127
897187881 127
897253388 127
897253390 127
897253397 127
897253403 127
897318924 127
897318931 127
897318942 127
897318949 127
897384453 127
897384456 127
897384462 127
897384487 127
897449993 127
897449996 127
897450011 127
897450018 127
897515522 127
897515543 127
897515556 127
897515565 127
897581060 127
897581075 127
897581077 127
897581086 127
897646611 127
897646617 127
897646620 127
897646622 127
897712164 127
897712166 127
897712169 127
897712175 127
897777681 127
897777683 127
897777698 127
897777700 127
897843215 127
897843217 127
897843220 127
897843238 127
897908744 127
897908746 127
897908751 127
897908773 127
897974273 127
897974274 127
897974275 127
897974304 127
898039809 127
898039812 127
898039818 127
898039839 127
898105347 127
898105353 127
898105358 127
898105372 127
898170899 127
898170904 127
898170906 127
898170913 127
898236433 127
898236436 127
898236439 127
898236458 127
898301953 127
898301955 127
898301956 127
898301986 127
898367505 127
898367520 127
898367522 127
898367523 127
898433026 127
898433040 127
898433069 127
898433071 127
898498561 127
898498576 127
898498578 127
898498603 127
898564103 127
898564122 127
898564125 127
898564136 127
898629646 127
898629660 127
898629661 127
898629675 127
898695178 127
898695181 127
898695200 127
898695207 127
898760707 127
898760710 127
898760720 127
898760745 127
898826240 127
898826257 127
898826258 127
898826287 127
898891776 127
898891778 127
898891781 127
898891799 127
898957312 127
898957319 127
898957326 127
898957333 127
899022871 127
899022878 127
899022880 127
899022881 127
899088384 127
899088401 127
899088410 127
899088423 127
899153938 127
899153941 127
899153951 127
899153952 127
899219462 127
899219464 127
899219467 127
899219481 127
899284998 127
899285000 127
899285017 127
899285031 127
899350529 127
899350532 127
899350534 127
899350535 127
899416081 127
899416084 127
899416091 127
899416106 127
899481610 127
899481616 127
899481633 127
899481643 127
899547157 127
899547163 127
899547166 127
899547180 127
899612677 127
899612687 127
899612700 127
899612718 127
899678228 127
899678231 127
899678245 127
899678250 127
899743773 127
899743778 127
899743779 127
899743780 127
899809280 127
899809285 127
899809290 127
899809303 127
899874825 127
899874850 127
899874852 127
899874863 127
899940352 127
899940354 127
899940381 127
899940395 127
900005910 127
900005912 127
900005917 127
900005927 127
900071425 127
900071430 127
900071432 127
900071447 127
900136964 127
900136979 127
900136997 127
900137006 127
900202515 127
900202524 127
900202530 127
900202533 127
900268041 127
900268044 127
900268067 127
900268078 127
900333579 127
900333594 127
900333596 127
900333601 127
900399120 127
900399127 127
900399134 127
900399145 127
900464660 127
900464681 127
900464682 127
900464683 127
900530178 127
900530187 127
900530204 127
900530213 127
900595723 127
900595738 127
900595740 127
900595753 127
900661263 127
900661277 127
900661292 127
900661294 127
900726786 127
900726807 127
900726820 127
900726829 127
900792322 127
900792324 127
900792325 127
900792347 127
900857859 127
900857865 127
900857900 127
900857902 127
900923394 127
900923416 127
900923423 127
900923437 127
900988934 127
900988936 127
900988941 127
900988943 127
901054472 127
901054495 127
901054502 127
901054505 127
901120029 127
901120031 127
901120032 127
901120046 127
901185552 127
901185553 127
901185562 127
901185571 127
901251090 127
901251092 127
901251095 127
901251109 127
901316619 127
901316637 127
901316642 127
901316648 127
901382148 127
901382169 127
901382175 127
901382178 127
901447685 127
901447694 127
901447703 127
901447720 127
901513218 127
901513219 127
901513225 127
901513228 127
901578761 127
901578766 127
901578779 127
901578784 127
901644304 127
901644315 127
901644317 127
901644322 127
901709830 127
901709833 127
901709863 127
901709864 127
901775376 127
901775379 127
901775389 127
901775390 127
901840913 127
901840923 127
901840926 127
901840932 127
901906439 127
901906448 127
901906462 127
901906469 127
901971972 127
901971977 127
901972006 127
901972015 127
902037518 127
902037519 127
902037524 127
902037525 127
902103059 127
902103073 127
902103074 127
902103076 127
902168593 127
902168604 127
902168611 127
902168614 127
902234125 127
902234131 127
902234142 127
902234156 127
902299667 127
902299673 127
902299680 127
902299690 127
902365185 127
902365211 127
902365222 127
902365224 127
902430730 127
902430744 127
902430745 127
902430763 127
902496271 127
902496288 127
902496293 127
902496298 127
902561798 127
902561799 127
902561812 127
902561817 127
902627330 127
902627359 127
902627364 127
902627369 127
902692864 127
902692889 127
902692902 127
902692911 127
902758417 127
902758420 127
902758431 127
902758434 127
902823953 127
902823980 127
902823982 127
902823983 127
902889479 127
902889482 127
902889493 127
902889496 127
902955008 127
902955043 127
902955049 127
902955050 127
903020565 127
903020568 127
903020571 127
903020582 127
903086081 127
903086102 127
903086120 127
903086127 127
903151616 127
903151619 127
903151626 127
903151637 127
903217170 127
903217173 127
903217180 127
903217191 127
903282693 127
903282712 127
903282715 127
903282726 127
903348248 127
903348250 127
903348251 127
903348265 127
903413780 127
903413781 127
903413786 127
903413807 127
903479311 127
903479330 127
903479332 127
903479333 127
903544856 127
903544877 127
903544878 127
903544879 127
903610373 127
903610391 127
903610392 127
903610414 127
903675907 127
903675920 127
903675926 127
903675929 127
903741445 127
903741448 127
903741470 127
903741479 127
903806979 127
903806990 127
903807012 127
903807013 127
903872513 127
903872534 127
903872548 127
903872551 127
903938055 127
903938069 127
903938088 127
903938090 127
904003586 127
904003600 127
904003603 127
904003609 127
904069156 127
904069159 127
904069161 127
904069166 127
904134664 127
904134674 127
904134681 127
904134687 127
904200202 127
904200205 127
904200223 127
904200236 127
904265742 127
904265743 127
904265753 127
904265768 127
904331266 127
904331273 127
904331279 127
904331308 127
904396805 127
904396812 127
904396835 127
904396846 127
904462362 127
904462368 127
904462373 127
904462375 127
904527889 127
904527902 127
904527904 127
904527911 127
904593409 127
904593423 127
904593426 127
904593444 127
904658944 127
904658969 127
904658979 127
904658986 127
904724480 127
904724482 127
904724487 127
904724505 127
904790019 127
904790028 127
904790042 127
904790049 127
904855561 127
904855580 127
904855583 127
904855594 127
904921090 127
904921099 127
904921104 127
904921133 127
904986634 127
904986635 127
904986636 127
904986637 127
905052184 127
905052197 127
905052202 127
905052207 127
905117725 127
905117727 127
905117738 127
905117740 127
905183234 127
905183255 127
905183269 127
905183276 127
905248770 127
905248771 127
905248772 127
905248785 127
905314328 127
905314335 127
905314337 127
905314346 127
905379850 127
905379853 127
905379871 127
905379884 127
905445384 127
905445399 127
905445402 127
905445413 127
905510926 127
905510947 127
905510948 127
905510953 127
905576459 127
905576461 127
905576480 127
905576486 127
905641991 127
905641996 127
905642013 127
905642026 127
905707532 127
905707551 127
905707565 127
905707566 127
905773074 127
905773077 127
905773084 127
905773103 127
905838617 127
905838622 127
905838628 127
905838631 127
905904136 127
905904149 127
905904166 127
905904171 127
905969683 127
905969690 127
905969692 127
905969693 127
906035230 127
906035236 127
906035241 127
906035243 127
906100752 127
906100761 127
906100778 127
906100779 127
906166275 127
906166296 127
906166313 127
906166318 127
906231826 127
906231835 127
906231840 127
906231845 127
906297361 127
906297362 127
906297380 127
906297391 127
906362881 127
906362884 127
906362894 127
906362923 127
906428426 127
906428431 127
906428440 127
906428457 127
906493952 127
906493954 127
906493973 127
906493995 127
906559500 127
906559514 127
906559521 127
906559523 127
906625026 127
906625036 127
906625055 127
906625057 127
906690584 127
906690586 127
906690605 126
906690607 127
906756105 127
906756132 127
906756138 127
906756143 127
906821648 127
906821661 127
906821662 127
906821671 127
906887203 127
906887204 127
906887205 127
906887210 127
906952704 127
906952709 127
906952711 127
906952730 127
907018248 127
907018261 127
907018275 127
907018282 127
907083794 127
907083805 127
907083807 127
907083808 127
907149324 127
907149326 127
907149335 127
907149357 127
907214856 127
907214859 127
907214870 127
907214873 127
907280384 127
907280385 127
907280399 127
907280426 127
907345924 127
907345927 127
907345929 127
907345954 127
907411471 127
907411472 127
907411473 127
907411502 127
907477006 127
907477011 127
907477024 127
907477025 127
907542550 127
907542564 127
907542571 127
907542573 127
907608064 127
907608067 127
907608070 127
907608073 127
907673615 127
907673626 127
907673632 127
907673641 127
907739144 127
907739155 127
907739158 127
907739177 127
907804686 127
907804707 127
907804709 127
907804712 127
907870209 127
907870210 127
907870211 127
907870216 127
907935762 127
907935768 127
907935773 127
907935775 127
908001304 127
908001313 127
908001315 127
908001322 127
908066820 127
908066825 127
908066826 127
908066839 127
908132352 127
908132370 127
908132373 127
908132375 127
908197888 127
908197899 127
908197905 127
908197914 127
908263427 127
908263454 127
908263464 127
908263469 127
908328979 127
908328984 127
908328993 127
908329002 127
908394513 127
908394523 127
908394526 127
908394540 127
908460059 127
908460062 127
908460068 127
908460069 127
908525604 127
908525606 127
908525613 127
908525615 127
908591110 127
908591124 127
908591125 127
908591127 127
908656656 127
908656667 127
908656678 127
908656681 127
908722179 127
908722198 127
908722212 127
908722213 127
908787719 127
908787730 127
908787736 127
908787741 127
908853260 127
908853281 127
908853294 127
908853295 127
908918802 127
908918804 127
908918809 127
908918823 127
908984359 127
908984361 127
908984364 127
908984366 127
909049867 127
909049869 127
909049892 127
909049894 127
909115410 127
909115413 127
909115416 127
909115423 127
909180937 127
909180938 127
909180940 127
909180959 127
909246475 127
909246477 127
909246496 127
909246510 127
909312024 127
909312027 127
909312029 127
909312046 127
909377541 127
909377546 127
909377572 127
909377583 127
909443103 127
909443109 127
909443110 127
909443112 127
909508616 127
909508626 127
909508639 127
909508653 127
909574157 127
909574166 127
909574180 127
909574187 127
909639690 127
909639704 127
909639705 127
909639719 127
909705231 127
909705234 127
909705249 127
909705252 127
909770759 127
909770761 127
909770780 127
909770782 127
909836294 127
909836297 127
909836308 127
909836327 127
909901832 127
909901865 127
909901866 127
909901867 127
909967360 127
909967363 127
909967365 127
909967398 127
910032905 127
910032924 127
910032927 127
910032938 127
910098442 127
910098449 127
910098456 127
910098471 127
910163971 127
910164002 127
910164008 127
910164013 127
910229511 127
910229512 127
910229518 127
910229525 127
910295042 127
910295068 127
910295069 127
910295087 127
910360581 127
910360591 127
910360594 127
910360596 127
910426120 127
910426129 127
910426134 127
910426147 127
910491649 127
910491663 127
910491678 127
910491680 127
910557224 127
910557225 127
910557230 127
910557231 127
910622742 127
910622744 127
910622757 127
910622763 127
910688272 127
910688277 127
910688279 127
910688302 127
910753802 127
910753804 127
910753821 127
910753839 127
910819331 127
910819345 127
910819352 127
910819370 127
910884873 127
910884898 127
910884900 127
910884903 127
910950415 127
910950433 127
910950440 127
910950446 127
911015944 127
911015945 127
911015966 127
911015967 127
911081501 127
911081507 127
911081510 127
911081512 127
911147024 127
911147041 127
911147046 127
911147051 127
911212551 127
911212572 127
911212574 127
911212577 127
911278104 127
911278114 127
911278123 127
911278125 127
911343639 127
911343656 127
911343658 127
911343661 127
911409160 127
911409161 127
911409162 127
911409191 127
911474703 127
911474716 127
911474717 127
911474726 127
911540227 127
911540230 127
911540253 127
911540264 127
911605776 127
911605783 127
911605797 127
911605798 127
911671329 127
911671330 127
911671336 127
911671339 127
911736849 127
911736867 127
911736868 127
911736870 127
911802388 127
911802389 127
911802390 127
911802391 127
911867930 127
911867943 127
911867944 127
911867945 127
911933446 127
911933453 127
911933455 127
911933456 127
911998987 127
911998988 127
911998998 127
911999009 127
912064519 127
912064533 127
912064538 127
912064556 127
912130080 127
912130085 127
912130094 127
912130095 127
912195587 127
912195596 127
912195601 127
912195630 127
912261123 127
912261137 127
912261140 127
912261142 127
912326661 127
912326691 127
912326692 127
912326702 127
912392193 127
912392194 127
912392208 127
912392231 127
912457732 127
912457733 127
912457762 127
912457771 127
912523264 127
912523266 127
912523281 127
912523303 127
912588840 127
912588841 127
912588843 127
912588846 127
912654358 127
912654376 127
912654381 127
912654383 127
912719889 127
912719896 127
912719898 127
912719899 127
912785414 127
912785440 127
912785449 127
912785455 127
912850952 127
912850957 127
912850987 127
912850990 127
912916482 127
912916491 127
912916496 127
912916497 127
912982016 127
912982018 127
912982019 127
912982057 127
913047586 127
913047591 127
913047593 127
913047596 127
913113093 127
913113107 127
913113110 127
913113116 127
913178636 127
913178667 127
913178669 127
913178670 127
913244187 127
913244196 127
913244197 127
913244198 127
913309702 127
913309728 127
913309729 127
913309735 127
913375236 127
913375250 127
913375273 127
913375279 127
913440773 127
913440812 127
913440814 127
913440815 127
913506308 127
913506330 127
913506335 127
913506341 127
913571842 127
913571876 127
913571885 127
913571887 127
913637377 127
913637395 127
913637416 127
913637418 127
913702919 127
913702937 127
913702938 127
913702940 127
913768464 127
913768485 127
913768487 127
913768494 127
913833994 127
913833996 127
913834009 127
913834023 127
913899532 127
913899546 127
913899555 127
913899557 127
913965059 127
913965094 127
913965097 127
913965100 127
914030597 127
914030607 127
914030610 127
914030624 127
914096130 127
914096140 127
914096141 127
914096171 127
914161704 127
914161709 127
914161710 127
914161711 127
914227203 127
914227205 127
914227210 127
914227244 127
914292740 127
914292746 127
914292755 127
914292757 127
914358283 127
914358285 127
914358306 127
914358312 127
914423829 127
914423843 127
914423848 127
914423850 127
914489377 127
914489379 127
914489386 127
914489388 127
914554906 127
914554909 127
914554919 127
914554924 127
914620448 127
914620454 127
914620459 127
914620461 127
914685960 127
914685981 127
914685987 127
914685994 127
914751494 127
914751531 127
914751532 127
914751533 127
914817024 127
914817034 127
914817045 127
914817067 127
914882565 127
914882592 127
914882598 127
914882603 127
914948100 127
914948102 127
914948135 127
914948137 127
915013634 127
915013637 127
915013656 127
915013675 127
915079198 127
915079201 127
915079208 127
915079215 127
915144705 127
915144708 127
915144711 127
915144734 127
915210282 127
915210283 127
915210284 127
915210285 127
915275788 127
915275811 127
915275818 127
915275821 127
915341353 127
915341355 127
915341356 127
915341358 127
915406880 127
915406887 127
915406893 127
915406894 127
915472409 127
915472420 127
915472422 127
915472427 127
915537932 127
915537937 127
915537943 127
915537966 127
915603470 127
915603472 127
915603493 127
915603495 127
915669005 127
915669019 127
915669020 127
915669022 127
915734548 127
915734567 127
915734569 127
915734574 127
915800066 127
915800068 127
915800097 127
915800103 127
915865610 127
915865615 127
915865625 127
915865632 127
915931150 127
915931165 127
915931167 127
915931168 127
915996675 127
915996688 127
915996693 127
915996718 127
916062231 127
916062244 127
916062253 127
916062254 127
916127755 127
916127768 127
916127777 127
916127782 127
916193287 127
916193290 127
916193309 127
916193320 127
916258848 127
916258849 127
916258854 127
916258855 127
916324355 127
916324385 127
916324388 127
916324398 127
916389896 127
916389911 127
916389914 127
916389933 127
916455424 127
916455438 127
916455451 127
916455461 127
916520963 127
916520977 127
916520990 127
916521000 127
916586516 127
916586535 127
916586537 127
916586542 127
916652033 127
916652043 127
916652048 127
916652050 127
916717598 127
916717607 127
916717609 127
916717612 127
916783104 127
916783114 127
916783115 127
916783137 127
916848640 127
916848642 127
916848647 127
916848661 127
916914188 127
916914190 127
916914207 127
916914221 127
916979713 127
916979716 127
916979723 127
916979734 127
917045248 127
917045267 127
917045290 127
917045293 127
917110809 127
917110812 127
917110814 127
917110815 127
917176338 127
917176340 127
917176343 127
917176349 127
917241862 127
917241883 127
917241892 127
917241897 127
917307402 127
917307417 127
917307419 127
917307428 127
917372930 127
917372931 127
917372933 127
917372936 127
917438468 127
917438470 127
917438489 127
917438491 127
917504001 127
917504032 127
917504038 127
917504039 127
917569564 127
917569574 127
917569577 127
917569579 127
917635109 127
917635112 127
917635115 127
917635118 127
917700620 127
917700641 127
917700643 127
917700646 127
917766178 127
917766183 127
917766188 127
917766189 127
917831697 127
917831702 127
917831712 127
917831715 127
917897244 127
917897246 127
917897249 127
917897263 127
917962756 127
917962786 127
917962789 127
917962791 127
918028299 127
918028308 127
918028313 127
918028334 127
918093839 127
918093840 127
918093858 127
918093869 127
918159368 127
918159369 127
918159378 127
918159383 127
918224924 127
918224934 127
918224935 127
918224941 127
918290455 127
918290458 127
918290460 127
918290469 127
918356002 127
918356004 127
918356011 127
918356013 127
918421532 127
918421539 127
918421541 127
918421542 127
918487063 127
918487069 127
918487070 127
918487076 127
918552580 127
918552582 127
918552583 127
918552585 127
918618144 127
918618147 127
918618157 127
918618158 127
918683653 127
918683667 127
918683670 127
918683692 127
918749185 127
918749200 127
918749218 127
918749231 127
918814731 127
918814754 127
918814756 127
918814761 127
918880264 127
918880265 127
918880283 127
918880298 127
918945832 127
918945837 127
918945838 127
918945839 127
919011357 127
919011358 127
919011359 127
919011360 127
919076890 127
919076893 127
919076907 127
919076908 127
919142419 127
919142421 127
919142434 127
919142436 127
919207939 127
919207948 127
919207966 127
919207977 127
919273491 127
919273505 127
919273514 127
919273516 127
919339038 127
919339040 127
919339041 127
919339055 127
919404573 127
919404576 127
919404578 127
919404591 127
919470089 127
919470103 127
919470122 127
919470124 127
919535618 127
919535656 127
919535657 127
919535663 127
919601162 127
919601163 127
919601165 127
919601176 127
919666689 127
919666692 127
919666707 127
919666722 127
919732229 127
919732252 127
919732266 127
919732267 127
919797764 127
919797790 127
919797801 127
919797803 127
919863298 127
919863303 127
919863320 127
919863333 127
919928832 127
919928871 127
919928873 127
919928874 127
919994402 127
919994407 127
919994409 127
919994412 127
920059909 127
920059928 127
920059930 127
920059951 127
920125443 127
920125484 127
920125485 127
920125486 127
920191002 127
920191020 127
920191021 127
920191023 127
920256532 127
920256535 127
920256549 127
920256558 127
920322049 127
920322090 127
920322092 127
920322095 127
920387603 127
920387610 127
920387624 127
920387629 127
920453143 127
920453153 127
920453162 127
920453164 127
920518659 127
920518665 127
920518666 127
920518668 127
920584208 127
920584217 127
920584231 127
920584238 127
920649730 127
920649753 127
920649755 127
920649772 127
920715278 127
920715293 127
920715308 127
920715311 127
920780800 127
920780835 127
920780837 127
920780842 127
920846370 127
920846380 127
920846381 127
920846383 127
920911885 127
920911888 127
920911899 127
920911902 127
920977409 127
920977423 127
920977426 127
920977432 127
921042953 127
921042954 127
921042955 127
921042976 127
921108486 127
921108500 127
921108509 127
921108527 127
921174033 127
921174035 127
921174036 127
921174038 127
921239565 127
921239583 127
921239584 127
921239594 127
921305090 127
921305093 127
921305107 127
921305120 127
921370625 127
921370630 127
921370639 127
921370660 127
921436188 127
921436193 127
921436206 127
921436207 127
921501711 127
921501720 127
921501729 127
921501730 127
921567258 127
921567267 127
921567276 127
921567277 127
921632772 127
921632774 127
921632799 127
921632805 127
921698307 127
921698337 127
921698342 127
921698348 127
921763879 127
921763881 127
921763884 127
921763886 127
921829406 127
921829411 127
921829412 127
921829421 127
921894919 127
921894924 127
921894954 127
921894957 127
921960448 127
921960461 127
921960471 127
921960478 127
922025986 127
922026021 127
922026023 127
922026024 127
922091548 127
922091550 127
922091557 127
922091567 127
922157082 127
922157100 127
922157101 127
922157103 127
922222596 127
922222602 127
922222605 127
922222607 127
922288128 127
922288143 127
922288149 127
922288166 127
922353664 127
922353669 127
922353674 127
922353695 127
922419234 127
922419239 127
922419241 127
922419244 127
922484739 127
922484744 127
922484757 127
922484758 127
922550293 127
922550296 127
922550310 127
922550319 127
922615822 127
922615832 127
922615837 127
922615851 127
922681365 127
922681368 127
922681379 127
922681386 127
922746889 127
922746902 127
922746904 127
922746919 127
922812417 127
922812419 127
922812432 127
922812446 127
922877965 127
922877974 127
922877979 127
922877992 127
922943493 127
922943494 127
922943499 127
922943504 127
923009051 127
923009058 127
923009060 127
923009069 127
923074573 127
923074575 127
923074580 127
923074606 127
923140102 127
923140120 127
923140125 127
923140139 127
923205659 127
923205673 127
923205676 127
923205678 127
923271169 127
923271172 127
923271174 127
923271175 127
923336724 127
923336729 127
923336743 127
923336750 127
923402264 127
923402269 127
923402278 127
923402279 127
923467777 127
923467808 127
923467822 127
923467823 127
923533324 127
923533342 127
923533343 127
923533345 127
923598852 127
923598853 127
923598854 127
923598871 127
923664411 127
923664414 127
923664416 127
923664425 127
923729930 127
923729931 127
923729944 127
923729945 127
923795463 127
923795485 127
923795498 127
923795500 127
923861023 127
923861026 127
923861036 127
923861037 127
923926537 127
923926551 127
923926554 127
923926572 127
923992073 127
923992076 127
923992078 127
923992087 127
924057609 127
924057611 127
924057612 127
924057614 127
924123141 127
924123146 127
924123163 127
924123164 127
924188672 127
924188673 127
924188687 127
924188698 127
924254221 127
924254223 127
924254226 127
924254244 127
924319744 127
924319763 127
924319782 127
924319785 127
924385280 127
924385294 127
924385297 127
924385315 127
924450825 127
924450826 127
924450827 127
924450832 127
924516360 127
924516366 127
924516369 127
924516383 127
924581909 127
924581926 127
924581928 127
924581935 127
924647440 127
924647441 127
924647443 127
924647454 127
924712968 127
924712977 127
924712990 127
924712999 127
924778509 127
924778512 127
924778527 127
924778530 127
924844032 127
924844035 127
924844038 127
924844041 126
924909569 127
924909571 127
924909584 127
924909606 127
924975120 127
924975121 127
924975130 127
924975135 127
925040640 127
925040647 127
925040650 127
925040665 127
925106176 127
925106194 127
925106213 127
925106219 127
925171735 127
925171740 127
925171749 127
925171754 127
925237275 127
925237280 127
925237282 127
925237285 127
925302792 127
925302818 127
925302819 127
925302821 127
925368338 127
925368339 127
925368341 127
925368344 127
925433859 127
925433882 127
925433896 127
925433901 127
925499427 127
925499434 127
925499436 127
925499437 127
925564935 127
925564938 127
925564957 127
925564972 127
925630505 127
925630507 127
925630508 127
925630510 127
925696017 127
925696032 127
925696034 127
925696047 127
925761555 127
925761569 127
925761570 127
925761572 127
925827090 127
925827096 127
925827109 127
925827111 127
925892608 127
925892622 127
925892643 127
925892645 127
925958150 127
925958153 127
925958155 127
925958156 127
926023691 127
926023694 127
926023696 127
926023697 127
926089238 127
926089240 127
926089243 127
926089257 127
926154754 127
926154760 127
926154761 127
926154767 127
926220293 127
926220316 127
926220326 127
926220335 127
926285824 127
926285827 127
926285841 127
926285846 127
926351370 127
926351373 127
926351387 127
926351400 127
926416900 127
926416902 127
926416903 127
926416905 127
926482437 127
926482466 127
926482475 127
926482476 127
926547972 127
926547975 127
926547990 127
926548005 127
926613524 127
926613542 127
926613543 127
926613545 127
926679045 127
926679046 127
926679048 127
926679059 127
926744578 127
926744580 127
926744593 127
926744607 127
926810120 127
926810125 127
926810150 127
926810151 127
926875652 127
926875658 127
926875661 127
926875675 127
926941192 127
926941194 127
926941213 127
926941227 127
927006733 127
927006734 127
927006735 127
927006752 127
927072256 127
927072258 127
927072271 127
927072273 127
927137793 127
927137794 127
927137803 127
927137820 127
927203333 127
927203348 127
927203351 127
927203354 127
927268895 127
927268898 127
927268901 127
927268904 127
927334411 127
927334429 127
927334432 127
927334438 127
927399944 127
927399978 127
927399979 127
927399981 127
927465473 127
927465483 127
927465488 127
927465490 127
927531030 127
927531033 127
927531035 127
927531044 127
927596570 127
927596572 127
927596575 127
927596581 127
927662107 127
927662117 127
927662122 127
927662124 127
927727650 127
927727653 127
927727659 127
927727660 127
927793155 127
927793157 127
927793160 127
927793198 127
927858693 127
927858695 127
927858696 127
927858710 127
927924238 127
927924259 127
927924268 127
927924269 127
927989764 127
927989765 127
927989767 127
927989770 127
928055296 127
928055297 127
928055299 127
928055318 127
928120843 127
928120856 127
928120869 127
928120874 127
928186387 127
928186396 127
928186401 127
928186410 127
928251917 127
928251926 127
928251931 127
928251932 127
928317440 127
928317453 127
928317454 127
928317463 127
928382978 127
928382979 127
928382992 127
928382993 127
928448534 127
928448544 127
928448553 127
928448559 127
928514057 127
928514076 127
928514087 127
928514090 127
928579601 127
928579604 127
928579615 127
928579622 127
928645120 127
928645135 127
928645138 127
928645157 127
928710665 127
928710676 127
928710679 127
928710694 127
928776202 127
928776229 127
928776232 127
928776235 127
928841730 127
928841731 127
928841732 127
928841749 127
928907283 127
928907301 127
928907304 127
928907306 127
928972824 127
928972830 127
928972841 127
928972843 127
929038337 127
929038346 127
929038347 127
929038352 127
929103874 127
929103889 127
929103892 127
929103915 127
929169419 127
929169452 127
929169453 127
929169454 127
929234952 127
929234962 127
929234969 127
929234971 127
929300488 127
929300514 127
929300521 127
929300523 127
929366024 127
929366045 127
929366047 127
929366050 127
929431556 127
929431563 127
929431566 127
929431573 127
929497089 127
929497102 127
929497104 127
929497111 127
929562629 127
929562632 127
929562654 127
929562667 127
929628166 127
929628168 127
929628169 127
929628183 127
929693740 127
929693741 127
929693742 127
929693743 127
929759234 127
929759251 127
929759253 127
929759256 127
929824777 127
929824811 127
929824812 127
929824814 127
929890322 127
929890329 127
929890332 127
929890335 127
929955843 127
929955850 127
929955852 127
929955857 127
930021381 127
930021408 127
930021411 127
930021422 127
930086922 127
930086927 127
930086940 127
930086945 127
930152466 127
930152468 127
930152469 127
930152495 127
930217987 127
930218005 127
930218014 127
930218016 127
930283525 127
930283528 127
930283531 127
930283558 127
930349065 127
930349076 127
930349078 127
930349079 127
930414611 127
930414621 127
930414622 127
930414624 127
930480151 127
930480158 127
930480168 127
930480173 127
930545670 127
930545689 127
930545691 127
930545692 127
930611208 127
930611215 127
930611218 127
930611229 127
930676743 127
930676776 127
930676781 127
930676782 127
930742279 127
930742305 127
930742310 127
930742316 127
930807812 127
930807821 127
930807826 127
930807831 127
930873344 127
930873349 127
930873371 127
930873374 127
930938884 127
930938889 127
930938891 127
930938906 127
931004423 127
931004424 127
931004426 127
931004445 127
931069953 127
931069954 127
931069956 127
931069959 127
931135497 127
931135500 127
931135518 127
931135519 127
931201033 127
931201034 127
931201036 127
931201051 127
931266561 127
931266568 127
931266579 127
931266582 127
931332102 127
931332107 127
931332136 127
931332137 127
931397632 127
931397641 127
931397650 127
931397655 127
931463186 127
931463187 127
931463189 127
931463192 127
931528718 127
931528736 127
931528741 127
931528747 127
931594247 127
931594248 127
931594249 127
931594254 127
931659779 127
931659800 127
931659813 127
931659814 127
931725325 127
931725344 127
931725347 127
931725354 127
931790848 127
931790874 127
931790877 127
931790883 127
931856387 127
931856390 127
931856392 127
931856413 127
931921925 127
931921926 127
931921931 127
931921932 127
931987472 127
931987493 127
931987494 127
931987495 127
932052992 127
932052994 127
932053003 127
932053017 127
932118529 127
932118530 127
932118531 127
932118544 127
932184085 127
932184086 127
932184107 127
932184108 127
932249601 127
932249611 127
932249614 127
932249616 127
932315142 127
932315152 127
932315165 127
932315179 127
932380681 127
932380684 127
932380687 127
932380718 127
932446212 127
932446237 127
932446239 127
932446242 127
932511748 127
932511751 127
932511761 127
932511782 127
932577280 127
932577291 127
932577294 127
932577297 127
932642827 127
932642836 127
932642838 127
932642841 127
932708360 127
932708362 127
932708367 127
932708377 127
932773902 127
932773915 127
932773920 127
932773925 127
932839443 127
932839449 127
932839452 127
932839466 127
932904961 127
932904964 127
932904974 127
932904995 127
932970500 127
932970509 127
932970510 127
932970527 127
933036050 127
933036051 127
933036061 127
933036064 127
933101582 127
933101585 127
933101587 127
933101588 127
933167119 127
933167122 127
933167132 127
933167137 127
933232657 127
933232678 127
933232684 127
933232687 127
933298183 127
933298202 127
933298205 127
933298220 127
933363715 127
933363724 127
933363725 127
933363758 127
933429253 127
933429258 127
933429288 127
933429291 127
933494785 127
933494786 127
933494788 127
933494795 127
933560331 127
933560333 127
933560364 127
933560366 127
933625862 127
933625881 127
933625895 127
933625896 127
933691424 127
933691425 127
933691426 127
933691427 127
933756940 127
933756941 127
933756951 127
933756954 127
933822467 127
933822488 127
933822489 127
933822506 127
933888005 127
933888008 127
933888031 127
933888042 127
933953555 127
933953556 127
933953558 127
933953577 127
934019082 127
934019084 127
934019101 127
934019103 127
934084623 127
934084626 127
934084632 127
934084637 127
934150145 127
934150156 127
934150166 127
934150175 127
934215680 127
934215715 127
934215717 127
934215726 127
934281233 127
934281242 127
934281247 127
934281252 127
934346766 127
934346769 127
934346783 127
934346788 127
934412289 127
934412291 127
934412310 127
934412324 127
934477835 127
934477852 127
934477854 127
934477869 127
934543365 127
934543368 127
934543370 127
934543371 127
934608930 127
934608935 127
934608937 127
934608940 127
934674454 127
934674456 127
934674457 127
934674475 127
934739974 127
934739977 127
934740007 127
934740012 127
934805532 127
934805549 127
934805550 127
934805551 127
934871070 127
934871076 127
934871085 127
934871087 127
934936583 127
934936604 127
934936606 127
934936617 127
935002117 127
935002128 127
935002143 127
935002146 127
935067651 127
935067669 127
935067670 127
935067680 127
935133184 127
935133185 127
935133186 127
935133187 127
935198732 127
935198737 127
935198738 127
935198747 127
935264257 127
935264272 127
935264291 127
935264294 127
935329816 127
935329818 127
935329819 127
935329833 127
935395333 127
935395334 127
935395336 127
935395375 127
935460881 127
935460883 127
935460884 127
935460910 127
935526402 127
935526404 127
935526405 127
935526411 127
935591940 127
935591942 127
935591949 127
935591951 127
935657481 127
935657494 127
935657499 127
935657512 127
935723020 127
935723021 127
935723030 127
935723031 127
935788557 127
935788563 127
935788570 127
935788576 127
935854085 127
935854086 127
935854116 127
935854123 127
935919636 127
935919638 127
935919651 127
935919657 127
935985155 127
935985165 127
935985174 127
935985176 127
936050688 127
936050695 127
936050698 127
936050701 127
936116234 127
936116244 127
936116249 127
936116255 127
936181764 127
936181786 127
936181795 127
936181805 127
936247301 127
936247310 127
936247328 127
936247339 127
936312857 127
936312858 127
936312867 127
936312876 127
936378368 127
936378369 127
936378383 127
936378390 127
936443923 127
936443924 127
936443925 127
936443926 127
936509455 127
936509460 127
936509470 127
936509473 127
936574985 127
936574987 127
936574988 127
936575014 127
936640521 127
936640522 127
936640528 127
936640531 127
936706055 127
936706058 127
936706064 127
936706069 127
936771589 127
936771599 127
936771612 127
936771618 127
936837128 127
936837133 127
936837138 127
936837143 127
936902661 127
936902666 127
936902672 127
936902683 127
936968193 127
936968203 127
936968210 127
936968220 127
937033750 127
937033753 127
937033755 127
937033756 127
937099265 127
937099271 127
937099278 127
937099292 127
937164817 127
937164818 127
937164820 127
937164843 127
937230354 127
937230361 127
937230368 127
937230375 127
937295874 127
937295888 127
937295907 127
937295909 127
937361420 127
937361430 127
937361441 127
937361455 127
937426956 127
937426970 127
937426977 127
937426987 127
937492484 127
937492486 127
937492495 127
937492505 127
937558048 127
937558049 127
937558054 127
937558063 127
937623553 127
937623567 127
937623574 127
937623576 127
937689105 127
937689106 127
937689107 127
937689112 127
937754635 127
937754636 127
937754642 127
937754645 127
937820190 127
937820193 127
937820195 127
937820200 127
937885716 127
937885725 127
937885730 127
937885739 127
937951245 127
937951258 127
937951260 127
937951267 127
938016794 127
938016796 127
938016799 127
938016805 127
938082310 127
938082323 127
938082329 127
938082344 127
938147846 127
938147847 127
938147849 127
938147884 127
938213397 127
938213406 127
938213415 127
938213420 127
938278926 127
938278937 127
938278940 127
938278959 127
938344464 127
938344477 127
938344478 127
938344479 127
938409986 127
938409987 127
938409993 127
938410000 127
938475520 127
938475523 127
938475537 127
938475554 127
938541058 127
938541060 127
938541061 127
938541075 127
938606609 127
938606611 127
938606626 127
938606632 127
938672129 127
938672138 127
938672144 127
938672163 127
938737678 127
938737684 127
938737689 127
938737691 127
938803206 127
938803211 127
938803220 127
938803245 127
938868737 127
938868740 127
938868743 127
938868746 127
938934276 127
938934281 127
938934287 127
938934290 127
938999822 127
938999824 127
938999841 127
938999843 127
939065345 127
939065346 127
939065360 127
939065371 127
939130891 127
939130896 127
939130901 127
939130914 127
939196420 127
939196446 127
939196453 127
939196455 127
939261952 127
939261957 127
939261963 127
939261966 127
939327499 127
939327502 127
939327524 127
939327529 127
939393026 127
939393027 127
939393028 127
939393029 127
939458566 127
939458587 127
939458596 127
939458605 127
939524102 127
939524105 127
939524116 127
939524139 127
939589645 127
939589648 127
939589650 127
939589671 127
939655172 127
939655174 127
939655183 127
939655185 127
939720705 127
939720706 127
939720711 127
939720724 127
939786241 127
939786256 127
939786263 127
939786270 127
939851777 127
939851784 127
939851794 127
939851799 127
939917320 127
939917323 127
939917333 127
939917338 127
939982850 127
939982852 127
939982853 127
939982879 127
940048384 127
940048401 127
940048411 127
940048414 127
940113933 127
940113954 127
940113959 127
940113960 127
940179468 127
940179471 127
940179486 127
940179489 127
940245008 127
940245013 127
940245027 127
940245034 127
940310528 127
940310546 127
940310547 127
940310549 127
940376071 127
940376074 127
940376076 127
940376089 127
940441606 127
940441620 127
940441629 127
940441643 127
940507137 127
940507147 127
940507148 127
940507150 127
940572673 127
940572675 127
940572688 127
940572698 127
940638213 127
940638216 127
940638218 127
940638227 127
940703744 127
940703746 127
940703749 127
940703775 127
940769287 127
940769289 127
940769292 127
940769310 127
940834823 127
940834837 127
940834838 127
940834852 127
940900360 127
940900362 127
940900387 127
940900389 127
940965888 127
940965899 127
940965902 127
940965929 127
941031433 127
941031436 127
941031438 127
941031455 127
941096974 127
941096992 127
941096999 127
941097005 127
941162499 127
941162510 127
941162520 127
941162521 127
941228038 127
941228061 127
941228068 127
941228075 127
941293577 127
941293582 127
941293583 127
941293592 127
941359118 127
941359119 127
941359120 127
941359137 127
941424654 127
941424665 127
941424671 127
941424676 127
941490189 127
941490190 127
941490208 127
941490223 127
941555728 127
941555731 127
941555738 127
941555749 127
941621266 127
941621272 127
941621275 127
941621277 127
941686785 127
941686792 127
941686798 127
941686799 127
941752331 127
941752340 127
941752349 127
941752350 127
941817857 127
941817858 127
941817860 127
941817871 127
941883395 127
941883398 127
941883401 127
941883436 127
941948928 127
941948933 127
941948946 127
941948959 127
942014476 127
942014499 127
942014501 127
942014510 127
942080001 127
942080002 127
942080003 127
942080020 127
942145544 127
942145547 127
942145554 127
942145577 127
942211087 127
942211098 127
942211101 127
942211104 127
942276617 127
942276620 127
942276635 127
942276638 127
942342164 127
942342166 127
942342167 127
942342181 127
942407680 127
942407685 127
942407686 127
942407687 127
942473239 127
942473240 127
942473253 127
942473254 127
942538765 127
942538766 127
942538768 127
942538771 127
942604300 127
942604302 127
942604317 127
942604335 127
942669826 127
942669828 127
942669843 127
942669869 127
942735373 127
942735374 127
942735375 127
942735404 127
942800907 127
942800910 127
942800912 127
942800913 127
942866448 127
942866462 127
942866465 127
942866467 127
942931983 127
942932000 127
942932002 127
942932005 127
942997511 127
942997514 126
942997525 127
942997532 127
943063040 127
943063043 127
943063057 127
943063058 127
943128590 127
943128595 127
943128601 127
943128604 127
943194116 127
943194129 127
943194131 127
943194134 127
943259654 127
943259656 127
943259673 127
943259683 127
943325200 127
943325214 127
943325221 127
943325227 127
943390721 127
943390742 127
943390743 127
943390748 127
943456257 127
943456276 127
943456291 127
943456294 127
943521792 127
943521802 127
943521805 127
943521827 127
943587336 127
943587337 127
943587343 127
943587374 127
943652866 127
943652871 127
943652876 127
943652885 127
943718403 127
943718410 127
943718417 127
943718440 127
943783938 127
943783948 127
943783955 127
943783965 127
943849484 127
943849490 127
943849499 127
943849509 127
943915027 127
943915029 127
943915032 127
943915038 127
943980548 127
943980567 127
943980569 127
943980574 127
944046083 127
944046097 127
944046100 127
944046102 127
944111620 127
944111630 127
944111643 127
944111645 127
944177156 127
944177189 127
944177191 127
944177194 127
944242712 127
944242715 127
944242726 127
944242733 127
944308226 127
944308237 127
944308239 127
944308244 127
944373760 127
944373767 127
944373769 127
944373798 127
944439302 127
944439312 127
944439319 127
944439321 127
944504869 127
944504870 127
944504872 127
944504879 127
944570381 127
944570390 127
944570399 127
944570408 127
944635911 127
944635930 127
944635945 127
944635948 127
944701448 127
944701450 127
944701453 127
944701463 127
944766987 127
944767012 127
944767021 127
944767022 127
944832513 127
944832535 127
944832552 127
944832554 127
944898063 127
944898076 127
944898081 127
944898094 127
944963587 127
944963601 127
944963602 127
944963604 127
945029129 127
945029144 127
945029158 127
945029163 127
945094663 127
945094674 127
945094676 127
945094681 127
945160199 127
945160214 127
945160216 127
945160221 127
945225731 127
945225734 127
945225736 127
945225753 127
945291264 127
945291267 127
945291285 127
945291294 127
945356806 127
945356809 127
945356831 127
945356840 127
945422355 127
945422365 127
945422374 127
945422376 127
945487872 127
945487874 127
945487875 127
945487885 127
945553418 127
945553421 127
945553432 127
945553435 127
945618949 127
945618954 127
945618956 127
945618979 127
945684496 127
945684498 127
945684499 127
945684513 127
945750025 127
945750028 127
945750035 127
945750038 127
945815569 127
945815572 127
945815579 127
945815586 127
945881099 127
945881104 127
945881117 127
945881134 127
945946635 127
945946640 127
945946657 127
945946662 127
946012161 127
946012187 127
946012200 127
946012206 127
946077709 127
946077714 127
946077723 127
946077732 127
946143240 127
946143251 127
946143254 127
946143257 127
946208768 127
946208781 127
946208798 127
946208803 127
946274316 127
946274333 127
946274346 127
946274351 127
946339873 127
946339874 127
946339875 127
946339880 127
946405380 127
946405381 127
946405390 127
946405399 127
946470914 127
946470917 127
946470931 127
946470936 127
946536475 127
946536488 127
946536493 127
946536494 127
946602011 127
946602016 127
946602021 127
946602022 127
946667540 127
946667543 127
946667554 127
946667565 127
946733059 127
946733076 127
946733077 127
946733078 127
946798599 127
946798604 127
946798625 127
946798626 127
946864141 127
946864167 127
946864168 127
946864174 127
946929668 127
946929674 127
946929689 127
946929695 127
946995200 127
946995210 127
946995211 127
946995213 127
947060737 127
947060743 127
947060758 127
947060776 127
947126272 127
947126277 127
947126278 127
947126315 127
947191813 127
947191836 127
947191846 127
947191847 127
947257349 127
947257352 127
947257354 127
947257383 127
947322881 127
947322898 127
947322900 127
947322927 127
947388448 127
947388449 127
947388451 127
947388454 127
947453956 127
947453965 127
947453970 127
947453979 127
947519499 127
947519509 127
947519510 127
947519512 127
947585043 127
947585052 127
947585053 127
947585066 127
947650593 127
947650594 127
947650599 127
947650600 127
947716103 127
947716120 127
947716129 127
947716134 127
947781643 127
947781644 127
947781650 127
947781653 127
947847182 127
947847185 127
947847200 127
947847215 127
947912710 127
947912713 127
947912724 127
947912743 127
947978265 127
947978267 127
947978268 127
947978278 127
948043802 127
948043804 127
948043817 127
948043819 127
948109314 127
948109321 127
948109323 127
948109324 127
948174855 127
948174872 127
948174877 127
948174886 127
948240390 127
948240397 127
948240404 127
948240407 127
948305926 127
948305933 127
948305936 127
948305967 127
948371468 127
948371486 127
948371499 127
948371501 127
948437002 127
948437005 127
948437016 127
948437023 127
948502536 127
948502537 127
948502547 127
948502562 127
948568066 127
948568072 127
948568087 127
948568105 127
948633603 127
948633605 127
948633606 127
948633632 127
948699142 127
948699149 127
948699156 127
948699159 127
948764672 127
948764691 127
948764705 127
948764714 127
948830219 127
948830229 127
948830230 127
948830244 127
948895764 127
948895777 127
948895783 127
948895790 127
948961280 127
948961287 127
948961298 127
948961301 127
949026823 127
949026849 127
949026856 127
949026862 127
949092359 127
949092360 127
949092369 127
949092394 127
949157903 127
949157928 127
949157929 127
949157930 127
949223443 127
949223446 127
949223448 127
949223449 127
949288963 127
949288965 127
949288978 127
949288988 127
949354503 127
949354520 127
949354529 127
949354538 127
949420042 127
949420047 127
949420053 127
949420060 127
949485568 127
949485593 127
949485594 127
949485603 127
949551113 127
949551116 127
949551126 127
949551127 127
949616644 127
949616655 127
949616670 127
949616681 127
949682178 127
949682188 127
949682191 127
949682193 127
949747714 127
949747715 127
949747716 127
949747717 127
949813252 127
949813257 127
949813262 127
949813271 127
949878806 127
949878812 127
949878817 127
949878831 127
949944326 127
949944329 127
949944352 127
949944359 127
950009857 127
950009866 127
950009900 127
950009903 127
950075392 127
950075403 127
950075410 127
950075413 127
950140936 127
950140970 127
950140973 127
950140975 127
950206484 127
950206486 127
950206487 127
950206489 127
950272004 127
950272023 127
950272026 127
950272029 127
950337543 127
950337562 127
950337564 127
950337565 127
950403073 127
950403079 127
950403084 127
950403094 127
950468611 127
950468613 127
950468638 127
950468648 127
950534155 127
950534160 127
950534165 127
950534174 127
950599687 127
950599693 127
950599714 127
950599724 127
950665221 127
950665230 127
950665235 127
950665252 127
950730754 127
950730759 127
950730760 127
950730793 127
950796321 127
950796324 127
950796326 127
950796331 127
950861843 127
950861857 127
950861866 127
950861868 127
950927368 127
950927379 127
950927393 127
950927394 127
950992912 127
950992913 127
950992915 127
950992918 127
951058432 127
951058463 127
951058465 127
951058466 127
951123970 127
951123975 127
951124005 127
951124008 127
951189530 127
951189533 127
951189535 127
951189540 127
951255055 127
951255057 127
951255062 127
951255076 127
951320600 127
951320610 127
951320611 127
951320617 127
951386131 127
951386138 127
951386140 127
951386145 127
951451666 127
951451676 127
951451681 127
951451691 127
951517197 127
951517204 127
951517206 127
951517211 127
951582731 127
951582733 127
951582754 127
951582756 127
951648269 127
951648271 127
951648276 127
951648290 127
951713812 127
951713815 127
951713817 127
951713822 127
951779339 127
951779362 127
951779364 127
951779369 127
951844868 127
951844886 127
951844889 127
951844895 127
951910400 127
951910407 127
951910414 127
951910417 127
951975943 127
951975968 127
951975973 127
951975978 127
952041473 127
952041507 127
952041512 127
952041514 127
952107020 127
952107022 127
952107029 127
952107047 127
952172545 127
952172556 127
952172570 127
952172591 127
952238094 127
952238100 127
952238105 127
952238119 127
952303623 127
952303637 127
952303642 127
952303652 127
952369167 127
952369177 127
952369194 127
952369196 127
952434713 127
952434718 127
952434719 127
952434720 127
952500237 127
952500252 127
952500262 127
952500271 127
952565769 127
952565780 127
952565787 127
952565794 127
952631329 127
952631332 127
952631339 127
952631342 127
952696840 127
952696854 127
952696857 127
952696859 127
952762372 127
952762386 127
952762399 127
952762413 127
952827910 127
952827911 127
952827916 127
952827921 127
952893447 127
952893461 127
952893484 127
952893486 127
952959003 127
952959010 127
952959012 127
952959017 127
953024512 127
953024526 127
953024533 127
953024547 127
953090066 127
953090083 127
953090085 127
953090092 127
953155590 127
953155628 127
953155629 127
953155631 127
953221123 127
953221126 127
953221133 127
953221152 127
953286662 127
953286669 127
953286671 127
953286684 127
953352226 127
953352228 127
953352229 127
953352239 127
953417728 127
953417747 127
953417750 127
953417761 127
953483282 127
953483283 127
953483293 127
953483304 127
953548832 127
953548835 127
953548838 127
953548845 127
953614336 127
953614338 127
953614369 127
953614379 127
953679889 127
953679899 127
953679900 127
953679914 127
953745429 127
953745434 127
953745447 127
953745448 127
953810950 127
953810955 127
953810957 127
953810964 127
953876486 127
953876495 127
953876497 127
953876500 127
953942018 127
953942024 127
953942029 127
953942035 127
954007560 127
954007570 127
954007579 127
954007581 127
954073091 127
954073105 127
954073110 127
954073120 127
954138642 127
954138649 127
954138656 127
954138667 127
954204175 127
954204177 127
954204180 127
954204194 127
954269700 127
954269721 127
954269726 127
954269727 127
954335246 127
954335252 127
954335253 127
954335259 127
954400774 127
954400780 127
954400797 127
954400799 127
954466332 127
954466338 127
954466349 127
954466351 127
954531856 127
954531866 127
954531877 127
954531887 127
954597411 127
954597417 127
954597418 127
954597420 127
954662916 127
954662921 127
954662934 127
954662939 127
954728451 127
954728458 127
954728476 127
954728489 127
954793986 127
954793988 127
954793995 127
954794013 127
954859521 127
954859531 127
954859546 127
954859552 127
954925056 127
954925074 127
954925097 127
954925099 127
954990598 127
954990608 127
954990623 127
954990637 127
955056161 127
955056170 127
955056171 127
955056172 127
955121691 127
955121697 127
955121706 127
955121708 127
955187201 127
955187222 127
955187224 127
955187227 127
955252744 127
955252749 127
955252782 127
955252783 127
955318279 127
955318296 127
955318305 127
955318314 127
955383809 127
955383823 127
955383824 127
955383826 127
955449356 127
955449357 127
955449379 127
955449382 127
955514903 127
955514904 127
955514906 127
955514913 127
955580417 127
955580434 127
955580439 127
955580452 127
955645973 127
955645983 127
955645990 127
955645996 127
955711514 127
955711521 127
955711523 127
955711528 127
955777059 127
955777064 127
955777069 127
955777070 127
955842561 127
955842566 127
955842567 127
955842596 127
955908097 127
955908134 127
955908136 127
955908139 127
955973634 127
955973649 127
955973672 127
955973679 127
956039174 127
956039197 127
956039204 127
956039207 127
956104708 127
956104737 127
956104739 127
956104742 127
956170258 127
956170267 127
956170276 127
956170281 127
956235783 127
956235800 127
956235806 127
956235821 127
956301329 127
956301338 127
956301339 127
956301344 127
956366848 127
956366849 127
956366879 127
956366894 127
956432405 127
956432407 127
956432418 127
956432420 127
956497922 127
956497928 127
956497929 127
956497935 127
956563470 127
956563472 127
956563493 127
956563499 127
956629020 127
956629030 127
956629031 127
956629033 127
956694560 127
956694570 127
956694573 127
956694575 127
956760083 127
956760084 127
956760090 127
956760097 127
956825634 127
956825639 127
956825641 127
956825644 127
956891148 127
956891171 127
956891173 127
956891182 127
956956688 127
956956693 127
956956695 127
956956706 127
957022214 127
957022216 127
957022233 127
957022235 127
957087761 127
957087764 127
957087774 127
957087787 127
957153281 127
957153298 127
957153300 127
957153307 127
957218841 127
957218850 127
957218855 127
957218860 127
957284365 127
957284376 127
957284382 127
957284383 127
957349890 127
957349916 127
957349927 127
957349929 127
957415439 127
957415442 127
957415460 127
957415461 127
957480966 127
957480985 127
957480995 127
957480996 127
957546522 127
957546528 127
957546535 127
957546537 127
957612037 127
957612055 127
957612056 127
957612074 127
957677576 127
957677577 127
957677594 127
957677599 127
957743111 127
957743125 127
957743130 127
957743132 127
957808645 127
957808666 127
957808680 127
957808683 127
957874177 127
957874182 127
957874188 127
957874203 127
957939718 127
957939723 127
957939725 127
957939732 127
958005265 127
958005268 127
958005290 127
958005295 127
958070785 127
958070787 127
958070804 127
958070818 127
958136323 127
958136326 127
958136344 127
958136345 127
958201861 127
958201870 127
958201875 127
958201896 127
958267404 127
958267413 127
958267415 127
958267434 127
958332938 127
958332957 127
958332964 127
958332967 127
958398474 127
958398476 127
958398505 127
958398511 127
958464005 127
958464030 127
958464032 127
958464035 127
958529568 127
958529570 127
958529571 127
958529577 127
958595074 127
958595077 127
958595083 127
958595116 127
958660610 127
958660623 127
958660640 127
958660653 127
958726156 127
958726158 127
958726167 127
958726169 127
958791688 127
958791689 127
958791690 127
958791691 127
958857236 127
958857239 127
958857258 127
958857261 127
958922756 127
958922766 127
958922773 127
958922783 127
958988292 127
958988298 127
958988311 127
958988317 127
959053839 127
959053846 127
959053849 127
959053852 127
959119367 127
959119368 127
959119386 127
959119389 127
959184918 127
959184920 127
959184923 127
959184941 127
959250434 127
959250436 127
959250439 127
959250457 127
959315983 127
959316004 127
959316009 127
959316014 127
959381520 127
959381522 127
959381535 127
959381541 127
959447044 127
959447062 127
959447063 127
959447081 127
959512586 127
959512593 127
959512600 127
959512607 127
959578116 127
959578118 127
959578125 127
959578151 127
959643650 127
959643669 127
959643683 127
959643688 127
959709204 127
959709219 127
959709221 127
959709222 127
959774720 127
959774729 127
959774734 127
959774747 127
959840261 127
959840275 127
959840284 127
959840290 127
959905805 127
959905807 127
959905828 127
959905834 127
959971336 127
959971350 127
959971373 127
959971375 127
960036871 127
960036885 127
960036886 127
960036904 127
960102409 127
960102411 127
960102424 127
960102426 127
960167945 127
960167959 127
960167966 127
960167968 127
960233475 127
960233505 127
960233508 127
960233510 127
960299019 127
960299029 127
960299036 127
960299046 127
960364551 127
960364573 127
960364576 127
960364578 127
960430085 127
960430087 127
960430096 127
960430106 127
960495639 127
960495644 127
960495649 127
960495654 127
960561153 127
960561171 127
960561190 127
960561192 127
960626690 127
960626692 127
960626699 127
960626713 127
960692228 127
960692231 127
960692234 127
960692245 127
960757772 127
960757775 127
960757786 127
960757805 127
960823300 127
960823311 127
960823313 127
960823322 127
960888844 127
960888858 127
960888861 127
960888879 127
960954381 127
960954383 127
960954386 127
960954388 127
961019913 127
961019916 127
961019947 127
961019950 127
961085462 127
961085480 127
961085485 126
961085487 127
961151007 127
961151012 127
961151017 127
961151018 127
961216515 127
961216540 127
961216545 127
961216554 127
961282049 127
961282052 127
961282079 127
961282082 127
961347589 127
961347592 127
961347598 127
961347619 127
961413135 127
961413141 127
961413160 127
961413162 127
961478656 127
961478682 127
961478689 127
961478691 127
961544192 127
961544197 127
961544211 127
961544218 127
961609766 127
961609771 127
961609772 127
961609773 127
961675277 127
961675282 127
961675287 127
961675292 127
961740806 127
961740813 127
961740827 127
961740840 127
961806339 127
961806353 127
961806356 127
961806358 127
961871882 127
961871884 127
961871885 127
961871907 127
961937414 127
961937433 127
961937436 127
961937443 127
962002945 127
962002947 127
962002948 127
962002962 127
962068490 127
962068501 127
962068511 127
962068520 127
962134030 127
962134035 127
962134037 127
962134048 127
962199557 127
962199566 127
962199571 127
962199592 127
962265094 127
962265097 127
962265111 127
962265132 127
962330624 127
962330627 127
962330629 127
962330650 127
962396160 127
962396166 127
962396169 127
962396183 127
962461710 127
962461724 127
962461739 127
962461741 127
962527234 127
962527244 127
962527253 127
962527267 127
962592768 127
962592769 127
962592771 127
962592778 127
962658309 127
962658323 127
962658336 127
962658350 127
962723847 127
962723848 127
962723853 127
962723854 127
962789394 127
962789396 127
962789405 127
962789407 127
962854927 127
962854942 127
962854948 127
962854953 127
962920458 127
962920461 127
962920480 127
962920491 127
962986007 127
962986010 127
962986024 127
962986025 127
963051529 127
963051531 127
963051544 127
963051558 127
963117078 127
963117084 127
963117101 127
963117103 127
963182608 127
963182617 127
963182623 127
963182638 127
963248147 127
963248153 127
963248156 127
963248158 127
963313668 127
963313683 127
963313685 127
963313694 127
963379215 127
963379216 127
963379229 127
963379230 127
963444748 127
963444755 127
963444766 127
963444773 127
963510281 127
963510284 127
963510299 127
963510306 127
963575820 127
963575822 127
963575829 127
963575835 127
963641349 127
963641352 127
963641358 127
963641383 127
963706916 127
963706918 127
963706921 127
963706927 127
963772418 127
963772439 127
963772452 127
963772461 127
963837953 127
963837955 127
963837956 127
963837986 127
963903489 127
963903492 127
963903498 127
963903519 127
963969041 127
963969043 127
963969058 127
963969060 127
964034562 127
964034576 127
964034605 127
964034607 127
964100106 127
964100109 127
964100128 127
964100135 127
964165646 127
964165660 127
964165661 127
964165675 127
964231183 127
964231185 127
964231188 127
964231206 127
964296721 127
964296724 127
964296727 127
964296746 127
964362259 127
964362264 127
964362266 127
964362273 127
964427793 127
964427808 127
964427810 127
964427811 127
964493313 127
964493314 127
964493315 127
964493344 127
964558856 127
964558858 127
964558863 127
964558885 127
964624384 127
964624391 127
964624398 127
964624405 127
964689921 127
964689936 127
964689938 127
964689963 127
964755459 127
964755465 127
964755470 127
964755484 127
964820992 127
964821009 127
964821010 127
964821039 127
964886538 127
964886544 127
964886561 127
964886571 127
964952067 127
964952070 127
964952080 127
964952105 127
965017600 127
965017602 127
965017605 127
965017623 127
965083143 127
965083162 127
965083165 127
965083176 127
965148695 127
965148702 127
965148704 127
965148705 127
965214229 127
965214235 127
965214238 127
965214252 127
965279764 127
965279767 127
965279781 127
965279786 127
965345298 127
965345301 127
965345311 127
965345312 127
965410821 127
965410831 127
965410844 127
965410862 127
965476358 127
965476360 127
965476377 127
965476391 127
965541889 127
965541892 127
965541894 127
965541895 127
965607441 127
965607444 127
965607451 127
965607466 127
965672960 127
965672977 127
965672986 127
965672999 127
965738502 127
965738504 127
965738507 127
965738521 127
965804061 127
965804066 127
965804067 127
965804068 127
965869577 127
965869602 127
965869604 127
965869615 127
965935106 127
965935127 127
965935140 127
965935149 127
966000660 127
966000681 127
966000682 127
966000683 127
966066176 127
966066178 127
966066187 127
966066205 127
966131716 127
966131731 127
966131749 127
966131758 127
966197270 127
966197272 127
966197277 127
966197287 127
966262810 127
966262812 127
966262825 127
966262827 127
966328321 127
966328326 127
966328328 127
966328343 127
966393859 127
966393865 127
966393900 127
966393902 127
966459392 127
966459397 127
966459402 127
966459415 127
966524930 127
966524952 127
966524959 127
966524973 127
966590479 127
966590493 127
966590508 127
966590510 127
966656002 127
966656004 127
966656005 127
966656027 127
966721555 127
966721564 127
966721570 127
966721573 127
966787081 127
966787084 127
966787107 127
966787118 127
966852610 127
966852619 127
966852636 127
966852645 127
966918162 127
966918164 127
966918167 127
966918181 127
966983686 127
966983688 127
966983693 127
966983695 127
967049232 127
967049239 127
967049245 127
967049246 127
967114763 127
967114778 127
967114780 127
967114785 127
967180296 127
967180319 127
967180326 127
967180329 127
967245855 127
967245856 127
967245865 127
967245870 127
967311376 127
967311377 127
967311386 127
967311395 127
967376907 127
967376925 127
967376930 127
967376936 127
967442436 127
967442457 127
967442463 127
967442466 127
967507973 127
967507982 127
967507991 127
967508008 127
967573518 127
967573519 127
967573524 127
967573525 127
967639049 127
967639054 127
967639067 127
967639072 127
967704583 127
967704592 127
967704606 127
967704613 127
967770128 127
967770131 127
967770141 127
967770142 127
967835667 127
967835673 127
967835676 127
967835686 127
967901200 127
967901211 127
967901213 127
967901218 127
967966724 127
967966729 127
967966758 127
967966767 127
968032273 127
968032283 127
968032286 127
968032292 127
968097794 127
968097795 127
968097801 127
968097804 127
968163334 127
968163337 127
968163367 127
968163368 127
968228870 127
968228871 127
968228884 127
968228889 127
968294417 127
968294432 127
968294435 127
968294442 127
968359936 127
968359961 127
968359974 127
968359983 127
968425485 127
968425491 127
968425502 127
968425516 127
968491025 127
968491052 127
968491054 127
968491055 127
968556544 127
968556579 127
968556585 127
968556586 127
968622081 127
968622102 127
968622120 127
968622127 127
968687626 127
968687640 127
968687641 127
968687659 127
968753171 127
968753185 127
968753186 127
968753188 127
968818709 127
968818712 127
968818715 127
968818726 127
968884241 127
968884244 127
968884255 127
968884258 127
968949775 127
968949792 127
968949797 127
968949802 127
969015298 127
969015327 127
969015332 127
969015337 127
969080847 127
969080866 127
969080868 127
969080869 127
969146388 127
969146389 127
969146394 127
969146415 127
969211911 127
969211914 127
969211925 127
969211928 127
969277440 127
969277443 127
969277450 127
969277461 127
969342977 127
969343003 127
969343014 127
969343016 127
969408517 127
969408536 127
969408539 127
969408550 127
969474065 127
969474078 127
969474080 127
969474087 127
969539587 127
969539598 127
969539620 127
969539621 127
969605121 127
969605142 127
969605156 127
969605159 127
969670674 127
969670677 127
969670684 127
969670695 127
969736199 127
969736213 127
969736232 127
969736234 127
969801764 127
969801767 127
969801769 127
969801774 127
969867267 127
969867280 127
969867286 127
969867289 127
969932802 127
969932816 127
969932819 127
969932825 127
969998360 127
969998381 127
969998382 127
969998383 127
970063877 127
970063895 127
970063896 127
970063918 127
970129432 127
970129434 127
970129435 127
970129449 127
970194944 127
970194969 127
970194979 127
970194986 127
970260490 127
970260493 127
970260511 127
970260524 127
970326030 127
970326031 127
970326041 127
970326056 127
970391555 127
970391564 127
970391578 127
970391585 127
970457096 127
970457106 127
970457113 127
970457119 127
970522629 127
970522632 127
970522654 127
970522663 127
970588169 127
970588188 127
970588191 127
970588202 127
970653697 127
970653711 127
970653714 127
970653732 127
970719232 127
970719234 127
970719239 127
970719257 127
970784794 127
970784800 127
970784805 127
970784807 127
970850306 127
970850315 127
970850320 127
970850349 127
970915845 127
970915852 127
970915875 127
970915886 127
970981378 127
970981385 127
970981391 127
970981420 127
971046941 127
971046943 127
971046954 127
971046956 127
971112456 127
971112471 127
971112474 127
971112485 127
971177994 127
971177997 127
971178012 127
971178031 127
971243522 127
971243543 127
971243557 127
971243564 127
971309080 127
971309087 127
971309089 127
971309098 127
971374594 127
971374595 127
971374596 127
971374609 127
971440152 127
971440165 127
971440170 127
971440175 127
971505675 127
971505676 127
971505682 127
971505685 127
971571212 127
971571231 127
971571245 127
971571246 127
971636747 127
971636749 127
971636768 127
971636774 127
971702279 127
971702284 127
971702301 127
971702314 127
971767818 127
971767821 127
971767839 127
971767852 127
971833369 127
971833374 127
971833380 127
971833383 127
971898890 127
971898895 127
971898904 127
971898921 127
971964446 127
971964452 127
971964457 127
971964459 127
972029971 127
972029978 127
972029980 127
972029981 127
972095496 127
972095509 127
972095526 127
972095531 127
972161038 127
972161045 127
972161059 127
972161060 127
972226569 127
972226596 127
972226602 127
972226607 127
972292112 127
972292121 127
972292138 127
972292139 127
972357649 127
972357650 127
972357668 127
972357679 127
972423171 127
972423192 127
972423209 127
972423214 127
972488712 127
972488715 127
972488726 127
972488729 127
972554244 127
972554247 127
972554249 127
972554274 127
972619788 127
972619802 127
972619809 127
972619811 127
972685312 127
972685314 127
972685353 127
972685355 127
972750863 127
972750864 127
972750865 127
972750894 127
972816388 127
972816398 127
972816413 127
972816415 127
972881921 127
972881938 127
972881952 127
972881963 127
972947468 127
972947470 127
972947479 127
972947501 127
973013000 127
973013013 127
973013027 127
973013034 127
973078552 127
973078554 127
973078573 127
973078575 127
973144066 127
973144076 127
973144095 127
973144097 127
973209635 127
973209636 127
973209637 127
973209642 127
973275136 127
973275137 127
973275151 127
973275178 127
973340690 127
973340699 127
973340704 127
973340709 127
973406224 127
973406237 127
973406238 127
973406247 127
973471766 127
973471780 127
973471787 127
973471789 127
973537294 127
973537299 127
973537312 127
973537313 127
973602830 127
973602851 127
973602853 127
973602856 127
973668376 127
973668385 127
973668387 127
973668394 127
973733896 127
973733907 127
973733910 127
973733929 127
973799442 127
973799448 127
973799453 127
973799455 127
973864961 127
973864962 127
973864963 127
973864968 127
973930496 127
973930499 127
973930502 127
973930505 127
973996032 127
973996037 127
973996039 127
973996058 127
974061568 127
974061586 127
974061589 127
974061591 127
974127119 127
974127130 127
974127136 127
974127145 127
974192657 127
974192667 127
974192670 127
974192684 127
974258179 127
974258206 127
974258216 127
974258221 127
974323731 127
974323736 127
974323745 127
974323754 127
974389264 127
974389275 127
974389286 127
974389289 127
974454820 127
974454822 127
974454829 127
974454831 127
974520326 127
974520340 127
974520341 127
974520343 127
974585863 127
974585874 127
974585880 127
974585885 127
974651419 127
974651422 127
974651428 127
974651429 127
974716928 127
974716939 127
974716945 127
974716954 127
974782476 127
974782497 127
974782510 127
974782511 127
974848011 127
974848013 127
974848032 127
974848046 127
974913539 127
974913544 127
974913558 127
974913573 127
974979076 127
974979081 127
974979082 127
974979095 127
975044617 127
975044618 127
975044620 127
975044639 127
975110162 127
975110164 127
975110169 127
975110183 127
975175698 127
975175701 127
975175704 127
975175711 127
975241227 127
975241229 127
975241252 127
975241254 127
975306791 127
975306793 127
975306796 127
975306798 127
975372293 127
975372298 127
975372324 127
975372335 127
975437855 127
975437861 127
975437862 127
975437864 127
975503366 127
975503369 127
975503380 127
975503399 127
975568932 127
975568937 127
975568938 127
975568939 127
975634439 127
975634441 127
975634460 127
975634462 127
975699992 127
975699995 127
975699997 127
975700014 127
975765514 127
975765528 127
975765529 127
975765543 127
975831055 127
975831058 127
975831073 127
975831076 127
975896585 127
975896604 127
975896607 127
975896618 127
975962120 127
975962130 127
975962143 127
975962157 127
976027658 127
976027665 127
976027672 127
976027687 127
976093206 127
976093208 127
976093221 127
976093227 127
976158725 127
976158735 127
976158738 127
976158740 127
976224257 127
976224271 127
976224286 127
976224288 127
976289799 127
976289800 127
976289806 127
976289813 127
976355344 127
976355349 127
976355351 127
976355374 127
976420872 127
976420881 127
976420886 127
976420899 127
976486413 127
976486422 127
976486436 127
976486443 127
976551936 127
976551939 127
976551941 127
976551974 127
976617501 127
976617507 127
976617510 127
976617512 127
976683011 127
976683042 127
976683048 127
976683053 127
976748584 127
976748585 127
976748590 127
976748591 127
976814082 127
976814108 127
976814109 127
976814127 127
976879624 127
976879625 127
976879626 127
976879655 127
976945159 127
976945180 127
976945182 127
976945185 127
977010698 127
977010700 127
977010717 127
977010735 127
977076232 127
977076233 127
977076254 127
977076255 127
977141783 127
977141800 127
977141802 127
977141805 127
977207312 127
977207329 127
977207334 127
977207339 127
977272835 127
977272849 127
977272856 127
977272874 127
977338383 127
977338401 127
977338408 127
977338414 127
977403928 127
977403938 127
977403947 127
977403949 127
977469443 127
977469446 127
977469469 127
977469480 127
977534985 127
977535010 127
977535012 127
977535015 127
977600529 127
977600547 127
977600548 127
977600550 127
977666081 127
977666082 127
977666088 127
977666091 127
977731599 127
977731612 127
977731613 127
977731622 127
977797136 127
977797143 127
977797157 127
977797158 127
977862662 127
977862671 127
977862688 127
977862693 127
977928212 127
977928213 127
977928214 127
977928215 127
977993729 127
977993739 127
977993744 127
977993746 127
978059267 127
978059276 127
978059281 127
978059310 127
978124801 127
978124802 127
978124816 127
978124839 127
978190343 127
978190357 127
978190362 127
978190380 127
978255898 127
978255911 127
978255912 127
978255913 127
978321419 127
978321420 127
978321430 127
978321441 127
978386949 127
978386979 127
978386980 127
978386990 127
978452502 127
978452520 127
978452525 127
978452527 127
978518029 127
978518032 127
978518062 127
978518063 127
978583556 127
978583557 127
978583586 127
978583595 127
978649088 127
978649090 127
978649105 127
978649127 127
978714627 127
978714641 127
978714644 127
978714646 127
978780162 127
978780163 127
978780165 127
978780168 127
978845702 127
978845728 127
978845729 127
978845735 127
978911272 127
978911273 127
978911275 127
978911278 127
978976774 127
978976800 127
978976809 127
978976815 127
979042331 127
979042340 127
979042341 127
979042342 127
979107857 127
979107864 127
979107866 127
979107867 127
979173377 127
979173408 127
979173414 127
979173415 127
979238914 127
979238923 126
979238928 127
979238929 127
979304464 127
979304485 127
979304487 127
979304494 127
979369984 127
979369986 127
979370025 127
979370027 127
979435525 127
979435539 127
979435542 127
979435548 127
979501064 127
979501069 127
979501099 127
979501102 127
979566595 127
979566604 127
979566637 127
979566638 127
979632140 127
979632154 127
979632163 127
979632165 127
979697667 127
979697668 127
979697690 127
979697701 127
979763210 127
979763225 127
979763239 127
979763244 127
979828770 127
979828775 127
979828777 127
979828780 127
979894277 127
979894316 127
979894318 127
979894319 127
979959812 127
979959826 127
979959849 127
979959855 127
980025346 127
980025380 127
980025389 127
980025391 127
980090912 127
980090925 127
980090926 127
980090927 127
980156417 127
980156435 127
980156456 127
980156458 127
980221956 127
980221958 127
980221959 127
980221961 127
980287519 127
980287526 127
980287529 127
980287532 127
980353026 127
980353036 127
980353037 127
980353067 127
980418567 127
980418585 127
980418586 127
980418588 127
980484100 127
980484106 127
980484115 127
980484117 127
980549635 127
980549637 127
980549642 127
980549676 127
980615179 127
980615181 127
980615202 127
980615208 127
980680710 127
980680747 127
980680748 127
980680749 127
980746244 127
980746246 127
980746279 127
980746281 127
980811797 127
980811811 127
980811816 127
980811818 127
980877331 127
980877333 127
980877346 127
980877348 127
980942874 127
980942877 127
980942887 127
980942892 127
981008417 127
981008419 127
981008426 127
981008428 127
981073925 127
981073935 127
981073938 127
981073960 127
981139456 127
981139466 127
981139477 127
981139499 127
981205024 127
981205030 127
981205035 127
981205037 127
981270558 127
981270561 127
981270568 127
981270575 127
981336074 127
981336075 127
981336077 127
981336088 127
981401605 127
981401632 127
981401638 127
981401643 127
981467137 127
981467140 127
981467143 127
981467166 127
981532704 127
981532711 127
981532717 127
981532718 127
981598220 127
981598243 127
981598250 127
981598253 127
981663746 127
981663749 127
981663768 127
981663787 127
981729292 127
981729322 127
981729323 127
981729325 127
981794857 127
981794859 127
981794860 127
981794862 127
981860360 127
981860381 127
981860387 127
981860394 127
981925913 127
981925924 127
981925926 127
981925931 127
981991436 127
981991441 127
981991447 127
981991470 127
982056974 127
982056976 127
982056997 127
982056999 127
982122499 127
982122505 127
982122506 127
982122508 127
982188045 127
982188059 127
982188060 127
982188062 127
982253571 127
982253584 127
982253589 127
982253614 127
982319114 127
982319119 127
982319129 127
982319136 127
982384642 127
982384644 127
982384673 127
982384679 127
982450196 127
982450215 127
982450217 127
982450222 127
982515723 127
982515736 127
982515745 127
982515750 127
982581261 127
982581264 127
982581275 127
982581278 127
982646807 127
982646820 127
982646829 127
982646830 127
982712327 127
982712330 127
982712349 127
982712360 127
982777888 127
982777889 127
982777894 127
982777895 127
982843392 127
982843406 127
982843419 127
982843429 127
982908942 127
982908957 127
982908959 127
982908960 127
982974466 127
982974469 127
982974483 127
982974496 127
983040000 127
983040010 127
983040011 127
983040033 127
983105556 127
983105575 127
983105577 127
983105582 127
983171097 127
983171100 127
983171102 127
983171103 127
983236623 127
983236632 127
983236641 127
983236642 127
983302147 127
983302161 127
983302174 127
983302184 127
983367683 127
983367713 127
983367716 127
983367726 127
983433224 127
983433239 127
983433242 127
983433261 127
983498753 127
983498756 127
983498763 127
983498774 127
983564306 127
983564308 127
983564311 127
983564317 127
983629824 127
983629826 127
983629831 127
983629845 127
983695390 127
983695399 127
983695401 127
983695404 127
983760908 127
983760910 127
983760927 127
983760941 127
983826432 127
983826451 127
983826474 127
983826477 127
983891968 127
983891981 127
983891991 127
983891998 127
983957541 127
983957544 127
983957547 127
983957550 127
984023046 127
984023067 127
984023076 127
984023081 127
984088586 127
984088601 127
984088603 127
984088612 127
984154116 127
984154118 127
984154137 127
984154139 127
984219663 127
984219664 127
984219682 127
984219693 127
984285218 127
984285223 127
984285228 127
984285229 127
984350732 127
984350753 127
984350755 127
984350758 127
984416260 127
984416290 127
984416293 127
984416295 127
984481792 127
984481807 127
984481813 127
984481830 127
984547332 127
984547338 127
984547341 127
984547343 127
984612881 127
984612886 127
984612896 127
984612899 127
984678428 127
984678438 127
984678441 127
984678443 127
984743964 127
984743974 127
984743975 127
984743981 127
984809473 127
984809488 127
984809506 127
984809519 127
984875017 127
984875030 127
984875032 127
984875047 127
984940572 127
984940574 127
984940577 127
984940591 127
985006114 127
985006116 127
985006123 127
985006125 127
985071627 127
985071650 127
985071652 127
985071657 127
985137160 127
985137161 127
985137170 127
985137175 127
985202691 127
985202696 127
985202709 127
985202710 127
985268225 127
985268227 127
985268240 127
985268254 127
985333783 127
985333786 127
985333788 127
985333797 127
985399328 127
985399331 127
985399341 127
985399342 127
985464841 127
985464855 127
985464874 127
985464876 127
985530396 127
985530403 127
985530405 127
985530406 127
985595944 127
985595949 127
985595950 127
985595951 127
985661466 127
985661469 127
985661483 127
985661484 127
985726987 127
985726996 127
985727001 127
985727022 127
985792515 127
985792524 127
985792542 127
985792553 127
985858071 127
985858077 127
985858078 127
985858084 127
985923589 127
985923590 127
985923595 127
985923600 127
985989134 127
985989144 127
985989149 127
985989163 127
986054677 127
986054680 127
986054687 127
986054694 127
986120193 127
986120196 127
986120198 127
986120199 127
986185757 127
986185758 127
986185759 127
986185760 127
986251269 127
986251283 127
986251286 127
986251308 127
986316808 127
986316809 127
986316827 127
986316842 127
986382341 127
986382364 127
986382378 127
986382379 127
986447901 127
986447904 127
986447906 127
986447919 127
986513427 127
986513441 127
986513450 127
986513452 127
986578948 127
986578974 127
986578985 127
986578987 127
986644489 127
986644491 127
986644492 127
986644494 127
986710020 127
986710021 127
986710022 127
986710039 127
986775553 127
986775556 127
986775571 127
986775586 127
986841090 127
986841128 127
986841129 127
986841135 127
986906633 127
986906647 127
986906650 127
986906668 127
986972170 127
986972171 127
986972184 127
986972185 127
987037726 127
987037728 127
987037729 127
987037743 127
987103241 127
987103244 127
987103246 127
987103255 127
987168802 127
987168807 127
987168809 127
987168812 127
987234306 127
987234311 127
987234328 127
987234341 127
987299845 127
987299864 127
987299866 127
987299887 127
987365376 127
987365415 127
987365417 127
987365418 127
987430932 127
987430935 127
987430949 127
987430958 127
987496453 127
987496458 127
987496475 127
987496476 127
987562003 127
987562010 127
987562024 127
987562029 127
987627543 127
987627553 127
987627562 127
987627564 127
987693082 127
987693100 127
987693101 127
987693103 127
987758594 127
987758617 127
987758619 127
987758636 127
987824128 127
987824163 127
987824165 127
987824170 127
987889680 127
987889689 127
987889703 127
987889710 127
987955209 127
987955210 127
987955211 127
987955216 127
988020736 127
988020739 127
988020761 127
988020782 127
988086272 127
988086273 127
988086287 127
988086298 127
988151809 127
988151850 127
988151852 127
988151855 127
988217345 127
988217347 127
988217360 127
988217382 127
988282880 127
988282883 127
988282886 127
988282889 127
988348424 127
988348433 127
988348446 127
988348455 127
988413968 127
988413969 127
988413971 127
988413982 127
988479496 127
988479502 127
988479505 127
988479519 127
988545031 127
988545034 127
988545068 127
988545069 127
988610576 127
988610577 127
988610586 127
988610591 127
988676105 127
988676106 127
988676107 127
988676128 127
988741646 127
988741661 127
988741676 127
988741679 127
988807185 127
988807187 127
988807188 127
988807190 127
988872732 127
988872737 127
988872750 127
988872751 127
988938241 127
988938255 127
988938258 127
988938264 127
989003810 127
989003820 127
989003821 127
989003823 127
989069334 127
989069336 127
989069339 127
989069353 127
989134866 127
989134867 127
989134869 127
989134872 127
989200390 127
989200404 127
989200413 127
989200431 127
989265920 127
989265938 127
989265957 127
989265963 127
989331473 127
989331488 127
989331490 127
989331503 127
989397005 127
989397023 127
989397024 127
989397034 127
989462547 127
989462561 127
989462562 127
989462564 127
989528065 127
989528070 127
989528079 127
989528100 127
989593639 127
989593641 127
989593644 127
989593646 127
989659140 127
989659142 127
989659167 127
989659173 127
989724698 127
989724707 127
989724716 127
989724717 127
989790210 127
989790216 127
989790217 127
989790223 127
989855772 127
989855774 127
989855781 127
989855791 127
989921310 127
989921315 127
989921316 127
989921325 127
989986818 127
989986853 127
989986855 127
989986856 127
990052355 127
990052385 127
990052390 127
990052396 127
990117894 127
990117897 127
990117899 127
990117900 127
990183428 127
990183433 127
990183458 127
990183463 127
990248970 127
990248973 127
990248987 127
990249000 127
990314507 127
990314510 127
990314512 127
990314513 127
990380032 127
990380035 127
990380037 127
990380054 127
990445569 127
990445570 127
990445579 127
990445596 127
990511109 127
990511110 127
990511112 127
990511123 127
990576647 127
990576652 127
990576682 127
990576685 127
990642176 127
990642181 127
990642186 127
990642223 127
990707718 127
990707719 127
990707753 127
990707756 127
990773274 127
990773292 127
990773293 127
990773295 127
990838788 127
990838794 127
990838797 127
990838811 127
990904340 127
990904358 127
990904359 127
990904361 127
990969869 127
990969870 127
990969871 127
990969888 127
991035409 127
991035412 127
991035415 127
991035418 127
991100932 127
991100935 127
991100950 127
991100965 127
991166485 127
991166488 127
991166499 127
991166506 127
991232011 127
991232029 127
991232032 127
991232038 127
991297549 127
991297558 127
991297563 127
991297576 127
991363074 127
991363076 127
991363089 127
991363103 127
991428630 127
991428633 127
991428635 127
991428644 127
991494144 127
991494146 127
991494159 127
991494161 127
991559693 127
991559695 127
991559700 127
991559726 127
991625217 127
991625248 127
991625262 127
991625263 127
991690771 127
991690780 127
991690785 127
991690794 127
991756315 127
991756322 127
991756324 127
991756333 127
991821844 127
991821849 127
991821863 127
991821870 127
991887366 127
991887384 127
991887389 127
991887403 127
991952908 127
991952926 127
991952927 127
991952929 127
992018459 127
992018473 127
992018476 127
992018478 127
992083994 127
992083996 127
992083999 127
992084005 127
992149538 127
992149541 127
992149547 127
992149548 127
992215043 127
992215045 127
992215048 127
992215086 127
992280577 127
992280587 127
992280592 127
992280594 127
992346136 127
992346141 127
992346150 127
992346151 127
992411661 127
992411670 127
992411675 127
992411676 127
992477189 127
992477191 127
992477192 127
992477206 127
992542731 127
992542744 127
992542757 127
992542762 127
992608283 127
992608286 127
992608288 127
992608297 127
992673823 127
992673826 127
992673836 127
992673837 127
992739332 127
992739333 127
992739335 127
992739338 127
992804864 127
992804877 127
992804878 127
992804887 127
992870402 127
992870403 127
992870416 127
992870417 127
992935953 127
992935956 127
992935967 127
992935974 127
993001472 127
993001491 127
993001510 127
993001513 127
993067021 127
993067023 127
993067026 127
993067044 127
993132544 127
993132558 127
993132561 127
993132579 127
993198087 127
993198109 127
993198122 127
993198124 127
993263616 127
993263617 127
993263619 127
993263638 127
993329152 127
993329167 127
993329170 127
993329189 127
993394701 127
993394704 127
993394719 127
993394722 127
993460233 127
993460244 127
993460247 127
993460262 127
993525762 127
993525777 127
993525780 127
993525803 127
993591298 127
993591299 127
993591300 127
993591317 127
993656833 127
993656846 127
993656848 127
993656855 127
993722372 127
993722379 127
993722382 127
993722389 127
993787931 127
993787936 127
993787938 127
993787941 127
993853448 127
993853469 127
993853471 127
993853474 127
993918984 127
993919010 127
993919017 127
993919019 127
993984513 127
993984522 127
993984523 127
993984528 127
994050056 127
994050082 127
994050083 127
994050085 127
994115605 127
994115622 127
994115624 127
994115631 127
994181143 127
994181148 127
994181157 127
994181162 127
994246659 127
994246664 127
994246665 127
994246666 127
994312200 127
994312210 127
994312217 127
994312219 127
994377735 127
994377738 127
994377749 127
994377772 127
994443269 127
994443272 127
994443294 127
994443307 127
994508841 127
994508843 127
994508844 127
994508846 127
994574354 127
994574355 127
994574357 127
994574360 127
994639875 127
994639898 127
994639912 127
994639917 127
994705410 127
994705433 127
994705436 127
994705439 127
994770979 127
994770986 127
994770988 127
994770989 127
994836490 127
994836495 127
994836508 127
994836513 127
994902016 127
994902030 127
994902051 127
994902053 127
994967558 127
994967564 127
994967569 127
994967575 127
995033097 127
995033131 127
995033132 127
995033134 127
995098642 127
995098644 127
995098645 127
995098671 127
995164178 127
995164184 127
995164197 127
995164199 127
995229699 127
995229725 127
995229726 127
995229728 127
995295237 127
995295240 127
995295243 127
995295254 127
995360787 127
995360797 127
995360798 127
995360800 127
995426327 127
995426334 127
995426344 127
995426349 127
995491849 127
995491860 127
995491863 127
995491878 127
995557384 127
995557391 127
995557394 127
995557405 127
995622919 127
995622920 127
995622922 127
995622941 127
995688452 127
995688457 127
995688459 127
995688474 127
995753985 127
995753986 127
995753988 127
995753991 127
995819526 127
995819545 127
995819547 127
995819548 127
995885061 127
995885084 127
995885094 127
995885103 127
995950596 127
995950605 127
995950610 127
995950615 127
996016129 127
996016136 127
996016147 127
996016150 127
996081673 127
996081676 127
996081694 127
996081695 127
996147207 127
996147233 127
996147238 127
996147244 127
996212744 127
996212749 127
996212774 127
996212775 127
996278275 127
996278281 127
996278290 127
996278296 127
996343808 127
996343813 127
996343835 127
996343838 127
996409353 127
996409354 127
996409356 127
996409371 127
996474898 127
996474899 127
996474901 127
996474904 127
996540430 127
996540448 127
996540453 127
996540459 127
996605960 127
996605962 127
996605981 127
996605995 127
996671519 127
996671522 127
996671525 127
996671528 127
996737029 127
996737058 127
996737067 127
996737068 127
996802567 127
996802568 127
996802569 127
996802574 127
996868104 127
996868138 127
996868139 127
996868141 127
996933659 127
996933669 127
996933674 127
996933676 127
996999168 127
996999191 127
996999205 127
996999206 127
997064707 127
997064710 127
997064712 127
997064733 127
997130253 127
997130272 127
997130275 127
997130282 127
997195777 127
997195778 127
997195779 127
997195792 127
997261312 127
997261314 127
997261323 127
997261337 127
997326849 127
997326859 127
997326862 127
997326864 127
997392388 126
997392391 127
997392401 127
997392422 127
997457929 127
997457932 127
997457935 127
997457966 127
997523470 127
997523483 127
997523488 127
997523493 127
997588992 127
997589003 127
997589006 127
997589009 127
997654536 127
997654538 127
997654543 127
997654553 127
997720069 127
997720070 127
997720075 127
997720076 127
997785600 127
997785626 127
997785629 127
997785635 127
997851150 127
997851171 127
997851180 127
997851181 127
997916688 127
997916709 127
997916710 127
997916711 127
997982219 127
997982228 127
997982230 127
997982233 127
998047765 127
998047766 127
998047787 127
998047788 127
998113286 127
998113296 127
998113309 127
998113323 127
998178820 127
998178845 127
998178847 127
998178850 127
998244353 127
998244356 127
998244366 127
998244387 127
998309902 127
998309905 127
998309907 127
998309908 127
998375446 127
998375456 127
998375465 127
998375471 127
998440975 127
998440978 127
998440988 127
998440993 127
998506515 127
998506521 127
998506524 127
998506538 127
998572036 127
998572045 127
998572046 127
998572063 127
998637580 127
998637581 127
998637591 127
998637594 127
998703111 127
998703130 127
998703133 127
998703148 127
998768643 127
998768652 127
998768653 127
998768686 127
998834194 127
998834195 127
998834205 127
998834208 127
998899721 127
998899740 127
998899751 127
998899754 127
998965259 127
998965261 127
998965292 127
998965294 127
999030803 127
999030808 127
999030813 127
999030826 127
999096344 127
999096350 127
999096361 127
999096363 127
999161857 127
999161858 127
999161860 127
999161867 127
999227402 127
999227429 127
999227432 127
999227435 127
999292934 127
999292953 127
999292967 127
999292968 127
999358467 127
999358488 127
999358489 127
999358506 127
999424005 127
999424008 127
999424031 127
999424042 127
999489547 127
999489580 127
999489581 127
999489582 127
999555073 127
999555084 127
999555094 127
999555103 127
999620623 127
999620626 127
999620645 127
999620648 127
999686150 127
999686153 127
999686183 127
999686188 127
999751697 127
999751706 127
999751711 127
999751716 127
999817238 127
999817240 127
999817241 127
999817259 127
999882782 127
999882788 127
999882797 127
999882799 127
999948295 127
999948316 127
999948318 127
999948329 127
1000013836 127
1000013841 127
1000013842 127
1000013851 127
1000079370 127
1000079372 127
1000079389 127
1000079391 127
1000144896 127
1000144931 127
1000144933 127
1000144942 127
1000210451 127
1000210452 127
1000210454 127
1000210473 127
1000276000 127
1000276001 127
1000276002 127
1000276003 127
1000341548 127
1000341549 127
1000341550 127
1000341551 127
1000407054 127
1000407057 127
1000407071 127
1000407076 127
1000472577 127
1000472579 127
1000472598 127
1000472612 127
1000538117 127
1000538120 127
1000538122 127
1000538123 127
1000603653 127
1000603680 127
1000603683 127
1000603694 127
1000669184 127
1000669185 127
1000669186 127
1000669187 127
1000734725 127
1000734726 127
1000734728 127
1000734767 127
1000800261 127
1000800272 127
1000800287 127
1000800290 127
1000865793 127
1000865808 127
1000865827 127
1000865830 127
1000931331 127
1000931349 127
1000931350 127
1000931360 127
1000996873 127
1000996886 127
1000996891 127
1000996904 127
1001062402 127
1001062404 127
1001062405 127
1001062411 127
1001127947 127
1001127964 127
1001127966 127
1001127981 127
1001193476 127
1001193478 127
1001193485 127
1001193487 127
1001259025 127
1001259027 127
1001259028 127
1001259054 127
1001324556 127
1001324557 127
1001324566 127
1001324567 127
1001390083 127
1001390093 127
1001390102 127
1001390104 127
1001455626 127
1001455636 127
1001455641 127
1001455647 127
1001521165 127
1001521171 127
1001521178 127
1001521184 127
1001586695 127
1001586728 127
1001586733 127
1001586734 127
1001652229 127
1001652248 127
1001652250 127
1001652251 127
1001717764 127
1001717786 127
1001717795 127
1001717805 127
1001783301 127
1001783302 127
1001783332 127
1001783339 127
1001848852 127
1001848854 127
1001848867 127
1001848873 127
1001914375 127
1001914378 127
1001914381 127
1001914388 127
1001979904 127
1001979919 127
1001979934 127
1001979937 127
1002045440 127
1002045441 127
1002045455 127
1002045462 127
1002110982 127
1002110987 127
1002111016 127
1002111017 127
1002176526 127
1002176544 127
1002176553 127
1002176555 127
1002242067 127
1002242068 127
1002242069 127
1002242070 127
1002307593 127
1002307595 127
1002307596 127
1002307622 127
1002373145 127
1002373146 127
1002373155 127
1002373164 127
1002438665 127
1002438666 127
1002438672 127
1002438675 127
1002504199 127
1002504202 127
1002504208 127
1002504213 127
1002569736 127
1002569741 127
1002569746 127
1002569751 127
1002635269 127
1002635279 127
1002635292 127
1002635298 127
1002700802 127
1002700816 127
1002700835 127
1002700837 127
1002766354 127
1002766361 127
1002766368 127
1002766375 127
1002831876 127
1002831878 127
1002831887 127
1002831889 127
1002897409 127
1002897419 127
1002897426 127
1002897436 127
1002962966 127
1002962969 127
1002962971 127
1002962972 127
1003028485 127
1003028490 127
1003028496 127
1003028507 127
1003094048 127
1003094049 127
1003094054 127
1003094063 127
1003159564 127
1003159574 127
1003159585 127
1003159599 127
1003225089 127
1003225103 127
1003225110 127
1003225112 127
1003290625 127
1003290631 127
1003290638 127
1003290652 127
1003356177 127
1003356178 127
1003356180 127
1003356203 127
1003421726 127
1003421729 127
1003421731 127
1003421736 127
1003487244 127
1003487258 127
1003487265 127
1003487275 127
1003552785 127
1003552806 127
1003552812 127
1003552815 127
1003618330 127
1003618332 127
1003618335 127
1003618341 127
1003683861 127
1003683870 127
1003683879 127
1003683884 127
1003749378 127
1003749380 127
1003749381 127
1003749395 127
1003814925 127
1003814938 127
1003814940 127
1003814947 127
1003880454 127
1003880455 127
1003880457 127
1003880492 127
1003946002 127
1003946003 127
1003946008 127
1003946009 127
1004011531 127
1004011532 127
1004011538 127
1004011541 127
1004077076 127
1004077085 127
1004077090 127
1004077099 127
1004142609 127
1004142611 127
1004142626 127
1004142632 127
1004208134 127
1004208147 127
1004208153 127
1004208168 127
1004273664 127
1004273667 127
1004273681 127
1004273698 127
1004339202 127
1004339203 127
1004339209 127
1004339216 127
1004404750 127
1004404761 127
1004404764 127
1004404783 127
1004470306 127
1004470311 127
1004470313 127
1004470316 127
1004535813 127
1004535818 127
1004535848 127
1004535851 127
1004601355 127
1004601358 127
1004601380 127
1004601385 127
1004666896 127
1004666909 127
1004666910 127
1004666911 127
1004732416 127
1004732417 127
1004732426 127
1004732427 127
1004797956 127
1004797957 127
1004797959 127
1004797966 127
1004863492 127
1004863497 127
1004863503 127
1004863506 127
1004929038 127
1004929040 127
1004929057 127
1004929059 127
1004994571 127
1004994576 127
1004994581 127
1004994594 127
1005060110 127
1005060116 127
1005060121 127
1005060123 127
1005125638 127
1005125643 127
1005125652 127
1005125677 127
1005191169 127
1005191170 127
1005191184 127
1005191195 127
1005256732 127
1005256749 127
1005256750 127
1005256751 127
1005322242 127
1005322243 127
1005322244 127
1005322245 127
1005387777 127
1005387792 127
1005387799 127
1005387806 127
1005453318 127
1005453321 127
1005453332 127
1005453355 127
1005518852 127
1005518854 127
1005518863 127
1005518865 127
1005584385 127
1005584394 127
1005584400 127
1005584419 127
1005649924 127
1005649950 127
1005649957 127
1005649959 127
1005715469 127
1005715472 127
1005715474 127
1005715495 127
1005780998 127
1005781019 127
1005781028 127
1005781037 127
1005846529 127
1005846530 127
1005846535 127
1005846548 127
1005912076 127
1005912079 127
1005912094 127
1005912097 127
1005977600 127
1005977618 127
1005977619 127
1005977621 127
1006043138 127
1006043140 127
1006043141 127
1006043167 127
1006108672 127
1006108689 127
1006108699 127
1006108702 127
1006174216 127
1006174219 127
1006174229 127
1006174234 127
1006239745 127
1006239752 127
1006239762 127
1006239767 127
1006305287 127
1006305290 127
1006305292 127
1006305305 127
1006370822 127
1006370836 127
1006370845 127
1006370859 127
1006436368 127
1006436373 127
1006436387 127
1006436394 127
1006501901 127
1006501922 127
1006501927 127
1006501928 127
1006567429 127
1006567432 127
1006567434 127
1006567443 127
1006632961 127
1006632971 127
1006632972 127
1006632974 127
1006698496 127
1006698498 127
1006698501 127
1006698527 127
1006764039 127
1006764041 127
1006764044 127
1006764062 127
1006829569 127
1006829571 127
1006829584 127
1006829594 127
1006895111 127
1006895125 127
1006895126 127
1006895140 127
1006960654 127
1006960655 127
1006960656 127
1006960673 127
1007026188 127
1007026211 127
1007026213 127
1007026222 127
1007091720 127
1007091722 127
1007091747 127
1007091749 127
1007157262 127
1007157280 127
1007157287 127
1007157293 127
1007222802 127
1007222808 127
1007222811 127
1007222813 127
1007288333 127
1007288334 127
1007288352 127
1007288367 127
1007353857 127
1007353864 127
1007353870 127
1007353871 127
1007419406 127
1007419417 127
1007419423 127
1007419428 127
1007484944 127
1007484947 127
1007484954 127
1007484965 127
1007550464 127
1007550475 127
1007550478 127
1007550505 127
1007616001 127
1007616002 127
1007616003 127
1007616020 127
1007681542 127
1007681565 127
1007681572 127
1007681579 127
1007747084 127
1007747086 127
1007747087 127
1007747101 127
1007812617 127
1007812622 127
1007812623 127
1007812632 127
1007878152 127
1007878155 127
1007878162 127
1007878185 127
1007943683 127
1007943686 127
1007943689 127
1007943724 127
1008009219 127
1008009230 127
1008009240 127
1008009241 127
1008074761 127
1008074778 127
1008074783 127
1008074784 127
1008140297 127
1008140300 127
1008140315 127
1008140318 127
1008205824 127
1008205829 127
1008205842 127
1008205855 127
1008271371 127
1008271380 127
1008271389 127
1008271390 127
1008336907 127
1008336910 127
1008336912 127
1008336913 127
1008402452 127
1008402454 127
1008402455 127
1008402469 127
1008467969 127
1008467970 127
1008467971 127
1008467972 127
1008533516 127
1008533518 127
1008533533 127
1008533551 127
1008599055 127
1008599072 127
1008599074 127
1008599077 127
1008664599 127
1008664600 127
1008664613 127
1008664614 127
1008730112 127
1008730117 127
1008730118 127
1008730119 127
1008795650 127
1008795652 127
1008795667 127
1008795693 127
1008861197 127
1008861198 127
1008861200 127
1008861203 127
1008926736 127
1008926750 127
1008926753 127
1008926755 127
1008992269 127
1008992270 127
1008992271 127
1008992300 127
1009057793 127
1009057812 127
1009057827 127
1009057830 127
1009123328 127
1009123343 127
1009123345 127
1009123346 127
1009188866 127
1009188876 127
1009188883 127
1009188893 127
1009254406 127
1009254408 127
1009254425 127
1009254435 127
1009319937 127
1009319958 127
1009319959 127
1009319964 127
1009385486 127
1009385491 127
1009385497 127
1009385500 127
1009451010 127
1009451015 127
1009451020 127
1009451029 127
1009516560 127
1009516574 127
1009516581 127
1009516587 127
1009582088 127
1009582089 127
1009582095 127
1009582126 127
1009647623 127
1009647626 127
1009647637 127
1009647644 127
1009713156 127
1009713175 127
1009713177 127
1009713182 127
1009778688 127
1009778698 127
1009778701 127
1009778723 127
1009844243 127
1009844245 127
1009844248 127
1009844254 127
1009909764 127
1009909777 127
1009909779 127
1009909782 127
1009975299 127
1009975313 127
1009975316 127
1009975318 127
1010040844 127
1010040850 127
1010040859 127
1010040869 127
1010106371 127
1010106378 127
1010106385 127
1010106408 127
1010171906 127
1010171917 127
1010171919 127
1010171924 127
1010237446 127
1010237456 127
1010237463 127
1010237465 127
1010303000 127
1010303003 127
1010303014 127
1010303021 127
1010368516 127
1010368549 127
1010368551 127
1010368554 127
1010434056 127
1010434058 127
1010434061 127
1010434071 127
1010499591 127
1010499610 127
1010499625 127
1010499628 127
1010565124 127
1010565133 127
1010565134 127
1010565147 127
1010630693 127
1010630694 127
1010630696 127
1010630703 127
1010696195 127
1010696209 127
1010696210 127
1010696212 127
1010761728 127
1010761735 127
1010761737 127
1010761766 127
1010827275 127
1010827300 127
1010827309 127
1010827310 127
1010892801 127
1010892823 127
1010892840 127
1010892842 127
1010958345 127
1010958360 127
1010958374 127
1010958379 127
1011023872 127
1011023875 127
1011023893 127
1011023902 127
1011089430 127
1011089437 127
1011089439 127
1011089448 127
1011154950 127
1011154953 127
1011154975 127
1011154984 127
1011220495 127
1011220508 127
1011220513 127
1011220526 127
1011286019 127
1011286022 127
1011286024 127
1011286041 127
1011351559 127
1011351574 127
1011351576 127
1011351581 127
1011417097 127
1011417099 127
1011417100 127
1011417110 127
1011482629 127
1011482634 127
1011482636 127
1011482659 127
1011548170 127
1011548173 127
1011548184 127
1011548187 127
1011613703 127
1011613714 127
1011613716 127
1011613721 127
1011679248 127
1011679250 127
1011679251 127
1011679265 127
1011744768 127
1011744770 127
1011744771 127
1011744781 127
1011810315 127
1011810320 127
1011810333 127
1011810350 127
1011875844 127
1011875845 127
1011875854 127
1011875863 127
1011941395 127
1011941405 127
1011941414 127
1011941416 127
1012006912 127
1012006925 127
1012006942 127
1012006947 127
1012072464 127
1012072467 127
1012072481 127
1012072486 127
1012138001 127
1012138004 127
1012138011 127
1012138018 127
1012203522 127
1012203525 127
1012203539 127
1012203544 127
1012269064 127
1012269075 127
1012269078 127
1012269081 127
1012334605 127
1012334610 127
1012334619 127
1012334628 127
1012400140 127
1012400157 127
1012400170 127
1012400175 127
1012465697 127
1012465698 127
1012465699 127
1012465704 127
1012531201 127
1012531227 127
1012531240 127
1012531246 127
1012596763 127
1012596768 127
1012596773 127
1012596774 127
1012662299 127
1012662312 127
1012662317 127
1012662318 127
1012727815 127
1012727820 127
1012727841 127
1012727842 127
1012793349 127
1012793372 127
1012793382 127
1012793383 127
1012858900 127
1012858903 127
1012858914 127
1012858925 127
1012924429 127
1012924455 127
1012924456 127
1012924462 127
1012989953 127
1012989970 127
1012989972 127
1012989999 127
1013055493 127
1013055496 127
1013055498 127
1013055527 127
1013121024 127
1013121034 127
1013121035 127
1013121037 127
1013186592 127
1013186593 127
1013186595 127
1013186598 127
1013252099 127
1013252116 127
1013252117 127
1013252118 127
1013317633 127
1013317639 127
1013317654 127
1013317672 127
1013383172 127
1013383178 127
1013383193 127
1013383199 127
1013448712 127
1013448713 127
1013448723 127
1013448738 127
1013514240 127
1013514245 127
1013514246 127
1013514283 127
1013579780 127
1013579789 127
1013579794 127
1013579803 127
1013645323 127
1013645333 127
1013645334 127
1013645336 127
1013710874 127
1013710876 127
1013710889 127
1013710891 127
1013776395 127
1013776396 127
1013776402 127
1013776405 127
1013841953 127
1013841954 127
1013841959 127
1013841960 127
1013907481 127
1013907483 127
1013907484 127
1013907494 127
1013973011 127
1013973020 127
1013973021 127
1013973034 127
1014038534 127
1014038541 127
1014038548 127
1014038551 127
1014104064 127
1014104083 127
1014104097 127
1014104106 127
1014169606 127
1014169613 127
1014169620 127
1014169623 127
1014235146 127
1014235149 127
1014235160 127
1014235167 127
1014300678 127
1014300685 127
1014300688 127
1014300719 127
1014366215 127
1014366232 127
1014366241 127
1014366246 127
1014431750 127
1014431753 127
1014431764 127
1014431783 127
1014497282 127
1014497289 127
1014497291 127
1014497292 127
1014562830 127
1014562833 127
1014562848 127
1014562863 127
1014628354 127
1014628360 127
1014628375 127
1014628393 127
1014693900 127
1014693918 127
1014693931 127
1014693933 127
1014759427 127
1014759429 127
1014759430 127
1014759456 127
1014824971 127
1014824981 127
1014824982 127
1014824996 127
1014890503 127
1014890520 127
1014890525 127
1014890534 127
1014956042 127
1014956047 127
1014956053 127
1014956060 127
1015021570 127
1015021580 127
1015021583 127
1015021585 127
1015087111 127
1015087112 127
1015087121 127
1015087146 127
1015152655 127
1015152680 127
1015152681 127
1015152682 127
1015218183 127
1015218209 127
1015218216 127
1015218222 127
1015283719 127
1015283736 127
1015283745 127
1015283754 127
1015349267 127
1015349270 127
1015349272 127
1015349273 127
1015414788 127
1015414799 127
1015414814 127
1015414825 127
1015480340 127
1015480353 127
1015480359 127
1015480366 127
1015545865 126
1015545868 127
1015545878 127
1015545879 127
1015611395 127
1015611397 127
1015611410 127
1015611420 127
1015676928 127
1015676953 127
1015676954 127
1015676963 127
1015742486 127
1015742492 127
1015742497 127
1015742511 127
1015808004 127
1015808009 127
1015808014 127
1015808023 127
1015873536 127
1015873543 127
1015873554 127
1015873557 127
1015939076 127
1015939095 127
1015939098 127
1015939101 127
1016004608 127
1016004610 127
1016004611 127
1016004613 127
1016070148 127
1016070155 127
1016070162 127
1016070165 127
1016135681 127
1016135687 127
1016135692 127
1016135694 127
1016201223 127
1016201242 127
1016201244 127
1016201245 127
1016266757 127
1016266771 127
1016266774 127
1016266788 127
1016332289 127
1016332298 127
1016332332 127
1016332335 127
1016397827 127
1016397829 127
1016397854 127
1016397864 127
1016463366 127
1016463369 127
1016463392 127
1016463399 127
1016528904 127
1016528938 127
1016528941 127
1016528943 127
1016594443 127
1016594448 127
1016594453 127
1016594462 127
1016659970 127
1016659975 127
1016659976 127
1016660009 127
1016725537 127
1016725540 127
1016725542 127
1016725547 127
1016791060 127
1016791062 127
1016791063 127
1016791065 127
1016856583 127
1016856589 127
1016856610 127
1016856620 127
1016922131 127
1016922138 127
1016922140 127
1016922145 127
1016987667 127
1016987681 127
1016987690 127
1016987692 127
1017053208 127
1017053218 127
1017053219 127
1017053225 127
1017118731 127
1017118738 127
1017118748 127
1017118753 127
1017184256 127
1017184287 127
1017184289 127
1017184290 127
1017249808 127
1017249809 127
1017249811 127
1017249814 127
1017315343 127
1017315345 127
1017315350 127
1017315364 127
1017380872 127
1017380883 127
1017380897 127
1017380898 127
1017446426 127
1017446429 127
1017446431 127
1017446436 127
1017511949 127
1017511956 127
1017511958 127
1017511963 127
1017577474 127
1017577479 127
1017577509 127
1017577512 127
1017643009 127
1017643043 127
1017643048 127
1017643050 127
1017708556 127
1017708558 127
1017708565 127
1017708583 127
1017774114 127
1017774116 127
1017774121 127
1017774123 127
1017839629 127
1017839636 127
1017839639 127
1017839646 127
1017905159 127
1017905184 127
1017905189 127
1017905194 127
1017970692 127
1017970710 127
1017970713 127
1017970719 127
1018036235 127
1018036237 127
1018036258 127
1018036260 127
1018101760 127
1018101767 127
1018101774 127
1018101777 127
1018167311 127
1018167321 127
1018167338 127
1018167340 127
1018232833 127
1018232844 127
1018232858 127
1018232879 127
1018298375 127
1018298389 127
1018298394 127
1018298404 127
1018363929 127
1018363932 127
1018363942 127
1018363951 127
1018429453 127
1018429455 127
1018429460 127
1018429474 127
1018494983 127
1018494997 127
1018495020 127
1018495022 127
1018560518 127
1018560519 127
1018560524 127
1018560529 127
1018626062 127
1018626068 127
1018626073 127
1018626087 127
1018691617 127
1018691620 127
1018691627 127
1018691630 127
1018757145 127
1018757150 127
1018757151 127
1018757152 127
1018822683 127
1018822690 127
1018822692 127
1018822697 127
1018888196 127
1018888210 127
1018888223 127
1018888237 127
1018953734 127
1018953741 127
1018953743 127
1018953756 127
1019019272 127
1019019286 127
1019019289 127
1019019291 127
1019084800 127
1019084814 127
1019084821 127
1019084835 127
1019150342 127
1019150380 127
1019150381 127
1019150383 127
1019215890 127
1019215907 127
1019215909 127
1019215916 127
1019281411 127
1019281421 127
1019281440 127
1019281442 127
1019346976 127
1019346979 127
1019346982 127
1019346989 127
1019412480 127
1019412499 127
1019412502 127
1019412513 127
1019478034 127
1019478035 127
1019478045 127
1019478056 127
1019543561 127
1019543572 127
1019543579 127
1019543586 127
1019609092 127
1019609105 127
1019609118 127
1019609119 127
1019674630 127
1019674660 127
1019674661 127
1019674671 127
1019740160 127
1019740162 127
1019740193 127
1019740203 127
1019805702 127
1019805707 127
1019805709 127
1019805716 127
1019871234 127
1019871240 127
1019871245 127
1019871251 127
1019936782 127
1019936788 127
1019936789 127
1019936795 127
1020002325 127
1020002330 127
1020002343 127
1020002344 127
1020067843 127
1020067862 127
1020067865 127
1020067872 127
1020133404 127
1020133410 127
1020133421 127
1020133423 127
1020198918 127
1020198927 127
1020198929 127
1020198932 127
1020264454 127
1020264460 127
1020264477 127
1020264479 127
1020329999 127
1020330001 127
1020330004 127
1020330018 127
1020395523 127
1020395530 127
1020395548 127
1020395561 127
1020461064 127
1020461074 127
1020461083 127
1020461085 127
1020526610 127
1020526617 127
1020526624 127
1020526635 127
1020592130 127
1020592132 127
1020592139 127
1020592157 127
1020657681 127
1020657691 127
1020657692 127
1020657706 127
1020723216 127
1020723226 127
1020723237 127
1020723247 127
1020788771 127
1020788777 127
1020788778 127
1020788780 127
1020854273 127
1020854283 127
1020854298 127
1020854304 127
1020919812 127
1020919817 127
1020919830 127
1020919835 127
1020985345 127
1020985359 127
1020985360 127
1020985362 127
1021050907 127
1021050913 127
1021050922 127
1021050924 127
1021116437 127
1021116447 127
1021116454 127
1021116460 127
1021181952 127
1021181970 127
1021181993 127
1021181995 127
1021247494 127
1021247504 127
1021247519 127
1021247533 127
1021313050 127
1021313057 127
1021313059 127
1021313064 127
1021378567 127
1021378584 127
1021378593 127
1021378602 127
1021444104 127
1021444109 127
1021444142 127
1021444143 127
1021509633 127
1021509650 127
1021509655 127
1021509668 127
1021575169 127
1021575190 127
1021575192 127
1021575195 127
1021640727 127
1021640728 127
1021640730 127
1021640737 127
1021706273 127
1021706282 127
1021706283 127
1021706284 127
1021771780 127
1021771809 127
1021771811 127
1021771814 127
1021837313 127
1021837318 127
1021837319 127
1021837348 127
1021902869 127
1021902871 127
1021902882 127
1021902884 127
1021968390 127
1021968413 127
1021968420 127
1021968423 127
1022033921 127
1022033958 127
1022033960 127
1022033963 127
1022099456 127
1022099457 127
1022099487 127
1022099502 127
1022165027 127
1022165032 127
1022165037 127
1022165038 127
1022230530 127
1022230545 127
1022230568 127
1022230575 127
1022296071 127
1022296088 127
1022296094 127
1022296109 127
1022361612 127
1022361613 127
1022361635 127
1022361638 127
1022427154 127
1022427163 127
1022427172 127
1022427177 127
1022492700 127
1022492710 127
1022492711 127
1022492713 127
1022558240 127
1022558250 127
1022558253 127
1022558255 127
1022623758 127
1022623760 127
1022623781 127
1022623787 127
1022689297 127
1022689306 127
1022689307 127
1022689312 127
1022754835 127
1022754836 127
1022754842 127
1022754849 127
1022820358 127
1022820360 127
1022820377 127
1022820379 127
1022885922 127
1022885927 127
1022885929 127
1022885932 127
1022951441 127
1022951444 127
1022951454 127
1022951467 127
1023016976 127
1023016981 127
1023016983 127
1023016994 127
1023082497 127
1023082514 127
1023082516 127
1023082523 127
1023148044 127
1023148067 127
1023148069 127
1023148078 127
1023213581 127
1023213592 127
1023213598 127
1023213599 127
1023279106 127
1023279112 127
1023279113 127
1023279119 127
1023344655 127
1023344658 127
1023344676 127
1023344677 127
1023410184 127
1023410185 127
1023410202 127
1023410207 127
1023475717 127
1023475735 127
1023475736 127
1023475754 127
1023541273 127
1023541282 127
1023541287 127
1023541292 127
1023606790 127
1023606809 127
1023606819 127
1023606820 127
1023672346 127
1023672352 127
1023672359 127
1023672361 127
1023737858 127
1023737884 127
1023737895 127
1023737897 127
1023803404 127
1023803413 127
1023803415 127
1023803434 127
1023868933 127
1023868958 127
1023868960 127
1023868963 127
1023934496 127
1023934498 127
1023934499 127
1023934505 127
1024000005 127
1024000026 127
1024000040 127
1024000043 127
1024065543 127
1024065557 127
1024065562 127
1024065564 127
1024131084 127
1024131086 127
1024131095 127
1024131097 127
1024196618 127
1024196620 127
1024196649 127
1024196655 127
1024262147 127
1024262150 127
1024262168 127
1024262169 127
1024327685 127
1024327694 127
1024327699 127
1024327720 127
1024393218 127
1024393231 127
1024393248 127
1024393261 127
1024458762 127
1024458781 127
1024458788 127
1024458791 127
1024524289 127
1024524294 127
1024524300 127
1024524315 127
1024589841 127
1024589844 127
1024589866 127
1024589871 127
1024655368 127
1024655369 127
1024655370 127
1024655371 127
1024720897 127
1024720899 127
1024720916 127
1024720930 127
1024786434 127
1024786437 127
1024786443 127
1024786476 127
1024851974 127
1024851979 127
1024851981 127
1024851988 127
1024917508 127
1024917518 127
1024917525 127
1024917535 127
1024983044 127
1024983062 127
1024983063 127
1024983081 127
1025048591 127
1025048598 127
1025048601 127
1025048604 127
1025114134 127
1025114136 127
1025114139 127
1025114157 127
1025179652 127
1025179654 127
1025179661 127
1025179687 127
1025245186 127
1025245188 127
1025245191 127
1025245209 127
1025310730 127
1025310737 127
1025310744 127
1025310751 127
1025376276 127
1025376279 127
1025376298 127
1025376301 127
1025441808 127
1025441810 127
1025441823 127
1025441829 127
1025507335 127
1025507336 127
1025507354 127
1025507357 127
1025572879 127
1025572900 127
1025572905 127
1025572910 127
1025638404 127
1025638410 127
1025638423 127
1025638429 127
1025703938 127
1025703957 127
1025703971 127
1025703976 127
1025769477 127
1025769491 127
1025769500 127
1025769506 127
1025835015 127
1025835029 127
1025835030 127
1025835048 127
1025900567 127
1025900568 127
1025900570 127
1025900577 127
1025966085 127
1025966087 127
1025966096 127
1025966106 127
1026031627 127
1026031637 127
1026031644 127
1026031654 127
1026097161 127
1026097175 127
1026097182 127
1026097184 127
1026162701 127
1026162703 127
1026162724 127
1026162730 127
1026228233 127
1026228235 127
1026228252 127
1026228262 127
1026293780 127
1026293795 127
1026293797 127
1026293798 127
1026359304 127
1026359318 127
1026359341 127
1026359343 127
1026424835 127
1026424865 127
1026424868 127
1026424870 127
1026490380 127
1026490383 127
1026490394 127
1026490413 127
1026555911 127
1026555933 127
1026555936 127
1026555938 127
1026621442 127
1026621444 127
1026621451 127
1026621465 127
1026686976 127
1026686985 127
1026686990 127
1026687003 127
1026752524 127
1026752538 127
1026752541 127
1026752559 127
1026818057 127
1026818060 127
1026818091 127
1026818094 127
1026883588 127
1026883591 127
1026883594 127
1026883605 127
1026949124 127
1026949135 127
1026949137 127
1026949146 127
1027014687 127
1027014692 127
1027014697 127
1027014698 127
1027080193 127
1027080211 127
1027080230 127
1027080232 127
1027145731 127
1027145756 127
1027145761 127
1027145770 127
1027211268 127
1027211295 127
1027211298 127
1027211309 127
1027276800 127
1027276805 127
1027276819 127
1027276826 127
1027342341 127
1027342344 127
1027342350 127
1027342371 127
1027407894 127
1027407912 127
1027407917 127
1027407919 127
1027473423 127
1027473429 127
1027473448 127
1027473450 127
1027538945 127
1027538982 127
1027538987 127
1027538988 127
1027604490 127
1027604501 127
1027604511 127
1027604520 127
1027670019 127
1027670033 127
1027670036 127
1027670038 127
1027735565 127
1027735567 127
1027735570 127
1027735572 127
1027801088 127
1027801114 127
1027801121 127
1027801123 127
1027866634 127
1027866636 127
1027866637 127
1027866659 127
1027932166 127
1027932185 127
1027932188 127
1027932195 127
1027997702 127
1027997705 127
1027997719 127
1027997740 127
1028063250 127
1028063252 127
1028063261 127
1028063263 127
1028128768 127
1028128769 127
1028128771 127
1028128778 127
1028194305 127
1028194307 127
1028194308 127
1028194322 127
1028259853 127
1028259858 127
1028259863 127
1028259868 127
1028325382 127
1028325389 127
1028325403 127
1028325416 127
1028390914 127
1028390924 127
1028390933 127
1028390947 127
1028456467 127
1028456473 127
1028456476 127
1028456478 127
1028521984 127
1028521990 127
1028521993 127
1028522007 127
1028587534 127
1028587539 127
1028587541 127
1028587552 127
1028653070 127
1028653084 127
1028653099 127
1028653101 127
1028718599 127
1028718600 127
1028718605 127
1028718606 127
1028784128 127
1028784131 127
1028784133 127
1028784154 127
1028849669 127
1028849678 127
1028849683 127
1028849704 127
1028915204 127
1028915219 127
1028915221 127
1028915230 127
1028980758 127
1028980764 127
1028980781 127
1028980783 127
1029046287 127
1029046302 127
1029046308 127
1029046313 127
1029111818 127
1029111821 127
1029111840 127
1029111851 127
1029177374 127
1029177380 127
1029177381 127
1029177391 127
1029242903 127
1029242906 127
1029242920 127
1029242921 127
1029308432 127
1029308441 127
1029308447 127
1029308462 127
1029373961 127
1029373963 127
1029373976 127
1029373990 127
1029439500 127
1029439502 127
1029439509 127
1029439515 127
1029505036 127
1029505043 127
1029505062 127
1029505065 127
1029570569 127
1029570572 127
1029570587 127
1029570594 127
1029636101 127
1029636115 127
1029636128 127
1029636142 127
1029701647 127
1029701648 127
1029701661 127
1029701662 127
1029767170 127
1029767184 127
1029767213 127
1029767215 127
1029832718 127
1029832732 127
1029832733 127
1029832747 127
1029898242 127
1029898263 127
1029898276 127
1029898285 127
1029963793 127
1029963808 127
1029963810 127
1029963811 127
1030029327 127
1030029329 127
1030029332 127
1030029350 127
1030094849 127
1030094850 127
1030094851 127
1030094880 127
1030160387 127
1030160393 127
1030160398 127
1030160412 127
1030225939 127
1030225944 127
1030225946 127
1030225953 127
1030291461 127
1030291464 127
1030291470 127
1030291495 127
1030357000 127
1030357002 127
1030357007 127
1030357029 127
1030422529 127
1030422531 127
1030422532 127
1030422562 127
1030488081 127
1030488084 127
1030488087 127
1030488106 127
1030553600 127
1030553607 127
1030553614 127
1030553621 127
1030619137 127
1030619140 127
1030619146 127
1030619167 127
1030684682 127
1030684685 127
1030684704 127
1030684711 127
1030750208 127
1030750225 127
1030750226 127
1030750255 127
1030815754 127
1030815760 127
1030815777 127
1030815787 127
1030881286 127
1030881288 127
1030881291 127
1030881305 127
1030946816 127
1030946818 127
1030946837 127
1030946839 127
1031012379 127
1031012382 127
1031012393 127
1031012396 127
1031077889 127
1031077904 127
1031077906 127
1031077931 127
1031143447 127
1031143454 127
1031143456 127
1031143457 127
1031208977 127
1031208979 127
1031208994 127
1031208996 127
1031274514 127
1031274517 127
1031274527 127
1031274528 127
1031340039 127
1031340058 127
1031340061 127
1031340072 127
1031405571 127
1031405574 127
1031405584 127
1031405609 127
1031471105 127
1031471108 127
1031471110 127
1031471111 127
1031536644 127
1031536659 127
1031536677 127
1031536686 127
1031602196 127
1031602217 127
1031602218 127
1031602219 127
1031667718 127
1031667720 127
1031667737 127
1031667751 127
1031733250 127
1031733271 127
1031733284 127
1031733293 127
1031798804 127
1031798807 127
1031798821 127
1031798826 127
1031864322 127
1031864331 127
1031864348 127
1031864349 127
1031929861 127
1031929871 127
1031929884 127
1031929902 127
1031995395 127
1031995401 127
1031995436 127
1031995438 127
1032060937 127
1032060962 127
1032060964 127
1032060975 127
1032126464 127
1032126490 127
1032126505 127
1032126507 127
1032192017 127
1032192020 127
1032192022 127
1032192027 127
1032257538 127
1032257560 127
1032257567 127
1032257581 127
1032323101 127
1032323106 127
1032323107 127
1032323108 127
1032388608 127
1032388625 127
1032388634 127
1032388647 127
1032454149 127
1032454152 127
1032454175 127
1032454182 127
1032519704 127
1032519709 127
1032519719 127
1032519722 127
1032585218 127
1032585220 127
1032585221 127
1032585243 127
1032650758 127
1032650760 127
1032650765 127
1032650767 127
1032716303 127
1032716317 127
1032716332 127
1032716334 127
1032781833 127
1032781836 127
1032781859 127
1032781870 127
1032847362 127
1032847371 127
1032847388 127
1032847397 127
1032912896 127
1032912901 127
1032912906 127
1032912919 127
1032978433 127
1032978438 127
1032978440 127
1032978455 127
1033043984 127
1033043991 127
1033043997 127
1033043998 127
1033109535 127
1033109536 127
1033109545 127
1033109550 127
1033175051 127
1033175066 127
1033175068 127
1033175073 127
1033240594 127
1033240596 127
1033240599 127
1033240613 127
1033306131 127
1033306140 127
1033306146 127
1033306149 127
1033371659 127
1033371677 127
1033371682 127
1033371688 127
1033437201 127
1033437203 127
1033437212 127
1033437222 127
1033502736 127
1033502737 127
1033502746 127
1033502755 127
1033568281 127
1033568288 127
1033568291 127
1033568298 127
1033633797 127
1033633806 126
1033633815 127
1033633832 127
1033699337 127
1033699342 127
1033699355 127
1033699360 127
1033764870 127
1033764873 127
1033764903 127
1033764904 127
1033830416 127
1033830427 127
1033830429 127
1033830434 127
1033895950 127
1033895951 127
1033895956 127
1033895957 127
1033961489 127
1033961499 127
1033961502 127
1033961508 127
1034027012 127
1034027033 127
1034027039 127
1034027042 127
1034092546 127
1034092547 127
1034092553 127
1034092556 127
1034158084 127
1034158089 127
1034158118 127
1034158127 127
1034223623 127
1034223632 127
1034223646 127
1034223653 127
1034289168 127
1034289171 127
1034289181 127
1034289182 127
1034354708 127
1034354709 127
1034354714 127
1034354735 127
1034420241 127
1034420244 127
1034420255 127
1034420258 127
1034485760 127
1034485795 127
1034485801 127
1034485802 127
1034551311 127
1034551328 127
1034551333 127
1034551338 127
1034616838 127
1034616839 127
1034616852 127
1034616857 127
1034682370 127
1034682399 127
1034682404 127
1034682409 127
1034747919 127
1034747938 127
1034747940 127
1034747941 127
1034813447 127
1034813450 127
1034813461 127
1034813464 127
1034878995 127
1034879009 127
1034879010 127
1034879012 127
1034944529 127
1034944542 127
1034944544 127
1034944551 127
1035010049 127
1035010070 127
1035010088 127
1035010095 127
1035075587 127
1035075605 127
1035075608 127
1035075622 127
1035141137 127
1035141164 127
1035141166 127
1035141167 127
1035206669 127
1035206675 127
1035206686 127
1035206700 127
1035272192 127
1035272217 127
1035272230 127
1035272239 127
1035337738 127
1035337752 127
1035337753 127
1035337771 127
1035403264 127
1035403267 127
1035403274 127
1035403285 127
1035468800 127
1035468825 127
1035468835 127
1035468842 127
1035534337 127
1035534358 127
1035534372 127
1035534375 127
1035599874 127
1035599888 127
1035599891 127
1035599897 127
1035665409 127
1035665423 127
1035665426 127
1035665444 127
1035730949 127
1035730967 127
1035730968 127
1035730990 127
1035796504 127
1035796525 127
1035796526 127
1035796527 127
1035862021 127
1035862040 127
1035862043 127
1035862054 127
1035927559 127
1035927573 127
1035927592 127
1035927594 127
1035993091 127
1035993104 127
1035993110 127
1035993113 127
1036058629 127
1036058632 127
1036058654 127
1036058663 127
1036124170 127
1036124173 127
1036124191 127
1036124204 127
1036189732 127
1036189735 127
1036189737 127
1036189742 127
1036255233 127
1036255259 127
1036255270 127
1036255272 127
1036320786 127
1036320789 127
1036320796 127
1036320807 127
1036386304 127
1036386306 127
1036386311 127
1036386329 127
1036451848 127
1036451863 127
1036451866 127
1036451877 127
1036517381 127
1036517390 127
1036517403 127
1036517412 127
1036582915 127
1036582924 127
1036582938 127
1036582945 127
1036648474 127
1036648480 127
1036648485 127
1036648487 127
1036713998 127
1036713999 127
1036714009 127
1036714024 127
1036779529 127
1036779548 127
1036779551 127
1036779562 127
1036845064 127
1036845074 127
1036845081 127
1036845087 127
1036910594 127
1036910601 127
1036910607 127
1036910636 127
1036976138 127
1036976139 127
1036976140 127
1036976141 127
1037041666 127
1037041687 127
1037041701 127
1037041708 127
1037107224 127
1037107226 127
1037107227 127
1037107241 127
1037172754 127
1037172757 127
1037172764 127
1037172783 127
1037238274 127
1037238275 127
1037238276 127
1037238289 127
1037303832 127
1037303839 127
1037303841 127
1037303850 127
1037369346 127
1037369355 127
1037369360 127
1037369389 127
1037434891 127
1037434893 127
1037434912 127
1037434918 127
1037500445 127
1037500447 127
1037500458 127
1037500460 127
1037565964 127
1037565987 127
1037565989 127
1037565998 127
1037631495 127
1037631500 127
1037631517 127
1037631530 127
1037697036 127
1037697055 127
1037697069 127
1037697070 127
1037762577 127
1037762578 127
1037762596 127
1037762607 127
1037828106 127
1037828109 127
1037828127 127
1037828140 127
1037893656 127
1037893669 127
1037893674 127
1037893679 127
1037959193 127
1037959198 127
1037959204 127
1037959207 127
1038024714 127
1038024719 127
1038024728 127
1038024745 127
1038090249 127
1038090276 127
1038090282 127
1038090287 127
1038155795 127
1038155802 127
1038155804 127
1038155805 127
1038221326 127
1038221333 127
1038221347 127
1038221348 127
1038286856 127
1038286869 127
1038286886 127
1038286891 127
1038352387 127
1038352408 127
1038352425 127
1038352430 127
1038417950 127
1038417956 127
1038417961 127
1038417963 127
1038483468 127
1038483482 127
1038483489 127
1038483491 127
1038548993 127
1038549006 127
1038549024 127
1038549035 127
1038614542 127
1038614543 127
1038614544 127
1038614545 127
1038680066 127
1038680088 127
1038680105 127
1038680107 127
1038745612 127
1038745614 127
1038745623 127
1038745645 127
1038811152 127
1038811161 127
1038811178 127
1038811179 127
1038876672 127
1038876698 127
1038876717 127
1038876719 127
1038942216 127
1038942229 127
1038942243 127
1038942250 127
1039007762 127
1039007768 127
1039007773 127
1039007775 127
1039073298 127
1039073307 127
1039073312 127
1039073317 127
1039138824 127
1039138827 127
1039138838 127
1039138841 127
1039204353 127
1039204354 127
1039204355 127
1039204360 127
1039269889 127
1039269899 127
1039269904 127
1039269906 127
1039335459 127
1039335460 127
1039335461 127
1039335466 127
1039400984 127
1039400993 127
1039400995 127
1039401002 127
1039466496 127
1039466497 127
1039466511 127
1039466538 127
1039532054 127
1039532068 127
1039532075 127
1039532077 127
1039597572 127
1039597575 127
1039597577 127
1039597602 127
1039663120 127
1039663133 127
1039663134 127
1039663143 127
1039728648 127
1039728659 127
1039728662 127
1039728681 127
1039794180 127
1039794194 127
1039794205 127
1039794207 127
1039859714 127
1039859724 127
1039859743 127
1039859745 127
1039925267 127
1039925280 127
1039925281 127
1039925294 127
1039990798 127
1039990819 127
1039990821 127
1039990824 127
1040056320 127
1040056338 127
1040056341 127
1040056343 127
1040121856 127
1040121861 127
1040121863 127
1040121882 127
1040187407 127
1040187418 127
1040187424 127
1040187433 127
1040252940 127
1040252961 127
1040252974 127
1040252975 127
1040318471 127
1040318482 127
1040318488 127
1040318493 127
1040384016 127
1040384027 127
1040384038 127
1040384041 127
1040449542 127
1040449556 127
1040449557 127
1040449559 127
1040515091 127
1040515096 127
1040515105 127
1040515114 127
1040580625 127
1040580635 127
1040580638 127
1040580652 127
1040646145 127
1040646146 127
1040646147 127
1040646152 127
1040711680 127
1040711683 127
1040711686 127
1040711689 127
1040777219 127
1040777246 127
1040777256 127
1040777261 127
1040842757 127
1040842784 127
1040842790 127
1040842791 127
1040908288 127
1040908299 127
1040908305 127
1040908314 127
1040973830 127
1040973833 127
1040973844 127
1040973863 127
1041039371 127
1041039373 127
1041039392 127
1041039406 127
1041104900 127
1041104902 127
1041104903 127
1041104905 127
1041170441 127
1041170442 127
1041170444 127
1041170463 127
1041235971 127
1041235976 127
1041235990 127
1041236005 127
1041301540 127
1041301542 127
1041301549 127
1041301551 127
1041367047 127
1041367049 127
1041367068 127
1041367070 127
1041432594 127
1041432596 127
1041432601 127
1041432615 127
1041498122 127
1041498136 127
1041498137 127
1041498151 127
1041563679 127
1041563685 127
1041563686 127
1041563688 127
1041629223 127
1041629225 127
1041629228 127
1041629230 127
1041694730 127
1041694737 127
1041694744 127
1041694759 127
1041760260 127
1041760266 127
1041760277 127
1041760279 127
1041825797 127
1041825802 127
1041825828 127
1041825839 127
1041891339 127
1041891341 127
1041891364 127
1041891366 127
1041956879 127
1041956882 127
1041956897 127
1041956900 127
1042022409 127
1042022418 127
1042022424 127
1042022431 127
1042087972 127
1042087977 127
1042087978 127
1042087979 127
1042153499 127
1042153502 127
1042153508 127
1042153509 127
1042219015 127
1042219036 127
1042219038 127
1042219041 127
1042284552 127
1042284562 127
1042284575 127
1042284589 127
1042350081 127
1042350095 127
1042350110 127
1042350112 127
1042415640 127
1042415643 127
1042415645 127
1042415662 127
1042481162 127
1042481164 127
1042481181 127
1042481199 127
1042546688 127
1042546691 127
1042546693 127
1042546726 127
1042612234 127
1042612235 127
1042612237 127
1042612248 127
1042677789 127
1042677795 127
1042677798 127
1042677800 127
1042743301 127
1042743311 127
1042743312 127
1042743342 127
1042808847 127
1042808865 127
1042808872 127
1042808878 127
1042874377 127
1042874396 127
1042874399 127
1042874410 127
1042939923 127
1042939925 127
1042939938 127
1042939940 127
1043005462 127
1043005464 127
1043005477 127
1043005483 127
1043070984 127
1043070985 127
1043071006 127
1043071007 127
1043136530 127
1043136532 127
1043136533 127
1043136535 127
1043202055 127
1043202056 127
1043202062 127
1043202069 127
1043267624 127
1043267625 127
1043267630 127
1043267631 127
1043333123 127
1043333154 127
1043333160 127
1043333165 127
1043398669 127
1043398678 127
1043398692 127
1043398699 127
1043464200 127
1043464201 127
1043464202 127
1043464231 127
1043529736 127
1043529745 127
1043529750 127
1043529763 127
1043595266 127
1043595292 127
1043595293 127
1043595311 127
1043660806 127
1043660815 127
1043660832 127
1043660837 127
1043726360 127
1043726370 127
1043726379 127
1043726381 127
1043791875 127
1043791889 127
1043791896 127
1043791914 127
1043857411 127
1043857414 127
1043857437 127
1043857448 127
1043922945 127
1043922946 127
1043922960 127
1043922983 127
1043988513 127
1043988514 127
1043988520 127
1043988523 127
1044054033 127
1044054051 127
1044054052 127
1044054054 127
1044119555 127
1044119561 127
1044119562 127
1044119564 127
1044185104 127
1044185121 127
1044185126 127
1044185131 127
1044250633 127
1044250658 127
1044250660 127
1044250663 127
1044316180 127
1044316181 127
1044316182 127
1044316183 127
1044381719 127
1044381736 127
1044381738 127
1044381741 127
1044447247 127
1044447260 127
1044447261 127
1044447270 127
1044512784 127
1044512791 127
1044512805 127
1044512806 127
1044578311 127
1044578325 127
1044578330 127
1044578348 127
1044643857 127
1044643864 127
1044643866 127
1044643867 127
1044709382 127
1044709408 127
1044709409 127
1044709415 127
1044774915 127
1044774924 127
1044774929 127
1044774958 127
1044840474 127
1044840487 127
1044840488 127
1044840489 127
1044905997 127
1044905999 127
1044906000 127
1044906014 127
1044971525 127
1044971555 127
1044971556 127
1044971566 127
1045037067 127
1045037068 127
1045037078 127
1045037089 127
1045102596 127
1045102597 127
1045102626 127
1045102635 127
1045168144 127
1045168165 127
1045168167 127
1045168174 127
1045233677 127
1045233680 127
1045233710 127
1045233711 127
1045299224 127
1045299227 127
1045299233 127
1045299234 127
1045364776 127
1045364777 127
1045364779 127
1045364782 127
1045430294 127
1045430312 127
1045430317 127
1045430319 127
1045495808 127
1045495810 127
1045495825 127
1045495847 127
1045561347 127
1045561361 127
1045561364 127
1045561366 127
1045626907 127
1045626916 127
1045626917 127
1045626918 127
1045692416 127
1045692457 127
1045692459 127
1045692462 127
1045757955 127
1045757957 127
1045757962 127
1045757996 127
1045823522 127
1045823527 127
1045823529 127
1045823532 127
1045889036 127
1045889050 127
1045889059 127
1045889061 127
1045954562 127
1045954571 127
1045954576 127
1045954577 127
1046020099 127
1046020100 127
1046020122 127
1046020133 127
1046085663 127
1046085670 127
1046085676 127
1046085677 127
1046151176 127
1046151181 127
1046151211 127
1046151214 127
1046216709 127
1046216748 127
1046216750 127
1046216751 127
1046282242 127
1046282243 127
1046282252 127
1046282285 127
1046347808 127
1046347821 127
1046347822 127
1046347823 127
1046413317 127
1046413331 127
1046413334 127
1046413340 127
1046478852 127
1046478866 127
1046478889 127
1046478895 127
1046544390 127
1046544416 127
1046544425 127
1046544431 127
1046609921 127
1046609939 127
1046609960 127
1046609962 127
1046675458 127
1046675492 127
1046675501 127
1046675503 127
1046740999 127
1046741017 127
1046741018 127
1046741020 127
1046806530 127
1046806533 127
1046806547 127
1046806560 127
1046872074 127
1046872076 127
1046872089 127
1046872103 127
1046937609 127
1046937622 127
1046937624 127
1046937639 127
1047003140 127
1047003146 127
1047003155 127
1047003157 127
1047068672 127
1047068678 127
1047068685 127
1047068695 127
1047134214 127
1047134251 127
1047134252 127
1047134253 127
1047199774 127
1047199777 127
1047199784 127
1047199791 127
1047265301 127
1047265315 127
1047265320 127
1047265322 127
1047330820 127
1047330846 127
1047330855 127
1047330857 127
1047396352 127
1047396367 127
1047396373 127
1047396390 127
1047461890 127
1047461900 127
1047461921 127
1047461923 127
1047527437 127
1047527466 127
1047527467 127
1047527468 127
1047592971 127
1047592973 127
1047592994 127
1047593000 127
1047658517 127
1047658520 127
1047658527 127
1047658534 127
1047724035 127
1047724040 127
1047724053 127
1047724054 127
1047789600 127
1047789606 127
1047789611 127
1047789613 127
1047855108 127
1047855114 127
1047855117 127
1047855119 127
1047920666 127
1047920669 127
1047920679 127
1047920684 127
1047986181 127
1047986191 127
1047986194 127
1047986216 127
1048051713 127
1048051715 127
1048051728 127
1048051742 127
1048117256 127
1048117277 127
1048117283 127
1048117290 127
1048182786 127
1048182789 127
1048182808 127
1048182827 127
1048248321 127
1048248324 127
1048248326 127
1048248327 127
1048313857 127
1048313860 127
1048313863 127
1048313886 127
1048379417 127
1048379428 127
1048379430 127
1048379435 127
1048444970 127
1048444971 127
1048444972 127
1048444973 127
1048510505 127
1048510507 127
1048510508 127
1048510510 127
1048576005 127
1048576006 127
1048576011 127
1048576016 127
1048641541 127
1048641568 127
1048641574 127
1048641579 127
1048707085 127
1048707099 127
1048707100 127
1048707102 127
1048772620 127
1048772643 127
1048772650 127
1048772653 127
1048838144 127
1048838154 127
1048838165 127
1048838187 127
1048903694 127
1048903696 127
1048903717 127
1048903719 127
1048969220 127
1048969221 127
1048969239 127
1048969262 127
1049034755 127
1049034768 127
1049034773 127
1049034798 127
1049100298 127
1049100303 127
1049100313 127
1049100320 127
1049165830 127
1049165856 127
1049165863 127
1049165869 127
1049231370 127
1049231371 127
1049231384 127
1049231385 127
1049296908 127
1049296913 127
1049296919 127
1049296942 127
1049362441 127
1049362444 127
1049362446 127
1049362455 127
1049427977 127
1049427991 127
1049427994 127
1049428012 127
1049493515 127
1049493528 127
1049493537 127
1049493542 127
1049559040 127
1049559054 127
1049559067 127
1049559077 127
1049624590 127
1049624600 127
1049624605 127
1049624619 127
1049690112 127
1049690151 127
1049690153 127
1049690158 127
1049755650 127
1049755652 127
1049755681 127
1049755687 127
1049821193 127
1049821195 127
1049821196 127
1049821198 127
1049886727 127
1049886730 127
1049886749 127
1049886760 127
1049952279 127
1049952292 127
1049952297 127
1049952302 127
1050017795 127
1050017809 127
1050017822 127
1050017832 127
1050083328 127
1050083338 127
1050083339 127
1050083361 127
1050148874 127
1050148896 127
1050148897 127
1050148903 127
1050214425 127
1050214428 127
1050214430 127
1050214431 127
1050279952 127
1050279953 127
1050279955 127
1050279966 127
1050345477 127
1050345482 127
1050345499 127
1050345500 127
1050411022 127
1050411037 127
1050411039 127
1050411040 127
1050476544 127
1050476545 127
1050476559 127
1050476570 127
1050542088 127
1050542097 127
1050542110 127
1050542119 127
1050607625 127
1050607626 127
1050607627 127
1050607632 127
1050673189 127
1050673192 127
1050673195 127
1050673198 127
1050738691 127
1050738694 127
1050738697 127
1050738708 127
1050804240 127
1050804241 127
1050804250 127
1050804255 127
1050869768 127
1050869774 127
1050869777 127
1050869791 127
1050935300 127
1050935302 127
1050935321 127
1050935323 127
1051000835 127
1051000865 127
1051000868 127
1051000878 127
1051066380 127
1051066382 127
1051066399 127
1051066413 127
1051131924 127
1051131943 127
1051131945 127
1051131950 127
1051197458 127
1051197460 127
1051197463 127
1051197469 127
1051263006 127
1051263015 127
1051263017 127
1051263020 127
1051328513 127
1051328516 127
1051328523 127
1051328534 127
1051394048 127
1051394067 127
1051394090 127
1051394093 127
1051459592 127
1051459607 127
1051459610 127
1051459629 127
1051525120 127
1051525122 127
1051525127 127
1051525141 127
1051590657 127
1051590659 127
1051590674 127
1051590680 127
1051656208 127
1051656211 127
1051656213 127
1051656230 127
1051721747 127
1051721761 127
1051721762 127
1051721764 127
1051787281 126
1051787286 127
1051787296 127
1051787299 127
1051852828 127
1051852830 127
1051852833 127
1051852847 127
1051918338 127
1051918344 127
1051918345 127
1051918351 127
1051983876 127
1051983906 127
1051983909 127
1051983911 127
1052049423 127
1052049424 127
1052049442 127
1052049453 127
1052114966 127
1052114968 127
1052114971 127
1052114985 127
1052180508 127
1052180518 127
1052180519 127
1052180525 127
1052246033 127
1052246048 127
1052246050 127
1052246063 127
1052311584 127
1052311587 127
1052311597 127
1052311598 127
1052377094 127
1052377115 127
1052377124 127
1052377129 127
1052442625 127
1052442640 127
1052442658 127
1052442671 127
1052508169 127
1052508183 127
1052508202 127
1052508204 127
1052573721 127
1052573723 127
1052573732 127
1052573734 127
1052639272 127
1052639277 127
1052639278 127
1052639279 127
1052704802 127
1052704804 127
1052704811 127
1052704813 127
1052770316 127
1052770337 127
1052770339 127
1052770342 127
1052835866 127
1052835869 127
1052835883 127
1052835884 127
1052901410 127
1052901415 127
1052901420 127
1052901421 127
1052966940 127
1052966950 127
1052966953 127
1052966955 127
1053032459 127
1053032468 127
1053032473 127
1053032494 127
1053098012 127
1053098019 127
1053098021 127
1053098022 127
1053163520 127
1053163538 127
1053163557 127
1053163563 127
1053229062 127
1053229065 127
1053229067 127
1053229068 127
1053294603 127
1053294606 127
1053294608 127
1053294609 127
1053360128 127
1053360135 127
1053360138 127
1053360153 127
1053425665 127
1053425666 127
1053425675 127
1053425692 127
1053491203 127
1053491212 127
1053491230 127
1053491241 127
1053556736 127
1053556739 127
1053556741 127
1053556758 127
1053622282 127
1053622285 127
1053622299 127
1053622312 127
1053687831 127
1053687834 127
1053687836 127
1053687845 127
1053753367 127
1053753373 127
1053753374 127
1053753380 127
1053818884 127
1053818890 127
1053818893 127
1053818907 127
1053884427 127
1053884450 127
1053884452 127
1053884457 127
1053949971 127
1053949985 127
1053949994 127
1053949996 127
1054015493 127
1054015507 127
1054015510 127
1054015532 127
1054081035 127
1054081053 127
1054081056 127
1054081062 127
1054146565 127
1054146566 127
1054146568 127
1054146579 127
1054212125 127
1054212126 127
1054212127 127
1054212128 127
1054277661 127
1054277664 127
1054277666 127
1054277679 127
1054343176 127
1054343177 127
1054343195 127
1054343210 127
1054408721 127
1054408724 127
1054408727 127
1054408730 127
1054474245 127
1054474268 127
1054474282 127
1054474283 127
1054539776 127
1054539778 127
1054539791 127
1054539793 127
1054605325 127
1054605326 127
1054605327 127
1054605344 127
1054670856 127
1054670857 127
1054670866 127
1054670871 127
1054736386 127
1054736388 127
1054736401 127
1054736415 127
1054801940 127
1054801958 127
1054801959 127
1054801961 127
1054867460 127
1054867463 127
1054867478 127
1054867493 127
1054933014 127
1054933017 127
1054933019 127
1054933028 127
1054998548 127
1054998551 127
1054998565 127
1054998574 127
1055064084 127
1055064090 127
1055064109 127
1055064111 127
1055129630 127
1055129632 127
1055129633 127
1055129647 127
1055195140 127
1055195166 127
1055195177 127
1055195179 127
1055260695 127
1055260705 127
1055260714 127
1055260716 127
1055326211 127
1055326252 127
1055326253 127
1055326254 127
1055391746 127
1055391751 127
1055391768 127
1055391781 127
1055457314 127
1055457319 127
1055457321 127
1055457324 127
1055522818 127
1055522856 127
1055522857 127
1055522863 127
1055588371 127
1055588378 127
1055588392 127
1055588397 127
1055653922 127
1055653925 127
1055653931 127
1055653932 127
1055719424 127
1055719459 127
1055719461 127
1055719466 127
1055784961 127
1055784964 127
1055784979 127
1055784994 127
1055850496 127
1055850535 127
1055850537 127
1055850538 127
1055916036 127
1055916038 127
1055916039 127
1055916041 127
1055981579 127
1055981592 127
1055981605 127
1055981610 127
1056047109 127
1056047128 127
1056047130 127
1056047151 127
1056112666 127
1056112668 127
1056112671 127
1056112677 127
1056178181 127
1056178183 127
1056178184 127
1056178198 127
1056243714 127
1056243715 127
1056243728 127
1056243729 127
1056309250 127
1056309273 127
1056309275 127
1056309292 127
1056374785 127
1056374795 127
1056374800 127
1056374802 127
1056440336 127
1056440345 127
1056440359 127
1056440366 127
1056505857 127
1056505898 127
1056505900 127
1056505903 127
1056571395 127
1056571397 127
1056571400 127
1056571434 127
1056636932 127
1056636933 127
1056636935 127
1056636938 127
1056702483 127
1056702492 127
1056702497 127
1056702506 127
1056768013 127
1056768022 127
1056768027 127
1056768028 127
1056833536 127
1056833549 127
1056833550 127
1056833559 127
1056899089 127
1056899091 127
1056899092 127
1056899094 127
1056964622 127
1056964637 127
1056964652 127
1056964655 127
1057030146 127
1057030164 127
1057030177 127
1057030191 127
1057095682 127
1057095683 127
1057095684 127
1057095701 127
1057161225 127
1057161226 127
1057161227 127
1057161248 127
1057226752 127
1057226767 127
1057226770 127
1057226789 127
1057292305 127
1057292316 127
1057292331 127
1057292334 127
1057357825 127
1057357839 127
1057357842 127
1057357848 127
1057423377 127
1057423391 127
1057423398 127
1057423404 127
1057488896 127
1057488897 127
1057488899 127
1057488918 127
1057554466 127
1057554476 127
1057554477 127
1057554479 127
1057619977 127
1057619988 127
1057619991 127
1057620006 127
1057685505 127
1057685518 127
1057685520 127
1057685527 127
1057751070 127
1057751071 127
1057751076 127
1057751085 127
1057816584 127
1057816610 127
1057816617 127
1057816619 127
1057882114 127
1057882149 127
1057882151 127
1057882152 127
1057947676 127
1057947678 127
1057947685 127
1057947695 127
1058013185 127
1058013194 127
1058013195 127
1058013200 127
1058078746 127
1058078755 127
1058078764 127
1058078765 127
1058144262 127
1058144276 127
1058144285 127
1058144303 127
1058209805 127
1058209823 127
1058209824 127
1058209838 127
1058275329 127
1058275334 127
1058275343 127
1058275364 127
1058340903 127
1058340905 127
1058340908 127
1058340910 127
1058406403 127
1058406433 127
1058406438 127
1058406444 127
1058471941 127
1058471944 127
1058471966 127
1058471979 127
1058537490 127
1058537491 127
1058537493 127
1058537496 127
1058603016 127
1058603026 127
1058603033 127
1058603035 127
1058668552 127
1058668573 127
1058668575 127
1058668578 127
1058734083 127
1058734088 127
1058734089 127
1058734090 127
1058799620 127
1058799622 127
1058799651 127
1058799653 127
1058865159 127
1058865164 127
1058865194 127
1058865197 127
1058930692 127
1058930699 127
1058930702 127
1058930709 127
1058996234 127
1058996239 127
1058996252 127
1058996257 127
1059061765 127
1059061768 127
1059061771 127
1059061782 127
1059127302 127
1059127308 127
1059127313 127
1059127319 127
1059192834 127
1059192857 127
1059192860 127
1059192863 127
1059258387 127
1059258397 127
1059258398 127
1059258400 127
1059323925 127
1059323928 127
1059323939 127
1059323946 127
1059389466 127
1059389484 127
1059389485 127
1059389487 127
1059455010 127
1059455015 127
1059455017 127
1059455020 127
1059520513 127
1059520514 127
1059520516 127
1059520519 127
1059586048 127
1059586053 127
1059586058 127
1059586095 127
1059651593 127
1059651604 127
1059651607 127
1059651622 127
1059717138 127
1059717140 127
1059717141 127
1059717167 127
1059782669 127
1059782678 127
1059782683 127
1059782696 127
1059848199 127
1059848200 127
1059848202 127
1059848221 127
1059913734 127
1059913753 127
1059913755 127
1059913756 127
1059979268 127
1059979273 127
1059979275 127
1059979290 127
1060044809 127
1060044843 127
1060044844 127
1060044846 127
1060110344 127
1060110351 127
1060110354 127
1060110365 127
1060175881 127
1060175884 127
1060175902 127
1060175903 127
1060241431 127
1060241438 127
1060241448 127
1060241453 127
1060306968 127
1060306973 127
1060306982 127
1060306983 127
1060372480 127
1060372485 127
1060372507 127
1060372510 127
1060438043 127
1060438050 127
1060438052 127
1060438061 127
1060503579 127
1060503593 127
1060503596 127
1060503598 127
1060569095 127
1060569096 127
1060569097 127
1060569102 127
1060634642 127
1060634643 127
1060634645 127
1060634648 127
1060700166 127
1060700184 127
1060700189 127
1060700203 127
1060765710 127
1060765728 127
1060765733 127
1060765739 127
1060831232 127
1060831241 127
1060831250 127
1060831255 127
1060896769 127
1060896800 127
1060896814 127
1060896815 127
1060962305 127
1060962312 127
1060962323 127
1060962326 127
1061027860 127
1061027865 127
1061027879 127
1061027886 127
1061093389 127
1061093391 127
1061093396 127
1061093422 127
1061158916 127
1061158925 127
1061158930 127
1061158935 127
1061224455 127
1061224481 127
1061224486 127
1061224492 127
1061289987 127
1061290008 127
1061290021 127
1061290022 127
1061355547 127
1061355550 127
1061355552 127
1061355561 127
1061421065 127
1061421066 127
1061421068 127
1061421083 127
1061486592 127
1061486606 127
1061486609 127
1061486627 127
1061552141 127
1061552143 127
1061552146 127
1061552164 127
1061617675 127
1061617684 127
1061617686 127
1061617689 127
1061683200 127
1061683226 127
1061683229 127
1061683235 127
1061748757 127
1061748758 127
1061748779 127
1061748780 127
1061814284 127
1061814302 127
1061814303 127
1061814305 127
1061879822 127
1061879825 127
1061879827 127
1061879828 127
1061945344 127
1061945363 127
1061945382 127
1061945385 127
1062010893 127
1062010912 127
1062010915 127
1062010922 127
1062076430 127
1062076443 127
1062076448 127
1062076453 127
1062141955 127
1062141973 127
1062141982 127
1062141984 127
1062207492 127
1062207495 127
1062207505 127
1062207526 127
1062273037 127
1062273040 127
1062273055 127
1062273058 127
1062338560 127
1062338562 127
1062338571 127
1062338585 127
1062404097 127
1062404100 127
1062404110 127
1062404131 127
1062469633 127
1062469634 127
1062469635 127
1062469648 127
1062535175 127
1062535197 127
1062535210 127
1062535212 127
1062600735 127
1062600738 127
1062600748 127
1062600749 127
1062666248 127
1062666250 127
1062666255 127
1062666265 127
1062731780 127
1062731805 127
1062731807 127
1062731810 127
1062797312 127
1062797323 127
1062797326 127
1062797329 127
1062862849 127
1062862859 127
1062862862 127
1062862864 127
1062928389 127
1062928390 127
1062928395 127
1062928396 127
1062993936 127
1062993957 127
1062993958 127
1062993959 127
1063059465 127
1063059468 127
1063059471 127
1063059502 127
1063124995 127
1063124998 127
1063125000 127
1063125021 127
1063190543 127
1063190546 127
1063190556 127
1063190561 127
1063256075 127
1063256077 127
1063256108 127
1063256110 127
1063321608 127
1063321625 127
1063321634 127
1063321635 127
1063387142 127
1063387152 127
1063387165 127
1063387179 127
1063452689 127
1063452690 127
1063452691 127
1063452704 127
1063518214 127
1063518233 127
1063518247 127
1063518248 127
1063583765 127
1063583782 127
1063583784 127
1063583791 127
1063649284 127
1063649293 127
1063649294 127
1063649311 127
1063714823 127
1063714842 127
1063714845 127
1063714860 127
1063780355 127
1063780378 127
1063780392 127
1063780397 127
1063845891 127
1063845900 127
1063845901 127
1063845934 127
1063911426 127
1063911428 127
1063911435 127
1063911461 127
1063976979 127
1063976985 127
1063976988 127
1063977002 127
1064042537 127
1064042539 127
1064042540 127
1064042542 127
1064108058 127
1064108061 127
1064108063 127
1064108068 127
1064173591 127
1064173596 127
1064173605 127
1064173610 127
1064239105 127
1064239131 127
1064239136 127
1064239138 127
1064304640 127
1064304650 127
1064304671 127
1064304677 127
1064370188 127
1064370189 127
1064370199 127
1064370202 127
1064435731 127
1064435732 127
1064435734 127
1064435753 127
1064501255 127
1064501272 127
1064501277 127
1064501278 127
1064566799 127
1064566812 127
1064566825 127
1064566826 127
1064632323 127
1064632344 127
1064632357 127
1064632362 127
1064697856 127
1064697870 127
1064697891 127
1064697893 127
1064763397 127
1064763400 127
1064763423 127
1064763434 127
1064828950 127
1064828952 127
1064828953 127
1064828971 127
1064894469 127
1064894480 127
1064894495 127
1064894498 127
1064960030 127
1064960036 127
1064960045 127
1064960047 127
1065025536 127
1065025537 127
1065025538 127
1065025539 127
1065091077 127
1065091080 127
1065091082 127
1065091083 127
1065156626 127
1065156632 127
1065156645 127
1065156647 127
1065222145 127
1065222147 127
1065222166 127
1065222180 127
1065287692 127
1065287709 127
1065287715 127
1065287726 127
1065353223 127
1065353226 127
1065353245 127
1065353260 127
1065418764 127
1065418769 127
1065418770 127
1065418779 127
1065484323 127
1065484330 127
1065484332 127
1065484333 127
1065549825 127
1065549840 127
1065549859 127
1065549862 127
1065615392 127
1065615393 127
1065615394 127
1065615395 127
1065680910 127
1065680913 127
1065680927 127
1065680932 127
1065746438 127
1065746441 127
1065746471 127
1065746476 127
1065811969 127
1065811980 127
1065811990 127
1065811999 127
1065877507 127
1065877525 127
1065877526 127
1065877536 127
1065943045 127
1065943046 127
1065943048 127
1065943087 127
1066008581 127
1066008604 127
1066008614 127
1066008623 127
1066074129 127
1066074131 127
1066074132 127
1066074158 127
1066139650 127
1066139652 127
1066139653 127
1066139659 127
1066205188 127
1066205190 127
1066205197 127
1066205199 127
1066270729 127
1066270742 127
1066270747 127
1066270760 127
1066336264 127
1066336266 127
1066336285 127
1066336299 127
1066401800 127
1066401834 127
1066401835 127
1066401837 127
1066467333 127
1066467362 127
1066467371 127
1066467372 127
1066532875 127
1066532892 127
1066532894 127
1066532909 127
1066598431 127
1066598434 127
1066598437 127
1066598440 127
1066663946 127
1066663956 127
1066663961 127
1066663967 127
1066729480 127
1066729499 127
1066729509 127
1066729510 127
1066795021 127
1066795047 127
1066795050 127
1066795052 127
1066860557 127
1066860563 127
1066860570 127
1066860576 127
1066926085 127
1066926094 127
1066926112 127
1066926123 127
1066991616 127
1066991617 127
1066991631 127
1066991638 127
1067057164 127
1067057165 127
1067057174 127
1067057175 127
1067122695 127
1067122698 127
1067122701 127
1067122708 127
1067188243 127
1067188244 127
1067188245 127
1067188246 127
1067253780 127
1067253782 127
1067253795 127
1067253801 127
1067319320 127
1067319322 127
1067319323 127
1067319337 127
1067384837 127
1067384838 127
1067384868 127
1067384875 127
1067450382 127
1067450399 127
1067450412 127
1067450413 127
1067515908 127
1067515930 127
1067515939 127
1067515949 127
1067581443 127
1067581453 127
1067581462 127
1067581464 127
1067646985 127
1067646987 127
1067646988 127
1067647014 127
1067712537 127
1067712538 127
1067712547 127
1067712556 127
1067778048 127
1067778063 127
1067778078 127
1067778081 127
1067843596 127
1067843606 127
1067843617 127
1067843631 127
1067909138 127
1067909145 127
1067909152 127
1067909159 127
1067974678 127
1067974681 127
1067974683 127
1067974696 127
1068040199 127
1068040202 127
1068040208 127
1068040213 127
1068105746 127
1068105747 127
1068105765 127
1068105768 127
1068171266 127
1068171280 127
1068171297 127
1068171299 127
1068236801 127
1068236811 127
1068236818 127
1068236828 127
1068302364 127
1068302366 127
1068302369 127
1068302371 127
1068367894 127
1068367904 127
1068367913 127
1068367919 127
1068433432 127
1068433438 127
1068433449 127
1068433451 127
1068498953 127
1068498954 127
1068498960 127
1068498963 127
1068564490 127
1068564517 127
1068564520 127
1068564523 127
1068630017 127
1068630031 127
1068630038 127
1068630040 127
1068695557 127
1068695567 127
1068695580 127
1068695586 127
1068761092 127
1068761094 127
1068761103 127
1068761105 127
1068826633 127
1068826652 127
1068826663 127
1068826666 127
1068892168 127
1068892173 127
1068892178 127
1068892183 127
1068957728 127
1068957733 127
1068957734 127
1068957743 127
1069023237 127
1069023242 127
1069023248 127
1069023259 127
1069088769 127
1069088775 127
1069088782 127
1069088796 127
1069154321 127
1069154322 127
1069154324 127
1069154347 127
1069219861 127
1069219870 127
1069219879 127
1069219884 127
1069285378 127
1069285380 127
1069285381 127
1069285395 127
1069350918 127
1069350919 127
1069350921 127
1069350956 127
1069416465 127
1069416467 127
1069416482 127
1069416488 127
1069482028 127
1069482029 127
1069482030 127
1069482031 127
1069547540 127
1069547549 127
1069547554 127
1069547563 127
1069613061 127
1069613088 127
1069613091 127
1069613102 127
1069678598 127
1069678611 127
1069678617 127
1069678632 127
1069744139 127
1069744172 127
1069744173 127
1069744174 127
1069809690 127
1069809692 127
1069809699 127
1069809701 127
1069875211 127
1069875212 127
1069875218 127
1069875221 127
1069940749 127
1069940762 126
1069940764 127
1069940771 127
1070006274 127
1070006275 127
1070006281 127
1070006288 127
1070071820 127
1070071834 127
1070071841 127
1070071851 127
1070137345 127
1070137360 127
1070137367 127
1070137374 127
1070202894 127
1070202896 127
1070202913 127
1070202915 127
1070268430 127
1070268441 127
1070268444 127
1070268463 127
1070333970 127
1070333971 127
1070333976 127
1070333977 127
1070399494 127
1070399499 127
1070399508 127
1070399533 127
1070465025 127
1070465034 127
1070465040 127
1070465059 127
1070530576 127
1070530589 127
1070530590 127
1070530591 127
1070596096 127
1070596097 127
1070596103 127
1070596106 127
1070661643 127
1070661648 127
1070661653 127
1070661666 127
1070727179 127
1070727182 127
1070727204 127
1070727209 127
1070792710 127
1070792713 127
1070792724 127
1070792747 127
1070858244 127
1070858249 127
1070858255 127
1070858258 127
1070923780 127
1070923781 127
1070923787 127
1070923790 127
1070989312 127
1070989315 127
1070989329 127
1070989346 127
1071054849 127
1071054850 127
1071054864 127
1071054875 127
1071120388 127
1071120390 127
1071120399 127
1071120401 127
1071185922 127
1071185923 127
1071185924 127
1071185925 127
1071251470 127
1071251476 127
1071251481 127
1071251483 127
1071316998 127
1071317019 127
1071317028 127
1071317037 127
1071382536 127
1071382539 127
1071382549 127
1071382554 127
1071448071 127
1071448074 127
1071448076 127
1071448089 127
1071513604 127
1071513630 127
1071513637 127
1071513639 127
1071579136 127
1071579154 127
1071579155 127
1071579157 127
1071644674 127
1071644676 127
1071644677 127
1071644703 127
1071710209 127
1071710210 127
1071710215 127
1071710228 127
1071775756 127
1071775759 127
1071775774 127
1071775777 127
1071841293 127
1071841296 127
1071841298 127
1071841319 127
1071906822 127
1071906827 127
1071906856 127
1071906857 127
1071972358 127
1071972372 127
1071972381 127
1071972395 127
1072037889 127
1072037896 127
1072037906 127
1072037911 127
1072103424 127
1072103441 127
1072103451 127
1072103454 127
1072168976 127
1072168981 127
1072168995 127
1072169002 127
1072234503 127
1072234536 127
1072234541 127
1072234542 127
1072300033 127
1072300043 127
1072300044 127
1072300046 127
1072365584 127
1072365587 127
1072365594 127
1072365605 127
1072431116 127
1072431139 127
1072431141 127
1072431150 127
1072496653 127
1072496674 127
1072496679 127
1072496680 127
1072562190 127
1072562208 127
1072562215 127
1072562221 127
1072627725 127
1072627726 127
1072627744 127
1072627759 127
1072693249 127
1072693251 127
1072693264 127
1072693274 127
1072758789 127
1072758792 127
1072758794 127
1072758803 127
1072824334 127
1072824335 127
1072824336 127
1072824353 127
1072889870 127
1072889881 127
1072889887 127
1072889892 127
1072955399 127
1072955413 127
1072955414 127
1072955428 127
1073020928 127
1073020939 127
1073020942 127
1073020969 127
1073086464 127
1073086466 127
1073086469 127
1073086495 127
1073152008 127
1073152010 127
1073152035 127
1073152037 127
1073217542 127
1073217565 127
1073217572 127
1073217579 127
1073283073 127
1073283080 127
1073283086 127
1073283087 127
1073348626 127
1073348632 127
1073348635 127
1073348637 127
1073414144 127
1073414149 127
1073414162 127
1073414175 127
1073479687 127
1073479689 127
1073479692 127
1073479710 127
1073545233 127
1073545254 127
1073545260 127
1073545263 127
1073610764 127
1073610766 127
1073610767 127
1073610781 127
1073676296 127
1073676299 127
1073676306 127
1073676329 127
1073741837 127
1073741838 127
1073741840 127
1073741843 127
1073807369 127
1073807372 127
1073807387 127
1073807390 127
1073872908 127
1073872910 127
1073872925 127
1073872943 127
1073938432 127
1073938433 127
1073938434 127
1073938435 127
1074003972 127
1074003983 127
1074003985 127
1074003986 127
1074069538 127
1074069543 127
1074069545 127
1074069548 127
1074135049 127
1074135054 127
1074135055 127
1074135064 127
1074200579 127
1074200582 127
1074200585 127
1074200620 127
1074266117 127
1074266138 127
1074266143 127
1074266144 127
1074331659 127
1074331662 127
1074331664 127
1074331665 127
1074397184 127
1074397189 127
1074397190 127
1074397191 127
1074462731 127
1074462740 127
1074462749 127
1074462750 127
1074528276 127
1074528278 127
1074528279 127
1074528293 127
1074593815 127
1074593816 127
1074593829 127
1074593830 127
1074659330 127
1074659331 127
1074659348 127
1074659365 127
1074724865 127
1074724879 127
1074724896 127
1074724898 127
1074790407 127
1074790410 127
1074790421 127
1074790428 127
1074855939 127
1074855950 127
1074855960 127
1074855961 127
1074921474 127
1074921476 127
1074921491 127
1074921517 127
1074987024 127
1074987038 127
1074987041 127
1074987043 127
1075052556 127
1075052562 127
1075052571 127
1075052581 127
1075118084 127
1075118097 127
1075118099 127
1075118102 127
1075183625 127
1075183626 127
1075183656 127
1075183659 127
1075249168 127
1075249182 127
1075249189 127
1075249195 127
1075314690 127
1075314695 127
1075314700 127
1075314709 127
1075380225 127
1075380246 127
1075380247 127
1075380252 127
1075445773 127
1075445774 127
1075445775 127
1075445804 127
1075511315 127
1075511317 127
1075511320 127
1075511326 127
1075576834 127
1075576845 127
1075576847 127
1075576852 127
1075642376 127
1075642377 127
1075642383 127
1075642414 127
1075707910 127
1075707912 127
1075707929 127
1075707939 127
1075773440 127
1075773450 127
1075773453 127
1075773475 127
1075838980 127
1075838999 127
1075839001 127
1075839006 127
1075904516 127
1075904549 127
1075904551 127
1075904554 127
1075970054 127
1075970064 127
1075970071 127
1075970073 127
1076035587 127
1076035601 127
1076035604 127
1076035606 127
1076101122 127
1076101132 127
1076101139 127
1076101149 127
1076166670 127
1076166675 127
1076166681 127
1076166684 127
1076232193 127
1076232212 127
1076232227 127
1076232230 127
1076297731 127
1076297738 127
1076297745 127
1076297768 127
1076363264 127
1076363271 127
1076363273 127
1076363302 127
1076428828 127
1076428845 127
1076428846 127
1076428847 127
1076494360 127
1076494363 127
1076494374 127
1076494381 127
1076559909 127
1076559910 127
1076559912 127
1076559919 127
1076625412 127
1076625421 127
1076625422 127
1076625435 127
1076690950 127
1076690953 127
1076690975 127
1076690984 127
1076756480 127
1076756483 127
1076756501 127
1076756510 127
1076822027 127
1076822052 127
1076822061 127
1076822062 127
1076887561 127
1076887576 127
1076887590 127
1076887595 127
1076953107 127
1076953117 127
1076953126 127
1076953128 127
1077018646 127
1077018653 127
1077018655 127
1077018664 127
1077084167 127
1077084186 127
1077084201 127
1077084204 127
1077149699 127
1077149713 127
1077149714 127
1077149716 127
1077215232 127
1077215234 127
1077215235 127
1077215245 127
1077280769 127
1077280791 127
1077280808 127
1077280810 127
1077346320 127
1077346322 127
1077346323 127
1077346337 127
1077411847 127
1077411848 127
1077411853 127
1077411858 127
1077477386 127
1077477396 127
1077477399 127
1077477401 127
1077542921 127
1077542923 127
1077542924 127
1077542934 127
1077608451 127
1077608454 127
1077608456 127
1077608473 127
1077673999 127
1077674012 127
1077674017 127
1077674030 127
1077739524 127
1077739525 127
1077739534 127
1077739543 127
1077805067 127
1077805072 127
1077805085 127
1077805102 127
1077870597 127
1077870602 127
1077870604 127
1077870627 127
1077936128 127
1077936141 127
1077936158 127
1077936163 127
1078001671 127
1078001686 127
1078001688 127
1078001693 127
1078067210 127
1078067213 127
1078067224 127
1078067227 127
1078132748 127
1078132765 127
1078132778 127
1078132783 127
1078198274 127
1078198277 127
1078198291 127
1078198296 127
1078263815 127
1078263820 127
1078263830 127
1078263841 127
1078329371 127
1078329376 127
1078329381 127
1078329382 127
1078394897 127
1078394900 127
1078394907 127
1078394914 127
1078460443 127
1078460456 127
1078460461 127
1078460462 127
1078525968 127
1078525971 127
1078525985 127
1078525990 127
1078591489 127
1078591515 127
1078591528 127
1078591534 127
1078657029 127
1078657052 127
1078657058 127
1078657059 127
1078722593 127
1078722598 127
1078722599 127
1078722600 127
1078788109 127
1078788114 127
1078788123 127
1078788132 127
1078853640 127
1078853651 127
1078853657 127
1078853666 127
1078919173 127
1078919176 127
1078919178 127
1078919207 127
1078984705 127
1078984722 127
1078984724 127
1078984751 127
1079050240 127
1079050250 127
1079050251 127
1079050253 127
1079115780 127
1079115786 127
1079115801 127
1079115807 127
1079181325 127
1079181351 127
1079181352 127
1079181358 127
1079246851 127
1079246868 127
1079246869 127
1079246870 127
1079312385 127
1079312391 127
1079312406 127
1079312424 127
1079377940 127
1079377943 127
1079377954 127
1079377965 127
1079443488 127
1079443489 127
1079443491 127
1079443494 127
1079508998 127
1079509005 127
1079509012 127
1079509015 127
1079574528 127
1079574533 127
1079574534 127
1079574571 127
1079640097 127
1079640098 127
1079640103 127
1079640104 127
1079705625 127
1079705627 127
1079705628 127
1079705638 127
1079771147 127
1079771157 127
1079771158 127
1079771160 127
1079836680 127
1079836681 127
1079836691 127
1079836706 127
1079902215 127
1079902232 127
1079902241 127
1079902246 127
1079967763 127
1079967772 127
1079967773 127
1079967786 127
1080033282 127
1080033289 127
1080033291 127
1080033292 127
1080098822 127
1080098829 127
1080098836 127
1080098839 127
1080164378 127
1080164380 127
1080164393 127
1080164395 127
1080229892 127
1080229901 127
1080229906 127
1080229915 127
1080295426 127
1080295432 127
1080295447 127
1080295465 127
1080360970 127
1080360973 127
1080360984 127
1080360991 127
1080426496 127
1080426515 127
1080426529 127
1080426538 127
1080492038 127
1080492041 127
1080492052 127
1080492071 127
1080557570 127
1080557580 127
1080557583 127
1080557585 127
1080623110 127
1080623117 127
1080623120 127
1080623151 127
1080688654 127
1080688657 127
1080688672 127
1080688687 127
1080754188 127
1080754206 127
1080754219 127
1080754221 127
1080819727 127
1080819752 127
1080819753 127
1080819754 127
1080885251 127
1080885253 127
1080885254 127
1080885280 127
1080950795 127
1080950796 127
1080950802 127
1080950805 127
1081016331 127
1081016341 127
1081016342 127
1081016356 127
1081081863 127
1081081880 127
1081081889 127
1081081898 127
1081147412 127
1081147425 127
1081147431 127
1081147438 127
1081212947 127
1081212950 127
1081212952 127
1081212953 127
1081278471 127
1081278472 127
1081278481 127
1081278506 127
1081344010 127
1081344015 127
1081344021 127
1081344028 127
1081409543 127
1081409560 127
1081409565 127
1081409574 127
1081475076 127
1081475087 127
1081475102 127
1081475113 127
1081540617 127
1081540620 127
1081540630 127
1081540631 127
1081606151 127
1081606177 127
1081606184 127
1081606190 127
1081671683 127
1081671685 127
1081671698 127
1081671708 127
1081737220 127
1081737225 127
1081737230 127
1081737239 127
1081802774 127
1081802780 127
1081802785 127
1081802799 127
1081868288 127
1081868313 127
1081868314 127
1081868323 127
1081933828 127
1081933847 127
1081933850 127
1081933853 127
1081999360 127
1081999365 127
1081999371 127
1081999378 127
1082064898 127
1082064899 127
1082064900 127
1082064917 127
1082130432 127
1082130439 127
1082130450 127
1082130453 127
1082195976 127
1082196010 127
1082196013 127
1082196015 127
1082261510 127
1082261513 127
1082261536 127
1082261543 127
1082327041 127
1082327050 127
1082327084 127
1082327087 127
1082392583 127
1082392602 127
1082392604 127
1082392605 127
1082458119 127
1082458125 127
1082458146 127
1082458156 127
1082523649 127
1082523655 127
1082523660 127
1082523662 127
1082589187 127
1082589189 127
1082589214 127
1082589224 127
1082654740 127
1082654742 127
1082654743 127
1082654745 127
1082720289 127
1082720292 127
1082720294 127
1082720299 127
1082785803 127
1082785808 127
1082785813 127
1082785822 127
1082851333 127
1082851347 127
1082851350 127
1082851364 127
1082916866 127
1082916871 127
1082916872 127
1082916905 127
1082982419 127
1082982433 127
1082982442 127
1082982444 127
1083047938 127
1083047943 127
1083047973 127
1083047976 127
1083113483 127
1083113490 127
1083113500 127
1083113505 127
1083179016 127
1083179027 127
1083179041 127
1083179042 127
1083244557 127
1083244564 127
1083244566 127
1083244571 127
1083310096 127
1083310097 127
1083310099 127
1083310102 127
1083375640 127
1083375650 127
1083375651 127
1083375657 127
1083441171 127
1083441178 127
1083441180 127
1083441185 127
1083506688 127
1083506719 127
1083506721 127
1083506722 127
1083572225 127
1083572259 127
1083572264 127
1083572266 127
1083637775 127
1083637777 127
1083637782 127
1083637796 127
1083703308 127
1083703310 127
1083703317 127
1083703335 127
1083768858 127
1083768861 127
1083768863 127
1083768868 127
1083834402 127
1083834404 127
1083834409 127
1083834411 127
1083899918 127
1083899924 127
1083899929 127
1083899943 127
1083965447 127
1083965472 127
1083965477 127
1083965482 127
1084030987 127
1084030989 127
1084031010 127
1084031012 127
1084096532 127
1084096535 127
1084096537 127
1084096542 127
1084162061 127
1084162063 127
1084162068 127
1084162082 127
1084227597 127
1084227612 127
1084227622 127
1084227631 127
1084293120 127
1084293127 127
1084293134 127
1084293137 127
1084358663 127
1084358677 127
1084358700 127
1084358702 127
1084424198 127
1084424199 127
1084424204 127
1084424209 127
1084489743 127
1084489753 127
1084489770 127
1084489772 127
1084555289 127
1084555294 127
1084555295 127
1084555296 127
1084620801 127
1084620812 127
1084620826 127
1084620847 127
1084686340 127
1084686358 127
1084686361 127
1084686367 127
1084751879 127
1084751893 127
1084751898 127
1084751908 127
1084817412 127
1084817426 127
1084817439 127
1084817453 127
1084882971 127
1084882978 127
1084882980 127
1084882985 127
1084948486 127
1084948513 127
1084948516 127
1084948523 127
1085014060 127
1085014061 127
1085014062 127
1085014063 127
1085079552 127
1085079566 127
1085079573 127
1085079587 127
1085145094 127
1085145101 127
1085145103 127
1085145116 127
1085210632 127
1085210646 127
1085210649 127
1085210651 127
1085276160 127
1085276179 127
1085276182 127
1085276193 127
1085341705 127
1085341716 127
1085341723 127
1085341730 127
1085407235 127
1085407245 127
1085407264 127
1085407266 127
1085472786 127
1085472803 127
1085472805 127
1085472812 127
1085538336 127
1085538339 127
1085538342 127
1085538349 127
1085603858 127
1085603859 127
1085603869 127
1085603880 127
1085669379 127
1085669380 127
1085669398 127
1085669401 127
1085734918 127
1085734948 127
1085734949 127
1085734959 127
1085800465 127
1085800478 127
1085800479 127
1085800480 127
1085865990 127
1085865995 127
1085865997 127
1085866004 127
1085931520 127
1085931522 127
1085931553 127
1085931563 127
1085997058 127
1085997064 127
1085997069 127
1085997075 127
1086062620 127
1086062626 127
1086062637 127
1086062639 127
1086128142 127
1086128148 127
1086128149 127
1086128155 127
1086193670 127
1086193676 127
1086193693 127
1086193695 127
1086259221 127
1086259226 127
1086259239 127
1086259240 127
1086324742 127
1086324751 127
1086324753 127
1086324756 127
1086390274 127
1086390276 127
1086390283 127
1086390301 127
1086455811 127
1086455818 127
1086455836 127
1086455849 127
1086521359 127
1086521361 127
1086521364 127
1086521378 127
1086586915 127
1086586921 127
1086586922 127
1086586924 127
1086652424 127
1086652434 127
1086652443 127
1086652445 127
1086717968 127
1086717978 127
1086717989 127
1086717999 127
1086783506 127
1086783513 127
1086783520 127
1086783531 127
1086849028 127
1086849033 127
1086849046 127
1086849051 127
1086914577 127
1086914587 127
1086914588 127
1086914602 127
1086980097 127
1086980107 127
1086980122 127
1086980128 127
1087045632 127
1087045650 127
1087045673 127
1087045675 127
1087111169 127
1087111183 127
1087111184 127
1087111186 127
1087176731 127
1087176737 127
1087176746 127
1087176748 127
1087242261 127
1087242271 127
1087242278 127
1087242284 127
1087307782 127
1087307792 127
1087307807 127
1087307821 127
1087373313 127
1087373334 127
1087373336 127
1087373339 127
1087438855 127
1087438872 127
1087438881 127
1087438890 127
1087504385 127
1087504390 127
1087504391 127
1087504420 127
1087569953 127
1087569962 127
1087569963 127
1087569964 127
1087635482 127
1087635489 127
1087635491 127
1087635496 127
1087701015 127
1087701016 127
1087701018 127
1087701025 127
1087766536 127
1087766541 127
1087766574 127
1087766575 127
1087832070 127
1087832093 127
1087832100 127
1087832103 127
1087897604 127
1087897633 127
1087897635 127
1087897638 127
1087963137 127
1087963154 127
1087963159 127
1087963172 127
1088028707 127
1088028712 127
1088028717 126
1088028718 127
1088094236 127
1088094246 127
1088094247 127
1088094249 127
1088159762 127
1088159771 127
1088159780 127
1088159785 127
1088225301 127
1088225303 127
1088225314 127
1088225316 127
1088290828 127
1088290829 127
1088290851 127
1088290854 127
1088356352 127
1088356353 127
1088356383 127
1088356398 127
1088421895 127
1088421912 127
1088421918 127
1088421933 127
1088487456 127
1088487466 127
1088487469 127
1088487471 127
1088552961 127
1088552998 127
1088553000 127
1088553003 127
1088618498 127
1088618513 127
1088618536 127
1088618543 127
1088684046 127
1088684048 127
1088684069 127
1088684075 127
1088749587 127
1088749588 127
1088749594 127
1088749601 127
1088815121 127
1088815130 127
1088815131 127
1088815136 127
1088880653 127
1088880664 127
1088880670 127
1088880671 127
1088946193 127
1088946196 127
1088946206 127
1088946219 127
1089011714 127
1089011720 127
1089011721 127
1089011727 127
1089077254 127
1089077256 127
1089077273 127
1089077275 127
1089142796 127
1089142819 127
1089142821 127
1089142830 127
1089208321 127
1089208338 127
1089208340 127
1089208347 127
1089273890 127
1089273895 127
1089273897 127
1089273900 127
1089339408 127
1089339413 127
1089339415 127
1089339426 127
1089404953 127
1089404962 127
1089404967 127
1089404972 127
1089470472 127
1089470473 127
1089470490 127
1089470495 127
1089536006 127
1089536025 127
1089536035 127
1089536036 127
1089601551 127
1089601554 127
1089601572 127
1089601573 127
1089667077 127
1089667095 127
1089667096 127
1089667114 127
1089732610 127
1089732636 127
1089732647 127
1089732649 127
1089798156 127
1089798165 127
1089798167 127
1089798186 127
1089863690 127
1089863709 127
1089863716 127
1089863719 127
1089929228 127
1089929230 127
1089929239 127
1089929241 127
1089994778 127
1089994784 127
1089994791 127
1089994793 127
1090060293 127
1090060314 127
1090060328 127
1090060331 127
1090125834 127
1090125836 127
1090125865 127
1090125871 127
1090191361 127
1090191366 127
1090191372 127
1090191387 127
1090256901 127
1090256926 127
1090256928 127
1090256931 127
1090322437 127
1090322446 127
1090322451 127
1090322472 127
1090387969 127
1090387971 127
1090387988 127
1090388002 127
1090453521 127
1090453524 127
1090453546 127
1090453551 127
1090519046 127
1090519051 127
1090519053 127
1090519060 127
1090584583 127
1090584597 127
1090584602 127
1090584604 127
1090650115 127
1090650118 127
1090650136 127
1090650137 127
1090715680 127
1090715682 127
1090715683 127
1090715689 127
1090781186 127
1090781189 127
1090781195 127
1090781228 127
1090846722 127
1090846735 127
1090846752 127
1090846765 127
1090912258 127
1090912260 127
1090912263 127
1090912281 127
1090977800 127
1090977801 127
1090977802 127
1090977803 127
1091043332 127
1091043342 127
1091043349 127
1091043359 127
1091108868 127
1091108870 127
1091108877 127
1091108903 127
1091174404 127
1091174422 127
1091174423 127
1091174441 127
1091239943 127
1091239944 127
1091239962 127
1091239965 127
1091305494 127
1091305496 127
1091305499 127
1091305517 127
1091371023 127
1091371044 127
1091371049 127
1091371054 127
1091436564 127
1091436567 127
1091436586 127
1091436589 127
1091502095 127
1091502102 127
1091502105 127
1091502108 127
1091567632 127
1091567634 127
1091567647 127
1091567653 127
1091633162 127
1091633169 127
1091633176 127
1091633183 127
1091698692 127
1091698698 127
1091698711 127
1091698717 127
1091764226 127
1091764245 127
1091764259 127
1091764264 127
1091829765 127
1091829779 127
1091829788 127
1091829794 127
1091895301 127
1091895303 127
1091895312 127
1091895322 127
1091960845 127
1091960847 127
1091960868 127
1091960874 127
1092026377 127
1092026391 127
1092026392 127
1092026394 127
1092091915 127
1092091932 127
1092091937 127
1092091942 127
1092157451 127
1092157461 127
1092157468 127
1092157478 127
1092222983 127
1092222997 127
1092222998 127
1092223016 127
1092288524 127
1092288527 127
1092288538 127
1092288557 127
1092354048 127
1092354057 127
1092354075 127
1092354090 127
1092419592 127
1092419606 127
1092419629 127
1092419631 127
1092485127 127
1092485149 127
1092485152 127
1092485154 127
1092550670 127
1092550687 127
1092550692 127
1092550697 127
1092616201 127
1092616215 127
1092616222 127
1092616224 127
1092681730 127
1092681732 127
1092681739 127
1092681753 127
1092747267 127
1092747297 127
1092747300 127
1092747302 127
1092812820 127
1092812835 127
1092812837 127
1092812838 127
1092878341 127
1092878344 127
1092878350 127
1092878371 127
1092943884 127
1092943898 127
1092943901 127
1092943919 127
1093009409 127
1093009427 127
1093009446 127
1093009448 127
1093074966 127
1093074984 127
1093074989 127
1093074991 127
1093140480 127
1093140485 127
1093140499 127
1093140506 127
1093206020 127
1093206031 127
1093206033 127
1093206042 127
1093271555 127
1093271569 127
1093271572 127
1093271574 127
1093337091 127
1093337116 127
1093337121 127
1093337130 127
1093402628 127
1093402631 127
1093402634 127
1093402645 127
1093468169 127
1093468172 127
1093468203 127
1093468206 127
1093533709 127
1093533711 127
1093533714 127
1093533716 127
1093599233 127
1093599236 127
1093599263 127
1093599266 127
1093664806 127
1093664811 127
1093664812 127
1093664813 127
1093730323 127
1093730329 127
1093730332 127
1093730334 127
1093795855 127
1093795861 127
1093795880 127
1093795882 127
1093861386 127
1093861397 127
1093861407 127
1093861416 127
1093926912 127
1093926938 127
1093926945 127
1093926947 127
1093992461 127
1093992466 127
1093992471 127
1093992476 127
1094057984 127
1094057990 127
1094057993 127
1094058007 127
1094123530 127
1094123532 127
1094123533 127
1094123555 127
1094189056 127
1094189057 127
1094189059 127
1094189066 127
1094254598 127
1094254617 127
1094254620 127
1094254627 127
1094320129 127
1094320131 127
1094320132 127
1094320146 127
1094385678 127
1094385683 127
1094385685 127
1094385696 127
1094451206 127
1094451209 127
1094451223 127
1094451244 127
1094516754 127
1094516756 127
1094516765 127
1094516767 127
1094582278 127
1094582285 127
1094582299 127
1094582312 127
1094647810 127
1094647820 127
1094647829 127
1094647843 127
1094713349 127
1094713358 127
1094713363 127
1094713384 127
1094778880 127
1094778883 127
1094778885 127
1094778906 127
1094844438 127
1094844444 127
1094844461 127
1094844463 127
1094909959 127
1094909960 127
1094909965 127
1094909966 127
1094975502 127
1094975516 127
1094975531 127
1094975533 127
1095041054 127
1095041060 127
1095041061 127
1095041071 127
1095106576 127
1095106585 127
1095106591 127
1095106606 127
1095172105 127
1095172107 127
1095172120 127
1095172134 127
1095237642 127
1095237645 127
1095237664 127
1095237675 127
1095303183 127
1095303184 127
1095303197 127
1095303198 127
1095368719 127
1095368734 127
1095368740 127
1095368745 127
1095434245 127
1095434259 127
1095434272 127
1095434286 127
1095499780 127
1095499795 127
1095499797 127
1095499806 127
1095565335 127
1095565338 127
1095565352 127
1095565353 127
1095630860 127
1095630862 127
1095630869 127
1095630875 127
1095696396 127
1095696403 127
1095696422 127
1095696425 127
1095761929 127
1095761932 127
1095761947 127
1095761954 127
1095827458 127
1095827479 127
1095827492 127
1095827501 127
1095893006 127
1095893020 127
1095893021 127
1095893035 127
1095958528 127
1095958535 127
1095958542 127
1095958549 127
1096024065 127
1096024068 127
1096024074 127
1096024095 127
1096089615 127
1096089617 127
1096089620 127
1096089638 127
1096155155 127
1096155160 127
1096155162 127
1096155169 127
1096220677 127
1096220680 127
1096220686 127
1096220711 127
1096286225 127
1096286240 127
1096286242 127
1096286243 127
1096351746 127
1096351760 127
1096351789 127
1096351791 127
1096417281 127
1096417282 127
1096417283 127
1096417312 127
1096482824 127
1096482826 127
1096482831 127
1096482853 127
1096548369 127
1096548372 127
1096548375 127
1096548394 127
1096613898 127
1096613901 127
1096613920 127
1096613927 127
1096679427 127
1096679433 127
1096679438 127
1096679452 127
1096744960 127
1096744977 127
1096744978 127
1096745007 127
1096810497 127
1096810499 127
1096810500 127
1096810530 127
1096876050 127
1096876053 127
1096876063 127
1096876064 127
1096941568 127
1096941591 127
1096941598 127
1096941609 127
1097007127 127
1097007134 127
1097007136 127
1097007137 127
1097072641 127
1097072656 127
1097072658 127
1097072683 127
1097138182 127
1097138184 127
1097138187 127
1097138201 127
1097203722 127
1097203728 127
1097203745 127
1097203755 127
1097269265 127
1097269267 127
1097269282 127
1097269284 127
1097334786 127
1097334805 127
1097334811 127
1097334828 127
1097400323 127
1097400326 127
1097400336 127
1097400361 127
1097465863 127
1097465882 127
1097465885 127
1097465896 127
1097531396 127
1097531411 127
1097531429 127
1097531438 127
1097596929 127
1097596932 127
1097596934 127
1097596935 127
1097662467 127
1097662473 127
1097662508 127
1097662510 127
1097728020 127
1097728023 127
1097728037 127
1097728042 127
1097793553 127
1097793556 127
1097793558 127
1097793563 127
1097859074 127
1097859095 127
1097859108 127
1097859117 127
1097924628 127
1097924649 127
1097924650 127
1097924651 127
1097990153 127
1097990178 127
1097990180 127
1097990191 127
1098055686 127
1098055688 127
1098055705 127
1098055719 127
1098121218 127
1098121227 127
1098121244 127
1098121245 127
1098186757 127
1098186767 127
1098186780 127
1098186798 127
1098252290 127
1098252299 127
1098252316 127
1098252325 127
1098317833 127
1098317836 127
1098317859 127
1098317870 127
1098383360 127
1098383386 127
1098383401 127
1098383403 127
1098448911 127
1098448925 127
1098448940 127
1098448942 127
1098514432 127
1098514449 127
1098514458 127
1098514471 127
1098579992 127
1098579997 127
1098580007 127
1098580010 127
1098645506 127
1098645528 127
1098645535 127
1098645549 127
1098711045 127
1098711048 127
1098711071 127
1098711078 127
1098776592 127
1098776599 127
1098776605 127
1098776606 127
1098842118 127
1098842120 127
1098842125 127
1098842127 127
1098907677 127
1098907682 127
1098907683 127
1098907684 127
1098973203 127
1098973212 127
1098973218 127
1098973221 127
1099038722 127
1099038724 127
1099038725 127
1099038747 127
1099104257 127
1099104262 127
1099104264 127
1099104279 127
1099169823 127
1099169824 127
1099169833 127
1099169838 127
1099235328 127
1099235333 127
1099235338 127
1099235351 127
1099300875 127
1099300890 127
1099300892 127
1099300897 127
1099366416 127
1099366417 127
1099366426 127
1099366435 127
1099431954 127
1099431956 127
1099431959 127
1099431973 127
1099497483 127
1099497501 127
1099497506 127
1099497512 127
1099563027 127
1099563033 127
1099563036 127
1099563046 127
1099628561 127
1099628576 127
1099628579 127
1099628586 127
1099694085 127
1099694094 127
1099694103 127
1099694120 127
1099759632 127
1099759643 127
1099759645 127
1099759650 127
1099825169 127
1099825179 127
1099825182 127
1099825188 127
1099890697 127
1099890702 127
1099890715 127
1099890720 127
1099956226 127
1099956227 127
1099956233 127
1099956236 127
1100021764 127
1100021785 127
1100021791 127
1100021794 127
1100087310 127
1100087311 127
1100087316 127
1100087317 127
1100152848 127
1100152851 127
1100152861 127
1100152862 127
1100218374 127
1100218377 127
1100218407 127
1100218408 127
1100283924 127
1100283925 127
1100283930 127
1100283951 127
1100349455 127
1100349474 127
1100349476 127
1100349477 127
1100414983 127
1100414992 127
1100415001 127
1100415006 127
1100480529 127
1100480532 127
1100480543 127
1100480546 127
1100546063 127
1100546080 127
1100546085 127
1100546090 127
1100611588 127
1100611593 127
1100611622 127
1100611631 127
1100677120 127
1100677157 127
1100677158 127
1100677167 127
1100742663 127
1100742666 127
1100742677 127
1100742680 127
1100808192 127
1100808227 127
1100808233 127
1100808234 127
1100873747 127
1100873761 127
1100873762 127
1100873764 127
1100939277 127
1100939283 127
1100939294 127
1100939308 127
1101004802 127
1101004831 127
1101004836 127
1101004841 127
1101070353 127
1101070380 127
1101070382 127
1101070383 127
1101135878 127
1101135879 127
1101135892 127
1101135897 127
1101201425 127
1101201438 127
1101201440 127
1101201447 127
1101266947 127
1101266965 127
1101266968 127
1101266982 127
1101332481 127
1101332488 127
1101332491 127
1101332498 127
1101398017 127
1101398038 127
1101398052 127
1101398055 127
1101463552 127
1101463555 127
1101463562 127
1101463573 127
1101529088 127
1101529113 127
1101529123 127
1101529130 127
1101594625 127
1101594646 127
1101594664 127
1101594671 127
1101660161 127
1101660175 127
1101660178 127
1101660196 127
1101725697 127
1101725723 127
1101725734 127
1101725736 127
1101791237 127
1101791256 127
1101791259 127
1101791270 127
1101856770 127
1101856792 127
1101856813 127
1101856815 127
1101922314 127
1101922317 127
1101922335 127
1101922348 127
1101987876 127
1101987879 127
1101987881 127
1101987886 127
1102053383 127
1102053397 127
1102053416 127
1102053418 127
1102118914 127
1102118928 127
1102118931 127
1102118937 127
1102184451 127
1102184464 127
1102184470 127
1102184473 127
1102250000 127
1102250007 127
1102250010 127
1102250021 127
1102315525 127
1102315528 127
1102315550 127
1102315559 127
1102381061 127
1102381079 127
1102381080 127
1102381102 127
1102446597 127
1102446606 127
1102446619 127
1102446628 127
1102512137 127
1102512156 127
1102512159 127
1102512170 127
1102577682 127
1102577685 127
1102577692 127
1102577703 127
1102643210 127
1102643224 127
1102643225 127
1102643243 127
1102708736 127
1102708738 127
1102708743 127
1102708761 127
1102774286 127
1102774287 127
1102774297 127
1102774312 127
1102839811 127
1102839820 127
1102839834 127
1102839841 127
1102905345 127
1102905347 127
1102905376 127
1102905382 127
1102970890 127
1102970892 127
1102970901 127
1102970927 127
1103036420 127
1103036422 127
1103036423 127
1103036425 127
1103101976 127
1103101978 127
1103101979 127
1103101993 127
1103167512 127
1103167519 127
1103167521 127
1103167530 127
1103233026 127
1103233047 127
1103233061 127
1103233068 127
1103298562 127
1103298569 127
1103298575 127
1103298604 127
1103364125 127
1103364127 127
1103364138 127
1103364140 127
1103429640 127
1103429650 127
1103429657 127
1103429663 127
1103495194 127
1103495200 127
1103495205 127
1103495207 127
1103560706 127
1103560715 127
1103560720 127
1103560749 127
1103626251 127
1103626253 127
1103626272 127
1103626278 127
1103691781 127
1103691784 127
1103691815 127
1103691822 127
1103757324 127
1103757347 127
1103757349 127
1103757358 127
1103822859 127
1103822861 127
1103822866 127
1103822876 127
1103888408 127
1103888421 127
1103888426 127
1103888431 127
1103953922 127
1103953923 127
1103953924 127
1103953937 127
1104019468 127
1104019487 127
1104019501 127
1104019502 127
1104084999 127
1104085004 127
1104085013 127
1104085026 127
1104150547 127
1104150554 127
1104150556 127
1104150557 127
1104216078 127
1104216085 127
1104216099 127
1104216100 127
1104281610 127
1104281613 127
1104281631 127
1104281644 127
1104347161 127
1104347166 127
1104347172 127
1104347175 127
1104412682 127
1104412683 127
1104412685 127
1104412696 127
1104478227 127
1104478237 127
1104478244 127
1104478250 127
1104543754 127
1104543759 127
1104543768 127
1104543785 127
1104609297 127
1104609298 127
1104609316 127
1104609327 127
1104674825 127
1104674852 127
1104674858 127
1104674863 127
1104740355 127
1104740376 127
1104740393 127
1104740398 127
1104805896 127
1104805909 127
1104805926 127
1104805931 127
1104871454 127
1104871460 127
1104871465 127
1104871467 127
1104936972 127
1104936974 127
1104936983 127
1104937005 127
1105002510 127
1105002511 127
1105002512 127
1105002513 127
1105068050 127
1105068059 127
1105068064 127
1105068069 127
1105133584 127
1105133593 127
1105133610 127
1105133611 127
1105199116 127
1105199130 127
1105199137 127
1105199139 127
1105264641 127
1105264658 127
1105264672 127
1105264683 127
1105330176 127
1105330177 127
1105330191 127
1105330218 127
1105395713 127
1105395714 127
1105395715 127
1105395720 127
1105461256 127
1105461269 127
1105461283 127
1105461290 127
1105526819 127
1105526820 127
1105526821 127
1105526826 127
1105592328 127
1105592331 127
1105592342 127
1105592345 127
1105657874 127
1105657880 127
1105657885 127
1105657887 127
1105723394 127
1105723416 127
1105723433 127
1105723435 127
1105788936 127
1105788947 127
1105788950 127
1105788969 127
1105854486 127
1105854500 127
1105854507 127
1105854509 127
1105920024 127
1105920033 127
1105920035 127
1105920042 127
1105985555 127
1105985568 127
1105985569 127
1105985582 127
1106051088 127
1106051101 127
1106051102 127
1106051111 127
1106116612 127
1106116615 127
1106116617 127
1106116642 127
1106182144 126
1106182170 127
1106182189 127
1106182191 127
1106247694 127
1106247715 127
1106247717 127
1106247720 127
1106313220 127
1106313230 127
1106313245 127
1106313247 127
1106378755 127
1106378761 127
1106378762 127
1106378764 127
1106444288 127
1106444293 127
1106444295 127
1106444314 127
1106509826 127
1106509836 127
1106509855 127
1106509857 127
1106575360 127
1106575378 127
1106575381 127
1106575383 127
1106640911 127
1106640922 127
1106640928 127
1106640937 127
1106706444 127
1106706465 127
1106706478 127
1106706479 127
1106771975 127
1106771986 127
1106771992 127
1106771997 127
1106837523 127
1106837528 127
1106837537 127
1106837546 127
1106903053 127
1106903055 127
1106903056 127
1106903070 127
1106968582 127
1106968596 127
1106968597 127
1106968599 127
1107034125 127
1107034128 127
1107034139 127
1107034150 127
1107099651 127
1107099678 127
1107099688 127
1107099693 127
1107165184 127
1107165187 127
1107165190 127
1107165193 127
1107230737 127
1107230747 127
1107230750 127
1107230764 127
1107296262 127
1107296265 127
1107296276 127
1107296295 127
1107361792 127
1107361803 127
1107361809 127
1107361818 127
1107427346 127
1107427348 127
1107427353 127
1107427367 127
1107492900 127
1107492902 127
1107492909 127
1107492911 127
1107558404 127
1107558410 127
1107558421 127
1107558423 127
1107623975 127
1107623977 127
1107623980 127
1107623982 127
1107689475 127
1107689480 127
1107689494 127
1107689509 127
1107755039 127
1107755045 127
1107755046 127
1107755048 127
1107820555 127
1107820576 127
1107820585 127
1107820590 127
1107886104 127
1107886107 127
1107886113 127
1107886114 127
1107951652 127
1107951657 127
1107951658 127
1107951659 127
1108017162 127
1108017176 127
1108017177 127
1108017191 127
1108082690 127
1108082707 127
1108082724 127
1108082725 127
1108148233 127
1108148234 127
1108148236 127
1108148255 127
1108213765 127
1108213770 127
1108213796 127
1108213807 127
1108279306 127
1108279313 127
1108279320 127
1108279335 127
1108344841 127
1108344850 127
1108344856 127
1108344863 127
1108410379 127
1108410381 127
1108410404 127
1108410406 127
1108475912 127
1108475922 127
1108475935 127
1108475949 127
1108541464 127
1108541467 127
1108541469 127
1108541486 127
1108606981 127
1108607003 127
1108607006 127
1108607008 127
1108672521 127
1108672534 127
1108672536 127
1108672551 127
1108738049 127
1108738063 127
1108738078 127
1108738080 127
1108803591 127
1108803593 127
1108803612 127
1108803614 127
1108869127 127
1108869148 127
1108869150 127
1108869153 127
1108934685 127
1108934691 127
1108934694 127
1108934696 127
1109000207 127
1109000210 127
1109000225 127
1109000228 127
1109065733 127
1109065743 127
1109065744 127
1109065774 127
1109131285 127
1109131288 127
1109131295 127
1109131302 127
1109196813 127
1109196822 127
1109196836 127
1109196843 127
1109262338 127
1109262364 127
1109262365 127
1109262383 127
1109327872 127
1109327887 127
1109327893 127
1109327910 127
1109393448 127
1109393449 127
1109393454 127
1109393455 127
1109458954 127
1109458956 127
1109458973 127
1109458991 127
1109524487 127
1109524488 127
1109524494 127
1109524501 127
1109590025 127
1109590044 127
1109590047 127
1109590058 127
1109655560 127
1109655569 127
1109655574 127
1109655587 127
1109721091 127
1109721122 127
1109721128 127
1109721133 127
1109786639 127
1109786657 127
1109786664 127
1109786670 127
1109852168 127
1109852169 127
1109852190 127
1109852191 127
1109917718 127
1109917720 127
1109917733 127
1109917739 127
1109983232 127
1109983234 127
1109983235 127
1109983237 127
1110048769 127
1110048771 127
1110048784 127
1110048798 127
1110114307 127
1110114321 127
1110114328 127
1110114346 127
1110179844 127
1110179850 127
1110179853 127
1110179855 127
1110245393 127
1110245411 127
1110245412 127
1110245414 127
1110310918 127
1110310927 127
1110310944 127
1110310949 127
1110376451 127
1110376454 127
1110376477 127
1110376488 127
1110441985 127
1110441988 127
1110441990 127
1110441991 127
1110507538 127
1110507540 127
1110507541 127
1110507543 127
1110573071 127
1110573084 127
1110573085 127
1110573094 127
1110638595 127
1110638600 127
1110638613 127
1110638614 127
1110704151 127
1110704168 127
1110704170 127
1110704173 127
1110769672 127
1110769673 127
1110769674 127
1110769703 127
1110835233 127
1110835234 127
1110835240 127
1110835243 127
1110900741 127
1110900742 127
1110900747 127
1110900752 127
1110966273 127
1110966288 127
1110966310 127
1110966311 127
1111031824 127
1111031841 127
1111031846 127
1111031851 127
1111097364 127
1111097365 127
1111097366 127
1111097367 127
1111162889 127
1111162914 127
1111162916 127
1111162919 127
1111228440 127
1111228450 127
1111228459 127
1111228461 127
1111293955 127
1111293964 127
1111293969 127
1111293998 127
1111359495 127
1111359509 127
1111359514 127
1111359532 127
1111425040 127
1111425061 127
1111425063 127
1111425070 127
1111490565 127
1111490571 127
1111490574 127
1111490596 127
1111556096 127
1111556109 127
1111556119 127
1111556126 127
1111621658 127
1111621671 127
1111621672 127
1111621673 127
1111687178 127
1111687179 127
1111687192 127
1111687193 127
1111752713 127
1111752727 127
1111752730 127
1111752748 127
1111818251 127
1111818252 127
1111818262 127
1111818273 127
1111883785 127
1111883788 127
1111883790 127
1111883799 127
1111949318 127
1111949344 127
1111949345 127
1111949351 127
1112014852 127
1112014853 127
1112014882 127
1112014891 127
1112080401 127
1112080408 127
1112080410 127
1112080411 127
1112145924 127
1112145925 127
1112145926 127
1112145943 127
1112211469 127
1112211472 127
1112211502 127
1112211503 127
1112277008 127
1112277015 127
1112277029 127
1112277030 127
1112342531 127
1112342538 127
1112342552 127
1112342557 127
1112408104 127
1112408105 127
1112408107 127
1112408110 127
1112473610 127
1112473616 127
1112473639 127
1112473641 127
1112539141 127
1112539150 127
1112539179 127
1112539180 127
1112604681 127
1112604684 127
1112604691 127
1112604702 127
1112670208 127
1112670210 127
1112670225 127
1112670247 127
1112735749 127
1112735754 127
1112735771 127
1112735772 127
1112801296 127
1112801297 127
1112801315 127
1112801326 127
1112866816 127
1112866817 127
1112866831 127
1112866842 127
1112932374 127
1112932392 127
1112932397 127
1112932399 127
1112997888 127
1112997891 127
1112997929 127
1112997934 127
1113063432 127
1113063441 127
1113063454 127
1113063463 127
1113128966 127
1113128968 127
1113128977 127
1113128991 127
1113194523 127
1113194532 127
1113194533 127
1113194534 127
1113260048 127
1113260049 127
1113260058 127
1113260063 127
1113325571 127
1113325605 127
1113325606 127
1113325612 127
1113391113 127
1113391115 127
1113391138 127
1113391148 127
1113456642 127
1113456652 127
1113456683 127
1113456685 127
1113522179 127
1113522193 127
1113522196 127
1113522198 127
1113587717 127
1113587731 127
1113587734 127
1113587740 127
1113653252 127
1113653266 127
1113653289 127
1113653295 127
1113718784 127
1113718787 127
1113718790 127
1113718793 127
1113784321 127
1113784344 127
1113784366 127
1113784367 127
1113849858 127
1113849867 127
1113849872 127
1113849873 127
1113915404 127
1113915418 127
1113915427 127
1113915429 127
1113980960 127
1113980973 127
1113980974 127
1113980975 127
1114046472 127
1114046477 127
1114046507 127
1114046510 127
1114112002 127
1114112036 127
1114112045 127
1114112047 127
1114177542 127
1114177579 127
1114177580 127
1114177581 127
1114243073 127
1114243091 127
1114243112 127
1114243114 127
1114308612 127
1114308634 127
1114308639 127
1114308653 127
1114374154 127
1114374156 127
1114374169 127
1114374183 127
1114439701 127
1114439715 127
1114439720 127
1114439722 127
1114505235 127
1114505249 127
1114505250 127
1114505252 127
1114570758 127
1114570784 127
1114570793 127
1114570799 127
1114636295 127
1114636313 127
1114636314 127
1114636316 127
1114701854 127
1114701857 127
1114701864 127
1114701871 127
1114767363 127
1114767365 127
1114767376 127
1114767378 127
1114832900 127
1114832906 127
1114832915 127
1114832917 127
1114898454 127
1114898456 127
1114898459 127
1114898473 127
1114963987 127
1114963989 127
1114964006 127
1114964012 127
1115029508 127
1115029518 127
1115029543 127
1115029545 127
1115095042 127
1115095048 127
1115095049 127
1115095055 127
1115160602 127
1115160605 127
1115160615 127
1115160620 127
1115226123 127
1115226125 127
1115226146 127
1115226152 127
1115291654 127
1115291657 127
1115291659 127
1115291660 127
1115357184 127
1115357202 127
1115357221 127
1115357227 127
1115422737 127
1115422752 127
1115422754 127
1115422767 127
1115488288 127
1115488294 127
1115488299 127
1115488301 127
1115553794 127
1115553804 127
1115553825 127
1115553827 127
1115619328 127
1115619335 127
1115619338 127
1115619353 127
1115684866 127
1115684869 127
1115684888 127
1115684907 127
1115750411 127
1115750414 127
1115750416 127
1115750417 127
1115815936 127
1115815939 127
1115815958 127
1115815981 127
1115881482 127
1115881485 127
1115881499 127
1115881512 127
1115947009 127
1115947012 127
1115947015 127
1115947038 127
1116012569 127
1116012580 127
1116012582 127
1116012587 127
1116078085 127
1116078095 127
1116078098 127
1116078120 127
1116143621 127
1116143622 127
1116143624 127
1116143635 127
1116209165 127
1116209194 127
1116209195 127
1116209196 127
1116274692 127
1116274693 127
1116274698 127
1116274715 127
1116340229 127
1116340244 127
1116340250 127
1116340267 127
1116405773 127
1116405792 127
1116405798 127
1116405803 127
1116471309 127
1116471310 127
1116471311 127
1116471328 127
1116536844 127
1116536867 127
1116536874 127
1116536877 127
1116602409 127
1116602411 127
1116602412 127
1116602414 127
1116667918 127
1116667920 127
1116667941 127
1116667943 127
1116733451 127
1116733469 127
1116733472 127
1116733478 127
1116798984 127
1116799005 127
1116799011 127
1116799018 127
1116864522 127
1116864527 127
1116864537 127
1116864544 127
1116930049 127
1116930050 127
1116930059 127
1116930076 127
1116995587 127
1116995600 127
1116995605 127
1116995630 127
1117061137 127
1117061143 127
1117061162 127
1117061164 127
1117126656 127
1117126666 127
1117126677 127
1117126699 127
1117192205 127
1117192219 127
1117192220 127
1117192222 127
1117257760 127
1117257767 127
1117257773 127
1117257774 127
1117323276 127
1117323281 127
1117323287 127
1117323310 127
1117388800 127
1117388814 127
1117388827 127
1117388837 127
1117454336 127
1117454338 127
1117454351 127
1117454353 127
1117519892 127
1117519911 127
1117519913 127
1117519918 127
1117585430 127
1117585433 127
1117585435 127
1117585444 127
1117650946 127
1117650948 127
1117650961 127
1117650975 127
1117716500 127
1117716518 127
1117716519 127
1117716521 127
1117782023 127
1117782026 127
1117782045 127
1117782056 127
1117847575 127
1117847588 127
1117847593 127
1117847598 127
1117913099 127
1117913112 127
1117913121 127
1117913126 127
1117978626 127
1117978628 127
1117978657 127
1117978663 127
1118044171 127
1118044184 127
1118044193 127
1118044202 127
1118109700 127
1118109703 127
1118109718 127
1118109733 127
1118175235 127
1118175249 127
1118175262 127
1118175272 127
1118240778 127
1118240800 127
1118240801 127
1118240807 127
1118306329 127
1118306332 127
1118306334 127
1118306335 127
1118371840 127
1118371845 127
1118371850 127
1118371851 127
1118437402 127
1118437404 127
1118437407 127
1118437413 127
1118502914 127
1118502915 127
1118502928 127
1118502929 127
1118568452 127
1118568454 127
1118568455 127
1118568457 127
1118634003 127
1118634012 127
1118634017 127
1118634026 127
1118699554 127
1118699557 127
1118699563 127
1118699564 127
1118765070 127
1118765085 127
1118765087 127
1118765088 127
1118830596 127
1118830598 127
1118830617 127
1118830619 127
1118896141 127
1118896150 127
1118896155 127
1118896156 127
1118961671 127
1118961672 127
1118961686 127
1118961697 127
1119027220 127
1119027239 127
1119027241 127
1119027246 127
1119092773 127
1119092776 127
1119092779 127
1119092782 127
1119158284 127
1119158286 127
1119158303 127
1119158317 127
1119223838 127
1119223847 127
1119223849 127
1119223852 127
1119289345 127
1119289360 127
1119289362 127
1119289375 127
1119354880 127
1119354899 127
1119354922 127
1119354925 127
1119420434 127
1119420436 127
1119420439 127
1119420445 127
1119485960 127
1119485974 127
1119485975 127
1119485997 127
1119551492 127
1119551493 127
1119551495 127
1119551498 127
1119617024 127
1119617037 127
1119617038 127
1119617047 127
1119682561 127
1119682564 127
1119682571 127
1119682582 127
1119748096 127
1119748098 127
1119748103 127
1119748117 127
1119813632 127
1119813647 127
1119813650 127
1119813669 127
1119879196 127
1119879198 127
1119879201 127
1119879215 127
1119944710 127
1119944731 127
1119944740 127
1119944745 127
1120010240 127
1120010241 127
1120010243 127
1120010266 127
1120075780 127
1120075785 127
1120075810 127
1120075815 127
1120141332 127
1120141335 127
1120141350 127
1120141357 127
1120206874 127
1120206877 127
1120206891 127
1120206892 127
1120272418 127
1120272420 127
1120272427 127
1120272429 127
1120337921 127
1120337936 127
1120337954 127
1120337967 127
1120403459 127
1120403489 127
1120403492 127
1120403502 127
1120469032 127
1120469037 127
1120469038 127
1120469039 127
1120534529 127
1120534542 127
1120534544 127
1120534551 127
1120600098 127
1120600103 127
1120600108 127
1120600109 127
1120665609 127
1120665623 127
1120665642 127
1120665644 127
1120731138 127
1120731139 127
1120731140 127
1120731157 127
1120796684 127
1120796707 127
1120796709 127
1120796710 127
1120862225 127
1120862230 127
1120862240 127
1120862243 127
1120927745 127
1120927754 127
1120927755 127
1120927760 127
1120993308 127
1120993318 127
1120993319 127
1120993325 127
1121058831 127
1121058832 127
1121058850 127
1121058861 127
1121124354 127
1121124369 127
1121124372 127
1121124395 127
1121189897 127
1121189920 127
1121189923 127
1121189934 127
1121255432 127
1121255458 127
1121255465 127
1121255467 127
1121320988 127
1121320995 127
1121320997 127
1121320998 127
1121386499 127
1121386501 127
1121386504 127
1121386526 127
1121452060 127
1121452070 127
1121452073 127
1121452075 127
1121517580 127
1121517586 127
1121517587 127
1121517589 127
1121583112 127
1121583133 127
1121583135 127
1121583138 127
1121648651 127
1121648660 127
1121648665 127
1121648686 127
1121714179 127
1121714184 127
1121714186 127
1121714193 127
1121779737 127
1121779739 127
1121779748 127
1121779750 127
1121845251 127
1121845272 127
1121845273 127
1121845278 127
1121910789 127
1121910792 127
1121910814 127
1121910827 127
1121976343 127
1121976346 127
1121976348 127
1121976357 127
1122041861 127
1122041864 127
1122041867 127
1122041878 127
1122107400 127
1122107410 127
1122107417 127
1122107419 127
1122172938 127
1122172943 127
1122172956 127
1122172961 127
1122238493 127
1122238494 127
1122238495 127
1122238496 127
1122304005 127
1122304028 127
1122304042 127
1122304043 127
1122369541 127
1122369555 127
1122369558 127
1122369580 127
1122435074 127
1122435100 127
1122435103 127
1122435113 127
1122500631 127
1122500637 127
1122500644 127
1122500650 127
1122566148 127
1122566155 127
1122566158 127
1122566165 127
1122631700 127
1122631703 127
1122631709 127
1122631714 127
1122697227 127
1122697250 127
1122697252 127
1122697257 127
1122762758 127
1122762764 127
1122762775 127
1122762789 127
1122828297 127
1122828320 127
1122828326 127
1122828335 127
1122893828 127
1122893833 127
1122893835 127
1122893850 127
1122959379 127
1122959393 127
1122959402 127
1122959404 127
1123024897 127
1123024898 127
1123024900 127
1123024903 127
1123090450 127
1123090452 127
1123090453 127
1123090479 127
1123155971 127
1123156012 127
1123156013 127
1123156014 127
1123221512 127
1123221513 127
1123221531 127
1123221546 127
1123287049 127
1123287083 127
1123287084 127
1123287086 127
1123352584 127
1123352585 127
1123352594 127
1123352599 127
1123418131 127
1123418141 127
1123418142 127
1123418144 127
1123483659 127
1123483665 127
1123483668 127
1123483674 127
1123549221 127
1123549222 127
1123549227 127
1123549228 127
1123614727 127
1123614728 127
1123614730 127
1123614749 127
1123680265 127
1123680268 127
1123680286 127
1123680287 127
1123745806 127
1123745824 127
1123745837 127
1123745839 127
1123811334 127
1123811353 127
1123811355 127
1123811356 127
1123876887 127
1123876897 127
1123876906 127
1123876908 127
1123942402 127
1123942407 127
1123942424 127
1123942437 127
1124007936 127
1124007971 127
1124007973 127
1124007978 127
1124073474 127
1124073512 127
1124073513 127
1124073519 127
1124139031 127
1124139038 127
1124139048 127
1124139053 127
1124204548 127
1124204574 127
1124204585 127
1124204587 127
1124270081 127
1124270088 127
1124270099 127
1124270102 127
1124335624 127
1124335631 127
1124335634 127
1124335645 126
1124401159 127
1124401160 127
1124401161 127
1124401166 127
1124466718 127
1124466720 127
1124466721 127
1124466735 127
1124532226 127
1124532249 127
1124532251 127
1124532268 127
1124597794 127
1124597799 127
1124597801 127
1124597804 127
1124663301 127
1124663320 127
1124663322 127
1124663343 127
1124728832 127
1124728871 127
1124728873 127
1124728874 127
1124794387 127
1124794394 127
1124794408 127
1124794413 127
1124859904 127
1124859909 127
1124859931 127
1124859934 127
1124925456 127
1124925465 127
1124925479 127
1124925486 127
1124990976 127
1124990985 127
1124990994 127
1124990999 127
1125056536 127
1125056549 127
1125056550 127
1125056559 127
1125122055 127
1125122081 127
1125122086 127
1125122092 127
1125187588 127
1125187597 127
1125187602 127
1125187607 127
1125253121 127
1125253124 127
1125253139 127
1125253154 127
1125318657 127
1125318698 127
1125318700 127
1125318703 127
1125384209 127
1125384211 127
1125384212 127
1125384214 127
1125449746 127
1125449747 127
1125449749 127
1125449752 127
1125515278 127
1125515293 127
1125515308 127
1125515311 127
1125580803 127
1125580821 127
1125580830 127
1125580832 127
1125646356 127
1125646359 127
1125646373 127
1125646382 127
1125711886 127
1125711889 127
1125711891 127
1125711892 127
1125777419 127
1125777428 127
1125777430 127
1125777433 127
1125842953 127
1125842954 127
1125842955 127
1125842976 127
1125908484 127
1125908487 127
1125908497 127
1125908518 127
1125974025 127
1125974026 127
1125974028 127
1125974043 127
1126039555 127
1126039580 127
1126039585 127
1126039598 127
1126105109 127
1126105110 127
1126105131 127
1126105132 127
1126170625 127
1126170635 127
1126170638 127
1126170640 127
1126236160 127
1126236162 127
1126236171 127
1126236185 127
1126301697 127
1126301711 127
1126301714 127
1126301720 127
1126367233 127
1126367236 127
1126367246 127
1126367267 127
1126432781 127
1126432800 127
1126432803 127
1126432810 127
1126498318 127
1126498331 127
1126498336 127
1126498341 127
1126563848 127
1126563850 127
1126563855 127
1126563865 127
1126629376 127
1126629402 127
1126629405 127
1126629411 127
1126694913 127
1126694914 127
1126694915 127
1126694928 127
1126760448 127
1126760459 127
1126760462 127
1126760465 127
1126825987 127
1126826018 127
1126826028 127
1126826029 127
1126891524 127
1126891549 127
1126891551 127
1126891554 127
1126957061 127
1126957062 127
1126957067 127
1126957068 127
1127022601 127
1127022604 127
1127022607 127
1127022638 127
1127088143 127
1127088146 127
1127088156 127
1127088161 127
1127153668 127
1127153677 127
1127153678 127
1127153695 127
1127219206 127
1127219208 127
1127219229 127
1127219247 127
1127284742 127
1127284767 127
1127284772 127
1127284781 127
1127350278 127
1127350292 127
1127350301 127
1127350319 127
1127415809 127
1127415810 127
1127415812 127
1127415819 127
1127481370 127
1127481379 127
1127481388 127
1127481389 127
1127546882 127
1127546917 127
1127546919 127
1127546920 127
1127612444 127
1127612446 127
1127612453 127
1127612463 127
1127677958 127
1127677977 127
1127677991 127
1127677992 127
1127743494 127
1127743504 127
1127743517 127
1127743531 127
1127809027 127
1127809057 127
1127809062 127
1127809068 127
1127874599 127
1127874601 127
1127874604 127
1127874606 127
1127940113 127
1127940114 127
1127940115 127
1127940128 127
1128005645 127
1128005663 127
1128005664 127
1128005678 127
1128071184 127
1128071205 127
1128071206 127
1128071207 127
1128136715 127
1128136717 127
1128136748 127
1128136750 127
1128202266 127
1128202269 127
1128202271 127
1128202276 127
1128267788 127
1128267789 127
1128267799 127
1128267802 127
1128333312 127
1128333319 127
1128333338 127
1128333341 127
1128398855 127
1128398860 127
1128398890 127
1128398893 127
1128464388 127
1128464414 127
1128464419 127
1128464421 127
1128529921 127
1128529926 127
1128529935 127
1128529956 127
1128595475 127
1128595481 127
1128595484 127
1128595498 127
1128661014 127
1128661016 127
1128661017 127
1128661035 127
1128726554 127
1128726572 127
1128726573 127
1128726575 127
1128792067 127
1128792076 127
1128792077 127
1128792110 127
1128857621 127
1128857624 127
1128857635 127
1128857642 127
1128923143 127
1128923160 127
1128923165 127
1128923166 127
1128988672 127
1128988682 127
1128988701 127
1128988703 127
1129054238 127
1129054244 127
1129054253 127
1129054255 127
1129119745 127
1129119747 127
1129119766 127
1129119780 127
1129185285 127
1129185288 127
1129185290 127
1129185291 127
1129250835 127
1129250836 127
1129250838 127
1129250857 127
1129316357 127
1129316362 127
1129316396 127
1129316399 127
1129381893 127
1129381896 127
1129381919 127
1129381930 127
1129447436 127
1129447459 127
1129447461 127
1129447470 127
1129512965 127
1129512976 127
1129512991 127
1129512994 127
1129578509 127
1129578518 127
1129578523 127
1129578536 127
1129644047 127
1129644060 127
1129644073 127
1129644074 127
1129709602 127
1129709607 127
1129709609 127
1129709612 127
1129775116 127
1129775121 127
1129775122 127
1129775131 127
1129840641 127
1129840656 127
1129840675 127
1129840678 127
1129906176 127
1129906177 127
1129906178 127
1129906179 127
1129971713 127
1129971724 127
1129971734 127
1129971743 127
1130037275 127
1130037282 127
1130037284 127
1130037293 127
1130102808 127
1130102813 127
1130102822 127
1130102823 127
1130168352 127
1130168353 127
1130168354 127
1130168355 127
1130233859 127
1130233862 127
1130233865 127
1130233880 127
1130299417 127
1130299431 127
1130299434 127
1130299436 127
1130364955 127
1130364969 127
1130364972 127
1130364974 127
1130430478 127
1130430481 127
1130430495 127
1130430500 127
1130496004 127
1130496006 127
1130496013 127
1130496015 127
1130561545 127
1130561551 127
1130561558 127
1130561576 127
1130627074 127
1130627076 127
1130627077 127
1130627083 127
1130692613 127
1130692614 127
1130692616 127
1130692655 127
1130758157 127
1130758159 127
1130758164 127
1130758190 127
1130823700 127
1130823705 127
1130823719 127
1130823726 127
1130889219 127
1130889237 127
1130889238 127
1130889248 127
1130954769 127
1130954771 127
1130954772 127
1130954798 127
1131020289 127
1131020320 127
1131020334 127
1131020335 127
1131085830 127
1131085848 127
1131085853 127
1131085867 127
1131151373 127
1131151379 127
1131151386 127
1131151392 127
1131216908 127
1131216926 127
1131216927 127
1131216929 127
1131282445 127
1131282450 127
1131282459 127
1131282468 127
1131347979 127
1131347996 127
1131347998 127
1131348013 127
1131413516 127
1131413517 127
1131413526 127
1131413527 127
1131479040 127
1131479041 127
1131479055 127
1131479062 127
1131544603 127
1131544606 127
1131544608 127
1131544617 127
1131610117 127
1131610126 127
1131610144 127
1131610155 127
1131675657 127
1131675659 127
1131675660 127
1131675686 127
1131741203 127
1131741204 127
1131741205 127
1131741206 127
1131806730 127
1131806740 127
1131806745 127
1131806751 127
1131872263 127
1131872266 127
1131872269 127
1131872276 127
1131937799 127
1131937821 127
1131937834 127
1131937836 127
1132003328 127
1132003342 127
1132003345 127
1132003363 127
1132068888 127
1132068890 127
1132068891 127
1132068905 127
1132134425 127
1132134426 127
1132134435 127
1132134444 127
1132199936 127
1132199955 127
1132199974 127
1132199977 127
1132265503 127
1132265506 127
1132265516 127
1132265517 127
1132331013 127
1132331014 127
1132331044 127
1132331051 127
1132396557 127
1132396560 127
1132396575 127
1132396578 127
1132462083 127
1132462093 127
1132462102 127
1132462104 127
1132527620 127
1132527642 127
1132527651 127
1132527661 127
1132593172 127
1132593174 127
1132593187 127
1132593193 127
1132658688 127
1132658703 127
1132658718 127
1132658721 127
1132724232 127
1132724258 127
1132724259 127
1132724261 127
1132789772 127
1132789782 127
1132789793 127
1132789807 127
1132855298 127
1132855328 127
1132855329 127
1132855331 127
1132920850 127
1132920857 127
1132920864 127
1132920871 127
1132986384 127
1132986405 127
1132986406 127
1132986415 127
1133051907 127
1133051930 127
1133051944 127
1133051949 127
1133117462 127
1133117465 127
1133117467 127
1133117480 127
1133182983 127
1133182986 127
1133182992 127
1133182997 127
1133248520 127
1133248525 127
1133248530 127
1133248535 127
1133314052 127
1133314054 127
1133314055 127
1133314065 127
1133379625 127
1133379627 127
1133379628 127
1133379630 127
1133445141 127
1133445158 127
1133445160 127
1133445167 127
1133510657 127
1133510671 127
1133510678 127
1133510680 127
1133576219 127
1133576224 127
1133576226 127
1133576229 127
1133641756 127
1133641758 127
1133641761 127
1133641763 127
1133707269 127
1133707274 127
1133707280 127
1133707291 127
1133772809 127
1133772810 127
1133772816 127
1133772819 127
1133838359 127
1133838364 127
1133838373 127
1133838378 127
1133903873 127
1133903883 127
1133903890 127
1133903900 127
1133969413 127
1133969423 127
1133969436 127
1133969442 127
1134034945 127
1134034951 127
1134034958 127
1134034972 127
1134100497 127
1134100499 127
1134100514 127
1134100520 127
1134166037 127
1134166046 127
1134166055 127
1134166060 127
1134231552 127
1134231566 127
1134231587 127
1134231589 127
1134297090 127
1134297092 127
1134297093 127
1134297107 127
1134362630 127
1134362631 127
1134362633 127
1134362668 127
1134428177 127
1134428178 127
1134428180 127
1134428203 127
1134493708 127
1134493722 127
1134493729 127
1134493739 127
1134559243 127
1134559244 127
1134559250 127
1134559253 127
1134624786 127
1134624792 127
1134624805 127
1134624807 127
1134690306 127
1134690307 127
1134690313 127
1134690348 127
1134755860 127
1134755869 127
1134755874 127
1134755883 127
1134821392 127
1134821411 127
1134821418 127
1134821421 127
1134886918 127
1134886931 127
1134886937 127
1134886952 127
1134952458 127
1134952463 127
1134952472 127
1134952473 127
1135017997 127
1135018010 127
1135018012 127
1135018019 127
1135083520 127
1135083521 127
1135083527 127
1135083530 127
1135149064 127
1135149066 127
1135149085 127
1135149099 127
1135214603 127
1135214608 127
1135214613 127
1135214626 127
1135280136 127
1135280170 127
1135280171 127
1135280173 127
1135345668 127
1135345669 127
1135345702 127
1135345711 127
1135411216 127
1135411229 127
1135411230 127
1135411231 127
1135476754 127
1135476755 127
1135476765 127
1135476780 127
1135542273 127
1135542288 127
1135542295 127
1135542302 127
1135607809 127
1135607818 127
1135607824 127
1135607843 127
1135673350 127
1135673355 127
1135673364 127
1135673389 127
1135738884 127
1135738885 127
1135738891 127
1135738894 127
1135804417 127
1135804418 127
1135804432 127
1135804443 127
1135869960 127
1135869965 127
1135869979 127
1135869990 127
1135935492 127
1135935494 127
1135935503 127
1135935505 127
1136001033 127
1136001039 127
1136001042 127
1136001052 127
1136066574 127
1136066585 127
1136066588 127
1136066607 127
1136132107 127
1136132110 127
1136132132 127
1136132137 127
1136197646 127
1136197648 127
1136197665 127
1136197667 127
1136263205 127
1136263207 127
1136263210 127
1136263212 127
1136328710 127
1136328713 127
1136328724 127
1136328747 127
1136394248 127
1136394251 127
1136394258 127
1136394261 127
1136459776 127
1136459779 127
1136459793 127
1136459810 127
1136525312 127
1136525330 127
1136525331 127
1136525333 127
1136590854 127
1136590875 127
1136590884 127
1136590893 127
1136656389 127
1136656418 127
1136656427 127
1136656428 127
1136721922 127
1136721923 127
1136721924 127
1136721925 127
1136787458 127
1136787460 127
1136787461 127
1136787487 127
1136852993 127
1136852994 127
1136852999 127
1136853012 127
1136918559 127
1136918562 127
1136918565 127
1136918568 127
1136984071 127
1136984074 127
1136984076 127
1136984089 127
1137049604 127
1137049630 127
1137049637 127
1137049639 127
1137115150 127
1137115156 127
1137115161 127
1137115163 127
1137180684 127
1137180687 127
1137180702 127
1137180705 127
1137246221 127
1137246224 127
1137246226 127
1137246247 127
1137311758 127
1137311772 127
1137311775 127
1137311781 127
1137377306 127
1137377319 127
1137377324 127
1137377325 127
1137442817 127
1137442827 127
1137442828 127
1137442830 127
1137508353 127
1137508360 127
1137508370 127
1137508375 127
1137573894 127
1137573908 127
1137573917 127
1137573931 127
1137639434 127
1137639461 127
1137639464 127
1137639467 127
1137704976 127
1137704981 127
1137704995 127
1137705002 127
1137770512 127
1137770515 127
1137770522 127
1137770533 127
1137836045 127
1137836046 127
1137836064 127
1137836079 127
1137901568 127
1137901570 127
1137901573 127
1137901599 127
1137967116 127
1137967139 127
1137967141 127
1137967150 127
1138032654 127
1138032655 127
1138032656 127
1138032673 127
1138098176 127
1138098193 127
1138098203 127
1138098206 127
1138163726 127
1138163737 127
1138163743 127
1138163748 127
1138229255 127
1138229269 127
1138229270 127
1138229284 127
1138294793 127
1138294812 127
1138294823 127
1138294826 127
1138360339 127
1138360346 127
1138360357 127
1138360360 127
1138425857 127
1138425859 127
1138425872 127
1138425882 127
1138491392 127
1138491403 127
1138491406 127
1138491433 127
1138556934 127
1138556957 127
1138556964 127
1138556971 127
1138622478 127
1138622496 127
1138622503 127
1138622509 127
1138688008 127
1138688010 127
1138688035 127
1138688037 127
1138753541 127
1138753544 127
1138753546 127
1138753555 127
1138819094 127
1138819104 127
1138819113 127
1138819119 127
1138884615 127
1138884617 127
1138884620 127
1138884638 127
1138950156 127
1138950158 127
1138950159 127
1138950173 127
1139015698 127
1139015704 127
1139015707 127
1139015709 127
1139081240 127
1139081246 127
1139081257 127
1139081259 127
1139146757 127
1139146784 127
1139146787 127
1139146798 127
1139212289 127
1139212296 127
1139212302 127
1139212303 127
1139277837 127
1139277858 127
1139277859 127
1139277864 127
1139343372 127
1139343374 127
1139343389 127
1139343407 127
1139408896 127
1139408901 127
1139408914 127
1139408927 127
1139474440 127
1139474443 127
1139474450 127
1139474473 127
1139539973 127
1139540012 127
1139540014 127
1139540015 127
1139605513 127
1139605516 127
1139605531 127
1139605534 127
1139671051 127
1139671084 127
1139671085 127
1139671086 127
1139736587 127
1139736588 127
1139736590 127
1139736593 127
1139802132 127
1139802134 127
1139802135 127
1139802149 127
1139867664 127
1139867678 127
1139867681 127
1139867683 127
1139933197 127
1139933198 127
1139933200 127
1139933203 127
1139998720 127
1139998721 127
1139998722 127
1139998723 127
1140064259 127
1140064262 127
1140064265 127
1140064300 127
1140129799 127
1140129802 127
1140129813 127
1140129820 127
1140195331 127
1140195342 127
1140195352 127
1140195353 127
1140260864 127
1140260870 127
1140260871 127
1140260909 127
1140326411 127
1140326420 127
1140326429 127
1140326430 127
1140391938 127
1140391940 127
1140391955 127
1140391981 127
1140457485 127
1140457486 127
1140457487 127
1140457516 127
1140523012 127
1140523023 127
1140523025 127
1140523026 127
1140588546 127
1140588547 127
1140588564 127
1140588581 127
1140654096 127
1140654098 127
1140654107 127
1140654117 127
1140719617 127
1140719631 127
1140719648 127
1140719650 127
1140785153 127
1140785174 127
1140785175 127
1140785180 127
1140850697 127
1140850702 127
1140850703 127
1140850712 127
1140916243 127
1140916245 127
1140916248 127
1140916254 127
1140981776 127
1140981790 127
1140981797 127
1140981803 127
1141047319 127
1141047320 127
1141047333 127
1141047334 127
1141112834 127
1141112839 127
1141112844 127
1141112853 127
1141178372 127
1141178391 127
1141178393 127
1141178398 127
1141243907 127
1141243921 127
1141243924 127
1141243926 127
1141309448 127
1141309449 127
1141309455 127
1141309486 127
1141374982 127
1141374984 127
1141375001 127
1141375011 127
1141440512 127
1141440522 127
1141440525 127
1141440547 127
1141506049 127
1141506068 127
1141506083 127
1141506086 127
1141571587 127
1141571594 127
1141571601 127
1141571624 127
1141637122 127
1141637132 127
1141637139 127
1141637149 127
1141702658 127
1141702667 127
1141702669 127
1141702676 127
1141768207 127
1141768210 127
1141768232 127
1141768233 127
1141833732 127
1141833745 127
1141833747 127
1141833750 127
1141899288 127
1141899291 127
1141899302 127
1141899309 127
1141964814 127
1141964819 127
1141964825 127
1141964828 127
1142030342 127
1142030345 127
1142030367 127
1142030376 127
1142095878 127
1142095888 127
1142095895 127
1142095897 127
1142161412 127
1142161421 127
1142161422 127
1142161435 127
1142226944 127
1142226947 127
1142226965 127
1142226974 127
1142292517 127
1142292518 127
1142292520 127
1142292527 127
1142358016 127
1142358023 127
1142358025 127
1142358054 127
1142423571 127
1142423581 127
1142423590 127
1142423592 127
1142489092 127
1142489125 127
1142489127 127
1142489130 126
1142554633 127
1142554648 127
1142554662 127
1142554667 127
1142620167 127
1142620186 127
1142620201 127
1142620204 127
1142685705 127
1142685707 127
1142685722 127
1142685728 127
1142751263 127
1142751268 127
1142751277 127
1142751278 127
1142816790 127
1142816797 127
1142816799 127
1142816808 127
1142882311 127
1142882313 127
1142882316 127
1142882350 127
1142947843 127
1142947857 127
1142947858 127
1142947860 127
1143013377 127
1143013399 127
1143013416 127
1143013418 127
1143078918 127
1143078928 127
1143078931 127
1143078945 127
1143144448 127
1143144450 127
1143144451 127
1143144461 127
1143209999 127
1143210012 127
1143210017 127
1143210030 127
1143275527 127
1143275530 127
1143275533 127
1143275540 127
1143341059 127
1143341062 127
1143341064 127
1143341081 127
1143406599 127
1143406614 127
1143406616 127
1143406621 127
1143472136 127
1143472146 127
1143472151 127
1143472153 127
1143537676 127
1143537693 127
1143537706 127
1143537711 127
1143603200 127
1143603213 127
1143603230 127
1143603235 127
1143668747 127
1143668752 127
1143668758 127
1143668781 127
1143734289 127
1143734310 127
1143734316 127
1143734319 127
1143799819 127
1143799824 127
1143799837 127
1143799854 127
1143865349 127
1143865354 127
1143865356 127
1143865379 127
1143930884 127
1143930885 127
1143930894 127
1143930903 127
1143996433 127
1143996436 127
1143996443 127
1143996450 127
1144061971 127
1144061985 127
1144061990 127
1144061992 127
1144127498 127
1144127501 127
1144127512 127
1144127515 127
1144193058 127
1144193063 127
1144193065 127
1144193068 127
1144258587 127
1144258592 127
1144258597 127
1144258598 127
1144324103 127
1144324108 127
1144324118 127
1144324129 127
1144389633 127
1144389659 127
1144389672 127
1144389678 127
1144455195 127
1144455208 127
1144455213 127
1144455214 127
1144520706 127
1144520709 127
1144520723 127
1144520728 127
1144586248 127
1144586259 127
1144586265 127
1144586274 127
1144651781 127
1144651784 127
1144651786 127
1144651815 127
1144717325 127
1144717330 127
1144717339 127
1144717348 127
1144782853 127
1144782876 127
1144782882 127
1144782883 127
1144848417 127
1144848422 127
1144848423 127
1144848424 127
1144913921 127
1144913938 127
1144913940 127
1144913967 127
1144979460 127
1144979466 127
1144979481 127
1144979487 127
1145044997 127
1145045002 127
1145045032 127
1145045035 127
1145110556 127
1145110573 127
1145110574 127
1145110575 127
1145176064 127
1145176074 127
1145176075 127
1145176077 127
1145241601 127
1145241607 127
1145241622 127
1145241640 127
1145307149 127
1145307175 127
1145307176 127
1145307182 127
1145372692 127
1145372695 127
1145372706 127
1145372717 127
1145438211 127
1145438228 127
1145438229 127
1145438230 127
1145503755 127
1145503765 127
1145503766 127
1145503768 127
1145569312 127
1145569313 127
1145569315 127
1145569318 127
1145634849 127
1145634850 127
1145634855 127
1145634856 127
1145700358 127
1145700365 127
1145700372 127
1145700375 127
1145765895 127
1145765912 127
1145765921 127
1145765926 127
1145831426 127
1145831432 127
1145831447 127
1145831465 127
1145896960 127
1145896965 127
1145896966 127
1145897003 127
1145962498 127
1145962505 127
1145962507 127
1145962508 127
1146028051 127
1146028060 127
1146028061 127
1146028074 127
1146093576 127
1146093577 127
1146093587 127
1146093602 127
1146159129 127
1146159131 127
1146159132 127
1146159142 127
1146224646 127
1146224649 127
1146224660 127
1146224679 127
1146290180 127
1146290189 127
1146290194 127
1146290203 127
1146355714 127
1146355724 127
1146355727 127
1146355729 127
1146421274 127
1146421276 127
1146421289 127
1146421291 127
1146486787 127
1146486789 127
1146486790 127
1146486816 127
1146552330 127
1146552333 127
1146552344 127
1146552351 127
1146617856 127
1146617875 127
1146617889 127
1146617898 127
1146683398 127
1146683405 127
1146683408 127
1146683439 127
1146748934 127
1146748941 127
1146748948 127
1146748951 127
1146814479 127
1146814504 127
1146814505 127
1146814506 127
1146880019 127
1146880022 127
1146880024 127
1146880025 127
1146945547 127
1146945557 127
1146945558 127
1146945572 127
1147011086 127
1147011089 127
1147011104 127
1147011119 127
1147076611 127
1147076613 127
1147076626 127
1147076636 127
1147142151 127
1147142152 127
1147142161 127
1147142186 127
1147207684 127
1147207695 127
1147207710 127
1147207721 127
1147273223 127
1147273240 127
1147273249 127
1147273258 127
1147338764 127
1147338782 127
1147338795 127
1147338797 127
1147404299 127
1147404300 127
1147404306 127
1147404309 127
1147469844 127
1147469857 127
1147469863 127
1147469870 127
1147535369 127
1147535372 127
1147535382 127
1147535383 127
1147600903 127
1147600929 127
1147600936 127
1147600942 127
1147666442 127
1147666447 127
1147666453 127
1147666460 127
1147731975 127
1147731992 127
1147731997 127
1147732006 127
1147797508 127
1147797513 127
1147797518 127
1147797527 127
1147863040 127
1147863043 127
1147863045 127
1147863058 127
1147928598 127
1147928604 127
1147928609 127
1147928623 127
1147994112 127
1147994137 127
1147994138 127
1147994147 127
1148059652 127
1148059671 127
1148059674 127
1148059677 127
1148125185 127
1148125194 127
1148125228 127
1148125231 127
1148190720 127
1148190727 127
1148190738 127
1148190741 127
1148256262 127
1148256265 127
1148256288 127
1148256295 127
1148321799 127
1148321805 127
1148321826 127
1148321836 127
1148387330 127
1148387332 127
1148387339 127
1148387349 127
1148452871 127
1148452890 127
1148452892 127
1148452893 127
1148518408 127
1148518442 127
1148518445 127
1148518447 127
1148583937 127
1148583943 127
1148583948 127
1148583950 127
1148649483 127
1148649488 127
1148649493 127
1148649502 127
1148715013 127
1148715027 127
1148715030 127
1148715044 127
1148780563 127
1148780574 127
1148780577 127
1148780584 127
1148846100 127
1148846102 127
1148846103 127
1148846105 127
1148911618 127
1148911623 127
1148911624 127
1148911657 127
1148977155 127
1148977157 127
1148977194 127
1148977196 127
1149042704 127
1149042705 127
1149042707 127
1149042710 127
1149108226 127
1149108231 127
1149108261 127
1149108264 127
1149173760 127
1149173791 127
1149173793 127
1149173794 127
1149239329 127
1149239332 127
1149239334 127
1149239339 127
1149304845 127
1149304852 127
1149304854 127
1149304859 127
1149370394 127
1149370397 127
1149370399 127
1149370404 127
1149435919 127
1149435921 127
1149435926 127
1149435940 127
1149501459 127
1149501466 127
1149501468 127
1149501473 127
1149567000 127
1149567010 127
1149567011 127
1149567017 127
1149632523 127
1149632530 127
1149632540 127
1149632545 127
1149698056 127
1149698067 127
1149698081 127
1149698082 127
1149763585 127
1149763619 127
1149763624 127
1149763626 127
1149829132 127
1149829134 127
1149829141 127
1149829159 127
1149894690 127
1149894692 127
1149894697 127
1149894699 127
1149960199 127
1149960224 127
1149960229 127
1149960234 127
1150025741 127
1150025743 127
1150025748 127
1150025762 127
1150091278 127
1150091284 127
1150091289 127
1150091303 127
1150156820 127
1150156823 127
1150156825 127
1150156830 127
1150222347 127
1150222349 127
1150222370 127
1150222372 127
1150287897 127
1150287902 127
1150287903 127
1150287904 127
1150353408 127
1150353415 127
1150353422 127
1150353425 127
1150418959 127
1150418969 127
1150418986 127
1150418988 127
1150484486 127
1150484487 127
1150484492 127
1150484497 127
1150550017 127
1150550028 127
1150550042 127
1150550063 127
1150615556 127
1150615574 127
1150615577 127
1150615583 127
1150681101 127
1150681116 127
1150681126 127
1150681135 127
1150746631 127
1150746645 127
1150746668 127
1150746670 127
1150812167 127
1150812181 127
1150812186 127
1150812196 127
1150877714 127
1150877731 127
1150877733 127
1150877740 127
1150943236 127
1150943250 127
1150943263 127
1150943277 127
1151008774 127
1151008801 127
1151008804 127
1151008811 127
1151074331 127
1151074338 127
1151074340 127
1151074345 127
1151139884 127
1151139885 127
1151139886 127
1151139887 127
1151205376 127
1151205390 127
1151205397 127
1151205411 127
1151270921 127
1151270932 127
1151270939 127
1151270946 127
1151336480 127
1151336483 127
1151336486 127
1151336493 127
1151401987 127
1151401997 127
1151402016 127
1151402018 127
1151467520 127
1151467539 127
1151467542 127
1151467553 127
1151533074 127
1151533075 127
1151533085 127
1151533096 127
1151598595 127
1151598596 127
1151598609 127
1151598614 127
1151664134 127
1151664141 127
1151664143 127
1151664156 127
1151729672 127
1151729686 127
1151729689 127
1151729691 127
1151795200 127
1151795202 127
1151795233 127
1151795243 127
1151860742 127
1151860747 127
1151860749 127
1151860756 127
1151926278 127
1151926308 127
1151926309 127
1151926319 127
1151991810 127
1151991816 127
1151991821 127
1151991827 127
1152057369 127
1152057374 127
1152057375 127
1152057376 127
1152122894 127
1152122900 127
1152122901 127
1152122907 127
1152188422 127
1152188428 127
1152188445 127
1152188447 127
1152253973 127
1152253978 127
1152253991 127
1152253992 127
1152319516 127
1152319522 127
1152319533 127
1152319535 127
1152385030 127
1152385039 127
1152385041 127
1152385044 127
1152450595 127
1152450601 127
1152450602 127
1152450604 127
1152516112 127
1152516122 127
1152516133 127
1152516143 127
1152581634 127
1152581636 127
1152581643 127
1152581661 127
1152647185 127
1152647195 127
1152647196 127
1152647210 127
1152712712 127
1152712722 127
1152712731 127
1152712733 127
1152778243 127
1152778250 127
1152778268 127
1152778281 127
1152843777 127
1152843791 127
1152843792 127
1152843794 127
1152909327 127
1152909329 127
1152909332 127
1152909346 127
1152974866 127
1152974873 127
1152974880 127
1152974891 127
1153040388 127
1153040393 127
1153040406 127
1153040411 127
1153105920 127
1153105938 127
1153105961 127
1153105963 127
1153171457 127
1153171467 127
1153171482 127
1153171488 127
1153237019 127
1153237025 127
1153237034 127
1153237036 127
1153302549 127
1153302559 127
1153302566 127
1153302572 127
1153368065 127
1153368086 127
1153368088 127
1153368091 127
1153433606 127
1153433616 127
1153433631 127
1153433645 127
1153499137 127
1153499142 127
1153499143 127
1153499172 127
1153564705 127
1153564714 127
1153564715 127
1153564716 127
1153630234 127
1153630241 127
1153630243 127
1153630248 127
1153695752 127
1153695757 127
1153695790 127
1153695791 127
1153761298 127
1153761307 127
1153761316 127
1153761321 127
1153826844 127
1153826854 127
1153826855 127
1153826857 127
1153892375 127
1153892376 127
1153892378 127
1153892385 127
1153957894 127
1153957917 127
1153957924 127
1153957927 127
1154023428 127
1154023457 127
1154023459 127
1154023462 127
1154088995 127
1154089000 127
1154089005 127
1154089006 127
1154154503 127
1154154520 127
1154154529 127
1154154538 127
1154220053 127
1154220055 127
1154220066 127
1154220068 127
1154285569 127
1154285606 127
1154285608 127
1154285611 127
1154351116 127
1154351117 127
1154351139 127
1154351142 127
1154416647 127
1154416664 127
1154416670 127
1154416685 127
1154482190 127
1154482192 127
1154482213 127
1154482219 127
1154547713 127
1154547730 127
1154547735 127
1154547748 127
1154613267 127
1154613268 127
1154613274 127
1154613281 127
1154678816 127
1154678826 127
1154678829 127
1154678831 127
1154744322 127
1154744337 127
1154744360 127
1154744367 127
1154809856 127
1154809857 127
1154809887 127
1154809902 127
1154875393 127
1154875410 127
1154875412 127
1154875419 127
1154940945 127
1154940948 127
1154940958 127
1154940971 127
1155006481 127
1155006490 127
1155006491 127
1155006496 127
1155072012 127
1155072035 127
1155072037 127
1155072046 127
1155137561 127
1155137570 127
1155137575 127
1155137580 127
1155203085 127
1155203096 127
1155203102 127
1155203103 127
1155268610 127
1155268616 127
1155268617 127
1155268623 127
1155334150 127
1155334169 127
1155334179 127
1155334180 127
1155399714 127
1155399719 127
1155399721 127
1155399724 127
1155465232 127
1155465237 127
1155465239 127
1155465250 127
1155530758 127
1155530760 127
1155530777 127
1155530779 127
1155596293 127
1155596311 127
1155596312 127
1155596330 127
1155661826 127
1155661852 127
1155661863 127
1155661865 127
1155727368 127
1155727369 127
1155727386 127
1155727391 127
1155792922 127
1155792928 127
1155792935 127
1155792937 127
1155858444 127
1155858446 127
1155858455 127
1155858457 127
1155923973 127
1155923994 127
1155924008 127
1155924011 127
1155989516 127
1155989525 127
1155989527 127
1155989546 127
1156055055 127
1156055058 127
1156055076 127
1156055077 127
1156120586 127
1156120605 127
1156120612 127
1156120615 127
1156186117 127
1156186126 127
1156186131 127
1156186152 127
1156251658 127
1156251660 127
1156251689 127
1156251695 127
1156317185 127
1156317190 127
1156317196 127
1156317211 127
1156382723 127
1156382726 127
1156382744 127
1156382745 127
1156448273 127
1156448276 127
1156448298 127
1156448303 127
1156513824 127
1156513826 127
1156513827 127
1156513833 127
1156579334 127
1156579339 127
1156579341 127
1156579348 127
1156644871 127
1156644885 127
1156644890 127
1156644892 127
1156710401 127
1156710403 127
1156710420 127
1156710434 127
1156775938 127
1156775941 127
1156775947 127
1156775980 127
1156841477 127
1156841502 127
1156841504 127
1156841507 127
1156907023 127
1156907044 127
1156907049 127
1156907054 127
1156972546 127
1156972548 127
1156972551 127
1156972569 127
1157038100 127
1157038103 127
1157038122 127
1157038125 127
1157103620 127
1157103622 127
1157103629 127
1157103655 127
1157169162 127
1157169169 127
1157169176 127
1157169183 127
1157234690 127
1157234703 127
1157234720 127
1157234733 127
1157300231 127
1157300232 127
1157300250 127
1157300253 127
1157365764 127
1157365774 127
1157365781 127
1157365791 127
1157431304 127
1157431305 127
1157431306 127
1157431307 127
1157496848 127
1157496850 127
1157496863 127
1157496869 127
1157562383 127
1157562390 127
1157562393 127
1157562396 127
1157627908 127
1157627914 127
1157627927 127
1157627933 127
1157693449 127
1157693463 127
1157693464 127
1157693466 127
1157758998 127
1157759000 127
1157759003 127
1157759021 127
1157824516 127
1157824534 127
1157824535 127
1157824553 127
1157890053 127
1157890055 127
1157890064 127
1157890074 127
1157955593 127
1157955598 127
1157955611 127
1157955620 127
1158021125 127
1158021139 127
1158021148 127
1158021154 127
1158086667 127
1158086677 127
1158086684 127
1158086694 127
1158152199 127
1158152213 127
1158152214 127
1158152232 127
1158217728 127
1158217759 127
1158217769 127
1158217770 127
1158283276 127
1158283279 127
1158283290 127
1158283309 127
1158348811 127
1158348828 127
1158348833 127
1158348838 127
1158414349 127
1158414351 127
1158414372 127
1158414378 127
1158479874 127
1158479893 127
1158479907 127
1158479912 127
1158545411 127
1158545441 127
1158545444 127
1158545446 127
1158610946 127
1158610948 127
1158610955 127
1158610969 127
1158676487 127
1158676509 127
1158676512 127
1158676514 127
1158742025 127
1158742039 127
1158742046 127
1158742048 127
1158807556 127
1158807567 127
1158807569 127
1158807578 127
1158873108 127
1158873123 127
1158873125 127
1158873126 127
1158938632 127
1158938646 127
1158938669 127
1158938671 127
1159004163 127
1159004188 127
1159004193 127
1159004202 127
1159069701 127
1159069704 127
1159069710 127
1159069731 127
1159135236 127
1159135239 127
1159135242 127
1159135253 127
1159200781 127
1159200783 127
1159200786 127
1159200788 127
1159266307 127
1159266321 127
1159266324 127
1159266326 127
1159331841 127
1159331859 127
1159331878 127
1159331880 127
1159397376 127
1159397381 127
1159397395 127
1159397402 127
1159462924 127
1159462938 127
1159462941 127
1159462959 127
1159528457 127
1159528460 127
1159528491 127
1159528494 127
1159594006 127
1159594024 127
1159594029 127
1159594031 127
1159659539 127
1159659545 127
1159659548 127
1159659550 127
1159725057 127
1159725060 127
1159725087 127
1159725090 127
1159790630 127
1159790635 127
1159790636 127
1159790637 127
1159856128 127
1159856134 127
1159856137 127
1159856151 127
1159921679 127
1159921685 127
1159921704 127
1159921706 127
1159987210 127
1159987221 127
1159987231 127
1159987240 127
1160052736 127
1160052762 127
1160052769 127
1160052771 127
1160118285 127
1160118290 127
1160118295 127
1160118300 127
1160183818 127
1160183820 127
1160183821 127
1160183843 127
1160249350 127
1160249353 127
1160249367 127
1160249388 127
1160314898 127
1160314900 127
1160314909 127
1160314911 127
1160380430 127
1160380435 127
1160380437 127
1160380448 127
1160445952 127
1160445953 127
1160445955 127
1160445962 127
1160511494 127
1160511513 127
1160511516 127
1160511523 127
1160577026 69
1160577036 127
1160577045 69
1160577059 127
