####################################################################################################
Interval
####################################################################################################
Cumulative:         Cycles:                  20000     Instructions:                  1200
DISPATCHED_INST                                             38912                         38912

DISPATCH_WAIT                                             8737305                        224.54

NUM_NO_FETCH_CYCLES                                             0                             0

AVG_CORE_IDLE_CYCLE                                        111013                        111013

REEXEC_NUM                                                      0                             0

INV_MATCH_NUM                                                   0                             0

EARLY_PERM_NUM                                                  0                             0

PERM_MATCH_NUM                                                  0                             0

RETIRE_SPECLD_NUM                                               0                             0

RETIRE_SPECST_NUM                                               0                             0

FENCE_HEAD_ROB_WAIT                                             0                             0

NUM_SAMPLES_CORE_0                                           4365                          4365

NUM_ACTIVE_BLOCKS_CORE_0                                     8173                       1.87239

NUM_ACTIVE_THREADS_CORE_0                                  119404                       27.3549

NUM_SCHED_IDLE_CYCLE_CORE_0                                     0                             0

NUM_NO_SCHED_CYCLE_CORE_0                                     897                           897

CORE_DISPATCHED_INST_CORE_0                                   608                           608

CORE_DISPATCH_WAIT_CORE_0                                   96316                       158.414

CORE_CYCLES_CORE_0                                              0                             0

CORE_SCHED_THREADS_CORE_0                                       0                           NaN

CORE_NUM_NO_FETCH_CYCLES_CORE_0                                 0                             0

CORE_NUM_NO_FETCH_CYCLES_WITH_READY_THREADS_CORE_0                   0                             0

CORE_NUM_FETCH_CYCLES_CORE_0                                    0                             0

CORE_FETCH_DELTA_CORE_0                                         0                           NaN

CORE_NUM_RETIRE_CYCLES_CORE_0                                   0                             0

CORE_RETIRE_DELTA_CORE_0                                        0                           NaN

FENCE_PREF_REQ_CORE_0                                           0                             0

FENCE_WAITING_CORE_0                                            0                             0

DYN_FENCE_NUM_CORE_0                                            0                             0

WB_ORDERING_STALL_CORE_0                                        0                             0

WB_FULL_CORE_0                                                  0                             0

FENCE_TOT_CYCLES_CORE_0                                         0                             0

FENCE_EXEC_CYCLES_CORE_0                                        0                             0

STORE_RES_CORE_0                                                0                             0

STORE_NUM_CORE_0                                                0                             0

STORE_WB_FREE_CORE_0                                            0                             0

SCHED_FAILED_REASON_SUCCESS_CORE_0                            608                       7.14706%
SCHED_FAILED_OPERANDS_NOT_READY_CORE_0                       7899                       92.8529%
SCHED_FAILED_NO_AVAILABLE_PORTS_CORE_0                          0                             0%
SCHED_FAILED_NO_MEM_REQ_SLOTS_CORE_0                            0                             0%
SCHED_FAILED_NO_AVAILABLE_SIMD_UNIT_CORE_0                      0                             0%
SCHED_FAILED_FENCE_ACTIVE_CORE_0                                0                             0%
SCHED_FAILED_MEM_MANAGEMENT_CORE_0                              0                             0%
                                                             8507                           100%

NUM_SAMPLES_CORE_1                                           4790                          4790

NUM_ACTIVE_BLOCKS_CORE_1                                     8982                       1.87516

NUM_ACTIVE_THREADS_CORE_1                                  136615                       28.5209

NUM_SCHED_IDLE_CYCLE_CORE_1                                     0                             0

NUM_NO_SCHED_CYCLE_CORE_1                                    1009                          1009

CORE_DISPATCHED_INST_CORE_1                                   608                           608

CORE_DISPATCH_WAIT_CORE_1                                  112227                       184.584

CORE_CYCLES_CORE_1                                              0                             0

CORE_SCHED_THREADS_CORE_1                                       0                           NaN

CORE_NUM_NO_FETCH_CYCLES_CORE_1                                 0                             0

CORE_NUM_NO_FETCH_CYCLES_WITH_READY_THREADS_CORE_1                   0                             0

CORE_NUM_FETCH_CYCLES_CORE_1                                    0                             0

CORE_FETCH_DELTA_CORE_1                                         0                           NaN

CORE_NUM_RETIRE_CYCLES_CORE_1                                   0                             0

CORE_RETIRE_DELTA_CORE_1                                        0                           NaN

FENCE_PREF_REQ_CORE_1                                           0                             0

FENCE_WAITING_CORE_1                                            0                             0

DYN_FENCE_NUM_CORE_1                                            0                             0

WB_ORDERING_STALL_CORE_1                                        0                             0

WB_FULL_CORE_1                                                  0                             0

FENCE_TOT_CYCLES_CORE_1                                         0                             0

FENCE_EXEC_CYCLES_CORE_1                                        0                             0

STORE_RES_CORE_1                                                0                             0

STORE_NUM_CORE_1                                                0                             0

STORE_WB_FREE_CORE_1                                            0                             0

SCHED_FAILED_REASON_SUCCESS_CORE_1                            608                       6.25321%
SCHED_FAILED_OPERANDS_NOT_READY_CORE_1                       9115                       93.7468%
SCHED_FAILED_NO_AVAILABLE_PORTS_CORE_1                          0                             0%
SCHED_FAILED_NO_MEM_REQ_SLOTS_CORE_1                            0                             0%
SCHED_FAILED_NO_AVAILABLE_SIMD_UNIT_CORE_1                      0                             0%
SCHED_FAILED_FENCE_ACTIVE_CORE_1                                0                             0%
SCHED_FAILED_MEM_MANAGEMENT_CORE_1                              0                             0%
                                                             9723                           100%

NUM_SAMPLES_CORE_2                                           5215                          5215

NUM_ACTIVE_BLOCKS_CORE_2                                     9807                       1.88054

NUM_ACTIVE_THREADS_CORE_2                                  150715                       28.9003

NUM_SCHED_IDLE_CYCLE_CORE_2                                     0                             0

NUM_NO_SCHED_CYCLE_CORE_2                                    1135                          1135

CORE_DISPATCHED_INST_CORE_2                                   608                           608

CORE_DISPATCH_WAIT_CORE_2                                  120509                       198.206

CORE_CYCLES_CORE_2                                              0                             0

CORE_SCHED_THREADS_CORE_2                                       0                           NaN

CORE_NUM_NO_FETCH_CYCLES_CORE_2                                 0                             0

CORE_NUM_NO_FETCH_CYCLES_WITH_READY_THREADS_CORE_2                   0                             0

CORE_NUM_FETCH_CYCLES_CORE_2                                    0                             0

CORE_FETCH_DELTA_CORE_2                                         0                           NaN

CORE_NUM_RETIRE_CYCLES_CORE_2                                   0                             0

CORE_RETIRE_DELTA_CORE_2                                        0                           NaN

FENCE_PREF_REQ_CORE_2                                           0                             0

FENCE_WAITING_CORE_2                                            0                             0

DYN_FENCE_NUM_CORE_2                                            0                             0

WB_ORDERING_STALL_CORE_2                                        0                             0

WB_FULL_CORE_2                                                  0                             0

FENCE_TOT_CYCLES_CORE_2                                         0                             0

FENCE_EXEC_CYCLES_CORE_2                                        0                             0

STORE_RES_CORE_2                                                0                             0

STORE_NUM_CORE_2                                                0                             0

STORE_WB_FREE_CORE_2                                            0                             0

SCHED_FAILED_REASON_SUCCESS_CORE_2                            608                       5.88463%
SCHED_FAILED_OPERANDS_NOT_READY_CORE_2                       9724                       94.1154%
SCHED_FAILED_NO_AVAILABLE_PORTS_CORE_2                          0                             0%
SCHED_FAILED_NO_MEM_REQ_SLOTS_CORE_2                            0                             0%
SCHED_FAILED_NO_AVAILABLE_SIMD_UNIT_CORE_2                      0                             0%
SCHED_FAILED_FENCE_ACTIVE_CORE_2                                0                             0%
SCHED_FAILED_MEM_MANAGEMENT_CORE_2                              0                             0%
                                                            10332                           100%

NUM_SAMPLES_CORE_3                                           5615                          5615

NUM_ACTIVE_BLOCKS_CORE_3                                    10607                       1.88905

NUM_ACTIVE_THREADS_CORE_3                                  163712                       29.1562

NUM_SCHED_IDLE_CYCLE_CORE_3                                     0                             0

NUM_NO_SCHED_CYCLE_CORE_3                                    1238                          1238

CORE_DISPATCHED_INST_CORE_3                                   608                           608

CORE_DISPATCH_WAIT_CORE_3                                  123689                       203.436

CORE_CYCLES_CORE_3                                              0                             0

CORE_SCHED_THREADS_CORE_3                                       0                           NaN

CORE_NUM_NO_FETCH_CYCLES_CORE_3                                 0                             0

CORE_NUM_NO_FETCH_CYCLES_WITH_READY_THREADS_CORE_3                   0                             0

CORE_NUM_FETCH_CYCLES_CORE_3                                    0                             0

CORE_FETCH_DELTA_CORE_3                                         0                           NaN

CORE_NUM_RETIRE_CYCLES_CORE_3                                   0                             0

CORE_RETIRE_DELTA_CORE_3                                        0                           NaN

FENCE_PREF_REQ_CORE_3                                           0                             0

FENCE_WAITING_CORE_3                                            0                             0

DYN_FENCE_NUM_CORE_3                                            0                             0

WB_ORDERING_STALL_CORE_3                                        0                             0

WB_FULL_CORE_3                                                  0                             0

FENCE_TOT_CYCLES_CORE_3                                         0                             0

FENCE_EXEC_CYCLES_CORE_3                                        0                             0

STORE_RES_CORE_3                                                0                             0

STORE_NUM_CORE_3                                                0                             0

STORE_WB_FREE_CORE_3                                            0                             0

SCHED_FAILED_REASON_SUCCESS_CORE_3                            608                       5.75649%
SCHED_FAILED_OPERANDS_NOT_READY_CORE_3                       9954                       94.2435%
SCHED_FAILED_NO_AVAILABLE_PORTS_CORE_3                          0                             0%
SCHED_FAILED_NO_MEM_REQ_SLOTS_CORE_3                            0                             0%
SCHED_FAILED_NO_AVAILABLE_SIMD_UNIT_CORE_3                      0                             0%
SCHED_FAILED_FENCE_ACTIVE_CORE_3                                0                             0%
SCHED_FAILED_MEM_MANAGEMENT_CORE_3                              0                             0%
                                                            10562                           100%

NUM_SAMPLES_CORE_4                                           6083                          6083

NUM_ACTIVE_BLOCKS_CORE_4                                    10558                       1.73566

NUM_ACTIVE_THREADS_CORE_4                                  160386                       26.3663

NUM_SCHED_IDLE_CYCLE_CORE_4                                     0                             0

NUM_NO_SCHED_CYCLE_CORE_4                                    1320                          1320

CORE_DISPATCHED_INST_CORE_4                                   608                           608

CORE_DISPATCH_WAIT_CORE_4                                  113412                       186.533

CORE_CYCLES_CORE_4                                              0                             0

CORE_SCHED_THREADS_CORE_4                                       0                           NaN

CORE_NUM_NO_FETCH_CYCLES_CORE_4                                 0                             0

CORE_NUM_NO_FETCH_CYCLES_WITH_READY_THREADS_CORE_4                   0                             0

CORE_NUM_FETCH_CYCLES_CORE_4                                    0                             0

CORE_FETCH_DELTA_CORE_4                                         0                           NaN

CORE_NUM_RETIRE_CYCLES_CORE_4                                   0                             0

CORE_RETIRE_DELTA_CORE_4                                        0                           NaN

FENCE_PREF_REQ_CORE_4                                           0                             0

FENCE_WAITING_CORE_4                                            0                             0

DYN_FENCE_NUM_CORE_4                                            0                             0

WB_ORDERING_STALL_CORE_4                                        0                             0

WB_FULL_CORE_4                                                  0                             0

FENCE_TOT_CYCLES_CORE_4                                         0                             0

FENCE_EXEC_CYCLES_CORE_4                                        0                             0

STORE_RES_CORE_4                                                0                             0

STORE_NUM_CORE_4                                                0                             0

STORE_WB_FREE_CORE_4                                            0                             0

SCHED_FAILED_REASON_SUCCESS_CORE_4                            608                       6.08122%
SCHED_FAILED_OPERANDS_NOT_READY_CORE_4                       9390                       93.9188%
SCHED_FAILED_NO_AVAILABLE_PORTS_CORE_4                          0                             0%
SCHED_FAILED_NO_MEM_REQ_SLOTS_CORE_4                            0                             0%
SCHED_FAILED_NO_AVAILABLE_SIMD_UNIT_CORE_4                      0                             0%
SCHED_FAILED_FENCE_ACTIVE_CORE_4                                0                             0%
SCHED_FAILED_MEM_MANAGEMENT_CORE_4                              0                             0%
                                                             9998                           100%

NUM_SAMPLES_CORE_5                                           6833                          6833

NUM_ACTIVE_BLOCKS_CORE_5                                    11807                       1.72794

NUM_ACTIVE_THREADS_CORE_5                                  180624                       26.4341

NUM_SCHED_IDLE_CYCLE_CORE_5                                     0                             0

NUM_NO_SCHED_CYCLE_CORE_5                                    1533                          1533

CORE_DISPATCHED_INST_CORE_5                                   608                           608

CORE_DISPATCH_WAIT_CORE_5                                  133917                       220.258

CORE_CYCLES_CORE_5                                              0                             0

CORE_SCHED_THREADS_CORE_5                                       0                           NaN

CORE_NUM_NO_FETCH_CYCLES_CORE_5                                 0                             0

CORE_NUM_NO_FETCH_CYCLES_WITH_READY_THREADS_CORE_5                   0                             0

CORE_NUM_FETCH_CYCLES_CORE_5                                    0                             0

CORE_FETCH_DELTA_CORE_5                                         0                           NaN

CORE_NUM_RETIRE_CYCLES_CORE_5                                   0                             0

CORE_RETIRE_DELTA_CORE_5                                        0                           NaN

FENCE_PREF_REQ_CORE_5                                           0                             0

FENCE_WAITING_CORE_5                                            0                             0

DYN_FENCE_NUM_CORE_5                                            0                             0

WB_ORDERING_STALL_CORE_5                                        0                             0

WB_FULL_CORE_5                                                  0                             0

FENCE_TOT_CYCLES_CORE_5                                         0                             0

FENCE_EXEC_CYCLES_CORE_5                                        0                             0

STORE_RES_CORE_5                                                0                             0

STORE_NUM_CORE_5                                                0                             0

STORE_WB_FREE_CORE_5                                            0                             0

SCHED_FAILED_REASON_SUCCESS_CORE_5                            608                       5.30541%
SCHED_FAILED_OPERANDS_NOT_READY_CORE_5                      10852                       94.6946%
SCHED_FAILED_NO_AVAILABLE_PORTS_CORE_5                          0                             0%
SCHED_FAILED_NO_MEM_REQ_SLOTS_CORE_5                            0                             0%
SCHED_FAILED_NO_AVAILABLE_SIMD_UNIT_CORE_5                      0                             0%
SCHED_FAILED_FENCE_ACTIVE_CORE_5                                0                             0%
SCHED_FAILED_MEM_MANAGEMENT_CORE_5                              0                             0%
                                                            11460                           100%

NUM_SAMPLES_CORE_6                                           6883                          6883

NUM_ACTIVE_BLOCKS_CORE_6                                    11932                       1.73355

NUM_ACTIVE_THREADS_CORE_6                                  175762                       25.5357

NUM_SCHED_IDLE_CYCLE_CORE_6                                     0                             0

NUM_NO_SCHED_CYCLE_CORE_6                                    1538                          1538

CORE_DISPATCHED_INST_CORE_6                                   608                           608

CORE_DISPATCH_WAIT_CORE_6                                  131124                       215.664

CORE_CYCLES_CORE_6                                              0                             0

CORE_SCHED_THREADS_CORE_6                                       0                           NaN

CORE_NUM_NO_FETCH_CYCLES_CORE_6                                 0                             0

CORE_NUM_NO_FETCH_CYCLES_WITH_READY_THREADS_CORE_6                   0                             0

CORE_NUM_FETCH_CYCLES_CORE_6                                    0                             0

CORE_FETCH_DELTA_CORE_6                                         0                           NaN

CORE_NUM_RETIRE_CYCLES_CORE_6                                   0                             0

CORE_RETIRE_DELTA_CORE_6                                        0                           NaN

FENCE_PREF_REQ_CORE_6                                           0                             0

FENCE_WAITING_CORE_6                                            0                             0

DYN_FENCE_NUM_CORE_6                                            0                             0

WB_ORDERING_STALL_CORE_6                                        0                             0

WB_FULL_CORE_6                                                  0                             0

FENCE_TOT_CYCLES_CORE_6                                         0                             0

FENCE_EXEC_CYCLES_CORE_6                                        0                             0

STORE_RES_CORE_6                                                0                             0

STORE_NUM_CORE_6                                                0                             0

STORE_WB_FREE_CORE_6                                            0                             0

SCHED_FAILED_REASON_SUCCESS_CORE_6                            608                        5.4107%
SCHED_FAILED_OPERANDS_NOT_READY_CORE_6                      10629                       94.5893%
SCHED_FAILED_NO_AVAILABLE_PORTS_CORE_6                          0                             0%
SCHED_FAILED_NO_MEM_REQ_SLOTS_CORE_6                            0                             0%
SCHED_FAILED_NO_AVAILABLE_SIMD_UNIT_CORE_6                      0                             0%
SCHED_FAILED_FENCE_ACTIVE_CORE_6                                0                             0%
SCHED_FAILED_MEM_MANAGEMENT_CORE_6                              0                             0%
                                                            11237                           100%

NUM_SAMPLES_CORE_7                                           7283                          7283

NUM_ACTIVE_BLOCKS_CORE_7                                    12732                       1.74818

NUM_ACTIVE_THREADS_CORE_7                                  197712                       27.1471

NUM_SCHED_IDLE_CYCLE_CORE_7                                     0                             0

NUM_NO_SCHED_CYCLE_CORE_7                                    1636                          1636

CORE_DISPATCHED_INST_CORE_7                                   608                           608

CORE_DISPATCH_WAIT_CORE_7                                  140125                       230.469

CORE_CYCLES_CORE_7                                              0                             0

CORE_SCHED_THREADS_CORE_7                                       0                           NaN

CORE_NUM_NO_FETCH_CYCLES_CORE_7                                 0                             0

CORE_NUM_NO_FETCH_CYCLES_WITH_READY_THREADS_CORE_7                   0                             0

CORE_NUM_FETCH_CYCLES_CORE_7                                    0                             0

CORE_FETCH_DELTA_CORE_7                                         0                           NaN

CORE_NUM_RETIRE_CYCLES_CORE_7                                   0                             0

CORE_RETIRE_DELTA_CORE_7                                        0                           NaN

FENCE_PREF_REQ_CORE_7                                           0                             0

FENCE_WAITING_CORE_7                                            0                             0

DYN_FENCE_NUM_CORE_7                                            0                             0

WB_ORDERING_STALL_CORE_7                                        0                             0

WB_FULL_CORE_7                                                  0                             0

FENCE_TOT_CYCLES_CORE_7                                         0                             0

FENCE_EXEC_CYCLES_CORE_7                                        0                             0

STORE_RES_CORE_7                                                0                             0

STORE_NUM_CORE_7                                                0                             0

STORE_WB_FREE_CORE_7                                            0                             0

SCHED_FAILED_REASON_SUCCESS_CORE_7                            608                        5.0469%
SCHED_FAILED_OPERANDS_NOT_READY_CORE_7                      11439                       94.9531%
SCHED_FAILED_NO_AVAILABLE_PORTS_CORE_7                          0                             0%
SCHED_FAILED_NO_MEM_REQ_SLOTS_CORE_7                            0                             0%
SCHED_FAILED_NO_AVAILABLE_SIMD_UNIT_CORE_7                      0                             0%
SCHED_FAILED_FENCE_ACTIVE_CORE_7                                0                             0%
SCHED_FAILED_MEM_MANAGEMENT_CORE_7                              0                             0%
                                                            12047                           100%

NUM_SAMPLES_CORE_8                                           5851                          5851

NUM_ACTIVE_BLOCKS_CORE_8                                    10429                       1.78243

NUM_ACTIVE_THREADS_CORE_8                                  160451                       27.4228

NUM_SCHED_IDLE_CYCLE_CORE_8                                     0                             0

NUM_NO_SCHED_CYCLE_CORE_8                                    1276                          1276

CORE_DISPATCHED_INST_CORE_8                                   608                           608

CORE_DISPATCH_WAIT_CORE_8                                  148471                       244.196

CORE_CYCLES_CORE_8                                              0                             0

CORE_SCHED_THREADS_CORE_8                                       0                           NaN

CORE_NUM_NO_FETCH_CYCLES_CORE_8                                 0                             0

CORE_NUM_NO_FETCH_CYCLES_WITH_READY_THREADS_CORE_8                   0                             0

CORE_NUM_FETCH_CYCLES_CORE_8                                    0                             0

CORE_FETCH_DELTA_CORE_8                                         0                           NaN

CORE_NUM_RETIRE_CYCLES_CORE_8                                   0                             0

CORE_RETIRE_DELTA_CORE_8                                        0                           NaN

FENCE_PREF_REQ_CORE_8                                           0                             0

FENCE_WAITING_CORE_8                                            0                             0

DYN_FENCE_NUM_CORE_8                                            0                             0

WB_ORDERING_STALL_CORE_8                                        0                             0

WB_FULL_CORE_8                                                  0                             0

FENCE_TOT_CYCLES_CORE_8                                         0                             0

FENCE_EXEC_CYCLES_CORE_8                                        0                             0

STORE_RES_CORE_8                                                0                             0

STORE_NUM_CORE_8                                                0                             0

STORE_WB_FREE_CORE_8                                            0                             0

SCHED_FAILED_REASON_SUCCESS_CORE_8                            608                       4.67836%
SCHED_FAILED_OPERANDS_NOT_READY_CORE_8                      12388                       95.3216%
SCHED_FAILED_NO_AVAILABLE_PORTS_CORE_8                          0                             0%
SCHED_FAILED_NO_MEM_REQ_SLOTS_CORE_8                            0                             0%
SCHED_FAILED_NO_AVAILABLE_SIMD_UNIT_CORE_8                      0                             0%
SCHED_FAILED_FENCE_ACTIVE_CORE_8                                0                             0%
SCHED_FAILED_MEM_MANAGEMENT_CORE_8                              0                             0%
                                                            12996                           100%

NUM_SAMPLES_CORE_9                                           6251                          6251

NUM_ACTIVE_BLOCKS_CORE_9                                    11128                        1.7802

NUM_ACTIVE_THREADS_CORE_9                                  170830                       27.3284

NUM_SCHED_IDLE_CYCLE_CORE_9                                     0                             0

NUM_NO_SCHED_CYCLE_CORE_9                                    1377                          1377

CORE_DISPATCHED_INST_CORE_9                                   608                           608

CORE_DISPATCH_WAIT_CORE_9                                  156832                       257.947

CORE_CYCLES_CORE_9                                              0                             0

CORE_SCHED_THREADS_CORE_9                                       0                           NaN

CORE_NUM_NO_FETCH_CYCLES_CORE_9                                 0                             0

CORE_NUM_NO_FETCH_CYCLES_WITH_READY_THREADS_CORE_9                   0                             0

CORE_NUM_FETCH_CYCLES_CORE_9                                    0                             0

CORE_FETCH_DELTA_CORE_9                                         0                           NaN

CORE_NUM_RETIRE_CYCLES_CORE_9                                   0                             0

CORE_RETIRE_DELTA_CORE_9                                        0                           NaN

FENCE_PREF_REQ_CORE_9                                           0                             0

FENCE_WAITING_CORE_9                                            0                             0

DYN_FENCE_NUM_CORE_9                                            0                             0

WB_ORDERING_STALL_CORE_9                                        0                             0

WB_FULL_CORE_9                                                  0                             0

FENCE_TOT_CYCLES_CORE_9                                         0                             0

FENCE_EXEC_CYCLES_CORE_9                                        0                             0

STORE_RES_CORE_9                                                0                             0

STORE_NUM_CORE_9                                                0                             0

STORE_WB_FREE_CORE_9                                            0                             0

SCHED_FAILED_REASON_SUCCESS_CORE_9                            608                       4.36437%
SCHED_FAILED_OPERANDS_NOT_READY_CORE_9                      13323                       95.6356%
SCHED_FAILED_NO_AVAILABLE_PORTS_CORE_9                          0                             0%
SCHED_FAILED_NO_MEM_REQ_SLOTS_CORE_9                            0                             0%
SCHED_FAILED_NO_AVAILABLE_SIMD_UNIT_CORE_9                      0                             0%
SCHED_FAILED_FENCE_ACTIVE_CORE_9                                0                             0%
SCHED_FAILED_MEM_MANAGEMENT_CORE_9                              0                             0%
                                                            13931                           100%

NUM_SAMPLES_CORE_10                                          5764                          5764

NUM_ACTIVE_BLOCKS_CORE_10                                   10354                       1.79632

NUM_ACTIVE_THREADS_CORE_10                                 155664                       27.0062

NUM_SCHED_IDLE_CYCLE_CORE_10                                    0                             0

NUM_NO_SCHED_CYCLE_CORE_10                                   1255                          1255

CORE_DISPATCHED_INST_CORE_10                                  608                           608

CORE_DISPATCH_WAIT_CORE_10                                 165218                        271.74

CORE_CYCLES_CORE_10                                             0                             0

CORE_SCHED_THREADS_CORE_10                                      0                           NaN

CORE_NUM_NO_FETCH_CYCLES_CORE_10                                0                             0

CORE_NUM_NO_FETCH_CYCLES_WITH_READY_THREADS_CORE_10                   0                             0

CORE_NUM_FETCH_CYCLES_CORE_10                                   0                             0

CORE_FETCH_DELTA_CORE_10                                        0                           NaN

CORE_NUM_RETIRE_CYCLES_CORE_10                                  0                             0

CORE_RETIRE_DELTA_CORE_10                                       0                           NaN

FENCE_PREF_REQ_CORE_10                                          0                             0

FENCE_WAITING_CORE_10                                           0                             0

DYN_FENCE_NUM_CORE_10                                           0                             0

WB_ORDERING_STALL_CORE_10                                       0                             0

WB_FULL_CORE_10                                                 0                             0

FENCE_TOT_CYCLES_CORE_10                                        0                             0

FENCE_EXEC_CYCLES_CORE_10                                       0                             0

STORE_RES_CORE_10                                               0                             0

STORE_NUM_CORE_10                                               0                             0

STORE_WB_FREE_CORE_10                                           0                             0

SCHED_FAILED_REASON_SUCCESS_CORE_10                           608                       4.08602%
SCHED_FAILED_OPERANDS_NOT_READY_CORE_10                     14272                        95.914%
SCHED_FAILED_NO_AVAILABLE_PORTS_CORE_10                         0                             0%
SCHED_FAILED_NO_MEM_REQ_SLOTS_CORE_10                           0                             0%
SCHED_FAILED_NO_AVAILABLE_SIMD_UNIT_CORE_10                     0                             0%
SCHED_FAILED_FENCE_ACTIVE_CORE_10                               0                             0%
SCHED_FAILED_MEM_MANAGEMENT_CORE_10                             0                             0%
                                                            14880                           100%

NUM_SAMPLES_CORE_11                                          6064                          6064

NUM_ACTIVE_BLOCKS_CORE_11                                   11054                       1.82289

NUM_ACTIVE_THREADS_CORE_11                                 166863                        27.517

NUM_SCHED_IDLE_CYCLE_CORE_11                                    0                             0

NUM_NO_SCHED_CYCLE_CORE_11                                   1330                          1330

CORE_DISPATCHED_INST_CORE_11                                  608                           608

CORE_DISPATCH_WAIT_CORE_11                                 174102                       286.352

CORE_CYCLES_CORE_11                                             0                             0

CORE_SCHED_THREADS_CORE_11                                      0                           NaN

CORE_NUM_NO_FETCH_CYCLES_CORE_11                                0                             0

CORE_NUM_NO_FETCH_CYCLES_WITH_READY_THREADS_CORE_11                   0                             0

CORE_NUM_FETCH_CYCLES_CORE_11                                   0                             0

CORE_FETCH_DELTA_CORE_11                                        0                           NaN

CORE_NUM_RETIRE_CYCLES_CORE_11                                  0                             0

CORE_RETIRE_DELTA_CORE_11                                       0                           NaN

FENCE_PREF_REQ_CORE_11                                          0                             0

FENCE_WAITING_CORE_11                                           0                             0

DYN_FENCE_NUM_CORE_11                                           0                             0

WB_ORDERING_STALL_CORE_11                                       0                             0

WB_FULL_CORE_11                                                 0                             0

FENCE_TOT_CYCLES_CORE_11                                        0                             0

FENCE_EXEC_CYCLES_CORE_11                                       0                             0

STORE_RES_CORE_11                                               0                             0

STORE_NUM_CORE_11                                               0                             0

STORE_WB_FREE_CORE_11                                           0                             0

SCHED_FAILED_REASON_SUCCESS_CORE_11                           608                       3.83693%
SCHED_FAILED_OPERANDS_NOT_READY_CORE_11                     15238                       96.1631%
SCHED_FAILED_NO_AVAILABLE_PORTS_CORE_11                         0                             0%
SCHED_FAILED_NO_MEM_REQ_SLOTS_CORE_11                           0                             0%
SCHED_FAILED_NO_AVAILABLE_SIMD_UNIT_CORE_11                     0                             0%
SCHED_FAILED_FENCE_ACTIVE_CORE_11                               0                             0%
SCHED_FAILED_MEM_MANAGEMENT_CORE_11                             0                             0%
                                                            15846                           100%

NUM_SAMPLES_CORE_12                                          4478                          4478

NUM_ACTIVE_BLOCKS_CORE_12                                    8840                        1.9741

NUM_ACTIVE_THREADS_CORE_12                                 134708                       30.0822

NUM_SCHED_IDLE_CYCLE_CORE_12                                    0                             0

NUM_NO_SCHED_CYCLE_CORE_12                                    940                           940

CORE_DISPATCHED_INST_CORE_12                                  608                           608

CORE_DISPATCH_WAIT_CORE_12                                 137252                       225.743

CORE_CYCLES_CORE_12                                             0                             0

CORE_SCHED_THREADS_CORE_12                                      0                           NaN

CORE_NUM_NO_FETCH_CYCLES_CORE_12                                0                             0

CORE_NUM_NO_FETCH_CYCLES_WITH_READY_THREADS_CORE_12                   0                             0

CORE_NUM_FETCH_CYCLES_CORE_12                                   0                             0

CORE_FETCH_DELTA_CORE_12                                        0                           NaN

CORE_NUM_RETIRE_CYCLES_CORE_12                                  0                             0

CORE_RETIRE_DELTA_CORE_12                                       0                           NaN

FENCE_PREF_REQ_CORE_12                                          0                             0

FENCE_WAITING_CORE_12                                           0                             0

DYN_FENCE_NUM_CORE_12                                           0                             0

WB_ORDERING_STALL_CORE_12                                       0                             0

WB_FULL_CORE_12                                                 0                             0

FENCE_TOT_CYCLES_CORE_12                                        0                             0

FENCE_EXEC_CYCLES_CORE_12                                       0                             0

STORE_RES_CORE_12                                               0                             0

STORE_NUM_CORE_12                                               0                             0

STORE_WB_FREE_CORE_12                                           0                             0

SCHED_FAILED_REASON_SUCCESS_CORE_12                           608                       5.17095%
SCHED_FAILED_OPERANDS_NOT_READY_CORE_12                     11150                       94.8291%
SCHED_FAILED_NO_AVAILABLE_PORTS_CORE_12                         0                             0%
SCHED_FAILED_NO_MEM_REQ_SLOTS_CORE_12                           0                             0%
SCHED_FAILED_NO_AVAILABLE_SIMD_UNIT_CORE_12                     0                             0%
SCHED_FAILED_FENCE_ACTIVE_CORE_12                               0                             0%
SCHED_FAILED_MEM_MANAGEMENT_CORE_12                             0                             0%
                                                            11758                           100%

NUM_SAMPLES_CORE_13                                          4864                          4864

NUM_ACTIVE_BLOCKS_CORE_13                                    9689                       1.99198

NUM_ACTIVE_THREADS_CORE_13                                 138960                       28.5691

NUM_SCHED_IDLE_CYCLE_CORE_13                                    0                             0

NUM_NO_SCHED_CYCLE_CORE_13                                   1025                          1025

CORE_DISPATCHED_INST_CORE_13                                  608                           608

CORE_DISPATCH_WAIT_CORE_13                                 133760                           220

CORE_CYCLES_CORE_13                                             0                             0

CORE_SCHED_THREADS_CORE_13                                      0                           NaN

CORE_NUM_NO_FETCH_CYCLES_CORE_13                                0                             0

CORE_NUM_NO_FETCH_CYCLES_WITH_READY_THREADS_CORE_13                   0                             0

CORE_NUM_FETCH_CYCLES_CORE_13                                   0                             0

CORE_FETCH_DELTA_CORE_13                                        0                           NaN

CORE_NUM_RETIRE_CYCLES_CORE_13                                  0                             0

CORE_RETIRE_DELTA_CORE_13                                       0                           NaN

FENCE_PREF_REQ_CORE_13                                          0                             0

FENCE_WAITING_CORE_13                                           0                             0

DYN_FENCE_NUM_CORE_13                                           0                             0

WB_ORDERING_STALL_CORE_13                                       0                             0

WB_FULL_CORE_13                                                 0                             0

FENCE_TOT_CYCLES_CORE_13                                        0                             0

FENCE_EXEC_CYCLES_CORE_13                                       0                             0

STORE_RES_CORE_13                                               0                             0

STORE_NUM_CORE_13                                               0                             0

STORE_WB_FREE_CORE_13                                           0                             0

SCHED_FAILED_REASON_SUCCESS_CORE_13                           608                       5.25679%
SCHED_FAILED_OPERANDS_NOT_READY_CORE_13                     10958                       94.7432%
SCHED_FAILED_NO_AVAILABLE_PORTS_CORE_13                         0                             0%
SCHED_FAILED_NO_MEM_REQ_SLOTS_CORE_13                           0                             0%
SCHED_FAILED_NO_AVAILABLE_SIMD_UNIT_CORE_13                     0                             0%
SCHED_FAILED_FENCE_ACTIVE_CORE_13                               0                             0%
SCHED_FAILED_MEM_MANAGEMENT_CORE_13                             0                             0%
                                                            11566                           100%

NUM_SAMPLES_CORE_14                                          5164                          5164

NUM_ACTIVE_BLOCKS_CORE_14                                   10239                       1.98277

NUM_ACTIVE_THREADS_CORE_14                                 148919                       28.8379

NUM_SCHED_IDLE_CYCLE_CORE_14                                    0                             0

NUM_NO_SCHED_CYCLE_CORE_14                                   1105                          1105

CORE_DISPATCHED_INST_CORE_14                                  608                           608

CORE_DISPATCH_WAIT_CORE_14                                 138180                        227.27

CORE_CYCLES_CORE_14                                             0                             0

CORE_SCHED_THREADS_CORE_14                                      0                           NaN

CORE_NUM_NO_FETCH_CYCLES_CORE_14                                0                             0

CORE_NUM_NO_FETCH_CYCLES_WITH_READY_THREADS_CORE_14                   0                             0

CORE_NUM_FETCH_CYCLES_CORE_14                                   0                             0

CORE_FETCH_DELTA_CORE_14                                        0                           NaN

CORE_NUM_RETIRE_CYCLES_CORE_14                                  0                             0

CORE_RETIRE_DELTA_CORE_14                                       0                           NaN

FENCE_PREF_REQ_CORE_14                                          0                             0

FENCE_WAITING_CORE_14                                           0                             0

DYN_FENCE_NUM_CORE_14                                           0                             0

WB_ORDERING_STALL_CORE_14                                       0                             0

WB_FULL_CORE_14                                                 0                             0

FENCE_TOT_CYCLES_CORE_14                                        0                             0

FENCE_EXEC_CYCLES_CORE_14                                       0                             0

STORE_RES_CORE_14                                               0                             0

STORE_NUM_CORE_14                                               0                             0

STORE_WB_FREE_CORE_14                                           0                             0

SCHED_FAILED_REASON_SUCCESS_CORE_14                           608                       5.11741%
SCHED_FAILED_OPERANDS_NOT_READY_CORE_14                     11273                       94.8826%
SCHED_FAILED_NO_AVAILABLE_PORTS_CORE_14                         0                             0%
SCHED_FAILED_NO_MEM_REQ_SLOTS_CORE_14                           0                             0%
SCHED_FAILED_NO_AVAILABLE_SIMD_UNIT_CORE_14                     0                             0%
SCHED_FAILED_FENCE_ACTIVE_CORE_14                               0                             0%
SCHED_FAILED_MEM_MANAGEMENT_CORE_14                             0                             0%
                                                            11881                           100%

NUM_SAMPLES_CORE_15                                          5464                          5464

NUM_ACTIVE_BLOCKS_CORE_15                                   10789                       1.97456

NUM_ACTIVE_THREADS_CORE_15                                 157204                       28.7709

NUM_SCHED_IDLE_CYCLE_CORE_15                                    0                             0

NUM_NO_SCHED_CYCLE_CORE_15                                   1175                          1175

CORE_DISPATCHED_INST_CORE_15                                  608                           608

CORE_DISPATCH_WAIT_CORE_15                                 142760                       234.803

CORE_CYCLES_CORE_15                                             0                             0

CORE_SCHED_THREADS_CORE_15                                      0                           NaN

CORE_NUM_NO_FETCH_CYCLES_CORE_15                                0                             0

CORE_NUM_NO_FETCH_CYCLES_WITH_READY_THREADS_CORE_15                   0                             0

CORE_NUM_FETCH_CYCLES_CORE_15                                   0                             0

CORE_FETCH_DELTA_CORE_15                                        0                           NaN

CORE_NUM_RETIRE_CYCLES_CORE_15                                  0                             0

CORE_RETIRE_DELTA_CORE_15                                       0                           NaN

FENCE_PREF_REQ_CORE_15                                          0                             0

FENCE_WAITING_CORE_15                                           0                             0

DYN_FENCE_NUM_CORE_15                                           0                             0

WB_ORDERING_STALL_CORE_15                                       0                             0

WB_FULL_CORE_15                                                 0                             0

FENCE_TOT_CYCLES_CORE_15                                        0                             0

FENCE_EXEC_CYCLES_CORE_15                                       0                             0

STORE_RES_CORE_15                                               0                             0

STORE_NUM_CORE_15                                               0                             0

STORE_WB_FREE_CORE_15                                           0                             0

SCHED_FAILED_REASON_SUCCESS_CORE_15                           608                       4.97016%
SCHED_FAILED_OPERANDS_NOT_READY_CORE_15                     11625                       95.0298%
SCHED_FAILED_NO_AVAILABLE_PORTS_CORE_15                         0                             0%
SCHED_FAILED_NO_MEM_REQ_SLOTS_CORE_15                           0                             0%
SCHED_FAILED_NO_AVAILABLE_SIMD_UNIT_CORE_15                     0                             0%
SCHED_FAILED_FENCE_ACTIVE_CORE_15                               0                             0%
SCHED_FAILED_MEM_MANAGEMENT_CORE_15                             0                             0%
                                                            12233                           100%

NUM_SAMPLES_CORE_16                                          4719                          4719

NUM_ACTIVE_BLOCKS_CORE_16                                    9362                       1.98389

NUM_ACTIVE_THREADS_CORE_16                                 140545                       29.7828

NUM_SCHED_IDLE_CYCLE_CORE_16                                    0                             0

NUM_NO_SCHED_CYCLE_CORE_16                                    999                           999

CORE_DISPATCHED_INST_CORE_16                                  608                           608

CORE_DISPATCH_WAIT_CORE_16                                 146739                       241.347

CORE_CYCLES_CORE_16                                             0                             0

CORE_SCHED_THREADS_CORE_16                                      0                           NaN

CORE_NUM_NO_FETCH_CYCLES_CORE_16                                0                             0

CORE_NUM_NO_FETCH_CYCLES_WITH_READY_THREADS_CORE_16                   0                             0

CORE_NUM_FETCH_CYCLES_CORE_16                                   0                             0

CORE_FETCH_DELTA_CORE_16                                        0                           NaN

CORE_NUM_RETIRE_CYCLES_CORE_16                                  0                             0

CORE_RETIRE_DELTA_CORE_16                                       0                           NaN

FENCE_PREF_REQ_CORE_16                                          0                             0

FENCE_WAITING_CORE_16                                           0                             0

DYN_FENCE_NUM_CORE_16                                           0                             0

WB_ORDERING_STALL_CORE_16                                       0                             0

WB_FULL_CORE_16                                                 0                             0

FENCE_TOT_CYCLES_CORE_16                                        0                             0

FENCE_EXEC_CYCLES_CORE_16                                       0                             0

STORE_RES_CORE_16                                               0                             0

STORE_NUM_CORE_16                                               0                             0

STORE_WB_FREE_CORE_16                                           0                             0

SCHED_FAILED_REASON_SUCCESS_CORE_16                           608                       4.84462%
SCHED_FAILED_OPERANDS_NOT_READY_CORE_16                     11942                       95.1554%
SCHED_FAILED_NO_AVAILABLE_PORTS_CORE_16                         0                             0%
SCHED_FAILED_NO_MEM_REQ_SLOTS_CORE_16                           0                             0%
SCHED_FAILED_NO_AVAILABLE_SIMD_UNIT_CORE_16                     0                             0%
SCHED_FAILED_FENCE_ACTIVE_CORE_16                               0                             0%
SCHED_FAILED_MEM_MANAGEMENT_CORE_16                             0                             0%
                                                            12550                           100%

NUM_SAMPLES_CORE_17                                          5420                          5420

NUM_ACTIVE_BLOCKS_CORE_17                                   10737                         1.981

NUM_ACTIVE_THREADS_CORE_17                                 144961                       26.7456

NUM_SCHED_IDLE_CYCLE_CORE_17                                    0                             0

NUM_NO_SCHED_CYCLE_CORE_17                                   1153                          1153

CORE_DISPATCHED_INST_CORE_17                                  608                           608

CORE_DISPATCH_WAIT_CORE_17                                 140840                       231.645

CORE_CYCLES_CORE_17                                             0                             0

CORE_SCHED_THREADS_CORE_17                                      0                           NaN

CORE_NUM_NO_FETCH_CYCLES_CORE_17                                0                             0

CORE_NUM_NO_FETCH_CYCLES_WITH_READY_THREADS_CORE_17                   0                             0

CORE_NUM_FETCH_CYCLES_CORE_17                                   0                             0

CORE_FETCH_DELTA_CORE_17                                        0                           NaN

CORE_NUM_RETIRE_CYCLES_CORE_17                                  0                             0

CORE_RETIRE_DELTA_CORE_17                                       0                           NaN

FENCE_PREF_REQ_CORE_17                                          0                             0

FENCE_WAITING_CORE_17                                           0                             0

DYN_FENCE_NUM_CORE_17                                           0                             0

WB_ORDERING_STALL_CORE_17                                       0                             0

WB_FULL_CORE_17                                                 0                             0

FENCE_TOT_CYCLES_CORE_17                                        0                             0

FENCE_EXEC_CYCLES_CORE_17                                       0                             0

STORE_RES_CORE_17                                               0                             0

STORE_NUM_CORE_17                                               0                             0

STORE_WB_FREE_CORE_17                                           0                             0

SCHED_FAILED_REASON_SUCCESS_CORE_17                           608                       4.97423%
SCHED_FAILED_OPERANDS_NOT_READY_CORE_17                     11615                       95.0258%
SCHED_FAILED_NO_AVAILABLE_PORTS_CORE_17                         0                             0%
SCHED_FAILED_NO_MEM_REQ_SLOTS_CORE_17                           0                             0%
SCHED_FAILED_NO_AVAILABLE_SIMD_UNIT_CORE_17                     0                             0%
SCHED_FAILED_FENCE_ACTIVE_CORE_17                               0                             0%
SCHED_FAILED_MEM_MANAGEMENT_CORE_17                             0                             0%
                                                            12223                           100%

NUM_SAMPLES_CORE_18                                          5070                          5070

NUM_ACTIVE_BLOCKS_CORE_18                                    9962                       1.96489

NUM_ACTIVE_THREADS_CORE_18                                 141939                       27.9959

NUM_SCHED_IDLE_CYCLE_CORE_18                                    0                             0

NUM_NO_SCHED_CYCLE_CORE_18                                   1080                          1080

CORE_DISPATCHED_INST_CORE_18                                  608                           608

CORE_DISPATCH_WAIT_CORE_18                                 138616                       227.987

CORE_CYCLES_CORE_18                                             0                             0

CORE_SCHED_THREADS_CORE_18                                      0                           NaN

CORE_NUM_NO_FETCH_CYCLES_CORE_18                                0                             0

CORE_NUM_NO_FETCH_CYCLES_WITH_READY_THREADS_CORE_18                   0                             0

CORE_NUM_FETCH_CYCLES_CORE_18                                   0                             0

CORE_FETCH_DELTA_CORE_18                                        0                           NaN

CORE_NUM_RETIRE_CYCLES_CORE_18                                  0                             0

CORE_RETIRE_DELTA_CORE_18                                       0                           NaN

FENCE_PREF_REQ_CORE_18                                          0                             0

FENCE_WAITING_CORE_18                                           0                             0

DYN_FENCE_NUM_CORE_18                                           0                             0

WB_ORDERING_STALL_CORE_18                                       0                             0

WB_FULL_CORE_18                                                 0                             0

FENCE_TOT_CYCLES_CORE_18                                        0                             0

FENCE_EXEC_CYCLES_CORE_18                                       0                             0

STORE_RES_CORE_18                                               0                             0

STORE_NUM_CORE_18                                               0                             0

STORE_WB_FREE_CORE_18                                           0                             0

SCHED_FAILED_REASON_SUCCESS_CORE_18                           608                          5.09%
SCHED_FAILED_OPERANDS_NOT_READY_CORE_18                     11337                         94.91%
SCHED_FAILED_NO_AVAILABLE_PORTS_CORE_18                         0                             0%
SCHED_FAILED_NO_MEM_REQ_SLOTS_CORE_18                           0                             0%
SCHED_FAILED_NO_AVAILABLE_SIMD_UNIT_CORE_18                     0                             0%
SCHED_FAILED_FENCE_ACTIVE_CORE_18                               0                             0%
SCHED_FAILED_MEM_MANAGEMENT_CORE_18                             0                             0%
                                                            11945                           100%

NUM_SAMPLES_CORE_19                                          5545                          5545

NUM_ACTIVE_BLOCKS_CORE_19                                   10712                       1.93183

NUM_ACTIVE_THREADS_CORE_19                                 153652                         27.71

NUM_SCHED_IDLE_CYCLE_CORE_19                                    0                             0

NUM_NO_SCHED_CYCLE_CORE_19                                   1195                          1195

CORE_DISPATCHED_INST_CORE_19                                  608                           608

CORE_DISPATCH_WAIT_CORE_19                                 143876                       236.638

CORE_CYCLES_CORE_19                                             0                             0

CORE_SCHED_THREADS_CORE_19                                      0                           NaN

CORE_NUM_NO_FETCH_CYCLES_CORE_19                                0                             0

CORE_NUM_NO_FETCH_CYCLES_WITH_READY_THREADS_CORE_19                   0                             0

CORE_NUM_FETCH_CYCLES_CORE_19                                   0                             0

CORE_FETCH_DELTA_CORE_19                                        0                           NaN

CORE_NUM_RETIRE_CYCLES_CORE_19                                  0                             0

CORE_RETIRE_DELTA_CORE_19                                       0                           NaN

FENCE_PREF_REQ_CORE_19                                          0                             0

FENCE_WAITING_CORE_19                                           0                             0

DYN_FENCE_NUM_CORE_19                                           0                             0

WB_ORDERING_STALL_CORE_19                                       0                             0

WB_FULL_CORE_19                                                 0                             0

FENCE_TOT_CYCLES_CORE_19                                        0                             0

FENCE_EXEC_CYCLES_CORE_19                                       0                             0

STORE_RES_CORE_19                                               0                             0

STORE_NUM_CORE_19                                               0                             0

STORE_WB_FREE_CORE_19                                           0                             0

SCHED_FAILED_REASON_SUCCESS_CORE_19                           608                       4.92667%
SCHED_FAILED_OPERANDS_NOT_READY_CORE_19                     11733                       95.0733%
SCHED_FAILED_NO_AVAILABLE_PORTS_CORE_19                         0                             0%
SCHED_FAILED_NO_MEM_REQ_SLOTS_CORE_19                           0                             0%
SCHED_FAILED_NO_AVAILABLE_SIMD_UNIT_CORE_19                     0                             0%
SCHED_FAILED_FENCE_ACTIVE_CORE_19                               0                             0%
SCHED_FAILED_MEM_MANAGEMENT_CORE_19                             0                             0%
                                                            12341                           100%

NUM_SAMPLES_CORE_20                                          2187                          2187

NUM_ACTIVE_BLOCKS_CORE_20                                    2186                      0.999543

NUM_ACTIVE_THREADS_CORE_20                                  30532                       13.9607

NUM_SCHED_IDLE_CYCLE_CORE_20                                    0                             0

NUM_NO_SCHED_CYCLE_CORE_20                                    439                           439

CORE_DISPATCHED_INST_CORE_20                                  304                           304

CORE_DISPATCH_WAIT_CORE_20                                  23576                       77.5526

CORE_CYCLES_CORE_20                                             0                             0

CORE_SCHED_THREADS_CORE_20                                      0                           NaN

CORE_NUM_NO_FETCH_CYCLES_CORE_20                                0                             0

CORE_NUM_NO_FETCH_CYCLES_WITH_READY_THREADS_CORE_20                   0                             0

CORE_NUM_FETCH_CYCLES_CORE_20                                   0                             0

CORE_FETCH_DELTA_CORE_20                                        0                           NaN

CORE_NUM_RETIRE_CYCLES_CORE_20                                  0                             0

CORE_RETIRE_DELTA_CORE_20                                       0                           NaN

FENCE_PREF_REQ_CORE_20                                          0                             0

FENCE_WAITING_CORE_20                                           0                             0

DYN_FENCE_NUM_CORE_20                                           0                             0

WB_ORDERING_STALL_CORE_20                                       0                             0

WB_FULL_CORE_20                                                 0                             0

FENCE_TOT_CYCLES_CORE_20                                        0                             0

FENCE_EXEC_CYCLES_CORE_20                                       0                             0

STORE_RES_CORE_20                                               0                             0

STORE_NUM_CORE_20                                               0                             0

STORE_WB_FREE_CORE_20                                           0                             0

SCHED_FAILED_REASON_SUCCESS_CORE_20                           304                       12.6298%
SCHED_FAILED_OPERANDS_NOT_READY_CORE_20                      2103                       87.3702%
SCHED_FAILED_NO_AVAILABLE_PORTS_CORE_20                         0                             0%
SCHED_FAILED_NO_MEM_REQ_SLOTS_CORE_20                           0                             0%
SCHED_FAILED_NO_AVAILABLE_SIMD_UNIT_CORE_20                     0                             0%
SCHED_FAILED_FENCE_ACTIVE_CORE_20                               0                             0%
SCHED_FAILED_MEM_MANAGEMENT_CORE_20                             0                             0%
                                                             2407                           100%

NUM_SAMPLES_CORE_21                                          2536                          2536

NUM_ACTIVE_BLOCKS_CORE_21                                    2535                      0.999606

NUM_ACTIVE_THREADS_CORE_21                                  36871                        14.539

NUM_SCHED_IDLE_CYCLE_CORE_21                                    0                             0

NUM_NO_SCHED_CYCLE_CORE_21                                    529                           529

CORE_DISPATCHED_INST_CORE_21                                  304                           304

CORE_DISPATCH_WAIT_CORE_21                                  40428                       132.987

CORE_CYCLES_CORE_21                                             0                             0

CORE_SCHED_THREADS_CORE_21                                      0                           NaN

CORE_NUM_NO_FETCH_CYCLES_CORE_21                                0                             0

CORE_NUM_NO_FETCH_CYCLES_WITH_READY_THREADS_CORE_21                   0                             0

CORE_NUM_FETCH_CYCLES_CORE_21                                   0                             0

CORE_FETCH_DELTA_CORE_21                                        0                           NaN

CORE_NUM_RETIRE_CYCLES_CORE_21                                  0                             0

CORE_RETIRE_DELTA_CORE_21                                       0                           NaN

FENCE_PREF_REQ_CORE_21                                          0                             0

FENCE_WAITING_CORE_21                                           0                             0

DYN_FENCE_NUM_CORE_21                                           0                             0

WB_ORDERING_STALL_CORE_21                                       0                             0

WB_FULL_CORE_21                                                 0                             0

FENCE_TOT_CYCLES_CORE_21                                        0                             0

FENCE_EXEC_CYCLES_CORE_21                                       0                             0

STORE_RES_CORE_21                                               0                             0

STORE_NUM_CORE_21                                               0                             0

STORE_WB_FREE_CORE_21                                           0                             0

SCHED_FAILED_REASON_SUCCESS_CORE_21                           304                       6.73162%
SCHED_FAILED_OPERANDS_NOT_READY_CORE_21                      4212                       93.2684%
SCHED_FAILED_NO_AVAILABLE_PORTS_CORE_21                         0                             0%
SCHED_FAILED_NO_MEM_REQ_SLOTS_CORE_21                           0                             0%
SCHED_FAILED_NO_AVAILABLE_SIMD_UNIT_CORE_21                     0                             0%
SCHED_FAILED_FENCE_ACTIVE_CORE_21                               0                             0%
SCHED_FAILED_MEM_MANAGEMENT_CORE_21                             0                             0%
                                                             4516                           100%

NUM_SAMPLES_CORE_22                                          2537                          2537

NUM_ACTIVE_BLOCKS_CORE_22                                    2536                      0.999606

NUM_ACTIVE_THREADS_CORE_22                                  37636                       14.8348

NUM_SCHED_IDLE_CYCLE_CORE_22                                    0                             0

NUM_NO_SCHED_CYCLE_CORE_22                                    531                           531

CORE_DISPATCHED_INST_CORE_22                                  304                           304

CORE_DISPATCH_WAIT_CORE_22                                  48988                       161.145

CORE_CYCLES_CORE_22                                             0                             0

CORE_SCHED_THREADS_CORE_22                                      0                           NaN

CORE_NUM_NO_FETCH_CYCLES_CORE_22                                0                             0

CORE_NUM_NO_FETCH_CYCLES_WITH_READY_THREADS_CORE_22                   0                             0

CORE_NUM_FETCH_CYCLES_CORE_22                                   0                             0

CORE_FETCH_DELTA_CORE_22                                        0                           NaN

CORE_NUM_RETIRE_CYCLES_CORE_22                                  0                             0

CORE_RETIRE_DELTA_CORE_22                                       0                           NaN

FENCE_PREF_REQ_CORE_22                                          0                             0

FENCE_WAITING_CORE_22                                           0                             0

DYN_FENCE_NUM_CORE_22                                           0                             0

WB_ORDERING_STALL_CORE_22                                       0                             0

WB_FULL_CORE_22                                                 0                             0

FENCE_TOT_CYCLES_CORE_22                                        0                             0

FENCE_EXEC_CYCLES_CORE_22                                       0                             0

STORE_RES_CORE_22                                               0                             0

STORE_NUM_CORE_22                                               0                             0

STORE_WB_FREE_CORE_22                                           0                             0

SCHED_FAILED_REASON_SUCCESS_CORE_22                           304                       5.45194%
SCHED_FAILED_OPERANDS_NOT_READY_CORE_22                      5272                       94.5481%
SCHED_FAILED_NO_AVAILABLE_PORTS_CORE_22                         0                             0%
SCHED_FAILED_NO_MEM_REQ_SLOTS_CORE_22                           0                             0%
SCHED_FAILED_NO_AVAILABLE_SIMD_UNIT_CORE_22                     0                             0%
SCHED_FAILED_FENCE_ACTIVE_CORE_22                               0                             0%
SCHED_FAILED_MEM_MANAGEMENT_CORE_22                             0                             0%
                                                             5576                           100%

NUM_SAMPLES_CORE_23                                          2956                          2956

NUM_ACTIVE_BLOCKS_CORE_23                                    2955                      0.999662

NUM_ACTIVE_THREADS_CORE_23                                  44099                       14.9185

NUM_SCHED_IDLE_CYCLE_CORE_23                                    0                             0

NUM_NO_SCHED_CYCLE_CORE_23                                    630                           630

CORE_DISPATCHED_INST_CORE_23                                  304                           304

CORE_DISPATCH_WAIT_CORE_23                                  61644                       202.776

CORE_CYCLES_CORE_23                                             0                             0

CORE_SCHED_THREADS_CORE_23                                      0                           NaN

CORE_NUM_NO_FETCH_CYCLES_CORE_23                                0                             0

CORE_NUM_NO_FETCH_CYCLES_WITH_READY_THREADS_CORE_23                   0                             0

CORE_NUM_FETCH_CYCLES_CORE_23                                   0                             0

CORE_FETCH_DELTA_CORE_23                                        0                           NaN

CORE_NUM_RETIRE_CYCLES_CORE_23                                  0                             0

CORE_RETIRE_DELTA_CORE_23                                       0                           NaN

FENCE_PREF_REQ_CORE_23                                          0                             0

FENCE_WAITING_CORE_23                                           0                             0

DYN_FENCE_NUM_CORE_23                                           0                             0

WB_ORDERING_STALL_CORE_23                                       0                             0

WB_FULL_CORE_23                                                 0                             0

FENCE_TOT_CYCLES_CORE_23                                        0                             0

FENCE_EXEC_CYCLES_CORE_23                                       0                             0

STORE_RES_CORE_23                                               0                             0

STORE_NUM_CORE_23                                               0                             0

STORE_WB_FREE_CORE_23                                           0                             0

SCHED_FAILED_REASON_SUCCESS_CORE_23                           304                       4.23871%
SCHED_FAILED_OPERANDS_NOT_READY_CORE_23                      6868                       95.7613%
SCHED_FAILED_NO_AVAILABLE_PORTS_CORE_23                         0                             0%
SCHED_FAILED_NO_MEM_REQ_SLOTS_CORE_23                           0                             0%
SCHED_FAILED_NO_AVAILABLE_SIMD_UNIT_CORE_23                     0                             0%
SCHED_FAILED_FENCE_ACTIVE_CORE_23                               0                             0%
SCHED_FAILED_MEM_MANAGEMENT_CORE_23                             0                             0%
                                                             7172                           100%

NUM_SAMPLES_CORE_24                                          2235                          2235

NUM_ACTIVE_BLOCKS_CORE_24                                    2234                      0.999553

NUM_ACTIVE_THREADS_CORE_24                                  32737                       14.6474

NUM_SCHED_IDLE_CYCLE_CORE_24                                    0                             0

NUM_NO_SCHED_CYCLE_CORE_24                                    450                           450

CORE_DISPATCHED_INST_CORE_24                                  304                           304

CORE_DISPATCH_WAIT_CORE_24                                  29356                       96.5658

CORE_CYCLES_CORE_24                                             0                             0

CORE_SCHED_THREADS_CORE_24                                      0                           NaN

CORE_NUM_NO_FETCH_CYCLES_CORE_24                                0                             0

CORE_NUM_NO_FETCH_CYCLES_WITH_READY_THREADS_CORE_24                   0                             0

CORE_NUM_FETCH_CYCLES_CORE_24                                   0                             0

CORE_FETCH_DELTA_CORE_24                                        0                           NaN

CORE_NUM_RETIRE_CYCLES_CORE_24                                  0                             0

CORE_RETIRE_DELTA_CORE_24                                       0                           NaN

FENCE_PREF_REQ_CORE_24                                          0                             0

FENCE_WAITING_CORE_24                                           0                             0

DYN_FENCE_NUM_CORE_24                                           0                             0

WB_ORDERING_STALL_CORE_24                                       0                             0

WB_FULL_CORE_24                                                 0                             0

FENCE_TOT_CYCLES_CORE_24                                        0                             0

FENCE_EXEC_CYCLES_CORE_24                                       0                             0

STORE_RES_CORE_24                                               0                             0

STORE_NUM_CORE_24                                               0                             0

STORE_WB_FREE_CORE_24                                           0                             0

SCHED_FAILED_REASON_SUCCESS_CORE_24                           304                       9.69388%
SCHED_FAILED_OPERANDS_NOT_READY_CORE_24                      2832                       90.3061%
SCHED_FAILED_NO_AVAILABLE_PORTS_CORE_24                         0                             0%
SCHED_FAILED_NO_MEM_REQ_SLOTS_CORE_24                           0                             0%
SCHED_FAILED_NO_AVAILABLE_SIMD_UNIT_CORE_24                     0                             0%
SCHED_FAILED_FENCE_ACTIVE_CORE_24                               0                             0%
SCHED_FAILED_MEM_MANAGEMENT_CORE_24                             0                             0%
                                                             3136                           100%

NUM_SAMPLES_CORE_25                                          2585                          2585

NUM_ACTIVE_BLOCKS_CORE_25                                    2584                      0.999613

NUM_ACTIVE_THREADS_CORE_25                                  38005                       14.7021

NUM_SCHED_IDLE_CYCLE_CORE_25                                    0                             0

NUM_NO_SCHED_CYCLE_CORE_25                                    549                           549

CORE_DISPATCHED_INST_CORE_25                                  304                           304

CORE_DISPATCH_WAIT_CORE_25                                  42316                       139.197

CORE_CYCLES_CORE_25                                             0                             0

CORE_SCHED_THREADS_CORE_25                                      0                           NaN

CORE_NUM_NO_FETCH_CYCLES_CORE_25                                0                             0

CORE_NUM_NO_FETCH_CYCLES_WITH_READY_THREADS_CORE_25                   0                             0

CORE_NUM_FETCH_CYCLES_CORE_25                                   0                             0

CORE_FETCH_DELTA_CORE_25                                        0                           NaN

CORE_NUM_RETIRE_CYCLES_CORE_25                                  0                             0

CORE_RETIRE_DELTA_CORE_25                                       0                           NaN

FENCE_PREF_REQ_CORE_25                                          0                             0

FENCE_WAITING_CORE_25                                           0                             0

DYN_FENCE_NUM_CORE_25                                           0                             0

WB_ORDERING_STALL_CORE_25                                       0                             0

WB_FULL_CORE_25                                                 0                             0

FENCE_TOT_CYCLES_CORE_25                                        0                             0

FENCE_EXEC_CYCLES_CORE_25                                       0                             0

STORE_RES_CORE_25                                               0                             0

STORE_NUM_CORE_25                                               0                             0

STORE_WB_FREE_CORE_25                                           0                             0

SCHED_FAILED_REASON_SUCCESS_CORE_25                           304                       6.42163%
SCHED_FAILED_OPERANDS_NOT_READY_CORE_25                      4430                       93.5784%
SCHED_FAILED_NO_AVAILABLE_PORTS_CORE_25                         0                             0%
SCHED_FAILED_NO_MEM_REQ_SLOTS_CORE_25                           0                             0%
SCHED_FAILED_NO_AVAILABLE_SIMD_UNIT_CORE_25                     0                             0%
SCHED_FAILED_FENCE_ACTIVE_CORE_25                               0                             0%
SCHED_FAILED_MEM_MANAGEMENT_CORE_25                             0                             0%
                                                             4734                           100%

NUM_SAMPLES_CORE_26                                          2999                          2999

NUM_ACTIVE_BLOCKS_CORE_26                                    2998                      0.999667

NUM_ACTIVE_THREADS_CORE_26                                  44793                        14.936

NUM_SCHED_IDLE_CYCLE_CORE_26                                    0                             0

NUM_NO_SCHED_CYCLE_CORE_26                                    643                           643

CORE_DISPATCHED_INST_CORE_26                                  304                           304

CORE_DISPATCH_WAIT_CORE_26                                  52708                       173.382

CORE_CYCLES_CORE_26                                             0                             0

CORE_SCHED_THREADS_CORE_26                                      0                           NaN

CORE_NUM_NO_FETCH_CYCLES_CORE_26                                0                             0

CORE_NUM_NO_FETCH_CYCLES_WITH_READY_THREADS_CORE_26                   0                             0

CORE_NUM_FETCH_CYCLES_CORE_26                                   0                             0

CORE_FETCH_DELTA_CORE_26                                        0                           NaN

CORE_NUM_RETIRE_CYCLES_CORE_26                                  0                             0

CORE_RETIRE_DELTA_CORE_26                                       0                           NaN

FENCE_PREF_REQ_CORE_26                                          0                             0

FENCE_WAITING_CORE_26                                           0                             0

DYN_FENCE_NUM_CORE_26                                           0                             0

WB_ORDERING_STALL_CORE_26                                       0                             0

WB_FULL_CORE_26                                                 0                             0

FENCE_TOT_CYCLES_CORE_26                                        0                             0

FENCE_EXEC_CYCLES_CORE_26                                       0                             0

STORE_RES_CORE_26                                               0                             0

STORE_NUM_CORE_26                                               0                             0

STORE_WB_FREE_CORE_26                                           0                             0

SCHED_FAILED_REASON_SUCCESS_CORE_26                           304                       5.02064%
SCHED_FAILED_OPERANDS_NOT_READY_CORE_26                      5751                       94.9794%
SCHED_FAILED_NO_AVAILABLE_PORTS_CORE_26                         0                             0%
SCHED_FAILED_NO_MEM_REQ_SLOTS_CORE_26                           0                             0%
SCHED_FAILED_NO_AVAILABLE_SIMD_UNIT_CORE_26                     0                             0%
SCHED_FAILED_FENCE_ACTIVE_CORE_26                               0                             0%
SCHED_FAILED_MEM_MANAGEMENT_CORE_26                             0                             0%
                                                             6055                           100%

NUM_SAMPLES_CORE_27                                          3387                          3387

NUM_ACTIVE_BLOCKS_CORE_27                                    3386                      0.999705

NUM_ACTIVE_THREADS_CORE_27                                  51203                       15.1175

NUM_SCHED_IDLE_CYCLE_CORE_27                                    0                             0

NUM_NO_SCHED_CYCLE_CORE_27                                    737                           737

CORE_DISPATCHED_INST_CORE_27                                  304                           304

CORE_DISPATCH_WAIT_CORE_27                                  65500                       215.461

CORE_CYCLES_CORE_27                                             0                             0

CORE_SCHED_THREADS_CORE_27                                      0                           NaN

CORE_NUM_NO_FETCH_CYCLES_CORE_27                                0                             0

CORE_NUM_NO_FETCH_CYCLES_WITH_READY_THREADS_CORE_27                   0                             0

CORE_NUM_FETCH_CYCLES_CORE_27                                   0                             0

CORE_FETCH_DELTA_CORE_27                                        0                           NaN

CORE_NUM_RETIRE_CYCLES_CORE_27                                  0                             0

CORE_RETIRE_DELTA_CORE_27                                       0                           NaN

FENCE_PREF_REQ_CORE_27                                          0                             0

FENCE_WAITING_CORE_27                                           0                             0

DYN_FENCE_NUM_CORE_27                                           0                             0

WB_ORDERING_STALL_CORE_27                                       0                             0

WB_FULL_CORE_27                                                 0                             0

FENCE_TOT_CYCLES_CORE_27                                        0                             0

FENCE_EXEC_CYCLES_CORE_27                                       0                             0

STORE_RES_CORE_27                                               0                             0

STORE_NUM_CORE_27                                               0                             0

STORE_WB_FREE_CORE_27                                           0                             0

SCHED_FAILED_REASON_SUCCESS_CORE_27                           304                        3.9723%
SCHED_FAILED_OPERANDS_NOT_READY_CORE_27                      7349                       96.0277%
SCHED_FAILED_NO_AVAILABLE_PORTS_CORE_27                         0                             0%
SCHED_FAILED_NO_MEM_REQ_SLOTS_CORE_27                           0                             0%
SCHED_FAILED_NO_AVAILABLE_SIMD_UNIT_CORE_27                     0                             0%
SCHED_FAILED_FENCE_ACTIVE_CORE_27                               0                             0%
SCHED_FAILED_MEM_MANAGEMENT_CORE_27                             0                             0%
                                                             7653                           100%

NUM_SAMPLES_CORE_28                                          3774                          3774

NUM_ACTIVE_BLOCKS_CORE_28                                    3773                      0.999735

NUM_ACTIVE_THREADS_CORE_28                                  54273                       14.3808

NUM_SCHED_IDLE_CYCLE_CORE_28                                    0                             0

NUM_NO_SCHED_CYCLE_CORE_28                                    836                           836

CORE_DISPATCHED_INST_CORE_28                                  304                           304

CORE_DISPATCH_WAIT_CORE_28                                  70244                       231.066

CORE_CYCLES_CORE_28                                             0                             0

CORE_SCHED_THREADS_CORE_28                                      0                           NaN

CORE_NUM_NO_FETCH_CYCLES_CORE_28                                0                             0

CORE_NUM_NO_FETCH_CYCLES_WITH_READY_THREADS_CORE_28                   0                             0

CORE_NUM_FETCH_CYCLES_CORE_28                                   0                             0

CORE_FETCH_DELTA_CORE_28                                        0                           NaN

CORE_NUM_RETIRE_CYCLES_CORE_28                                  0                             0

CORE_RETIRE_DELTA_CORE_28                                       0                           NaN

FENCE_PREF_REQ_CORE_28                                          0                             0

FENCE_WAITING_CORE_28                                           0                             0

DYN_FENCE_NUM_CORE_28                                           0                             0

WB_ORDERING_STALL_CORE_28                                       0                             0

WB_FULL_CORE_28                                                 0                             0

FENCE_TOT_CYCLES_CORE_28                                        0                             0

FENCE_EXEC_CYCLES_CORE_28                                       0                             0

STORE_RES_CORE_28                                               0                             0

STORE_NUM_CORE_28                                               0                             0

STORE_WB_FREE_CORE_28                                           0                             0

SCHED_FAILED_REASON_SUCCESS_CORE_28                           304                       3.68619%
SCHED_FAILED_OPERANDS_NOT_READY_CORE_28                      7943                       96.3138%
SCHED_FAILED_NO_AVAILABLE_PORTS_CORE_28                         0                             0%
SCHED_FAILED_NO_MEM_REQ_SLOTS_CORE_28                           0                             0%
SCHED_FAILED_NO_AVAILABLE_SIMD_UNIT_CORE_28                     0                             0%
SCHED_FAILED_FENCE_ACTIVE_CORE_28                               0                             0%
SCHED_FAILED_MEM_MANAGEMENT_CORE_28                             0                             0%
                                                             8247                           100%

NUM_SAMPLES_CORE_29                                          4124                          4124

NUM_ACTIVE_BLOCKS_CORE_29                                    4123                      0.999758

NUM_ACTIVE_THREADS_CORE_29                                  59638                       14.4612

NUM_SCHED_IDLE_CYCLE_CORE_29                                    0                             0

NUM_NO_SCHED_CYCLE_CORE_29                                    922                           922

CORE_DISPATCHED_INST_CORE_29                                  304                           304

CORE_DISPATCH_WAIT_CORE_29                                  81420                       267.829

CORE_CYCLES_CORE_29                                             0                             0

CORE_SCHED_THREADS_CORE_29                                      0                           NaN

CORE_NUM_NO_FETCH_CYCLES_CORE_29                                0                             0

CORE_NUM_NO_FETCH_CYCLES_WITH_READY_THREADS_CORE_29                   0                             0

CORE_NUM_FETCH_CYCLES_CORE_29                                   0                             0

CORE_FETCH_DELTA_CORE_29                                        0                           NaN

CORE_NUM_RETIRE_CYCLES_CORE_29                                  0                             0

CORE_RETIRE_DELTA_CORE_29                                       0                           NaN

FENCE_PREF_REQ_CORE_29                                          0                             0

FENCE_WAITING_CORE_29                                           0                             0

DYN_FENCE_NUM_CORE_29                                           0                             0

WB_ORDERING_STALL_CORE_29                                       0                             0

WB_FULL_CORE_29                                                 0                             0

FENCE_TOT_CYCLES_CORE_29                                        0                             0

FENCE_EXEC_CYCLES_CORE_29                                       0                             0

STORE_RES_CORE_29                                               0                             0

STORE_NUM_CORE_29                                               0                             0

STORE_WB_FREE_CORE_29                                           0                             0

SCHED_FAILED_REASON_SUCCESS_CORE_29                           304                       3.15222%
SCHED_FAILED_OPERANDS_NOT_READY_CORE_29                      9340                       96.8478%
SCHED_FAILED_NO_AVAILABLE_PORTS_CORE_29                         0                             0%
SCHED_FAILED_NO_MEM_REQ_SLOTS_CORE_29                           0                             0%
SCHED_FAILED_NO_AVAILABLE_SIMD_UNIT_CORE_29                     0                             0%
SCHED_FAILED_FENCE_ACTIVE_CORE_29                               0                             0%
SCHED_FAILED_MEM_MANAGEMENT_CORE_29                             0                             0%
                                                             9644                           100%

NUM_SAMPLES_CORE_30                                          2382                          2382

NUM_ACTIVE_BLOCKS_CORE_30                                    2381                       0.99958

NUM_ACTIVE_THREADS_CORE_30                                  34659                       14.5504

NUM_SCHED_IDLE_CYCLE_CORE_30                                    0                             0

NUM_NO_SCHED_CYCLE_CORE_30                                    485                           485

CORE_DISPATCHED_INST_CORE_30                                  304                           304

CORE_DISPATCH_WAIT_CORE_30                                  31916                       104.987

CORE_CYCLES_CORE_30                                             0                             0

CORE_SCHED_THREADS_CORE_30                                      0                           NaN

CORE_NUM_NO_FETCH_CYCLES_CORE_30                                0                             0

CORE_NUM_NO_FETCH_CYCLES_WITH_READY_THREADS_CORE_30                   0                             0

CORE_NUM_FETCH_CYCLES_CORE_30                                   0                             0

CORE_FETCH_DELTA_CORE_30                                        0                           NaN

CORE_NUM_RETIRE_CYCLES_CORE_30                                  0                             0

CORE_RETIRE_DELTA_CORE_30                                       0                           NaN

FENCE_PREF_REQ_CORE_30                                          0                             0

FENCE_WAITING_CORE_30                                           0                             0

DYN_FENCE_NUM_CORE_30                                           0                             0

WB_ORDERING_STALL_CORE_30                                       0                             0

WB_FULL_CORE_30                                                 0                             0

FENCE_TOT_CYCLES_CORE_30                                        0                             0

FENCE_EXEC_CYCLES_CORE_30                                       0                             0

STORE_RES_CORE_30                                               0                             0

STORE_NUM_CORE_30                                               0                             0

STORE_WB_FREE_CORE_30                                           0                             0

SCHED_FAILED_REASON_SUCCESS_CORE_30                           304                        8.7963%
SCHED_FAILED_OPERANDS_NOT_READY_CORE_30                      3152                       91.2037%
SCHED_FAILED_NO_AVAILABLE_PORTS_CORE_30                         0                             0%
SCHED_FAILED_NO_MEM_REQ_SLOTS_CORE_30                           0                             0%
SCHED_FAILED_NO_AVAILABLE_SIMD_UNIT_CORE_30                     0                             0%
SCHED_FAILED_FENCE_ACTIVE_CORE_30                               0                             0%
SCHED_FAILED_MEM_MANAGEMENT_CORE_30                             0                             0%
                                                             3456                           100%

NUM_SAMPLES_CORE_31                                          2968                          2968

NUM_ACTIVE_BLOCKS_CORE_31                                    2967                      0.999663

NUM_ACTIVE_THREADS_CORE_31                                  40015                       13.4821

NUM_SCHED_IDLE_CYCLE_CORE_31                                    0                             0

NUM_NO_SCHED_CYCLE_CORE_31                                    639                           639

CORE_DISPATCHED_INST_CORE_31                                  304                           304

CORE_DISPATCH_WAIT_CORE_31                                  41836                       137.618

CORE_CYCLES_CORE_31                                             0                             0

CORE_SCHED_THREADS_CORE_31                                      0                           NaN

CORE_NUM_NO_FETCH_CYCLES_CORE_31                                0                             0

CORE_NUM_NO_FETCH_CYCLES_WITH_READY_THREADS_CORE_31                   0                             0

CORE_NUM_FETCH_CYCLES_CORE_31                                   0                             0

CORE_FETCH_DELTA_CORE_31                                        0                           NaN

CORE_NUM_RETIRE_CYCLES_CORE_31                                  0                             0

CORE_RETIRE_DELTA_CORE_31                                       0                           NaN

FENCE_PREF_REQ_CORE_31                                          0                             0

FENCE_WAITING_CORE_31                                           0                             0

DYN_FENCE_NUM_CORE_31                                           0                             0

WB_ORDERING_STALL_CORE_31                                       0                             0

WB_FULL_CORE_31                                                 0                             0

FENCE_TOT_CYCLES_CORE_31                                        0                             0

FENCE_EXEC_CYCLES_CORE_31                                       0                             0

STORE_RES_CORE_31                                               0                             0

STORE_NUM_CORE_31                                               0                             0

STORE_WB_FREE_CORE_31                                           0                             0

SCHED_FAILED_REASON_SUCCESS_CORE_31                           304                       6.50128%
SCHED_FAILED_OPERANDS_NOT_READY_CORE_31                      4372                       93.4987%
SCHED_FAILED_NO_AVAILABLE_PORTS_CORE_31                         0                             0%
SCHED_FAILED_NO_MEM_REQ_SLOTS_CORE_31                           0                             0%
SCHED_FAILED_NO_AVAILABLE_SIMD_UNIT_CORE_31                     0                             0%
SCHED_FAILED_FENCE_ACTIVE_CORE_31                               0                             0%
SCHED_FAILED_MEM_MANAGEMENT_CORE_31                             0                             0%
                                                             4676                           100%

NUM_SAMPLES_CORE_32                                          3118                          3118

NUM_ACTIVE_BLOCKS_CORE_32                                    3117                      0.999679

NUM_ACTIVE_THREADS_CORE_32                                  44152                       14.1604

NUM_SCHED_IDLE_CYCLE_CORE_32                                    0                             0

NUM_NO_SCHED_CYCLE_CORE_32                                    682                           682

CORE_DISPATCHED_INST_CORE_32                                  304                           304

CORE_DISPATCH_WAIT_CORE_32                                  42276                       139.066

CORE_CYCLES_CORE_32                                             0                             0

CORE_SCHED_THREADS_CORE_32                                      0                           NaN

CORE_NUM_NO_FETCH_CYCLES_CORE_32                                0                             0

CORE_NUM_NO_FETCH_CYCLES_WITH_READY_THREADS_CORE_32                   0                             0

CORE_NUM_FETCH_CYCLES_CORE_32                                   0                             0

CORE_FETCH_DELTA_CORE_32                                        0                           NaN

CORE_NUM_RETIRE_CYCLES_CORE_32                                  0                             0

CORE_RETIRE_DELTA_CORE_32                                       0                           NaN

FENCE_PREF_REQ_CORE_32                                          0                             0

FENCE_WAITING_CORE_32                                           0                             0

DYN_FENCE_NUM_CORE_32                                           0                             0

WB_ORDERING_STALL_CORE_32                                       0                             0

WB_FULL_CORE_32                                                 0                             0

FENCE_TOT_CYCLES_CORE_32                                        0                             0

FENCE_EXEC_CYCLES_CORE_32                                       0                             0

STORE_RES_CORE_32                                               0                             0

STORE_NUM_CORE_32                                               0                             0

STORE_WB_FREE_CORE_32                                           0                             0

SCHED_FAILED_REASON_SUCCESS_CORE_32                           304                       6.42842%
SCHED_FAILED_OPERANDS_NOT_READY_CORE_32                      4425                       93.5716%
SCHED_FAILED_NO_AVAILABLE_PORTS_CORE_32                         0                             0%
SCHED_FAILED_NO_MEM_REQ_SLOTS_CORE_32                           0                             0%
SCHED_FAILED_NO_AVAILABLE_SIMD_UNIT_CORE_32                     0                             0%
SCHED_FAILED_FENCE_ACTIVE_CORE_32                               0                             0%
SCHED_FAILED_MEM_MANAGEMENT_CORE_32                             0                             0%
                                                             4729                           100%

NUM_SAMPLES_CORE_33                                          3425                          3425

NUM_ACTIVE_BLOCKS_CORE_33                                    3424                      0.999708

NUM_ACTIVE_THREADS_CORE_33                                  49500                       14.4526

NUM_SCHED_IDLE_CYCLE_CORE_33                                    0                             0

NUM_NO_SCHED_CYCLE_CORE_33                                    755                           755

CORE_DISPATCHED_INST_CORE_33                                  304                           304

CORE_DISPATCH_WAIT_CORE_33                                  45100                       148.355

CORE_CYCLES_CORE_33                                             0                             0

CORE_SCHED_THREADS_CORE_33                                      0                           NaN

CORE_NUM_NO_FETCH_CYCLES_CORE_33                                0                             0

CORE_NUM_NO_FETCH_CYCLES_WITH_READY_THREADS_CORE_33                   0                             0

CORE_NUM_FETCH_CYCLES_CORE_33                                   0                             0

CORE_FETCH_DELTA_CORE_33                                        0                           NaN

CORE_NUM_RETIRE_CYCLES_CORE_33                                  0                             0

CORE_RETIRE_DELTA_CORE_33                                       0                           NaN

FENCE_PREF_REQ_CORE_33                                          0                             0

FENCE_WAITING_CORE_33                                           0                             0

DYN_FENCE_NUM_CORE_33                                           0                             0

WB_ORDERING_STALL_CORE_33                                       0                             0

WB_FULL_CORE_33                                                 0                             0

FENCE_TOT_CYCLES_CORE_33                                        0                             0

FENCE_EXEC_CYCLES_CORE_33                                       0                             0

STORE_RES_CORE_33                                               0                             0

STORE_NUM_CORE_33                                               0                             0

STORE_WB_FREE_CORE_33                                           0                             0

SCHED_FAILED_REASON_SUCCESS_CORE_33                           304                       5.96312%
SCHED_FAILED_OPERANDS_NOT_READY_CORE_33                      4794                       94.0369%
SCHED_FAILED_NO_AVAILABLE_PORTS_CORE_33                         0                             0%
SCHED_FAILED_NO_MEM_REQ_SLOTS_CORE_33                           0                             0%
SCHED_FAILED_NO_AVAILABLE_SIMD_UNIT_CORE_33                     0                             0%
SCHED_FAILED_FENCE_ACTIVE_CORE_33                               0                             0%
SCHED_FAILED_MEM_MANAGEMENT_CORE_33                             0                             0%
                                                             5098                           100%

NUM_SAMPLES_CORE_34                                          3359                          3359

NUM_ACTIVE_BLOCKS_CORE_34                                    3358                      0.999702

NUM_ACTIVE_THREADS_CORE_34                                  46021                       13.7008

NUM_SCHED_IDLE_CYCLE_CORE_34                                    0                             0

NUM_NO_SCHED_CYCLE_CORE_34                                    732                           732

CORE_DISPATCHED_INST_CORE_34                                  304                           304

CORE_DISPATCH_WAIT_CORE_34                                  50276                       165.382

CORE_CYCLES_CORE_34                                             0                             0

CORE_SCHED_THREADS_CORE_34                                      0                           NaN

CORE_NUM_NO_FETCH_CYCLES_CORE_34                                0                             0

CORE_NUM_NO_FETCH_CYCLES_WITH_READY_THREADS_CORE_34                   0                             0

CORE_NUM_FETCH_CYCLES_CORE_34                                   0                             0

CORE_FETCH_DELTA_CORE_34                                        0                           NaN

CORE_NUM_RETIRE_CYCLES_CORE_34                                  0                             0

CORE_RETIRE_DELTA_CORE_34                                       0                           NaN

FENCE_PREF_REQ_CORE_34                                          0                             0

FENCE_WAITING_CORE_34                                           0                             0

DYN_FENCE_NUM_CORE_34                                           0                             0

WB_ORDERING_STALL_CORE_34                                       0                             0

WB_FULL_CORE_34                                                 0                             0

FENCE_TOT_CYCLES_CORE_34                                        0                             0

FENCE_EXEC_CYCLES_CORE_34                                       0                             0

STORE_RES_CORE_34                                               0                             0

STORE_NUM_CORE_34                                               0                             0

STORE_WB_FREE_CORE_34                                           0                             0

SCHED_FAILED_REASON_SUCCESS_CORE_34                           304                       5.28604%
SCHED_FAILED_OPERANDS_NOT_READY_CORE_34                      5447                        94.714%
SCHED_FAILED_NO_AVAILABLE_PORTS_CORE_34                         0                             0%
SCHED_FAILED_NO_MEM_REQ_SLOTS_CORE_34                           0                             0%
SCHED_FAILED_NO_AVAILABLE_SIMD_UNIT_CORE_34                     0                             0%
SCHED_FAILED_FENCE_ACTIVE_CORE_34                               0                             0%
SCHED_FAILED_MEM_MANAGEMENT_CORE_34                             0                             0%
                                                             5751                           100%

NUM_SAMPLES_CORE_35                                          3907                          3907

NUM_ACTIVE_BLOCKS_CORE_35                                    3906                      0.999744

NUM_ACTIVE_THREADS_CORE_35                                  53610                       13.7215

NUM_SCHED_IDLE_CYCLE_CORE_35                                    0                             0

NUM_NO_SCHED_CYCLE_CORE_35                                    870                           870

CORE_DISPATCHED_INST_CORE_35                                  304                           304

CORE_DISPATCH_WAIT_CORE_35                                  59060                       194.276

CORE_CYCLES_CORE_35                                             0                             0

CORE_SCHED_THREADS_CORE_35                                      0                           NaN

CORE_NUM_NO_FETCH_CYCLES_CORE_35                                0                             0

CORE_NUM_NO_FETCH_CYCLES_WITH_READY_THREADS_CORE_35                   0                             0

CORE_NUM_FETCH_CYCLES_CORE_35                                   0                             0

CORE_FETCH_DELTA_CORE_35                                        0                           NaN

CORE_NUM_RETIRE_CYCLES_CORE_35                                  0                             0

CORE_RETIRE_DELTA_CORE_35                                       0                           NaN

FENCE_PREF_REQ_CORE_35                                          0                             0

FENCE_WAITING_CORE_35                                           0                             0

DYN_FENCE_NUM_CORE_35                                           0                             0

WB_ORDERING_STALL_CORE_35                                       0                             0

WB_FULL_CORE_35                                                 0                             0

FENCE_TOT_CYCLES_CORE_35                                        0                             0

FENCE_EXEC_CYCLES_CORE_35                                       0                             0

STORE_RES_CORE_35                                               0                             0

STORE_NUM_CORE_35                                               0                             0

STORE_WB_FREE_CORE_35                                           0                             0

SCHED_FAILED_REASON_SUCCESS_CORE_35                           304                        4.4386%
SCHED_FAILED_OPERANDS_NOT_READY_CORE_35                      6545                       95.5614%
SCHED_FAILED_NO_AVAILABLE_PORTS_CORE_35                         0                             0%
SCHED_FAILED_NO_MEM_REQ_SLOTS_CORE_35                           0                             0%
SCHED_FAILED_NO_AVAILABLE_SIMD_UNIT_CORE_35                     0                             0%
SCHED_FAILED_FENCE_ACTIVE_CORE_35                               0                             0%
SCHED_FAILED_MEM_MANAGEMENT_CORE_35                             0                             0%
                                                             6849                           100%

NUM_SAMPLES_CORE_36                                          3207                          3207

NUM_ACTIVE_BLOCKS_CORE_36                                    3206                      0.999688

NUM_ACTIVE_THREADS_CORE_36                                  42887                       13.3729

NUM_SCHED_IDLE_CYCLE_CORE_36                                    0                             0

NUM_NO_SCHED_CYCLE_CORE_36                                    697                           697

CORE_DISPATCHED_INST_CORE_36                                  304                           304

CORE_DISPATCH_WAIT_CORE_36                                  46100                       151.645

CORE_CYCLES_CORE_36                                             0                             0

CORE_SCHED_THREADS_CORE_36                                      0                           NaN

CORE_NUM_NO_FETCH_CYCLES_CORE_36                                0                             0

CORE_NUM_NO_FETCH_CYCLES_WITH_READY_THREADS_CORE_36                   0                             0

CORE_NUM_FETCH_CYCLES_CORE_36                                   0                             0

CORE_FETCH_DELTA_CORE_36                                        0                           NaN

CORE_NUM_RETIRE_CYCLES_CORE_36                                  0                             0

CORE_RETIRE_DELTA_CORE_36                                       0                           NaN

FENCE_PREF_REQ_CORE_36                                          0                             0

FENCE_WAITING_CORE_36                                           0                             0

DYN_FENCE_NUM_CORE_36                                           0                             0

WB_ORDERING_STALL_CORE_36                                       0                             0

WB_FULL_CORE_36                                                 0                             0

FENCE_TOT_CYCLES_CORE_36                                        0                             0

FENCE_EXEC_CYCLES_CORE_36                                       0                             0

STORE_RES_CORE_36                                               0                             0

STORE_NUM_CORE_36                                               0                             0

STORE_WB_FREE_CORE_36                                           0                             0

SCHED_FAILED_REASON_SUCCESS_CORE_36                           304                       5.82041%
SCHED_FAILED_OPERANDS_NOT_READY_CORE_36                      4919                       94.1796%
SCHED_FAILED_NO_AVAILABLE_PORTS_CORE_36                         0                             0%
SCHED_FAILED_NO_MEM_REQ_SLOTS_CORE_36                           0                             0%
SCHED_FAILED_NO_AVAILABLE_SIMD_UNIT_CORE_36                     0                             0%
SCHED_FAILED_FENCE_ACTIVE_CORE_36                               0                             0%
SCHED_FAILED_MEM_MANAGEMENT_CORE_36                             0                             0%
                                                             5223                           100%

NUM_SAMPLES_CORE_37                                          3858                          3858

NUM_ACTIVE_BLOCKS_CORE_37                                    3857                      0.999741

NUM_ACTIVE_THREADS_CORE_37                                  49400                       12.8046

NUM_SCHED_IDLE_CYCLE_CORE_37                                    0                             0

NUM_NO_SCHED_CYCLE_CORE_37                                    856                           856

CORE_DISPATCHED_INST_CORE_37                                  304                           304

CORE_DISPATCH_WAIT_CORE_37                                  54172                       178.197

CORE_CYCLES_CORE_37                                             0                             0

CORE_SCHED_THREADS_CORE_37                                      0                           NaN

CORE_NUM_NO_FETCH_CYCLES_CORE_37                                0                             0

CORE_NUM_NO_FETCH_CYCLES_WITH_READY_THREADS_CORE_37                   0                             0

CORE_NUM_FETCH_CYCLES_CORE_37                                   0                             0

CORE_FETCH_DELTA_CORE_37                                        0                           NaN

CORE_NUM_RETIRE_CYCLES_CORE_37                                  0                             0

CORE_RETIRE_DELTA_CORE_37                                       0                           NaN

FENCE_PREF_REQ_CORE_37                                          0                             0

FENCE_WAITING_CORE_37                                           0                             0

DYN_FENCE_NUM_CORE_37                                           0                             0

WB_ORDERING_STALL_CORE_37                                       0                             0

WB_FULL_CORE_37                                                 0                             0

FENCE_TOT_CYCLES_CORE_37                                        0                             0

FENCE_EXEC_CYCLES_CORE_37                                       0                             0

STORE_RES_CORE_37                                               0                             0

STORE_NUM_CORE_37                                               0                             0

STORE_WB_FREE_CORE_37                                           0                             0

SCHED_FAILED_REASON_SUCCESS_CORE_37                           304                       4.87336%
SCHED_FAILED_OPERANDS_NOT_READY_CORE_37                      5934                       95.1266%
SCHED_FAILED_NO_AVAILABLE_PORTS_CORE_37                         0                             0%
SCHED_FAILED_NO_MEM_REQ_SLOTS_CORE_37                           0                             0%
SCHED_FAILED_NO_AVAILABLE_SIMD_UNIT_CORE_37                     0                             0%
SCHED_FAILED_FENCE_ACTIVE_CORE_37                               0                             0%
SCHED_FAILED_MEM_MANAGEMENT_CORE_37                             0                             0%
                                                             6238                           100%

NUM_SAMPLES_CORE_38                                          4162                          4162

NUM_ACTIVE_BLOCKS_CORE_38                                    4161                       0.99976

NUM_ACTIVE_THREADS_CORE_38                                  54399                       13.0704

NUM_SCHED_IDLE_CYCLE_CORE_38                                    0                             0

NUM_NO_SCHED_CYCLE_CORE_38                                    933                           933

CORE_DISPATCHED_INST_CORE_38                                  304                           304

CORE_DISPATCH_WAIT_CORE_38                                  60892                       200.303

CORE_CYCLES_CORE_38                                             0                             0

CORE_SCHED_THREADS_CORE_38                                      0                           NaN

CORE_NUM_NO_FETCH_CYCLES_CORE_38                                0                             0

CORE_NUM_NO_FETCH_CYCLES_WITH_READY_THREADS_CORE_38                   0                             0

CORE_NUM_FETCH_CYCLES_CORE_38                                   0                             0

CORE_FETCH_DELTA_CORE_38                                        0                           NaN

CORE_NUM_RETIRE_CYCLES_CORE_38                                  0                             0

CORE_RETIRE_DELTA_CORE_38                                       0                           NaN

FENCE_PREF_REQ_CORE_38                                          0                             0

FENCE_WAITING_CORE_38                                           0                             0

DYN_FENCE_NUM_CORE_38                                           0                             0

WB_ORDERING_STALL_CORE_38                                       0                             0

WB_FULL_CORE_38                                                 0                             0

FENCE_TOT_CYCLES_CORE_38                                        0                             0

FENCE_EXEC_CYCLES_CORE_38                                       0                             0

STORE_RES_CORE_38                                               0                             0

STORE_NUM_CORE_38                                               0                             0

STORE_WB_FREE_CORE_38                                           0                             0

SCHED_FAILED_REASON_SUCCESS_CORE_38                           304                         4.295%
SCHED_FAILED_OPERANDS_NOT_READY_CORE_38                      6774                        95.705%
SCHED_FAILED_NO_AVAILABLE_PORTS_CORE_38                         0                             0%
SCHED_FAILED_NO_MEM_REQ_SLOTS_CORE_38                           0                             0%
SCHED_FAILED_NO_AVAILABLE_SIMD_UNIT_CORE_38                     0                             0%
SCHED_FAILED_FENCE_ACTIVE_CORE_38                               0                             0%
SCHED_FAILED_MEM_MANAGEMENT_CORE_38                             0                             0%
                                                             7078                           100%

NUM_SAMPLES_CORE_39                                          4353                          4353

NUM_ACTIVE_BLOCKS_CORE_39                                    4352                       0.99977

NUM_ACTIVE_THREADS_CORE_39                                  57796                       13.2773

NUM_SCHED_IDLE_CYCLE_CORE_39                                    0                             0

NUM_NO_SCHED_CYCLE_CORE_39                                    981                           981

CORE_DISPATCHED_INST_CORE_39                                  304                           304

CORE_DISPATCH_WAIT_CORE_39                                  66100                       217.434

CORE_CYCLES_CORE_39                                             0                             0

CORE_SCHED_THREADS_CORE_39                                      0                           NaN

CORE_NUM_NO_FETCH_CYCLES_CORE_39                                0                             0

CORE_NUM_NO_FETCH_CYCLES_WITH_READY_THREADS_CORE_39                   0                             0

CORE_NUM_FETCH_CYCLES_CORE_39                                   0                             0

CORE_FETCH_DELTA_CORE_39                                        0                           NaN

CORE_NUM_RETIRE_CYCLES_CORE_39                                  0                             0

CORE_RETIRE_DELTA_CORE_39                                       0                           NaN

FENCE_PREF_REQ_CORE_39                                          0                             0

FENCE_WAITING_CORE_39                                           0                             0

DYN_FENCE_NUM_CORE_39                                           0                             0

WB_ORDERING_STALL_CORE_39                                       0                             0

WB_FULL_CORE_39                                                 0                             0

FENCE_TOT_CYCLES_CORE_39                                        0                             0

FENCE_EXEC_CYCLES_CORE_39                                       0                             0

STORE_RES_CORE_39                                               0                             0

STORE_NUM_CORE_39                                               0                             0

STORE_WB_FREE_CORE_39                                           0                             0

SCHED_FAILED_REASON_SUCCESS_CORE_39                           304                       3.93324%
SCHED_FAILED_OPERANDS_NOT_READY_CORE_39                      7425                       96.0668%
SCHED_FAILED_NO_AVAILABLE_PORTS_CORE_39                         0                             0%
SCHED_FAILED_NO_MEM_REQ_SLOTS_CORE_39                           0                             0%
SCHED_FAILED_NO_AVAILABLE_SIMD_UNIT_CORE_39                     0                             0%
SCHED_FAILED_FENCE_ACTIVE_CORE_39                               0                             0%
SCHED_FAILED_MEM_MANAGEMENT_CORE_39                             0                             0%
                                                             7729                           100%

NUM_SAMPLES_CORE_40                                          4214                          4214

NUM_ACTIVE_BLOCKS_CORE_40                                    4213                      0.999763

NUM_ACTIVE_THREADS_CORE_40                                  52347                       12.4222

NUM_SCHED_IDLE_CYCLE_CORE_40                                    0                             0

NUM_NO_SCHED_CYCLE_CORE_40                                    948                           948

CORE_DISPATCHED_INST_CORE_40                                  304                           304

CORE_DISPATCH_WAIT_CORE_40                                  62460                       205.461

CORE_CYCLES_CORE_40                                             0                             0

CORE_SCHED_THREADS_CORE_40                                      0                           NaN

CORE_NUM_NO_FETCH_CYCLES_CORE_40                                0                             0

CORE_NUM_NO_FETCH_CYCLES_WITH_READY_THREADS_CORE_40                   0                             0

CORE_NUM_FETCH_CYCLES_CORE_40                                   0                             0

CORE_FETCH_DELTA_CORE_40                                        0                           NaN

CORE_NUM_RETIRE_CYCLES_CORE_40                                  0                             0

CORE_RETIRE_DELTA_CORE_40                                       0                           NaN

FENCE_PREF_REQ_CORE_40                                          0                             0

FENCE_WAITING_CORE_40                                           0                             0

DYN_FENCE_NUM_CORE_40                                           0                             0

WB_ORDERING_STALL_CORE_40                                       0                             0

WB_FULL_CORE_40                                                 0                             0

FENCE_TOT_CYCLES_CORE_40                                        0                             0

FENCE_EXEC_CYCLES_CORE_40                                       0                             0

STORE_RES_CORE_40                                               0                             0

STORE_NUM_CORE_40                                               0                             0

STORE_WB_FREE_CORE_40                                           0                             0

SCHED_FAILED_REASON_SUCCESS_CORE_40                           304                       4.17927%
SCHED_FAILED_OPERANDS_NOT_READY_CORE_40                      6970                       95.8207%
SCHED_FAILED_NO_AVAILABLE_PORTS_CORE_40                         0                             0%
SCHED_FAILED_NO_MEM_REQ_SLOTS_CORE_40                           0                             0%
SCHED_FAILED_NO_AVAILABLE_SIMD_UNIT_CORE_40                     0                             0%
SCHED_FAILED_FENCE_ACTIVE_CORE_40                               0                             0%
SCHED_FAILED_MEM_MANAGEMENT_CORE_40                             0                             0%
                                                             7274                           100%

NUM_SAMPLES_CORE_41                                          4364                          4364

NUM_ACTIVE_BLOCKS_CORE_41                                    4363                      0.999771

NUM_ACTIVE_THREADS_CORE_41                                  55134                       12.6338

NUM_SCHED_IDLE_CYCLE_CORE_41                                    0                             0

NUM_NO_SCHED_CYCLE_CORE_41                                    985                           985

CORE_DISPATCHED_INST_CORE_41                                  304                           304

CORE_DISPATCH_WAIT_CORE_41                                  69292                       227.934

CORE_CYCLES_CORE_41                                             0                             0

CORE_SCHED_THREADS_CORE_41                                      0                           NaN

CORE_NUM_NO_FETCH_CYCLES_CORE_41                                0                             0

CORE_NUM_NO_FETCH_CYCLES_WITH_READY_THREADS_CORE_41                   0                             0

CORE_NUM_FETCH_CYCLES_CORE_41                                   0                             0

CORE_FETCH_DELTA_CORE_41                                        0                           NaN

CORE_NUM_RETIRE_CYCLES_CORE_41                                  0                             0

CORE_RETIRE_DELTA_CORE_41                                       0                           NaN

FENCE_PREF_REQ_CORE_41                                          0                             0

FENCE_WAITING_CORE_41                                           0                             0

DYN_FENCE_NUM_CORE_41                                           0                             0

WB_ORDERING_STALL_CORE_41                                       0                             0

WB_FULL_CORE_41                                                 0                             0

FENCE_TOT_CYCLES_CORE_41                                        0                             0

FENCE_EXEC_CYCLES_CORE_41                                       0                             0

STORE_RES_CORE_41                                               0                             0

STORE_NUM_CORE_41                                               0                             0

STORE_WB_FREE_CORE_41                                           0                             0

SCHED_FAILED_REASON_SUCCESS_CORE_41                           304                       3.74016%
SCHED_FAILED_OPERANDS_NOT_READY_CORE_41                      7824                       96.2598%
SCHED_FAILED_NO_AVAILABLE_PORTS_CORE_41                         0                             0%
SCHED_FAILED_NO_MEM_REQ_SLOTS_CORE_41                           0                             0%
SCHED_FAILED_NO_AVAILABLE_SIMD_UNIT_CORE_41                     0                             0%
SCHED_FAILED_FENCE_ACTIVE_CORE_41                               0                             0%
SCHED_FAILED_MEM_MANAGEMENT_CORE_41                             0                             0%
                                                             8128                           100%

NUM_SAMPLES_CORE_42                                          3577                          3577

NUM_ACTIVE_BLOCKS_CORE_42                                    3576                       0.99972

NUM_ACTIVE_THREADS_CORE_42                                  49296                       13.7814

NUM_SCHED_IDLE_CYCLE_CORE_42                                    0                             0

NUM_NO_SCHED_CYCLE_CORE_42                                    786                           786

CORE_DISPATCHED_INST_CORE_42                                  304                           304

CORE_DISPATCH_WAIT_CORE_42                                  57404                       188.829

CORE_CYCLES_CORE_42                                             0                             0

CORE_SCHED_THREADS_CORE_42                                      0                           NaN

CORE_NUM_NO_FETCH_CYCLES_CORE_42                                0                             0

CORE_NUM_NO_FETCH_CYCLES_WITH_READY_THREADS_CORE_42                   0                             0

CORE_NUM_FETCH_CYCLES_CORE_42                                   0                             0

CORE_FETCH_DELTA_CORE_42                                        0                           NaN

CORE_NUM_RETIRE_CYCLES_CORE_42                                  0                             0

CORE_RETIRE_DELTA_CORE_42                                       0                           NaN

FENCE_PREF_REQ_CORE_42                                          0                             0

FENCE_WAITING_CORE_42                                           0                             0

DYN_FENCE_NUM_CORE_42                                           0                             0

WB_ORDERING_STALL_CORE_42                                       0                             0

WB_FULL_CORE_42                                                 0                             0

FENCE_TOT_CYCLES_CORE_42                                        0                             0

FENCE_EXEC_CYCLES_CORE_42                                       0                             0

STORE_RES_CORE_42                                               0                             0

STORE_NUM_CORE_42                                               0                             0

STORE_WB_FREE_CORE_42                                           0                             0

SCHED_FAILED_REASON_SUCCESS_CORE_42                           304                       4.57693%
SCHED_FAILED_OPERANDS_NOT_READY_CORE_42                      6338                       95.4231%
SCHED_FAILED_NO_AVAILABLE_PORTS_CORE_42                         0                             0%
SCHED_FAILED_NO_MEM_REQ_SLOTS_CORE_42                           0                             0%
SCHED_FAILED_NO_AVAILABLE_SIMD_UNIT_CORE_42                     0                             0%
SCHED_FAILED_FENCE_ACTIVE_CORE_42                               0                             0%
SCHED_FAILED_MEM_MANAGEMENT_CORE_42                             0                             0%
                                                             6642                           100%

NUM_SAMPLES_CORE_43                                          3775                          3775

NUM_ACTIVE_BLOCKS_CORE_43                                    3774                      0.999735

NUM_ACTIVE_THREADS_CORE_43                                  48301                        12.795

NUM_SCHED_IDLE_CYCLE_CORE_43                                    0                             0

NUM_NO_SCHED_CYCLE_CORE_43                                    837                           837

CORE_DISPATCHED_INST_CORE_43                                  304                           304

CORE_DISPATCH_WAIT_CORE_43                                  53404                       175.671

CORE_CYCLES_CORE_43                                             0                             0

CORE_SCHED_THREADS_CORE_43                                      0                           NaN

CORE_NUM_NO_FETCH_CYCLES_CORE_43                                0                             0

CORE_NUM_NO_FETCH_CYCLES_WITH_READY_THREADS_CORE_43                   0                             0

CORE_NUM_FETCH_CYCLES_CORE_43                                   0                             0

CORE_FETCH_DELTA_CORE_43                                        0                           NaN

CORE_NUM_RETIRE_CYCLES_CORE_43                                  0                             0

CORE_RETIRE_DELTA_CORE_43                                       0                           NaN

FENCE_PREF_REQ_CORE_43                                          0                             0

FENCE_WAITING_CORE_43                                           0                             0

DYN_FENCE_NUM_CORE_43                                           0                             0

WB_ORDERING_STALL_CORE_43                                       0                             0

WB_FULL_CORE_43                                                 0                             0

FENCE_TOT_CYCLES_CORE_43                                        0                             0

FENCE_EXEC_CYCLES_CORE_43                                       0                             0

STORE_RES_CORE_43                                               0                             0

STORE_NUM_CORE_43                                               0                             0

STORE_WB_FREE_CORE_43                                           0                             0

SCHED_FAILED_REASON_SUCCESS_CORE_43                           304                       4.94953%
SCHED_FAILED_OPERANDS_NOT_READY_CORE_43                      5838                       95.0505%
SCHED_FAILED_NO_AVAILABLE_PORTS_CORE_43                         0                             0%
SCHED_FAILED_NO_MEM_REQ_SLOTS_CORE_43                           0                             0%
SCHED_FAILED_NO_AVAILABLE_SIMD_UNIT_CORE_43                     0                             0%
SCHED_FAILED_FENCE_ACTIVE_CORE_43                               0                             0%
SCHED_FAILED_MEM_MANAGEMENT_CORE_43                             0                             0%
                                                             6142                           100%

NUM_SAMPLES_CORE_44                                          3869                          3869

NUM_ACTIVE_BLOCKS_CORE_44                                    3868                      0.999742

NUM_ACTIVE_THREADS_CORE_44                                  49307                       12.7441

NUM_SCHED_IDLE_CYCLE_CORE_44                                    0                             0

NUM_NO_SCHED_CYCLE_CORE_44                                    858                           858

CORE_DISPATCHED_INST_CORE_44                                  304                           304

CORE_DISPATCH_WAIT_CORE_44                                  56916                       187.224

CORE_CYCLES_CORE_44                                             0                             0

CORE_SCHED_THREADS_CORE_44                                      0                           NaN

CORE_NUM_NO_FETCH_CYCLES_CORE_44                                0                             0

CORE_NUM_NO_FETCH_CYCLES_WITH_READY_THREADS_CORE_44                   0                             0

CORE_NUM_FETCH_CYCLES_CORE_44                                   0                             0

CORE_FETCH_DELTA_CORE_44                                        0                           NaN

CORE_NUM_RETIRE_CYCLES_CORE_44                                  0                             0

CORE_RETIRE_DELTA_CORE_44                                       0                           NaN

FENCE_PREF_REQ_CORE_44                                          0                             0

FENCE_WAITING_CORE_44                                           0                             0

DYN_FENCE_NUM_CORE_44                                           0                             0

WB_ORDERING_STALL_CORE_44                                       0                             0

WB_FULL_CORE_44                                                 0                             0

FENCE_TOT_CYCLES_CORE_44                                        0                             0

FENCE_EXEC_CYCLES_CORE_44                                       0                             0

STORE_RES_CORE_44                                               0                             0

STORE_NUM_CORE_44                                               0                             0

STORE_WB_FREE_CORE_44                                           0                             0

SCHED_FAILED_REASON_SUCCESS_CORE_44                           304                       4.61936%
SCHED_FAILED_OPERANDS_NOT_READY_CORE_44                      6277                       95.3806%
SCHED_FAILED_NO_AVAILABLE_PORTS_CORE_44                         0                             0%
SCHED_FAILED_NO_MEM_REQ_SLOTS_CORE_44                           0                             0%
SCHED_FAILED_NO_AVAILABLE_SIMD_UNIT_CORE_44                     0                             0%
SCHED_FAILED_FENCE_ACTIVE_CORE_44                               0                             0%
SCHED_FAILED_MEM_MANAGEMENT_CORE_44                             0                             0%
                                                             6581                           100%

NUM_SAMPLES_CORE_45                                          4069                          4069

NUM_ACTIVE_BLOCKS_CORE_45                                    4068                      0.999754

NUM_ACTIVE_THREADS_CORE_45                                  51613                       12.6844

NUM_SCHED_IDLE_CYCLE_CORE_45                                    0                             0

NUM_NO_SCHED_CYCLE_CORE_45                                    908                           908

CORE_DISPATCHED_INST_CORE_45                                  304                           304

CORE_DISPATCH_WAIT_CORE_45                                  60900                       200.329

CORE_CYCLES_CORE_45                                             0                             0

CORE_SCHED_THREADS_CORE_45                                      0                           NaN

CORE_NUM_NO_FETCH_CYCLES_CORE_45                                0                             0

CORE_NUM_NO_FETCH_CYCLES_WITH_READY_THREADS_CORE_45                   0                             0

CORE_NUM_FETCH_CYCLES_CORE_45                                   0                             0

CORE_FETCH_DELTA_CORE_45                                        0                           NaN

CORE_NUM_RETIRE_CYCLES_CORE_45                                  0                             0

CORE_RETIRE_DELTA_CORE_45                                       0                           NaN

FENCE_PREF_REQ_CORE_45                                          0                             0

FENCE_WAITING_CORE_45                                           0                             0

DYN_FENCE_NUM_CORE_45                                           0                             0

WB_ORDERING_STALL_CORE_45                                       0                             0

WB_FULL_CORE_45                                                 0                             0

FENCE_TOT_CYCLES_CORE_45                                        0                             0

FENCE_EXEC_CYCLES_CORE_45                                       0                             0

STORE_RES_CORE_45                                               0                             0

STORE_NUM_CORE_45                                               0                             0

STORE_WB_FREE_CORE_45                                           0                             0

SCHED_FAILED_REASON_SUCCESS_CORE_45                           304                       4.29439%
SCHED_FAILED_OPERANDS_NOT_READY_CORE_45                      6775                       95.7056%
SCHED_FAILED_NO_AVAILABLE_PORTS_CORE_45                         0                             0%
SCHED_FAILED_NO_MEM_REQ_SLOTS_CORE_45                           0                             0%
SCHED_FAILED_NO_AVAILABLE_SIMD_UNIT_CORE_45                     0                             0%
SCHED_FAILED_FENCE_ACTIVE_CORE_45                               0                             0%
SCHED_FAILED_MEM_MANAGEMENT_CORE_45                             0                             0%
                                                             7079                           100%

NUM_SAMPLES_CORE_46                                          4374                          4374

NUM_ACTIVE_BLOCKS_CORE_46                                    4373                      0.999771

NUM_ACTIVE_THREADS_CORE_46                                  53208                       12.1646

NUM_SCHED_IDLE_CYCLE_CORE_46                                    0                             0

NUM_NO_SCHED_CYCLE_CORE_46                                    986                           986

CORE_DISPATCHED_INST_CORE_46                                  304                           304

CORE_DISPATCH_WAIT_CORE_46                                  64652                       212.671

CORE_CYCLES_CORE_46                                             0                             0

CORE_SCHED_THREADS_CORE_46                                      0                           NaN

CORE_NUM_NO_FETCH_CYCLES_CORE_46                                0                             0

CORE_NUM_NO_FETCH_CYCLES_WITH_READY_THREADS_CORE_46                   0                             0

CORE_NUM_FETCH_CYCLES_CORE_46                                   0                             0

CORE_FETCH_DELTA_CORE_46                                        0                           NaN

CORE_NUM_RETIRE_CYCLES_CORE_46                                  0                             0

CORE_RETIRE_DELTA_CORE_46                                       0                           NaN

FENCE_PREF_REQ_CORE_46                                          0                             0

FENCE_WAITING_CORE_46                                           0                             0

DYN_FENCE_NUM_CORE_46                                           0                             0

WB_ORDERING_STALL_CORE_46                                       0                             0

WB_FULL_CORE_46                                                 0                             0

FENCE_TOT_CYCLES_CORE_46                                        0                             0

FENCE_EXEC_CYCLES_CORE_46                                       0                             0

STORE_RES_CORE_46                                               0                             0

STORE_NUM_CORE_46                                               0                             0

STORE_WB_FREE_CORE_46                                           0                             0

SCHED_FAILED_REASON_SUCCESS_CORE_46                           304                       4.02756%
SCHED_FAILED_OPERANDS_NOT_READY_CORE_46                      7244                       95.9724%
SCHED_FAILED_NO_AVAILABLE_PORTS_CORE_46                         0                             0%
SCHED_FAILED_NO_MEM_REQ_SLOTS_CORE_46                           0                             0%
SCHED_FAILED_NO_AVAILABLE_SIMD_UNIT_CORE_46                     0                             0%
SCHED_FAILED_FENCE_ACTIVE_CORE_46                               0                             0%
SCHED_FAILED_MEM_MANAGEMENT_CORE_46                             0                             0%
                                                             7548                           100%

NUM_SAMPLES_CORE_47                                          4474                          4474

NUM_ACTIVE_BLOCKS_CORE_47                                    4473                      0.999776

NUM_ACTIVE_THREADS_CORE_47                                  51324                       11.4716

NUM_SCHED_IDLE_CYCLE_CORE_47                                    0                             0

NUM_NO_SCHED_CYCLE_CORE_47                                   1008                          1008

CORE_DISPATCHED_INST_CORE_47                                  304                           304

CORE_DISPATCH_WAIT_CORE_47                                  58364                       191.987

CORE_CYCLES_CORE_47                                             0                             0

CORE_SCHED_THREADS_CORE_47                                      0                           NaN

CORE_NUM_NO_FETCH_CYCLES_CORE_47                                0                             0

CORE_NUM_NO_FETCH_CYCLES_WITH_READY_THREADS_CORE_47                   0                             0

CORE_NUM_FETCH_CYCLES_CORE_47                                   0                             0

CORE_FETCH_DELTA_CORE_47                                        0                           NaN

CORE_NUM_RETIRE_CYCLES_CORE_47                                  0                             0

CORE_RETIRE_DELTA_CORE_47                                       0                           NaN

FENCE_PREF_REQ_CORE_47                                          0                             0

FENCE_WAITING_CORE_47                                           0                             0

DYN_FENCE_NUM_CORE_47                                           0                             0

WB_ORDERING_STALL_CORE_47                                       0                             0

WB_FULL_CORE_47                                                 0                             0

FENCE_TOT_CYCLES_CORE_47                                        0                             0

FENCE_EXEC_CYCLES_CORE_47                                       0                             0

STORE_RES_CORE_47                                               0                             0

STORE_NUM_CORE_47                                               0                             0

STORE_WB_FREE_CORE_47                                           0                             0

SCHED_FAILED_REASON_SUCCESS_CORE_47                           304                       4.49571%
SCHED_FAILED_OPERANDS_NOT_READY_CORE_47                      6458                       95.5043%
SCHED_FAILED_NO_AVAILABLE_PORTS_CORE_47                         0                             0%
SCHED_FAILED_NO_MEM_REQ_SLOTS_CORE_47                           0                             0%
SCHED_FAILED_NO_AVAILABLE_SIMD_UNIT_CORE_47                     0                             0%
SCHED_FAILED_FENCE_ACTIVE_CORE_47                               0                             0%
SCHED_FAILED_MEM_MANAGEMENT_CORE_47                             0                             0%
                                                             6762                           100%

NUM_SAMPLES_CORE_48                                          3931                          3931

NUM_ACTIVE_BLOCKS_CORE_48                                    3930                      0.999746

NUM_ACTIVE_THREADS_CORE_48                                  51026                       12.9804

NUM_SCHED_IDLE_CYCLE_CORE_48                                    0                             0

NUM_NO_SCHED_CYCLE_CORE_48                                    875                           875

CORE_DISPATCHED_INST_CORE_48                                  304                           304

CORE_DISPATCH_WAIT_CORE_48                                  57844                       190.276

CORE_CYCLES_CORE_48                                             0                             0

CORE_SCHED_THREADS_CORE_48                                      0                           NaN

CORE_NUM_NO_FETCH_CYCLES_CORE_48                                0                             0

CORE_NUM_NO_FETCH_CYCLES_WITH_READY_THREADS_CORE_48                   0                             0

CORE_NUM_FETCH_CYCLES_CORE_48                                   0                             0

CORE_FETCH_DELTA_CORE_48                                        0                           NaN

CORE_NUM_RETIRE_CYCLES_CORE_48                                  0                             0

CORE_RETIRE_DELTA_CORE_48                                       0                           NaN

FENCE_PREF_REQ_CORE_48                                          0                             0

FENCE_WAITING_CORE_48                                           0                             0

DYN_FENCE_NUM_CORE_48                                           0                             0

WB_ORDERING_STALL_CORE_48                                       0                             0

WB_FULL_CORE_48                                                 0                             0

FENCE_TOT_CYCLES_CORE_48                                        0                             0

FENCE_EXEC_CYCLES_CORE_48                                       0                             0

STORE_RES_CORE_48                                               0                             0

STORE_NUM_CORE_48                                               0                             0

STORE_WB_FREE_CORE_48                                           0                             0

SCHED_FAILED_REASON_SUCCESS_CORE_48                           304                       4.53935%
SCHED_FAILED_OPERANDS_NOT_READY_CORE_48                      6393                       95.4607%
SCHED_FAILED_NO_AVAILABLE_PORTS_CORE_48                         0                             0%
SCHED_FAILED_NO_MEM_REQ_SLOTS_CORE_48                           0                             0%
SCHED_FAILED_NO_AVAILABLE_SIMD_UNIT_CORE_48                     0                             0%
SCHED_FAILED_FENCE_ACTIVE_CORE_48                               0                             0%
SCHED_FAILED_MEM_MANAGEMENT_CORE_48                             0                             0%
                                                             6697                           100%

NUM_SAMPLES_CORE_49                                          4085                          4085

NUM_ACTIVE_BLOCKS_CORE_49                                    4084                      0.999755

NUM_ACTIVE_THREADS_CORE_49                                  53441                       13.0823

NUM_SCHED_IDLE_CYCLE_CORE_49                                    0                             0

NUM_NO_SCHED_CYCLE_CORE_49                                    915                           915

CORE_DISPATCHED_INST_CORE_49                                  304                           304

CORE_DISPATCH_WAIT_CORE_49                                  62756                       206.434

CORE_CYCLES_CORE_49                                             0                             0

CORE_SCHED_THREADS_CORE_49                                      0                           NaN

CORE_NUM_NO_FETCH_CYCLES_CORE_49                                0                             0

CORE_NUM_NO_FETCH_CYCLES_WITH_READY_THREADS_CORE_49                   0                             0

CORE_NUM_FETCH_CYCLES_CORE_49                                   0                             0

CORE_FETCH_DELTA_CORE_49                                        0                           NaN

CORE_NUM_RETIRE_CYCLES_CORE_49                                  0                             0

CORE_RETIRE_DELTA_CORE_49                                       0                           NaN

FENCE_PREF_REQ_CORE_49                                          0                             0

FENCE_WAITING_CORE_49                                           0                             0

DYN_FENCE_NUM_CORE_49                                           0                             0

WB_ORDERING_STALL_CORE_49                                       0                             0

WB_FULL_CORE_49                                                 0                             0

FENCE_TOT_CYCLES_CORE_49                                        0                             0

FENCE_EXEC_CYCLES_CORE_49                                       0                             0

STORE_RES_CORE_49                                               0                             0

STORE_NUM_CORE_49                                               0                             0

STORE_WB_FREE_CORE_49                                           0                             0

SCHED_FAILED_REASON_SUCCESS_CORE_49                           304                       4.15812%
SCHED_FAILED_OPERANDS_NOT_READY_CORE_49                      7007                       95.8419%
SCHED_FAILED_NO_AVAILABLE_PORTS_CORE_49                         0                             0%
SCHED_FAILED_NO_MEM_REQ_SLOTS_CORE_49                           0                             0%
SCHED_FAILED_NO_AVAILABLE_SIMD_UNIT_CORE_49                     0                             0%
SCHED_FAILED_FENCE_ACTIVE_CORE_49                               0                             0%
SCHED_FAILED_MEM_MANAGEMENT_CORE_49                             0                             0%
                                                             7311                           100%

NUM_SAMPLES_CORE_50                                          4249                          4249

NUM_ACTIVE_BLOCKS_CORE_50                                    4248                      0.999765

NUM_ACTIVE_THREADS_CORE_50                                  54830                       12.9042

NUM_SCHED_IDLE_CYCLE_CORE_50                                    0                             0

NUM_NO_SCHED_CYCLE_CORE_50                                    953                           953

CORE_DISPATCHED_INST_CORE_50                                  304                           304

CORE_DISPATCH_WAIT_CORE_50                                  64556                       212.355

CORE_CYCLES_CORE_50                                             0                             0

CORE_SCHED_THREADS_CORE_50                                      0                           NaN

CORE_NUM_NO_FETCH_CYCLES_CORE_50                                0                             0

CORE_NUM_NO_FETCH_CYCLES_WITH_READY_THREADS_CORE_50                   0                             0

CORE_NUM_FETCH_CYCLES_CORE_50                                   0                             0

CORE_FETCH_DELTA_CORE_50                                        0                           NaN

CORE_NUM_RETIRE_CYCLES_CORE_50                                  0                             0

CORE_RETIRE_DELTA_CORE_50                                       0                           NaN

FENCE_PREF_REQ_CORE_50                                          0                             0

FENCE_WAITING_CORE_50                                           0                             0

DYN_FENCE_NUM_CORE_50                                           0                             0

WB_ORDERING_STALL_CORE_50                                       0                             0

WB_FULL_CORE_50                                                 0                             0

FENCE_TOT_CYCLES_CORE_50                                        0                             0

FENCE_EXEC_CYCLES_CORE_50                                       0                             0

STORE_RES_CORE_50                                               0                             0

STORE_NUM_CORE_50                                               0                             0

STORE_WB_FREE_CORE_50                                           0                             0

SCHED_FAILED_REASON_SUCCESS_CORE_50                           304                       4.03397%
SCHED_FAILED_OPERANDS_NOT_READY_CORE_50                      7232                        95.966%
SCHED_FAILED_NO_AVAILABLE_PORTS_CORE_50                         0                             0%
SCHED_FAILED_NO_MEM_REQ_SLOTS_CORE_50                           0                             0%
SCHED_FAILED_NO_AVAILABLE_SIMD_UNIT_CORE_50                     0                             0%
SCHED_FAILED_FENCE_ACTIVE_CORE_50                               0                             0%
SCHED_FAILED_MEM_MANAGEMENT_CORE_50                             0                             0%
                                                             7536                           100%

NUM_SAMPLES_CORE_51                                          4349                          4349

NUM_ACTIVE_BLOCKS_CORE_51                                    4348                       0.99977

NUM_ACTIVE_THREADS_CORE_51                                  52314                        12.029

NUM_SCHED_IDLE_CYCLE_CORE_51                                    0                             0

NUM_NO_SCHED_CYCLE_CORE_51                                    979                           979

CORE_DISPATCHED_INST_CORE_51                                  304                           304

CORE_DISPATCH_WAIT_CORE_51                                  57612                       189.513

CORE_CYCLES_CORE_51                                             0                             0

CORE_SCHED_THREADS_CORE_51                                      0                           NaN

CORE_NUM_NO_FETCH_CYCLES_CORE_51                                0                             0

CORE_NUM_NO_FETCH_CYCLES_WITH_READY_THREADS_CORE_51                   0                             0

CORE_NUM_FETCH_CYCLES_CORE_51                                   0                             0

CORE_FETCH_DELTA_CORE_51                                        0                           NaN

CORE_NUM_RETIRE_CYCLES_CORE_51                                  0                             0

CORE_RETIRE_DELTA_CORE_51                                       0                           NaN

FENCE_PREF_REQ_CORE_51                                          0                             0

FENCE_WAITING_CORE_51                                           0                             0

DYN_FENCE_NUM_CORE_51                                           0                             0

WB_ORDERING_STALL_CORE_51                                       0                             0

WB_FULL_CORE_51                                                 0                             0

FENCE_TOT_CYCLES_CORE_51                                        0                             0

FENCE_EXEC_CYCLES_CORE_51                                       0                             0

STORE_RES_CORE_51                                               0                             0

STORE_NUM_CORE_51                                               0                             0

STORE_WB_FREE_CORE_51                                           0                             0

SCHED_FAILED_REASON_SUCCESS_CORE_51                           304                       4.55909%
SCHED_FAILED_OPERANDS_NOT_READY_CORE_51                      6364                       95.4409%
SCHED_FAILED_NO_AVAILABLE_PORTS_CORE_51                         0                             0%
SCHED_FAILED_NO_MEM_REQ_SLOTS_CORE_51                           0                             0%
SCHED_FAILED_NO_AVAILABLE_SIMD_UNIT_CORE_51                     0                             0%
SCHED_FAILED_FENCE_ACTIVE_CORE_51                               0                             0%
SCHED_FAILED_MEM_MANAGEMENT_CORE_51                             0                             0%
                                                             6668                           100%

NUM_SAMPLES_CORE_52                                          3635                          3635

NUM_ACTIVE_BLOCKS_CORE_52                                    3634                      0.999725

NUM_ACTIVE_THREADS_CORE_52                                  46761                       12.8641

NUM_SCHED_IDLE_CYCLE_CORE_52                                    0                             0

NUM_NO_SCHED_CYCLE_CORE_52                                    800                           800

CORE_DISPATCHED_INST_CORE_52                                  304                           304

CORE_DISPATCH_WAIT_CORE_52                                  63556                       209.066

CORE_CYCLES_CORE_52                                             0                             0

CORE_SCHED_THREADS_CORE_52                                      0                           NaN

CORE_NUM_NO_FETCH_CYCLES_CORE_52                                0                             0

CORE_NUM_NO_FETCH_CYCLES_WITH_READY_THREADS_CORE_52                   0                             0

CORE_NUM_FETCH_CYCLES_CORE_52                                   0                             0

CORE_FETCH_DELTA_CORE_52                                        0                           NaN

CORE_NUM_RETIRE_CYCLES_CORE_52                                  0                             0

CORE_RETIRE_DELTA_CORE_52                                       0                           NaN

FENCE_PREF_REQ_CORE_52                                          0                             0

FENCE_WAITING_CORE_52                                           0                             0

DYN_FENCE_NUM_CORE_52                                           0                             0

WB_ORDERING_STALL_CORE_52                                       0                             0

WB_FULL_CORE_52                                                 0                             0

FENCE_TOT_CYCLES_CORE_52                                        0                             0

FENCE_EXEC_CYCLES_CORE_52                                       0                             0

STORE_RES_CORE_52                                               0                             0

STORE_NUM_CORE_52                                               0                             0

STORE_WB_FREE_CORE_52                                           0                             0

SCHED_FAILED_REASON_SUCCESS_CORE_52                           304                       4.10201%
SCHED_FAILED_OPERANDS_NOT_READY_CORE_52                      7107                        95.898%
SCHED_FAILED_NO_AVAILABLE_PORTS_CORE_52                         0                             0%
SCHED_FAILED_NO_MEM_REQ_SLOTS_CORE_52                           0                             0%
SCHED_FAILED_NO_AVAILABLE_SIMD_UNIT_CORE_52                     0                             0%
SCHED_FAILED_FENCE_ACTIVE_CORE_52                               0                             0%
SCHED_FAILED_MEM_MANAGEMENT_CORE_52                             0                             0%
                                                             7411                           100%

NUM_SAMPLES_CORE_53                                          3737                          3737

NUM_ACTIVE_BLOCKS_CORE_53                                    3736                      0.999732

NUM_ACTIVE_THREADS_CORE_53                                  48240                       12.9088

NUM_SCHED_IDLE_CYCLE_CORE_53                                    0                             0

NUM_NO_SCHED_CYCLE_CORE_53                                    829                           829

CORE_DISPATCHED_INST_CORE_53                                  304                           304

CORE_DISPATCH_WAIT_CORE_53                                  66100                       217.434

CORE_CYCLES_CORE_53                                             0                             0

CORE_SCHED_THREADS_CORE_53                                      0                           NaN

CORE_NUM_NO_FETCH_CYCLES_CORE_53                                0                             0

CORE_NUM_NO_FETCH_CYCLES_WITH_READY_THREADS_CORE_53                   0                             0

CORE_NUM_FETCH_CYCLES_CORE_53                                   0                             0

CORE_FETCH_DELTA_CORE_53                                        0                           NaN

CORE_NUM_RETIRE_CYCLES_CORE_53                                  0                             0

CORE_RETIRE_DELTA_CORE_53                                       0                           NaN

FENCE_PREF_REQ_CORE_53                                          0                             0

FENCE_WAITING_CORE_53                                           0                             0

DYN_FENCE_NUM_CORE_53                                           0                             0

WB_ORDERING_STALL_CORE_53                                       0                             0

WB_FULL_CORE_53                                                 0                             0

FENCE_TOT_CYCLES_CORE_53                                        0                             0

FENCE_EXEC_CYCLES_CORE_53                                       0                             0

STORE_RES_CORE_53                                               0                             0

STORE_NUM_CORE_53                                               0                             0

STORE_WB_FREE_CORE_53                                           0                             0

SCHED_FAILED_REASON_SUCCESS_CORE_53                           304                       3.93324%
SCHED_FAILED_OPERANDS_NOT_READY_CORE_53                      7425                       96.0668%
SCHED_FAILED_NO_AVAILABLE_PORTS_CORE_53                         0                             0%
SCHED_FAILED_NO_MEM_REQ_SLOTS_CORE_53                           0                             0%
SCHED_FAILED_NO_AVAILABLE_SIMD_UNIT_CORE_53                     0                             0%
SCHED_FAILED_FENCE_ACTIVE_CORE_53                               0                             0%
SCHED_FAILED_MEM_MANAGEMENT_CORE_53                             0                             0%
                                                             7729                           100%

NUM_SAMPLES_CORE_54                                          3486                          3486

NUM_ACTIVE_BLOCKS_CORE_54                                    3485                      0.999713

NUM_ACTIVE_THREADS_CORE_54                                  47795                       13.7106

NUM_SCHED_IDLE_CYCLE_CORE_54                                    0                             0

NUM_NO_SCHED_CYCLE_CORE_54                                    768                           768

CORE_DISPATCHED_INST_CORE_54                                  304                           304

CORE_DISPATCH_WAIT_CORE_54                                  63564                       209.092

CORE_CYCLES_CORE_54                                             0                             0

CORE_SCHED_THREADS_CORE_54                                      0                           NaN

CORE_NUM_NO_FETCH_CYCLES_CORE_54                                0                             0

CORE_NUM_NO_FETCH_CYCLES_WITH_READY_THREADS_CORE_54                   0                             0

CORE_NUM_FETCH_CYCLES_CORE_54                                   0                             0

CORE_FETCH_DELTA_CORE_54                                        0                           NaN

CORE_NUM_RETIRE_CYCLES_CORE_54                                  0                             0

CORE_RETIRE_DELTA_CORE_54                                       0                           NaN

FENCE_PREF_REQ_CORE_54                                          0                             0

FENCE_WAITING_CORE_54                                           0                             0

DYN_FENCE_NUM_CORE_54                                           0                             0

WB_ORDERING_STALL_CORE_54                                       0                             0

WB_FULL_CORE_54                                                 0                             0

FENCE_TOT_CYCLES_CORE_54                                        0                             0

FENCE_EXEC_CYCLES_CORE_54                                       0                             0

STORE_RES_CORE_54                                               0                             0

STORE_NUM_CORE_54                                               0                             0

STORE_WB_FREE_CORE_54                                           0                             0

SCHED_FAILED_REASON_SUCCESS_CORE_54                           304                       4.10146%
SCHED_FAILED_OPERANDS_NOT_READY_CORE_54                      7108                       95.8985%
SCHED_FAILED_NO_AVAILABLE_PORTS_CORE_54                         0                             0%
SCHED_FAILED_NO_MEM_REQ_SLOTS_CORE_54                           0                             0%
SCHED_FAILED_NO_AVAILABLE_SIMD_UNIT_CORE_54                     0                             0%
SCHED_FAILED_FENCE_ACTIVE_CORE_54                               0                             0%
SCHED_FAILED_MEM_MANAGEMENT_CORE_54                             0                             0%
                                                             7412                           100%

NUM_SAMPLES_CORE_55                                          3535                          3535

NUM_ACTIVE_BLOCKS_CORE_55                                    3534                      0.999717

NUM_ACTIVE_THREADS_CORE_55                                  46123                       13.0475

NUM_SCHED_IDLE_CYCLE_CORE_55                                    0                             0

NUM_NO_SCHED_CYCLE_CORE_55                                    776                           776

CORE_DISPATCHED_INST_CORE_55                                  304                           304

CORE_DISPATCH_WAIT_CORE_55                                  57436                       188.934

CORE_CYCLES_CORE_55                                             0                             0

CORE_SCHED_THREADS_CORE_55                                      0                           NaN

CORE_NUM_NO_FETCH_CYCLES_CORE_55                                0                             0

CORE_NUM_NO_FETCH_CYCLES_WITH_READY_THREADS_CORE_55                   0                             0

CORE_NUM_FETCH_CYCLES_CORE_55                                   0                             0

CORE_FETCH_DELTA_CORE_55                                        0                           NaN

CORE_NUM_RETIRE_CYCLES_CORE_55                                  0                             0

CORE_RETIRE_DELTA_CORE_55                                       0                           NaN

FENCE_PREF_REQ_CORE_55                                          0                             0

FENCE_WAITING_CORE_55                                           0                             0

DYN_FENCE_NUM_CORE_55                                           0                             0

WB_ORDERING_STALL_CORE_55                                       0                             0

WB_FULL_CORE_55                                                 0                             0

FENCE_TOT_CYCLES_CORE_55                                        0                             0

FENCE_EXEC_CYCLES_CORE_55                                       0                             0

STORE_RES_CORE_55                                               0                             0

STORE_NUM_CORE_55                                               0                             0

STORE_WB_FREE_CORE_55                                           0                             0

SCHED_FAILED_REASON_SUCCESS_CORE_55                           304                       4.57418%
SCHED_FAILED_OPERANDS_NOT_READY_CORE_55                      6342                       95.4258%
SCHED_FAILED_NO_AVAILABLE_PORTS_CORE_55                         0                             0%
SCHED_FAILED_NO_MEM_REQ_SLOTS_CORE_55                           0                             0%
SCHED_FAILED_NO_AVAILABLE_SIMD_UNIT_CORE_55                     0                             0%
SCHED_FAILED_FENCE_ACTIVE_CORE_55                               0                             0%
SCHED_FAILED_MEM_MANAGEMENT_CORE_55                             0                             0%
                                                             6646                           100%

NUM_SAMPLES_CORE_56                                          3508                          3508

NUM_ACTIVE_BLOCKS_CORE_56                                    3507                      0.999715

NUM_ACTIVE_THREADS_CORE_56                                  45302                       12.9139

NUM_SCHED_IDLE_CYCLE_CORE_56                                    0                             0

NUM_NO_SCHED_CYCLE_CORE_56                                    769                           769

CORE_DISPATCHED_INST_CORE_56                                  304                           304

CORE_DISPATCH_WAIT_CORE_56                                  62716                       206.303

CORE_CYCLES_CORE_56                                             0                             0

CORE_SCHED_THREADS_CORE_56                                      0                           NaN

CORE_NUM_NO_FETCH_CYCLES_CORE_56                                0                             0

CORE_NUM_NO_FETCH_CYCLES_WITH_READY_THREADS_CORE_56                   0                             0

CORE_NUM_FETCH_CYCLES_CORE_56                                   0                             0

CORE_FETCH_DELTA_CORE_56                                        0                           NaN

CORE_NUM_RETIRE_CYCLES_CORE_56                                  0                             0

CORE_RETIRE_DELTA_CORE_56                                       0                           NaN

FENCE_PREF_REQ_CORE_56                                          0                             0

FENCE_WAITING_CORE_56                                           0                             0

DYN_FENCE_NUM_CORE_56                                           0                             0

WB_ORDERING_STALL_CORE_56                                       0                             0

WB_FULL_CORE_56                                                 0                             0

FENCE_TOT_CYCLES_CORE_56                                        0                             0

FENCE_EXEC_CYCLES_CORE_56                                       0                             0

STORE_RES_CORE_56                                               0                             0

STORE_NUM_CORE_56                                               0                             0

STORE_WB_FREE_CORE_56                                           0                             0

SCHED_FAILED_REASON_SUCCESS_CORE_56                           304                       4.16096%
SCHED_FAILED_OPERANDS_NOT_READY_CORE_56                      7002                        95.839%
SCHED_FAILED_NO_AVAILABLE_PORTS_CORE_56                         0                             0%
SCHED_FAILED_NO_MEM_REQ_SLOTS_CORE_56                           0                             0%
SCHED_FAILED_NO_AVAILABLE_SIMD_UNIT_CORE_56                     0                             0%
SCHED_FAILED_FENCE_ACTIVE_CORE_56                               0                             0%
SCHED_FAILED_MEM_MANAGEMENT_CORE_56                             0                             0%
                                                             7306                           100%

NUM_SAMPLES_CORE_57                                          3544                          3544

NUM_ACTIVE_BLOCKS_CORE_57                                    3543                      0.999718

NUM_ACTIVE_THREADS_CORE_57                                  46505                       13.1222

NUM_SCHED_IDLE_CYCLE_CORE_57                                    0                             0

NUM_NO_SCHED_CYCLE_CORE_57                                    779                           779

CORE_DISPATCHED_INST_CORE_57                                  304                           304

CORE_DISPATCH_WAIT_CORE_57                                  64436                       211.961

CORE_CYCLES_CORE_57                                             0                             0

CORE_SCHED_THREADS_CORE_57                                      0                           NaN

CORE_NUM_NO_FETCH_CYCLES_CORE_57                                0                             0

CORE_NUM_NO_FETCH_CYCLES_WITH_READY_THREADS_CORE_57                   0                             0

CORE_NUM_FETCH_CYCLES_CORE_57                                   0                             0

CORE_FETCH_DELTA_CORE_57                                        0                           NaN

CORE_NUM_RETIRE_CYCLES_CORE_57                                  0                             0

CORE_RETIRE_DELTA_CORE_57                                       0                           NaN

FENCE_PREF_REQ_CORE_57                                          0                             0

FENCE_WAITING_CORE_57                                           0                             0

DYN_FENCE_NUM_CORE_57                                           0                             0

WB_ORDERING_STALL_CORE_57                                       0                             0

WB_FULL_CORE_57                                                 0                             0

FENCE_TOT_CYCLES_CORE_57                                        0                             0

FENCE_EXEC_CYCLES_CORE_57                                       0                             0

STORE_RES_CORE_57                                               0                             0

STORE_NUM_CORE_57                                               0                             0

STORE_WB_FREE_CORE_57                                           0                             0

SCHED_FAILED_REASON_SUCCESS_CORE_57                           304                       4.04202%
SCHED_FAILED_OPERANDS_NOT_READY_CORE_57                      7217                        95.958%
SCHED_FAILED_NO_AVAILABLE_PORTS_CORE_57                         0                             0%
SCHED_FAILED_NO_MEM_REQ_SLOTS_CORE_57                           0                             0%
SCHED_FAILED_NO_AVAILABLE_SIMD_UNIT_CORE_57                     0                             0%
SCHED_FAILED_FENCE_ACTIVE_CORE_57                               0                             0%
SCHED_FAILED_MEM_MANAGEMENT_CORE_57                             0                             0%
                                                             7521                           100%

NUM_SAMPLES_CORE_58                                          4655                          4655

NUM_ACTIVE_BLOCKS_CORE_58                                    4654                      0.999785

NUM_ACTIVE_THREADS_CORE_58                                  59834                       12.8537

NUM_SCHED_IDLE_CYCLE_CORE_58                                    0                             0

NUM_NO_SCHED_CYCLE_CORE_58                                   1058                          1058

CORE_DISPATCHED_INST_CORE_58                                  304                           304

CORE_DISPATCH_WAIT_CORE_58                                  66572                       218.987

CORE_CYCLES_CORE_58                                             0                             0

CORE_SCHED_THREADS_CORE_58                                      0                           NaN

CORE_NUM_NO_FETCH_CYCLES_CORE_58                                0                             0

CORE_NUM_NO_FETCH_CYCLES_WITH_READY_THREADS_CORE_58                   0                             0

CORE_NUM_FETCH_CYCLES_CORE_58                                   0                             0

CORE_FETCH_DELTA_CORE_58                                        0                           NaN

CORE_NUM_RETIRE_CYCLES_CORE_58                                  0                             0

CORE_RETIRE_DELTA_CORE_58                                       0                           NaN

FENCE_PREF_REQ_CORE_58                                          0                             0

FENCE_WAITING_CORE_58                                           0                             0

DYN_FENCE_NUM_CORE_58                                           0                             0

WB_ORDERING_STALL_CORE_58                                       0                             0

WB_FULL_CORE_58                                                 0                             0

FENCE_TOT_CYCLES_CORE_58                                        0                             0

FENCE_EXEC_CYCLES_CORE_58                                       0                             0

STORE_RES_CORE_58                                               0                             0

STORE_NUM_CORE_58                                               0                             0

STORE_WB_FREE_CORE_58                                           0                             0

SCHED_FAILED_REASON_SUCCESS_CORE_58                           304                       3.90344%
SCHED_FAILED_OPERANDS_NOT_READY_CORE_58                      7484                       96.0966%
SCHED_FAILED_NO_AVAILABLE_PORTS_CORE_58                         0                             0%
SCHED_FAILED_NO_MEM_REQ_SLOTS_CORE_58                           0                             0%
SCHED_FAILED_NO_AVAILABLE_SIMD_UNIT_CORE_58                     0                             0%
SCHED_FAILED_FENCE_ACTIVE_CORE_58                               0                             0%
SCHED_FAILED_MEM_MANAGEMENT_CORE_58                             0                             0%
                                                             7788                           100%

NUM_SAMPLES_CORE_59                                          4705                          4705

NUM_ACTIVE_BLOCKS_CORE_59                                    4704                      0.999787

NUM_ACTIVE_THREADS_CORE_59                                  56789                       12.0699

NUM_SCHED_IDLE_CYCLE_CORE_59                                    0                             0

NUM_NO_SCHED_CYCLE_CORE_59                                   1066                          1066

CORE_DISPATCHED_INST_CORE_59                                  304                           304

CORE_DISPATCH_WAIT_CORE_59                                  60972                       200.566

CORE_CYCLES_CORE_59                                             0                             0

CORE_SCHED_THREADS_CORE_59                                      0                           NaN

CORE_NUM_NO_FETCH_CYCLES_CORE_59                                0                             0

CORE_NUM_NO_FETCH_CYCLES_WITH_READY_THREADS_CORE_59                   0                             0

CORE_NUM_FETCH_CYCLES_CORE_59                                   0                             0

CORE_FETCH_DELTA_CORE_59                                        0                           NaN

CORE_NUM_RETIRE_CYCLES_CORE_59                                  0                             0

CORE_RETIRE_DELTA_CORE_59                                       0                           NaN

FENCE_PREF_REQ_CORE_59                                          0                             0

FENCE_WAITING_CORE_59                                           0                             0

DYN_FENCE_NUM_CORE_59                                           0                             0

WB_ORDERING_STALL_CORE_59                                       0                             0

WB_FULL_CORE_59                                                 0                             0

FENCE_TOT_CYCLES_CORE_59                                        0                             0

FENCE_EXEC_CYCLES_CORE_59                                       0                             0

STORE_RES_CORE_59                                               0                             0

STORE_NUM_CORE_59                                               0                             0

STORE_WB_FREE_CORE_59                                           0                             0

SCHED_FAILED_REASON_SUCCESS_CORE_59                           304                       4.28894%
SCHED_FAILED_OPERANDS_NOT_READY_CORE_59                      6784                       95.7111%
SCHED_FAILED_NO_AVAILABLE_PORTS_CORE_59                         0                             0%
SCHED_FAILED_NO_MEM_REQ_SLOTS_CORE_59                           0                             0%
SCHED_FAILED_NO_AVAILABLE_SIMD_UNIT_CORE_59                     0                             0%
SCHED_FAILED_FENCE_ACTIVE_CORE_59                               0                             0%
SCHED_FAILED_MEM_MANAGEMENT_CORE_59                             0                             0%
                                                             7088                           100%

NUM_SAMPLES_CORE_60                                          4255                          4255

NUM_ACTIVE_BLOCKS_CORE_60                                    4254                      0.999765

NUM_ACTIVE_THREADS_CORE_60                                  54310                       12.7638

NUM_SCHED_IDLE_CYCLE_CORE_60                                    0                             0

NUM_NO_SCHED_CYCLE_CORE_60                                    961                           961

CORE_DISPATCHED_INST_CORE_60                                  304                           304

CORE_DISPATCH_WAIT_CORE_60                                  55036                       181.039

CORE_CYCLES_CORE_60                                             0                             0

CORE_SCHED_THREADS_CORE_60                                      0                           NaN

CORE_NUM_NO_FETCH_CYCLES_CORE_60                                0                             0

CORE_NUM_NO_FETCH_CYCLES_WITH_READY_THREADS_CORE_60                   0                             0

CORE_NUM_FETCH_CYCLES_CORE_60                                   0                             0

CORE_FETCH_DELTA_CORE_60                                        0                           NaN

CORE_NUM_RETIRE_CYCLES_CORE_60                                  0                             0

CORE_RETIRE_DELTA_CORE_60                                       0                           NaN

FENCE_PREF_REQ_CORE_60                                          0                             0

FENCE_WAITING_CORE_60                                           0                             0

DYN_FENCE_NUM_CORE_60                                           0                             0

WB_ORDERING_STALL_CORE_60                                       0                             0

WB_FULL_CORE_60                                                 0                             0

FENCE_TOT_CYCLES_CORE_60                                        0                             0

FENCE_EXEC_CYCLES_CORE_60                                       0                             0

STORE_RES_CORE_60                                               0                             0

STORE_NUM_CORE_60                                               0                             0

STORE_WB_FREE_CORE_60                                           0                             0

SCHED_FAILED_REASON_SUCCESS_CORE_60                           304                       4.79042%
SCHED_FAILED_OPERANDS_NOT_READY_CORE_60                      6042                       95.2096%
SCHED_FAILED_NO_AVAILABLE_PORTS_CORE_60                         0                             0%
SCHED_FAILED_NO_MEM_REQ_SLOTS_CORE_60                           0                             0%
SCHED_FAILED_NO_AVAILABLE_SIMD_UNIT_CORE_60                     0                             0%
SCHED_FAILED_FENCE_ACTIVE_CORE_60                               0                             0%
SCHED_FAILED_MEM_MANAGEMENT_CORE_60                             0                             0%
                                                             6346                           100%

NUM_SAMPLES_CORE_61                                          4380                          4380

NUM_ACTIVE_BLOCKS_CORE_61                                    4379                      0.999772

NUM_ACTIVE_THREADS_CORE_61                                  55333                       12.6331

NUM_SCHED_IDLE_CYCLE_CORE_61                                    0                             0

NUM_NO_SCHED_CYCLE_CORE_61                                    986                           986

CORE_DISPATCHED_INST_CORE_61                                  304                           304

CORE_DISPATCH_WAIT_CORE_61                                  57972                       190.697

CORE_CYCLES_CORE_61                                             0                             0

CORE_SCHED_THREADS_CORE_61                                      0                           NaN

CORE_NUM_NO_FETCH_CYCLES_CORE_61                                0                             0

CORE_NUM_NO_FETCH_CYCLES_WITH_READY_THREADS_CORE_61                   0                             0

CORE_NUM_FETCH_CYCLES_CORE_61                                   0                             0

CORE_FETCH_DELTA_CORE_61                                        0                           NaN

CORE_NUM_RETIRE_CYCLES_CORE_61                                  0                             0

CORE_RETIRE_DELTA_CORE_61                                       0                           NaN

FENCE_PREF_REQ_CORE_61                                          0                             0

FENCE_WAITING_CORE_61                                           0                             0

DYN_FENCE_NUM_CORE_61                                           0                             0

WB_ORDERING_STALL_CORE_61                                       0                             0

WB_FULL_CORE_61                                                 0                             0

FENCE_TOT_CYCLES_CORE_61                                        0                             0

FENCE_EXEC_CYCLES_CORE_61                                       0                             0

STORE_RES_CORE_61                                               0                             0

STORE_NUM_CORE_61                                               0                             0

STORE_WB_FREE_CORE_61                                           0                             0

SCHED_FAILED_REASON_SUCCESS_CORE_61                           304                       4.53055%
SCHED_FAILED_OPERANDS_NOT_READY_CORE_61                      6406                       95.4695%
SCHED_FAILED_NO_AVAILABLE_PORTS_CORE_61                         0                             0%
SCHED_FAILED_NO_MEM_REQ_SLOTS_CORE_61                           0                             0%
SCHED_FAILED_NO_AVAILABLE_SIMD_UNIT_CORE_61                     0                             0%
SCHED_FAILED_FENCE_ACTIVE_CORE_61                               0                             0%
SCHED_FAILED_MEM_MANAGEMENT_CORE_61                             0                             0%
                                                             6710                           100%

NUM_SAMPLES_CORE_62                                          4455                          4455

NUM_ACTIVE_BLOCKS_CORE_62                                    4454                      0.999776

NUM_ACTIVE_THREADS_CORE_62                                  57021                       12.7993

NUM_SCHED_IDLE_CYCLE_CORE_62                                    0                             0

NUM_NO_SCHED_CYCLE_CORE_62                                   1004                          1004

CORE_DISPATCHED_INST_CORE_62                                  304                           304

CORE_DISPATCH_WAIT_CORE_62                                  59428                       195.487

CORE_CYCLES_CORE_62                                             0                             0

CORE_SCHED_THREADS_CORE_62                                      0                           NaN

CORE_NUM_NO_FETCH_CYCLES_CORE_62                                0                             0

CORE_NUM_NO_FETCH_CYCLES_WITH_READY_THREADS_CORE_62                   0                             0

CORE_NUM_FETCH_CYCLES_CORE_62                                   0                             0

CORE_FETCH_DELTA_CORE_62                                        0                           NaN

CORE_NUM_RETIRE_CYCLES_CORE_62                                  0                             0

CORE_RETIRE_DELTA_CORE_62                                       0                           NaN

FENCE_PREF_REQ_CORE_62                                          0                             0

FENCE_WAITING_CORE_62                                           0                             0

DYN_FENCE_NUM_CORE_62                                           0                             0

WB_ORDERING_STALL_CORE_62                                       0                             0

WB_FULL_CORE_62                                                 0                             0

FENCE_TOT_CYCLES_CORE_62                                        0                             0

FENCE_EXEC_CYCLES_CORE_62                                       0                             0

STORE_RES_CORE_62                                               0                             0

STORE_NUM_CORE_62                                               0                             0

STORE_WB_FREE_CORE_62                                           0                             0

SCHED_FAILED_REASON_SUCCESS_CORE_62                           304                       4.41155%
SCHED_FAILED_OPERANDS_NOT_READY_CORE_62                      6587                       95.5884%
SCHED_FAILED_NO_AVAILABLE_PORTS_CORE_62                         0                             0%
SCHED_FAILED_NO_MEM_REQ_SLOTS_CORE_62                           0                             0%
SCHED_FAILED_NO_AVAILABLE_SIMD_UNIT_CORE_62                     0                             0%
SCHED_FAILED_FENCE_ACTIVE_CORE_62                               0                             0%
SCHED_FAILED_MEM_MANAGEMENT_CORE_62                             0                             0%
                                                             6891                           100%

NUM_SAMPLES_CORE_63                                          4530                          4530

NUM_ACTIVE_BLOCKS_CORE_63                                    4529                      0.999779

NUM_ACTIVE_THREADS_CORE_63                                  54759                       12.0881

NUM_SCHED_IDLE_CYCLE_CORE_63                                    0                             0

NUM_NO_SCHED_CYCLE_CORE_63                                   1028                          1028

CORE_DISPATCHED_INST_CORE_63                                  304                           304

CORE_DISPATCH_WAIT_CORE_63                                  53500                       175.987

CORE_CYCLES_CORE_63                                             0                             0

CORE_SCHED_THREADS_CORE_63                                      0                           NaN

CORE_NUM_NO_FETCH_CYCLES_CORE_63                                0                             0

CORE_NUM_NO_FETCH_CYCLES_WITH_READY_THREADS_CORE_63                   0                             0

CORE_NUM_FETCH_CYCLES_CORE_63                                   0                             0

CORE_FETCH_DELTA_CORE_63                                        0                           NaN

CORE_NUM_RETIRE_CYCLES_CORE_63                                  0                             0

CORE_RETIRE_DELTA_CORE_63                                       0                           NaN

FENCE_PREF_REQ_CORE_63                                          0                             0

FENCE_WAITING_CORE_63                                           0                             0

DYN_FENCE_NUM_CORE_63                                           0                             0

WB_ORDERING_STALL_CORE_63                                       0                             0

WB_FULL_CORE_63                                                 0                             0

FENCE_TOT_CYCLES_CORE_63                                        0                             0

FENCE_EXEC_CYCLES_CORE_63                                       0                             0

STORE_RES_CORE_63                                               0                             0

STORE_NUM_CORE_63                                               0                             0

STORE_WB_FREE_CORE_63                                           0                             0

SCHED_FAILED_REASON_SUCCESS_CORE_63                           304                       4.93988%
SCHED_FAILED_OPERANDS_NOT_READY_CORE_63                      5850                       95.0601%
SCHED_FAILED_NO_AVAILABLE_PORTS_CORE_63                         0                             0%
SCHED_FAILED_NO_MEM_REQ_SLOTS_CORE_63                           0                             0%
SCHED_FAILED_NO_AVAILABLE_SIMD_UNIT_CORE_63                     0                             0%
SCHED_FAILED_FENCE_ACTIVE_CORE_63                               0                             0%
SCHED_FAILED_MEM_MANAGEMENT_CORE_63                             0                             0%
                                                             6154                           100%

NUM_SAMPLES_CORE_64                                          3972                          3972

NUM_ACTIVE_BLOCKS_CORE_64                                    3971                      0.999748

NUM_ACTIVE_THREADS_CORE_64                                  50949                        12.827

NUM_SCHED_IDLE_CYCLE_CORE_64                                    0                             0

NUM_NO_SCHED_CYCLE_CORE_64                                    888                           888

CORE_DISPATCHED_INST_CORE_64                                  304                           304

CORE_DISPATCH_WAIT_CORE_64                                  57892                       190.434

CORE_CYCLES_CORE_64                                             0                             0

CORE_SCHED_THREADS_CORE_64                                      0                           NaN

CORE_NUM_NO_FETCH_CYCLES_CORE_64                                0                             0

CORE_NUM_NO_FETCH_CYCLES_WITH_READY_THREADS_CORE_64                   0                             0

CORE_NUM_FETCH_CYCLES_CORE_64                                   0                             0

CORE_FETCH_DELTA_CORE_64                                        0                           NaN

CORE_NUM_RETIRE_CYCLES_CORE_64                                  0                             0

CORE_RETIRE_DELTA_CORE_64                                       0                           NaN

FENCE_PREF_REQ_CORE_64                                          0                             0

FENCE_WAITING_CORE_64                                           0                             0

DYN_FENCE_NUM_CORE_64                                           0                             0

WB_ORDERING_STALL_CORE_64                                       0                             0

WB_FULL_CORE_64                                                 0                             0

FENCE_TOT_CYCLES_CORE_64                                        0                             0

FENCE_EXEC_CYCLES_CORE_64                                       0                             0

STORE_RES_CORE_64                                               0                             0

STORE_NUM_CORE_64                                               0                             0

STORE_WB_FREE_CORE_64                                           0                             0

SCHED_FAILED_REASON_SUCCESS_CORE_64                           304                       4.53528%
SCHED_FAILED_OPERANDS_NOT_READY_CORE_64                      6399                       95.4647%
SCHED_FAILED_NO_AVAILABLE_PORTS_CORE_64                         0                             0%
SCHED_FAILED_NO_MEM_REQ_SLOTS_CORE_64                           0                             0%
SCHED_FAILED_NO_AVAILABLE_SIMD_UNIT_CORE_64                     0                             0%
SCHED_FAILED_FENCE_ACTIVE_CORE_64                               0                             0%
SCHED_FAILED_MEM_MANAGEMENT_CORE_64                             0                             0%
                                                             6703                           100%

NUM_SAMPLES_CORE_65                                          4009                          4009

NUM_ACTIVE_BLOCKS_CORE_65                                    4008                      0.999751

NUM_ACTIVE_THREADS_CORE_65                                  53089                       13.2425

NUM_SCHED_IDLE_CYCLE_CORE_65                                    0                             0

NUM_NO_SCHED_CYCLE_CORE_65                                    893                           893

CORE_DISPATCHED_INST_CORE_65                                  304                           304

CORE_DISPATCH_WAIT_CORE_65                                  60972                       200.566

CORE_CYCLES_CORE_65                                             0                             0

CORE_SCHED_THREADS_CORE_65                                      0                           NaN

CORE_NUM_NO_FETCH_CYCLES_CORE_65                                0                             0

CORE_NUM_NO_FETCH_CYCLES_WITH_READY_THREADS_CORE_65                   0                             0

CORE_NUM_FETCH_CYCLES_CORE_65                                   0                             0

CORE_FETCH_DELTA_CORE_65                                        0                           NaN

CORE_NUM_RETIRE_CYCLES_CORE_65                                  0                             0

CORE_RETIRE_DELTA_CORE_65                                       0                           NaN

FENCE_PREF_REQ_CORE_65                                          0                             0

FENCE_WAITING_CORE_65                                           0                             0

DYN_FENCE_NUM_CORE_65                                           0                             0

WB_ORDERING_STALL_CORE_65                                       0                             0

WB_FULL_CORE_65                                                 0                             0

FENCE_TOT_CYCLES_CORE_65                                        0                             0

FENCE_EXEC_CYCLES_CORE_65                                       0                             0

STORE_RES_CORE_65                                               0                             0

STORE_NUM_CORE_65                                               0                             0

STORE_WB_FREE_CORE_65                                           0                             0

SCHED_FAILED_REASON_SUCCESS_CORE_65                           304                       4.28894%
SCHED_FAILED_OPERANDS_NOT_READY_CORE_65                      6784                       95.7111%
SCHED_FAILED_NO_AVAILABLE_PORTS_CORE_65                         0                             0%
SCHED_FAILED_NO_MEM_REQ_SLOTS_CORE_65                           0                             0%
SCHED_FAILED_NO_AVAILABLE_SIMD_UNIT_CORE_65                     0                             0%
SCHED_FAILED_FENCE_ACTIVE_CORE_65                               0                             0%
SCHED_FAILED_MEM_MANAGEMENT_CORE_65                             0                             0%
                                                             7088                           100%

NUM_SAMPLES_CORE_66                                          4601                          4601

NUM_ACTIVE_BLOCKS_CORE_66                                    4600                      0.999783

NUM_ACTIVE_THREADS_CORE_66                                  60237                       13.0922

NUM_SCHED_IDLE_CYCLE_CORE_66                                    0                             0

NUM_NO_SCHED_CYCLE_CORE_66                                   1041                          1041

CORE_DISPATCHED_INST_CORE_66                                  304                           304

CORE_DISPATCH_WAIT_CORE_66                                  72700                       239.145

CORE_CYCLES_CORE_66                                             0                             0

CORE_SCHED_THREADS_CORE_66                                      0                           NaN

CORE_NUM_NO_FETCH_CYCLES_CORE_66                                0                             0

CORE_NUM_NO_FETCH_CYCLES_WITH_READY_THREADS_CORE_66                   0                             0

CORE_NUM_FETCH_CYCLES_CORE_66                                   0                             0

CORE_FETCH_DELTA_CORE_66                                        0                           NaN

CORE_NUM_RETIRE_CYCLES_CORE_66                                  0                             0

CORE_RETIRE_DELTA_CORE_66                                       0                           NaN

FENCE_PREF_REQ_CORE_66                                          0                             0

FENCE_WAITING_CORE_66                                           0                             0

DYN_FENCE_NUM_CORE_66                                           0                             0

WB_ORDERING_STALL_CORE_66                                       0                             0

WB_FULL_CORE_66                                                 0                             0

FENCE_TOT_CYCLES_CORE_66                                        0                             0

FENCE_EXEC_CYCLES_CORE_66                                       0                             0

STORE_RES_CORE_66                                               0                             0

STORE_NUM_CORE_66                                               0                             0

STORE_WB_FREE_CORE_66                                           0                             0

SCHED_FAILED_REASON_SUCCESS_CORE_66                           304                       3.55389%
SCHED_FAILED_OPERANDS_NOT_READY_CORE_66                      8250                       96.4461%
SCHED_FAILED_NO_AVAILABLE_PORTS_CORE_66                         0                             0%
SCHED_FAILED_NO_MEM_REQ_SLOTS_CORE_66                           0                             0%
SCHED_FAILED_NO_AVAILABLE_SIMD_UNIT_CORE_66                     0                             0%
SCHED_FAILED_FENCE_ACTIVE_CORE_66                               0                             0%
SCHED_FAILED_MEM_MANAGEMENT_CORE_66                             0                             0%
                                                             8554                           100%

NUM_SAMPLES_CORE_67                                          4651                          4651

NUM_ACTIVE_BLOCKS_CORE_67                                    4650                      0.999785

NUM_ACTIVE_THREADS_CORE_67                                  57619                       12.3885

NUM_SCHED_IDLE_CYCLE_CORE_67                                    0                             0

NUM_NO_SCHED_CYCLE_CORE_67                                   1056                          1056

CORE_DISPATCHED_INST_CORE_67                                  304                           304

CORE_DISPATCH_WAIT_CORE_67                                  65876                       216.697

CORE_CYCLES_CORE_67                                             0                             0

CORE_SCHED_THREADS_CORE_67                                      0                           NaN

CORE_NUM_NO_FETCH_CYCLES_CORE_67                                0                             0

CORE_NUM_NO_FETCH_CYCLES_WITH_READY_THREADS_CORE_67                   0                             0

CORE_NUM_FETCH_CYCLES_CORE_67                                   0                             0

CORE_FETCH_DELTA_CORE_67                                        0                           NaN

CORE_NUM_RETIRE_CYCLES_CORE_67                                  0                             0

CORE_RETIRE_DELTA_CORE_67                                       0                           NaN

FENCE_PREF_REQ_CORE_67                                          0                             0

FENCE_WAITING_CORE_67                                           0                             0

DYN_FENCE_NUM_CORE_67                                           0                             0

WB_ORDERING_STALL_CORE_67                                       0                             0

WB_FULL_CORE_67                                                 0                             0

FENCE_TOT_CYCLES_CORE_67                                        0                             0

FENCE_EXEC_CYCLES_CORE_67                                       0                             0

STORE_RES_CORE_67                                               0                             0

STORE_NUM_CORE_67                                               0                             0

STORE_WB_FREE_CORE_67                                           0                             0

SCHED_FAILED_REASON_SUCCESS_CORE_67                           304                       3.94754%
SCHED_FAILED_OPERANDS_NOT_READY_CORE_67                      7397                       96.0525%
SCHED_FAILED_NO_AVAILABLE_PORTS_CORE_67                         0                             0%
SCHED_FAILED_NO_MEM_REQ_SLOTS_CORE_67                           0                             0%
SCHED_FAILED_NO_AVAILABLE_SIMD_UNIT_CORE_67                     0                             0%
SCHED_FAILED_FENCE_ACTIVE_CORE_67                               0                             0%
SCHED_FAILED_MEM_MANAGEMENT_CORE_67                             0                             0%
                                                             7701                           100%

NUM_SAMPLES_CORE_68                                          4701                          4701

NUM_ACTIVE_BLOCKS_CORE_68                                    4700                      0.999787

NUM_ACTIVE_THREADS_CORE_68                                  59013                       12.5533

NUM_SCHED_IDLE_CYCLE_CORE_68                                    0                             0

NUM_NO_SCHED_CYCLE_CORE_68                                   1067                          1067

CORE_DISPATCHED_INST_CORE_68                                  304                           304

CORE_DISPATCH_WAIT_CORE_68                                  71540                       235.329

CORE_CYCLES_CORE_68                                             0                             0

CORE_SCHED_THREADS_CORE_68                                      0                           NaN

CORE_NUM_NO_FETCH_CYCLES_CORE_68                                0                             0

CORE_NUM_NO_FETCH_CYCLES_WITH_READY_THREADS_CORE_68                   0                             0

CORE_NUM_FETCH_CYCLES_CORE_68                                   0                             0

CORE_FETCH_DELTA_CORE_68                                        0                           NaN

CORE_NUM_RETIRE_CYCLES_CORE_68                                  0                             0

CORE_RETIRE_DELTA_CORE_68                                       0                           NaN

FENCE_PREF_REQ_CORE_68                                          0                             0

FENCE_WAITING_CORE_68                                           0                             0

DYN_FENCE_NUM_CORE_68                                           0                             0

WB_ORDERING_STALL_CORE_68                                       0                             0

WB_FULL_CORE_68                                                 0                             0

FENCE_TOT_CYCLES_CORE_68                                        0                             0

FENCE_EXEC_CYCLES_CORE_68                                       0                             0

STORE_RES_CORE_68                                               0                             0

STORE_NUM_CORE_68                                               0                             0

STORE_WB_FREE_CORE_68                                           0                             0

SCHED_FAILED_REASON_SUCCESS_CORE_68                           304                       3.61517%
SCHED_FAILED_OPERANDS_NOT_READY_CORE_68                      8105                       96.3848%
SCHED_FAILED_NO_AVAILABLE_PORTS_CORE_68                         0                             0%
SCHED_FAILED_NO_MEM_REQ_SLOTS_CORE_68                           0                             0%
SCHED_FAILED_NO_AVAILABLE_SIMD_UNIT_CORE_68                     0                             0%
SCHED_FAILED_FENCE_ACTIVE_CORE_68                               0                             0%
SCHED_FAILED_MEM_MANAGEMENT_CORE_68                             0                             0%
                                                             8409                           100%

NUM_SAMPLES_CORE_69                                          4751                          4751

NUM_ACTIVE_BLOCKS_CORE_69                                    4750                       0.99979

NUM_ACTIVE_THREADS_CORE_69                                  60384                       12.7097

NUM_SCHED_IDLE_CYCLE_CORE_69                                    0                             0

NUM_NO_SCHED_CYCLE_CORE_69                                   1082                          1082

CORE_DISPATCHED_INST_CORE_69                                  304                           304

CORE_DISPATCH_WAIT_CORE_69                                  72748                       239.303

CORE_CYCLES_CORE_69                                             0                             0

CORE_SCHED_THREADS_CORE_69                                      0                           NaN

CORE_NUM_NO_FETCH_CYCLES_CORE_69                                0                             0

CORE_NUM_NO_FETCH_CYCLES_WITH_READY_THREADS_CORE_69                   0                             0

CORE_NUM_FETCH_CYCLES_CORE_69                                   0                             0

CORE_FETCH_DELTA_CORE_69                                        0                           NaN

CORE_NUM_RETIRE_CYCLES_CORE_69                                  0                             0

CORE_RETIRE_DELTA_CORE_69                                       0                           NaN

FENCE_PREF_REQ_CORE_69                                          0                             0

FENCE_WAITING_CORE_69                                           0                             0

DYN_FENCE_NUM_CORE_69                                           0                             0

WB_ORDERING_STALL_CORE_69                                       0                             0

WB_FULL_CORE_69                                                 0                             0

FENCE_TOT_CYCLES_CORE_69                                        0                             0

FENCE_EXEC_CYCLES_CORE_69                                       0                             0

STORE_RES_CORE_69                                               0                             0

STORE_NUM_CORE_69                                               0                             0

STORE_WB_FREE_CORE_69                                           0                             0

SCHED_FAILED_REASON_SUCCESS_CORE_69                           304                        3.5514%
SCHED_FAILED_OPERANDS_NOT_READY_CORE_69                      8256                       96.4486%
SCHED_FAILED_NO_AVAILABLE_PORTS_CORE_69                         0                             0%
SCHED_FAILED_NO_MEM_REQ_SLOTS_CORE_69                           0                             0%
SCHED_FAILED_NO_AVAILABLE_SIMD_UNIT_CORE_69                     0                             0%
SCHED_FAILED_FENCE_ACTIVE_CORE_69                               0                             0%
SCHED_FAILED_MEM_MANAGEMENT_CORE_69                             0                             0%
                                                             8560                           100%

NUM_SAMPLES_CORE_70                                          3990                          3990

NUM_ACTIVE_BLOCKS_CORE_70                                    3989                      0.999749

NUM_ACTIVE_THREADS_CORE_70                                  49370                       12.3734

NUM_SCHED_IDLE_CYCLE_CORE_70                                    0                             0

NUM_NO_SCHED_CYCLE_CORE_70                                    891                           891

CORE_DISPATCHED_INST_CORE_70                                  304                           304

CORE_DISPATCH_WAIT_CORE_70                                  74948                       246.539

CORE_CYCLES_CORE_70                                             0                             0

CORE_SCHED_THREADS_CORE_70                                      0                           NaN

CORE_NUM_NO_FETCH_CYCLES_CORE_70                                0                             0

CORE_NUM_NO_FETCH_CYCLES_WITH_READY_THREADS_CORE_70                   0                             0

CORE_NUM_FETCH_CYCLES_CORE_70                                   0                             0

CORE_FETCH_DELTA_CORE_70                                        0                           NaN

CORE_NUM_RETIRE_CYCLES_CORE_70                                  0                             0

CORE_RETIRE_DELTA_CORE_70                                       0                           NaN

FENCE_PREF_REQ_CORE_70                                          0                             0

FENCE_WAITING_CORE_70                                           0                             0

DYN_FENCE_NUM_CORE_70                                           0                             0

WB_ORDERING_STALL_CORE_70                                       0                             0

WB_FULL_CORE_70                                                 0                             0

FENCE_TOT_CYCLES_CORE_70                                        0                             0

FENCE_EXEC_CYCLES_CORE_70                                       0                             0

STORE_RES_CORE_70                                               0                             0

STORE_NUM_CORE_70                                               0                             0

STORE_WB_FREE_CORE_70                                           0                             0

SCHED_FAILED_REASON_SUCCESS_CORE_70                           304                       3.44086%
SCHED_FAILED_OPERANDS_NOT_READY_CORE_70                      8531                       96.5591%
SCHED_FAILED_NO_AVAILABLE_PORTS_CORE_70                         0                             0%
SCHED_FAILED_NO_MEM_REQ_SLOTS_CORE_70                           0                             0%
SCHED_FAILED_NO_AVAILABLE_SIMD_UNIT_CORE_70                     0                             0%
SCHED_FAILED_FENCE_ACTIVE_CORE_70                               0                             0%
SCHED_FAILED_MEM_MANAGEMENT_CORE_70                             0                             0%
                                                             8835                           100%

NUM_SAMPLES_CORE_71                                          3821                          3821

NUM_ACTIVE_BLOCKS_CORE_71                                    3820                      0.999738

NUM_ACTIVE_THREADS_CORE_71                                  47334                       12.3879

NUM_SCHED_IDLE_CYCLE_CORE_71                                    0                             0

NUM_NO_SCHED_CYCLE_CORE_71                                    852                           852

CORE_DISPATCHED_INST_CORE_71                                  304                           304

CORE_DISPATCH_WAIT_CORE_71                                  68956                       226.829

CORE_CYCLES_CORE_71                                             0                             0

CORE_SCHED_THREADS_CORE_71                                      0                           NaN

CORE_NUM_NO_FETCH_CYCLES_CORE_71                                0                             0

CORE_NUM_NO_FETCH_CYCLES_WITH_READY_THREADS_CORE_71                   0                             0

CORE_NUM_FETCH_CYCLES_CORE_71                                   0                             0

CORE_FETCH_DELTA_CORE_71                                        0                           NaN

CORE_NUM_RETIRE_CYCLES_CORE_71                                  0                             0

CORE_RETIRE_DELTA_CORE_71                                       0                           NaN

FENCE_PREF_REQ_CORE_71                                          0                             0

FENCE_WAITING_CORE_71                                           0                             0

DYN_FENCE_NUM_CORE_71                                           0                             0

WB_ORDERING_STALL_CORE_71                                       0                             0

WB_FULL_CORE_71                                                 0                             0

FENCE_TOT_CYCLES_CORE_71                                        0                             0

FENCE_EXEC_CYCLES_CORE_71                                       0                             0

STORE_RES_CORE_71                                               0                             0

STORE_NUM_CORE_71                                               0                             0

STORE_WB_FREE_CORE_71                                           0                             0

SCHED_FAILED_REASON_SUCCESS_CORE_71                           304                       3.75958%
SCHED_FAILED_OPERANDS_NOT_READY_CORE_71                      7782                       96.2404%
SCHED_FAILED_NO_AVAILABLE_PORTS_CORE_71                         0                             0%
SCHED_FAILED_NO_MEM_REQ_SLOTS_CORE_71                           0                             0%
SCHED_FAILED_NO_AVAILABLE_SIMD_UNIT_CORE_71                     0                             0%
SCHED_FAILED_FENCE_ACTIVE_CORE_71                               0                             0%
SCHED_FAILED_MEM_MANAGEMENT_CORE_71                             0                             0%
                                                             8086                           100%

NUM_SAMPLES_CORE_72                                          4205                          4205

NUM_ACTIVE_BLOCKS_CORE_72                                    4204                      0.999762

NUM_ACTIVE_THREADS_CORE_72                                  55792                        13.268

NUM_SCHED_IDLE_CYCLE_CORE_72                                    0                             0

NUM_NO_SCHED_CYCLE_CORE_72                                    945                           945

CORE_DISPATCHED_INST_CORE_72                                  304                           304

CORE_DISPATCH_WAIT_CORE_72                                  68172                        224.25

CORE_CYCLES_CORE_72                                             0                             0

CORE_SCHED_THREADS_CORE_72                                      0                           NaN

CORE_NUM_NO_FETCH_CYCLES_CORE_72                                0                             0

CORE_NUM_NO_FETCH_CYCLES_WITH_READY_THREADS_CORE_72                   0                             0

CORE_NUM_FETCH_CYCLES_CORE_72                                   0                             0

CORE_FETCH_DELTA_CORE_72                                        0                           NaN

CORE_NUM_RETIRE_CYCLES_CORE_72                                  0                             0

CORE_RETIRE_DELTA_CORE_72                                       0                           NaN

FENCE_PREF_REQ_CORE_72                                          0                             0

FENCE_WAITING_CORE_72                                           0                             0

DYN_FENCE_NUM_CORE_72                                           0                             0

WB_ORDERING_STALL_CORE_72                                       0                             0

WB_FULL_CORE_72                                                 0                             0

FENCE_TOT_CYCLES_CORE_72                                        0                             0

FENCE_EXEC_CYCLES_CORE_72                                       0                             0

STORE_RES_CORE_72                                               0                             0

STORE_NUM_CORE_72                                               0                             0

STORE_WB_FREE_CORE_72                                           0                             0

SCHED_FAILED_REASON_SUCCESS_CORE_72                           304                       3.80571%
SCHED_FAILED_OPERANDS_NOT_READY_CORE_72                      7684                       96.1943%
SCHED_FAILED_NO_AVAILABLE_PORTS_CORE_72                         0                             0%
SCHED_FAILED_NO_MEM_REQ_SLOTS_CORE_72                           0                             0%
SCHED_FAILED_NO_AVAILABLE_SIMD_UNIT_CORE_72                     0                             0%
SCHED_FAILED_FENCE_ACTIVE_CORE_72                               0                             0%
SCHED_FAILED_MEM_MANAGEMENT_CORE_72                             0                             0%
                                                             7988                           100%

NUM_SAMPLES_CORE_73                                          4256                          4256

NUM_ACTIVE_BLOCKS_CORE_73                                    4255                      0.999765

NUM_ACTIVE_THREADS_CORE_73                                  56852                       13.3581

NUM_SCHED_IDLE_CYCLE_CORE_73                                    0                             0

NUM_NO_SCHED_CYCLE_CORE_73                                    955                           955

CORE_DISPATCHED_INST_CORE_73                                  304                           304

CORE_DISPATCH_WAIT_CORE_73                                  71348                       234.697

CORE_CYCLES_CORE_73                                             0                             0

CORE_SCHED_THREADS_CORE_73                                      0                           NaN

CORE_NUM_NO_FETCH_CYCLES_CORE_73                                0                             0

CORE_NUM_NO_FETCH_CYCLES_WITH_READY_THREADS_CORE_73                   0                             0

CORE_NUM_FETCH_CYCLES_CORE_73                                   0                             0

CORE_FETCH_DELTA_CORE_73                                        0                           NaN

CORE_NUM_RETIRE_CYCLES_CORE_73                                  0                             0

CORE_RETIRE_DELTA_CORE_73                                       0                           NaN

FENCE_PREF_REQ_CORE_73                                          0                             0

FENCE_WAITING_CORE_73                                           0                             0

DYN_FENCE_NUM_CORE_73                                           0                             0

WB_ORDERING_STALL_CORE_73                                       0                             0

WB_FULL_CORE_73                                                 0                             0

FENCE_TOT_CYCLES_CORE_73                                        0                             0

FENCE_EXEC_CYCLES_CORE_73                                       0                             0

STORE_RES_CORE_73                                               0                             0

STORE_NUM_CORE_73                                               0                             0

STORE_WB_FREE_CORE_73                                           0                             0

SCHED_FAILED_REASON_SUCCESS_CORE_73                           304                       3.62552%
SCHED_FAILED_OPERANDS_NOT_READY_CORE_73                      8081                       96.3745%
SCHED_FAILED_NO_AVAILABLE_PORTS_CORE_73                         0                             0%
SCHED_FAILED_NO_MEM_REQ_SLOTS_CORE_73                           0                             0%
SCHED_FAILED_NO_AVAILABLE_SIMD_UNIT_CORE_73                     0                             0%
SCHED_FAILED_FENCE_ACTIVE_CORE_73                               0                             0%
SCHED_FAILED_MEM_MANAGEMENT_CORE_73                             0                             0%
                                                             8385                           100%

NUM_SAMPLES_CORE_74                                          4307                          4307

NUM_ACTIVE_BLOCKS_CORE_74                                    4306                      0.999768

NUM_ACTIVE_THREADS_CORE_74                                  57704                       13.3977

NUM_SCHED_IDLE_CYCLE_CORE_74                                    0                             0

NUM_NO_SCHED_CYCLE_CORE_74                                    968                           968

CORE_DISPATCHED_INST_CORE_74                                  304                           304

CORE_DISPATCH_WAIT_CORE_74                                  73452                       241.618

CORE_CYCLES_CORE_74                                             0                             0

CORE_SCHED_THREADS_CORE_74                                      0                           NaN

CORE_NUM_NO_FETCH_CYCLES_CORE_74                                0                             0

CORE_NUM_NO_FETCH_CYCLES_WITH_READY_THREADS_CORE_74                   0                             0

CORE_NUM_FETCH_CYCLES_CORE_74                                   0                             0

CORE_FETCH_DELTA_CORE_74                                        0                           NaN

CORE_NUM_RETIRE_CYCLES_CORE_74                                  0                             0

CORE_RETIRE_DELTA_CORE_74                                       0                           NaN

FENCE_PREF_REQ_CORE_74                                          0                             0

FENCE_WAITING_CORE_74                                           0                             0

DYN_FENCE_NUM_CORE_74                                           0                             0

WB_ORDERING_STALL_CORE_74                                       0                             0

WB_FULL_CORE_74                                                 0                             0

FENCE_TOT_CYCLES_CORE_74                                        0                             0

FENCE_EXEC_CYCLES_CORE_74                                       0                             0

STORE_RES_CORE_74                                               0                             0

STORE_NUM_CORE_74                                               0                             0

STORE_WB_FREE_CORE_74                                           0                             0

SCHED_FAILED_REASON_SUCCESS_CORE_74                           304                       3.51526%
SCHED_FAILED_OPERANDS_NOT_READY_CORE_74                      8344                       96.4847%
SCHED_FAILED_NO_AVAILABLE_PORTS_CORE_74                         0                             0%
SCHED_FAILED_NO_MEM_REQ_SLOTS_CORE_74                           0                             0%
SCHED_FAILED_NO_AVAILABLE_SIMD_UNIT_CORE_74                     0                             0%
SCHED_FAILED_FENCE_ACTIVE_CORE_74                               0                             0%
SCHED_FAILED_MEM_MANAGEMENT_CORE_74                             0                             0%
                                                             8648                           100%

NUM_SAMPLES_CORE_75                                          4165                          4165

NUM_ACTIVE_BLOCKS_CORE_75                                    4164                       0.99976

NUM_ACTIVE_THREADS_CORE_75                                  55719                       13.3779

NUM_SCHED_IDLE_CYCLE_CORE_75                                    0                             0

NUM_NO_SCHED_CYCLE_CORE_75                                    935                           935

CORE_DISPATCHED_INST_CORE_75                                  304                           304

CORE_DISPATCH_WAIT_CORE_75                                  65060                       214.013

CORE_CYCLES_CORE_75                                             0                             0

CORE_SCHED_THREADS_CORE_75                                      0                           NaN

CORE_NUM_NO_FETCH_CYCLES_CORE_75                                0                             0

CORE_NUM_NO_FETCH_CYCLES_WITH_READY_THREADS_CORE_75                   0                             0

CORE_NUM_FETCH_CYCLES_CORE_75                                   0                             0

CORE_FETCH_DELTA_CORE_75                                        0                           NaN

CORE_NUM_RETIRE_CYCLES_CORE_75                                  0                             0

CORE_RETIRE_DELTA_CORE_75                                       0                           NaN

FENCE_PREF_REQ_CORE_75                                          0                             0

FENCE_WAITING_CORE_75                                           0                             0

DYN_FENCE_NUM_CORE_75                                           0                             0

WB_ORDERING_STALL_CORE_75                                       0                             0

WB_FULL_CORE_75                                                 0                             0

FENCE_TOT_CYCLES_CORE_75                                        0                             0

FENCE_EXEC_CYCLES_CORE_75                                       0                             0

STORE_RES_CORE_75                                               0                             0

STORE_NUM_CORE_75                                               0                             0

STORE_WB_FREE_CORE_75                                           0                             0

SCHED_FAILED_REASON_SUCCESS_CORE_75                           304                       4.00053%
SCHED_FAILED_OPERANDS_NOT_READY_CORE_75                      7295                       95.9995%
SCHED_FAILED_NO_AVAILABLE_PORTS_CORE_75                         0                             0%
SCHED_FAILED_NO_MEM_REQ_SLOTS_CORE_75                           0                             0%
SCHED_FAILED_NO_AVAILABLE_SIMD_UNIT_CORE_75                     0                             0%
SCHED_FAILED_FENCE_ACTIVE_CORE_75                               0                             0%
SCHED_FAILED_MEM_MANAGEMENT_CORE_75                             0                             0%
                                                             7599                           100%

NUM_SAMPLES_CORE_76                                          5050                          5050

NUM_ACTIVE_BLOCKS_CORE_76                                    5049                      0.999802

NUM_ACTIVE_THREADS_CORE_76                                  62607                       12.3974

NUM_SCHED_IDLE_CYCLE_CORE_76                                    0                             0

NUM_NO_SCHED_CYCLE_CORE_76                                   1157                          1157

CORE_DISPATCHED_INST_CORE_76                                  304                           304

CORE_DISPATCH_WAIT_CORE_76                                  70812                       232.934

CORE_CYCLES_CORE_76                                             0                             0

CORE_SCHED_THREADS_CORE_76                                      0                           NaN

CORE_NUM_NO_FETCH_CYCLES_CORE_76                                0                             0

CORE_NUM_NO_FETCH_CYCLES_WITH_READY_THREADS_CORE_76                   0                             0

CORE_NUM_FETCH_CYCLES_CORE_76                                   0                             0

CORE_FETCH_DELTA_CORE_76                                        0                           NaN

CORE_NUM_RETIRE_CYCLES_CORE_76                                  0                             0

CORE_RETIRE_DELTA_CORE_76                                       0                           NaN

FENCE_PREF_REQ_CORE_76                                          0                             0

FENCE_WAITING_CORE_76                                           0                             0

DYN_FENCE_NUM_CORE_76                                           0                             0

WB_ORDERING_STALL_CORE_76                                       0                             0

WB_FULL_CORE_76                                                 0                             0

FENCE_TOT_CYCLES_CORE_76                                        0                             0

FENCE_EXEC_CYCLES_CORE_76                                       0                             0

STORE_RES_CORE_76                                               0                             0

STORE_NUM_CORE_76                                               0                             0

STORE_WB_FREE_CORE_76                                           0                             0

SCHED_FAILED_REASON_SUCCESS_CORE_76                           304                       3.65472%
SCHED_FAILED_OPERANDS_NOT_READY_CORE_76                      8014                       96.3453%
SCHED_FAILED_NO_AVAILABLE_PORTS_CORE_76                         0                             0%
SCHED_FAILED_NO_MEM_REQ_SLOTS_CORE_76                           0                             0%
SCHED_FAILED_NO_AVAILABLE_SIMD_UNIT_CORE_76                     0                             0%
SCHED_FAILED_FENCE_ACTIVE_CORE_76                               0                             0%
SCHED_FAILED_MEM_MANAGEMENT_CORE_76                             0                             0%
                                                             8318                           100%

NUM_SAMPLES_CORE_77                                          5100                          5100

NUM_ACTIVE_BLOCKS_CORE_77                                    5099                      0.999804

NUM_ACTIVE_THREADS_CORE_77                                  64332                       12.6141

NUM_SCHED_IDLE_CYCLE_CORE_77                                    0                             0

NUM_NO_SCHED_CYCLE_CORE_77                                   1169                          1169

CORE_DISPATCHED_INST_CORE_77                                  304                           304

CORE_DISPATCH_WAIT_CORE_77                                  72980                       240.066

CORE_CYCLES_CORE_77                                             0                             0

CORE_SCHED_THREADS_CORE_77                                      0                           NaN

CORE_NUM_NO_FETCH_CYCLES_CORE_77                                0                             0

CORE_NUM_NO_FETCH_CYCLES_WITH_READY_THREADS_CORE_77                   0                             0

CORE_NUM_FETCH_CYCLES_CORE_77                                   0                             0

CORE_FETCH_DELTA_CORE_77                                        0                           NaN

CORE_NUM_RETIRE_CYCLES_CORE_77                                  0                             0

CORE_RETIRE_DELTA_CORE_77                                       0                           NaN

FENCE_PREF_REQ_CORE_77                                          0                             0

FENCE_WAITING_CORE_77                                           0                             0

DYN_FENCE_NUM_CORE_77                                           0                             0

WB_ORDERING_STALL_CORE_77                                       0                             0

WB_FULL_CORE_77                                                 0                             0

FENCE_TOT_CYCLES_CORE_77                                        0                             0

FENCE_EXEC_CYCLES_CORE_77                                       0                             0

STORE_RES_CORE_77                                               0                             0

STORE_NUM_CORE_77                                               0                             0

STORE_WB_FREE_CORE_77                                           0                             0

SCHED_FAILED_REASON_SUCCESS_CORE_77                           304                       3.53941%
SCHED_FAILED_OPERANDS_NOT_READY_CORE_77                      8285                       96.4606%
SCHED_FAILED_NO_AVAILABLE_PORTS_CORE_77                         0                             0%
SCHED_FAILED_NO_MEM_REQ_SLOTS_CORE_77                           0                             0%
SCHED_FAILED_NO_AVAILABLE_SIMD_UNIT_CORE_77                     0                             0%
SCHED_FAILED_FENCE_ACTIVE_CORE_77                               0                             0%
SCHED_FAILED_MEM_MANAGEMENT_CORE_77                             0                             0%
                                                             8589                           100%

NUM_SAMPLES_CORE_78                                          4225                          4225

NUM_ACTIVE_BLOCKS_CORE_78                                    4224                      0.999763

NUM_ACTIVE_THREADS_CORE_78                                  56953                         13.48

NUM_SCHED_IDLE_CYCLE_CORE_78                                    0                             0

NUM_NO_SCHED_CYCLE_CORE_78                                    946                           946

CORE_DISPATCHED_INST_CORE_78                                  304                           304

CORE_DISPATCH_WAIT_CORE_78                                  61804                       203.303

CORE_CYCLES_CORE_78                                             0                             0

CORE_SCHED_THREADS_CORE_78                                      0                           NaN

CORE_NUM_NO_FETCH_CYCLES_CORE_78                                0                             0

CORE_NUM_NO_FETCH_CYCLES_WITH_READY_THREADS_CORE_78                   0                             0

CORE_NUM_FETCH_CYCLES_CORE_78                                   0                             0

CORE_FETCH_DELTA_CORE_78                                        0                           NaN

CORE_NUM_RETIRE_CYCLES_CORE_78                                  0                             0

CORE_RETIRE_DELTA_CORE_78                                       0                           NaN

FENCE_PREF_REQ_CORE_78                                          0                             0

FENCE_WAITING_CORE_78                                           0                             0

DYN_FENCE_NUM_CORE_78                                           0                             0

WB_ORDERING_STALL_CORE_78                                       0                             0

WB_FULL_CORE_78                                                 0                             0

FENCE_TOT_CYCLES_CORE_78                                        0                             0

FENCE_EXEC_CYCLES_CORE_78                                       0                             0

STORE_RES_CORE_78                                               0                             0

STORE_NUM_CORE_78                                               0                             0

STORE_WB_FREE_CORE_78                                           0                             0

SCHED_FAILED_REASON_SUCCESS_CORE_78                           304                       4.22692%
SCHED_FAILED_OPERANDS_NOT_READY_CORE_78                      6888                       95.7731%
SCHED_FAILED_NO_AVAILABLE_PORTS_CORE_78                         0                             0%
SCHED_FAILED_NO_MEM_REQ_SLOTS_CORE_78                           0                             0%
SCHED_FAILED_NO_AVAILABLE_SIMD_UNIT_CORE_78                     0                             0%
SCHED_FAILED_FENCE_ACTIVE_CORE_78                               0                             0%
SCHED_FAILED_MEM_MANAGEMENT_CORE_78                             0                             0%
                                                             7192                           100%

NUM_SAMPLES_CORE_79                                          4104                          4104

NUM_ACTIVE_BLOCKS_CORE_79                                    4103                      0.999756

NUM_ACTIVE_THREADS_CORE_79                                  55625                       13.5539

NUM_SCHED_IDLE_CYCLE_CORE_79                                    0                             0

NUM_NO_SCHED_CYCLE_CORE_79                                    917                           917

CORE_DISPATCHED_INST_CORE_79                                  304                           304

CORE_DISPATCH_WAIT_CORE_79                                  57580                       189.408

CORE_CYCLES_CORE_79                                             0                             0

CORE_SCHED_THREADS_CORE_79                                      0                           NaN

CORE_NUM_NO_FETCH_CYCLES_CORE_79                                0                             0

CORE_NUM_NO_FETCH_CYCLES_WITH_READY_THREADS_CORE_79                   0                             0

CORE_NUM_FETCH_CYCLES_CORE_79                                   0                             0

CORE_FETCH_DELTA_CORE_79                                        0                           NaN

CORE_NUM_RETIRE_CYCLES_CORE_79                                  0                             0

CORE_RETIRE_DELTA_CORE_79                                       0                           NaN

FENCE_PREF_REQ_CORE_79                                          0                             0

FENCE_WAITING_CORE_79                                           0                             0

DYN_FENCE_NUM_CORE_79                                           0                             0

WB_ORDERING_STALL_CORE_79                                       0                             0

WB_FULL_CORE_79                                                 0                             0

FENCE_TOT_CYCLES_CORE_79                                        0                             0

FENCE_EXEC_CYCLES_CORE_79                                       0                             0

STORE_RES_CORE_79                                               0                             0

STORE_NUM_CORE_79                                               0                             0

STORE_WB_FREE_CORE_79                                           0                             0

SCHED_FAILED_REASON_SUCCESS_CORE_79                           304                       4.56182%
SCHED_FAILED_OPERANDS_NOT_READY_CORE_79                      6360                       95.4382%
SCHED_FAILED_NO_AVAILABLE_PORTS_CORE_79                         0                             0%
SCHED_FAILED_NO_MEM_REQ_SLOTS_CORE_79                           0                             0%
SCHED_FAILED_NO_AVAILABLE_SIMD_UNIT_CORE_79                     0                             0%
SCHED_FAILED_FENCE_ACTIVE_CORE_79                               0                             0%
SCHED_FAILED_MEM_MANAGEMENT_CORE_79                             0                             0%
                                                             6664                           100%

NUM_SAMPLES_CORE_80                                          4950                          4950

NUM_ACTIVE_BLOCKS_CORE_80                                    4949                      0.999798

NUM_ACTIVE_THREADS_CORE_80                                  67907                       13.7186

NUM_SCHED_IDLE_CYCLE_CORE_80                                    0                             0

NUM_NO_SCHED_CYCLE_CORE_80                                   1129                          1129

CORE_DISPATCHED_INST_CORE_80                                  304                           304

CORE_DISPATCH_WAIT_CORE_80                                  73076                       240.382

CORE_CYCLES_CORE_80                                             0                             0

CORE_SCHED_THREADS_CORE_80                                      0                           NaN

CORE_NUM_NO_FETCH_CYCLES_CORE_80                                0                             0

CORE_NUM_NO_FETCH_CYCLES_WITH_READY_THREADS_CORE_80                   0                             0

CORE_NUM_FETCH_CYCLES_CORE_80                                   0                             0

CORE_FETCH_DELTA_CORE_80                                        0                           NaN

CORE_NUM_RETIRE_CYCLES_CORE_80                                  0                             0

CORE_RETIRE_DELTA_CORE_80                                       0                           NaN

FENCE_PREF_REQ_CORE_80                                          0                             0

FENCE_WAITING_CORE_80                                           0                             0

DYN_FENCE_NUM_CORE_80                                           0                             0

WB_ORDERING_STALL_CORE_80                                       0                             0

WB_FULL_CORE_80                                                 0                             0

FENCE_TOT_CYCLES_CORE_80                                        0                             0

FENCE_EXEC_CYCLES_CORE_80                                       0                             0

STORE_RES_CORE_80                                               0                             0

STORE_NUM_CORE_80                                               0                             0

STORE_WB_FREE_CORE_80                                           0                             0

SCHED_FAILED_REASON_SUCCESS_CORE_80                           304                       3.53447%
SCHED_FAILED_OPERANDS_NOT_READY_CORE_80                      8297                       96.4655%
SCHED_FAILED_NO_AVAILABLE_PORTS_CORE_80                         0                             0%
SCHED_FAILED_NO_MEM_REQ_SLOTS_CORE_80                           0                             0%
SCHED_FAILED_NO_AVAILABLE_SIMD_UNIT_CORE_80                     0                             0%
SCHED_FAILED_FENCE_ACTIVE_CORE_80                               0                             0%
SCHED_FAILED_MEM_MANAGEMENT_CORE_80                             0                             0%
                                                             8601                           100%

NUM_SAMPLES_CORE_81                                          5000                          5000

NUM_ACTIVE_BLOCKS_CORE_81                                    4999                        0.9998

NUM_ACTIVE_THREADS_CORE_81                                  69038                       13.8076

NUM_SCHED_IDLE_CYCLE_CORE_81                                    0                             0

NUM_NO_SCHED_CYCLE_CORE_81                                   1141                          1141

CORE_DISPATCHED_INST_CORE_81                                  304                           304

CORE_DISPATCH_WAIT_CORE_81                                  75916                       249.724

CORE_CYCLES_CORE_81                                             0                             0

CORE_SCHED_THREADS_CORE_81                                      0                           NaN

CORE_NUM_NO_FETCH_CYCLES_CORE_81                                0                             0

CORE_NUM_NO_FETCH_CYCLES_WITH_READY_THREADS_CORE_81                   0                             0

CORE_NUM_FETCH_CYCLES_CORE_81                                   0                             0

CORE_FETCH_DELTA_CORE_81                                        0                           NaN

CORE_NUM_RETIRE_CYCLES_CORE_81                                  0                             0

CORE_RETIRE_DELTA_CORE_81                                       0                           NaN

FENCE_PREF_REQ_CORE_81                                          0                             0

FENCE_WAITING_CORE_81                                           0                             0

DYN_FENCE_NUM_CORE_81                                           0                             0

WB_ORDERING_STALL_CORE_81                                       0                             0

WB_FULL_CORE_81                                                 0                             0

FENCE_TOT_CYCLES_CORE_81                                        0                             0

FENCE_EXEC_CYCLES_CORE_81                                       0                             0

STORE_RES_CORE_81                                               0                             0

STORE_NUM_CORE_81                                               0                             0

STORE_WB_FREE_CORE_81                                           0                             0

SCHED_FAILED_REASON_SUCCESS_CORE_81                           304                       3.39437%
SCHED_FAILED_OPERANDS_NOT_READY_CORE_81                      8652                       96.6056%
SCHED_FAILED_NO_AVAILABLE_PORTS_CORE_81                         0                             0%
SCHED_FAILED_NO_MEM_REQ_SLOTS_CORE_81                           0                             0%
SCHED_FAILED_NO_AVAILABLE_SIMD_UNIT_CORE_81                     0                             0%
SCHED_FAILED_FENCE_ACTIVE_CORE_81                               0                             0%
SCHED_FAILED_MEM_MANAGEMENT_CORE_81                             0                             0%
                                                             8956                           100%

NUM_SAMPLES_CORE_82                                          4790                          4790

NUM_ACTIVE_BLOCKS_CORE_82                                    4789                      0.999791

NUM_ACTIVE_THREADS_CORE_82                                  61984                       12.9403

NUM_SCHED_IDLE_CYCLE_CORE_82                                    0                             0

NUM_NO_SCHED_CYCLE_CORE_82                                   1088                          1088

CORE_DISPATCHED_INST_CORE_82                                  304                           304

CORE_DISPATCH_WAIT_CORE_82                                  78604                       258.566

CORE_CYCLES_CORE_82                                             0                             0

CORE_SCHED_THREADS_CORE_82                                      0                           NaN

CORE_NUM_NO_FETCH_CYCLES_CORE_82                                0                             0

CORE_NUM_NO_FETCH_CYCLES_WITH_READY_THREADS_CORE_82                   0                             0

CORE_NUM_FETCH_CYCLES_CORE_82                                   0                             0

CORE_FETCH_DELTA_CORE_82                                        0                           NaN

CORE_NUM_RETIRE_CYCLES_CORE_82                                  0                             0

CORE_RETIRE_DELTA_CORE_82                                       0                           NaN

FENCE_PREF_REQ_CORE_82                                          0                             0

FENCE_WAITING_CORE_82                                           0                             0

DYN_FENCE_NUM_CORE_82                                           0                             0

WB_ORDERING_STALL_CORE_82                                       0                             0

WB_FULL_CORE_82                                                 0                             0

FENCE_TOT_CYCLES_CORE_82                                        0                             0

FENCE_EXEC_CYCLES_CORE_82                                       0                             0

STORE_RES_CORE_82                                               0                             0

STORE_NUM_CORE_82                                               0                             0

STORE_WB_FREE_CORE_82                                           0                             0

SCHED_FAILED_REASON_SUCCESS_CORE_82                           304                       3.27163%
SCHED_FAILED_OPERANDS_NOT_READY_CORE_82                      8988                       96.7284%
SCHED_FAILED_NO_AVAILABLE_PORTS_CORE_82                         0                             0%
SCHED_FAILED_NO_MEM_REQ_SLOTS_CORE_82                           0                             0%
SCHED_FAILED_NO_AVAILABLE_SIMD_UNIT_CORE_82                     0                             0%
SCHED_FAILED_FENCE_ACTIVE_CORE_82                               0                             0%
SCHED_FAILED_MEM_MANAGEMENT_CORE_82                             0                             0%
                                                             9292                           100%

NUM_SAMPLES_CORE_83                                          4615                          4615

NUM_ACTIVE_BLOCKS_CORE_83                                    4614                      0.999783

NUM_ACTIVE_THREADS_CORE_83                                  59313                       12.8522

NUM_SCHED_IDLE_CYCLE_CORE_83                                    0                             0

NUM_NO_SCHED_CYCLE_CORE_83                                   1045                          1045

CORE_DISPATCHED_INST_CORE_83                                  304                           304

CORE_DISPATCH_WAIT_CORE_83                                  70324                       231.329

CORE_CYCLES_CORE_83                                             0                             0

CORE_SCHED_THREADS_CORE_83                                      0                           NaN

CORE_NUM_NO_FETCH_CYCLES_CORE_83                                0                             0

CORE_NUM_NO_FETCH_CYCLES_WITH_READY_THREADS_CORE_83                   0                             0

CORE_NUM_FETCH_CYCLES_CORE_83                                   0                             0

CORE_FETCH_DELTA_CORE_83                                        0                           NaN

CORE_NUM_RETIRE_CYCLES_CORE_83                                  0                             0

CORE_RETIRE_DELTA_CORE_83                                       0                           NaN

FENCE_PREF_REQ_CORE_83                                          0                             0

FENCE_WAITING_CORE_83                                           0                             0

DYN_FENCE_NUM_CORE_83                                           0                             0

WB_ORDERING_STALL_CORE_83                                       0                             0

WB_FULL_CORE_83                                                 0                             0

FENCE_TOT_CYCLES_CORE_83                                        0                             0

FENCE_EXEC_CYCLES_CORE_83                                       0                             0

STORE_RES_CORE_83                                               0                             0

STORE_NUM_CORE_83                                               0                             0

STORE_WB_FREE_CORE_83                                           0                             0

SCHED_FAILED_REASON_SUCCESS_CORE_83                           304                       3.68172%
SCHED_FAILED_OPERANDS_NOT_READY_CORE_83                      7953                       96.3183%
SCHED_FAILED_NO_AVAILABLE_PORTS_CORE_83                         0                             0%
SCHED_FAILED_NO_MEM_REQ_SLOTS_CORE_83                           0                             0%
SCHED_FAILED_NO_AVAILABLE_SIMD_UNIT_CORE_83                     0                             0%
SCHED_FAILED_FENCE_ACTIVE_CORE_83                               0                             0%
SCHED_FAILED_MEM_MANAGEMENT_CORE_83                             0                             0%
                                                             8257                           100%

NUM_SAMPLES_CORE_84                                          5015                          5015

NUM_ACTIVE_BLOCKS_CORE_84                                    5014                      0.999801

NUM_ACTIVE_THREADS_CORE_84                                  63302                       12.6225

NUM_SCHED_IDLE_CYCLE_CORE_84                                    0                             0

NUM_NO_SCHED_CYCLE_CORE_84                                   1144                          1144

CORE_DISPATCHED_INST_CORE_84                                  304                           304

CORE_DISPATCH_WAIT_CORE_84                                  77796                       255.908

CORE_CYCLES_CORE_84                                             0                             0

CORE_SCHED_THREADS_CORE_84                                      0                           NaN

CORE_NUM_NO_FETCH_CYCLES_CORE_84                                0                             0

CORE_NUM_NO_FETCH_CYCLES_WITH_READY_THREADS_CORE_84                   0                             0

CORE_NUM_FETCH_CYCLES_CORE_84                                   0                             0

CORE_FETCH_DELTA_CORE_84                                        0                           NaN

CORE_NUM_RETIRE_CYCLES_CORE_84                                  0                             0

CORE_RETIRE_DELTA_CORE_84                                       0                           NaN

FENCE_PREF_REQ_CORE_84                                          0                             0

FENCE_WAITING_CORE_84                                           0                             0

DYN_FENCE_NUM_CORE_84                                           0                             0

WB_ORDERING_STALL_CORE_84                                       0                             0

WB_FULL_CORE_84                                                 0                             0

FENCE_TOT_CYCLES_CORE_84                                        0                             0

FENCE_EXEC_CYCLES_CORE_84                                       0                             0

STORE_RES_CORE_84                                               0                             0

STORE_NUM_CORE_84                                               0                             0

STORE_WB_FREE_CORE_84                                           0                             0

SCHED_FAILED_REASON_SUCCESS_CORE_84                           304                       3.30758%
SCHED_FAILED_OPERANDS_NOT_READY_CORE_84                      8887                       96.6924%
SCHED_FAILED_NO_AVAILABLE_PORTS_CORE_84                         0                             0%
SCHED_FAILED_NO_MEM_REQ_SLOTS_CORE_84                           0                             0%
SCHED_FAILED_NO_AVAILABLE_SIMD_UNIT_CORE_84                     0                             0%
SCHED_FAILED_FENCE_ACTIVE_CORE_84                               0                             0%
SCHED_FAILED_MEM_MANAGEMENT_CORE_84                             0                             0%
                                                             9191                           100%

NUM_SAMPLES_CORE_85                                          5065                          5065

NUM_ACTIVE_BLOCKS_CORE_85                                    5064                      0.999803

NUM_ACTIVE_THREADS_CORE_85                                  64770                       12.7878

NUM_SCHED_IDLE_CYCLE_CORE_85                                    0                             0

NUM_NO_SCHED_CYCLE_CORE_85                                   1159                          1159

CORE_DISPATCHED_INST_CORE_85                                  304                           304

CORE_DISPATCH_WAIT_CORE_85                                  82484                       271.329

CORE_CYCLES_CORE_85                                             0                             0

CORE_SCHED_THREADS_CORE_85                                      0                           NaN

CORE_NUM_NO_FETCH_CYCLES_CORE_85                                0                             0

CORE_NUM_NO_FETCH_CYCLES_WITH_READY_THREADS_CORE_85                   0                             0

CORE_NUM_FETCH_CYCLES_CORE_85                                   0                             0

CORE_FETCH_DELTA_CORE_85                                        0                           NaN

CORE_NUM_RETIRE_CYCLES_CORE_85                                  0                             0

CORE_RETIRE_DELTA_CORE_85                                       0                           NaN

FENCE_PREF_REQ_CORE_85                                          0                             0

FENCE_WAITING_CORE_85                                           0                             0

DYN_FENCE_NUM_CORE_85                                           0                             0

WB_ORDERING_STALL_CORE_85                                       0                             0

WB_FULL_CORE_85                                                 0                             0

FENCE_TOT_CYCLES_CORE_85                                        0                             0

FENCE_EXEC_CYCLES_CORE_85                                       0                             0

STORE_RES_CORE_85                                               0                             0

STORE_NUM_CORE_85                                               0                             0

STORE_WB_FREE_CORE_85                                           0                             0

SCHED_FAILED_REASON_SUCCESS_CORE_85                           304                       3.10934%
SCHED_FAILED_OPERANDS_NOT_READY_CORE_85                      9473                       96.8907%
SCHED_FAILED_NO_AVAILABLE_PORTS_CORE_85                         0                             0%
SCHED_FAILED_NO_MEM_REQ_SLOTS_CORE_85                           0                             0%
SCHED_FAILED_NO_AVAILABLE_SIMD_UNIT_CORE_85                     0                             0%
SCHED_FAILED_FENCE_ACTIVE_CORE_85                               0                             0%
SCHED_FAILED_MEM_MANAGEMENT_CORE_85                             0                             0%
                                                             9777                           100%

NUM_SAMPLES_CORE_86                                          5115                          5115

NUM_ACTIVE_BLOCKS_CORE_86                                    5114                      0.999804

NUM_ACTIVE_THREADS_CORE_86                                  65935                       12.8905

NUM_SCHED_IDLE_CYCLE_CORE_86                                    0                             0

NUM_NO_SCHED_CYCLE_CORE_86                                   1171                          1171

CORE_DISPATCHED_INST_CORE_86                                  304                           304

CORE_DISPATCH_WAIT_CORE_86                                  84380                       277.566

CORE_CYCLES_CORE_86                                             0                             0

CORE_SCHED_THREADS_CORE_86                                      0                           NaN

CORE_NUM_NO_FETCH_CYCLES_CORE_86                                0                             0

CORE_NUM_NO_FETCH_CYCLES_WITH_READY_THREADS_CORE_86                   0                             0

CORE_NUM_FETCH_CYCLES_CORE_86                                   0                             0

CORE_FETCH_DELTA_CORE_86                                        0                           NaN

CORE_NUM_RETIRE_CYCLES_CORE_86                                  0                             0

CORE_RETIRE_DELTA_CORE_86                                       0                           NaN

FENCE_PREF_REQ_CORE_86                                          0                             0

FENCE_WAITING_CORE_86                                           0                             0

DYN_FENCE_NUM_CORE_86                                           0                             0

WB_ORDERING_STALL_CORE_86                                       0                             0

WB_FULL_CORE_86                                                 0                             0

FENCE_TOT_CYCLES_CORE_86                                        0                             0

FENCE_EXEC_CYCLES_CORE_86                                       0                             0

STORE_RES_CORE_86                                               0                             0

STORE_NUM_CORE_86                                               0                             0

STORE_WB_FREE_CORE_86                                           0                             0

SCHED_FAILED_REASON_SUCCESS_CORE_86                           304                       3.03575%
SCHED_FAILED_OPERANDS_NOT_READY_CORE_86                      9710                       96.9642%
SCHED_FAILED_NO_AVAILABLE_PORTS_CORE_86                         0                             0%
SCHED_FAILED_NO_MEM_REQ_SLOTS_CORE_86                           0                             0%
SCHED_FAILED_NO_AVAILABLE_SIMD_UNIT_CORE_86                     0                             0%
SCHED_FAILED_FENCE_ACTIVE_CORE_86                               0                             0%
SCHED_FAILED_MEM_MANAGEMENT_CORE_86                             0                             0%
                                                            10014                           100%

NUM_SAMPLES_CORE_87                                          4965                          4965

NUM_ACTIVE_BLOCKS_CORE_87                                    4964                      0.999799

NUM_ACTIVE_THREADS_CORE_87                                  62522                       12.5925

NUM_SCHED_IDLE_CYCLE_CORE_87                                    0                             0

NUM_NO_SCHED_CYCLE_CORE_87                                   1131                          1131

CORE_DISPATCHED_INST_CORE_87                                  304                           304

CORE_DISPATCH_WAIT_CORE_87                                  75060                       246.908

CORE_CYCLES_CORE_87                                             0                             0

CORE_SCHED_THREADS_CORE_87                                      0                           NaN

CORE_NUM_NO_FETCH_CYCLES_CORE_87                                0                             0

CORE_NUM_NO_FETCH_CYCLES_WITH_READY_THREADS_CORE_87                   0                             0

CORE_NUM_FETCH_CYCLES_CORE_87                                   0                             0

CORE_FETCH_DELTA_CORE_87                                        0                           NaN

CORE_NUM_RETIRE_CYCLES_CORE_87                                  0                             0

CORE_RETIRE_DELTA_CORE_87                                       0                           NaN

FENCE_PREF_REQ_CORE_87                                          0                             0

FENCE_WAITING_CORE_87                                           0                             0

DYN_FENCE_NUM_CORE_87                                           0                             0

WB_ORDERING_STALL_CORE_87                                       0                             0

WB_FULL_CORE_87                                                 0                             0

FENCE_TOT_CYCLES_CORE_87                                        0                             0

FENCE_EXEC_CYCLES_CORE_87                                       0                             0

STORE_RES_CORE_87                                               0                             0

STORE_NUM_CORE_87                                               0                             0

STORE_WB_FREE_CORE_87                                           0                             0

SCHED_FAILED_REASON_SUCCESS_CORE_87                           304                       3.43542%
SCHED_FAILED_OPERANDS_NOT_READY_CORE_87                      8545                       96.5646%
SCHED_FAILED_NO_AVAILABLE_PORTS_CORE_87                         0                             0%
SCHED_FAILED_NO_MEM_REQ_SLOTS_CORE_87                           0                             0%
SCHED_FAILED_NO_AVAILABLE_SIMD_UNIT_CORE_87                     0                             0%
SCHED_FAILED_FENCE_ACTIVE_CORE_87                               0                             0%
SCHED_FAILED_MEM_MANAGEMENT_CORE_87                             0                             0%
                                                             8849                           100%

NUM_SAMPLES_CORE_88                                          5451                          5451

NUM_ACTIVE_BLOCKS_CORE_88                                    5450                      0.999817

NUM_ACTIVE_THREADS_CORE_88                                  70639                       12.9589

NUM_SCHED_IDLE_CYCLE_CORE_88                                    0                             0

NUM_NO_SCHED_CYCLE_CORE_88                                   1253                          1253

CORE_DISPATCHED_INST_CORE_88                                  304                           304

CORE_DISPATCH_WAIT_CORE_88                                  80476                       264.724

CORE_CYCLES_CORE_88                                             0                             0

CORE_SCHED_THREADS_CORE_88                                      0                           NaN

CORE_NUM_NO_FETCH_CYCLES_CORE_88                                0                             0

CORE_NUM_NO_FETCH_CYCLES_WITH_READY_THREADS_CORE_88                   0                             0

CORE_NUM_FETCH_CYCLES_CORE_88                                   0                             0

CORE_FETCH_DELTA_CORE_88                                        0                           NaN

CORE_NUM_RETIRE_CYCLES_CORE_88                                  0                             0

CORE_RETIRE_DELTA_CORE_88                                       0                           NaN

FENCE_PREF_REQ_CORE_88                                          0                             0

FENCE_WAITING_CORE_88                                           0                             0

DYN_FENCE_NUM_CORE_88                                           0                             0

WB_ORDERING_STALL_CORE_88                                       0                             0

WB_FULL_CORE_88                                                 0                             0

FENCE_TOT_CYCLES_CORE_88                                        0                             0

FENCE_EXEC_CYCLES_CORE_88                                       0                             0

STORE_RES_CORE_88                                               0                             0

STORE_NUM_CORE_88                                               0                             0

STORE_WB_FREE_CORE_88                                           0                             0

SCHED_FAILED_REASON_SUCCESS_CORE_88                           304                       3.19127%
SCHED_FAILED_OPERANDS_NOT_READY_CORE_88                      9222                       96.8087%
SCHED_FAILED_NO_AVAILABLE_PORTS_CORE_88                         0                             0%
SCHED_FAILED_NO_MEM_REQ_SLOTS_CORE_88                           0                             0%
SCHED_FAILED_NO_AVAILABLE_SIMD_UNIT_CORE_88                     0                             0%
SCHED_FAILED_FENCE_ACTIVE_CORE_88                               0                             0%
SCHED_FAILED_MEM_MANAGEMENT_CORE_88                             0                             0%
                                                             9526                           100%

NUM_SAMPLES_CORE_89                                          5651                          5651

NUM_ACTIVE_BLOCKS_CORE_89                                    5650                      0.999823

NUM_ACTIVE_THREADS_CORE_89                                  72319                       12.7976

NUM_SCHED_IDLE_CYCLE_CORE_89                                    0                             0

NUM_NO_SCHED_CYCLE_CORE_89                                   1306                          1306

CORE_DISPATCHED_INST_CORE_89                                  304                           304

CORE_DISPATCH_WAIT_CORE_89                                  83612                       275.039

CORE_CYCLES_CORE_89                                             0                             0

CORE_SCHED_THREADS_CORE_89                                      0                           NaN

CORE_NUM_NO_FETCH_CYCLES_CORE_89                                0                             0

CORE_NUM_NO_FETCH_CYCLES_WITH_READY_THREADS_CORE_89                   0                             0

CORE_NUM_FETCH_CYCLES_CORE_89                                   0                             0

CORE_FETCH_DELTA_CORE_89                                        0                           NaN

CORE_NUM_RETIRE_CYCLES_CORE_89                                  0                             0

CORE_RETIRE_DELTA_CORE_89                                       0                           NaN

FENCE_PREF_REQ_CORE_89                                          0                             0

FENCE_WAITING_CORE_89                                           0                             0

DYN_FENCE_NUM_CORE_89                                           0                             0

WB_ORDERING_STALL_CORE_89                                       0                             0

WB_FULL_CORE_89                                                 0                             0

FENCE_TOT_CYCLES_CORE_89                                        0                             0

FENCE_EXEC_CYCLES_CORE_89                                       0                             0

STORE_RES_CORE_89                                               0                             0

STORE_NUM_CORE_89                                               0                             0

STORE_WB_FREE_CORE_89                                           0                             0

SCHED_FAILED_REASON_SUCCESS_CORE_89                           304                       3.06513%
SCHED_FAILED_OPERANDS_NOT_READY_CORE_89                      9614                       96.9349%
SCHED_FAILED_NO_AVAILABLE_PORTS_CORE_89                         0                             0%
SCHED_FAILED_NO_MEM_REQ_SLOTS_CORE_89                           0                             0%
SCHED_FAILED_NO_AVAILABLE_SIMD_UNIT_CORE_89                     0                             0%
SCHED_FAILED_FENCE_ACTIVE_CORE_89                               0                             0%
SCHED_FAILED_MEM_MANAGEMENT_CORE_89                             0                             0%
                                                             9918                           100%

NUM_SAMPLES_CORE_90                                          5551                          5551

NUM_ACTIVE_BLOCKS_CORE_90                                    5550                       0.99982

NUM_ACTIVE_THREADS_CORE_90                                  73099                       13.1686

NUM_SCHED_IDLE_CYCLE_CORE_90                                    0                             0

NUM_NO_SCHED_CYCLE_CORE_90                                   1279                          1279

CORE_DISPATCHED_INST_CORE_90                                  304                           304

CORE_DISPATCH_WAIT_CORE_90                                  84196                       276.961

CORE_CYCLES_CORE_90                                             0                             0

CORE_SCHED_THREADS_CORE_90                                      0                           NaN

CORE_NUM_NO_FETCH_CYCLES_CORE_90                                0                             0

CORE_NUM_NO_FETCH_CYCLES_WITH_READY_THREADS_CORE_90                   0                             0

CORE_NUM_FETCH_CYCLES_CORE_90                                   0                             0

CORE_FETCH_DELTA_CORE_90                                        0                           NaN

CORE_NUM_RETIRE_CYCLES_CORE_90                                  0                             0

CORE_RETIRE_DELTA_CORE_90                                       0                           NaN

FENCE_PREF_REQ_CORE_90                                          0                             0

FENCE_WAITING_CORE_90                                           0                             0

DYN_FENCE_NUM_CORE_90                                           0                             0

WB_ORDERING_STALL_CORE_90                                       0                             0

WB_FULL_CORE_90                                                 0                             0

FENCE_TOT_CYCLES_CORE_90                                        0                             0

FENCE_EXEC_CYCLES_CORE_90                                       0                             0

STORE_RES_CORE_90                                               0                             0

STORE_NUM_CORE_90                                               0                             0

STORE_WB_FREE_CORE_90                                           0                             0

SCHED_FAILED_REASON_SUCCESS_CORE_90                           304                       3.04274%
SCHED_FAILED_OPERANDS_NOT_READY_CORE_90                      9687                       96.9573%
SCHED_FAILED_NO_AVAILABLE_PORTS_CORE_90                         0                             0%
SCHED_FAILED_NO_MEM_REQ_SLOTS_CORE_90                           0                             0%
SCHED_FAILED_NO_AVAILABLE_SIMD_UNIT_CORE_90                     0                             0%
SCHED_FAILED_FENCE_ACTIVE_CORE_90                               0                             0%
SCHED_FAILED_MEM_MANAGEMENT_CORE_90                             0                             0%
                                                             9991                           100%

NUM_SAMPLES_CORE_91                                          5401                          5401

NUM_ACTIVE_BLOCKS_CORE_91                                    5400                      0.999815

NUM_ACTIVE_THREADS_CORE_91                                  69849                       12.9326

NUM_SCHED_IDLE_CYCLE_CORE_91                                    0                             0

NUM_NO_SCHED_CYCLE_CORE_91                                   1242                          1242

CORE_DISPATCHED_INST_CORE_91                                  304                           304

CORE_DISPATCH_WAIT_CORE_91                                  75884                       249.618

CORE_CYCLES_CORE_91                                             0                             0

CORE_SCHED_THREADS_CORE_91                                      0                           NaN

CORE_NUM_NO_FETCH_CYCLES_CORE_91                                0                             0

CORE_NUM_NO_FETCH_CYCLES_WITH_READY_THREADS_CORE_91                   0                             0

CORE_NUM_FETCH_CYCLES_CORE_91                                   0                             0

CORE_FETCH_DELTA_CORE_91                                        0                           NaN

CORE_NUM_RETIRE_CYCLES_CORE_91                                  0                             0

CORE_RETIRE_DELTA_CORE_91                                       0                           NaN

FENCE_PREF_REQ_CORE_91                                          0                             0

FENCE_WAITING_CORE_91                                           0                             0

DYN_FENCE_NUM_CORE_91                                           0                             0

WB_ORDERING_STALL_CORE_91                                       0                             0

WB_FULL_CORE_91                                                 0                             0

FENCE_TOT_CYCLES_CORE_91                                        0                             0

FENCE_EXEC_CYCLES_CORE_91                                       0                             0

STORE_RES_CORE_91                                               0                             0

STORE_NUM_CORE_91                                               0                             0

STORE_WB_FREE_CORE_91                                           0                             0

SCHED_FAILED_REASON_SUCCESS_CORE_91                           304                       3.39589%
SCHED_FAILED_OPERANDS_NOT_READY_CORE_91                      8648                       96.6041%
SCHED_FAILED_NO_AVAILABLE_PORTS_CORE_91                         0                             0%
SCHED_FAILED_NO_MEM_REQ_SLOTS_CORE_91                           0                             0%
SCHED_FAILED_NO_AVAILABLE_SIMD_UNIT_CORE_91                     0                             0%
SCHED_FAILED_FENCE_ACTIVE_CORE_91                               0                             0%
SCHED_FAILED_MEM_MANAGEMENT_CORE_91                             0                             0%
                                                             8952                           100%

NUM_SAMPLES_CORE_92                                          5501                          5501

NUM_ACTIVE_BLOCKS_CORE_92                                    5500                      0.999818

NUM_ACTIVE_THREADS_CORE_92                                  71433                       12.9855

NUM_SCHED_IDLE_CYCLE_CORE_92                                    0                             0

NUM_NO_SCHED_CYCLE_CORE_92                                   1266                          1266

CORE_DISPATCHED_INST_CORE_92                                  304                           304

CORE_DISPATCH_WAIT_CORE_92                                  81380                       267.697

CORE_CYCLES_CORE_92                                             0                             0

CORE_SCHED_THREADS_CORE_92                                      0                           NaN

CORE_NUM_NO_FETCH_CYCLES_CORE_92                                0                             0

CORE_NUM_NO_FETCH_CYCLES_WITH_READY_THREADS_CORE_92                   0                             0

CORE_NUM_FETCH_CYCLES_CORE_92                                   0                             0

CORE_FETCH_DELTA_CORE_92                                        0                           NaN

CORE_NUM_RETIRE_CYCLES_CORE_92                                  0                             0

CORE_RETIRE_DELTA_CORE_92                                       0                           NaN

FENCE_PREF_REQ_CORE_92                                          0                             0

FENCE_WAITING_CORE_92                                           0                             0

DYN_FENCE_NUM_CORE_92                                           0                             0

WB_ORDERING_STALL_CORE_92                                       0                             0

WB_FULL_CORE_92                                                 0                             0

FENCE_TOT_CYCLES_CORE_92                                        0                             0

FENCE_EXEC_CYCLES_CORE_92                                       0                             0

STORE_RES_CORE_92                                               0                             0

STORE_NUM_CORE_92                                               0                             0

STORE_WB_FREE_CORE_92                                           0                             0

SCHED_FAILED_REASON_SUCCESS_CORE_92                           304                       3.15385%
SCHED_FAILED_OPERANDS_NOT_READY_CORE_92                      9335                       96.8461%
SCHED_FAILED_NO_AVAILABLE_PORTS_CORE_92                         0                             0%
SCHED_FAILED_NO_MEM_REQ_SLOTS_CORE_92                           0                             0%
SCHED_FAILED_NO_AVAILABLE_SIMD_UNIT_CORE_92                     0                             0%
SCHED_FAILED_FENCE_ACTIVE_CORE_92                               0                             0%
SCHED_FAILED_MEM_MANAGEMENT_CORE_92                             0                             0%
                                                             9639                           100%

NUM_SAMPLES_CORE_93                                          5626                          5626

NUM_ACTIVE_BLOCKS_CORE_93                                    5625                      0.999822

NUM_ACTIVE_THREADS_CORE_93                                  72607                       12.9056

NUM_SCHED_IDLE_CYCLE_CORE_93                                    0                             0

NUM_NO_SCHED_CYCLE_CORE_93                                   1298                          1298

CORE_DISPATCHED_INST_CORE_93                                  304                           304

CORE_DISPATCH_WAIT_CORE_93                                  83332                       274.118

CORE_CYCLES_CORE_93                                             0                             0

CORE_SCHED_THREADS_CORE_93                                      0                           NaN

CORE_NUM_NO_FETCH_CYCLES_CORE_93                                0                             0

CORE_NUM_NO_FETCH_CYCLES_WITH_READY_THREADS_CORE_93                   0                             0

CORE_NUM_FETCH_CYCLES_CORE_93                                   0                             0

CORE_FETCH_DELTA_CORE_93                                        0                           NaN

CORE_NUM_RETIRE_CYCLES_CORE_93                                  0                             0

CORE_RETIRE_DELTA_CORE_93                                       0                           NaN

FENCE_PREF_REQ_CORE_93                                          0                             0

FENCE_WAITING_CORE_93                                           0                             0

DYN_FENCE_NUM_CORE_93                                           0                             0

WB_ORDERING_STALL_CORE_93                                       0                             0

WB_FULL_CORE_93                                                 0                             0

FENCE_TOT_CYCLES_CORE_93                                        0                             0

FENCE_EXEC_CYCLES_CORE_93                                       0                             0

STORE_RES_CORE_93                                               0                             0

STORE_NUM_CORE_93                                               0                             0

STORE_WB_FREE_CORE_93                                           0                             0

SCHED_FAILED_REASON_SUCCESS_CORE_93                           304                       3.07599%
SCHED_FAILED_OPERANDS_NOT_READY_CORE_93                      9579                        96.924%
SCHED_FAILED_NO_AVAILABLE_PORTS_CORE_93                         0                             0%
SCHED_FAILED_NO_MEM_REQ_SLOTS_CORE_93                           0                             0%
SCHED_FAILED_NO_AVAILABLE_SIMD_UNIT_CORE_93                     0                             0%
SCHED_FAILED_FENCE_ACTIVE_CORE_93                               0                             0%
SCHED_FAILED_MEM_MANAGEMENT_CORE_93                             0                             0%
                                                             9883                           100%

NUM_SAMPLES_CORE_94                                          5536                          5536

NUM_ACTIVE_BLOCKS_CORE_94                                    5535                      0.999819

NUM_ACTIVE_THREADS_CORE_94                                  67863                       12.2585

NUM_SCHED_IDLE_CYCLE_CORE_94                                    0                             0

NUM_NO_SCHED_CYCLE_CORE_94                                   1278                          1278

CORE_DISPATCHED_INST_CORE_94                                  304                           304

CORE_DISPATCH_WAIT_CORE_94                                  85428                       281.013

CORE_CYCLES_CORE_94                                             0                             0

CORE_SCHED_THREADS_CORE_94                                      0                           NaN

CORE_NUM_NO_FETCH_CYCLES_CORE_94                                0                             0

CORE_NUM_NO_FETCH_CYCLES_WITH_READY_THREADS_CORE_94                   0                             0

CORE_NUM_FETCH_CYCLES_CORE_94                                   0                             0

CORE_FETCH_DELTA_CORE_94                                        0                           NaN

CORE_NUM_RETIRE_CYCLES_CORE_94                                  0                             0

CORE_RETIRE_DELTA_CORE_94                                       0                           NaN

FENCE_PREF_REQ_CORE_94                                          0                             0

FENCE_WAITING_CORE_94                                           0                             0

DYN_FENCE_NUM_CORE_94                                           0                             0

WB_ORDERING_STALL_CORE_94                                       0                             0

WB_FULL_CORE_94                                                 0                             0

FENCE_TOT_CYCLES_CORE_94                                        0                             0

FENCE_EXEC_CYCLES_CORE_94                                       0                             0

STORE_RES_CORE_94                                               0                             0

STORE_NUM_CORE_94                                               0                             0

STORE_WB_FREE_CORE_94                                           0                             0

SCHED_FAILED_REASON_SUCCESS_CORE_94                           304                       2.99655%
SCHED_FAILED_OPERANDS_NOT_READY_CORE_94                      9841                       97.0034%
SCHED_FAILED_NO_AVAILABLE_PORTS_CORE_94                         0                             0%
SCHED_FAILED_NO_MEM_REQ_SLOTS_CORE_94                           0                             0%
SCHED_FAILED_NO_AVAILABLE_SIMD_UNIT_CORE_94                     0                             0%
SCHED_FAILED_FENCE_ACTIVE_CORE_94                               0                             0%
SCHED_FAILED_MEM_MANAGEMENT_CORE_94                             0                             0%
                                                            10145                           100%

NUM_SAMPLES_CORE_95                                          5336                          5336

NUM_ACTIVE_BLOCKS_CORE_95                                    5335                      0.999813

NUM_ACTIVE_THREADS_CORE_95                                  65032                       12.1874

NUM_SCHED_IDLE_CYCLE_CORE_95                                    0                             0

NUM_NO_SCHED_CYCLE_CORE_95                                   1226                          1226

CORE_DISPATCHED_INST_CORE_95                                  304                           304

CORE_DISPATCH_WAIT_CORE_95                                  78628                       258.645

CORE_CYCLES_CORE_95                                             0                             0

CORE_SCHED_THREADS_CORE_95                                      0                           NaN

CORE_NUM_NO_FETCH_CYCLES_CORE_95                                0                             0

CORE_NUM_NO_FETCH_CYCLES_WITH_READY_THREADS_CORE_95                   0                             0

CORE_NUM_FETCH_CYCLES_CORE_95                                   0                             0

CORE_FETCH_DELTA_CORE_95                                        0                           NaN

CORE_NUM_RETIRE_CYCLES_CORE_95                                  0                             0

CORE_RETIRE_DELTA_CORE_95                                       0                           NaN

FENCE_PREF_REQ_CORE_95                                          0                             0

FENCE_WAITING_CORE_95                                           0                             0

DYN_FENCE_NUM_CORE_95                                           0                             0

WB_ORDERING_STALL_CORE_95                                       0                             0

WB_FULL_CORE_95                                                 0                             0

FENCE_TOT_CYCLES_CORE_95                                        0                             0

FENCE_EXEC_CYCLES_CORE_95                                       0                             0

STORE_RES_CORE_95                                               0                             0

STORE_NUM_CORE_95                                               0                             0

STORE_WB_FREE_CORE_95                                           0                             0

SCHED_FAILED_REASON_SUCCESS_CORE_95                           304                       3.27058%
SCHED_FAILED_OPERANDS_NOT_READY_CORE_95                      8991                       96.7294%
SCHED_FAILED_NO_AVAILABLE_PORTS_CORE_95                         0                             0%
SCHED_FAILED_NO_MEM_REQ_SLOTS_CORE_95                           0                             0%
SCHED_FAILED_NO_AVAILABLE_SIMD_UNIT_CORE_95                     0                             0%
SCHED_FAILED_FENCE_ACTIVE_CORE_95                               0                             0%
SCHED_FAILED_MEM_MANAGEMENT_CORE_95                             0                             0%
                                                             9295                           100%

NUM_SAMPLES_CORE_96                                          5511                          5511

NUM_ACTIVE_BLOCKS_CORE_96                                    5510                      0.999819

NUM_ACTIVE_THREADS_CORE_96                                  73165                       13.2762

NUM_SCHED_IDLE_CYCLE_CORE_96                                    0                             0

NUM_NO_SCHED_CYCLE_CORE_96                                   1273                          1273

CORE_DISPATCHED_INST_CORE_96                                  304                           304

CORE_DISPATCH_WAIT_CORE_96                                  87804                       288.829

CORE_CYCLES_CORE_96                                             0                             0

CORE_SCHED_THREADS_CORE_96                                      0                           NaN

CORE_NUM_NO_FETCH_CYCLES_CORE_96                                0                             0

CORE_NUM_NO_FETCH_CYCLES_WITH_READY_THREADS_CORE_96                   0                             0

CORE_NUM_FETCH_CYCLES_CORE_96                                   0                             0

CORE_FETCH_DELTA_CORE_96                                        0                           NaN

CORE_NUM_RETIRE_CYCLES_CORE_96                                  0                             0

CORE_RETIRE_DELTA_CORE_96                                       0                           NaN

FENCE_PREF_REQ_CORE_96                                          0                             0

FENCE_WAITING_CORE_96                                           0                             0

DYN_FENCE_NUM_CORE_96                                           0                             0

WB_ORDERING_STALL_CORE_96                                       0                             0

WB_FULL_CORE_96                                                 0                             0

FENCE_TOT_CYCLES_CORE_96                                        0                             0

FENCE_EXEC_CYCLES_CORE_96                                       0                             0

STORE_RES_CORE_96                                               0                             0

STORE_NUM_CORE_96                                               0                             0

STORE_WB_FREE_CORE_96                                           0                             0

SCHED_FAILED_REASON_SUCCESS_CORE_96                           304                       2.91132%
SCHED_FAILED_OPERANDS_NOT_READY_CORE_96                     10138                       97.0887%
SCHED_FAILED_NO_AVAILABLE_PORTS_CORE_96                         0                             0%
SCHED_FAILED_NO_MEM_REQ_SLOTS_CORE_96                           0                             0%
SCHED_FAILED_NO_AVAILABLE_SIMD_UNIT_CORE_96                     0                             0%
SCHED_FAILED_FENCE_ACTIVE_CORE_96                               0                             0%
SCHED_FAILED_MEM_MANAGEMENT_CORE_96                             0                             0%
                                                            10442                           100%

NUM_SAMPLES_CORE_97                                          5586                          5586

NUM_ACTIVE_BLOCKS_CORE_97                                    5585                      0.999821

NUM_ACTIVE_THREADS_CORE_97                                  74246                       13.2914

NUM_SCHED_IDLE_CYCLE_CORE_97                                    0                             0

NUM_NO_SCHED_CYCLE_CORE_97                                   1291                          1291

CORE_DISPATCHED_INST_CORE_97                                  304                           304

CORE_DISPATCH_WAIT_CORE_97                                  91932                       302.408

CORE_CYCLES_CORE_97                                             0                             0

CORE_SCHED_THREADS_CORE_97                                      0                           NaN

CORE_NUM_NO_FETCH_CYCLES_CORE_97                                0                             0

CORE_NUM_NO_FETCH_CYCLES_WITH_READY_THREADS_CORE_97                   0                             0

CORE_NUM_FETCH_CYCLES_CORE_97                                   0                             0

CORE_FETCH_DELTA_CORE_97                                        0                           NaN

CORE_NUM_RETIRE_CYCLES_CORE_97                                  0                             0

CORE_RETIRE_DELTA_CORE_97                                       0                           NaN

FENCE_PREF_REQ_CORE_97                                          0                             0

FENCE_WAITING_CORE_97                                           0                             0

DYN_FENCE_NUM_CORE_97                                           0                             0

WB_ORDERING_STALL_CORE_97                                       0                             0

WB_FULL_CORE_97                                                 0                             0

FENCE_TOT_CYCLES_CORE_97                                        0                             0

FENCE_EXEC_CYCLES_CORE_97                                       0                             0

STORE_RES_CORE_97                                               0                             0

STORE_NUM_CORE_97                                               0                             0

STORE_WB_FREE_CORE_97                                           0                             0

SCHED_FAILED_REASON_SUCCESS_CORE_97                           304                       2.77423%
SCHED_FAILED_OPERANDS_NOT_READY_CORE_97                     10654                       97.2258%
SCHED_FAILED_NO_AVAILABLE_PORTS_CORE_97                         0                             0%
SCHED_FAILED_NO_MEM_REQ_SLOTS_CORE_97                           0                             0%
SCHED_FAILED_NO_AVAILABLE_SIMD_UNIT_CORE_97                     0                             0%
SCHED_FAILED_FENCE_ACTIVE_CORE_97                               0                             0%
SCHED_FAILED_MEM_MANAGEMENT_CORE_97                             0                             0%
                                                            10958                           100%

NUM_SAMPLES_CORE_98                                          5636                          5636

NUM_ACTIVE_BLOCKS_CORE_98                                    5635                      0.999823

NUM_ACTIVE_THREADS_CORE_98                                  75632                       13.4194

NUM_SCHED_IDLE_CYCLE_CORE_98                                    0                             0

NUM_NO_SCHED_CYCLE_CORE_98                                   1304                          1304

CORE_DISPATCHED_INST_CORE_98                                  304                           304

CORE_DISPATCH_WAIT_CORE_98                                  96460                       317.303

CORE_CYCLES_CORE_98                                             0                             0

CORE_SCHED_THREADS_CORE_98                                      0                           NaN

CORE_NUM_NO_FETCH_CYCLES_CORE_98                                0                             0

CORE_NUM_NO_FETCH_CYCLES_WITH_READY_THREADS_CORE_98                   0                             0

CORE_NUM_FETCH_CYCLES_CORE_98                                   0                             0

CORE_FETCH_DELTA_CORE_98                                        0                           NaN

CORE_NUM_RETIRE_CYCLES_CORE_98                                  0                             0

CORE_RETIRE_DELTA_CORE_98                                       0                           NaN

FENCE_PREF_REQ_CORE_98                                          0                             0

FENCE_WAITING_CORE_98                                           0                             0

DYN_FENCE_NUM_CORE_98                                           0                             0

WB_ORDERING_STALL_CORE_98                                       0                             0

WB_FULL_CORE_98                                                 0                             0

FENCE_TOT_CYCLES_CORE_98                                        0                             0

FENCE_EXEC_CYCLES_CORE_98                                       0                             0

STORE_RES_CORE_98                                               0                             0

STORE_NUM_CORE_98                                               0                             0

STORE_WB_FREE_CORE_98                                           0                             0

SCHED_FAILED_REASON_SUCCESS_CORE_98                           304                       2.63797%
SCHED_FAILED_OPERANDS_NOT_READY_CORE_98                     11220                        97.362%
SCHED_FAILED_NO_AVAILABLE_PORTS_CORE_98                         0                             0%
SCHED_FAILED_NO_MEM_REQ_SLOTS_CORE_98                           0                             0%
SCHED_FAILED_NO_AVAILABLE_SIMD_UNIT_CORE_98                     0                             0%
SCHED_FAILED_FENCE_ACTIVE_CORE_98                               0                             0%
SCHED_FAILED_MEM_MANAGEMENT_CORE_98                             0                             0%
                                                            11524                           100%

NUM_SAMPLES_CORE_99                                          5436                          5436

NUM_ACTIVE_BLOCKS_CORE_99                                    5435                      0.999816

NUM_ACTIVE_THREADS_CORE_99                                  72678                       13.3698

NUM_SCHED_IDLE_CYCLE_CORE_99                                    0                             0

NUM_NO_SCHED_CYCLE_CORE_99                                   1250                          1250

CORE_DISPATCHED_INST_CORE_99                                  304                           304

CORE_DISPATCH_WAIT_CORE_99                                  85716                       281.961

CORE_CYCLES_CORE_99                                             0                             0

CORE_SCHED_THREADS_CORE_99                                      0                           NaN

CORE_NUM_NO_FETCH_CYCLES_CORE_99                                0                             0

CORE_NUM_NO_FETCH_CYCLES_WITH_READY_THREADS_CORE_99                   0                             0

CORE_NUM_FETCH_CYCLES_CORE_99                                   0                             0

CORE_FETCH_DELTA_CORE_99                                        0                           NaN

CORE_NUM_RETIRE_CYCLES_CORE_99                                  0                             0

CORE_RETIRE_DELTA_CORE_99                                       0                           NaN

FENCE_PREF_REQ_CORE_99                                          0                             0

FENCE_WAITING_CORE_99                                           0                             0

DYN_FENCE_NUM_CORE_99                                           0                             0

WB_ORDERING_STALL_CORE_99                                       0                             0

WB_FULL_CORE_99                                                 0                             0

FENCE_TOT_CYCLES_CORE_99                                        0                             0

FENCE_EXEC_CYCLES_CORE_99                                       0                             0

STORE_RES_CORE_99                                               0                             0

STORE_NUM_CORE_99                                               0                             0

STORE_WB_FREE_CORE_99                                           0                             0

SCHED_FAILED_REASON_SUCCESS_CORE_99                           304                       2.98595%
SCHED_FAILED_OPERANDS_NOT_READY_CORE_99                      9877                        97.014%
SCHED_FAILED_NO_AVAILABLE_PORTS_CORE_99                         0                             0%
SCHED_FAILED_NO_MEM_REQ_SLOTS_CORE_99                           0                             0%
SCHED_FAILED_NO_AVAILABLE_SIMD_UNIT_CORE_99                     0                             0%
SCHED_FAILED_FENCE_ACTIVE_CORE_99                               0                             0%
SCHED_FAILED_MEM_MANAGEMENT_CORE_99                             0                             0%
                                                            10181                           100%

NUM_SAMPLES_CORE_100                                         6040                          6040

NUM_ACTIVE_BLOCKS_CORE_100                                   6039                      0.999834

NUM_ACTIVE_THREADS_CORE_100                                 85324                       14.1265

NUM_SCHED_IDLE_CYCLE_CORE_100                                   0                             0

NUM_NO_SCHED_CYCLE_CORE_100                                  1402                          1402

CORE_DISPATCHED_INST_CORE_100                                 304                           304

CORE_DISPATCH_WAIT_CORE_100                                 89724                       295.145

CORE_CYCLES_CORE_100                                            0                             0

CORE_SCHED_THREADS_CORE_100                                     0                           NaN

CORE_NUM_NO_FETCH_CYCLES_CORE_100                               0                             0

CORE_NUM_NO_FETCH_CYCLES_WITH_READY_THREADS_CORE_100                   0                             0

CORE_NUM_FETCH_CYCLES_CORE_100                                  0                             0

CORE_FETCH_DELTA_CORE_100                                       0                           NaN

CORE_NUM_RETIRE_CYCLES_CORE_100                                 0                             0

CORE_RETIRE_DELTA_CORE_100                                      0                           NaN

FENCE_PREF_REQ_CORE_100                                         0                             0

FENCE_WAITING_CORE_100                                          0                             0

DYN_FENCE_NUM_CORE_100                                          0                             0

WB_ORDERING_STALL_CORE_100                                      0                             0

WB_FULL_CORE_100                                                0                             0

FENCE_TOT_CYCLES_CORE_100                                       0                             0

FENCE_EXEC_CYCLES_CORE_100                                      0                             0

STORE_RES_CORE_100                                              0                             0

STORE_NUM_CORE_100                                              0                             0

STORE_WB_FREE_CORE_100                                          0                             0

SCHED_FAILED_REASON_SUCCESS_CORE_100                          304                       2.84591%
SCHED_FAILED_OPERANDS_NOT_READY_CORE_100                    10378                       97.1541%
SCHED_FAILED_NO_AVAILABLE_PORTS_CORE_100                        0                             0%
SCHED_FAILED_NO_MEM_REQ_SLOTS_CORE_100                          0                             0%
SCHED_FAILED_NO_AVAILABLE_SIMD_UNIT_CORE_100                    0                             0%
SCHED_FAILED_FENCE_ACTIVE_CORE_100                              0                             0%
SCHED_FAILED_MEM_MANAGEMENT_CORE_100                            0                             0%
                                                            10682                           100%

NUM_SAMPLES_CORE_101                                         6140                          6140

NUM_ACTIVE_BLOCKS_CORE_101                                   6139                      0.999837

NUM_ACTIVE_THREADS_CORE_101                                 86316                        14.058

NUM_SCHED_IDLE_CYCLE_CORE_101                                   0                             0

NUM_NO_SCHED_CYCLE_CORE_101                                  1428                          1428

CORE_DISPATCHED_INST_CORE_101                                 304                           304

CORE_DISPATCH_WAIT_CORE_101                                 94164                        309.75

CORE_CYCLES_CORE_101                                            0                             0

CORE_SCHED_THREADS_CORE_101                                     0                           NaN

CORE_NUM_NO_FETCH_CYCLES_CORE_101                               0                             0

CORE_NUM_NO_FETCH_CYCLES_WITH_READY_THREADS_CORE_101                   0                             0

CORE_NUM_FETCH_CYCLES_CORE_101                                  0                             0

CORE_FETCH_DELTA_CORE_101                                       0                           NaN

CORE_NUM_RETIRE_CYCLES_CORE_101                                 0                             0

CORE_RETIRE_DELTA_CORE_101                                      0                           NaN

FENCE_PREF_REQ_CORE_101                                         0                             0

FENCE_WAITING_CORE_101                                          0                             0

DYN_FENCE_NUM_CORE_101                                          0                             0

WB_ORDERING_STALL_CORE_101                                      0                             0

WB_FULL_CORE_101                                                0                             0

FENCE_TOT_CYCLES_CORE_101                                       0                             0

FENCE_EXEC_CYCLES_CORE_101                                      0                             0

STORE_RES_CORE_101                                              0                             0

STORE_NUM_CORE_101                                              0                             0

STORE_WB_FREE_CORE_101                                          0                             0

SCHED_FAILED_REASON_SUCCESS_CORE_101                          304                       2.70535%
SCHED_FAILED_OPERANDS_NOT_READY_CORE_101                    10933                       97.2947%
SCHED_FAILED_NO_AVAILABLE_PORTS_CORE_101                        0                             0%
SCHED_FAILED_NO_MEM_REQ_SLOTS_CORE_101                          0                             0%
SCHED_FAILED_NO_AVAILABLE_SIMD_UNIT_CORE_101                    0                             0%
SCHED_FAILED_FENCE_ACTIVE_CORE_101                              0                             0%
SCHED_FAILED_MEM_MANAGEMENT_CORE_101                            0                             0%
                                                            11237                           100%

NUM_SAMPLES_CORE_102                                         6440                          6440

NUM_ACTIVE_BLOCKS_CORE_102                                   6439                      0.999845

NUM_ACTIVE_THREADS_CORE_102                                 90235                       14.0116

NUM_SCHED_IDLE_CYCLE_CORE_102                                   0                             0

NUM_NO_SCHED_CYCLE_CORE_102                                  1500                          1500

CORE_DISPATCHED_INST_CORE_102                                 304                           304

CORE_DISPATCH_WAIT_CORE_102                                108316                       356.303

CORE_CYCLES_CORE_102                                            0                             0

CORE_SCHED_THREADS_CORE_102                                     0                           NaN

CORE_NUM_NO_FETCH_CYCLES_CORE_102                               0                             0

CORE_NUM_NO_FETCH_CYCLES_WITH_READY_THREADS_CORE_102                   0                             0

CORE_NUM_FETCH_CYCLES_CORE_102                                  0                             0

CORE_FETCH_DELTA_CORE_102                                       0                           NaN

CORE_NUM_RETIRE_CYCLES_CORE_102                                 0                             0

CORE_RETIRE_DELTA_CORE_102                                      0                           NaN

FENCE_PREF_REQ_CORE_102                                         0                             0

FENCE_WAITING_CORE_102                                          0                             0

DYN_FENCE_NUM_CORE_102                                          0                             0

WB_ORDERING_STALL_CORE_102                                      0                             0

WB_FULL_CORE_102                                                0                             0

FENCE_TOT_CYCLES_CORE_102                                       0                             0

FENCE_EXEC_CYCLES_CORE_102                                      0                             0

STORE_RES_CORE_102                                              0                             0

STORE_NUM_CORE_102                                              0                             0

STORE_WB_FREE_CORE_102                                          0                             0

SCHED_FAILED_REASON_SUCCESS_CORE_102                          304                       2.33738%
SCHED_FAILED_OPERANDS_NOT_READY_CORE_102                    12702                       97.6626%
SCHED_FAILED_NO_AVAILABLE_PORTS_CORE_102                        0                             0%
SCHED_FAILED_NO_MEM_REQ_SLOTS_CORE_102                          0                             0%
SCHED_FAILED_NO_AVAILABLE_SIMD_UNIT_CORE_102                    0                             0%
SCHED_FAILED_FENCE_ACTIVE_CORE_102                              0                             0%
SCHED_FAILED_MEM_MANAGEMENT_CORE_102                            0                             0%
                                                            13006                           100%

NUM_SAMPLES_CORE_103                                         6390                          6390

NUM_ACTIVE_BLOCKS_CORE_103                                   6389                      0.999843

NUM_ACTIVE_THREADS_CORE_103                                 88239                       13.8089

NUM_SCHED_IDLE_CYCLE_CORE_103                                   0                             0

NUM_NO_SCHED_CYCLE_CORE_103                                  1487                          1487

CORE_DISPATCHED_INST_CORE_103                                 304                           304

CORE_DISPATCH_WAIT_CORE_103                                 97044                       319.224

CORE_CYCLES_CORE_103                                            0                             0

CORE_SCHED_THREADS_CORE_103                                     0                           NaN

CORE_NUM_NO_FETCH_CYCLES_CORE_103                               0                             0

CORE_NUM_NO_FETCH_CYCLES_WITH_READY_THREADS_CORE_103                   0                             0

CORE_NUM_FETCH_CYCLES_CORE_103                                  0                             0

CORE_FETCH_DELTA_CORE_103                                       0                           NaN

CORE_NUM_RETIRE_CYCLES_CORE_103                                 0                             0

CORE_RETIRE_DELTA_CORE_103                                      0                           NaN

FENCE_PREF_REQ_CORE_103                                         0                             0

FENCE_WAITING_CORE_103                                          0                             0

DYN_FENCE_NUM_CORE_103                                          0                             0

WB_ORDERING_STALL_CORE_103                                      0                             0

WB_FULL_CORE_103                                                0                             0

FENCE_TOT_CYCLES_CORE_103                                       0                             0

FENCE_EXEC_CYCLES_CORE_103                                      0                             0

STORE_RES_CORE_103                                              0                             0

STORE_NUM_CORE_103                                              0                             0

STORE_WB_FREE_CORE_103                                          0                             0

SCHED_FAILED_REASON_SUCCESS_CORE_103                          304                       2.62137%
SCHED_FAILED_OPERANDS_NOT_READY_CORE_103                    11293                       97.3786%
SCHED_FAILED_NO_AVAILABLE_PORTS_CORE_103                        0                             0%
SCHED_FAILED_NO_MEM_REQ_SLOTS_CORE_103                          0                             0%
SCHED_FAILED_NO_AVAILABLE_SIMD_UNIT_CORE_103                    0                             0%
SCHED_FAILED_FENCE_ACTIVE_CORE_103                              0                             0%
SCHED_FAILED_MEM_MANAGEMENT_CORE_103                            0                             0%
                                                            11597                           100%

NUM_SAMPLES_CORE_104                                         5150                          5150

NUM_ACTIVE_BLOCKS_CORE_104                                   5149                      0.999806

NUM_ACTIVE_THREADS_CORE_104                                 69481                       13.4915

NUM_SCHED_IDLE_CYCLE_CORE_104                                   0                             0

NUM_NO_SCHED_CYCLE_CORE_104                                  1180                          1180

CORE_DISPATCHED_INST_CORE_104                                 304                           304

CORE_DISPATCH_WAIT_CORE_104                                102908                       338.513

CORE_CYCLES_CORE_104                                            0                             0

CORE_SCHED_THREADS_CORE_104                                     0                           NaN

CORE_NUM_NO_FETCH_CYCLES_CORE_104                               0                             0

CORE_NUM_NO_FETCH_CYCLES_WITH_READY_THREADS_CORE_104                   0                             0

CORE_NUM_FETCH_CYCLES_CORE_104                                  0                             0

CORE_FETCH_DELTA_CORE_104                                       0                           NaN

CORE_NUM_RETIRE_CYCLES_CORE_104                                 0                             0

CORE_RETIRE_DELTA_CORE_104                                      0                           NaN

FENCE_PREF_REQ_CORE_104                                         0                             0

FENCE_WAITING_CORE_104                                          0                             0

DYN_FENCE_NUM_CORE_104                                          0                             0

WB_ORDERING_STALL_CORE_104                                      0                             0

WB_FULL_CORE_104                                                0                             0

FENCE_TOT_CYCLES_CORE_104                                       0                             0

FENCE_EXEC_CYCLES_CORE_104                                      0                             0

STORE_RES_CORE_104                                              0                             0

STORE_NUM_CORE_104                                              0                             0

STORE_WB_FREE_CORE_104                                          0                             0

SCHED_FAILED_REASON_SUCCESS_CORE_104                          304                       2.46553%
SCHED_FAILED_OPERANDS_NOT_READY_CORE_104                    12026                       97.5345%
SCHED_FAILED_NO_AVAILABLE_PORTS_CORE_104                        0                             0%
SCHED_FAILED_NO_MEM_REQ_SLOTS_CORE_104                          0                             0%
SCHED_FAILED_NO_AVAILABLE_SIMD_UNIT_CORE_104                    0                             0%
SCHED_FAILED_FENCE_ACTIVE_CORE_104                              0                             0%
SCHED_FAILED_MEM_MANAGEMENT_CORE_104                            0                             0%
                                                            12330                           100%

NUM_SAMPLES_CORE_105                                         5250                          5250

NUM_ACTIVE_BLOCKS_CORE_105                                   5249                       0.99981

NUM_ACTIVE_THREADS_CORE_105                                 70169                       13.3655

NUM_SCHED_IDLE_CYCLE_CORE_105                                   0                             0

NUM_NO_SCHED_CYCLE_CORE_105                                  1202                          1202

CORE_DISPATCHED_INST_CORE_105                                 304                           304

CORE_DISPATCH_WAIT_CORE_105                                105596                       347.355

CORE_CYCLES_CORE_105                                            0                             0

CORE_SCHED_THREADS_CORE_105                                     0                           NaN

CORE_NUM_NO_FETCH_CYCLES_CORE_105                               0                             0

CORE_NUM_NO_FETCH_CYCLES_WITH_READY_THREADS_CORE_105                   0                             0

CORE_NUM_FETCH_CYCLES_CORE_105                                  0                             0

CORE_FETCH_DELTA_CORE_105                                       0                           NaN

CORE_NUM_RETIRE_CYCLES_CORE_105                                 0                             0

CORE_RETIRE_DELTA_CORE_105                                      0                           NaN

FENCE_PREF_REQ_CORE_105                                         0                             0

FENCE_WAITING_CORE_105                                          0                             0

DYN_FENCE_NUM_CORE_105                                          0                             0

WB_ORDERING_STALL_CORE_105                                      0                             0

WB_FULL_CORE_105                                                0                             0

FENCE_TOT_CYCLES_CORE_105                                       0                             0

FENCE_EXEC_CYCLES_CORE_105                                      0                             0

STORE_RES_CORE_105                                              0                             0

STORE_NUM_CORE_105                                              0                             0

STORE_WB_FREE_CORE_105                                          0                             0

SCHED_FAILED_REASON_SUCCESS_CORE_105                          304                       2.40013%
SCHED_FAILED_OPERANDS_NOT_READY_CORE_105                    12362                       97.5999%
SCHED_FAILED_NO_AVAILABLE_PORTS_CORE_105                        0                             0%
SCHED_FAILED_NO_MEM_REQ_SLOTS_CORE_105                          0                             0%
SCHED_FAILED_NO_AVAILABLE_SIMD_UNIT_CORE_105                    0                             0%
SCHED_FAILED_FENCE_ACTIVE_CORE_105                              0                             0%
SCHED_FAILED_MEM_MANAGEMENT_CORE_105                            0                             0%
                                                            12666                           100%

NUM_SAMPLES_CORE_106                                         6065                          6065

NUM_ACTIVE_BLOCKS_CORE_106                                   6064                      0.999835

NUM_ACTIVE_THREADS_CORE_106                                 84287                       13.8973

NUM_SCHED_IDLE_CYCLE_CORE_106                                   0                             0

NUM_NO_SCHED_CYCLE_CORE_106                                  1408                          1408

CORE_DISPATCHED_INST_CORE_106                                 304                           304

CORE_DISPATCH_WAIT_CORE_106                                111540                       366.908

CORE_CYCLES_CORE_106                                            0                             0

CORE_SCHED_THREADS_CORE_106                                     0                           NaN

CORE_NUM_NO_FETCH_CYCLES_CORE_106                               0                             0

CORE_NUM_NO_FETCH_CYCLES_WITH_READY_THREADS_CORE_106                   0                             0

CORE_NUM_FETCH_CYCLES_CORE_106                                  0                             0

CORE_FETCH_DELTA_CORE_106                                       0                           NaN

CORE_NUM_RETIRE_CYCLES_CORE_106                                 0                             0

CORE_RETIRE_DELTA_CORE_106                                      0                           NaN

FENCE_PREF_REQ_CORE_106                                         0                             0

FENCE_WAITING_CORE_106                                          0                             0

DYN_FENCE_NUM_CORE_106                                          0                             0

WB_ORDERING_STALL_CORE_106                                      0                             0

WB_FULL_CORE_106                                                0                             0

FENCE_TOT_CYCLES_CORE_106                                       0                             0

FENCE_EXEC_CYCLES_CORE_106                                      0                             0

STORE_RES_CORE_106                                              0                             0

STORE_NUM_CORE_106                                              0                             0

STORE_WB_FREE_CORE_106                                          0                             0

SCHED_FAILED_REASON_SUCCESS_CORE_106                          304                       2.26713%
SCHED_FAILED_OPERANDS_NOT_READY_CORE_106                    13105                       97.7329%
SCHED_FAILED_NO_AVAILABLE_PORTS_CORE_106                        0                             0%
SCHED_FAILED_NO_MEM_REQ_SLOTS_CORE_106                          0                             0%
SCHED_FAILED_NO_AVAILABLE_SIMD_UNIT_CORE_106                    0                             0%
SCHED_FAILED_FENCE_ACTIVE_CORE_106                              0                             0%
SCHED_FAILED_MEM_MANAGEMENT_CORE_106                            0                             0%
                                                            13409                           100%

NUM_SAMPLES_CORE_107                                         6015                          6015

NUM_ACTIVE_BLOCKS_CORE_107                                   6014                      0.999834

NUM_ACTIVE_THREADS_CORE_107                                 81147                       13.4908

NUM_SCHED_IDLE_CYCLE_CORE_107                                   0                             0

NUM_NO_SCHED_CYCLE_CORE_107                                  1396                          1396

CORE_DISPATCHED_INST_CORE_107                                 304                           304

CORE_DISPATCH_WAIT_CORE_107                                 99364                       326.855

CORE_CYCLES_CORE_107                                            0                             0

CORE_SCHED_THREADS_CORE_107                                     0                           NaN

CORE_NUM_NO_FETCH_CYCLES_CORE_107                               0                             0

CORE_NUM_NO_FETCH_CYCLES_WITH_READY_THREADS_CORE_107                   0                             0

CORE_NUM_FETCH_CYCLES_CORE_107                                  0                             0

CORE_FETCH_DELTA_CORE_107                                       0                           NaN

CORE_NUM_RETIRE_CYCLES_CORE_107                                 0                             0

CORE_RETIRE_DELTA_CORE_107                                      0                           NaN

FENCE_PREF_REQ_CORE_107                                         0                             0

FENCE_WAITING_CORE_107                                          0                             0

DYN_FENCE_NUM_CORE_107                                          0                             0

WB_ORDERING_STALL_CORE_107                                      0                             0

WB_FULL_CORE_107                                                0                             0

FENCE_TOT_CYCLES_CORE_107                                       0                             0

FENCE_EXEC_CYCLES_CORE_107                                      0                             0

STORE_RES_CORE_107                                              0                             0

STORE_NUM_CORE_107                                              0                             0

STORE_WB_FREE_CORE_107                                          0                             0

SCHED_FAILED_REASON_SUCCESS_CORE_107                          304                       2.55742%
SCHED_FAILED_OPERANDS_NOT_READY_CORE_107                    11583                       97.4426%
SCHED_FAILED_NO_AVAILABLE_PORTS_CORE_107                        0                             0%
SCHED_FAILED_NO_MEM_REQ_SLOTS_CORE_107                          0                             0%
SCHED_FAILED_NO_AVAILABLE_SIMD_UNIT_CORE_107                    0                             0%
SCHED_FAILED_FENCE_ACTIVE_CORE_107                              0                             0%
SCHED_FAILED_MEM_MANAGEMENT_CORE_107                            0                             0%
                                                            11887                           100%

