Arguments: ./macsim 
src/macsim.cc:122: (I=0  C=0):  initialize knobs
number of cores : 108
src/macsim.cc:541: (I=0  C=0):  initialize simulation
src/macsim.cc:321: (I=0  C=0):  initialize cores (0/0/108)
src/memory.cc:1570: (I=0  C=0):  Memory system(l2_decoupled_network) has been initialized.
src/network_simple.cc:90: (I=0  C=0):  TOTAL_ROUTER:155 CPU:0 GPU:108 L3:1 LLC:40 MC:6
enabling bug detector
src/macsim.cc:754: (I=0  C=0):  Initializing new noc

src/macsim.cc:842: (I=0  C=0):  Clock LCM           : 60
src/macsim.cc:843: (I=0  C=0):  CPU clock frequency : 1.597 GHz
src/macsim.cc:844: (I=0  C=0):  GPU clock frequency : 1.597 GHz
src/macsim.cc:845: (I=0  C=0):  LLC clock frequency : 1.597 GHz
src/macsim.cc:846: (I=0  C=0):  NOC clock frequency : 1.597 GHz
src/macsim.cc:847: (I=0  C=0):  MC  clock frequency : 1.215 GHz
src/process_manager.cc:426: (I=0  C=0):  setup_process:0 /home/cory/ExpressGNN/traces/macsim-update/Kernel68290/trace.txt current_index:0 (1)
trace:/home/cory/ExpressGNN/traces/macsim-update/Kernel68290/trace.txt is opened 
trace type: nvbit end
src/process_manager.cc:541: (I=0  C=0):  thread_count: 2048
src/process_manager.cc:542: (I=0  C=0):  max blocks per core: 8
**Core 20 Thread 12 Finished:   insts:19          cycles:1547       (6184)  seconds:4     -- 0.01 IPC (0.01 IPC) --  N/A  KHz (0.00 KHz) 
**Core 20 Thread 13 Finished:   insts:19          cycles:1587       (6344)  seconds:4     -- 0.01 IPC (0.01 IPC) --  N/A  KHz (0.00 KHz) 
**Core 20 Thread 00 Finished:   insts:19          cycles:1703       (6808)  seconds:4     -- 0.01 IPC (0.01 IPC) --  N/A  KHz (0.00 KHz) 
**Core 20 Thread 01 Finished:   insts:19          cycles:1742       (6964)  seconds:4     -- 0.01 IPC (0.01 IPC) --  N/A  KHz (0.00 KHz) 
**Core 20 Thread 14 Finished:   insts:19          cycles:1794       (7172)  seconds:4     -- 0.01 IPC (0.01 IPC) --  N/A  KHz (0.00 KHz) 
**Core 20 Thread 15 Finished:   insts:19          cycles:1796       (7180)  seconds:4     -- 0.01 IPC (0.01 IPC) --  N/A  KHz (0.00 KHz) 
**Core 24 Thread 12 Finished:   insts:19          cycles:1818       (7268)  seconds:4     -- 0.01 IPC (0.01 IPC) --  N/A  KHz (0.00 KHz) 
**Core 32 Thread 12 Finished:   insts:19          cycles:1819       (7272)  seconds:4     -- 0.01 IPC (0.01 IPC) --  N/A  KHz (0.00 KHz) 
**Core 24 Thread 13 Finished:   insts:19          cycles:1826       (7300)  seconds:4     -- 0.01 IPC (0.01 IPC) --  N/A  KHz (0.00 KHz) 
**Core 28 Thread 12 Finished:   insts:19          cycles:1827       (7304)  seconds:4     -- 0.01 IPC (0.01 IPC) --  N/A  KHz (0.00 KHz) 
**Core 32 Thread 13 Finished:   insts:19          cycles:1830       (7316)  seconds:4     -- 0.01 IPC (0.01 IPC) --  N/A  KHz (0.00 KHz) 
**Core 20 Thread 05 Finished:   insts:19          cycles:1838       (7348)  seconds:4     -- 0.01 IPC (0.01 IPC) --  N/A  KHz (0.00 KHz) 
**Core 20 Thread 03 Finished:   insts:19          cycles:1858       (7428)  seconds:4     -- 0.01 IPC (0.01 IPC) --  N/A  KHz (0.00 KHz) 
**Core 21 Thread 13 Finished:   insts:19          cycles:1886       (7540)  seconds:4     -- 0.01 IPC (0.01 IPC) --  N/A  KHz (0.00 KHz) 
**Core 21 Thread 12 Finished:   insts:19          cycles:1926       (7700)  seconds:4     -- 0.01 IPC (0.01 IPC) --  N/A  KHz (0.00 KHz) 
**Core 28 Thread 13 Finished:   insts:19          cycles:1932       (7724)  seconds:4     -- 0.01 IPC (0.01 IPC) --  N/A  KHz (0.00 KHz) 
**Core 33 Thread 12 Finished:   insts:19          cycles:1962       (7844)  seconds:4     -- 0.01 IPC (0.01 IPC) --  N/A  KHz (0.00 KHz) 
**Core 24 Thread 00 Finished:   insts:19          cycles:1965       (7856)  seconds:4     -- 0.01 IPC (0.01 IPC) --  N/A  KHz (0.00 KHz) 
**Core 30 Thread 12 Finished:   insts:19          cycles:1965       (7856)  seconds:4     -- 0.01 IPC (0.01 IPC) --  N/A  KHz (0.00 KHz) 
**Core 24 Thread 01 Finished:   insts:19          cycles:1968       (7868)  seconds:4     -- 0.01 IPC (0.01 IPC) --  N/A  KHz (0.00 KHz) 
**Core 33 Thread 13 Finished:   insts:19          cycles:1968       (7868)  seconds:4     -- 0.01 IPC (0.01 IPC) --  N/A  KHz (0.00 KHz) 
**Core 36 Thread 12 Finished:   insts:19          cycles:1969       (7872)  seconds:4     -- 0.01 IPC (0.01 IPC) --  N/A  KHz (0.00 KHz) 
**Core 30 Thread 13 Finished:   insts:19          cycles:1971       (7880)  seconds:4     -- 0.01 IPC (0.01 IPC) --  N/A  KHz (0.00 KHz) 
**Core 24 Thread 14 Finished:   insts:19          cycles:1971       (7880)  seconds:4     -- 0.01 IPC (0.01 IPC) --  N/A  KHz (0.00 KHz) 
**Core 36 Thread 13 Finished:   insts:19          cycles:1972       (7884)  seconds:4     -- 0.01 IPC (0.01 IPC) --  N/A  KHz (0.00 KHz) 
**Core 24 Thread 15 Finished:   insts:19          cycles:1974       (7892)  seconds:4     -- 0.01 IPC (0.01 IPC) --  N/A  KHz (0.00 KHz) 
**Core 31 Thread 12 Finished:   insts:19          cycles:1975       (7896)  seconds:4     -- 0.01 IPC (0.01 IPC) --  N/A  KHz (0.00 KHz) 
**Core 34 Thread 12 Finished:   insts:19          cycles:1976       (7900)  seconds:4     -- 0.01 IPC (0.01 IPC) --  N/A  KHz (0.00 KHz) 
**Core 24 Thread 05 Finished:   insts:19          cycles:1991       (7960)  seconds:4     -- 0.01 IPC (0.01 IPC) --  N/A  KHz (0.00 KHz) 
**Core 31 Thread 13 Finished:   insts:19          cycles:1991       (7960)  seconds:4     -- 0.01 IPC (0.01 IPC) --  N/A  KHz (0.00 KHz) 
**Core 20 Thread 02 Finished:   insts:19          cycles:1992       (7964)  seconds:4     -- 0.01 IPC (0.01 IPC) --  N/A  KHz (0.00 KHz) 
**Core 24 Thread 02 Finished:   insts:19          cycles:1994       (7972)  seconds:4     -- 0.01 IPC (0.01 IPC) --  N/A  KHz (0.00 KHz) 
**Core 30 Thread 00 Finished:   insts:19          cycles:1995       (7976)  seconds:4     -- 0.01 IPC (0.01 IPC) --  N/A  KHz (0.00 KHz) 
**Core 37 Thread 12 Finished:   insts:19          cycles:1998       (7988)  seconds:4     -- 0.01 IPC (0.01 IPC) --  N/A  KHz (0.00 KHz) 
**Core 25 Thread 12 Finished:   insts:19          cycles:2010       (8036)  seconds:4     -- 0.01 IPC (0.01 IPC) --  N/A  KHz (0.00 KHz) 
**Core 30 Thread 01 Finished:   insts:19          cycles:2013       (8048)  seconds:4     -- 0.01 IPC (0.01 IPC) --  N/A  KHz (0.00 KHz) 
**Core 20 Thread 04 Finished:   insts:19          cycles:2029       (8112)  seconds:4     -- 0.01 IPC (0.01 IPC) --  N/A  KHz (0.00 KHz) 
**Core 34 Thread 13 Finished:   insts:19          cycles:2034       (8132)  seconds:4     -- 0.01 IPC (0.01 IPC) --  N/A  KHz (0.00 KHz) 
**Core 25 Thread 13 Finished:   insts:19          cycles:2036       (8140)  seconds:4     -- 0.01 IPC (0.01 IPC) --  N/A  KHz (0.00 KHz) 
**Core 20 Thread 06 Finished:   insts:19          cycles:2042       (8164)  seconds:4     -- 0.01 IPC (0.01 IPC) --  N/A  KHz (0.00 KHz) 
**Core 30 Thread 14 Finished:   insts:19          cycles:2043       (8168)  seconds:4     -- 0.01 IPC (0.01 IPC) --  N/A  KHz (0.00 KHz) 
**Core 20 Thread 07 Finished:   insts:19          cycles:2078       (8308)  seconds:4     -- 0.01 IPC (0.01 IPC) --  N/A  KHz (0.00 KHz) 
**Core 37 Thread 13 Finished:   insts:19          cycles:2080       (8316)  seconds:4     -- 0.01 IPC (0.01 IPC) --  N/A  KHz (0.00 KHz) 
**Core 24 Thread 03 Finished:   insts:19          cycles:2081       (8320)  seconds:4     -- 0.01 IPC (0.01 IPC) --  N/A  KHz (0.00 KHz) 
**Core 30 Thread 15 Finished:   insts:19          cycles:2082       (8324)  seconds:4     -- 0.01 IPC (0.01 IPC) --  N/A  KHz (0.00 KHz) 
**Core 35 Thread 12 Finished:   insts:19          cycles:2083       (8328)  seconds:4     -- 0.01 IPC (0.01 IPC) --  N/A  KHz (0.00 KHz) 
**Core 24 Thread 04 Finished:   insts:19          cycles:2085       (8336)  seconds:4     -- 0.01 IPC (0.01 IPC) --  N/A  KHz (0.00 KHz) 
**Core 20 Thread 08 Finished:   insts:19          cycles:2092       (8364)  seconds:4     -- 0.01 IPC (0.01 IPC) --  N/A  KHz (0.00 KHz) 
**Core 29 Thread 12 Finished:   insts:19          cycles:2112       (8444)  seconds:4     -- 0.01 IPC (0.01 IPC) --  N/A  KHz (0.00 KHz) 
**Core 24 Thread 06 Finished:   insts:19          cycles:2114       (8452)  seconds:4     -- 0.01 IPC (0.01 IPC) --  N/A  KHz (0.00 KHz) 
**Core 40 Thread 12 Finished:   insts:19          cycles:2115       (8456)  seconds:4     -- 0.01 IPC (0.01 IPC) --  N/A  KHz (0.00 KHz) 
**Core 20 Thread 09 Finished:   insts:19          cycles:2117       (8464)  seconds:4     -- 0.01 IPC (0.01 IPC) --  N/A  KHz (0.00 KHz) 
**Core 29 Thread 13 Finished:   insts:19          cycles:2118       (8468)  seconds:4     -- 0.01 IPC (0.01 IPC) --  N/A  KHz (0.00 KHz) 
**Core 40 Thread 13 Finished:   insts:19          cycles:2119       (8472)  seconds:4     -- 0.01 IPC (0.01 IPC) --  N/A  KHz (0.00 KHz) 
**Core 43 Thread 12 Finished:   insts:19          cycles:2122       (8484)  seconds:4     -- 0.01 IPC (0.01 IPC) --  N/A  KHz (0.00 KHz) 
**Core 43 Thread 13 Finished:   insts:19          cycles:2125       (8496)  seconds:4     -- 0.01 IPC (0.01 IPC) --  N/A  KHz (0.00 KHz) 
**Core 44 Thread 12 Finished:   insts:19          cycles:2127       (8504)  seconds:4     -- 0.01 IPC (0.01 IPC) --  N/A  KHz (0.00 KHz) 
**Core 47 Thread 12 Finished:   insts:19          cycles:2128       (8508)  seconds:4     -- 0.01 IPC (0.01 IPC) --  N/A  KHz (0.00 KHz) 
**Core 44 Thread 13 Finished:   insts:19          cycles:2129       (8512)  seconds:4     -- 0.01 IPC (0.01 IPC) --  N/A  KHz (0.00 KHz) 
**Core 47 Thread 13 Finished:   insts:19          cycles:2131       (8520)  seconds:4     -- 0.01 IPC (0.01 IPC) --  N/A  KHz (0.00 KHz) 
**Core 20 Thread 11 Finished:   insts:19          cycles:2146       (8580)  seconds:4     -- 0.01 IPC (0.01 IPC) --  N/A  KHz (0.00 KHz) 
**Core 24 Thread 07 Finished:   insts:19          cycles:2147       (8584)  seconds:4     -- 0.01 IPC (0.01 IPC) --  N/A  KHz (0.00 KHz) 
**Core 30 Thread 05 Finished:   insts:19          cycles:2148       (8588)  seconds:4     -- 0.01 IPC (0.01 IPC) --  N/A  KHz (0.00 KHz) 
**Core 45 Thread 12 Finished:   insts:19          cycles:2150       (8596)  seconds:4     -- 0.01 IPC (0.01 IPC) --  N/A  KHz (0.00 KHz) 
**Core 48 Thread 12 Finished:   insts:19          cycles:2156       (8620)  seconds:4     -- 0.01 IPC (0.01 IPC) --  N/A  KHz (0.00 KHz) 
**Core 35 Thread 13 Finished:   insts:19          cycles:2157       (8624)  seconds:4     -- 0.01 IPC (0.01 IPC) --  N/A  KHz (0.00 KHz) 
**Core 24 Thread 08 Finished:   insts:19          cycles:2160       (8636)  seconds:4     -- 0.01 IPC (0.01 IPC) --  N/A  KHz (0.00 KHz) 
**Core 55 Thread 12 Finished:   insts:19          cycles:2161       (8640)  seconds:4     -- 0.01 IPC (0.01 IPC) --  N/A  KHz (0.00 KHz) 
**Core 22 Thread 13 Finished:   insts:19          cycles:2162       (8644)  seconds:4     -- 0.01 IPC (0.01 IPC) --  N/A  KHz (0.00 KHz) 
**Core 30 Thread 02 Finished:   insts:19          cycles:2168       (8668)  seconds:4     -- 0.01 IPC (0.01 IPC) --  N/A  KHz (0.00 KHz) 
**Core 45 Thread 13 Finished:   insts:19          cycles:2168       (8668)  seconds:4     -- 0.01 IPC (0.01 IPC) --  N/A  KHz (0.00 KHz) 
**Core 20 Thread 10 Finished:   insts:19          cycles:2187       (8744)  seconds:4     -- 0.01 IPC (0.01 IPC) --  N/A  KHz (0.00 KHz) 
**Core 20 Core_Total  Finished:   insts:304         cycles:2187       (8744) seconds:4     -- 0.14 IPC (0.14 IPC) --  N/A  KHz (0.08 KHz)
**Core 22 Thread 12 Finished:   insts:19          cycles:2190       (8756)  seconds:4     -- 0.01 IPC (0.01 IPC) --  N/A  KHz (0.00 KHz) 
**Core 36 Thread 00 Finished:   insts:19          cycles:2191       (8760)  seconds:4     -- 0.01 IPC (0.01 IPC) --  N/A  KHz (0.00 KHz) 
**Core 24 Thread 09 Finished:   insts:19          cycles:2196       (8780)  seconds:4     -- 0.01 IPC (0.01 IPC) --  N/A  KHz (0.00 KHz) 
**Core 21 Thread 00 Finished:   insts:19          cycles:2198       (8788)  seconds:4     -- 0.01 IPC (0.01 IPC) --  N/A  KHz (0.00 KHz) 
**Core 30 Thread 03 Finished:   insts:19          cycles:2198       (8788)  seconds:4     -- 0.01 IPC (0.01 IPC) --  N/A  KHz (0.00 KHz) 
**Core 48 Thread 13 Finished:   insts:19          cycles:2200       (8796)  seconds:4     -- 0.01 IPC (0.01 IPC) --  N/A  KHz (0.00 KHz) 
**Core 52 Thread 12 Finished:   insts:19          cycles:2201       (8800)  seconds:4     -- 0.01 IPC (0.01 IPC) --  N/A  KHz (0.00 KHz) 
**Core 40 Thread 00 Finished:   insts:19          cycles:2202       (8804)  seconds:4     -- 0.01 IPC (0.01 IPC) --  N/A  KHz (0.00 KHz) 
**Core 51 Thread 12 Finished:   insts:19          cycles:2203       (8808)  seconds:4     -- 0.01 IPC (0.01 IPC) --  N/A  KHz (0.00 KHz) 
**Core 36 Thread 01 Finished:   insts:19          cycles:2207       (8824)  seconds:4     -- 0.01 IPC (0.01 IPC) --  N/A  KHz (0.00 KHz) 
**Core 22 Thread 00 Finished:   insts:19          cycles:2226       (8900)  seconds:4     -- 0.01 IPC (0.01 IPC) --  N/A  KHz (0.00 KHz) 
**Core 21 Thread 01 Finished:   insts:19          cycles:2227       (8904)  seconds:4     -- 0.01 IPC (0.01 IPC) --  N/A  KHz (0.00 KHz) 
**Core 24 Thread 11 Finished:   insts:19          cycles:2228       (8908)  seconds:4     -- 0.01 IPC (0.01 IPC) --  N/A  KHz (0.00 KHz) 
**Core 30 Thread 04 Finished:   insts:19          cycles:2229       (8912)  seconds:4     -- 0.01 IPC (0.01 IPC) --  N/A  KHz (0.00 KHz) 
**Core 40 Thread 01 Finished:   insts:19          cycles:2231       (8920)  seconds:4     -- 0.01 IPC (0.01 IPC) --  N/A  KHz (0.00 KHz) 
**Core 55 Thread 13 Finished:   insts:19          cycles:2231       (8920)  seconds:4     -- 0.01 IPC (0.01 IPC) --  N/A  KHz (0.00 KHz) 
**Core 37 Thread 00 Finished:   insts:19          cycles:2232       (8924)  seconds:4     -- 0.01 IPC (0.01 IPC) --  N/A  KHz (0.00 KHz) 
**Core 24 Thread 10 Finished:   insts:19          cycles:2235       (8936)  seconds:4     -- 0.01 IPC (0.01 IPC) --  N/A  KHz (0.00 KHz) 
**Core 24 Core_Total  Finished:   insts:304         cycles:2235       (8936) seconds:4     -- 0.14 IPC (0.14 IPC) --  N/A  KHz (0.08 KHz)
**Core 51 Thread 13 Finished:   insts:19          cycles:2236       (8940)  seconds:4     -- 0.01 IPC (0.01 IPC) --  N/A  KHz (0.00 KHz) 
**Core 22 Thread 01 Finished:   insts:19          cycles:2237       (8944)  seconds:4     -- 0.01 IPC (0.01 IPC) --  N/A  KHz (0.00 KHz) 
**Core 52 Thread 13 Finished:   insts:19          cycles:2237       (8944)  seconds:4     -- 0.01 IPC (0.01 IPC) --  N/A  KHz (0.00 KHz) 
**Core 30 Thread 06 Finished:   insts:19          cycles:2243       (8968)  seconds:4     -- 0.01 IPC (0.01 IPC) --  N/A  KHz (0.00 KHz) 
**Core 44 Thread 00 Finished:   insts:19          cycles:2243       (8968)  seconds:4     -- 0.01 IPC (0.01 IPC) --  N/A  KHz (0.00 KHz) 
**Core 21 Thread 14 Finished:   insts:19          cycles:2247       (8984)  seconds:4     -- 0.01 IPC (0.01 IPC) --  N/A  KHz (0.00 KHz) 
**Core 22 Thread 14 Finished:   insts:19          cycles:2264       (9052)  seconds:4     -- 0.01 IPC (0.01 IPC) --  N/A  KHz (0.00 KHz) 
**Core 37 Thread 01 Finished:   insts:19          cycles:2264       (9052)  seconds:4     -- 0.01 IPC (0.01 IPC) --  N/A  KHz (0.00 KHz) 
**Core 25 Thread 00 Finished:   insts:19          cycles:2266       (9060)  seconds:4     -- 0.01 IPC (0.01 IPC) --  N/A  KHz (0.00 KHz) 
**Core 49 Thread 12 Finished:   insts:19          cycles:2267       (9064)  seconds:4     -- 0.01 IPC (0.01 IPC) --  N/A  KHz (0.00 KHz) 
**Core 30 Thread 07 Finished:   insts:19          cycles:2268       (9068)  seconds:4     -- 0.01 IPC (0.01 IPC) --  N/A  KHz (0.00 KHz) 
**Core 44 Thread 01 Finished:   insts:19          cycles:2269       (9072)  seconds:4     -- 0.01 IPC (0.01 IPC) --  N/A  KHz (0.00 KHz) 
**Core 53 Thread 12 Finished:   insts:19          cycles:2269       (9072)  seconds:4     -- 0.01 IPC (0.01 IPC) --  N/A  KHz (0.00 KHz) 
**Core 21 Thread 15 Finished:   insts:19          cycles:2272       (9084)  seconds:4     -- 0.01 IPC (0.01 IPC) --  N/A  KHz (0.00 KHz) 
**Core 46 Thread 12 Finished:   insts:19          cycles:2278       (9108)  seconds:4     -- 0.01 IPC (0.01 IPC) --  N/A  KHz (0.00 KHz) 
**Core 38 Thread 12 Finished:   insts:19          cycles:2282       (9124)  seconds:4     -- 0.01 IPC (0.01 IPC) --  N/A  KHz (0.00 KHz) 
**Core 25 Thread 01 Finished:   insts:19          cycles:2285       (9136)  seconds:4     -- 0.01 IPC (0.01 IPC) --  N/A  KHz (0.00 KHz) 
**Core 53 Thread 13 Finished:   insts:19          cycles:2286       (9140)  seconds:4     -- 0.01 IPC (0.01 IPC) --  N/A  KHz (0.00 KHz) 
**Core 21 Thread 05 Finished:   insts:19          cycles:2303       (9208)  seconds:4     -- 0.01 IPC (0.01 IPC) --  N/A  KHz (0.00 KHz) 
**Core 22 Thread 15 Finished:   insts:19          cycles:2303       (9208)  seconds:4     -- 0.01 IPC (0.01 IPC) --  N/A  KHz (0.00 KHz) 
**Core 30 Thread 08 Finished:   insts:19          cycles:2304       (9212)  seconds:4     -- 0.01 IPC (0.01 IPC) --  N/A  KHz (0.00 KHz) 
**Core 41 Thread 12 Finished:   insts:19          cycles:2306       (9220)  seconds:4     -- 0.01 IPC (0.01 IPC) --  N/A  KHz (0.00 KHz) 
**Core 38 Thread 13 Finished:   insts:19          cycles:2307       (9224)  seconds:4     -- 0.01 IPC (0.01 IPC) --  N/A  KHz (0.00 KHz) 
**Core 46 Thread 13 Finished:   insts:19          cycles:2308       (9228)  seconds:4     -- 0.01 IPC (0.01 IPC) --  N/A  KHz (0.00 KHz) 
**Core 25 Thread 14 Finished:   insts:19          cycles:2311       (9240)  seconds:4     -- 0.01 IPC (0.01 IPC) --  N/A  KHz (0.00 KHz) 
**Core 22 Thread 05 Finished:   insts:19          cycles:2312       (9244)  seconds:4     -- 0.01 IPC (0.01 IPC) --  N/A  KHz (0.00 KHz) 
**Core 54 Thread 13 Finished:   insts:19          cycles:2313       (9248)  seconds:4     -- 0.01 IPC (0.01 IPC) --  N/A  KHz (0.00 KHz) 
**Core 30 Thread 09 Finished:   insts:19          cycles:2318       (9268)  seconds:4     -- 0.01 IPC (0.01 IPC) --  N/A  KHz (0.00 KHz) 
**Core 41 Thread 13 Finished:   insts:19          cycles:2318       (9268)  seconds:4     -- 0.01 IPC (0.01 IPC) --  N/A  KHz (0.00 KHz) 
**Core 21 Thread 02 Finished:   insts:19          cycles:2322       (9284)  seconds:4     -- 0.01 IPC (0.01 IPC) --  N/A  KHz (0.00 KHz) 
**Core 22 Thread 02 Finished:   insts:19          cycles:2345       (9376)  seconds:4     -- 0.01 IPC (0.01 IPC) --  N/A  KHz (0.00 KHz) 
**Core 38 Thread 00 Finished:   insts:19          cycles:2345       (9376)  seconds:4     -- 0.01 IPC (0.01 IPC) --  N/A  KHz (0.00 KHz) 
**Core 21 Thread 03 Finished:   insts:19          cycles:2347       (9384)  seconds:4     -- 0.01 IPC (0.01 IPC) --  N/A  KHz (0.00 KHz) 
**Core 25 Thread 15 Finished:   insts:19          cycles:2347       (9384)  seconds:4     -- 0.01 IPC (0.01 IPC) --  N/A  KHz (0.00 KHz) 
**Core 30 Thread 11 Finished:   insts:19          cycles:2348       (9388)  seconds:4     -- 0.01 IPC (0.01 IPC) --  N/A  KHz (0.00 KHz) 
**Core 46 Thread 00 Finished:   insts:19          cycles:2350       (9396)  seconds:4     -- 0.01 IPC (0.01 IPC) --  N/A  KHz (0.00 KHz) 
**Core 41 Thread 00 Finished:   insts:19          cycles:2351       (9400)  seconds:4     -- 0.01 IPC (0.01 IPC) --  N/A  KHz (0.00 KHz) 
**Core 54 Thread 12 Finished:   insts:19          cycles:2351       (9400)  seconds:4     -- 0.01 IPC (0.01 IPC) --  N/A  KHz (0.00 KHz) 
**Core 46 Thread 01 Finished:   insts:19          cycles:2353       (9408)  seconds:4     -- 0.01 IPC (0.01 IPC) --  N/A  KHz (0.00 KHz) 
**Core 38 Thread 01 Finished:   insts:19          cycles:2357       (9424)  seconds:4     -- 0.01 IPC (0.01 IPC) --  N/A  KHz (0.00 KHz) 
**Core 25 Thread 03 Finished:   insts:19          cycles:2360       (9436)  seconds:4     -- 0.01 IPC (0.01 IPC) --  N/A  KHz (0.00 KHz) 
**Core 52 Thread 00 Finished:   insts:19          cycles:2361       (9440)  seconds:4     -- 0.01 IPC (0.01 IPC) --  N/A  KHz (0.00 KHz) 
**Core 22 Thread 03 Finished:   insts:19          cycles:2362       (9444)  seconds:4     -- 0.01 IPC (0.01 IPC) --  N/A  KHz (0.00 KHz) 
**Core 59 Thread 12 Finished:   insts:19          cycles:2364       (9452)  seconds:4     -- 0.01 IPC (0.01 IPC) --  N/A  KHz (0.00 KHz) 
**Core 21 Thread 04 Finished:   insts:19          cycles:2380       (9516)  seconds:4     -- 0.01 IPC (0.01 IPC) --  N/A  KHz (0.00 KHz) 
**Core 30 Thread 10 Finished:   insts:19          cycles:2382       (9524)  seconds:4     -- 0.01 IPC (0.01 IPC) --  N/A  KHz (0.00 KHz) 
**Core 30 Core_Total  Finished:   insts:304         cycles:2382       (9524) seconds:4     -- 0.13 IPC (0.13 IPC) --  N/A  KHz (0.08 KHz)
**Core 39 Thread 12 Finished:   insts:19          cycles:2383       (9528)  seconds:4     -- 0.01 IPC (0.01 IPC) --  N/A  KHz (0.00 KHz) 
**Core 25 Thread 05 Finished:   insts:19          cycles:2385       (9536)  seconds:4     -- 0.01 IPC (0.01 IPC) --  N/A  KHz (0.00 KHz) 
**Core 41 Thread 01 Finished:   insts:19          cycles:2386       (9540)  seconds:4     -- 0.01 IPC (0.01 IPC) --  N/A  KHz (0.00 KHz) 
**Core 22 Thread 04 Finished:   insts:19          cycles:2387       (9544)  seconds:4     -- 0.01 IPC (0.01 IPC) --  N/A  KHz (0.00 KHz) 
**Core 47 Thread 00 Finished:   insts:19          cycles:2388       (9548)  seconds:4     -- 0.01 IPC (0.01 IPC) --  N/A  KHz (0.00 KHz) 
**Core 55 Thread 00 Finished:   insts:19          cycles:2389       (9552)  seconds:4     -- 0.01 IPC (0.01 IPC) --  N/A  KHz (0.00 KHz) 
**Core 64 Thread 12 Finished:   insts:19          cycles:2390       (9556)  seconds:4     -- 0.01 IPC (0.01 IPC) --  N/A  KHz (0.00 KHz) 
**Core 59 Thread 13 Finished:   insts:19          cycles:2391       (9560)  seconds:4     -- 0.01 IPC (0.01 IPC) --  N/A  KHz (0.00 KHz) 
**Core 31 Thread 00 Finished:   insts:19          cycles:2393       (9568)  seconds:4     -- 0.01 IPC (0.01 IPC) --  N/A  KHz (0.00 KHz) 
**Core 42 Thread 12 Finished:   insts:19          cycles:2394       (9572)  seconds:4     -- 0.01 IPC (0.01 IPC) --  N/A  KHz (0.00 KHz) 
**Core 64 Thread 13 Finished:   insts:19          cycles:2395       (9576)  seconds:4     -- 0.01 IPC (0.01 IPC) --  N/A  KHz (0.00 KHz) 
**Core 60 Thread 12 Finished:   insts:19          cycles:2396       (9580)  seconds:4     -- 0.01 IPC (0.01 IPC) --  N/A  KHz (0.00 KHz) 
**Core 21 Thread 06 Finished:   insts:19          cycles:2397       (9584)  seconds:4     -- 0.01 IPC (0.01 IPC) --  N/A  KHz (0.00 KHz) 
**Core 71 Thread 12 Finished:   insts:19          cycles:2399       (9592)  seconds:4     -- 0.01 IPC (0.01 IPC) --  N/A  KHz (0.00 KHz) 
**Core 56 Thread 12 Finished:   insts:19          cycles:2401       (9600)  seconds:4     -- 0.01 IPC (0.01 IPC) --  N/A  KHz (0.00 KHz) 
**Core 67 Thread 12 Finished:   insts:19          cycles:2401       (9600)  seconds:4     -- 0.01 IPC (0.01 IPC) --  N/A  KHz (0.00 KHz) 
**Core 60 Thread 13 Finished:   insts:19          cycles:2402       (9604)  seconds:4     -- 0.01 IPC (0.01 IPC) --  N/A  KHz (0.00 KHz) 
**Core 71 Thread 13 Finished:   insts:19          cycles:2403       (9608)  seconds:4     -- 0.01 IPC (0.01 IPC) --  N/A  KHz (0.00 KHz) 
**Core 22 Thread 06 Finished:   insts:19          cycles:2418       (9668)  seconds:4     -- 0.01 IPC (0.01 IPC) --  N/A  KHz (0.00 KHz) 
**Core 39 Thread 13 Finished:   insts:19          cycles:2419       (9672)  seconds:4     -- 0.01 IPC (0.01 IPC) --  N/A  KHz (0.00 KHz) 
**Core 25 Thread 02 Finished:   insts:19          cycles:2420       (9676)  seconds:4     -- 0.01 IPC (0.01 IPC) --  N/A  KHz (0.00 KHz) 
**Core 47 Thread 01 Finished:   insts:19          cycles:2421       (9680)  seconds:4     -- 0.01 IPC (0.01 IPC) --  N/A  KHz (0.00 KHz) 
**Core 31 Thread 01 Finished:   insts:19          cycles:2421       (9680)  seconds:4     -- 0.01 IPC (0.01 IPC) --  N/A  KHz (0.00 KHz) 
**Core 21 Thread 07 Finished:   insts:19          cycles:2422       (9684)  seconds:4     -- 0.01 IPC (0.01 IPC) --  N/A  KHz (0.00 KHz) 
**Core 55 Thread 01 Finished:   insts:19          cycles:2423       (9688)  seconds:4     -- 0.01 IPC (0.01 IPC) --  N/A  KHz (0.00 KHz) 
**Core 42 Thread 13 Finished:   insts:19          cycles:2424       (9692)  seconds:4     -- 0.01 IPC (0.01 IPC) --  N/A  KHz (0.00 KHz) 
**Core 56 Thread 13 Finished:   insts:19          cycles:2427       (9704)  seconds:4     -- 0.01 IPC (0.01 IPC) --  N/A  KHz (0.00 KHz) 
**Core 67 Thread 13 Finished:   insts:19          cycles:2427       (9704)  seconds:4     -- 0.01 IPC (0.01 IPC) --  N/A  KHz (0.00 KHz) 
**Core 48 Thread 00 Finished:   insts:19          cycles:2428       (9708)  seconds:4     -- 0.01 IPC (0.01 IPC) --  N/A  KHz (0.00 KHz) 
**Core 63 Thread 12 Finished:   insts:19          cycles:2429       (9712)  seconds:4     -- 0.01 IPC (0.01 IPC) --  N/A  KHz (0.00 KHz) 
**Core 39 Thread 00 Finished:   insts:19          cycles:2432       (9724)  seconds:4     -- 0.01 IPC (0.01 IPC) --  N/A  KHz (0.00 KHz) 
**Core 25 Thread 04 Finished:   insts:19          cycles:2435       (9736)  seconds:4     -- 0.01 IPC (0.01 IPC) --  N/A  KHz (0.00 KHz) 
**Core 52 Thread 01 Finished:   insts:19          cycles:2436       (9740)  seconds:4     -- 0.01 IPC (0.01 IPC) --  N/A  KHz (0.00 KHz) 
**Core 22 Thread 07 Finished:   insts:19          cycles:2437       (9744)  seconds:4     -- 0.01 IPC (0.01 IPC) --  N/A  KHz (0.00 KHz) 
**Core 57 Thread 12 Finished:   insts:19          cycles:2438       (9748)  seconds:4     -- 0.01 IPC (0.01 IPC) --  N/A  KHz (0.00 KHz) 
**Core 65 Thread 12 Finished:   insts:19          cycles:2440       (9756)  seconds:4     -- 0.01 IPC (0.01 IPC) --  N/A  KHz (0.00 KHz) 
**Core 21 Thread 08 Finished:   insts:19          cycles:2454       (9812)  seconds:4     -- 0.01 IPC (0.01 IPC) --  N/A  KHz (0.00 KHz) 
**Core 31 Thread 14 Finished:   insts:19          cycles:2456       (9820)  seconds:4     -- 0.01 IPC (0.01 IPC) --  N/A  KHz (0.00 KHz) 
**Core 34 Thread 01 Finished:   insts:19          cycles:2457       (9824)  seconds:4     -- 0.01 IPC (0.01 IPC) --  N/A  KHz (0.00 KHz) 
**Core 42 Thread 00 Finished:   insts:19          cycles:2458       (9828)  seconds:4     -- 0.01 IPC (0.01 IPC) --  N/A  KHz (0.00 KHz) 
**Core 25 Thread 06 Finished:   insts:19          cycles:2460       (9836)  seconds:4     -- 0.01 IPC (0.01 IPC) --  N/A  KHz (0.00 KHz) 
**Core 22 Thread 08 Finished:   insts:19          cycles:2462       (9844)  seconds:4     -- 0.01 IPC (0.01 IPC) --  N/A  KHz (0.00 KHz) 
**Core 49 Thread 13 Finished:   insts:19          cycles:2462       (9844)  seconds:4     -- 0.01 IPC (0.01 IPC) --  N/A  KHz (0.00 KHz) 
**Core 52 Thread 15 Finished:   insts:19          cycles:2463       (9848)  seconds:4     -- 0.01 IPC (0.01 IPC) --  N/A  KHz (0.00 KHz) 
**Core 63 Thread 13 Finished:   insts:19          cycles:2464       (9852)  seconds:4     -- 0.01 IPC (0.01 IPC) --  N/A  KHz (0.00 KHz) 
**Core 57 Thread 13 Finished:   insts:19          cycles:2467       (9864)  seconds:4     -- 0.01 IPC (0.01 IPC) --  N/A  KHz (0.00 KHz) 
**Core 70 Thread 12 Finished:   insts:19          cycles:2467       (9864)  seconds:4     -- 0.01 IPC (0.01 IPC) --  N/A  KHz (0.00 KHz) 
**Core 31 Thread 15 Finished:   insts:19          cycles:2468       (9868)  seconds:4     -- 0.01 IPC (0.01 IPC) --  N/A  KHz (0.00 KHz) 
**Core 42 Thread 01 Finished:   insts:19          cycles:2469       (9872)  seconds:4     -- 0.01 IPC (0.01 IPC) --  N/A  KHz (0.00 KHz) 
**Core 61 Thread 12 Finished:   insts:19          cycles:2471       (9880)  seconds:4     -- 0.01 IPC (0.01 IPC) --  N/A  KHz (0.00 KHz) 
**Core 21 Thread 09 Finished:   insts:19          cycles:2472       (9884)  seconds:4     -- 0.01 IPC (0.01 IPC) --  N/A  KHz (0.00 KHz) 
**Core 64 Thread 00 Finished:   insts:19          cycles:2475       (9896)  seconds:4     -- 0.01 IPC (0.01 IPC) --  N/A  KHz (0.00 KHz) 
**Core 50 Thread 12 Finished:   insts:19          cycles:2478       (9908)  seconds:4     -- 0.01 IPC (0.01 IPC) --  N/A  KHz (0.00 KHz) 
**Core 21 Thread 10 Finished:   insts:19          cycles:2498       (9988)  seconds:4     -- 0.01 IPC (0.01 IPC) --  N/A  KHz (0.00 KHz) 
**Core 22 Thread 09 Finished:   insts:19          cycles:2498       (9988)  seconds:4     -- 0.01 IPC (0.01 IPC) --  N/A  KHz (0.00 KHz) 
**Core 34 Thread 00 Finished:   insts:19          cycles:2499       (9992)  seconds:4     -- 0.01 IPC (0.01 IPC) --  N/A  KHz (0.00 KHz) 
**Core 25 Thread 09 Finished:   insts:19          cycles:2500       (9996)  seconds:4     -- 0.01 IPC (0.01 IPC) --  N/A  KHz (0.00 KHz) 
**Core 31 Thread 03 Finished:   insts:19          cycles:2502       (10004)  seconds:4     -- 0.01 IPC (0.01 IPC) --  N/A  KHz (0.00 KHz) 
**Core 52 Thread 14 Finished:   insts:19          cycles:2503       (10008)  seconds:4     -- 0.01 IPC (0.01 IPC) --  N/A  KHz (0.00 KHz) 
**Core 43 Thread 00 Finished:   insts:19          cycles:2504       (10012)  seconds:4     -- 0.01 IPC (0.01 IPC) --  N/A  KHz (0.00 KHz) 
**Core 36 Thread 14 Finished:   insts:19          cycles:2507       (10024)  seconds:4     -- 0.01 IPC (0.01 IPC) --  N/A  KHz (0.00 KHz) 
**Core 50 Thread 13 Finished:   insts:19          cycles:2507       (10024)  seconds:4     -- 0.01 IPC (0.01 IPC) --  N/A  KHz (0.00 KHz) 
**Core 25 Thread 07 Finished:   insts:19          cycles:2510       (10036)  seconds:4     -- 0.01 IPC (0.01 IPC) --  N/A  KHz (0.00 KHz) 
**Core 53 Thread 00 Finished:   insts:19          cycles:2511       (10040)  seconds:4     -- 0.01 IPC (0.01 IPC) --  N/A  KHz (0.00 KHz) 
**Core 22 Thread 11 Finished:   insts:19          cycles:2512       (10044)  seconds:4     -- 0.01 IPC (0.01 IPC) --  N/A  KHz (0.00 KHz) 
**Core 56 Thread 00 Finished:   insts:19          cycles:2513       (10048)  seconds:4     -- 0.01 IPC (0.01 IPC) --  N/A  KHz (0.00 KHz) 
**Core 70 Thread 13 Finished:   insts:19          cycles:2513       (10048)  seconds:4     -- 0.01 IPC (0.01 IPC) --  N/A  KHz (0.00 KHz) 
**Core 61 Thread 13 Finished:   insts:19          cycles:2514       (10052)  seconds:4     -- 0.01 IPC (0.01 IPC) --  N/A  KHz (0.00 KHz) 
**Core 64 Thread 01 Finished:   insts:19          cycles:2515       (10056)  seconds:4     -- 0.01 IPC (0.01 IPC) --  N/A  KHz (0.00 KHz) 
**Core 56 Thread 01 Finished:   insts:19          cycles:2517       (10064)  seconds:4     -- 0.01 IPC (0.01 IPC) --  N/A  KHz (0.00 KHz) 
**Core 71 Thread 00 Finished:   insts:19          cycles:2517       (10064)  seconds:4     -- 0.01 IPC (0.01 IPC) --  N/A  KHz (0.00 KHz) 
**Core 31 Thread 05 Finished:   insts:19          cycles:2518       (10068)  seconds:4     -- 0.01 IPC (0.01 IPC) --  N/A  KHz (0.00 KHz) 
**Core 43 Thread 01 Finished:   insts:19          cycles:2519       (10072)  seconds:4     -- 0.01 IPC (0.01 IPC) --  N/A  KHz (0.00 KHz) 
**Core 21 Thread 11 Finished:   insts:19          cycles:2536       (10140)  seconds:4     -- 0.01 IPC (0.01 IPC) --  N/A  KHz (0.00 KHz) 
**Core 21 Core_Total  Finished:   insts:304         cycles:2536       (10140) seconds:4     -- 0.12 IPC (0.12 IPC) --  N/A  KHz (0.08 KHz)
**Core 22 Thread 10 Finished:   insts:19          cycles:2537       (10144)  seconds:4     -- 0.01 IPC (0.01 IPC) --  N/A  KHz (0.00 KHz) 
**Core 22 Core_Total  Finished:   insts:304         cycles:2537       (10144) seconds:4     -- 0.12 IPC (0.12 IPC) --  N/A  KHz (0.08 KHz)
**Core 36 Thread 15 Finished:   insts:19          cycles:2538       (10148)  seconds:4     -- 0.01 IPC (0.01 IPC) --  N/A  KHz (0.00 KHz) 
**Core 25 Thread 08 Finished:   insts:19          cycles:2539       (10152)  seconds:4     -- 0.01 IPC (0.01 IPC) --  N/A  KHz (0.00 KHz) 
**Core 51 Thread 00 Finished:   insts:19          cycles:2541       (10160)  seconds:4     -- 0.01 IPC (0.01 IPC) --  N/A  KHz (0.00 KHz) 
**Core 62 Thread 12 Finished:   insts:19          cycles:2542       (10164)  seconds:4     -- 0.01 IPC (0.01 IPC) --  N/A  KHz (0.00 KHz) 
**Core 53 Thread 01 Finished:   insts:19          cycles:2542       (10164)  seconds:4     -- 0.01 IPC (0.01 IPC) --  N/A  KHz (0.00 KHz) 
**Core 31 Thread 02 Finished:   insts:19          cycles:2543       (10168)  seconds:4     -- 0.01 IPC (0.01 IPC) --  N/A  KHz (0.00 KHz) 
**Core 45 Thread 00 Finished:   insts:19          cycles:2544       (10172)  seconds:4     -- 0.01 IPC (0.01 IPC) --  N/A  KHz (0.00 KHz) 
**Core 65 Thread 13 Finished:   insts:19          cycles:2545       (10176)  seconds:4     -- 0.01 IPC (0.01 IPC) --  N/A  KHz (0.00 KHz) 
**Core 00 Thread 12 Finished:   insts:19          cycles:2547       (10184)  seconds:5     -- 0.01 IPC (0.01 IPC) --  N/A  KHz (0.00 KHz) 
**Core 56 Thread 14 Finished:   insts:19          cycles:2548       (10188)  seconds:4     -- 0.01 IPC (0.01 IPC) --  N/A  KHz (0.00 KHz) 
**Core 71 Thread 01 Finished:   insts:19          cycles:2549       (10192)  seconds:4     -- 0.01 IPC (0.01 IPC) --  N/A  KHz (0.00 KHz) 
**Core 61 Thread 00 Finished:   insts:19          cycles:2550       (10196)  seconds:4     -- 0.01 IPC (0.01 IPC) --  N/A  KHz (0.00 KHz) 
**Core 66 Thread 12 Finished:   insts:19          cycles:2551       (10200)  seconds:4     -- 0.01 IPC (0.01 IPC) --  N/A  KHz (0.00 KHz) 
**Core 51 Thread 01 Finished:   insts:19          cycles:2553       (10208)  seconds:4     -- 0.01 IPC (0.01 IPC) --  N/A  KHz (0.00 KHz) 
**Core 37 Thread 14 Finished:   insts:19          cycles:2557       (10224)  seconds:4     -- 0.01 IPC (0.01 IPC) --  N/A  KHz (0.00 KHz) 
**Core 23 Thread 12 Finished:   insts:19          cycles:2571       (10280)  seconds:4     -- 0.01 IPC (0.01 IPC) --  N/A  KHz (0.00 KHz) 
**Core 00 Thread 13 Finished:   insts:19          cycles:2572       (10284)  seconds:5     -- 0.01 IPC (0.01 IPC) --  N/A  KHz (0.00 KHz) 
**Core 25 Thread 11 Finished:   insts:19          cycles:2572       (10284)  seconds:4     -- 0.01 IPC (0.01 IPC) --  N/A  KHz (0.00 KHz) 
**Core 31 Thread 04 Finished:   insts:19          cycles:2573       (10288)  seconds:4     -- 0.01 IPC (0.01 IPC) --  N/A  KHz (0.00 KHz) 
**Core 54 Thread 00 Finished:   insts:19          cycles:2574       (10292)  seconds:4     -- 0.01 IPC (0.01 IPC) --  N/A  KHz (0.00 KHz) 
**Core 45 Thread 01 Finished:   insts:19          cycles:2575       (10296)  seconds:4     -- 0.01 IPC (0.01 IPC) --  N/A  KHz (0.00 KHz) 
**Core 57 Thread 00 Finished:   insts:19          cycles:2577       (10304)  seconds:4     -- 0.01 IPC (0.01 IPC) --  N/A  KHz (0.00 KHz) 
**Core 70 Thread 00 Finished:   insts:19          cycles:2577       (10304)  seconds:4     -- 0.01 IPC (0.01 IPC) --  N/A  KHz (0.00 KHz) 
**Core 47 Thread 14 Finished:   insts:19          cycles:2578       (10308)  seconds:4     -- 0.01 IPC (0.01 IPC) --  N/A  KHz (0.00 KHz) 
**Core 61 Thread 01 Finished:   insts:19          cycles:2579       (10312)  seconds:4     -- 0.01 IPC (0.01 IPC) --  N/A  KHz (0.00 KHz) 
**Core 68 Thread 12 Finished:   insts:19          cycles:2580       (10316)  seconds:4     -- 0.01 IPC (0.01 IPC) --  N/A  KHz (0.00 KHz) 
**Core 37 Thread 15 Finished:   insts:19          cycles:2582       (10324)  seconds:4     -- 0.01 IPC (0.01 IPC) --  N/A  KHz (0.00 KHz) 
**Core 25 Thread 10 Finished:   insts:19          cycles:2585       (10336)  seconds:4     -- 0.01 IPC (0.01 IPC) --  N/A  KHz (0.00 KHz) 
**Core 25 Core_Total  Finished:   insts:304         cycles:2585       (10336) seconds:4     -- 0.12 IPC (0.12 IPC) --  N/A  KHz (0.08 KHz)
**Core 54 Thread 01 Finished:   insts:19          cycles:2586       (10340)  seconds:4     -- 0.01 IPC (0.01 IPC) --  N/A  KHz (0.00 KHz) 
**Core 23 Thread 13 Finished:   insts:19          cycles:2587       (10344)  seconds:4     -- 0.01 IPC (0.01 IPC) --  N/A  KHz (0.00 KHz) 
**Core 57 Thread 01 Finished:   insts:19          cycles:2588       (10348)  seconds:4     -- 0.01 IPC (0.01 IPC) --  N/A  KHz (0.00 KHz) 
**Core 70 Thread 01 Finished:   insts:19          cycles:2590       (10356)  seconds:4     -- 0.01 IPC (0.01 IPC) --  N/A  KHz (0.00 KHz) 
**Core 31 Thread 06 Finished:   insts:19          cycles:2593       (10368)  seconds:4     -- 0.01 IPC (0.01 IPC) --  N/A  KHz (0.00 KHz) 
**Core 40 Thread 14 Finished:   insts:19          cycles:2594       (10372)  seconds:4     -- 0.01 IPC (0.01 IPC) --  N/A  KHz (0.00 KHz) 
**Core 58 Thread 12 Finished:   insts:19          cycles:2595       (10376)  seconds:4     -- 0.01 IPC (0.01 IPC) --  N/A  KHz (0.00 KHz) 
**Core 00 Thread 14 Finished:   insts:19          cycles:2610       (10436)  seconds:5     -- 0.01 IPC (0.01 IPC) --  N/A  KHz (0.00 KHz) 
**Core 23 Thread 00 Finished:   insts:19          cycles:2612       (10444)  seconds:4     -- 0.01 IPC (0.01 IPC) --  N/A  KHz (0.00 KHz) 
**Core 39 Thread 01 Finished:   insts:19          cycles:2614       (10452)  seconds:4     -- 0.01 IPC (0.01 IPC) --  N/A  KHz (0.00 KHz) 
**Core 26 Thread 12 Finished:   insts:19          cycles:2615       (10456)  seconds:4     -- 0.01 IPC (0.01 IPC) --  N/A  KHz (0.00 KHz) 
**Core 47 Thread 15 Finished:   insts:19          cycles:2616       (10460)  seconds:4     -- 0.01 IPC (0.01 IPC) --  N/A  KHz (0.00 KHz) 
**Core 31 Thread 07 Finished:   insts:19          cycles:2619       (10472)  seconds:4     -- 0.01 IPC (0.01 IPC) --  N/A  KHz (0.00 KHz) 
**Core 55 Thread 14 Finished:   insts:19          cycles:2620       (10476)  seconds:4     -- 0.01 IPC (0.01 IPC) --  N/A  KHz (0.00 KHz) 
**Core 00 Thread 15 Finished:   insts:19          cycles:2622       (10484)  seconds:5     -- 0.01 IPC (0.01 IPC) --  N/A  KHz (0.00 KHz) 
**Core 40 Thread 15 Finished:   insts:19          cycles:2623       (10488)  seconds:4     -- 0.01 IPC (0.01 IPC) --  N/A  KHz (0.00 KHz) 
**Core 68 Thread 13 Finished:   insts:19          cycles:2624       (10492)  seconds:4     -- 0.01 IPC (0.01 IPC) --  N/A  KHz (0.00 KHz) 
**Core 56 Thread 15 Finished:   insts:19          cycles:2627       (10504)  seconds:4     -- 0.01 IPC (0.01 IPC) --  N/A  KHz (0.00 KHz) 
**Core 71 Thread 15 Finished:   insts:19          cycles:2627       (10504)  seconds:4     -- 0.01 IPC (0.01 IPC) --  N/A  KHz (0.00 KHz) 
**Core 48 Thread 01 Finished:   insts:19          cycles:2628       (10508)  seconds:5     -- 0.01 IPC (0.01 IPC) --  N/A  KHz (0.00 KHz) 
**Core 58 Thread 13 Finished:   insts:19          cycles:2629       (10512)  seconds:5     -- 0.01 IPC (0.01 IPC) --  N/A  KHz (0.00 KHz) 
**Core 69 Thread 12 Finished:   insts:19          cycles:2629       (10512)  seconds:5     -- 0.01 IPC (0.01 IPC) --  N/A  KHz (0.00 KHz) 
**Core 36 Thread 05 Finished:   insts:19          cycles:2632       (10524)  seconds:5     -- 0.01 IPC (0.01 IPC) --  N/A  KHz (0.00 KHz) 
**Core 26 Thread 13 Finished:   insts:19          cycles:2635       (10536)  seconds:5     -- 0.01 IPC (0.01 IPC) --  N/A  KHz (0.00 KHz) 
**Core 23 Thread 01 Finished:   insts:19          cycles:2647       (10584)  seconds:5     -- 0.01 IPC (0.01 IPC) --  N/A  KHz (0.00 KHz) 
**Core 31 Thread 08 Finished:   insts:19          cycles:2648       (10588)  seconds:5     -- 0.01 IPC (0.01 IPC) --  N/A  KHz (0.00 KHz) 
**Core 43 Thread 15 Finished:   insts:19          cycles:2649       (10592)  seconds:5     -- 0.01 IPC (0.01 IPC) --  N/A  KHz (0.00 KHz) 
**Core 55 Thread 15 Finished:   insts:19          cycles:2649       (10592)  seconds:5     -- 0.01 IPC (0.01 IPC) --  N/A  KHz (0.00 KHz) 
**Core 57 Thread 14 Finished:   insts:19          cycles:2651       (10600)  seconds:5     -- 0.01 IPC (0.01 IPC) --  N/A  KHz (0.00 KHz) 
**Core 71 Thread 14 Finished:   insts:19          cycles:2652       (10604)  seconds:5     -- 0.01 IPC (0.01 IPC) --  N/A  KHz (0.00 KHz) 
**Core 59 Thread 00 Finished:   insts:19          cycles:2652       (10604)  seconds:5     -- 0.01 IPC (0.01 IPC) --  N/A  KHz (0.00 KHz) 
**Core 69 Thread 13 Finished:   insts:19          cycles:2653       (10608)  seconds:5     -- 0.01 IPC (0.01 IPC) --  N/A  KHz (0.00 KHz) 
**Core 46 Thread 14 Finished:   insts:19          cycles:2653       (10608)  seconds:5     -- 0.01 IPC (0.01 IPC) --  N/A  KHz (0.00 KHz) 
**Core 38 Thread 14 Finished:   insts:19          cycles:2657       (10624)  seconds:5     -- 0.01 IPC (0.01 IPC) --  N/A  KHz (0.00 KHz) 
**Core 26 Thread 00 Finished:   insts:19          cycles:2660       (10636)  seconds:5     -- 0.01 IPC (0.01 IPC) --  N/A  KHz (0.00 KHz) 
**Core 53 Thread 14 Finished:   insts:19          cycles:2661       (10640)  seconds:5     -- 0.01 IPC (0.01 IPC) --  N/A  KHz (0.00 KHz) 
**Core 23 Thread 14 Finished:   insts:19          cycles:2662       (10644)  seconds:5     -- 0.01 IPC (0.01 IPC) --  N/A  KHz (0.00 KHz) 
**Core 57 Thread 15 Finished:   insts:19          cycles:2663       (10648)  seconds:5     -- 0.01 IPC (0.01 IPC) --  N/A  KHz (0.00 KHz) 
**Core 70 Thread 14 Finished:   insts:19          cycles:2664       (10652)  seconds:5     -- 0.01 IPC (0.01 IPC) --  N/A  KHz (0.00 KHz) 
**Core 31 Thread 09 Finished:   insts:19          cycles:2668       (10668)  seconds:5     -- 0.01 IPC (0.01 IPC) --  N/A  KHz (0.00 KHz) 
**Core 43 Thread 14 Finished:   insts:19          cycles:2669       (10672)  seconds:5     -- 0.01 IPC (0.01 IPC) --  N/A  KHz (0.00 KHz) 
**Core 59 Thread 01 Finished:   insts:19          cycles:2670       (10676)  seconds:5     -- 0.01 IPC (0.01 IPC) --  N/A  KHz (0.00 KHz) 
**Core 65 Thread 00 Finished:   insts:19          cycles:2674       (10692)  seconds:5     -- 0.01 IPC (0.01 IPC) --  N/A  KHz (0.00 KHz) 
**Core 23 Thread 15 Finished:   insts:19          cycles:2688       (10748)  seconds:5     -- 0.01 IPC (0.01 IPC) --  N/A  KHz (0.00 KHz) 
**Core 38 Thread 15 Finished:   insts:19          cycles:2688       (10748)  seconds:5     -- 0.01 IPC (0.01 IPC) --  N/A  KHz (0.00 KHz) 
**Core 26 Thread 01 Finished:   insts:19          cycles:2690       (10756)  seconds:5     -- 0.01 IPC (0.01 IPC) --  N/A  KHz (0.00 KHz) 
**Core 46 Thread 15 Finished:   insts:19          cycles:2690       (10756)  seconds:5     -- 0.01 IPC (0.01 IPC) --  N/A  KHz (0.00 KHz) 
**Core 53 Thread 15 Finished:   insts:19          cycles:2691       (10760)  seconds:5     -- 0.01 IPC (0.01 IPC) --  N/A  KHz (0.00 KHz) 
**Core 31 Thread 11 Finished:   insts:19          cycles:2695       (10776)  seconds:5     -- 0.01 IPC (0.01 IPC) --  N/A  KHz (0.00 KHz) 
**Core 44 Thread 14 Finished:   insts:19          cycles:2695       (10776)  seconds:5     -- 0.01 IPC (0.01 IPC) --  N/A  KHz (0.00 KHz) 
**Core 56 Thread 05 Finished:   insts:19          cycles:2696       (10780)  seconds:5     -- 0.01 IPC (0.01 IPC) --  N/A  KHz (0.00 KHz) 
**Core 70 Thread 15 Finished:   insts:19          cycles:2700       (10796)  seconds:5     -- 0.01 IPC (0.01 IPC) --  N/A  KHz (0.00 KHz) 
**Core 60 Thread 00 Finished:   insts:19          cycles:2702       (10804)  seconds:5     -- 0.01 IPC (0.01 IPC) --  N/A  KHz (0.00 KHz) 
**Core 66 Thread 13 Finished:   insts:19          cycles:2702       (10804)  seconds:5     -- 0.01 IPC (0.01 IPC) --  N/A  KHz (0.00 KHz) 
**Core 47 Thread 05 Finished:   insts:19          cycles:2703       (10808)  seconds:5     -- 0.01 IPC (0.01 IPC) --  N/A  KHz (0.00 KHz) 
**Core 34 Thread 14 Finished:   insts:19          cycles:2707       (10824)  seconds:5     -- 0.01 IPC (0.01 IPC) --  N/A  KHz (0.00 KHz) 
**Core 26 Thread 14 Finished:   insts:19          cycles:2710       (10836)  seconds:5     -- 0.01 IPC (0.01 IPC) --  N/A  KHz (0.00 KHz) 
**Core 54 Thread 14 Finished:   insts:19          cycles:2711       (10840)  seconds:5     -- 0.01 IPC (0.01 IPC) --  N/A  KHz (0.00 KHz) 
**Core 23 Thread 05 Finished:   insts:19          cycles:2712       (10844)  seconds:5     -- 0.01 IPC (0.01 IPC) --  N/A  KHz (0.00 KHz) 
**Core 56 Thread 02 Finished:   insts:19          cycles:2713       (10848)  seconds:5     -- 0.01 IPC (0.01 IPC) --  N/A  KHz (0.00 KHz) 
**Core 32 Thread 00 Finished:   insts:19          cycles:2724       (10892)  seconds:5     -- 0.01 IPC (0.01 IPC) --  N/A  KHz (0.00 KHz) 
**Core 44 Thread 15 Finished:   insts:19          cycles:2725       (10896)  seconds:5     -- 0.01 IPC (0.01 IPC) --  N/A  KHz (0.00 KHz) 
**Core 71 Thread 05 Finished:   insts:19          cycles:2726       (10900)  seconds:5     -- 0.01 IPC (0.01 IPC) --  N/A  KHz (0.00 KHz) 
**Core 60 Thread 01 Finished:   insts:19          cycles:2727       (10904)  seconds:5     -- 0.01 IPC (0.01 IPC) --  N/A  KHz (0.00 KHz) 
**Core 65 Thread 01 Finished:   insts:19          cycles:2727       (10904)  seconds:5     -- 0.01 IPC (0.01 IPC) --  N/A  KHz (0.00 KHz) 
**Core 47 Thread 02 Finished:   insts:19          cycles:2728       (10908)  seconds:5     -- 0.01 IPC (0.01 IPC) --  N/A  KHz (0.00 KHz) 
**Core 34 Thread 15 Finished:   insts:19          cycles:2732       (10924)  seconds:5     -- 0.01 IPC (0.01 IPC) --  N/A  KHz (0.00 KHz) 
**Core 26 Thread 15 Finished:   insts:19          cycles:2736       (10940)  seconds:5     -- 0.01 IPC (0.01 IPC) --  N/A  KHz (0.00 KHz) 
**Core 54 Thread 15 Finished:   insts:19          cycles:2737       (10944)  seconds:5     -- 0.01 IPC (0.01 IPC) --  N/A  KHz (0.00 KHz) 
**Core 23 Thread 02 Finished:   insts:19          cycles:2737       (10944)  seconds:5     -- 0.01 IPC (0.01 IPC) --  N/A  KHz (0.00 KHz) 
**Core 57 Thread 05 Finished:   insts:19          cycles:2739       (10952)  seconds:5     -- 0.01 IPC (0.01 IPC) --  N/A  KHz (0.00 KHz) 
**Core 71 Thread 02 Finished:   insts:19          cycles:2739       (10952)  seconds:5     -- 0.01 IPC (0.01 IPC) --  N/A  KHz (0.00 KHz) 
**Core 32 Thread 01 Finished:   insts:19          cycles:2743       (10968)  seconds:5     -- 0.01 IPC (0.01 IPC) --  N/A  KHz (0.00 KHz) 
**Core 45 Thread 14 Finished:   insts:19          cycles:2744       (10972)  seconds:5     -- 0.01 IPC (0.01 IPC) --  N/A  KHz (0.00 KHz) 
**Core 62 Thread 13 Finished:   insts:19          cycles:2745       (10976)  seconds:5     -- 0.01 IPC (0.01 IPC) --  N/A  KHz (0.00 KHz) 
**Core 67 Thread 00 Finished:   insts:19          cycles:2749       (10992)  seconds:5     -- 0.01 IPC (0.01 IPC) --  N/A  KHz (0.00 KHz) 
**Core 17 Thread 12 Finished:   insts:19          cycles:2762       (11044)  seconds:5     -- 0.01 IPC (0.01 IPC) --  N/A  KHz (0.00 KHz) 
**Core 35 Thread 00 Finished:   insts:19          cycles:2763       (11048)  seconds:5     -- 0.01 IPC (0.01 IPC) --  N/A  KHz (0.00 KHz) 
**Core 26 Thread 05 Finished:   insts:19          cycles:2764       (11052)  seconds:5     -- 0.01 IPC (0.01 IPC) --  N/A  KHz (0.00 KHz) 
**Core 48 Thread 14 Finished:   insts:19          cycles:2764       (11052)  seconds:5     -- 0.01 IPC (0.01 IPC) --  N/A  KHz (0.00 KHz) 
**Core 55 Thread 05 Finished:   insts:19          cycles:2766       (11060)  seconds:5     -- 0.01 IPC (0.01 IPC) --  N/A  KHz (0.00 KHz) 
**Core 32 Thread 14 Finished:   insts:19          cycles:2768       (11068)  seconds:5     -- 0.01 IPC (0.01 IPC) --  N/A  KHz (0.00 KHz) 
**Core 23 Thread 03 Finished:   insts:19          cycles:2771       (11080)  seconds:5     -- 0.01 IPC (0.01 IPC) --  N/A  KHz (0.00 KHz) 
**Core 41 Thread 14 Finished:   insts:19          cycles:2771       (11080)  seconds:5     -- 0.01 IPC (0.01 IPC) --  N/A  KHz (0.00 KHz) 
**Core 57 Thread 02 Finished:   insts:19          cycles:2775       (11096)  seconds:5     -- 0.01 IPC (0.01 IPC) --  N/A  KHz (0.00 KHz) 
**Core 62 Thread 00 Finished:   insts:19          cycles:2776       (11100)  seconds:5     -- 0.01 IPC (0.01 IPC) --  N/A  KHz (0.00 KHz) 
**Core 70 Thread 05 Finished:   insts:19          cycles:2776       (11100)  seconds:5     -- 0.01 IPC (0.01 IPC) --  N/A  KHz (0.00 KHz) 
**Core 67 Thread 01 Finished:   insts:19          cycles:2777       (11104)  seconds:5     -- 0.01 IPC (0.01 IPC) --  N/A  KHz (0.00 KHz) 
**Core 48 Thread 15 Finished:   insts:19          cycles:2778       (11108)  seconds:5     -- 0.01 IPC (0.01 IPC) --  N/A  KHz (0.00 KHz) 
**Core 35 Thread 01 Finished:   insts:19          cycles:2782       (11124)  seconds:5     -- 0.01 IPC (0.01 IPC) --  N/A  KHz (0.00 KHz) 
**Core 26 Thread 02 Finished:   insts:19          cycles:2785       (11136)  seconds:5     -- 0.01 IPC (0.01 IPC) --  N/A  KHz (0.00 KHz) 
**Core 55 Thread 02 Finished:   insts:19          cycles:2786       (11140)  seconds:5     -- 0.01 IPC (0.01 IPC) --  N/A  KHz (0.00 KHz) 
**Core 17 Thread 13 Finished:   insts:19          cycles:2787       (11144)  seconds:5     -- 0.01 IPC (0.01 IPC) --  N/A  KHz (0.00 KHz) 
**Core 56 Thread 03 Finished:   insts:19          cycles:2788       (11148)  seconds:5     -- 0.01 IPC (0.01 IPC) --  N/A  KHz (0.00 KHz) 
**Core 23 Thread 04 Finished:   insts:19          cycles:2805       (11216)  seconds:5     -- 0.01 IPC (0.01 IPC) --  N/A  KHz (0.00 KHz) 
**Core 32 Thread 15 Finished:   insts:19          cycles:2806       (11220)  seconds:5     -- 0.01 IPC (0.01 IPC) --  N/A  KHz (0.00 KHz) 
**Core 36 Thread 02 Finished:   insts:19          cycles:2807       (11224)  seconds:5     -- 0.01 IPC (0.01 IPC) --  N/A  KHz (0.00 KHz) 
**Core 41 Thread 15 Finished:   insts:19          cycles:2808       (11228)  seconds:5     -- 0.01 IPC (0.01 IPC) --  N/A  KHz (0.00 KHz) 
**Core 17 Thread 14 Finished:   insts:19          cycles:2812       (11244)  seconds:5     -- 0.01 IPC (0.01 IPC) --  N/A  KHz (0.00 KHz) 
**Core 26 Thread 03 Finished:   insts:19          cycles:2812       (11244)  seconds:5     -- 0.01 IPC (0.01 IPC) --  N/A  KHz (0.00 KHz) 
**Core 49 Thread 00 Finished:   insts:19          cycles:2813       (11248)  seconds:5     -- 0.01 IPC (0.01 IPC) --  N/A  KHz (0.00 KHz) 
**Core 52 Thread 05 Finished:   insts:19          cycles:2814       (11252)  seconds:5     -- 0.01 IPC (0.01 IPC) --  N/A  KHz (0.00 KHz) 
**Core 62 Thread 01 Finished:   insts:19          cycles:2815       (11256)  seconds:5     -- 0.01 IPC (0.01 IPC) --  N/A  KHz (0.00 KHz) 
**Core 70 Thread 02 Finished:   insts:19          cycles:2815       (11256)  seconds:5     -- 0.01 IPC (0.01 IPC) --  N/A  KHz (0.00 KHz) 
**Core 68 Thread 01 Finished:   insts:19          cycles:2816       (11260)  seconds:5     -- 0.01 IPC (0.01 IPC) --  N/A  KHz (0.00 KHz) 
**Core 32 Thread 05 Finished:   insts:19          cycles:2818       (11268)  seconds:5     -- 0.01 IPC (0.01 IPC) --  N/A  KHz (0.00 KHz) 
**Core 42 Thread 14 Finished:   insts:19          cycles:2819       (11272)  seconds:5     -- 0.01 IPC (0.01 IPC) --  N/A  KHz (0.00 KHz) 
**Core 56 Thread 04 Finished:   insts:19          cycles:2819       (11272)  seconds:5     -- 0.01 IPC (0.01 IPC) --  N/A  KHz (0.00 KHz) 
**Core 23 Thread 06 Finished:   insts:19          cycles:2822       (11284)  seconds:5     -- 0.01 IPC (0.01 IPC) --  N/A  KHz (0.00 KHz) 
**Core 63 Thread 01 Finished:   insts:19          cycles:2823       (11288)  seconds:5     -- 0.01 IPC (0.01 IPC) --  N/A  KHz (0.00 KHz) 
**Core 79 Thread 12 Finished:   insts:19          cycles:2824       (11292)  seconds:5     -- 0.01 IPC (0.01 IPC) --  N/A  KHz (0.00 KHz) 
**Core 72 Thread 12 Finished:   insts:19          cycles:2825       (11296)  seconds:5     -- 0.01 IPC (0.01 IPC) --  N/A  KHz (0.00 KHz) 
**Core 83 Thread 12 Finished:   insts:19          cycles:2826       (11300)  seconds:5     -- 0.01 IPC (0.01 IPC) --  N/A  KHz (0.00 KHz) 
**Core 79 Thread 13 Finished:   insts:19          cycles:2827       (11304)  seconds:5     -- 0.01 IPC (0.01 IPC) --  N/A  KHz (0.00 KHz) 
**Core 49 Thread 01 Finished:   insts:19          cycles:2828       (11308)  seconds:5     -- 0.01 IPC (0.01 IPC) --  N/A  KHz (0.00 KHz) 
**Core 75 Thread 12 Finished:   insts:19          cycles:2828       (11308)  seconds:5     -- 0.01 IPC (0.01 IPC) --  N/A  KHz (0.00 KHz) 
**Core 83 Thread 13 Finished:   insts:19          cycles:2829       (11312)  seconds:5     -- 0.01 IPC (0.01 IPC) --  N/A  KHz (0.00 KHz) 
**Core 17 Thread 15 Finished:   insts:19          cycles:2841       (11360)  seconds:5     -- 0.01 IPC (0.01 IPC) --  N/A  KHz (0.00 KHz) 
**Core 36 Thread 03 Finished:   insts:19          cycles:2842       (11364)  seconds:5     -- 0.01 IPC (0.01 IPC) --  N/A  KHz (0.00 KHz) 
**Core 26 Thread 04 Finished:   insts:19          cycles:2843       (11368)  seconds:5     -- 0.01 IPC (0.01 IPC) --  N/A  KHz (0.00 KHz) 
**Core 32 Thread 02 Finished:   insts:19          cycles:2844       (11372)  seconds:5     -- 0.01 IPC (0.01 IPC) --  N/A  KHz (0.00 KHz) 
**Core 52 Thread 02 Finished:   insts:19          cycles:2845       (11376)  seconds:5     -- 0.01 IPC (0.01 IPC) --  N/A  KHz (0.00 KHz) 
**Core 42 Thread 15 Finished:   insts:19          cycles:2846       (11380)  seconds:5     -- 0.01 IPC (0.01 IPC) --  N/A  KHz (0.00 KHz) 
**Core 23 Thread 07 Finished:   insts:19          cycles:2847       (11384)  seconds:5     -- 0.01 IPC (0.01 IPC) --  N/A  KHz (0.00 KHz) 
**Core 68 Thread 00 Finished:   insts:19          cycles:2848       (11388)  seconds:5     -- 0.01 IPC (0.01 IPC) --  N/A  KHz (0.00 KHz) 
**Core 57 Thread 03 Finished:   insts:19          cycles:2850       (11396)  seconds:5     -- 0.01 IPC (0.01 IPC) --  N/A  KHz (0.00 KHz) 
**Core 63 Thread 00 Finished:   insts:19          cycles:2851       (11400)  seconds:5     -- 0.01 IPC (0.01 IPC) --  N/A  KHz (0.00 KHz) 
**Core 80 Thread 12 Finished:   insts:19          cycles:2852       (11404)  seconds:5     -- 0.01 IPC (0.01 IPC) --  N/A  KHz (0.00 KHz) 
**Core 50 Thread 00 Finished:   insts:19          cycles:2853       (11408)  seconds:5     -- 0.01 IPC (0.01 IPC) --  N/A  KHz (0.00 KHz) 
**Core 75 Thread 13 Finished:   insts:19          cycles:2854       (11412)  seconds:5     -- 0.01 IPC (0.01 IPC) --  N/A  KHz (0.00 KHz) 
**Core 69 Thread 00 Finished:   insts:19          cycles:2855       (11416)  seconds:5     -- 0.01 IPC (0.01 IPC) --  N/A  KHz (0.00 KHz) 
**Core 84 Thread 12 Finished:   insts:19          cycles:2856       (11420)  seconds:5     -- 0.01 IPC (0.01 IPC) --  N/A  KHz (0.00 KHz) 
**Core 36 Thread 04 Finished:   insts:19          cycles:2857       (11424)  seconds:5     -- 0.01 IPC (0.01 IPC) --  N/A  KHz (0.00 KHz) 
**Core 80 Thread 13 Finished:   insts:19          cycles:2858       (11428)  seconds:5     -- 0.01 IPC (0.01 IPC) --  N/A  KHz (0.00 KHz) 
**Core 26 Thread 06 Finished:   insts:19          cycles:2860       (11436)  seconds:5     -- 0.01 IPC (0.01 IPC) --  N/A  KHz (0.00 KHz) 
**Core 53 Thread 05 Finished:   insts:19          cycles:2861       (11440)  seconds:5     -- 0.01 IPC (0.01 IPC) --  N/A  KHz (0.00 KHz) 
**Core 57 Thread 04 Finished:   insts:19          cycles:2862       (11444)  seconds:5     -- 0.01 IPC (0.01 IPC) --  N/A  KHz (0.00 KHz) 
**Core 72 Thread 13 Finished:   insts:19          cycles:2863       (11448)  seconds:5     -- 0.01 IPC (0.01 IPC) --  N/A  KHz (0.00 KHz) 
**Core 87 Thread 12 Finished:   insts:19          cycles:2864       (11452)  seconds:5     -- 0.01 IPC (0.01 IPC) --  N/A  KHz (0.00 KHz) 
**Core 78 Thread 12 Finished:   insts:19          cycles:2865       (11456)  seconds:5     -- 0.01 IPC (0.01 IPC) --  N/A  KHz (0.00 KHz) 
**Core 73 Thread 12 Finished:   insts:19          cycles:2866       (11460)  seconds:5     -- 0.01 IPC (0.01 IPC) --  N/A  KHz (0.00 KHz) 
**Core 87 Thread 13 Finished:   insts:19          cycles:2867       (11464)  seconds:5     -- 0.01 IPC (0.01 IPC) --  N/A  KHz (0.00 KHz) 
**Core 81 Thread 12 Finished:   insts:19          cycles:2868       (11468)  seconds:5     -- 0.01 IPC (0.01 IPC) --  N/A  KHz (0.00 KHz) 
**Core 17 Thread 16 Finished:   insts:19          cycles:2869       (11472)  seconds:5     -- 0.01 IPC (0.01 IPC) --  N/A  KHz (0.00 KHz) 
**Core 17 Thread 17 Finished:   insts:19          cycles:2869       (11472)  seconds:5     -- 0.01 IPC (0.01 IPC) --  N/A  KHz (0.00 KHz) 
**Core 23 Thread 08 Finished:   insts:19          cycles:2878       (11508)  seconds:5     -- 0.01 IPC (0.01 IPC) --  N/A  KHz (0.00 KHz) 
**Core 32 Thread 03 Finished:   insts:19          cycles:2878       (11508)  seconds:5     -- 0.01 IPC (0.01 IPC) --  N/A  KHz (0.00 KHz) 
**Core 43 Thread 05 Finished:   insts:19          cycles:2879       (11512)  seconds:5     -- 0.01 IPC (0.01 IPC) --  N/A  KHz (0.00 KHz) 
**Core 50 Thread 01 Finished:   insts:19          cycles:2881       (11520)  seconds:5     -- 0.01 IPC (0.01 IPC) --  N/A  KHz (0.00 KHz) 
**Core 36 Thread 06 Finished:   insts:19          cycles:2882       (11524)  seconds:5     -- 0.01 IPC (0.01 IPC) --  N/A  KHz (0.00 KHz) 
**Core 63 Thread 14 Finished:   insts:19          cycles:2882       (11524)  seconds:5     -- 0.01 IPC (0.01 IPC) --  N/A  KHz (0.00 KHz) 
**Core 66 Thread 00 Finished:   insts:19          cycles:2883       (11528)  seconds:5     -- 0.01 IPC (0.01 IPC) --  N/A  KHz (0.00 KHz) 
**Core 71 Thread 03 Finished:   insts:19          cycles:2883       (11528)  seconds:5     -- 0.01 IPC (0.01 IPC) --  N/A  KHz (0.00 KHz) 
**Core 26 Thread 07 Finished:   insts:19          cycles:2886       (11540)  seconds:5     -- 0.01 IPC (0.01 IPC) --  N/A  KHz (0.00 KHz) 
**Core 53 Thread 02 Finished:   insts:19          cycles:2887       (11544)  seconds:5     -- 0.01 IPC (0.01 IPC) --  N/A  KHz (0.00 KHz) 
**Core 73 Thread 13 Finished:   insts:19          cycles:2890       (11556)  seconds:5     -- 0.01 IPC (0.01 IPC) --  N/A  KHz (0.00 KHz) 
**Core 84 Thread 13 Finished:   insts:19          cycles:2891       (11560)  seconds:5     -- 0.01 IPC (0.01 IPC) --  N/A  KHz (0.00 KHz) 
**Core 76 Thread 12 Finished:   insts:19          cycles:2892       (11564)  seconds:5     -- 0.01 IPC (0.01 IPC) --  N/A  KHz (0.00 KHz) 
**Core 32 Thread 04 Finished:   insts:19          cycles:2895       (11576)  seconds:5     -- 0.01 IPC (0.01 IPC) --  N/A  KHz (0.00 KHz) 
**Core 45 Thread 15 Finished:   insts:19          cycles:2896       (11580)  seconds:5     -- 0.01 IPC (0.01 IPC) --  N/A  KHz (0.00 KHz) 
**Core 23 Thread 09 Finished:   insts:19          cycles:2898       (11588)  seconds:5     -- 0.01 IPC (0.01 IPC) --  N/A  KHz (0.00 KHz) 
**Core 63 Thread 15 Finished:   insts:19          cycles:2899       (11592)  seconds:5     -- 0.01 IPC (0.01 IPC) --  N/A  KHz (0.00 KHz) 
**Core 71 Thread 04 Finished:   insts:19          cycles:2900       (11596)  seconds:5     -- 0.01 IPC (0.01 IPC) --  N/A  KHz (0.00 KHz) 
**Core 74 Thread 12 Finished:   insts:19          cycles:2900       (11596)  seconds:5     -- 0.01 IPC (0.01 IPC) --  N/A  KHz (0.00 KHz) 
**Core 82 Thread 12 Finished:   insts:19          cycles:2901       (11600)  seconds:5     -- 0.01 IPC (0.01 IPC) --  N/A  KHz (0.00 KHz) 
**Core 51 Thread 14 Finished:   insts:19          cycles:2903       (11608)  seconds:5     -- 0.01 IPC (0.01 IPC) --  N/A  KHz (0.00 KHz) 
**Core 76 Thread 13 Finished:   insts:19          cycles:2904       (11612)  seconds:5     -- 0.01 IPC (0.01 IPC) --  N/A  KHz (0.00 KHz) 
**Core 56 Thread 06 Finished:   insts:19          cycles:2905       (11616)  seconds:5     -- 0.01 IPC (0.01 IPC) --  N/A  KHz (0.00 KHz) 
**Core 66 Thread 01 Finished:   insts:19          cycles:2906       (11620)  seconds:5     -- 0.01 IPC (0.01 IPC) --  N/A  KHz (0.00 KHz) 
**Core 39 Thread 14 Finished:   insts:19          cycles:2915       (11656)  seconds:5     -- 0.01 IPC (0.01 IPC) --  N/A  KHz (0.00 KHz) 
**Core 26 Thread 08 Finished:   insts:19          cycles:2916       (11660)  seconds:5     -- 0.01 IPC (0.01 IPC) --  N/A  KHz (0.00 KHz) 
**Core 54 Thread 05 Finished:   insts:19          cycles:2917       (11664)  seconds:5     -- 0.01 IPC (0.01 IPC) --  N/A  KHz (0.00 KHz) 
**Core 32 Thread 06 Finished:   insts:19          cycles:2918       (11668)  seconds:5     -- 0.01 IPC (0.01 IPC) --  N/A  KHz (0.00 KHz) 
**Core 43 Thread 02 Finished:   insts:19          cycles:2919       (11672)  seconds:5     -- 0.01 IPC (0.01 IPC) --  N/A  KHz (0.00 KHz) 
**Core 23 Thread 11 Finished:   insts:19          cycles:2922       (11684)  seconds:5     -- 0.01 IPC (0.01 IPC) --  N/A  KHz (0.00 KHz) 
**Core 58 Thread 01 Finished:   insts:19          cycles:2924       (11692)  seconds:5     -- 0.01 IPC (0.01 IPC) --  N/A  KHz (0.00 KHz) 
**Core 74 Thread 13 Finished:   insts:19          cycles:2924       (11692)  seconds:5     -- 0.01 IPC (0.01 IPC) --  N/A  KHz (0.00 KHz) 
**Core 82 Thread 13 Finished:   insts:19          cycles:2926       (11700)  seconds:5     -- 0.01 IPC (0.01 IPC) --  N/A  KHz (0.00 KHz) 
**Core 51 Thread 15 Finished:   insts:19          cycles:2928       (11708)  seconds:5     -- 0.01 IPC (0.01 IPC) --  N/A  KHz (0.00 KHz) 
**Core 69 Thread 01 Finished:   insts:19          cycles:2931       (11720)  seconds:5     -- 0.01 IPC (0.01 IPC) --  N/A  KHz (0.00 KHz) 
**Core 77 Thread 12 Finished:   insts:19          cycles:2931       (11720)  seconds:5     -- 0.01 IPC (0.01 IPC) --  N/A  KHz (0.00 KHz) 
**Core 39 Thread 15 Finished:   insts:19          cycles:2932       (11724)  seconds:5     -- 0.01 IPC (0.01 IPC) --  N/A  KHz (0.00 KHz) 
**Core 26 Thread 09 Finished:   insts:19          cycles:2936       (11740)  seconds:5     -- 0.01 IPC (0.01 IPC) --  N/A  KHz (0.00 KHz) 
**Core 54 Thread 02 Finished:   insts:19          cycles:2937       (11744)  seconds:5     -- 0.01 IPC (0.01 IPC) --  N/A  KHz (0.00 KHz) 
**Core 72 Thread 00 Finished:   insts:19          cycles:2938       (11748)  seconds:5     -- 0.01 IPC (0.01 IPC) --  N/A  KHz (0.00 KHz) 
**Core 32 Thread 07 Finished:   insts:19          cycles:2943       (11768)  seconds:5     -- 0.01 IPC (0.01 IPC) --  N/A  KHz (0.00 KHz) 
**Core 44 Thread 05 Finished:   insts:19          cycles:2943       (11768)  seconds:5     -- 0.01 IPC (0.01 IPC) --  N/A  KHz (0.00 KHz) 
**Core 83 Thread 00 Finished:   insts:19          cycles:2944       (11772)  seconds:5     -- 0.01 IPC (0.01 IPC) --  N/A  KHz (0.00 KHz) 
**Core 56 Thread 07 Finished:   insts:19          cycles:2945       (11776)  seconds:5     -- 0.01 IPC (0.01 IPC) --  N/A  KHz (0.00 KHz) 
**Core 23 Thread 10 Finished:   insts:19          cycles:2956       (11820)  seconds:5     -- 0.01 IPC (0.01 IPC) --  N/A  KHz (0.00 KHz) 
**Core 23 Core_Total  Finished:   insts:304         cycles:2956       (11820) seconds:5     -- 0.10 IPC (0.10 IPC) --  N/A  KHz (0.06 KHz)
**Core 36 Thread 07 Finished:   insts:19          cycles:2959       (11832)  seconds:5     -- 0.01 IPC (0.01 IPC) --  N/A  KHz (0.00 KHz) 
**Core 49 Thread 14 Finished:   insts:19          cycles:2962       (11844)  seconds:5     -- 0.01 IPC (0.01 IPC) --  N/A  KHz (0.00 KHz) 
**Core 26 Thread 11 Finished:   insts:19          cycles:2962       (11844)  seconds:5     -- 0.01 IPC (0.01 IPC) --  N/A  KHz (0.00 KHz) 
**Core 55 Thread 03 Finished:   insts:19          cycles:2963       (11848)  seconds:5     -- 0.01 IPC (0.01 IPC) --  N/A  KHz (0.00 KHz) 
**Core 58 Thread 00 Finished:   insts:19          cycles:2964       (11852)  seconds:5     -- 0.01 IPC (0.01 IPC) --  N/A  KHz (0.00 KHz) 
**Core 64 Thread 14 Finished:   insts:19          cycles:2964       (11852)  seconds:5     -- 0.01 IPC (0.01 IPC) --  N/A  KHz (0.00 KHz) 
**Core 31 Thread 10 Finished:   insts:19          cycles:2968       (11868)  seconds:5     -- 0.01 IPC (0.01 IPC) --  N/A  KHz (0.00 KHz) 
**Core 31 Core_Total  Finished:   insts:304         cycles:2968       (11868) seconds:5     -- 0.10 IPC (0.10 IPC) --  N/A  KHz (0.06 KHz)
**Core 44 Thread 02 Finished:   insts:19          cycles:2968       (11868)  seconds:5     -- 0.01 IPC (0.01 IPC) --  N/A  KHz (0.00 KHz) 
**Core 57 Thread 06 Finished:   insts:19          cycles:2972       (11884)  seconds:5     -- 0.01 IPC (0.01 IPC) --  N/A  KHz (0.00 KHz) 
**Core 72 Thread 01 Finished:   insts:19          cycles:2974       (11892)  seconds:5     -- 0.01 IPC (0.01 IPC) --  N/A  KHz (0.00 KHz) 
**Core 78 Thread 13 Finished:   insts:19          cycles:2974       (11892)  seconds:5     -- 0.01 IPC (0.01 IPC) --  N/A  KHz (0.00 KHz) 
**Core 83 Thread 01 Finished:   insts:19          cycles:2975       (11896)  seconds:5     -- 0.01 IPC (0.01 IPC) --  N/A  KHz (0.00 KHz) 
**Core 46 Thread 05 Finished:   insts:19          cycles:2978       (11908)  seconds:5     -- 0.01 IPC (0.01 IPC) --  N/A  KHz (0.00 KHz) 
**Core 79 Thread 00 Finished:   insts:19          cycles:2979       (11912)  seconds:5     -- 0.01 IPC (0.01 IPC) --  N/A  KHz (0.00 KHz) 
**Core 59 Thread 14 Finished:   insts:19          cycles:2980       (11916)  seconds:5     -- 0.01 IPC (0.01 IPC) --  N/A  KHz (0.00 KHz) 
**Core 64 Thread 15 Finished:   insts:19          cycles:2981       (11920)  seconds:5     -- 0.01 IPC (0.01 IPC) --  N/A  KHz (0.00 KHz) 
**Core 34 Thread 05 Finished:   insts:19          cycles:2982       (11924)  seconds:5     -- 0.01 IPC (0.01 IPC) --  N/A  KHz (0.00 KHz) 
**Core 73 Thread 00 Finished:   insts:19          cycles:2984       (11932)  seconds:5     -- 0.01 IPC (0.01 IPC) --  N/A  KHz (0.00 KHz) 
**Core 26 Thread 10 Finished:   insts:19          cycles:2999       (11992)  seconds:5     -- 0.01 IPC (0.01 IPC) --  N/A  KHz (0.00 KHz) 
**Core 26 Core_Total  Finished:   insts:304         cycles:2999       (11992) seconds:5     -- 0.10 IPC (0.10 IPC) --  N/A  KHz (0.06 KHz)
**Core 32 Thread 08 Finished:   insts:19          cycles:3000       (11996)  seconds:5     -- 0.01 IPC (0.01 IPC) --  N/A  KHz (0.00 KHz) 
**Core 55 Thread 04 Finished:   insts:19          cycles:3002       (12004)  seconds:5     -- 0.01 IPC (0.01 IPC) --  N/A  KHz (0.00 KHz) 
**Core 45 Thread 05 Finished:   insts:19          cycles:3003       (12008)  seconds:5     -- 0.01 IPC (0.01 IPC) --  N/A  KHz (0.00 KHz) 
**Core 49 Thread 15 Finished:   insts:19          cycles:3004       (12012)  seconds:5     -- 0.01 IPC (0.01 IPC) --  N/A  KHz (0.00 KHz) 
**Core 57 Thread 07 Finished:   insts:19          cycles:3004       (12012)  seconds:5     -- 0.01 IPC (0.01 IPC) --  N/A  KHz (0.00 KHz) 
**Core 59 Thread 15 Finished:   insts:19          cycles:3006       (12020)  seconds:5     -- 0.01 IPC (0.01 IPC) --  N/A  KHz (0.00 KHz) 
**Core 65 Thread 14 Finished:   insts:19          cycles:3006       (12020)  seconds:5     -- 0.01 IPC (0.01 IPC) --  N/A  KHz (0.00 KHz) 
**Core 34 Thread 02 Finished:   insts:19          cycles:3007       (12024)  seconds:5     -- 0.01 IPC (0.01 IPC) --  N/A  KHz (0.00 KHz) 
**Core 85 Thread 12 Finished:   insts:19          cycles:3008       (12028)  seconds:5     -- 0.01 IPC (0.01 IPC) --  N/A  KHz (0.00 KHz) 
**Core 27 Thread 12 Finished:   insts:19          cycles:3012       (12044)  seconds:5     -- 0.01 IPC (0.01 IPC) --  N/A  KHz (0.00 KHz) 
**Core 52 Thread 03 Finished:   insts:19          cycles:3013       (12048)  seconds:5     -- 0.01 IPC (0.01 IPC) --  N/A  KHz (0.00 KHz) 
**Core 79 Thread 01 Finished:   insts:19          cycles:3015       (12056)  seconds:5     -- 0.01 IPC (0.01 IPC) --  N/A  KHz (0.00 KHz) 
**Core 75 Thread 00 Finished:   insts:19          cycles:3016       (12060)  seconds:5     -- 0.01 IPC (0.01 IPC) --  N/A  KHz (0.00 KHz) 
**Core 32 Thread 09 Finished:   insts:19          cycles:3018       (12068)  seconds:5     -- 0.01 IPC (0.01 IPC) --  N/A  KHz (0.00 KHz) 
**Core 45 Thread 02 Finished:   insts:19          cycles:3018       (12068)  seconds:5     -- 0.01 IPC (0.01 IPC) --  N/A  KHz (0.00 KHz) 
**Core 85 Thread 13 Finished:   insts:19          cycles:3019       (12072)  seconds:5     -- 0.01 IPC (0.01 IPC) --  N/A  KHz (0.00 KHz) 
**Core 36 Thread 08 Finished:   insts:19          cycles:3043       (12168)  seconds:5     -- 0.01 IPC (0.01 IPC) --  N/A  KHz (0.00 KHz) 
**Core 27 Thread 13 Finished:   insts:19          cycles:3044       (12172)  seconds:5     -- 0.01 IPC (0.01 IPC) --  N/A  KHz (0.00 KHz) 
**Core 32 Thread 11 Finished:   insts:19          cycles:3046       (12180)  seconds:5     -- 0.01 IPC (0.01 IPC) --  N/A  KHz (0.00 KHz) 
**Core 50 Thread 14 Finished:   insts:19          cycles:3047       (12184)  seconds:5     -- 0.01 IPC (0.01 IPC) --  N/A  KHz (0.00 KHz) 
**Core 52 Thread 04 Finished:   insts:19          cycles:3048       (12188)  seconds:5     -- 0.01 IPC (0.01 IPC) --  N/A  KHz (0.00 KHz) 
**Core 40 Thread 05 Finished:   insts:19          cycles:3050       (12196)  seconds:5     -- 0.01 IPC (0.01 IPC) --  N/A  KHz (0.00 KHz) 
**Core 60 Thread 15 Finished:   insts:19          cycles:3051       (12200)  seconds:5     -- 0.01 IPC (0.01 IPC) --  N/A  KHz (0.00 KHz) 
**Core 67 Thread 15 Finished:   insts:19          cycles:3051       (12200)  seconds:5     -- 0.01 IPC (0.01 IPC) --  N/A  KHz (0.00 KHz) 
**Core 50 Thread 15 Finished:   insts:19          cycles:3053       (12208)  seconds:5     -- 0.01 IPC (0.01 IPC) --  N/A  KHz (0.00 KHz) 
**Core 75 Thread 01 Finished:   insts:19          cycles:3054       (12212)  seconds:5     -- 0.01 IPC (0.01 IPC) --  N/A  KHz (0.00 KHz) 
**Core 81 Thread 13 Finished:   insts:19          cycles:3054       (12212)  seconds:5     -- 0.01 IPC (0.01 IPC) --  N/A  KHz (0.00 KHz) 
**Core 60 Thread 14 Finished:   insts:19          cycles:3055       (12216)  seconds:5     -- 0.01 IPC (0.01 IPC) --  N/A  KHz (0.00 KHz) 
**Core 67 Thread 14 Finished:   insts:19          cycles:3056       (12220)  seconds:5     -- 0.01 IPC (0.01 IPC) --  N/A  KHz (0.00 KHz) 
**Core 34 Thread 03 Finished:   insts:19          cycles:3057       (12224)  seconds:5     -- 0.01 IPC (0.01 IPC) --  N/A  KHz (0.00 KHz) 
**Core 86 Thread 12 Finished:   insts:19          cycles:3058       (12228)  seconds:5     -- 0.01 IPC (0.01 IPC) --  N/A  KHz (0.00 KHz) 
**Core 27 Thread 00 Finished:   insts:19          cycles:3060       (12236)  seconds:5     -- 0.01 IPC (0.01 IPC) --  N/A  KHz (0.00 KHz) 
**Core 53 Thread 03 Finished:   insts:19          cycles:3061       (12240)  seconds:5     -- 0.01 IPC (0.01 IPC) --  N/A  KHz (0.00 KHz) 
**Core 33 Thread 00 Finished:   insts:19          cycles:3077       (12304)  seconds:5     -- 0.01 IPC (0.01 IPC) --  N/A  KHz (0.00 KHz) 
**Core 42 Thread 05 Finished:   insts:19          cycles:3078       (12308)  seconds:5     -- 0.01 IPC (0.01 IPC) --  N/A  KHz (0.00 KHz) 
**Core 46 Thread 02 Finished:   insts:19          cycles:3079       (12312)  seconds:5     -- 0.01 IPC (0.01 IPC) --  N/A  KHz (0.00 KHz) 
**Core 61 Thread 14 Finished:   insts:19          cycles:3081       (12320)  seconds:5     -- 0.01 IPC (0.01 IPC) --  N/A  KHz (0.00 KHz) 
**Core 70 Thread 03 Finished:   insts:19          cycles:3081       (12320)  seconds:5     -- 0.01 IPC (0.01 IPC) --  N/A  KHz (0.00 KHz) 
**Core 68 Thread 14 Finished:   insts:19          cycles:3082       (12324)  seconds:5     -- 0.01 IPC (0.01 IPC) --  N/A  KHz (0.00 KHz) 
**Core 34 Thread 04 Finished:   insts:19          cycles:3082       (12324)  seconds:5     -- 0.01 IPC (0.01 IPC) --  N/A  KHz (0.00 KHz) 
**Core 77 Thread 13 Finished:   insts:19          cycles:3083       (12328)  seconds:5     -- 0.01 IPC (0.01 IPC) --  N/A  KHz (0.00 KHz) 
**Core 27 Thread 01 Finished:   insts:19          cycles:3085       (12336)  seconds:5     -- 0.01 IPC (0.01 IPC) --  N/A  KHz (0.00 KHz) 
**Core 53 Thread 04 Finished:   insts:19          cycles:3086       (12340)  seconds:5     -- 0.01 IPC (0.01 IPC) --  N/A  KHz (0.00 KHz) 
**Core 73 Thread 01 Finished:   insts:19          cycles:3087       (12344)  seconds:5     -- 0.01 IPC (0.01 IPC) --  N/A  KHz (0.00 KHz) 
**Core 86 Thread 13 Finished:   insts:19          cycles:3088       (12348)  seconds:5     -- 0.01 IPC (0.01 IPC) --  N/A  KHz (0.00 KHz) 
**Core 70 Thread 04 Finished:   insts:19          cycles:3090       (12356)  seconds:5     -- 0.01 IPC (0.01 IPC) --  N/A  KHz (0.00 KHz) 
**Core 78 Thread 00 Finished:   insts:19          cycles:3090       (12356)  seconds:5     -- 0.01 IPC (0.01 IPC) --  N/A  KHz (0.00 KHz) 
**Core 74 Thread 00 Finished:   insts:19          cycles:3091       (12360)  seconds:5     -- 0.01 IPC (0.01 IPC) --  N/A  KHz (0.00 KHz) 
**Core 33 Thread 01 Finished:   insts:19          cycles:3093       (12368)  seconds:5     -- 0.01 IPC (0.01 IPC) --  N/A  KHz (0.00 KHz) 
**Core 42 Thread 02 Finished:   insts:19          cycles:3093       (12368)  seconds:5     -- 0.01 IPC (0.01 IPC) --  N/A  KHz (0.00 KHz) 
**Core 87 Thread 00 Finished:   insts:19          cycles:3094       (12372)  seconds:5     -- 0.01 IPC (0.01 IPC) --  N/A  KHz (0.00 KHz) 
**Core 34 Thread 06 Finished:   insts:19          cycles:3111       (12440)  seconds:5     -- 0.01 IPC (0.01 IPC) --  N/A  KHz (0.00 KHz) 
**Core 27 Thread 14 Finished:   insts:19          cycles:3112       (12444)  seconds:5     -- 0.01 IPC (0.01 IPC) --  N/A  KHz (0.00 KHz) 
**Core 48 Thread 05 Finished:   insts:19          cycles:3113       (12448)  seconds:5     -- 0.01 IPC (0.01 IPC) --  N/A  KHz (0.00 KHz) 
**Core 54 Thread 03 Finished:   insts:19          cycles:3114       (12452)  seconds:5     -- 0.01 IPC (0.01 IPC) --  N/A  KHz (0.00 KHz) 
**Core 61 Thread 15 Finished:   insts:19          cycles:3114       (12452)  seconds:5     -- 0.01 IPC (0.01 IPC) --  N/A  KHz (0.00 KHz) 
**Core 68 Thread 15 Finished:   insts:19          cycles:3115       (12456)  seconds:5     -- 0.01 IPC (0.01 IPC) --  N/A  KHz (0.00 KHz) 
**Core 78 Thread 01 Finished:   insts:19          cycles:3116       (12460)  seconds:5     -- 0.01 IPC (0.01 IPC) --  N/A  KHz (0.00 KHz) 
**Core 72 Thread 14 Finished:   insts:19          cycles:3117       (12464)  seconds:5     -- 0.01 IPC (0.01 IPC) --  N/A  KHz (0.00 KHz) 
**Core 32 Thread 10 Finished:   insts:19          cycles:3118       (12468)  seconds:5     -- 0.01 IPC (0.01 IPC) --  N/A  KHz (0.00 KHz) 
**Core 32 Core_Total  Finished:   insts:304         cycles:3118       (12468) seconds:5     -- 0.10 IPC (0.10 IPC) --  N/A  KHz (0.06 KHz)
**Core 40 Thread 02 Finished:   insts:19          cycles:3119       (12472)  seconds:5     -- 0.01 IPC (0.01 IPC) --  N/A  KHz (0.00 KHz) 
**Core 82 Thread 00 Finished:   insts:19          cycles:3119       (12472)  seconds:5     -- 0.01 IPC (0.01 IPC) --  N/A  KHz (0.00 KHz) 
**Core 48 Thread 02 Finished:   insts:19          cycles:3128       (12508)  seconds:5     -- 0.01 IPC (0.01 IPC) --  N/A  KHz (0.00 KHz) 
**Core 58 Thread 14 Finished:   insts:19          cycles:3131       (12520)  seconds:5     -- 0.01 IPC (0.01 IPC) --  N/A  KHz (0.00 KHz) 
**Core 36 Thread 09 Finished:   insts:19          cycles:3132       (12524)  seconds:5     -- 0.01 IPC (0.01 IPC) --  N/A  KHz (0.00 KHz) 
**Core 64 Thread 05 Finished:   insts:19          cycles:3132       (12524)  seconds:5     -- 0.01 IPC (0.01 IPC) --  N/A  KHz (0.00 KHz) 
**Core 76 Thread 01 Finished:   insts:19          cycles:3133       (12528)  seconds:5     -- 0.01 IPC (0.01 IPC) --  N/A  KHz (0.00 KHz) 
**Core 27 Thread 15 Finished:   insts:19          cycles:3136       (12540)  seconds:5     -- 0.01 IPC (0.01 IPC) --  N/A  KHz (0.00 KHz) 
**Core 54 Thread 04 Finished:   insts:19          cycles:3137       (12544)  seconds:5     -- 0.01 IPC (0.01 IPC) --  N/A  KHz (0.00 KHz) 
**Core 72 Thread 15 Finished:   insts:19          cycles:3138       (12548)  seconds:5     -- 0.01 IPC (0.01 IPC) --  N/A  KHz (0.00 KHz) 
**Core 33 Thread 14 Finished:   insts:19          cycles:3153       (12608)  seconds:5     -- 0.01 IPC (0.01 IPC) --  N/A  KHz (0.00 KHz) 
**Core 43 Thread 03 Finished:   insts:19          cycles:3155       (12616)  seconds:5     -- 0.01 IPC (0.01 IPC) --  N/A  KHz (0.00 KHz) 
**Core 51 Thread 05 Finished:   insts:19          cycles:3156       (12620)  seconds:5     -- 0.01 IPC (0.01 IPC) --  N/A  KHz (0.00 KHz) 
**Core 62 Thread 14 Finished:   insts:19          cycles:3157       (12624)  seconds:5     -- 0.01 IPC (0.01 IPC) --  N/A  KHz (0.00 KHz) 
**Core 36 Thread 11 Finished:   insts:19          cycles:3158       (12628)  seconds:5     -- 0.01 IPC (0.01 IPC) --  N/A  KHz (0.00 KHz) 
**Core 27 Thread 05 Finished:   insts:19          cycles:3161       (12640)  seconds:5     -- 0.01 IPC (0.01 IPC) --  N/A  KHz (0.00 KHz) 
**Core 55 Thread 06 Finished:   insts:19          cycles:3162       (12644)  seconds:5     -- 0.01 IPC (0.01 IPC) --  N/A  KHz (0.00 KHz) 
**Core 64 Thread 02 Finished:   insts:19          cycles:3163       (12648)  seconds:5     -- 0.01 IPC (0.01 IPC) --  N/A  KHz (0.00 KHz) 
**Core 82 Thread 01 Finished:   insts:19          cycles:3164       (12652)  seconds:5     -- 0.01 IPC (0.01 IPC) --  N/A  KHz (0.00 KHz) 
**Core 71 Thread 06 Finished:   insts:19          cycles:3167       (12664)  seconds:5     -- 0.01 IPC (0.01 IPC) --  N/A  KHz (0.00 KHz) 
**Core 33 Thread 05 Finished:   insts:19          cycles:3168       (12668)  seconds:5     -- 0.01 IPC (0.01 IPC) --  N/A  KHz (0.00 KHz) 
**Core 43 Thread 04 Finished:   insts:19          cycles:3169       (12672)  seconds:5     -- 0.01 IPC (0.01 IPC) --  N/A  KHz (0.00 KHz) 
**Core 76 Thread 00 Finished:   insts:19          cycles:3173       (12688)  seconds:5     -- 0.01 IPC (0.01 IPC) --  N/A  KHz (0.00 KHz) 
**Core 74 Thread 01 Finished:   insts:19          cycles:3174       (12692)  seconds:5     -- 0.01 IPC (0.01 IPC) --  N/A  KHz (0.00 KHz) 
**Core 83 Thread 14 Finished:   insts:19          cycles:3175       (12696)  seconds:5     -- 0.01 IPC (0.01 IPC) --  N/A  KHz (0.00 KHz) 
**Core 34 Thread 07 Finished:   insts:19          cycles:3189       (12752)  seconds:5     -- 0.01 IPC (0.01 IPC) --  N/A  KHz (0.00 KHz) 
**Core 27 Thread 02 Finished:   insts:19          cycles:3190       (12756)  seconds:5     -- 0.01 IPC (0.01 IPC) --  N/A  KHz (0.00 KHz) 
**Core 51 Thread 02 Finished:   insts:19          cycles:3191       (12760)  seconds:5     -- 0.01 IPC (0.01 IPC) --  N/A  KHz (0.00 KHz) 
**Core 62 Thread 15 Finished:   insts:19          cycles:3192       (12764)  seconds:5     -- 0.01 IPC (0.01 IPC) --  N/A  KHz (0.00 KHz) 
**Core 55 Thread 07 Finished:   insts:19          cycles:3192       (12764)  seconds:5     -- 0.01 IPC (0.01 IPC) --  N/A  KHz (0.00 KHz) 
**Core 65 Thread 15 Finished:   insts:19          cycles:3193       (12768)  seconds:5     -- 0.01 IPC (0.01 IPC) --  N/A  KHz (0.00 KHz) 
**Core 33 Thread 02 Finished:   insts:19          cycles:3193       (12768)  seconds:5     -- 0.01 IPC (0.01 IPC) --  N/A  KHz (0.00 KHz) 
**Core 41 Thread 05 Finished:   insts:19          cycles:3194       (12772)  seconds:5     -- 0.01 IPC (0.01 IPC) --  N/A  KHz (0.00 KHz) 
**Core 71 Thread 07 Finished:   insts:19          cycles:3197       (12784)  seconds:5     -- 0.01 IPC (0.01 IPC) --  N/A  KHz (0.00 KHz) 
**Core 79 Thread 14 Finished:   insts:19          cycles:3199       (12792)  seconds:5     -- 0.01 IPC (0.01 IPC) --  N/A  KHz (0.00 KHz) 
**Core 56 Thread 08 Finished:   insts:19          cycles:3199       (12792)  seconds:5     -- 0.01 IPC (0.01 IPC) --  N/A  KHz (0.00 KHz) 
**Core 75 Thread 15 Finished:   insts:19          cycles:3200       (12796)  seconds:5     -- 0.01 IPC (0.01 IPC) --  N/A  KHz (0.00 KHz) 
**Core 84 Thread 00 Finished:   insts:19          cycles:3201       (12800)  seconds:5     -- 0.01 IPC (0.01 IPC) --  N/A  KHz (0.00 KHz) 
**Core 49 Thread 05 Finished:   insts:19          cycles:3203       (12808)  seconds:5     -- 0.01 IPC (0.01 IPC) --  N/A  KHz (0.00 KHz) 
**Core 79 Thread 15 Finished:   insts:19          cycles:3204       (12812)  seconds:5     -- 0.01 IPC (0.01 IPC) --  N/A  KHz (0.00 KHz) 
**Core 36 Thread 10 Finished:   insts:19          cycles:3207       (12824)  seconds:5     -- 0.01 IPC (0.01 IPC) --  N/A  KHz (0.00 KHz) 
**Core 36 Core_Total  Finished:   insts:304         cycles:3207       (12824) seconds:5     -- 0.09 IPC (0.09 IPC) --  N/A  KHz (0.06 KHz)
**Core 58 Thread 15 Finished:   insts:19          cycles:3207       (12824)  seconds:5     -- 0.01 IPC (0.01 IPC) --  N/A  KHz (0.00 KHz) 
**Core 65 Thread 05 Finished:   insts:19          cycles:3208       (12828)  seconds:5     -- 0.01 IPC (0.01 IPC) --  N/A  KHz (0.00 KHz) 
**Core 27 Thread 03 Finished:   insts:19          cycles:3211       (12840)  seconds:5     -- 0.01 IPC (0.01 IPC) --  N/A  KHz (0.00 KHz) 
**Core 52 Thread 06 Finished:   insts:19          cycles:3212       (12844)  seconds:5     -- 0.01 IPC (0.01 IPC) --  N/A  KHz (0.00 KHz) 
**Core 75 Thread 14 Finished:   insts:19          cycles:3213       (12848)  seconds:5     -- 0.01 IPC (0.01 IPC) --  N/A  KHz (0.00 KHz) 
**Core 33 Thread 15 Finished:   insts:19          cycles:3232       (12924)  seconds:5     -- 0.01 IPC (0.01 IPC) --  N/A  KHz (0.00 KHz) 
**Core 34 Thread 08 Finished:   insts:19          cycles:3235       (12936)  seconds:5     -- 0.01 IPC (0.01 IPC) --  N/A  KHz (0.00 KHz) 
**Core 27 Thread 04 Finished:   insts:19          cycles:3236       (12940)  seconds:5     -- 0.01 IPC (0.01 IPC) --  N/A  KHz (0.00 KHz) 
**Core 44 Thread 03 Finished:   insts:19          cycles:3237       (12944)  seconds:5     -- 0.01 IPC (0.01 IPC) --  N/A  KHz (0.00 KHz) 
**Core 49 Thread 02 Finished:   insts:19          cycles:3239       (12952)  seconds:5     -- 0.01 IPC (0.01 IPC) --  N/A  KHz (0.00 KHz) 
**Core 52 Thread 07 Finished:   insts:19          cycles:3240       (12956)  seconds:5     -- 0.01 IPC (0.01 IPC) --  N/A  KHz (0.00 KHz) 
**Core 56 Thread 09 Finished:   insts:19          cycles:3241       (12960)  seconds:5     -- 0.01 IPC (0.01 IPC) --  N/A  KHz (0.00 KHz) 
**Core 66 Thread 14 Finished:   insts:19          cycles:3242       (12964)  seconds:5     -- 0.01 IPC (0.01 IPC) --  N/A  KHz (0.00 KHz) 
**Core 33 Thread 03 Finished:   insts:19          cycles:3243       (12968)  seconds:5     -- 0.01 IPC (0.01 IPC) --  N/A  KHz (0.00 KHz) 
**Core 41 Thread 02 Finished:   insts:19          cycles:3244       (12972)  seconds:5     -- 0.01 IPC (0.01 IPC) --  N/A  KHz (0.00 KHz) 
**Core 59 Thread 05 Finished:   insts:19          cycles:3245       (12976)  seconds:5     -- 0.01 IPC (0.01 IPC) --  N/A  KHz (0.00 KHz) 
**Core 13 Thread 12 Finished:   insts:19          cycles:3248       (12988)  seconds:5     -- 0.01 IPC (0.01 IPC) --  N/A  KHz (0.00 KHz) 
**Core 84 Thread 01 Finished:   insts:19          cycles:3249       (12992)  seconds:5     -- 0.01 IPC (0.01 IPC) --  N/A  KHz (0.00 KHz) 
**Core 77 Thread 00 Finished:   insts:19          cycles:3251       (13000)  seconds:5     -- 0.01 IPC (0.01 IPC) --  N/A  KHz (0.00 KHz) 
**Core 73 Thread 14 Finished:   insts:19          cycles:3252       (13004)  seconds:5     -- 0.01 IPC (0.01 IPC) --  N/A  KHz (0.00 KHz) 
**Core 50 Thread 05 Finished:   insts:19          cycles:3253       (13008)  seconds:5     -- 0.01 IPC (0.01 IPC) --  N/A  KHz (0.00 KHz) 
**Core 87 Thread 01 Finished:   insts:19          cycles:3253       (13008)  seconds:5     -- 0.01 IPC (0.01 IPC) --  N/A  KHz (0.00 KHz) 
**Core 66 Thread 15 Finished:   insts:19          cycles:3255       (13016)  seconds:5     -- 0.01 IPC (0.01 IPC) --  N/A  KHz (0.00 KHz) 
**Core 77 Thread 01 Finished:   insts:19          cycles:3255       (13016)  seconds:5     -- 0.01 IPC (0.01 IPC) --  N/A  KHz (0.00 KHz) 
**Core 13 Thread 13 Finished:   insts:19          cycles:3278       (13108)  seconds:5     -- 0.01 IPC (0.01 IPC) --  N/A  KHz (0.00 KHz) 
**Core 34 Thread 09 Finished:   insts:19          cycles:3278       (13108)  seconds:5     -- 0.01 IPC (0.01 IPC) --  N/A  KHz (0.00 KHz) 
**Core 27 Thread 06 Finished:   insts:19          cycles:3279       (13112)  seconds:5     -- 0.01 IPC (0.01 IPC) --  N/A  KHz (0.00 KHz) 
**Core 33 Thread 06 Finished:   insts:19          cycles:3280       (13116)  seconds:5     -- 0.01 IPC (0.01 IPC) --  N/A  KHz (0.00 KHz) 
**Core 53 Thread 06 Finished:   insts:19          cycles:3282       (13124)  seconds:5     -- 0.01 IPC (0.01 IPC) --  N/A  KHz (0.00 KHz) 
**Core 37 Thread 05 Finished:   insts:19          cycles:3282       (13124)  seconds:5     -- 0.01 IPC (0.01 IPC) --  N/A  KHz (0.00 KHz) 
**Core 44 Thread 04 Finished:   insts:19          cycles:3283       (13128)  seconds:5     -- 0.01 IPC (0.01 IPC) --  N/A  KHz (0.00 KHz) 
**Core 47 Thread 03 Finished:   insts:19          cycles:3284       (13132)  seconds:5     -- 0.01 IPC (0.01 IPC) --  N/A  KHz (0.00 KHz) 
**Core 27 Thread 07 Finished:   insts:19          cycles:3286       (13140)  seconds:5     -- 0.01 IPC (0.01 IPC) --  N/A  KHz (0.00 KHz) 
**Core 54 Thread 06 Finished:   insts:19          cycles:3287       (13144)  seconds:5     -- 0.01 IPC (0.01 IPC) --  N/A  KHz (0.00 KHz) 
**Core 60 Thread 02 Finished:   insts:19          cycles:3288       (13148)  seconds:5     -- 0.01 IPC (0.01 IPC) --  N/A  KHz (0.00 KHz) 
**Core 69 Thread 15 Finished:   insts:19          cycles:3289       (13152)  seconds:5     -- 0.01 IPC (0.01 IPC) --  N/A  KHz (0.00 KHz) 
**Core 60 Thread 05 Finished:   insts:19          cycles:3290       (13156)  seconds:5     -- 0.01 IPC (0.01 IPC) --  N/A  KHz (0.00 KHz) 
**Core 73 Thread 15 Finished:   insts:19          cycles:3291       (13160)  seconds:5     -- 0.01 IPC (0.01 IPC) --  N/A  KHz (0.00 KHz) 
**Core 83 Thread 15 Finished:   insts:19          cycles:3292       (13164)  seconds:5     -- 0.01 IPC (0.01 IPC) --  N/A  KHz (0.00 KHz) 
**Core 33 Thread 04 Finished:   insts:19          cycles:3293       (13168)  seconds:5     -- 0.01 IPC (0.01 IPC) --  N/A  KHz (0.00 KHz) 
**Core 76 Thread 14 Finished:   insts:19          cycles:3294       (13172)  seconds:5     -- 0.01 IPC (0.01 IPC) --  N/A  KHz (0.00 KHz) 
**Core 45 Thread 03 Finished:   insts:19          cycles:3294       (13172)  seconds:5     -- 0.01 IPC (0.01 IPC) --  N/A  KHz (0.00 KHz) 
**Core 74 Thread 14 Finished:   insts:19          cycles:3295       (13176)  seconds:5     -- 0.01 IPC (0.01 IPC) --  N/A  KHz (0.00 KHz) 
**Core 13 Thread 14 Finished:   insts:19          cycles:3306       (13220)  seconds:5     -- 0.01 IPC (0.01 IPC) --  N/A  KHz (0.00 KHz) 
**Core 18 Thread 12 Finished:   insts:19          cycles:3307       (13224)  seconds:5     -- 0.01 IPC (0.01 IPC) --  N/A  KHz (0.00 KHz) 
**Core 37 Thread 02 Finished:   insts:19          cycles:3308       (13228)  seconds:5     -- 0.01 IPC (0.01 IPC) --  N/A  KHz (0.00 KHz) 
**Core 50 Thread 02 Finished:   insts:19          cycles:3309       (13232)  seconds:5     -- 0.01 IPC (0.01 IPC) --  N/A  KHz (0.00 KHz) 
**Core 27 Thread 08 Finished:   insts:19          cycles:3311       (13240)  seconds:5     -- 0.01 IPC (0.01 IPC) --  N/A  KHz (0.00 KHz) 
**Core 53 Thread 07 Finished:   insts:19          cycles:3312       (13244)  seconds:5     -- 0.01 IPC (0.01 IPC) --  N/A  KHz (0.00 KHz) 
**Core 69 Thread 14 Finished:   insts:19          cycles:3312       (13244)  seconds:5     -- 0.01 IPC (0.01 IPC) --  N/A  KHz (0.00 KHz) 
**Core 63 Thread 05 Finished:   insts:19          cycles:3314       (13252)  seconds:5     -- 0.01 IPC (0.01 IPC) --  N/A  KHz (0.00 KHz) 
**Core 85 Thread 00 Finished:   insts:19          cycles:3315       (13256)  seconds:5     -- 0.01 IPC (0.01 IPC) --  N/A  KHz (0.00 KHz) 
**Core 76 Thread 15 Finished:   insts:19          cycles:3316       (13260)  seconds:5     -- 0.01 IPC (0.01 IPC) --  N/A  KHz (0.00 KHz) 
**Core 74 Thread 15 Finished:   insts:19          cycles:3317       (13264)  seconds:5     -- 0.01 IPC (0.01 IPC) --  N/A  KHz (0.00 KHz) 
**Core 33 Thread 07 Finished:   insts:19          cycles:3318       (13268)  seconds:5     -- 0.01 IPC (0.01 IPC) --  N/A  KHz (0.00 KHz) 
**Core 85 Thread 01 Finished:   insts:19          cycles:3319       (13272)  seconds:5     -- 0.01 IPC (0.01 IPC) --  N/A  KHz (0.00 KHz) 
**Core 45 Thread 04 Finished:   insts:19          cycles:3319       (13272)  seconds:5     -- 0.01 IPC (0.01 IPC) --  N/A  KHz (0.00 KHz) 
**Core 13 Thread 15 Finished:   insts:19          cycles:3321       (13280)  seconds:5     -- 0.01 IPC (0.01 IPC) --  N/A  KHz (0.00 KHz) 
**Core 18 Thread 13 Finished:   insts:19          cycles:3323       (13288)  seconds:5     -- 0.01 IPC (0.01 IPC) --  N/A  KHz (0.00 KHz) 
**Core 51 Thread 03 Finished:   insts:19          cycles:3328       (13308)  seconds:5     -- 0.01 IPC (0.01 IPC) --  N/A  KHz (0.00 KHz) 
**Core 77 Thread 14 Finished:   insts:19          cycles:3329       (13312)  seconds:5     -- 0.01 IPC (0.01 IPC) --  N/A  KHz (0.00 KHz) 
**Core 64 Thread 03 Finished:   insts:19          cycles:3331       (13320)  seconds:5     -- 0.01 IPC (0.01 IPC) --  N/A  KHz (0.00 KHz) 
**Core 34 Thread 11 Finished:   insts:19          cycles:3332       (13324)  seconds:5     -- 0.01 IPC (0.01 IPC) --  N/A  KHz (0.00 KHz) 
**Core 13 Thread 16 Finished:   insts:19          cycles:3334       (13332)  seconds:5     -- 0.01 IPC (0.01 IPC) --  N/A  KHz (0.00 KHz) 
**Core 13 Thread 17 Finished:   insts:19          cycles:3335       (13336)  seconds:5     -- 0.01 IPC (0.01 IPC) --  N/A  KHz (0.00 KHz) 
**Core 18 Thread 14 Finished:   insts:19          cycles:3348       (13388)  seconds:5     -- 0.01 IPC (0.01 IPC) --  N/A  KHz (0.00 KHz) 
**Core 27 Thread 09 Finished:   insts:19          cycles:3348       (13388)  seconds:5     -- 0.01 IPC (0.01 IPC) --  N/A  KHz (0.00 KHz) 
**Core 33 Thread 08 Finished:   insts:19          cycles:3349       (13392)  seconds:5     -- 0.01 IPC (0.01 IPC) --  N/A  KHz (0.00 KHz) 
**Core 54 Thread 07 Finished:   insts:19          cycles:3350       (13396)  seconds:5     -- 0.01 IPC (0.01 IPC) --  N/A  KHz (0.00 KHz) 
**Core 42 Thread 03 Finished:   insts:19          cycles:3351       (13400)  seconds:5     -- 0.01 IPC (0.01 IPC) --  N/A  KHz (0.00 KHz) 
**Core 63 Thread 02 Finished:   insts:19          cycles:3352       (13404)  seconds:5     -- 0.01 IPC (0.01 IPC) --  N/A  KHz (0.00 KHz) 
**Core 75 Thread 05 Finished:   insts:19          cycles:3353       (13408)  seconds:5     -- 0.01 IPC (0.01 IPC) --  N/A  KHz (0.00 KHz) 
**Core 47 Thread 04 Finished:   insts:19          cycles:3354       (13412)  seconds:5     -- 0.01 IPC (0.01 IPC) --  N/A  KHz (0.00 KHz) 
**Core 64 Thread 04 Finished:   insts:19          cycles:3355       (13416)  seconds:5     -- 0.01 IPC (0.01 IPC) --  N/A  KHz (0.00 KHz) 
**Core 86 Thread 00 Finished:   insts:19          cycles:3356       (13420)  seconds:5     -- 0.01 IPC (0.01 IPC) --  N/A  KHz (0.00 KHz) 
**Core 34 Thread 10 Finished:   insts:19          cycles:3359       (13432)  seconds:5     -- 0.01 IPC (0.01 IPC) --  N/A  KHz (0.00 KHz) 
**Core 34 Core_Total  Finished:   insts:304         cycles:3359       (13432) seconds:5     -- 0.09 IPC (0.09 IPC) --  N/A  KHz (0.06 KHz)
**Core 27 Thread 11 Finished:   insts:19          cycles:3361       (13440)  seconds:5     -- 0.01 IPC (0.01 IPC) --  N/A  KHz (0.00 KHz) 
**Core 55 Thread 08 Finished:   insts:19          cycles:3362       (13444)  seconds:5     -- 0.01 IPC (0.01 IPC) --  N/A  KHz (0.00 KHz) 
**Core 59 Thread 02 Finished:   insts:19          cycles:3363       (13448)  seconds:5     -- 0.01 IPC (0.01 IPC) --  N/A  KHz (0.00 KHz) 
**Core 77 Thread 15 Finished:   insts:19          cycles:3364       (13452)  seconds:5     -- 0.01 IPC (0.01 IPC) --  N/A  KHz (0.00 KHz) 
**Core 72 Thread 05 Finished:   insts:19          cycles:3365       (13456)  seconds:5     -- 0.01 IPC (0.01 IPC) --  N/A  KHz (0.00 KHz) 
**Core 33 Thread 09 Finished:   insts:19          cycles:3368       (13468)  seconds:5     -- 0.01 IPC (0.01 IPC) --  N/A  KHz (0.00 KHz) 
**Core 42 Thread 04 Finished:   insts:19          cycles:3369       (13472)  seconds:5     -- 0.01 IPC (0.01 IPC) --  N/A  KHz (0.00 KHz) 
**Core 86 Thread 01 Finished:   insts:19          cycles:3369       (13472)  seconds:5     -- 0.01 IPC (0.01 IPC) --  N/A  KHz (0.00 KHz) 
**Core 18 Thread 15 Finished:   insts:19          cycles:3386       (13540)  seconds:5     -- 0.01 IPC (0.01 IPC) --  N/A  KHz (0.00 KHz) 
**Core 27 Thread 10 Finished:   insts:19          cycles:3387       (13544)  seconds:5     -- 0.01 IPC (0.01 IPC) --  N/A  KHz (0.00 KHz) 
**Core 27 Core_Total  Finished:   insts:304         cycles:3387       (13544) seconds:5     -- 0.09 IPC (0.09 IPC) --  N/A  KHz (0.06 KHz)
**Core 35 Thread 14 Finished:   insts:19          cycles:3387       (13544)  seconds:5     -- 0.01 IPC (0.01 IPC) --  N/A  KHz (0.00 KHz) 
**Core 51 Thread 04 Finished:   insts:19          cycles:3388       (13548)  seconds:5     -- 0.01 IPC (0.01 IPC) --  N/A  KHz (0.00 KHz) 
**Core 55 Thread 09 Finished:   insts:19          cycles:3388       (13548)  seconds:5     -- 0.01 IPC (0.01 IPC) --  N/A  KHz (0.00 KHz) 
**Core 65 Thread 02 Finished:   insts:19          cycles:3389       (13552)  seconds:5     -- 0.01 IPC (0.01 IPC) --  N/A  KHz (0.00 KHz) 
**Core 70 Thread 06 Finished:   insts:19          cycles:3389       (13552)  seconds:5     -- 0.01 IPC (0.01 IPC) --  N/A  KHz (0.00 KHz) 
**Core 60 Thread 03 Finished:   insts:19          cycles:3391       (13560)  seconds:5     -- 0.01 IPC (0.01 IPC) --  N/A  KHz (0.00 KHz) 
**Core 78 Thread 14 Finished:   insts:19          cycles:3392       (13564)  seconds:5     -- 0.01 IPC (0.01 IPC) --  N/A  KHz (0.00 KHz) 
**Core 72 Thread 02 Finished:   insts:19          cycles:3393       (13568)  seconds:5     -- 0.01 IPC (0.01 IPC) --  N/A  KHz (0.00 KHz) 
**Core 33 Thread 11 Finished:   insts:19          cycles:3394       (13572)  seconds:5     -- 0.01 IPC (0.01 IPC) --  N/A  KHz (0.00 KHz) 
**Core 42 Thread 06 Finished:   insts:19          cycles:3395       (13576)  seconds:5     -- 0.01 IPC (0.01 IPC) --  N/A  KHz (0.00 KHz) 
**Core 87 Thread 14 Finished:   insts:19          cycles:3397       (13584)  seconds:5     -- 0.01 IPC (0.01 IPC) --  N/A  KHz (0.00 KHz) 
**Core 70 Thread 07 Finished:   insts:19          cycles:3398       (13588)  seconds:5     -- 0.01 IPC (0.01 IPC) --  N/A  KHz (0.00 KHz) 
**Core 48 Thread 03 Finished:   insts:19          cycles:3403       (13608)  seconds:5     -- 0.01 IPC (0.01 IPC) --  N/A  KHz (0.00 KHz) 
**Core 78 Thread 15 Finished:   insts:19          cycles:3404       (13612)  seconds:5     -- 0.01 IPC (0.01 IPC) --  N/A  KHz (0.00 KHz) 
**Core 37 Thread 03 Finished:   insts:19          cycles:3407       (13624)  seconds:5     -- 0.01 IPC (0.01 IPC) --  N/A  KHz (0.00 KHz) 
**Core 65 Thread 03 Finished:   insts:19          cycles:3408       (13628)  seconds:5     -- 0.01 IPC (0.01 IPC) --  N/A  KHz (0.00 KHz) 
**Core 75 Thread 02 Finished:   insts:19          cycles:3410       (13636)  seconds:5     -- 0.01 IPC (0.01 IPC) --  N/A  KHz (0.00 KHz) 
**Core 54 Thread 08 Finished:   insts:19          cycles:3410       (13636)  seconds:5     -- 0.01 IPC (0.01 IPC) --  N/A  KHz (0.00 KHz) 
**Core 61 Thread 05 Finished:   insts:19          cycles:3411       (13640)  seconds:5     -- 0.01 IPC (0.01 IPC) --  N/A  KHz (0.00 KHz) 
**Core 33 Thread 10 Finished:   insts:19          cycles:3425       (13696)  seconds:5     -- 0.01 IPC (0.01 IPC) --  N/A  KHz (0.00 KHz) 
**Core 33 Core_Total  Finished:   insts:304         cycles:3425       (13696) seconds:5     -- 0.09 IPC (0.09 IPC) --  N/A  KHz (0.06 KHz)
**Core 43 Thread 06 Finished:   insts:19          cycles:3426       (13700)  seconds:5     -- 0.01 IPC (0.01 IPC) --  N/A  KHz (0.00 KHz) 
**Core 57 Thread 08 Finished:   insts:19          cycles:3427       (13704)  seconds:5     -- 0.01 IPC (0.01 IPC) --  N/A  KHz (0.00 KHz) 
**Core 84 Thread 14 Finished:   insts:19          cycles:3428       (13708)  seconds:5     -- 0.01 IPC (0.01 IPC) --  N/A  KHz (0.00 KHz) 
**Core 48 Thread 04 Finished:   insts:19          cycles:3428       (13708)  seconds:5     -- 0.01 IPC (0.01 IPC) --  N/A  KHz (0.00 KHz) 
**Core 79 Thread 05 Finished:   insts:19          cycles:3429       (13712)  seconds:5     -- 0.01 IPC (0.01 IPC) --  N/A  KHz (0.00 KHz) 
**Core 35 Thread 15 Finished:   insts:19          cycles:3432       (13724)  seconds:5     -- 0.01 IPC (0.01 IPC) --  N/A  KHz (0.00 KHz) 
**Core 67 Thread 05 Finished:   insts:19          cycles:3433       (13728)  seconds:5     -- 0.01 IPC (0.01 IPC) --  N/A  KHz (0.00 KHz) 
**Core 54 Thread 09 Finished:   insts:19          cycles:3436       (13740)  seconds:5     -- 0.01 IPC (0.01 IPC) --  N/A  KHz (0.00 KHz) 
**Core 61 Thread 02 Finished:   insts:19          cycles:3437       (13744)  seconds:5     -- 0.01 IPC (0.01 IPC) --  N/A  KHz (0.00 KHz) 
**Core 73 Thread 05 Finished:   insts:19          cycles:3437       (13744)  seconds:5     -- 0.01 IPC (0.01 IPC) --  N/A  KHz (0.00 KHz) 
**Core 28 Thread 00 Finished:   insts:19          cycles:3443       (13768)  seconds:5     -- 0.01 IPC (0.01 IPC) --  N/A  KHz (0.00 KHz) 
**Core 43 Thread 07 Finished:   insts:19          cycles:3444       (13772)  seconds:5     -- 0.01 IPC (0.01 IPC) --  N/A  KHz (0.00 KHz) 
**Core 57 Thread 09 Finished:   insts:19          cycles:3444       (13772)  seconds:5     -- 0.01 IPC (0.01 IPC) --  N/A  KHz (0.00 KHz) 
**Core 87 Thread 15 Finished:   insts:19          cycles:3445       (13776)  seconds:5     -- 0.01 IPC (0.01 IPC) --  N/A  KHz (0.00 KHz) 
**Core 35 Thread 05 Finished:   insts:19          cycles:3464       (13852)  seconds:5     -- 0.01 IPC (0.01 IPC) --  N/A  KHz (0.00 KHz) 
**Core 49 Thread 03 Finished:   insts:19          cycles:3464       (13852)  seconds:5     -- 0.01 IPC (0.01 IPC) --  N/A  KHz (0.00 KHz) 
**Core 54 Thread 11 Finished:   insts:19          cycles:3465       (13856)  seconds:5     -- 0.01 IPC (0.01 IPC) --  N/A  KHz (0.00 KHz) 
**Core 71 Thread 08 Finished:   insts:19          cycles:3465       (13856)  seconds:5     -- 0.01 IPC (0.01 IPC) --  N/A  KHz (0.00 KHz) 
**Core 62 Thread 05 Finished:   insts:19          cycles:3467       (13864)  seconds:5     -- 0.01 IPC (0.01 IPC) --  N/A  KHz (0.00 KHz) 
**Core 67 Thread 02 Finished:   insts:19          cycles:3467       (13864)  seconds:5     -- 0.01 IPC (0.01 IPC) --  N/A  KHz (0.00 KHz) 
**Core 28 Thread 01 Finished:   insts:19          cycles:3468       (13868)  seconds:5     -- 0.01 IPC (0.01 IPC) --  N/A  KHz (0.00 KHz) 
**Core 42 Thread 07 Finished:   insts:19          cycles:3469       (13872)  seconds:5     -- 0.01 IPC (0.01 IPC) --  N/A  KHz (0.00 KHz) 
**Core 56 Thread 11 Finished:   insts:19          cycles:3471       (13880)  seconds:5     -- 0.01 IPC (0.01 IPC) --  N/A  KHz (0.00 KHz) 
**Core 73 Thread 02 Finished:   insts:19          cycles:3472       (13884)  seconds:5     -- 0.01 IPC (0.01 IPC) --  N/A  KHz (0.00 KHz) 
**Core 76 Thread 05 Finished:   insts:19          cycles:3472       (13884)  seconds:5     -- 0.01 IPC (0.01 IPC) --  N/A  KHz (0.00 KHz) 
**Core 82 Thread 14 Finished:   insts:19          cycles:3473       (13888)  seconds:5     -- 0.01 IPC (0.01 IPC) --  N/A  KHz (0.00 KHz) 
**Core 91 Thread 12 Finished:   insts:19          cycles:3474       (13892)  seconds:5     -- 0.01 IPC (0.01 IPC) --  N/A  KHz (0.00 KHz) 
**Core 95 Thread 12 Finished:   insts:19          cycles:3474       (13892)  seconds:5     -- 0.01 IPC (0.01 IPC) --  N/A  KHz (0.00 KHz) 
**Core 91 Thread 13 Finished:   insts:19          cycles:3476       (13900)  seconds:5     -- 0.01 IPC (0.01 IPC) --  N/A  KHz (0.00 KHz) 
**Core 100 Thread 12 Finished:   insts:19          cycles:3476       (13900)  seconds:5     -- 0.01 IPC (0.01 IPC) --  N/A  KHz (0.00 KHz) 
**Core 96 Thread 12 Finished:   insts:19          cycles:3477       (13904)  seconds:5     -- 0.01 IPC (0.01 IPC) --  N/A  KHz (0.00 KHz) 
**Core 46 Thread 03 Finished:   insts:19          cycles:3478       (13908)  seconds:5     -- 0.01 IPC (0.01 IPC) --  N/A  KHz (0.00 KHz) 
**Core 88 Thread 12 Finished:   insts:19          cycles:3478       (13908)  seconds:5     -- 0.01 IPC (0.01 IPC) --  N/A  KHz (0.00 KHz) 
**Core 78 Thread 05 Finished:   insts:19          cycles:3479       (13912)  seconds:5     -- 0.01 IPC (0.01 IPC) --  N/A  KHz (0.00 KHz) 
**Core 100 Thread 13 Finished:   insts:19          cycles:3479       (13912)  seconds:5     -- 0.01 IPC (0.01 IPC) --  N/A  KHz (0.00 KHz) 
**Core 96 Thread 13 Finished:   insts:19          cycles:3480       (13916)  seconds:5     -- 0.01 IPC (0.01 IPC) --  N/A  KHz (0.00 KHz) 
**Core 103 Thread 12 Finished:   insts:19          cycles:3481       (13920)  seconds:5     -- 0.01 IPC (0.01 IPC) --  N/A  KHz (0.00 KHz) 
**Core 37 Thread 04 Finished:   insts:19          cycles:3482       (13924)  seconds:5     -- 0.01 IPC (0.01 IPC) --  N/A  KHz (0.00 KHz) 
**Core 62 Thread 02 Finished:   insts:19          cycles:3485       (13936)  seconds:5     -- 0.01 IPC (0.01 IPC) --  N/A  KHz (0.00 KHz) 
**Core 54 Thread 10 Finished:   insts:19          cycles:3486       (13940)  seconds:5     -- 0.01 IPC (0.01 IPC) --  N/A  KHz (0.00 KHz) 
**Core 54 Core_Total  Finished:   insts:304         cycles:3486       (13940) seconds:5     -- 0.09 IPC (0.09 IPC) --  N/A  KHz (0.06 KHz)
**Core 64 Thread 06 Finished:   insts:19          cycles:3486       (13940)  seconds:5     -- 0.01 IPC (0.01 IPC) --  N/A  KHz (0.00 KHz) 
**Core 74 Thread 05 Finished:   insts:19          cycles:3487       (13944)  seconds:5     -- 0.01 IPC (0.01 IPC) --  N/A  KHz (0.00 KHz) 
**Core 99 Thread 12 Finished:   insts:19          cycles:3487       (13944)  seconds:5     -- 0.01 IPC (0.01 IPC) --  N/A  KHz (0.00 KHz) 
**Core 103 Thread 13 Finished:   insts:19          cycles:3489       (13952)  seconds:5     -- 0.01 IPC (0.01 IPC) --  N/A  KHz (0.00 KHz) 
**Core 18 Thread 16 Finished:   insts:19          cycles:3489       (13952)  seconds:5     -- 0.01 IPC (0.01 IPC) --  N/A  KHz (0.00 KHz) 
**Core 18 Thread 17 Finished:   insts:19          cycles:3490       (13956)  seconds:5     -- 0.01 IPC (0.01 IPC) --  N/A  KHz (0.00 KHz) 
**Core 28 Thread 14 Finished:   insts:19          cycles:3506       (14020)  seconds:5     -- 0.01 IPC (0.01 IPC) --  N/A  KHz (0.00 KHz) 
**Core 37 Thread 06 Finished:   insts:19          cycles:3507       (14024)  seconds:5     -- 0.01 IPC (0.01 IPC) --  N/A  KHz (0.00 KHz) 
**Core 42 Thread 08 Finished:   insts:19          cycles:3507       (14024)  seconds:5     -- 0.01 IPC (0.01 IPC) --  N/A  KHz (0.00 KHz) 
**Core 56 Thread 10 Finished:   insts:19          cycles:3508       (14028)  seconds:5     -- 0.01 IPC (0.01 IPC) --  N/A  KHz (0.00 KHz) 
**Core 56 Core_Total  Finished:   insts:304         cycles:3508       (14028) seconds:5     -- 0.09 IPC (0.09 IPC) --  N/A  KHz (0.06 KHz)
**Core 49 Thread 04 Finished:   insts:19          cycles:3508       (14028)  seconds:5     -- 0.01 IPC (0.01 IPC) --  N/A  KHz (0.00 KHz) 
**Core 71 Thread 09 Finished:   insts:19          cycles:3509       (14032)  seconds:5     -- 0.01 IPC (0.01 IPC) --  N/A  KHz (0.00 KHz) 
**Core 55 Thread 11 Finished:   insts:19          cycles:3510       (14036)  seconds:5     -- 0.01 IPC (0.01 IPC) --  N/A  KHz (0.00 KHz) 
**Core 63 Thread 03 Finished:   insts:19          cycles:3512       (14044)  seconds:5     -- 0.01 IPC (0.01 IPC) --  N/A  KHz (0.00 KHz) 
**Core 64 Thread 07 Finished:   insts:19          cycles:3513       (14048)  seconds:5     -- 0.01 IPC (0.01 IPC) --  N/A  KHz (0.00 KHz) 
**Core 84 Thread 15 Finished:   insts:19          cycles:3513       (14048)  seconds:5     -- 0.01 IPC (0.01 IPC) --  N/A  KHz (0.00 KHz) 
**Core 74 Thread 02 Finished:   insts:19          cycles:3515       (14056)  seconds:5     -- 0.01 IPC (0.01 IPC) --  N/A  KHz (0.00 KHz) 
**Core 78 Thread 02 Finished:   insts:19          cycles:3515       (14056)  seconds:5     -- 0.01 IPC (0.01 IPC) --  N/A  KHz (0.00 KHz) 
**Core 92 Thread 12 Finished:   insts:19          cycles:3516       (14060)  seconds:5     -- 0.01 IPC (0.01 IPC) --  N/A  KHz (0.00 KHz) 
**Core 28 Thread 15 Finished:   insts:19          cycles:3518       (14068)  seconds:5     -- 0.01 IPC (0.01 IPC) --  N/A  KHz (0.00 KHz) 
**Core 42 Thread 09 Finished:   insts:19          cycles:3519       (14072)  seconds:5     -- 0.01 IPC (0.01 IPC) --  N/A  KHz (0.00 KHz) 
**Core 57 Thread 11 Finished:   insts:19          cycles:3520       (14076)  seconds:5     -- 0.01 IPC (0.01 IPC) --  N/A  KHz (0.00 KHz) 
**Core 85 Thread 14 Finished:   insts:19          cycles:3521       (14080)  seconds:5     -- 0.01 IPC (0.01 IPC) --  N/A  KHz (0.00 KHz) 
**Core 99 Thread 13 Finished:   insts:19          cycles:3522       (14084)  seconds:5     -- 0.01 IPC (0.01 IPC) --  N/A  KHz (0.00 KHz) 
**Core 101 Thread 12 Finished:   insts:19          cycles:3522       (14084)  seconds:5     -- 0.01 IPC (0.01 IPC) --  N/A  KHz (0.00 KHz) 
**Core 88 Thread 13 Finished:   insts:19          cycles:3523       (14088)  seconds:5     -- 0.01 IPC (0.01 IPC) --  N/A  KHz (0.00 KHz) 
**Core 00 Thread 00 Finished:   insts:19          cycles:3523       (14088)  seconds:6     -- 0.01 IPC (0.01 IPC) --  N/A  KHz (0.00 KHz) 
**Core 95 Thread 13 Finished:   insts:19          cycles:3524       (14092)  seconds:5     -- 0.01 IPC (0.01 IPC) --  N/A  KHz (0.00 KHz) 
**Core 101 Thread 13 Finished:   insts:19          cycles:3525       (14096)  seconds:5     -- 0.01 IPC (0.01 IPC) --  N/A  KHz (0.00 KHz) 
**Core 92 Thread 13 Finished:   insts:19          cycles:3526       (14100)  seconds:5     -- 0.01 IPC (0.01 IPC) --  N/A  KHz (0.00 KHz) 
**Core 97 Thread 12 Finished:   insts:19          cycles:3527       (14104)  seconds:5     -- 0.01 IPC (0.01 IPC) --  N/A  KHz (0.00 KHz) 
**Core 102 Thread 12 Finished:   insts:19          cycles:3527       (14104)  seconds:5     -- 0.01 IPC (0.01 IPC) --  N/A  KHz (0.00 KHz) 
**Core 93 Thread 12 Finished:   insts:19          cycles:3528       (14108)  seconds:5     -- 0.01 IPC (0.01 IPC) --  N/A  KHz (0.00 KHz) 
**Core 14 Thread 12 Finished:   insts:19          cycles:3532       (14124)  seconds:5     -- 0.01 IPC (0.01 IPC) --  N/A  KHz (0.00 KHz) 
**Core 35 Thread 02 Finished:   insts:19          cycles:3533       (14128)  seconds:5     -- 0.01 IPC (0.01 IPC) --  N/A  KHz (0.00 KHz) 
**Core 46 Thread 04 Finished:   insts:19          cycles:3534       (14132)  seconds:5     -- 0.01 IPC (0.01 IPC) --  N/A  KHz (0.00 KHz) 
**Core 55 Thread 10 Finished:   insts:19          cycles:3535       (14136)  seconds:5     -- 0.01 IPC (0.01 IPC) --  N/A  KHz (0.00 KHz) 
**Core 55 Core_Total  Finished:   insts:304         cycles:3535       (14136) seconds:5     -- 0.09 IPC (0.09 IPC) --  N/A  KHz (0.06 KHz)
**Core 63 Thread 04 Finished:   insts:19          cycles:3536       (14140)  seconds:5     -- 0.01 IPC (0.01 IPC) --  N/A  KHz (0.00 KHz) 
**Core 65 Thread 04 Finished:   insts:19          cycles:3536       (14140)  seconds:5     -- 0.01 IPC (0.01 IPC) --  N/A  KHz (0.00 KHz) 
**Core 75 Thread 03 Finished:   insts:19          cycles:3537       (14144)  seconds:5     -- 0.01 IPC (0.01 IPC) --  N/A  KHz (0.00 KHz) 
**Core 79 Thread 02 Finished:   insts:19          cycles:3537       (14144)  seconds:5     -- 0.01 IPC (0.01 IPC) --  N/A  KHz (0.00 KHz) 
**Core 97 Thread 13 Finished:   insts:19          cycles:3539       (14152)  seconds:5     -- 0.01 IPC (0.01 IPC) --  N/A  KHz (0.00 KHz) 
**Core 102 Thread 13 Finished:   insts:19          cycles:3539       (14152)  seconds:5     -- 0.01 IPC (0.01 IPC) --  N/A  KHz (0.00 KHz) 
**Core 89 Thread 12 Finished:   insts:19          cycles:3540       (14156)  seconds:5     -- 0.01 IPC (0.01 IPC) --  N/A  KHz (0.00 KHz) 
**Core 89 Thread 13 Finished:   insts:19          cycles:3541       (14160)  seconds:5     -- 0.01 IPC (0.01 IPC) --  N/A  KHz (0.00 KHz) 
**Core 94 Thread 12 Finished:   insts:19          cycles:3541       (14160)  seconds:5     -- 0.01 IPC (0.01 IPC) --  N/A  KHz (0.00 KHz) 
**Core 94 Thread 13 Finished:   insts:19          cycles:3542       (14164)  seconds:5     -- 0.01 IPC (0.01 IPC) --  N/A  KHz (0.00 KHz) 
**Core 90 Thread 12 Finished:   insts:19          cycles:3543       (14168)  seconds:5     -- 0.01 IPC (0.01 IPC) --  N/A  KHz (0.00 KHz) 
**Core 28 Thread 05 Finished:   insts:19          cycles:3543       (14168)  seconds:5     -- 0.01 IPC (0.01 IPC) --  N/A  KHz (0.00 KHz) 
**Core 42 Thread 11 Finished:   insts:19          cycles:3544       (14172)  seconds:5     -- 0.01 IPC (0.01 IPC) --  N/A  KHz (0.00 KHz) 
**Core 57 Thread 10 Finished:   insts:19          cycles:3544       (14172)  seconds:5     -- 0.01 IPC (0.01 IPC) --  N/A  KHz (0.00 KHz) 
**Core 57 Core_Total  Finished:   insts:304         cycles:3544       (14172) seconds:5     -- 0.09 IPC (0.09 IPC) --  N/A  KHz (0.06 KHz)
**Core 85 Thread 15 Finished:   insts:19          cycles:3545       (14176)  seconds:5     -- 0.01 IPC (0.01 IPC) --  N/A  KHz (0.00 KHz) 
**Core 93 Thread 13 Finished:   insts:19          cycles:3547       (14184)  seconds:5     -- 0.01 IPC (0.01 IPC) --  N/A  KHz (0.00 KHz) 
**Core 95 Thread 00 Finished:   insts:19          cycles:3547       (14184)  seconds:5     -- 0.01 IPC (0.01 IPC) --  N/A  KHz (0.00 KHz) 
**Core 00 Thread 01 Finished:   insts:19          cycles:3548       (14188)  seconds:6     -- 0.01 IPC (0.01 IPC) --  N/A  KHz (0.00 KHz) 
**Core 95 Thread 01 Finished:   insts:19          cycles:3549       (14192)  seconds:5     -- 0.01 IPC (0.01 IPC) --  N/A  KHz (0.00 KHz) 
**Core 50 Thread 03 Finished:   insts:19          cycles:3554       (14212)  seconds:5     -- 0.01 IPC (0.01 IPC) --  N/A  KHz (0.00 KHz) 
**Core 79 Thread 03 Finished:   insts:19          cycles:3555       (14216)  seconds:5     -- 0.01 IPC (0.01 IPC) --  N/A  KHz (0.00 KHz) 
**Core 90 Thread 13 Finished:   insts:19          cycles:3555       (14216)  seconds:5     -- 0.01 IPC (0.01 IPC) --  N/A  KHz (0.00 KHz) 
**Core 14 Thread 13 Finished:   insts:19          cycles:3558       (14228)  seconds:5     -- 0.01 IPC (0.01 IPC) --  N/A  KHz (0.00 KHz) 
**Core 37 Thread 07 Finished:   insts:19          cycles:3559       (14232)  seconds:5     -- 0.01 IPC (0.01 IPC) --  N/A  KHz (0.00 KHz) 
**Core 52 Thread 08 Finished:   insts:19          cycles:3560       (14236)  seconds:5     -- 0.01 IPC (0.01 IPC) --  N/A  KHz (0.00 KHz) 
**Core 58 Thread 05 Finished:   insts:19          cycles:3561       (14240)  seconds:5     -- 0.01 IPC (0.01 IPC) --  N/A  KHz (0.00 KHz) 
**Core 68 Thread 05 Finished:   insts:19          cycles:3561       (14240)  seconds:5     -- 0.01 IPC (0.01 IPC) --  N/A  KHz (0.00 KHz) 
**Core 75 Thread 04 Finished:   insts:19          cycles:3562       (14244)  seconds:5     -- 0.01 IPC (0.01 IPC) --  N/A  KHz (0.00 KHz) 
**Core 94 Thread 01 Finished:   insts:19          cycles:3565       (14256)  seconds:5     -- 0.01 IPC (0.01 IPC) --  N/A  KHz (0.00 KHz) 
**Core 28 Thread 02 Finished:   insts:19          cycles:3576       (14300)  seconds:5     -- 0.01 IPC (0.01 IPC) --  N/A  KHz (0.00 KHz) 
**Core 00 Thread 02 Finished:   insts:19          cycles:3576       (14300)  seconds:6     -- 0.01 IPC (0.01 IPC) --  N/A  KHz (0.00 KHz) 
**Core 42 Thread 10 Finished:   insts:19          cycles:3577       (14304)  seconds:5     -- 0.01 IPC (0.01 IPC) --  N/A  KHz (0.00 KHz) 
**Core 42 Core_Total  Finished:   insts:304         cycles:3577       (14304) seconds:5     -- 0.08 IPC (0.08 IPC) --  N/A  KHz (0.06 KHz)
**Core 50 Thread 04 Finished:   insts:19          cycles:3578       (14308)  seconds:5     -- 0.01 IPC (0.01 IPC) --  N/A  KHz (0.00 KHz) 
**Core 86 Thread 14 Finished:   insts:19          cycles:3579       (14312)  seconds:5     -- 0.01 IPC (0.01 IPC) --  N/A  KHz (0.00 KHz) 
**Core 76 Thread 02 Finished:   insts:19          cycles:3580       (14316)  seconds:5     -- 0.01 IPC (0.01 IPC) --  N/A  KHz (0.00 KHz) 
**Core 14 Thread 14 Finished:   insts:19          cycles:3582       (14324)  seconds:5     -- 0.01 IPC (0.01 IPC) --  N/A  KHz (0.00 KHz) 
**Core 35 Thread 03 Finished:   insts:19          cycles:3583       (14328)  seconds:5     -- 0.01 IPC (0.01 IPC) --  N/A  KHz (0.00 KHz) 
**Core 52 Thread 09 Finished:   insts:19          cycles:3585       (14336)  seconds:5     -- 0.01 IPC (0.01 IPC) --  N/A  KHz (0.00 KHz) 
**Core 72 Thread 03 Finished:   insts:19          cycles:3585       (14336)  seconds:5     -- 0.01 IPC (0.01 IPC) --  N/A  KHz (0.00 KHz) 
**Core 60 Thread 04 Finished:   insts:19          cycles:3586       (14340)  seconds:5     -- 0.01 IPC (0.01 IPC) --  N/A  KHz (0.00 KHz) 
**Core 68 Thread 02 Finished:   insts:19          cycles:3587       (14344)  seconds:5     -- 0.01 IPC (0.01 IPC) --  N/A  KHz (0.00 KHz) 
**Core 91 Thread 00 Finished:   insts:19          cycles:3587       (14344)  seconds:5     -- 0.01 IPC (0.01 IPC) --  N/A  KHz (0.00 KHz) 
**Core 94 Thread 00 Finished:   insts:19          cycles:3590       (14356)  seconds:5     -- 0.01 IPC (0.01 IPC) --  N/A  KHz (0.00 KHz) 
**Core 28 Thread 03 Finished:   insts:19          cycles:3593       (14368)  seconds:5     -- 0.01 IPC (0.01 IPC) --  N/A  KHz (0.00 KHz) 
**Core 43 Thread 08 Finished:   insts:19          cycles:3594       (14372)  seconds:5     -- 0.01 IPC (0.01 IPC) --  N/A  KHz (0.00 KHz) 
**Core 82 Thread 15 Finished:   insts:19          cycles:3595       (14376)  seconds:5     -- 0.01 IPC (0.01 IPC) --  N/A  KHz (0.00 KHz) 
**Core 00 Thread 05 Finished:   insts:19          cycles:3598       (14388)  seconds:6     -- 0.01 IPC (0.01 IPC) --  N/A  KHz (0.00 KHz) 
**Core 47 Thread 06 Finished:   insts:19          cycles:3603       (14408)  seconds:5     -- 0.01 IPC (0.01 IPC) --  N/A  KHz (0.00 KHz) 
**Core 78 Thread 03 Finished:   insts:19          cycles:3604       (14412)  seconds:5     -- 0.01 IPC (0.01 IPC) --  N/A  KHz (0.00 KHz) 
**Core 14 Thread 15 Finished:   insts:19          cycles:3621       (14480)  seconds:5     -- 0.01 IPC (0.01 IPC) --  N/A  KHz (0.00 KHz) 
**Core 19 Thread 12 Finished:   insts:19          cycles:3621       (14480)  seconds:5     -- 0.01 IPC (0.01 IPC) --  N/A  KHz (0.00 KHz) 
**Core 35 Thread 04 Finished:   insts:19          cycles:3622       (14484)  seconds:5     -- 0.01 IPC (0.01 IPC) --  N/A  KHz (0.00 KHz) 
**Core 00 Thread 03 Finished:   insts:19          cycles:3623       (14488)  seconds:6     -- 0.01 IPC (0.01 IPC) --  N/A  KHz (0.00 KHz) 
**Core 28 Thread 04 Finished:   insts:19          cycles:3623       (14488)  seconds:5     -- 0.01 IPC (0.01 IPC) --  N/A  KHz (0.00 KHz) 
**Core 43 Thread 09 Finished:   insts:19          cycles:3624       (14492)  seconds:5     -- 0.01 IPC (0.01 IPC) --  N/A  KHz (0.00 KHz) 
**Core 52 Thread 11 Finished:   insts:19          cycles:3624       (14492)  seconds:5     -- 0.01 IPC (0.01 IPC) --  N/A  KHz (0.00 KHz) 
**Core 64 Thread 08 Finished:   insts:19          cycles:3627       (14504)  seconds:5     -- 0.01 IPC (0.01 IPC) --  N/A  KHz (0.00 KHz) 
**Core 58 Thread 02 Finished:   insts:19          cycles:3627       (14504)  seconds:5     -- 0.01 IPC (0.01 IPC) --  N/A  KHz (0.00 KHz) 
**Core 72 Thread 04 Finished:   insts:19          cycles:3628       (14508)  seconds:5     -- 0.01 IPC (0.01 IPC) --  N/A  KHz (0.00 KHz) 
**Core 51 Thread 06 Finished:   insts:19          cycles:3628       (14508)  seconds:5     -- 0.01 IPC (0.01 IPC) --  N/A  KHz (0.00 KHz) 
**Core 83 Thread 05 Finished:   insts:19          cycles:3630       (14516)  seconds:5     -- 0.01 IPC (0.01 IPC) --  N/A  KHz (0.00 KHz) 
**Core 78 Thread 04 Finished:   insts:19          cycles:3631       (14520)  seconds:5     -- 0.01 IPC (0.01 IPC) --  N/A  KHz (0.00 KHz) 
**Core 88 Thread 00 Finished:   insts:19          cycles:3632       (14524)  seconds:5     -- 0.01 IPC (0.01 IPC) --  N/A  KHz (0.00 KHz) 
**Core 38 Thread 05 Finished:   insts:19          cycles:3632       (14524)  seconds:5     -- 0.01 IPC (0.01 IPC) --  N/A  KHz (0.00 KHz) 
**Core 98 Thread 12 Finished:   insts:19          cycles:3633       (14528)  seconds:5     -- 0.01 IPC (0.01 IPC) --  N/A  KHz (0.00 KHz) 
**Core 52 Thread 10 Finished:   insts:19          cycles:3635       (14536)  seconds:5     -- 0.01 IPC (0.01 IPC) --  N/A  KHz (0.00 KHz) 
**Core 52 Core_Total  Finished:   insts:304         cycles:3635       (14536) seconds:5     -- 0.08 IPC (0.08 IPC) --  N/A  KHz (0.06 KHz)
**Core 61 Thread 03 Finished:   insts:19          cycles:3635       (14536)  seconds:5     -- 0.01 IPC (0.01 IPC) --  N/A  KHz (0.00 KHz) 
**Core 73 Thread 03 Finished:   insts:19          cycles:3636       (14540)  seconds:5     -- 0.01 IPC (0.01 IPC) --  N/A  KHz (0.00 KHz) 
**Core 65 Thread 06 Finished:   insts:19          cycles:3636       (14540)  seconds:5     -- 0.01 IPC (0.01 IPC) --  N/A  KHz (0.00 KHz) 
**Core 91 Thread 01 Finished:   insts:19          cycles:3637       (14544)  seconds:5     -- 0.01 IPC (0.01 IPC) --  N/A  KHz (0.00 KHz) 
**Core 19 Thread 13 Finished:   insts:19          cycles:3639       (14552)  seconds:5     -- 0.01 IPC (0.01 IPC) --  N/A  KHz (0.00 KHz) 
**Core 95 Thread 14 Finished:   insts:19          cycles:3640       (14556)  seconds:5     -- 0.01 IPC (0.01 IPC) --  N/A  KHz (0.00 KHz) 
**Core 14 Thread 16 Finished:   insts:19          cycles:3644       (14572)  seconds:5     -- 0.01 IPC (0.01 IPC) --  N/A  KHz (0.00 KHz) 
**Core 14 Thread 17 Finished:   insts:19          cycles:3645       (14576)  seconds:5     -- 0.01 IPC (0.01 IPC) --  N/A  KHz (0.00 KHz) 
**Core 00 Thread 06 Finished:   insts:19          cycles:3658       (14628)  seconds:6     -- 0.01 IPC (0.01 IPC) --  N/A  KHz (0.00 KHz) 
**Core 28 Thread 06 Finished:   insts:19          cycles:3658       (14628)  seconds:5     -- 0.01 IPC (0.01 IPC) --  N/A  KHz (0.00 KHz) 
**Core 38 Thread 02 Finished:   insts:19          cycles:3659       (14632)  seconds:5     -- 0.01 IPC (0.01 IPC) --  N/A  KHz (0.00 KHz) 
**Core 40 Thread 03 Finished:   insts:19          cycles:3659       (14632)  seconds:5     -- 0.01 IPC (0.01 IPC) --  N/A  KHz (0.00 KHz) 
**Core 47 Thread 07 Finished:   insts:19          cycles:3660       (14636)  seconds:5     -- 0.01 IPC (0.01 IPC) --  N/A  KHz (0.00 KHz) 
**Core 53 Thread 08 Finished:   insts:19          cycles:3660       (14636)  seconds:5     -- 0.01 IPC (0.01 IPC) --  N/A  KHz (0.00 KHz) 
**Core 61 Thread 04 Finished:   insts:19          cycles:3661       (14640)  seconds:5     -- 0.01 IPC (0.01 IPC) --  N/A  KHz (0.00 KHz) 
**Core 70 Thread 08 Finished:   insts:19          cycles:3662       (14644)  seconds:5     -- 0.01 IPC (0.01 IPC) --  N/A  KHz (0.00 KHz) 
**Core 86 Thread 15 Finished:   insts:19          cycles:3662       (14644)  seconds:5     -- 0.01 IPC (0.01 IPC) --  N/A  KHz (0.00 KHz) 
**Core 79 Thread 04 Finished:   insts:19          cycles:3663       (14648)  seconds:5     -- 0.01 IPC (0.01 IPC) --  N/A  KHz (0.00 KHz) 
**Core 19 Thread 14 Finished:   insts:19          cycles:3664       (14652)  seconds:5     -- 0.01 IPC (0.01 IPC) --  N/A  KHz (0.00 KHz) 
**Core 73 Thread 04 Finished:   insts:19          cycles:3664       (14652)  seconds:5     -- 0.01 IPC (0.01 IPC) --  N/A  KHz (0.00 KHz) 
**Core 92 Thread 00 Finished:   insts:19          cycles:3666       (14660)  seconds:5     -- 0.01 IPC (0.01 IPC) --  N/A  KHz (0.00 KHz) 
**Core 95 Thread 15 Finished:   insts:19          cycles:3667       (14664)  seconds:5     -- 0.01 IPC (0.01 IPC) --  N/A  KHz (0.00 KHz) 
**Core 28 Thread 07 Finished:   insts:19          cycles:3668       (14668)  seconds:5     -- 0.01 IPC (0.01 IPC) --  N/A  KHz (0.00 KHz) 
**Core 44 Thread 06 Finished:   insts:19          cycles:3669       (14672)  seconds:5     -- 0.01 IPC (0.01 IPC) --  N/A  KHz (0.00 KHz) 
**Core 65 Thread 07 Finished:   insts:19          cycles:3669       (14672)  seconds:5     -- 0.01 IPC (0.01 IPC) --  N/A  KHz (0.00 KHz) 
**Core 83 Thread 02 Finished:   insts:19          cycles:3671       (14680)  seconds:5     -- 0.01 IPC (0.01 IPC) --  N/A  KHz (0.00 KHz) 
**Core 00 Thread 07 Finished:   insts:19          cycles:3674       (14692)  seconds:6     -- 0.01 IPC (0.01 IPC) --  N/A  KHz (0.00 KHz) 
**Core 51 Thread 07 Finished:   insts:19          cycles:3678       (14708)  seconds:5     -- 0.01 IPC (0.01 IPC) --  N/A  KHz (0.00 KHz) 
**Core 77 Thread 05 Finished:   insts:19          cycles:3679       (14712)  seconds:5     -- 0.01 IPC (0.01 IPC) --  N/A  KHz (0.00 KHz) 
**Core 88 Thread 01 Finished:   insts:19          cycles:3680       (14716)  seconds:5     -- 0.01 IPC (0.01 IPC) --  N/A  KHz (0.00 KHz) 
**Core 00 Thread 04 Finished:   insts:19          cycles:3698       (14788)  seconds:6     -- 0.01 IPC (0.01 IPC) --  N/A  KHz (0.00 KHz) 
**Core 19 Thread 15 Finished:   insts:19          cycles:3698       (14788)  seconds:5     -- 0.01 IPC (0.01 IPC) --  N/A  KHz (0.00 KHz) 
**Core 28 Thread 08 Finished:   insts:19          cycles:3699       (14792)  seconds:5     -- 0.01 IPC (0.01 IPC) --  N/A  KHz (0.00 KHz) 
**Core 35 Thread 06 Finished:   insts:19          cycles:3699       (14792)  seconds:5     -- 0.01 IPC (0.01 IPC) --  N/A  KHz (0.00 KHz) 
**Core 44 Thread 07 Finished:   insts:19          cycles:3700       (14796)  seconds:5     -- 0.01 IPC (0.01 IPC) --  N/A  KHz (0.00 KHz) 
**Core 53 Thread 09 Finished:   insts:19          cycles:3700       (14796)  seconds:5     -- 0.01 IPC (0.01 IPC) --  N/A  KHz (0.00 KHz) 
**Core 59 Thread 03 Finished:   insts:19          cycles:3701       (14800)  seconds:5     -- 0.01 IPC (0.01 IPC) --  N/A  KHz (0.00 KHz) 
**Core 70 Thread 09 Finished:   insts:19          cycles:3701       (14800)  seconds:5     -- 0.01 IPC (0.01 IPC) --  N/A  KHz (0.00 KHz) 
**Core 66 Thread 05 Finished:   insts:19          cycles:3702       (14804)  seconds:5     -- 0.01 IPC (0.01 IPC) --  N/A  KHz (0.00 KHz) 
**Core 48 Thread 06 Finished:   insts:19          cycles:3703       (14808)  seconds:5     -- 0.01 IPC (0.01 IPC) --  N/A  KHz (0.00 KHz) 
**Core 74 Thread 03 Finished:   insts:19          cycles:3703       (14808)  seconds:5     -- 0.01 IPC (0.01 IPC) --  N/A  KHz (0.00 KHz) 
**Core 87 Thread 05 Finished:   insts:19          cycles:3704       (14812)  seconds:5     -- 0.01 IPC (0.01 IPC) --  N/A  KHz (0.00 KHz) 
**Core 77 Thread 02 Finished:   insts:19          cycles:3706       (14820)  seconds:5     -- 0.01 IPC (0.01 IPC) --  N/A  KHz (0.00 KHz) 
**Core 37 Thread 08 Finished:   insts:19          cycles:3707       (14824)  seconds:5     -- 0.01 IPC (0.01 IPC) --  N/A  KHz (0.00 KHz) 
**Core 94 Thread 14 Finished:   insts:19          cycles:3708       (14828)  seconds:5     -- 0.01 IPC (0.01 IPC) --  N/A  KHz (0.00 KHz) 
**Core 62 Thread 03 Finished:   insts:19          cycles:3709       (14832)  seconds:5     -- 0.01 IPC (0.01 IPC) --  N/A  KHz (0.00 KHz) 
**Core 53 Thread 11 Finished:   insts:19          cycles:3710       (14836)  seconds:5     -- 0.01 IPC (0.01 IPC) --  N/A  KHz (0.00 KHz) 
**Core 74 Thread 04 Finished:   insts:19          cycles:3711       (14840)  seconds:5     -- 0.01 IPC (0.01 IPC) --  N/A  KHz (0.00 KHz) 
**Core 89 Thread 00 Finished:   insts:19          cycles:3711       (14840)  seconds:5     -- 0.01 IPC (0.01 IPC) --  N/A  KHz (0.00 KHz) 
**Core 94 Thread 15 Finished:   insts:19          cycles:3715       (14856)  seconds:5     -- 0.01 IPC (0.01 IPC) --  N/A  KHz (0.00 KHz) 
**Core 28 Thread 09 Finished:   insts:19          cycles:3718       (14868)  seconds:5     -- 0.01 IPC (0.01 IPC) --  N/A  KHz (0.00 KHz) 
**Core 84 Thread 05 Finished:   insts:19          cycles:3719       (14872)  seconds:5     -- 0.01 IPC (0.01 IPC) --  N/A  KHz (0.00 KHz) 
**Core 40 Thread 04 Finished:   insts:19          cycles:3719       (14872)  seconds:5     -- 0.01 IPC (0.01 IPC) --  N/A  KHz (0.00 KHz) 
**Core 00 Thread 11 Finished:   insts:19          cycles:3735       (14936)  seconds:6     -- 0.01 IPC (0.01 IPC) --  N/A  KHz (0.00 KHz) 
**Core 35 Thread 07 Finished:   insts:19          cycles:3736       (14940)  seconds:5     -- 0.01 IPC (0.01 IPC) --  N/A  KHz (0.00 KHz) 
**Core 48 Thread 07 Finished:   insts:19          cycles:3736       (14940)  seconds:5     -- 0.01 IPC (0.01 IPC) --  N/A  KHz (0.00 KHz) 
**Core 69 Thread 05 Finished:   insts:19          cycles:3737       (14944)  seconds:5     -- 0.01 IPC (0.01 IPC) --  N/A  KHz (0.00 KHz) 
**Core 53 Thread 10 Finished:   insts:19          cycles:3737       (14944)  seconds:5     -- 0.01 IPC (0.01 IPC) --  N/A  KHz (0.00 KHz) 
**Core 53 Core_Total  Finished:   insts:304         cycles:3737       (14944) seconds:5     -- 0.08 IPC (0.08 IPC) --  N/A  KHz (0.06 KHz)
**Core 59 Thread 04 Finished:   insts:19          cycles:3738       (14948)  seconds:5     -- 0.01 IPC (0.01 IPC) --  N/A  KHz (0.00 KHz) 
**Core 75 Thread 06 Finished:   insts:19          cycles:3739       (14952)  seconds:5     -- 0.01 IPC (0.01 IPC) --  N/A  KHz (0.00 KHz) 
**Core 78 Thread 06 Finished:   insts:19          cycles:3739       (14952)  seconds:5     -- 0.01 IPC (0.01 IPC) --  N/A  KHz (0.00 KHz) 
**Core 89 Thread 01 Finished:   insts:19          cycles:3740       (14956)  seconds:5     -- 0.01 IPC (0.01 IPC) --  N/A  KHz (0.00 KHz) 
**Core 95 Thread 05 Finished:   insts:19          cycles:3741       (14960)  seconds:5     -- 0.01 IPC (0.01 IPC) --  N/A  KHz (0.00 KHz) 
**Core 28 Thread 11 Finished:   insts:19          cycles:3743       (14968)  seconds:5     -- 0.01 IPC (0.01 IPC) --  N/A  KHz (0.00 KHz) 
**Core 87 Thread 02 Finished:   insts:19          cycles:3744       (14972)  seconds:5     -- 0.01 IPC (0.01 IPC) --  N/A  KHz (0.00 KHz) 
**Core 43 Thread 11 Finished:   insts:19          cycles:3744       (14972)  seconds:5     -- 0.01 IPC (0.01 IPC) --  N/A  KHz (0.00 KHz) 
**Core 69 Thread 02 Finished:   insts:19          cycles:3747       (14984)  seconds:5     -- 0.01 IPC (0.01 IPC) --  N/A  KHz (0.00 KHz) 
**Core 00 Thread 08 Finished:   insts:19          cycles:3748       (14988)  seconds:6     -- 0.01 IPC (0.01 IPC) --  N/A  KHz (0.00 KHz) 
**Core 49 Thread 06 Finished:   insts:19          cycles:3753       (15008)  seconds:5     -- 0.01 IPC (0.01 IPC) --  N/A  KHz (0.00 KHz) 
**Core 79 Thread 06 Finished:   insts:19          cycles:3754       (15012)  seconds:5     -- 0.01 IPC (0.01 IPC) --  N/A  KHz (0.00 KHz) 
**Core 90 Thread 00 Finished:   insts:19          cycles:3755       (15016)  seconds:5     -- 0.01 IPC (0.01 IPC) --  N/A  KHz (0.00 KHz) 
**Core 35 Thread 08 Finished:   insts:19          cycles:3757       (15024)  seconds:5     -- 0.01 IPC (0.01 IPC) --  N/A  KHz (0.00 KHz) 
**Core 62 Thread 04 Finished:   insts:19          cycles:3759       (15032)  seconds:5     -- 0.01 IPC (0.01 IPC) --  N/A  KHz (0.00 KHz) 
**Core 75 Thread 07 Finished:   insts:19          cycles:3760       (15036)  seconds:5     -- 0.01 IPC (0.01 IPC) --  N/A  KHz (0.00 KHz) 
**Core 00 Thread 09 Finished:   insts:19          cycles:3774       (15092)  seconds:6     -- 0.01 IPC (0.01 IPC) --  N/A  KHz (0.00 KHz) 
**Core 28 Thread 10 Finished:   insts:19          cycles:3774       (15092)  seconds:5     -- 0.01 IPC (0.01 IPC) --  N/A  KHz (0.00 KHz) 
**Core 28 Core_Total  Finished:   insts:304         cycles:3774       (15092) seconds:5     -- 0.08 IPC (0.08 IPC) --  N/A  KHz (0.06 KHz)
**Core 43 Thread 10 Finished:   insts:19          cycles:3775       (15096)  seconds:5     -- 0.01 IPC (0.01 IPC) --  N/A  KHz (0.00 KHz) 
**Core 43 Core_Total  Finished:   insts:304         cycles:3775       (15096) seconds:5     -- 0.08 IPC (0.08 IPC) --  N/A  KHz (0.06 KHz)
**Core 64 Thread 09 Finished:   insts:19          cycles:3775       (15096)  seconds:5     -- 0.01 IPC (0.01 IPC) --  N/A  KHz (0.00 KHz) 
**Core 84 Thread 02 Finished:   insts:19          cycles:3776       (15100)  seconds:5     -- 0.01 IPC (0.01 IPC) --  N/A  KHz (0.00 KHz) 
**Core 49 Thread 07 Finished:   insts:19          cycles:3778       (15108)  seconds:5     -- 0.01 IPC (0.01 IPC) --  N/A  KHz (0.00 KHz) 
**Core 95 Thread 02 Finished:   insts:19          cycles:3778       (15108)  seconds:5     -- 0.01 IPC (0.01 IPC) --  N/A  KHz (0.00 KHz) 
**Core 79 Thread 07 Finished:   insts:19          cycles:3779       (15112)  seconds:5     -- 0.01 IPC (0.01 IPC) --  N/A  KHz (0.00 KHz) 
**Core 90 Thread 01 Finished:   insts:19          cycles:3780       (15116)  seconds:5     -- 0.01 IPC (0.01 IPC) --  N/A  KHz (0.00 KHz) 
**Core 37 Thread 09 Finished:   insts:19          cycles:3782       (15124)  seconds:5     -- 0.01 IPC (0.01 IPC) --  N/A  KHz (0.00 KHz) 
**Core 63 Thread 06 Finished:   insts:19          cycles:3784       (15132)  seconds:5     -- 0.01 IPC (0.01 IPC) --  N/A  KHz (0.00 KHz) 
**Core 72 Thread 06 Finished:   insts:19          cycles:3785       (15136)  seconds:5     -- 0.01 IPC (0.01 IPC) --  N/A  KHz (0.00 KHz) 
**Core 94 Thread 05 Finished:   insts:19          cycles:3790       (15156)  seconds:5     -- 0.01 IPC (0.01 IPC) --  N/A  KHz (0.00 KHz) 
**Core 29 Thread 00 Finished:   insts:19          cycles:3793       (15168)  seconds:5     -- 0.01 IPC (0.01 IPC) --  N/A  KHz (0.00 KHz) 
**Core 44 Thread 08 Finished:   insts:19          cycles:3794       (15172)  seconds:5     -- 0.01 IPC (0.01 IPC) --  N/A  KHz (0.00 KHz) 
**Core 82 Thread 05 Finished:   insts:19          cycles:3794       (15172)  seconds:5     -- 0.01 IPC (0.01 IPC) --  N/A  KHz (0.00 KHz) 
**Core 71 Thread 11 Finished:   insts:19          cycles:3796       (15180)  seconds:5     -- 0.01 IPC (0.01 IPC) --  N/A  KHz (0.00 KHz) 
**Core 19 Thread 16 Finished:   insts:19          cycles:3799       (15192)  seconds:5     -- 0.01 IPC (0.01 IPC) --  N/A  KHz (0.00 KHz) 
**Core 19 Thread 17 Finished:   insts:19          cycles:3800       (15196)  seconds:5     -- 0.01 IPC (0.01 IPC) --  N/A  KHz (0.00 KHz) 
**Core 00 Thread 10 Finished:   insts:19          cycles:3810       (15236)  seconds:6     -- 0.00 IPC (0.00 IPC) --  N/A  KHz (0.00 KHz) 
**Core 37 Thread 11 Finished:   insts:19          cycles:3811       (15240)  seconds:5     -- 0.00 IPC (0.00 IPC) --  N/A  KHz (0.00 KHz) 
**Core 50 Thread 06 Finished:   insts:19          cycles:3812       (15244)  seconds:5     -- 0.00 IPC (0.00 IPC) --  N/A  KHz (0.00 KHz) 
**Core 66 Thread 02 Finished:   insts:19          cycles:3812       (15244)  seconds:5     -- 0.00 IPC (0.00 IPC) --  N/A  KHz (0.00 KHz) 
**Core 63 Thread 07 Finished:   insts:19          cycles:3813       (15248)  seconds:5     -- 0.00 IPC (0.00 IPC) --  N/A  KHz (0.00 KHz) 
**Core 72 Thread 07 Finished:   insts:19          cycles:3814       (15252)  seconds:5     -- 0.00 IPC (0.00 IPC) --  N/A  KHz (0.00 KHz) 
**Core 78 Thread 07 Finished:   insts:19          cycles:3814       (15252)  seconds:5     -- 0.00 IPC (0.00 IPC) --  N/A  KHz (0.00 KHz) 
**Core 92 Thread 01 Finished:   insts:19          cycles:3815       (15256)  seconds:5     -- 0.00 IPC (0.00 IPC) --  N/A  KHz (0.00 KHz) 
**Core 98 Thread 13 Finished:   insts:19          cycles:3816       (15260)  seconds:5     -- 0.00 IPC (0.00 IPC) --  N/A  KHz (0.00 KHz) 
**Core 29 Thread 01 Finished:   insts:19          cycles:3818       (15268)  seconds:5     -- 0.00 IPC (0.00 IPC) --  N/A  KHz (0.00 KHz) 
**Core 44 Thread 09 Finished:   insts:19          cycles:3819       (15272)  seconds:5     -- 0.00 IPC (0.00 IPC) --  N/A  KHz (0.00 KHz) 
**Core 82 Thread 02 Finished:   insts:19          cycles:3820       (15276)  seconds:5     -- 0.00 IPC (0.00 IPC) --  N/A  KHz (0.00 KHz) 
**Core 71 Thread 10 Finished:   insts:19          cycles:3821       (15280)  seconds:5     -- 0.00 IPC (0.00 IPC) --  N/A  KHz (0.00 KHz) 
**Core 71 Core_Total  Finished:   insts:304         cycles:3821       (15280) seconds:5     -- 0.08 IPC (0.08 IPC) --  N/A  KHz (0.06 KHz)
**Core 01 Thread 12 Finished:   insts:19          cycles:3823       (15288)  seconds:6     -- 0.00 IPC (0.00 IPC) --  N/A  KHz (0.00 KHz) 
**Core 50 Thread 07 Finished:   insts:19          cycles:3828       (15308)  seconds:5     -- 0.00 IPC (0.00 IPC) --  N/A  KHz (0.00 KHz) 
**Core 79 Thread 08 Finished:   insts:19          cycles:3829       (15312)  seconds:5     -- 0.00 IPC (0.00 IPC) --  N/A  KHz (0.00 KHz) 
**Core 65 Thread 08 Finished:   insts:19          cycles:3830       (15316)  seconds:5     -- 0.00 IPC (0.00 IPC) --  N/A  KHz (0.00 KHz) 
**Core 93 Thread 00 Finished:   insts:19          cycles:3831       (15320)  seconds:5     -- 0.00 IPC (0.00 IPC) --  N/A  KHz (0.00 KHz) 
**Core 35 Thread 09 Finished:   insts:19          cycles:3832       (15324)  seconds:5     -- 0.00 IPC (0.00 IPC) --  N/A  KHz (0.00 KHz) 
**Core 60 Thread 06 Finished:   insts:19          cycles:3834       (15332)  seconds:5     -- 0.00 IPC (0.00 IPC) --  N/A  KHz (0.00 KHz) 
**Core 73 Thread 06 Finished:   insts:19          cycles:3835       (15336)  seconds:5     -- 0.00 IPC (0.00 IPC) --  N/A  KHz (0.00 KHz) 
**Core 01 Thread 13 Finished:   insts:19          cycles:3851       (15400)  seconds:6     -- 0.00 IPC (0.00 IPC) --  N/A  KHz (0.00 KHz) 
**Core 15 Thread 12 Finished:   insts:19          cycles:3852       (15404)  seconds:5     -- 0.00 IPC (0.00 IPC) --  N/A  KHz (0.00 KHz) 
**Core 29 Thread 14 Finished:   insts:19          cycles:3852       (15404)  seconds:5     -- 0.00 IPC (0.00 IPC) --  N/A  KHz (0.00 KHz) 
**Core 44 Thread 11 Finished:   insts:19          cycles:3853       (15408)  seconds:5     -- 0.00 IPC (0.00 IPC) --  N/A  KHz (0.00 KHz) 
**Core 48 Thread 08 Finished:   insts:19          cycles:3853       (15408)  seconds:5     -- 0.00 IPC (0.00 IPC) --  N/A  KHz (0.00 KHz) 
**Core 83 Thread 03 Finished:   insts:19          cycles:3855       (15416)  seconds:5     -- 0.00 IPC (0.00 IPC) --  N/A  KHz (0.00 KHz) 
**Core 65 Thread 09 Finished:   insts:19          cycles:3855       (15416)  seconds:5     -- 0.00 IPC (0.00 IPC) --  N/A  KHz (0.00 KHz) 
**Core 79 Thread 09 Finished:   insts:19          cycles:3856       (15420)  seconds:5     -- 0.00 IPC (0.00 IPC) --  N/A  KHz (0.00 KHz) 
**Core 94 Thread 02 Finished:   insts:19          cycles:3857       (15424)  seconds:5     -- 0.00 IPC (0.00 IPC) --  N/A  KHz (0.00 KHz) 
**Core 37 Thread 10 Finished:   insts:19          cycles:3858       (15428)  seconds:5     -- 0.00 IPC (0.00 IPC) --  N/A  KHz (0.00 KHz) 
**Core 37 Core_Total  Finished:   insts:304         cycles:3858       (15428) seconds:5     -- 0.08 IPC (0.08 IPC) --  N/A  KHz (0.06 KHz)
**Core 60 Thread 07 Finished:   insts:19          cycles:3859       (15432)  seconds:5     -- 0.00 IPC (0.00 IPC) --  N/A  KHz (0.00 KHz) 
**Core 93 Thread 01 Finished:   insts:19          cycles:3860       (15436)  seconds:5     -- 0.00 IPC (0.00 IPC) --  N/A  KHz (0.00 KHz) 
**Core 73 Thread 07 Finished:   insts:19          cycles:3860       (15436)  seconds:5     -- 0.00 IPC (0.00 IPC) --  N/A  KHz (0.00 KHz) 
**Core 95 Thread 03 Finished:   insts:19          cycles:3865       (15456)  seconds:5     -- 0.00 IPC (0.00 IPC) --  N/A  KHz (0.00 KHz) 
**Core 15 Thread 13 Finished:   insts:19          cycles:3867       (15464)  seconds:5     -- 0.00 IPC (0.00 IPC) --  N/A  KHz (0.00 KHz) 
**Core 29 Thread 15 Finished:   insts:19          cycles:3868       (15468)  seconds:5     -- 0.00 IPC (0.00 IPC) --  N/A  KHz (0.00 KHz) 
**Core 44 Thread 10 Finished:   insts:19          cycles:3869       (15472)  seconds:5     -- 0.00 IPC (0.00 IPC) --  N/A  KHz (0.00 KHz) 
**Core 44 Core_Total  Finished:   insts:304         cycles:3869       (15472) seconds:5     -- 0.08 IPC (0.08 IPC) --  N/A  KHz (0.06 KHz)
**Core 85 Thread 05 Finished:   insts:19          cycles:3869       (15472)  seconds:5     -- 0.00 IPC (0.00 IPC) --  N/A  KHz (0.00 KHz) 
**Core 01 Thread 14 Finished:   insts:19          cycles:3873       (15488)  seconds:6     -- 0.00 IPC (0.00 IPC) --  N/A  KHz (0.00 KHz) 
**Core 35 Thread 11 Finished:   insts:19          cycles:3889       (15552)  seconds:5     -- 0.00 IPC (0.00 IPC) --  N/A  KHz (0.00 KHz) 
**Core 48 Thread 09 Finished:   insts:19          cycles:3890       (15556)  seconds:5     -- 0.00 IPC (0.00 IPC) --  N/A  KHz (0.00 KHz) 
**Core 61 Thread 06 Finished:   insts:19          cycles:3891       (15560)  seconds:5     -- 0.00 IPC (0.00 IPC) --  N/A  KHz (0.00 KHz) 
**Core 64 Thread 11 Finished:   insts:19          cycles:3891       (15560)  seconds:5     -- 0.00 IPC (0.00 IPC) --  N/A  KHz (0.00 KHz) 
**Core 15 Thread 14 Finished:   insts:19          cycles:3892       (15564)  seconds:5     -- 0.00 IPC (0.00 IPC) --  N/A  KHz (0.00 KHz) 
**Core 80 Thread 00 Finished:   insts:19          cycles:3892       (15564)  seconds:5     -- 0.00 IPC (0.00 IPC) --  N/A  KHz (0.00 KHz) 
**Core 29 Thread 05 Finished:   insts:19          cycles:3893       (15568)  seconds:5     -- 0.00 IPC (0.00 IPC) --  N/A  KHz (0.00 KHz) 
**Core 74 Thread 06 Finished:   insts:19          cycles:3893       (15568)  seconds:5     -- 0.00 IPC (0.00 IPC) --  N/A  KHz (0.00 KHz) 
**Core 45 Thread 06 Finished:   insts:19          cycles:3894       (15572)  seconds:5     -- 0.00 IPC (0.00 IPC) --  N/A  KHz (0.00 KHz) 
**Core 85 Thread 02 Finished:   insts:19          cycles:3895       (15576)  seconds:5     -- 0.00 IPC (0.00 IPC) --  N/A  KHz (0.00 KHz) 
**Core 91 Thread 14 Finished:   insts:19          cycles:3896       (15580)  seconds:5     -- 0.00 IPC (0.00 IPC) --  N/A  KHz (0.00 KHz) 
**Core 95 Thread 04 Finished:   insts:19          cycles:3897       (15584)  seconds:5     -- 0.00 IPC (0.00 IPC) --  N/A  KHz (0.00 KHz) 
**Core 01 Thread 15 Finished:   insts:19          cycles:3898       (15588)  seconds:6     -- 0.00 IPC (0.00 IPC) --  N/A  KHz (0.00 KHz) 
**Core 48 Thread 11 Finished:   insts:19          cycles:3903       (15608)  seconds:5     -- 0.00 IPC (0.00 IPC) --  N/A  KHz (0.00 KHz) 
**Core 80 Thread 01 Finished:   insts:19          cycles:3904       (15612)  seconds:5     -- 0.00 IPC (0.00 IPC) --  N/A  KHz (0.00 KHz) 
**Core 16 Thread 12 Finished:   insts:19          cycles:3905       (15616)  seconds:5     -- 0.00 IPC (0.00 IPC) --  N/A  KHz (0.00 KHz) 
**Core 67 Thread 03 Finished:   insts:19          cycles:3906       (15620)  seconds:5     -- 0.00 IPC (0.00 IPC) --  N/A  KHz (0.00 KHz) 
**Core 35 Thread 10 Finished:   insts:19          cycles:3907       (15624)  seconds:5     -- 0.00 IPC (0.00 IPC) --  N/A  KHz (0.00 KHz) 
**Core 35 Core_Total  Finished:   insts:304         cycles:3907       (15624) seconds:5     -- 0.08 IPC (0.08 IPC) --  N/A  KHz (0.06 KHz)
**Core 91 Thread 15 Finished:   insts:19          cycles:3907       (15624)  seconds:5     -- 0.00 IPC (0.00 IPC) --  N/A  KHz (0.00 KHz) 
**Core 61 Thread 07 Finished:   insts:19          cycles:3909       (15632)  seconds:5     -- 0.00 IPC (0.00 IPC) --  N/A  KHz (0.00 KHz) 
**Core 74 Thread 07 Finished:   insts:19          cycles:3910       (15636)  seconds:5     -- 0.00 IPC (0.00 IPC) --  N/A  KHz (0.00 KHz) 
**Core 104 Thread 12 Finished:   insts:19          cycles:3915       (15656)  seconds:5     -- 0.00 IPC (0.00 IPC) --  N/A  KHz (0.00 KHz) 
**Core 01 Thread 01 Finished:   insts:19          cycles:3929       (15712)  seconds:6     -- 0.00 IPC (0.00 IPC) --  N/A  KHz (0.00 KHz) 
**Core 15 Thread 15 Finished:   insts:19          cycles:3929       (15712)  seconds:5     -- 0.00 IPC (0.00 IPC) --  N/A  KHz (0.00 KHz) 
**Core 45 Thread 07 Finished:   insts:19          cycles:3930       (15716)  seconds:5     -- 0.00 IPC (0.00 IPC) --  N/A  KHz (0.00 KHz) 
**Core 29 Thread 02 Finished:   insts:19          cycles:3930       (15716)  seconds:5     -- 0.00 IPC (0.00 IPC) --  N/A  KHz (0.00 KHz) 
**Core 48 Thread 10 Finished:   insts:19          cycles:3931       (15720)  seconds:5     -- 0.00 IPC (0.00 IPC) --  N/A  KHz (0.00 KHz) 
**Core 48 Core_Total  Finished:   insts:304         cycles:3931       (15720) seconds:5     -- 0.08 IPC (0.08 IPC) --  N/A  KHz (0.06 KHz)
**Core 67 Thread 04 Finished:   insts:19          cycles:3931       (15720)  seconds:5     -- 0.00 IPC (0.00 IPC) --  N/A  KHz (0.00 KHz) 
**Core 83 Thread 04 Finished:   insts:19          cycles:3932       (15724)  seconds:5     -- 0.00 IPC (0.00 IPC) --  N/A  KHz (0.00 KHz) 
**Core 38 Thread 03 Finished:   insts:19          cycles:3932       (15724)  seconds:5     -- 0.00 IPC (0.00 IPC) --  N/A  KHz (0.00 KHz) 
**Core 81 Thread 00 Finished:   insts:19          cycles:3933       (15728)  seconds:5     -- 0.00 IPC (0.00 IPC) --  N/A  KHz (0.00 KHz) 
**Core 99 Thread 00 Finished:   insts:19          cycles:3933       (15728)  seconds:5     -- 0.00 IPC (0.00 IPC) --  N/A  KHz (0.00 KHz) 
**Core 62 Thread 06 Finished:   insts:19          cycles:3934       (15732)  seconds:5     -- 0.00 IPC (0.00 IPC) --  N/A  KHz (0.00 KHz) 
**Core 75 Thread 08 Finished:   insts:19          cycles:3935       (15736)  seconds:5     -- 0.00 IPC (0.00 IPC) --  N/A  KHz (0.00 KHz) 
**Core 92 Thread 14 Finished:   insts:19          cycles:3935       (15736)  seconds:5     -- 0.00 IPC (0.00 IPC) --  N/A  KHz (0.00 KHz) 
**Core 107 Thread 12 Finished:   insts:19          cycles:3936       (15740)  seconds:4     -- 0.00 IPC (0.00 IPC) --  N/A  KHz (0.00 KHz) 
**Core 104 Thread 13 Finished:   insts:19          cycles:3939       (15752)  seconds:5     -- 0.00 IPC (0.00 IPC) --  N/A  KHz (0.00 KHz) 
**Core 99 Thread 01 Finished:   insts:19          cycles:3940       (15756)  seconds:5     -- 0.00 IPC (0.00 IPC) --  N/A  KHz (0.00 KHz) 
**Core 107 Thread 13 Finished:   insts:19          cycles:3941       (15760)  seconds:4     -- 0.00 IPC (0.00 IPC) --  N/A  KHz (0.00 KHz) 
**Core 12 Thread 12 Finished:   insts:19          cycles:3942       (15764)  seconds:5     -- 0.00 IPC (0.00 IPC) --  N/A  KHz (0.00 KHz) 
**Core 29 Thread 03 Finished:   insts:19          cycles:3943       (15768)  seconds:5     -- 0.00 IPC (0.00 IPC) --  N/A  KHz (0.00 KHz) 
**Core 86 Thread 05 Finished:   insts:19          cycles:3944       (15772)  seconds:5     -- 0.00 IPC (0.00 IPC) --  N/A  KHz (0.00 KHz) 
**Core 41 Thread 03 Finished:   insts:19          cycles:3944       (15772)  seconds:5     -- 0.00 IPC (0.00 IPC) --  N/A  KHz (0.00 KHz) 
**Core 105 Thread 12 Finished:   insts:19          cycles:3945       (15776)  seconds:5     -- 0.00 IPC (0.00 IPC) --  N/A  KHz (0.00 KHz) 
**Core 00 Thread 16 Finished:   insts:19          cycles:3947       (15784)  seconds:6     -- 0.00 IPC (0.00 IPC) --  N/A  KHz (0.00 KHz) 
**Core 01 Thread 02 Finished:   insts:19          cycles:3948       (15788)  seconds:6     -- 0.00 IPC (0.00 IPC) --  N/A  KHz (0.00 KHz) 
**Core 105 Thread 13 Finished:   insts:19          cycles:3949       (15792)  seconds:5     -- 0.00 IPC (0.00 IPC) --  N/A  KHz (0.00 KHz) 
**Core 00 Thread 17 Finished:   insts:19          cycles:3950       (15796)  seconds:6     -- 0.00 IPC (0.00 IPC) --  N/A  KHz (0.00 KHz) 
**Core 00 Thread 18 Finished:   insts:19          cycles:3952       (15804)  seconds:6     -- 0.00 IPC (0.00 IPC) --  N/A  KHz (0.00 KHz) 
**Core 15 Thread 16 Finished:   insts:19          cycles:3954       (15812)  seconds:5     -- 0.00 IPC (0.00 IPC) --  N/A  KHz (0.00 KHz) 
**Core 12 Thread 16 Finished:   insts:19          cycles:3955       (15816)  seconds:5     -- 0.00 IPC (0.00 IPC) --  N/A  KHz (0.00 KHz) 
**Core 16 Thread 13 Finished:   insts:19          cycles:3968       (15868)  seconds:5     -- 0.00 IPC (0.00 IPC) --  N/A  KHz (0.00 KHz) 
**Core 12 Thread 14 Finished:   insts:19          cycles:3969       (15872)  seconds:5     -- 0.00 IPC (0.00 IPC) --  N/A  KHz (0.00 KHz) 
**Core 38 Thread 04 Finished:   insts:19          cycles:3969       (15872)  seconds:5     -- 0.00 IPC (0.00 IPC) --  N/A  KHz (0.00 KHz) 
**Core 29 Thread 04 Finished:   insts:19          cycles:3970       (15876)  seconds:5     -- 0.00 IPC (0.00 IPC) --  N/A  KHz (0.00 KHz) 
**Core 45 Thread 08 Finished:   insts:19          cycles:3971       (15880)  seconds:5     -- 0.00 IPC (0.00 IPC) --  N/A  KHz (0.00 KHz) 
**Core 51 Thread 08 Finished:   insts:19          cycles:3971       (15880)  seconds:5     -- 0.00 IPC (0.00 IPC) --  N/A  KHz (0.00 KHz) 
**Core 58 Thread 03 Finished:   insts:19          cycles:3972       (15884)  seconds:5     -- 0.00 IPC (0.00 IPC) --  N/A  KHz (0.00 KHz) 
**Core 64 Thread 10 Finished:   insts:19          cycles:3972       (15884)  seconds:5     -- 0.00 IPC (0.00 IPC) --  N/A  KHz (0.00 KHz) 
**Core 64 Core_Total  Finished:   insts:304         cycles:3972       (15884) seconds:5     -- 0.08 IPC (0.08 IPC) --  N/A  KHz (0.06 KHz)
**Core 01 Thread 00 Finished:   insts:19          cycles:3973       (15888)  seconds:6     -- 0.00 IPC (0.00 IPC) --  N/A  KHz (0.00 KHz) 
**Core 70 Thread 11 Finished:   insts:19          cycles:3973       (15888)  seconds:5     -- 0.00 IPC (0.00 IPC) --  N/A  KHz (0.00 KHz) 
**Core 75 Thread 09 Finished:   insts:19          cycles:3974       (15892)  seconds:5     -- 0.00 IPC (0.00 IPC) --  N/A  KHz (0.00 KHz) 
**Core 81 Thread 01 Finished:   insts:19          cycles:3974       (15892)  seconds:5     -- 0.00 IPC (0.00 IPC) --  N/A  KHz (0.00 KHz) 
**Core 88 Thread 14 Finished:   insts:19          cycles:3975       (15896)  seconds:5     -- 0.00 IPC (0.00 IPC) --  N/A  KHz (0.00 KHz) 
**Core 86 Thread 02 Finished:   insts:19          cycles:3975       (15896)  seconds:5     -- 0.00 IPC (0.00 IPC) --  N/A  KHz (0.00 KHz) 
**Core 96 Thread 00 Finished:   insts:19          cycles:3976       (15900)  seconds:5     -- 0.00 IPC (0.00 IPC) --  N/A  KHz (0.00 KHz) 
**Core 51 Thread 09 Finished:   insts:19          cycles:3978       (15908)  seconds:5     -- 0.00 IPC (0.00 IPC) --  N/A  KHz (0.00 KHz) 
**Core 106 Thread 12 Finished:   insts:19          cycles:3979       (15912)  seconds:5     -- 0.00 IPC (0.00 IPC) --  N/A  KHz (0.00 KHz) 
**Core 78 Thread 08 Finished:   insts:19          cycles:3979       (15912)  seconds:5     -- 0.00 IPC (0.00 IPC) --  N/A  KHz (0.00 KHz) 
**Core 104 Thread 00 Finished:   insts:19          cycles:3980       (15916)  seconds:5     -- 0.00 IPC (0.00 IPC) --  N/A  KHz (0.00 KHz) 
**Core 65 Thread 11 Finished:   insts:19          cycles:3980       (15916)  seconds:5     -- 0.00 IPC (0.00 IPC) --  N/A  KHz (0.00 KHz) 
**Core 88 Thread 15 Finished:   insts:19          cycles:3981       (15920)  seconds:5     -- 0.00 IPC (0.00 IPC) --  N/A  KHz (0.00 KHz) 
**Core 39 Thread 05 Finished:   insts:19          cycles:3982       (15924)  seconds:5     -- 0.00 IPC (0.00 IPC) --  N/A  KHz (0.00 KHz) 
**Core 00 Thread 20 Finished:   insts:19          cycles:3983       (15928)  seconds:6     -- 0.00 IPC (0.00 IPC) --  N/A  KHz (0.00 KHz) 
**Core 104 Thread 01 Finished:   insts:19          cycles:3984       (15932)  seconds:5     -- 0.00 IPC (0.00 IPC) --  N/A  KHz (0.00 KHz) 
**Core 62 Thread 07 Finished:   insts:19          cycles:3984       (15932)  seconds:5     -- 0.00 IPC (0.00 IPC) --  N/A  KHz (0.00 KHz) 
**Core 72 Thread 08 Finished:   insts:19          cycles:3985       (15936)  seconds:5     -- 0.00 IPC (0.00 IPC) --  N/A  KHz (0.00 KHz) 
**Core 00 Thread 21 Finished:   insts:19          cycles:3987       (15944)  seconds:6     -- 0.00 IPC (0.00 IPC) --  N/A  KHz (0.00 KHz) 
**Core 04 Thread 16 Finished:   insts:19          cycles:3987       (15944)  seconds:6     -- 0.00 IPC (0.00 IPC) --  N/A  KHz (0.00 KHz) 
**Core 105 Thread 00 Finished:   insts:19          cycles:3988       (15948)  seconds:5     -- 0.00 IPC (0.00 IPC) --  N/A  KHz (0.00 KHz) 
**Core 16 Thread 14 Finished:   insts:19          cycles:3988       (15948)  seconds:5     -- 0.00 IPC (0.00 IPC) --  N/A  KHz (0.00 KHz) 
**Core 106 Thread 13 Finished:   insts:19          cycles:3990       (15956)  seconds:5     -- 0.00 IPC (0.00 IPC) --  N/A  KHz (0.00 KHz) 
**Core 70 Thread 10 Finished:   insts:19          cycles:3990       (15956)  seconds:5     -- 0.00 IPC (0.00 IPC) --  N/A  KHz (0.00 KHz) 
**Core 70 Core_Total  Finished:   insts:304         cycles:3990       (15956) seconds:5     -- 0.08 IPC (0.08 IPC) --  N/A  KHz (0.06 KHz)
**Core 04 Thread 17 Finished:   insts:19          cycles:3991       (15960)  seconds:6     -- 0.00 IPC (0.00 IPC) --  N/A  KHz (0.00 KHz) 
**Core 96 Thread 01 Finished:   insts:19          cycles:3991       (15960)  seconds:5     -- 0.00 IPC (0.00 IPC) --  N/A  KHz (0.00 KHz) 
**Core 105 Thread 01 Finished:   insts:19          cycles:3992       (15964)  seconds:5     -- 0.00 IPC (0.00 IPC) --  N/A  KHz (0.00 KHz) 
**Core 01 Thread 03 Finished:   insts:19          cycles:4006       (16020)  seconds:6     -- 0.00 IPC (0.00 IPC) --  N/A  KHz (0.00 KHz) 
**Core 12 Thread 13 Finished:   insts:19          cycles:4007       (16024)  seconds:5     -- 0.00 IPC (0.00 IPC) --  N/A  KHz (0.00 KHz) 
**Core 29 Thread 06 Finished:   insts:19          cycles:4007       (16024)  seconds:5     -- 0.00 IPC (0.00 IPC) --  N/A  KHz (0.00 KHz) 
**Core 39 Thread 02 Finished:   insts:19          cycles:4008       (16028)  seconds:5     -- 0.00 IPC (0.00 IPC) --  N/A  KHz (0.00 KHz) 
**Core 45 Thread 09 Finished:   insts:19          cycles:4008       (16028)  seconds:5     -- 0.00 IPC (0.00 IPC) --  N/A  KHz (0.00 KHz) 
**Core 49 Thread 08 Finished:   insts:19          cycles:4009       (16032)  seconds:5     -- 0.00 IPC (0.00 IPC) --  N/A  KHz (0.00 KHz) 
**Core 65 Thread 10 Finished:   insts:19          cycles:4009       (16032)  seconds:5     -- 0.00 IPC (0.00 IPC) --  N/A  KHz (0.00 KHz) 
**Core 65 Core_Total  Finished:   insts:304         cycles:4009       (16032) seconds:5     -- 0.08 IPC (0.08 IPC) --  N/A  KHz (0.06 KHz)
**Core 58 Thread 04 Finished:   insts:19          cycles:4010       (16036)  seconds:5     -- 0.00 IPC (0.00 IPC) --  N/A  KHz (0.00 KHz) 
**Core 87 Thread 03 Finished:   insts:19          cycles:4010       (16036)  seconds:5     -- 0.00 IPC (0.00 IPC) --  N/A  KHz (0.00 KHz) 
**Core 72 Thread 09 Finished:   insts:19          cycles:4011       (16040)  seconds:5     -- 0.00 IPC (0.00 IPC) --  N/A  KHz (0.00 KHz) 
**Core 78 Thread 09 Finished:   insts:19          cycles:4011       (16040)  seconds:5     -- 0.00 IPC (0.00 IPC) --  N/A  KHz (0.00 KHz) 
**Core 89 Thread 15 Finished:   insts:19          cycles:4012       (16044)  seconds:5     -- 0.00 IPC (0.00 IPC) --  N/A  KHz (0.00 KHz) 
**Core 16 Thread 15 Finished:   insts:19          cycles:4013       (16048)  seconds:5     -- 0.00 IPC (0.00 IPC) --  N/A  KHz (0.00 KHz) 
**Core 00 Thread 22 Finished:   insts:19          cycles:4014       (16052)  seconds:6     -- 0.00 IPC (0.00 IPC) --  N/A  KHz (0.00 KHz) 
**Core 04 Thread 19 Finished:   insts:19          cycles:4014       (16052)  seconds:6     -- 0.00 IPC (0.00 IPC) --  N/A  KHz (0.00 KHz) 
**Core 97 Thread 00 Finished:   insts:19          cycles:4015       (16056)  seconds:5     -- 0.00 IPC (0.00 IPC) --  N/A  KHz (0.00 KHz) 
**Core 104 Thread 14 Finished:   insts:19          cycles:4015       (16056)  seconds:5     -- 0.00 IPC (0.00 IPC) --  N/A  KHz (0.00 KHz) 
**Core 00 Thread 19 Finished:   insts:19          cycles:4017       (16064)  seconds:6     -- 0.00 IPC (0.00 IPC) --  N/A  KHz (0.00 KHz) 
**Core 12 Thread 15 Finished:   insts:19          cycles:4018       (16068)  seconds:5     -- 0.00 IPC (0.00 IPC) --  N/A  KHz (0.00 KHz) 
**Core 29 Thread 07 Finished:   insts:19          cycles:4019       (16072)  seconds:5     -- 0.00 IPC (0.00 IPC) --  N/A  KHz (0.00 KHz) 
**Core 41 Thread 04 Finished:   insts:19          cycles:4019       (16072)  seconds:5     -- 0.00 IPC (0.00 IPC) --  N/A  KHz (0.00 KHz) 
**Core 87 Thread 04 Finished:   insts:19          cycles:4020       (16076)  seconds:5     -- 0.00 IPC (0.00 IPC) --  N/A  KHz (0.00 KHz) 
**Core 04 Thread 18 Finished:   insts:19          cycles:4021       (16080)  seconds:6     -- 0.00 IPC (0.00 IPC) --  N/A  KHz (0.00 KHz) 
**Core 104 Thread 15 Finished:   insts:19          cycles:4022       (16084)  seconds:5     -- 0.00 IPC (0.00 IPC) --  N/A  KHz (0.00 KHz) 
**Core 01 Thread 04 Finished:   insts:19          cycles:4023       (16088)  seconds:6     -- 0.00 IPC (0.00 IPC) --  N/A  KHz (0.00 KHz) 
**Core 00 Thread 25 Finished:   insts:19          cycles:4024       (16092)  seconds:6     -- 0.00 IPC (0.00 IPC) --  N/A  KHz (0.00 KHz) 
**Core 04 Thread 20 Finished:   insts:19          cycles:4024       (16092)  seconds:6     -- 0.00 IPC (0.00 IPC) --  N/A  KHz (0.00 KHz) 
**Core 105 Thread 14 Finished:   insts:19          cycles:4025       (16096)  seconds:5     -- 0.00 IPC (0.00 IPC) --  N/A  KHz (0.00 KHz) 
**Core 00 Thread 26 Finished:   insts:19          cycles:4026       (16100)  seconds:6     -- 0.00 IPC (0.00 IPC) --  N/A  KHz (0.00 KHz) 
**Core 105 Thread 15 Finished:   insts:19          cycles:4027       (16104)  seconds:5     -- 0.00 IPC (0.00 IPC) --  N/A  KHz (0.00 KHz) 
**Core 04 Thread 21 Finished:   insts:19          cycles:4027       (16104)  seconds:6     -- 0.00 IPC (0.00 IPC) --  N/A  KHz (0.00 KHz) 
**Core 49 Thread 09 Finished:   insts:19          cycles:4028       (16108)  seconds:5     -- 0.00 IPC (0.00 IPC) --  N/A  KHz (0.00 KHz) 
**Core 76 Thread 03 Finished:   insts:19          cycles:4029       (16112)  seconds:5     -- 0.00 IPC (0.00 IPC) --  N/A  KHz (0.00 KHz) 
**Core 68 Thread 03 Finished:   insts:19          cycles:4030       (16116)  seconds:5     -- 0.00 IPC (0.00 IPC) --  N/A  KHz (0.00 KHz) 
**Core 107 Thread 00 Finished:   insts:19          cycles:4030       (16116)  seconds:4     -- 0.00 IPC (0.00 IPC) --  N/A  KHz (0.00 KHz) 
**Core 89 Thread 14 Finished:   insts:19          cycles:4031       (16120)  seconds:5     -- 0.00 IPC (0.00 IPC) --  N/A  KHz (0.00 KHz) 
**Core 04 Thread 22 Finished:   insts:19          cycles:4031       (16120)  seconds:6     -- 0.00 IPC (0.00 IPC) --  N/A  KHz (0.00 KHz) 
**Core 104 Thread 05 Finished:   insts:19          cycles:4032       (16124)  seconds:5     -- 0.00 IPC (0.00 IPC) --  N/A  KHz (0.00 KHz) 
**Core 38 Thread 06 Finished:   insts:19          cycles:4044       (16172)  seconds:5     -- 0.00 IPC (0.00 IPC) --  N/A  KHz (0.00 KHz) 
**Core 29 Thread 08 Finished:   insts:19          cycles:4046       (16180)  seconds:5     -- 0.00 IPC (0.00 IPC) --  N/A  KHz (0.00 KHz) 
**Core 45 Thread 11 Finished:   insts:19          cycles:4046       (16180)  seconds:5     -- 0.00 IPC (0.00 IPC) --  N/A  KHz (0.00 KHz) 
**Core 63 Thread 08 Finished:   insts:19          cycles:4047       (16184)  seconds:5     -- 0.00 IPC (0.00 IPC) --  N/A  KHz (0.00 KHz) 
**Core 73 Thread 08 Finished:   insts:19          cycles:4047       (16184)  seconds:5     -- 0.00 IPC (0.00 IPC) --  N/A  KHz (0.00 KHz) 
**Core 82 Thread 03 Finished:   insts:19          cycles:4048       (16188)  seconds:5     -- 0.00 IPC (0.00 IPC) --  N/A  KHz (0.00 KHz) 
**Core 01 Thread 05 Finished:   insts:19          cycles:4048       (16188)  seconds:6     -- 0.00 IPC (0.00 IPC) --  N/A  KHz (0.00 KHz) 
**Core 97 Thread 01 Finished:   insts:19          cycles:4049       (16192)  seconds:5     -- 0.00 IPC (0.00 IPC) --  N/A  KHz (0.00 KHz) 
**Core 107 Thread 01 Finished:   insts:19          cycles:4051       (16200)  seconds:4     -- 0.00 IPC (0.00 IPC) --  N/A  KHz (0.00 KHz) 
**Core 04 Thread 25 Finished:   insts:19          cycles:4052       (16204)  seconds:6     -- 0.00 IPC (0.00 IPC) --  N/A  KHz (0.00 KHz) 
**Core 18 Thread 20 Finished:   insts:19          cycles:4052       (16204)  seconds:5     -- 0.00 IPC (0.00 IPC) --  N/A  KHz (0.00 KHz) 
**Core 12 Thread 17 Finished:   insts:19          cycles:4053       (16208)  seconds:5     -- 0.00 IPC (0.00 IPC) --  N/A  KHz (0.00 KHz) 
**Core 49 Thread 11 Finished:   insts:19          cycles:4054       (16212)  seconds:5     -- 0.00 IPC (0.00 IPC) --  N/A  KHz (0.00 KHz) 
**Core 68 Thread 04 Finished:   insts:19          cycles:4055       (16216)  seconds:5     -- 0.00 IPC (0.00 IPC) --  N/A  KHz (0.00 KHz) 
**Core 76 Thread 04 Finished:   insts:19          cycles:4055       (16216)  seconds:5     -- 0.00 IPC (0.00 IPC) --  N/A  KHz (0.00 KHz) 
**Core 92 Thread 15 Finished:   insts:19          cycles:4056       (16220)  seconds:5     -- 0.00 IPC (0.00 IPC) --  N/A  KHz (0.00 KHz) 
**Core 104 Thread 02 Finished:   insts:19          cycles:4056       (16220)  seconds:5     -- 0.00 IPC (0.00 IPC) --  N/A  KHz (0.00 KHz) 
**Core 38 Thread 07 Finished:   insts:19          cycles:4057       (16224)  seconds:5     -- 0.00 IPC (0.00 IPC) --  N/A  KHz (0.00 KHz) 
**Core 15 Thread 17 Finished:   insts:19          cycles:4058       (16228)  seconds:5     -- 0.00 IPC (0.00 IPC) --  N/A  KHz (0.00 KHz) 
**Core 18 Thread 18 Finished:   insts:19          cycles:4058       (16228)  seconds:5     -- 0.00 IPC (0.00 IPC) --  N/A  KHz (0.00 KHz) 
**Core 63 Thread 09 Finished:   insts:19          cycles:4059       (16232)  seconds:5     -- 0.00 IPC (0.00 IPC) --  N/A  KHz (0.00 KHz) 
**Core 19 Thread 18 Finished:   insts:19          cycles:4059       (16232)  seconds:5     -- 0.00 IPC (0.00 IPC) --  N/A  KHz (0.00 KHz) 
**Core 73 Thread 09 Finished:   insts:19          cycles:4060       (16236)  seconds:5     -- 0.00 IPC (0.00 IPC) --  N/A  KHz (0.00 KHz) 
**Core 13 Thread 18 Finished:   insts:19          cycles:4061       (16240)  seconds:5     -- 0.00 IPC (0.00 IPC) --  N/A  KHz (0.00 KHz) 
**Core 19 Thread 20 Finished:   insts:19          cycles:4061       (16240)  seconds:5     -- 0.00 IPC (0.00 IPC) --  N/A  KHz (0.00 KHz) 
**Core 13 Thread 20 Finished:   insts:19          cycles:4062       (16244)  seconds:5     -- 0.00 IPC (0.00 IPC) --  N/A  KHz (0.00 KHz) 
**Core 14 Thread 18 Finished:   insts:19          cycles:4063       (16248)  seconds:5     -- 0.00 IPC (0.00 IPC) --  N/A  KHz (0.00 KHz) 
**Core 16 Thread 16 Finished:   insts:19          cycles:4063       (16248)  seconds:5     -- 0.00 IPC (0.00 IPC) --  N/A  KHz (0.00 KHz) 
**Core 14 Thread 20 Finished:   insts:19          cycles:4064       (16252)  seconds:5     -- 0.00 IPC (0.00 IPC) --  N/A  KHz (0.00 KHz) 
**Core 16 Thread 17 Finished:   insts:19          cycles:4064       (16252)  seconds:5     -- 0.00 IPC (0.00 IPC) --  N/A  KHz (0.00 KHz) 
**Core 94 Thread 03 Finished:   insts:19          cycles:4065       (16256)  seconds:5     -- 0.00 IPC (0.00 IPC) --  N/A  KHz (0.00 KHz) 
**Core 16 Thread 18 Finished:   insts:19          cycles:4065       (16256)  seconds:5     -- 0.00 IPC (0.00 IPC) --  N/A  KHz (0.00 KHz) 
**Core 12 Thread 18 Finished:   insts:19          cycles:4066       (16260)  seconds:5     -- 0.00 IPC (0.00 IPC) --  N/A  KHz (0.00 KHz) 
**Core 00 Thread 23 Finished:   insts:19          cycles:4067       (16264)  seconds:6     -- 0.00 IPC (0.00 IPC) --  N/A  KHz (0.00 KHz) 
**Core 29 Thread 09 Finished:   insts:19          cycles:4068       (16268)  seconds:5     -- 0.00 IPC (0.00 IPC) --  N/A  KHz (0.00 KHz) 
**Core 84 Thread 03 Finished:   insts:19          cycles:4069       (16272)  seconds:5     -- 0.00 IPC (0.00 IPC) --  N/A  KHz (0.00 KHz) 
**Core 45 Thread 10 Finished:   insts:19          cycles:4069       (16272)  seconds:5     -- 0.00 IPC (0.00 IPC) --  N/A  KHz (0.00 KHz) 
**Core 45 Core_Total  Finished:   insts:304         cycles:4069       (16272) seconds:5     -- 0.07 IPC (0.07 IPC) --  N/A  KHz (0.06 KHz)
**Core 04 Thread 26 Finished:   insts:19          cycles:4070       (16276)  seconds:6     -- 0.00 IPC (0.00 IPC) --  N/A  KHz (0.00 KHz) 
**Core 01 Thread 07 Finished:   insts:19          cycles:4084       (16332)  seconds:6     -- 0.00 IPC (0.00 IPC) --  N/A  KHz (0.00 KHz) 
**Core 12 Thread 01 Finished:   insts:19          cycles:4084       (16332)  seconds:5     -- 0.00 IPC (0.00 IPC) --  N/A  KHz (0.00 KHz) 
**Core 38 Thread 08 Finished:   insts:19          cycles:4085       (16336)  seconds:5     -- 0.00 IPC (0.00 IPC) --  N/A  KHz (0.00 KHz) 
**Core 49 Thread 10 Finished:   insts:19          cycles:4085       (16336)  seconds:5     -- 0.00 IPC (0.00 IPC) --  N/A  KHz (0.00 KHz) 
**Core 49 Core_Total  Finished:   insts:304         cycles:4085       (16336) seconds:5     -- 0.07 IPC (0.07 IPC) --  N/A  KHz (0.06 KHz)
**Core 59 Thread 06 Finished:   insts:19          cycles:4086       (16340)  seconds:5     -- 0.00 IPC (0.00 IPC) --  N/A  KHz (0.00 KHz) 
**Core 69 Thread 03 Finished:   insts:19          cycles:4086       (16340)  seconds:5     -- 0.00 IPC (0.00 IPC) --  N/A  KHz (0.00 KHz) 
**Core 74 Thread 08 Finished:   insts:19          cycles:4087       (16344)  seconds:5     -- 0.00 IPC (0.00 IPC) --  N/A  KHz (0.00 KHz) 
**Core 79 Thread 11 Finished:   insts:19          cycles:4087       (16344)  seconds:5     -- 0.00 IPC (0.00 IPC) --  N/A  KHz (0.00 KHz) 
**Core 93 Thread 14 Finished:   insts:19          cycles:4088       (16348)  seconds:5     -- 0.00 IPC (0.00 IPC) --  N/A  KHz (0.00 KHz) 
**Core 105 Thread 05 Finished:   insts:19          cycles:4089       (16352)  seconds:5     -- 0.00 IPC (0.00 IPC) --  N/A  KHz (0.00 KHz) 
**Core 94 Thread 04 Finished:   insts:19          cycles:4090       (16356)  seconds:5     -- 0.00 IPC (0.00 IPC) --  N/A  KHz (0.00 KHz) 
**Core 00 Thread 24 Finished:   insts:19          cycles:4092       (16364)  seconds:6     -- 0.00 IPC (0.00 IPC) --  N/A  KHz (0.00 KHz) 
**Core 16 Thread 20 Finished:   insts:19          cycles:4092       (16364)  seconds:5     -- 0.00 IPC (0.00 IPC) --  N/A  KHz (0.00 KHz) 
**Core 12 Thread 20 Finished:   insts:19          cycles:4093       (16368)  seconds:5     -- 0.00 IPC (0.00 IPC) --  N/A  KHz (0.00 KHz) 
**Core 29 Thread 11 Finished:   insts:19          cycles:4093       (16368)  seconds:5     -- 0.00 IPC (0.00 IPC) --  N/A  KHz (0.00 KHz) 
**Core 40 Thread 06 Finished:   insts:19          cycles:4094       (16372)  seconds:5     -- 0.00 IPC (0.00 IPC) --  N/A  KHz (0.00 KHz) 
**Core 82 Thread 04 Finished:   insts:19          cycles:4095       (16376)  seconds:5     -- 0.00 IPC (0.00 IPC) --  N/A  KHz (0.00 KHz) 
**Core 04 Thread 23 Finished:   insts:19          cycles:4096       (16380)  seconds:6     -- 0.00 IPC (0.00 IPC) --  N/A  KHz (0.00 KHz) 
**Core 01 Thread 08 Finished:   insts:19          cycles:4098       (16388)  seconds:6     -- 0.00 IPC (0.00 IPC) --  N/A  KHz (0.00 KHz) 
**Core 17 Thread 18 Finished:   insts:19          cycles:4099       (16392)  seconds:5     -- 0.00 IPC (0.00 IPC) --  N/A  KHz (0.00 KHz) 
**Core 08 Thread 12 Finished:   insts:19          cycles:4102       (16404)  seconds:5     -- 0.00 IPC (0.00 IPC) --  N/A  KHz (0.00 KHz) 
**Core 50 Thread 08 Finished:   insts:19          cycles:4103       (16408)  seconds:5     -- 0.00 IPC (0.00 IPC) --  N/A  KHz (0.00 KHz) 
**Core 79 Thread 10 Finished:   insts:19          cycles:4104       (16412)  seconds:5     -- 0.00 IPC (0.00 IPC) --  N/A  KHz (0.00 KHz) 
**Core 79 Core_Total  Finished:   insts:304         cycles:4104       (16412) seconds:5     -- 0.07 IPC (0.07 IPC) --  N/A  KHz (0.06 KHz)
**Core 69 Thread 04 Finished:   insts:19          cycles:4105       (16416)  seconds:5     -- 0.00 IPC (0.00 IPC) --  N/A  KHz (0.00 KHz) 
**Core 93 Thread 15 Finished:   insts:19          cycles:4106       (16420)  seconds:5     -- 0.00 IPC (0.00 IPC) --  N/A  KHz (0.00 KHz) 
**Core 105 Thread 02 Finished:   insts:19          cycles:4106       (16420)  seconds:5     -- 0.00 IPC (0.00 IPC) --  N/A  KHz (0.00 KHz) 
**Core 38 Thread 09 Finished:   insts:19          cycles:4107       (16424)  seconds:5     -- 0.00 IPC (0.00 IPC) --  N/A  KHz (0.00 KHz) 
**Core 15 Thread 18 Finished:   insts:19          cycles:4108       (16428)  seconds:5     -- 0.00 IPC (0.00 IPC) --  N/A  KHz (0.00 KHz) 
**Core 01 Thread 06 Finished:   insts:19          cycles:4123       (16488)  seconds:6     -- 0.00 IPC (0.00 IPC) --  N/A  KHz (0.00 KHz) 
**Core 12 Thread 02 Finished:   insts:19          cycles:4123       (16488)  seconds:5     -- 0.00 IPC (0.00 IPC) --  N/A  KHz (0.00 KHz) 
**Core 29 Thread 10 Finished:   insts:19          cycles:4124       (16492)  seconds:5     -- 0.00 IPC (0.00 IPC) --  N/A  KHz (0.00 KHz) 
**Core 29 Core_Total  Finished:   insts:304         cycles:4124       (16492) seconds:5     -- 0.07 IPC (0.07 IPC) --  N/A  KHz (0.06 KHz)
**Core 40 Thread 07 Finished:   insts:19          cycles:4124       (16492)  seconds:5     -- 0.00 IPC (0.00 IPC) --  N/A  KHz (0.00 KHz) 
**Core 60 Thread 08 Finished:   insts:19          cycles:4125       (16496)  seconds:5     -- 0.00 IPC (0.00 IPC) --  N/A  KHz (0.00 KHz) 
**Core 74 Thread 09 Finished:   insts:19          cycles:4125       (16496)  seconds:5     -- 0.00 IPC (0.00 IPC) --  N/A  KHz (0.00 KHz) 
**Core 84 Thread 04 Finished:   insts:19          cycles:4126       (16500)  seconds:5     -- 0.00 IPC (0.00 IPC) --  N/A  KHz (0.00 KHz) 
**Core 98 Thread 00 Finished:   insts:19          cycles:4127       (16504)  seconds:5     -- 0.00 IPC (0.00 IPC) --  N/A  KHz (0.00 KHz) 
**Core 46 Thread 06 Finished:   insts:19          cycles:4128       (16508)  seconds:5     -- 0.00 IPC (0.00 IPC) --  N/A  KHz (0.00 KHz) 
**Core 00 Thread 30 Finished:   insts:19          cycles:4128       (16508)  seconds:6     -- 0.00 IPC (0.00 IPC) --  N/A  KHz (0.00 KHz) 
**Core 06 Thread 16 Finished:   insts:19          cycles:4129       (16512)  seconds:6     -- 0.00 IPC (0.00 IPC) --  N/A  KHz (0.00 KHz) 
**Core 08 Thread 13 Finished:   insts:19          cycles:4130       (16516)  seconds:5     -- 0.00 IPC (0.00 IPC) --  N/A  KHz (0.00 KHz) 
**Core 66 Thread 03 Finished:   insts:19          cycles:4131       (16520)  seconds:5     -- 0.00 IPC (0.00 IPC) --  N/A  KHz (0.00 KHz) 
**Core 78 Thread 11 Finished:   insts:19          cycles:4131       (16520)  seconds:5     -- 0.00 IPC (0.00 IPC) --  N/A  KHz (0.00 KHz) 
**Core 38 Thread 11 Finished:   insts:19          cycles:4132       (16524)  seconds:5     -- 0.00 IPC (0.00 IPC) --  N/A  KHz (0.00 KHz) 
**Core 90 Thread 14 Finished:   insts:19          cycles:4132       (16524)  seconds:5     -- 0.00 IPC (0.00 IPC) --  N/A  KHz (0.00 KHz) 
**Core 17 Thread 20 Finished:   insts:19          cycles:4133       (16528)  seconds:5     -- 0.00 IPC (0.00 IPC) --  N/A  KHz (0.00 KHz) 
**Core 60 Thread 09 Finished:   insts:19          cycles:4134       (16532)  seconds:5     -- 0.00 IPC (0.00 IPC) --  N/A  KHz (0.00 KHz) 
**Core 15 Thread 20 Finished:   insts:19          cycles:4134       (16532)  seconds:5     -- 0.00 IPC (0.00 IPC) --  N/A  KHz (0.00 KHz) 
**Core 75 Thread 11 Finished:   insts:19          cycles:4135       (16536)  seconds:5     -- 0.00 IPC (0.00 IPC) --  N/A  KHz (0.00 KHz) 
**Core 12 Thread 05 Finished:   insts:19          cycles:4137       (16544)  seconds:5     -- 0.00 IPC (0.00 IPC) --  N/A  KHz (0.00 KHz) 
**Core 98 Thread 01 Finished:   insts:19          cycles:4140       (16556)  seconds:5     -- 0.00 IPC (0.00 IPC) --  N/A  KHz (0.00 KHz) 
**Core 01 Thread 16 Finished:   insts:19          cycles:4142       (16564)  seconds:6     -- 0.00 IPC (0.00 IPC) --  N/A  KHz (0.00 KHz) 
**Core 40 Thread 08 Finished:   insts:19          cycles:4143       (16568)  seconds:5     -- 0.00 IPC (0.00 IPC) --  N/A  KHz (0.00 KHz) 
**Core 83 Thread 06 Finished:   insts:19          cycles:4144       (16572)  seconds:5     -- 0.00 IPC (0.00 IPC) --  N/A  KHz (0.00 KHz) 
**Core 06 Thread 18 Finished:   insts:19          cycles:4146       (16580)  seconds:6     -- 0.00 IPC (0.00 IPC) --  N/A  KHz (0.00 KHz) 
**Core 01 Thread 11 Finished:   insts:19          cycles:4161       (16640)  seconds:6     -- 0.00 IPC (0.00 IPC) --  N/A  KHz (0.00 KHz) 
**Core 08 Thread 14 Finished:   insts:19          cycles:4162       (16644)  seconds:5     -- 0.00 IPC (0.00 IPC) --  N/A  KHz (0.00 KHz) 
**Core 38 Thread 10 Finished:   insts:19          cycles:4162       (16644)  seconds:5     -- 0.00 IPC (0.00 IPC) --  N/A  KHz (0.00 KHz) 
**Core 38 Core_Total  Finished:   insts:304         cycles:4162       (16644) seconds:5     -- 0.07 IPC (0.07 IPC) --  N/A  KHz (0.06 KHz)
**Core 66 Thread 04 Finished:   insts:19          cycles:4163       (16648)  seconds:5     -- 0.00 IPC (0.00 IPC) --  N/A  KHz (0.00 KHz) 
**Core 50 Thread 09 Finished:   insts:19          cycles:4163       (16648)  seconds:5     -- 0.00 IPC (0.00 IPC) --  N/A  KHz (0.00 KHz) 
**Core 80 Thread 14 Finished:   insts:19          cycles:4164       (16652)  seconds:5     -- 0.00 IPC (0.00 IPC) --  N/A  KHz (0.00 KHz) 
**Core 59 Thread 07 Finished:   insts:19          cycles:4164       (16652)  seconds:5     -- 0.00 IPC (0.00 IPC) --  N/A  KHz (0.00 KHz) 
**Core 75 Thread 10 Finished:   insts:19          cycles:4165       (16656)  seconds:5     -- 0.00 IPC (0.00 IPC) --  N/A  KHz (0.00 KHz) 
**Core 75 Core_Total  Finished:   insts:304         cycles:4165       (16656) seconds:5     -- 0.07 IPC (0.07 IPC) --  N/A  KHz (0.06 KHz)
**Core 90 Thread 15 Finished:   insts:19          cycles:4165       (16656)  seconds:5     -- 0.00 IPC (0.00 IPC) --  N/A  KHz (0.00 KHz) 
**Core 99 Thread 14 Finished:   insts:19          cycles:4166       (16660)  seconds:5     -- 0.00 IPC (0.00 IPC) --  N/A  KHz (0.00 KHz) 
**Core 00 Thread 27 Finished:   insts:19          cycles:4167       (16664)  seconds:6     -- 0.00 IPC (0.00 IPC) --  N/A  KHz (0.00 KHz) 
**Core 17 Thread 21 Finished:   insts:19          cycles:4167       (16664)  seconds:5     -- 0.00 IPC (0.00 IPC) --  N/A  KHz (0.00 KHz) 
**Core 12 Thread 21 Finished:   insts:19          cycles:4168       (16668)  seconds:5     -- 0.00 IPC (0.00 IPC) --  N/A  KHz (0.00 KHz) 
**Core 40 Thread 09 Finished:   insts:19          cycles:4168       (16668)  seconds:5     -- 0.00 IPC (0.00 IPC) --  N/A  KHz (0.00 KHz) 
**Core 83 Thread 07 Finished:   insts:19          cycles:4171       (16680)  seconds:5     -- 0.00 IPC (0.00 IPC) --  N/A  KHz (0.00 KHz) 
**Core 12 Thread 06 Finished:   insts:19          cycles:4171       (16680)  seconds:5     -- 0.00 IPC (0.00 IPC) --  N/A  KHz (0.00 KHz) 
**Core 06 Thread 17 Finished:   insts:19          cycles:4172       (16684)  seconds:6     -- 0.00 IPC (0.00 IPC) --  N/A  KHz (0.00 KHz) 
**Core 01 Thread 09 Finished:   insts:19          cycles:4173       (16688)  seconds:6     -- 0.00 IPC (0.00 IPC) --  N/A  KHz (0.00 KHz) 
**Core 17 Thread 22 Finished:   insts:19          cycles:4174       (16692)  seconds:5     -- 0.00 IPC (0.00 IPC) --  N/A  KHz (0.00 KHz) 
**Core 08 Thread 15 Finished:   insts:19          cycles:4177       (16704)  seconds:5     -- 0.00 IPC (0.00 IPC) --  N/A  KHz (0.00 KHz) 
**Core 80 Thread 15 Finished:   insts:19          cycles:4178       (16708)  seconds:5     -- 0.00 IPC (0.00 IPC) --  N/A  KHz (0.00 KHz) 
**Core 50 Thread 11 Finished:   insts:19          cycles:4178       (16708)  seconds:5     -- 0.00 IPC (0.00 IPC) --  N/A  KHz (0.00 KHz) 
**Core 91 Thread 05 Finished:   insts:19          cycles:4179       (16712)  seconds:5     -- 0.00 IPC (0.00 IPC) --  N/A  KHz (0.00 KHz) 
**Core 67 Thread 06 Finished:   insts:19          cycles:4179       (16712)  seconds:5     -- 0.00 IPC (0.00 IPC) --  N/A  KHz (0.00 KHz) 
**Core 12 Thread 22 Finished:   insts:19          cycles:4180       (16716)  seconds:5     -- 0.00 IPC (0.00 IPC) --  N/A  KHz (0.00 KHz) 
**Core 39 Thread 03 Finished:   insts:19          cycles:4181       (16720)  seconds:5     -- 0.00 IPC (0.00 IPC) --  N/A  KHz (0.00 KHz) 
**Core 61 Thread 08 Finished:   insts:19          cycles:4181       (16720)  seconds:5     -- 0.00 IPC (0.00 IPC) --  N/A  KHz (0.00 KHz) 
**Core 72 Thread 11 Finished:   insts:19          cycles:4182       (16724)  seconds:5     -- 0.00 IPC (0.00 IPC) --  N/A  KHz (0.00 KHz) 
**Core 12 Thread 03 Finished:   insts:19          cycles:4183       (16728)  seconds:5     -- 0.00 IPC (0.00 IPC) --  N/A  KHz (0.00 KHz) 
**Core 95 Thread 06 Finished:   insts:19          cycles:4186       (16740)  seconds:5     -- 0.00 IPC (0.00 IPC) --  N/A  KHz (0.00 KHz) 
**Core 00 Thread 28 Finished:   insts:19          cycles:4188       (16748)  seconds:6     -- 0.00 IPC (0.00 IPC) --  N/A  KHz (0.00 KHz) 
**Core 40 Thread 11 Finished:   insts:19          cycles:4189       (16752)  seconds:5     -- 0.00 IPC (0.00 IPC) --  N/A  KHz (0.00 KHz) 
**Core 85 Thread 03 Finished:   insts:19          cycles:4190       (16756)  seconds:5     -- 0.00 IPC (0.00 IPC) --  N/A  KHz (0.00 KHz) 
**Core 04 Thread 24 Finished:   insts:19          cycles:4192       (16764)  seconds:6     -- 0.00 IPC (0.00 IPC) --  N/A  KHz (0.00 KHz) 
**Core 01 Thread 10 Finished:   insts:19          cycles:4194       (16772)  seconds:6     -- 0.00 IPC (0.00 IPC) --  N/A  KHz (0.00 KHz) 
**Core 18 Thread 21 Finished:   insts:19          cycles:4194       (16772)  seconds:5     -- 0.00 IPC (0.00 IPC) --  N/A  KHz (0.00 KHz) 
**Core 09 Thread 12 Finished:   insts:19          cycles:4198       (16788)  seconds:5     -- 0.00 IPC (0.00 IPC) --  N/A  KHz (0.00 KHz) 
**Core 46 Thread 07 Finished:   insts:19          cycles:4199       (16792)  seconds:5     -- 0.00 IPC (0.00 IPC) --  N/A  KHz (0.00 KHz) 
**Core 77 Thread 03 Finished:   insts:19          cycles:4200       (16796)  seconds:5     -- 0.00 IPC (0.00 IPC) --  N/A  KHz (0.00 KHz) 
**Core 67 Thread 07 Finished:   insts:19          cycles:4201       (16800)  seconds:5     -- 0.00 IPC (0.00 IPC) --  N/A  KHz (0.00 KHz) 
**Core 91 Thread 02 Finished:   insts:19          cycles:4201       (16800)  seconds:5     -- 0.00 IPC (0.00 IPC) --  N/A  KHz (0.00 KHz) 
**Core 12 Thread 19 Finished:   insts:19          cycles:4202       (16804)  seconds:5     -- 0.00 IPC (0.00 IPC) --  N/A  KHz (0.00 KHz) 
**Core 39 Thread 04 Finished:   insts:19          cycles:4203       (16808)  seconds:5     -- 0.00 IPC (0.00 IPC) --  N/A  KHz (0.00 KHz) 
**Core 61 Thread 09 Finished:   insts:19          cycles:4205       (16816)  seconds:5     -- 0.00 IPC (0.00 IPC) --  N/A  KHz (0.00 KHz) 
**Core 72 Thread 10 Finished:   insts:19          cycles:4205       (16816)  seconds:5     -- 0.00 IPC (0.00 IPC) --  N/A  KHz (0.00 KHz) 
**Core 72 Core_Total  Finished:   insts:304         cycles:4205       (16816) seconds:5     -- 0.07 IPC (0.07 IPC) --  N/A  KHz (0.06 KHz)
**Core 12 Thread 00 Finished:   insts:19          cycles:4208       (16828)  seconds:5     -- 0.00 IPC (0.00 IPC) --  N/A  KHz (0.00 KHz) 
**Core 99 Thread 15 Finished:   insts:19          cycles:4211       (16840)  seconds:5     -- 0.00 IPC (0.00 IPC) --  N/A  KHz (0.00 KHz) 
**Core 00 Thread 29 Finished:   insts:19          cycles:4213       (16848)  seconds:6     -- 0.00 IPC (0.00 IPC) --  N/A  KHz (0.00 KHz) 
**Core 40 Thread 10 Finished:   insts:19          cycles:4214       (16852)  seconds:5     -- 0.00 IPC (0.00 IPC) --  N/A  KHz (0.00 KHz) 
**Core 40 Core_Total  Finished:   insts:304         cycles:4214       (16852) seconds:5     -- 0.07 IPC (0.07 IPC) --  N/A  KHz (0.06 KHz)
**Core 85 Thread 04 Finished:   insts:19          cycles:4215       (16856)  seconds:5     -- 0.00 IPC (0.00 IPC) --  N/A  KHz (0.00 KHz) 
**Core 10 Thread 16 Finished:   insts:19          cycles:4217       (16864)  seconds:5     -- 0.00 IPC (0.00 IPC) --  N/A  KHz (0.00 KHz) 
**Core 18 Thread 22 Finished:   insts:19          cycles:4219       (16872)  seconds:5     -- 0.00 IPC (0.00 IPC) --  N/A  KHz (0.00 KHz) 
**Core 02 Thread 14 Finished:   insts:19          cycles:4219       (16872)  seconds:6     -- 0.00 IPC (0.00 IPC) --  N/A  KHz (0.00 KHz) 
**Core 09 Thread 15 Finished:   insts:19          cycles:4223       (16888)  seconds:5     -- 0.00 IPC (0.00 IPC) --  N/A  KHz (0.00 KHz) 
**Core 46 Thread 08 Finished:   insts:19          cycles:4224       (16892)  seconds:5     -- 0.00 IPC (0.00 IPC) --  N/A  KHz (0.00 KHz) 
**Core 78 Thread 10 Finished:   insts:19          cycles:4225       (16896)  seconds:5     -- 0.00 IPC (0.00 IPC) --  N/A  KHz (0.00 KHz) 
**Core 78 Core_Total  Finished:   insts:304         cycles:4225       (16896) seconds:5     -- 0.07 IPC (0.07 IPC) --  N/A  KHz (0.06 KHz)
**Core 68 Thread 06 Finished:   insts:19          cycles:4226       (16900)  seconds:5     -- 0.00 IPC (0.00 IPC) --  N/A  KHz (0.00 KHz) 
**Core 88 Thread 05 Finished:   insts:19          cycles:4226       (16900)  seconds:5     -- 0.00 IPC (0.00 IPC) --  N/A  KHz (0.00 KHz) 
**Core 04 Thread 30 Finished:   insts:19          cycles:4227       (16904)  seconds:6     -- 0.00 IPC (0.00 IPC) --  N/A  KHz (0.00 KHz) 
**Core 39 Thread 06 Finished:   insts:19          cycles:4228       (16908)  seconds:5     -- 0.00 IPC (0.00 IPC) --  N/A  KHz (0.00 KHz) 
**Core 13 Thread 21 Finished:   insts:19          cycles:4228       (16908)  seconds:5     -- 0.00 IPC (0.00 IPC) --  N/A  KHz (0.00 KHz) 
**Core 60 Thread 11 Finished:   insts:19          cycles:4231       (16920)  seconds:5     -- 0.00 IPC (0.00 IPC) --  N/A  KHz (0.00 KHz) 
**Core 73 Thread 11 Finished:   insts:19          cycles:4231       (16920)  seconds:5     -- 0.00 IPC (0.00 IPC) --  N/A  KHz (0.00 KHz) 
**Core 12 Thread 10 Finished:   insts:19          cycles:4233       (16928)  seconds:5     -- 0.00 IPC (0.00 IPC) --  N/A  KHz (0.00 KHz) 
**Core 96 Thread 14 Finished:   insts:19          cycles:4236       (16940)  seconds:5     -- 0.00 IPC (0.00 IPC) --  N/A  KHz (0.00 KHz) 
**Core 01 Thread 17 Finished:   insts:19          cycles:4238       (16948)  seconds:6     -- 0.00 IPC (0.00 IPC) --  N/A  KHz (0.00 KHz) 
**Core 41 Thread 06 Finished:   insts:19          cycles:4239       (16952)  seconds:5     -- 0.00 IPC (0.00 IPC) --  N/A  KHz (0.00 KHz) 
**Core 82 Thread 06 Finished:   insts:19          cycles:4240       (16956)  seconds:5     -- 0.00 IPC (0.00 IPC) --  N/A  KHz (0.00 KHz) 
**Core 10 Thread 17 Finished:   insts:19          cycles:4242       (16964)  seconds:5     -- 0.00 IPC (0.00 IPC) --  N/A  KHz (0.00 KHz) 
**Core 02 Thread 15 Finished:   insts:19          cycles:4244       (16972)  seconds:6     -- 0.00 IPC (0.00 IPC) --  N/A  KHz (0.00 KHz) 
**Core 19 Thread 21 Finished:   insts:19          cycles:4244       (16972)  seconds:5     -- 0.00 IPC (0.00 IPC) --  N/A  KHz (0.00 KHz) 
**Core 104 Thread 03 Finished:   insts:19          cycles:4248       (16988)  seconds:5     -- 0.00 IPC (0.00 IPC) --  N/A  KHz (0.00 KHz) 
**Core 09 Thread 13 Finished:   insts:19          cycles:4248       (16988)  seconds:5     -- 0.00 IPC (0.00 IPC) --  N/A  KHz (0.00 KHz) 
**Core 50 Thread 10 Finished:   insts:19          cycles:4249       (16992)  seconds:5     -- 0.00 IPC (0.00 IPC) --  N/A  KHz (0.00 KHz) 
**Core 50 Core_Total  Finished:   insts:304         cycles:4249       (16992) seconds:5     -- 0.07 IPC (0.07 IPC) --  N/A  KHz (0.06 KHz)
**Core 81 Thread 14 Finished:   insts:19          cycles:4250       (16996)  seconds:5     -- 0.00 IPC (0.00 IPC) --  N/A  KHz (0.00 KHz) 
**Core 68 Thread 07 Finished:   insts:19          cycles:4251       (17000)  seconds:5     -- 0.00 IPC (0.00 IPC) --  N/A  KHz (0.00 KHz) 
**Core 88 Thread 02 Finished:   insts:19          cycles:4251       (17000)  seconds:5     -- 0.00 IPC (0.00 IPC) --  N/A  KHz (0.00 KHz) 
**Core 04 Thread 27 Finished:   insts:19          cycles:4252       (17004)  seconds:6     -- 0.00 IPC (0.00 IPC) --  N/A  KHz (0.00 KHz) 
**Core 39 Thread 07 Finished:   insts:19          cycles:4253       (17008)  seconds:5     -- 0.00 IPC (0.00 IPC) --  N/A  KHz (0.00 KHz) 
**Core 13 Thread 22 Finished:   insts:19          cycles:4254       (17012)  seconds:5     -- 0.00 IPC (0.00 IPC) --  N/A  KHz (0.00 KHz) 
**Core 60 Thread 10 Finished:   insts:19          cycles:4255       (17016)  seconds:5     -- 0.00 IPC (0.00 IPC) --  N/A  KHz (0.00 KHz) 
**Core 60 Core_Total  Finished:   insts:304         cycles:4255       (17016) seconds:5     -- 0.07 IPC (0.07 IPC) --  N/A  KHz (0.06 KHz)
**Core 73 Thread 10 Finished:   insts:19          cycles:4256       (17020)  seconds:5     -- 0.00 IPC (0.00 IPC) --  N/A  KHz (0.00 KHz) 
**Core 73 Core_Total  Finished:   insts:304         cycles:4256       (17020) seconds:5     -- 0.07 IPC (0.07 IPC) --  N/A  KHz (0.06 KHz)
**Core 12 Thread 07 Finished:   insts:19          cycles:4258       (17028)  seconds:5     -- 0.00 IPC (0.00 IPC) --  N/A  KHz (0.00 KHz) 
**Core 96 Thread 15 Finished:   insts:19          cycles:4261       (17040)  seconds:5     -- 0.00 IPC (0.00 IPC) --  N/A  KHz (0.00 KHz) 
**Core 106 Thread 00 Finished:   insts:19          cycles:4263       (17048)  seconds:5     -- 0.00 IPC (0.00 IPC) --  N/A  KHz (0.00 KHz) 
**Core 41 Thread 07 Finished:   insts:19          cycles:4264       (17052)  seconds:5     -- 0.00 IPC (0.00 IPC) --  N/A  KHz (0.00 KHz) 
**Core 86 Thread 03 Finished:   insts:19          cycles:4265       (17056)  seconds:5     -- 0.00 IPC (0.00 IPC) --  N/A  KHz (0.00 KHz) 
**Core 10 Thread 20 Finished:   insts:19          cycles:4267       (17064)  seconds:5     -- 0.00 IPC (0.00 IPC) --  N/A  KHz (0.00 KHz) 
**Core 02 Thread 12 Finished:   insts:19          cycles:4269       (17072)  seconds:6     -- 0.00 IPC (0.00 IPC) --  N/A  KHz (0.00 KHz) 
**Core 19 Thread 22 Finished:   insts:19          cycles:4269       (17072)  seconds:5     -- 0.00 IPC (0.00 IPC) --  N/A  KHz (0.00 KHz) 
**Core 09 Thread 14 Finished:   insts:19          cycles:4274       (17092)  seconds:5     -- 0.00 IPC (0.00 IPC) --  N/A  KHz (0.00 KHz) 
**Core 46 Thread 09 Finished:   insts:19          cycles:4274       (17092)  seconds:5     -- 0.00 IPC (0.00 IPC) --  N/A  KHz (0.00 KHz) 
**Core 77 Thread 04 Finished:   insts:19          cycles:4275       (17096)  seconds:5     -- 0.00 IPC (0.00 IPC) --  N/A  KHz (0.00 KHz) 
**Core 69 Thread 06 Finished:   insts:19          cycles:4276       (17100)  seconds:5     -- 0.00 IPC (0.00 IPC) --  N/A  KHz (0.00 KHz) 
**Core 89 Thread 05 Finished:   insts:19          cycles:4276       (17100)  seconds:5     -- 0.00 IPC (0.00 IPC) --  N/A  KHz (0.00 KHz) 
**Core 04 Thread 28 Finished:   insts:19          cycles:4277       (17104)  seconds:6     -- 0.00 IPC (0.00 IPC) --  N/A  KHz (0.00 KHz) 
**Core 39 Thread 08 Finished:   insts:19          cycles:4278       (17108)  seconds:5     -- 0.00 IPC (0.00 IPC) --  N/A  KHz (0.00 KHz) 
**Core 12 Thread 25 Finished:   insts:19          cycles:4279       (17112)  seconds:5     -- 0.00 IPC (0.00 IPC) --  N/A  KHz (0.00 KHz) 
**Core 62 Thread 08 Finished:   insts:19          cycles:4280       (17116)  seconds:5     -- 0.00 IPC (0.00 IPC) --  N/A  KHz (0.00 KHz) 
**Core 74 Thread 11 Finished:   insts:19          cycles:4281       (17120)  seconds:5     -- 0.00 IPC (0.00 IPC) --  N/A  KHz (0.00 KHz) 
**Core 104 Thread 04 Finished:   insts:19          cycles:4281       (17120)  seconds:5     -- 0.00 IPC (0.00 IPC) --  N/A  KHz (0.00 KHz) 
**Core 12 Thread 04 Finished:   insts:19          cycles:4283       (17128)  seconds:5     -- 0.00 IPC (0.00 IPC) --  N/A  KHz (0.00 KHz) 
**Core 95 Thread 07 Finished:   insts:19          cycles:4286       (17140)  seconds:5     -- 0.00 IPC (0.00 IPC) --  N/A  KHz (0.00 KHz) 
**Core 41 Thread 08 Finished:   insts:19          cycles:4289       (17152)  seconds:5     -- 0.00 IPC (0.00 IPC) --  N/A  KHz (0.00 KHz) 
**Core 82 Thread 07 Finished:   insts:19          cycles:4290       (17156)  seconds:5     -- 0.00 IPC (0.00 IPC) --  N/A  KHz (0.00 KHz) 
**Core 106 Thread 01 Finished:   insts:19          cycles:4291       (17160)  seconds:5     -- 0.00 IPC (0.00 IPC) --  N/A  KHz (0.00 KHz) 
**Core 10 Thread 18 Finished:   insts:19          cycles:4292       (17164)  seconds:5     -- 0.00 IPC (0.00 IPC) --  N/A  KHz (0.00 KHz) 
**Core 02 Thread 13 Finished:   insts:19          cycles:4294       (17172)  seconds:6     -- 0.00 IPC (0.00 IPC) --  N/A  KHz (0.00 KHz) 
**Core 18 Thread 19 Finished:   insts:19          cycles:4294       (17172)  seconds:5     -- 0.00 IPC (0.00 IPC) --  N/A  KHz (0.00 KHz) 
**Core 08 Thread 00 Finished:   insts:19          cycles:4298       (17188)  seconds:5     -- 0.00 IPC (0.00 IPC) --  N/A  KHz (0.00 KHz) 
**Core 51 Thread 11 Finished:   insts:19          cycles:4299       (17192)  seconds:5     -- 0.00 IPC (0.00 IPC) --  N/A  KHz (0.00 KHz) 
**Core 81 Thread 15 Finished:   insts:19          cycles:4300       (17196)  seconds:5     -- 0.00 IPC (0.00 IPC) --  N/A  KHz (0.00 KHz) 
**Core 92 Thread 05 Finished:   insts:19          cycles:4301       (17200)  seconds:5     -- 0.00 IPC (0.00 IPC) --  N/A  KHz (0.00 KHz) 
**Core 69 Thread 07 Finished:   insts:19          cycles:4301       (17200)  seconds:5     -- 0.00 IPC (0.00 IPC) --  N/A  KHz (0.00 KHz) 
**Core 06 Thread 20 Finished:   insts:19          cycles:4302       (17204)  seconds:6     -- 0.00 IPC (0.00 IPC) --  N/A  KHz (0.00 KHz) 
**Core 12 Thread 26 Finished:   insts:19          cycles:4302       (17204)  seconds:5     -- 0.00 IPC (0.00 IPC) --  N/A  KHz (0.00 KHz) 
**Core 39 Thread 09 Finished:   insts:19          cycles:4303       (17208)  seconds:5     -- 0.00 IPC (0.00 IPC) --  N/A  KHz (0.00 KHz) 
**Core 62 Thread 09 Finished:   insts:19          cycles:4307       (17224)  seconds:5     -- 0.00 IPC (0.00 IPC) --  N/A  KHz (0.00 KHz) 
**Core 74 Thread 10 Finished:   insts:19          cycles:4307       (17224)  seconds:5     -- 0.00 IPC (0.00 IPC) --  N/A  KHz (0.00 KHz) 
**Core 74 Core_Total  Finished:   insts:304         cycles:4307       (17224) seconds:5     -- 0.07 IPC (0.07 IPC) --  N/A  KHz (0.06 KHz)
**Core 105 Thread 03 Finished:   insts:19          cycles:4308       (17228)  seconds:5     -- 0.00 IPC (0.00 IPC) --  N/A  KHz (0.00 KHz) 
**Core 12 Thread 09 Finished:   insts:19          cycles:4309       (17232)  seconds:5     -- 0.00 IPC (0.00 IPC) --  N/A  KHz (0.00 KHz) 
**Core 97 Thread 14 Finished:   insts:19          cycles:4311       (17240)  seconds:5     -- 0.00 IPC (0.00 IPC) --  N/A  KHz (0.00 KHz) 
**Core 41 Thread 09 Finished:   insts:19          cycles:4314       (17252)  seconds:5     -- 0.00 IPC (0.00 IPC) --  N/A  KHz (0.00 KHz) 
**Core 107 Thread 14 Finished:   insts:19          cycles:4315       (17256)  seconds:4     -- 0.00 IPC (0.00 IPC) --  N/A  KHz (0.00 KHz) 
**Core 83 Thread 08 Finished:   insts:19          cycles:4315       (17256)  seconds:5     -- 0.00 IPC (0.00 IPC) --  N/A  KHz (0.00 KHz) 
**Core 10 Thread 21 Finished:   insts:19          cycles:4317       (17264)  seconds:5     -- 0.00 IPC (0.00 IPC) --  N/A  KHz (0.00 KHz) 
**Core 02 Thread 00 Finished:   insts:19          cycles:4319       (17272)  seconds:6     -- 0.00 IPC (0.00 IPC) --  N/A  KHz (0.00 KHz) 
**Core 18 Thread 25 Finished:   insts:19          cycles:4319       (17272)  seconds:5     -- 0.00 IPC (0.00 IPC) --  N/A  KHz (0.00 KHz) 
**Core 46 Thread 11 Finished:   insts:19          cycles:4324       (17292)  seconds:5     -- 0.00 IPC (0.00 IPC) --  N/A  KHz (0.00 KHz) 
**Core 80 Thread 05 Finished:   insts:19          cycles:4325       (17296)  seconds:5     -- 0.00 IPC (0.00 IPC) --  N/A  KHz (0.00 KHz) 
**Core 66 Thread 06 Finished:   insts:19          cycles:4326       (17300)  seconds:5     -- 0.00 IPC (0.00 IPC) --  N/A  KHz (0.00 KHz) 
**Core 92 Thread 02 Finished:   insts:19          cycles:4326       (17300)  seconds:5     -- 0.00 IPC (0.00 IPC) --  N/A  KHz (0.00 KHz) 
**Core 12 Thread 23 Finished:   insts:19          cycles:4327       (17304)  seconds:5     -- 0.00 IPC (0.00 IPC) --  N/A  KHz (0.00 KHz) 
**Core 06 Thread 21 Finished:   insts:19          cycles:4327       (17304)  seconds:6     -- 0.00 IPC (0.00 IPC) --  N/A  KHz (0.00 KHz) 
**Core 39 Thread 11 Finished:   insts:19          cycles:4328       (17308)  seconds:5     -- 0.00 IPC (0.00 IPC) --  N/A  KHz (0.00 KHz) 
**Core 08 Thread 01 Finished:   insts:19          cycles:4329       (17312)  seconds:5     -- 0.00 IPC (0.00 IPC) --  N/A  KHz (0.00 KHz) 
**Core 61 Thread 11 Finished:   insts:19          cycles:4330       (17316)  seconds:5     -- 0.00 IPC (0.00 IPC) --  N/A  KHz (0.00 KHz) 
**Core 105 Thread 04 Finished:   insts:19          cycles:4331       (17320)  seconds:5     -- 0.00 IPC (0.00 IPC) --  N/A  KHz (0.00 KHz) 
**Core 97 Thread 15 Finished:   insts:19          cycles:4336       (17340)  seconds:5     -- 0.00 IPC (0.00 IPC) --  N/A  KHz (0.00 KHz) 
**Core 41 Thread 11 Finished:   insts:19          cycles:4339       (17352)  seconds:5     -- 0.00 IPC (0.00 IPC) --  N/A  KHz (0.00 KHz) 
**Core 12 Thread 11 Finished:   insts:19          cycles:4339       (17352)  seconds:5     -- 0.00 IPC (0.00 IPC) --  N/A  KHz (0.00 KHz) 
**Core 86 Thread 04 Finished:   insts:19          cycles:4340       (17356)  seconds:5     -- 0.00 IPC (0.00 IPC) --  N/A  KHz (0.00 KHz) 
**Core 107 Thread 15 Finished:   insts:19          cycles:4340       (17356)  seconds:4     -- 0.00 IPC (0.00 IPC) --  N/A  KHz (0.00 KHz) 
**Core 10 Thread 22 Finished:   insts:19          cycles:4342       (17364)  seconds:5     -- 0.00 IPC (0.00 IPC) --  N/A  KHz (0.00 KHz) 
**Core 02 Thread 01 Finished:   insts:19          cycles:4344       (17372)  seconds:6     -- 0.00 IPC (0.00 IPC) --  N/A  KHz (0.00 KHz) 
**Core 16 Thread 21 Finished:   insts:19          cycles:4344       (17372)  seconds:5     -- 0.00 IPC (0.00 IPC) --  N/A  KHz (0.00 KHz) 
**Core 51 Thread 10 Finished:   insts:19          cycles:4349       (17392)  seconds:5     -- 0.00 IPC (0.00 IPC) --  N/A  KHz (0.00 KHz) 
**Core 51 Core_Total  Finished:   insts:304         cycles:4349       (17392) seconds:5     -- 0.07 IPC (0.07 IPC) --  N/A  KHz (0.06 KHz)
**Core 80 Thread 02 Finished:   insts:19          cycles:4350       (17396)  seconds:5     -- 0.00 IPC (0.00 IPC) --  N/A  KHz (0.00 KHz) 
**Core 66 Thread 07 Finished:   insts:19          cycles:4351       (17400)  seconds:5     -- 0.00 IPC (0.00 IPC) --  N/A  KHz (0.00 KHz) 
**Core 93 Thread 05 Finished:   insts:19          cycles:4351       (17400)  seconds:5     -- 0.00 IPC (0.00 IPC) --  N/A  KHz (0.00 KHz) 
**Core 04 Thread 29 Finished:   insts:19          cycles:4352       (17404)  seconds:6     -- 0.00 IPC (0.00 IPC) --  N/A  KHz (0.00 KHz) 
**Core 12 Thread 30 Finished:   insts:19          cycles:4352       (17404)  seconds:5     -- 0.00 IPC (0.00 IPC) --  N/A  KHz (0.00 KHz) 
**Core 39 Thread 10 Finished:   insts:19          cycles:4353       (17408)  seconds:5     -- 0.00 IPC (0.00 IPC) --  N/A  KHz (0.00 KHz) 
**Core 39 Core_Total  Finished:   insts:304         cycles:4353       (17408) seconds:5     -- 0.07 IPC (0.07 IPC) --  N/A  KHz (0.06 KHz)
**Core 08 Thread 02 Finished:   insts:19          cycles:4354       (17412)  seconds:5     -- 0.00 IPC (0.00 IPC) --  N/A  KHz (0.00 KHz) 
**Core 58 Thread 06 Finished:   insts:19          cycles:4355       (17416)  seconds:5     -- 0.00 IPC (0.00 IPC) --  N/A  KHz (0.00 KHz) 
**Core 98 Thread 15 Finished:   insts:19          cycles:4361       (17440)  seconds:5     -- 0.00 IPC (0.00 IPC) --  N/A  KHz (0.00 KHz) 
**Core 12 Thread 08 Finished:   insts:19          cycles:4364       (17452)  seconds:5     -- 0.00 IPC (0.00 IPC) --  N/A  KHz (0.00 KHz) 
**Core 41 Thread 10 Finished:   insts:19          cycles:4364       (17452)  seconds:5     -- 0.00 IPC (0.00 IPC) --  N/A  KHz (0.00 KHz) 
**Core 41 Core_Total  Finished:   insts:304         cycles:4364       (17452) seconds:5     -- 0.07 IPC (0.07 IPC) --  N/A  KHz (0.06 KHz)
**Core 83 Thread 09 Finished:   insts:19          cycles:4365       (17456)  seconds:5     -- 0.00 IPC (0.00 IPC) --  N/A  KHz (0.00 KHz) 
**Core 00 Thread 31 Finished:   insts:19          cycles:4365       (17456)  seconds:6     -- 0.00 IPC (0.00 IPC) --  N/A  KHz (0.00 KHz) 
**Core 00 Core_Total  Finished:   insts:608         cycles:4365       (17456) seconds:6     -- 0.14 IPC (0.14 IPC) --  N/A  KHz (0.10 KHz)
**Core 10 Thread 19 Finished:   insts:19          cycles:4367       (17464)  seconds:5     -- 0.00 IPC (0.00 IPC) --  N/A  KHz (0.00 KHz) 
**Core 02 Thread 02 Finished:   insts:19          cycles:4369       (17472)  seconds:6     -- 0.00 IPC (0.00 IPC) --  N/A  KHz (0.00 KHz) 
**Core 16 Thread 22 Finished:   insts:19          cycles:4369       (17472)  seconds:5     -- 0.00 IPC (0.00 IPC) --  N/A  KHz (0.00 KHz) 
**Core 16 Thread 01 Finished:   insts:19          cycles:4371       (17480)  seconds:5     -- 0.00 IPC (0.00 IPC) --  N/A  KHz (0.00 KHz) 
**Core 46 Thread 10 Finished:   insts:19          cycles:4374       (17492)  seconds:5     -- 0.00 IPC (0.00 IPC) --  N/A  KHz (0.00 KHz) 
**Core 46 Core_Total  Finished:   insts:304         cycles:4374       (17492) seconds:5     -- 0.07 IPC (0.07 IPC) --  N/A  KHz (0.06 KHz)
**Core 81 Thread 05 Finished:   insts:19          cycles:4375       (17496)  seconds:5     -- 0.00 IPC (0.00 IPC) --  N/A  KHz (0.00 KHz) 
**Core 06 Thread 22 Finished:   insts:19          cycles:4376       (17500)  seconds:6     -- 0.00 IPC (0.00 IPC) --  N/A  KHz (0.00 KHz) 
**Core 12 Thread 24 Finished:   insts:19          cycles:4376       (17500)  seconds:5     -- 0.00 IPC (0.00 IPC) --  N/A  KHz (0.00 KHz) 
**Core 67 Thread 08 Finished:   insts:19          cycles:4379       (17512)  seconds:5     -- 0.00 IPC (0.00 IPC) --  N/A  KHz (0.00 KHz) 
**Core 93 Thread 02 Finished:   insts:19          cycles:4379       (17512)  seconds:5     -- 0.00 IPC (0.00 IPC) --  N/A  KHz (0.00 KHz) 
**Core 61 Thread 10 Finished:   insts:19          cycles:4380       (17516)  seconds:5     -- 0.00 IPC (0.00 IPC) --  N/A  KHz (0.00 KHz) 
**Core 61 Core_Total  Finished:   insts:304         cycles:4380       (17516) seconds:5     -- 0.07 IPC (0.07 IPC) --  N/A  KHz (0.06 KHz)
**Core 08 Thread 04 Finished:   insts:19          cycles:4380       (17516)  seconds:5     -- 0.00 IPC (0.00 IPC) --  N/A  KHz (0.00 KHz) 
**Core 98 Thread 14 Finished:   insts:19          cycles:4386       (17540)  seconds:5     -- 0.00 IPC (0.00 IPC) --  N/A  KHz (0.00 KHz) 
**Core 87 Thread 06 Finished:   insts:19          cycles:4390       (17556)  seconds:5     -- 0.00 IPC (0.00 IPC) --  N/A  KHz (0.00 KHz) 
**Core 10 Thread 14 Finished:   insts:19          cycles:4390       (17556)  seconds:5     -- 0.00 IPC (0.00 IPC) --  N/A  KHz (0.00 KHz) 
**Core 01 Thread 18 Finished:   insts:19          cycles:4392       (17564)  seconds:6     -- 0.00 IPC (0.00 IPC) --  N/A  KHz (0.00 KHz) 
**Core 10 Thread 23 Finished:   insts:19          cycles:4392       (17564)  seconds:5     -- 0.00 IPC (0.00 IPC) --  N/A  KHz (0.00 KHz) 
**Core 02 Thread 05 Finished:   insts:19          cycles:4394       (17572)  seconds:6     -- 0.00 IPC (0.00 IPC) --  N/A  KHz (0.00 KHz) 
**Core 17 Thread 19 Finished:   insts:19          cycles:4394       (17572)  seconds:5     -- 0.00 IPC (0.00 IPC) --  N/A  KHz (0.00 KHz) 
**Core 16 Thread 00 Finished:   insts:19          cycles:4395       (17576)  seconds:5     -- 0.00 IPC (0.00 IPC) --  N/A  KHz (0.00 KHz) 
**Core 47 Thread 08 Finished:   insts:19          cycles:4399       (17592)  seconds:5     -- 0.00 IPC (0.00 IPC) --  N/A  KHz (0.00 KHz) 
**Core 81 Thread 02 Finished:   insts:19          cycles:4400       (17596)  seconds:5     -- 0.00 IPC (0.00 IPC) --  N/A  KHz (0.00 KHz) 
**Core 89 Thread 02 Finished:   insts:19          cycles:4401       (17600)  seconds:5     -- 0.00 IPC (0.00 IPC) --  N/A  KHz (0.00 KHz) 
**Core 67 Thread 09 Finished:   insts:19          cycles:4401       (17600)  seconds:5     -- 0.00 IPC (0.00 IPC) --  N/A  KHz (0.00 KHz) 
**Core 06 Thread 19 Finished:   insts:19          cycles:4402       (17604)  seconds:6     -- 0.00 IPC (0.00 IPC) --  N/A  KHz (0.00 KHz) 
**Core 12 Thread 27 Finished:   insts:19          cycles:4402       (17604)  seconds:5     -- 0.00 IPC (0.00 IPC) --  N/A  KHz (0.00 KHz) 
**Core 08 Thread 05 Finished:   insts:19          cycles:4404       (17612)  seconds:5     -- 0.00 IPC (0.00 IPC) --  N/A  KHz (0.00 KHz) 
**Core 58 Thread 07 Finished:   insts:19          cycles:4405       (17616)  seconds:5     -- 0.00 IPC (0.00 IPC) --  N/A  KHz (0.00 KHz) 
**Core 99 Thread 05 Finished:   insts:19          cycles:4411       (17640)  seconds:5     -- 0.00 IPC (0.00 IPC) --  N/A  KHz (0.00 KHz) 
**Core 10 Thread 12 Finished:   insts:19          cycles:4414       (17652)  seconds:5     -- 0.00 IPC (0.00 IPC) --  N/A  KHz (0.00 KHz) 
**Core 01 Thread 20 Finished:   insts:19          cycles:4415       (17656)  seconds:6     -- 0.00 IPC (0.00 IPC) --  N/A  KHz (0.00 KHz) 
**Core 87 Thread 07 Finished:   insts:19          cycles:4415       (17656)  seconds:5     -- 0.00 IPC (0.00 IPC) --  N/A  KHz (0.00 KHz) 
**Core 10 Thread 25 Finished:   insts:19          cycles:4417       (17664)  seconds:5     -- 0.00 IPC (0.00 IPC) --  N/A  KHz (0.00 KHz) 
**Core 02 Thread 06 Finished:   insts:19          cycles:4419       (17672)  seconds:6     -- 0.00 IPC (0.00 IPC) --  N/A  KHz (0.00 KHz) 
**Core 17 Thread 25 Finished:   insts:19          cycles:4419       (17672)  seconds:5     -- 0.00 IPC (0.00 IPC) --  N/A  KHz (0.00 KHz) 
**Core 16 Thread 03 Finished:   insts:19          cycles:4420       (17676)  seconds:5     -- 0.00 IPC (0.00 IPC) --  N/A  KHz (0.00 KHz) 
**Core 47 Thread 09 Finished:   insts:19          cycles:4424       (17692)  seconds:5     -- 0.00 IPC (0.00 IPC) --  N/A  KHz (0.00 KHz) 
**Core 80 Thread 03 Finished:   insts:19          cycles:4425       (17696)  seconds:5     -- 0.00 IPC (0.00 IPC) --  N/A  KHz (0.00 KHz) 
**Core 68 Thread 08 Finished:   insts:19          cycles:4426       (17700)  seconds:5     -- 0.00 IPC (0.00 IPC) --  N/A  KHz (0.00 KHz) 
**Core 90 Thread 05 Finished:   insts:19          cycles:4426       (17700)  seconds:5     -- 0.00 IPC (0.00 IPC) --  N/A  KHz (0.00 KHz) 
**Core 06 Thread 25 Finished:   insts:19          cycles:4427       (17704)  seconds:6     -- 0.00 IPC (0.00 IPC) --  N/A  KHz (0.00 KHz) 
**Core 12 Thread 28 Finished:   insts:19          cycles:4427       (17704)  seconds:5     -- 0.00 IPC (0.00 IPC) --  N/A  KHz (0.00 KHz) 
**Core 08 Thread 06 Finished:   insts:19          cycles:4429       (17712)  seconds:5     -- 0.00 IPC (0.00 IPC) --  N/A  KHz (0.00 KHz) 
**Core 62 Thread 11 Finished:   insts:19          cycles:4430       (17716)  seconds:5     -- 0.00 IPC (0.00 IPC) --  N/A  KHz (0.00 KHz) 
**Core 94 Thread 06 Finished:   insts:19          cycles:4436       (17740)  seconds:5     -- 0.00 IPC (0.00 IPC) --  N/A  KHz (0.00 KHz) 
**Core 10 Thread 13 Finished:   insts:19          cycles:4439       (17752)  seconds:5     -- 0.00 IPC (0.00 IPC) --  N/A  KHz (0.00 KHz) 
**Core 84 Thread 06 Finished:   insts:19          cycles:4440       (17756)  seconds:5     -- 0.00 IPC (0.00 IPC) --  N/A  KHz (0.00 KHz) 
**Core 01 Thread 21 Finished:   insts:19          cycles:4440       (17756)  seconds:6     -- 0.00 IPC (0.00 IPC) --  N/A  KHz (0.00 KHz) 
**Core 10 Thread 24 Finished:   insts:19          cycles:4442       (17764)  seconds:5     -- 0.00 IPC (0.00 IPC) --  N/A  KHz (0.00 KHz) 
**Core 16 Thread 19 Finished:   insts:19          cycles:4444       (17772)  seconds:5     -- 0.00 IPC (0.00 IPC) --  N/A  KHz (0.00 KHz) 
**Core 02 Thread 03 Finished:   insts:19          cycles:4444       (17772)  seconds:6     -- 0.00 IPC (0.00 IPC) --  N/A  KHz (0.00 KHz) 
**Core 16 Thread 04 Finished:   insts:19          cycles:4445       (17776)  seconds:5     -- 0.00 IPC (0.00 IPC) --  N/A  KHz (0.00 KHz) 
**Core 47 Thread 11 Finished:   insts:19          cycles:4449       (17792)  seconds:5     -- 0.00 IPC (0.00 IPC) --  N/A  KHz (0.00 KHz) 
**Core 80 Thread 04 Finished:   insts:19          cycles:4450       (17796)  seconds:5     -- 0.00 IPC (0.00 IPC) --  N/A  KHz (0.00 KHz) 
**Core 68 Thread 09 Finished:   insts:19          cycles:4451       (17800)  seconds:5     -- 0.00 IPC (0.00 IPC) --  N/A  KHz (0.00 KHz) 
**Core 90 Thread 02 Finished:   insts:19          cycles:4451       (17800)  seconds:5     -- 0.00 IPC (0.00 IPC) --  N/A  KHz (0.00 KHz) 
**Core 06 Thread 26 Finished:   insts:19          cycles:4452       (17804)  seconds:6     -- 0.00 IPC (0.00 IPC) --  N/A  KHz (0.00 KHz) 
**Core 12 Thread 29 Finished:   insts:19          cycles:4452       (17804)  seconds:5     -- 0.00 IPC (0.00 IPC) --  N/A  KHz (0.00 KHz) 
**Core 62 Thread 10 Finished:   insts:19          cycles:4455       (17816)  seconds:5     -- 0.00 IPC (0.00 IPC) --  N/A  KHz (0.00 KHz) 
**Core 62 Core_Total  Finished:   insts:304         cycles:4455       (17816) seconds:5     -- 0.07 IPC (0.07 IPC) --  N/A  KHz (0.06 KHz)
**Core 08 Thread 03 Finished:   insts:19          cycles:4455       (17816)  seconds:5     -- 0.00 IPC (0.00 IPC) --  N/A  KHz (0.00 KHz) 
**Core 99 Thread 02 Finished:   insts:19          cycles:4461       (17840)  seconds:5     -- 0.00 IPC (0.00 IPC) --  N/A  KHz (0.00 KHz) 
**Core 10 Thread 15 Finished:   insts:19          cycles:4464       (17852)  seconds:5     -- 0.00 IPC (0.00 IPC) --  N/A  KHz (0.00 KHz) 
**Core 84 Thread 07 Finished:   insts:19          cycles:4465       (17856)  seconds:5     -- 0.00 IPC (0.00 IPC) --  N/A  KHz (0.00 KHz) 
**Core 01 Thread 22 Finished:   insts:19          cycles:4465       (17856)  seconds:6     -- 0.00 IPC (0.00 IPC) --  N/A  KHz (0.00 KHz) 
**Core 10 Thread 26 Finished:   insts:19          cycles:4467       (17864)  seconds:5     -- 0.00 IPC (0.00 IPC) --  N/A  KHz (0.00 KHz) 
**Core 02 Thread 04 Finished:   insts:19          cycles:4469       (17872)  seconds:6     -- 0.00 IPC (0.00 IPC) --  N/A  KHz (0.00 KHz) 
**Core 16 Thread 25 Finished:   insts:19          cycles:4469       (17872)  seconds:5     -- 0.00 IPC (0.00 IPC) --  N/A  KHz (0.00 KHz) 
**Core 16 Thread 05 Finished:   insts:19          cycles:4470       (17876)  seconds:5     -- 0.00 IPC (0.00 IPC) --  N/A  KHz (0.00 KHz) 
**Core 47 Thread 10 Finished:   insts:19          cycles:4474       (17892)  seconds:5     -- 0.00 IPC (0.00 IPC) --  N/A  KHz (0.00 KHz) 
**Core 47 Core_Total  Finished:   insts:304         cycles:4474       (17892) seconds:5     -- 0.07 IPC (0.07 IPC) --  N/A  KHz (0.06 KHz)
**Core 81 Thread 03 Finished:   insts:19          cycles:4475       (17896)  seconds:5     -- 0.00 IPC (0.00 IPC) --  N/A  KHz (0.00 KHz) 
**Core 69 Thread 08 Finished:   insts:19          cycles:4476       (17900)  seconds:5     -- 0.00 IPC (0.00 IPC) --  N/A  KHz (0.00 KHz) 
**Core 91 Thread 03 Finished:   insts:19          cycles:4476       (17900)  seconds:5     -- 0.00 IPC (0.00 IPC) --  N/A  KHz (0.00 KHz) 
**Core 04 Thread 31 Finished:   insts:19          cycles:4477       (17904)  seconds:6     -- 0.00 IPC (0.00 IPC) --  N/A  KHz (0.00 KHz) 
**Core 12 Thread 31 Finished:   insts:19          cycles:4478       (17908)  seconds:5     -- 0.00 IPC (0.00 IPC) --  N/A  KHz (0.00 KHz) 
**Core 12 Core_Total  Finished:   insts:608         cycles:4478       (17908) seconds:5     -- 0.14 IPC (0.14 IPC) --  N/A  KHz (0.12 KHz)
**Core 08 Thread 09 Finished:   insts:19          cycles:4479       (17912)  seconds:5     -- 0.00 IPC (0.00 IPC) --  N/A  KHz (0.00 KHz) 
**Core 63 Thread 11 Finished:   insts:19          cycles:4480       (17916)  seconds:5     -- 0.00 IPC (0.00 IPC) --  N/A  KHz (0.00 KHz) 
**Core 96 Thread 05 Finished:   insts:19          cycles:4486       (17940)  seconds:5     -- 0.00 IPC (0.00 IPC) --  N/A  KHz (0.00 KHz) 
**Core 13 Thread 00 Finished:   insts:19          cycles:4489       (17952)  seconds:5     -- 0.00 IPC (0.00 IPC) --  N/A  KHz (0.00 KHz) 
**Core 82 Thread 08 Finished:   insts:19          cycles:4490       (17956)  seconds:5     -- 0.00 IPC (0.00 IPC) --  N/A  KHz (0.00 KHz) 
**Core 01 Thread 19 Finished:   insts:19          cycles:4490       (17956)  seconds:6     -- 0.00 IPC (0.00 IPC) --  N/A  KHz (0.00 KHz) 
**Core 10 Thread 28 Finished:   insts:19          cycles:4491       (17960)  seconds:5     -- 0.00 IPC (0.00 IPC) --  N/A  KHz (0.00 KHz) 
**Core 02 Thread 10 Finished:   insts:19          cycles:4494       (17972)  seconds:6     -- 0.00 IPC (0.00 IPC) --  N/A  KHz (0.00 KHz) 
**Core 16 Thread 26 Finished:   insts:19          cycles:4494       (17972)  seconds:5     -- 0.00 IPC (0.00 IPC) --  N/A  KHz (0.00 KHz) 
**Core 16 Thread 02 Finished:   insts:19          cycles:4495       (17976)  seconds:5     -- 0.00 IPC (0.00 IPC) --  N/A  KHz (0.00 KHz) 
**Core 81 Thread 04 Finished:   insts:19          cycles:4500       (17996)  seconds:5     -- 0.00 IPC (0.00 IPC) --  N/A  KHz (0.00 KHz) 
**Core 91 Thread 04 Finished:   insts:19          cycles:4501       (18000)  seconds:5     -- 0.00 IPC (0.00 IPC) --  N/A  KHz (0.00 KHz) 
**Core 66 Thread 08 Finished:   insts:19          cycles:4501       (18000)  seconds:5     -- 0.00 IPC (0.00 IPC) --  N/A  KHz (0.00 KHz) 
**Core 05 Thread 16 Finished:   insts:19          cycles:4502       (18004)  seconds:6     -- 0.00 IPC (0.00 IPC) --  N/A  KHz (0.00 KHz) 
**Core 13 Thread 19 Finished:   insts:19          cycles:4502       (18004)  seconds:5     -- 0.00 IPC (0.00 IPC) --  N/A  KHz (0.00 KHz) 
**Core 08 Thread 10 Finished:   insts:19          cycles:4504       (18012)  seconds:5     -- 0.00 IPC (0.00 IPC) --  N/A  KHz (0.00 KHz) 
**Core 59 Thread 08 Finished:   insts:19          cycles:4505       (18016)  seconds:5     -- 0.00 IPC (0.00 IPC) --  N/A  KHz (0.00 KHz) 
**Core 96 Thread 02 Finished:   insts:19          cycles:4511       (18040)  seconds:5     -- 0.00 IPC (0.00 IPC) --  N/A  KHz (0.00 KHz) 
**Core 13 Thread 01 Finished:   insts:19          cycles:4514       (18052)  seconds:5     -- 0.00 IPC (0.00 IPC) --  N/A  KHz (0.00 KHz) 
**Core 01 Thread 25 Finished:   insts:19          cycles:4515       (18056)  seconds:6     -- 0.00 IPC (0.00 IPC) --  N/A  KHz (0.00 KHz) 
**Core 85 Thread 06 Finished:   insts:19          cycles:4515       (18056)  seconds:5     -- 0.00 IPC (0.00 IPC) --  N/A  KHz (0.00 KHz) 
**Core 10 Thread 29 Finished:   insts:19          cycles:4517       (18064)  seconds:5     -- 0.00 IPC (0.00 IPC) --  N/A  KHz (0.00 KHz) 
**Core 02 Thread 07 Finished:   insts:19          cycles:4519       (18072)  seconds:6     -- 0.00 IPC (0.00 IPC) --  N/A  KHz (0.00 KHz) 
**Core 16 Thread 23 Finished:   insts:19          cycles:4519       (18072)  seconds:5     -- 0.00 IPC (0.00 IPC) --  N/A  KHz (0.00 KHz) 
**Core 16 Thread 08 Finished:   insts:19          cycles:4520       (18076)  seconds:5     -- 0.00 IPC (0.00 IPC) --  N/A  KHz (0.00 KHz) 
**Core 104 Thread 06 Finished:   insts:19          cycles:4525       (18096)  seconds:5     -- 0.00 IPC (0.00 IPC) --  N/A  KHz (0.00 KHz) 
**Core 76 Thread 06 Finished:   insts:19          cycles:4525       (18096)  seconds:5     -- 0.00 IPC (0.00 IPC) --  N/A  KHz (0.00 KHz) 
**Core 69 Thread 09 Finished:   insts:19          cycles:4526       (18100)  seconds:5     -- 0.00 IPC (0.00 IPC) --  N/A  KHz (0.00 KHz) 
**Core 88 Thread 03 Finished:   insts:19          cycles:4526       (18100)  seconds:5     -- 0.00 IPC (0.00 IPC) --  N/A  KHz (0.00 KHz) 
**Core 05 Thread 18 Finished:   insts:19          cycles:4527       (18104)  seconds:6     -- 0.00 IPC (0.00 IPC) --  N/A  KHz (0.00 KHz) 
**Core 13 Thread 25 Finished:   insts:19          cycles:4527       (18104)  seconds:5     -- 0.00 IPC (0.00 IPC) --  N/A  KHz (0.00 KHz) 
**Core 08 Thread 07 Finished:   insts:19          cycles:4529       (18112)  seconds:5     -- 0.00 IPC (0.00 IPC) --  N/A  KHz (0.00 KHz) 
**Core 63 Thread 10 Finished:   insts:19          cycles:4530       (18116)  seconds:5     -- 0.00 IPC (0.00 IPC) --  N/A  KHz (0.00 KHz) 
**Core 63 Core_Total  Finished:   insts:304         cycles:4530       (18116) seconds:5     -- 0.07 IPC (0.07 IPC) --  N/A  KHz (0.06 KHz)
**Core 94 Thread 07 Finished:   insts:19          cycles:4536       (18140)  seconds:5     -- 0.00 IPC (0.00 IPC) --  N/A  KHz (0.00 KHz) 
**Core 13 Thread 02 Finished:   insts:19          cycles:4539       (18152)  seconds:5     -- 0.00 IPC (0.00 IPC) --  N/A  KHz (0.00 KHz) 
**Core 82 Thread 09 Finished:   insts:19          cycles:4540       (18156)  seconds:5     -- 0.00 IPC (0.00 IPC) --  N/A  KHz (0.00 KHz) 
**Core 01 Thread 26 Finished:   insts:19          cycles:4540       (18156)  seconds:6     -- 0.00 IPC (0.00 IPC) --  N/A  KHz (0.00 KHz) 
**Core 10 Thread 30 Finished:   insts:19          cycles:4542       (18164)  seconds:5     -- 0.00 IPC (0.00 IPC) --  N/A  KHz (0.00 KHz) 
**Core 16 Thread 30 Finished:   insts:19          cycles:4544       (18172)  seconds:5     -- 0.00 IPC (0.00 IPC) --  N/A  KHz (0.00 KHz) 
**Core 02 Thread 08 Finished:   insts:19          cycles:4544       (18172)  seconds:6     -- 0.00 IPC (0.00 IPC) --  N/A  KHz (0.00 KHz) 
**Core 16 Thread 09 Finished:   insts:19          cycles:4545       (18176)  seconds:5     -- 0.00 IPC (0.00 IPC) --  N/A  KHz (0.00 KHz) 
**Core 76 Thread 07 Finished:   insts:19          cycles:4550       (18196)  seconds:5     -- 0.00 IPC (0.00 IPC) --  N/A  KHz (0.00 KHz) 
**Core 104 Thread 07 Finished:   insts:19          cycles:4550       (18196)  seconds:5     -- 0.00 IPC (0.00 IPC) --  N/A  KHz (0.00 KHz) 
**Core 66 Thread 09 Finished:   insts:19          cycles:4551       (18200)  seconds:5     -- 0.00 IPC (0.00 IPC) --  N/A  KHz (0.00 KHz) 
**Core 88 Thread 04 Finished:   insts:19          cycles:4551       (18200)  seconds:5     -- 0.00 IPC (0.00 IPC) --  N/A  KHz (0.00 KHz) 
**Core 05 Thread 17 Finished:   insts:19          cycles:4552       (18204)  seconds:6     -- 0.00 IPC (0.00 IPC) --  N/A  KHz (0.00 KHz) 
**Core 13 Thread 26 Finished:   insts:19          cycles:4552       (18204)  seconds:5     -- 0.00 IPC (0.00 IPC) --  N/A  KHz (0.00 KHz) 
**Core 59 Thread 09 Finished:   insts:19          cycles:4555       (18216)  seconds:5     -- 0.00 IPC (0.00 IPC) --  N/A  KHz (0.00 KHz) 
**Core 08 Thread 08 Finished:   insts:19          cycles:4555       (18216)  seconds:5     -- 0.00 IPC (0.00 IPC) --  N/A  KHz (0.00 KHz) 
**Core 97 Thread 02 Finished:   insts:19          cycles:4561       (18240)  seconds:5     -- 0.00 IPC (0.00 IPC) --  N/A  KHz (0.00 KHz) 
**Core 13 Thread 03 Finished:   insts:19          cycles:4564       (18252)  seconds:5     -- 0.00 IPC (0.00 IPC) --  N/A  KHz (0.00 KHz) 
**Core 85 Thread 07 Finished:   insts:19          cycles:4565       (18256)  seconds:5     -- 0.00 IPC (0.00 IPC) --  N/A  KHz (0.00 KHz) 
**Core 01 Thread 23 Finished:   insts:19          cycles:4565       (18256)  seconds:6     -- 0.00 IPC (0.00 IPC) --  N/A  KHz (0.00 KHz) 
**Core 10 Thread 27 Finished:   insts:19          cycles:4567       (18264)  seconds:5     -- 0.00 IPC (0.00 IPC) --  N/A  KHz (0.00 KHz) 
**Core 02 Thread 09 Finished:   insts:19          cycles:4569       (18272)  seconds:6     -- 0.00 IPC (0.00 IPC) --  N/A  KHz (0.00 KHz) 
**Core 16 Thread 27 Finished:   insts:19          cycles:4569       (18272)  seconds:5     -- 0.00 IPC (0.00 IPC) --  N/A  KHz (0.00 KHz) 
**Core 16 Thread 06 Finished:   insts:19          cycles:4570       (18276)  seconds:5     -- 0.00 IPC (0.00 IPC) --  N/A  KHz (0.00 KHz) 
**Core 80 Thread 06 Finished:   insts:19          cycles:4575       (18296)  seconds:5     -- 0.00 IPC (0.00 IPC) --  N/A  KHz (0.00 KHz) 
**Core 105 Thread 06 Finished:   insts:19          cycles:4575       (18296)  seconds:5     -- 0.00 IPC (0.00 IPC) --  N/A  KHz (0.00 KHz) 
**Core 66 Thread 11 Finished:   insts:19          cycles:4576       (18300)  seconds:5     -- 0.00 IPC (0.00 IPC) --  N/A  KHz (0.00 KHz) 
**Core 92 Thread 03 Finished:   insts:19          cycles:4576       (18300)  seconds:5     -- 0.00 IPC (0.00 IPC) --  N/A  KHz (0.00 KHz) 
**Core 05 Thread 20 Finished:   insts:19          cycles:4579       (18312)  seconds:6     -- 0.00 IPC (0.00 IPC) --  N/A  KHz (0.00 KHz) 
**Core 13 Thread 24 Finished:   insts:19          cycles:4579       (18312)  seconds:5     -- 0.00 IPC (0.00 IPC) --  N/A  KHz (0.00 KHz) 
**Core 58 Thread 08 Finished:   insts:19          cycles:4580       (18316)  seconds:5     -- 0.00 IPC (0.00 IPC) --  N/A  KHz (0.00 KHz) 
**Core 08 Thread 11 Finished:   insts:19          cycles:4580       (18316)  seconds:5     -- 0.00 IPC (0.00 IPC) --  N/A  KHz (0.00 KHz) 
**Core 97 Thread 05 Finished:   insts:19          cycles:4586       (18340)  seconds:5     -- 0.00 IPC (0.00 IPC) --  N/A  KHz (0.00 KHz) 
**Core 13 Thread 04 Finished:   insts:19          cycles:4589       (18352)  seconds:5     -- 0.00 IPC (0.00 IPC) --  N/A  KHz (0.00 KHz) 
**Core 83 Thread 11 Finished:   insts:19          cycles:4590       (18356)  seconds:5     -- 0.00 IPC (0.00 IPC) --  N/A  KHz (0.00 KHz) 
**Core 01 Thread 24 Finished:   insts:19          cycles:4590       (18356)  seconds:6     -- 0.00 IPC (0.00 IPC) --  N/A  KHz (0.00 KHz) 
**Core 10 Thread 31 Finished:   insts:19          cycles:4592       (18364)  seconds:5     -- 0.00 IPC (0.00 IPC) --  N/A  KHz (0.00 KHz) 
**Core 02 Thread 11 Finished:   insts:19          cycles:4594       (18372)  seconds:6     -- 0.00 IPC (0.00 IPC) --  N/A  KHz (0.00 KHz) 
**Core 16 Thread 24 Finished:   insts:19          cycles:4594       (18372)  seconds:5     -- 0.00 IPC (0.00 IPC) --  N/A  KHz (0.00 KHz) 
**Core 16 Thread 07 Finished:   insts:19          cycles:4595       (18376)  seconds:5     -- 0.00 IPC (0.00 IPC) --  N/A  KHz (0.00 KHz) 
**Core 80 Thread 07 Finished:   insts:19          cycles:4600       (18396)  seconds:5     -- 0.00 IPC (0.00 IPC) --  N/A  KHz (0.00 KHz) 
**Core 105 Thread 07 Finished:   insts:19          cycles:4600       (18396)  seconds:5     -- 0.00 IPC (0.00 IPC) --  N/A  KHz (0.00 KHz) 
**Core 66 Thread 10 Finished:   insts:19          cycles:4601       (18400)  seconds:5     -- 0.00 IPC (0.00 IPC) --  N/A  KHz (0.00 KHz) 
**Core 66 Core_Total  Finished:   insts:304         cycles:4601       (18400) seconds:5     -- 0.07 IPC (0.07 IPC) --  N/A  KHz (0.06 KHz)
**Core 92 Thread 04 Finished:   insts:19          cycles:4601       (18400)  seconds:5     -- 0.00 IPC (0.00 IPC) --  N/A  KHz (0.00 KHz) 
**Core 05 Thread 21 Finished:   insts:19          cycles:4602       (18404)  seconds:6     -- 0.00 IPC (0.00 IPC) --  N/A  KHz (0.00 KHz) 
**Core 13 Thread 23 Finished:   insts:19          cycles:4602       (18404)  seconds:5     -- 0.00 IPC (0.00 IPC) --  N/A  KHz (0.00 KHz) 
**Core 09 Thread 00 Finished:   insts:19          cycles:4604       (18412)  seconds:5     -- 0.00 IPC (0.00 IPC) --  N/A  KHz (0.00 KHz) 
**Core 58 Thread 09 Finished:   insts:19          cycles:4605       (18416)  seconds:5     -- 0.00 IPC (0.00 IPC) --  N/A  KHz (0.00 KHz) 
**Core 95 Thread 08 Finished:   insts:19          cycles:4611       (18440)  seconds:5     -- 0.00 IPC (0.00 IPC) --  N/A  KHz (0.00 KHz) 
**Core 13 Thread 05 Finished:   insts:19          cycles:4614       (18452)  seconds:5     -- 0.00 IPC (0.00 IPC) --  N/A  KHz (0.00 KHz) 
**Core 83 Thread 10 Finished:   insts:19          cycles:4615       (18456)  seconds:5     -- 0.00 IPC (0.00 IPC) --  N/A  KHz (0.00 KHz) 
**Core 83 Core_Total  Finished:   insts:304         cycles:4615       (18456) seconds:5     -- 0.07 IPC (0.07 IPC) --  N/A  KHz (0.06 KHz)
**Core 106 Thread 14 Finished:   insts:19          cycles:4615       (18456)  seconds:5     -- 0.00 IPC (0.00 IPC) --  N/A  KHz (0.00 KHz) 
**Core 11 Thread 16 Finished:   insts:19          cycles:4617       (18464)  seconds:5     -- 0.00 IPC (0.00 IPC) --  N/A  KHz (0.00 KHz) 
**Core 03 Thread 12 Finished:   insts:19          cycles:4619       (18472)  seconds:6     -- 0.00 IPC (0.00 IPC) --  N/A  KHz (0.00 KHz) 
**Core 16 Thread 28 Finished:   insts:19          cycles:4619       (18472)  seconds:5     -- 0.00 IPC (0.00 IPC) --  N/A  KHz (0.00 KHz) 
**Core 16 Thread 10 Finished:   insts:19          cycles:4620       (18476)  seconds:5     -- 0.00 IPC (0.00 IPC) --  N/A  KHz (0.00 KHz) 
**Core 81 Thread 06 Finished:   insts:19          cycles:4625       (18496)  seconds:5     -- 0.00 IPC (0.00 IPC) --  N/A  KHz (0.00 KHz) 
**Core 93 Thread 03 Finished:   insts:19          cycles:4626       (18500)  seconds:5     -- 0.00 IPC (0.00 IPC) --  N/A  KHz (0.00 KHz) 
**Core 67 Thread 11 Finished:   insts:19          cycles:4626       (18500)  seconds:5     -- 0.00 IPC (0.00 IPC) --  N/A  KHz (0.00 KHz) 
**Core 05 Thread 22 Finished:   insts:19          cycles:4627       (18504)  seconds:6     -- 0.00 IPC (0.00 IPC) --  N/A  KHz (0.00 KHz) 
**Core 14 Thread 22 Finished:   insts:19          cycles:4627       (18504)  seconds:5     -- 0.00 IPC (0.00 IPC) --  N/A  KHz (0.00 KHz) 
**Core 09 Thread 01 Finished:   insts:19          cycles:4629       (18512)  seconds:5     -- 0.00 IPC (0.00 IPC) --  N/A  KHz (0.00 KHz) 
**Core 58 Thread 11 Finished:   insts:19          cycles:4630       (18516)  seconds:5     -- 0.00 IPC (0.00 IPC) --  N/A  KHz (0.00 KHz) 
**Core 95 Thread 09 Finished:   insts:19          cycles:4636       (18540)  seconds:5     -- 0.00 IPC (0.00 IPC) --  N/A  KHz (0.00 KHz) 
**Core 13 Thread 06 Finished:   insts:19          cycles:4639       (18552)  seconds:5     -- 0.00 IPC (0.00 IPC) --  N/A  KHz (0.00 KHz) 
**Core 106 Thread 15 Finished:   insts:19          cycles:4640       (18556)  seconds:5     -- 0.00 IPC (0.00 IPC) --  N/A  KHz (0.00 KHz) 
**Core 86 Thread 06 Finished:   insts:19          cycles:4640       (18556)  seconds:5     -- 0.00 IPC (0.00 IPC) --  N/A  KHz (0.00 KHz) 
**Core 11 Thread 18 Finished:   insts:19          cycles:4642       (18564)  seconds:5     -- 0.00 IPC (0.00 IPC) --  N/A  KHz (0.00 KHz) 
**Core 03 Thread 15 Finished:   insts:19          cycles:4644       (18572)  seconds:6     -- 0.00 IPC (0.00 IPC) --  N/A  KHz (0.00 KHz) 
**Core 16 Thread 29 Finished:   insts:19          cycles:4644       (18572)  seconds:5     -- 0.00 IPC (0.00 IPC) --  N/A  KHz (0.00 KHz) 
**Core 16 Thread 11 Finished:   insts:19          cycles:4645       (18576)  seconds:5     -- 0.00 IPC (0.00 IPC) --  N/A  KHz (0.00 KHz) 
**Core 77 Thread 06 Finished:   insts:19          cycles:4650       (18596)  seconds:5     -- 0.00 IPC (0.00 IPC) --  N/A  KHz (0.00 KHz) 
**Core 67 Thread 10 Finished:   insts:19          cycles:4651       (18600)  seconds:5     -- 0.00 IPC (0.00 IPC) --  N/A  KHz (0.00 KHz) 
**Core 67 Core_Total  Finished:   insts:304         cycles:4651       (18600) seconds:5     -- 0.07 IPC (0.07 IPC) --  N/A  KHz (0.06 KHz)
**Core 89 Thread 03 Finished:   insts:19          cycles:4651       (18600)  seconds:5     -- 0.00 IPC (0.00 IPC) --  N/A  KHz (0.00 KHz) 
**Core 14 Thread 21 Finished:   insts:19          cycles:4652       (18604)  seconds:5     -- 0.00 IPC (0.00 IPC) --  N/A  KHz (0.00 KHz) 
**Core 05 Thread 19 Finished:   insts:19          cycles:4652       (18604)  seconds:6     -- 0.00 IPC (0.00 IPC) --  N/A  KHz (0.00 KHz) 
**Core 58 Thread 10 Finished:   insts:19          cycles:4655       (18616)  seconds:5     -- 0.00 IPC (0.00 IPC) --  N/A  KHz (0.00 KHz) 
**Core 58 Core_Total  Finished:   insts:304         cycles:4655       (18616) seconds:5     -- 0.07 IPC (0.07 IPC) --  N/A  KHz (0.06 KHz)
**Core 09 Thread 02 Finished:   insts:19          cycles:4655       (18616)  seconds:5     -- 0.00 IPC (0.00 IPC) --  N/A  KHz (0.00 KHz) 
**Core 98 Thread 05 Finished:   insts:19          cycles:4661       (18640)  seconds:5     -- 0.00 IPC (0.00 IPC) --  N/A  KHz (0.00 KHz) 
**Core 13 Thread 10 Finished:   insts:19          cycles:4664       (18652)  seconds:5     -- 0.00 IPC (0.00 IPC) --  N/A  KHz (0.00 KHz) 
**Core 86 Thread 07 Finished:   insts:19          cycles:4665       (18656)  seconds:5     -- 0.00 IPC (0.00 IPC) --  N/A  KHz (0.00 KHz) 
**Core 01 Thread 30 Finished:   insts:19          cycles:4665       (18656)  seconds:6     -- 0.00 IPC (0.00 IPC) --  N/A  KHz (0.00 KHz) 
**Core 11 Thread 19 Finished:   insts:19          cycles:4667       (18664)  seconds:5     -- 0.00 IPC (0.00 IPC) --  N/A  KHz (0.00 KHz) 
**Core 03 Thread 13 Finished:   insts:19          cycles:4669       (18672)  seconds:6     -- 0.00 IPC (0.00 IPC) --  N/A  KHz (0.00 KHz) 
**Core 18 Thread 26 Finished:   insts:19          cycles:4669       (18672)  seconds:5     -- 0.00 IPC (0.00 IPC) --  N/A  KHz (0.00 KHz) 
**Core 18 Thread 00 Finished:   insts:19          cycles:4670       (18676)  seconds:5     -- 0.00 IPC (0.00 IPC) --  N/A  KHz (0.00 KHz) 
**Core 77 Thread 07 Finished:   insts:19          cycles:4675       (18696)  seconds:5     -- 0.00 IPC (0.00 IPC) --  N/A  KHz (0.00 KHz) 
**Core 68 Thread 11 Finished:   insts:19          cycles:4676       (18700)  seconds:5     -- 0.00 IPC (0.00 IPC) --  N/A  KHz (0.00 KHz) 
**Core 93 Thread 04 Finished:   insts:19          cycles:4676       (18700)  seconds:5     -- 0.00 IPC (0.00 IPC) --  N/A  KHz (0.00 KHz) 
**Core 06 Thread 23 Finished:   insts:19          cycles:4677       (18704)  seconds:6     -- 0.00 IPC (0.00 IPC) --  N/A  KHz (0.00 KHz) 
**Core 15 Thread 21 Finished:   insts:19          cycles:4678       (18708)  seconds:5     -- 0.00 IPC (0.00 IPC) --  N/A  KHz (0.00 KHz) 
**Core 09 Thread 04 Finished:   insts:19          cycles:4679       (18712)  seconds:5     -- 0.00 IPC (0.00 IPC) --  N/A  KHz (0.00 KHz) 
**Core 59 Thread 11 Finished:   insts:19          cycles:4680       (18716)  seconds:5     -- 0.00 IPC (0.00 IPC) --  N/A  KHz (0.00 KHz) 
**Core 98 Thread 02 Finished:   insts:19          cycles:4686       (18740)  seconds:5     -- 0.00 IPC (0.00 IPC) --  N/A  KHz (0.00 KHz) 
**Core 11 Thread 12 Finished:   insts:19          cycles:4689       (18752)  seconds:5     -- 0.00 IPC (0.00 IPC) --  N/A  KHz (0.00 KHz) 
**Core 87 Thread 08 Finished:   insts:19          cycles:4690       (18756)  seconds:5     -- 0.00 IPC (0.00 IPC) --  N/A  KHz (0.00 KHz) 
**Core 01 Thread 27 Finished:   insts:19          cycles:4690       (18756)  seconds:6     -- 0.00 IPC (0.00 IPC) --  N/A  KHz (0.00 KHz) 
**Core 11 Thread 20 Finished:   insts:19          cycles:4692       (18764)  seconds:5     -- 0.00 IPC (0.00 IPC) --  N/A  KHz (0.00 KHz) 
**Core 03 Thread 14 Finished:   insts:19          cycles:4694       (18772)  seconds:6     -- 0.00 IPC (0.00 IPC) --  N/A  KHz (0.00 KHz) 
**Core 18 Thread 23 Finished:   insts:19          cycles:4694       (18772)  seconds:5     -- 0.00 IPC (0.00 IPC) --  N/A  KHz (0.00 KHz) 
**Core 18 Thread 01 Finished:   insts:19          cycles:4695       (18776)  seconds:5     -- 0.00 IPC (0.00 IPC) --  N/A  KHz (0.00 KHz) 
**Core 81 Thread 07 Finished:   insts:19          cycles:4700       (18796)  seconds:5     -- 0.00 IPC (0.00 IPC) --  N/A  KHz (0.00 KHz) 
**Core 68 Thread 10 Finished:   insts:19          cycles:4701       (18800)  seconds:5     -- 0.00 IPC (0.00 IPC) --  N/A  KHz (0.00 KHz) 
**Core 68 Core_Total  Finished:   insts:304         cycles:4701       (18800) seconds:5     -- 0.06 IPC (0.06 IPC) --  N/A  KHz (0.06 KHz)
**Core 89 Thread 04 Finished:   insts:19          cycles:4701       (18800)  seconds:5     -- 0.00 IPC (0.00 IPC) --  N/A  KHz (0.00 KHz) 
**Core 05 Thread 25 Finished:   insts:19          cycles:4702       (18804)  seconds:6     -- 0.00 IPC (0.00 IPC) --  N/A  KHz (0.00 KHz) 
**Core 15 Thread 22 Finished:   insts:19          cycles:4702       (18804)  seconds:5     -- 0.00 IPC (0.00 IPC) --  N/A  KHz (0.00 KHz) 
**Core 09 Thread 05 Finished:   insts:19          cycles:4704       (18812)  seconds:5     -- 0.00 IPC (0.00 IPC) --  N/A  KHz (0.00 KHz) 
**Core 59 Thread 10 Finished:   insts:19          cycles:4705       (18816)  seconds:5     -- 0.00 IPC (0.00 IPC) --  N/A  KHz (0.00 KHz) 
**Core 59 Core_Total  Finished:   insts:304         cycles:4705       (18816) seconds:5     -- 0.06 IPC (0.06 IPC) --  N/A  KHz (0.06 KHz)
**Core 99 Thread 03 Finished:   insts:19          cycles:4711       (18840)  seconds:5     -- 0.00 IPC (0.00 IPC) --  N/A  KHz (0.00 KHz) 
**Core 11 Thread 13 Finished:   insts:19          cycles:4714       (18852)  seconds:5     -- 0.00 IPC (0.00 IPC) --  N/A  KHz (0.00 KHz) 
**Core 82 Thread 11 Finished:   insts:19          cycles:4715       (18856)  seconds:5     -- 0.00 IPC (0.00 IPC) --  N/A  KHz (0.00 KHz) 
**Core 107 Thread 05 Finished:   insts:19          cycles:4715       (18856)  seconds:4     -- 0.00 IPC (0.00 IPC) --  N/A  KHz (0.00 KHz) 
**Core 11 Thread 17 Finished:   insts:19          cycles:4717       (18864)  seconds:5     -- 0.00 IPC (0.00 IPC) --  N/A  KHz (0.00 KHz) 
**Core 03 Thread 00 Finished:   insts:19          cycles:4719       (18872)  seconds:6     -- 0.00 IPC (0.00 IPC) --  N/A  KHz (0.00 KHz) 
**Core 16 Thread 31 Finished:   insts:19          cycles:4719       (18872)  seconds:5     -- 0.00 IPC (0.00 IPC) --  N/A  KHz (0.00 KHz) 
**Core 16 Core_Total  Finished:   insts:608         cycles:4719       (18872) seconds:5     -- 0.13 IPC (0.13 IPC) --  N/A  KHz (0.12 KHz)
**Core 18 Thread 03 Finished:   insts:19          cycles:4720       (18876)  seconds:5     -- 0.00 IPC (0.00 IPC) --  N/A  KHz (0.00 KHz) 
**Core 80 Thread 08 Finished:   insts:19          cycles:4725       (18896)  seconds:5     -- 0.00 IPC (0.00 IPC) --  N/A  KHz (0.00 KHz) 
**Core 90 Thread 03 Finished:   insts:19          cycles:4726       (18900)  seconds:5     -- 0.00 IPC (0.00 IPC) --  N/A  KHz (0.00 KHz) 
**Core 69 Thread 11 Finished:   insts:19          cycles:4726       (18900)  seconds:5     -- 0.00 IPC (0.00 IPC) --  N/A  KHz (0.00 KHz) 
**Core 05 Thread 26 Finished:   insts:19          cycles:4727       (18904)  seconds:6     -- 0.00 IPC (0.00 IPC) --  N/A  KHz (0.00 KHz) 
**Core 13 Thread 30 Finished:   insts:19          cycles:4727       (18904)  seconds:5     -- 0.00 IPC (0.00 IPC) --  N/A  KHz (0.00 KHz) 
**Core 09 Thread 06 Finished:   insts:19          cycles:4731       (18920)  seconds:5     -- 0.00 IPC (0.00 IPC) --  N/A  KHz (0.00 KHz) 
**Core 96 Thread 04 Finished:   insts:19          cycles:4736       (18940)  seconds:5     -- 0.00 IPC (0.00 IPC) --  N/A  KHz (0.00 KHz) 
**Core 11 Thread 14 Finished:   insts:19          cycles:4739       (18952)  seconds:5     -- 0.00 IPC (0.00 IPC) --  N/A  KHz (0.00 KHz) 
**Core 01 Thread 28 Finished:   insts:19          cycles:4740       (18956)  seconds:6     -- 0.00 IPC (0.00 IPC) --  N/A  KHz (0.00 KHz) 
**Core 87 Thread 09 Finished:   insts:19          cycles:4740       (18956)  seconds:5     -- 0.00 IPC (0.00 IPC) --  N/A  KHz (0.00 KHz) 
**Core 11 Thread 23 Finished:   insts:19          cycles:4742       (18964)  seconds:5     -- 0.00 IPC (0.00 IPC) --  N/A  KHz (0.00 KHz) 
**Core 03 Thread 02 Finished:   insts:19          cycles:4744       (18972)  seconds:6     -- 0.00 IPC (0.00 IPC) --  N/A  KHz (0.00 KHz) 
**Core 18 Thread 24 Finished:   insts:19          cycles:4744       (18972)  seconds:5     -- 0.00 IPC (0.00 IPC) --  N/A  KHz (0.00 KHz) 
**Core 18 Thread 04 Finished:   insts:19          cycles:4745       (18976)  seconds:5     -- 0.00 IPC (0.00 IPC) --  N/A  KHz (0.00 KHz) 
**Core 80 Thread 09 Finished:   insts:19          cycles:4750       (18996)  seconds:5     -- 0.00 IPC (0.00 IPC) --  N/A  KHz (0.00 KHz) 
**Core 69 Thread 10 Finished:   insts:19          cycles:4751       (19000)  seconds:5     -- 0.00 IPC (0.00 IPC) --  N/A  KHz (0.00 KHz) 
**Core 69 Core_Total  Finished:   insts:304         cycles:4751       (19000) seconds:5     -- 0.06 IPC (0.06 IPC) --  N/A  KHz (0.06 KHz)
**Core 90 Thread 04 Finished:   insts:19          cycles:4751       (19000)  seconds:5     -- 0.00 IPC (0.00 IPC) --  N/A  KHz (0.00 KHz) 
**Core 05 Thread 23 Finished:   insts:19          cycles:4752       (19004)  seconds:6     -- 0.00 IPC (0.00 IPC) --  N/A  KHz (0.00 KHz) 
**Core 13 Thread 27 Finished:   insts:19          cycles:4752       (19004)  seconds:5     -- 0.00 IPC (0.00 IPC) --  N/A  KHz (0.00 KHz) 
**Core 09 Thread 03 Finished:   insts:19          cycles:4755       (19016)  seconds:5     -- 0.00 IPC (0.00 IPC) --  N/A  KHz (0.00 KHz) 
**Core 96 Thread 03 Finished:   insts:19          cycles:4761       (19040)  seconds:5     -- 0.00 IPC (0.00 IPC) --  N/A  KHz (0.00 KHz) 
**Core 11 Thread 15 Finished:   insts:19          cycles:4764       (19052)  seconds:5     -- 0.00 IPC (0.00 IPC) --  N/A  KHz (0.00 KHz) 
**Core 84 Thread 08 Finished:   insts:19          cycles:4765       (19056)  seconds:5     -- 0.00 IPC (0.00 IPC) --  N/A  KHz (0.00 KHz) 
**Core 01 Thread 31 Finished:   insts:19          cycles:4765       (19056)  seconds:6     -- 0.00 IPC (0.00 IPC) --  N/A  KHz (0.00 KHz) 
**Core 11 Thread 24 Finished:   insts:19          cycles:4767       (19064)  seconds:5     -- 0.00 IPC (0.00 IPC) --  N/A  KHz (0.00 KHz) 
**Core 18 Thread 30 Finished:   insts:19          cycles:4769       (19072)  seconds:5     -- 0.00 IPC (0.00 IPC) --  N/A  KHz (0.00 KHz) 
**Core 03 Thread 03 Finished:   insts:19          cycles:4769       (19072)  seconds:6     -- 0.00 IPC (0.00 IPC) --  N/A  KHz (0.00 KHz) 
**Core 18 Thread 05 Finished:   insts:19          cycles:4770       (19076)  seconds:5     -- 0.00 IPC (0.00 IPC) --  N/A  KHz (0.00 KHz) 
**Core 81 Thread 08 Finished:   insts:19          cycles:4775       (19096)  seconds:5     -- 0.00 IPC (0.00 IPC) --  N/A  KHz (0.00 KHz) 
**Core 91 Thread 06 Finished:   insts:19          cycles:4776       (19100)  seconds:5     -- 0.00 IPC (0.00 IPC) --  N/A  KHz (0.00 KHz) 
**Core 06 Thread 30 Finished:   insts:19          cycles:4776       (19100)  seconds:6     -- 0.00 IPC (0.00 IPC) --  N/A  KHz (0.00 KHz) 
**Core 13 Thread 28 Finished:   insts:19          cycles:4777       (19104)  seconds:5     -- 0.00 IPC (0.00 IPC) --  N/A  KHz (0.00 KHz) 
**Core 09 Thread 09 Finished:   insts:19          cycles:4779       (19112)  seconds:5     -- 0.00 IPC (0.00 IPC) --  N/A  KHz (0.00 KHz) 
**Core 97 Thread 03 Finished:   insts:19          cycles:4786       (19140)  seconds:5     -- 0.00 IPC (0.00 IPC) --  N/A  KHz (0.00 KHz) 
**Core 13 Thread 08 Finished:   insts:19          cycles:4789       (19152)  seconds:5     -- 0.00 IPC (0.00 IPC) --  N/A  KHz (0.00 KHz) 
**Core 82 Thread 10 Finished:   insts:19          cycles:4790       (19156)  seconds:5     -- 0.00 IPC (0.00 IPC) --  N/A  KHz (0.00 KHz) 
**Core 82 Core_Total  Finished:   insts:304         cycles:4790       (19156) seconds:5     -- 0.06 IPC (0.06 IPC) --  N/A  KHz (0.06 KHz)
**Core 01 Thread 29 Finished:   insts:19          cycles:4790       (19156)  seconds:6     -- 0.00 IPC (0.00 IPC) --  N/A  KHz (0.00 KHz) 
**Core 01 Core_Total  Finished:   insts:608         cycles:4790       (19156) seconds:6     -- 0.13 IPC (0.13 IPC) --  N/A  KHz (0.10 KHz)
**Core 11 Thread 21 Finished:   insts:19          cycles:4792       (19164)  seconds:5     -- 0.00 IPC (0.00 IPC) --  N/A  KHz (0.00 KHz) 
**Core 03 Thread 04 Finished:   insts:19          cycles:4794       (19172)  seconds:6     -- 0.00 IPC (0.00 IPC) --  N/A  KHz (0.00 KHz) 
**Core 18 Thread 27 Finished:   insts:19          cycles:4794       (19172)  seconds:5     -- 0.00 IPC (0.00 IPC) --  N/A  KHz (0.00 KHz) 
**Core 18 Thread 09 Finished:   insts:19          cycles:4795       (19176)  seconds:5     -- 0.00 IPC (0.00 IPC) --  N/A  KHz (0.00 KHz) 
**Core 76 Thread 08 Finished:   insts:19          cycles:4800       (19196)  seconds:5     -- 0.00 IPC (0.00 IPC) --  N/A  KHz (0.00 KHz) 
**Core 91 Thread 07 Finished:   insts:19          cycles:4801       (19200)  seconds:5     -- 0.00 IPC (0.00 IPC) --  N/A  KHz (0.00 KHz) 
**Core 06 Thread 27 Finished:   insts:19          cycles:4801       (19200)  seconds:6     -- 0.00 IPC (0.00 IPC) --  N/A  KHz (0.00 KHz) 
**Core 13 Thread 29 Finished:   insts:19          cycles:4802       (19204)  seconds:5     -- 0.00 IPC (0.00 IPC) --  N/A  KHz (0.00 KHz) 
**Core 09 Thread 10 Finished:   insts:19          cycles:4804       (19212)  seconds:5     -- 0.00 IPC (0.00 IPC) --  N/A  KHz (0.00 KHz) 
**Core 97 Thread 04 Finished:   insts:19          cycles:4811       (19240)  seconds:5     -- 0.00 IPC (0.00 IPC) --  N/A  KHz (0.00 KHz) 
**Core 13 Thread 09 Finished:   insts:19          cycles:4814       (19252)  seconds:5     -- 0.00 IPC (0.00 IPC) --  N/A  KHz (0.00 KHz) 
**Core 84 Thread 09 Finished:   insts:19          cycles:4815       (19256)  seconds:5     -- 0.00 IPC (0.00 IPC) --  N/A  KHz (0.00 KHz) 
**Core 02 Thread 16 Finished:   insts:19          cycles:4815       (19256)  seconds:6     -- 0.00 IPC (0.00 IPC) --  N/A  KHz (0.00 KHz) 
**Core 11 Thread 22 Finished:   insts:19          cycles:4817       (19264)  seconds:5     -- 0.00 IPC (0.00 IPC) --  N/A  KHz (0.00 KHz) 
**Core 03 Thread 01 Finished:   insts:19          cycles:4819       (19272)  seconds:6     -- 0.00 IPC (0.00 IPC) --  N/A  KHz (0.00 KHz) 
**Core 18 Thread 28 Finished:   insts:19          cycles:4819       (19272)  seconds:5     -- 0.00 IPC (0.00 IPC) --  N/A  KHz (0.00 KHz) 
**Core 18 Thread 02 Finished:   insts:19          cycles:4820       (19276)  seconds:5     -- 0.00 IPC (0.00 IPC) --  N/A  KHz (0.00 KHz) 
**Core 76 Thread 09 Finished:   insts:19          cycles:4825       (19296)  seconds:5     -- 0.00 IPC (0.00 IPC) --  N/A  KHz (0.00 KHz) 
**Core 104 Thread 08 Finished:   insts:19          cycles:4825       (19296)  seconds:5     -- 0.00 IPC (0.00 IPC) --  N/A  KHz (0.00 KHz) 
**Core 88 Thread 06 Finished:   insts:19          cycles:4826       (19300)  seconds:5     -- 0.00 IPC (0.00 IPC) --  N/A  KHz (0.00 KHz) 
**Core 06 Thread 24 Finished:   insts:19          cycles:4826       (19300)  seconds:6     -- 0.00 IPC (0.00 IPC) --  N/A  KHz (0.00 KHz) 
**Core 13 Thread 31 Finished:   insts:19          cycles:4827       (19304)  seconds:5     -- 0.00 IPC (0.00 IPC) --  N/A  KHz (0.00 KHz) 
**Core 09 Thread 07 Finished:   insts:19          cycles:4829       (19312)  seconds:5     -- 0.00 IPC (0.00 IPC) --  N/A  KHz (0.00 KHz) 
**Core 98 Thread 03 Finished:   insts:19          cycles:4836       (19340)  seconds:5     -- 0.00 IPC (0.00 IPC) --  N/A  KHz (0.00 KHz) 
**Core 13 Thread 07 Finished:   insts:19          cycles:4839       (19352)  seconds:5     -- 0.00 IPC (0.00 IPC) --  N/A  KHz (0.00 KHz) 
**Core 02 Thread 17 Finished:   insts:19          cycles:4840       (19356)  seconds:6     -- 0.00 IPC (0.00 IPC) --  N/A  KHz (0.00 KHz) 
**Core 85 Thread 08 Finished:   insts:19          cycles:4840       (19356)  seconds:5     -- 0.00 IPC (0.00 IPC) --  N/A  KHz (0.00 KHz) 
**Core 11 Thread 25 Finished:   insts:19          cycles:4841       (19360)  seconds:5     -- 0.00 IPC (0.00 IPC) --  N/A  KHz (0.00 KHz) 
**Core 03 Thread 07 Finished:   insts:19          cycles:4844       (19372)  seconds:6     -- 0.00 IPC (0.00 IPC) --  N/A  KHz (0.00 KHz) 
**Core 18 Thread 29 Finished:   insts:19          cycles:4844       (19372)  seconds:5     -- 0.00 IPC (0.00 IPC) --  N/A  KHz (0.00 KHz) 
**Core 17 Thread 00 Finished:   insts:19          cycles:4845       (19376)  seconds:5     -- 0.00 IPC (0.00 IPC) --  N/A  KHz (0.00 KHz) 
**Core 104 Thread 09 Finished:   insts:19          cycles:4850       (19396)  seconds:5     -- 0.00 IPC (0.00 IPC) --  N/A  KHz (0.00 KHz) 
**Core 81 Thread 09 Finished:   insts:19          cycles:4850       (19396)  seconds:5     -- 0.00 IPC (0.00 IPC) --  N/A  KHz (0.00 KHz) 
**Core 05 Thread 24 Finished:   insts:19          cycles:4851       (19400)  seconds:6     -- 0.00 IPC (0.00 IPC) --  N/A  KHz (0.00 KHz) 
**Core 88 Thread 07 Finished:   insts:19          cycles:4851       (19400)  seconds:5     -- 0.00 IPC (0.00 IPC) --  N/A  KHz (0.00 KHz) 
**Core 14 Thread 19 Finished:   insts:19          cycles:4852       (19404)  seconds:5     -- 0.00 IPC (0.00 IPC) --  N/A  KHz (0.00 KHz) 
**Core 09 Thread 08 Finished:   insts:19          cycles:4855       (19416)  seconds:5     -- 0.00 IPC (0.00 IPC) --  N/A  KHz (0.00 KHz) 
**Core 98 Thread 04 Finished:   insts:19          cycles:4861       (19440)  seconds:5     -- 0.00 IPC (0.00 IPC) --  N/A  KHz (0.00 KHz) 
**Core 13 Thread 11 Finished:   insts:19          cycles:4864       (19452)  seconds:5     -- 0.00 IPC (0.00 IPC) --  N/A  KHz (0.00 KHz) 
**Core 13 Core_Total  Finished:   insts:608         cycles:4864       (19452) seconds:5     -- 0.12 IPC (0.12 IPC) --  N/A  KHz (0.12 KHz)
**Core 85 Thread 09 Finished:   insts:19          cycles:4865       (19456)  seconds:5     -- 0.00 IPC (0.00 IPC) --  N/A  KHz (0.00 KHz) 
**Core 02 Thread 18 Finished:   insts:19          cycles:4865       (19456)  seconds:6     -- 0.00 IPC (0.00 IPC) --  N/A  KHz (0.00 KHz) 
**Core 11 Thread 26 Finished:   insts:19          cycles:4867       (19464)  seconds:5     -- 0.00 IPC (0.00 IPC) --  N/A  KHz (0.00 KHz) 
**Core 17 Thread 26 Finished:   insts:19          cycles:4869       (19472)  seconds:5     -- 0.00 IPC (0.00 IPC) --  N/A  KHz (0.00 KHz) 
**Core 03 Thread 08 Finished:   insts:19          cycles:4869       (19472)  seconds:6     -- 0.00 IPC (0.00 IPC) --  N/A  KHz (0.00 KHz) 
**Core 17 Thread 01 Finished:   insts:19          cycles:4870       (19476)  seconds:5     -- 0.00 IPC (0.00 IPC) --  N/A  KHz (0.00 KHz) 
**Core 77 Thread 08 Finished:   insts:19          cycles:4875       (19496)  seconds:5     -- 0.00 IPC (0.00 IPC) --  N/A  KHz (0.00 KHz) 
**Core 105 Thread 08 Finished:   insts:19          cycles:4875       (19496)  seconds:5     -- 0.00 IPC (0.00 IPC) --  N/A  KHz (0.00 KHz) 
**Core 92 Thread 06 Finished:   insts:19          cycles:4876       (19500)  seconds:5     -- 0.00 IPC (0.00 IPC) --  N/A  KHz (0.00 KHz) 
**Core 05 Thread 30 Finished:   insts:19          cycles:4876       (19500)  seconds:6     -- 0.00 IPC (0.00 IPC) --  N/A  KHz (0.00 KHz) 
**Core 14 Thread 25 Finished:   insts:19          cycles:4877       (19504)  seconds:5     -- 0.00 IPC (0.00 IPC) --  N/A  KHz (0.00 KHz) 
**Core 09 Thread 11 Finished:   insts:19          cycles:4879       (19512)  seconds:5     -- 0.00 IPC (0.00 IPC) --  N/A  KHz (0.00 KHz) 
**Core 99 Thread 04 Finished:   insts:19          cycles:4886       (19540)  seconds:5     -- 0.00 IPC (0.00 IPC) --  N/A  KHz (0.00 KHz) 
**Core 14 Thread 00 Finished:   insts:19          cycles:4889       (19552)  seconds:5     -- 0.00 IPC (0.00 IPC) --  N/A  KHz (0.00 KHz) 
**Core 86 Thread 08 Finished:   insts:19          cycles:4890       (19556)  seconds:5     -- 0.00 IPC (0.00 IPC) --  N/A  KHz (0.00 KHz) 
**Core 02 Thread 20 Finished:   insts:19          cycles:4890       (19556)  seconds:6     -- 0.00 IPC (0.00 IPC) --  N/A  KHz (0.00 KHz) 
**Core 11 Thread 30 Finished:   insts:19          cycles:4892       (19564)  seconds:5     -- 0.00 IPC (0.00 IPC) --  N/A  KHz (0.00 KHz) 
**Core 03 Thread 05 Finished:   insts:19          cycles:4894       (19572)  seconds:6     -- 0.00 IPC (0.00 IPC) --  N/A  KHz (0.00 KHz) 
**Core 18 Thread 31 Finished:   insts:19          cycles:4894       (19572)  seconds:5     -- 0.00 IPC (0.00 IPC) --  N/A  KHz (0.00 KHz) 
**Core 17 Thread 02 Finished:   insts:19          cycles:4895       (19576)  seconds:5     -- 0.00 IPC (0.00 IPC) --  N/A  KHz (0.00 KHz) 
**Core 77 Thread 09 Finished:   insts:19          cycles:4900       (19596)  seconds:5     -- 0.00 IPC (0.00 IPC) --  N/A  KHz (0.00 KHz) 
**Core 105 Thread 09 Finished:   insts:19          cycles:4900       (19596)  seconds:5     -- 0.00 IPC (0.00 IPC) --  N/A  KHz (0.00 KHz) 
**Core 92 Thread 07 Finished:   insts:19          cycles:4901       (19600)  seconds:5     -- 0.00 IPC (0.00 IPC) --  N/A  KHz (0.00 KHz) 
**Core 05 Thread 27 Finished:   insts:19          cycles:4901       (19600)  seconds:6     -- 0.00 IPC (0.00 IPC) --  N/A  KHz (0.00 KHz) 
**Core 14 Thread 26 Finished:   insts:19          cycles:4902       (19604)  seconds:5     -- 0.00 IPC (0.00 IPC) --  N/A  KHz (0.00 KHz) 
**Core 99 Thread 06 Finished:   insts:19          cycles:4911       (19640)  seconds:5     -- 0.00 IPC (0.00 IPC) --  N/A  KHz (0.00 KHz) 
**Core 14 Thread 01 Finished:   insts:19          cycles:4914       (19652)  seconds:5     -- 0.00 IPC (0.00 IPC) --  N/A  KHz (0.00 KHz) 
**Core 86 Thread 09 Finished:   insts:19          cycles:4915       (19656)  seconds:5     -- 0.00 IPC (0.00 IPC) --  N/A  KHz (0.00 KHz) 
**Core 02 Thread 21 Finished:   insts:19          cycles:4915       (19656)  seconds:6     -- 0.00 IPC (0.00 IPC) --  N/A  KHz (0.00 KHz) 
**Core 11 Thread 27 Finished:   insts:19          cycles:4917       (19664)  seconds:5     -- 0.00 IPC (0.00 IPC) --  N/A  KHz (0.00 KHz) 
**Core 03 Thread 06 Finished:   insts:19          cycles:4919       (19672)  seconds:6     -- 0.00 IPC (0.00 IPC) --  N/A  KHz (0.00 KHz) 
**Core 19 Thread 19 Finished:   insts:19          cycles:4919       (19672)  seconds:5     -- 0.00 IPC (0.00 IPC) --  N/A  KHz (0.00 KHz) 
**Core 17 Thread 03 Finished:   insts:19          cycles:4920       (19676)  seconds:5     -- 0.00 IPC (0.00 IPC) --  N/A  KHz (0.00 KHz) 
**Core 80 Thread 11 Finished:   insts:19          cycles:4925       (19696)  seconds:5     -- 0.00 IPC (0.00 IPC) --  N/A  KHz (0.00 KHz) 
**Core 93 Thread 06 Finished:   insts:19          cycles:4926       (19700)  seconds:5     -- 0.00 IPC (0.00 IPC) --  N/A  KHz (0.00 KHz) 
**Core 05 Thread 28 Finished:   insts:19          cycles:4926       (19700)  seconds:6     -- 0.00 IPC (0.00 IPC) --  N/A  KHz (0.00 KHz) 
**Core 14 Thread 30 Finished:   insts:19          cycles:4927       (19704)  seconds:5     -- 0.00 IPC (0.00 IPC) --  N/A  KHz (0.00 KHz) 
**Core 96 Thread 06 Finished:   insts:19          cycles:4936       (19740)  seconds:5     -- 0.00 IPC (0.00 IPC) --  N/A  KHz (0.00 KHz) 
**Core 14 Thread 02 Finished:   insts:19          cycles:4939       (19752)  seconds:5     -- 0.00 IPC (0.00 IPC) --  N/A  KHz (0.00 KHz) 
**Core 87 Thread 11 Finished:   insts:19          cycles:4940       (19756)  seconds:5     -- 0.00 IPC (0.00 IPC) --  N/A  KHz (0.00 KHz) 
**Core 02 Thread 22 Finished:   insts:19          cycles:4940       (19756)  seconds:6     -- 0.00 IPC (0.00 IPC) --  N/A  KHz (0.00 KHz) 
**Core 11 Thread 28 Finished:   insts:19          cycles:4942       (19764)  seconds:5     -- 0.00 IPC (0.00 IPC) --  N/A  KHz (0.00 KHz) 
**Core 03 Thread 09 Finished:   insts:19          cycles:4944       (19772)  seconds:6     -- 0.00 IPC (0.00 IPC) --  N/A  KHz (0.00 KHz) 
**Core 19 Thread 25 Finished:   insts:19          cycles:4944       (19772)  seconds:5     -- 0.00 IPC (0.00 IPC) --  N/A  KHz (0.00 KHz) 
**Core 18 Thread 06 Finished:   insts:19          cycles:4945       (19776)  seconds:5     -- 0.00 IPC (0.00 IPC) --  N/A  KHz (0.00 KHz) 
**Core 80 Thread 10 Finished:   insts:19          cycles:4950       (19796)  seconds:5     -- 0.00 IPC (0.00 IPC) --  N/A  KHz (0.00 KHz) 
**Core 80 Core_Total  Finished:   insts:304         cycles:4950       (19796) seconds:5     -- 0.06 IPC (0.06 IPC) --  N/A  KHz (0.06 KHz)
**Core 05 Thread 31 Finished:   insts:19          cycles:4951       (19800)  seconds:6     -- 0.00 IPC (0.00 IPC) --  N/A  KHz (0.00 KHz) 
**Core 89 Thread 06 Finished:   insts:19          cycles:4951       (19800)  seconds:5     -- 0.00 IPC (0.00 IPC) --  N/A  KHz (0.00 KHz) 
**Core 14 Thread 23 Finished:   insts:19          cycles:4952       (19804)  seconds:5     -- 0.00 IPC (0.00 IPC) --  N/A  KHz (0.00 KHz) 
**Core 99 Thread 07 Finished:   insts:19          cycles:4961       (19840)  seconds:5     -- 0.00 IPC (0.00 IPC) --  N/A  KHz (0.00 KHz) 
**Core 14 Thread 05 Finished:   insts:19          cycles:4964       (19852)  seconds:5     -- 0.00 IPC (0.00 IPC) --  N/A  KHz (0.00 KHz) 
**Core 02 Thread 19 Finished:   insts:19          cycles:4965       (19856)  seconds:6     -- 0.00 IPC (0.00 IPC) --  N/A  KHz (0.00 KHz) 
**Core 87 Thread 10 Finished:   insts:19          cycles:4965       (19856)  seconds:5     -- 0.00 IPC (0.00 IPC) --  N/A  KHz (0.00 KHz) 
**Core 87 Core_Total  Finished:   insts:304         cycles:4965       (19856) seconds:5     -- 0.06 IPC (0.06 IPC) --  N/A  KHz (0.06 KHz)
**Core 11 Thread 31 Finished:   insts:19          cycles:4967       (19864)  seconds:5     -- 0.00 IPC (0.00 IPC) --  N/A  KHz (0.00 KHz) 
**Core 03 Thread 10 Finished:   insts:19          cycles:4969       (19872)  seconds:6     -- 0.00 IPC (0.00 IPC) --  N/A  KHz (0.00 KHz) 
**Core 19 Thread 26 Finished:   insts:19          cycles:4969       (19872)  seconds:5     -- 0.00 IPC (0.00 IPC) --  N/A  KHz (0.00 KHz) 
**Core 18 Thread 07 Finished:   insts:19          cycles:4970       (19876)  seconds:5     -- 0.00 IPC (0.00 IPC) --  N/A  KHz (0.00 KHz) 
**Core 81 Thread 11 Finished:   insts:19          cycles:4975       (19896)  seconds:5     -- 0.00 IPC (0.00 IPC) --  N/A  KHz (0.00 KHz) 
**Core 89 Thread 07 Finished:   insts:19          cycles:4976       (19900)  seconds:5     -- 0.00 IPC (0.00 IPC) --  N/A  KHz (0.00 KHz) 
**Core 05 Thread 29 Finished:   insts:19          cycles:4976       (19900)  seconds:6     -- 0.00 IPC (0.00 IPC) --  N/A  KHz (0.00 KHz) 
**Core 14 Thread 24 Finished:   insts:19          cycles:4977       (19904)  seconds:5     -- 0.00 IPC (0.00 IPC) --  N/A  KHz (0.00 KHz) 
**Core 96 Thread 07 Finished:   insts:19          cycles:4986       (19940)  seconds:5     -- 0.00 IPC (0.00 IPC) --  N/A  KHz (0.00 KHz) 
**Core 14 Thread 06 Finished:   insts:19          cycles:4989       (19952)  seconds:5     -- 0.00 IPC (0.00 IPC) --  N/A  KHz (0.00 KHz) 
**Core 84 Thread 11 Finished:   insts:19          cycles:4990       (19956)  seconds:5     -- 0.00 IPC (0.00 IPC) --  N/A  KHz (0.00 KHz) 
**Core 02 Thread 25 Finished:   insts:19          cycles:4990       (19956)  seconds:6     -- 0.00 IPC (0.00 IPC) --  N/A  KHz (0.00 KHz) 
**Core 11 Thread 29 Finished:   insts:19          cycles:4992       (19964)  seconds:5     -- 0.00 IPC (0.00 IPC) --  N/A  KHz (0.00 KHz) 
**Core 03 Thread 11 Finished:   insts:19          cycles:4994       (19972)  seconds:6     -- 0.00 IPC (0.00 IPC) --  N/A  KHz (0.00 KHz) 
**Core 19 Thread 23 Finished:   insts:19          cycles:4994       (19972)  seconds:5     -- 0.00 IPC (0.00 IPC) --  N/A  KHz (0.00 KHz) 
**Core 17 Thread 04 Finished:   insts:19          cycles:4995       (19976)  seconds:5     -- 0.00 IPC (0.00 IPC) --  N/A  KHz (0.00 KHz) 
**Core 81 Thread 10 Finished:   insts:19          cycles:5000       (19996)  seconds:5     -- 0.00 IPC (0.00 IPC) --  N/A  KHz (0.00 KHz) 
**Core 81 Core_Total  Finished:   insts:304         cycles:5000       (19996) seconds:5     -- 0.06 IPC (0.06 IPC) --  N/A  KHz (0.06 KHz)
**Core 93 Thread 07 Finished:   insts:19          cycles:5001       (20000)  seconds:5     -- 0.00 IPC (0.00 IPC) --  N/A  KHz (0.00 KHz) 
**Core 06 Thread 28 Finished:   insts:19          cycles:5001       (20000)  seconds:6     -- 0.00 IPC (0.00 IPC) --  N/A  KHz (0.00 KHz) 
**Core 14 Thread 27 Finished:   insts:19          cycles:5002       (20004)  seconds:5     -- 0.00 IPC (0.00 IPC) --  N/A  KHz (0.00 KHz) 
**Core 97 Thread 06 Finished:   insts:19          cycles:5011       (20040)  seconds:5     -- 0.00 IPC (0.00 IPC) --  N/A  KHz (0.00 KHz) 
**Core 14 Thread 03 Finished:   insts:19          cycles:5014       (20052)  seconds:5     -- 0.00 IPC (0.00 IPC) --  N/A  KHz (0.00 KHz) 
**Core 84 Thread 10 Finished:   insts:19          cycles:5015       (20056)  seconds:5     -- 0.00 IPC (0.00 IPC) --  N/A  KHz (0.00 KHz) 
**Core 84 Core_Total  Finished:   insts:304         cycles:5015       (20056) seconds:5     -- 0.06 IPC (0.06 IPC) --  N/A  KHz (0.06 KHz)
**Core 107 Thread 02 Finished:   insts:19          cycles:5015       (20056)  seconds:4     -- 0.00 IPC (0.00 IPC) --  N/A  KHz (0.00 KHz) 
**Core 19 Thread 30 Finished:   insts:19          cycles:5019       (20072)  seconds:5     -- 0.00 IPC (0.00 IPC) --  N/A  KHz (0.00 KHz) 
**Core 18 Thread 08 Finished:   insts:19          cycles:5020       (20076)  seconds:5     -- 0.00 IPC (0.00 IPC) --  N/A  KHz (0.00 KHz) 
**Core 76 Thread 11 Finished:   insts:19          cycles:5025       (20096)  seconds:5     -- 0.00 IPC (0.00 IPC) --  N/A  KHz (0.00 KHz) 
**Core 90 Thread 06 Finished:   insts:19          cycles:5026       (20100)  seconds:5     -- 0.00 IPC (0.00 IPC) --  N/A  KHz (0.00 KHz) 
**Core 06 Thread 29 Finished:   insts:19          cycles:5026       (20100)  seconds:6     -- 0.00 IPC (0.00 IPC) --  N/A  KHz (0.00 KHz) 
**Core 14 Thread 31 Finished:   insts:19          cycles:5027       (20104)  seconds:5     -- 0.00 IPC (0.00 IPC) --  N/A  KHz (0.00 KHz) 
**Core 97 Thread 07 Finished:   insts:19          cycles:5036       (20140)  seconds:5     -- 0.00 IPC (0.00 IPC) --  N/A  KHz (0.00 KHz) 
**Core 14 Thread 04 Finished:   insts:19          cycles:5039       (20152)  seconds:5     -- 0.00 IPC (0.00 IPC) --  N/A  KHz (0.00 KHz) 
**Core 85 Thread 11 Finished:   insts:19          cycles:5040       (20156)  seconds:5     -- 0.00 IPC (0.00 IPC) --  N/A  KHz (0.00 KHz) 
**Core 02 Thread 26 Finished:   insts:19          cycles:5040       (20156)  seconds:6     -- 0.00 IPC (0.00 IPC) --  N/A  KHz (0.00 KHz) 
**Core 17 Thread 23 Finished:   insts:19          cycles:5044       (20172)  seconds:5     -- 0.00 IPC (0.00 IPC) --  N/A  KHz (0.00 KHz) 
**Core 18 Thread 10 Finished:   insts:19          cycles:5045       (20176)  seconds:5     -- 0.00 IPC (0.00 IPC) --  N/A  KHz (0.00 KHz) 
**Core 76 Thread 10 Finished:   insts:19          cycles:5050       (20196)  seconds:5     -- 0.00 IPC (0.00 IPC) --  N/A  KHz (0.00 KHz) 
**Core 76 Core_Total  Finished:   insts:304         cycles:5050       (20196) seconds:5     -- 0.06 IPC (0.06 IPC) --  N/A  KHz (0.06 KHz)
**Core 90 Thread 07 Finished:   insts:19          cycles:5051       (20200)  seconds:5     -- 0.00 IPC (0.00 IPC) --  N/A  KHz (0.00 KHz) 
**Core 06 Thread 31 Finished:   insts:19          cycles:5051       (20200)  seconds:6     -- 0.00 IPC (0.00 IPC) --  N/A  KHz (0.00 KHz) 
**Core 14 Thread 28 Finished:   insts:19          cycles:5052       (20204)  seconds:5     -- 0.00 IPC (0.00 IPC) --  N/A  KHz (0.00 KHz) 
**Core 98 Thread 06 Finished:   insts:19          cycles:5061       (20240)  seconds:5     -- 0.00 IPC (0.00 IPC) --  N/A  KHz (0.00 KHz) 
**Core 14 Thread 10 Finished:   insts:19          cycles:5064       (20252)  seconds:5     -- 0.00 IPC (0.00 IPC) --  N/A  KHz (0.00 KHz) 
**Core 103 Thread 00 Finished:   insts:19          cycles:5065       (20256)  seconds:5     -- 0.00 IPC (0.00 IPC) --  N/A  KHz (0.00 KHz) 
**Core 85 Thread 10 Finished:   insts:19          cycles:5065       (20256)  seconds:5     -- 0.00 IPC (0.00 IPC) --  N/A  KHz (0.00 KHz) 
**Core 85 Core_Total  Finished:   insts:304         cycles:5065       (20256) seconds:5     -- 0.06 IPC (0.06 IPC) --  N/A  KHz (0.06 KHz)
**Core 02 Thread 30 Finished:   insts:19          cycles:5066       (20260)  seconds:6     -- 0.00 IPC (0.00 IPC) --  N/A  KHz (0.00 KHz) 
**Core 19 Thread 27 Finished:   insts:19          cycles:5069       (20272)  seconds:5     -- 0.00 IPC (0.00 IPC) --  N/A  KHz (0.00 KHz) 
**Core 18 Thread 11 Finished:   insts:19          cycles:5070       (20276)  seconds:5     -- 0.00 IPC (0.00 IPC) --  N/A  KHz (0.00 KHz) 
**Core 18 Core_Total  Finished:   insts:608         cycles:5070       (20276) seconds:5     -- 0.12 IPC (0.12 IPC) --  N/A  KHz (0.12 KHz)
**Core 77 Thread 11 Finished:   insts:19          cycles:5075       (20296)  seconds:5     -- 0.00 IPC (0.00 IPC) --  N/A  KHz (0.00 KHz) 
**Core 07 Thread 16 Finished:   insts:19          cycles:5076       (20300)  seconds:5     -- 0.00 IPC (0.00 IPC) --  N/A  KHz (0.00 KHz) 
**Core 91 Thread 08 Finished:   insts:19          cycles:5076       (20300)  seconds:5     -- 0.00 IPC (0.00 IPC) --  N/A  KHz (0.00 KHz) 
**Core 14 Thread 29 Finished:   insts:19          cycles:5077       (20304)  seconds:5     -- 0.00 IPC (0.00 IPC) --  N/A  KHz (0.00 KHz) 
**Core 98 Thread 07 Finished:   insts:19          cycles:5086       (20340)  seconds:5     -- 0.00 IPC (0.00 IPC) --  N/A  KHz (0.00 KHz) 
**Core 14 Thread 07 Finished:   insts:19          cycles:5089       (20352)  seconds:5     -- 0.00 IPC (0.00 IPC) --  N/A  KHz (0.00 KHz) 
**Core 86 Thread 11 Finished:   insts:19          cycles:5090       (20356)  seconds:5     -- 0.00 IPC (0.00 IPC) --  N/A  KHz (0.00 KHz) 
**Core 103 Thread 01 Finished:   insts:19          cycles:5090       (20356)  seconds:5     -- 0.00 IPC (0.00 IPC) --  N/A  KHz (0.00 KHz) 
**Core 02 Thread 23 Finished:   insts:19          cycles:5091       (20360)  seconds:6     -- 0.00 IPC (0.00 IPC) --  N/A  KHz (0.00 KHz) 
**Core 19 Thread 24 Finished:   insts:19          cycles:5094       (20372)  seconds:5     -- 0.00 IPC (0.00 IPC) --  N/A  KHz (0.00 KHz) 
**Core 17 Thread 05 Finished:   insts:19          cycles:5095       (20376)  seconds:5     -- 0.00 IPC (0.00 IPC) --  N/A  KHz (0.00 KHz) 
**Core 77 Thread 10 Finished:   insts:19          cycles:5100       (20396)  seconds:5     -- 0.00 IPC (0.00 IPC) --  N/A  KHz (0.00 KHz) 
**Core 77 Core_Total  Finished:   insts:304         cycles:5100       (20396) seconds:5     -- 0.06 IPC (0.06 IPC) --  N/A  KHz (0.06 KHz)
**Core 91 Thread 09 Finished:   insts:19          cycles:5101       (20400)  seconds:5     -- 0.00 IPC (0.00 IPC) --  N/A  KHz (0.00 KHz) 
**Core 07 Thread 17 Finished:   insts:19          cycles:5101       (20400)  seconds:5     -- 0.00 IPC (0.00 IPC) --  N/A  KHz (0.00 KHz) 
**Core 15 Thread 19 Finished:   insts:19          cycles:5102       (20404)  seconds:5     -- 0.00 IPC (0.00 IPC) --  N/A  KHz (0.00 KHz) 
**Core 99 Thread 08 Finished:   insts:19          cycles:5111       (20440)  seconds:5     -- 0.00 IPC (0.00 IPC) --  N/A  KHz (0.00 KHz) 
**Core 14 Thread 08 Finished:   insts:19          cycles:5114       (20452)  seconds:5     -- 0.00 IPC (0.00 IPC) --  N/A  KHz (0.00 KHz) 
**Core 86 Thread 10 Finished:   insts:19          cycles:5115       (20456)  seconds:5     -- 0.00 IPC (0.00 IPC) --  N/A  KHz (0.00 KHz) 
**Core 86 Core_Total  Finished:   insts:304         cycles:5115       (20456) seconds:5     -- 0.06 IPC (0.06 IPC) --  N/A  KHz (0.06 KHz)
**Core 100 Thread 00 Finished:   insts:19          cycles:5115       (20456)  seconds:5     -- 0.00 IPC (0.00 IPC) --  N/A  KHz (0.00 KHz) 
**Core 02 Thread 24 Finished:   insts:19          cycles:5116       (20460)  seconds:6     -- 0.00 IPC (0.00 IPC) --  N/A  KHz (0.00 KHz) 
**Core 19 Thread 28 Finished:   insts:19          cycles:5119       (20472)  seconds:5     -- 0.00 IPC (0.00 IPC) --  N/A  KHz (0.00 KHz) 
**Core 17 Thread 07 Finished:   insts:19          cycles:5120       (20476)  seconds:5     -- 0.00 IPC (0.00 IPC) --  N/A  KHz (0.00 KHz) 
**Core 104 Thread 11 Finished:   insts:19          cycles:5125       (20496)  seconds:5     -- 0.00 IPC (0.00 IPC) --  N/A  KHz (0.00 KHz) 
**Core 88 Thread 08 Finished:   insts:19          cycles:5126       (20500)  seconds:5     -- 0.00 IPC (0.00 IPC) --  N/A  KHz (0.00 KHz) 
**Core 07 Thread 18 Finished:   insts:19          cycles:5126       (20500)  seconds:5     -- 0.00 IPC (0.00 IPC) --  N/A  KHz (0.00 KHz) 
**Core 15 Thread 25 Finished:   insts:19          cycles:5127       (20504)  seconds:5     -- 0.00 IPC (0.00 IPC) --  N/A  KHz (0.00 KHz) 
**Core 99 Thread 09 Finished:   insts:19          cycles:5136       (20540)  seconds:5     -- 0.00 IPC (0.00 IPC) --  N/A  KHz (0.00 KHz) 
**Core 14 Thread 09 Finished:   insts:19          cycles:5139       (20552)  seconds:5     -- 0.00 IPC (0.00 IPC) --  N/A  KHz (0.00 KHz) 
**Core 100 Thread 01 Finished:   insts:19          cycles:5140       (20556)  seconds:5     -- 0.00 IPC (0.00 IPC) --  N/A  KHz (0.00 KHz) 
**Core 02 Thread 27 Finished:   insts:19          cycles:5140       (20556)  seconds:6     -- 0.00 IPC (0.00 IPC) --  N/A  KHz (0.00 KHz) 
**Core 19 Thread 29 Finished:   insts:19          cycles:5144       (20572)  seconds:5     -- 0.00 IPC (0.00 IPC) --  N/A  KHz (0.00 KHz) 
**Core 19 Thread 01 Finished:   insts:19          cycles:5145       (20576)  seconds:5     -- 0.00 IPC (0.00 IPC) --  N/A  KHz (0.00 KHz) 
**Core 104 Thread 10 Finished:   insts:19          cycles:5150       (20596)  seconds:5     -- 0.00 IPC (0.00 IPC) --  N/A  KHz (0.00 KHz) 
**Core 104 Core_Total  Finished:   insts:304         cycles:5150       (20596) seconds:5     -- 0.06 IPC (0.06 IPC) --  N/A  KHz (0.06 KHz)
**Core 07 Thread 21 Finished:   insts:19          cycles:5151       (20600)  seconds:5     -- 0.00 IPC (0.00 IPC) --  N/A  KHz (0.00 KHz) 
**Core 15 Thread 26 Finished:   insts:19          cycles:5151       (20600)  seconds:5     -- 0.00 IPC (0.00 IPC) --  N/A  KHz (0.00 KHz) 
**Core 88 Thread 09 Finished:   insts:19          cycles:5152       (20604)  seconds:5     -- 0.00 IPC (0.00 IPC) --  N/A  KHz (0.00 KHz) 
**Core 96 Thread 08 Finished:   insts:19          cycles:5161       (20640)  seconds:5     -- 0.00 IPC (0.00 IPC) --  N/A  KHz (0.00 KHz) 
**Core 14 Thread 11 Finished:   insts:19          cycles:5164       (20652)  seconds:5     -- 0.00 IPC (0.00 IPC) --  N/A  KHz (0.00 KHz) 
**Core 14 Core_Total  Finished:   insts:608         cycles:5164       (20652) seconds:5     -- 0.12 IPC (0.12 IPC) --  N/A  KHz (0.12 KHz)
**Core 101 Thread 00 Finished:   insts:19          cycles:5165       (20656)  seconds:5     -- 0.00 IPC (0.00 IPC) --  N/A  KHz (0.00 KHz) 
**Core 02 Thread 29 Finished:   insts:19          cycles:5165       (20656)  seconds:6     -- 0.00 IPC (0.00 IPC) --  N/A  KHz (0.00 KHz) 
**Core 19 Thread 31 Finished:   insts:19          cycles:5169       (20672)  seconds:5     -- 0.00 IPC (0.00 IPC) --  N/A  KHz (0.00 KHz) 
**Core 19 Thread 00 Finished:   insts:19          cycles:5170       (20676)  seconds:5     -- 0.00 IPC (0.00 IPC) --  N/A  KHz (0.00 KHz) 
**Core 07 Thread 22 Finished:   insts:19          cycles:5176       (20700)  seconds:5     -- 0.00 IPC (0.00 IPC) --  N/A  KHz (0.00 KHz) 
**Core 92 Thread 08 Finished:   insts:19          cycles:5176       (20700)  seconds:5     -- 0.00 IPC (0.00 IPC) --  N/A  KHz (0.00 KHz) 
**Core 15 Thread 23 Finished:   insts:19          cycles:5177       (20704)  seconds:5     -- 0.00 IPC (0.00 IPC) --  N/A  KHz (0.00 KHz) 
**Core 94 Thread 08 Finished:   insts:19          cycles:5186       (20740)  seconds:5     -- 0.00 IPC (0.00 IPC) --  N/A  KHz (0.00 KHz) 
**Core 15 Thread 00 Finished:   insts:19          cycles:5189       (20752)  seconds:5     -- 0.00 IPC (0.00 IPC) --  N/A  KHz (0.00 KHz) 
**Core 101 Thread 01 Finished:   insts:19          cycles:5190       (20756)  seconds:5     -- 0.00 IPC (0.00 IPC) --  N/A  KHz (0.00 KHz) 
**Core 02 Thread 31 Finished:   insts:19          cycles:5190       (20756)  seconds:6     -- 0.00 IPC (0.00 IPC) --  N/A  KHz (0.00 KHz) 
**Core 17 Thread 24 Finished:   insts:19          cycles:5194       (20772)  seconds:5     -- 0.00 IPC (0.00 IPC) --  N/A  KHz (0.00 KHz) 
**Core 17 Thread 08 Finished:   insts:19          cycles:5195       (20776)  seconds:5     -- 0.00 IPC (0.00 IPC) --  N/A  KHz (0.00 KHz) 
**Core 92 Thread 09 Finished:   insts:19          cycles:5201       (20800)  seconds:5     -- 0.00 IPC (0.00 IPC) --  N/A  KHz (0.00 KHz) 
**Core 07 Thread 19 Finished:   insts:19          cycles:5201       (20800)  seconds:5     -- 0.00 IPC (0.00 IPC) --  N/A  KHz (0.00 KHz) 
**Core 15 Thread 24 Finished:   insts:19          cycles:5202       (20804)  seconds:5     -- 0.00 IPC (0.00 IPC) --  N/A  KHz (0.00 KHz) 
**Core 96 Thread 09 Finished:   insts:19          cycles:5211       (20840)  seconds:5     -- 0.00 IPC (0.00 IPC) --  N/A  KHz (0.00 KHz) 
**Core 15 Thread 01 Finished:   insts:19          cycles:5214       (20852)  seconds:5     -- 0.00 IPC (0.00 IPC) --  N/A  KHz (0.00 KHz) 
**Core 102 Thread 00 Finished:   insts:19          cycles:5215       (20856)  seconds:5     -- 0.00 IPC (0.00 IPC) --  N/A  KHz (0.00 KHz) 
**Core 02 Thread 28 Finished:   insts:19          cycles:5215       (20856)  seconds:6     -- 0.00 IPC (0.00 IPC) --  N/A  KHz (0.00 KHz) 
**Core 02 Core_Total  Finished:   insts:608         cycles:5215       (20856) seconds:6     -- 0.12 IPC (0.12 IPC) --  N/A  KHz (0.10 KHz)
**Core 17 Thread 30 Finished:   insts:19          cycles:5219       (20872)  seconds:5     -- 0.00 IPC (0.00 IPC) --  N/A  KHz (0.00 KHz) 
**Core 17 Thread 09 Finished:   insts:19          cycles:5220       (20876)  seconds:5     -- 0.00 IPC (0.00 IPC) --  N/A  KHz (0.00 KHz) 
**Core 105 Thread 11 Finished:   insts:19          cycles:5225       (20896)  seconds:5     -- 0.00 IPC (0.00 IPC) --  N/A  KHz (0.00 KHz) 
**Core 93 Thread 08 Finished:   insts:19          cycles:5226       (20900)  seconds:5     -- 0.00 IPC (0.00 IPC) --  N/A  KHz (0.00 KHz) 
**Core 07 Thread 20 Finished:   insts:19          cycles:5226       (20900)  seconds:5     -- 0.00 IPC (0.00 IPC) --  N/A  KHz (0.00 KHz) 
**Core 15 Thread 30 Finished:   insts:19          cycles:5227       (20904)  seconds:5     -- 0.00 IPC (0.00 IPC) --  N/A  KHz (0.00 KHz) 
**Core 94 Thread 09 Finished:   insts:19          cycles:5236       (20940)  seconds:5     -- 0.00 IPC (0.00 IPC) --  N/A  KHz (0.00 KHz) 
**Core 15 Thread 04 Finished:   insts:19          cycles:5239       (20952)  seconds:5     -- 0.00 IPC (0.00 IPC) --  N/A  KHz (0.00 KHz) 
**Core 102 Thread 01 Finished:   insts:19          cycles:5240       (20956)  seconds:5     -- 0.00 IPC (0.00 IPC) --  N/A  KHz (0.00 KHz) 
**Core 03 Thread 16 Finished:   insts:19          cycles:5240       (20956)  seconds:6     -- 0.00 IPC (0.00 IPC) --  N/A  KHz (0.00 KHz) 
**Core 17 Thread 27 Finished:   insts:19          cycles:5244       (20972)  seconds:5     -- 0.00 IPC (0.00 IPC) --  N/A  KHz (0.00 KHz) 
**Core 17 Thread 06 Finished:   insts:19          cycles:5245       (20976)  seconds:5     -- 0.00 IPC (0.00 IPC) --  N/A  KHz (0.00 KHz) 
**Core 105 Thread 10 Finished:   insts:19          cycles:5250       (20996)  seconds:5     -- 0.00 IPC (0.00 IPC) --  N/A  KHz (0.00 KHz) 
**Core 105 Core_Total  Finished:   insts:304         cycles:5250       (20996) seconds:5     -- 0.06 IPC (0.06 IPC) --  N/A  KHz (0.06 KHz)
**Core 89 Thread 08 Finished:   insts:19          cycles:5251       (21000)  seconds:5     -- 0.00 IPC (0.00 IPC) --  N/A  KHz (0.00 KHz) 
**Core 07 Thread 25 Finished:   insts:19          cycles:5251       (21000)  seconds:5     -- 0.00 IPC (0.00 IPC) --  N/A  KHz (0.00 KHz) 
**Core 15 Thread 27 Finished:   insts:19          cycles:5252       (21004)  seconds:5     -- 0.00 IPC (0.00 IPC) --  N/A  KHz (0.00 KHz) 
**Core 97 Thread 08 Finished:   insts:19          cycles:5261       (21040)  seconds:5     -- 0.00 IPC (0.00 IPC) --  N/A  KHz (0.00 KHz) 
**Core 15 Thread 02 Finished:   insts:19          cycles:5264       (21052)  seconds:5     -- 0.00 IPC (0.00 IPC) --  N/A  KHz (0.00 KHz) 
**Core 103 Thread 14 Finished:   insts:19          cycles:5265       (21056)  seconds:5     -- 0.00 IPC (0.00 IPC) --  N/A  KHz (0.00 KHz) 
**Core 03 Thread 17 Finished:   insts:19          cycles:5265       (21056)  seconds:6     -- 0.00 IPC (0.00 IPC) --  N/A  KHz (0.00 KHz) 
**Core 17 Thread 28 Finished:   insts:19          cycles:5269       (21072)  seconds:5     -- 0.00 IPC (0.00 IPC) --  N/A  KHz (0.00 KHz) 
**Core 19 Thread 02 Finished:   insts:19          cycles:5270       (21076)  seconds:5     -- 0.00 IPC (0.00 IPC) --  N/A  KHz (0.00 KHz) 
**Core 93 Thread 09 Finished:   insts:19          cycles:5276       (21100)  seconds:5     -- 0.00 IPC (0.00 IPC) --  N/A  KHz (0.00 KHz) 
**Core 07 Thread 23 Finished:   insts:19          cycles:5276       (21100)  seconds:5     -- 0.00 IPC (0.00 IPC) --  N/A  KHz (0.00 KHz) 
**Core 15 Thread 28 Finished:   insts:19          cycles:5277       (21104)  seconds:5     -- 0.00 IPC (0.00 IPC) --  N/A  KHz (0.00 KHz) 
**Core 97 Thread 09 Finished:   insts:19          cycles:5286       (21140)  seconds:5     -- 0.00 IPC (0.00 IPC) --  N/A  KHz (0.00 KHz) 
**Core 15 Thread 03 Finished:   insts:19          cycles:5289       (21152)  seconds:5     -- 0.00 IPC (0.00 IPC) --  N/A  KHz (0.00 KHz) 
**Core 03 Thread 21 Finished:   insts:19          cycles:5290       (21156)  seconds:6     -- 0.00 IPC (0.00 IPC) --  N/A  KHz (0.00 KHz) 
**Core 103 Thread 15 Finished:   insts:19          cycles:5290       (21156)  seconds:5     -- 0.00 IPC (0.00 IPC) --  N/A  KHz (0.00 KHz) 
**Core 17 Thread 29 Finished:   insts:19          cycles:5294       (21172)  seconds:5     -- 0.00 IPC (0.00 IPC) --  N/A  KHz (0.00 KHz) 
**Core 19 Thread 03 Finished:   insts:19          cycles:5295       (21176)  seconds:5     -- 0.00 IPC (0.00 IPC) --  N/A  KHz (0.00 KHz) 
**Core 89 Thread 09 Finished:   insts:19          cycles:5301       (21200)  seconds:5     -- 0.00 IPC (0.00 IPC) --  N/A  KHz (0.00 KHz) 
**Core 07 Thread 26 Finished:   insts:19          cycles:5301       (21200)  seconds:5     -- 0.00 IPC (0.00 IPC) --  N/A  KHz (0.00 KHz) 
**Core 15 Thread 29 Finished:   insts:19          cycles:5302       (21204)  seconds:5     -- 0.00 IPC (0.00 IPC) --  N/A  KHz (0.00 KHz) 
**Core 95 Thread 11 Finished:   insts:19          cycles:5311       (21240)  seconds:5     -- 0.00 IPC (0.00 IPC) --  N/A  KHz (0.00 KHz) 
**Core 15 Thread 05 Finished:   insts:19          cycles:5314       (21252)  seconds:5     -- 0.00 IPC (0.00 IPC) --  N/A  KHz (0.00 KHz) 
**Core 100 Thread 14 Finished:   insts:19          cycles:5315       (21256)  seconds:5     -- 0.00 IPC (0.00 IPC) --  N/A  KHz (0.00 KHz) 
**Core 03 Thread 18 Finished:   insts:19          cycles:5315       (21256)  seconds:6     -- 0.00 IPC (0.00 IPC) --  N/A  KHz (0.00 KHz) 
**Core 17 Thread 31 Finished:   insts:19          cycles:5319       (21272)  seconds:5     -- 0.00 IPC (0.00 IPC) --  N/A  KHz (0.00 KHz) 
**Core 19 Thread 04 Finished:   insts:19          cycles:5320       (21276)  seconds:5     -- 0.00 IPC (0.00 IPC) --  N/A  KHz (0.00 KHz) 
**Core 90 Thread 08 Finished:   insts:19          cycles:5326       (21300)  seconds:5     -- 0.00 IPC (0.00 IPC) --  N/A  KHz (0.00 KHz) 
**Core 07 Thread 24 Finished:   insts:19          cycles:5326       (21300)  seconds:5     -- 0.00 IPC (0.00 IPC) --  N/A  KHz (0.00 KHz) 
**Core 15 Thread 31 Finished:   insts:19          cycles:5327       (21304)  seconds:5     -- 0.00 IPC (0.00 IPC) --  N/A  KHz (0.00 KHz) 
**Core 95 Thread 10 Finished:   insts:19          cycles:5336       (21340)  seconds:5     -- 0.00 IPC (0.00 IPC) --  N/A  KHz (0.00 KHz) 
**Core 95 Core_Total  Finished:   insts:304         cycles:5336       (21340) seconds:5     -- 0.06 IPC (0.06 IPC) --  N/A  KHz (0.06 KHz)
**Core 15 Thread 06 Finished:   insts:19          cycles:5339       (21352)  seconds:5     -- 0.00 IPC (0.00 IPC) --  N/A  KHz (0.00 KHz) 
**Core 100 Thread 15 Finished:   insts:19          cycles:5340       (21356)  seconds:5     -- 0.00 IPC (0.00 IPC) --  N/A  KHz (0.00 KHz) 
**Core 03 Thread 20 Finished:   insts:19          cycles:5340       (21356)  seconds:6     -- 0.00 IPC (0.00 IPC) --  N/A  KHz (0.00 KHz) 
**Core 19 Thread 05 Finished:   insts:19          cycles:5345       (21376)  seconds:5     -- 0.00 IPC (0.00 IPC) --  N/A  KHz (0.00 KHz) 
**Core 90 Thread 09 Finished:   insts:19          cycles:5351       (21400)  seconds:5     -- 0.00 IPC (0.00 IPC) --  N/A  KHz (0.00 KHz) 
**Core 07 Thread 30 Finished:   insts:19          cycles:5351       (21400)  seconds:5     -- 0.00 IPC (0.00 IPC) --  N/A  KHz (0.00 KHz) 
**Core 98 Thread 08 Finished:   insts:19          cycles:5361       (21440)  seconds:5     -- 0.00 IPC (0.00 IPC) --  N/A  KHz (0.00 KHz) 
**Core 15 Thread 07 Finished:   insts:19          cycles:5364       (21452)  seconds:5     -- 0.00 IPC (0.00 IPC) --  N/A  KHz (0.00 KHz) 
**Core 101 Thread 14 Finished:   insts:19          cycles:5365       (21456)  seconds:5     -- 0.00 IPC (0.00 IPC) --  N/A  KHz (0.00 KHz) 
**Core 03 Thread 22 Finished:   insts:19          cycles:5365       (21456)  seconds:6     -- 0.00 IPC (0.00 IPC) --  N/A  KHz (0.00 KHz) 
**Core 19 Thread 08 Finished:   insts:19          cycles:5370       (21476)  seconds:5     -- 0.00 IPC (0.00 IPC) --  N/A  KHz (0.00 KHz) 
**Core 91 Thread 11 Finished:   insts:19          cycles:5376       (21500)  seconds:5     -- 0.00 IPC (0.00 IPC) --  N/A  KHz (0.00 KHz) 
**Core 07 Thread 29 Finished:   insts:19          cycles:5376       (21500)  seconds:5     -- 0.00 IPC (0.00 IPC) --  N/A  KHz (0.00 KHz) 
**Core 98 Thread 09 Finished:   insts:19          cycles:5386       (21540)  seconds:5     -- 0.00 IPC (0.00 IPC) --  N/A  KHz (0.00 KHz) 
**Core 15 Thread 10 Finished:   insts:19          cycles:5389       (21552)  seconds:5     -- 0.00 IPC (0.00 IPC) --  N/A  KHz (0.00 KHz) 
**Core 102 Thread 14 Finished:   insts:19          cycles:5390       (21556)  seconds:5     -- 0.00 IPC (0.00 IPC) --  N/A  KHz (0.00 KHz) 
**Core 03 Thread 25 Finished:   insts:19          cycles:5390       (21556)  seconds:6     -- 0.00 IPC (0.00 IPC) --  N/A  KHz (0.00 KHz) 
**Core 17 Thread 10 Finished:   insts:19          cycles:5395       (21576)  seconds:5     -- 0.00 IPC (0.00 IPC) --  N/A  KHz (0.00 KHz) 
**Core 07 Thread 27 Finished:   insts:19          cycles:5401       (21600)  seconds:5     -- 0.00 IPC (0.00 IPC) --  N/A  KHz (0.00 KHz) 
**Core 91 Thread 10 Finished:   insts:19          cycles:5401       (21600)  seconds:5     -- 0.00 IPC (0.00 IPC) --  N/A  KHz (0.00 KHz) 
**Core 91 Core_Total  Finished:   insts:304         cycles:5401       (21600) seconds:5     -- 0.06 IPC (0.06 IPC) --  N/A  KHz (0.06 KHz)
**Core 99 Thread 11 Finished:   insts:19          cycles:5411       (21640)  seconds:5     -- 0.00 IPC (0.00 IPC) --  N/A  KHz (0.00 KHz) 
**Core 15 Thread 08 Finished:   insts:19          cycles:5414       (21652)  seconds:5     -- 0.00 IPC (0.00 IPC) --  N/A  KHz (0.00 KHz) 
**Core 101 Thread 15 Finished:   insts:19          cycles:5415       (21656)  seconds:5     -- 0.00 IPC (0.00 IPC) --  N/A  KHz (0.00 KHz) 
**Core 03 Thread 26 Finished:   insts:19          cycles:5415       (21656)  seconds:6     -- 0.00 IPC (0.00 IPC) --  N/A  KHz (0.00 KHz) 
**Core 17 Thread 11 Finished:   insts:19          cycles:5420       (21676)  seconds:5     -- 0.00 IPC (0.00 IPC) --  N/A  KHz (0.00 KHz) 
**Core 17 Core_Total  Finished:   insts:608         cycles:5420       (21676) seconds:5     -- 0.11 IPC (0.11 IPC) --  N/A  KHz (0.12 KHz)
**Core 88 Thread 11 Finished:   insts:19          cycles:5426       (21700)  seconds:5     -- 0.00 IPC (0.00 IPC) --  N/A  KHz (0.00 KHz) 
**Core 07 Thread 31 Finished:   insts:19          cycles:5426       (21700)  seconds:5     -- 0.00 IPC (0.00 IPC) --  N/A  KHz (0.00 KHz) 
**Core 99 Thread 10 Finished:   insts:19          cycles:5436       (21740)  seconds:5     -- 0.00 IPC (0.00 IPC) --  N/A  KHz (0.00 KHz) 
**Core 99 Core_Total  Finished:   insts:304         cycles:5436       (21740) seconds:5     -- 0.06 IPC (0.06 IPC) --  N/A  KHz (0.06 KHz)
**Core 15 Thread 09 Finished:   insts:19          cycles:5439       (21752)  seconds:5     -- 0.00 IPC (0.00 IPC) --  N/A  KHz (0.00 KHz) 
**Core 102 Thread 15 Finished:   insts:19          cycles:5440       (21756)  seconds:5     -- 0.00 IPC (0.00 IPC) --  N/A  KHz (0.00 KHz) 
**Core 03 Thread 19 Finished:   insts:19          cycles:5440       (21756)  seconds:6     -- 0.00 IPC (0.00 IPC) --  N/A  KHz (0.00 KHz) 
**Core 19 Thread 09 Finished:   insts:19          cycles:5445       (21776)  seconds:5     -- 0.00 IPC (0.00 IPC) --  N/A  KHz (0.00 KHz) 
**Core 88 Thread 10 Finished:   insts:19          cycles:5451       (21800)  seconds:5     -- 0.00 IPC (0.00 IPC) --  N/A  KHz (0.00 KHz) 
**Core 88 Core_Total  Finished:   insts:304         cycles:5451       (21800) seconds:5     -- 0.06 IPC (0.06 IPC) --  N/A  KHz (0.06 KHz)
**Core 07 Thread 28 Finished:   insts:19          cycles:5451       (21800)  seconds:5     -- 0.00 IPC (0.00 IPC) --  N/A  KHz (0.00 KHz) 
**Core 96 Thread 11 Finished:   insts:19          cycles:5461       (21840)  seconds:5     -- 0.00 IPC (0.00 IPC) --  N/A  KHz (0.00 KHz) 
**Core 15 Thread 11 Finished:   insts:19          cycles:5464       (21852)  seconds:5     -- 0.00 IPC (0.00 IPC) --  N/A  KHz (0.00 KHz) 
**Core 15 Core_Total  Finished:   insts:608         cycles:5464       (21852) seconds:5     -- 0.11 IPC (0.11 IPC) --  N/A  KHz (0.12 KHz)
**Core 103 Thread 05 Finished:   insts:19          cycles:5465       (21856)  seconds:5     -- 0.00 IPC (0.00 IPC) --  N/A  KHz (0.00 KHz) 
**Core 03 Thread 30 Finished:   insts:19          cycles:5465       (21856)  seconds:6     -- 0.00 IPC (0.00 IPC) --  N/A  KHz (0.00 KHz) 
**Core 19 Thread 06 Finished:   insts:19          cycles:5470       (21876)  seconds:5     -- 0.00 IPC (0.00 IPC) --  N/A  KHz (0.00 KHz) 
**Core 92 Thread 11 Finished:   insts:19          cycles:5476       (21900)  seconds:5     -- 0.00 IPC (0.00 IPC) --  N/A  KHz (0.00 KHz) 
**Core 08 Thread 16 Finished:   insts:19          cycles:5476       (21900)  seconds:5     -- 0.00 IPC (0.00 IPC) --  N/A  KHz (0.00 KHz) 
**Core 94 Thread 11 Finished:   insts:19          cycles:5486       (21940)  seconds:5     -- 0.00 IPC (0.00 IPC) --  N/A  KHz (0.00 KHz) 
**Core 10 Thread 00 Finished:   insts:19          cycles:5489       (21952)  seconds:5     -- 0.00 IPC (0.00 IPC) --  N/A  KHz (0.00 KHz) 
**Core 103 Thread 02 Finished:   insts:19          cycles:5490       (21956)  seconds:5     -- 0.00 IPC (0.00 IPC) --  N/A  KHz (0.00 KHz) 
**Core 03 Thread 23 Finished:   insts:19          cycles:5490       (21956)  seconds:6     -- 0.00 IPC (0.00 IPC) --  N/A  KHz (0.00 KHz) 
**Core 19 Thread 07 Finished:   insts:19          cycles:5495       (21976)  seconds:5     -- 0.00 IPC (0.00 IPC) --  N/A  KHz (0.00 KHz) 
**Core 08 Thread 17 Finished:   insts:19          cycles:5501       (22000)  seconds:5     -- 0.00 IPC (0.00 IPC) --  N/A  KHz (0.00 KHz) 
**Core 92 Thread 10 Finished:   insts:19          cycles:5501       (22000)  seconds:5     -- 0.00 IPC (0.00 IPC) --  N/A  KHz (0.00 KHz) 
**Core 92 Core_Total  Finished:   insts:304         cycles:5501       (22000) seconds:5     -- 0.06 IPC (0.06 IPC) --  N/A  KHz (0.06 KHz)
**Core 96 Thread 10 Finished:   insts:19          cycles:5511       (22040)  seconds:5     -- 0.00 IPC (0.00 IPC) --  N/A  KHz (0.00 KHz) 
**Core 96 Core_Total  Finished:   insts:304         cycles:5511       (22040) seconds:5     -- 0.06 IPC (0.06 IPC) --  N/A  KHz (0.06 KHz)
**Core 10 Thread 01 Finished:   insts:19          cycles:5514       (22052)  seconds:5     -- 0.00 IPC (0.00 IPC) --  N/A  KHz (0.00 KHz) 
**Core 100 Thread 05 Finished:   insts:19          cycles:5515       (22056)  seconds:5     -- 0.00 IPC (0.00 IPC) --  N/A  KHz (0.00 KHz) 
**Core 03 Thread 24 Finished:   insts:19          cycles:5515       (22056)  seconds:6     -- 0.00 IPC (0.00 IPC) --  N/A  KHz (0.00 KHz) 
**Core 19 Thread 10 Finished:   insts:19          cycles:5520       (22076)  seconds:5     -- 0.00 IPC (0.00 IPC) --  N/A  KHz (0.00 KHz) 
**Core 90 Thread 11 Finished:   insts:19          cycles:5526       (22100)  seconds:5     -- 0.00 IPC (0.00 IPC) --  N/A  KHz (0.00 KHz) 
**Core 08 Thread 18 Finished:   insts:19          cycles:5526       (22100)  seconds:5     -- 0.00 IPC (0.00 IPC) --  N/A  KHz (0.00 KHz) 
**Core 94 Thread 10 Finished:   insts:19          cycles:5536       (22140)  seconds:5     -- 0.00 IPC (0.00 IPC) --  N/A  KHz (0.00 KHz) 
**Core 94 Core_Total  Finished:   insts:304         cycles:5536       (22140) seconds:5     -- 0.05 IPC (0.05 IPC) --  N/A  KHz (0.06 KHz)
**Core 10 Thread 02 Finished:   insts:19          cycles:5539       (22152)  seconds:5     -- 0.00 IPC (0.00 IPC) --  N/A  KHz (0.00 KHz) 
**Core 100 Thread 02 Finished:   insts:19          cycles:5540       (22156)  seconds:5     -- 0.00 IPC (0.00 IPC) --  N/A  KHz (0.00 KHz) 
**Core 03 Thread 27 Finished:   insts:19          cycles:5540       (22156)  seconds:6     -- 0.00 IPC (0.00 IPC) --  N/A  KHz (0.00 KHz) 
**Core 19 Thread 11 Finished:   insts:19          cycles:5545       (22176)  seconds:5     -- 0.00 IPC (0.00 IPC) --  N/A  KHz (0.00 KHz) 
**Core 19 Core_Total  Finished:   insts:608         cycles:5545       (22176) seconds:5     -- 0.11 IPC (0.11 IPC) --  N/A  KHz (0.12 KHz)
**Core 90 Thread 10 Finished:   insts:19          cycles:5551       (22200)  seconds:5     -- 0.00 IPC (0.00 IPC) --  N/A  KHz (0.00 KHz) 
**Core 90 Core_Total  Finished:   insts:304         cycles:5551       (22200) seconds:5     -- 0.05 IPC (0.05 IPC) --  N/A  KHz (0.06 KHz)
**Core 08 Thread 20 Finished:   insts:19          cycles:5551       (22200)  seconds:5     -- 0.00 IPC (0.00 IPC) --  N/A  KHz (0.00 KHz) 
**Core 97 Thread 11 Finished:   insts:19          cycles:5561       (22240)  seconds:5     -- 0.00 IPC (0.00 IPC) --  N/A  KHz (0.00 KHz) 
**Core 10 Thread 04 Finished:   insts:19          cycles:5564       (22252)  seconds:5     -- 0.00 IPC (0.00 IPC) --  N/A  KHz (0.00 KHz) 
**Core 101 Thread 05 Finished:   insts:19          cycles:5565       (22256)  seconds:5     -- 0.00 IPC (0.00 IPC) --  N/A  KHz (0.00 KHz) 
**Core 03 Thread 28 Finished:   insts:19          cycles:5565       (22256)  seconds:6     -- 0.00 IPC (0.00 IPC) --  N/A  KHz (0.00 KHz) 
**Core 93 Thread 11 Finished:   insts:19          cycles:5576       (22300)  seconds:5     -- 0.00 IPC (0.00 IPC) --  N/A  KHz (0.00 KHz) 
**Core 08 Thread 21 Finished:   insts:19          cycles:5576       (22300)  seconds:5     -- 0.00 IPC (0.00 IPC) --  N/A  KHz (0.00 KHz) 
**Core 97 Thread 10 Finished:   insts:19          cycles:5586       (22340)  seconds:5     -- 0.00 IPC (0.00 IPC) --  N/A  KHz (0.00 KHz) 
**Core 97 Core_Total  Finished:   insts:304         cycles:5586       (22340) seconds:5     -- 0.05 IPC (0.05 IPC) --  N/A  KHz (0.06 KHz)
**Core 10 Thread 05 Finished:   insts:19          cycles:5589       (22352)  seconds:5     -- 0.00 IPC (0.00 IPC) --  N/A  KHz (0.00 KHz) 
**Core 101 Thread 02 Finished:   insts:19          cycles:5590       (22356)  seconds:5     -- 0.00 IPC (0.00 IPC) --  N/A  KHz (0.00 KHz) 
**Core 03 Thread 31 Finished:   insts:19          cycles:5590       (22356)  seconds:6     -- 0.00 IPC (0.00 IPC) --  N/A  KHz (0.00 KHz) 
**Core 08 Thread 22 Finished:   insts:19          cycles:5601       (22400)  seconds:5     -- 0.00 IPC (0.00 IPC) --  N/A  KHz (0.00 KHz) 
**Core 89 Thread 11 Finished:   insts:19          cycles:5601       (22400)  seconds:5     -- 0.00 IPC (0.00 IPC) --  N/A  KHz (0.00 KHz) 
**Core 98 Thread 11 Finished:   insts:19          cycles:5611       (22440)  seconds:5     -- 0.00 IPC (0.00 IPC) --  N/A  KHz (0.00 KHz) 
**Core 10 Thread 06 Finished:   insts:19          cycles:5614       (22452)  seconds:5     -- 0.00 IPC (0.00 IPC) --  N/A  KHz (0.00 KHz) 
**Core 03 Thread 29 Finished:   insts:19          cycles:5615       (22456)  seconds:6     -- 0.00 IPC (0.00 IPC) --  N/A  KHz (0.00 KHz) 
**Core 03 Core_Total  Finished:   insts:608         cycles:5615       (22456) seconds:6     -- 0.11 IPC (0.11 IPC) --  N/A  KHz (0.10 KHz)
**Core 100 Thread 03 Finished:   insts:19          cycles:5615       (22456)  seconds:5     -- 0.00 IPC (0.00 IPC) --  N/A  KHz (0.00 KHz) 
**Core 93 Thread 10 Finished:   insts:19          cycles:5626       (22500)  seconds:5     -- 0.00 IPC (0.00 IPC) --  N/A  KHz (0.00 KHz) 
**Core 93 Core_Total  Finished:   insts:304         cycles:5626       (22500) seconds:5     -- 0.05 IPC (0.05 IPC) --  N/A  KHz (0.06 KHz)
**Core 08 Thread 19 Finished:   insts:19          cycles:5626       (22500)  seconds:5     -- 0.00 IPC (0.00 IPC) --  N/A  KHz (0.00 KHz) 
**Core 98 Thread 10 Finished:   insts:19          cycles:5636       (22540)  seconds:5     -- 0.00 IPC (0.00 IPC) --  N/A  KHz (0.00 KHz) 
**Core 98 Core_Total  Finished:   insts:304         cycles:5636       (22540) seconds:5     -- 0.05 IPC (0.05 IPC) --  N/A  KHz (0.06 KHz)
**Core 10 Thread 03 Finished:   insts:19          cycles:5639       (22552)  seconds:5     -- 0.00 IPC (0.00 IPC) --  N/A  KHz (0.00 KHz) 
**Core 100 Thread 04 Finished:   insts:19          cycles:5640       (22556)  seconds:5     -- 0.00 IPC (0.00 IPC) --  N/A  KHz (0.00 KHz) 
**Core 106 Thread 05 Finished:   insts:19          cycles:5640       (22556)  seconds:5     -- 0.00 IPC (0.00 IPC) --  N/A  KHz (0.00 KHz) 
**Core 89 Thread 10 Finished:   insts:19          cycles:5651       (22600)  seconds:5     -- 0.00 IPC (0.00 IPC) --  N/A  KHz (0.00 KHz) 
**Core 89 Core_Total  Finished:   insts:304         cycles:5651       (22600) seconds:5     -- 0.05 IPC (0.05 IPC) --  N/A  KHz (0.06 KHz)
**Core 08 Thread 25 Finished:   insts:19          cycles:5651       (22600)  seconds:5     -- 0.00 IPC (0.00 IPC) --  N/A  KHz (0.00 KHz) 
**Core 10 Thread 09 Finished:   insts:19          cycles:5664       (22652)  seconds:5     -- 0.00 IPC (0.00 IPC) --  N/A  KHz (0.00 KHz) 
**Core 101 Thread 03 Finished:   insts:19          cycles:5665       (22656)  seconds:5     -- 0.00 IPC (0.00 IPC) --  N/A  KHz (0.00 KHz) 
**Core 106 Thread 02 Finished:   insts:19          cycles:5665       (22656)  seconds:5     -- 0.00 IPC (0.00 IPC) --  N/A  KHz (0.00 KHz) 
**Core 08 Thread 26 Finished:   insts:19          cycles:5676       (22700)  seconds:5     -- 0.00 IPC (0.00 IPC) --  N/A  KHz (0.00 KHz) 
**Core 10 Thread 10 Finished:   insts:19          cycles:5689       (22752)  seconds:5     -- 0.00 IPC (0.00 IPC) --  N/A  KHz (0.00 KHz) 
**Core 101 Thread 04 Finished:   insts:19          cycles:5690       (22756)  seconds:5     -- 0.00 IPC (0.00 IPC) --  N/A  KHz (0.00 KHz) 
**Core 107 Thread 03 Finished:   insts:19          cycles:5690       (22756)  seconds:4     -- 0.00 IPC (0.00 IPC) --  N/A  KHz (0.00 KHz) 
**Core 08 Thread 23 Finished:   insts:19          cycles:5701       (22800)  seconds:5     -- 0.00 IPC (0.00 IPC) --  N/A  KHz (0.00 KHz) 
**Core 04 Thread 12 Finished:   insts:19          cycles:5708       (22828)  seconds:6     -- 0.00 IPC (0.00 IPC) --  N/A  KHz (0.00 KHz) 
**Core 10 Thread 07 Finished:   insts:19          cycles:5714       (22852)  seconds:5     -- 0.00 IPC (0.00 IPC) --  N/A  KHz (0.00 KHz) 
**Core 100 Thread 06 Finished:   insts:19          cycles:5715       (22856)  seconds:5     -- 0.00 IPC (0.00 IPC) --  N/A  KHz (0.00 KHz) 
**Core 107 Thread 04 Finished:   insts:19          cycles:5715       (22856)  seconds:4     -- 0.00 IPC (0.00 IPC) --  N/A  KHz (0.00 KHz) 
**Core 08 Thread 24 Finished:   insts:19          cycles:5726       (22900)  seconds:5     -- 0.00 IPC (0.00 IPC) --  N/A  KHz (0.00 KHz) 
**Core 04 Thread 13 Finished:   insts:19          cycles:5733       (22928)  seconds:6     -- 0.00 IPC (0.00 IPC) --  N/A  KHz (0.00 KHz) 
**Core 10 Thread 08 Finished:   insts:19          cycles:5739       (22952)  seconds:5     -- 0.00 IPC (0.00 IPC) --  N/A  KHz (0.00 KHz) 
**Core 100 Thread 07 Finished:   insts:19          cycles:5740       (22956)  seconds:5     -- 0.00 IPC (0.00 IPC) --  N/A  KHz (0.00 KHz) 
**Core 106 Thread 03 Finished:   insts:19          cycles:5740       (22956)  seconds:5     -- 0.00 IPC (0.00 IPC) --  N/A  KHz (0.00 KHz) 
**Core 08 Thread 30 Finished:   insts:19          cycles:5751       (23000)  seconds:5     -- 0.00 IPC (0.00 IPC) --  N/A  KHz (0.00 KHz) 
**Core 04 Thread 14 Finished:   insts:19          cycles:5758       (23028)  seconds:6     -- 0.00 IPC (0.00 IPC) --  N/A  KHz (0.00 KHz) 
**Core 10 Thread 11 Finished:   insts:19          cycles:5764       (23052)  seconds:5     -- 0.00 IPC (0.00 IPC) --  N/A  KHz (0.00 KHz) 
**Core 10 Core_Total  Finished:   insts:608         cycles:5764       (23052) seconds:5     -- 0.11 IPC (0.11 IPC) --  N/A  KHz (0.12 KHz)
**Core 101 Thread 06 Finished:   insts:19          cycles:5765       (23056)  seconds:5     -- 0.00 IPC (0.00 IPC) --  N/A  KHz (0.00 KHz) 
**Core 106 Thread 04 Finished:   insts:19          cycles:5765       (23056)  seconds:5     -- 0.00 IPC (0.00 IPC) --  N/A  KHz (0.00 KHz) 
**Core 08 Thread 27 Finished:   insts:19          cycles:5776       (23100)  seconds:5     -- 0.00 IPC (0.00 IPC) --  N/A  KHz (0.00 KHz) 
**Core 04 Thread 15 Finished:   insts:19          cycles:5783       (23128)  seconds:6     -- 0.00 IPC (0.00 IPC) --  N/A  KHz (0.00 KHz) 
**Core 11 Thread 00 Finished:   insts:19          cycles:5789       (23152)  seconds:5     -- 0.00 IPC (0.00 IPC) --  N/A  KHz (0.00 KHz) 
**Core 101 Thread 07 Finished:   insts:19          cycles:5790       (23156)  seconds:5     -- 0.00 IPC (0.00 IPC) --  N/A  KHz (0.00 KHz) 
**Core 107 Thread 06 Finished:   insts:19          cycles:5790       (23156)  seconds:4     -- 0.00 IPC (0.00 IPC) --  N/A  KHz (0.00 KHz) 
**Core 08 Thread 28 Finished:   insts:19          cycles:5801       (23200)  seconds:5     -- 0.00 IPC (0.00 IPC) --  N/A  KHz (0.00 KHz) 
**Core 04 Thread 00 Finished:   insts:19          cycles:5808       (23228)  seconds:6     -- 0.00 IPC (0.00 IPC) --  N/A  KHz (0.00 KHz) 
**Core 11 Thread 01 Finished:   insts:19          cycles:5814       (23252)  seconds:5     -- 0.00 IPC (0.00 IPC) --  N/A  KHz (0.00 KHz) 
**Core 100 Thread 08 Finished:   insts:19          cycles:5815       (23256)  seconds:5     -- 0.00 IPC (0.00 IPC) --  N/A  KHz (0.00 KHz) 
**Core 107 Thread 07 Finished:   insts:19          cycles:5815       (23256)  seconds:4     -- 0.00 IPC (0.00 IPC) --  N/A  KHz (0.00 KHz) 
**Core 08 Thread 31 Finished:   insts:19          cycles:5826       (23300)  seconds:5     -- 0.00 IPC (0.00 IPC) --  N/A  KHz (0.00 KHz) 
**Core 04 Thread 01 Finished:   insts:19          cycles:5833       (23328)  seconds:6     -- 0.00 IPC (0.00 IPC) --  N/A  KHz (0.00 KHz) 
**Core 11 Thread 02 Finished:   insts:19          cycles:5839       (23352)  seconds:5     -- 0.00 IPC (0.00 IPC) --  N/A  KHz (0.00 KHz) 
**Core 100 Thread 09 Finished:   insts:19          cycles:5840       (23356)  seconds:5     -- 0.00 IPC (0.00 IPC) --  N/A  KHz (0.00 KHz) 
**Core 106 Thread 06 Finished:   insts:19          cycles:5840       (23356)  seconds:5     -- 0.00 IPC (0.00 IPC) --  N/A  KHz (0.00 KHz) 
**Core 08 Thread 29 Finished:   insts:19          cycles:5851       (23400)  seconds:5     -- 0.00 IPC (0.00 IPC) --  N/A  KHz (0.00 KHz) 
**Core 08 Core_Total  Finished:   insts:608         cycles:5851       (23400) seconds:5     -- 0.10 IPC (0.10 IPC) --  N/A  KHz (0.12 KHz)
**Core 04 Thread 02 Finished:   insts:19          cycles:5858       (23428)  seconds:6     -- 0.00 IPC (0.00 IPC) --  N/A  KHz (0.00 KHz) 
**Core 11 Thread 04 Finished:   insts:19          cycles:5864       (23452)  seconds:5     -- 0.00 IPC (0.00 IPC) --  N/A  KHz (0.00 KHz) 
**Core 102 Thread 05 Finished:   insts:19          cycles:5865       (23456)  seconds:5     -- 0.00 IPC (0.00 IPC) --  N/A  KHz (0.00 KHz) 
**Core 106 Thread 07 Finished:   insts:19          cycles:5865       (23456)  seconds:5     -- 0.00 IPC (0.00 IPC) --  N/A  KHz (0.00 KHz) 
**Core 09 Thread 16 Finished:   insts:19          cycles:5876       (23500)  seconds:5     -- 0.00 IPC (0.00 IPC) --  N/A  KHz (0.00 KHz) 
**Core 04 Thread 03 Finished:   insts:19          cycles:5883       (23528)  seconds:6     -- 0.00 IPC (0.00 IPC) --  N/A  KHz (0.00 KHz) 
**Core 11 Thread 05 Finished:   insts:19          cycles:5889       (23552)  seconds:5     -- 0.00 IPC (0.00 IPC) --  N/A  KHz (0.00 KHz) 
**Core 101 Thread 08 Finished:   insts:19          cycles:5890       (23556)  seconds:5     -- 0.00 IPC (0.00 IPC) --  N/A  KHz (0.00 KHz) 
**Core 107 Thread 08 Finished:   insts:19          cycles:5890       (23556)  seconds:4     -- 0.00 IPC (0.00 IPC) --  N/A  KHz (0.00 KHz) 
**Core 09 Thread 20 Finished:   insts:19          cycles:5901       (23600)  seconds:5     -- 0.00 IPC (0.00 IPC) --  N/A  KHz (0.00 KHz) 
**Core 04 Thread 04 Finished:   insts:19          cycles:5908       (23628)  seconds:6     -- 0.00 IPC (0.00 IPC) --  N/A  KHz (0.00 KHz) 
**Core 11 Thread 06 Finished:   insts:19          cycles:5914       (23652)  seconds:5     -- 0.00 IPC (0.00 IPC) --  N/A  KHz (0.00 KHz) 
**Core 102 Thread 02 Finished:   insts:19          cycles:5915       (23656)  seconds:5     -- 0.00 IPC (0.00 IPC) --  N/A  KHz (0.00 KHz) 
**Core 107 Thread 09 Finished:   insts:19          cycles:5915       (23656)  seconds:4     -- 0.00 IPC (0.00 IPC) --  N/A  KHz (0.00 KHz) 
**Core 09 Thread 17 Finished:   insts:19          cycles:5926       (23700)  seconds:5     -- 0.00 IPC (0.00 IPC) --  N/A  KHz (0.00 KHz) 
**Core 04 Thread 05 Finished:   insts:19          cycles:5933       (23728)  seconds:6     -- 0.00 IPC (0.00 IPC) --  N/A  KHz (0.00 KHz) 
**Core 11 Thread 03 Finished:   insts:19          cycles:5939       (23752)  seconds:5     -- 0.00 IPC (0.00 IPC) --  N/A  KHz (0.00 KHz) 
**Core 101 Thread 09 Finished:   insts:19          cycles:5940       (23756)  seconds:5     -- 0.00 IPC (0.00 IPC) --  N/A  KHz (0.00 KHz) 
**Core 106 Thread 08 Finished:   insts:19          cycles:5940       (23756)  seconds:5     -- 0.00 IPC (0.00 IPC) --  N/A  KHz (0.00 KHz) 
**Core 09 Thread 18 Finished:   insts:19          cycles:5951       (23800)  seconds:5     -- 0.00 IPC (0.00 IPC) --  N/A  KHz (0.00 KHz) 
**Core 04 Thread 06 Finished:   insts:19          cycles:5958       (23828)  seconds:6     -- 0.00 IPC (0.00 IPC) --  N/A  KHz (0.00 KHz) 
**Core 11 Thread 09 Finished:   insts:19          cycles:5964       (23852)  seconds:5     -- 0.00 IPC (0.00 IPC) --  N/A  KHz (0.00 KHz) 
**Core 103 Thread 03 Finished:   insts:19          cycles:5965       (23856)  seconds:5     -- 0.00 IPC (0.00 IPC) --  N/A  KHz (0.00 KHz) 
**Core 106 Thread 09 Finished:   insts:19          cycles:5965       (23856)  seconds:5     -- 0.00 IPC (0.00 IPC) --  N/A  KHz (0.00 KHz) 
**Core 09 Thread 19 Finished:   insts:19          cycles:5976       (23900)  seconds:5     -- 0.00 IPC (0.00 IPC) --  N/A  KHz (0.00 KHz) 
**Core 04 Thread 07 Finished:   insts:19          cycles:5983       (23928)  seconds:6     -- 0.00 IPC (0.00 IPC) --  N/A  KHz (0.00 KHz) 
**Core 11 Thread 10 Finished:   insts:19          cycles:5989       (23952)  seconds:5     -- 0.00 IPC (0.00 IPC) --  N/A  KHz (0.00 KHz) 
**Core 103 Thread 04 Finished:   insts:19          cycles:5990       (23956)  seconds:5     -- 0.00 IPC (0.00 IPC) --  N/A  KHz (0.00 KHz) 
**Core 107 Thread 11 Finished:   insts:19          cycles:5990       (23956)  seconds:4     -- 0.00 IPC (0.00 IPC) --  N/A  KHz (0.00 KHz) 
**Core 09 Thread 21 Finished:   insts:19          cycles:6001       (24000)  seconds:5     -- 0.00 IPC (0.00 IPC) --  N/A  KHz (0.00 KHz) 
**Core 04 Thread 08 Finished:   insts:19          cycles:6008       (24028)  seconds:6     -- 0.00 IPC (0.00 IPC) --  N/A  KHz (0.00 KHz) 
**Core 11 Thread 07 Finished:   insts:19          cycles:6014       (24052)  seconds:5     -- 0.00 IPC (0.00 IPC) --  N/A  KHz (0.00 KHz) 
**Core 100 Thread 11 Finished:   insts:19          cycles:6015       (24056)  seconds:5     -- 0.00 IPC (0.00 IPC) --  N/A  KHz (0.00 KHz) 
**Core 107 Thread 10 Finished:   insts:19          cycles:6015       (24056)  seconds:4     -- 0.00 IPC (0.00 IPC) --  N/A  KHz (0.00 KHz) 
**Core 107 Core_Total  Finished:   insts:304         cycles:6015       (24056) seconds:4     -- 0.05 IPC (0.05 IPC) --  N/A  KHz (0.08 KHz)
**Core 09 Thread 22 Finished:   insts:19          cycles:6026       (24100)  seconds:5     -- 0.00 IPC (0.00 IPC) --  N/A  KHz (0.00 KHz) 
**Core 04 Thread 09 Finished:   insts:19          cycles:6033       (24128)  seconds:6     -- 0.00 IPC (0.00 IPC) --  N/A  KHz (0.00 KHz) 
**Core 11 Thread 08 Finished:   insts:19          cycles:6039       (24152)  seconds:5     -- 0.00 IPC (0.00 IPC) --  N/A  KHz (0.00 KHz) 
**Core 100 Thread 10 Finished:   insts:19          cycles:6040       (24156)  seconds:5     -- 0.00 IPC (0.00 IPC) --  N/A  KHz (0.00 KHz) 
**Core 100 Core_Total  Finished:   insts:304         cycles:6040       (24156) seconds:5     -- 0.05 IPC (0.05 IPC) --  N/A  KHz (0.06 KHz)
**Core 106 Thread 11 Finished:   insts:19          cycles:6040       (24156)  seconds:5     -- 0.00 IPC (0.00 IPC) --  N/A  KHz (0.00 KHz) 
**Core 09 Thread 23 Finished:   insts:19          cycles:6051       (24200)  seconds:5     -- 0.00 IPC (0.00 IPC) --  N/A  KHz (0.00 KHz) 
**Core 04 Thread 10 Finished:   insts:19          cycles:6058       (24228)  seconds:6     -- 0.00 IPC (0.00 IPC) --  N/A  KHz (0.00 KHz) 
**Core 11 Thread 11 Finished:   insts:19          cycles:6064       (24252)  seconds:5     -- 0.00 IPC (0.00 IPC) --  N/A  KHz (0.00 KHz) 
**Core 11 Core_Total  Finished:   insts:608         cycles:6064       (24252) seconds:5     -- 0.10 IPC (0.10 IPC) --  N/A  KHz (0.12 KHz)
**Core 102 Thread 03 Finished:   insts:19          cycles:6065       (24256)  seconds:5     -- 0.00 IPC (0.00 IPC) --  N/A  KHz (0.00 KHz) 
**Core 106 Thread 10 Finished:   insts:19          cycles:6065       (24256)  seconds:5     -- 0.00 IPC (0.00 IPC) --  N/A  KHz (0.00 KHz) 
**Core 106 Core_Total  Finished:   insts:304         cycles:6065       (24256) seconds:5     -- 0.05 IPC (0.05 IPC) --  N/A  KHz (0.06 KHz)
**Core 09 Thread 26 Finished:   insts:19          cycles:6076       (24300)  seconds:5     -- 0.00 IPC (0.00 IPC) --  N/A  KHz (0.00 KHz) 
**Core 04 Thread 11 Finished:   insts:19          cycles:6083       (24328)  seconds:6     -- 0.00 IPC (0.00 IPC) --  N/A  KHz (0.00 KHz) 
**Core 04 Core_Total  Finished:   insts:608         cycles:6083       (24328) seconds:6     -- 0.10 IPC (0.10 IPC) --  N/A  KHz (0.10 KHz)
**Core 102 Thread 04 Finished:   insts:19          cycles:6090       (24356)  seconds:5     -- 0.00 IPC (0.00 IPC) --  N/A  KHz (0.00 KHz) 
**Core 09 Thread 25 Finished:   insts:19          cycles:6101       (24400)  seconds:5     -- 0.00 IPC (0.00 IPC) --  N/A  KHz (0.00 KHz) 
**Core 06 Thread 12 Finished:   insts:19          cycles:6108       (24428)  seconds:6     -- 0.00 IPC (0.00 IPC) --  N/A  KHz (0.00 KHz) 
**Core 101 Thread 11 Finished:   insts:19          cycles:6115       (24456)  seconds:5     -- 0.00 IPC (0.00 IPC) --  N/A  KHz (0.00 KHz) 
**Core 09 Thread 24 Finished:   insts:19          cycles:6126       (24500)  seconds:5     -- 0.00 IPC (0.00 IPC) --  N/A  KHz (0.00 KHz) 
**Core 06 Thread 13 Finished:   insts:19          cycles:6133       (24528)  seconds:6     -- 0.00 IPC (0.00 IPC) --  N/A  KHz (0.00 KHz) 
**Core 101 Thread 10 Finished:   insts:19          cycles:6140       (24556)  seconds:5     -- 0.00 IPC (0.00 IPC) --  N/A  KHz (0.00 KHz) 
**Core 101 Core_Total  Finished:   insts:304         cycles:6140       (24556) seconds:5     -- 0.05 IPC (0.05 IPC) --  N/A  KHz (0.06 KHz)
**Core 09 Thread 28 Finished:   insts:19          cycles:6151       (24600)  seconds:5     -- 0.00 IPC (0.00 IPC) --  N/A  KHz (0.00 KHz) 
**Core 06 Thread 14 Finished:   insts:19          cycles:6158       (24628)  seconds:6     -- 0.00 IPC (0.00 IPC) --  N/A  KHz (0.00 KHz) 
**Core 103 Thread 06 Finished:   insts:19          cycles:6165       (24656)  seconds:5     -- 0.00 IPC (0.00 IPC) --  N/A  KHz (0.00 KHz) 
**Core 09 Thread 30 Finished:   insts:19          cycles:6176       (24700)  seconds:5     -- 0.00 IPC (0.00 IPC) --  N/A  KHz (0.00 KHz) 
**Core 06 Thread 15 Finished:   insts:19          cycles:6183       (24728)  seconds:6     -- 0.00 IPC (0.00 IPC) --  N/A  KHz (0.00 KHz) 
**Core 103 Thread 07 Finished:   insts:19          cycles:6190       (24756)  seconds:5     -- 0.00 IPC (0.00 IPC) --  N/A  KHz (0.00 KHz) 
**Core 09 Thread 27 Finished:   insts:19          cycles:6201       (24800)  seconds:5     -- 0.00 IPC (0.00 IPC) --  N/A  KHz (0.00 KHz) 
**Core 06 Thread 00 Finished:   insts:19          cycles:6208       (24828)  seconds:6     -- 0.00 IPC (0.00 IPC) --  N/A  KHz (0.00 KHz) 
**Core 102 Thread 06 Finished:   insts:19          cycles:6215       (24856)  seconds:5     -- 0.00 IPC (0.00 IPC) --  N/A  KHz (0.00 KHz) 
**Core 09 Thread 29 Finished:   insts:19          cycles:6226       (24900)  seconds:5     -- 0.00 IPC (0.00 IPC) --  N/A  KHz (0.00 KHz) 
**Core 06 Thread 02 Finished:   insts:19          cycles:6233       (24928)  seconds:6     -- 0.00 IPC (0.00 IPC) --  N/A  KHz (0.00 KHz) 
**Core 102 Thread 07 Finished:   insts:19          cycles:6240       (24956)  seconds:5     -- 0.00 IPC (0.00 IPC) --  N/A  KHz (0.00 KHz) 
**Core 09 Thread 31 Finished:   insts:19          cycles:6251       (25000)  seconds:5     -- 0.00 IPC (0.00 IPC) --  N/A  KHz (0.00 KHz) 
**Core 09 Core_Total  Finished:   insts:608         cycles:6251       (25000) seconds:5     -- 0.10 IPC (0.10 IPC) --  N/A  KHz (0.12 KHz)
**Core 05 Thread 12 Finished:   insts:19          cycles:6258       (25028)  seconds:6     -- 0.00 IPC (0.00 IPC) --  N/A  KHz (0.00 KHz) 
**Core 103 Thread 08 Finished:   insts:19          cycles:6265       (25056)  seconds:5     -- 0.00 IPC (0.00 IPC) --  N/A  KHz (0.00 KHz) 
**Core 05 Thread 13 Finished:   insts:19          cycles:6283       (25128)  seconds:6     -- 0.00 IPC (0.00 IPC) --  N/A  KHz (0.00 KHz) 
**Core 103 Thread 09 Finished:   insts:19          cycles:6290       (25156)  seconds:5     -- 0.00 IPC (0.00 IPC) --  N/A  KHz (0.00 KHz) 
**Core 05 Thread 14 Finished:   insts:19          cycles:6308       (25228)  seconds:6     -- 0.00 IPC (0.00 IPC) --  N/A  KHz (0.00 KHz) 
**Core 102 Thread 08 Finished:   insts:19          cycles:6315       (25256)  seconds:5     -- 0.00 IPC (0.00 IPC) --  N/A  KHz (0.00 KHz) 
**Core 05 Thread 15 Finished:   insts:19          cycles:6333       (25328)  seconds:6     -- 0.00 IPC (0.00 IPC) --  N/A  KHz (0.00 KHz) 
**Core 102 Thread 09 Finished:   insts:19          cycles:6340       (25356)  seconds:5     -- 0.00 IPC (0.00 IPC) --  N/A  KHz (0.00 KHz) 
**Core 06 Thread 01 Finished:   insts:19          cycles:6358       (25428)  seconds:6     -- 0.00 IPC (0.00 IPC) --  N/A  KHz (0.00 KHz) 
**Core 103 Thread 11 Finished:   insts:19          cycles:6365       (25456)  seconds:5     -- 0.00 IPC (0.00 IPC) --  N/A  KHz (0.00 KHz) 
**Core 06 Thread 06 Finished:   insts:19          cycles:6383       (25528)  seconds:6     -- 0.00 IPC (0.00 IPC) --  N/A  KHz (0.00 KHz) 
**Core 103 Thread 10 Finished:   insts:19          cycles:6390       (25556)  seconds:5     -- 0.00 IPC (0.00 IPC) --  N/A  KHz (0.00 KHz) 
**Core 103 Core_Total  Finished:   insts:304         cycles:6390       (25556) seconds:5     -- 0.05 IPC (0.05 IPC) --  N/A  KHz (0.06 KHz)
**Core 06 Thread 04 Finished:   insts:19          cycles:6408       (25628)  seconds:6     -- 0.00 IPC (0.00 IPC) --  N/A  KHz (0.00 KHz) 
**Core 102 Thread 11 Finished:   insts:19          cycles:6415       (25656)  seconds:5     -- 0.00 IPC (0.00 IPC) --  N/A  KHz (0.00 KHz) 
**Core 06 Thread 10 Finished:   insts:19          cycles:6433       (25728)  seconds:6     -- 0.00 IPC (0.00 IPC) --  N/A  KHz (0.00 KHz) 
**Core 102 Thread 10 Finished:   insts:19          cycles:6440       (25756)  seconds:5     -- 0.00 IPC (0.00 IPC) --  N/A  KHz (0.00 KHz) 
**Core 102 Core_Total  Finished:   insts:304         cycles:6440       (25756) seconds:5     -- 0.05 IPC (0.05 IPC) --  N/A  KHz (0.06 KHz)
**Core 06 Thread 05 Finished:   insts:19          cycles:6458       (25828)  seconds:6     -- 0.00 IPC (0.00 IPC) --  N/A  KHz (0.00 KHz) 
**Core 05 Thread 00 Finished:   insts:19          cycles:6483       (25928)  seconds:6     -- 0.00 IPC (0.00 IPC) --  N/A  KHz (0.00 KHz) 
**Core 05 Thread 01 Finished:   insts:19          cycles:6508       (26028)  seconds:6     -- 0.00 IPC (0.00 IPC) --  N/A  KHz (0.00 KHz) 
**Core 05 Thread 02 Finished:   insts:19          cycles:6533       (26128)  seconds:6     -- 0.00 IPC (0.00 IPC) --  N/A  KHz (0.00 KHz) 
**Core 05 Thread 03 Finished:   insts:19          cycles:6558       (26228)  seconds:6     -- 0.00 IPC (0.00 IPC) --  N/A  KHz (0.00 KHz) 
**Core 05 Thread 04 Finished:   insts:19          cycles:6583       (26328)  seconds:6     -- 0.00 IPC (0.00 IPC) --  N/A  KHz (0.00 KHz) 
**Core 05 Thread 08 Finished:   insts:19          cycles:6608       (26428)  seconds:6     -- 0.00 IPC (0.00 IPC) --  N/A  KHz (0.00 KHz) 
**Core 05 Thread 05 Finished:   insts:19          cycles:6633       (26528)  seconds:6     -- 0.00 IPC (0.00 IPC) --  N/A  KHz (0.00 KHz) 
**Core 06 Thread 03 Finished:   insts:19          cycles:6658       (26628)  seconds:6     -- 0.00 IPC (0.00 IPC) --  N/A  KHz (0.00 KHz) 
**Core 06 Thread 09 Finished:   insts:19          cycles:6683       (26728)  seconds:6     -- 0.00 IPC (0.00 IPC) --  N/A  KHz (0.00 KHz) 
**Core 05 Thread 09 Finished:   insts:19          cycles:6708       (26828)  seconds:6     -- 0.00 IPC (0.00 IPC) --  N/A  KHz (0.00 KHz) 
**Core 05 Thread 06 Finished:   insts:19          cycles:6733       (26928)  seconds:6     -- 0.00 IPC (0.00 IPC) --  N/A  KHz (0.00 KHz) 
**Core 06 Thread 07 Finished:   insts:19          cycles:6758       (27028)  seconds:6     -- 0.00 IPC (0.00 IPC) --  N/A  KHz (0.00 KHz) 
**Core 05 Thread 10 Finished:   insts:19          cycles:6783       (27128)  seconds:6     -- 0.00 IPC (0.00 IPC) --  N/A  KHz (0.00 KHz) 
**Core 05 Thread 07 Finished:   insts:19          cycles:6808       (27228)  seconds:6     -- 0.00 IPC (0.00 IPC) --  N/A  KHz (0.00 KHz) 
**Core 05 Thread 11 Finished:   insts:19          cycles:6833       (27328)  seconds:6     -- 0.00 IPC (0.00 IPC) --  N/A  KHz (0.00 KHz) 
**Core 05 Core_Total  Finished:   insts:608         cycles:6833       (27328) seconds:6     -- 0.09 IPC (0.09 IPC) --  N/A  KHz (0.10 KHz)
**Core 06 Thread 08 Finished:   insts:19          cycles:6858       (27428)  seconds:6     -- 0.00 IPC (0.00 IPC) --  N/A  KHz (0.00 KHz) 
**Core 06 Thread 11 Finished:   insts:19          cycles:6883       (27528)  seconds:6     -- 0.00 IPC (0.00 IPC) --  N/A  KHz (0.00 KHz) 
**Core 06 Core_Total  Finished:   insts:608         cycles:6883       (27528) seconds:6     -- 0.09 IPC (0.09 IPC) --  N/A  KHz (0.10 KHz)
**Core 07 Thread 12 Finished:   insts:19          cycles:6908       (27628)  seconds:5     -- 0.00 IPC (0.00 IPC) --  N/A  KHz (0.00 KHz) 
**Core 07 Thread 13 Finished:   insts:19          cycles:6933       (27728)  seconds:5     -- 0.00 IPC (0.00 IPC) --  N/A  KHz (0.00 KHz) 
**Core 07 Thread 14 Finished:   insts:19          cycles:6958       (27828)  seconds:5     -- 0.00 IPC (0.00 IPC) --  N/A  KHz (0.00 KHz) 
**Core 07 Thread 15 Finished:   insts:19          cycles:6983       (27928)  seconds:5     -- 0.00 IPC (0.00 IPC) --  N/A  KHz (0.00 KHz) 
**Core 07 Thread 01 Finished:   insts:19          cycles:7008       (28028)  seconds:5     -- 0.00 IPC (0.00 IPC) --  N/A  KHz (0.00 KHz) 
**Core 07 Thread 00 Finished:   insts:19          cycles:7033       (28128)  seconds:5     -- 0.00 IPC (0.00 IPC) --  N/A  KHz (0.00 KHz) 
**Core 07 Thread 02 Finished:   insts:19          cycles:7058       (28228)  seconds:5     -- 0.00 IPC (0.00 IPC) --  N/A  KHz (0.00 KHz) 
**Core 07 Thread 04 Finished:   insts:19          cycles:7083       (28328)  seconds:5     -- 0.00 IPC (0.00 IPC) --  N/A  KHz (0.00 KHz) 
**Core 07 Thread 05 Finished:   insts:19          cycles:7108       (28428)  seconds:5     -- 0.00 IPC (0.00 IPC) --  N/A  KHz (0.00 KHz) 
**Core 07 Thread 06 Finished:   insts:19          cycles:7133       (28528)  seconds:5     -- 0.00 IPC (0.00 IPC) --  N/A  KHz (0.00 KHz) 
**Core 07 Thread 03 Finished:   insts:19          cycles:7158       (28628)  seconds:5     -- 0.00 IPC (0.00 IPC) --  N/A  KHz (0.00 KHz) 
**Core 07 Thread 09 Finished:   insts:19          cycles:7183       (28728)  seconds:5     -- 0.00 IPC (0.00 IPC) --  N/A  KHz (0.00 KHz) 
**Core 07 Thread 10 Finished:   insts:19          cycles:7208       (28828)  seconds:5     -- 0.00 IPC (0.00 IPC) --  N/A  KHz (0.00 KHz) 
**Core 07 Thread 07 Finished:   insts:19          cycles:7233       (28928)  seconds:5     -- 0.00 IPC (0.00 IPC) --  N/A  KHz (0.00 KHz) 
**Core 07 Thread 08 Finished:   insts:19          cycles:7258       (29028)  seconds:5     -- 0.00 IPC (0.00 IPC) --  N/A  KHz (0.00 KHz) 
**Core 07 Thread 11 Finished:   insts:19          cycles:7283       (29128)  seconds:5     -- 0.00 IPC (0.00 IPC) --  N/A  KHz (0.00 KHz) 
src/retire.cc:563: (I=19  C=29128):  ----- application 0 terminated (/home/cory/ExpressGNN/traces/macsim-update/Kernel68290/trace.txt,0) at 29128
**Core 07 Core_Total  Finished:   insts:608         cycles:7283       (29128) seconds:5     -- 0.08 IPC (0.08 IPC) --  N/A  KHz (0.12 KHz)
src/macsim.cc:624: (I=19  C=29129):  finalize simulation
src/macsim.cc:628: (I=19  C=29129):  elapsed time:5.9 seconds
Done
