####################################################################################################
Interval
####################################################################################################
Cumulative:         Cycles:                  20000     Instructions:                  1200
DISPATCHED_INST                                           6772698                       6772698

DISPATCH_WAIT                                           286250196                       42.2653

NUM_NO_FETCH_CYCLES                                           112                           112

AVG_CORE_IDLE_CYCLE                                       3296667                       3296667

REEXEC_NUM                                                      0                             0

INV_MATCH_NUM                                                   0                             0

EARLY_PERM_NUM                                                  0                             0

PERM_MATCH_NUM                                                  0                             0

RETIRE_SPECLD_NUM                                               0                             0

RETIRE_SPECST_NUM                                               0                             0

FENCE_HEAD_ROB_WAIT                                             0                             0

NUM_SAMPLES_CORE_0                                         198773                        198773

NUM_ACTIVE_BLOCKS_CORE_0                                  1539386                       7.74444

NUM_ACTIVE_THREADS_CORE_0                                12235661                        61.556

NUM_SCHED_IDLE_CYCLE_CORE_0                                     0                             0

NUM_NO_SCHED_CYCLE_CORE_0                                   28252                         28252

CORE_DISPATCHED_INST_CORE_0                                 65807                         65807

CORE_DISPATCH_WAIT_CORE_0                                 2789199                       42.3845

CORE_CYCLES_CORE_0                                              0                             0

CORE_SCHED_THREADS_CORE_0                                       0                           NaN

CORE_NUM_NO_FETCH_CYCLES_CORE_0                                 1                             1

CORE_NUM_NO_FETCH_CYCLES_WITH_READY_THREADS_CORE_0                   0                             0

CORE_NUM_FETCH_CYCLES_CORE_0                                    0                             0

CORE_FETCH_DELTA_CORE_0                                         0                           NaN

CORE_NUM_RETIRE_CYCLES_CORE_0                                   0                             0

CORE_RETIRE_DELTA_CORE_0                                        0                           NaN

FENCE_PREF_REQ_CORE_0                                           0                             0

FENCE_WAITING_CORE_0                                            0                             0

DYN_FENCE_NUM_CORE_0                                            0                             0

WB_ORDERING_STALL_CORE_0                                        0                             0

WB_FULL_CORE_0                                                  0                             0

FENCE_TOT_CYCLES_CORE_0                                         0                             0

FENCE_EXEC_CYCLES_CORE_0                                        0                             0

STORE_RES_CORE_0                                                0                             0

STORE_NUM_CORE_0                                                0                             0

STORE_WB_FREE_CORE_0                                            0                             0

SCHED_FAILED_REASON_SUCCESS_CORE_0                          65807                       42.6424%
SCHED_FAILED_OPERANDS_NOT_READY_CORE_0                      16262                       10.5376%
SCHED_FAILED_NO_AVAILABLE_PORTS_CORE_0                      72254                         46.82%
SCHED_FAILED_NO_MEM_REQ_SLOTS_CORE_0                            0                             0%
SCHED_FAILED_NO_AVAILABLE_SIMD_UNIT_CORE_0                      0                             0%
SCHED_FAILED_FENCE_ACTIVE_CORE_0                                0                             0%
SCHED_FAILED_MEM_MANAGEMENT_CORE_0                              0                             0%
                                                           154323                           100%

NUM_SAMPLES_CORE_1                                         200830                        200830

NUM_ACTIVE_BLOCKS_CORE_1                                  1559803                       7.76678

NUM_ACTIVE_THREADS_CORE_1                                12400234                       61.7449

NUM_SCHED_IDLE_CYCLE_CORE_1                                     0                             0

NUM_NO_SCHED_CYCLE_CORE_1                                   29156                         29156

CORE_DISPATCHED_INST_CORE_1                                 65509                         65509

CORE_DISPATCH_WAIT_CORE_1                                 2915186                       44.5005

CORE_CYCLES_CORE_1                                              0                             0

CORE_SCHED_THREADS_CORE_1                                       0                           NaN

CORE_NUM_NO_FETCH_CYCLES_CORE_1                                 1                             1

CORE_NUM_NO_FETCH_CYCLES_WITH_READY_THREADS_CORE_1                   0                             0

CORE_NUM_FETCH_CYCLES_CORE_1                                    0                             0

CORE_FETCH_DELTA_CORE_1                                         0                           NaN

CORE_NUM_RETIRE_CYCLES_CORE_1                                   0                             0

CORE_RETIRE_DELTA_CORE_1                                        0                           NaN

FENCE_PREF_REQ_CORE_1                                           0                             0

FENCE_WAITING_CORE_1                                            0                             0

DYN_FENCE_NUM_CORE_1                                            0                             0

WB_ORDERING_STALL_CORE_1                                        0                             0

WB_FULL_CORE_1                                                  0                             0

FENCE_TOT_CYCLES_CORE_1                                         0                             0

FENCE_EXEC_CYCLES_CORE_1                                        0                             0

STORE_RES_CORE_1                                                0                             0

STORE_NUM_CORE_1                                                0                             0

STORE_WB_FREE_CORE_1                                            0                             0

SCHED_FAILED_REASON_SUCCESS_CORE_1                          65509                       42.9866%
SCHED_FAILED_OPERANDS_NOT_READY_CORE_1                      16071                       10.5457%
SCHED_FAILED_NO_AVAILABLE_PORTS_CORE_1                      70814                       46.4677%
SCHED_FAILED_NO_MEM_REQ_SLOTS_CORE_1                            0                             0%
SCHED_FAILED_NO_AVAILABLE_SIMD_UNIT_CORE_1                      0                             0%
SCHED_FAILED_FENCE_ACTIVE_CORE_1                                0                             0%
SCHED_FAILED_MEM_MANAGEMENT_CORE_1                              0                             0%
                                                           152394                           100%

NUM_SAMPLES_CORE_2                                         203148                        203148

NUM_ACTIVE_BLOCKS_CORE_2                                  1576168                       7.75872

NUM_ACTIVE_THREADS_CORE_2                                12533602                       61.6969

NUM_SCHED_IDLE_CYCLE_CORE_2                                     0                             0

NUM_NO_SCHED_CYCLE_CORE_2                                   29427                         29427

CORE_DISPATCHED_INST_CORE_2                                 65648                         65648

CORE_DISPATCH_WAIT_CORE_2                                 2958784                       45.0704

CORE_CYCLES_CORE_2                                              0                             0

CORE_SCHED_THREADS_CORE_2                                       0                           NaN

CORE_NUM_NO_FETCH_CYCLES_CORE_2                                 1                             1

CORE_NUM_NO_FETCH_CYCLES_WITH_READY_THREADS_CORE_2                   0                             0

CORE_NUM_FETCH_CYCLES_CORE_2                                    0                             0

CORE_FETCH_DELTA_CORE_2                                         0                           NaN

CORE_NUM_RETIRE_CYCLES_CORE_2                                   0                             0

CORE_RETIRE_DELTA_CORE_2                                        0                           NaN

FENCE_PREF_REQ_CORE_2                                           0                             0

FENCE_WAITING_CORE_2                                            0                             0

DYN_FENCE_NUM_CORE_2                                            0                             0

WB_ORDERING_STALL_CORE_2                                        0                             0

WB_FULL_CORE_2                                                  0                             0

FENCE_TOT_CYCLES_CORE_2                                         0                             0

FENCE_EXEC_CYCLES_CORE_2                                        0                             0

STORE_RES_CORE_2                                                0                             0

STORE_NUM_CORE_2                                                0                             0

STORE_WB_FREE_CORE_2                                            0                             0

SCHED_FAILED_REASON_SUCCESS_CORE_2                          65648                       43.1892%
SCHED_FAILED_OPERANDS_NOT_READY_CORE_2                      21551                       14.1782%
SCHED_FAILED_NO_AVAILABLE_PORTS_CORE_2                      64802                       42.6326%
SCHED_FAILED_NO_MEM_REQ_SLOTS_CORE_2                            0                             0%
SCHED_FAILED_NO_AVAILABLE_SIMD_UNIT_CORE_2                      0                             0%
SCHED_FAILED_FENCE_ACTIVE_CORE_2                                0                             0%
SCHED_FAILED_MEM_MANAGEMENT_CORE_2                              0                             0%
                                                           152001                           100%

NUM_SAMPLES_CORE_3                                         205981                        205981

NUM_ACTIVE_BLOCKS_CORE_3                                  1599233                       7.76398

NUM_ACTIVE_THREADS_CORE_3                                12717211                       61.7397

NUM_SCHED_IDLE_CYCLE_CORE_3                                     0                             0

NUM_NO_SCHED_CYCLE_CORE_3                                   30012                         30012

CORE_DISPATCHED_INST_CORE_3                                 65895                         65895

CORE_DISPATCH_WAIT_CORE_3                                 3152191                       47.8366

CORE_CYCLES_CORE_3                                              0                             0

CORE_SCHED_THREADS_CORE_3                                       0                           NaN

CORE_NUM_NO_FETCH_CYCLES_CORE_3                                 1                             1

CORE_NUM_NO_FETCH_CYCLES_WITH_READY_THREADS_CORE_3                   0                             0

CORE_NUM_FETCH_CYCLES_CORE_3                                    0                             0

CORE_FETCH_DELTA_CORE_3                                         0                           NaN

CORE_NUM_RETIRE_CYCLES_CORE_3                                   0                             0

CORE_RETIRE_DELTA_CORE_3                                        0                           NaN

FENCE_PREF_REQ_CORE_3                                           0                             0

FENCE_WAITING_CORE_3                                            0                             0

DYN_FENCE_NUM_CORE_3                                            0                             0

WB_ORDERING_STALL_CORE_3                                        0                             0

WB_FULL_CORE_3                                                  0                             0

FENCE_TOT_CYCLES_CORE_3                                         0                             0

FENCE_EXEC_CYCLES_CORE_3                                        0                             0

STORE_RES_CORE_3                                                0                             0

STORE_NUM_CORE_3                                                0                             0

STORE_WB_FREE_CORE_3                                            0                             0

SCHED_FAILED_REASON_SUCCESS_CORE_3                          65895                       38.6705%
SCHED_FAILED_OPERANDS_NOT_READY_CORE_3                      33431                        19.619%
SCHED_FAILED_NO_AVAILABLE_PORTS_CORE_3                      71075                       41.7104%
SCHED_FAILED_NO_MEM_REQ_SLOTS_CORE_3                            0                             0%
SCHED_FAILED_NO_AVAILABLE_SIMD_UNIT_CORE_3                      0                             0%
SCHED_FAILED_FENCE_ACTIVE_CORE_3                                0                             0%
SCHED_FAILED_MEM_MANAGEMENT_CORE_3                              0                             0%
                                                           170401                           100%

NUM_SAMPLES_CORE_4                                         221081                        221081

NUM_ACTIVE_BLOCKS_CORE_4                                  1718934                       7.77513

NUM_ACTIVE_THREADS_CORE_4                                13679297                       61.8746

NUM_SCHED_IDLE_CYCLE_CORE_4                                     0                             0

NUM_NO_SCHED_CYCLE_CORE_4                                   35352                         35352

CORE_DISPATCHED_INST_CORE_4                                 68051                         68051

CORE_DISPATCH_WAIT_CORE_4                                 3060845                       44.9787

CORE_CYCLES_CORE_4                                              0                             0

CORE_SCHED_THREADS_CORE_4                                       0                           NaN

CORE_NUM_NO_FETCH_CYCLES_CORE_4                                 1                             1

CORE_NUM_NO_FETCH_CYCLES_WITH_READY_THREADS_CORE_4                   0                             0

CORE_NUM_FETCH_CYCLES_CORE_4                                    0                             0

CORE_FETCH_DELTA_CORE_4                                         0                           NaN

CORE_NUM_RETIRE_CYCLES_CORE_4                                   0                             0

CORE_RETIRE_DELTA_CORE_4                                        0                           NaN

FENCE_PREF_REQ_CORE_4                                           0                             0

FENCE_WAITING_CORE_4                                            0                             0

DYN_FENCE_NUM_CORE_4                                            0                             0

WB_ORDERING_STALL_CORE_4                                        0                             0

WB_FULL_CORE_4                                                  0                             0

FENCE_TOT_CYCLES_CORE_4                                         0                             0

FENCE_EXEC_CYCLES_CORE_4                                        0                             0

STORE_RES_CORE_4                                                0                             0

STORE_NUM_CORE_4                                                0                             0

STORE_WB_FREE_CORE_4                                            0                             0

SCHED_FAILED_REASON_SUCCESS_CORE_4                          68051                       45.7126%
SCHED_FAILED_OPERANDS_NOT_READY_CORE_4                      38223                       25.6759%
SCHED_FAILED_NO_AVAILABLE_PORTS_CORE_4                      42593                       28.6114%
SCHED_FAILED_NO_MEM_REQ_SLOTS_CORE_4                            0                             0%
SCHED_FAILED_NO_AVAILABLE_SIMD_UNIT_CORE_4                      0                             0%
SCHED_FAILED_FENCE_ACTIVE_CORE_4                                0                             0%
SCHED_FAILED_MEM_MANAGEMENT_CORE_4                              0                             0%
                                                           148867                           100%

NUM_SAMPLES_CORE_5                                         222003                        222003

NUM_ACTIVE_BLOCKS_CORE_5                                  1726911                       7.77877

NUM_ACTIVE_THREADS_CORE_5                                13747412                       61.9244

NUM_SCHED_IDLE_CYCLE_CORE_5                                     0                             0

NUM_NO_SCHED_CYCLE_CORE_5                                   34543                         34543

CORE_DISPATCHED_INST_CORE_5                                 68349                         68349

CORE_DISPATCH_WAIT_CORE_5                                 3433620                       50.2366

CORE_CYCLES_CORE_5                                              0                             0

CORE_SCHED_THREADS_CORE_5                                       0                           NaN

CORE_NUM_NO_FETCH_CYCLES_CORE_5                                 1                             1

CORE_NUM_NO_FETCH_CYCLES_WITH_READY_THREADS_CORE_5                   0                             0

CORE_NUM_FETCH_CYCLES_CORE_5                                    0                             0

CORE_FETCH_DELTA_CORE_5                                         0                           NaN

CORE_NUM_RETIRE_CYCLES_CORE_5                                   0                             0

CORE_RETIRE_DELTA_CORE_5                                        0                           NaN

FENCE_PREF_REQ_CORE_5                                           0                             0

FENCE_WAITING_CORE_5                                            0                             0

DYN_FENCE_NUM_CORE_5                                            0                             0

WB_ORDERING_STALL_CORE_5                                        0                             0

WB_FULL_CORE_5                                                  0                             0

FENCE_TOT_CYCLES_CORE_5                                         0                             0

FENCE_EXEC_CYCLES_CORE_5                                        0                             0

STORE_RES_CORE_5                                                0                             0

STORE_NUM_CORE_5                                                0                             0

STORE_WB_FREE_CORE_5                                            0                             0

SCHED_FAILED_REASON_SUCCESS_CORE_5                          68349                       43.3524%
SCHED_FAILED_OPERANDS_NOT_READY_CORE_5                      31562                       20.0192%
SCHED_FAILED_NO_AVAILABLE_PORTS_CORE_5                      57748                       36.6284%
SCHED_FAILED_NO_MEM_REQ_SLOTS_CORE_5                            0                             0%
SCHED_FAILED_NO_AVAILABLE_SIMD_UNIT_CORE_5                      0                             0%
SCHED_FAILED_FENCE_ACTIVE_CORE_5                                0                             0%
SCHED_FAILED_MEM_MANAGEMENT_CORE_5                              0                             0%
                                                           157659                           100%

NUM_SAMPLES_CORE_6                                         230041                        230041

NUM_ACTIVE_BLOCKS_CORE_6                                  1786837                       7.76747

NUM_ACTIVE_THREADS_CORE_6                                14239180                       61.8984

NUM_SCHED_IDLE_CYCLE_CORE_6                                     0                             0

NUM_NO_SCHED_CYCLE_CORE_6                                   37344                         37344

CORE_DISPATCHED_INST_CORE_6                                 68734                         68734

CORE_DISPATCH_WAIT_CORE_6                                 2956015                       43.0066

CORE_CYCLES_CORE_6                                              0                             0

CORE_SCHED_THREADS_CORE_6                                       0                           NaN

CORE_NUM_NO_FETCH_CYCLES_CORE_6                                 1                             1

CORE_NUM_NO_FETCH_CYCLES_WITH_READY_THREADS_CORE_6                   0                             0

CORE_NUM_FETCH_CYCLES_CORE_6                                    0                             0

CORE_FETCH_DELTA_CORE_6                                         0                           NaN

CORE_NUM_RETIRE_CYCLES_CORE_6                                   0                             0

CORE_RETIRE_DELTA_CORE_6                                        0                           NaN

FENCE_PREF_REQ_CORE_6                                           0                             0

FENCE_WAITING_CORE_6                                            0                             0

DYN_FENCE_NUM_CORE_6                                            0                             0

WB_ORDERING_STALL_CORE_6                                        0                             0

WB_FULL_CORE_6                                                  0                             0

FENCE_TOT_CYCLES_CORE_6                                         0                             0

FENCE_EXEC_CYCLES_CORE_6                                        0                             0

STORE_RES_CORE_6                                                0                             0

STORE_NUM_CORE_6                                                0                             0

STORE_WB_FREE_CORE_6                                            0                             0

SCHED_FAILED_REASON_SUCCESS_CORE_6                          68734                       48.3722%
SCHED_FAILED_OPERANDS_NOT_READY_CORE_6                      34349                       24.1734%
SCHED_FAILED_NO_AVAILABLE_PORTS_CORE_6                      39011                       27.4544%
SCHED_FAILED_NO_MEM_REQ_SLOTS_CORE_6                            0                             0%
SCHED_FAILED_NO_AVAILABLE_SIMD_UNIT_CORE_6                      0                             0%
SCHED_FAILED_FENCE_ACTIVE_CORE_6                                0                             0%
SCHED_FAILED_MEM_MANAGEMENT_CORE_6                              0                             0%
                                                           142094                           100%

NUM_SAMPLES_CORE_7                                         231706                        231706

NUM_ACTIVE_BLOCKS_CORE_7                                  1799625                       7.76685

NUM_ACTIVE_THREADS_CORE_7                                14341285                       61.8943

NUM_SCHED_IDLE_CYCLE_CORE_7                                     0                             0

NUM_NO_SCHED_CYCLE_CORE_7                                   37288                         37288

CORE_DISPATCHED_INST_CORE_7                                 68935                         68935

CORE_DISPATCH_WAIT_CORE_7                                 3178587                       46.1099

CORE_CYCLES_CORE_7                                              0                             0

CORE_SCHED_THREADS_CORE_7                                       0                           NaN

CORE_NUM_NO_FETCH_CYCLES_CORE_7                                 0                             0

CORE_NUM_NO_FETCH_CYCLES_WITH_READY_THREADS_CORE_7                   0                             0

CORE_NUM_FETCH_CYCLES_CORE_7                                    0                             0

CORE_FETCH_DELTA_CORE_7                                         0                           NaN

CORE_NUM_RETIRE_CYCLES_CORE_7                                   0                             0

CORE_RETIRE_DELTA_CORE_7                                        0                           NaN

FENCE_PREF_REQ_CORE_7                                           0                             0

FENCE_WAITING_CORE_7                                            0                             0

DYN_FENCE_NUM_CORE_7                                            0                             0

WB_ORDERING_STALL_CORE_7                                        0                             0

WB_FULL_CORE_7                                                  0                             0

FENCE_TOT_CYCLES_CORE_7                                         0                             0

FENCE_EXEC_CYCLES_CORE_7                                        0                             0

STORE_RES_CORE_7                                                0                             0

STORE_NUM_CORE_7                                                0                             0

STORE_WB_FREE_CORE_7                                            0                             0

SCHED_FAILED_REASON_SUCCESS_CORE_7                          68935                        45.155%
SCHED_FAILED_OPERANDS_NOT_READY_CORE_7                      37317                        24.444%
SCHED_FAILED_NO_AVAILABLE_PORTS_CORE_7                      46411                       30.4009%
SCHED_FAILED_NO_MEM_REQ_SLOTS_CORE_7                            0                             0%
SCHED_FAILED_NO_AVAILABLE_SIMD_UNIT_CORE_7                      0                             0%
SCHED_FAILED_FENCE_ACTIVE_CORE_7                                0                             0%
SCHED_FAILED_MEM_MANAGEMENT_CORE_7                              0                             0%
                                                           152663                           100%

NUM_SAMPLES_CORE_8                                         210707                        210707

NUM_ACTIVE_BLOCKS_CORE_8                                  1634225                       7.75591

NUM_ACTIVE_THREADS_CORE_8                                13017873                       61.7819

NUM_SCHED_IDLE_CYCLE_CORE_8                                     0                             0

NUM_NO_SCHED_CYCLE_CORE_8                                   31561                         31561

CORE_DISPATCHED_INST_CORE_8                                 68652                         68652

CORE_DISPATCH_WAIT_CORE_8                                 3044133                       44.3415

CORE_CYCLES_CORE_8                                              0                             0

CORE_SCHED_THREADS_CORE_8                                       0                           NaN

CORE_NUM_NO_FETCH_CYCLES_CORE_8                                 1                             1

CORE_NUM_NO_FETCH_CYCLES_WITH_READY_THREADS_CORE_8                   0                             0

CORE_NUM_FETCH_CYCLES_CORE_8                                    0                             0

CORE_FETCH_DELTA_CORE_8                                         0                           NaN

CORE_NUM_RETIRE_CYCLES_CORE_8                                   0                             0

CORE_RETIRE_DELTA_CORE_8                                        0                           NaN

FENCE_PREF_REQ_CORE_8                                           0                             0

FENCE_WAITING_CORE_8                                            0                             0

DYN_FENCE_NUM_CORE_8                                            0                             0

WB_ORDERING_STALL_CORE_8                                        0                             0

WB_FULL_CORE_8                                                  0                             0

FENCE_TOT_CYCLES_CORE_8                                         0                             0

FENCE_EXEC_CYCLES_CORE_8                                        0                             0

STORE_RES_CORE_8                                                0                             0

STORE_NUM_CORE_8                                                0                             0

STORE_WB_FREE_CORE_8                                            0                             0

SCHED_FAILED_REASON_SUCCESS_CORE_8                          68652                       43.4292%
SCHED_FAILED_OPERANDS_NOT_READY_CORE_8                      32309                       20.4386%
SCHED_FAILED_NO_AVAILABLE_PORTS_CORE_8                      57117                       36.1322%
SCHED_FAILED_NO_MEM_REQ_SLOTS_CORE_8                            0                             0%
SCHED_FAILED_NO_AVAILABLE_SIMD_UNIT_CORE_8                      0                             0%
SCHED_FAILED_FENCE_ACTIVE_CORE_8                                0                             0%
SCHED_FAILED_MEM_MANAGEMENT_CORE_8                              0                             0%
                                                           158078                           100%

NUM_SAMPLES_CORE_9                                         212943                        212943

NUM_ACTIVE_BLOCKS_CORE_9                                  1651891                       7.75743

NUM_ACTIVE_THREADS_CORE_9                                13145397                        61.732

NUM_SCHED_IDLE_CYCLE_CORE_9                                     0                             0

NUM_NO_SCHED_CYCLE_CORE_9                                   31783                         31783

CORE_DISPATCHED_INST_CORE_9                                 68621                         68621

CORE_DISPATCH_WAIT_CORE_9                                 3128114                       45.5854

CORE_CYCLES_CORE_9                                              0                             0

CORE_SCHED_THREADS_CORE_9                                       0                           NaN

CORE_NUM_NO_FETCH_CYCLES_CORE_9                                 1                             1

CORE_NUM_NO_FETCH_CYCLES_WITH_READY_THREADS_CORE_9                   0                             0

CORE_NUM_FETCH_CYCLES_CORE_9                                    0                             0

CORE_FETCH_DELTA_CORE_9                                         0                           NaN

CORE_NUM_RETIRE_CYCLES_CORE_9                                   0                             0

CORE_RETIRE_DELTA_CORE_9                                        0                           NaN

FENCE_PREF_REQ_CORE_9                                           0                             0

FENCE_WAITING_CORE_9                                            0                             0

DYN_FENCE_NUM_CORE_9                                            0                             0

WB_ORDERING_STALL_CORE_9                                        0                             0

WB_FULL_CORE_9                                                  0                             0

FENCE_TOT_CYCLES_CORE_9                                         0                             0

FENCE_EXEC_CYCLES_CORE_9                                        0                             0

STORE_RES_CORE_9                                                0                             0

STORE_NUM_CORE_9                                                0                             0

STORE_WB_FREE_CORE_9                                            0                             0

SCHED_FAILED_REASON_SUCCESS_CORE_9                          68621                       41.2803%
SCHED_FAILED_OPERANDS_NOT_READY_CORE_9                      41527                       24.9814%
SCHED_FAILED_NO_AVAILABLE_PORTS_CORE_9                      56084                       33.7384%
SCHED_FAILED_NO_MEM_REQ_SLOTS_CORE_9                            0                             0%
SCHED_FAILED_NO_AVAILABLE_SIMD_UNIT_CORE_9                      0                             0%
SCHED_FAILED_FENCE_ACTIVE_CORE_9                                0                             0%
SCHED_FAILED_MEM_MANAGEMENT_CORE_9                              0                             0%
                                                           166232                           100%

NUM_SAMPLES_CORE_10                                        218686                        218686

NUM_ACTIVE_BLOCKS_CORE_10                                 1690606                       7.73075

NUM_ACTIVE_THREADS_CORE_10                               13465217                       61.5733

NUM_SCHED_IDLE_CYCLE_CORE_10                                    0                             0

NUM_NO_SCHED_CYCLE_CORE_10                                  34381                         34381

CORE_DISPATCHED_INST_CORE_10                                68594                         68594

CORE_DISPATCH_WAIT_CORE_10                                3015056                       43.9551

CORE_CYCLES_CORE_10                                             0                             0

CORE_SCHED_THREADS_CORE_10                                      0                           NaN

CORE_NUM_NO_FETCH_CYCLES_CORE_10                                1                             1

CORE_NUM_NO_FETCH_CYCLES_WITH_READY_THREADS_CORE_10                   0                             0

CORE_NUM_FETCH_CYCLES_CORE_10                                   0                             0

CORE_FETCH_DELTA_CORE_10                                        0                           NaN

CORE_NUM_RETIRE_CYCLES_CORE_10                                  0                             0

CORE_RETIRE_DELTA_CORE_10                                       0                           NaN

FENCE_PREF_REQ_CORE_10                                          0                             0

FENCE_WAITING_CORE_10                                           0                             0

DYN_FENCE_NUM_CORE_10                                           0                             0

WB_ORDERING_STALL_CORE_10                                       0                             0

WB_FULL_CORE_10                                                 0                             0

FENCE_TOT_CYCLES_CORE_10                                        0                             0

FENCE_EXEC_CYCLES_CORE_10                                       0                             0

STORE_RES_CORE_10                                               0                             0

STORE_NUM_CORE_10                                               0                             0

STORE_WB_FREE_CORE_10                                           0                             0

SCHED_FAILED_REASON_SUCCESS_CORE_10                         68594                       46.5758%
SCHED_FAILED_OPERANDS_NOT_READY_CORE_10                     31707                       21.5293%
SCHED_FAILED_NO_AVAILABLE_PORTS_CORE_10                     46973                        31.895%
SCHED_FAILED_NO_MEM_REQ_SLOTS_CORE_10                           0                             0%
SCHED_FAILED_NO_AVAILABLE_SIMD_UNIT_CORE_10                     0                             0%
SCHED_FAILED_FENCE_ACTIVE_CORE_10                               0                             0%
SCHED_FAILED_MEM_MANAGEMENT_CORE_10                             0                             0%
                                                           147274                           100%

NUM_SAMPLES_CORE_11                                        218983                        218983

NUM_ACTIVE_BLOCKS_CORE_11                                 1698780                       7.75759

NUM_ACTIVE_THREADS_CORE_11                               13516538                       61.7241

NUM_SCHED_IDLE_CYCLE_CORE_11                                    0                             0

NUM_NO_SCHED_CYCLE_CORE_11                                  34179                         34179

CORE_DISPATCHED_INST_CORE_11                                68715                         68715

CORE_DISPATCH_WAIT_CORE_11                                3131660                       45.5746

CORE_CYCLES_CORE_11                                             0                             0

CORE_SCHED_THREADS_CORE_11                                      0                           NaN

CORE_NUM_NO_FETCH_CYCLES_CORE_11                                1                             1

CORE_NUM_NO_FETCH_CYCLES_WITH_READY_THREADS_CORE_11                   0                             0

CORE_NUM_FETCH_CYCLES_CORE_11                                   0                             0

CORE_FETCH_DELTA_CORE_11                                        0                           NaN

CORE_NUM_RETIRE_CYCLES_CORE_11                                  0                             0

CORE_RETIRE_DELTA_CORE_11                                       0                           NaN

FENCE_PREF_REQ_CORE_11                                          0                             0

FENCE_WAITING_CORE_11                                           0                             0

DYN_FENCE_NUM_CORE_11                                           0                             0

WB_ORDERING_STALL_CORE_11                                       0                             0

WB_FULL_CORE_11                                                 0                             0

FENCE_TOT_CYCLES_CORE_11                                        0                             0

FENCE_EXEC_CYCLES_CORE_11                                       0                             0

STORE_RES_CORE_11                                               0                             0

STORE_NUM_CORE_11                                               0                             0

STORE_WB_FREE_CORE_11                                           0                             0

SCHED_FAILED_REASON_SUCCESS_CORE_11                         68715                        44.764%
SCHED_FAILED_OPERANDS_NOT_READY_CORE_11                     29791                       19.4072%
SCHED_FAILED_NO_AVAILABLE_PORTS_CORE_11                     54999                       35.8288%
SCHED_FAILED_NO_MEM_REQ_SLOTS_CORE_11                           0                             0%
SCHED_FAILED_NO_AVAILABLE_SIMD_UNIT_CORE_11                     0                             0%
SCHED_FAILED_FENCE_ACTIVE_CORE_11                               0                             0%
SCHED_FAILED_MEM_MANAGEMENT_CORE_11                             0                             0%
                                                           153505                           100%

NUM_SAMPLES_CORE_12                                        213619                        213619

NUM_ACTIVE_BLOCKS_CORE_12                                 1656111                       7.75264

NUM_ACTIVE_THREADS_CORE_12                               13136954                       61.4971

NUM_SCHED_IDLE_CYCLE_CORE_12                                    0                             0

NUM_NO_SCHED_CYCLE_CORE_12                                  32199                         32199

CORE_DISPATCHED_INST_CORE_12                                68700                         68700

CORE_DISPATCH_WAIT_CORE_12                                3128618                       45.5403

CORE_CYCLES_CORE_12                                             0                             0

CORE_SCHED_THREADS_CORE_12                                      0                           NaN

CORE_NUM_NO_FETCH_CYCLES_CORE_12                                1                             1

CORE_NUM_NO_FETCH_CYCLES_WITH_READY_THREADS_CORE_12                   0                             0

CORE_NUM_FETCH_CYCLES_CORE_12                                   0                             0

CORE_FETCH_DELTA_CORE_12                                        0                           NaN

CORE_NUM_RETIRE_CYCLES_CORE_12                                  0                             0

CORE_RETIRE_DELTA_CORE_12                                       0                           NaN

FENCE_PREF_REQ_CORE_12                                          0                             0

FENCE_WAITING_CORE_12                                           0                             0

DYN_FENCE_NUM_CORE_12                                           0                             0

WB_ORDERING_STALL_CORE_12                                       0                             0

WB_FULL_CORE_12                                                 0                             0

FENCE_TOT_CYCLES_CORE_12                                        0                             0

FENCE_EXEC_CYCLES_CORE_12                                       0                             0

STORE_RES_CORE_12                                               0                             0

STORE_NUM_CORE_12                                               0                             0

STORE_WB_FREE_CORE_12                                           0                             0

SCHED_FAILED_REASON_SUCCESS_CORE_12                         68700                       42.2229%
SCHED_FAILED_OPERANDS_NOT_READY_CORE_12                     38041                       23.3799%
SCHED_FAILED_NO_AVAILABLE_PORTS_CORE_12                     55967                       34.3972%
SCHED_FAILED_NO_MEM_REQ_SLOTS_CORE_12                           0                             0%
SCHED_FAILED_NO_AVAILABLE_SIMD_UNIT_CORE_12                     0                             0%
SCHED_FAILED_FENCE_ACTIVE_CORE_12                               0                             0%
SCHED_FAILED_MEM_MANAGEMENT_CORE_12                             0                             0%
                                                           162708                           100%

NUM_SAMPLES_CORE_13                                        215201                        215201

NUM_ACTIVE_BLOCKS_CORE_13                                 1667468                       7.74842

NUM_ACTIVE_THREADS_CORE_13                               13246056                        61.552

NUM_SCHED_IDLE_CYCLE_CORE_13                                    0                             0

NUM_NO_SCHED_CYCLE_CORE_13                                  32809                         32809

CORE_DISPATCHED_INST_CORE_13                                68575                         68575

CORE_DISPATCH_WAIT_CORE_13                                2864961                       41.7785

CORE_CYCLES_CORE_13                                             0                             0

CORE_SCHED_THREADS_CORE_13                                      0                           NaN

CORE_NUM_NO_FETCH_CYCLES_CORE_13                                1                             1

CORE_NUM_NO_FETCH_CYCLES_WITH_READY_THREADS_CORE_13                   0                             0

CORE_NUM_FETCH_CYCLES_CORE_13                                   0                             0

CORE_FETCH_DELTA_CORE_13                                        0                           NaN

CORE_NUM_RETIRE_CYCLES_CORE_13                                  0                             0

CORE_RETIRE_DELTA_CORE_13                                       0                           NaN

FENCE_PREF_REQ_CORE_13                                          0                             0

FENCE_WAITING_CORE_13                                           0                             0

DYN_FENCE_NUM_CORE_13                                           0                             0

WB_ORDERING_STALL_CORE_13                                       0                             0

WB_FULL_CORE_13                                                 0                             0

FENCE_TOT_CYCLES_CORE_13                                        0                             0

FENCE_EXEC_CYCLES_CORE_13                                       0                             0

STORE_RES_CORE_13                                               0                             0

STORE_NUM_CORE_13                                               0                             0

STORE_WB_FREE_CORE_13                                           0                             0

SCHED_FAILED_REASON_SUCCESS_CORE_13                         68575                       44.9207%
SCHED_FAILED_OPERANDS_NOT_READY_CORE_13                     34959                       22.9002%
SCHED_FAILED_NO_AVAILABLE_PORTS_CORE_13                     49124                       32.1791%
SCHED_FAILED_NO_MEM_REQ_SLOTS_CORE_13                           0                             0%
SCHED_FAILED_NO_AVAILABLE_SIMD_UNIT_CORE_13                     0                             0%
SCHED_FAILED_FENCE_ACTIVE_CORE_13                               0                             0%
SCHED_FAILED_MEM_MANAGEMENT_CORE_13                             0                             0%
                                                           152658                           100%

NUM_SAMPLES_CORE_14                                        218248                        218248

NUM_ACTIVE_BLOCKS_CORE_14                                 1694958                        7.7662

NUM_ACTIVE_THREADS_CORE_14                               13484353                       61.7845

NUM_SCHED_IDLE_CYCLE_CORE_14                                    0                             0

NUM_NO_SCHED_CYCLE_CORE_14                                  34172                         34172

CORE_DISPATCHED_INST_CORE_14                                68438                         68438

CORE_DISPATCH_WAIT_CORE_14                                2808956                       41.0438

CORE_CYCLES_CORE_14                                             0                             0

CORE_SCHED_THREADS_CORE_14                                      0                           NaN

CORE_NUM_NO_FETCH_CYCLES_CORE_14                                1                             1

CORE_NUM_NO_FETCH_CYCLES_WITH_READY_THREADS_CORE_14                   0                             0

CORE_NUM_FETCH_CYCLES_CORE_14                                   0                             0

CORE_FETCH_DELTA_CORE_14                                        0                           NaN

CORE_NUM_RETIRE_CYCLES_CORE_14                                  0                             0

CORE_RETIRE_DELTA_CORE_14                                       0                           NaN

FENCE_PREF_REQ_CORE_14                                          0                             0

FENCE_WAITING_CORE_14                                           0                             0

DYN_FENCE_NUM_CORE_14                                           0                             0

WB_ORDERING_STALL_CORE_14                                       0                             0

WB_FULL_CORE_14                                                 0                             0

FENCE_TOT_CYCLES_CORE_14                                        0                             0

FENCE_EXEC_CYCLES_CORE_14                                       0                             0

STORE_RES_CORE_14                                               0                             0

STORE_NUM_CORE_14                                               0                             0

STORE_WB_FREE_CORE_14                                           0                             0

SCHED_FAILED_REASON_SUCCESS_CORE_14                         68438                       47.1876%
SCHED_FAILED_OPERANDS_NOT_READY_CORE_14                     36264                       25.0038%
SCHED_FAILED_NO_AVAILABLE_PORTS_CORE_14                     40332                       27.8087%
SCHED_FAILED_NO_MEM_REQ_SLOTS_CORE_14                           0                             0%
SCHED_FAILED_NO_AVAILABLE_SIMD_UNIT_CORE_14                     0                             0%
SCHED_FAILED_FENCE_ACTIVE_CORE_14                               0                             0%
SCHED_FAILED_MEM_MANAGEMENT_CORE_14                             0                             0%
                                                           145034                           100%

NUM_SAMPLES_CORE_15                                        219283                        219283

NUM_ACTIVE_BLOCKS_CORE_15                                 1701972                       7.76153

NUM_ACTIVE_THREADS_CORE_15                               13514572                       61.6307

NUM_SCHED_IDLE_CYCLE_CORE_15                                    0                             0

NUM_NO_SCHED_CYCLE_CORE_15                                  33409                         33409

CORE_DISPATCHED_INST_CORE_15                                68697                         68697

CORE_DISPATCH_WAIT_CORE_15                                3182368                       46.3247

CORE_CYCLES_CORE_15                                             0                             0

CORE_SCHED_THREADS_CORE_15                                      0                           NaN

CORE_NUM_NO_FETCH_CYCLES_CORE_15                                1                             1

CORE_NUM_NO_FETCH_CYCLES_WITH_READY_THREADS_CORE_15                   0                             0

CORE_NUM_FETCH_CYCLES_CORE_15                                   0                             0

CORE_FETCH_DELTA_CORE_15                                        0                           NaN

CORE_NUM_RETIRE_CYCLES_CORE_15                                  0                             0

CORE_RETIRE_DELTA_CORE_15                                       0                           NaN

FENCE_PREF_REQ_CORE_15                                          0                             0

FENCE_WAITING_CORE_15                                           0                             0

DYN_FENCE_NUM_CORE_15                                           0                             0

WB_ORDERING_STALL_CORE_15                                       0                             0

WB_FULL_CORE_15                                                 0                             0

FENCE_TOT_CYCLES_CORE_15                                        0                             0

FENCE_EXEC_CYCLES_CORE_15                                       0                             0

STORE_RES_CORE_15                                               0                             0

STORE_NUM_CORE_15                                               0                             0

STORE_WB_FREE_CORE_15                                           0                             0

SCHED_FAILED_REASON_SUCCESS_CORE_15                         68697                       42.1085%
SCHED_FAILED_OPERANDS_NOT_READY_CORE_15                     43146                       26.4467%
SCHED_FAILED_NO_AVAILABLE_PORTS_CORE_15                     51300                       31.4448%
SCHED_FAILED_NO_MEM_REQ_SLOTS_CORE_15                           0                             0%
SCHED_FAILED_NO_AVAILABLE_SIMD_UNIT_CORE_15                     0                             0%
SCHED_FAILED_FENCE_ACTIVE_CORE_15                               0                             0%
SCHED_FAILED_MEM_MANAGEMENT_CORE_15                             0                             0%
                                                           163143                           100%

NUM_SAMPLES_CORE_16                                        209365                        209365

NUM_ACTIVE_BLOCKS_CORE_16                                 1598561                       7.63528

NUM_ACTIVE_THREADS_CORE_16                               12533422                        59.864

NUM_SCHED_IDLE_CYCLE_CORE_16                                    0                             0

NUM_NO_SCHED_CYCLE_CORE_16                                  31085                         31085

CORE_DISPATCHED_INST_CORE_16                                68839                         68839

CORE_DISPATCH_WAIT_CORE_16                                3008189                       43.6989

CORE_CYCLES_CORE_16                                             0                             0

CORE_SCHED_THREADS_CORE_16                                      0                           NaN

CORE_NUM_NO_FETCH_CYCLES_CORE_16                                1                             1

CORE_NUM_NO_FETCH_CYCLES_WITH_READY_THREADS_CORE_16                   0                             0

CORE_NUM_FETCH_CYCLES_CORE_16                                   0                             0

CORE_FETCH_DELTA_CORE_16                                        0                           NaN

CORE_NUM_RETIRE_CYCLES_CORE_16                                  0                             0

CORE_RETIRE_DELTA_CORE_16                                       0                           NaN

FENCE_PREF_REQ_CORE_16                                          0                             0

FENCE_WAITING_CORE_16                                           0                             0

DYN_FENCE_NUM_CORE_16                                           0                             0

WB_ORDERING_STALL_CORE_16                                       0                             0

WB_FULL_CORE_16                                                 0                             0

FENCE_TOT_CYCLES_CORE_16                                        0                             0

FENCE_EXEC_CYCLES_CORE_16                                       0                             0

STORE_RES_CORE_16                                               0                             0

STORE_NUM_CORE_16                                               0                             0

STORE_WB_FREE_CORE_16                                           0                             0

SCHED_FAILED_REASON_SUCCESS_CORE_16                         68839                       43.2482%
SCHED_FAILED_OPERANDS_NOT_READY_CORE_16                     35297                       22.1754%
SCHED_FAILED_NO_AVAILABLE_PORTS_CORE_16                     55036                       34.5764%
SCHED_FAILED_NO_MEM_REQ_SLOTS_CORE_16                           0                             0%
SCHED_FAILED_NO_AVAILABLE_SIMD_UNIT_CORE_16                     0                             0%
SCHED_FAILED_FENCE_ACTIVE_CORE_16                               0                             0%
SCHED_FAILED_MEM_MANAGEMENT_CORE_16                             0                             0%
                                                           159172                           100%

NUM_SAMPLES_CORE_17                                        209070                        209070

NUM_ACTIVE_BLOCKS_CORE_17                                 1616245                       7.73064

NUM_ACTIVE_THREADS_CORE_17                               12712347                       60.8043

NUM_SCHED_IDLE_CYCLE_CORE_17                                    0                             0

NUM_NO_SCHED_CYCLE_CORE_17                                  31412                         31412

CORE_DISPATCHED_INST_CORE_17                                68685                         68685

CORE_DISPATCH_WAIT_CORE_17                                3107534                       45.2433

CORE_CYCLES_CORE_17                                             0                             0

CORE_SCHED_THREADS_CORE_17                                      0                           NaN

CORE_NUM_NO_FETCH_CYCLES_CORE_17                                1                             1

CORE_NUM_NO_FETCH_CYCLES_WITH_READY_THREADS_CORE_17                   0                             0

CORE_NUM_FETCH_CYCLES_CORE_17                                   0                             0

CORE_FETCH_DELTA_CORE_17                                        0                           NaN

CORE_NUM_RETIRE_CYCLES_CORE_17                                  0                             0

CORE_RETIRE_DELTA_CORE_17                                       0                           NaN

FENCE_PREF_REQ_CORE_17                                          0                             0

FENCE_WAITING_CORE_17                                           0                             0

DYN_FENCE_NUM_CORE_17                                           0                             0

WB_ORDERING_STALL_CORE_17                                       0                             0

WB_FULL_CORE_17                                                 0                             0

FENCE_TOT_CYCLES_CORE_17                                        0                             0

FENCE_EXEC_CYCLES_CORE_17                                       0                             0

STORE_RES_CORE_17                                               0                             0

STORE_NUM_CORE_17                                               0                             0

STORE_WB_FREE_CORE_17                                           0                             0

SCHED_FAILED_REASON_SUCCESS_CORE_17                         68685                       43.4823%
SCHED_FAILED_OPERANDS_NOT_READY_CORE_17                     34237                       21.6743%
SCHED_FAILED_NO_AVAILABLE_PORTS_CORE_17                     55039                       34.8434%
SCHED_FAILED_NO_MEM_REQ_SLOTS_CORE_17                           0                             0%
SCHED_FAILED_NO_AVAILABLE_SIMD_UNIT_CORE_17                     0                             0%
SCHED_FAILED_FENCE_ACTIVE_CORE_17                               0                             0%
SCHED_FAILED_MEM_MANAGEMENT_CORE_17                             0                             0%
                                                           157961                           100%

NUM_SAMPLES_CORE_18                                        210684                        210684

NUM_ACTIVE_BLOCKS_CORE_18                                 1596232                       7.57643

NUM_ACTIVE_THREADS_CORE_18                               12190916                       57.8635

NUM_SCHED_IDLE_CYCLE_CORE_18                                    0                             0

NUM_NO_SCHED_CYCLE_CORE_18                                  31824                         31824

CORE_DISPATCHED_INST_CORE_18                                68802                         68802

CORE_DISPATCH_WAIT_CORE_18                                3008722                       43.7302

CORE_CYCLES_CORE_18                                             0                             0

CORE_SCHED_THREADS_CORE_18                                      0                           NaN

CORE_NUM_NO_FETCH_CYCLES_CORE_18                                1                             1

CORE_NUM_NO_FETCH_CYCLES_WITH_READY_THREADS_CORE_18                   0                             0

CORE_NUM_FETCH_CYCLES_CORE_18                                   0                             0

CORE_FETCH_DELTA_CORE_18                                        0                           NaN

CORE_NUM_RETIRE_CYCLES_CORE_18                                  0                             0

CORE_RETIRE_DELTA_CORE_18                                       0                           NaN

FENCE_PREF_REQ_CORE_18                                          0                             0

FENCE_WAITING_CORE_18                                           0                             0

DYN_FENCE_NUM_CORE_18                                           0                             0

WB_ORDERING_STALL_CORE_18                                       0                             0

WB_FULL_CORE_18                                                 0                             0

FENCE_TOT_CYCLES_CORE_18                                        0                             0

FENCE_EXEC_CYCLES_CORE_18                                       0                             0

STORE_RES_CORE_18                                               0                             0

STORE_NUM_CORE_18                                               0                             0

STORE_WB_FREE_CORE_18                                           0                             0

SCHED_FAILED_REASON_SUCCESS_CORE_18                         68802                       41.8366%
SCHED_FAILED_OPERANDS_NOT_READY_CORE_18                     47146                       28.6682%
SCHED_FAILED_NO_AVAILABLE_PORTS_CORE_18                     48506                       29.4952%
SCHED_FAILED_NO_MEM_REQ_SLOTS_CORE_18                           0                             0%
SCHED_FAILED_NO_AVAILABLE_SIMD_UNIT_CORE_18                     0                             0%
SCHED_FAILED_FENCE_ACTIVE_CORE_18                               0                             0%
SCHED_FAILED_MEM_MANAGEMENT_CORE_18                             0                             0%
                                                           164454                           100%

NUM_SAMPLES_CORE_19                                        211480                        211480

NUM_ACTIVE_BLOCKS_CORE_19                                 1566215                       7.40597

NUM_ACTIVE_THREADS_CORE_19                               12233995                       57.8494

NUM_SCHED_IDLE_CYCLE_CORE_19                                    0                             0

NUM_NO_SCHED_CYCLE_CORE_19                                  32044                         32044

CORE_DISPATCHED_INST_CORE_19                                68694                         68694

CORE_DISPATCH_WAIT_CORE_19                                2652482                        38.613

CORE_CYCLES_CORE_19                                             0                             0

CORE_SCHED_THREADS_CORE_19                                      0                           NaN

CORE_NUM_NO_FETCH_CYCLES_CORE_19                                1                             1

CORE_NUM_NO_FETCH_CYCLES_WITH_READY_THREADS_CORE_19                   0                             0

CORE_NUM_FETCH_CYCLES_CORE_19                                   0                             0

CORE_FETCH_DELTA_CORE_19                                        0                           NaN

CORE_NUM_RETIRE_CYCLES_CORE_19                                  0                             0

CORE_RETIRE_DELTA_CORE_19                                       0                           NaN

FENCE_PREF_REQ_CORE_19                                          0                             0

FENCE_WAITING_CORE_19                                           0                             0

DYN_FENCE_NUM_CORE_19                                           0                             0

WB_ORDERING_STALL_CORE_19                                       0                             0

WB_FULL_CORE_19                                                 0                             0

FENCE_TOT_CYCLES_CORE_19                                        0                             0

FENCE_EXEC_CYCLES_CORE_19                                       0                             0

STORE_RES_CORE_19                                               0                             0

STORE_NUM_CORE_19                                               0                             0

STORE_WB_FREE_CORE_19                                           0                             0

SCHED_FAILED_REASON_SUCCESS_CORE_19                         68694                       47.6648%
SCHED_FAILED_OPERANDS_NOT_READY_CORE_19                     31621                       21.9409%
SCHED_FAILED_NO_AVAILABLE_PORTS_CORE_19                     43804                       30.3943%
SCHED_FAILED_NO_MEM_REQ_SLOTS_CORE_19                           0                             0%
SCHED_FAILED_NO_AVAILABLE_SIMD_UNIT_CORE_19                     0                             0%
SCHED_FAILED_FENCE_ACTIVE_CORE_19                               0                             0%
SCHED_FAILED_MEM_MANAGEMENT_CORE_19                             0                             0%
                                                           144119                           100%

NUM_SAMPLES_CORE_20                                        195257                        195257

NUM_ACTIVE_BLOCKS_CORE_20                                 1434242                       7.34541

NUM_ACTIVE_THREADS_CORE_20                               11231014                       57.5191

NUM_SCHED_IDLE_CYCLE_CORE_20                                    0                             0

NUM_NO_SCHED_CYCLE_CORE_20                                  28531                         28531

CORE_DISPATCHED_INST_CORE_20                                68716                         68716

CORE_DISPATCH_WAIT_CORE_20                                2748220                       39.9939

CORE_CYCLES_CORE_20                                             0                             0

CORE_SCHED_THREADS_CORE_20                                      0                           NaN

CORE_NUM_NO_FETCH_CYCLES_CORE_20                                1                             1

CORE_NUM_NO_FETCH_CYCLES_WITH_READY_THREADS_CORE_20                   0                             0

CORE_NUM_FETCH_CYCLES_CORE_20                                   0                             0

CORE_FETCH_DELTA_CORE_20                                        0                           NaN

CORE_NUM_RETIRE_CYCLES_CORE_20                                  0                             0

CORE_RETIRE_DELTA_CORE_20                                       0                           NaN

FENCE_PREF_REQ_CORE_20                                          0                             0

FENCE_WAITING_CORE_20                                           0                             0

DYN_FENCE_NUM_CORE_20                                           0                             0

WB_ORDERING_STALL_CORE_20                                       0                             0

WB_FULL_CORE_20                                                 0                             0

FENCE_TOT_CYCLES_CORE_20                                        0                             0

FENCE_EXEC_CYCLES_CORE_20                                       0                             0

STORE_RES_CORE_20                                               0                             0

STORE_NUM_CORE_20                                               0                             0

STORE_WB_FREE_CORE_20                                           0                             0

SCHED_FAILED_REASON_SUCCESS_CORE_20                         68716                       45.5553%
SCHED_FAILED_OPERANDS_NOT_READY_CORE_20                     42490                       28.1687%
SCHED_FAILED_NO_AVAILABLE_PORTS_CORE_20                     39635                        26.276%
SCHED_FAILED_NO_MEM_REQ_SLOTS_CORE_20                           0                             0%
SCHED_FAILED_NO_AVAILABLE_SIMD_UNIT_CORE_20                     0                             0%
SCHED_FAILED_FENCE_ACTIVE_CORE_20                               0                             0%
SCHED_FAILED_MEM_MANAGEMENT_CORE_20                             0                             0%
                                                           150841                           100%

NUM_SAMPLES_CORE_21                                        196112                        196112

NUM_ACTIVE_BLOCKS_CORE_21                                 1503125                       7.66463

NUM_ACTIVE_THREADS_CORE_21                               11906116                       60.7108

NUM_SCHED_IDLE_CYCLE_CORE_21                                    0                             0

NUM_NO_SCHED_CYCLE_CORE_21                                  27946                         27946

CORE_DISPATCHED_INST_CORE_21                                68633                         68633

CORE_DISPATCH_WAIT_CORE_21                                3054000                       44.4975

CORE_CYCLES_CORE_21                                             0                             0

CORE_SCHED_THREADS_CORE_21                                      0                           NaN

CORE_NUM_NO_FETCH_CYCLES_CORE_21                                1                             1

CORE_NUM_NO_FETCH_CYCLES_WITH_READY_THREADS_CORE_21                   0                             0

CORE_NUM_FETCH_CYCLES_CORE_21                                   0                             0

CORE_FETCH_DELTA_CORE_21                                        0                           NaN

CORE_NUM_RETIRE_CYCLES_CORE_21                                  0                             0

CORE_RETIRE_DELTA_CORE_21                                       0                           NaN

FENCE_PREF_REQ_CORE_21                                          0                             0

FENCE_WAITING_CORE_21                                           0                             0

DYN_FENCE_NUM_CORE_21                                           0                             0

WB_ORDERING_STALL_CORE_21                                       0                             0

WB_FULL_CORE_21                                                 0                             0

FENCE_TOT_CYCLES_CORE_21                                        0                             0

FENCE_EXEC_CYCLES_CORE_21                                       0                             0

STORE_RES_CORE_21                                               0                             0

STORE_NUM_CORE_21                                               0                             0

STORE_WB_FREE_CORE_21                                           0                             0

SCHED_FAILED_REASON_SUCCESS_CORE_21                         68633                       42.2289%
SCHED_FAILED_OPERANDS_NOT_READY_CORE_21                     44925                       27.6417%
SCHED_FAILED_NO_AVAILABLE_PORTS_CORE_21                     48968                       30.1293%
SCHED_FAILED_NO_MEM_REQ_SLOTS_CORE_21                           0                             0%
SCHED_FAILED_NO_AVAILABLE_SIMD_UNIT_CORE_21                     0                             0%
SCHED_FAILED_FENCE_ACTIVE_CORE_21                               0                             0%
SCHED_FAILED_MEM_MANAGEMENT_CORE_21                             0                             0%
                                                           162526                           100%

NUM_SAMPLES_CORE_22                                        200438                        200438

NUM_ACTIVE_BLOCKS_CORE_22                                 1435920                       7.16391

NUM_ACTIVE_THREADS_CORE_22                               11066946                       55.2138

NUM_SCHED_IDLE_CYCLE_CORE_22                                    0                             0

NUM_NO_SCHED_CYCLE_CORE_22                                  28929                         28929

CORE_DISPATCHED_INST_CORE_22                                68684                         68684

CORE_DISPATCH_WAIT_CORE_22                                3174571                       46.2199

CORE_CYCLES_CORE_22                                             0                             0

CORE_SCHED_THREADS_CORE_22                                      0                           NaN

CORE_NUM_NO_FETCH_CYCLES_CORE_22                                1                             1

CORE_NUM_NO_FETCH_CYCLES_WITH_READY_THREADS_CORE_22                   0                             0

CORE_NUM_FETCH_CYCLES_CORE_22                                   0                             0

CORE_FETCH_DELTA_CORE_22                                        0                           NaN

CORE_NUM_RETIRE_CYCLES_CORE_22                                  0                             0

CORE_RETIRE_DELTA_CORE_22                                       0                           NaN

FENCE_PREF_REQ_CORE_22                                          0                             0

FENCE_WAITING_CORE_22                                           0                             0

DYN_FENCE_NUM_CORE_22                                           0                             0

WB_ORDERING_STALL_CORE_22                                       0                             0

WB_FULL_CORE_22                                                 0                             0

FENCE_TOT_CYCLES_CORE_22                                        0                             0

FENCE_EXEC_CYCLES_CORE_22                                       0                             0

STORE_RES_CORE_22                                               0                             0

STORE_NUM_CORE_22                                               0                             0

STORE_WB_FREE_CORE_22                                           0                             0

SCHED_FAILED_REASON_SUCCESS_CORE_22                         68684                       39.7031%
SCHED_FAILED_OPERANDS_NOT_READY_CORE_22                     51031                       29.4987%
SCHED_FAILED_NO_AVAILABLE_PORTS_CORE_22                     53279                       30.7982%
SCHED_FAILED_NO_MEM_REQ_SLOTS_CORE_22                           0                             0%
SCHED_FAILED_NO_AVAILABLE_SIMD_UNIT_CORE_22                     0                             0%
SCHED_FAILED_FENCE_ACTIVE_CORE_22                               0                             0%
SCHED_FAILED_MEM_MANAGEMENT_CORE_22                             0                             0%
                                                           172994                           100%

NUM_SAMPLES_CORE_23                                        199906                        199906

NUM_ACTIVE_BLOCKS_CORE_23                                 1443660                       7.22169

NUM_ACTIVE_THREADS_CORE_23                               11183587                       55.9442

NUM_SCHED_IDLE_CYCLE_CORE_23                                    0                             0

NUM_NO_SCHED_CYCLE_CORE_23                                  29117                         29117

CORE_DISPATCHED_INST_CORE_23                                68364                         68364

CORE_DISPATCH_WAIT_CORE_23                                2754033                       40.2848

CORE_CYCLES_CORE_23                                             0                             0

CORE_SCHED_THREADS_CORE_23                                      0                           NaN

CORE_NUM_NO_FETCH_CYCLES_CORE_23                                1                             1

CORE_NUM_NO_FETCH_CYCLES_WITH_READY_THREADS_CORE_23                   0                             0

CORE_NUM_FETCH_CYCLES_CORE_23                                   0                             0

CORE_FETCH_DELTA_CORE_23                                        0                           NaN

CORE_NUM_RETIRE_CYCLES_CORE_23                                  0                             0

CORE_RETIRE_DELTA_CORE_23                                       0                           NaN

FENCE_PREF_REQ_CORE_23                                          0                             0

FENCE_WAITING_CORE_23                                           0                             0

DYN_FENCE_NUM_CORE_23                                           0                             0

WB_ORDERING_STALL_CORE_23                                       0                             0

WB_FULL_CORE_23                                                 0                             0

FENCE_TOT_CYCLES_CORE_23                                        0                             0

FENCE_EXEC_CYCLES_CORE_23                                       0                             0

STORE_RES_CORE_23                                               0                             0

STORE_NUM_CORE_23                                               0                             0

STORE_WB_FREE_CORE_23                                           0                             0

SCHED_FAILED_REASON_SUCCESS_CORE_23                         68364                       44.4026%
SCHED_FAILED_OPERANDS_NOT_READY_CORE_23                     41942                       27.2414%
SCHED_FAILED_NO_AVAILABLE_PORTS_CORE_23                     43658                        28.356%
SCHED_FAILED_NO_MEM_REQ_SLOTS_CORE_23                           0                             0%
SCHED_FAILED_NO_AVAILABLE_SIMD_UNIT_CORE_23                     0                             0%
SCHED_FAILED_FENCE_ACTIVE_CORE_23                               0                             0%
SCHED_FAILED_MEM_MANAGEMENT_CORE_23                             0                             0%
                                                           153964                           100%

NUM_SAMPLES_CORE_24                                        197151                        197151

NUM_ACTIVE_BLOCKS_CORE_24                                 1523200                       7.72606

NUM_ACTIVE_THREADS_CORE_24                               12118743                       61.4693

NUM_SCHED_IDLE_CYCLE_CORE_24                                    0                             0

NUM_NO_SCHED_CYCLE_CORE_24                                  28644                         28644

CORE_DISPATCHED_INST_CORE_24                                68620                         68620

CORE_DISPATCH_WAIT_CORE_24                                2919786                       42.5501

CORE_CYCLES_CORE_24                                             0                             0

CORE_SCHED_THREADS_CORE_24                                      0                           NaN

CORE_NUM_NO_FETCH_CYCLES_CORE_24                                1                             1

CORE_NUM_NO_FETCH_CYCLES_WITH_READY_THREADS_CORE_24                   0                             0

CORE_NUM_FETCH_CYCLES_CORE_24                                   0                             0

CORE_FETCH_DELTA_CORE_24                                        0                           NaN

CORE_NUM_RETIRE_CYCLES_CORE_24                                  0                             0

CORE_RETIRE_DELTA_CORE_24                                       0                           NaN

FENCE_PREF_REQ_CORE_24                                          0                             0

FENCE_WAITING_CORE_24                                           0                             0

DYN_FENCE_NUM_CORE_24                                           0                             0

WB_ORDERING_STALL_CORE_24                                       0                             0

WB_FULL_CORE_24                                                 0                             0

FENCE_TOT_CYCLES_CORE_24                                        0                             0

FENCE_EXEC_CYCLES_CORE_24                                       0                             0

STORE_RES_CORE_24                                               0                             0

STORE_NUM_CORE_24                                               0                             0

STORE_WB_FREE_CORE_24                                           0                             0

SCHED_FAILED_REASON_SUCCESS_CORE_24                         68620                       46.7219%
SCHED_FAILED_OPERANDS_NOT_READY_CORE_24                     37499                       25.5323%
SCHED_FAILED_NO_AVAILABLE_PORTS_CORE_24                     40750                       27.7458%
SCHED_FAILED_NO_MEM_REQ_SLOTS_CORE_24                           0                             0%
SCHED_FAILED_NO_AVAILABLE_SIMD_UNIT_CORE_24                     0                             0%
SCHED_FAILED_FENCE_ACTIVE_CORE_24                               0                             0%
SCHED_FAILED_MEM_MANAGEMENT_CORE_24                             0                             0%
                                                           146869                           100%

NUM_SAMPLES_CORE_25                                        193940                        193940

NUM_ACTIVE_BLOCKS_CORE_25                                 1496984                        7.7188

NUM_ACTIVE_THREADS_CORE_25                               11876383                       61.2374

NUM_SCHED_IDLE_CYCLE_CORE_25                                    0                             0

NUM_NO_SCHED_CYCLE_CORE_25                                  27616                         27616

CORE_DISPATCHED_INST_CORE_25                                68157                         68157

CORE_DISPATCH_WAIT_CORE_25                                3016483                       44.2579

CORE_CYCLES_CORE_25                                             0                             0

CORE_SCHED_THREADS_CORE_25                                      0                           NaN

CORE_NUM_NO_FETCH_CYCLES_CORE_25                                1                             1

CORE_NUM_NO_FETCH_CYCLES_WITH_READY_THREADS_CORE_25                   0                             0

CORE_NUM_FETCH_CYCLES_CORE_25                                   0                             0

CORE_FETCH_DELTA_CORE_25                                        0                           NaN

CORE_NUM_RETIRE_CYCLES_CORE_25                                  0                             0

CORE_RETIRE_DELTA_CORE_25                                       0                           NaN

FENCE_PREF_REQ_CORE_25                                          0                             0

FENCE_WAITING_CORE_25                                           0                             0

DYN_FENCE_NUM_CORE_25                                           0                             0

WB_ORDERING_STALL_CORE_25                                       0                             0

WB_FULL_CORE_25                                                 0                             0

FENCE_TOT_CYCLES_CORE_25                                        0                             0

FENCE_EXEC_CYCLES_CORE_25                                       0                             0

STORE_RES_CORE_25                                               0                             0

STORE_NUM_CORE_25                                               0                             0

STORE_WB_FREE_CORE_25                                           0                             0

SCHED_FAILED_REASON_SUCCESS_CORE_25                         68157                       46.1178%
SCHED_FAILED_OPERANDS_NOT_READY_CORE_25                     40357                       27.3072%
SCHED_FAILED_NO_AVAILABLE_PORTS_CORE_25                     39275                       26.5751%
SCHED_FAILED_NO_MEM_REQ_SLOTS_CORE_25                           0                             0%
SCHED_FAILED_NO_AVAILABLE_SIMD_UNIT_CORE_25                     0                             0%
SCHED_FAILED_FENCE_ACTIVE_CORE_25                               0                             0%
SCHED_FAILED_MEM_MANAGEMENT_CORE_25                             0                             0%
                                                           147789                           100%

NUM_SAMPLES_CORE_26                                        200286                        200286

NUM_ACTIVE_BLOCKS_CORE_26                                 1542831                       7.70314

NUM_ACTIVE_THREADS_CORE_26                               12269574                       61.2603

NUM_SCHED_IDLE_CYCLE_CORE_26                                    0                             0

NUM_NO_SCHED_CYCLE_CORE_26                                  28895                         28895

CORE_DISPATCHED_INST_CORE_26                                68459                         68459

CORE_DISPATCH_WAIT_CORE_26                                2943883                       43.0021

CORE_CYCLES_CORE_26                                             0                             0

CORE_SCHED_THREADS_CORE_26                                      0                           NaN

CORE_NUM_NO_FETCH_CYCLES_CORE_26                                1                             1

CORE_NUM_NO_FETCH_CYCLES_WITH_READY_THREADS_CORE_26                   0                             0

CORE_NUM_FETCH_CYCLES_CORE_26                                   0                             0

CORE_FETCH_DELTA_CORE_26                                        0                           NaN

CORE_NUM_RETIRE_CYCLES_CORE_26                                  0                             0

CORE_RETIRE_DELTA_CORE_26                                       0                           NaN

FENCE_PREF_REQ_CORE_26                                          0                             0

FENCE_WAITING_CORE_26                                           0                             0

DYN_FENCE_NUM_CORE_26                                           0                             0

WB_ORDERING_STALL_CORE_26                                       0                             0

WB_FULL_CORE_26                                                 0                             0

FENCE_TOT_CYCLES_CORE_26                                        0                             0

FENCE_EXEC_CYCLES_CORE_26                                       0                             0

STORE_RES_CORE_26                                               0                             0

STORE_NUM_CORE_26                                               0                             0

STORE_WB_FREE_CORE_26                                           0                             0

SCHED_FAILED_REASON_SUCCESS_CORE_26                         68459                       43.4106%
SCHED_FAILED_OPERANDS_NOT_READY_CORE_26                     38420                       24.3626%
SCHED_FAILED_NO_AVAILABLE_PORTS_CORE_26                     50822                       32.2268%
SCHED_FAILED_NO_MEM_REQ_SLOTS_CORE_26                           0                             0%
SCHED_FAILED_NO_AVAILABLE_SIMD_UNIT_CORE_26                     0                             0%
SCHED_FAILED_FENCE_ACTIVE_CORE_26                               0                             0%
SCHED_FAILED_MEM_MANAGEMENT_CORE_26                             0                             0%
                                                           157701                           100%

NUM_SAMPLES_CORE_27                                        199906                        199906

NUM_ACTIVE_BLOCKS_CORE_27                                 1534840                       7.67781

NUM_ACTIVE_THREADS_CORE_27                               12194456                       61.0009

NUM_SCHED_IDLE_CYCLE_CORE_27                                    0                             0

NUM_NO_SCHED_CYCLE_CORE_27                                  29309                         29309

CORE_DISPATCHED_INST_CORE_27                                68630                         68630

CORE_DISPATCH_WAIT_CORE_27                                2857696                       41.6392

CORE_CYCLES_CORE_27                                             0                             0

CORE_SCHED_THREADS_CORE_27                                      0                           NaN

CORE_NUM_NO_FETCH_CYCLES_CORE_27                                1                             1

CORE_NUM_NO_FETCH_CYCLES_WITH_READY_THREADS_CORE_27                   0                             0

CORE_NUM_FETCH_CYCLES_CORE_27                                   0                             0

CORE_FETCH_DELTA_CORE_27                                        0                           NaN

CORE_NUM_RETIRE_CYCLES_CORE_27                                  0                             0

CORE_RETIRE_DELTA_CORE_27                                       0                           NaN

FENCE_PREF_REQ_CORE_27                                          0                             0

FENCE_WAITING_CORE_27                                           0                             0

DYN_FENCE_NUM_CORE_27                                           0                             0

WB_ORDERING_STALL_CORE_27                                       0                             0

WB_FULL_CORE_27                                                 0                             0

FENCE_TOT_CYCLES_CORE_27                                        0                             0

FENCE_EXEC_CYCLES_CORE_27                                       0                             0

STORE_RES_CORE_27                                               0                             0

STORE_NUM_CORE_27                                               0                             0

STORE_WB_FREE_CORE_27                                           0                             0

SCHED_FAILED_REASON_SUCCESS_CORE_27                         68630                       45.0902%
SCHED_FAILED_OPERANDS_NOT_READY_CORE_27                     43902                       28.8438%
SCHED_FAILED_NO_AVAILABLE_PORTS_CORE_27                     39674                        26.066%
SCHED_FAILED_NO_MEM_REQ_SLOTS_CORE_27                           0                             0%
SCHED_FAILED_NO_AVAILABLE_SIMD_UNIT_CORE_27                     0                             0%
SCHED_FAILED_FENCE_ACTIVE_CORE_27                               0                             0%
SCHED_FAILED_MEM_MANAGEMENT_CORE_27                             0                             0%
                                                           152206                           100%

NUM_SAMPLES_CORE_28                                        175035                        175035

NUM_ACTIVE_BLOCKS_CORE_28                                 1328350                       7.58905

NUM_ACTIVE_THREADS_CORE_28                               10544559                       60.2426

NUM_SCHED_IDLE_CYCLE_CORE_28                                    0                             0

NUM_NO_SCHED_CYCLE_CORE_28                                  22823                         22823

CORE_DISPATCHED_INST_CORE_28                                68717                         68717

CORE_DISPATCH_WAIT_CORE_28                                3241715                       47.1749

CORE_CYCLES_CORE_28                                             0                             0

CORE_SCHED_THREADS_CORE_28                                      0                           NaN

CORE_NUM_NO_FETCH_CYCLES_CORE_28                                1                             1

CORE_NUM_NO_FETCH_CYCLES_WITH_READY_THREADS_CORE_28                   0                             0

CORE_NUM_FETCH_CYCLES_CORE_28                                   0                             0

CORE_FETCH_DELTA_CORE_28                                        0                           NaN

CORE_NUM_RETIRE_CYCLES_CORE_28                                  0                             0

CORE_RETIRE_DELTA_CORE_28                                       0                           NaN

FENCE_PREF_REQ_CORE_28                                          0                             0

FENCE_WAITING_CORE_28                                           0                             0

DYN_FENCE_NUM_CORE_28                                           0                             0

WB_ORDERING_STALL_CORE_28                                       0                             0

WB_FULL_CORE_28                                                 0                             0

FENCE_TOT_CYCLES_CORE_28                                        0                             0

FENCE_EXEC_CYCLES_CORE_28                                       0                             0

STORE_RES_CORE_28                                               0                             0

STORE_NUM_CORE_28                                               0                             0

STORE_WB_FREE_CORE_28                                           0                             0

SCHED_FAILED_REASON_SUCCESS_CORE_28                         68717                       43.2291%
SCHED_FAILED_OPERANDS_NOT_READY_CORE_28                     34503                       21.7055%
SCHED_FAILED_NO_AVAILABLE_PORTS_CORE_28                     55740                       35.0654%
SCHED_FAILED_NO_MEM_REQ_SLOTS_CORE_28                           0                             0%
SCHED_FAILED_NO_AVAILABLE_SIMD_UNIT_CORE_28                     0                             0%
SCHED_FAILED_FENCE_ACTIVE_CORE_28                               0                             0%
SCHED_FAILED_MEM_MANAGEMENT_CORE_28                             0                             0%
                                                           158960                           100%

NUM_SAMPLES_CORE_29                                        175075                        175075

NUM_ACTIVE_BLOCKS_CORE_29                                 1335394                       7.62755

NUM_ACTIVE_THREADS_CORE_29                               10600012                       60.5455

NUM_SCHED_IDLE_CYCLE_CORE_29                                    0                             0

NUM_NO_SCHED_CYCLE_CORE_29                                  22834                         22834

CORE_DISPATCHED_INST_CORE_29                                68658                         68658

CORE_DISPATCH_WAIT_CORE_29                                3194640                       46.5298

CORE_CYCLES_CORE_29                                             0                             0

CORE_SCHED_THREADS_CORE_29                                      0                           NaN

CORE_NUM_NO_FETCH_CYCLES_CORE_29                                1                             1

CORE_NUM_NO_FETCH_CYCLES_WITH_READY_THREADS_CORE_29                   0                             0

CORE_NUM_FETCH_CYCLES_CORE_29                                   0                             0

CORE_FETCH_DELTA_CORE_29                                        0                           NaN

CORE_NUM_RETIRE_CYCLES_CORE_29                                  0                             0

CORE_RETIRE_DELTA_CORE_29                                       0                           NaN

FENCE_PREF_REQ_CORE_29                                          0                             0

FENCE_WAITING_CORE_29                                           0                             0

DYN_FENCE_NUM_CORE_29                                           0                             0

WB_ORDERING_STALL_CORE_29                                       0                             0

WB_FULL_CORE_29                                                 0                             0

FENCE_TOT_CYCLES_CORE_29                                        0                             0

FENCE_EXEC_CYCLES_CORE_29                                       0                             0

STORE_RES_CORE_29                                               0                             0

STORE_NUM_CORE_29                                               0                             0

STORE_WB_FREE_CORE_29                                           0                             0

SCHED_FAILED_REASON_SUCCESS_CORE_29                         68658                       44.4621%
SCHED_FAILED_OPERANDS_NOT_READY_CORE_29                     38004                        24.611%
SCHED_FAILED_NO_AVAILABLE_PORTS_CORE_29                     47757                       30.9269%
SCHED_FAILED_NO_MEM_REQ_SLOTS_CORE_29                           0                             0%
SCHED_FAILED_NO_AVAILABLE_SIMD_UNIT_CORE_29                     0                             0%
SCHED_FAILED_FENCE_ACTIVE_CORE_29                               0                             0%
SCHED_FAILED_MEM_MANAGEMENT_CORE_29                             0                             0%
                                                           154419                           100%

NUM_SAMPLES_CORE_30                                        177662                        177662

NUM_ACTIVE_BLOCKS_CORE_30                                 1361799                       7.66511

NUM_ACTIVE_THREADS_CORE_30                               10820132                       60.9029

NUM_SCHED_IDLE_CYCLE_CORE_30                                    0                             0

NUM_NO_SCHED_CYCLE_CORE_30                                  23511                         23511

CORE_DISPATCHED_INST_CORE_30                                68644                         68644

CORE_DISPATCH_WAIT_CORE_30                                2798822                        40.773

CORE_CYCLES_CORE_30                                             0                             0

CORE_SCHED_THREADS_CORE_30                                      0                           NaN

CORE_NUM_NO_FETCH_CYCLES_CORE_30                                1                             1

CORE_NUM_NO_FETCH_CYCLES_WITH_READY_THREADS_CORE_30                   0                             0

CORE_NUM_FETCH_CYCLES_CORE_30                                   0                             0

CORE_FETCH_DELTA_CORE_30                                        0                           NaN

CORE_NUM_RETIRE_CYCLES_CORE_30                                  0                             0

CORE_RETIRE_DELTA_CORE_30                                       0                           NaN

FENCE_PREF_REQ_CORE_30                                          0                             0

FENCE_WAITING_CORE_30                                           0                             0

DYN_FENCE_NUM_CORE_30                                           0                             0

WB_ORDERING_STALL_CORE_30                                       0                             0

WB_FULL_CORE_30                                                 0                             0

FENCE_TOT_CYCLES_CORE_30                                        0                             0

FENCE_EXEC_CYCLES_CORE_30                                       0                             0

STORE_RES_CORE_30                                               0                             0

STORE_NUM_CORE_30                                               0                             0

STORE_WB_FREE_CORE_30                                           0                             0

SCHED_FAILED_REASON_SUCCESS_CORE_30                         68644                       46.9107%
SCHED_FAILED_OPERANDS_NOT_READY_CORE_30                     32564                        22.254%
SCHED_FAILED_NO_AVAILABLE_PORTS_CORE_30                     45121                       30.8353%
SCHED_FAILED_NO_MEM_REQ_SLOTS_CORE_30                           0                             0%
SCHED_FAILED_NO_AVAILABLE_SIMD_UNIT_CORE_30                     0                             0%
SCHED_FAILED_FENCE_ACTIVE_CORE_30                               0                             0%
SCHED_FAILED_MEM_MANAGEMENT_CORE_30                             0                             0%
                                                           146329                           100%

NUM_SAMPLES_CORE_31                                        193752                        193752

NUM_ACTIVE_BLOCKS_CORE_31                                 1498722                       7.73526

NUM_ACTIVE_THREADS_CORE_31                               11812113                       60.9651

NUM_SCHED_IDLE_CYCLE_CORE_31                                    0                             0

NUM_NO_SCHED_CYCLE_CORE_31                                  27740                         27740

CORE_DISPATCHED_INST_CORE_31                                68518                         68518

CORE_DISPATCH_WAIT_CORE_31                                3049096                       44.5007

CORE_CYCLES_CORE_31                                             0                             0

CORE_SCHED_THREADS_CORE_31                                      0                           NaN

CORE_NUM_NO_FETCH_CYCLES_CORE_31                                1                             1

CORE_NUM_NO_FETCH_CYCLES_WITH_READY_THREADS_CORE_31                   0                             0

CORE_NUM_FETCH_CYCLES_CORE_31                                   0                             0

CORE_FETCH_DELTA_CORE_31                                        0                           NaN

CORE_NUM_RETIRE_CYCLES_CORE_31                                  0                             0

CORE_RETIRE_DELTA_CORE_31                                       0                           NaN

FENCE_PREF_REQ_CORE_31                                          0                             0

FENCE_WAITING_CORE_31                                           0                             0

DYN_FENCE_NUM_CORE_31                                           0                             0

WB_ORDERING_STALL_CORE_31                                       0                             0

WB_FULL_CORE_31                                                 0                             0

FENCE_TOT_CYCLES_CORE_31                                        0                             0

FENCE_EXEC_CYCLES_CORE_31                                       0                             0

STORE_RES_CORE_31                                               0                             0

STORE_NUM_CORE_31                                               0                             0

STORE_WB_FREE_CORE_31                                           0                             0

SCHED_FAILED_REASON_SUCCESS_CORE_31                         68518                       45.7837%
SCHED_FAILED_OPERANDS_NOT_READY_CORE_31                     36801                       24.5904%
SCHED_FAILED_NO_AVAILABLE_PORTS_CORE_31                     44337                       29.6259%
SCHED_FAILED_NO_MEM_REQ_SLOTS_CORE_31                           0                             0%
SCHED_FAILED_NO_AVAILABLE_SIMD_UNIT_CORE_31                     0                             0%
SCHED_FAILED_FENCE_ACTIVE_CORE_31                               0                             0%
SCHED_FAILED_MEM_MANAGEMENT_CORE_31                             0                             0%
                                                           149656                           100%

NUM_SAMPLES_CORE_32                                        201756                        201756

NUM_ACTIVE_BLOCKS_CORE_32                                 1563486                       7.74939

NUM_ACTIVE_THREADS_CORE_32                               12446516                       61.6909

NUM_SCHED_IDLE_CYCLE_CORE_32                                    0                             0

NUM_NO_SCHED_CYCLE_CORE_32                                  29116                         29116

CORE_DISPATCHED_INST_CORE_32                                68350                         68350

CORE_DISPATCH_WAIT_CORE_32                                2574150                       37.6613

CORE_CYCLES_CORE_32                                             0                             0

CORE_SCHED_THREADS_CORE_32                                      0                           NaN

CORE_NUM_NO_FETCH_CYCLES_CORE_32                                1                             1

CORE_NUM_NO_FETCH_CYCLES_WITH_READY_THREADS_CORE_32                   0                             0

CORE_NUM_FETCH_CYCLES_CORE_32                                   0                             0

CORE_FETCH_DELTA_CORE_32                                        0                           NaN

CORE_NUM_RETIRE_CYCLES_CORE_32                                  0                             0

CORE_RETIRE_DELTA_CORE_32                                       0                           NaN

FENCE_PREF_REQ_CORE_32                                          0                             0

FENCE_WAITING_CORE_32                                           0                             0

DYN_FENCE_NUM_CORE_32                                           0                             0

WB_ORDERING_STALL_CORE_32                                       0                             0

WB_FULL_CORE_32                                                 0                             0

FENCE_TOT_CYCLES_CORE_32                                        0                             0

FENCE_EXEC_CYCLES_CORE_32                                       0                             0

STORE_RES_CORE_32                                               0                             0

STORE_NUM_CORE_32                                               0                             0

STORE_WB_FREE_CORE_32                                           0                             0

SCHED_FAILED_REASON_SUCCESS_CORE_32                         68350                       55.1468%
SCHED_FAILED_OPERANDS_NOT_READY_CORE_32                     14237                       11.4868%
SCHED_FAILED_NO_AVAILABLE_PORTS_CORE_32                     41355                       33.3664%
SCHED_FAILED_NO_MEM_REQ_SLOTS_CORE_32                           0                             0%
SCHED_FAILED_NO_AVAILABLE_SIMD_UNIT_CORE_32                     0                             0%
SCHED_FAILED_FENCE_ACTIVE_CORE_32                               0                             0%
SCHED_FAILED_MEM_MANAGEMENT_CORE_32                             0                             0%
                                                           123942                           100%

NUM_SAMPLES_CORE_33                                        203818                        203818

NUM_ACTIVE_BLOCKS_CORE_33                                 1579363                       7.74889

NUM_ACTIVE_THREADS_CORE_33                               12555473                       61.6014

NUM_SCHED_IDLE_CYCLE_CORE_33                                    0                             0

NUM_NO_SCHED_CYCLE_CORE_33                                  29428                         29428

CORE_DISPATCHED_INST_CORE_33                                68266                         68266

CORE_DISPATCH_WAIT_CORE_33                                2380286                       34.8678

CORE_CYCLES_CORE_33                                             0                             0

CORE_SCHED_THREADS_CORE_33                                      0                           NaN

CORE_NUM_NO_FETCH_CYCLES_CORE_33                                1                             1

CORE_NUM_NO_FETCH_CYCLES_WITH_READY_THREADS_CORE_33                   0                             0

CORE_NUM_FETCH_CYCLES_CORE_33                                   0                             0

CORE_FETCH_DELTA_CORE_33                                        0                           NaN

CORE_NUM_RETIRE_CYCLES_CORE_33                                  0                             0

CORE_RETIRE_DELTA_CORE_33                                       0                           NaN

FENCE_PREF_REQ_CORE_33                                          0                             0

FENCE_WAITING_CORE_33                                           0                             0

DYN_FENCE_NUM_CORE_33                                           0                             0

WB_ORDERING_STALL_CORE_33                                       0                             0

WB_FULL_CORE_33                                                 0                             0

FENCE_TOT_CYCLES_CORE_33                                        0                             0

FENCE_EXEC_CYCLES_CORE_33                                       0                             0

STORE_RES_CORE_33                                               0                             0

STORE_NUM_CORE_33                                               0                             0

STORE_WB_FREE_CORE_33                                           0                             0

SCHED_FAILED_REASON_SUCCESS_CORE_33                         68266                        56.373%
SCHED_FAILED_OPERANDS_NOT_READY_CORE_33                     15345                       12.6717%
SCHED_FAILED_NO_AVAILABLE_PORTS_CORE_33                     37486                       30.9553%
SCHED_FAILED_NO_MEM_REQ_SLOTS_CORE_33                           0                             0%
SCHED_FAILED_NO_AVAILABLE_SIMD_UNIT_CORE_33                     0                             0%
SCHED_FAILED_FENCE_ACTIVE_CORE_33                               0                             0%
SCHED_FAILED_MEM_MANAGEMENT_CORE_33                             0                             0%
                                                           121097                           100%

NUM_SAMPLES_CORE_34                                        229230                        229230

NUM_ACTIVE_BLOCKS_CORE_34                                 1782536                       7.77619

NUM_ACTIVE_THREADS_CORE_34                               14198011                       61.9378

NUM_SCHED_IDLE_CYCLE_CORE_34                                    0                             0

NUM_NO_SCHED_CYCLE_CORE_34                                  36357                         36357

CORE_DISPATCHED_INST_CORE_34                                68251                         68251

CORE_DISPATCH_WAIT_CORE_34                                2798717                       41.0062

CORE_CYCLES_CORE_34                                             0                             0

CORE_SCHED_THREADS_CORE_34                                      0                           NaN

CORE_NUM_NO_FETCH_CYCLES_CORE_34                                1                             1

CORE_NUM_NO_FETCH_CYCLES_WITH_READY_THREADS_CORE_34                   0                             0

CORE_NUM_FETCH_CYCLES_CORE_34                                   0                             0

CORE_FETCH_DELTA_CORE_34                                        0                           NaN

CORE_NUM_RETIRE_CYCLES_CORE_34                                  0                             0

CORE_RETIRE_DELTA_CORE_34                                       0                           NaN

FENCE_PREF_REQ_CORE_34                                          0                             0

FENCE_WAITING_CORE_34                                           0                             0

DYN_FENCE_NUM_CORE_34                                           0                             0

WB_ORDERING_STALL_CORE_34                                       0                             0

WB_FULL_CORE_34                                                 0                             0

FENCE_TOT_CYCLES_CORE_34                                        0                             0

FENCE_EXEC_CYCLES_CORE_34                                       0                             0

STORE_RES_CORE_34                                               0                             0

STORE_NUM_CORE_34                                               0                             0

STORE_WB_FREE_CORE_34                                           0                             0

SCHED_FAILED_REASON_SUCCESS_CORE_34                         68251                       49.6014%
SCHED_FAILED_OPERANDS_NOT_READY_CORE_34                     20109                       14.6142%
SCHED_FAILED_NO_AVAILABLE_PORTS_CORE_34                     49239                       35.7844%
SCHED_FAILED_NO_MEM_REQ_SLOTS_CORE_34                           0                             0%
SCHED_FAILED_NO_AVAILABLE_SIMD_UNIT_CORE_34                     0                             0%
SCHED_FAILED_FENCE_ACTIVE_CORE_34                               0                             0%
SCHED_FAILED_MEM_MANAGEMENT_CORE_34                             0                             0%
                                                           137599                           100%

NUM_SAMPLES_CORE_35                                        182771                        182771

NUM_ACTIVE_BLOCKS_CORE_35                                 1399222                        7.6556

NUM_ACTIVE_THREADS_CORE_35                               10881092                        59.534

NUM_SCHED_IDLE_CYCLE_CORE_35                                    0                             0

NUM_NO_SCHED_CYCLE_CORE_35                                  26124                         26124

CORE_DISPATCHED_INST_CORE_35                                66489                         66489

CORE_DISPATCH_WAIT_CORE_35                                2660484                       40.0139

CORE_CYCLES_CORE_35                                             0                             0

CORE_SCHED_THREADS_CORE_35                                      0                           NaN

CORE_NUM_NO_FETCH_CYCLES_CORE_35                                1                             1

CORE_NUM_NO_FETCH_CYCLES_WITH_READY_THREADS_CORE_35                   0                             0

CORE_NUM_FETCH_CYCLES_CORE_35                                   0                             0

CORE_FETCH_DELTA_CORE_35                                        0                           NaN

CORE_NUM_RETIRE_CYCLES_CORE_35                                  0                             0

CORE_RETIRE_DELTA_CORE_35                                       0                           NaN

FENCE_PREF_REQ_CORE_35                                          0                             0

FENCE_WAITING_CORE_35                                           0                             0

DYN_FENCE_NUM_CORE_35                                           0                             0

WB_ORDERING_STALL_CORE_35                                       0                             0

WB_FULL_CORE_35                                                 0                             0

FENCE_TOT_CYCLES_CORE_35                                        0                             0

FENCE_EXEC_CYCLES_CORE_35                                       0                             0

STORE_RES_CORE_35                                               0                             0

STORE_NUM_CORE_35                                               0                             0

STORE_WB_FREE_CORE_35                                           0                             0

SCHED_FAILED_REASON_SUCCESS_CORE_35                         66489                        52.109%
SCHED_FAILED_OPERANDS_NOT_READY_CORE_35                     24874                       19.4943%
SCHED_FAILED_NO_AVAILABLE_PORTS_CORE_35                     36233                       28.3967%
SCHED_FAILED_NO_MEM_REQ_SLOTS_CORE_35                           0                             0%
SCHED_FAILED_NO_AVAILABLE_SIMD_UNIT_CORE_35                     0                             0%
SCHED_FAILED_FENCE_ACTIVE_CORE_35                               0                             0%
SCHED_FAILED_MEM_MANAGEMENT_CORE_35                             0                             0%
                                                           127596                           100%

NUM_SAMPLES_CORE_36                                        204976                        204976

NUM_ACTIVE_BLOCKS_CORE_36                                 1391291                       6.78758

NUM_ACTIVE_THREADS_CORE_36                               10983003                       53.5819

NUM_SCHED_IDLE_CYCLE_CORE_36                                    0                             0

NUM_NO_SCHED_CYCLE_CORE_36                                  32377                         32377

CORE_DISPATCHED_INST_CORE_36                                61175                         61175

CORE_DISPATCH_WAIT_CORE_36                                2105125                       34.4115

CORE_CYCLES_CORE_36                                             0                             0

CORE_SCHED_THREADS_CORE_36                                      0                           NaN

CORE_NUM_NO_FETCH_CYCLES_CORE_36                                1                             1

CORE_NUM_NO_FETCH_CYCLES_WITH_READY_THREADS_CORE_36                   0                             0

CORE_NUM_FETCH_CYCLES_CORE_36                                   0                             0

CORE_FETCH_DELTA_CORE_36                                        0                           NaN

CORE_NUM_RETIRE_CYCLES_CORE_36                                  0                             0

CORE_RETIRE_DELTA_CORE_36                                       0                           NaN

FENCE_PREF_REQ_CORE_36                                          0                             0

FENCE_WAITING_CORE_36                                           0                             0

DYN_FENCE_NUM_CORE_36                                           0                             0

WB_ORDERING_STALL_CORE_36                                       0                             0

WB_FULL_CORE_36                                                 0                             0

FENCE_TOT_CYCLES_CORE_36                                        0                             0

FENCE_EXEC_CYCLES_CORE_36                                       0                             0

STORE_RES_CORE_36                                               0                             0

STORE_NUM_CORE_36                                               0                             0

STORE_WB_FREE_CORE_36                                           0                             0

SCHED_FAILED_REASON_SUCCESS_CORE_36                         61175                       60.4855%
SCHED_FAILED_OPERANDS_NOT_READY_CORE_36                      6639                       6.56417%
SCHED_FAILED_NO_AVAILABLE_PORTS_CORE_36                     33326                       32.9504%
SCHED_FAILED_NO_MEM_REQ_SLOTS_CORE_36                           0                             0%
SCHED_FAILED_NO_AVAILABLE_SIMD_UNIT_CORE_36                     0                             0%
SCHED_FAILED_FENCE_ACTIVE_CORE_36                               0                             0%
SCHED_FAILED_MEM_MANAGEMENT_CORE_36                             0                             0%
                                                           101140                           100%

NUM_SAMPLES_CORE_37                                        205829                        205829

NUM_ACTIVE_BLOCKS_CORE_37                                 1391916                       6.76249

NUM_ACTIVE_THREADS_CORE_37                               11122088                       54.0356

NUM_SCHED_IDLE_CYCLE_CORE_37                                    0                             0

NUM_NO_SCHED_CYCLE_CORE_37                                  32217                         32217

CORE_DISPATCHED_INST_CORE_37                                62356                         62356

CORE_DISPATCH_WAIT_CORE_37                                2500836                       40.1058

CORE_CYCLES_CORE_37                                             0                             0

CORE_SCHED_THREADS_CORE_37                                      0                           NaN

CORE_NUM_NO_FETCH_CYCLES_CORE_37                                1                             1

CORE_NUM_NO_FETCH_CYCLES_WITH_READY_THREADS_CORE_37                   0                             0

CORE_NUM_FETCH_CYCLES_CORE_37                                   0                             0

CORE_FETCH_DELTA_CORE_37                                        0                           NaN

CORE_NUM_RETIRE_CYCLES_CORE_37                                  0                             0

CORE_RETIRE_DELTA_CORE_37                                       0                           NaN

FENCE_PREF_REQ_CORE_37                                          0                             0

FENCE_WAITING_CORE_37                                           0                             0

DYN_FENCE_NUM_CORE_37                                           0                             0

WB_ORDERING_STALL_CORE_37                                       0                             0

WB_FULL_CORE_37                                                 0                             0

FENCE_TOT_CYCLES_CORE_37                                        0                             0

FENCE_EXEC_CYCLES_CORE_37                                       0                             0

STORE_RES_CORE_37                                               0                             0

STORE_NUM_CORE_37                                               0                             0

STORE_WB_FREE_CORE_37                                           0                             0

SCHED_FAILED_REASON_SUCCESS_CORE_37                         62356                       64.1866%
SCHED_FAILED_OPERANDS_NOT_READY_CORE_37                      9761                       10.0476%
SCHED_FAILED_NO_AVAILABLE_PORTS_CORE_37                     25031                       25.7658%
SCHED_FAILED_NO_MEM_REQ_SLOTS_CORE_37                           0                             0%
SCHED_FAILED_NO_AVAILABLE_SIMD_UNIT_CORE_37                     0                             0%
SCHED_FAILED_FENCE_ACTIVE_CORE_37                               0                             0%
SCHED_FAILED_MEM_MANAGEMENT_CORE_37                             0                             0%
                                                            97148                           100%

NUM_SAMPLES_CORE_38                                        213383                        213383

NUM_ACTIVE_BLOCKS_CORE_38                                 1455239                       6.81985

NUM_ACTIVE_THREADS_CORE_38                               11561977                       54.1842

NUM_SCHED_IDLE_CYCLE_CORE_38                                    0                             0

NUM_NO_SCHED_CYCLE_CORE_38                                  34841                         34841

CORE_DISPATCHED_INST_CORE_38                                61154                         61154

CORE_DISPATCH_WAIT_CORE_38                                2200382                        35.981

CORE_CYCLES_CORE_38                                             0                             0

CORE_SCHED_THREADS_CORE_38                                      0                           NaN

CORE_NUM_NO_FETCH_CYCLES_CORE_38                                1                             1

CORE_NUM_NO_FETCH_CYCLES_WITH_READY_THREADS_CORE_38                   0                             0

CORE_NUM_FETCH_CYCLES_CORE_38                                   0                             0

CORE_FETCH_DELTA_CORE_38                                        0                           NaN

CORE_NUM_RETIRE_CYCLES_CORE_38                                  0                             0

CORE_RETIRE_DELTA_CORE_38                                       0                           NaN

FENCE_PREF_REQ_CORE_38                                          0                             0

FENCE_WAITING_CORE_38                                           0                             0

DYN_FENCE_NUM_CORE_38                                           0                             0

WB_ORDERING_STALL_CORE_38                                       0                             0

WB_FULL_CORE_38                                                 0                             0

FENCE_TOT_CYCLES_CORE_38                                        0                             0

FENCE_EXEC_CYCLES_CORE_38                                       0                             0

STORE_RES_CORE_38                                               0                             0

STORE_NUM_CORE_38                                               0                             0

STORE_WB_FREE_CORE_38                                           0                             0

SCHED_FAILED_REASON_SUCCESS_CORE_38                         61154                       60.0692%
SCHED_FAILED_OPERANDS_NOT_READY_CORE_38                     10197                       10.0161%
SCHED_FAILED_NO_AVAILABLE_PORTS_CORE_38                     30455                       29.9147%
SCHED_FAILED_NO_MEM_REQ_SLOTS_CORE_38                           0                             0%
SCHED_FAILED_NO_AVAILABLE_SIMD_UNIT_CORE_38                     0                             0%
SCHED_FAILED_FENCE_ACTIVE_CORE_38                               0                             0%
SCHED_FAILED_MEM_MANAGEMENT_CORE_38                             0                             0%
                                                           101806                           100%

NUM_SAMPLES_CORE_39                                        212575                        212575

NUM_ACTIVE_BLOCKS_CORE_39                                 1452181                       6.83138

NUM_ACTIVE_THREADS_CORE_39                               11535667                       54.2663

NUM_SCHED_IDLE_CYCLE_CORE_39                                    0                             0

NUM_NO_SCHED_CYCLE_CORE_39                                  34782                         34782

CORE_DISPATCHED_INST_CORE_39                                60707                         60707

CORE_DISPATCH_WAIT_CORE_39                                2198211                       36.2102

CORE_CYCLES_CORE_39                                             0                             0

CORE_SCHED_THREADS_CORE_39                                      0                           NaN

CORE_NUM_NO_FETCH_CYCLES_CORE_39                                1                             1

CORE_NUM_NO_FETCH_CYCLES_WITH_READY_THREADS_CORE_39                   0                             0

CORE_NUM_FETCH_CYCLES_CORE_39                                   0                             0

CORE_FETCH_DELTA_CORE_39                                        0                           NaN

CORE_NUM_RETIRE_CYCLES_CORE_39                                  0                             0

CORE_RETIRE_DELTA_CORE_39                                       0                           NaN

FENCE_PREF_REQ_CORE_39                                          0                             0

FENCE_WAITING_CORE_39                                           0                             0

DYN_FENCE_NUM_CORE_39                                           0                             0

WB_ORDERING_STALL_CORE_39                                       0                             0

WB_FULL_CORE_39                                                 0                             0

FENCE_TOT_CYCLES_CORE_39                                        0                             0

FENCE_EXEC_CYCLES_CORE_39                                       0                             0

STORE_RES_CORE_39                                               0                             0

STORE_NUM_CORE_39                                               0                             0

STORE_WB_FREE_CORE_39                                           0                             0

SCHED_FAILED_REASON_SUCCESS_CORE_39                         60707                       57.9177%
SCHED_FAILED_OPERANDS_NOT_READY_CORE_39                     11120                       10.6091%
SCHED_FAILED_NO_AVAILABLE_PORTS_CORE_39                     32989                       31.4732%
SCHED_FAILED_NO_MEM_REQ_SLOTS_CORE_39                           0                             0%
SCHED_FAILED_NO_AVAILABLE_SIMD_UNIT_CORE_39                     0                             0%
SCHED_FAILED_FENCE_ACTIVE_CORE_39                               0                             0%
SCHED_FAILED_MEM_MANAGEMENT_CORE_39                             0                             0%
                                                           104816                           100%

NUM_SAMPLES_CORE_40                                        181973                        181973

NUM_ACTIVE_BLOCKS_CORE_40                                 1157857                        6.3628

NUM_ACTIVE_THREADS_CORE_40                                9105350                       50.0368

NUM_SCHED_IDLE_CYCLE_CORE_40                                    0                             0

NUM_NO_SCHED_CYCLE_CORE_40                                  27479                         27479

CORE_DISPATCHED_INST_CORE_40                                60918                         60918

CORE_DISPATCH_WAIT_CORE_40                                2124115                       34.8684

CORE_CYCLES_CORE_40                                             0                             0

CORE_SCHED_THREADS_CORE_40                                      0                           NaN

CORE_NUM_NO_FETCH_CYCLES_CORE_40                                7                             7

CORE_NUM_NO_FETCH_CYCLES_WITH_READY_THREADS_CORE_40                   0                             0

CORE_NUM_FETCH_CYCLES_CORE_40                                   0                             0

CORE_FETCH_DELTA_CORE_40                                        0                           NaN

CORE_NUM_RETIRE_CYCLES_CORE_40                                  0                             0

CORE_RETIRE_DELTA_CORE_40                                       0                           NaN

FENCE_PREF_REQ_CORE_40                                          0                             0

FENCE_WAITING_CORE_40                                           0                             0

DYN_FENCE_NUM_CORE_40                                           0                             0

WB_ORDERING_STALL_CORE_40                                       0                             0

WB_FULL_CORE_40                                                 0                             0

FENCE_TOT_CYCLES_CORE_40                                        0                             0

FENCE_EXEC_CYCLES_CORE_40                                       0                             0

STORE_RES_CORE_40                                               0                             0

STORE_NUM_CORE_40                                               0                             0

STORE_WB_FREE_CORE_40                                           0                             0

SCHED_FAILED_REASON_SUCCESS_CORE_40                         60918                       61.0028%
SCHED_FAILED_OPERANDS_NOT_READY_CORE_40                     10927                       10.9422%
SCHED_FAILED_NO_AVAILABLE_PORTS_CORE_40                     28016                        28.055%
SCHED_FAILED_NO_MEM_REQ_SLOTS_CORE_40                           0                             0%
SCHED_FAILED_NO_AVAILABLE_SIMD_UNIT_CORE_40                     0                             0%
SCHED_FAILED_FENCE_ACTIVE_CORE_40                               0                             0%
SCHED_FAILED_MEM_MANAGEMENT_CORE_40                             0                             0%
                                                            99861                           100%

NUM_SAMPLES_CORE_41                                        162828                        162828

NUM_ACTIVE_BLOCKS_CORE_41                                 1094181                       6.71986

NUM_ACTIVE_THREADS_CORE_41                                8595614                       52.7895

NUM_SCHED_IDLE_CYCLE_CORE_41                                    0                             0

NUM_NO_SCHED_CYCLE_CORE_41                                  22564                         22564

CORE_DISPATCHED_INST_CORE_41                                61345                         61345

CORE_DISPATCH_WAIT_CORE_41                                2014150                       32.8332

CORE_CYCLES_CORE_41                                             0                             0

CORE_SCHED_THREADS_CORE_41                                      0                           NaN

CORE_NUM_NO_FETCH_CYCLES_CORE_41                                1                             1

CORE_NUM_NO_FETCH_CYCLES_WITH_READY_THREADS_CORE_41                   0                             0

CORE_NUM_FETCH_CYCLES_CORE_41                                   0                             0

CORE_FETCH_DELTA_CORE_41                                        0                           NaN

CORE_NUM_RETIRE_CYCLES_CORE_41                                  0                             0

CORE_RETIRE_DELTA_CORE_41                                       0                           NaN

FENCE_PREF_REQ_CORE_41                                          0                             0

FENCE_WAITING_CORE_41                                           0                             0

DYN_FENCE_NUM_CORE_41                                           0                             0

WB_ORDERING_STALL_CORE_41                                       0                             0

WB_FULL_CORE_41                                                 0                             0

FENCE_TOT_CYCLES_CORE_41                                        0                             0

FENCE_EXEC_CYCLES_CORE_41                                       0                             0

STORE_RES_CORE_41                                               0                             0

STORE_NUM_CORE_41                                               0                             0

STORE_WB_FREE_CORE_41                                           0                             0

SCHED_FAILED_REASON_SUCCESS_CORE_41                         61345                       59.2362%
SCHED_FAILED_OPERANDS_NOT_READY_CORE_41                     13916                       13.4376%
SCHED_FAILED_NO_AVAILABLE_PORTS_CORE_41                     28299                       27.3262%
SCHED_FAILED_NO_MEM_REQ_SLOTS_CORE_41                           0                             0%
SCHED_FAILED_NO_AVAILABLE_SIMD_UNIT_CORE_41                     0                             0%
SCHED_FAILED_FENCE_ACTIVE_CORE_41                               0                             0%
SCHED_FAILED_MEM_MANAGEMENT_CORE_41                             0                             0%
                                                           103560                           100%

NUM_SAMPLES_CORE_42                                        184338                        184338

NUM_ACTIVE_BLOCKS_CORE_42                                 1185248                       6.42975

NUM_ACTIVE_THREADS_CORE_42                                9233392                       50.0895

NUM_SCHED_IDLE_CYCLE_CORE_42                                    0                             0

NUM_NO_SCHED_CYCLE_CORE_42                                  27386                         27386

CORE_DISPATCHED_INST_CORE_42                                61323                         61323

CORE_DISPATCH_WAIT_CORE_42                                2101260                       34.2654

CORE_CYCLES_CORE_42                                             0                             0

CORE_SCHED_THREADS_CORE_42                                      0                           NaN

CORE_NUM_NO_FETCH_CYCLES_CORE_42                                1                             1

CORE_NUM_NO_FETCH_CYCLES_WITH_READY_THREADS_CORE_42                   0                             0

CORE_NUM_FETCH_CYCLES_CORE_42                                   0                             0

CORE_FETCH_DELTA_CORE_42                                        0                           NaN

CORE_NUM_RETIRE_CYCLES_CORE_42                                  0                             0

CORE_RETIRE_DELTA_CORE_42                                       0                           NaN

FENCE_PREF_REQ_CORE_42                                          0                             0

FENCE_WAITING_CORE_42                                           0                             0

DYN_FENCE_NUM_CORE_42                                           0                             0

WB_ORDERING_STALL_CORE_42                                       0                             0

WB_FULL_CORE_42                                                 0                             0

FENCE_TOT_CYCLES_CORE_42                                        0                             0

FENCE_EXEC_CYCLES_CORE_42                                       0                             0

STORE_RES_CORE_42                                               0                             0

STORE_NUM_CORE_42                                               0                             0

STORE_WB_FREE_CORE_42                                           0                             0

SCHED_FAILED_REASON_SUCCESS_CORE_42                         61323                       57.1531%
SCHED_FAILED_OPERANDS_NOT_READY_CORE_42                     12612                       11.7544%
SCHED_FAILED_NO_AVAILABLE_PORTS_CORE_42                     33361                       31.0925%
SCHED_FAILED_NO_MEM_REQ_SLOTS_CORE_42                           0                             0%
SCHED_FAILED_NO_AVAILABLE_SIMD_UNIT_CORE_42                     0                             0%
SCHED_FAILED_FENCE_ACTIVE_CORE_42                               0                             0%
SCHED_FAILED_MEM_MANAGEMENT_CORE_42                             0                             0%
                                                           107296                           100%

NUM_SAMPLES_CORE_43                                        181858                        181858

NUM_ACTIVE_BLOCKS_CORE_43                                 1172997                       6.45007

NUM_ACTIVE_THREADS_CORE_43                                9182175                       50.4909

NUM_SCHED_IDLE_CYCLE_CORE_43                                    0                             0

NUM_NO_SCHED_CYCLE_CORE_43                                  27793                         27793

CORE_DISPATCHED_INST_CORE_43                                61204                         61204

CORE_DISPATCH_WAIT_CORE_43                                2009499                       32.8328

CORE_CYCLES_CORE_43                                             0                             0

CORE_SCHED_THREADS_CORE_43                                      0                           NaN

CORE_NUM_NO_FETCH_CYCLES_CORE_43                                1                             1

CORE_NUM_NO_FETCH_CYCLES_WITH_READY_THREADS_CORE_43                   0                             0

CORE_NUM_FETCH_CYCLES_CORE_43                                   0                             0

CORE_FETCH_DELTA_CORE_43                                        0                           NaN

CORE_NUM_RETIRE_CYCLES_CORE_43                                  0                             0

CORE_RETIRE_DELTA_CORE_43                                       0                           NaN

FENCE_PREF_REQ_CORE_43                                          0                             0

FENCE_WAITING_CORE_43                                           0                             0

DYN_FENCE_NUM_CORE_43                                           0                             0

WB_ORDERING_STALL_CORE_43                                       0                             0

WB_FULL_CORE_43                                                 0                             0

FENCE_TOT_CYCLES_CORE_43                                        0                             0

FENCE_EXEC_CYCLES_CORE_43                                       0                             0

STORE_RES_CORE_43                                               0                             0

STORE_NUM_CORE_43                                               0                             0

STORE_WB_FREE_CORE_43                                           0                             0

SCHED_FAILED_REASON_SUCCESS_CORE_43                         61204                       59.9769%
SCHED_FAILED_OPERANDS_NOT_READY_CORE_43                     14094                       13.8114%
SCHED_FAILED_NO_AVAILABLE_PORTS_CORE_43                     26748                       26.2117%
SCHED_FAILED_NO_MEM_REQ_SLOTS_CORE_43                           0                             0%
SCHED_FAILED_NO_AVAILABLE_SIMD_UNIT_CORE_43                     0                             0%
SCHED_FAILED_FENCE_ACTIVE_CORE_43                               0                             0%
SCHED_FAILED_MEM_MANAGEMENT_CORE_43                             0                             0%
                                                           102046                           100%

NUM_SAMPLES_CORE_44                                        187784                        187784

NUM_ACTIVE_BLOCKS_CORE_44                                 1222799                       6.51173

NUM_ACTIVE_THREADS_CORE_44                                9670057                       51.4956

NUM_SCHED_IDLE_CYCLE_CORE_44                                    0                             0

NUM_NO_SCHED_CYCLE_CORE_44                                  28721                         28721

CORE_DISPATCHED_INST_CORE_44                                61074                         61074

CORE_DISPATCH_WAIT_CORE_44                                2222307                       36.3871

CORE_CYCLES_CORE_44                                             0                             0

CORE_SCHED_THREADS_CORE_44                                      0                           NaN

CORE_NUM_NO_FETCH_CYCLES_CORE_44                                1                             1

CORE_NUM_NO_FETCH_CYCLES_WITH_READY_THREADS_CORE_44                   0                             0

CORE_NUM_FETCH_CYCLES_CORE_44                                   0                             0

CORE_FETCH_DELTA_CORE_44                                        0                           NaN

CORE_NUM_RETIRE_CYCLES_CORE_44                                  0                             0

CORE_RETIRE_DELTA_CORE_44                                       0                           NaN

FENCE_PREF_REQ_CORE_44                                          0                             0

FENCE_WAITING_CORE_44                                           0                             0

DYN_FENCE_NUM_CORE_44                                           0                             0

WB_ORDERING_STALL_CORE_44                                       0                             0

WB_FULL_CORE_44                                                 0                             0

FENCE_TOT_CYCLES_CORE_44                                        0                             0

FENCE_EXEC_CYCLES_CORE_44                                       0                             0

STORE_RES_CORE_44                                               0                             0

STORE_NUM_CORE_44                                               0                             0

STORE_WB_FREE_CORE_44                                           0                             0

SCHED_FAILED_REASON_SUCCESS_CORE_44                         61074                       54.3334%
SCHED_FAILED_OPERANDS_NOT_READY_CORE_44                     15028                       13.3694%
SCHED_FAILED_NO_AVAILABLE_PORTS_CORE_44                     36304                       32.2972%
SCHED_FAILED_NO_MEM_REQ_SLOTS_CORE_44                           0                             0%
SCHED_FAILED_NO_AVAILABLE_SIMD_UNIT_CORE_44                     0                             0%
SCHED_FAILED_FENCE_ACTIVE_CORE_44                               0                             0%
SCHED_FAILED_MEM_MANAGEMENT_CORE_44                             0                             0%
                                                           112406                           100%

NUM_SAMPLES_CORE_45                                        187972                        187972

NUM_ACTIVE_BLOCKS_CORE_45                                 1243992                       6.61796

NUM_ACTIVE_THREADS_CORE_45                                9840812                       52.3525

NUM_SCHED_IDLE_CYCLE_CORE_45                                    0                             0

NUM_NO_SCHED_CYCLE_CORE_45                                  28127                         28127

CORE_DISPATCHED_INST_CORE_45                                61240                         61240

CORE_DISPATCH_WAIT_CORE_45                                2248078                       36.7093

CORE_CYCLES_CORE_45                                             0                             0

CORE_SCHED_THREADS_CORE_45                                      0                           NaN

CORE_NUM_NO_FETCH_CYCLES_CORE_45                                1                             1

CORE_NUM_NO_FETCH_CYCLES_WITH_READY_THREADS_CORE_45                   0                             0

CORE_NUM_FETCH_CYCLES_CORE_45                                   0                             0

CORE_FETCH_DELTA_CORE_45                                        0                           NaN

CORE_NUM_RETIRE_CYCLES_CORE_45                                  0                             0

CORE_RETIRE_DELTA_CORE_45                                       0                           NaN

FENCE_PREF_REQ_CORE_45                                          0                             0

FENCE_WAITING_CORE_45                                           0                             0

DYN_FENCE_NUM_CORE_45                                           0                             0

WB_ORDERING_STALL_CORE_45                                       0                             0

WB_FULL_CORE_45                                                 0                             0

FENCE_TOT_CYCLES_CORE_45                                        0                             0

FENCE_EXEC_CYCLES_CORE_45                                       0                             0

STORE_RES_CORE_45                                               0                             0

STORE_NUM_CORE_45                                               0                             0

STORE_WB_FREE_CORE_45                                           0                             0

SCHED_FAILED_REASON_SUCCESS_CORE_45                         61240                       50.4889%
SCHED_FAILED_OPERANDS_NOT_READY_CORE_45                     17735                       14.6215%
SCHED_FAILED_NO_AVAILABLE_PORTS_CORE_45                     42319                       34.8896%
SCHED_FAILED_NO_MEM_REQ_SLOTS_CORE_45                           0                             0%
SCHED_FAILED_NO_AVAILABLE_SIMD_UNIT_CORE_45                     0                             0%
SCHED_FAILED_FENCE_ACTIVE_CORE_45                               0                             0%
SCHED_FAILED_MEM_MANAGEMENT_CORE_45                             0                             0%
                                                           121294                           100%

NUM_SAMPLES_CORE_46                                        203976                        203976

NUM_ACTIVE_BLOCKS_CORE_46                                 1353545                       6.63581

NUM_ACTIVE_THREADS_CORE_46                               10516736                       51.5587

NUM_SCHED_IDLE_CYCLE_CORE_46                                    0                             0

NUM_NO_SCHED_CYCLE_CORE_46                                  32745                         32745

CORE_DISPATCHED_INST_CORE_46                                61438                         61438

CORE_DISPATCH_WAIT_CORE_46                                2235137                       36.3804

CORE_CYCLES_CORE_46                                             0                             0

CORE_SCHED_THREADS_CORE_46                                      0                           NaN

CORE_NUM_NO_FETCH_CYCLES_CORE_46                                1                             1

CORE_NUM_NO_FETCH_CYCLES_WITH_READY_THREADS_CORE_46                   0                             0

CORE_NUM_FETCH_CYCLES_CORE_46                                   0                             0

CORE_FETCH_DELTA_CORE_46                                        0                           NaN

CORE_NUM_RETIRE_CYCLES_CORE_46                                  0                             0

CORE_RETIRE_DELTA_CORE_46                                       0                           NaN

FENCE_PREF_REQ_CORE_46                                          0                             0

FENCE_WAITING_CORE_46                                           0                             0

DYN_FENCE_NUM_CORE_46                                           0                             0

WB_ORDERING_STALL_CORE_46                                       0                             0

WB_FULL_CORE_46                                                 0                             0

FENCE_TOT_CYCLES_CORE_46                                        0                             0

FENCE_EXEC_CYCLES_CORE_46                                       0                             0

STORE_RES_CORE_46                                               0                             0

STORE_NUM_CORE_46                                               0                             0

STORE_WB_FREE_CORE_46                                           0                             0

SCHED_FAILED_REASON_SUCCESS_CORE_46                         61438                       52.8503%
SCHED_FAILED_OPERANDS_NOT_READY_CORE_46                     18226                       15.6784%
SCHED_FAILED_NO_AVAILABLE_PORTS_CORE_46                     36585                       31.4712%
SCHED_FAILED_NO_MEM_REQ_SLOTS_CORE_46                           0                             0%
SCHED_FAILED_NO_AVAILABLE_SIMD_UNIT_CORE_46                     0                             0%
SCHED_FAILED_FENCE_ACTIVE_CORE_46                               0                             0%
SCHED_FAILED_MEM_MANAGEMENT_CORE_46                             0                             0%
                                                           116249                           100%

NUM_SAMPLES_CORE_47                                        209573                        209573

NUM_ACTIVE_BLOCKS_CORE_47                                 1382681                       6.59761

NUM_ACTIVE_THREADS_CORE_47                               10739769                        51.246

NUM_SCHED_IDLE_CYCLE_CORE_47                                    0                             0

NUM_NO_SCHED_CYCLE_CORE_47                                  33981                         33981

CORE_DISPATCHED_INST_CORE_47                                61247                         61247

CORE_DISPATCH_WAIT_CORE_47                                2369969                       38.6953

CORE_CYCLES_CORE_47                                             0                             0

CORE_SCHED_THREADS_CORE_47                                      0                           NaN

CORE_NUM_NO_FETCH_CYCLES_CORE_47                                1                             1

CORE_NUM_NO_FETCH_CYCLES_WITH_READY_THREADS_CORE_47                   0                             0

CORE_NUM_FETCH_CYCLES_CORE_47                                   0                             0

CORE_FETCH_DELTA_CORE_47                                        0                           NaN

CORE_NUM_RETIRE_CYCLES_CORE_47                                  0                             0

CORE_RETIRE_DELTA_CORE_47                                       0                           NaN

FENCE_PREF_REQ_CORE_47                                          0                             0

FENCE_WAITING_CORE_47                                           0                             0

DYN_FENCE_NUM_CORE_47                                           0                             0

WB_ORDERING_STALL_CORE_47                                       0                             0

WB_FULL_CORE_47                                                 0                             0

FENCE_TOT_CYCLES_CORE_47                                        0                             0

FENCE_EXEC_CYCLES_CORE_47                                       0                             0

STORE_RES_CORE_47                                               0                             0

STORE_NUM_CORE_47                                               0                             0

STORE_WB_FREE_CORE_47                                           0                             0

SCHED_FAILED_REASON_SUCCESS_CORE_47                         61247                       52.5712%
SCHED_FAILED_OPERANDS_NOT_READY_CORE_47                     17495                       15.0168%
SCHED_FAILED_NO_AVAILABLE_PORTS_CORE_47                     37761                        32.412%
SCHED_FAILED_NO_MEM_REQ_SLOTS_CORE_47                           0                             0%
SCHED_FAILED_NO_AVAILABLE_SIMD_UNIT_CORE_47                     0                             0%
SCHED_FAILED_FENCE_ACTIVE_CORE_47                               0                             0%
SCHED_FAILED_MEM_MANAGEMENT_CORE_47                             0                             0%
                                                           116503                           100%

NUM_SAMPLES_CORE_48                                        192515                        192515

NUM_ACTIVE_BLOCKS_CORE_48                                 1194415                       6.20427

NUM_ACTIVE_THREADS_CORE_48                                9184538                       47.7082

NUM_SCHED_IDLE_CYCLE_CORE_48                                    0                             0

NUM_NO_SCHED_CYCLE_CORE_48                                  30601                         30601

CORE_DISPATCHED_INST_CORE_48                                61051                         61051

CORE_DISPATCH_WAIT_CORE_48                                2142616                       35.0955

CORE_CYCLES_CORE_48                                             0                             0

CORE_SCHED_THREADS_CORE_48                                      0                           NaN

CORE_NUM_NO_FETCH_CYCLES_CORE_48                                1                             1

CORE_NUM_NO_FETCH_CYCLES_WITH_READY_THREADS_CORE_48                   0                             0

CORE_NUM_FETCH_CYCLES_CORE_48                                   0                             0

CORE_FETCH_DELTA_CORE_48                                        0                           NaN

CORE_NUM_RETIRE_CYCLES_CORE_48                                  0                             0

CORE_RETIRE_DELTA_CORE_48                                       0                           NaN

FENCE_PREF_REQ_CORE_48                                          0                             0

FENCE_WAITING_CORE_48                                           0                             0

DYN_FENCE_NUM_CORE_48                                           0                             0

WB_ORDERING_STALL_CORE_48                                       0                             0

WB_FULL_CORE_48                                                 0                             0

FENCE_TOT_CYCLES_CORE_48                                        0                             0

FENCE_EXEC_CYCLES_CORE_48                                       0                             0

STORE_RES_CORE_48                                               0                             0

STORE_NUM_CORE_48                                               0                             0

STORE_WB_FREE_CORE_48                                           0                             0

SCHED_FAILED_REASON_SUCCESS_CORE_48                         61051                       56.9229%
SCHED_FAILED_OPERANDS_NOT_READY_CORE_48                     18077                       16.8547%
SCHED_FAILED_NO_AVAILABLE_PORTS_CORE_48                     28124                       26.2224%
SCHED_FAILED_NO_MEM_REQ_SLOTS_CORE_48                           0                             0%
SCHED_FAILED_NO_AVAILABLE_SIMD_UNIT_CORE_48                     0                             0%
SCHED_FAILED_FENCE_ACTIVE_CORE_48                               0                             0%
SCHED_FAILED_MEM_MANAGEMENT_CORE_48                             0                             0%
                                                           107252                           100%

NUM_SAMPLES_CORE_49                                        192476                        192476

NUM_ACTIVE_BLOCKS_CORE_49                                 1189997                       6.18257

NUM_ACTIVE_THREADS_CORE_49                                9128444                       47.4264

NUM_SCHED_IDLE_CYCLE_CORE_49                                    0                             0

NUM_NO_SCHED_CYCLE_CORE_49                                  30398                         30398

CORE_DISPATCHED_INST_CORE_49                                61393                         61393

CORE_DISPATCH_WAIT_CORE_49                                2181459                       35.5327

CORE_CYCLES_CORE_49                                             0                             0

CORE_SCHED_THREADS_CORE_49                                      0                           NaN

CORE_NUM_NO_FETCH_CYCLES_CORE_49                                1                             1

CORE_NUM_NO_FETCH_CYCLES_WITH_READY_THREADS_CORE_49                   0                             0

CORE_NUM_FETCH_CYCLES_CORE_49                                   0                             0

CORE_FETCH_DELTA_CORE_49                                        0                           NaN

CORE_NUM_RETIRE_CYCLES_CORE_49                                  0                             0

CORE_RETIRE_DELTA_CORE_49                                       0                           NaN

FENCE_PREF_REQ_CORE_49                                          0                             0

FENCE_WAITING_CORE_49                                           0                             0

DYN_FENCE_NUM_CORE_49                                           0                             0

WB_ORDERING_STALL_CORE_49                                       0                             0

WB_FULL_CORE_49                                                 0                             0

FENCE_TOT_CYCLES_CORE_49                                        0                             0

FENCE_EXEC_CYCLES_CORE_49                                       0                             0

STORE_RES_CORE_49                                               0                             0

STORE_NUM_CORE_49                                               0                             0

STORE_WB_FREE_CORE_49                                           0                             0

SCHED_FAILED_REASON_SUCCESS_CORE_49                         61393                       57.6628%
SCHED_FAILED_OPERANDS_NOT_READY_CORE_49                     18223                       17.1158%
SCHED_FAILED_NO_AVAILABLE_PORTS_CORE_49                     26853                       25.2214%
SCHED_FAILED_NO_MEM_REQ_SLOTS_CORE_49                           0                             0%
SCHED_FAILED_NO_AVAILABLE_SIMD_UNIT_CORE_49                     0                             0%
SCHED_FAILED_FENCE_ACTIVE_CORE_49                               0                             0%
SCHED_FAILED_MEM_MANAGEMENT_CORE_49                             0                             0%
                                                           106469                           100%

NUM_SAMPLES_CORE_50                                        199598                        199598

NUM_ACTIVE_BLOCKS_CORE_50                                 1209179                       6.05807

NUM_ACTIVE_THREADS_CORE_50                                9368279                       46.9357

NUM_SCHED_IDLE_CYCLE_CORE_50                                    0                             0

NUM_NO_SCHED_CYCLE_CORE_50                                  31739                         31739

CORE_DISPATCHED_INST_CORE_50                                61085                         61085

CORE_DISPATCH_WAIT_CORE_50                                2370300                       38.8033

CORE_CYCLES_CORE_50                                             0                             0

CORE_SCHED_THREADS_CORE_50                                      0                           NaN

CORE_NUM_NO_FETCH_CYCLES_CORE_50                                1                             1

CORE_NUM_NO_FETCH_CYCLES_WITH_READY_THREADS_CORE_50                   0                             0

CORE_NUM_FETCH_CYCLES_CORE_50                                   0                             0

CORE_FETCH_DELTA_CORE_50                                        0                           NaN

CORE_NUM_RETIRE_CYCLES_CORE_50                                  0                             0

CORE_RETIRE_DELTA_CORE_50                                       0                           NaN

FENCE_PREF_REQ_CORE_50                                          0                             0

FENCE_WAITING_CORE_50                                           0                             0

DYN_FENCE_NUM_CORE_50                                           0                             0

WB_ORDERING_STALL_CORE_50                                       0                             0

WB_FULL_CORE_50                                                 0                             0

FENCE_TOT_CYCLES_CORE_50                                        0                             0

FENCE_EXEC_CYCLES_CORE_50                                       0                             0

STORE_RES_CORE_50                                               0                             0

STORE_NUM_CORE_50                                               0                             0

STORE_WB_FREE_CORE_50                                           0                             0

SCHED_FAILED_REASON_SUCCESS_CORE_50                         61085                       51.7656%
SCHED_FAILED_OPERANDS_NOT_READY_CORE_50                     21766                       18.4453%
SCHED_FAILED_NO_AVAILABLE_PORTS_CORE_50                     35152                       29.7891%
SCHED_FAILED_NO_MEM_REQ_SLOTS_CORE_50                           0                             0%
SCHED_FAILED_NO_AVAILABLE_SIMD_UNIT_CORE_50                     0                             0%
SCHED_FAILED_FENCE_ACTIVE_CORE_50                               0                             0%
SCHED_FAILED_MEM_MANAGEMENT_CORE_50                             0                             0%
                                                           118003                           100%

NUM_SAMPLES_CORE_51                                        199362                        199362

NUM_ACTIVE_BLOCKS_CORE_51                                 1202592                        6.0322

NUM_ACTIVE_THREADS_CORE_51                                9330943                        46.804

NUM_SCHED_IDLE_CYCLE_CORE_51                                    0                             0

NUM_NO_SCHED_CYCLE_CORE_51                                  31829                         31829

CORE_DISPATCHED_INST_CORE_51                                61482                         61482

CORE_DISPATCH_WAIT_CORE_51                                2211593                       35.9714

CORE_CYCLES_CORE_51                                             0                             0

CORE_SCHED_THREADS_CORE_51                                      0                           NaN

CORE_NUM_NO_FETCH_CYCLES_CORE_51                                1                             1

CORE_NUM_NO_FETCH_CYCLES_WITH_READY_THREADS_CORE_51                   0                             0

CORE_NUM_FETCH_CYCLES_CORE_51                                   0                             0

CORE_FETCH_DELTA_CORE_51                                        0                           NaN

CORE_NUM_RETIRE_CYCLES_CORE_51                                  0                             0

CORE_RETIRE_DELTA_CORE_51                                       0                           NaN

FENCE_PREF_REQ_CORE_51                                          0                             0

FENCE_WAITING_CORE_51                                           0                             0

DYN_FENCE_NUM_CORE_51                                           0                             0

WB_ORDERING_STALL_CORE_51                                       0                             0

WB_FULL_CORE_51                                                 0                             0

FENCE_TOT_CYCLES_CORE_51                                        0                             0

FENCE_EXEC_CYCLES_CORE_51                                       0                             0

STORE_RES_CORE_51                                               0                             0

STORE_NUM_CORE_51                                               0                             0

STORE_WB_FREE_CORE_51                                           0                             0

SCHED_FAILED_REASON_SUCCESS_CORE_51                         61482                       52.8732%
SCHED_FAILED_OPERANDS_NOT_READY_CORE_51                     22784                       19.5937%
SCHED_FAILED_NO_AVAILABLE_PORTS_CORE_51                     32016                       27.5331%
SCHED_FAILED_NO_MEM_REQ_SLOTS_CORE_51                           0                             0%
SCHED_FAILED_NO_AVAILABLE_SIMD_UNIT_CORE_51                     0                             0%
SCHED_FAILED_FENCE_ACTIVE_CORE_51                               0                             0%
SCHED_FAILED_MEM_MANAGEMENT_CORE_51                             0                             0%
                                                           116282                           100%

NUM_SAMPLES_CORE_52                                        196448                        196448

NUM_ACTIVE_BLOCKS_CORE_52                                 1325209                       6.74585

NUM_ACTIVE_THREADS_CORE_52                               10520906                       53.5557

NUM_SCHED_IDLE_CYCLE_CORE_52                                    0                             0

NUM_NO_SCHED_CYCLE_CORE_52                                  30523                         30523

CORE_DISPATCHED_INST_CORE_52                                61308                         61308

CORE_DISPATCH_WAIT_CORE_52                                2192573                       35.7632

CORE_CYCLES_CORE_52                                             0                             0

CORE_SCHED_THREADS_CORE_52                                      0                           NaN

CORE_NUM_NO_FETCH_CYCLES_CORE_52                                1                             1

CORE_NUM_NO_FETCH_CYCLES_WITH_READY_THREADS_CORE_52                   0                             0

CORE_NUM_FETCH_CYCLES_CORE_52                                   0                             0

CORE_FETCH_DELTA_CORE_52                                        0                           NaN

CORE_NUM_RETIRE_CYCLES_CORE_52                                  0                             0

CORE_RETIRE_DELTA_CORE_52                                       0                           NaN

FENCE_PREF_REQ_CORE_52                                          0                             0

FENCE_WAITING_CORE_52                                           0                             0

DYN_FENCE_NUM_CORE_52                                           0                             0

WB_ORDERING_STALL_CORE_52                                       0                             0

WB_FULL_CORE_52                                                 0                             0

FENCE_TOT_CYCLES_CORE_52                                        0                             0

FENCE_EXEC_CYCLES_CORE_52                                       0                             0

STORE_RES_CORE_52                                               0                             0

STORE_NUM_CORE_52                                               0                             0

STORE_WB_FREE_CORE_52                                           0                             0

SCHED_FAILED_REASON_SUCCESS_CORE_52                         61308                       59.7497%
SCHED_FAILED_OPERANDS_NOT_READY_CORE_52                      5359                       5.22279%
SCHED_FAILED_NO_AVAILABLE_PORTS_CORE_52                     35941                       35.0275%
SCHED_FAILED_NO_MEM_REQ_SLOTS_CORE_52                           0                             0%
SCHED_FAILED_NO_AVAILABLE_SIMD_UNIT_CORE_52                     0                             0%
SCHED_FAILED_FENCE_ACTIVE_CORE_52                               0                             0%
SCHED_FAILED_MEM_MANAGEMENT_CORE_52                             0                             0%
                                                           102608                           100%

NUM_SAMPLES_CORE_53                                        194990                        194990

NUM_ACTIVE_BLOCKS_CORE_53                                 1314478                       6.74126

NUM_ACTIVE_THREADS_CORE_53                               10395079                       53.3108

NUM_SCHED_IDLE_CYCLE_CORE_53                                    0                             0

NUM_NO_SCHED_CYCLE_CORE_53                                  29986                         29986

CORE_DISPATCHED_INST_CORE_53                                61276                         61276

CORE_DISPATCH_WAIT_CORE_53                                2054333                       33.5259

CORE_CYCLES_CORE_53                                             0                             0

CORE_SCHED_THREADS_CORE_53                                      0                           NaN

CORE_NUM_NO_FETCH_CYCLES_CORE_53                                1                             1

CORE_NUM_NO_FETCH_CYCLES_WITH_READY_THREADS_CORE_53                   0                             0

CORE_NUM_FETCH_CYCLES_CORE_53                                   0                             0

CORE_FETCH_DELTA_CORE_53                                        0                           NaN

CORE_NUM_RETIRE_CYCLES_CORE_53                                  0                             0

CORE_RETIRE_DELTA_CORE_53                                       0                           NaN

FENCE_PREF_REQ_CORE_53                                          0                             0

FENCE_WAITING_CORE_53                                           0                             0

DYN_FENCE_NUM_CORE_53                                           0                             0

WB_ORDERING_STALL_CORE_53                                       0                             0

WB_FULL_CORE_53                                                 0                             0

FENCE_TOT_CYCLES_CORE_53                                        0                             0

FENCE_EXEC_CYCLES_CORE_53                                       0                             0

STORE_RES_CORE_53                                               0                             0

STORE_NUM_CORE_53                                               0                             0

STORE_WB_FREE_CORE_53                                           0                             0

SCHED_FAILED_REASON_SUCCESS_CORE_53                         61276                       59.5404%
SCHED_FAILED_OPERANDS_NOT_READY_CORE_53                      9150                       8.89083%
SCHED_FAILED_NO_AVAILABLE_PORTS_CORE_53                     32489                       31.5688%
SCHED_FAILED_NO_MEM_REQ_SLOTS_CORE_53                           0                             0%
SCHED_FAILED_NO_AVAILABLE_SIMD_UNIT_CORE_53                     0                             0%
SCHED_FAILED_FENCE_ACTIVE_CORE_53                               0                             0%
SCHED_FAILED_MEM_MANAGEMENT_CORE_53                             0                             0%
                                                           102915                           100%

NUM_SAMPLES_CORE_54                                        195210                        195210

NUM_ACTIVE_BLOCKS_CORE_54                                 1327512                       6.80043

NUM_ACTIVE_THREADS_CORE_54                               10542479                       54.0058

NUM_SCHED_IDLE_CYCLE_CORE_54                                    0                             0

NUM_NO_SCHED_CYCLE_CORE_54                                  29961                         29961

CORE_DISPATCHED_INST_CORE_54                                61089                         61089

CORE_DISPATCH_WAIT_CORE_54                                2206889                       36.1258

CORE_CYCLES_CORE_54                                             0                             0

CORE_SCHED_THREADS_CORE_54                                      0                           NaN

CORE_NUM_NO_FETCH_CYCLES_CORE_54                                1                             1

CORE_NUM_NO_FETCH_CYCLES_WITH_READY_THREADS_CORE_54                   0                             0

CORE_NUM_FETCH_CYCLES_CORE_54                                   0                             0

CORE_FETCH_DELTA_CORE_54                                        0                           NaN

CORE_NUM_RETIRE_CYCLES_CORE_54                                  0                             0

CORE_RETIRE_DELTA_CORE_54                                       0                           NaN

FENCE_PREF_REQ_CORE_54                                          0                             0

FENCE_WAITING_CORE_54                                           0                             0

DYN_FENCE_NUM_CORE_54                                           0                             0

WB_ORDERING_STALL_CORE_54                                       0                             0

WB_FULL_CORE_54                                                 0                             0

FENCE_TOT_CYCLES_CORE_54                                        0                             0

FENCE_EXEC_CYCLES_CORE_54                                       0                             0

STORE_RES_CORE_54                                               0                             0

STORE_NUM_CORE_54                                               0                             0

STORE_WB_FREE_CORE_54                                           0                             0

SCHED_FAILED_REASON_SUCCESS_CORE_54                         61089                       55.1046%
SCHED_FAILED_OPERANDS_NOT_READY_CORE_54                     16950                       15.2896%
SCHED_FAILED_NO_AVAILABLE_PORTS_CORE_54                     32821                       29.6058%
SCHED_FAILED_NO_MEM_REQ_SLOTS_CORE_54                           0                             0%
SCHED_FAILED_NO_AVAILABLE_SIMD_UNIT_CORE_54                     0                             0%
SCHED_FAILED_FENCE_ACTIVE_CORE_54                               0                             0%
SCHED_FAILED_MEM_MANAGEMENT_CORE_54                             0                             0%
                                                           110860                           100%

NUM_SAMPLES_CORE_55                                        174296                        174296

NUM_ACTIVE_BLOCKS_CORE_55                                 1157303                       6.63987

NUM_ACTIVE_THREADS_CORE_55                                9155451                       52.5282

NUM_SCHED_IDLE_CYCLE_CORE_55                                    0                             0

NUM_NO_SCHED_CYCLE_CORE_55                                  25141                         25141

CORE_DISPATCHED_INST_CORE_55                                61237                         61237

CORE_DISPATCH_WAIT_CORE_55                                2277268                       37.1878

CORE_CYCLES_CORE_55                                             0                             0

CORE_SCHED_THREADS_CORE_55                                      0                           NaN

CORE_NUM_NO_FETCH_CYCLES_CORE_55                                1                             1

CORE_NUM_NO_FETCH_CYCLES_WITH_READY_THREADS_CORE_55                   0                             0

CORE_NUM_FETCH_CYCLES_CORE_55                                   0                             0

CORE_FETCH_DELTA_CORE_55                                        0                           NaN

CORE_NUM_RETIRE_CYCLES_CORE_55                                  0                             0

CORE_RETIRE_DELTA_CORE_55                                       0                           NaN

FENCE_PREF_REQ_CORE_55                                          0                             0

FENCE_WAITING_CORE_55                                           0                             0

DYN_FENCE_NUM_CORE_55                                           0                             0

WB_ORDERING_STALL_CORE_55                                       0                             0

WB_FULL_CORE_55                                                 0                             0

FENCE_TOT_CYCLES_CORE_55                                        0                             0

FENCE_EXEC_CYCLES_CORE_55                                       0                             0

STORE_RES_CORE_55                                               0                             0

STORE_NUM_CORE_55                                               0                             0

STORE_WB_FREE_CORE_55                                           0                             0

SCHED_FAILED_REASON_SUCCESS_CORE_55                         61237                       54.5702%
SCHED_FAILED_OPERANDS_NOT_READY_CORE_55                     17217                       15.3426%
SCHED_FAILED_NO_AVAILABLE_PORTS_CORE_55                     33763                       30.0872%
SCHED_FAILED_NO_MEM_REQ_SLOTS_CORE_55                           0                             0%
SCHED_FAILED_NO_AVAILABLE_SIMD_UNIT_CORE_55                     0                             0%
SCHED_FAILED_FENCE_ACTIVE_CORE_55                               0                             0%
SCHED_FAILED_MEM_MANAGEMENT_CORE_55                             0                             0%
                                                           112217                           100%

NUM_SAMPLES_CORE_56                                        196533                        196533

NUM_ACTIVE_BLOCKS_CORE_56                                 1314026                       6.68603

NUM_ACTIVE_THREADS_CORE_56                               10370833                       52.7689

NUM_SCHED_IDLE_CYCLE_CORE_56                                    0                             0

NUM_NO_SCHED_CYCLE_CORE_56                                  30311                         30311

CORE_DISPATCHED_INST_CORE_56                                61303                         61303

CORE_DISPATCH_WAIT_CORE_56                                2051683                       33.4679

CORE_CYCLES_CORE_56                                             0                             0

CORE_SCHED_THREADS_CORE_56                                      0                           NaN

CORE_NUM_NO_FETCH_CYCLES_CORE_56                                1                             1

CORE_NUM_NO_FETCH_CYCLES_WITH_READY_THREADS_CORE_56                   0                             0

CORE_NUM_FETCH_CYCLES_CORE_56                                   0                             0

CORE_FETCH_DELTA_CORE_56                                        0                           NaN

CORE_NUM_RETIRE_CYCLES_CORE_56                                  0                             0

CORE_RETIRE_DELTA_CORE_56                                       0                           NaN

FENCE_PREF_REQ_CORE_56                                          0                             0

FENCE_WAITING_CORE_56                                           0                             0

DYN_FENCE_NUM_CORE_56                                           0                             0

WB_ORDERING_STALL_CORE_56                                       0                             0

WB_FULL_CORE_56                                                 0                             0

FENCE_TOT_CYCLES_CORE_56                                        0                             0

FENCE_EXEC_CYCLES_CORE_56                                       0                             0

STORE_RES_CORE_56                                               0                             0

STORE_NUM_CORE_56                                               0                             0

STORE_WB_FREE_CORE_56                                           0                             0

SCHED_FAILED_REASON_SUCCESS_CORE_56                         61303                       58.8665%
SCHED_FAILED_OPERANDS_NOT_READY_CORE_56                     19661                       18.8796%
SCHED_FAILED_NO_AVAILABLE_PORTS_CORE_56                     23175                       22.2539%
SCHED_FAILED_NO_MEM_REQ_SLOTS_CORE_56                           0                             0%
SCHED_FAILED_NO_AVAILABLE_SIMD_UNIT_CORE_56                     0                             0%
SCHED_FAILED_FENCE_ACTIVE_CORE_56                               0                             0%
SCHED_FAILED_MEM_MANAGEMENT_CORE_56                             0                             0%
                                                           104139                           100%

NUM_SAMPLES_CORE_57                                        180381                        180381

NUM_ACTIVE_BLOCKS_CORE_57                                 1214979                       6.73563

NUM_ACTIVE_THREADS_CORE_57                                9623616                       53.3516

NUM_SCHED_IDLE_CYCLE_CORE_57                                    0                             0

NUM_NO_SCHED_CYCLE_CORE_57                                  26463                         26463

CORE_DISPATCHED_INST_CORE_57                                61394                         61394

CORE_DISPATCH_WAIT_CORE_57                                2289806                       37.2969

CORE_CYCLES_CORE_57                                             0                             0

CORE_SCHED_THREADS_CORE_57                                      0                           NaN

CORE_NUM_NO_FETCH_CYCLES_CORE_57                                1                             1

CORE_NUM_NO_FETCH_CYCLES_WITH_READY_THREADS_CORE_57                   0                             0

CORE_NUM_FETCH_CYCLES_CORE_57                                   0                             0

CORE_FETCH_DELTA_CORE_57                                        0                           NaN

CORE_NUM_RETIRE_CYCLES_CORE_57                                  0                             0

CORE_RETIRE_DELTA_CORE_57                                       0                           NaN

FENCE_PREF_REQ_CORE_57                                          0                             0

FENCE_WAITING_CORE_57                                           0                             0

DYN_FENCE_NUM_CORE_57                                           0                             0

WB_ORDERING_STALL_CORE_57                                       0                             0

WB_FULL_CORE_57                                                 0                             0

FENCE_TOT_CYCLES_CORE_57                                        0                             0

FENCE_EXEC_CYCLES_CORE_57                                       0                             0

STORE_RES_CORE_57                                               0                             0

STORE_NUM_CORE_57                                               0                             0

STORE_WB_FREE_CORE_57                                           0                             0

SCHED_FAILED_REASON_SUCCESS_CORE_57                         61394                       50.8346%
SCHED_FAILED_OPERANDS_NOT_READY_CORE_57                     21768                        18.024%
SCHED_FAILED_NO_AVAILABLE_PORTS_CORE_57                     37610                       31.1413%
SCHED_FAILED_NO_MEM_REQ_SLOTS_CORE_57                           0                             0%
SCHED_FAILED_NO_AVAILABLE_SIMD_UNIT_CORE_57                     0                             0%
SCHED_FAILED_FENCE_ACTIVE_CORE_57                               0                             0%
SCHED_FAILED_MEM_MANAGEMENT_CORE_57                             0                             0%
                                                           120772                           100%

NUM_SAMPLES_CORE_58                                        182282                        182282

NUM_ACTIVE_BLOCKS_CORE_58                                 1229771                       6.74653

NUM_ACTIVE_THREADS_CORE_58                                9735199                       53.4074

NUM_SCHED_IDLE_CYCLE_CORE_58                                    0                             0

NUM_NO_SCHED_CYCLE_CORE_58                                  27045                         27045

CORE_DISPATCHED_INST_CORE_58                                61244                         61244

CORE_DISPATCH_WAIT_CORE_58                                2051697                       33.5004

CORE_CYCLES_CORE_58                                             0                             0

CORE_SCHED_THREADS_CORE_58                                      0                           NaN

CORE_NUM_NO_FETCH_CYCLES_CORE_58                                1                             1

CORE_NUM_NO_FETCH_CYCLES_WITH_READY_THREADS_CORE_58                   0                             0

CORE_NUM_FETCH_CYCLES_CORE_58                                   0                             0

CORE_FETCH_DELTA_CORE_58                                        0                           NaN

CORE_NUM_RETIRE_CYCLES_CORE_58                                  0                             0

CORE_RETIRE_DELTA_CORE_58                                       0                           NaN

FENCE_PREF_REQ_CORE_58                                          0                             0

FENCE_WAITING_CORE_58                                           0                             0

DYN_FENCE_NUM_CORE_58                                           0                             0

WB_ORDERING_STALL_CORE_58                                       0                             0

WB_FULL_CORE_58                                                 0                             0

FENCE_TOT_CYCLES_CORE_58                                        0                             0

FENCE_EXEC_CYCLES_CORE_58                                       0                             0

STORE_RES_CORE_58                                               0                             0

STORE_NUM_CORE_58                                               0                             0

STORE_WB_FREE_CORE_58                                           0                             0

SCHED_FAILED_REASON_SUCCESS_CORE_58                         61244                       59.4717%
SCHED_FAILED_OPERANDS_NOT_READY_CORE_58                     23020                       22.3539%
SCHED_FAILED_NO_AVAILABLE_PORTS_CORE_58                     18716                       18.1744%
SCHED_FAILED_NO_MEM_REQ_SLOTS_CORE_58                           0                             0%
SCHED_FAILED_NO_AVAILABLE_SIMD_UNIT_CORE_58                     0                             0%
SCHED_FAILED_FENCE_ACTIVE_CORE_58                               0                             0%
SCHED_FAILED_MEM_MANAGEMENT_CORE_58                             0                             0%
                                                           102980                           100%

NUM_SAMPLES_CORE_59                                        180957                        180957

NUM_ACTIVE_BLOCKS_CORE_59                                 1187370                       6.56161

NUM_ACTIVE_THREADS_CORE_59                                9396532                       51.9269

NUM_SCHED_IDLE_CYCLE_CORE_59                                    0                             0

NUM_NO_SCHED_CYCLE_CORE_59                                  26568                         26568

CORE_DISPATCHED_INST_CORE_59                                61427                         61427

CORE_DISPATCH_WAIT_CORE_59                                2642624                       43.0206

CORE_CYCLES_CORE_59                                             0                             0

CORE_SCHED_THREADS_CORE_59                                      0                           NaN

CORE_NUM_NO_FETCH_CYCLES_CORE_59                                1                             1

CORE_NUM_NO_FETCH_CYCLES_WITH_READY_THREADS_CORE_59                   0                             0

CORE_NUM_FETCH_CYCLES_CORE_59                                   0                             0

CORE_FETCH_DELTA_CORE_59                                        0                           NaN

CORE_NUM_RETIRE_CYCLES_CORE_59                                  0                             0

CORE_RETIRE_DELTA_CORE_59                                       0                           NaN

FENCE_PREF_REQ_CORE_59                                          0                             0

FENCE_WAITING_CORE_59                                           0                             0

DYN_FENCE_NUM_CORE_59                                           0                             0

WB_ORDERING_STALL_CORE_59                                       0                             0

WB_FULL_CORE_59                                                 0                             0

FENCE_TOT_CYCLES_CORE_59                                        0                             0

FENCE_EXEC_CYCLES_CORE_59                                       0                             0

STORE_RES_CORE_59                                               0                             0

STORE_NUM_CORE_59                                               0                             0

STORE_WB_FREE_CORE_59                                           0                             0

SCHED_FAILED_REASON_SUCCESS_CORE_59                         61427                       50.1191%
SCHED_FAILED_OPERANDS_NOT_READY_CORE_59                     25746                       21.0065%
SCHED_FAILED_NO_AVAILABLE_PORTS_CORE_59                     35389                       28.8744%
SCHED_FAILED_NO_MEM_REQ_SLOTS_CORE_59                           0                             0%
SCHED_FAILED_NO_AVAILABLE_SIMD_UNIT_CORE_59                     0                             0%
SCHED_FAILED_FENCE_ACTIVE_CORE_59                               0                             0%
SCHED_FAILED_MEM_MANAGEMENT_CORE_59                             0                             0%
                                                           122562                           100%

NUM_SAMPLES_CORE_60                                        181645                        181645

NUM_ACTIVE_BLOCKS_CORE_60                                 1202665                       6.62096

NUM_ACTIVE_THREADS_CORE_60                                9501233                       52.3066

NUM_SCHED_IDLE_CYCLE_CORE_60                                    0                             0

NUM_NO_SCHED_CYCLE_CORE_60                                  26983                         26983

CORE_DISPATCHED_INST_CORE_60                                61383                         61383

CORE_DISPATCH_WAIT_CORE_60                                2266743                       36.9279

CORE_CYCLES_CORE_60                                             0                             0

CORE_SCHED_THREADS_CORE_60                                      0                           NaN

CORE_NUM_NO_FETCH_CYCLES_CORE_60                                1                             1

CORE_NUM_NO_FETCH_CYCLES_WITH_READY_THREADS_CORE_60                   0                             0

CORE_NUM_FETCH_CYCLES_CORE_60                                   0                             0

CORE_FETCH_DELTA_CORE_60                                        0                           NaN

CORE_NUM_RETIRE_CYCLES_CORE_60                                  0                             0

CORE_RETIRE_DELTA_CORE_60                                       0                           NaN

FENCE_PREF_REQ_CORE_60                                          0                             0

FENCE_WAITING_CORE_60                                           0                             0

DYN_FENCE_NUM_CORE_60                                           0                             0

WB_ORDERING_STALL_CORE_60                                       0                             0

WB_FULL_CORE_60                                                 0                             0

FENCE_TOT_CYCLES_CORE_60                                        0                             0

FENCE_EXEC_CYCLES_CORE_60                                       0                             0

STORE_RES_CORE_60                                               0                             0

STORE_NUM_CORE_60                                               0                             0

STORE_WB_FREE_CORE_60                                           0                             0

SCHED_FAILED_REASON_SUCCESS_CORE_60                         61383                       55.1257%
SCHED_FAILED_OPERANDS_NOT_READY_CORE_60                     20493                        18.404%
SCHED_FAILED_NO_AVAILABLE_PORTS_CORE_60                     29475                       26.4704%
SCHED_FAILED_NO_MEM_REQ_SLOTS_CORE_60                           0                             0%
SCHED_FAILED_NO_AVAILABLE_SIMD_UNIT_CORE_60                     0                             0%
SCHED_FAILED_FENCE_ACTIVE_CORE_60                               0                             0%
SCHED_FAILED_MEM_MANAGEMENT_CORE_60                             0                             0%
                                                           111351                           100%

NUM_SAMPLES_CORE_61                                        198751                        198751

NUM_ACTIVE_BLOCKS_CORE_61                                 1333780                       6.71081

NUM_ACTIVE_THREADS_CORE_61                               10549327                       53.0781

NUM_SCHED_IDLE_CYCLE_CORE_61                                    0                             0

NUM_NO_SCHED_CYCLE_CORE_61                                  30923                         30923

CORE_DISPATCHED_INST_CORE_61                                61364                         61364

CORE_DISPATCH_WAIT_CORE_61                                2187497                       35.6479

CORE_CYCLES_CORE_61                                             0                             0

CORE_SCHED_THREADS_CORE_61                                      0                           NaN

CORE_NUM_NO_FETCH_CYCLES_CORE_61                                1                             1

CORE_NUM_NO_FETCH_CYCLES_WITH_READY_THREADS_CORE_61                   0                             0

CORE_NUM_FETCH_CYCLES_CORE_61                                   0                             0

CORE_FETCH_DELTA_CORE_61                                        0                           NaN

CORE_NUM_RETIRE_CYCLES_CORE_61                                  0                             0

CORE_RETIRE_DELTA_CORE_61                                       0                           NaN

FENCE_PREF_REQ_CORE_61                                          0                             0

FENCE_WAITING_CORE_61                                           0                             0

DYN_FENCE_NUM_CORE_61                                           0                             0

WB_ORDERING_STALL_CORE_61                                       0                             0

WB_FULL_CORE_61                                                 0                             0

FENCE_TOT_CYCLES_CORE_61                                        0                             0

FENCE_EXEC_CYCLES_CORE_61                                       0                             0

STORE_RES_CORE_61                                               0                             0

STORE_NUM_CORE_61                                               0                             0

STORE_WB_FREE_CORE_61                                           0                             0

SCHED_FAILED_REASON_SUCCESS_CORE_61                         61364                       54.3458%
SCHED_FAILED_OPERANDS_NOT_READY_CORE_61                     19928                       17.6488%
SCHED_FAILED_NO_AVAILABLE_PORTS_CORE_61                     31622                       28.0054%
SCHED_FAILED_NO_MEM_REQ_SLOTS_CORE_61                           0                             0%
SCHED_FAILED_NO_AVAILABLE_SIMD_UNIT_CORE_61                     0                             0%
SCHED_FAILED_FENCE_ACTIVE_CORE_61                               0                             0%
SCHED_FAILED_MEM_MANAGEMENT_CORE_61                             0                             0%
                                                           112914                           100%

NUM_SAMPLES_CORE_62                                        200749                        200749

NUM_ACTIVE_BLOCKS_CORE_62                                 1362869                       6.78892

NUM_ACTIVE_THREADS_CORE_62                               10850562                       54.0504

NUM_SCHED_IDLE_CYCLE_CORE_62                                    0                             0

NUM_NO_SCHED_CYCLE_CORE_62                                  31242                         31242

CORE_DISPATCHED_INST_CORE_62                                61387                         61387

CORE_DISPATCH_WAIT_CORE_62                                2337011                       38.0701

CORE_CYCLES_CORE_62                                             0                             0

CORE_SCHED_THREADS_CORE_62                                      0                           NaN

CORE_NUM_NO_FETCH_CYCLES_CORE_62                                1                             1

CORE_NUM_NO_FETCH_CYCLES_WITH_READY_THREADS_CORE_62                   0                             0

CORE_NUM_FETCH_CYCLES_CORE_62                                   0                             0

CORE_FETCH_DELTA_CORE_62                                        0                           NaN

CORE_NUM_RETIRE_CYCLES_CORE_62                                  0                             0

CORE_RETIRE_DELTA_CORE_62                                       0                           NaN

FENCE_PREF_REQ_CORE_62                                          0                             0

FENCE_WAITING_CORE_62                                           0                             0

DYN_FENCE_NUM_CORE_62                                           0                             0

WB_ORDERING_STALL_CORE_62                                       0                             0

WB_FULL_CORE_62                                                 0                             0

FENCE_TOT_CYCLES_CORE_62                                        0                             0

FENCE_EXEC_CYCLES_CORE_62                                       0                             0

STORE_RES_CORE_62                                               0                             0

STORE_NUM_CORE_62                                               0                             0

STORE_WB_FREE_CORE_62                                           0                             0

SCHED_FAILED_REASON_SUCCESS_CORE_62                         61387                       50.5185%
SCHED_FAILED_OPERANDS_NOT_READY_CORE_62                     21728                       17.8811%
SCHED_FAILED_NO_AVAILABLE_PORTS_CORE_62                     38399                       31.6005%
SCHED_FAILED_NO_MEM_REQ_SLOTS_CORE_62                           0                             0%
SCHED_FAILED_NO_AVAILABLE_SIMD_UNIT_CORE_62                     0                             0%
SCHED_FAILED_FENCE_ACTIVE_CORE_62                               0                             0%
SCHED_FAILED_MEM_MANAGEMENT_CORE_62                             0                             0%
                                                           121514                           100%

NUM_SAMPLES_CORE_63                                        190600                        190600

NUM_ACTIVE_BLOCKS_CORE_63                                 1298440                       6.81238

NUM_ACTIVE_THREADS_CORE_63                               10314154                       54.1141

NUM_SCHED_IDLE_CYCLE_CORE_63                                    0                             0

NUM_NO_SCHED_CYCLE_CORE_63                                  29618                         29618

CORE_DISPATCHED_INST_CORE_63                                61454                         61454

CORE_DISPATCH_WAIT_CORE_63                                2116795                       34.4452

CORE_CYCLES_CORE_63                                             0                             0

CORE_SCHED_THREADS_CORE_63                                      0                           NaN

CORE_NUM_NO_FETCH_CYCLES_CORE_63                                0                             0

CORE_NUM_NO_FETCH_CYCLES_WITH_READY_THREADS_CORE_63                   0                             0

CORE_NUM_FETCH_CYCLES_CORE_63                                   0                             0

CORE_FETCH_DELTA_CORE_63                                        0                           NaN

CORE_NUM_RETIRE_CYCLES_CORE_63                                  0                             0

CORE_RETIRE_DELTA_CORE_63                                       0                           NaN

FENCE_PREF_REQ_CORE_63                                          0                             0

FENCE_WAITING_CORE_63                                           0                             0

DYN_FENCE_NUM_CORE_63                                           0                             0

WB_ORDERING_STALL_CORE_63                                       0                             0

WB_FULL_CORE_63                                                 0                             0

FENCE_TOT_CYCLES_CORE_63                                        0                             0

FENCE_EXEC_CYCLES_CORE_63                                       0                             0

STORE_RES_CORE_63                                               0                             0

STORE_NUM_CORE_63                                               0                             0

STORE_WB_FREE_CORE_63                                           0                             0

SCHED_FAILED_REASON_SUCCESS_CORE_63                         61454                       57.7939%
SCHED_FAILED_OPERANDS_NOT_READY_CORE_63                     23874                       22.4521%
SCHED_FAILED_NO_AVAILABLE_PORTS_CORE_63                     21005                        19.754%
SCHED_FAILED_NO_MEM_REQ_SLOTS_CORE_63                           0                             0%
SCHED_FAILED_NO_AVAILABLE_SIMD_UNIT_CORE_63                     0                             0%
SCHED_FAILED_FENCE_ACTIVE_CORE_63                               0                             0%
SCHED_FAILED_MEM_MANAGEMENT_CORE_63                             0                             0%
                                                           106333                           100%

NUM_SAMPLES_CORE_64                                        207556                        207556

NUM_ACTIVE_BLOCKS_CORE_64                                 1411221                       6.79923

NUM_ACTIVE_THREADS_CORE_64                               11232082                       54.1159

NUM_SCHED_IDLE_CYCLE_CORE_64                                    0                             0

NUM_NO_SCHED_CYCLE_CORE_64                                  33238                         33238

CORE_DISPATCHED_INST_CORE_64                                61446                         61446

CORE_DISPATCH_WAIT_CORE_64                                2306594                       37.5386

CORE_CYCLES_CORE_64                                             0                             0

CORE_SCHED_THREADS_CORE_64                                      0                           NaN

CORE_NUM_NO_FETCH_CYCLES_CORE_64                                1                             1

CORE_NUM_NO_FETCH_CYCLES_WITH_READY_THREADS_CORE_64                   0                             0

CORE_NUM_FETCH_CYCLES_CORE_64                                   0                             0

CORE_FETCH_DELTA_CORE_64                                        0                           NaN

CORE_NUM_RETIRE_CYCLES_CORE_64                                  0                             0

CORE_RETIRE_DELTA_CORE_64                                       0                           NaN

FENCE_PREF_REQ_CORE_64                                          0                             0

FENCE_WAITING_CORE_64                                           0                             0

DYN_FENCE_NUM_CORE_64                                           0                             0

WB_ORDERING_STALL_CORE_64                                       0                             0

WB_FULL_CORE_64                                                 0                             0

FENCE_TOT_CYCLES_CORE_64                                        0                             0

FENCE_EXEC_CYCLES_CORE_64                                       0                             0

STORE_RES_CORE_64                                               0                             0

STORE_NUM_CORE_64                                               0                             0

STORE_WB_FREE_CORE_64                                           0                             0

SCHED_FAILED_REASON_SUCCESS_CORE_64                         61446                        51.861%
SCHED_FAILED_OPERANDS_NOT_READY_CORE_64                     23855                       20.1339%
SCHED_FAILED_NO_AVAILABLE_PORTS_CORE_64                     33181                       28.0051%
SCHED_FAILED_NO_MEM_REQ_SLOTS_CORE_64                           0                             0%
SCHED_FAILED_NO_AVAILABLE_SIMD_UNIT_CORE_64                     0                             0%
SCHED_FAILED_FENCE_ACTIVE_CORE_64                               0                             0%
SCHED_FAILED_MEM_MANAGEMENT_CORE_64                             0                             0%
                                                           118482                           100%

NUM_SAMPLES_CORE_65                                        199352                        199352

NUM_ACTIVE_BLOCKS_CORE_65                                 1276715                       6.40433

NUM_ACTIVE_THREADS_CORE_65                               10061627                       50.4717

NUM_SCHED_IDLE_CYCLE_CORE_65                                    0                             0

NUM_NO_SCHED_CYCLE_CORE_65                                  30804                         30804

CORE_DISPATCHED_INST_CORE_65                                61344                         61344

CORE_DISPATCH_WAIT_CORE_65                                2494404                       40.6626

CORE_CYCLES_CORE_65                                             0                             0

CORE_SCHED_THREADS_CORE_65                                      0                           NaN

CORE_NUM_NO_FETCH_CYCLES_CORE_65                                1                             1

CORE_NUM_NO_FETCH_CYCLES_WITH_READY_THREADS_CORE_65                   0                             0

CORE_NUM_FETCH_CYCLES_CORE_65                                   0                             0

CORE_FETCH_DELTA_CORE_65                                        0                           NaN

CORE_NUM_RETIRE_CYCLES_CORE_65                                  0                             0

CORE_RETIRE_DELTA_CORE_65                                       0                           NaN

FENCE_PREF_REQ_CORE_65                                          0                             0

FENCE_WAITING_CORE_65                                           0                             0

DYN_FENCE_NUM_CORE_65                                           0                             0

WB_ORDERING_STALL_CORE_65                                       0                             0

WB_FULL_CORE_65                                                 0                             0

FENCE_TOT_CYCLES_CORE_65                                        0                             0

FENCE_EXEC_CYCLES_CORE_65                                       0                             0

STORE_RES_CORE_65                                               0                             0

STORE_NUM_CORE_65                                               0                             0

STORE_WB_FREE_CORE_65                                           0                             0

SCHED_FAILED_REASON_SUCCESS_CORE_65                         61344                       50.1607%
SCHED_FAILED_OPERANDS_NOT_READY_CORE_65                     27561                       22.5365%
SCHED_FAILED_NO_AVAILABLE_PORTS_CORE_65                     33390                       27.3028%
SCHED_FAILED_NO_MEM_REQ_SLOTS_CORE_65                           0                             0%
SCHED_FAILED_NO_AVAILABLE_SIMD_UNIT_CORE_65                     0                             0%
SCHED_FAILED_FENCE_ACTIVE_CORE_65                               0                             0%
SCHED_FAILED_MEM_MANAGEMENT_CORE_65                             0                             0%
                                                           122295                           100%

NUM_SAMPLES_CORE_66                                        211516                        211516

NUM_ACTIVE_BLOCKS_CORE_66                                 1332196                       6.29832

NUM_ACTIVE_THREADS_CORE_66                               10533575                       49.8004

NUM_SCHED_IDLE_CYCLE_CORE_66                                    0                             0

NUM_NO_SCHED_CYCLE_CORE_66                                  34194                         34194

CORE_DISPATCHED_INST_CORE_66                                61366                         61366

CORE_DISPATCH_WAIT_CORE_66                                2305935                       37.5768

CORE_CYCLES_CORE_66                                             0                             0

CORE_SCHED_THREADS_CORE_66                                      0                           NaN

CORE_NUM_NO_FETCH_CYCLES_CORE_66                                1                             1

CORE_NUM_NO_FETCH_CYCLES_WITH_READY_THREADS_CORE_66                   0                             0

CORE_NUM_FETCH_CYCLES_CORE_66                                   0                             0

CORE_FETCH_DELTA_CORE_66                                        0                           NaN

CORE_NUM_RETIRE_CYCLES_CORE_66                                  0                             0

CORE_RETIRE_DELTA_CORE_66                                       0                           NaN

FENCE_PREF_REQ_CORE_66                                          0                             0

FENCE_WAITING_CORE_66                                           0                             0

DYN_FENCE_NUM_CORE_66                                           0                             0

WB_ORDERING_STALL_CORE_66                                       0                             0

WB_FULL_CORE_66                                                 0                             0

FENCE_TOT_CYCLES_CORE_66                                        0                             0

FENCE_EXEC_CYCLES_CORE_66                                       0                             0

STORE_RES_CORE_66                                               0                             0

STORE_NUM_CORE_66                                               0                             0

STORE_WB_FREE_CORE_66                                           0                             0

SCHED_FAILED_REASON_SUCCESS_CORE_66                         61366                       51.2674%
SCHED_FAILED_OPERANDS_NOT_READY_CORE_66                     27560                       23.0246%
SCHED_FAILED_NO_AVAILABLE_PORTS_CORE_66                     30772                        25.708%
SCHED_FAILED_NO_MEM_REQ_SLOTS_CORE_66                           0                             0%
SCHED_FAILED_NO_AVAILABLE_SIMD_UNIT_CORE_66                     0                             0%
SCHED_FAILED_FENCE_ACTIVE_CORE_66                               0                             0%
SCHED_FAILED_MEM_MANAGEMENT_CORE_66                             0                             0%
                                                           119698                           100%

NUM_SAMPLES_CORE_67                                        212017                        212017

NUM_ACTIVE_BLOCKS_CORE_67                                 1422148                       6.70771

NUM_ACTIVE_THREADS_CORE_67                               10795555                       50.9183

NUM_SCHED_IDLE_CYCLE_CORE_67                                    0                             0

NUM_NO_SCHED_CYCLE_CORE_67                                  33986                         33986

CORE_DISPATCHED_INST_CORE_67                                61621                         61621

CORE_DISPATCH_WAIT_CORE_67                                2471374                        40.106

CORE_CYCLES_CORE_67                                             0                             0

CORE_SCHED_THREADS_CORE_67                                      0                           NaN

CORE_NUM_NO_FETCH_CYCLES_CORE_67                                1                             1

CORE_NUM_NO_FETCH_CYCLES_WITH_READY_THREADS_CORE_67                   0                             0

CORE_NUM_FETCH_CYCLES_CORE_67                                   0                             0

CORE_FETCH_DELTA_CORE_67                                        0                           NaN

CORE_NUM_RETIRE_CYCLES_CORE_67                                  0                             0

CORE_RETIRE_DELTA_CORE_67                                       0                           NaN

FENCE_PREF_REQ_CORE_67                                          0                             0

FENCE_WAITING_CORE_67                                           0                             0

DYN_FENCE_NUM_CORE_67                                           0                             0

WB_ORDERING_STALL_CORE_67                                       0                             0

WB_FULL_CORE_67                                                 0                             0

FENCE_TOT_CYCLES_CORE_67                                        0                             0

FENCE_EXEC_CYCLES_CORE_67                                       0                             0

STORE_RES_CORE_67                                               0                             0

STORE_NUM_CORE_67                                               0                             0

STORE_WB_FREE_CORE_67                                           0                             0

SCHED_FAILED_REASON_SUCCESS_CORE_67                         61621                       48.6776%
SCHED_FAILED_OPERANDS_NOT_READY_CORE_67                     25476                       20.1248%
SCHED_FAILED_NO_AVAILABLE_PORTS_CORE_67                     39493                       31.1976%
SCHED_FAILED_NO_MEM_REQ_SLOTS_CORE_67                           0                             0%
SCHED_FAILED_NO_AVAILABLE_SIMD_UNIT_CORE_67                     0                             0%
SCHED_FAILED_FENCE_ACTIVE_CORE_67                               0                             0%
SCHED_FAILED_MEM_MANAGEMENT_CORE_67                             0                             0%
                                                           126590                           100%

NUM_SAMPLES_CORE_68                                        186191                        186191

NUM_ACTIVE_BLOCKS_CORE_68                                 1215783                       6.52976

NUM_ACTIVE_THREADS_CORE_68                                9451384                       50.7618

NUM_SCHED_IDLE_CYCLE_CORE_68                                    0                             0

NUM_NO_SCHED_CYCLE_CORE_68                                  27948                         27948

CORE_DISPATCHED_INST_CORE_68                                61441                         61441

CORE_DISPATCH_WAIT_CORE_68                                2313609                       37.6558

CORE_CYCLES_CORE_68                                             0                             0

CORE_SCHED_THREADS_CORE_68                                      0                           NaN

CORE_NUM_NO_FETCH_CYCLES_CORE_68                                1                             1

CORE_NUM_NO_FETCH_CYCLES_WITH_READY_THREADS_CORE_68                   0                             0

CORE_NUM_FETCH_CYCLES_CORE_68                                   0                             0

CORE_FETCH_DELTA_CORE_68                                        0                           NaN

CORE_NUM_RETIRE_CYCLES_CORE_68                                  0                             0

CORE_RETIRE_DELTA_CORE_68                                       0                           NaN

FENCE_PREF_REQ_CORE_68                                          0                             0

FENCE_WAITING_CORE_68                                           0                             0

DYN_FENCE_NUM_CORE_68                                           0                             0

WB_ORDERING_STALL_CORE_68                                       0                             0

WB_FULL_CORE_68                                                 0                             0

FENCE_TOT_CYCLES_CORE_68                                        0                             0

FENCE_EXEC_CYCLES_CORE_68                                       0                             0

STORE_RES_CORE_68                                               0                             0

STORE_NUM_CORE_68                                               0                             0

STORE_WB_FREE_CORE_68                                           0                             0

SCHED_FAILED_REASON_SUCCESS_CORE_68                         61441                       51.0507%
SCHED_FAILED_OPERANDS_NOT_READY_CORE_68                     23119                       19.2093%
SCHED_FAILED_NO_AVAILABLE_PORTS_CORE_68                     35793                         29.74%
SCHED_FAILED_NO_MEM_REQ_SLOTS_CORE_68                           0                             0%
SCHED_FAILED_NO_AVAILABLE_SIMD_UNIT_CORE_68                     0                             0%
SCHED_FAILED_FENCE_ACTIVE_CORE_68                               0                             0%
SCHED_FAILED_MEM_MANAGEMENT_CORE_68                             0                             0%
                                                           120353                           100%

NUM_SAMPLES_CORE_69                                        186934                        186934

NUM_ACTIVE_BLOCKS_CORE_69                                 1254326                       6.70999

NUM_ACTIVE_THREADS_CORE_69                                9587834                       51.2899

NUM_SCHED_IDLE_CYCLE_CORE_69                                    0                             0

NUM_NO_SCHED_CYCLE_CORE_69                                  28257                         28257

CORE_DISPATCHED_INST_CORE_69                                61297                         61297

CORE_DISPATCH_WAIT_CORE_69                                2447036                        39.921

CORE_CYCLES_CORE_69                                             0                             0

CORE_SCHED_THREADS_CORE_69                                      0                           NaN

CORE_NUM_NO_FETCH_CYCLES_CORE_69                                1                             1

CORE_NUM_NO_FETCH_CYCLES_WITH_READY_THREADS_CORE_69                   0                             0

CORE_NUM_FETCH_CYCLES_CORE_69                                   0                             0

CORE_FETCH_DELTA_CORE_69                                        0                           NaN

CORE_NUM_RETIRE_CYCLES_CORE_69                                  0                             0

CORE_RETIRE_DELTA_CORE_69                                       0                           NaN

FENCE_PREF_REQ_CORE_69                                          0                             0

FENCE_WAITING_CORE_69                                           0                             0

DYN_FENCE_NUM_CORE_69                                           0                             0

WB_ORDERING_STALL_CORE_69                                       0                             0

WB_FULL_CORE_69                                                 0                             0

FENCE_TOT_CYCLES_CORE_69                                        0                             0

FENCE_EXEC_CYCLES_CORE_69                                       0                             0

STORE_RES_CORE_69                                               0                             0

STORE_NUM_CORE_69                                               0                             0

STORE_WB_FREE_CORE_69                                           0                             0

SCHED_FAILED_REASON_SUCCESS_CORE_69                         61297                       50.1333%
SCHED_FAILED_OPERANDS_NOT_READY_CORE_69                     23174                       18.9534%
SCHED_FAILED_NO_AVAILABLE_PORTS_CORE_69                     37797                       30.9132%
SCHED_FAILED_NO_MEM_REQ_SLOTS_CORE_69                           0                             0%
SCHED_FAILED_NO_AVAILABLE_SIMD_UNIT_CORE_69                     0                             0%
SCHED_FAILED_FENCE_ACTIVE_CORE_69                               0                             0%
SCHED_FAILED_MEM_MANAGEMENT_CORE_69                             0                             0%
                                                           122268                           100%

NUM_SAMPLES_CORE_70                                        203670                        203670

NUM_ACTIVE_BLOCKS_CORE_70                                 1363439                       6.69435

NUM_ACTIVE_THREADS_CORE_70                               10688011                       52.4771

NUM_SCHED_IDLE_CYCLE_CORE_70                                    0                             0

NUM_NO_SCHED_CYCLE_CORE_70                                  31979                         31979

CORE_DISPATCHED_INST_CORE_70                                61308                         61308

CORE_DISPATCH_WAIT_CORE_70                                2327870                       37.9701

CORE_CYCLES_CORE_70                                             0                             0

CORE_SCHED_THREADS_CORE_70                                      0                           NaN

CORE_NUM_NO_FETCH_CYCLES_CORE_70                                1                             1

CORE_NUM_NO_FETCH_CYCLES_WITH_READY_THREADS_CORE_70                   0                             0

CORE_NUM_FETCH_CYCLES_CORE_70                                   0                             0

CORE_FETCH_DELTA_CORE_70                                        0                           NaN

CORE_NUM_RETIRE_CYCLES_CORE_70                                  0                             0

CORE_RETIRE_DELTA_CORE_70                                       0                           NaN

FENCE_PREF_REQ_CORE_70                                          0                             0

FENCE_WAITING_CORE_70                                           0                             0

DYN_FENCE_NUM_CORE_70                                           0                             0

WB_ORDERING_STALL_CORE_70                                       0                             0

WB_FULL_CORE_70                                                 0                             0

FENCE_TOT_CYCLES_CORE_70                                        0                             0

FENCE_EXEC_CYCLES_CORE_70                                       0                             0

STORE_RES_CORE_70                                               0                             0

STORE_NUM_CORE_70                                               0                             0

STORE_WB_FREE_CORE_70                                           0                             0

SCHED_FAILED_REASON_SUCCESS_CORE_70                         61308                        49.934%
SCHED_FAILED_OPERANDS_NOT_READY_CORE_70                     23562                       19.1907%
SCHED_FAILED_NO_AVAILABLE_PORTS_CORE_70                     37908                       30.8752%
SCHED_FAILED_NO_MEM_REQ_SLOTS_CORE_70                           0                             0%
SCHED_FAILED_NO_AVAILABLE_SIMD_UNIT_CORE_70                     0                             0%
SCHED_FAILED_FENCE_ACTIVE_CORE_70                               0                             0%
SCHED_FAILED_MEM_MANAGEMENT_CORE_70                             0                             0%
                                                           122778                           100%

NUM_SAMPLES_CORE_71                                        197126                        197126

NUM_ACTIVE_BLOCKS_CORE_71                                 1301797                       6.60388

NUM_ACTIVE_THREADS_CORE_71                               10123833                       51.3572

NUM_SCHED_IDLE_CYCLE_CORE_71                                    0                             0

NUM_NO_SCHED_CYCLE_CORE_71                                  30815                         30815

CORE_DISPATCHED_INST_CORE_71                                61250                         61250

CORE_DISPATCH_WAIT_CORE_71                                2261434                       36.9214

CORE_CYCLES_CORE_71                                             0                             0

CORE_SCHED_THREADS_CORE_71                                      0                           NaN

CORE_NUM_NO_FETCH_CYCLES_CORE_71                                1                             1

CORE_NUM_NO_FETCH_CYCLES_WITH_READY_THREADS_CORE_71                   0                             0

CORE_NUM_FETCH_CYCLES_CORE_71                                   0                             0

CORE_FETCH_DELTA_CORE_71                                        0                           NaN

CORE_NUM_RETIRE_CYCLES_CORE_71                                  0                             0

CORE_RETIRE_DELTA_CORE_71                                       0                           NaN

FENCE_PREF_REQ_CORE_71                                          0                             0

FENCE_WAITING_CORE_71                                           0                             0

DYN_FENCE_NUM_CORE_71                                           0                             0

WB_ORDERING_STALL_CORE_71                                       0                             0

WB_FULL_CORE_71                                                 0                             0

FENCE_TOT_CYCLES_CORE_71                                        0                             0

FENCE_EXEC_CYCLES_CORE_71                                       0                             0

STORE_RES_CORE_71                                               0                             0

STORE_NUM_CORE_71                                               0                             0

STORE_WB_FREE_CORE_71                                           0                             0

SCHED_FAILED_REASON_SUCCESS_CORE_71                         61250                       51.0787%
SCHED_FAILED_OPERANDS_NOT_READY_CORE_71                     21758                       18.1448%
SCHED_FAILED_NO_AVAILABLE_PORTS_CORE_71                     36905                       30.7765%
SCHED_FAILED_NO_MEM_REQ_SLOTS_CORE_71                           0                             0%
SCHED_FAILED_NO_AVAILABLE_SIMD_UNIT_CORE_71                     0                             0%
SCHED_FAILED_FENCE_ACTIVE_CORE_71                               0                             0%
SCHED_FAILED_MEM_MANAGEMENT_CORE_71                             0                             0%
                                                           119913                           100%

NUM_SAMPLES_CORE_72                                        186694                        186694

NUM_ACTIVE_BLOCKS_CORE_72                                 1238370                       6.63315

NUM_ACTIVE_THREADS_CORE_72                                9729047                       52.1123

NUM_SCHED_IDLE_CYCLE_CORE_72                                    0                             0

NUM_NO_SCHED_CYCLE_CORE_72                                  28156                         28156

CORE_DISPATCHED_INST_CORE_72                                58484                         58484

CORE_DISPATCH_WAIT_CORE_72                                2427522                       41.5075

CORE_CYCLES_CORE_72                                             0                             0

CORE_SCHED_THREADS_CORE_72                                      0                           NaN

CORE_NUM_NO_FETCH_CYCLES_CORE_72                                1                             1

CORE_NUM_NO_FETCH_CYCLES_WITH_READY_THREADS_CORE_72                   0                             0

CORE_NUM_FETCH_CYCLES_CORE_72                                   0                             0

CORE_FETCH_DELTA_CORE_72                                        0                           NaN

CORE_NUM_RETIRE_CYCLES_CORE_72                                  0                             0

CORE_RETIRE_DELTA_CORE_72                                       0                           NaN

FENCE_PREF_REQ_CORE_72                                          0                             0

FENCE_WAITING_CORE_72                                           0                             0

DYN_FENCE_NUM_CORE_72                                           0                             0

WB_ORDERING_STALL_CORE_72                                       0                             0

WB_FULL_CORE_72                                                 0                             0

FENCE_TOT_CYCLES_CORE_72                                        0                             0

FENCE_EXEC_CYCLES_CORE_72                                       0                             0

STORE_RES_CORE_72                                               0                             0

STORE_NUM_CORE_72                                               0                             0

STORE_WB_FREE_CORE_72                                           0                             0

SCHED_FAILED_REASON_SUCCESS_CORE_72                         58484                       43.8523%
SCHED_FAILED_OPERANDS_NOT_READY_CORE_72                     25576                       19.1773%
SCHED_FAILED_NO_AVAILABLE_PORTS_CORE_72                     49306                       36.9704%
SCHED_FAILED_NO_MEM_REQ_SLOTS_CORE_72                           0                             0%
SCHED_FAILED_NO_AVAILABLE_SIMD_UNIT_CORE_72                     0                             0%
SCHED_FAILED_FENCE_ACTIVE_CORE_72                               0                             0%
SCHED_FAILED_MEM_MANAGEMENT_CORE_72                             0                             0%
                                                           133366                           100%

NUM_SAMPLES_CORE_73                                        186722                        186722

NUM_ACTIVE_BLOCKS_CORE_73                                 1223490                       6.55247

NUM_ACTIVE_THREADS_CORE_73                                9543844                       51.1126

NUM_SCHED_IDLE_CYCLE_CORE_73                                    0                             0

NUM_NO_SCHED_CYCLE_CORE_73                                  27671                         27671

CORE_DISPATCHED_INST_CORE_73                                58552                         58552

CORE_DISPATCH_WAIT_CORE_73                                2381672                       40.6762

CORE_CYCLES_CORE_73                                             0                             0

CORE_SCHED_THREADS_CORE_73                                      0                           NaN

CORE_NUM_NO_FETCH_CYCLES_CORE_73                                1                             1

CORE_NUM_NO_FETCH_CYCLES_WITH_READY_THREADS_CORE_73                   0                             0

CORE_NUM_FETCH_CYCLES_CORE_73                                   0                             0

CORE_FETCH_DELTA_CORE_73                                        0                           NaN

CORE_NUM_RETIRE_CYCLES_CORE_73                                  0                             0

CORE_RETIRE_DELTA_CORE_73                                       0                           NaN

FENCE_PREF_REQ_CORE_73                                          0                             0

FENCE_WAITING_CORE_73                                           0                             0

DYN_FENCE_NUM_CORE_73                                           0                             0

WB_ORDERING_STALL_CORE_73                                       0                             0

WB_FULL_CORE_73                                                 0                             0

FENCE_TOT_CYCLES_CORE_73                                        0                             0

FENCE_EXEC_CYCLES_CORE_73                                       0                             0

STORE_RES_CORE_73                                               0                             0

STORE_NUM_CORE_73                                               0                             0

STORE_WB_FREE_CORE_73                                           0                             0

SCHED_FAILED_REASON_SUCCESS_CORE_73                         58552                       42.8673%
SCHED_FAILED_OPERANDS_NOT_READY_CORE_73                     26070                       19.0865%
SCHED_FAILED_NO_AVAILABLE_PORTS_CORE_73                     51967                       38.0463%
SCHED_FAILED_NO_MEM_REQ_SLOTS_CORE_73                           0                             0%
SCHED_FAILED_NO_AVAILABLE_SIMD_UNIT_CORE_73                     0                             0%
SCHED_FAILED_FENCE_ACTIVE_CORE_73                               0                             0%
SCHED_FAILED_MEM_MANAGEMENT_CORE_73                             0                             0%
                                                           136589                           100%

NUM_SAMPLES_CORE_74                                        206641                        206641

NUM_ACTIVE_BLOCKS_CORE_74                                 1367462                       6.61757

NUM_ACTIVE_THREADS_CORE_74                               10261279                       49.6575

NUM_SCHED_IDLE_CYCLE_CORE_74                                    0                             0

NUM_NO_SCHED_CYCLE_CORE_74                                  33338                         33338

CORE_DISPATCHED_INST_CORE_74                                58336                         58336

CORE_DISPATCH_WAIT_CORE_74                                2604186                       44.6411

CORE_CYCLES_CORE_74                                             0                             0

CORE_SCHED_THREADS_CORE_74                                      0                           NaN

CORE_NUM_NO_FETCH_CYCLES_CORE_74                                1                             1

CORE_NUM_NO_FETCH_CYCLES_WITH_READY_THREADS_CORE_74                   0                             0

CORE_NUM_FETCH_CYCLES_CORE_74                                   0                             0

CORE_FETCH_DELTA_CORE_74                                        0                           NaN

CORE_NUM_RETIRE_CYCLES_CORE_74                                  0                             0

CORE_RETIRE_DELTA_CORE_74                                       0                           NaN

FENCE_PREF_REQ_CORE_74                                          0                             0

FENCE_WAITING_CORE_74                                           0                             0

DYN_FENCE_NUM_CORE_74                                           0                             0

WB_ORDERING_STALL_CORE_74                                       0                             0

WB_FULL_CORE_74                                                 0                             0

FENCE_TOT_CYCLES_CORE_74                                        0                             0

FENCE_EXEC_CYCLES_CORE_74                                       0                             0

STORE_RES_CORE_74                                               0                             0

STORE_NUM_CORE_74                                               0                             0

STORE_WB_FREE_CORE_74                                           0                             0

SCHED_FAILED_REASON_SUCCESS_CORE_74                         58336                        43.856%
SCHED_FAILED_OPERANDS_NOT_READY_CORE_74                     25842                       19.4276%
SCHED_FAILED_NO_AVAILABLE_PORTS_CORE_74                     48839                       36.7164%
SCHED_FAILED_NO_MEM_REQ_SLOTS_CORE_74                           0                             0%
SCHED_FAILED_NO_AVAILABLE_SIMD_UNIT_CORE_74                     0                             0%
SCHED_FAILED_FENCE_ACTIVE_CORE_74                               0                             0%
SCHED_FAILED_MEM_MANAGEMENT_CORE_74                             0                             0%
                                                           133017                           100%

NUM_SAMPLES_CORE_75                                        207446                        207446

NUM_ACTIVE_BLOCKS_CORE_75                                 1413249                       6.81261

NUM_ACTIVE_THREADS_CORE_75                               10622671                       51.2069

NUM_SCHED_IDLE_CYCLE_CORE_75                                    0                             0

NUM_NO_SCHED_CYCLE_CORE_75                                  32817                         32817

CORE_DISPATCHED_INST_CORE_75                                58640                         58640

CORE_DISPATCH_WAIT_CORE_75                                2671469                       45.5571

CORE_CYCLES_CORE_75                                             0                             0

CORE_SCHED_THREADS_CORE_75                                      0                           NaN

CORE_NUM_NO_FETCH_CYCLES_CORE_75                                1                             1

CORE_NUM_NO_FETCH_CYCLES_WITH_READY_THREADS_CORE_75                   0                             0

CORE_NUM_FETCH_CYCLES_CORE_75                                   0                             0

CORE_FETCH_DELTA_CORE_75                                        0                           NaN

CORE_NUM_RETIRE_CYCLES_CORE_75                                  0                             0

CORE_RETIRE_DELTA_CORE_75                                       0                           NaN

FENCE_PREF_REQ_CORE_75                                          0                             0

FENCE_WAITING_CORE_75                                           0                             0

DYN_FENCE_NUM_CORE_75                                           0                             0

WB_ORDERING_STALL_CORE_75                                       0                             0

WB_FULL_CORE_75                                                 0                             0

FENCE_TOT_CYCLES_CORE_75                                        0                             0

FENCE_EXEC_CYCLES_CORE_75                                       0                             0

STORE_RES_CORE_75                                               0                             0

STORE_NUM_CORE_75                                               0                             0

STORE_WB_FREE_CORE_75                                           0                             0

SCHED_FAILED_REASON_SUCCESS_CORE_75                         58640                        41.299%
SCHED_FAILED_OPERANDS_NOT_READY_CORE_75                     27033                       19.0388%
SCHED_FAILED_NO_AVAILABLE_PORTS_CORE_75                     56316                       39.6622%
SCHED_FAILED_NO_MEM_REQ_SLOTS_CORE_75                           0                             0%
SCHED_FAILED_NO_AVAILABLE_SIMD_UNIT_CORE_75                     0                             0%
SCHED_FAILED_FENCE_ACTIVE_CORE_75                               0                             0%
SCHED_FAILED_MEM_MANAGEMENT_CORE_75                             0                             0%
                                                           141989                           100%

NUM_SAMPLES_CORE_76                                        195877                        195877

NUM_ACTIVE_BLOCKS_CORE_76                                 1301779                        6.6459

NUM_ACTIVE_THREADS_CORE_76                               10329652                       52.7354

NUM_SCHED_IDLE_CYCLE_CORE_76                                    0                             0

NUM_NO_SCHED_CYCLE_CORE_76                                  29817                         29817

CORE_DISPATCHED_INST_CORE_76                                58718                         58718

CORE_DISPATCH_WAIT_CORE_76                                2713807                       46.2176

CORE_CYCLES_CORE_76                                             0                             0

CORE_SCHED_THREADS_CORE_76                                      0                           NaN

CORE_NUM_NO_FETCH_CYCLES_CORE_76                                1                             1

CORE_NUM_NO_FETCH_CYCLES_WITH_READY_THREADS_CORE_76                   0                             0

CORE_NUM_FETCH_CYCLES_CORE_76                                   0                             0

CORE_FETCH_DELTA_CORE_76                                        0                           NaN

CORE_NUM_RETIRE_CYCLES_CORE_76                                  0                             0

CORE_RETIRE_DELTA_CORE_76                                       0                           NaN

FENCE_PREF_REQ_CORE_76                                          0                             0

FENCE_WAITING_CORE_76                                           0                             0

DYN_FENCE_NUM_CORE_76                                           0                             0

WB_ORDERING_STALL_CORE_76                                       0                             0

WB_FULL_CORE_76                                                 0                             0

FENCE_TOT_CYCLES_CORE_76                                        0                             0

FENCE_EXEC_CYCLES_CORE_76                                       0                             0

STORE_RES_CORE_76                                               0                             0

STORE_NUM_CORE_76                                               0                             0

STORE_WB_FREE_CORE_76                                           0                             0

SCHED_FAILED_REASON_SUCCESS_CORE_76                         58718                       40.2443%
SCHED_FAILED_OPERANDS_NOT_READY_CORE_76                     28901                       19.8082%
SCHED_FAILED_NO_AVAILABLE_PORTS_CORE_76                     58285                       39.9475%
SCHED_FAILED_NO_MEM_REQ_SLOTS_CORE_76                           0                             0%
SCHED_FAILED_NO_AVAILABLE_SIMD_UNIT_CORE_76                     0                             0%
SCHED_FAILED_FENCE_ACTIVE_CORE_76                               0                             0%
SCHED_FAILED_MEM_MANAGEMENT_CORE_76                             0                             0%
                                                           145904                           100%

NUM_SAMPLES_CORE_77                                        196109                        196109

NUM_ACTIVE_BLOCKS_CORE_77                                 1306204                        6.6606

NUM_ACTIVE_THREADS_CORE_77                               10316917                       52.6081

NUM_SCHED_IDLE_CYCLE_CORE_77                                    0                             0

NUM_NO_SCHED_CYCLE_CORE_77                                  30326                         30326

CORE_DISPATCHED_INST_CORE_77                                58644                         58644

CORE_DISPATCH_WAIT_CORE_77                                2715791                       46.3098

CORE_CYCLES_CORE_77                                             0                             0

CORE_SCHED_THREADS_CORE_77                                      0                           NaN

CORE_NUM_NO_FETCH_CYCLES_CORE_77                                1                             1

CORE_NUM_NO_FETCH_CYCLES_WITH_READY_THREADS_CORE_77                   0                             0

CORE_NUM_FETCH_CYCLES_CORE_77                                   0                             0

CORE_FETCH_DELTA_CORE_77                                        0                           NaN

CORE_NUM_RETIRE_CYCLES_CORE_77                                  0                             0

CORE_RETIRE_DELTA_CORE_77                                       0                           NaN

FENCE_PREF_REQ_CORE_77                                          0                             0

FENCE_WAITING_CORE_77                                           0                             0

DYN_FENCE_NUM_CORE_77                                           0                             0

WB_ORDERING_STALL_CORE_77                                       0                             0

WB_FULL_CORE_77                                                 0                             0

FENCE_TOT_CYCLES_CORE_77                                        0                             0

FENCE_EXEC_CYCLES_CORE_77                                       0                             0

STORE_RES_CORE_77                                               0                             0

STORE_NUM_CORE_77                                               0                             0

STORE_WB_FREE_CORE_77                                           0                             0

SCHED_FAILED_REASON_SUCCESS_CORE_77                         58644                       42.2659%
SCHED_FAILED_OPERANDS_NOT_READY_CORE_77                     33031                       23.8061%
SCHED_FAILED_NO_AVAILABLE_PORTS_CORE_77                     47075                       33.9279%
SCHED_FAILED_NO_MEM_REQ_SLOTS_CORE_77                           0                             0%
SCHED_FAILED_NO_AVAILABLE_SIMD_UNIT_CORE_77                     0                             0%
SCHED_FAILED_FENCE_ACTIVE_CORE_77                               0                             0%
SCHED_FAILED_MEM_MANAGEMENT_CORE_77                             0                             0%
                                                           138750                           100%

NUM_SAMPLES_CORE_78                                        199935                        199935

NUM_ACTIVE_BLOCKS_CORE_78                                 1318452                        6.5944

NUM_ACTIVE_THREADS_CORE_78                               10422647                       52.1302

NUM_SCHED_IDLE_CYCLE_CORE_78                                    0                             0

NUM_NO_SCHED_CYCLE_CORE_78                                  30751                         30751

CORE_DISPATCHED_INST_CORE_78                                58639                         58639

CORE_DISPATCH_WAIT_CORE_78                                2747405                       46.8529

CORE_CYCLES_CORE_78                                             0                             0

CORE_SCHED_THREADS_CORE_78                                      0                           NaN

CORE_NUM_NO_FETCH_CYCLES_CORE_78                                1                             1

CORE_NUM_NO_FETCH_CYCLES_WITH_READY_THREADS_CORE_78                   0                             0

CORE_NUM_FETCH_CYCLES_CORE_78                                   0                             0

CORE_FETCH_DELTA_CORE_78                                        0                           NaN

CORE_NUM_RETIRE_CYCLES_CORE_78                                  0                             0

CORE_RETIRE_DELTA_CORE_78                                       0                           NaN

FENCE_PREF_REQ_CORE_78                                          0                             0

FENCE_WAITING_CORE_78                                           0                             0

DYN_FENCE_NUM_CORE_78                                           0                             0

WB_ORDERING_STALL_CORE_78                                       0                             0

WB_FULL_CORE_78                                                 0                             0

FENCE_TOT_CYCLES_CORE_78                                        0                             0

FENCE_EXEC_CYCLES_CORE_78                                       0                             0

STORE_RES_CORE_78                                               0                             0

STORE_NUM_CORE_78                                               0                             0

STORE_WB_FREE_CORE_78                                           0                             0

SCHED_FAILED_REASON_SUCCESS_CORE_78                         58639                        40.237%
SCHED_FAILED_OPERANDS_NOT_READY_CORE_78                     33607                       23.0605%
SCHED_FAILED_NO_AVAILABLE_PORTS_CORE_78                     53488                       36.7025%
SCHED_FAILED_NO_MEM_REQ_SLOTS_CORE_78                           0                             0%
SCHED_FAILED_NO_AVAILABLE_SIMD_UNIT_CORE_78                     0                             0%
SCHED_FAILED_FENCE_ACTIVE_CORE_78                               0                             0%
SCHED_FAILED_MEM_MANAGEMENT_CORE_78                             0                             0%
                                                           145734                           100%

NUM_SAMPLES_CORE_79                                        200323                        200323

NUM_ACTIVE_BLOCKS_CORE_79                                 1305655                       6.51775

NUM_ACTIVE_THREADS_CORE_79                               10339204                       51.6127

NUM_SCHED_IDLE_CYCLE_CORE_79                                    0                             0

NUM_NO_SCHED_CYCLE_CORE_79                                  31356                         31356

CORE_DISPATCHED_INST_CORE_79                                58850                         58850

CORE_DISPATCH_WAIT_CORE_79                                2640219                       44.8635

CORE_CYCLES_CORE_79                                             0                             0

CORE_SCHED_THREADS_CORE_79                                      0                           NaN

CORE_NUM_NO_FETCH_CYCLES_CORE_79                                1                             1

CORE_NUM_NO_FETCH_CYCLES_WITH_READY_THREADS_CORE_79                   0                             0

CORE_NUM_FETCH_CYCLES_CORE_79                                   0                             0

CORE_FETCH_DELTA_CORE_79                                        0                           NaN

CORE_NUM_RETIRE_CYCLES_CORE_79                                  0                             0

CORE_RETIRE_DELTA_CORE_79                                       0                           NaN

FENCE_PREF_REQ_CORE_79                                          0                             0

FENCE_WAITING_CORE_79                                           0                             0

DYN_FENCE_NUM_CORE_79                                           0                             0

WB_ORDERING_STALL_CORE_79                                       0                             0

WB_FULL_CORE_79                                                 0                             0

FENCE_TOT_CYCLES_CORE_79                                        0                             0

FENCE_EXEC_CYCLES_CORE_79                                       0                             0

STORE_RES_CORE_79                                               0                             0

STORE_NUM_CORE_79                                               0                             0

STORE_WB_FREE_CORE_79                                           0                             0

SCHED_FAILED_REASON_SUCCESS_CORE_79                         58850                        42.848%
SCHED_FAILED_OPERANDS_NOT_READY_CORE_79                     32953                       23.9927%
SCHED_FAILED_NO_AVAILABLE_PORTS_CORE_79                     45543                       33.1593%
SCHED_FAILED_NO_MEM_REQ_SLOTS_CORE_79                           0                             0%
SCHED_FAILED_NO_AVAILABLE_SIMD_UNIT_CORE_79                     0                             0%
SCHED_FAILED_FENCE_ACTIVE_CORE_79                               0                             0%
SCHED_FAILED_MEM_MANAGEMENT_CORE_79                             0                             0%
                                                           137346                           100%

NUM_SAMPLES_CORE_80                                        195479                        195479

NUM_ACTIVE_BLOCKS_CORE_80                                 1325866                       6.78265

NUM_ACTIVE_THREADS_CORE_80                               10545769                       53.9483

NUM_SCHED_IDLE_CYCLE_CORE_80                                    0                             0

NUM_NO_SCHED_CYCLE_CORE_80                                  29744                         29744

CORE_DISPATCHED_INST_CORE_80                                58464                         58464

CORE_DISPATCH_WAIT_CORE_80                                2629577                       44.9777

CORE_CYCLES_CORE_80                                             0                             0

CORE_SCHED_THREADS_CORE_80                                      0                           NaN

CORE_NUM_NO_FETCH_CYCLES_CORE_80                                1                             1

CORE_NUM_NO_FETCH_CYCLES_WITH_READY_THREADS_CORE_80                   0                             0

CORE_NUM_FETCH_CYCLES_CORE_80                                   0                             0

CORE_FETCH_DELTA_CORE_80                                        0                           NaN

CORE_NUM_RETIRE_CYCLES_CORE_80                                  0                             0

CORE_RETIRE_DELTA_CORE_80                                       0                           NaN

FENCE_PREF_REQ_CORE_80                                          0                             0

FENCE_WAITING_CORE_80                                           0                             0

DYN_FENCE_NUM_CORE_80                                           0                             0

WB_ORDERING_STALL_CORE_80                                       0                             0

WB_FULL_CORE_80                                                 0                             0

FENCE_TOT_CYCLES_CORE_80                                        0                             0

FENCE_EXEC_CYCLES_CORE_80                                       0                             0

STORE_RES_CORE_80                                               0                             0

STORE_NUM_CORE_80                                               0                             0

STORE_WB_FREE_CORE_80                                           0                             0

SCHED_FAILED_REASON_SUCCESS_CORE_80                         58464                       41.4092%
SCHED_FAILED_OPERANDS_NOT_READY_CORE_80                     30998                       21.9554%
SCHED_FAILED_NO_AVAILABLE_PORTS_CORE_80                     51724                       36.6354%
SCHED_FAILED_NO_MEM_REQ_SLOTS_CORE_80                           0                             0%
SCHED_FAILED_NO_AVAILABLE_SIMD_UNIT_CORE_80                     0                             0%
SCHED_FAILED_FENCE_ACTIVE_CORE_80                               0                             0%
SCHED_FAILED_MEM_MANAGEMENT_CORE_80                             0                             0%
                                                           141186                           100%

NUM_SAMPLES_CORE_81                                        194640                        194640

NUM_ACTIVE_BLOCKS_CORE_81                                 1319139                       6.77733

NUM_ACTIVE_THREADS_CORE_81                               10493173                       53.9107

NUM_SCHED_IDLE_CYCLE_CORE_81                                    0                             0

NUM_NO_SCHED_CYCLE_CORE_81                                  30148                         30148

CORE_DISPATCHED_INST_CORE_81                                58703                         58703

CORE_DISPATCH_WAIT_CORE_81                                2611256                       44.4825

CORE_CYCLES_CORE_81                                             0                             0

CORE_SCHED_THREADS_CORE_81                                      0                           NaN

CORE_NUM_NO_FETCH_CYCLES_CORE_81                                1                             1

CORE_NUM_NO_FETCH_CYCLES_WITH_READY_THREADS_CORE_81                   0                             0

CORE_NUM_FETCH_CYCLES_CORE_81                                   0                             0

CORE_FETCH_DELTA_CORE_81                                        0                           NaN

CORE_NUM_RETIRE_CYCLES_CORE_81                                  0                             0

CORE_RETIRE_DELTA_CORE_81                                       0                           NaN

FENCE_PREF_REQ_CORE_81                                          0                             0

FENCE_WAITING_CORE_81                                           0                             0

DYN_FENCE_NUM_CORE_81                                           0                             0

WB_ORDERING_STALL_CORE_81                                       0                             0

WB_FULL_CORE_81                                                 0                             0

FENCE_TOT_CYCLES_CORE_81                                        0                             0

FENCE_EXEC_CYCLES_CORE_81                                       0                             0

STORE_RES_CORE_81                                               0                             0

STORE_NUM_CORE_81                                               0                             0

STORE_WB_FREE_CORE_81                                           0                             0

SCHED_FAILED_REASON_SUCCESS_CORE_81                         58703                       42.5421%
SCHED_FAILED_OPERANDS_NOT_READY_CORE_81                     35738                       25.8994%
SCHED_FAILED_NO_AVAILABLE_PORTS_CORE_81                     43547                       31.5585%
SCHED_FAILED_NO_MEM_REQ_SLOTS_CORE_81                           0                             0%
SCHED_FAILED_NO_AVAILABLE_SIMD_UNIT_CORE_81                     0                             0%
SCHED_FAILED_FENCE_ACTIVE_CORE_81                               0                             0%
SCHED_FAILED_MEM_MANAGEMENT_CORE_81                             0                             0%
                                                           137988                           100%

NUM_SAMPLES_CORE_82                                        195870                        195870

NUM_ACTIVE_BLOCKS_CORE_82                                 1330670                       6.79364

NUM_ACTIVE_THREADS_CORE_82                               10597416                       54.1043

NUM_SCHED_IDLE_CYCLE_CORE_82                                    0                             0

NUM_NO_SCHED_CYCLE_CORE_82                                  30224                         30224

CORE_DISPATCHED_INST_CORE_82                                58465                         58465

CORE_DISPATCH_WAIT_CORE_82                                2877779                       49.2223

CORE_CYCLES_CORE_82                                             0                             0

CORE_SCHED_THREADS_CORE_82                                      0                           NaN

CORE_NUM_NO_FETCH_CYCLES_CORE_82                                1                             1

CORE_NUM_NO_FETCH_CYCLES_WITH_READY_THREADS_CORE_82                   0                             0

CORE_NUM_FETCH_CYCLES_CORE_82                                   0                             0

CORE_FETCH_DELTA_CORE_82                                        0                           NaN

CORE_NUM_RETIRE_CYCLES_CORE_82                                  0                             0

CORE_RETIRE_DELTA_CORE_82                                       0                           NaN

FENCE_PREF_REQ_CORE_82                                          0                             0

FENCE_WAITING_CORE_82                                           0                             0

DYN_FENCE_NUM_CORE_82                                           0                             0

WB_ORDERING_STALL_CORE_82                                       0                             0

WB_FULL_CORE_82                                                 0                             0

FENCE_TOT_CYCLES_CORE_82                                        0                             0

FENCE_EXEC_CYCLES_CORE_82                                       0                             0

STORE_RES_CORE_82                                               0                             0

STORE_NUM_CORE_82                                               0                             0

STORE_WB_FREE_CORE_82                                           0                             0

SCHED_FAILED_REASON_SUCCESS_CORE_82                         58465                       40.5469%
SCHED_FAILED_OPERANDS_NOT_READY_CORE_82                     30354                       21.0512%
SCHED_FAILED_NO_AVAILABLE_PORTS_CORE_82                     55372                       38.4018%
SCHED_FAILED_NO_MEM_REQ_SLOTS_CORE_82                           0                             0%
SCHED_FAILED_NO_AVAILABLE_SIMD_UNIT_CORE_82                     0                             0%
SCHED_FAILED_FENCE_ACTIVE_CORE_82                               0                             0%
SCHED_FAILED_MEM_MANAGEMENT_CORE_82                             0                             0%
                                                           144191                           100%

NUM_SAMPLES_CORE_83                                        198118                        198118

NUM_ACTIVE_BLOCKS_CORE_83                                 1343214                       6.77987

NUM_ACTIVE_THREADS_CORE_83                               10686425                       53.9397

NUM_SCHED_IDLE_CYCLE_CORE_83                                    0                             0

NUM_NO_SCHED_CYCLE_CORE_83                                  30701                         30701

CORE_DISPATCHED_INST_CORE_83                                58546                         58546

CORE_DISPATCH_WAIT_CORE_83                                2728964                       46.6123

CORE_CYCLES_CORE_83                                             0                             0

CORE_SCHED_THREADS_CORE_83                                      0                           NaN

CORE_NUM_NO_FETCH_CYCLES_CORE_83                                1                             1

CORE_NUM_NO_FETCH_CYCLES_WITH_READY_THREADS_CORE_83                   0                             0

CORE_NUM_FETCH_CYCLES_CORE_83                                   0                             0

CORE_FETCH_DELTA_CORE_83                                        0                           NaN

CORE_NUM_RETIRE_CYCLES_CORE_83                                  0                             0

CORE_RETIRE_DELTA_CORE_83                                       0                           NaN

FENCE_PREF_REQ_CORE_83                                          0                             0

FENCE_WAITING_CORE_83                                           0                             0

DYN_FENCE_NUM_CORE_83                                           0                             0

WB_ORDERING_STALL_CORE_83                                       0                             0

WB_FULL_CORE_83                                                 0                             0

FENCE_TOT_CYCLES_CORE_83                                        0                             0

FENCE_EXEC_CYCLES_CORE_83                                       0                             0

STORE_RES_CORE_83                                               0                             0

STORE_NUM_CORE_83                                               0                             0

STORE_WB_FREE_CORE_83                                           0                             0

SCHED_FAILED_REASON_SUCCESS_CORE_83                         58546                       40.2777%
SCHED_FAILED_OPERANDS_NOT_READY_CORE_83                     28494                       19.6029%
SCHED_FAILED_NO_AVAILABLE_PORTS_CORE_83                     58316                       40.1194%
SCHED_FAILED_NO_MEM_REQ_SLOTS_CORE_83                           0                             0%
SCHED_FAILED_NO_AVAILABLE_SIMD_UNIT_CORE_83                     0                             0%
SCHED_FAILED_FENCE_ACTIVE_CORE_83                               0                             0%
SCHED_FAILED_MEM_MANAGEMENT_CORE_83                             0                             0%
                                                           145356                           100%

NUM_SAMPLES_CORE_84                                        217070                        217070

NUM_ACTIVE_BLOCKS_CORE_84                                 1478396                       6.81069

NUM_ACTIVE_THREADS_CORE_84                               11780941                       54.2725

NUM_SCHED_IDLE_CYCLE_CORE_84                                    0                             0

NUM_NO_SCHED_CYCLE_CORE_84                                  35918                         35918

CORE_DISPATCHED_INST_CORE_84                                58541                         58541

CORE_DISPATCH_WAIT_CORE_84                                2621326                       44.7776

CORE_CYCLES_CORE_84                                             0                             0

CORE_SCHED_THREADS_CORE_84                                      0                           NaN

CORE_NUM_NO_FETCH_CYCLES_CORE_84                                1                             1

CORE_NUM_NO_FETCH_CYCLES_WITH_READY_THREADS_CORE_84                   0                             0

CORE_NUM_FETCH_CYCLES_CORE_84                                   0                             0

CORE_FETCH_DELTA_CORE_84                                        0                           NaN

CORE_NUM_RETIRE_CYCLES_CORE_84                                  0                             0

CORE_RETIRE_DELTA_CORE_84                                       0                           NaN

FENCE_PREF_REQ_CORE_84                                          0                             0

FENCE_WAITING_CORE_84                                           0                             0

DYN_FENCE_NUM_CORE_84                                           0                             0

WB_ORDERING_STALL_CORE_84                                       0                             0

WB_FULL_CORE_84                                                 0                             0

FENCE_TOT_CYCLES_CORE_84                                        0                             0

FENCE_EXEC_CYCLES_CORE_84                                       0                             0

STORE_RES_CORE_84                                               0                             0

STORE_NUM_CORE_84                                               0                             0

STORE_WB_FREE_CORE_84                                           0                             0

SCHED_FAILED_REASON_SUCCESS_CORE_84                         58541                       45.7931%
SCHED_FAILED_OPERANDS_NOT_READY_CORE_84                     24007                       18.7792%
SCHED_FAILED_NO_AVAILABLE_PORTS_CORE_84                     45290                       35.4277%
SCHED_FAILED_NO_MEM_REQ_SLOTS_CORE_84                           0                             0%
SCHED_FAILED_NO_AVAILABLE_SIMD_UNIT_CORE_84                     0                             0%
SCHED_FAILED_FENCE_ACTIVE_CORE_84                               0                             0%
SCHED_FAILED_MEM_MANAGEMENT_CORE_84                             0                             0%
                                                           127838                           100%

NUM_SAMPLES_CORE_85                                        214284                        214284

NUM_ACTIVE_BLOCKS_CORE_85                                 1460598                       6.81618

NUM_ACTIVE_THREADS_CORE_85                               11632862                       54.2871

NUM_SCHED_IDLE_CYCLE_CORE_85                                    0                             0

NUM_NO_SCHED_CYCLE_CORE_85                                  35299                         35299

CORE_DISPATCHED_INST_CORE_85                                58707                         58707

CORE_DISPATCH_WAIT_CORE_85                                2576125                       43.8811

CORE_CYCLES_CORE_85                                             0                             0

CORE_SCHED_THREADS_CORE_85                                      0                           NaN

CORE_NUM_NO_FETCH_CYCLES_CORE_85                                1                             1

CORE_NUM_NO_FETCH_CYCLES_WITH_READY_THREADS_CORE_85                   0                             0

CORE_NUM_FETCH_CYCLES_CORE_85                                   0                             0

CORE_FETCH_DELTA_CORE_85                                        0                           NaN

CORE_NUM_RETIRE_CYCLES_CORE_85                                  0                             0

CORE_RETIRE_DELTA_CORE_85                                       0                           NaN

FENCE_PREF_REQ_CORE_85                                          0                             0

FENCE_WAITING_CORE_85                                           0                             0

DYN_FENCE_NUM_CORE_85                                           0                             0

WB_ORDERING_STALL_CORE_85                                       0                             0

WB_FULL_CORE_85                                                 0                             0

FENCE_TOT_CYCLES_CORE_85                                        0                             0

FENCE_EXEC_CYCLES_CORE_85                                       0                             0

STORE_RES_CORE_85                                               0                             0

STORE_NUM_CORE_85                                               0                             0

STORE_WB_FREE_CORE_85                                           0                             0

SCHED_FAILED_REASON_SUCCESS_CORE_85                         58707                       46.2409%
SCHED_FAILED_OPERANDS_NOT_READY_CORE_85                     25517                       20.0986%
SCHED_FAILED_NO_AVAILABLE_PORTS_CORE_85                     42735                       33.6605%
SCHED_FAILED_NO_MEM_REQ_SLOTS_CORE_85                           0                             0%
SCHED_FAILED_NO_AVAILABLE_SIMD_UNIT_CORE_85                     0                             0%
SCHED_FAILED_FENCE_ACTIVE_CORE_85                               0                             0%
SCHED_FAILED_MEM_MANAGEMENT_CORE_85                             0                             0%
                                                           126959                           100%

NUM_SAMPLES_CORE_86                                        227623                        227623

NUM_ACTIVE_BLOCKS_CORE_86                                 1551164                       6.81462

NUM_ACTIVE_THREADS_CORE_86                               12361477                       54.3068

NUM_SCHED_IDLE_CYCLE_CORE_86                                    0                             0

NUM_NO_SCHED_CYCLE_CORE_86                                  38411                         38411

CORE_DISPATCHED_INST_CORE_86                                58919                         58919

CORE_DISPATCH_WAIT_CORE_86                                2679890                       45.4843

CORE_CYCLES_CORE_86                                             0                             0

CORE_SCHED_THREADS_CORE_86                                      0                           NaN

CORE_NUM_NO_FETCH_CYCLES_CORE_86                                1                             1

CORE_NUM_NO_FETCH_CYCLES_WITH_READY_THREADS_CORE_86                   0                             0

CORE_NUM_FETCH_CYCLES_CORE_86                                   0                             0

CORE_FETCH_DELTA_CORE_86                                        0                           NaN

CORE_NUM_RETIRE_CYCLES_CORE_86                                  0                             0

CORE_RETIRE_DELTA_CORE_86                                       0                           NaN

FENCE_PREF_REQ_CORE_86                                          0                             0

FENCE_WAITING_CORE_86                                           0                             0

DYN_FENCE_NUM_CORE_86                                           0                             0

WB_ORDERING_STALL_CORE_86                                       0                             0

WB_FULL_CORE_86                                                 0                             0

FENCE_TOT_CYCLES_CORE_86                                        0                             0

FENCE_EXEC_CYCLES_CORE_86                                       0                             0

STORE_RES_CORE_86                                               0                             0

STORE_NUM_CORE_86                                               0                             0

STORE_WB_FREE_CORE_86                                           0                             0

SCHED_FAILED_REASON_SUCCESS_CORE_86                         58919                       44.7386%
SCHED_FAILED_OPERANDS_NOT_READY_CORE_86                     25710                       19.5222%
SCHED_FAILED_NO_AVAILABLE_PORTS_CORE_86                     47067                       35.7391%
SCHED_FAILED_NO_MEM_REQ_SLOTS_CORE_86                           0                             0%
SCHED_FAILED_NO_AVAILABLE_SIMD_UNIT_CORE_86                     0                             0%
SCHED_FAILED_FENCE_ACTIVE_CORE_86                               0                             0%
SCHED_FAILED_MEM_MANAGEMENT_CORE_86                             0                             0%
                                                           131696                           100%

NUM_SAMPLES_CORE_87                                        227259                        227259

NUM_ACTIVE_BLOCKS_CORE_87                                 1551679                        6.8278

NUM_ACTIVE_THREADS_CORE_87                               12353820                       54.3601

NUM_SCHED_IDLE_CYCLE_CORE_87                                    0                             0

NUM_NO_SCHED_CYCLE_CORE_87                                  38385                         38385

CORE_DISPATCHED_INST_CORE_87                                58542                         58542

CORE_DISPATCH_WAIT_CORE_87                                2704582                        46.199

CORE_CYCLES_CORE_87                                             0                             0

CORE_SCHED_THREADS_CORE_87                                      0                           NaN

CORE_NUM_NO_FETCH_CYCLES_CORE_87                                1                             1

CORE_NUM_NO_FETCH_CYCLES_WITH_READY_THREADS_CORE_87                   0                             0

CORE_NUM_FETCH_CYCLES_CORE_87                                   0                             0

CORE_FETCH_DELTA_CORE_87                                        0                           NaN

CORE_NUM_RETIRE_CYCLES_CORE_87                                  0                             0

CORE_RETIRE_DELTA_CORE_87                                       0                           NaN

FENCE_PREF_REQ_CORE_87                                          0                             0

FENCE_WAITING_CORE_87                                           0                             0

DYN_FENCE_NUM_CORE_87                                           0                             0

WB_ORDERING_STALL_CORE_87                                       0                             0

WB_FULL_CORE_87                                                 0                             0

FENCE_TOT_CYCLES_CORE_87                                        0                             0

FENCE_EXEC_CYCLES_CORE_87                                       0                             0

STORE_RES_CORE_87                                               0                             0

STORE_NUM_CORE_87                                               0                             0

STORE_WB_FREE_CORE_87                                           0                             0

SCHED_FAILED_REASON_SUCCESS_CORE_87                         58542                       41.9897%
SCHED_FAILED_OPERANDS_NOT_READY_CORE_87                     27106                        19.442%
SCHED_FAILED_NO_AVAILABLE_PORTS_CORE_87                     53772                       38.5684%
SCHED_FAILED_NO_MEM_REQ_SLOTS_CORE_87                           0                             0%
SCHED_FAILED_NO_AVAILABLE_SIMD_UNIT_CORE_87                     0                             0%
SCHED_FAILED_FENCE_ACTIVE_CORE_87                               0                             0%
SCHED_FAILED_MEM_MANAGEMENT_CORE_87                             0                             0%
                                                           139420                           100%

NUM_SAMPLES_CORE_88                                        201639                        201639

NUM_ACTIVE_BLOCKS_CORE_88                                 1374484                       6.81656

NUM_ACTIVE_THREADS_CORE_88                               10938504                        54.248

NUM_SCHED_IDLE_CYCLE_CORE_88                                    0                             0

NUM_NO_SCHED_CYCLE_CORE_88                                  31733                         31733

CORE_DISPATCHED_INST_CORE_88                                58651                         58651

CORE_DISPATCH_WAIT_CORE_88                                2423128                       41.3144

CORE_CYCLES_CORE_88                                             0                             0

CORE_SCHED_THREADS_CORE_88                                      0                           NaN

CORE_NUM_NO_FETCH_CYCLES_CORE_88                                1                             1

CORE_NUM_NO_FETCH_CYCLES_WITH_READY_THREADS_CORE_88                   0                             0

CORE_NUM_FETCH_CYCLES_CORE_88                                   0                             0

CORE_FETCH_DELTA_CORE_88                                        0                           NaN

CORE_NUM_RETIRE_CYCLES_CORE_88                                  0                             0

CORE_RETIRE_DELTA_CORE_88                                       0                           NaN

FENCE_PREF_REQ_CORE_88                                          0                             0

FENCE_WAITING_CORE_88                                           0                             0

DYN_FENCE_NUM_CORE_88                                           0                             0

WB_ORDERING_STALL_CORE_88                                       0                             0

WB_FULL_CORE_88                                                 0                             0

FENCE_TOT_CYCLES_CORE_88                                        0                             0

FENCE_EXEC_CYCLES_CORE_88                                       0                             0

STORE_RES_CORE_88                                               0                             0

STORE_NUM_CORE_88                                               0                             0

STORE_WB_FREE_CORE_88                                           0                             0

SCHED_FAILED_REASON_SUCCESS_CORE_88                         58651                       45.6169%
SCHED_FAILED_OPERANDS_NOT_READY_CORE_88                     26431                       20.5572%
SCHED_FAILED_NO_AVAILABLE_PORTS_CORE_88                     43491                       33.8259%
SCHED_FAILED_NO_MEM_REQ_SLOTS_CORE_88                           0                             0%
SCHED_FAILED_NO_AVAILABLE_SIMD_UNIT_CORE_88                     0                             0%
SCHED_FAILED_FENCE_ACTIVE_CORE_88                               0                             0%
SCHED_FAILED_MEM_MANAGEMENT_CORE_88                             0                             0%
                                                           128573                           100%

NUM_SAMPLES_CORE_89                                        198852                        198852

NUM_ACTIVE_BLOCKS_CORE_89                                 1348429                       6.78107

NUM_ACTIVE_THREADS_CORE_89                               10745766                        54.039

NUM_SCHED_IDLE_CYCLE_CORE_89                                    0                             0

NUM_NO_SCHED_CYCLE_CORE_89                                  31456                         31456

CORE_DISPATCHED_INST_CORE_89                                58765                         58765

CORE_DISPATCH_WAIT_CORE_89                                2550451                       43.4009

CORE_CYCLES_CORE_89                                             0                             0

CORE_SCHED_THREADS_CORE_89                                      0                           NaN

CORE_NUM_NO_FETCH_CYCLES_CORE_89                                1                             1

CORE_NUM_NO_FETCH_CYCLES_WITH_READY_THREADS_CORE_89                   0                             0

CORE_NUM_FETCH_CYCLES_CORE_89                                   0                             0

CORE_FETCH_DELTA_CORE_89                                        0                           NaN

CORE_NUM_RETIRE_CYCLES_CORE_89                                  0                             0

CORE_RETIRE_DELTA_CORE_89                                       0                           NaN

FENCE_PREF_REQ_CORE_89                                          0                             0

FENCE_WAITING_CORE_89                                           0                             0

DYN_FENCE_NUM_CORE_89                                           0                             0

WB_ORDERING_STALL_CORE_89                                       0                             0

WB_FULL_CORE_89                                                 0                             0

FENCE_TOT_CYCLES_CORE_89                                        0                             0

FENCE_EXEC_CYCLES_CORE_89                                       0                             0

STORE_RES_CORE_89                                               0                             0

STORE_NUM_CORE_89                                               0                             0

STORE_WB_FREE_CORE_89                                           0                             0

SCHED_FAILED_REASON_SUCCESS_CORE_89                         58765                       44.0022%
SCHED_FAILED_OPERANDS_NOT_READY_CORE_89                     26737                       20.0202%
SCHED_FAILED_NO_AVAILABLE_PORTS_CORE_89                     48048                       35.9775%
SCHED_FAILED_NO_MEM_REQ_SLOTS_CORE_89                           0                             0%
SCHED_FAILED_NO_AVAILABLE_SIMD_UNIT_CORE_89                     0                             0%
SCHED_FAILED_FENCE_ACTIVE_CORE_89                               0                             0%
SCHED_FAILED_MEM_MANAGEMENT_CORE_89                             0                             0%
                                                           133550                           100%

NUM_SAMPLES_CORE_90                                        219086                        219086

NUM_ACTIVE_BLOCKS_CORE_90                                 1495297                       6.82516

NUM_ACTIVE_THREADS_CORE_90                               11913133                       54.3765

NUM_SCHED_IDLE_CYCLE_CORE_90                                    0                             0

NUM_NO_SCHED_CYCLE_CORE_90                                  35925                         35925

CORE_DISPATCHED_INST_CORE_90                                58669                         58669

CORE_DISPATCH_WAIT_CORE_90                                2570335                       43.8108

CORE_CYCLES_CORE_90                                             0                             0

CORE_SCHED_THREADS_CORE_90                                      0                           NaN

CORE_NUM_NO_FETCH_CYCLES_CORE_90                                1                             1

CORE_NUM_NO_FETCH_CYCLES_WITH_READY_THREADS_CORE_90                   0                             0

CORE_NUM_FETCH_CYCLES_CORE_90                                   0                             0

CORE_FETCH_DELTA_CORE_90                                        0                           NaN

CORE_NUM_RETIRE_CYCLES_CORE_90                                  0                             0

CORE_RETIRE_DELTA_CORE_90                                       0                           NaN

FENCE_PREF_REQ_CORE_90                                          0                             0

FENCE_WAITING_CORE_90                                           0                             0

DYN_FENCE_NUM_CORE_90                                           0                             0

WB_ORDERING_STALL_CORE_90                                       0                             0

WB_FULL_CORE_90                                                 0                             0

FENCE_TOT_CYCLES_CORE_90                                        0                             0

FENCE_EXEC_CYCLES_CORE_90                                       0                             0

STORE_RES_CORE_90                                               0                             0

STORE_NUM_CORE_90                                               0                             0

STORE_WB_FREE_CORE_90                                           0                             0

SCHED_FAILED_REASON_SUCCESS_CORE_90                         58669                       44.6651%
SCHED_FAILED_OPERANDS_NOT_READY_CORE_90                     27184                       20.6954%
SCHED_FAILED_NO_AVAILABLE_PORTS_CORE_90                     45500                       34.6395%
SCHED_FAILED_NO_MEM_REQ_SLOTS_CORE_90                           0                             0%
SCHED_FAILED_NO_AVAILABLE_SIMD_UNIT_CORE_90                     0                             0%
SCHED_FAILED_FENCE_ACTIVE_CORE_90                               0                             0%
SCHED_FAILED_MEM_MANAGEMENT_CORE_90                             0                             0%
                                                           131353                           100%

NUM_SAMPLES_CORE_91                                        222743                        222743

NUM_ACTIVE_BLOCKS_CORE_91                                 1517210                       6.81148

NUM_ACTIVE_THREADS_CORE_91                               12091080                       54.2826

NUM_SCHED_IDLE_CYCLE_CORE_91                                    0                             0

NUM_NO_SCHED_CYCLE_CORE_91                                  37328                         37328

CORE_DISPATCHED_INST_CORE_91                                58805                         58805

CORE_DISPATCH_WAIT_CORE_91                                2737955                       46.5599

CORE_CYCLES_CORE_91                                             0                             0

CORE_SCHED_THREADS_CORE_91                                      0                           NaN

CORE_NUM_NO_FETCH_CYCLES_CORE_91                                1                             1

CORE_NUM_NO_FETCH_CYCLES_WITH_READY_THREADS_CORE_91                   0                             0

CORE_NUM_FETCH_CYCLES_CORE_91                                   0                             0

CORE_FETCH_DELTA_CORE_91                                        0                           NaN

CORE_NUM_RETIRE_CYCLES_CORE_91                                  0                             0

CORE_RETIRE_DELTA_CORE_91                                       0                           NaN

FENCE_PREF_REQ_CORE_91                                          0                             0

FENCE_WAITING_CORE_91                                           0                             0

DYN_FENCE_NUM_CORE_91                                           0                             0

WB_ORDERING_STALL_CORE_91                                       0                             0

WB_FULL_CORE_91                                                 0                             0

FENCE_TOT_CYCLES_CORE_91                                        0                             0

FENCE_EXEC_CYCLES_CORE_91                                       0                             0

STORE_RES_CORE_91                                               0                             0

STORE_NUM_CORE_91                                               0                             0

STORE_WB_FREE_CORE_91                                           0                             0

SCHED_FAILED_REASON_SUCCESS_CORE_91                         58805                       44.8493%
SCHED_FAILED_OPERANDS_NOT_READY_CORE_91                     26101                       19.9066%
SCHED_FAILED_NO_AVAILABLE_PORTS_CORE_91                     46211                       35.2441%
SCHED_FAILED_NO_MEM_REQ_SLOTS_CORE_91                           0                             0%
SCHED_FAILED_NO_AVAILABLE_SIMD_UNIT_CORE_91                     0                             0%
SCHED_FAILED_FENCE_ACTIVE_CORE_91                               0                             0%
SCHED_FAILED_MEM_MANAGEMENT_CORE_91                             0                             0%
                                                           131117                           100%

NUM_SAMPLES_CORE_92                                        205754                        205754

NUM_ACTIVE_BLOCKS_CORE_92                                 1395442                       6.78209

NUM_ACTIVE_THREADS_CORE_92                               11032048                       53.6177

NUM_SCHED_IDLE_CYCLE_CORE_92                                    0                             0

NUM_NO_SCHED_CYCLE_CORE_92                                  32469                         32469

CORE_DISPATCHED_INST_CORE_92                                58884                         58884

CORE_DISPATCH_WAIT_CORE_92                                2713922                       46.0893

CORE_CYCLES_CORE_92                                             0                             0

CORE_SCHED_THREADS_CORE_92                                      0                           NaN

CORE_NUM_NO_FETCH_CYCLES_CORE_92                                1                             1

CORE_NUM_NO_FETCH_CYCLES_WITH_READY_THREADS_CORE_92                   0                             0

CORE_NUM_FETCH_CYCLES_CORE_92                                   0                             0

CORE_FETCH_DELTA_CORE_92                                        0                           NaN

CORE_NUM_RETIRE_CYCLES_CORE_92                                  0                             0

CORE_RETIRE_DELTA_CORE_92                                       0                           NaN

FENCE_PREF_REQ_CORE_92                                          0                             0

FENCE_WAITING_CORE_92                                           0                             0

DYN_FENCE_NUM_CORE_92                                           0                             0

WB_ORDERING_STALL_CORE_92                                       0                             0

WB_FULL_CORE_92                                                 0                             0

FENCE_TOT_CYCLES_CORE_92                                        0                             0

FENCE_EXEC_CYCLES_CORE_92                                       0                             0

STORE_RES_CORE_92                                               0                             0

STORE_NUM_CORE_92                                               0                             0

STORE_WB_FREE_CORE_92                                           0                             0

SCHED_FAILED_REASON_SUCCESS_CORE_92                         58884                       40.9639%
SCHED_FAILED_OPERANDS_NOT_READY_CORE_92                     32391                       22.5335%
SCHED_FAILED_NO_AVAILABLE_PORTS_CORE_92                     52471                       36.5026%
SCHED_FAILED_NO_MEM_REQ_SLOTS_CORE_92                           0                             0%
SCHED_FAILED_NO_AVAILABLE_SIMD_UNIT_CORE_92                     0                             0%
SCHED_FAILED_FENCE_ACTIVE_CORE_92                               0                             0%
SCHED_FAILED_MEM_MANAGEMENT_CORE_92                             0                             0%
                                                           143746                           100%

NUM_SAMPLES_CORE_93                                        186525                        186525

NUM_ACTIVE_BLOCKS_CORE_93                                 1160891                       6.22378

NUM_ACTIVE_THREADS_CORE_93                                9115259                       48.8688

NUM_SCHED_IDLE_CYCLE_CORE_93                                    0                             0

NUM_NO_SCHED_CYCLE_CORE_93                                  28401                         28401

CORE_DISPATCHED_INST_CORE_93                                58648                         58648

CORE_DISPATCH_WAIT_CORE_93                                3038983                       51.8173

CORE_CYCLES_CORE_93                                             0                             0

CORE_SCHED_THREADS_CORE_93                                      0                           NaN

CORE_NUM_NO_FETCH_CYCLES_CORE_93                                1                             1

CORE_NUM_NO_FETCH_CYCLES_WITH_READY_THREADS_CORE_93                   0                             0

CORE_NUM_FETCH_CYCLES_CORE_93                                   0                             0

CORE_FETCH_DELTA_CORE_93                                        0                           NaN

CORE_NUM_RETIRE_CYCLES_CORE_93                                  0                             0

CORE_RETIRE_DELTA_CORE_93                                       0                           NaN

FENCE_PREF_REQ_CORE_93                                          0                             0

FENCE_WAITING_CORE_93                                           0                             0

DYN_FENCE_NUM_CORE_93                                           0                             0

WB_ORDERING_STALL_CORE_93                                       0                             0

WB_FULL_CORE_93                                                 0                             0

FENCE_TOT_CYCLES_CORE_93                                        0                             0

FENCE_EXEC_CYCLES_CORE_93                                       0                             0

STORE_RES_CORE_93                                               0                             0

STORE_NUM_CORE_93                                               0                             0

STORE_WB_FREE_CORE_93                                           0                             0

SCHED_FAILED_REASON_SUCCESS_CORE_93                         58648                       39.9975%
SCHED_FAILED_OPERANDS_NOT_READY_CORE_93                     40056                       27.3179%
SCHED_FAILED_NO_AVAILABLE_PORTS_CORE_93                     47925                       32.6845%
SCHED_FAILED_NO_MEM_REQ_SLOTS_CORE_93                           0                             0%
SCHED_FAILED_NO_AVAILABLE_SIMD_UNIT_CORE_93                     0                             0%
SCHED_FAILED_FENCE_ACTIVE_CORE_93                               0                             0%
SCHED_FAILED_MEM_MANAGEMENT_CORE_93                             0                             0%
                                                           146629                           100%

NUM_SAMPLES_CORE_94                                        206928                        206928

NUM_ACTIVE_BLOCKS_CORE_94                                 1268395                       6.12964

NUM_ACTIVE_THREADS_CORE_94                                9937203                       48.0225

NUM_SCHED_IDLE_CYCLE_CORE_94                                    0                             0

NUM_NO_SCHED_CYCLE_CORE_94                                  32724                         32724

CORE_DISPATCHED_INST_CORE_94                                58655                         58655

CORE_DISPATCH_WAIT_CORE_94                                2830361                       48.2544

CORE_CYCLES_CORE_94                                             0                             0

CORE_SCHED_THREADS_CORE_94                                      0                           NaN

CORE_NUM_NO_FETCH_CYCLES_CORE_94                                1                             1

CORE_NUM_NO_FETCH_CYCLES_WITH_READY_THREADS_CORE_94                   0                             0

CORE_NUM_FETCH_CYCLES_CORE_94                                   0                             0

CORE_FETCH_DELTA_CORE_94                                        0                           NaN

CORE_NUM_RETIRE_CYCLES_CORE_94                                  0                             0

CORE_RETIRE_DELTA_CORE_94                                       0                           NaN

FENCE_PREF_REQ_CORE_94                                          0                             0

FENCE_WAITING_CORE_94                                           0                             0

DYN_FENCE_NUM_CORE_94                                           0                             0

WB_ORDERING_STALL_CORE_94                                       0                             0

WB_FULL_CORE_94                                                 0                             0

FENCE_TOT_CYCLES_CORE_94                                        0                             0

FENCE_EXEC_CYCLES_CORE_94                                       0                             0

STORE_RES_CORE_94                                               0                             0

STORE_NUM_CORE_94                                               0                             0

STORE_WB_FREE_CORE_94                                           0                             0

SCHED_FAILED_REASON_SUCCESS_CORE_94                         58655                       40.4554%
SCHED_FAILED_OPERANDS_NOT_READY_CORE_94                     38588                       26.6148%
SCHED_FAILED_NO_AVAILABLE_PORTS_CORE_94                     47744                       32.9298%
SCHED_FAILED_NO_MEM_REQ_SLOTS_CORE_94                           0                             0%
SCHED_FAILED_NO_AVAILABLE_SIMD_UNIT_CORE_94                     0                             0%
SCHED_FAILED_FENCE_ACTIVE_CORE_94                               0                             0%
SCHED_FAILED_MEM_MANAGEMENT_CORE_94                             0                             0%
                                                           144987                           100%

NUM_SAMPLES_CORE_95                                        208039                        208039

NUM_ACTIVE_BLOCKS_CORE_95                                 1271738                       6.11298

NUM_ACTIVE_THREADS_CORE_95                                9914626                       47.6575

NUM_SCHED_IDLE_CYCLE_CORE_95                                    0                             0

NUM_NO_SCHED_CYCLE_CORE_95                                  32329                         32329

CORE_DISPATCHED_INST_CORE_95                                58698                         58698

CORE_DISPATCH_WAIT_CORE_95                                2786994                       47.4802

CORE_CYCLES_CORE_95                                             0                             0

CORE_SCHED_THREADS_CORE_95                                      0                           NaN

CORE_NUM_NO_FETCH_CYCLES_CORE_95                                1                             1

CORE_NUM_NO_FETCH_CYCLES_WITH_READY_THREADS_CORE_95                   0                             0

CORE_NUM_FETCH_CYCLES_CORE_95                                   0                             0

CORE_FETCH_DELTA_CORE_95                                        0                           NaN

CORE_NUM_RETIRE_CYCLES_CORE_95                                  0                             0

CORE_RETIRE_DELTA_CORE_95                                       0                           NaN

FENCE_PREF_REQ_CORE_95                                          0                             0

FENCE_WAITING_CORE_95                                           0                             0

DYN_FENCE_NUM_CORE_95                                           0                             0

WB_ORDERING_STALL_CORE_95                                       0                             0

WB_FULL_CORE_95                                                 0                             0

FENCE_TOT_CYCLES_CORE_95                                        0                             0

FENCE_EXEC_CYCLES_CORE_95                                       0                             0

STORE_RES_CORE_95                                               0                             0

STORE_NUM_CORE_95                                               0                             0

STORE_WB_FREE_CORE_95                                           0                             0

SCHED_FAILED_REASON_SUCCESS_CORE_95                         58698                       43.5574%
SCHED_FAILED_OPERANDS_NOT_READY_CORE_95                     30946                       22.9638%
SCHED_FAILED_NO_AVAILABLE_PORTS_CORE_95                     45116                       33.4788%
SCHED_FAILED_NO_MEM_REQ_SLOTS_CORE_95                           0                             0%
SCHED_FAILED_NO_AVAILABLE_SIMD_UNIT_CORE_95                     0                             0%
SCHED_FAILED_FENCE_ACTIVE_CORE_95                               0                             0%
SCHED_FAILED_MEM_MANAGEMENT_CORE_95                             0                             0%
                                                           134760                           100%

NUM_SAMPLES_CORE_96                                        175851                        175851

NUM_ACTIVE_BLOCKS_CORE_96                                 1108300                       6.30249

NUM_ACTIVE_THREADS_CORE_96                                8730799                       49.6488

NUM_SCHED_IDLE_CYCLE_CORE_96                                    0                             0

NUM_NO_SCHED_CYCLE_CORE_96                                  25424                         25424

CORE_DISPATCHED_INST_CORE_96                                58672                         58672

CORE_DISPATCH_WAIT_CORE_96                                2642858                       45.0446

CORE_CYCLES_CORE_96                                             0                             0

CORE_SCHED_THREADS_CORE_96                                      0                           NaN

CORE_NUM_NO_FETCH_CYCLES_CORE_96                                1                             1

CORE_NUM_NO_FETCH_CYCLES_WITH_READY_THREADS_CORE_96                   0                             0

CORE_NUM_FETCH_CYCLES_CORE_96                                   0                             0

CORE_FETCH_DELTA_CORE_96                                        0                           NaN

CORE_NUM_RETIRE_CYCLES_CORE_96                                  0                             0

CORE_RETIRE_DELTA_CORE_96                                       0                           NaN

FENCE_PREF_REQ_CORE_96                                          0                             0

FENCE_WAITING_CORE_96                                           0                             0

DYN_FENCE_NUM_CORE_96                                           0                             0

WB_ORDERING_STALL_CORE_96                                       0                             0

WB_FULL_CORE_96                                                 0                             0

FENCE_TOT_CYCLES_CORE_96                                        0                             0

FENCE_EXEC_CYCLES_CORE_96                                       0                             0

STORE_RES_CORE_96                                               0                             0

STORE_NUM_CORE_96                                               0                             0

STORE_WB_FREE_CORE_96                                           0                             0

SCHED_FAILED_REASON_SUCCESS_CORE_96                         58672                       41.3748%
SCHED_FAILED_OPERANDS_NOT_READY_CORE_96                     28272                       19.9371%
SCHED_FAILED_NO_AVAILABLE_PORTS_CORE_96                     54862                       38.6881%
SCHED_FAILED_NO_MEM_REQ_SLOTS_CORE_96                           0                             0%
SCHED_FAILED_NO_AVAILABLE_SIMD_UNIT_CORE_96                     0                             0%
SCHED_FAILED_FENCE_ACTIVE_CORE_96                               0                             0%
SCHED_FAILED_MEM_MANAGEMENT_CORE_96                             0                             0%
                                                           141806                           100%

NUM_SAMPLES_CORE_97                                        184684                        184684

NUM_ACTIVE_BLOCKS_CORE_97                                 1161343                       6.28827

NUM_ACTIVE_THREADS_CORE_97                                9044735                       48.9741

NUM_SCHED_IDLE_CYCLE_CORE_97                                    0                             0

NUM_NO_SCHED_CYCLE_CORE_97                                  27181                         27181

CORE_DISPATCHED_INST_CORE_97                                58682                         58682

CORE_DISPATCH_WAIT_CORE_97                                2850475                       48.5749

CORE_CYCLES_CORE_97                                             0                             0

CORE_SCHED_THREADS_CORE_97                                      0                           NaN

CORE_NUM_NO_FETCH_CYCLES_CORE_97                                1                             1

CORE_NUM_NO_FETCH_CYCLES_WITH_READY_THREADS_CORE_97                   0                             0

CORE_NUM_FETCH_CYCLES_CORE_97                                   0                             0

CORE_FETCH_DELTA_CORE_97                                        0                           NaN

CORE_NUM_RETIRE_CYCLES_CORE_97                                  0                             0

CORE_RETIRE_DELTA_CORE_97                                       0                           NaN

FENCE_PREF_REQ_CORE_97                                          0                             0

FENCE_WAITING_CORE_97                                           0                             0

DYN_FENCE_NUM_CORE_97                                           0                             0

WB_ORDERING_STALL_CORE_97                                       0                             0

WB_FULL_CORE_97                                                 0                             0

FENCE_TOT_CYCLES_CORE_97                                        0                             0

FENCE_EXEC_CYCLES_CORE_97                                       0                             0

STORE_RES_CORE_97                                               0                             0

STORE_NUM_CORE_97                                               0                             0

STORE_WB_FREE_CORE_97                                           0                             0

SCHED_FAILED_REASON_SUCCESS_CORE_97                         58682                       38.7901%
SCHED_FAILED_OPERANDS_NOT_READY_CORE_97                     31244                        20.653%
SCHED_FAILED_NO_AVAILABLE_PORTS_CORE_97                     61355                        40.557%
SCHED_FAILED_NO_MEM_REQ_SLOTS_CORE_97                           0                             0%
SCHED_FAILED_NO_AVAILABLE_SIMD_UNIT_CORE_97                     0                             0%
SCHED_FAILED_FENCE_ACTIVE_CORE_97                               0                             0%
SCHED_FAILED_MEM_MANAGEMENT_CORE_97                             0                             0%
                                                           151281                           100%

NUM_SAMPLES_CORE_98                                        197973                        197973

NUM_ACTIVE_BLOCKS_CORE_98                                 1270418                       6.41713

NUM_ACTIVE_THREADS_CORE_98                                9625415                       48.6198

NUM_SCHED_IDLE_CYCLE_CORE_98                                    0                             0

NUM_NO_SCHED_CYCLE_CORE_98                                  30672                         30672

CORE_DISPATCHED_INST_CORE_98                                58699                         58699

CORE_DISPATCH_WAIT_CORE_98                                3162901                       53.8834

CORE_CYCLES_CORE_98                                             0                             0

CORE_SCHED_THREADS_CORE_98                                      0                           NaN

CORE_NUM_NO_FETCH_CYCLES_CORE_98                                1                             1

CORE_NUM_NO_FETCH_CYCLES_WITH_READY_THREADS_CORE_98                   0                             0

CORE_NUM_FETCH_CYCLES_CORE_98                                   0                             0

CORE_FETCH_DELTA_CORE_98                                        0                           NaN

CORE_NUM_RETIRE_CYCLES_CORE_98                                  0                             0

CORE_RETIRE_DELTA_CORE_98                                       0                           NaN

FENCE_PREF_REQ_CORE_98                                          0                             0

FENCE_WAITING_CORE_98                                           0                             0

DYN_FENCE_NUM_CORE_98                                           0                             0

WB_ORDERING_STALL_CORE_98                                       0                             0

WB_FULL_CORE_98                                                 0                             0

FENCE_TOT_CYCLES_CORE_98                                        0                             0

FENCE_EXEC_CYCLES_CORE_98                                       0                             0

STORE_RES_CORE_98                                               0                             0

STORE_NUM_CORE_98                                               0                             0

STORE_WB_FREE_CORE_98                                           0                             0

SCHED_FAILED_REASON_SUCCESS_CORE_98                         58699                       39.1562%
SCHED_FAILED_OPERANDS_NOT_READY_CORE_98                     38786                       25.8729%
SCHED_FAILED_NO_AVAILABLE_PORTS_CORE_98                     52425                        34.971%
SCHED_FAILED_NO_MEM_REQ_SLOTS_CORE_98                           0                             0%
SCHED_FAILED_NO_AVAILABLE_SIMD_UNIT_CORE_98                     0                             0%
SCHED_FAILED_FENCE_ACTIVE_CORE_98                               0                             0%
SCHED_FAILED_MEM_MANAGEMENT_CORE_98                             0                             0%
                                                           149910                           100%

NUM_SAMPLES_CORE_99                                        198595                        198595

NUM_ACTIVE_BLOCKS_CORE_99                                 1259823                       6.34368

NUM_ACTIVE_THREADS_CORE_99                                9611416                       48.3971

NUM_SCHED_IDLE_CYCLE_CORE_99                                    0                             0

NUM_NO_SCHED_CYCLE_CORE_99                                  31108                         31108

CORE_DISPATCHED_INST_CORE_99                                58611                         58611

CORE_DISPATCH_WAIT_CORE_99                                2952418                       50.3731

CORE_CYCLES_CORE_99                                             0                             0

CORE_SCHED_THREADS_CORE_99                                      0                           NaN

CORE_NUM_NO_FETCH_CYCLES_CORE_99                                1                             1

CORE_NUM_NO_FETCH_CYCLES_WITH_READY_THREADS_CORE_99                   0                             0

CORE_NUM_FETCH_CYCLES_CORE_99                                   0                             0

CORE_FETCH_DELTA_CORE_99                                        0                           NaN

CORE_NUM_RETIRE_CYCLES_CORE_99                                  0                             0

CORE_RETIRE_DELTA_CORE_99                                       0                           NaN

FENCE_PREF_REQ_CORE_99                                          0                             0

FENCE_WAITING_CORE_99                                           0                             0

DYN_FENCE_NUM_CORE_99                                           0                             0

WB_ORDERING_STALL_CORE_99                                       0                             0

WB_FULL_CORE_99                                                 0                             0

FENCE_TOT_CYCLES_CORE_99                                        0                             0

FENCE_EXEC_CYCLES_CORE_99                                       0                             0

STORE_RES_CORE_99                                               0                             0

STORE_NUM_CORE_99                                               0                             0

STORE_WB_FREE_CORE_99                                           0                             0

SCHED_FAILED_REASON_SUCCESS_CORE_99                         58611                       40.0852%
SCHED_FAILED_OPERANDS_NOT_READY_CORE_99                     34101                       23.3223%
SCHED_FAILED_NO_AVAILABLE_PORTS_CORE_99                     53504                       36.5924%
SCHED_FAILED_NO_MEM_REQ_SLOTS_CORE_99                           0                             0%
SCHED_FAILED_NO_AVAILABLE_SIMD_UNIT_CORE_99                     0                             0%
SCHED_FAILED_FENCE_ACTIVE_CORE_99                               0                             0%
SCHED_FAILED_MEM_MANAGEMENT_CORE_99                             0                             0%
                                                           146216                           100%

NUM_SAMPLES_CORE_100                                       188444                        188444

NUM_ACTIVE_BLOCKS_CORE_100                                1106960                       5.87421

NUM_ACTIVE_THREADS_CORE_100                               8568674                       45.4707

NUM_SCHED_IDLE_CYCLE_CORE_100                                   0                             0

NUM_NO_SCHED_CYCLE_CORE_100                                 28637                         28637

CORE_DISPATCHED_INST_CORE_100                               58407                         58407

CORE_DISPATCH_WAIT_CORE_100                               2922653                       50.0394

CORE_CYCLES_CORE_100                                            0                             0

CORE_SCHED_THREADS_CORE_100                                     0                           NaN

CORE_NUM_NO_FETCH_CYCLES_CORE_100                               1                             1

CORE_NUM_NO_FETCH_CYCLES_WITH_READY_THREADS_CORE_100                   0                             0

CORE_NUM_FETCH_CYCLES_CORE_100                                  0                             0

CORE_FETCH_DELTA_CORE_100                                       0                           NaN

CORE_NUM_RETIRE_CYCLES_CORE_100                                 0                             0

CORE_RETIRE_DELTA_CORE_100                                      0                           NaN

FENCE_PREF_REQ_CORE_100                                         0                             0

FENCE_WAITING_CORE_100                                          0                             0

DYN_FENCE_NUM_CORE_100                                          0                             0

WB_ORDERING_STALL_CORE_100                                      0                             0

WB_FULL_CORE_100                                                0                             0

FENCE_TOT_CYCLES_CORE_100                                       0                             0

FENCE_EXEC_CYCLES_CORE_100                                      0                             0

STORE_RES_CORE_100                                              0                             0

STORE_NUM_CORE_100                                              0                             0

STORE_WB_FREE_CORE_100                                          0                             0

SCHED_FAILED_REASON_SUCCESS_CORE_100                        58407                       43.1605%
SCHED_FAILED_OPERANDS_NOT_READY_CORE_100                    30053                        22.208%
SCHED_FAILED_NO_AVAILABLE_PORTS_CORE_100                    46865                       34.6314%
SCHED_FAILED_NO_MEM_REQ_SLOTS_CORE_100                          0                             0%
SCHED_FAILED_NO_AVAILABLE_SIMD_UNIT_CORE_100                    0                             0%
SCHED_FAILED_FENCE_ACTIVE_CORE_100                              0                             0%
SCHED_FAILED_MEM_MANAGEMENT_CORE_100                            0                             0%
                                                           135325                           100%

NUM_SAMPLES_CORE_101                                       188248                        188248

NUM_ACTIVE_BLOCKS_CORE_101                                1123973                        5.9707

NUM_ACTIVE_THREADS_CORE_101                               8611705                       45.7466

NUM_SCHED_IDLE_CYCLE_CORE_101                                   0                             0

NUM_NO_SCHED_CYCLE_CORE_101                                 28050                         28050

CORE_DISPATCHED_INST_CORE_101                               58501                         58501

CORE_DISPATCH_WAIT_CORE_101                               2933698                       50.1478

CORE_CYCLES_CORE_101                                            0                             0

CORE_SCHED_THREADS_CORE_101                                     0                           NaN

CORE_NUM_NO_FETCH_CYCLES_CORE_101                               1                             1

CORE_NUM_NO_FETCH_CYCLES_WITH_READY_THREADS_CORE_101                   0                             0

CORE_NUM_FETCH_CYCLES_CORE_101                                  0                             0

CORE_FETCH_DELTA_CORE_101                                       0                           NaN

CORE_NUM_RETIRE_CYCLES_CORE_101                                 0                             0

CORE_RETIRE_DELTA_CORE_101                                      0                           NaN

FENCE_PREF_REQ_CORE_101                                         0                             0

FENCE_WAITING_CORE_101                                          0                             0

DYN_FENCE_NUM_CORE_101                                          0                             0

WB_ORDERING_STALL_CORE_101                                      0                             0

WB_FULL_CORE_101                                                0                             0

FENCE_TOT_CYCLES_CORE_101                                       0                             0

FENCE_EXEC_CYCLES_CORE_101                                      0                             0

STORE_RES_CORE_101                                              0                             0

STORE_NUM_CORE_101                                              0                             0

STORE_WB_FREE_CORE_101                                          0                             0

SCHED_FAILED_REASON_SUCCESS_CORE_101                        58501                       40.0412%
SCHED_FAILED_OPERANDS_NOT_READY_CORE_101                    29427                       20.1414%
SCHED_FAILED_NO_AVAILABLE_PORTS_CORE_101                    58174                       39.8174%
SCHED_FAILED_NO_MEM_REQ_SLOTS_CORE_101                          0                             0%
SCHED_FAILED_NO_AVAILABLE_SIMD_UNIT_CORE_101                    0                             0%
SCHED_FAILED_FENCE_ACTIVE_CORE_101                              0                             0%
SCHED_FAILED_MEM_MANAGEMENT_CORE_101                            0                             0%
                                                           146102                           100%

NUM_SAMPLES_CORE_102                                       198938                        198938

NUM_ACTIVE_BLOCKS_CORE_102                                1160242                       5.83218

NUM_ACTIVE_THREADS_CORE_102                               8930468                       44.8907

NUM_SCHED_IDLE_CYCLE_CORE_102                                   0                             0

NUM_NO_SCHED_CYCLE_CORE_102                                 30631                         30631

CORE_DISPATCHED_INST_CORE_102                               58653                         58653

CORE_DISPATCH_WAIT_CORE_102                               2987558                       50.9361

CORE_CYCLES_CORE_102                                            0                             0

CORE_SCHED_THREADS_CORE_102                                     0                           NaN

CORE_NUM_NO_FETCH_CYCLES_CORE_102                               1                             1

CORE_NUM_NO_FETCH_CYCLES_WITH_READY_THREADS_CORE_102                   0                             0

CORE_NUM_FETCH_CYCLES_CORE_102                                  0                             0

CORE_FETCH_DELTA_CORE_102                                       0                           NaN

CORE_NUM_RETIRE_CYCLES_CORE_102                                 0                             0

CORE_RETIRE_DELTA_CORE_102                                      0                           NaN

FENCE_PREF_REQ_CORE_102                                         0                             0

FENCE_WAITING_CORE_102                                          0                             0

DYN_FENCE_NUM_CORE_102                                          0                             0

WB_ORDERING_STALL_CORE_102                                      0                             0

WB_FULL_CORE_102                                                0                             0

FENCE_TOT_CYCLES_CORE_102                                       0                             0

FENCE_EXEC_CYCLES_CORE_102                                      0                             0

STORE_RES_CORE_102                                              0                             0

STORE_NUM_CORE_102                                              0                             0

STORE_WB_FREE_CORE_102                                          0                             0

SCHED_FAILED_REASON_SUCCESS_CORE_102                        58653                       40.0997%
SCHED_FAILED_OPERANDS_NOT_READY_CORE_102                    31969                       21.8565%
SCHED_FAILED_NO_AVAILABLE_PORTS_CORE_102                    55646                       38.0439%
SCHED_FAILED_NO_MEM_REQ_SLOTS_CORE_102                          0                             0%
SCHED_FAILED_NO_AVAILABLE_SIMD_UNIT_CORE_102                    0                             0%
SCHED_FAILED_FENCE_ACTIVE_CORE_102                              0                             0%
SCHED_FAILED_MEM_MANAGEMENT_CORE_102                            0                             0%
                                                           146268                           100%

NUM_SAMPLES_CORE_103                                       199133                        199133

NUM_ACTIVE_BLOCKS_CORE_103                                1197926                       6.01571

NUM_ACTIVE_THREADS_CORE_103                               9035925                       45.3763

NUM_SCHED_IDLE_CYCLE_CORE_103                                   0                             0

NUM_NO_SCHED_CYCLE_CORE_103                                 30635                         30635

CORE_DISPATCHED_INST_CORE_103                               58615                         58615

CORE_DISPATCH_WAIT_CORE_103                               2828155                       48.2497

CORE_CYCLES_CORE_103                                            0                             0

CORE_SCHED_THREADS_CORE_103                                     0                           NaN

CORE_NUM_NO_FETCH_CYCLES_CORE_103                               1                             1

CORE_NUM_NO_FETCH_CYCLES_WITH_READY_THREADS_CORE_103                   0                             0

CORE_NUM_FETCH_CYCLES_CORE_103                                  0                             0

CORE_FETCH_DELTA_CORE_103                                       0                           NaN

CORE_NUM_RETIRE_CYCLES_CORE_103                                 0                             0

CORE_RETIRE_DELTA_CORE_103                                      0                           NaN

FENCE_PREF_REQ_CORE_103                                         0                             0

FENCE_WAITING_CORE_103                                          0                             0

DYN_FENCE_NUM_CORE_103                                          0                             0

WB_ORDERING_STALL_CORE_103                                      0                             0

WB_FULL_CORE_103                                                0                             0

FENCE_TOT_CYCLES_CORE_103                                       0                             0

FENCE_EXEC_CYCLES_CORE_103                                      0                             0

STORE_RES_CORE_103                                              0                             0

STORE_NUM_CORE_103                                              0                             0

STORE_WB_FREE_CORE_103                                          0                             0

SCHED_FAILED_REASON_SUCCESS_CORE_103                        58615                       39.8554%
SCHED_FAILED_OPERANDS_NOT_READY_CORE_103                    29341                       19.9505%
SCHED_FAILED_NO_AVAILABLE_PORTS_CORE_103                    59113                       40.1941%
SCHED_FAILED_NO_MEM_REQ_SLOTS_CORE_103                          0                             0%
SCHED_FAILED_NO_AVAILABLE_SIMD_UNIT_CORE_103                    0                             0%
SCHED_FAILED_FENCE_ACTIVE_CORE_103                              0                             0%
SCHED_FAILED_MEM_MANAGEMENT_CORE_103                            0                             0%
                                                           147069                           100%

NUM_SAMPLES_CORE_104                                       165229                        165229

NUM_ACTIVE_BLOCKS_CORE_104                                1116441                       6.75693

NUM_ACTIVE_THREADS_CORE_104                               8881236                       53.7511

NUM_SCHED_IDLE_CYCLE_CORE_104                                   0                             0

NUM_NO_SCHED_CYCLE_CORE_104                                 22339                         22339

CORE_DISPATCHED_INST_CORE_104                               58646                         58646

CORE_DISPATCH_WAIT_CORE_104                               2846704                       48.5405

CORE_CYCLES_CORE_104                                            0                             0

CORE_SCHED_THREADS_CORE_104                                     0                           NaN

CORE_NUM_NO_FETCH_CYCLES_CORE_104                               1                             1

CORE_NUM_NO_FETCH_CYCLES_WITH_READY_THREADS_CORE_104                   0                             0

CORE_NUM_FETCH_CYCLES_CORE_104                                  0                             0

CORE_FETCH_DELTA_CORE_104                                       0                           NaN

CORE_NUM_RETIRE_CYCLES_CORE_104                                 0                             0

CORE_RETIRE_DELTA_CORE_104                                      0                           NaN

FENCE_PREF_REQ_CORE_104                                         0                             0

FENCE_WAITING_CORE_104                                          0                             0

DYN_FENCE_NUM_CORE_104                                          0                             0

WB_ORDERING_STALL_CORE_104                                      0                             0

WB_FULL_CORE_104                                                0                             0

FENCE_TOT_CYCLES_CORE_104                                       0                             0

FENCE_EXEC_CYCLES_CORE_104                                      0                             0

STORE_RES_CORE_104                                              0                             0

STORE_NUM_CORE_104                                              0                             0

STORE_WB_FREE_CORE_104                                          0                             0

SCHED_FAILED_REASON_SUCCESS_CORE_104                        58646                       37.8056%
SCHED_FAILED_OPERANDS_NOT_READY_CORE_104                    35734                       23.0356%
SCHED_FAILED_NO_AVAILABLE_PORTS_CORE_104                    60745                       39.1587%
SCHED_FAILED_NO_MEM_REQ_SLOTS_CORE_104                          0                             0%
SCHED_FAILED_NO_AVAILABLE_SIMD_UNIT_CORE_104                    0                             0%
SCHED_FAILED_FENCE_ACTIVE_CORE_104                              0                             0%
SCHED_FAILED_MEM_MANAGEMENT_CORE_104                            0                             0%
                                                           155125                           100%

NUM_SAMPLES_CORE_105                                       192192                        192192

NUM_ACTIVE_BLOCKS_CORE_105                                1283884                       6.68022

NUM_ACTIVE_THREADS_CORE_105                              10179714                       52.9664

NUM_SCHED_IDLE_CYCLE_CORE_105                                   0                             0

NUM_NO_SCHED_CYCLE_CORE_105                                 28838                         28838

CORE_DISPATCHED_INST_CORE_105                               58430                         58430

CORE_DISPATCH_WAIT_CORE_105                               2894621                         49.54

CORE_CYCLES_CORE_105                                            0                             0

CORE_SCHED_THREADS_CORE_105                                     0                           NaN

CORE_NUM_NO_FETCH_CYCLES_CORE_105                               1                             1

CORE_NUM_NO_FETCH_CYCLES_WITH_READY_THREADS_CORE_105                   0                             0

CORE_NUM_FETCH_CYCLES_CORE_105                                  0                             0

CORE_FETCH_DELTA_CORE_105                                       0                           NaN

CORE_NUM_RETIRE_CYCLES_CORE_105                                 0                             0

CORE_RETIRE_DELTA_CORE_105                                      0                           NaN

FENCE_PREF_REQ_CORE_105                                         0                             0

FENCE_WAITING_CORE_105                                          0                             0

DYN_FENCE_NUM_CORE_105                                          0                             0

WB_ORDERING_STALL_CORE_105                                      0                             0

WB_FULL_CORE_105                                                0                             0

FENCE_TOT_CYCLES_CORE_105                                       0                             0

FENCE_EXEC_CYCLES_CORE_105                                      0                             0

STORE_RES_CORE_105                                              0                             0

STORE_NUM_CORE_105                                              0                             0

STORE_WB_FREE_CORE_105                                          0                             0

SCHED_FAILED_REASON_SUCCESS_CORE_105                        58430                       37.7443%
SCHED_FAILED_OPERANDS_NOT_READY_CORE_105                    36584                       23.6323%
SCHED_FAILED_NO_AVAILABLE_PORTS_CORE_105                    59791                       38.6234%
SCHED_FAILED_NO_MEM_REQ_SLOTS_CORE_105                          0                             0%
SCHED_FAILED_NO_AVAILABLE_SIMD_UNIT_CORE_105                    0                             0%
SCHED_FAILED_FENCE_ACTIVE_CORE_105                              0                             0%
SCHED_FAILED_MEM_MANAGEMENT_CORE_105                            0                             0%
                                                           154805                           100%

NUM_SAMPLES_CORE_106                                       175105                        175105

NUM_ACTIVE_BLOCKS_CORE_106                                1169675                       6.67985

NUM_ACTIVE_THREADS_CORE_106                               9310006                       53.1681

NUM_SCHED_IDLE_CYCLE_CORE_106                                   0                             0

NUM_NO_SCHED_CYCLE_CORE_106                                 25082                         25082

CORE_DISPATCHED_INST_CORE_106                               58647                         58647

CORE_DISPATCH_WAIT_CORE_106                               2808628                       47.8904

CORE_CYCLES_CORE_106                                            0                             0

CORE_SCHED_THREADS_CORE_106                                     0                           NaN

CORE_NUM_NO_FETCH_CYCLES_CORE_106                               1                             1

CORE_NUM_NO_FETCH_CYCLES_WITH_READY_THREADS_CORE_106                   0                             0

CORE_NUM_FETCH_CYCLES_CORE_106                                  0                             0

CORE_FETCH_DELTA_CORE_106                                       0                           NaN

CORE_NUM_RETIRE_CYCLES_CORE_106                                 0                             0

CORE_RETIRE_DELTA_CORE_106                                      0                           NaN

FENCE_PREF_REQ_CORE_106                                         0                             0

FENCE_WAITING_CORE_106                                          0                             0

DYN_FENCE_NUM_CORE_106                                          0                             0

WB_ORDERING_STALL_CORE_106                                      0                             0

WB_FULL_CORE_106                                                0                             0

FENCE_TOT_CYCLES_CORE_106                                       0                             0

FENCE_EXEC_CYCLES_CORE_106                                      0                             0

STORE_RES_CORE_106                                              0                             0

STORE_NUM_CORE_106                                              0                             0

STORE_WB_FREE_CORE_106                                          0                             0

SCHED_FAILED_REASON_SUCCESS_CORE_106                        58647                       39.2542%
SCHED_FAILED_OPERANDS_NOT_READY_CORE_106                    36574                       24.4801%
SCHED_FAILED_NO_AVAILABLE_PORTS_CORE_106                    54182                       36.2657%
SCHED_FAILED_NO_MEM_REQ_SLOTS_CORE_106                          0                             0%
SCHED_FAILED_NO_AVAILABLE_SIMD_UNIT_CORE_106                    0                             0%
SCHED_FAILED_FENCE_ACTIVE_CORE_106                              0                             0%
SCHED_FAILED_MEM_MANAGEMENT_CORE_106                            0                             0%
                                                           149403                           100%

NUM_SAMPLES_CORE_107                                       192580                        192580

NUM_ACTIVE_BLOCKS_CORE_107                                1305703                       6.78006

NUM_ACTIVE_THREADS_CORE_107                              10351183                         53.75

NUM_SCHED_IDLE_CYCLE_CORE_107                                   0                             0

NUM_NO_SCHED_CYCLE_CORE_107                                 29926                         29926

CORE_DISPATCHED_INST_CORE_107                               58383                         58383

CORE_DISPATCH_WAIT_CORE_107                               2905814                       49.7716

CORE_CYCLES_CORE_107                                            0                             0

CORE_SCHED_THREADS_CORE_107                                     0                           NaN

CORE_NUM_NO_FETCH_CYCLES_CORE_107                               1                             1

CORE_NUM_NO_FETCH_CYCLES_WITH_READY_THREADS_CORE_107                   0                             0

CORE_NUM_FETCH_CYCLES_CORE_107                                  0                             0

CORE_FETCH_DELTA_CORE_107                                       0                           NaN

CORE_NUM_RETIRE_CYCLES_CORE_107                                 0                             0

CORE_RETIRE_DELTA_CORE_107                                      0                           NaN

FENCE_PREF_REQ_CORE_107                                         0                             0

FENCE_WAITING_CORE_107                                          0                             0

DYN_FENCE_NUM_CORE_107                                          0                             0

WB_ORDERING_STALL_CORE_107                                      0                             0

WB_FULL_CORE_107                                                0                             0

FENCE_TOT_CYCLES_CORE_107                                       0                             0

FENCE_EXEC_CYCLES_CORE_107                                      0                             0

STORE_RES_CORE_107                                              0                             0

STORE_NUM_CORE_107                                              0                             0

STORE_WB_FREE_CORE_107                                          0                             0

SCHED_FAILED_REASON_SUCCESS_CORE_107                        58383                       39.2114%
SCHED_FAILED_OPERANDS_NOT_READY_CORE_107                    44194                       29.6817%
SCHED_FAILED_NO_AVAILABLE_PORTS_CORE_107                    46316                       31.1069%
SCHED_FAILED_NO_MEM_REQ_SLOTS_CORE_107                          0                             0%
SCHED_FAILED_NO_AVAILABLE_SIMD_UNIT_CORE_107                    0                             0%
SCHED_FAILED_FENCE_ACTIVE_CORE_107                              0                             0%
SCHED_FAILED_MEM_MANAGEMENT_CORE_107                            0                             0%
                                                           148893                           100%

